page_id,route,page_title,surface_kind,roles,templates,source_contract_status,visual_review,keyboard_and_screen_reader,responsive_and_zoom,workflow_validation,reviewer,findings,signoff
UI-PAGE-9742C80CF8,/,Sign in,page,,pages/auth/login.html,pass-automated-contract,Pending independent review,Pending,Pending,Pending,,,Not signed off
UI-PAGE-D4F8C108E9,/accounts,Fund Disbursement Dashboard,partial,ACCOUNTANT; ADMIN,partials/finance/accountant_root.html; partials/finance/accountant_detail.html; pages/accounts/dashboard.html,pass-automated-contract,Pending independent review,Pending,Pending,Pending,,,Not signed off
UI-PAGE-252D9AB81D,/accounts/,Fund Disbursement Dashboard,partial,ACCOUNTANT; ADMIN,partials/finance/accountant_root.html; partials/finance/accountant_detail.html; pages/accounts/dashboard.html,pass-automated-contract,Pending independent review,Pending,Pending,Pending,,,Not signed off
UI-PAGE-E2B7D125EC,/accounts/accountability,Accountability Tracking - Edify Command Center,page,ACCOUNTANT; ADMIN,pages/accounts/accountability.html,pass-automated-contract,Pending independent review,Pending,Pending,Pending,,,Not signed off
UI-PAGE-F3E2C55053,/accounts/accountability/,Accountability Tracking - Edify Command Center,page,ACCOUNTANT; ADMIN,pages/accounts/accountability.html,pass-automated-contract,Pending independent review,Pending,Pending,Pending,,,Not signed off
UI-PAGE-3815BDB66D,/accounts/activities/<str:activity_id>,Activity Finance Detail - Edify Command Center,page,ACCOUNTANT; ADMIN,pages/accounts/activity_finance_detail.html,pass-automated-contract,Pending independent review,Pending,Pending,Pending,,,Not signed off
UI-PAGE-9D3EC615DF,/accounts/activities/<str:activity_id>/,Activity Finance Detail - Edify Command Center,page,ACCOUNTANT; ADMIN,pages/accounts/activity_finance_detail.html,pass-automated-contract,Pending independent review,Pending,Pending,Pending,,,Not signed off
UI-PAGE-5839BCA47E,/accounts/activities/<str:activity_id>/disburse,Finance Mark Disbursed,action,ACCOUNTANT; ADMIN,,not-applicable-nonvisual,Pending independent review,Pending,Pending,Pending,,,Not signed off
UI-PAGE-10EA99BDF4,/accounts/activities/<str:activity_id>/netsuite-id,Finance Netsuite Id,action,ACCOUNTANT; ADMIN,,not-applicable-nonvisual,Pending independent review,Pending,Pending,Pending,,,Not signed off
UI-PAGE-93CF5F55E1,/accounts/activity-evidence/<str:activity_id>,Activity Evidence Review,page,ACCOUNTANT; ADMIN,pages/accounts/activity_evidence.html,pass-automated-contract,Pending independent review,Pending,Pending,Pending,,,Not signed off
UI-PAGE-A0ACEFE4E8,/accounts/advances,Advances Queue - Edify Command Center,page,ACCOUNTANT; ADMIN,pages/accounts/ready_for_advance.html,pass-automated-contract,Pending independent review,Pending,Pending,Pending,,,Not signed off
UI-PAGE-105BE7A5EB,/accounts/advances/,Advances Queue - Edify Command Center,page,ACCOUNTANT; ADMIN,pages/accounts/ready_for_advance.html,pass-automated-contract,Pending independent review,Pending,Pending,Pending,,,Not signed off
UI-PAGE-3FBFC62185,/accounts/approval-history,Approval History - Edify Command Center,page,ACCOUNTANT; ADMIN,pages/accounts/approval_history.html,pass-automated-contract,Pending independent review,Pending,Pending,Pending,,,Not signed off
UI-PAGE-4F40C80BF1,/accounts/approval-history/,Approval History - Edify Command Center,page,ACCOUNTANT; ADMIN,pages/accounts/approval_history.html,pass-automated-contract,Pending independent review,Pending,Pending,Pending,,,Not signed off
UI-PAGE-792F8865C6,/accounts/audit-log,Finance Audit Log - Edify Command Center,page,ACCOUNTANT; ADMIN,pages/accounts/audit_log.html,pass-automated-contract,Pending independent review,Pending,Pending,Pending,,,Not signed off
UI-PAGE-905CBE9E1A,/accounts/audit-log/,Finance Audit Log - Edify Command Center,page,ACCOUNTANT; ADMIN,pages/accounts/audit_log.html,pass-automated-contract,Pending independent review,Pending,Pending,Pending,,,Not signed off
UI-PAGE-67963EAD83,/accounts/batch-payments,Batch Payments - Edify Command Center,page,ACCOUNTANT; ADMIN,pages/accounts/batch_payments.html,pass-automated-contract,Pending independent review,Pending,Pending,Pending,,,Not signed off
UI-PAGE-842FD09DD9,/accounts/batch-payments/,Batch Payments - Edify Command Center,page,ACCOUNTANT; ADMIN,pages/accounts/batch_payments.html,pass-automated-contract,Pending independent review,Pending,Pending,Pending,,,Not signed off
UI-PAGE-8945C58AE9,/accounts/blocked,Blocked Items - Edify Command Center,page,ACCOUNTANT; ADMIN,pages/accounts/blocked.html,pass-automated-contract,Pending independent review,Pending,Pending,Pending,,,Not signed off
UI-PAGE-0EBC809D63,/accounts/blocked/,Blocked Items - Edify Command Center,page,ACCOUNTANT; ADMIN,pages/accounts/blocked.html,pass-automated-contract,Pending independent review,Pending,Pending,Pending,,,Not signed off
UI-PAGE-A24A88B2AA,/accounts/budget-amendments,Budget Amendments · Edify,page,ACCOUNTANT; ADMIN,pages/accounts/budget_amendments.html,pass-automated-contract,Pending independent review,Pending,Pending,Pending,,,Not signed off
UI-PAGE-03440D35AE,/accounts/budget-amendments/<str:amendment_id>/action,Budget Amendment Action,action,ACCOUNTANT; ADMIN,,not-applicable-nonvisual,Pending independent review,Pending,Pending,Pending,,,Not signed off
UI-PAGE-0060445405,/accounts/cleared,Cleared Ledger - Edify Command Center,page,ACCOUNTANT; ADMIN,pages/accounts/cleared.html,pass-automated-contract,Pending independent review,Pending,Pending,Pending,,,Not signed off
UI-PAGE-DFC27C1959,/accounts/cleared/,Cleared Ledger - Edify Command Center,page,ACCOUNTANT; ADMIN,pages/accounts/cleared.html,pass-automated-contract,Pending independent review,Pending,Pending,Pending,,,Not signed off
UI-PAGE-28E4ACED6E,/accounts/monthly-request,Monthly Fund Request - Edify Command Center,partial,ACCOUNTANT; ADMIN; CD; IA; PROJECT_COORDINATOR; RVP,partials/finance/monthly_request/root.html; pages/accounts/monthly_request.html,pass-automated-contract,Pending independent review,Pending,Pending,Pending,,,Not signed off
UI-PAGE-09AA659966,/accounts/monthly-request/,Monthly Fund Request - Edify Command Center,partial,ACCOUNTANT; ADMIN; CD; IA; PROJECT_COORDINATOR; RVP,partials/finance/monthly_request/root.html; pages/accounts/monthly_request.html,pass-automated-contract,Pending independent review,Pending,Pending,Pending,,,Not signed off
UI-PAGE-F16EBA5781,/accounts/monthly-request/action,Monthly Team Budget Request,partial,ACCOUNTANT; ADMIN; CD; IA; PROJECT_COORDINATOR; RVP,partials/finance/monthly_request/root.html,pass-automated-contract,Pending independent review,Pending,Pending,Pending,,,Not signed off
UI-PAGE-A2663A504E,/accounts/partner-invoices/<str:invoice_id>/download,Partner Invoice Download,export,ACCOUNTANT; ADMIN,,not-applicable-nonvisual,Pending independent review,Pending,Pending,Pending,,,Not signed off
UI-PAGE-0EF5355047,/accounts/partner-invoices/<str:invoice_id>/pay,Partner Invoice Pay,action,ACCOUNTANT; ADMIN,,not-applicable-nonvisual,Pending independent review,Pending,Pending,Pending,,,Not signed off
UI-PAGE-A30C35CB1E,/accounts/partner-payments,Partner Payments - Edify Command Center,page,ACCOUNTANT; ADMIN,pages/accounts/partner_payments.html,pass-automated-contract,Pending independent review,Pending,Pending,Pending,,,Not signed off
UI-PAGE-B1C8BB3970,/accounts/partner-payments/,Partner Payments - Edify Command Center,page,ACCOUNTANT; ADMIN,pages/accounts/partner_payments.html,pass-automated-contract,Pending independent review,Pending,Pending,Pending,,,Not signed off
UI-PAGE-4128F483BA,/accounts/partner-payments/<str:activity_id>/pay,Finance Pay Partner,action,ACCOUNTANT; ADMIN,,not-applicable-nonvisual,Pending independent review,Pending,Pending,Pending,,,Not signed off
UI-PAGE-1E6768AEE6,/accounts/reimbursements,Finance Reimbursements,action,ACCOUNTANT; ADMIN,,not-applicable-nonvisual,Pending independent review,Pending,Pending,Pending,,,Not signed off
UI-PAGE-D6E49D7E06,/accounts/reimbursements/,Reimbursements View,action,ACCOUNTANT; ADMIN,,not-applicable-nonvisual,Pending independent review,Pending,Pending,Pending,,,Not signed off
UI-PAGE-219CE2DFB9,/accounts/reimbursements/<str:claim_id>/pay,Finance Pay Reimbursement,action,ACCOUNTANT; ADMIN,,not-applicable-nonvisual,Pending independent review,Pending,Pending,Pending,,,Not signed off
UI-PAGE-549C21262B,/accounts/returned,Returned Items - Edify Command Center,page,ACCOUNTANT; ADMIN,pages/accounts/returned.html,pass-automated-contract,Pending independent review,Pending,Pending,Pending,,,Not signed off
UI-PAGE-A6286CD87F,/accounts/returned/,Returned Items - Edify Command Center,page,ACCOUNTANT; ADMIN,pages/accounts/returned.html,pass-automated-contract,Pending independent review,Pending,Pending,Pending,,,Not signed off
UI-PAGE-791559C28C,/accounts/transport-payments/<str:payment_id>/pay,Pay Transport,action,ACCOUNTANT; ADMIN,,not-applicable-nonvisual,Pending independent review,Pending,Pending,Pending,,,Not signed off
UI-PAGE-3983B87730,/accounts/variance-review,Variance Review - Edify Command Center,page,ACCOUNTANT; ADMIN,pages/accounts/variance_review.html,pass-automated-contract,Pending independent review,Pending,Pending,Pending,,,Not signed off
UI-PAGE-EE25FEFDD0,/accounts/variance-review/,Variance Review - Edify Command Center,page,ACCOUNTANT; ADMIN,pages/accounts/variance_review.html,pass-automated-contract,Pending independent review,Pending,Pending,Pending,,,Not signed off
UI-PAGE-6DBDFF8C4E,/accounts/weekly-requests,Weekly Fund Requests - Edify Command Center,page,ACCOUNTANT; ADMIN,pages/accounts/weekly_requests.html,pass-automated-contract,Pending independent review,Pending,Pending,Pending,,,Not signed off
UI-PAGE-B19D738D84,/accounts/weekly-requests/,Weekly Fund Requests - Edify Command Center,page,ACCOUNTANT; ADMIN,pages/accounts/weekly_requests.html,pass-automated-contract,Pending independent review,Pending,Pending,Pending,,,Not signed off
UI-PAGE-8BB0A3532D,/actions/<str:action_id>/<str:transition>,Action Transition,partial,ACCOUNTANT; ADMIN; BUSINESS_TRANSFORMATION; CCEO; CD; HR; IA; MFI_ADMIN; MFI_OFFICER; PARTNER; PL; PROJECT_COORDINATOR; RPL; RVP,partials/actions/table.html,pass-automated-contract,Pending independent review,Pending,Pending,Pending,,,Not signed off
UI-PAGE-0A80841654,/actions/mine,My Actions,partial,ACCOUNTANT; ADMIN; BUSINESS_TRANSFORMATION; CCEO; CD; HR; IA; MFI_ADMIN; MFI_OFFICER; PARTNER; PL; PROJECT_COORDINATOR; RPL; RVP,partials/actions/table.html; pages/actions/workspace.html,pass-automated-contract,Pending independent review,Pending,Pending,Pending,,,Not signed off
UI-PAGE-EF315695FE,/actions/sent,Team Assignments,partial,ADMIN; CD; IA; PL; RPL; RVP,partials/actions/table.html; pages/actions/workspace.html,pass-automated-contract,Pending independent review,Pending,Pending,Pending,,,Not signed off
UI-PAGE-4CDAC86216,/activities/<str:activity_id>,Activity Details,drawer,ACCOUNTANT; ADMIN; CCEO; CD; IA; PARTNER; PL; PROJECT_COORDINATOR,partials/my_plan/activity_detail_drawer.html; pages/my_plan/detail.html,pass-automated-contract,Pending independent review,Pending,Pending,Pending,,,Not signed off
UI-PAGE-C4062CB9FE,/activities/<str:activity_id>/attendance,Attendance Upload Drawer,drawer,ACCOUNTANT; ADMIN; CCEO; CD; IA; PARTNER; PL; PROJECT_COORDINATOR,partials/my_plan/attendance_drawer.html,pass-automated-contract,Pending independent review,Pending,Pending,Pending,,,Not signed off
UI-PAGE-F809591FF2,/activities/<str:activity_id>/attendance/action,Attendance Upload Action,action,ACCOUNTANT; ADMIN; CCEO; CD; IA; PARTNER; PL; PROJECT_COORDINATOR,,not-applicable-nonvisual,Pending independent review,Pending,Pending,Pending,,,Not signed off
UI-PAGE-749CB57A91,/activities/<str:activity_id>/closure,Closure Workspace - Edify Command Center,page,ACCOUNTANT; ADMIN; CCEO; CD; IA; PL; PROJECT_COORDINATOR,pages/closure/activity_closure_detail.html,pass-automated-contract,Pending independent review,Pending,Pending,Pending,,,Not signed off
UI-PAGE-5F87CAA95C,/activities/<str:activity_id>/closure/,Closure Workspace - Edify Command Center,page,ACCOUNTANT; ADMIN; CCEO; CD; IA; PL; PROJECT_COORDINATOR,pages/closure/activity_closure_detail.html,pass-automated-contract,Pending independent review,Pending,Pending,Pending,,,Not signed off
UI-PAGE-12D828B528,/activities/<str:activity_id>/closure/close,Close Activity,action,ACCOUNTANT; ADMIN; CCEO; CD; IA; PL; PROJECT_COORDINATOR,,not-applicable-nonvisual,Pending independent review,Pending,Pending,Pending,,,Not signed off
UI-PAGE-6089148B64,/activities/<str:activity_id>/complete,Complete Activity Drawer,drawer,ACCOUNTANT; ADMIN; CCEO; CD; IA; PARTNER; PL; PROJECT_COORDINATOR,partials/my_plan/complete_drawer.html,pass-automated-contract,Pending independent review,Pending,Pending,Pending,,,Not signed off
UI-PAGE-370EF7938B,/activities/<str:activity_id>/complete/action,Complete Activity Action,action,ACCOUNTANT; ADMIN; CCEO; CD; IA; PARTNER; PL; PROJECT_COORDINATOR,,not-applicable-nonvisual,Pending independent review,Pending,Pending,Pending,,,Not signed off
UI-PAGE-103AEF5887,/activities/<str:activity_id>/evidence,Evidence Upload Drawer,drawer,ACCOUNTANT; ADMIN; CCEO; CD; IA; PARTNER; PL; PROJECT_COORDINATOR,partials/my_plan/evidence_drawer.html,pass-automated-contract,Pending independent review,Pending,Pending,Pending,,,Not signed off
UI-PAGE-FCDBCAD3AE,/activities/<str:activity_id>/evidence/action,Evidence Upload Action,action,ACCOUNTANT; ADMIN; CCEO; CD; IA; PARTNER; PL; PROJECT_COORDINATOR,,not-applicable-nonvisual,Pending independent review,Pending,Pending,Pending,,,Not signed off
UI-PAGE-7D426C803E,/activities/<str:activity_id>/evidence/detail,Evidence Packet,page,ACCOUNTANT; ADMIN; CCEO; CD; IA; PARTNER; PL; PROJECT_COORDINATOR,pages/my_plan/evidence_packet.html,pass-automated-contract,Pending independent review,Pending,Pending,Pending,,,Not signed off
UI-PAGE-FCEE2736D1,/activities/<str:activity_id>/partner-ssa-complete,Partner Ssa Completion Drawer,drawer,ACCOUNTANT; ADMIN; CCEO; CD; IA; PARTNER; PL; PROJECT_COORDINATOR,partials/my_plan/partner_ssa_completion_drawer.html,pass-automated-contract,Pending independent review,Pending,Pending,Pending,,,Not signed off
UI-PAGE-E3902C4B96,/activities/<str:activity_id>/partner-ssa-complete/action,Partner Ssa Completion Action,action,ACCOUNTANT; ADMIN; CCEO; CD; IA; PARTNER; PL; PROJECT_COORDINATOR,,not-applicable-nonvisual,Pending independent review,Pending,Pending,Pending,,,Not signed off
UI-PAGE-4358248AFA,/activities/<str:activity_id>/reopen,Reopen Activity,action,ACCOUNTANT; ADMIN; CCEO; CD; IA; PL; PROJECT_COORDINATOR,,not-applicable-nonvisual,Pending independent review,Pending,Pending,Pending,,,Not signed off
UI-PAGE-07EA2F4E83,/activities/<str:activity_id>/salesforce-id,Salesforce Id Drawer,drawer,ACCOUNTANT; ADMIN; CCEO; CD; IA; PARTNER; PL; PROJECT_COORDINATOR,partials/my_plan/salesforce_id_drawer.html,pass-automated-contract,Pending independent review,Pending,Pending,Pending,,,Not signed off
UI-PAGE-3A0D34024C,/activities/<str:activity_id>/salesforce-id/action,Salesforce Id Action,action,ACCOUNTANT; ADMIN; CCEO; CD; IA; PARTNER; PL; PROJECT_COORDINATOR,,not-applicable-nonvisual,Pending independent review,Pending,Pending,Pending,,,Not signed off
UI-PAGE-468DC25FE4,/activities/<str:activity_id>/ssa-upload,Ssa Evidence Upload Drawer,drawer,ACCOUNTANT; ADMIN; CCEO; CD; IA; PARTNER; PL; PROJECT_COORDINATOR,partials/my_plan/ssa_upload_drawer.html,pass-automated-contract,Pending independent review,Pending,Pending,Pending,,,Not signed off
UI-PAGE-087E0CC83B,/activities/<str:activity_id>/ssa-upload/action,Ssa Evidence Upload Action,action,ACCOUNTANT; ADMIN; CCEO; CD; IA; PARTNER; PL; PROJECT_COORDINATOR,,not-applicable-nonvisual,Pending independent review,Pending,Pending,Pending,,,Not signed off
UI-PAGE-DC7C6A4D74,/activities/<str:activity_id>/start,Start Activity Drawer,drawer,ACCOUNTANT; ADMIN; CCEO; CD; IA; PARTNER; PL; PROJECT_COORDINATOR,partials/my_plan/start_drawer.html,pass-automated-contract,Pending independent review,Pending,Pending,Pending,,,Not signed off
UI-PAGE-317868B579,/activities/<str:activity_id>/start/action,Start Activity Action,action,ACCOUNTANT; ADMIN; CCEO; CD; IA; PARTNER; PL; PROJECT_COORDINATOR,,not-applicable-nonvisual,Pending independent review,Pending,Pending,Pending,,,Not signed off
UI-PAGE-0E38962C28,/activities/<str:activity_id>/submit,Submit For Review Drawer,drawer,ACCOUNTANT; ADMIN; CCEO; CD; IA; PARTNER; PL; PROJECT_COORDINATOR,partials/my_plan/submit_drawer.html,pass-automated-contract,Pending independent review,Pending,Pending,Pending,,,Not signed off
UI-PAGE-B729FE2F78,/activities/<str:activity_id>/submit/action,Submit For Review Action,action,ACCOUNTANT; ADMIN; CCEO; CD; IA; PARTNER; PL; PROJECT_COORDINATOR,,not-applicable-nonvisual,Pending independent review,Pending,Pending,Pending,,,Not signed off
UI-PAGE-3F3D66D665,/activities/<str:activity_id>/timeline,Activity Timeline Drawer,drawer,ACCOUNTANT; ADMIN; CCEO; CD; IA; PARTNER; PL; PROJECT_COORDINATOR,partials/my_plan/timeline_drawer.html,pass-automated-contract,Pending independent review,Pending,Pending,Pending,,,Not signed off
UI-PAGE-D28F5CE44D,/activities/<str:activity_id>/timeline,Activity Journey Timeline - Edify Command Center,page,ACCOUNTANT; ADMIN; CCEO; CD; IA; PL; PROJECT_COORDINATOR,pages/closure/activity_timeline.html,pass-automated-contract,Pending independent review,Pending,Pending,Pending,,,Not signed off
UI-PAGE-3D8032E1C9,/activities/<str:activity_id>/timeline/,Activity Timeline · Edify,page,ADMIN,pages/ia/activity_timeline.html,pass-automated-contract,Pending independent review,Pending,Pending,Pending,,,Not signed off
UI-PAGE-9A4BA95E31,/activities/closure,Activity Closure Center - Edify,page,ACCOUNTANT; ADMIN; CCEO; CD; IA; PL; PROJECT_COORDINATOR,pages/closure/readiness_queue.html,pass-automated-contract,Pending independent review,Pending,Pending,Pending,,,Not signed off
UI-PAGE-90CD8CB5FA,/activities/closure/,Activity Closure Center - Edify,page,ACCOUNTANT; ADMIN; CCEO; CD; IA; PL; PROJECT_COORDINATOR,pages/closure/readiness_queue.html,pass-automated-contract,Pending independent review,Pending,Pending,Pending,,,Not signed off
UI-PAGE-066BC4C799,/activities/closure/blocked,Blocked Closures - Edify Command Center,page,ACCOUNTANT; ADMIN; CCEO; CD; IA; PL; PROJECT_COORDINATOR,pages/closure/blocked_closure.html,pass-automated-contract,Pending independent review,Pending,Pending,Pending,,,Not signed off
UI-PAGE-773AE497F1,/activities/closure/blocked/,Blocked Closures - Edify Command Center,page,ACCOUNTANT; ADMIN; CCEO; CD; IA; PL; PROJECT_COORDINATOR,pages/closure/blocked_closure.html,pass-automated-contract,Pending independent review,Pending,Pending,Pending,,,Not signed off
UI-PAGE-D963B414A9,/admin-ops/incidents,System Incidents,page,ADMIN,pages/admin_ops/incidents.html,pass-automated-contract,Pending independent review,Pending,Pending,Pending,,,Not signed off
UI-PAGE-06180AB33B,/admin-ops/incidents/<str:incident_id>,Edify,page,ADMIN,pages/admin_ops/incident_detail.html,pass-automated-contract,Pending independent review,Pending,Pending,Pending,,,Not signed off
UI-PAGE-B2C9E9652D,/admin-ops/incidents/<str:incident_id>/acknowledge,Admin Acknowledge Incident,action,ADMIN,,not-applicable-nonvisual,Pending independent review,Pending,Pending,Pending,,,Not signed off
UI-PAGE-E15AB1ACED,/admin-ops/incidents/<str:incident_id>/resolve,Admin Resolve Incident,action,ADMIN,,not-applicable-nonvisual,Pending independent review,Pending,Pending,Pending,,,Not signed off
UI-PAGE-F1190B252B,/admin-ops/maintenance,Maintenance Calendar,page,ADMIN,pages/admin_ops/maintenance.html,pass-automated-contract,Pending independent review,Pending,Pending,Pending,,,Not signed off
UI-PAGE-6816D23933,/admin-ops/my-plan,Admin My Plan,page,ADMIN,pages/admin_ops/my_plan.html,pass-automated-contract,Pending independent review,Pending,Pending,Pending,,,Not signed off
UI-PAGE-34DFF5A7F8,/admin-ops/planning,Admin Planning,page,ADMIN,pages/admin_ops/planning.html,pass-automated-contract,Pending independent review,Pending,Pending,Pending,,,Not signed off
UI-PAGE-FB09C59B79,/admin-ops/support,Support Tickets,page,ADMIN,pages/admin_ops/support_queue.html,pass-automated-contract,Pending independent review,Pending,Pending,Pending,,,Not signed off
UI-PAGE-7A4D5FCCB3,/admin-ops/team-plans,Team Plans,page,ADMIN,pages/admin_ops/team_plans.html,pass-automated-contract,Pending independent review,Pending,Pending,Pending,,,Not signed off
UI-PAGE-42D09463D8,/admin-ops/tickets/<str:ticket_id>/resolve,Admin Resolve Ticket,action,ADMIN,,not-applicable-nonvisual,Pending independent review,Pending,Pending,Pending,,,Not signed off
UI-PAGE-493DF36051,/admin-ops/tickets/<str:ticket_id>/triage,Admin Triage Ticket,action,ADMIN,,not-applicable-nonvisual,Pending independent review,Pending,Pending,Pending,,,Not signed off
UI-PAGE-B9C87ACD12,/admin-ops/work-items/<str:item_id>/complete,Admin Complete Work Item,action,ADMIN,,not-applicable-nonvisual,Pending independent review,Pending,Pending,Pending,,,Not signed off
UI-PAGE-66BD8337BE,/admin-ops/work-items/<str:item_id>/schedule,Admin Schedule Work Item,action,ADMIN,,not-applicable-nonvisual,Pending independent review,Pending,Pending,Pending,,,Not signed off
UI-PAGE-A7604B6C4D,/admin-ops/work-items/<str:item_id>/start,Admin Start Work Item,action,ADMIN,,not-applicable-nonvisual,Pending independent review,Pending,Pending,Pending,,,Not signed off
UI-PAGE-FB1C4EF910,/admin-panel,Admin Dashboard,page,ADMIN,pages/admin/index.html,pass-automated-contract,Pending independent review,Pending,Pending,Pending,,,Not signed off
UI-PAGE-A4ED9D0F21,/admin-panel/audit-log,Audit Log,page,ADMIN,pages/admin/audit_log.html,pass-automated-contract,Pending independent review,Pending,Pending,Pending,,,Not signed off
UI-PAGE-BFFF48835B,/admin-panel/data-quality-center,Data Quality Center,page,ADMIN; IA,pages/admin/data_quality_center.html,pass-automated-contract,Pending independent review,Pending,Pending,Pending,,,Not signed off
UI-PAGE-A79A9C56D9,/admin-panel/notifications-mgmt,Notification Logs,page,ADMIN,pages/admin/notifications_mgmt.html,pass-automated-contract,Pending independent review,Pending,Pending,Pending,,,Not signed off
UI-PAGE-66E337164F,/admin-panel/page-access-matrix,Access Matrix,page,ADMIN,pages/admin/page_access_matrix.html,pass-automated-contract,Pending independent review,Pending,Pending,Pending,,,Not signed off
UI-PAGE-1E3D9DE8A8,/admin-panel/region-district-setup,District Setup,page,ADMIN,pages/admin/region_district_setup.html,pass-automated-contract,Pending independent review,Pending,Pending,Pending,,,Not signed off
UI-PAGE-38914F73C2,/admin-panel/roles-permissions,Roles & Permissions,page,ADMIN,pages/admin/roles_permissions.html,pass-automated-contract,Pending independent review,Pending,Pending,Pending,,,Not signed off
UI-PAGE-0529F1E7E7,/admin-panel/school-upload-history,Upload History,page,ADMIN; IA,pages/admin/school_upload_history.html,pass-automated-contract,Pending independent review,Pending,Pending,Pending,,,Not signed off
UI-PAGE-F016E31E19,/admin-panel/staff-setup-queue,Staff Setup Queue,page,ADMIN; CD; HR,pages/admin/staff_setup_queue.html,pass-automated-contract,Pending independent review,Pending,Pending,Pending,,,Not signed off
UI-PAGE-9D4E8D9905,/admin-panel/users,User Management,page,ADMIN; CD; HR,pages/admin/users.html,pass-automated-contract,Pending independent review,Pending,Pending,Pending,,,Not signed off
UI-PAGE-91F4AA5CD6,/admin-panel/users/<str:user_id>,Manage User:,page,ADMIN; CD; HR,pages/admin/user_detail.html,pass-automated-contract,Pending independent review,Pending,Pending,Pending,,,Not signed off
UI-PAGE-8D0400A928,/admin-panel/workflow-rules,Workflow Rules,page,ADMIN,pages/admin/workflow_rules.html,pass-automated-contract,Pending independent review,Pending,Pending,Pending,,,Not signed off
UI-PAGE-D2B38D8D70,/analytics,Overview,page,ACCOUNTANT; ADMIN; CCEO; CD; HR; IA; PL; PROJECT_COORDINATOR; RPL; RVP,pages/analytics/workspace.html; partials/analytics/panel.html; partials/analytics/scope.html,pass-automated-contract,Pending independent review,Pending,Pending,Pending,,,Not signed off
UI-PAGE-6D56DC65A1,/analytics/,Overview,page,ACCOUNTANT; ADMIN; CCEO; CD; HR; IA; PL; PROJECT_COORDINATOR; RPL; RVP,pages/analytics/workspace.html; partials/analytics/panel.html; partials/analytics/scope.html,pass-automated-contract,Pending independent review,Pending,Pending,Pending,,,Not signed off
UI-PAGE-2ED079648B,/analytics/closure-quality,Closure Quality,page,ADMIN; IA,pages/analytics/workspace.html; partials/analytics/closure_quality_workspace.html; partials/analytics/panel.html; partials/analytics/scope.html,pass-automated-contract,Pending independent review,Pending,Pending,Pending,,,Not signed off
UI-PAGE-21F0B4B97B,/analytics/country-director,Overview,page,ADMIN; CD,pages/analytics/workspace.html; partials/analytics/cd/body.html; partials/analytics/panel.html; partials/analytics/scope.html,pass-automated-contract,Pending independent review,Pending,Pending,Pending,,,Not signed off
UI-PAGE-8718298CAA,/analytics/country-director/drilldown,Cd Analytics Drilldown,partial,ADMIN; CD,partials/analytics/cd/drilldown.html,pass-automated-contract,Pending independent review,Pending,Pending,Pending,,,Not signed off
UI-PAGE-F58E426EBA,/analytics/country-director/export,Cd Analytics Export,export,ADMIN; CD,,not-applicable-nonvisual,Pending independent review,Pending,Pending,Pending,,,Not signed off
UI-PAGE-8F013D0E67,/analytics/country-director/ssa-heatmap,Cd Ssa Heatmap,partial,ADMIN; CD,partials/analytics/cd/district_heatmap.html,pass-automated-contract,Pending independent review,Pending,Pending,Pending,,,Not signed off
UI-PAGE-D674288529,/analytics/customize-dashboard,Analytics Customize Dashboard,drawer,ACCOUNTANT; ADMIN; CCEO; CD; HR; IA; PL; PROJECT_COORDINATOR; RPL; RVP,partials/schools/toast_success.html; partials/analytics/customize_dashboard_drawer.html,pass-automated-contract,Pending independent review,Pending,Pending,Pending,,,Not signed off
UI-PAGE-E9BCF7A69A,/analytics/drilldown,Analytics Drilldown,drawer,ACCOUNTANT; ADMIN; CCEO; CD; HR; IA; PL; PROJECT_COORDINATOR; RPL; RVP,partials/analytics/drilldown_drawer.html,pass-automated-contract,Pending independent review,Pending,Pending,Pending,,,Not signed off
UI-PAGE-6976FECD39,/analytics/export,Analytics Export,export,ACCOUNTANT; ADMIN; CCEO; CD; HR; IA; PL; PROJECT_COORDINATOR; RPL; RVP,,not-applicable-nonvisual,Pending independent review,Pending,Pending,Pending,,,Not signed off
UI-PAGE-F3AF182F18,/analytics/people,People Analytics,page,ADMIN; CD; HR; RVP,pages/analytics/workspace.html; partials/analytics/panel.html; partials/analytics/scope.html,pass-automated-contract,Pending independent review,Pending,Pending,Pending,,,Not signed off
UI-PAGE-B5ED79ABAD,/analytics/program-lead,Overview,page,ADMIN; PL,pages/analytics/workspace.html; partials/analytics/pl/body.html; partials/analytics/panel.html; partials/analytics/scope.html,pass-automated-contract,Pending independent review,Pending,Pending,Pending,,,Not signed off
UI-PAGE-8890670650,/analytics/program-lead/drilldown,Pl Analytics Drilldown,partial,ADMIN; PL,partials/analytics/pl/drilldown.html,pass-automated-contract,Pending independent review,Pending,Pending,Pending,,,Not signed off
UI-PAGE-5762A28C1E,/analytics/program-lead/export,Pl Analytics Export,export,ADMIN; PL,,not-applicable-nonvisual,Pending independent review,Pending,Pending,Pending,,,Not signed off
UI-PAGE-5C082E0BC3,/analytics/publishing,Publishing,page,ADMIN; CD; IA,pages/analytics/workspace.html; partials/analytics/panel.html; partials/analytics/scope.html,pass-automated-contract,Pending independent review,Pending,Pending,Pending,,,Not signed off
UI-PAGE-30F6E29C6E,/analytics/publishing/,Publishing,page,ADMIN; CD; IA,pages/analytics/workspace.html; partials/analytics/panel.html; partials/analytics/scope.html,pass-automated-contract,Pending independent review,Pending,Pending,Pending,,,Not signed off
UI-PAGE-7A183876B6,/analytics/schedule-report,Analytics Schedule Report,drawer,ACCOUNTANT; ADMIN; CCEO; CD; HR; IA; PL; PROJECT_COORDINATOR; RPL; RVP,partials/schools/toast_success.html; partials/analytics/schedule_report_drawer.html,pass-automated-contract,Pending independent review,Pending,Pending,Pending,,,Not signed off
UI-PAGE-32A0E647C0,/analytics/school-closures,School Closures,page,ADMIN; CD; RVP,pages/analytics/workspace.html; partials/analytics/closure_impact_workspace.html; partials/analytics/panel.html; partials/analytics/scope.html,pass-automated-contract,Pending independent review,Pending,Pending,Pending,,,Not signed off
UI-PAGE-AF1CF4FDC0,/analytics/verification-quality,Verification Quality,page,ADMIN; CD; IA,pages/analytics/workspace.html; partials/analytics/panel.html; partials/analytics/scope.html,pass-automated-contract,Pending independent review,Pending,Pending,Pending,,,Not signed off
UI-PAGE-91505FDFED,/analytics/visit-effectiveness,Visit Effectiveness,page,ADMIN; CCEO; CD; IA; PL; PROJECT_COORDINATOR; RVP,pages/analytics/workspace.html; partials/analytics/visit_effectiveness_workspace.html; partials/analytics/panel.html; partials/analytics/scope.html,pass-automated-contract,Pending independent review,Pending,Pending,Pending,,,Not signed off
UI-PAGE-BB675805DE,/api/analytics/combine-map-boundaries,Combine Map Boundaries,action,ACCOUNTANT; ADMIN; CCEO; CD; HR; IA; PL; PROJECT_COORDINATOR; RPL; RVP,,not-applicable-nonvisual,Pending independent review,Pending,Pending,Pending,,,Not signed off
UI-PAGE-86E2200E55,/api/analytics/map-subcounties,Map Subcounty Metrics,action,ACCOUNTANT; ADMIN; CCEO; CD; HR; IA; PL; PROJECT_COORDINATOR; RPL; RVP,,not-applicable-nonvisual,Pending independent review,Pending,Pending,Pending,,,Not signed off
UI-PAGE-1BACC71B5F,/budget,Edify,page,ACCOUNTANT; ADMIN; CCEO; CD; IA; PL; PROJECT_COORDINATOR; RVP,pages/budgets/monthly.html,pass-automated-contract,Pending independent review,Pending,Pending,Pending,,,Not signed off
UI-PAGE-04C3EE0B01,/budget/,Edify,page,ACCOUNTANT; ADMIN; CCEO; CD; IA; PL; PROJECT_COORDINATOR; RVP,pages/budgets/monthly.html,pass-automated-contract,Pending independent review,Pending,Pending,Pending,,,Not signed off
UI-PAGE-6F5541CFE7,/budgets/monthly,Monthly Budget,action,ACCOUNTANT; ADMIN; CCEO; CD; IA; PL; PROJECT_COORDINATOR; RVP,,not-applicable-nonvisual,Pending independent review,Pending,Pending,Pending,,,Not signed off
UI-PAGE-7ABC671B29,/budgets/overview,Budget Overview,page,ACCOUNTANT; ADMIN; CD; IA; RVP,pages/budget/index.html,pass-automated-contract,Pending independent review,Pending,Pending,Pending,,,Not signed off
UI-PAGE-B1D64A4041,/business-transformation,Business Transformation,page,ACCOUNTANT; ADMIN; BUSINESS_TRANSFORMATION; CCEO; CD; HR; IA; PARTNER; PROJECT_COORDINATOR; RVP,pages/business_transformation/index.html,pass-automated-contract,Pending independent review,Pending,Pending,Pending,,,Not signed off
UI-PAGE-481A3D9334,/business-transformation/business-accounting-finance,Business Accounting & Finance,page,BUSINESS_TRANSFORMATION,pages/business_transformation/financial_health.html,pass-automated-contract,Pending independent review,Pending,Pending,Pending,,,Not signed off
UI-PAGE-BE50691B49,/business-transformation/cases/<str:case_id>/triage,Business Transformation Triage,action,ACCOUNTANT; ADMIN; BUSINESS_TRANSFORMATION; CCEO; CD; HR; IA; PARTNER; PROJECT_COORDINATOR; RVP,,not-applicable-nonvisual,Pending independent review,Pending,Pending,Pending,,,Not signed off
UI-PAGE-7F19CD639C,/business-transformation/government-requirements,Government Requirements,page,BUSINESS_TRANSFORMATION,pages/business_transformation/government_requirements.html,pass-automated-contract,Pending independent review,Pending,Pending,Pending,,,Not signed off
UI-PAGE-DC6CE0C3E0,/business-transformation/impact-reports,Impact & Reports,page,ACCOUNTANT; ADMIN; BUSINESS_TRANSFORMATION; CCEO; CD; HR; IA; PARTNER; PROJECT_COORDINATOR; RPL; RVP,pages/business_transformation/impact_reports.html,pass-automated-contract,Pending independent review,Pending,Pending,Pending,,,Not signed off
UI-PAGE-D8BE58FD57,/business-transformation/overview,Business Transformation,page,ACCOUNTANT; ADMIN; BUSINESS_TRANSFORMATION; CCEO; CD; HR; IA; PARTNER; PROJECT_COORDINATOR; RVP,pages/business_transformation/index.html,pass-automated-contract,Pending independent review,Pending,Pending,Pending,,,Not signed off
UI-PAGE-994C4ED166,/business-transformation/portfolio,Business Transformation Portfolio,partial,ACCOUNTANT; ADMIN; BUSINESS_TRANSFORMATION; CCEO; CD; HR; IA; PARTNER; PROJECT_COORDINATOR; RVP,partials/business_transformation/portfolio.html,pass-automated-contract,Pending independent review,Pending,Pending,Pending,,,Not signed off
UI-PAGE-81A987A3FC,/calendar,Calendar,page,ACCOUNTANT; ADMIN; BUSINESS_TRANSFORMATION; CCEO; CD; HR; IA; MFI_ADMIN; MFI_OFFICER; PARTNER; PL; PROJECT_COORDINATOR; RPL; RVP,pages/calendar/index.html,pass-automated-contract,Pending independent review,Pending,Pending,Pending,,,Not signed off
UI-PAGE-3E61528A88,/calendar/events,Calendar Event Create,action,ACCOUNTANT; ADMIN; BUSINESS_TRANSFORMATION; CCEO; CD; HR; IA; MFI_ADMIN; MFI_OFFICER; PARTNER; PL; PROJECT_COORDINATOR; RPL; RVP,,not-applicable-nonvisual,Pending independent review,Pending,Pending,Pending,,,Not signed off
UI-PAGE-8C06725597,/candidate-pipeline,· Edify,page,ADMIN; HR,pages/hr/module_workspace.html,pass-automated-contract,Pending independent review,Pending,Pending,Pending,,,Not signed off
UI-PAGE-34FBF7294D,/candidate-pipeline/<str:application_id>,Application Drawer,drawer,ADMIN; HR,partials/hr/form_drawer.html,pass-automated-contract,Pending independent review,Pending,Pending,Pending,,,Not signed off
UI-PAGE-478A959BAD,/candidate-pipeline/<str:application_id>/advance,Application Advance,action,ADMIN; HR,,not-applicable-nonvisual,Pending independent review,Pending,Pending,Pending,,,Not signed off
UI-PAGE-ADA2C3F609,/candidate-pipeline/<str:application_id>/hire,Application Hire,action,ADMIN; HR,,not-applicable-nonvisual,Pending independent review,Pending,Pending,Pending,,,Not signed off
UI-PAGE-47512B11CB,/candidate-pipeline/new,Application Record Drawer,drawer,ADMIN; HR,partials/hr/form_drawer.html,pass-automated-contract,Pending independent review,Pending,Pending,Pending,,,Not signed off
UI-PAGE-97B63C8157,/candidate-pipeline/record,Application Record,action,ADMIN; HR,,not-applicable-nonvisual,Pending independent review,Pending,Pending,Pending,,,Not signed off
UI-PAGE-290301ACE8,/cce-leadership/coaching,· Edify,page,ADMIN; CD; PL; RPL,pages/cce_leadership/workspace.html,pass-automated-contract,Pending independent review,Pending,Pending,Pending,,,Not signed off
UI-PAGE-4977CFAD4E,/cce-leadership/coaching/<str:engagement_id>,Cce Regional Coaching Drawer,drawer,ADMIN; CD; PL; RPL,partials/hr/form_drawer.html,pass-automated-contract,Pending independent review,Pending,Pending,Pending,,,Not signed off
UI-PAGE-0AE25292A2,/cce-leadership/coaching/<str:engagement_id>/acknowledge,Cce Regional Coaching Acknowledge,action,ADMIN; CD; PL; RPL,,not-applicable-nonvisual,Pending independent review,Pending,Pending,Pending,,,Not signed off
UI-PAGE-2E4680907A,/cce-leadership/engagements,· Edify,page,ADMIN; RPL,pages/cce_leadership/workspace.html,pass-automated-contract,Pending independent review,Pending,Pending,Pending,,,Not signed off
UI-PAGE-25A966DD45,/cce-leadership/engagements/<str:engagement_id>,Cce Engagement Drawer,drawer,ADMIN; RPL,partials/hr/form_drawer.html,pass-automated-contract,Pending independent review,Pending,Pending,Pending,,,Not signed off
UI-PAGE-D2315BC423,/cce-leadership/engagements/<str:engagement_id>/share,Cce Engagement Share Drawer,drawer,ADMIN; RPL,partials/hr/form_drawer.html,pass-automated-contract,Pending independent review,Pending,Pending,Pending,,,Not signed off
UI-PAGE-8E15C5A6C1,/cce-leadership/engagements/<str:engagement_id>/share/save,Cce Engagement Share,action,ADMIN; RPL,,not-applicable-nonvisual,Pending independent review,Pending,Pending,Pending,,,Not signed off
UI-PAGE-7F791A0768,/cce-leadership/engagements/<str:engagement_id>/update,Cce Engagement Update,action,ADMIN; RPL,,not-applicable-nonvisual,Pending independent review,Pending,Pending,Pending,,,Not signed off
UI-PAGE-CA7A0F3D7E,/cce-leadership/engagements/new,Cce Engagement New Drawer,drawer,ADMIN; RPL,partials/hr/form_drawer.html,pass-automated-contract,Pending independent review,Pending,Pending,Pending,,,Not signed off
UI-PAGE-F2073D5760,/cce-leadership/engagements/record,Cce Engagement Record,action,ADMIN; RPL,,not-applicable-nonvisual,Pending independent review,Pending,Pending,Pending,,,Not signed off
UI-PAGE-C06F37F541,/cce-leadership/feedback,· Edify,page,ADMIN; CD; PL; RPL,pages/cce_leadership/workspace.html,pass-automated-contract,Pending independent review,Pending,Pending,Pending,,,Not signed off
UI-PAGE-5E89771C22,/cce-leadership/feedback/<str:engagement_id>,Cce Feedback Drawer,drawer,ADMIN; CD; PL; RPL,partials/hr/form_drawer.html,pass-automated-contract,Pending independent review,Pending,Pending,Pending,,,Not signed off
UI-PAGE-CA794D4BE6,/cce-leadership/feedback/<str:engagement_id>/acknowledge,Cce Feedback Acknowledge,action,ADMIN; CD; PL; RPL,,not-applicable-nonvisual,Pending independent review,Pending,Pending,Pending,,,Not signed off
UI-PAGE-1C27B68A55,/cce-leadership/feedback/<str:engagement_id>/pass,Cce Feedback Pass,action,ADMIN; CD; PL; RPL,,not-applicable-nonvisual,Pending independent review,Pending,Pending,Pending,,,Not signed off
UI-PAGE-39F66F81DE,/cce-leadership/reports,· Edify,page,ADMIN; RPL; RVP,pages/cce_leadership/workspace.html,pass-automated-contract,Pending independent review,Pending,Pending,Pending,,,Not signed off
UI-PAGE-B963DCB361,/cce-leadership/reports/<str:report_id>,Cce Report Drawer,drawer,ADMIN; RPL; RVP,partials/hr/form_drawer.html,pass-automated-contract,Pending independent review,Pending,Pending,Pending,,,Not signed off
UI-PAGE-82FE3278FB,/cce-leadership/reports/<str:report_id>/review,Cce Report Review,action,ADMIN; RPL; RVP,,not-applicable-nonvisual,Pending independent review,Pending,Pending,Pending,,,Not signed off
UI-PAGE-04A4E954F7,/cce-leadership/reports/<str:report_id>/save,Cce Report Save,action,ADMIN; RPL; RVP,,not-applicable-nonvisual,Pending independent review,Pending,Pending,Pending,,,Not signed off
UI-PAGE-01E1012D38,/cce-leadership/reports/new,Cce Report New Drawer,drawer,ADMIN; RPL; RVP,partials/hr/form_drawer.html,pass-automated-contract,Pending independent review,Pending,Pending,Pending,,,Not signed off
UI-PAGE-86BCA6686D,/cce-leadership/reports/start,Cce Report Start,action,ADMIN; RPL; RVP,,not-applicable-nonvisual,Pending independent review,Pending,Pending,Pending,,,Not signed off
UI-PAGE-D3BB0CD510,/change-password,Set a new password,page,,pages/auth/change_password.html,pass-automated-contract,Pending independent review,Pending,Pending,Pending,,,Not signed off
UI-PAGE-6297FE3532,/clusters,Clusters,partial,ADMIN; CCEO; CD; IA; PL,partials/clusters/htmx_response.html; pages/clusters/index.html,pass-automated-contract,Pending independent review,Pending,Pending,Pending,,,Not signed off
UI-PAGE-ED202C2D52,/clusters/<str:cluster_id>,Cluster details,page,ADMIN; CCEO; CD; IA; PL,pages/clusters/detail.html,pass-automated-contract,Pending independent review,Pending,Pending,Pending,,,Not signed off
UI-PAGE-FA80612906,/clusters/<str:cluster_id>/bulk-assign-drawer,Cluster Bulk Assign Drawer,drawer,ACCOUNTANT; ADMIN; CCEO; CD; IA; PL; PROJECT_COORDINATOR,partials/schools/toast_success.html; partials/clusters/bulk_assign_drawer.html,pass-automated-contract,Pending independent review,Pending,Pending,Pending,,,Not signed off
UI-PAGE-C171311DFC,/clusters/<str:cluster_id>/delete,Delete Cluster,action,ACCOUNTANT; ADMIN; CCEO; CD; IA; PL; PROJECT_COORDINATOR,,not-applicable-nonvisual,Pending independent review,Pending,Pending,Pending,,,Not signed off
UI-PAGE-67CB08D75B,/clusters/<str:cluster_id>/edit,Edit Cluster,action,ACCOUNTANT; ADMIN; CCEO; CD; IA; PL; PROJECT_COORDINATOR,,not-applicable-nonvisual,Pending independent review,Pending,Pending,Pending,,,Not signed off
UI-PAGE-2F0996F451,/clusters/<str:cluster_id>/edit-drawer,Edit Cluster Drawer,drawer,ACCOUNTANT; ADMIN; CCEO; CD; IA; PL; PROJECT_COORDINATOR,partials/clusters/edit_cluster_drawer.html,pass-automated-contract,Pending independent review,Pending,Pending,Pending,,,Not signed off
UI-PAGE-DFAF9F746E,/clusters/cost-preview,Cluster Cost Preview,partial,ACCOUNTANT; ADMIN; CCEO; CD; IA; PL; PROJECT_COORDINATOR,partials/cost_preview.html,pass-automated-contract,Pending independent review,Pending,Pending,Pending,,,Not signed off
UI-PAGE-D1234D25E2,/clusters/create,Create Cluster,action,ACCOUNTANT; ADMIN; CCEO; CD; IA; PL; PROJECT_COORDINATOR,,not-applicable-nonvisual,Pending independent review,Pending,Pending,Pending,,,Not signed off
UI-PAGE-5250FB3393,/clusters/create-drawer,Create Cluster Drawer,drawer,ACCOUNTANT; ADMIN; CCEO; CD; IA; PL; PROJECT_COORDINATOR,partials/clusters/create_cluster_drawer.html,pass-automated-contract,Pending independent review,Pending,Pending,Pending,,,Not signed off
UI-PAGE-F540B4C3EA,/clusters/detail-drawer/<str:cluster_id>,Cluster Detail Drawer,drawer,ACCOUNTANT; ADMIN; CCEO; CD; IA; PL; PROJECT_COORDINATOR,partials/clusters/cluster_detail_drawer.html,pass-automated-contract,Pending independent review,Pending,Pending,Pending,,,Not signed off
UI-PAGE-5358B3B94B,/clusters/eligible-staff,Eligible Staff Options,action,ACCOUNTANT; ADMIN; CCEO; CD; IA; PL; PROJECT_COORDINATOR,,not-applicable-nonvisual,Pending independent review,Pending,Pending,Pending,,,Not signed off
UI-PAGE-38D094CCDD,/clusters/impact-drawer/<str:cluster_id>,Cluster Impact Drawer,drawer,ACCOUNTANT; ADMIN; CCEO; CD; IA; PL; PROJECT_COORDINATOR,partials/clusters/intervention_impact_drawer.html,pass-automated-contract,Pending independent review,Pending,Pending,Pending,,,Not signed off
UI-PAGE-9C2D280FE0,/clusters/impact/<str:cluster_id>,Cluster Impact Partial,partial,ACCOUNTANT; ADMIN; CCEO; CD; IA; PL; PROJECT_COORDINATOR,partials/clusters/impact_panel.html,pass-automated-contract,Pending independent review,Pending,Pending,Pending,,,Not signed off
UI-PAGE-2ED83EFD47,/clusters/planner-drawer,Cluster Planner Drawer,drawer,ACCOUNTANT; ADMIN; CCEO; CD; IA; PL; PROJECT_COORDINATOR,partials/clusters/cluster_action_planner_drawer.html,pass-automated-contract,Pending independent review,Pending,Pending,Pending,,,Not signed off
UI-PAGE-DE58BA1934,/clusters/schedule-activity,Cluster Schedule Activity,drawer,ACCOUNTANT; ADMIN; CCEO; CD; IA; PL; PROJECT_COORDINATOR,partials/clusters/cluster_action_planner_drawer.html,pass-automated-contract,Pending independent review,Pending,Pending,Pending,,,Not signed off
UI-PAGE-3EB2E7F348,/clusters/schedule-meeting-drawer,Schedule Meeting Drawer,drawer,ACCOUNTANT; ADMIN; CCEO; CD; IA; PL; PROJECT_COORDINATOR,partials/clusters/cluster_action_planner_drawer.html,pass-automated-contract,Pending independent review,Pending,Pending,Pending,,,Not signed off
UI-PAGE-65C7CBA4DB,/clusters/schedule-training-drawer,Schedule Training Drawer,drawer,ACCOUNTANT; ADMIN; CCEO; CD; IA; PL; PROJECT_COORDINATOR,partials/clusters/cluster_action_planner_drawer.html,pass-automated-contract,Pending independent review,Pending,Pending,Pending,,,Not signed off
UI-PAGE-1294570DE0,/compensation-benefits,· Edify,page,ADMIN; HR,pages/hr/module_workspace.html,pass-automated-contract,Pending independent review,Pending,Pending,Pending,,,Not signed off
UI-PAGE-061697B28A,/compensation-benefits/<str:staff_id>,Compensation Drawer,drawer,ADMIN; HR,partials/hr/form_drawer.html,pass-automated-contract,Pending independent review,Pending,Pending,Pending,,,Not signed off
UI-PAGE-4238220E8F,/compensation-benefits/new,Compensation New Drawer,drawer,ADMIN; HR,partials/hr/form_drawer.html,pass-automated-contract,Pending independent review,Pending,Pending,Pending,,,Not signed off
UI-PAGE-6AD574A855,/compensation-benefits/save,Compensation Save,action,ADMIN; HR,,not-applicable-nonvisual,Pending independent review,Pending,Pending,Pending,,,Not signed off
UI-PAGE-652212DA21,/completed-activities,Completed Work,page,ACCOUNTANT; ADMIN; CCEO; CD; IA; PL; PROJECT_COORDINATOR,pages/analytics/workspace.html; partials/analytics/panel.html; partials/analytics/scope.html,pass-automated-contract,Pending independent review,Pending,Pending,Pending,,,Not signed off
UI-PAGE-6A7759EFE6,/completed-activities/<str:activity_id>,Completed Activity Record - Edify Command Center,page,ACCOUNTANT; ADMIN; CCEO; CD; IA; PL; PROJECT_COORDINATOR,pages/closure/completed_detail.html,pass-automated-contract,Pending independent review,Pending,Pending,Pending,,,Not signed off
UI-PAGE-863319037E,/completed-activities/<str:activity_id>/,Completed Activity Record - Edify Command Center,page,ACCOUNTANT; ADMIN; CCEO; CD; IA; PL; PROJECT_COORDINATOR,pages/closure/completed_detail.html,pass-automated-contract,Pending independent review,Pending,Pending,Pending,,,Not signed off
UI-PAGE-49B65EC594,/compliance-register,· Edify,page,ADMIN; HR,pages/hr/module_workspace.html,pass-automated-contract,Pending independent review,Pending,Pending,Pending,,,Not signed off
UI-PAGE-DB334B0C2E,/compliance-register/<str:record_id>,Compliance Record Drawer,drawer,ADMIN; HR,partials/hr/form_drawer.html,pass-automated-contract,Pending independent review,Pending,Pending,Pending,,,Not signed off
UI-PAGE-AC385A04B9,/compliance-register/new,Compliance Evidence Drawer,drawer,ADMIN; HR,partials/hr/form_drawer.html,pass-automated-contract,Pending independent review,Pending,Pending,Pending,,,Not signed off
UI-PAGE-6434887040,/compliance-register/requirement,Compliance Requirement Drawer,drawer,ADMIN; HR,partials/hr/form_drawer.html,pass-automated-contract,Pending independent review,Pending,Pending,Pending,,,Not signed off
UI-PAGE-EB42D38F2F,/compliance-register/requirement/add,Compliance Requirement Add,action,ADMIN; HR,,not-applicable-nonvisual,Pending independent review,Pending,Pending,Pending,,,Not signed off
UI-PAGE-CAE42FDDA4,/compliance-register/save,Compliance Evidence Save,action,ADMIN; HR,,not-applicable-nonvisual,Pending independent review,Pending,Pending,Pending,,,Not signed off
UI-PAGE-674EDB9BA4,/core-school-health,Core School Health,page,ADMIN; CD; IA; PL; RVP,pages/analytics/workspace.html; partials/analytics/panel.html; partials/analytics/scope.html,pass-automated-contract,Pending independent review,Pending,Pending,Pending,,,Not signed off
UI-PAGE-635D9F0FEB,/core-schools,Core Schools,partial,ACCOUNTANT; ADMIN; CCEO; CD; IA; PL,partials/core_schools/matrix_table.html; pages/core_schools/index.html,pass-automated-contract,Pending independent review,Pending,Pending,Pending,,,Not signed off
UI-PAGE-C4495A9FB9,/core-schools/<str:plan_id>,Core School Plan,page,ACCOUNTANT; ADMIN; CCEO; CD; IA; PL; PROJECT_COORDINATOR,pages/core_schools/detail.html,pass-automated-contract,Pending independent review,Pending,Pending,Pending,,,Not signed off
UI-PAGE-360423493D,/core-schools/<str:school_id>/champion-approve,Champion Approve Action,action,ACCOUNTANT; ADMIN; CCEO; CD; IA; PL,,not-applicable-nonvisual,Pending independent review,Pending,Pending,Pending,,,Not signed off
UI-PAGE-4C0FCAE306,/core-schools/<str:school_id>/champion-reject,Champion Reject Action,action,ACCOUNTANT; ADMIN; CCEO; CD; IA; PL,,not-applicable-nonvisual,Pending independent review,Pending,Pending,Pending,,,Not signed off
UI-PAGE-948C353E74,/core-schools/<str:school_id>/champion-review,Champion Review Drawer,drawer,ACCOUNTANT; ADMIN; CCEO; CD; IA; PL,partials/core_schools/champion_review_drawer.html,pass-automated-contract,Pending independent review,Pending,Pending,Pending,,,Not signed off
UI-PAGE-79BBB2B7DD,/core-schools/assessment,Core Assessment Drawer,drawer,ACCOUNTANT; ADMIN; CCEO; CD; IA; PL,partials/core_schools/core_assessment_drawer.html,pass-automated-contract,Pending independent review,Pending,Pending,Pending,,,Not signed off
UI-PAGE-F6A4E5E228,/core-schools/assign-partner,Core Assign Partner Drawer,drawer,ACCOUNTANT; ADMIN; CCEO; CD; IA; PL,partials/core_schools/assign_partner_drawer.html,pass-automated-contract,Pending independent review,Pending,Pending,Pending,,,Not signed off
UI-PAGE-FFB6C91F57,/core-schools/assign-partner/action,Core Assign Partner Action,action,ACCOUNTANT; ADMIN; CCEO; CD; IA; PL,,not-applicable-nonvisual,Pending independent review,Pending,Pending,Pending,,,Not signed off
UI-PAGE-40B24E4260,/core-schools/champion-candidates,Champion School Candidates,page,ACCOUNTANT; ADMIN; CCEO; CD; IA; PL,pages/core_schools/champion_candidates.html,pass-automated-contract,Pending independent review,Pending,Pending,Pending,,,Not signed off
UI-PAGE-4D5A56548B,/core-schools/champions,Graduated Champion Schools,page,ACCOUNTANT; ADMIN; CCEO; CD; IA; PL,pages/core_schools/champions.html,pass-automated-contract,Pending independent review,Pending,Pending,Pending,,,Not signed off
UI-PAGE-E0D4C86D58,/core-schools/oversight/send,Core Oversight Send Action,action,ACCOUNTANT; ADMIN; CCEO; CD; IA; PL,,not-applicable-nonvisual,Pending independent review,Pending,Pending,Pending,,,Not signed off
UI-PAGE-EAEE2E2561,/core-schools/schedule-activity,Core Schedule Activity Drawer,drawer,ACCOUNTANT; ADMIN; CCEO; CD; IA; PL,partials/core_schools/schedule_activity_drawer.html,pass-automated-contract,Pending independent review,Pending,Pending,Pending,,,Not signed off
UI-PAGE-21C12E11BA,/core-schools/schedule-training,Core Schedule Training Drawer,drawer,ACCOUNTANT; ADMIN; CCEO; CD; IA; PL,partials/core_schools/schedule_training_drawer.html,pass-automated-contract,Pending independent review,Pending,Pending,Pending,,,Not signed off
UI-PAGE-B028D7C544,/core-schools/schedule-training/action,Core Schedule Training Action,action,ACCOUNTANT; ADMIN; CCEO; CD; IA; PL,,not-applicable-nonvisual,Pending independent review,Pending,Pending,Pending,,,Not signed off
UI-PAGE-0B247C98CF,/core-schools/schedule-visit,Core Schedule Visit Drawer,drawer,ACCOUNTANT; ADMIN; CCEO; CD; IA; PL,partials/core_schools/schedule_visit_drawer.html,pass-automated-contract,Pending independent review,Pending,Pending,Pending,,,Not signed off
UI-PAGE-1B92F939B0,/core-schools/schedule-visit/action,Core Schedule Visit Action,action,ACCOUNTANT; ADMIN; CCEO; CD; IA; PL,,not-applicable-nonvisual,Pending independent review,Pending,Pending,Pending,,,Not signed off
UI-PAGE-E1FE532B4B,/core-schools/strategy-playbook,Core Strategy Playbook Drawer,drawer,ACCOUNTANT; ADMIN; CCEO; CD; IA; PL,partials/core_schools/strategy_playbook_drawer.html,pass-automated-contract,Pending independent review,Pending,Pending,Pending,,,Not signed off
UI-PAGE-B2C7B8534B,/cost-intelligence,Cost Intelligence,action,ACCOUNTANT; ADMIN; RVP,,not-applicable-nonvisual,Pending independent review,Pending,Pending,Pending,,,Not signed off
UI-PAGE-AD648BAC50,/cost-settings,Cost Catalogue,page,ADMIN; CD,pages/cost_settings/index.html,pass-automated-contract,Pending independent review,Pending,Pending,Pending,,,Not signed off
UI-PAGE-355BFF3F2B,/cost-settings/add,Cost Settings Add,drawer,ADMIN; CD,partials/cost_settings/add_drawer.html,pass-automated-contract,Pending independent review,Pending,Pending,Pending,,,Not signed off
UI-PAGE-6B5ACDE957,/cost-settings/initialize-default,Initialize Default Catalogue,action,ADMIN; CD,,not-applicable-nonvisual,Pending independent review,Pending,Pending,Pending,,,Not signed off
UI-PAGE-B40AF5ED77,/cost-settings/row/<str:key>,Cost Setting Row,drawer,ADMIN; CD,partials/cost_settings/edit_drawer.html; partials/cost_settings/cost_setting_row.html,pass-automated-contract,Pending independent review,Pending,Pending,Pending,,,Not signed off
UI-PAGE-172950D3EF,/country-budget,Country Budget,action,ACCOUNTANT; ADMIN; CD; IA; RVP,,not-applicable-nonvisual,Pending independent review,Pending,Pending,Pending,,,Not signed off
UI-PAGE-9463365068,/country-budget/,Country Budget View,action,ACCOUNTANT; ADMIN; CD; IA; RVP,,not-applicable-nonvisual,Pending independent review,Pending,Pending,Pending,,,Not signed off
UI-PAGE-7BA512D877,/country-budget/action,General Budget,partial,ACCOUNTANT; ADMIN; CD; IA; RVP,partials/finance/country_budget/root.html,pass-automated-contract,Pending independent review,Pending,Pending,Pending,,,Not signed off
UI-PAGE-42E1B1E4D5,/country-budget/history,Submitted Budgets,page,ACCOUNTANT; ADMIN; CD; IA; RVP,pages/finance/country_budget_history.html,pass-automated-contract,Pending independent review,Pending,Pending,Pending,,,Not signed off
UI-PAGE-E49086D072,/country-budget/history/<str:budget_id>,FY,page,ACCOUNTANT; ADMIN; CD; IA; RVP,pages/finance/country_budget_submission.html,pass-automated-contract,Pending independent review,Pending,Pending,Pending,,,Not signed off
UI-PAGE-6C0C6DD33B,/country-budget/plan-sources,Country Budget Plan Sources,drawer,ACCOUNTANT; ADMIN; CD; IA; RVP,partials/finance/country_budget/plan_sources_drawer.html,pass-automated-contract,Pending independent review,Pending,Pending,Pending,,,Not signed off
UI-PAGE-EFEA0EEA3D,/country-budget/return,Country Budget Return Drawer,drawer,ACCOUNTANT; ADMIN; CD; IA; RVP,partials/finance/country_budget/return_drawer.html,pass-automated-contract,Pending independent review,Pending,Pending,Pending,,,Not signed off
UI-PAGE-3CB2AE6648,/country-planning-oversight/,Country Planning Oversight · Edify,partial,ADMIN; CD; RVP,partials/oversight/cd_workspace.html; pages/oversight/country_planning.html,pass-automated-contract,Pending independent review,Pending,Pending,Pending,,,Not signed off
UI-PAGE-D0BD7CD860,/country-planning-oversight/export,Country Planning Oversight Export,export,ADMIN; CD; RVP,,not-applicable-nonvisual,Pending independent review,Pending,Pending,Pending,,,Not signed off
UI-PAGE-15D0AB1EB0,/country-planning-oversight/send,Country Planning Oversight Send,action,ADMIN; CD; RVP,,not-applicable-nonvisual,Pending independent review,Pending,Pending,Pending,,,Not signed off
UI-PAGE-F26256AF53,/country-planning-oversight/team/<str:staff_id>,Country Planning Oversight Team,partial,ADMIN; CD; RVP,partials/oversight/cd_team_detail.html,pass-automated-contract,Pending independent review,Pending,Pending,Pending,,,Not signed off
UI-PAGE-3C3DB87ABF,/coverage,Coverage · Edify,page,ADMIN; CD; HR; IA; PROJECT_COORDINATOR; RVP,pages/coverage/index.html,pass-automated-contract,Pending independent review,Pending,Pending,Pending,,,Not signed off
UI-PAGE-6E4DAD286B,/cpd-learning,CPD & Learning,partial,ADMIN; CD; HR; PL; RVP,partials/hr/pd_dashboard/tracker_table.html; pages/hr/professional_development_dashboard.html,pass-automated-contract,Pending independent review,Pending,Pending,Pending,,,Not signed off
UI-PAGE-442BF26C2E,/cpd-learning/action,Pd Dashboard Action,action,ADMIN; CD; HR; PL; RVP,,not-applicable-nonvisual,Pending independent review,Pending,Pending,Pending,,,Not signed off
UI-PAGE-86CEE7AF2C,/cpd-learning/adjust-allocation,Pd Dashboard Adjust Allocation,drawer,ADMIN; CD; HR; PL; RVP,partials/hr/pd_dashboard/adjust_allocation_drawer.html,pass-automated-contract,Pending independent review,Pending,Pending,Pending,,,Not signed off
UI-PAGE-821197ACB6,/cpd-learning/return,Pd Supervisor Return Drawer,drawer,ADMIN; CD; HR; PL; RVP,partials/hr/form_drawer.html,pass-automated-contract,Pending independent review,Pending,Pending,Pending,,,Not signed off
UI-PAGE-7D69FB07E8,/culture-engagement,· Edify,page,ADMIN; HR,pages/hr/module_workspace.html,pass-automated-contract,Pending independent review,Pending,Pending,Pending,,,Not signed off
UI-PAGE-EFB8E1FB3D,/dashboard,Dashboard,partial,ACCOUNTANT; ADMIN; BUSINESS_TRANSFORMATION; CCEO; CD; HR; IA; MFI_ADMIN; MFI_OFFICER; PARTNER; PL; PROJECT_COORDINATOR; RPL; RVP,partials/dashboards/_view_tabs.html; partials/dashboards/cd/body.html; pages/dashboards/cd.html; pages/dashboards/rvp.html; partials/dashboards/hr/body.html; pages/dashboards/hr.html; pages/dashboards/cceo.html; pages/dashboards/special_projects.html; pages/dashboards/main.html,pass-automated-contract,Pending independent review,Pending,Pending,Pending,,,Not signed off
UI-PAGE-4738B1CEF1,/dashboard/cd-approve,Cd Dashboard Approve,partial,ADMIN; CD,partials/dashboards/cd/body.html,pass-automated-contract,Pending independent review,Pending,Pending,Pending,,,Not signed off
UI-PAGE-35678484B9,/dashboard/cd-return,Cd Dashboard Return,partial,ADMIN; CD,partials/dashboards/cd/body.html,pass-automated-contract,Pending independent review,Pending,Pending,Pending,,,Not signed off
UI-PAGE-190160CA0F,/dashboard/pl,Pl Dashboard,action,ACCOUNTANT; ADMIN; BUSINESS_TRANSFORMATION; CCEO; CD; HR; IA; MFI_ADMIN; MFI_OFFICER; PARTNER; PL; PROJECT_COORDINATOR; RPL; RVP,,not-applicable-nonvisual,Pending independent review,Pending,Pending,Pending,,,Not signed off
UI-PAGE-9ED6856417,/dashboard/pl-approve,Pl Dashboard Approve,action,ACCOUNTANT; ADMIN; BUSINESS_TRANSFORMATION; CCEO; CD; HR; IA; MFI_ADMIN; MFI_OFFICER; PARTNER; PL; PROJECT_COORDINATOR; RPL; RVP,,not-applicable-nonvisual,Pending independent review,Pending,Pending,Pending,,,Not signed off
UI-PAGE-3D83415EFD,/dashboard/pl-drilldown,Pl Dashboard Drilldown,partial,ACCOUNTANT; ADMIN; BUSINESS_TRANSFORMATION; CCEO; CD; HR; IA; MFI_ADMIN; MFI_OFFICER; PARTNER; PL; PROJECT_COORDINATOR; RPL; RVP,partials/dashboards/pl/drilldown.html,pass-automated-contract,Pending independent review,Pending,Pending,Pending,,,Not signed off
UI-PAGE-6DED1FE26D,/dashboard/pl-send-urgent-action,Pl Send Urgent Action,partial,ACCOUNTANT; ADMIN; BUSINESS_TRANSFORMATION; CCEO; CD; HR; IA; MFI_ADMIN; MFI_OFFICER; PARTNER; PL; PROJECT_COORDINATOR; RPL; RVP,partials/dashboards/pl/urgent_action_error.html; partials/dashboards/pl/urgent_action_sent.html,pass-automated-contract,Pending independent review,Pending,Pending,Pending,,,Not signed off
UI-PAGE-D2C1ACA82A,/dashboard/pl-urgent-schools,Pl Urgent Schools Page,partial,ACCOUNTANT; ADMIN; BUSINESS_TRANSFORMATION; CCEO; CD; HR; IA; MFI_ADMIN; MFI_OFFICER; PARTNER; PL; PROJECT_COORDINATOR; RPL; RVP,partials/dashboards/pl/urgent_schools_page.html,pass-automated-contract,Pending independent review,Pending,Pending,Pending,,,Not signed off
UI-PAGE-063B2154FF,/dashboard/planning-progress,Planning Progress Fragment,partial,ACCOUNTANT; ADMIN; BUSINESS_TRANSFORMATION; CCEO; CD; HR; IA; MFI_ADMIN; MFI_OFFICER; PARTNER; PL; PROJECT_COORDINATOR; RPL; RVP,partials/dashboards/admin/_planning_progress_body.html,pass-automated-contract,Pending independent review,Pending,Pending,Pending,,,Not signed off
UI-PAGE-44FBA5501A,/data-quality/duplicates,Duplicate Review,page,ADMIN; IA,pages/admin/duplicate_review.html,pass-automated-contract,Pending independent review,Pending,Pending,Pending,,,Not signed off
UI-PAGE-3804BD9D07,/data-quality/issue/<str:issue_id>/action,Data Quality Issue Action,partial,ADMIN; IA,partials/data_quality/issue_row.html,pass-automated-contract,Pending independent review,Pending,Pending,Pending,,,Not signed off
UI-PAGE-02AC0DDFB9,/data-repair,Data Repair Center,page,ADMIN,pages/admin_ops/data_repair.html,pass-automated-contract,Pending independent review,Pending,Pending,Pending,,,Not signed off
UI-PAGE-A2860968D2,/data-repair/<str:key>/apply,Apply Data Repair,action,ADMIN,,not-applicable-nonvisual,Pending independent review,Pending,Pending,Pending,,,Not signed off
UI-PAGE-A3ABFAEDCD,/debriefs,Field Debrief,partial,ADMIN; CCEO; CD; HR; IA; PARTNER; PL; PROJECT_COORDINATOR; RVP,partials/debriefs/dashboard_table.html; partials/debriefs/dashboard_body.html; pages/debriefs/dashboard.html,pass-automated-contract,Pending independent review,Pending,Pending,Pending,,,Not signed off
UI-PAGE-0BAB7C19E4,/debriefs/<str:debrief_id>,· Field Debrief · Edify,page,ADMIN; CCEO; CD; HR; IA; PARTNER; PL; PROJECT_COORDINATOR; RVP,pages/debriefs/detail.html,pass-automated-contract,Pending independent review,Pending,Pending,Pending,,,Not signed off
UI-PAGE-2C1B7C8FA7,/debriefs/action,Debrief Action,action,ADMIN; CCEO; CD; HR; IA; PARTNER; PL; PROJECT_COORDINATOR; RVP,,not-applicable-nonvisual,Pending independent review,Pending,Pending,Pending,,,Not signed off
UI-PAGE-E64B01174E,/debriefs/activity-options,Debrief Activity Options,action,ADMIN; CCEO; CD; HR; IA; PARTNER; PL; PROJECT_COORDINATOR; RVP,,not-applicable-nonvisual,Pending independent review,Pending,Pending,Pending,,,Not signed off
UI-PAGE-6F9D10A2EA,/debriefs/submit,Daily Debrief · Edify,page,ADMIN; CCEO; CD; HR; IA; PARTNER; PL; PROJECT_COORDINATOR; RVP,pages/debriefs/submit.html; partials/debriefs/autosave_chip.html,pass-automated-contract,Pending independent review,Pending,Pending,Pending,,,Not signed off
UI-PAGE-DEC5E97B9C,/debriefs/weekly-report,Weekly Debrief Report · Edify,page,ADMIN; CCEO; CD; HR; IA; PARTNER; PL; PROJECT_COORDINATOR; RVP,pages/debriefs/weekly_report.html,pass-automated-contract,Pending independent review,Pending,Pending,Pending,,,Not signed off
UI-PAGE-B7762FBF15,/debriefs/weekly-report/pdf,Debrief Weekly Report Pdf,export,ADMIN; CCEO; CD; HR; IA; PARTNER; PL; PROJECT_COORDINATOR; RVP,,not-applicable-nonvisual,Pending independent review,Pending,Pending,Pending,,,Not signed off
UI-PAGE-A93160664D,/decision-log,Decision Log,page,ACCOUNTANT; ADMIN; BUSINESS_TRANSFORMATION; CCEO; CD; HR; IA; MFI_ADMIN; MFI_OFFICER; PARTNER; PL; PROJECT_COORDINATOR; RPL; RVP,pages/analytics/workspace.html; partials/analytics/panel.html; partials/analytics/scope.html,pass-automated-contract,Pending independent review,Pending,Pending,Pending,,,Not signed off
UI-PAGE-F1B955629C,/decisions,Decision Intelligence,page,ACCOUNTANT; ADMIN; CD; HR; RVP,pages/analytics/workspace.html; partials/analytics/panel.html; partials/analytics/scope.html,pass-automated-contract,Pending independent review,Pending,Pending,Pending,,,Not signed off
UI-PAGE-A2AAB0EEE2,/declining-schools,Declining Schools,page,ADMIN; CCEO; CD; IA; PL; PROJECT_COORDINATOR; RVP,pages/analytics/workspace.html; partials/analytics/panel.html; partials/analytics/scope.html,pass-automated-contract,Pending independent review,Pending,Pending,Pending,,,Not signed off
UI-PAGE-E25D80DF26,/disbursements,Disbursement Dashboard,partial,ACCOUNTANT; ADMIN,partials/disbursements/root.html; pages/disbursements/index.html,pass-automated-contract,Pending independent review,Pending,Pending,Pending,,,Not signed off
UI-PAGE-B2B709AA56,/disbursements/action,Disbursements Action,partial,ACCOUNTANT; ADMIN,partials/disbursements/root.html,pass-automated-contract,Pending independent review,Pending,Pending,Pending,,,Not signed off
UI-PAGE-99ACD5614E,/disbursements/detail,Disbursements Detail,partial,ACCOUNTANT; ADMIN,partials/disbursements/detail.html,pass-automated-contract,Pending independent review,Pending,Pending,Pending,,,Not signed off
UI-PAGE-66250CABB0,/disbursements/drawer,Disbursements Drawer,action,ACCOUNTANT; ADMIN,,not-applicable-nonvisual,Pending independent review,Pending,Pending,Pending,,,Not signed off
UI-PAGE-3E7346BCB9,/districts,Districts,page,ACCOUNTANT; ADMIN; CCEO; CD; IA; PL; PROJECT_COORDINATOR,pages/districts/index.html,pass-automated-contract,Pending independent review,Pending,Pending,Pending,,,Not signed off
UI-PAGE-A6FCE7EB16,/districts/<str:district_id>,District,page,ACCOUNTANT; ADMIN; CCEO; CD; IA; PL; PROJECT_COORDINATOR,pages/districts/detail.html,pass-automated-contract,Pending independent review,Pending,Pending,Pending,,,Not signed off
UI-PAGE-B49AB1186E,/documents/<slug:slug>/,Edify,page,,pages/documents/canonical_document.html; pages/documents/viewer.html,pass-automated-contract,Pending independent review,Pending,Pending,Pending,,,Not signed off
UI-PAGE-6A16EB2B5D,/documents/<slug:slug>/<str:action>,Document Action,action,ADMIN; CD; HR; IA; RVP,,not-applicable-nonvisual,Pending independent review,Pending,Pending,Pending,,,Not signed off
UI-PAGE-E27995BCBE,/documents/<slug:slug>/manage,Edify,page,ADMIN; CD; HR; IA; RVP,pages/documents/manage_document.html,pass-automated-contract,Pending independent review,Pending,Pending,Pending,,,Not signed off
UI-PAGE-80298B85DB,/documents/<slug:slug>/versions/new,New Document Version,action,ADMIN; CD; HR; IA; RVP,,not-applicable-nonvisual,Pending independent review,Pending,Pending,Pending,,,Not signed off
UI-PAGE-191A6C74DD,/employee-relations,· Edify,page,ADMIN; HR,pages/hr/module_workspace.html,pass-automated-contract,Pending independent review,Pending,Pending,Pending,,,Not signed off
UI-PAGE-CE90D5C0A9,/employee-relations/<str:case_id>,Employee Relations Case,drawer,ADMIN; HR,partials/hr/form_drawer.html,pass-automated-contract,Pending independent review,Pending,Pending,Pending,,,Not signed off
UI-PAGE-9B0DED69EE,/employee-relations/<str:case_id>/advance,Employee Relations Advance,action,ADMIN; HR,,not-applicable-nonvisual,Pending independent review,Pending,Pending,Pending,,,Not signed off
UI-PAGE-8B555F1B5F,/employee-relations/new,Employee Relations Open Drawer,drawer,ADMIN; HR,partials/hr/form_drawer.html,pass-automated-contract,Pending independent review,Pending,Pending,Pending,,,Not signed off
UI-PAGE-31FB0E6047,/employee-relations/open,Employee Relations Open,action,ADMIN; HR,,not-applicable-nonvisual,Pending independent review,Pending,Pending,Pending,,,Not signed off
UI-PAGE-EAF8068263,/escalations,Escalations,page,ADMIN; CCEO; CD; PL; PROJECT_COORDINATOR; RVP,pages/escalations/index.html,pass-automated-contract,Pending independent review,Pending,Pending,Pending,,,Not signed off
UI-PAGE-0FD663DD8D,/evidence,Evidence Gallery,action,ACCOUNTANT; ADMIN; CCEO; CD; IA; PL; PROJECT_COORDINATOR,,not-applicable-nonvisual,Pending independent review,Pending,Pending,Pending,,,Not signed off
UI-PAGE-8AAED4C95E,/evidence/,Evidence Center,action,ADMIN; CCEO; CD; IA; PARTNER; PL; PROJECT_COORDINATOR,,not-applicable-nonvisual,Pending independent review,Pending,Pending,Pending,,,Not signed off
UI-PAGE-EAF2C08253,/evidence/returned,Returned Evidence,action,ADMIN; CCEO; CD; IA; PARTNER; PL; PROJECT_COORDINATOR,,not-applicable-nonvisual,Pending independent review,Pending,Pending,Pending,,,Not signed off
UI-PAGE-CF53BB543B,/extra-work,Extra Work · Edify,page,ADMIN; CCEO; CD; PL,pages/hr/extra_work.html,pass-automated-contract,Pending independent review,Pending,Pending,Pending,,,Not signed off
UI-PAGE-27E90C9600,/extra-work/<str:assignment_id>/<str:action>,Extra Work Action,action,ADMIN; CCEO; CD; PL,,not-applicable-nonvisual,Pending independent review,Pending,Pending,Pending,,,Not signed off
UI-PAGE-B8315198A8,/extra-work/<str:assignment_id>/submit-drawer,Extra Work Submit Drawer,drawer,ADMIN; CCEO; CD; PL,partials/hr/extra_work_submit_drawer.html,pass-automated-contract,Pending independent review,Pending,Pending,Pending,,,Not signed off
UI-PAGE-73016C441F,/extra-work/assign,Extra Work Assign,action,ADMIN; CCEO; CD; PL,,not-applicable-nonvisual,Pending independent review,Pending,Pending,Pending,,,Not signed off
UI-PAGE-256323C127,/extra-work/assign-drawer,Extra Work Assign Drawer,drawer,ADMIN; CCEO; CD; PL,partials/hr/extra_work_assign_drawer.html,pass-automated-contract,Pending independent review,Pending,Pending,Pending,,,Not signed off
UI-PAGE-44CF431D3D,/finance/actions/clear_partner_payment,Clear Partner Payment Action,action,ACCOUNTANT; ADMIN,,not-applicable-nonvisual,Pending independent review,Pending,Pending,Pending,,,Not signed off
UI-PAGE-C48951EF66,/finance/actions/confirm_accountability,Confirm Accountability Action,action,ACCOUNTANT; ADMIN,,not-applicable-nonvisual,Pending independent review,Pending,Pending,Pending,,,Not signed off
UI-PAGE-7E089F7139,/finance/actions/disburse_advance,Disburse Advance Action,action,ACCOUNTANT; ADMIN,,not-applicable-nonvisual,Pending independent review,Pending,Pending,Pending,,,Not signed off
UI-PAGE-8A0396BA64,/finance/actions/drawer,Finance Action Drawer,drawer,ACCOUNTANT; ADMIN,partials/finance/finance_action_drawer.html,pass-automated-contract,Pending independent review,Pending,Pending,Pending,,,Not signed off
UI-PAGE-9395431DA1,/finance/actions/process_reimbursement,Process Reimbursement Action,action,ACCOUNTANT; ADMIN,,not-applicable-nonvisual,Pending independent review,Pending,Pending,Pending,,,Not signed off
UI-PAGE-3C198F12F7,/finance/actions/return_correction,Finance Return Action,action,ACCOUNTANT; ADMIN,,not-applicable-nonvisual,Pending independent review,Pending,Pending,Pending,,,Not signed off
UI-PAGE-B8FC75043B,/finance/fund-allocation,Consolidated Fund Allocation,page,ACCOUNTANT; ADMIN; CD; IA; RVP,pages/finance/fund_allocation.html,pass-automated-contract,Pending independent review,Pending,Pending,Pending,,,Not signed off
UI-PAGE-D5ADBEA3B6,/finance/fund-allocation/,Consolidated Fund Allocation,page,ACCOUNTANT; ADMIN; CD; IA; RVP,pages/finance/fund_allocation.html,pass-automated-contract,Pending independent review,Pending,Pending,Pending,,,Not signed off
UI-PAGE-BB1B653C5D,/finance/fund-allocation/admin-budget-drilldown,Admin Budget Drilldown,partial,ACCOUNTANT; ADMIN; CD; IA; RVP,partials/finance/admin_budget_drilldown.html,pass-automated-contract,Pending independent review,Pending,Pending,Pending,,,Not signed off
UI-PAGE-22C341EEE0,/finance/fund-allocation/drilldown,Allocation Drilldown,drawer,ACCOUNTANT; ADMIN; CD; IA; RVP,partials/finance/allocation_drilldown_drawer.html,pass-automated-contract,Pending independent review,Pending,Pending,Pending,,,Not signed off
UI-PAGE-85D177E3CF,/finance/fund-allocation/export-drawer,Export Drawer,drawer,ACCOUNTANT; ADMIN; CD; IA; RVP,partials/finance/export_drawer.html,pass-automated-contract,Pending independent review,Pending,Pending,Pending,,,Not signed off
UI-PAGE-7921AB6C57,/fund-approvals,Fund Approvals,partial,ADMIN; CD; PL,partials/fund_approvals/root.html; pages/fund_approvals/index.html,pass-automated-contract,Pending independent review,Pending,Pending,Pending,,,Not signed off
UI-PAGE-682E1299FA,/fund-approvals/action,Fund Approvals Action,partial,ADMIN; CD; PL,partials/fund_approvals/root.html,pass-automated-contract,Pending independent review,Pending,Pending,Pending,,,Not signed off
UI-PAGE-604AD57E62,/fund-approvals/detail,Fund Approvals Detail,partial,ADMIN; CD; PL,partials/fund_approvals/detail.html,pass-automated-contract,Pending independent review,Pending,Pending,Pending,,,Not signed off
UI-PAGE-45A89C7D34,/fund-approvals/invoices/<str:invoice_id>/action,Pl Partner Invoice Action,partial,ADMIN; CD; PL,partials/fund_approvals/root.html,pass-automated-contract,Pending independent review,Pending,Pending,Pending,,,Not signed off
UI-PAGE-5D4FA661D2,/fund-approvals/invoices/<str:invoice_id>/download,Pl Partner Invoice Download,export,ADMIN; CD; PL,,not-applicable-nonvisual,Pending independent review,Pending,Pending,Pending,,,Not signed off
UI-PAGE-D2A71FB89F,/fund-approvals/return,Fund Approvals Return,drawer,ADMIN; CD; PL,partials/fund_approvals/return_drawer.html,pass-automated-contract,Pending independent review,Pending,Pending,Pending,,,Not signed off
UI-PAGE-E752172BBA,/fund-requests,Fund Requests List,action,ACCOUNTANT; ADMIN; CCEO; CD; IA; PL; PROJECT_COORDINATOR,,not-applicable-nonvisual,Pending independent review,Pending,Pending,Pending,,,Not signed off
UI-PAGE-A0B364D43A,/fund-requests/advances/<str:advance_id>/pl-approve,Weekly Advance Request,partial,ACCOUNTANT; ADMIN; CCEO; CD; IA; PL; PROJECT_COORDINATOR,partials/fund_requests/root.html; pages/fund_requests/weekly.html,pass-automated-contract,Pending independent review,Pending,Pending,Pending,,,Not signed off
UI-PAGE-CA0E7F63DC,/fund-requests/advances/<str:advance_id>/pl-return,Weekly Advance Request,partial,ACCOUNTANT; ADMIN; CCEO; CD; IA; PL; PROJECT_COORDINATOR,partials/fund_requests/root.html; pages/fund_requests/weekly.html,pass-automated-contract,Pending independent review,Pending,Pending,Pending,,,Not signed off
UI-PAGE-69D5E8ADAD,/fund-requests/generate-request,Generate Request Action,action,ACCOUNTANT; ADMIN; CCEO; CD; IA; PL; PROJECT_COORDINATOR,,not-applicable-nonvisual,Pending independent review,Pending,Pending,Pending,,,Not signed off
UI-PAGE-6085EBC380,/fund-requests/receipt-confirm,Fund Receipt Confirm,action,ACCOUNTANT; ADMIN; CCEO; CD; IA; PL; PROJECT_COORDINATOR,,not-applicable-nonvisual,Pending independent review,Pending,Pending,Pending,,,Not signed off
UI-PAGE-DCD56713A1,/fund-requests/weekly,Weekly Advance Request,partial,ACCOUNTANT; ADMIN; CCEO; CD; IA; PL; PROJECT_COORDINATOR,partials/fund_requests/root.html; pages/fund_requests/weekly.html,pass-automated-contract,Pending independent review,Pending,Pending,Pending,,,Not signed off
UI-PAGE-BA500F51A1,/fund-requests/weekly/<str:request_id>,Weekly Fund Request Detail,action,ACCOUNTANT; ADMIN; CCEO; CD; IA; PL; PROJECT_COORDINATOR,,not-applicable-nonvisual,Pending independent review,Pending,Pending,Pending,,,Not signed off
UI-PAGE-E7DBE89831,/fund-requests/weekly/<str:request_id>/approve,Weekly Advance Request,partial,ACCOUNTANT; ADMIN; CCEO; CD; IA; PL; PROJECT_COORDINATOR,partials/fund_requests/root.html; pages/fund_requests/weekly.html,pass-automated-contract,Pending independent review,Pending,Pending,Pending,,,Not signed off
UI-PAGE-31F49EF531,/fund-requests/weekly/<str:request_id>/confirm,Weekly Advance Request,partial,ACCOUNTANT; ADMIN; CCEO; CD; IA; PL; PROJECT_COORDINATOR,partials/fund_requests/root.html; pages/fund_requests/weekly.html,pass-automated-contract,Pending independent review,Pending,Pending,Pending,,,Not signed off
UI-PAGE-3BCE4448DD,/fund-requests/weekly/<str:request_id>/confirm-receipt,Weekly Advance Request,partial,ACCOUNTANT; ADMIN; CCEO; CD; IA; PL; PROJECT_COORDINATOR,partials/fund_requests/root.html; pages/fund_requests/weekly.html,pass-automated-contract,Pending independent review,Pending,Pending,Pending,,,Not signed off
UI-PAGE-28C1ED349E,/fund-requests/weekly/<str:request_id>/disburse,Weekly Fund Request Disburse,action,ACCOUNTANT; ADMIN,,not-applicable-nonvisual,Pending independent review,Pending,Pending,Pending,,,Not signed off
UI-PAGE-97195E5671,/fund-requests/weekly/<str:request_id>/not-requested,Weekly Advance Request,partial,ACCOUNTANT; ADMIN; CCEO; CD; IA; PL; PROJECT_COORDINATOR,partials/fund_requests/root.html,pass-automated-contract,Pending independent review,Pending,Pending,Pending,,,Not signed off
UI-PAGE-15785CF711,/fund-requests/weekly/<str:request_id>/return,Weekly Advance Request,partial,ACCOUNTANT; ADMIN; CCEO; CD; IA; PL; PROJECT_COORDINATOR,partials/fund_requests/root.html,pass-automated-contract,Pending independent review,Pending,Pending,Pending,,,Not signed off
UI-PAGE-41CB76A0D0,/fund-requests/weekly/<str:request_id>/return-drawer,Weekly Fund Request Return Drawer,drawer,ACCOUNTANT; ADMIN; CCEO; CD; IA; PL; PROJECT_COORDINATOR,partials/fund_requests/return_drawer.html,pass-automated-contract,Pending independent review,Pending,Pending,Pending,,,Not signed off
UI-PAGE-CF59C113B1,/fund-requests/weekly/<str:request_id>/self-funded,Weekly Advance Request,partial,ACCOUNTANT; ADMIN; CCEO; CD; IA; PL; PROJECT_COORDINATOR,partials/fund_requests/root.html; pages/fund_requests/weekly.html,pass-automated-contract,Pending independent review,Pending,Pending,Pending,,,Not signed off
UI-PAGE-9E1520AF65,/fy,Fiscal Year Overview,page,ACCOUNTANT; ADMIN; CCEO; CD; IA; PL; PROJECT_COORDINATOR,pages/fy/index.html,pass-automated-contract,Pending independent review,Pending,Pending,Pending,,,Not signed off
UI-PAGE-B35FAC1878,/health-safety,· Edify,page,ADMIN; HR,pages/hr/module_workspace.html,pass-automated-contract,Pending independent review,Pending,Pending,Pending,,,Not signed off
UI-PAGE-EE2DB868E6,/health-safety/<str:incident_id>,Incident Drawer,drawer,ADMIN; HR,partials/hr/form_drawer.html,pass-automated-contract,Pending independent review,Pending,Pending,Pending,,,Not signed off
UI-PAGE-6EA9145F97,/health-safety/<str:incident_id>/advance,Incident Advance,action,ADMIN; HR,,not-applicable-nonvisual,Pending independent review,Pending,Pending,Pending,,,Not signed off
UI-PAGE-31B9AC3451,/health-safety/new,Incident New Drawer,drawer,ADMIN; HR,partials/hr/form_drawer.html,pass-automated-contract,Pending independent review,Pending,Pending,Pending,,,Not signed off
UI-PAGE-61DDBE7AA2,/health-safety/report,Incident Report,action,ADMIN; HR,,not-applicable-nonvisual,Pending independent review,Pending,Pending,Pending,,,Not signed off
UI-PAGE-61030068A3,/help,Knowledge Center · Edify,page,ACCOUNTANT; ADMIN; BUSINESS_TRANSFORMATION; CCEO; CD; HR; IA; MFI_ADMIN; MFI_OFFICER; PARTNER; PL; PROJECT_COORDINATOR; RPL; RVP,pages/help/index.html,pass-automated-contract,Pending independent review,Pending,Pending,Pending,,,Not signed off
UI-PAGE-7A2D19730D,/help/articles/<slug:slug>,· Knowledge Center,page,ACCOUNTANT; ADMIN; BUSINESS_TRANSFORMATION; CCEO; CD; HR; IA; MFI_ADMIN; MFI_OFFICER; PARTNER; PL; PROJECT_COORDINATOR; RPL; RVP,pages/help/article.html,pass-automated-contract,Pending independent review,Pending,Pending,Pending,,,Not signed off
UI-PAGE-20FD42EA34,/help/articles/<slug:slug>/feedback,Help Feedback,action,ACCOUNTANT; ADMIN; BUSINESS_TRANSFORMATION; CCEO; CD; HR; IA; MFI_ADMIN; MFI_OFFICER; PARTNER; PL; PROJECT_COORDINATOR; RPL; RVP,,not-applicable-nonvisual,Pending independent review,Pending,Pending,Pending,,,Not signed off
UI-PAGE-5BC9A980F4,/help/articles/<slug:slug>/print,Help Print,export,ACCOUNTANT; ADMIN; BUSINESS_TRANSFORMATION; CCEO; CD; HR; IA; MFI_ADMIN; MFI_OFFICER; PARTNER; PL; PROJECT_COORDINATOR; RPL; RVP,pages/help/print_article.html,pass-automated-contract,Pending independent review,Pending,Pending,Pending,,,Not signed off
UI-PAGE-54B0E2367F,/help/categories/<slug:slug>,· Knowledge Center,page,ACCOUNTANT; ADMIN; BUSINESS_TRANSFORMATION; CCEO; CD; HR; IA; MFI_ADMIN; MFI_OFFICER; PARTNER; PL; PROJECT_COORDINATOR; RPL; RVP,pages/help/category.html,pass-automated-contract,Pending independent review,Pending,Pending,Pending,,,Not signed off
UI-PAGE-141ADAA546,/help/context,· Knowledge Center,page,ACCOUNTANT; ADMIN; BUSINESS_TRANSFORMATION; CCEO; CD; HR; IA; MFI_ADMIN; MFI_OFFICER; PARTNER; PL; PROJECT_COORDINATOR; RPL; RVP,pages/help/article.html,pass-automated-contract,Pending independent review,Pending,Pending,Pending,,,Not signed off
UI-PAGE-91E7583B67,/help/export/complete,Help Complete Export,export,ACCOUNTANT; ADMIN; BUSINESS_TRANSFORMATION; CCEO; CD; HR; IA; MFI_ADMIN; MFI_OFFICER; PARTNER; PL; PROJECT_COORDINATOR; RPL; RVP,pages/help/manual_export.html,pass-automated-contract,Pending independent review,Pending,Pending,Pending,,,Not signed off
UI-PAGE-A2BBBD3E8E,/help/export/role/<slug:role_slug>,Help Role Export,export,ACCOUNTANT; ADMIN; BUSINESS_TRANSFORMATION; CCEO; CD; HR; IA; MFI_ADMIN; MFI_OFFICER; PARTNER; PL; PROJECT_COORDINATOR; RPL; RVP,pages/help/manual_export.html,pass-automated-contract,Pending independent review,Pending,Pending,Pending,,,Not signed off
UI-PAGE-ECA0B47896,/help/features/<slug:feature_slug>,· Knowledge Center,page,ACCOUNTANT; ADMIN; BUSINESS_TRANSFORMATION; CCEO; CD; HR; IA; MFI_ADMIN; MFI_OFFICER; PARTNER; PL; PROJECT_COORDINATOR; RPL; RVP,pages/help/article.html,pass-automated-contract,Pending independent review,Pending,Pending,Pending,,,Not signed off
UI-PAGE-07CA564492,/help/getting-started,· Knowledge Center,page,ACCOUNTANT; ADMIN; BUSINESS_TRANSFORMATION; CCEO; CD; HR; IA; MFI_ADMIN; MFI_OFFICER; PARTNER; PL; PROJECT_COORDINATOR; RPL; RVP,pages/help/article.html,pass-automated-contract,Pending independent review,Pending,Pending,Pending,,,Not signed off
UI-PAGE-75F649131E,/help/glossary,Glossary · Knowledge Center,page,ACCOUNTANT; ADMIN; BUSINESS_TRANSFORMATION; CCEO; CD; HR; IA; MFI_ADMIN; MFI_OFFICER; PARTNER; PL; PROJECT_COORDINATOR; RPL; RVP,pages/help/glossary.html,pass-automated-contract,Pending independent review,Pending,Pending,Pending,,,Not signed off
UI-PAGE-11AEBD4ACE,/help/manage,Manage Knowledge Center · Edify,page,ACCOUNTANT; ADMIN; BUSINESS_TRANSFORMATION; CCEO; CD; HR; IA; MFI_ADMIN; MFI_OFFICER; PARTNER; PL; PROJECT_COORDINATOR; RPL; RVP,pages/help/manage.html,pass-automated-contract,Pending independent review,Pending,Pending,Pending,,,Not signed off
UI-PAGE-DE9A862782,/help/manage/<slug:slug>,Edit Create Help Draft · Edify,page,ACCOUNTANT; ADMIN; BUSINESS_TRANSFORMATION; CCEO; CD; HR; IA; MFI_ADMIN; MFI_OFFICER; PARTNER; PL; PROJECT_COORDINATOR; RPL; RVP,pages/help/edit_article.html,pass-automated-contract,Pending independent review,Pending,Pending,Pending,,,Not signed off
UI-PAGE-871AC8283A,/help/manage/<slug:slug>/<slug:action>,Help Manage Transition,action,ACCOUNTANT; ADMIN; BUSINESS_TRANSFORMATION; CCEO; CD; HR; IA; MFI_ADMIN; MFI_OFFICER; PARTNER; PL; PROJECT_COORDINATOR; RPL; RVP,,not-applicable-nonvisual,Pending independent review,Pending,Pending,Pending,,,Not signed off
UI-PAGE-6281EDBB75,/help/manage/<slug:slug>/revision,Help Manage Revision,action,ACCOUNTANT; ADMIN; BUSINESS_TRANSFORMATION; CCEO; CD; HR; IA; MFI_ADMIN; MFI_OFFICER; PARTNER; PL; PROJECT_COORDINATOR; RPL; RVP,,not-applicable-nonvisual,Pending independent review,Pending,Pending,Pending,,,Not signed off
UI-PAGE-A6E92AF49B,/help/manage/new,Edit Create Help Draft · Edify,page,ACCOUNTANT; ADMIN; BUSINESS_TRANSFORMATION; CCEO; CD; HR; IA; MFI_ADMIN; MFI_OFFICER; PARTNER; PL; PROJECT_COORDINATOR; RPL; RVP,pages/help/edit_article.html,pass-automated-contract,Pending independent review,Pending,Pending,Pending,,,Not signed off
UI-PAGE-4CD048A1D2,/help/release-notes,Release Notes · Knowledge Center,page,ACCOUNTANT; ADMIN; BUSINESS_TRANSFORMATION; CCEO; CD; HR; IA; MFI_ADMIN; MFI_OFFICER; PARTNER; PL; PROJECT_COORDINATOR; RPL; RVP,pages/help/release_notes.html,pass-automated-contract,Pending independent review,Pending,Pending,Pending,,,Not signed off
UI-PAGE-2F8BAA456D,/help/roles/<slug:role_slug>,· Knowledge Center,page,ACCOUNTANT; ADMIN; BUSINESS_TRANSFORMATION; CCEO; CD; HR; IA; MFI_ADMIN; MFI_OFFICER; PARTNER; PL; PROJECT_COORDINATOR; RPL; RVP,pages/help/article.html,pass-automated-contract,Pending independent review,Pending,Pending,Pending,,,Not signed off
UI-PAGE-7391847B33,/help/search,Search Help · Edify,page,ACCOUNTANT; ADMIN; BUSINESS_TRANSFORMATION; CCEO; CD; HR; IA; MFI_ADMIN; MFI_OFFICER; PARTNER; PL; PROJECT_COORDINATOR; RPL; RVP,pages/help/search.html,pass-automated-contract,Pending independent review,Pending,Pending,Pending,,,Not signed off
UI-PAGE-02807FDE97,/help/troubleshooting,· Knowledge Center,page,ACCOUNTANT; ADMIN; BUSINESS_TRANSFORMATION; CCEO; CD; HR; IA; MFI_ADMIN; MFI_OFFICER; PARTNER; PL; PROJECT_COORDINATOR; RPL; RVP,pages/help/category.html,pass-automated-contract,Pending independent review,Pending,Pending,Pending,,,Not signed off
UI-PAGE-67E692F75E,/help/workflows/<slug:workflow_slug>,· Knowledge Center,page,ACCOUNTANT; ADMIN; BUSINESS_TRANSFORMATION; CCEO; CD; HR; IA; MFI_ADMIN; MFI_OFFICER; PARTNER; PL; PROJECT_COORDINATOR; RPL; RVP,pages/help/article.html,pass-automated-contract,Pending independent review,Pending,Pending,Pending,,,Not signed off
UI-PAGE-ED5EC9B584,/hr-analytics,· Edify,page,ADMIN; CD; HR; RVP,pages/hr/module_workspace.html,pass-automated-contract,Pending independent review,Pending,Pending,Pending,,,Not signed off
UI-PAGE-6B6E47BEE7,/hr-audit-log,· Edify,page,ADMIN; HR,pages/hr/module_workspace.html,pass-automated-contract,Pending independent review,Pending,Pending,Pending,,,Not signed off
UI-PAGE-9F67B3997A,/hr-today,HR Today · Edify,page,ADMIN; CD; HR; RVP,pages/hr/hr_today.html,pass-automated-contract,Pending independent review,Pending,Pending,Pending,,,Not signed off
UI-PAGE-C506EBA646,/hr/performance-cycle,Performance Cycle Console · Edify,page,ADMIN; HR,pages/hr/performance_console.html,pass-automated-contract,Pending independent review,Pending,Pending,Pending,,,Not signed off
UI-PAGE-0D27B24301,/hr/performance-cycle/action,Hr Performance Action,action,ADMIN; HR,,not-applicable-nonvisual,Pending independent review,Pending,Pending,Pending,,,Not signed off
UI-PAGE-B3FD287B4A,/ia/analytics/,Verification Analytics · Edify,page,ADMIN; CD; IA,pages/ia/verification_analytics.html,pass-automated-contract,Pending independent review,Pending,Pending,Pending,,,Not signed off
UI-PAGE-A5A99F0875,/ia/analytics/export,Ia Verification Analytics Export,export,ADMIN; CD; IA,,not-applicable-nonvisual,Pending independent review,Pending,Pending,Pending,,,Not signed off
UI-PAGE-A555CE49BA,/ia/attribution/,Ia Attribution,action,ADMIN; CD; IA,,not-applicable-nonvisual,Pending independent review,Pending,Pending,Pending,,,Not signed off
UI-PAGE-FE31013D65,/ia/collection/<str:school_pk>/ask-owner,Ia Collection Ask Owner,action,ADMIN; CD; IA,,not-applicable-nonvisual,Pending independent review,Pending,Pending,Pending,,,Not signed off
UI-PAGE-2E91310CCB,/ia/compare/,Evidence Compare · Edify,page,ADMIN; IA,pages/ia/compare_evidence.html,pass-automated-contract,Pending independent review,Pending,Pending,Pending,,,Not signed off
UI-PAGE-9D69AC162C,/ia/dashboard/,Dashboard,partial,ADMIN; CD; IA,partials/dashboards/_view_tabs.html; pages/ia/analytics_dashboard.html,pass-automated-contract,Pending independent review,Pending,Pending,Pending,,,Not signed off
UI-PAGE-2C691B24CA,/ia/duplicates/,Duplicate Review · Edify,page,ADMIN; IA,pages/ia/duplicate_review.html,pass-automated-contract,Pending independent review,Pending,Pending,Pending,,,Not signed off
UI-PAGE-58A731882C,/ia/duplicates/<str:duplicate_id>/action,Ia Duplicate Action,action,ADMIN; IA,,not-applicable-nonvisual,Pending independent review,Pending,Pending,Pending,,,Not signed off
UI-PAGE-36922553AD,/ia/framework/,Measurement Framework · Edify,page,ADMIN; CD; IA,pages/ia/framework.html,pass-automated-contract,Pending independent review,Pending,Pending,Pending,,,Not signed off
UI-PAGE-EBD19288CB,/ia/framework/<str:kind>/<str:record_id>/review,Ia Framework Review Drawer,drawer,ADMIN; CD; IA,partials/hr/form_drawer.html,pass-automated-contract,Pending independent review,Pending,Pending,Pending,,,Not signed off
UI-PAGE-5C81EE3E0F,/ia/framework/<str:kind>/<str:record_id>/review/save,Ia Framework Review,action,ADMIN; CD; IA,,not-applicable-nonvisual,Pending independent review,Pending,Pending,Pending,,,Not signed off
UI-PAGE-91E2680FA7,/ia/framework/<str:kind>/<str:record_id>/submit,Ia Framework Submit Drawer,drawer,ADMIN; CD; IA,partials/hr/form_drawer.html,pass-automated-contract,Pending independent review,Pending,Pending,Pending,,,Not signed off
UI-PAGE-736C68F6CC,/ia/framework/<str:kind>/<str:record_id>/submit/save,Ia Framework Submit,action,ADMIN; CD; IA,,not-applicable-nonvisual,Pending independent review,Pending,Pending,Pending,,,Not signed off
UI-PAGE-8362B12EE7,/ia/framework/areas/<str:area_id>/,Ia Framework Area Drawer,drawer,ADMIN; CD; IA,partials/hr/form_drawer.html,pass-automated-contract,Pending independent review,Pending,Pending,Pending,,,Not signed off
UI-PAGE-ECFF57D499,/ia/framework/areas/<str:area_id>/save,Ia Framework Area Save,action,ADMIN; CD; IA,,not-applicable-nonvisual,Pending independent review,Pending,Pending,Pending,,,Not signed off
UI-PAGE-18C7DC1543,/ia/framework/areas/new,Ia Framework Area New,drawer,ADMIN; CD; IA,partials/hr/form_drawer.html,pass-automated-contract,Pending independent review,Pending,Pending,Pending,,,Not signed off
UI-PAGE-5E628F0345,/ia/framework/areas/propose,Ia Framework Areas Propose,action,ADMIN; CD; IA,,not-applicable-nonvisual,Pending independent review,Pending,Pending,Pending,,,Not signed off
UI-PAGE-66F8AAC2C3,/ia/framework/areas/save,Ia Framework Area Create,action,ADMIN; CD; IA,,not-applicable-nonvisual,Pending independent review,Pending,Pending,Pending,,,Not signed off
UI-PAGE-D530788610,/ia/framework/indicators/<str:indicator_id>/,Ia Framework Indicator Drawer,drawer,ADMIN; CD; IA,partials/hr/form_drawer.html,pass-automated-contract,Pending independent review,Pending,Pending,Pending,,,Not signed off
UI-PAGE-C90770BBD1,/ia/framework/indicators/<str:indicator_id>/save,Ia Framework Indicator Save,action,ADMIN; CD; IA,,not-applicable-nonvisual,Pending independent review,Pending,Pending,Pending,,,Not signed off
UI-PAGE-5D4BE1935C,/ia/framework/indicators/new,Ia Framework Indicator New,drawer,ADMIN; CD; IA,partials/hr/form_drawer.html,pass-automated-contract,Pending independent review,Pending,Pending,Pending,,,Not signed off
UI-PAGE-E79F437BBB,/ia/framework/indicators/save,Ia Framework Indicator Create,action,ADMIN; CD; IA,,not-applicable-nonvisual,Pending independent review,Pending,Pending,Pending,,,Not signed off
UI-PAGE-682D5AFC8F,/ia/framework/purposes/<str:purpose_id>/,Ia Framework Purpose Drawer,drawer,ADMIN; CD; IA,partials/hr/form_drawer.html,pass-automated-contract,Pending independent review,Pending,Pending,Pending,,,Not signed off
UI-PAGE-9D9D6B1310,/ia/framework/purposes/<str:purpose_id>/save,Ia Framework Purpose Save,action,ADMIN; CD; IA,,not-applicable-nonvisual,Pending independent review,Pending,Pending,Pending,,,Not signed off
UI-PAGE-FC9CDB48DF,/ia/history/,Verification History · Edify,page,ADMIN; IA,pages/ia/verification_history.html,pass-automated-contract,Pending independent review,Pending,Pending,Pending,,,Not signed off
UI-PAGE-FE4FC2BD88,/ia/impact-report/download,Ia Impact Report Download,export,ADMIN; CD; IA,,not-applicable-nonvisual,Pending independent review,Pending,Pending,Pending,,,Not signed off
UI-PAGE-5EF86DEC9A,/ia/impact-reports/,Impact Reports · Edify,page,ADMIN; CD; IA; RVP,pages/ia/impact_reports.html,pass-automated-contract,Pending independent review,Pending,Pending,Pending,,,Not signed off
UI-PAGE-34C9CEA495,/ia/impact-reports/<str:report_id>/,· Impact Reports · Edify,page,ADMIN; CD; IA; RVP,pages/ia/impact_reports_detail.html,pass-automated-contract,Pending independent review,Pending,Pending,Pending,,,Not signed off
UI-PAGE-7034CA18E4,/ia/impact-reports/<str:report_id>/annex.csv,Ia Impact Report Annex,export,ADMIN; CD; IA; RVP,,not-applicable-nonvisual,Pending independent review,Pending,Pending,Pending,,,Not signed off
UI-PAGE-2AEF2DA8FD,/ia/impact-reports/<str:report_id>/correct,Ia Impact Report Correct,action,ADMIN; CD; IA; RVP,,not-applicable-nonvisual,Pending independent review,Pending,Pending,Pending,,,Not signed off
UI-PAGE-A8BBD66423,/ia/impact-reports/<str:report_id>/edit,Ia Impact Report Edit,drawer,ADMIN; CD; IA; RVP,partials/hr/form_drawer.html,pass-automated-contract,Pending independent review,Pending,Pending,Pending,,,Not signed off
UI-PAGE-5E4C571AE8,/ia/impact-reports/<str:report_id>/recommendations/<str:recommendation_id>/,Ia Impact Report Recommendation,drawer,ADMIN; CD; IA; RVP,partials/hr/form_drawer.html,pass-automated-contract,Pending independent review,Pending,Pending,Pending,,,Not signed off
UI-PAGE-3F8B0CECC9,/ia/impact-reports/<str:report_id>/recommendations/<str:recommendation_id>/remove,Ia Impact Report Recommendation Remove,action,ADMIN; CD; IA; RVP,,not-applicable-nonvisual,Pending independent review,Pending,Pending,Pending,,,Not signed off
UI-PAGE-1ADF4549D0,/ia/impact-reports/<str:report_id>/recommendations/<str:recommendation_id>/respond,Ia Impact Report Recommendation Respond,action,ADMIN; CD; IA; RVP,,not-applicable-nonvisual,Pending independent review,Pending,Pending,Pending,,,Not signed off
UI-PAGE-1023D89D08,/ia/impact-reports/<str:report_id>/recommendations/create,Ia Impact Report Recommendation Create,action,ADMIN; CD; IA; RVP,,not-applicable-nonvisual,Pending independent review,Pending,Pending,Pending,,,Not signed off
UI-PAGE-2084B7BF38,/ia/impact-reports/<str:report_id>/recommendations/new,Ia Impact Report Recommendation New,drawer,ADMIN; CD; IA; RVP,partials/hr/form_drawer.html,pass-automated-contract,Pending independent review,Pending,Pending,Pending,,,Not signed off
UI-PAGE-F4BFB7C2B0,/ia/impact-reports/<str:report_id>/release/donor,Ia Impact Report Release Donor,drawer,ADMIN; CD; IA; RVP,partials/hr/form_drawer.html,pass-automated-contract,Pending independent review,Pending,Pending,Pending,,,Not signed off
UI-PAGE-E488104A11,/ia/impact-reports/<str:report_id>/release/donor/request,Ia Impact Report Release Donor Request,action,ADMIN; CD; IA; RVP,,not-applicable-nonvisual,Pending independent review,Pending,Pending,Pending,,,Not signed off
UI-PAGE-EF6CDCC94D,/ia/impact-reports/<str:report_id>/release/leadership,Ia Impact Report Release Leadership,action,ADMIN; CD; IA; RVP,,not-applicable-nonvisual,Pending independent review,Pending,Pending,Pending,,,Not signed off
UI-PAGE-1BF17E0F65,/ia/impact-reports/<str:report_id>/release/schools,Ia Impact Report Release Schools,drawer,ADMIN; CD; IA; RVP,partials/hr/form_drawer.html,pass-automated-contract,Pending independent review,Pending,Pending,Pending,,,Not signed off
UI-PAGE-FE1D6A67CB,/ia/impact-reports/<str:report_id>/release/schools/save,Ia Impact Report Release Schools Save,action,ADMIN; CD; IA; RVP,,not-applicable-nonvisual,Pending independent review,Pending,Pending,Pending,,,Not signed off
UI-PAGE-8517D2975A,/ia/impact-reports/<str:report_id>/releases/<str:release_id>/,Ia Impact Report Release,drawer,ADMIN; CD; IA; RVP,partials/hr/form_drawer.html,pass-automated-contract,Pending independent review,Pending,Pending,Pending,,,Not signed off
UI-PAGE-6E2CB27363,/ia/impact-reports/<str:report_id>/releases/<str:release_id>/decide,Ia Impact Report Release Decide,action,ADMIN; CD; IA; RVP,,not-applicable-nonvisual,Pending independent review,Pending,Pending,Pending,,,Not signed off
UI-PAGE-AC302D2F8A,/ia/impact-reports/<str:report_id>/releases/<str:release_id>/download,Ia Impact Report Release Download,export,ADMIN; CD; IA; RVP,,not-applicable-nonvisual,Pending independent review,Pending,Pending,Pending,,,Not signed off
UI-PAGE-2BC49FFD7E,/ia/impact-reports/<str:report_id>/review,Ia Impact Report Review,drawer,ADMIN; CD; IA; RVP,partials/hr/form_drawer.html,pass-automated-contract,Pending independent review,Pending,Pending,Pending,,,Not signed off
UI-PAGE-A87BF1CE80,/ia/impact-reports/<str:report_id>/review/save,Ia Impact Report Review Save,action,ADMIN; CD; IA; RVP,,not-applicable-nonvisual,Pending independent review,Pending,Pending,Pending,,,Not signed off
UI-PAGE-FBE1EA4462,/ia/impact-reports/<str:report_id>/submit,Ia Impact Report Submit,action,ADMIN; CD; IA; RVP,,not-applicable-nonvisual,Pending independent review,Pending,Pending,Pending,,,Not signed off
UI-PAGE-8DEE957404,/ia/impact-reports/<str:report_id>/update,Ia Impact Report Update,action,ADMIN; CD; IA; RVP,,not-applicable-nonvisual,Pending independent review,Pending,Pending,Pending,,,Not signed off
UI-PAGE-60928D1565,/ia/impact-reports/<str:report_id>/withdraw,Ia Impact Report Withdraw,action,ADMIN; CD; IA; RVP,,not-applicable-nonvisual,Pending independent review,Pending,Pending,Pending,,,Not signed off
UI-PAGE-6E9731B624,/ia/impact-reports/create,Ia Impact Report Create,action,ADMIN; CD; IA; RVP,,not-applicable-nonvisual,Pending independent review,Pending,Pending,Pending,,,Not signed off
UI-PAGE-3BB8FB2861,/ia/impact-reports/new,Ia Impact Report New,drawer,ADMIN; CD; IA; RVP,partials/hr/form_drawer.html,pass-automated-contract,Pending independent review,Pending,Pending,Pending,,,Not signed off
UI-PAGE-0C80E9AEF2,/ia/learning/,Programme Learning · Edify,page,ADMIN; CD; IA,pages/ia/learning.html,pass-automated-contract,Pending independent review,Pending,Pending,Pending,,,Not signed off
UI-PAGE-589452263C,/ia/learning/findings/<str:finding_id>/,Ia Learning Finding,drawer,ADMIN; CD; IA,partials/hr/form_drawer.html,pass-automated-contract,Pending independent review,Pending,Pending,Pending,,,Not signed off
UI-PAGE-97299CCDCD,/ia/learning/findings/<str:finding_id>/review,Ia Learning Finding Review,action,ADMIN; CD; IA,,not-applicable-nonvisual,Pending independent review,Pending,Pending,Pending,,,Not signed off
UI-PAGE-BACD6DFABB,/ia/learning/findings/<str:finding_id>/revise,Ia Learning Finding Revise,action,ADMIN; CD; IA,,not-applicable-nonvisual,Pending independent review,Pending,Pending,Pending,,,Not signed off
UI-PAGE-133A156F25,/ia/learning/findings/<str:finding_id>/update,Ia Learning Finding Update,action,ADMIN; CD; IA,,not-applicable-nonvisual,Pending independent review,Pending,Pending,Pending,,,Not signed off
UI-PAGE-BE07429699,/ia/learning/findings/new,Ia Learning Finding New,drawer,ADMIN; CD; IA,partials/hr/form_drawer.html,pass-automated-contract,Pending independent review,Pending,Pending,Pending,,,Not signed off
UI-PAGE-B3EE0AA9B8,/ia/learning/findings/save,Ia Learning Finding Create,action,ADMIN; CD; IA,,not-applicable-nonvisual,Pending independent review,Pending,Pending,Pending,,,Not signed off
UI-PAGE-9B859A0536,/ia/lending-evidence/,Lending Evidence · Edify,page,ADMIN; CD; IA,pages/ia/lending_evidence.html,pass-automated-contract,Pending independent review,Pending,Pending,Pending,,,Not signed off
UI-PAGE-A663639546,/ia/lending-evidence/conclusions/<str:assessment_id>/,Ia Lending Conclusion,drawer,ACCOUNTANT; ADMIN; BUSINESS_TRANSFORMATION; CCEO; CD; HR; IA; PARTNER; PROJECT_COORDINATOR; RPL; RVP,partials/hr/form_drawer.html,pass-automated-contract,Pending independent review,Pending,Pending,Pending,,,Not signed off
UI-PAGE-0F532B152A,/ia/lending-evidence/conclusions/<str:assessment_id>/prepare,Ia Lending Conclusion Prepare,action,ACCOUNTANT; ADMIN; BUSINESS_TRANSFORMATION; CCEO; CD; HR; IA; PARTNER; PROJECT_COORDINATOR; RPL; RVP,,not-applicable-nonvisual,Pending independent review,Pending,Pending,Pending,,,Not signed off
UI-PAGE-4A075E6272,/ia/lending-evidence/conclusions/<str:assessment_id>/verify,Ia Lending Conclusion Verify,action,ADMIN; CD; IA,,not-applicable-nonvisual,Pending independent review,Pending,Pending,Pending,,,Not signed off
UI-PAGE-E4E4D85AA8,/ia/lending-evidence/enrolment/<str:snapshot_id>/,Ia Lending Enrolment,drawer,ADMIN; CD; IA,partials/hr/form_drawer.html,pass-automated-contract,Pending independent review,Pending,Pending,Pending,,,Not signed off
UI-PAGE-59EEA438A5,/ia/lending-evidence/enrolment/<str:snapshot_id>/verify,Ia Lending Enrolment Verify,action,ADMIN; CD; IA,,not-applicable-nonvisual,Pending independent review,Pending,Pending,Pending,,,Not signed off
UI-PAGE-B25D952F28,/ia/lending-evidence/outputs/<str:output_id>/,Ia Lending Output,drawer,ADMIN; CD; IA,partials/hr/form_drawer.html,pass-automated-contract,Pending independent review,Pending,Pending,Pending,,,Not signed off
UI-PAGE-A710415BC9,/ia/lending-evidence/outputs/<str:output_id>/verify,Ia Lending Output Verify,action,ADMIN; CD; IA,,not-applicable-nonvisual,Pending independent review,Pending,Pending,Pending,,,Not signed off
UI-PAGE-C972E7F6A2,/ia/lending-evidence/teachers/<str:beneficiary_id>/,Ia Lending Teacher,drawer,ADMIN; CD; IA,partials/hr/form_drawer.html,pass-automated-contract,Pending independent review,Pending,Pending,Pending,,,Not signed off
UI-PAGE-B6E55E8FF2,/ia/lending-evidence/teachers/<str:beneficiary_id>/verify,Ia Lending Teacher Verify,action,ADMIN; CD; IA,,not-applicable-nonvisual,Pending independent review,Pending,Pending,Pending,,,Not signed off
UI-PAGE-6F8D8BA07F,/ia/lending-evidence/use/<str:allocation_id>/,Ia Lending Use,drawer,ADMIN; CD; IA,partials/hr/form_drawer.html,pass-automated-contract,Pending independent review,Pending,Pending,Pending,,,Not signed off
UI-PAGE-9F539671D2,/ia/lending-evidence/use/<str:allocation_id>/verify,Ia Lending Use Verify,action,ADMIN; CD; IA,,not-applicable-nonvisual,Pending independent review,Pending,Pending,Pending,,,Not signed off
UI-PAGE-8C41E94385,/ia/notifications/,Verification Notifications · Edify,page,ADMIN; IA,pages/ia/notifications.html,pass-automated-contract,Pending independent review,Pending,Pending,Pending,,,Not signed off
UI-PAGE-BAE9F806E9,/ia/partner-evidence/,Partner Evidence · Edify,page,ADMIN; IA,pages/ia/partner_evidence_queue.html,pass-automated-contract,Pending independent review,Pending,Pending,Pending,,,Not signed off
UI-PAGE-B8A4E5AB5D,/ia/partner-evidence/<str:activity_id>/,Review · · Edify,page,ADMIN; IA,pages/ia/partner_review.html,pass-automated-contract,Pending independent review,Pending,Pending,Pending,,,Not signed off
UI-PAGE-15164DA203,/ia/partner-evidence/<str:activity_id>/complete-action,Ia Partner Complete Action,action,ADMIN; IA,,not-applicable-nonvisual,Pending independent review,Pending,Pending,Pending,,,Not signed off
UI-PAGE-83C9AD1BBB,/ia/partner-evidence/<str:activity_id>/complete-drawer,Ia Partner Complete Drawer,drawer,ADMIN; IA,partials/ia/partner_complete_drawer.html,pass-automated-contract,Pending independent review,Pending,Pending,Pending,,,Not signed off
UI-PAGE-16878A51E5,/ia/partner-evidence/<str:activity_id>/return-action,Ia Partner Return Action,action,ADMIN; IA,,not-applicable-nonvisual,Pending independent review,Pending,Pending,Pending,,,Not signed off
UI-PAGE-A62065CC3E,/ia/partner-evidence/<str:activity_id>/return-drawer,Ia Partner Return Drawer,drawer,ADMIN; IA,partials/ia/partner_return_drawer.html,pass-automated-contract,Pending independent review,Pending,Pending,Pending,,,Not signed off
UI-PAGE-0163A867E0,/ia/returned/,Returned Activities · Edify,page,ADMIN; IA,pages/ia/returned_activities.html,pass-automated-contract,Pending independent review,Pending,Pending,Pending,,,Not signed off
UI-PAGE-1BE041489D,/ia/samples/,Sample Checks · Edify,page,ADMIN; CD; IA,pages/ia/verification_samples.html,pass-automated-contract,Pending independent review,Pending,Pending,Pending,,,Not signed off
UI-PAGE-B7F73A8689,/ia/samples/<str:sample_id>/field-check,Ia Sample Field Check,action,ADMIN; CD; IA,,not-applicable-nonvisual,Pending independent review,Pending,Pending,Pending,,,Not signed off
UI-PAGE-7296E71278,/ia/samples/<str:sample_id>/outcome,Ia Sample Outcome,action,ADMIN; CD; IA,,not-applicable-nonvisual,Pending independent review,Pending,Pending,Pending,,,Not signed off
UI-PAGE-5A03C9BDB6,/ia/samples/<str:sample_id>/resolve,Ia Sample Resolve,action,ADMIN; CD; IA,,not-applicable-nonvisual,Pending independent review,Pending,Pending,Pending,,,Not signed off
UI-PAGE-E7FA5C31DB,/ia/samples/draw,Ia Sample Draw,action,ADMIN; CD; IA,,not-applicable-nonvisual,Pending independent review,Pending,Pending,Pending,,,Not signed off
UI-PAGE-E02D9364E8,/ia/school-evidence/,School Evidence · Edify,page,ADMIN; CD; IA,pages/ia/school_evidence.html,pass-automated-contract,Pending independent review,Pending,Pending,Pending,,,Not signed off
UI-PAGE-287A7E5814,/ia/school-evidence/<str:kind>/<str:record_id>/,Ia School Evidence Record,drawer,ADMIN; CD; IA,partials/hr/form_drawer.html,pass-automated-contract,Pending independent review,Pending,Pending,Pending,,,Not signed off
UI-PAGE-25197CBE23,/ia/school-evidence/<str:kind>/<str:record_id>/correct,Ia School Evidence Correct,action,ADMIN; CD; IA,,not-applicable-nonvisual,Pending independent review,Pending,Pending,Pending,,,Not signed off
UI-PAGE-1170C5FCBB,/ia/school-evidence/<str:kind>/<str:record_id>/decide,Ia School Evidence Decide,action,ADMIN; CD; IA,,not-applicable-nonvisual,Pending independent review,Pending,Pending,Pending,,,Not signed off
UI-PAGE-B06584D752,/ia/school-evidence/<str:kind>/new,Ia School Evidence New,drawer,ADMIN; CD; IA,partials/hr/form_drawer.html,pass-automated-contract,Pending independent review,Pending,Pending,Pending,,,Not signed off
UI-PAGE-6AB218D915,/ia/school-evidence/<str:kind>/save,Ia School Evidence Create,action,ADMIN; CD; IA,,not-applicable-nonvisual,Pending independent review,Pending,Pending,Pending,,,Not signed off
UI-PAGE-C0C2F88AD3,/ia/school-evidence/edtech/<str:deployment_id>/check,Ia School Evidence Check Drawer,drawer,ADMIN; CD; IA,partials/hr/form_drawer.html,pass-automated-contract,Pending independent review,Pending,Pending,Pending,,,Not signed off
UI-PAGE-DEF87681CA,/ia/school-evidence/edtech/<str:deployment_id>/check/save,Ia School Evidence Check Create,action,ADMIN; CD; IA,,not-applicable-nonvisual,Pending independent review,Pending,Pending,Pending,,,Not signed off
UI-PAGE-22DA3CC970,/ia/school-evidence/learning/template.csv,Ia School Evidence Learning Template,export,ADMIN; CD; IA,,not-applicable-nonvisual,Pending independent review,Pending,Pending,Pending,,,Not signed off
UI-PAGE-169D9A9D51,/ia/school-evidence/learning/upload,Ia School Evidence Learning Upload,action,ADMIN; CD; IA,,not-applicable-nonvisual,Pending independent review,Pending,Pending,Pending,,,Not signed off
UI-PAGE-6116946394,/ia/stories/,Most Significant Change · Edify,page,ADMIN; CD; IA,pages/ia/stories.html,pass-automated-contract,Pending independent review,Pending,Pending,Pending,,,Not signed off
UI-PAGE-99FC599EB9,/ia/stories/<str:story_id>/,Ia Story Drawer,drawer,ADMIN; CD; IA,partials/hr/form_drawer.html,pass-automated-contract,Pending independent review,Pending,Pending,Pending,,,Not signed off
UI-PAGE-4336351244,/ia/stories/<str:story_id>/decide,Ia Story Decide,action,ADMIN; CD; IA,,not-applicable-nonvisual,Pending independent review,Pending,Pending,Pending,,,Not signed off
UI-PAGE-A05C99B6EA,/ia/verification/,Verification Queue,partial,ADMIN; CD; IA,pages/ia/partials/queue_table.html; pages/ia/verification_queue.html,pass-automated-contract,Pending independent review,Pending,Pending,Pending,,,Not signed off
UI-PAGE-107DE82212,/ia/verification/<str:activity_id>/,IA Review Workspace - Edify,page,ADMIN; CD; IA,pages/ia/review_workspace.html,pass-automated-contract,Pending independent review,Pending,Pending,Pending,,,Not signed off
UI-PAGE-374CDD4882,/ia/verification/<str:activity_id>/return,Ia Return Action,action,ADMIN; CD; IA,,not-applicable-nonvisual,Pending independent review,Pending,Pending,Pending,,,Not signed off
UI-PAGE-ECFA021F35,/ia/verification/<str:activity_id>/verify,Ia Verify Action,action,ADMIN; CD; IA,,not-applicable-nonvisual,Pending independent review,Pending,Pending,Pending,,,Not signed off
UI-PAGE-BD451D2966,/impact,Impact Analytics,page,ACCOUNTANT; ADMIN; CCEO; CD; IA; PL; PROJECT_COORDINATOR; RPL; RVP,pages/analytics/workspace.html; partials/analytics/impact_workspace.html; partials/analytics/panel.html; partials/analytics/scope.html,pass-automated-contract,Pending independent review,Pending,Pending,Pending,,,Not signed off
UI-PAGE-3BE8D7DEFA,/impact-briefs/<str:release_id>/,Impact brief · · Edify,page,ADMIN; CCEO; CD; IA; PL; PROJECT_COORDINATOR; RPL,pages/ia/impact_reports_brief.html,pass-automated-contract,Pending independent review,Pending,Pending,Pending,,,Not signed off
UI-PAGE-92D9B3910D,/impact-briefs/<str:release_id>/shared,Impact Brief Shared,action,ADMIN; CCEO; CD; IA; PL; PROJECT_COORDINATOR; RPL,,not-applicable-nonvisual,Pending independent review,Pending,Pending,Pending,,,Not signed off
UI-PAGE-A353C7125C,/leave-requests,Leave Requests,action,ACCOUNTANT; ADMIN; BUSINESS_TRANSFORMATION; CCEO; CD; HR; IA; MFI_ADMIN; MFI_OFFICER; PL; PROJECT_COORDINATOR; RPL; RVP,,not-applicable-nonvisual,Pending independent review,Pending,Pending,Pending,,,Not signed off
UI-PAGE-7B2C917E1A,/leave/<str:leave_id>/attachment,Leave Attachment,export,ACCOUNTANT; ADMIN; BUSINESS_TRANSFORMATION; CCEO; CD; HR; IA; MFI_ADMIN; MFI_OFFICER; PL; PROJECT_COORDINATOR; RPL; RVP,,not-applicable-nonvisual,Pending independent review,Pending,Pending,Pending,,,Not signed off
UI-PAGE-ACA849CE31,/leave/approvals,Leave Approvals Cockpit,page,ADMIN; CD; HR; PL; RVP,pages/leave/leave_approvals.html,pass-automated-contract,Pending independent review,Pending,Pending,Pending,,,Not signed off
UI-PAGE-DD2CC2E8BC,/leave/approvals/,Leave Approvals Cockpit,page,ADMIN; CD; HR; PL; RVP,pages/leave/leave_approvals.html,pass-automated-contract,Pending independent review,Pending,Pending,Pending,,,Not signed off
UI-PAGE-6536EA8CDB,/leave/approvals/<str:leave_id>/approve,Leave Approve Action,action,ADMIN; CD; HR; PL; RVP,,not-applicable-nonvisual,Pending independent review,Pending,Pending,Pending,,,Not signed off
UI-PAGE-7A1B26BB75,/leave/approvals/<str:leave_id>/escalate,Leave Escalate Action,action,ADMIN; CD; HR; PL; RVP,,not-applicable-nonvisual,Pending independent review,Pending,Pending,Pending,,,Not signed off
UI-PAGE-68B50C60BF,/leave/approvals/<str:leave_id>/impact,Leave Impact Partial,partial,ADMIN; CD; HR; PL; RVP,partials/leave/impact_panel.html,pass-automated-contract,Pending independent review,Pending,Pending,Pending,,,Not signed off
UI-PAGE-B96B2758DD,/leave/approvals/<str:leave_id>/impact/,Leave Impact Partial,partial,ADMIN; CD; HR; PL; RVP,partials/leave/impact_panel.html,pass-automated-contract,Pending independent review,Pending,Pending,Pending,,,Not signed off
UI-PAGE-1E6B2566F7,/leave/approvals/<str:leave_id>/reassign,Leave Reassign Coverage Action,action,ADMIN; CD; HR; PL; RVP,,not-applicable-nonvisual,Pending independent review,Pending,Pending,Pending,,,Not signed off
UI-PAGE-DCAEC2D4CE,/leave/approvals/<str:leave_id>/reject,Leave Reject Action,action,ADMIN; CD; HR; PL; RVP,,not-applicable-nonvisual,Pending independent review,Pending,Pending,Pending,,,Not signed off
UI-PAGE-30B89EE086,/leave/approvals/<str:leave_id>/return,Leave Return Action,action,ADMIN; CD; HR; PL; RVP,,not-applicable-nonvisual,Pending independent review,Pending,Pending,Pending,,,Not signed off
UI-PAGE-B1CD41EF26,/leave/calendar,Team Availability Calendar,page,ACCOUNTANT; ADMIN; BUSINESS_TRANSFORMATION; CCEO; CD; HR; IA; MFI_ADMIN; MFI_OFFICER; PARTNER; PL; PROJECT_COORDINATOR; RPL; RVP,pages/leave/leave_calendar.html,pass-automated-contract,Pending independent review,Pending,Pending,Pending,,,Not signed off
UI-PAGE-6F0C87A4DD,/leave/calendar/,Team Availability Calendar,page,ACCOUNTANT; ADMIN; BUSINESS_TRANSFORMATION; CCEO; CD; HR; IA; MFI_ADMIN; MFI_OFFICER; PARTNER; PL; PROJECT_COORDINATOR; RPL; RVP,pages/leave/leave_calendar.html,pass-automated-contract,Pending independent review,Pending,Pending,Pending,,,Not signed off
UI-PAGE-E2880A64B1,/leave/calendar/activities,Leave Calendar Activities,partial,ACCOUNTANT; ADMIN; BUSINESS_TRANSFORMATION; CCEO; CD; HR; IA; MFI_ADMIN; MFI_OFFICER; PARTNER; PL; PROJECT_COORDINATOR; RPL; RVP,partials/leave/calendar_activity_panel.html,pass-automated-contract,Pending independent review,Pending,Pending,Pending,,,Not signed off
UI-PAGE-0907D00B52,/leave/coverage,Delegated Coverage Access,page,ACCOUNTANT; ADMIN; CCEO; CD; HR; IA; PL; RVP,pages/leave/leave_coverage.html,pass-automated-contract,Pending independent review,Pending,Pending,Pending,,,Not signed off
UI-PAGE-B757CD365D,/leave/coverage/,Delegated Coverage Access,page,ACCOUNTANT; ADMIN; CCEO; CD; HR; IA; PL; RVP,pages/leave/leave_coverage.html,pass-automated-contract,Pending independent review,Pending,Pending,Pending,,,Not signed off
UI-PAGE-5859F848B2,/leave/coverage/<str:assignment_id>/revoke,Revoke Coverage Action,action,ACCOUNTANT; ADMIN; CCEO; CD; HR; IA; PL; RVP,,not-applicable-nonvisual,Pending independent review,Pending,Pending,Pending,,,Not signed off
UI-PAGE-D802845898,/leave/coverage/<str:leave_id>/accept,Leave Coverage Accept Action,action,ACCOUNTANT; ADMIN; BUSINESS_TRANSFORMATION; CCEO; CD; HR; IA; MFI_ADMIN; MFI_OFFICER; PL; PROJECT_COORDINATOR; RPL; RVP,,not-applicable-nonvisual,Pending independent review,Pending,Pending,Pending,,,Not signed off
UI-PAGE-7E7EAD906E,/leave/coverage/<str:leave_id>/decline,Leave Coverage Decline Action,action,ACCOUNTANT; ADMIN; BUSINESS_TRANSFORMATION; CCEO; CD; HR; IA; MFI_ADMIN; MFI_OFFICER; PL; PROJECT_COORDINATOR; RPL; RVP,,not-applicable-nonvisual,Pending independent review,Pending,Pending,Pending,,,Not signed off
UI-PAGE-F50FCBD448,/leave/policies,HR Leave & Policy Settings,page,ADMIN; HR,pages/leave/leave_policies.html,pass-automated-contract,Pending independent review,Pending,Pending,Pending,,,Not signed off
UI-PAGE-8FB8756CBF,/leave/policies/,HR Leave & Policy Settings,page,ADMIN; HR,pages/leave/leave_policies.html,pass-automated-contract,Pending independent review,Pending,Pending,Pending,,,Not signed off
UI-PAGE-F7D5BFCB11,/leave/team-availability,Team Availability Heatmap,page,ADMIN; CD; HR; PL; RVP,pages/leave/team_availability.html,pass-automated-contract,Pending independent review,Pending,Pending,Pending,,,Not signed off
UI-PAGE-A4895DE049,/leave/team-availability/,Team Availability Heatmap,page,ADMIN; CD; HR; PL; RVP,pages/leave/team_availability.html,pass-automated-contract,Pending independent review,Pending,Pending,Pending,,,Not signed off
UI-PAGE-EC3CE390B7,/leave/tracker,Team Leave & Coverage Tracker,page,ADMIN; CD; HR; PL; RVP,pages/leave/leave_tracker.html,pass-automated-contract,Pending independent review,Pending,Pending,Pending,,,Not signed off
UI-PAGE-E46A16222A,/leave/tracker/,Team Leave & Coverage Tracker,page,ADMIN; CD; HR; PL; RVP,pages/leave/leave_tracker.html,pass-automated-contract,Pending independent review,Pending,Pending,Pending,,,Not signed off
UI-PAGE-C173B02ED1,/loan-applications/<str:application_id>/follow-up,Loan Application Follow Up,action,BUSINESS_TRANSFORMATION; CCEO; CD; IA; MFI_ADMIN; MFI_OFFICER; RVP,,not-applicable-nonvisual,Pending independent review,Pending,Pending,Pending,,,Not signed off
UI-PAGE-85BE1B44E4,/loan-applications/apply,School loan application,page,,pages/business_transformation/loan_application_public.html,pass-automated-contract,Pending independent review,Pending,Pending,Pending,,,Not signed off
UI-PAGE-256886A981,/loan-applications/export.csv,Loan Application Export,export,BUSINESS_TRANSFORMATION; CCEO; CD; IA; MFI_ADMIN; MFI_OFFICER; RVP,,not-applicable-nonvisual,Pending independent review,Pending,Pending,Pending,,,Not signed off
UI-PAGE-BAE614463F,/loans,Loans,page,BUSINESS_TRANSFORMATION; CCEO; CD; IA; MFI_ADMIN; MFI_OFFICER; RVP,pages/business_transformation/loans.html,pass-automated-contract,Pending independent review,Pending,Pending,Pending,,,Not signed off
UI-PAGE-63286BCEAE,/loans/<str:loan_id>/drawer,Loan Drawer,drawer,BUSINESS_TRANSFORMATION; CCEO; CD; IA; MFI_ADMIN; MFI_OFFICER; RVP,partials/business_transformation/loan_drawer.html,pass-automated-contract,Pending independent review,Pending,Pending,Pending,,,Not signed off
UI-PAGE-DB5A607B85,/loans/<str:loan_id>/ia-validation,Loan Ia Validation,action,BUSINESS_TRANSFORMATION; CCEO; CD; IA; MFI_ADMIN; MFI_OFFICER; RVP,,not-applicable-nonvisual,Pending independent review,Pending,Pending,Pending,,,Not signed off
UI-PAGE-6876080963,/loans/<str:loan_id>/repayment-snapshots,Loan Repayment Snapshot,action,BUSINESS_TRANSFORMATION; CCEO; CD; IA; MFI_ADMIN; MFI_OFFICER; RVP,,not-applicable-nonvisual,Pending independent review,Pending,Pending,Pending,,,Not signed off
UI-PAGE-D029D55C06,/loans/<str:loan_id>/salesforce-confirmation,Loan Salesforce Confirmation,action,BUSINESS_TRANSFORMATION; CCEO; CD; IA; MFI_ADMIN; MFI_OFFICER; RVP,,not-applicable-nonvisual,Pending independent review,Pending,Pending,Pending,,,Not signed off
UI-PAGE-AD3766E5D5,/loans/<str:loan_id>/salesforce-return,Loan Salesforce Return,action,BUSINESS_TRANSFORMATION; CCEO; CD; IA; MFI_ADMIN; MFI_OFFICER; RVP,,not-applicable-nonvisual,Pending independent review,Pending,Pending,Pending,,,Not signed off
UI-PAGE-11DB467249,/loans/export.csv,Loan Export,export,BUSINESS_TRANSFORMATION; CCEO; CD; IA; MFI_ADMIN; MFI_OFFICER; RVP,,not-applicable-nonvisual,Pending independent review,Pending,Pending,Pending,,,Not signed off
UI-PAGE-DEE6379D64,/loans/export.xlsx,Loan Excel Export,export,BUSINESS_TRANSFORMATION; CCEO; CD; IA; MFI_ADMIN; MFI_OFFICER; RVP,,not-applicable-nonvisual,Pending independent review,Pending,Pending,Pending,,,Not signed off
UI-PAGE-5144CCA312,/loans/repayment-snapshots,Loan Repayment Snapshot Save,action,BUSINESS_TRANSFORMATION; CCEO; CD; IA; MFI_ADMIN; MFI_OFFICER; RVP,,not-applicable-nonvisual,Pending independent review,Pending,Pending,Pending,,,Not signed off
UI-PAGE-9D676C663F,/loans/save,Loan Save,action,BUSINESS_TRANSFORMATION; CCEO; CD; IA; MFI_ADMIN; MFI_OFFICER; RVP,,not-applicable-nonvisual,Pending independent review,Pending,Pending,Pending,,,Not signed off
UI-PAGE-D1857EF285,/login,Sign in,page,,pages/auth/login.html,pass-automated-contract,Pending independent review,Pending,Pending,Pending,,,Not signed off
UI-PAGE-AE7E3050B4,/login/verify,Open your authenticator app,page,,pages/auth/mfa_verify.html,pass-automated-contract,Pending independent review,Pending,Pending,Pending,,,Not signed off
UI-PAGE-4526582CB6,/map,School Map · Edify,page,ADMIN; CCEO; CD; IA; PL; PROJECT_COORDINATOR; RPL,pages/map/index.html,pass-automated-contract,Pending independent review,Pending,Pending,Pending,,,Not signed off
UI-PAGE-B83F484DF3,/messages,Messages,partial,ACCOUNTANT; ADMIN; BUSINESS_TRANSFORMATION; CCEO; CD; HR; IA; MFI_ADMIN; MFI_OFFICER; PARTNER; PL; PROJECT_COORDINATOR; RPL; RVP,partials/messages/inbox_update.html; pages/messages/index.html,pass-automated-contract,Pending independent review,Pending,Pending,Pending,,,Not signed off
UI-PAGE-3B4661EEDB,/messages/,Messages,partial,ACCOUNTANT; ADMIN; BUSINESS_TRANSFORMATION; CCEO; CD; HR; IA; MFI_ADMIN; MFI_OFFICER; PARTNER; PL; PROJECT_COORDINATOR; RPL; RVP,partials/messages/inbox_update.html; pages/messages/index.html,pass-automated-contract,Pending independent review,Pending,Pending,Pending,,,Not signed off
UI-PAGE-D44BED6BF4,/messages/<str:message_id>,Message Detail,action,ACCOUNTANT; ADMIN; BUSINESS_TRANSFORMATION; CCEO; CD; HR; IA; MFI_ADMIN; MFI_OFFICER; PARTNER; PL; PROJECT_COORDINATOR; RPL; RVP,,not-applicable-nonvisual,Pending independent review,Pending,Pending,Pending,,,Not signed off
UI-PAGE-074834715C,/messages/attachments/<str:attachment_id>,Message Attachment Download,export,ACCOUNTANT; ADMIN; BUSINESS_TRANSFORMATION; CCEO; CD; HR; IA; MFI_ADMIN; MFI_OFFICER; PARTNER; PL; PROJECT_COORDINATOR; RPL; RVP,,not-applicable-nonvisual,Pending independent review,Pending,Pending,Pending,,,Not signed off
UI-PAGE-74CD8AC0AA,/messages/drawer,Messages Drawer,drawer,ACCOUNTANT; ADMIN; BUSINESS_TRANSFORMATION; CCEO; CD; HR; IA; MFI_ADMIN; MFI_OFFICER; PARTNER; PL; PROJECT_COORDINATOR; RPL; RVP,partials/messages/message_drawer.html,pass-automated-contract,Pending independent review,Pending,Pending,Pending,,,Not signed off
UI-PAGE-F2306BAC8B,/messages/new,New Message,page,ACCOUNTANT; ADMIN; BUSINESS_TRANSFORMATION; CCEO; CD; HR; IA; MFI_ADMIN; MFI_OFFICER; PARTNER; PL; PROJECT_COORDINATOR; RPL; RVP,pages/messages/new.html,pass-automated-contract,Pending independent review,Pending,Pending,Pending,,,Not signed off
UI-PAGE-22EAF00F72,/messages/new/,New Message,page,ACCOUNTANT; ADMIN; BUSINESS_TRANSFORMATION; CCEO; CD; HR; IA; MFI_ADMIN; MFI_OFFICER; PARTNER; PL; PROJECT_COORDINATOR; RPL; RVP,pages/messages/new.html,pass-automated-contract,Pending independent review,Pending,Pending,Pending,,,Not signed off
UI-PAGE-C3AD2804A6,/messages/new/records,Message Compose Records,partial,ACCOUNTANT; ADMIN; BUSINESS_TRANSFORMATION; CCEO; CD; HR; IA; MFI_ADMIN; MFI_OFFICER; PARTNER; PL; PROJECT_COORDINATOR; RPL; RVP,partials/messages/context_records.html,pass-automated-contract,Pending independent review,Pending,Pending,Pending,,,Not signed off
UI-PAGE-68F49E9B79,/messages/new/suggestions,Message Compose Suggestions,partial,ACCOUNTANT; ADMIN; BUSINESS_TRANSFORMATION; CCEO; CD; HR; IA; MFI_ADMIN; MFI_OFFICER; PARTNER; PL; PROJECT_COORDINATOR; RPL; RVP,partials/messages/recipient_suggestions.html,pass-automated-contract,Pending independent review,Pending,Pending,Pending,,,Not signed off
UI-PAGE-8AA7AF3914,/messages/new/summary,Message Compose Summary,partial,ACCOUNTANT; ADMIN; BUSINESS_TRANSFORMATION; CCEO; CD; HR; IA; MFI_ADMIN; MFI_OFFICER; PARTNER; PL; PROJECT_COORDINATOR; RPL; RVP,partials/messages/context_summary.html,pass-automated-contract,Pending independent review,Pending,Pending,Pending,,,Not signed off
UI-PAGE-01B1335022,/messages/thread/<str:thread_id>,Message Thread,partial,ACCOUNTANT; ADMIN; BUSINESS_TRANSFORMATION; CCEO; CD; HR; IA; MFI_ADMIN; MFI_OFFICER; PARTNER; PL; PROJECT_COORDINATOR; RPL; RVP,partials/messages/conversation.html,pass-automated-contract,Pending independent review,Pending,Pending,Pending,,,Not signed off
UI-PAGE-F7E8414712,/messages/thread/<str:thread_id>/archive,Message Thread Archive,action,ACCOUNTANT; ADMIN; BUSINESS_TRANSFORMATION; CCEO; CD; HR; IA; MFI_ADMIN; MFI_OFFICER; PARTNER; PL; PROJECT_COORDINATOR; RPL; RVP,,not-applicable-nonvisual,Pending independent review,Pending,Pending,Pending,,,Not signed off
UI-PAGE-F155B4F7CE,/messages/thread/<str:thread_id>/reply,Message Thread Reply,partial,ACCOUNTANT; ADMIN; BUSINESS_TRANSFORMATION; CCEO; CD; HR; IA; MFI_ADMIN; MFI_OFFICER; PARTNER; PL; PROJECT_COORDINATOR; RPL; RVP,partials/messages/conversation.html,pass-automated-contract,Pending independent review,Pending,Pending,Pending,,,Not signed off
UI-PAGE-70F6DE8C6B,/messages/thread/<str:thread_id>/star,Message Thread Star,action,ACCOUNTANT; ADMIN; BUSINESS_TRANSFORMATION; CCEO; CD; HR; IA; MFI_ADMIN; MFI_OFFICER; PARTNER; PL; PROJECT_COORDINATOR; RPL; RVP,,not-applicable-nonvisual,Pending independent review,Pending,Pending,Pending,,,Not signed off
UI-PAGE-F513132000,/mfi-portal,MFI Partner Portal,page,MFI_ADMIN; MFI_OFFICER,pages/business_transformation/mfi_portal.html,pass-automated-contract,Pending independent review,Pending,Pending,Pending,,,Not signed off
UI-PAGE-2A8C6B46DF,/mfi-portal/<str:section>,MFI Partner Portal,page,MFI_ADMIN; MFI_OFFICER,pages/business_transformation/mfi_portal.html,pass-automated-contract,Pending independent review,Pending,Pending,Pending,,,Not signed off
UI-PAGE-1339F0B471,/my-coaching,· Edify,page,ADMIN; CCEO,pages/cce_leadership/workspace.html,pass-automated-contract,Pending independent review,Pending,Pending,Pending,,,Not signed off
UI-PAGE-FB3D019B64,/my-coaching/<str:record_id>,My Coaching Drawer,drawer,ADMIN; CCEO,partials/hr/form_drawer.html,pass-automated-contract,Pending independent review,Pending,Pending,Pending,,,Not signed off
UI-PAGE-6841539442,/my-coaching/<str:record_id>/acknowledge,My Coaching Acknowledge,action,ADMIN; CCEO,,not-applicable-nonvisual,Pending independent review,Pending,Pending,Pending,,,Not signed off
UI-PAGE-00C9E3437D,/my-performance,Priorities · Edify,page,ACCOUNTANT; ADMIN; CCEO; CD; HR; IA; PL; PROJECT_COORDINATOR; RVP,pages/hr/my_performance.html,pass-automated-contract,Pending independent review,Pending,Pending,Pending,,,Not signed off
UI-PAGE-3F93C61FF3,/my-performance/development,Priorities · Edify,page,ACCOUNTANT; ADMIN; CCEO; CD; HR; IA; PL; PROJECT_COORDINATOR; RVP,pages/hr/my_performance.html,pass-automated-contract,Pending independent review,Pending,Pending,Pending,,,Not signed off
UI-PAGE-394F17A694,/my-performance/documents,Priorities · Edify,page,ACCOUNTANT; ADMIN; CCEO; CD; HR; IA; PL; PROJECT_COORDINATOR; RVP,pages/hr/my_performance.html,pass-automated-contract,Pending independent review,Pending,Pending,Pending,,,Not signed off
UI-PAGE-130CC03295,/my-performance/values,Priorities · Edify,page,ACCOUNTANT; ADMIN; CCEO; CD; HR; IA; PL; PROJECT_COORDINATOR; RVP,pages/hr/my_performance.html,pass-automated-contract,Pending independent review,Pending,Pending,Pending,,,Not signed off
UI-PAGE-81D22F3012,/my-plan,My Plan,page,ACCOUNTANT; ADMIN; CCEO; CD; IA; PARTNER; PL; PROJECT_COORDINATOR,pages/partner/my_plan.html; partials/my_plan/workspace.html; pages/my_plan/index.html,pass-automated-contract,Pending independent review,Pending,Pending,Pending,,,Not signed off
UI-PAGE-1028B8B6D6,/my-plan/<str:activity_id>,Activity Details,drawer,ACCOUNTANT; ADMIN; CCEO; CD; IA; PARTNER; PL; PROJECT_COORDINATOR,partials/my_plan/activity_detail_drawer.html; pages/my_plan/detail.html,pass-automated-contract,Pending independent review,Pending,Pending,Pending,,,Not signed off
UI-PAGE-3093D469A8,/my-plan/<str:activity_id>/accountability,Accountability Action,drawer,ACCOUNTANT; ADMIN; CCEO; CD; IA; PARTNER; PL; PROJECT_COORDINATOR,partials/my_plan/accountability_drawer.html,pass-automated-contract,Pending independent review,Pending,Pending,Pending,,,Not signed off
UI-PAGE-ACF62FD525,/my-plan/<str:activity_id>/cancel,Cancel Activity,action,ACCOUNTANT; ADMIN; CCEO; CD; IA; PARTNER; PL; PROJECT_COORDINATOR,,not-applicable-nonvisual,Pending independent review,Pending,Pending,Pending,,,Not signed off
UI-PAGE-3DDC006A6E,/my-plan/<str:activity_id>/cancel-drawer,Cancel Activity Drawer,drawer,ACCOUNTANT; ADMIN; CCEO; CD; IA; PARTNER; PL; PROJECT_COORDINATOR,partials/my_plan/cancel_drawer.html,pass-automated-contract,Pending independent review,Pending,Pending,Pending,,,Not signed off
UI-PAGE-D80C668599,/my-plan/<str:activity_id>/complete,Complete Activity,action,ACCOUNTANT; ADMIN; CCEO; CD; IA; PARTNER; PL; PROJECT_COORDINATOR,,not-applicable-nonvisual,Pending independent review,Pending,Pending,Pending,,,Not signed off
UI-PAGE-2C668C3B27,/my-plan/<str:activity_id>/complete-drawer,Complete Drawer,drawer,ACCOUNTANT; ADMIN; CCEO; CD; IA; PARTNER; PL; PROJECT_COORDINATOR,partials/my_plan/complete_drawer.html,pass-automated-contract,Pending independent review,Pending,Pending,Pending,,,Not signed off
UI-PAGE-EC0BDB34F5,/my-plan/<str:activity_id>/confirm-reimbursement-receipt,Confirm Reimbursement Receipt Action,drawer,ACCOUNTANT; ADMIN; CCEO; CD; IA; PARTNER; PL; PROJECT_COORDINATOR,partials/my_plan/confirm_reimbursement_receipt_drawer.html,pass-automated-contract,Pending independent review,Pending,Pending,Pending,,,Not signed off
UI-PAGE-C0BD71EBE9,/my-plan/<str:activity_id>/learning-results,Onetest Results Drawer,drawer,ACCOUNTANT; ADMIN; CCEO; CD; IA; PARTNER; PL; PROJECT_COORDINATOR,partials/hr/form_drawer.html,pass-automated-contract,Pending independent review,Pending,Pending,Pending,,,Not signed off
UI-PAGE-DEC93D9806,/my-plan/<str:activity_id>/learning-results/save,Onetest Results Save,action,ACCOUNTANT; ADMIN; CCEO; CD; IA; PARTNER; PL; PROJECT_COORDINATOR,,not-applicable-nonvisual,Pending independent review,Pending,Pending,Pending,,,Not signed off
UI-PAGE-82480F4141,/my-plan/<str:activity_id>/request-amendment,Request Budget Amendment,action,ACCOUNTANT; ADMIN; CCEO; CD; IA; PARTNER; PL; PROJECT_COORDINATOR,,not-applicable-nonvisual,Pending independent review,Pending,Pending,Pending,,,Not signed off
UI-PAGE-95DB260DE8,/my-plan/<str:activity_id>/reschedule,Reschedule Activity,action,ACCOUNTANT; ADMIN; CCEO; CD; IA; PARTNER; PL; PROJECT_COORDINATOR,,not-applicable-nonvisual,Pending independent review,Pending,Pending,Pending,,,Not signed off
UI-PAGE-34CF71A1B7,/my-plan/<str:activity_id>/reschedule-drawer,Reschedule Drawer,drawer,ACCOUNTANT; ADMIN; CCEO; CD; IA; PARTNER; PL; PROJECT_COORDINATOR,partials/planning/schedule_drawer.html,pass-automated-contract,Pending independent review,Pending,Pending,Pending,,,Not signed off
UI-PAGE-6937A8BBE4,/my-plan/day-package,My Plan Day Package,action,ACCOUNTANT; ADMIN; CCEO; CD; IA; PARTNER; PL; PROJECT_COORDINATOR,,not-applicable-nonvisual,Pending independent review,Pending,Pending,Pending,,,Not signed off
UI-PAGE-A9CC7B99B9,/my-professional-development,My Professional Development,partial,ACCOUNTANT; ADMIN; CCEO; CD; HR; IA; PL; PROJECT_COORDINATOR; RVP,partials/professional_development/body.html; pages/professional_development/index.html,pass-automated-contract,Pending independent review,Pending,Pending,Pending,,,Not signed off
UI-PAGE-66957B5B06,/my-professional-development/,My Professional Development,partial,ACCOUNTANT; ADMIN; CCEO; CD; HR; IA; PL; PROJECT_COORDINATOR; RVP,partials/professional_development/body.html; pages/professional_development/index.html,pass-automated-contract,Pending independent review,Pending,Pending,Pending,,,Not signed off
UI-PAGE-3674FD9513,/my-professional-development/allocation-history,Pd Allocation History,drawer,ACCOUNTANT; ADMIN; CCEO; CD; HR; IA; PL; PROJECT_COORDINATOR; RVP,partials/professional_development/allocation_history_drawer.html,pass-automated-contract,Pending independent review,Pending,Pending,Pending,,,Not signed off
UI-PAGE-CD383B1121,/my-professional-development/certificate/<str:file_id>,Pd Certificate File,action,ACCOUNTANT; ADMIN; CCEO; CD; HR; IA; PL; PROJECT_COORDINATOR; RVP,,not-applicable-nonvisual,Pending independent review,Pending,Pending,Pending,,,Not signed off
UI-PAGE-8A5F4B676E,/my-professional-development/evidence/<str:file_id>,Pd Evidence File,action,ACCOUNTANT; ADMIN; CCEO; CD; HR; IA; PL; PROJECT_COORDINATOR; RVP,,not-applicable-nonvisual,Pending independent review,Pending,Pending,Pending,,,Not signed off
UI-PAGE-BF0AB79ABA,/my-professional-development/export,Pd Export,export,ACCOUNTANT; ADMIN; CCEO; CD; HR; IA; PL; PROJECT_COORDINATOR; RVP,,not-applicable-nonvisual,Pending independent review,Pending,Pending,Pending,,,Not signed off
UI-PAGE-7DE4E2082D,/my-professional-development/fund/<str:fund_request_id>/action,Pd Fund Action,action,ACCOUNTANT; ADMIN; CCEO; CD; HR; IA; PL; PROJECT_COORDINATOR; RVP,,not-applicable-nonvisual,Pending independent review,Pending,Pending,Pending,,,Not signed off
UI-PAGE-59CB65846A,/my-professional-development/request,Pd Request,partial,ACCOUNTANT; ADMIN; CCEO; CD; HR; IA; PL; PROJECT_COORDINATOR; RVP,partials/professional_development/request_form.html,pass-automated-contract,Pending independent review,Pending,Pending,Pending,,,Not signed off
UI-PAGE-94B9DA355F,/my-professional-development/request/<str:request_id>/action,Pd Action,action,ACCOUNTANT; ADMIN; CCEO; CD; HR; IA; PL; PROJECT_COORDINATOR; RVP,,not-applicable-nonvisual,Pending independent review,Pending,Pending,Pending,,,Not signed off
UI-PAGE-E1DCBDF21B,/my-professional-development/request/<str:request_id>/certificate,Pd Certificate Upload,action,ACCOUNTANT; ADMIN; CCEO; CD; HR; IA; PL; PROJECT_COORDINATOR; RVP,,not-applicable-nonvisual,Pending independent review,Pending,Pending,Pending,,,Not signed off
UI-PAGE-DB37D19B27,/my-professional-development/request/<str:request_id>/evidence,Pd Evidence Upload,action,ACCOUNTANT; ADMIN; CCEO; CD; HR; IA; PL; PROJECT_COORDINATOR; RVP,,not-applicable-nonvisual,Pending independent review,Pending,Pending,Pending,,,Not signed off
UI-PAGE-17269F5939,/my-targets,My Targets,partial,ADMIN; CCEO; IA; PARTNER; PL; PROJECT_COORDINATOR,partials/targets/my_body.html; pages/targets/index.html,pass-automated-contract,Pending independent review,Pending,Pending,Pending,,,Not signed off
UI-PAGE-51EB10E6E7,/my-targets/area-drawer,My Targets Area Drawer,drawer,ADMIN; CCEO; IA; PARTNER; PL; PROJECT_COORDINATOR,partials/targets/area_drawer.html,pass-automated-contract,Pending independent review,Pending,Pending,Pending,,,Not signed off
UI-PAGE-26D49EB5F1,/my-targets/export,My Targets Export,export,ADMIN; CCEO; IA; PARTNER; PL; PROJECT_COORDINATOR,,not-applicable-nonvisual,Pending independent review,Pending,Pending,Pending,,,Not signed off
UI-PAGE-80804A5F4B,/my-targets/mscs,My Targets Mscs,action,ADMIN; CCEO; IA; PARTNER; PL; PROJECT_COORDINATOR,,not-applicable-nonvisual,Pending independent review,Pending,Pending,Pending,,,Not signed off
UI-PAGE-149A7654FC,/my-team,My Team · Edify,page,ADMIN; PL,pages/my_team/index.html,pass-automated-contract,Pending independent review,Pending,Pending,Pending,,,Not signed off
UI-PAGE-E808A3A1BC,/notifications,Notifications Center,page,ACCOUNTANT; ADMIN; BUSINESS_TRANSFORMATION; CCEO; CD; HR; IA; MFI_ADMIN; MFI_OFFICER; PARTNER; PL; PROJECT_COORDINATOR; RPL; RVP,pages/notifications/index.html,pass-automated-contract,Pending independent review,Pending,Pending,Pending,,,Not signed off
UI-PAGE-D4CC699CE9,/notifications/,Notifications Center,page,ACCOUNTANT; ADMIN; BUSINESS_TRANSFORMATION; CCEO; CD; HR; IA; MFI_ADMIN; MFI_OFFICER; PARTNER; PL; PROJECT_COORDINATOR; RPL; RVP,pages/notifications/index.html,pass-automated-contract,Pending independent review,Pending,Pending,Pending,,,Not signed off
UI-PAGE-E788473911,/notifications/<str:notif_id>/read,Mark Notif Read,drawer,ACCOUNTANT; ADMIN; BUSINESS_TRANSFORMATION; CCEO; CD; HR; IA; MFI_ADMIN; MFI_OFFICER; PARTNER; PL; PROJECT_COORDINATOR; RPL; RVP,partials/notifications/notification_drawer_list.html,pass-automated-contract,Pending independent review,Pending,Pending,Pending,,,Not signed off
UI-PAGE-0D3E8983C0,/notifications/drawer,Notifications Drawer,drawer,ACCOUNTANT; ADMIN; BUSINESS_TRANSFORMATION; CCEO; CD; HR; IA; MFI_ADMIN; MFI_OFFICER; PARTNER; PL; PROJECT_COORDINATOR; RPL; RVP,partials/notifications/notification_drawer.html,pass-automated-contract,Pending independent review,Pending,Pending,Pending,,,Not signed off
UI-PAGE-45CD52E6FC,/notifications/mark-all-read,Mark All Notifications Read,drawer,ACCOUNTANT; ADMIN; BUSINESS_TRANSFORMATION; CCEO; CD; HR; IA; MFI_ADMIN; MFI_OFFICER; PARTNER; PL; PROJECT_COORDINATOR; RPL; RVP,partials/notifications/notification_drawer_list.html,pass-automated-contract,Pending independent review,Pending,Pending,Pending,,,Not signed off
UI-PAGE-CA1DBB98A4,/offboarding,· Edify,page,ADMIN; HR,pages/hr/module_workspace.html,pass-automated-contract,Pending independent review,Pending,Pending,Pending,,,Not signed off
UI-PAGE-28D0D15834,/offboarding/<str:plan_id>,Offboarding Drawer,drawer,ADMIN; HR,partials/hr/form_drawer.html,pass-automated-contract,Pending independent review,Pending,Pending,Pending,,,Not signed off
UI-PAGE-DC627E0456,/offboarding/<str:plan_id>/close,Offboarding Close,action,ADMIN; HR,,not-applicable-nonvisual,Pending independent review,Pending,Pending,Pending,,,Not signed off
UI-PAGE-62A35A018A,/offboarding/new,Offboarding Start Drawer,drawer,ADMIN; HR,partials/hr/form_drawer.html,pass-automated-contract,Pending independent review,Pending,Pending,Pending,,,Not signed off
UI-PAGE-8D06EDDD8A,/offboarding/start,Offboarding Start,action,ADMIN; HR,,not-applicable-nonvisual,Pending independent review,Pending,Pending,Pending,,,Not signed off
UI-PAGE-08B3C226D4,/offline,Offline,page,,pages/offline.html,pass-automated-contract,Pending independent review,Pending,Pending,Pending,,,Not signed off
UI-PAGE-99A6BD1230,/onboarding,· Edify,page,ADMIN; HR,pages/hr/module_workspace.html,pass-automated-contract,Pending independent review,Pending,Pending,Pending,,,Not signed off
UI-PAGE-3DFE6D3724,/onboarding/<str:plan_id>,Onboarding Drawer,drawer,ADMIN; HR,partials/hr/form_drawer.html,pass-automated-contract,Pending independent review,Pending,Pending,Pending,,,Not signed off
UI-PAGE-1E22EB77D2,/onboarding/<str:plan_id>/record,Onboarding Record,action,ADMIN; HR,,not-applicable-nonvisual,Pending independent review,Pending,Pending,Pending,,,Not signed off
UI-PAGE-9A561927AF,/org-structure,· Edify,page,ADMIN; HR,pages/hr/module_workspace.html,pass-automated-contract,Pending independent review,Pending,Pending,Pending,,,Not signed off
UI-PAGE-CED66A2471,/partials/clusters/<str:cluster_id>/schools,Cluster Schools Partial,partial,ACCOUNTANT; ADMIN; CCEO; CD; IA; PL; PROJECT_COORDINATOR,partials/clusters/cluster_schools_table.html,pass-automated-contract,Pending independent review,Pending,Pending,Pending,,,Not signed off
UI-PAGE-A1BC57DE66,/partials/costing/preview,Cost Preview,partial,ACCOUNTANT; ADMIN; CCEO; CD; IA; PL; PROJECT_COORDINATOR,partials/cost_preview.html,pass-automated-contract,Pending independent review,Pending,Pending,Pending,,,Not signed off
UI-PAGE-7094F59CAA,/partner-engagements/<str:engagement_id>,Partner Engagement Drawer,drawer,ACCOUNTANT; ADMIN; BUSINESS_TRANSFORMATION; CCEO; CD; HR; IA; MFI_ADMIN; MFI_OFFICER; PARTNER; PL; PROJECT_COORDINATOR; RPL; RVP,partials/hr/form_drawer.html,pass-automated-contract,Pending independent review,Pending,Pending,Pending,,,Not signed off
UI-PAGE-2428BF151D,/partner-engagements/<str:engagement_id>/follow-up,Partner Engagement Follow Up Drawer,drawer,ACCOUNTANT; ADMIN; BUSINESS_TRANSFORMATION; CCEO; CD; HR; IA; MFI_ADMIN; MFI_OFFICER; PARTNER; PL; PROJECT_COORDINATOR; RPL; RVP,partials/hr/form_drawer.html,pass-automated-contract,Pending independent review,Pending,Pending,Pending,,,Not signed off
UI-PAGE-120A43A500,/partner-engagements/<str:engagement_id>/follow-up/save,Partner Engagement Follow Up,action,ACCOUNTANT; ADMIN; BUSINESS_TRANSFORMATION; CCEO; CD; HR; IA; MFI_ADMIN; MFI_OFFICER; PARTNER; PL; PROJECT_COORDINATOR; RPL; RVP,,not-applicable-nonvisual,Pending independent review,Pending,Pending,Pending,,,Not signed off
UI-PAGE-39821900DF,/partner-engagements/<str:engagement_id>/share,Partner Engagement Share Drawer,drawer,ACCOUNTANT; ADMIN; BUSINESS_TRANSFORMATION; CCEO; CD; HR; IA; MFI_ADMIN; MFI_OFFICER; PARTNER; PL; PROJECT_COORDINATOR; RPL; RVP,partials/hr/form_drawer.html,pass-automated-contract,Pending independent review,Pending,Pending,Pending,,,Not signed off
UI-PAGE-2924B45F0A,/partner-engagements/<str:engagement_id>/share/save,Partner Engagement Share,action,ACCOUNTANT; ADMIN; BUSINESS_TRANSFORMATION; CCEO; CD; HR; IA; MFI_ADMIN; MFI_OFFICER; PARTNER; PL; PROJECT_COORDINATOR; RPL; RVP,,not-applicable-nonvisual,Pending independent review,Pending,Pending,Pending,,,Not signed off
UI-PAGE-634CC67BF6,/partner-engagements/<str:engagement_id>/update,Partner Engagement Update,action,ACCOUNTANT; ADMIN; BUSINESS_TRANSFORMATION; CCEO; CD; HR; IA; MFI_ADMIN; MFI_OFFICER; PARTNER; PL; PROJECT_COORDINATOR; RPL; RVP,,not-applicable-nonvisual,Pending independent review,Pending,Pending,Pending,,,Not signed off
UI-PAGE-DB77CF9E76,/partner-engagements/new,Partner Engagement New Drawer,drawer,ACCOUNTANT; ADMIN; BUSINESS_TRANSFORMATION; CCEO; CD; HR; IA; MFI_ADMIN; MFI_OFFICER; PARTNER; PL; PROJECT_COORDINATOR; RPL; RVP,partials/hr/form_drawer.html,pass-automated-contract,Pending independent review,Pending,Pending,Pending,,,Not signed off
UI-PAGE-55A0B1C6EA,/partner-engagements/record,Partner Engagement Record,action,ACCOUNTANT; ADMIN; BUSINESS_TRANSFORMATION; CCEO; CD; HR; IA; MFI_ADMIN; MFI_OFFICER; PARTNER; PL; PROJECT_COORDINATOR; RPL; RVP,,not-applicable-nonvisual,Pending independent review,Pending,Pending,Pending,,,Not signed off
UI-PAGE-A14F031C98,/partner-oversight/,Partner Oversight · Edify,partial,ACCOUNTANT; ADMIN; CCEO; CD; IA; PL; RVP,partials/oversight/partner_workspace.html; pages/oversight/partner_oversight.html,pass-automated-contract,Pending independent review,Pending,Pending,Pending,,,Not signed off
UI-PAGE-48931D8B35,/partner-oversight/allowance-drawer,Partner Allowance Drawer,drawer,ACCOUNTANT; ADMIN; CCEO; CD; IA; PL; RVP,partials/oversight/allowance_grant_drawer.html,pass-automated-contract,Pending independent review,Pending,Pending,Pending,,,Not signed off
UI-PAGE-619586CF5E,/partner-oversight/allowance-grant,Partner Allowance Grant,action,ACCOUNTANT; ADMIN; CCEO; CD; IA; PL; RVP,,not-applicable-nonvisual,Pending independent review,Pending,Pending,Pending,,,Not signed off
UI-PAGE-D3C1BC6314,/partner-oversight/detail,Partner Oversight Detail,drawer,ACCOUNTANT; ADMIN; CCEO; CD; IA; PL; RVP,partials/oversight/partner_detail_drawer.html,pass-automated-contract,Pending independent review,Pending,Pending,Pending,,,Not signed off
UI-PAGE-43F04DB2BD,/partner-oversight/export,Partner Oversight Export,export,ACCOUNTANT; ADMIN; CCEO; CD; IA; PL; RVP,,not-applicable-nonvisual,Pending independent review,Pending,Pending,Pending,,,Not signed off
UI-PAGE-7D18F54818,/partner-oversight/send,Partner Oversight Send,action,ACCOUNTANT; ADMIN; CCEO; CD; IA; PL; RVP,,not-applicable-nonvisual,Pending independent review,Pending,Pending,Pending,,,Not signed off
UI-PAGE-2E9357EB4A,/partner-oversight/withdraw,Partner Withdrawal Preview,drawer,ACCOUNTANT; ADMIN; CCEO; CD; IA; PL; RVP,partials/oversight/withdrawal_drawer.html,pass-automated-contract,Pending independent review,Pending,Pending,Pending,,,Not signed off
UI-PAGE-F82160D685,/partner-oversight/withdraw/review,Partner Withdrawal Review,action,ACCOUNTANT; ADMIN; CCEO; CD; IA; PL; RVP,,not-applicable-nonvisual,Pending independent review,Pending,Pending,Pending,,,Not signed off
UI-PAGE-1F7D5AC355,/partner-oversight/withdraw/submit,Partner Withdrawal Submit,action,ACCOUNTANT; ADMIN; CCEO; CD; IA; PL; RVP,,not-applicable-nonvisual,Pending independent review,Pending,Pending,Pending,,,Not signed off
UI-PAGE-237AD341EA,/partner/activities,Activities · Partner Portal · Edify,page,ADMIN; PARTNER,pages/partner/activities.html,pass-automated-contract,Pending independent review,Pending,Pending,Pending,,,Not signed off
UI-PAGE-523407557E,/partner/activities/<str:activity_id>/evidence,Evidence · · Edify,page,ADMIN; PARTNER,pages/partner/activity_workroom.html,pass-automated-contract,Pending independent review,Pending,Pending,Pending,,,Not signed off
UI-PAGE-4B2A1D5071,/partner/activities/<str:activity_id>/start-action,Partner Activity Start,action,ADMIN; PARTNER,,not-applicable-nonvisual,Pending independent review,Pending,Pending,Pending,,,Not signed off
UI-PAGE-93D5071A1C,/partner/activities/<str:activity_id>/submit-action,Partner Activity Submit,action,ADMIN; PARTNER,,not-applicable-nonvisual,Pending independent review,Pending,Pending,Pending,,,Not signed off
UI-PAGE-CA17CE1A77,/partner/assigned-activities,· Edify,page,ADMIN; PARTNER,pages/partner/assigned_list.html,pass-automated-contract,Pending independent review,Pending,Pending,Pending,,,Not signed off
UI-PAGE-02C76E57B9,/partner/assigned-schools,· Edify,page,ADMIN; PARTNER,pages/partner/assigned_list.html,pass-automated-contract,Pending independent review,Pending,Pending,Pending,,,Not signed off
UI-PAGE-1CE08556A6,/partner/assignments,Assigned Activities · Edify,page,ADMIN; PARTNER,pages/partner/assignments.html,pass-automated-contract,Pending independent review,Pending,Pending,Pending,,,Not signed off
UI-PAGE-E0ED3447BD,/partner/assignments/<str:assignment_id>,Assignment · · Edify,page,ADMIN; PARTNER,pages/partner/assignment_detail.html,pass-automated-contract,Pending independent review,Pending,Pending,Pending,,,Not signed off
UI-PAGE-3C9553820A,/partner/assignments/<str:assignment_id>/return-action,Partner Return Assignment Action,action,ADMIN; PARTNER,,not-applicable-nonvisual,Pending independent review,Pending,Pending,Pending,,,Not signed off
UI-PAGE-658BD7E25B,/partner/assignments/<str:assignment_id>/return-drawer,Partner Return Assignment Drawer,drawer,ADMIN; PARTNER,partials/partners/return_assignment_drawer.html,pass-automated-contract,Pending independent review,Pending,Pending,Pending,,,Not signed off
UI-PAGE-181E3DBB7D,/partner/assignments/<str:assignment_id>/schedule-action,Partner Schedule Assignment Action,action,ADMIN; PARTNER,,not-applicable-nonvisual,Pending independent review,Pending,Pending,Pending,,,Not signed off
UI-PAGE-74859F9B1F,/partner/assignments/<str:assignment_id>/schedule-drawer,Partner Schedule Assignment Drawer,drawer,ADMIN; PARTNER,partials/partners/schedule_assignment_drawer.html,pass-automated-contract,Pending independent review,Pending,Pending,Pending,,,Not signed off
UI-PAGE-1C8729C041,/partner/completed,Completed Work &amp; Payments · Edify,page,ADMIN; PARTNER,pages/partner/completed_payments.html,pass-automated-contract,Pending independent review,Pending,Pending,Pending,,,Not signed off
UI-PAGE-304233AF05,/partner/evidence,Evidence · Partner Portal · Edify,page,ADMIN; PARTNER,pages/partner/evidence.html,pass-automated-contract,Pending independent review,Pending,Pending,Pending,,,Not signed off
UI-PAGE-78B71BDA8A,/partner/invoices,Partner Invoice Submit,action,ADMIN; PARTNER,,not-applicable-nonvisual,Pending independent review,Pending,Pending,Pending,,,Not signed off
UI-PAGE-DB92962529,/partner/invoices/new,Partner Invoice Drawer,drawer,ADMIN; PARTNER,partials/partner/invoice_drawer.html,pass-automated-contract,Pending independent review,Pending,Pending,Pending,,,Not signed off
UI-PAGE-A65A183218,/partner/my-plan,Partner My Plan,action,ADMIN; PARTNER,,not-applicable-nonvisual,Pending independent review,Pending,Pending,Pending,,,Not signed off
UI-PAGE-E201A7C900,/partner/schools,Assigned Schools · Partner Portal · Edify,page,ADMIN; PARTNER,pages/partner/schools.html,pass-automated-contract,Pending independent review,Pending,Pending,Pending,,,Not signed off
UI-PAGE-6891C1794D,/partner/today,Partner Today,action,ADMIN; PARTNER,,not-applicable-nonvisual,Pending independent review,Pending,Pending,Pending,,,Not signed off
UI-PAGE-17F9B66823,/partners,Partner Activities,page,ACCOUNTANT; ADMIN; BUSINESS_TRANSFORMATION; CCEO; CD; HR; IA; MFI_ADMIN; MFI_OFFICER; PARTNER; PL; PROJECT_COORDINATOR; RPL; RVP,pages/partners/index.html,pass-automated-contract,Pending independent review,Pending,Pending,Pending,,,Not signed off
UI-PAGE-68972438CC,/partners/<str:partner_id>,Edify,page,ACCOUNTANT; ADMIN; BUSINESS_TRANSFORMATION; CCEO; CD; HR; IA; MFI_ADMIN; MFI_OFFICER; PARTNER; PL; PROJECT_COORDINATOR; RPL; RVP,pages/partners/detail.html,pass-automated-contract,Pending independent review,Pending,Pending,Pending,,,Not signed off
UI-PAGE-E3651EDE84,/partners/<str:partner_id>/edit-drawer,Partner Edit Drawer,drawer,ACCOUNTANT; ADMIN; BUSINESS_TRANSFORMATION; CCEO; CD; HR; IA; MFI_ADMIN; MFI_OFFICER; PARTNER; PL; PROJECT_COORDINATOR; RPL; RVP,partials/partners/edit_drawer.html,pass-automated-contract,Pending independent review,Pending,Pending,Pending,,,Not signed off
UI-PAGE-D79E38D41C,/partners/<str:partner_id>/members,Partner Member Action,action,ACCOUNTANT; ADMIN; BUSINESS_TRANSFORMATION; CCEO; CD; HR; IA; MFI_ADMIN; MFI_OFFICER; PARTNER; PL; PROJECT_COORDINATOR; RPL; RVP,,not-applicable-nonvisual,Pending independent review,Pending,Pending,Pending,,,Not signed off
UI-PAGE-4E3422B820,/partners/<str:partner_id>/members/drawer,Partner Member Drawer,drawer,ACCOUNTANT; ADMIN; BUSINESS_TRANSFORMATION; CCEO; CD; HR; IA; MFI_ADMIN; MFI_OFFICER; PARTNER; PL; PROJECT_COORDINATOR; RPL; RVP,partials/partners/member_drawer.html,pass-automated-contract,Pending independent review,Pending,Pending,Pending,,,Not signed off
UI-PAGE-748EB16E46,/partners/<str:partner_id>/status,Partner Status,action,ACCOUNTANT; ADMIN; BUSINESS_TRANSFORMATION; CCEO; CD; HR; IA; MFI_ADMIN; MFI_OFFICER; PARTNER; PL; PROJECT_COORDINATOR; RPL; RVP,,not-applicable-nonvisual,Pending independent review,Pending,Pending,Pending,,,Not signed off
UI-PAGE-C6043D2C4C,/partners/create,Create Partner,drawer,ACCOUNTANT; ADMIN; BUSINESS_TRANSFORMATION; CCEO; CD; HR; IA; MFI_ADMIN; MFI_OFFICER; PARTNER; PL; PROJECT_COORDINATOR; RPL; RVP,partials/partners/create_partner_drawer.html,pass-automated-contract,Pending independent review,Pending,Pending,Pending,,,Not signed off
UI-PAGE-4D179B38E1,/payroll-readiness,· Edify,page,ACCOUNTANT; ADMIN; HR,pages/hr/module_workspace.html,pass-automated-contract,Pending independent review,Pending,Pending,Pending,,,Not signed off
UI-PAGE-2703FFD952,/performance-conversation,· Edify,page,ACCOUNTANT; ADMIN; CCEO; CD; HR; IA; PL; PROJECT_COORDINATOR; RVP,pages/hr/performance_conversation.html,pass-automated-contract,Pending independent review,Pending,Pending,Pending,,,Not signed off
UI-PAGE-9DBC537708,/performance-conversation/<str:review_id>/acknowledge,Performance Acknowledge,action,ACCOUNTANT; ADMIN; CCEO; CD; HR; IA; PL; PROJECT_COORDINATOR; RVP,,not-applicable-nonvisual,Pending independent review,Pending,Pending,Pending,,,Not signed off
UI-PAGE-51B5B1F21B,/performance-conversation/<str:review_id>/agree-priorities,Performance Agree Priorities,action,ACCOUNTANT; ADMIN; CCEO; CD; HR; IA; PL; PROJECT_COORDINATOR; RVP,,not-applicable-nonvisual,Pending independent review,Pending,Pending,Pending,,,Not signed off
UI-PAGE-39ACAF881B,/performance-conversation/<str:review_id>/document/<str:window>,Conversation Record · Edify,page,ACCOUNTANT; ADMIN; CCEO; CD; HR; IA; PL; PROJECT_COORDINATOR; RVP,pages/hr/conversation_document.html,pass-automated-contract,Pending independent review,Pending,Pending,Pending,,,Not signed off
UI-PAGE-6F587BE6C9,/performance-conversation/<str:review_id>/sign-off,Performance Signoff,action,ACCOUNTANT; ADMIN; CCEO; CD; HR; IA; PL; PROJECT_COORDINATOR; RVP,,not-applicable-nonvisual,Pending independent review,Pending,Pending,Pending,,,Not signed off
UI-PAGE-E9C534D90A,/performance-conversation/priority/<str:priority_id>/save,Performance Input Save,action,ACCOUNTANT; ADMIN; CCEO; CD; HR; IA; PL; PROJECT_COORDINATOR; RVP,,not-applicable-nonvisual,Pending independent review,Pending,Pending,Pending,,,Not signed off
UI-PAGE-66265DC120,/performance-conversation/value/<str:commitment_id>/save,Performance Value Save,action,ACCOUNTANT; ADMIN; CCEO; CD; HR; IA; PL; PROJECT_COORDINATOR; RVP,,not-applicable-nonvisual,Pending independent review,Pending,Pending,Pending,,,Not signed off
UI-PAGE-FEC3ADCF78,/performance-reviews,· Edify,page,ADMIN; CD; HR; PL,pages/hr/module_workspace.html,pass-automated-contract,Pending independent review,Pending,Pending,Pending,,,Not signed off
UI-PAGE-354829C91A,/personal-time-off,Personal Time Off · Edify,page,ACCOUNTANT; ADMIN; BUSINESS_TRANSFORMATION; CCEO; CD; HR; IA; MFI_ADMIN; MFI_OFFICER; PL; PROJECT_COORDINATOR; RPL; RVP,pages/leave/personal_time_off.html,pass-automated-contract,Pending independent review,Pending,Pending,Pending,,,Not signed off
UI-PAGE-926EDC0255,/personal-time-off/,Personal Time Off · Edify,page,ACCOUNTANT; ADMIN; BUSINESS_TRANSFORMATION; CCEO; CD; HR; IA; MFI_ADMIN; MFI_OFFICER; PL; PROJECT_COORDINATOR; RPL; RVP,pages/leave/personal_time_off.html,pass-automated-contract,Pending independent review,Pending,Pending,Pending,,,Not signed off
UI-PAGE-E3DCA613F4,/personal-time-off/eligible-cover,Eligible Cover Api,action,ACCOUNTANT; ADMIN; BUSINESS_TRANSFORMATION; CCEO; CD; HR; IA; MFI_ADMIN; MFI_OFFICER; PL; PROJECT_COORDINATOR; RPL; RVP,,not-applicable-nonvisual,Pending independent review,Pending,Pending,Pending,,,Not signed off
UI-PAGE-2C8CECE1C4,/personal-time-off/request,Request Leave Drawer,drawer,ACCOUNTANT; ADMIN; BUSINESS_TRANSFORMATION; CCEO; CD; HR; IA; MFI_ADMIN; MFI_OFFICER; PL; PROJECT_COORDINATOR; RPL; RVP,partials/leave/request_leave_drawer.html,pass-automated-contract,Pending independent review,Pending,Pending,Pending,,,Not signed off
UI-PAGE-9508BC10E6,/personal-time-off/request/,Request Leave Drawer View,drawer,ACCOUNTANT; ADMIN; BUSINESS_TRANSFORMATION; CCEO; CD; HR; IA; MFI_ADMIN; MFI_OFFICER; PL; PROJECT_COORDINATOR; RPL; RVP,partials/leave/request_leave_drawer.html,pass-automated-contract,Pending independent review,Pending,Pending,Pending,,,Not signed off
UI-PAGE-6505F2DCFE,/pl/review-queue,Completion Reviews · Edify,page,ADMIN; PL,pages/my_plan/pl_queue.html,pass-automated-contract,Pending independent review,Pending,Pending,Pending,,,Not signed off
UI-PAGE-C057B93829,/pl/review-queue/<str:activity_id>/confirm,Pl Confirm,action,ADMIN; PL,,not-applicable-nonvisual,Pending independent review,Pending,Pending,Pending,,,Not signed off
UI-PAGE-4A1A757947,/pl/review-queue/<str:activity_id>/drawer,Pl Review Drawer,drawer,ADMIN; PL,partials/hr/form_drawer.html,pass-automated-contract,Pending independent review,Pending,Pending,Pending,,,Not signed off
UI-PAGE-5B9704236A,/pl/review-queue/<str:activity_id>/return,Pl Return,action,ADMIN; PL,,not-applicable-nonvisual,Pending independent review,Pending,Pending,Pending,,,Not signed off
UI-PAGE-80D35194CE,/pl/review-queue/<str:activity_id>/return-drawer,Pl Return Drawer,drawer,ADMIN; PL,partials/hr/form_drawer.html,pass-automated-contract,Pending independent review,Pending,Pending,Pending,,,Not signed off
UI-PAGE-5F1957110F,/planning,Planning,partial,ACCOUNTANT; ADMIN; CCEO; CD; IA; PL; PROJECT_COORDINATOR,partials/planning/school_table.html; pages/planning/index.html,pass-automated-contract,Pending independent review,Pending,Pending,Pending,,,Not signed off
UI-PAGE-2460A9454D,/planning/assign-partner-action,Planning Assign Partner Action,action,ACCOUNTANT; ADMIN; CCEO; CD; IA; PL; PROJECT_COORDINATOR,,not-applicable-nonvisual,Pending independent review,Pending,Pending,Pending,,,Not signed off
UI-PAGE-39DFC686C6,/planning/assign-partner-modal,Planning Assign Partner Modal,drawer,ACCOUNTANT; ADMIN; CCEO; CD; IA; PL; PROJECT_COORDINATOR,partials/planning/assign_partner_drawer.html,pass-automated-contract,Pending independent review,Pending,Pending,Pending,,,Not signed off
UI-PAGE-E0F3508137,/planning/bulk-action,Planning Bulk Action,action,ACCOUNTANT; ADMIN; CCEO; CD; IA; PL; PROJECT_COORDINATOR,,not-applicable-nonvisual,Pending independent review,Pending,Pending,Pending,,,Not signed off
UI-PAGE-CDB4BA67D1,/planning/intelligence,Planning Intelligence,action,ACCOUNTANT; ADMIN; CCEO; CD; IA; PL; PROJECT_COORDINATOR,,not-applicable-nonvisual,Pending independent review,Pending,Pending,Pending,,,Not signed off
UI-PAGE-70E52CFA17,/planning/route-preview,Planning Route Preview,partial,ACCOUNTANT; ADMIN; CCEO; CD; IA; PL; PROJECT_COORDINATOR,partials/planning/route_preview.html,pass-automated-contract,Pending independent review,Pending,Pending,Pending,,,Not signed off
UI-PAGE-739AAF8574,/planning/schedule,Schedule Activity - Edify Command Center,page,ACCOUNTANT; ADMIN; CCEO; CD; IA; PL; PROJECT_COORDINATOR,pages/planning/schedule.html,pass-automated-contract,Pending independent review,Pending,Pending,Pending,,,Not signed off
UI-PAGE-CB5D63ABE3,/planning/schedule-action,Planning Schedule Action,action,ACCOUNTANT; ADMIN; CCEO; CD; IA; PL; PROJECT_COORDINATOR,,not-applicable-nonvisual,Pending independent review,Pending,Pending,Pending,,,Not signed off
UI-PAGE-2AF2FF5ECA,/planning/schedule-modal,Planning Schedule Modal,drawer,ACCOUNTANT; ADMIN; CCEO; CD; IA; PL; PROJECT_COORDINATOR,partials/planning/schedule_cluster_drawer.html; partials/planning/schedule_drawer.html,pass-automated-contract,Pending independent review,Pending,Pending,Pending,,,Not signed off
UI-PAGE-C597B8F97C,/planning/schedule/schools,Planning Schedule School Options,partial,ACCOUNTANT; ADMIN; CCEO; CD; IA; PL; PROJECT_COORDINATOR,partials/planning/schedule_school_options.html,pass-automated-contract,Pending independent review,Pending,Pending,Pending,,,Not signed off
UI-PAGE-4F8B7694FF,/planning/visit-requests,Visit Requests - Edify Planning Tool,page,ACCOUNTANT; ADMIN; CCEO; CD; IA; PL; PROJECT_COORDINATOR,pages/planning/visit_requests.html,pass-automated-contract,Pending independent review,Pending,Pending,Pending,,,Not signed off
UI-PAGE-C8A20A3C2A,/planning/visit-requests/<str:activity_id>/<str:decision>,Visit Request Decide,action,ACCOUNTANT; ADMIN; CCEO; CD; IA; PL; PROJECT_COORDINATOR,,not-applicable-nonvisual,Pending independent review,Pending,Pending,Pending,,,Not signed off
UI-PAGE-8354F50663,/policies,· Edify,page,ADMIN; HR,pages/hr/module_workspace.html,pass-automated-contract,Pending independent review,Pending,Pending,Pending,,,Not signed off
UI-PAGE-43B307D6C8,/policy-agreement,Policy Agreement,page,,pages/documents/agreement_center.html,pass-automated-contract,Pending independent review,Pending,Pending,Pending,,,Not signed off
UI-PAGE-433A02DA3B,/policy-agreement/restricted,Access Restricted,page,,pages/documents/restricted.html,pass-automated-contract,Pending independent review,Pending,Pending,Pending,,,Not signed off
UI-PAGE-5A094101A0,/policy-compliance,Policy Compliance,page,ADMIN; CD; HR; PL; RVP,pages/documents/compliance.html,pass-automated-contract,Pending independent review,Pending,Pending,Pending,,,Not signed off
UI-PAGE-4B290608CB,/policy-compliance/comments/<str:comment_id>,Respond Comment,action,ADMIN; CD; HR; PL; RVP,,not-applicable-nonvisual,Pending independent review,Pending,Pending,Pending,,,Not signed off
UI-PAGE-27FA261421,/priorities,Priorities,action,ADMIN; CCEO; CD; HR; IA; PL; PROJECT_COORDINATOR; RPL; RVP,,not-applicable-nonvisual,Pending independent review,Pending,Pending,Pending,,,Not signed off
UI-PAGE-1B05CD6C07,/priorities/guidance,Team Guidance · Priorities · Edify,partial,ADMIN; PL,partials/dashboards/_view_tabs.html; pages/priorities/guidance.html,pass-automated-contract,Pending independent review,Pending,Pending,Pending,,,Not signed off
UI-PAGE-FA2176F212,/priorities/guidance/<str:guidance_id>,Team Guidance Drawer,drawer,ADMIN; PL,partials/hr/form_drawer.html,pass-automated-contract,Pending independent review,Pending,Pending,Pending,,,Not signed off
UI-PAGE-8285511635,/priorities/guidance/<str:guidance_id>/acknowledge,Team Guidance Acknowledge Drawer,drawer,ADMIN; CCEO; CD; HR; IA; PL; PROJECT_COORDINATOR; RPL; RVP,partials/hr/form_drawer.html,pass-automated-contract,Pending independent review,Pending,Pending,Pending,,,Not signed off
UI-PAGE-1C4B89E9E0,/priorities/guidance/<str:guidance_id>/acknowledge/save,Team Guidance Acknowledge,action,ADMIN; CCEO; CD; HR; IA; PL; PROJECT_COORDINATOR; RPL; RVP,,not-applicable-nonvisual,Pending independent review,Pending,Pending,Pending,,,Not signed off
UI-PAGE-F44FDAA72F,/priorities/guidance/<str:guidance_id>/edit,Team Guidance Edit Drawer,drawer,ADMIN; PL,partials/hr/form_drawer.html,pass-automated-contract,Pending independent review,Pending,Pending,Pending,,,Not signed off
UI-PAGE-D4EDA9D484,/priorities/guidance/<str:guidance_id>/issue,Team Guidance Issue Drawer,action,ADMIN; PL,,not-applicable-nonvisual,Pending independent review,Pending,Pending,Pending,,,Not signed off
UI-PAGE-352ADA8312,/priorities/guidance/<str:guidance_id>/issue/save,Team Guidance Issue,action,ADMIN; PL,,not-applicable-nonvisual,Pending independent review,Pending,Pending,Pending,,,Not signed off
UI-PAGE-ADFB8B7D49,/priorities/guidance/<str:guidance_id>/review,Team Guidance Review Drawer,action,ADMIN; PL,,not-applicable-nonvisual,Pending independent review,Pending,Pending,Pending,,,Not signed off
UI-PAGE-6ADBD42FCD,/priorities/guidance/<str:guidance_id>/review/save,Team Guidance Review,action,ADMIN; PL,,not-applicable-nonvisual,Pending independent review,Pending,Pending,Pending,,,Not signed off
UI-PAGE-06AF4910EE,/priorities/guidance/<str:guidance_id>/update,Team Guidance Update,action,ADMIN; PL,,not-applicable-nonvisual,Pending independent review,Pending,Pending,Pending,,,Not signed off
UI-PAGE-27179CC4DB,/priorities/guidance/<str:guidance_id>/withdraw,Team Guidance Withdraw Drawer,action,ADMIN; PL,,not-applicable-nonvisual,Pending independent review,Pending,Pending,Pending,,,Not signed off
UI-PAGE-30E4A400DC,/priorities/guidance/<str:guidance_id>/withdraw/save,Team Guidance Withdraw,action,ADMIN; PL,,not-applicable-nonvisual,Pending independent review,Pending,Pending,Pending,,,Not signed off
UI-PAGE-76FF90ED2C,/priorities/guidance/inbox,Team Guidance Inbox,partial,ADMIN; CCEO; CD; HR; IA; PL; PROJECT_COORDINATOR; RPL; RVP,partials/priorities/guidance_inbox.html,pass-automated-contract,Pending independent review,Pending,Pending,Pending,,,Not signed off
UI-PAGE-6231E9AAA1,/priorities/guidance/new,Team Guidance New Drawer,drawer,ADMIN; PL,partials/hr/form_drawer.html,pass-automated-contract,Pending independent review,Pending,Pending,Pending,,,Not signed off
UI-PAGE-9A6DC2B786,/priorities/guidance/record,Team Guidance Record,action,ADMIN; PL,,not-applicable-nonvisual,Pending independent review,Pending,Pending,Pending,,,Not signed off
UI-PAGE-E8E9A2A166,/priorities/master,Priorities,partial,ADMIN; CCEO; CD; HR; IA; PL; PROJECT_COORDINATOR; RPL; RVP,partials/dashboards/_view_tabs.html; pages/hr/priorities_master.html,pass-automated-contract,Pending independent review,Pending,Pending,Pending,,,Not signed off
UI-PAGE-EB2FC6A25B,/priorities/ssa-mapping,Measurement Rules · Edify,page,ADMIN; CD; IA; PL; PROJECT_COORDINATOR; RVP,pages/hr/ssa_mapping.html,pass-automated-contract,Pending independent review,Pending,Pending,Pending,,,Not signed off
UI-PAGE-8BBA1A3E04,/priorities/ssa-mapping/<str:item_id>/drawer,Ssa Mapping Drawer,drawer,ADMIN; CD; IA; PL; PROJECT_COORDINATOR; RVP,partials/hr/ssa_mapping_drawer.html,pass-automated-contract,Pending independent review,Pending,Pending,Pending,,,Not signed off
UI-PAGE-9C0CD92AF2,/priorities/ssa-mapping/<str:item_id>/history,Ssa Mapping History,drawer,ADMIN; CD; IA; PL; PROJECT_COORDINATOR; RVP,partials/hr/form_drawer.html,pass-automated-contract,Pending independent review,Pending,Pending,Pending,,,Not signed off
UI-PAGE-5D8206AE15,/priorities/ssa-mapping/<str:item_id>/save,Ssa Mapping Action,action,ADMIN; CD; IA; PL; PROJECT_COORDINATOR; RVP,,not-applicable-nonvisual,Pending independent review,Pending,Pending,Pending,,,Not signed off
UI-PAGE-4327B6F4C5,/priorities/ssa-mapping/rules/<str:mapping_id>/review,Ssa Mapping Rule Review Drawer,drawer,ADMIN; CD; IA; PL; PROJECT_COORDINATOR; RVP,partials/hr/form_drawer.html,pass-automated-contract,Pending independent review,Pending,Pending,Pending,,,Not signed off
UI-PAGE-7DD887F302,/priorities/ssa-mapping/rules/<str:mapping_id>/review/save,Ssa Mapping Rule Review,action,ADMIN; CD; IA; PL; PROJECT_COORDINATOR; RVP,,not-applicable-nonvisual,Pending independent review,Pending,Pending,Pending,,,Not signed off
UI-PAGE-63217B55B8,/priority-dashboard,Priority Dashboard Redirect,action,ADMIN; CCEO; CD; HR; IA; PL; PROJECT_COORDINATOR; RPL; RVP,,not-applicable-nonvisual,Pending independent review,Pending,Pending,Pending,,,Not signed off
UI-PAGE-5583719547,/profile,My Profile,page,ACCOUNTANT; ADMIN; BUSINESS_TRANSFORMATION; CCEO; CD; HR; IA; MFI_ADMIN; MFI_OFFICER; PARTNER; PL; PROJECT_COORDINATOR; RPL; RVP,pages/profile/index.html,pass-automated-contract,Pending independent review,Pending,Pending,Pending,,,Not signed off
UI-PAGE-3AAA4674E0,/programme-rollout,Programme Rollout,partial,ADMIN; PL,partials/dashboards/_view_tabs.html; pages/programme_rollout/index.html,pass-automated-contract,Pending independent review,Pending,Pending,Pending,,,Not signed off
UI-PAGE-AD54323BA8,/programme-rollout/schools,Programme Rollout Schools,action,ADMIN; PL,,not-applicable-nonvisual,Pending independent review,Pending,Pending,Pending,,,Not signed off
UI-PAGE-3B7E4DFD30,/projects,Projects,partial,ADMIN; CCEO; CD; IA; PL; PROJECT_COORDINATOR,partials/projects/portfolio_list.html; pages/projects/index.html,pass-automated-contract,Pending independent review,Pending,Pending,Pending,,,Not signed off
UI-PAGE-1B2707901E,/projects/<str:project_id>,Edify Command Center,page,ADMIN; CCEO; CD; IA; PL; PROJECT_COORDINATOR,pages/projects/detail.html,pass-automated-contract,Pending independent review,Pending,Pending,Pending,,,Not signed off
UI-PAGE-52061A5059,/projects/<str:project_id>/schools/assign,Project Assign School Action,action,ADMIN; CCEO; CD; IA; PL; PROJECT_COORDINATOR,,not-applicable-nonvisual,Pending independent review,Pending,Pending,Pending,,,Not signed off
UI-PAGE-4340ED5A6E,/projects/<str:project_id>/staff/assign,Project Assign Staff Action,action,ADMIN; CCEO; CD; IA; PL; PROJECT_COORDINATOR,,not-applicable-nonvisual,Pending independent review,Pending,Pending,Pending,,,Not signed off
UI-PAGE-987AE1FD65,/projects/analytics,Overview,partial,ADMIN; CCEO; CD; IA; PL; PROJECT_COORDINATOR,partials/projects/analytics_workspace.html; pages/projects/analytics.html,pass-automated-contract,Pending independent review,Pending,Pending,Pending,,,Not signed off
UI-PAGE-6805EDED42,/projects/create,Project Create Drawer,drawer,ADMIN; CCEO; CD; IA; PL; PROJECT_COORDINATOR,partials/projects/create_project_drawer.html,pass-automated-contract,Pending independent review,Pending,Pending,Pending,,,Not signed off
UI-PAGE-170323D795,/projects/create/action,Project Create Action,action,ADMIN; CCEO; CD; IA; PL; PROJECT_COORDINATOR,,not-applicable-nonvisual,Pending independent review,Pending,Pending,Pending,,,Not signed off
UI-PAGE-2028F7552C,/projects/filter,Projects,partial,ADMIN; CCEO; CD; IA; PL; PROJECT_COORDINATOR,partials/projects/portfolio_list.html; pages/projects/index.html,pass-automated-contract,Pending independent review,Pending,Pending,Pending,,,Not signed off
UI-PAGE-1CDA9A14C7,/projects/filters-drawer,Projects Filters Drawer,drawer,ADMIN; CCEO; CD; IA; PL; PROJECT_COORDINATOR,partials/projects/filters_drawer.html,pass-automated-contract,Pending independent review,Pending,Pending,Pending,,,Not signed off
UI-PAGE-89ED7D820F,/projects/my-plan,My Plan,partial,ADMIN; CCEO; CD; IA; PL; PROJECT_COORDINATOR,partials/projects/my_plan_workspace.html; pages/projects/my_plan.html,pass-automated-contract,Pending independent review,Pending,Pending,Pending,,,Not signed off
UI-PAGE-B86A5C6661,/projects/planning,Planning,partial,ADMIN; CCEO; CD; IA; PL; PROJECT_COORDINATOR,partials/projects/planning_workspace.html; pages/projects/planning.html,pass-automated-contract,Pending independent review,Pending,Pending,Pending,,,Not signed off
UI-PAGE-A4244346AC,/projects/planning/bulk-partner,Special Projects Bulk Partner,drawer,ADMIN; CCEO; CD; IA; PL; PROJECT_COORDINATOR,partials/projects/bulk_partner_drawer.html,pass-automated-contract,Pending independent review,Pending,Pending,Pending,,,Not signed off
UI-PAGE-9CD74FDDEC,/projects/planning/bulk-schedule,Special Projects Bulk Schedule,drawer,ADMIN; CCEO; CD; IA; PL; PROJECT_COORDINATOR,partials/projects/bulk_schedule_drawer.html,pass-automated-contract,Pending independent review,Pending,Pending,Pending,,,Not signed off
UI-PAGE-24062C4D44,/public-holidays,Calendar Blocks & Public Holidays,page,ACCOUNTANT; ADMIN; BUSINESS_TRANSFORMATION; CCEO; CD; HR; IA; MFI_ADMIN; MFI_OFFICER; PARTNER; PL; PROJECT_COORDINATOR; RPL; RVP,pages/leave/public_holidays.html,pass-automated-contract,Pending independent review,Pending,Pending,Pending,,,Not signed off
UI-PAGE-81466B885C,/public-holidays/,Calendar Blocks & Public Holidays,page,ACCOUNTANT; ADMIN; BUSINESS_TRANSFORMATION; CCEO; CD; HR; IA; MFI_ADMIN; MFI_OFFICER; PARTNER; PL; PROJECT_COORDINATOR; RPL; RVP,pages/leave/public_holidays.html,pass-automated-contract,Pending independent review,Pending,Pending,Pending,,,Not signed off
UI-PAGE-EEB299FBB6,/pulse-surveys,· Edify,page,ADMIN; HR,pages/hr/module_workspace.html,pass-automated-contract,Pending independent review,Pending,Pending,Pending,,,Not signed off
UI-PAGE-0B32E25CA5,/pulse-surveys/<str:survey_id>,Pulse Results Drawer,drawer,ADMIN; HR,partials/hr/form_drawer.html,pass-automated-contract,Pending independent review,Pending,Pending,Pending,,,Not signed off
UI-PAGE-0DC6435DA6,/pulse-surveys/<str:survey_id>/close,Pulse Close,action,ADMIN; HR,,not-applicable-nonvisual,Pending independent review,Pending,Pending,Pending,,,Not signed off
UI-PAGE-AD000D654D,/pulse-surveys/new,Pulse New Drawer,drawer,ADMIN; HR,partials/hr/form_drawer.html,pass-automated-contract,Pending independent review,Pending,Pending,Pending,,,Not signed off
UI-PAGE-52E8522123,/pulse-surveys/open,Pulse Open,action,ADMIN; HR,,not-applicable-nonvisual,Pending independent review,Pending,Pending,Pending,,,Not signed off
UI-PAGE-525708C2CC,/pulse/<str:survey_id>,· Edify,page,ACCOUNTANT; ADMIN; BUSINESS_TRANSFORMATION; CCEO; CD; HR; IA; PL; PROJECT_COORDINATOR; RPL; RVP,pages/hr/pulse_respond.html,pass-automated-contract,Pending independent review,Pending,Pending,Pending,,,Not signed off
UI-PAGE-734A2B48B5,/quality-checks,Quality Checks,page,ADMIN; CD; IA; PL,pages/quality_checks/index.html,pass-automated-contract,Pending independent review,Pending,Pending,Pending,,,Not signed off
UI-PAGE-DF36A9580D,/recognition,· Edify,page,ADMIN; HR,pages/hr/module_workspace.html,pass-automated-contract,Pending independent review,Pending,Pending,Pending,,,Not signed off
UI-PAGE-AFA78C6AFC,/recognition/award,Recognition Award,action,ADMIN; HR,,not-applicable-nonvisual,Pending independent review,Pending,Pending,Pending,,,Not signed off
UI-PAGE-A5D728E4C3,/recognition/new,Recognition New Drawer,drawer,ADMIN; HR,partials/hr/form_drawer.html,pass-automated-contract,Pending independent review,Pending,Pending,Pending,,,Not signed off
UI-PAGE-D604B8E968,/recovery-plans,· Edify,page,ADMIN; HR; PL,pages/hr/module_workspace.html,pass-automated-contract,Pending independent review,Pending,Pending,Pending,,,Not signed off
UI-PAGE-6B94343F03,/recovery-plans/<str:plan_id>,Recovery Drawer,drawer,ADMIN; HR; PL,partials/hr/form_drawer.html,pass-automated-contract,Pending independent review,Pending,Pending,Pending,,,Not signed off
UI-PAGE-F7493D9C99,/recovery-plans/<str:plan_id>/activate,Recovery Activate,action,ADMIN; HR; PL,,not-applicable-nonvisual,Pending independent review,Pending,Pending,Pending,,,Not signed off
UI-PAGE-622E803364,/recovery-plans/<str:plan_id>/check-in,Recovery Check In,action,ADMIN; HR; PL,,not-applicable-nonvisual,Pending independent review,Pending,Pending,Pending,,,Not signed off
UI-PAGE-4C2F727116,/recovery-plans/<str:plan_id>/outcome,Recovery Outcome,action,ADMIN; HR; PL,,not-applicable-nonvisual,Pending independent review,Pending,Pending,Pending,,,Not signed off
UI-PAGE-BC7352DF7A,/recovery-plans/new,Recovery New Drawer,drawer,ADMIN; HR; PL,partials/hr/form_drawer.html,pass-automated-contract,Pending independent review,Pending,Pending,Pending,,,Not signed off
UI-PAGE-D425322BE8,/recovery-plans/recommend,Recovery Recommend,action,ADMIN; HR; PL,,not-applicable-nonvisual,Pending independent review,Pending,Pending,Pending,,,Not signed off
UI-PAGE-F9822D4383,/recruitment,· Edify,page,ADMIN; CD; HR,pages/hr/module_workspace.html,pass-automated-contract,Pending independent review,Pending,Pending,Pending,,,Not signed off
UI-PAGE-2DAE9D7F72,/recruitment/<str:vacancy_id>,Vacancy Drawer,drawer,ADMIN; CD; HR,partials/hr/form_drawer.html,pass-automated-contract,Pending independent review,Pending,Pending,Pending,,,Not signed off
UI-PAGE-66C48F3393,/recruitment/<str:vacancy_id>/decide,Vacancy Decide,action,ADMIN; CD; HR,,not-applicable-nonvisual,Pending independent review,Pending,Pending,Pending,,,Not signed off
UI-PAGE-D84B6EA1E3,/recruitment/new,Vacancy Request Drawer,drawer,ADMIN; CD; HR,partials/hr/form_drawer.html,pass-automated-contract,Pending independent review,Pending,Pending,Pending,,,Not signed off
UI-PAGE-5CF04E1A5E,/recruitment/request,Vacancy Request,action,ADMIN; CD; HR,,not-applicable-nonvisual,Pending independent review,Pending,Pending,Pending,,,Not signed off
UI-PAGE-A50F715D07,/reports,Reports,page,ADMIN; CD; IA; PROJECT_COORDINATOR; RVP,pages/analytics/workspace.html; partials/analytics/panel.html; partials/analytics/scope.html,pass-automated-contract,Pending independent review,Pending,Pending,Pending,,,Not signed off
UI-PAGE-3A69BCBA57,/reset-password,Reset password,page,,pages/auth/reset_password.html,pass-automated-contract,Pending independent review,Pending,Pending,Pending,,,Not signed off
UI-PAGE-FF3BC373EE,/rvp/annual/<str:budget_id>/action,Rvp Annual Action,action,ADMIN,,not-applicable-nonvisual,Pending independent review,Pending,Pending,Pending,,,Not signed off
UI-PAGE-E363A7D6EE,/rvp/approvals,Rvp Approvals,drawer,ADMIN,partials/dashboards/rvp/approvals_drawer.html,pass-automated-contract,Pending independent review,Pending,Pending,Pending,,,Not signed off
UI-PAGE-0C3C2C11B6,/rvp/project/<str:project_id>/decision,Rvp Project Decision,action,ADMIN,,not-applicable-nonvisual,Pending independent review,Pending,Pending,Pending,,,Not signed off
UI-PAGE-4F342574B1,/rvp/strategy-note,Rvp Strategy Note,action,ADMIN,,not-applicable-nonvisual,Pending independent review,Pending,Pending,Pending,,,Not signed off
UI-PAGE-9DCE536863,/schools,School Directory,partial,ADMIN; CCEO; CD; IA; PL; PROJECT_COORDINATOR; RPL,partials/schools/table.html; partials/schools/htmx_response.html; pages/schools/index.html,pass-automated-contract,Pending independent review,Pending,Pending,Pending,,,Not signed off
UI-PAGE-DBD42E0288,/schools/<str:school_id>,School 360,page,ADMIN; BUSINESS_TRANSFORMATION; CCEO; CD; IA; PL; PROJECT_COORDINATOR,pages/schools/detail.html,pass-automated-contract,Pending independent review,Pending,Pending,Pending,,,Not signed off
UI-PAGE-FD7106249F,/schools/<str:school_id>/add-to-cluster,Add To Cluster Drawer,drawer,ADMIN; CCEO; CD; IA; PL; PROJECT_COORDINATOR; RPL,partials/schools/drawer_error.html; partials/schools/add_to_cluster_drawer.html; partials/schools/toast_success.html,pass-automated-contract,Pending independent review,Pending,Pending,Pending,,,Not signed off
UI-PAGE-7B23BF68B2,/schools/<str:school_id>/assign-to-project,Assign To Project Drawer,drawer,ADMIN; CCEO; CD; IA; PL; PROJECT_COORDINATOR; RPL,partials/schools/drawer_error.html; partials/schools/assign_to_project_drawer.html; partials/schools/toast_success.html,pass-automated-contract,Pending independent review,Pending,Pending,Pending,,,Not signed off
UI-PAGE-BA8419773F,/schools/<str:school_id>/change-type,School Change Type,action,ADMIN; CCEO; CD; IA; PL; PROJECT_COORDINATOR; RPL,,not-applicable-nonvisual,Pending independent review,Pending,Pending,Pending,,,Not signed off
UI-PAGE-F6CF008C33,/schools/<str:school_id>/close,School Close,action,ADMIN; BUSINESS_TRANSFORMATION; CCEO; CD; IA; PL; PROJECT_COORDINATOR,,not-applicable-nonvisual,Pending independent review,Pending,Pending,Pending,,,Not signed off
UI-PAGE-C4F1D739DE,/schools/<str:school_id>/close-drawer,School Close Drawer,drawer,ADMIN; BUSINESS_TRANSFORMATION; CCEO; CD; IA; PL; PROJECT_COORDINATOR,partials/schools/close_drawer.html,pass-automated-contract,Pending independent review,Pending,Pending,Pending,,,Not signed off
UI-PAGE-43A9299FB0,/schools/<str:school_id>/delete,School Delete,action,ADMIN; BUSINESS_TRANSFORMATION; CCEO; CD; IA; PL; PROJECT_COORDINATOR,,not-applicable-nonvisual,Pending independent review,Pending,Pending,Pending,,,Not signed off
UI-PAGE-9AB62DBEF9,/schools/<str:school_id>/edit-drawer,School Edit Drawer,drawer,ADMIN; CCEO; CD; IA; PL; PROJECT_COORDINATOR; RPL,partials/schools/edit_drawer.html,pass-automated-contract,Pending independent review,Pending,Pending,Pending,,,Not signed off
UI-PAGE-0E19B43194,/schools/<str:school_id>/reopen,School Reopen,action,ADMIN; BUSINESS_TRANSFORMATION; CCEO; CD; IA; PL; PROJECT_COORDINATOR,,not-applicable-nonvisual,Pending independent review,Pending,Pending,Pending,,,Not signed off
UI-PAGE-755C340D69,/schools/add-school,Add School,action,ADMIN; CCEO; CD; IA; PL; PROJECT_COORDINATOR; RPL,,not-applicable-nonvisual,Pending independent review,Pending,Pending,Pending,,,Not signed off
UI-PAGE-326063C770,/schools/bulk-assign-cluster,Bulk Assign Cluster,action,ADMIN; CCEO; CD; IA; PL; PROJECT_COORDINATOR; RPL,,not-applicable-nonvisual,Pending independent review,Pending,Pending,Pending,,,Not signed off
UI-PAGE-3B0EF3899D,/schools/bulk-assign-project,Bulk Assign Project,action,ADMIN; CCEO; CD; IA; PL; PROJECT_COORDINATOR; RPL,,not-applicable-nonvisual,Pending independent review,Pending,Pending,Pending,,,Not signed off
UI-PAGE-B0CF01F2F7,/schools/bulk-match-staff,Bulk Match Staff,action,ADMIN; CCEO; CD; IA; PL; PROJECT_COORDINATOR; RPL,,not-applicable-nonvisual,Pending independent review,Pending,Pending,Pending,,,Not signed off
UI-PAGE-ADDF2AFAA1,/schools/closed,Closed Schools · Edify,page,ADMIN; CCEO; CD; IA; PL,pages/schools/closed.html,pass-automated-contract,Pending independent review,Pending,Pending,Pending,,,Not signed off
UI-PAGE-43A1B1DC79,/schools/create-drawer,School Onboard Drawer,drawer,ADMIN; CCEO; CD; IA; PL; PROJECT_COORDINATOR; RPL,partials/schools/onboard_drawer.html,pass-automated-contract,Pending independent review,Pending,Pending,Pending,,,Not signed off
UI-PAGE-415C2B49E8,/schools/parishes,School Parish Options,partial,ADMIN; CCEO; CD; IA; PL; PROJECT_COORDINATOR; RPL,partials/schools/parish_options.html,pass-automated-contract,Pending independent review,Pending,Pending,Pending,,,Not signed off
UI-PAGE-D73CAF9D76,/schools/partial-intelligence/<str:school_id>,School Intelligence Partial,partial,ADMIN; CCEO; CD; IA; PL; PROJECT_COORDINATOR; RPL,partials/schools/directory_intelligence.html,pass-automated-contract,Pending independent review,Pending,Pending,Pending,,,Not signed off
UI-PAGE-BDD22B14F6,/schools/sub-counties,School Sub County Options,partial,ADMIN; CCEO; CD; IA; PL; PROJECT_COORDINATOR; RPL,partials/schools/sub_county_options.html,pass-automated-contract,Pending independent review,Pending,Pending,Pending,,,Not signed off
UI-PAGE-232F86FE85,/schools/upload,Upload School Data - Edify Command Center,partial,ADMIN; IA,partials/upload_result.html; pages/schools/upload.html,pass-automated-contract,Pending independent review,Pending,Pending,Pending,,,Not signed off
UI-PAGE-C1A1176BAA,/schools/upload/<str:batch_id>/preview,School Upload Preview,page,ADMIN; IA,pages/schools/upload_preview.html,pass-automated-contract,Pending independent review,Pending,Pending,Pending,,,Not signed off
UI-PAGE-4E862159DC,/schools/upload/template,School Template Download,export,ADMIN; IA,,not-applicable-nonvisual,Pending independent review,Pending,Pending,Pending,,,Not signed off
UI-PAGE-3C4373A6A9,/schools/uploads/<str:batch_id>/result,Import Results,page,ADMIN; IA,pages/schools/import_result.html,pass-automated-contract,Pending independent review,Pending,Pending,Pending,,,Not signed off
UI-PAGE-92FF10FD40,/search,Search,page,ACCOUNTANT; ADMIN; BUSINESS_TRANSFORMATION; CCEO; CD; HR; IA; MFI_ADMIN; MFI_OFFICER; PARTNER; PL; PROJECT_COORDINATOR; RPL; RVP,pages/search/index.html,pass-automated-contract,Pending independent review,Pending,Pending,Pending,,,Not signed off
UI-PAGE-100A4132EB,/settings,Settings · Edify,page,ACCOUNTANT; ADMIN; BUSINESS_TRANSFORMATION; CCEO; CD; HR; IA; MFI_ADMIN; MFI_OFFICER; PARTNER; PL; PROJECT_COORDINATOR; RPL; RVP,pages/settings/index.html,pass-automated-contract,Pending independent review,Pending,Pending,Pending,,,Not signed off
UI-PAGE-2F5DDB9EA2,/settings/activity-catalogue/,Activity Catalogue · Edify,page,,pages/settings/activity_catalogue.html,pass-automated-contract,Pending independent review,Pending,Pending,Pending,,,Not signed off
UI-PAGE-99CE4E6D5D,/settings/activity-catalogue/new,Activity Catalogue Create,drawer,,partials/catalogue/new_activity_drawer.html,pass-automated-contract,Pending independent review,Pending,Pending,Pending,,,Not signed off
UI-PAGE-C9AF5B9B1E,/settings/two-step/app,Authenticator app · Edify,page,,pages/settings/two_step_app.html,pass-automated-contract,Pending independent review,Pending,Pending,Pending,,,Not signed off
UI-PAGE-4A86903104,/ssa,SSA Performance,page,ACCOUNTANT; ADMIN; BUSINESS_TRANSFORMATION; CCEO; CD; HR; IA; MFI_ADMIN; MFI_OFFICER; PARTNER; PL; PROJECT_COORDINATOR; RPL; RVP,pages/analytics/workspace.html; partials/ssa/performance_workspace.html; partials/analytics/panel.html; partials/analytics/scope.html,pass-automated-contract,Pending independent review,Pending,Pending,Pending,,,Not signed off
UI-PAGE-E33623599D,/ssa/export,Ssa Performance Export,export,ACCOUNTANT; ADMIN; BUSINESS_TRANSFORMATION; CCEO; CD; HR; IA; MFI_ADMIN; MFI_OFFICER; PARTNER; PL; PROJECT_COORDINATOR; RPL; RVP,,not-applicable-nonvisual,Pending independent review,Pending,Pending,Pending,,,Not signed off
UI-PAGE-1B9D56BC39,/ssa/manual/,Add SSA Score - Edify Command Center,page,ADMIN; CCEO; CD; IA; PL; RVP,pages/ssa/manual_entry.html,pass-automated-contract,Pending independent review,Pending,Pending,Pending,,,Not signed off
UI-PAGE-498447B0C2,/ssa/manual/schools,Ssa Manual School Options,partial,ADMIN; CCEO; CD; IA; PL; RVP,partials/ssa/manual_school_options.html,pass-automated-contract,Pending independent review,Pending,Pending,Pending,,,Not signed off
UI-PAGE-A49DCD919B,/ssa/unmatched,Unmatched SSA Queue,page,ADMIN; IA,pages/admin/unmatched_ssa_queue.html,pass-automated-contract,Pending independent review,Pending,Pending,Pending,,,Not signed off
UI-PAGE-9AAA2B91B2,/ssa/upload/,Upload SSA Scores,page,ADMIN; CCEO; CD; IA; PL; RVP,pages/ssa/upload_center.html,pass-automated-contract,Pending independent review,Pending,Pending,Pending,,,Not signed off
UI-PAGE-8FDF0B692E,/ssa/upload/<str:batch_id>/preview/,SSA Upload Preview,page,ADMIN; CCEO; CD; IA; PL; RVP,pages/ssa/upload_preview.html,pass-automated-contract,Pending independent review,Pending,Pending,Pending,,,Not signed off
UI-PAGE-3E5F73B47D,/ssa/upload/<str:batch_id>/result/,SSA Import Result,page,ADMIN; CCEO; CD; IA; PL; RVP,pages/ssa/upload_result.html,pass-automated-contract,Pending independent review,Pending,Pending,Pending,,,Not signed off
UI-PAGE-CD5613AC6B,/ssa/upload/history/,SSA Upload History,page,ADMIN; IA,pages/ssa/upload_history.html,pass-automated-contract,Pending independent review,Pending,Pending,Pending,,,Not signed off
UI-PAGE-3DD88F7C5C,/ssa/upload/template,Ssa Template Download,export,ADMIN; CCEO; CD; IA; PL; RVP,,not-applicable-nonvisual,Pending independent review,Pending,Pending,Pending,,,Not signed off
UI-PAGE-8387F7ABC9,/ssa/verification/,IA SSA Verification Queue,page,ADMIN; CCEO; CD; IA; PL; RVP,pages/ssa/verification_queue.html,pass-automated-contract,Pending independent review,Pending,Pending,Pending,,,Not signed off
UI-PAGE-4F5469B895,/ssa/verification/<str:record_id>/return-drawer,Ssa Return Drawer,drawer,ADMIN; CCEO; CD; IA; PL; RVP,partials/hr/form_drawer.html,pass-automated-contract,Pending independent review,Pending,Pending,Pending,,,Not signed off
UI-PAGE-3B44A1E272,/staff,People Directory · Edify,page,ADMIN; CD; HR; PL; RVP,pages/staff/index.html,pass-automated-contract,Pending independent review,Pending,Pending,Pending,,,Not signed off
UI-PAGE-7F963ACD27,/staff/<str:user_id>,Staff Profile,page,ADMIN; CD; HR; PL; RVP,pages/staff/detail.html,pass-automated-contract,Pending independent review,Pending,Pending,Pending,,,Not signed off
UI-PAGE-37C6B437D7,/strategic-priorities,Priority Setting Dashboard · Edify,partial,ADMIN; CD; HR; IA; PL; RPL; RVP,partials/dashboards/_view_tabs.html; pages/hr/priority_configuration.html,pass-automated-contract,Pending independent review,Pending,Pending,Pending,,,Not signed off
UI-PAGE-8EA7B066B3,/strategic-priorities/action,Strategic Priority Action,action,ADMIN; CD; HR; IA; PL; RPL; RVP,,not-applicable-nonvisual,Pending independent review,Pending,Pending,Pending,,,Not signed off
UI-PAGE-CC14ABFA81,/succession-planning,· Edify,page,ADMIN; HR,pages/hr/module_workspace.html,pass-automated-contract,Pending independent review,Pending,Pending,Pending,,,Not signed off
UI-PAGE-FCFA103796,/support,Report a Problem,page,ACCOUNTANT; ADMIN; BUSINESS_TRANSFORMATION; CCEO; CD; HR; IA; MFI_ADMIN; MFI_OFFICER; PARTNER; PL; PROJECT_COORDINATOR; RPL; RVP,pages/admin_ops/report_problem.html,pass-automated-contract,Pending independent review,Pending,Pending,Pending,,,Not signed off
UI-PAGE-BE2BCC13AA,/support/client-defect,Client Defect Beacon,action,ACCOUNTANT; ADMIN; BUSINESS_TRANSFORMATION; CCEO; CD; HR; IA; MFI_ADMIN; MFI_OFFICER; PARTNER; PL; PROJECT_COORDINATOR; RPL; RVP,,not-applicable-nonvisual,Pending independent review,Pending,Pending,Pending,,,Not signed off
UI-PAGE-79D481D180,/system-health,System Health & Integrity - Edify,page,ADMIN,pages/system_health/index.html,pass-automated-contract,Pending independent review,Pending,Pending,Pending,,,Not signed off
UI-PAGE-8F0C3311A9,/target-distribution,Priorities,partial,ADMIN; CD; IA,partials/dashboards/_view_tabs.html; pages/hr/target_distribution.html,pass-automated-contract,Pending independent review,Pending,Pending,Pending,,,Not signed off
UI-PAGE-C07C292D78,/target-distribution/action,Target Distribution Action,action,ADMIN; CD; IA,,not-applicable-nonvisual,Pending independent review,Pending,Pending,Pending,,,Not signed off
UI-PAGE-50DEAE07D8,/target-distribution/form,Target Distribution Form,partial,ADMIN; CD; IA,partials/hr/target_distribution_form.html,pass-automated-contract,Pending independent review,Pending,Pending,Pending,,,Not signed off
UI-PAGE-22B9E5A23B,/target-distribution/import,Target Distribution Import,action,ADMIN; CD; IA,,not-applicable-nonvisual,Pending independent review,Pending,Pending,Pending,,,Not signed off
UI-PAGE-4A769CD0AF,/target-distribution/import/<str:batch_id>/commit,Target Distribution Import Commit,action,ADMIN; CD; IA,,not-applicable-nonvisual,Pending independent review,Pending,Pending,Pending,,,Not signed off
UI-PAGE-BD89383B5D,/target-distribution/import/template,Target Distribution Import Template,action,ADMIN; CD; IA,,not-applicable-nonvisual,Pending independent review,Pending,Pending,Pending,,,Not signed off
UI-PAGE-A9FF05F38F,/target-distribution/team,Team Priority Distribution · Edify,partial,ADMIN; PL,partials/dashboards/_view_tabs.html; pages/hr/team_target_distribution.html,pass-automated-contract,Pending independent review,Pending,Pending,Pending,,,Not signed off
UI-PAGE-E96237DE61,/target-distribution/team/action,Team Target Distribution Action,action,ADMIN; PL,,not-applicable-nonvisual,Pending independent review,Pending,Pending,Pending,,,Not signed off
UI-PAGE-EA89AC9A38,/team-planning-oversight/,Team Oversight,partial,ACCOUNTANT; ADMIN; CD; IA; PL; RPL; RVP,partials/targets/team/workspace.html; pages/oversight/team_planning.html,pass-automated-contract,Pending independent review,Pending,Pending,Pending,,,Not signed off
UI-PAGE-14E1DA418E,/team-planning-oversight/detail,Team Planning Oversight Detail,drawer,ACCOUNTANT; ADMIN; CD; IA; PL; RPL; RVP,partials/oversight/detail_drawer.html,pass-automated-contract,Pending independent review,Pending,Pending,Pending,,,Not signed off
UI-PAGE-368D278D44,/team-planning-oversight/export,Team Planning Oversight Export,export,ACCOUNTANT; ADMIN; CD; IA; PL; RPL; RVP,,not-applicable-nonvisual,Pending independent review,Pending,Pending,Pending,,,Not signed off
UI-PAGE-71A3B9A8F5,/team-planning-oversight/send,Team Planning Oversight Send,action,ACCOUNTANT; ADMIN; CD; IA; PL; RPL; RVP,,not-applicable-nonvisual,Pending independent review,Pending,Pending,Pending,,,Not signed off
UI-PAGE-040D721C96,/team-targets,Team Oversight · Edify,partial,ADMIN; CD; HR; IA; PL; RPL,partials/targets/team/workspace.html; pages/oversight/team_planning.html,pass-automated-contract,Pending independent review,Pending,Pending,Pending,,,Not signed off
UI-PAGE-87A552B53C,/team-targets/,Team Oversight · Edify,partial,ADMIN; CD; HR; IA; PL; RPL,partials/targets/team/workspace.html; pages/oversight/team_planning.html,pass-automated-contract,Pending independent review,Pending,Pending,Pending,,,Not signed off
UI-PAGE-24B71AE44A,/team-targets/catchup,Team Targets Catchup Create,action,ADMIN; CD; HR; IA; PL; RPL,,not-applicable-nonvisual,Pending independent review,Pending,Pending,Pending,,,Not signed off
UI-PAGE-6E580C4CC7,/team-targets/catchup/<str:plan_id>/action,Team Targets Catchup Action,action,ADMIN; CD; HR; IA; PL; RPL,,not-applicable-nonvisual,Pending independent review,Pending,Pending,Pending,,,Not signed off
UI-PAGE-A6AC9B68C1,/team-targets/day,Team Targets Day,drawer,ADMIN; CD; HR; IA; PL; RPL,partials/targets/team/day_drawer.html,pass-automated-contract,Pending independent review,Pending,Pending,Pending,,,Not signed off
UI-PAGE-28AE93C1DA,/team-targets/export,Team Targets Export,export,ADMIN; CD; HR; IA; PL; RPL,,not-applicable-nonvisual,Pending independent review,Pending,Pending,Pending,,,Not signed off
UI-PAGE-DAE8A5F6DE,/team-targets/matrix,Team Targets Matrix,drawer,ADMIN; CD; HR; IA; PL; RPL,partials/targets/team/matrix_drawer.html,pass-automated-contract,Pending independent review,Pending,Pending,Pending,,,Not signed off
UI-PAGE-6306B2A2D6,/team-targets/recovery,Team Targets Recovery,drawer,ADMIN; CD; HR; IA; PL; RPL,partials/targets/team/recovery_drawer.html,pass-automated-contract,Pending independent review,Pending,Pending,Pending,,,Not signed off
UI-PAGE-4899A73E26,/team-targets/sfid-backlog,Team Targets Sfid Backlog,drawer,ADMIN; CD; HR; IA; PL; RPL,partials/targets/team/sfid_drawer.html,pass-automated-contract,Pending independent review,Pending,Pending,Pending,,,Not signed off
UI-PAGE-E9A7433ABD,/team-targets/staff-drawer,Team Targets Staff Drawer,drawer,ADMIN; CD; HR; IA; PL; RPL,partials/targets/team/staff_drawer.html,pass-automated-contract,Pending independent review,Pending,Pending,Pending,,,Not signed off
UI-PAGE-6A617E75EC,/team-targets/validation-backlog,Team Targets Validation Backlog,drawer,ADMIN; CD; HR; IA; PL; RPL,partials/targets/team/validation_drawer.html,pass-automated-contract,Pending independent review,Pending,Pending,Pending,,,Not signed off
UI-PAGE-E75C7F213E,/team/coaching,· Edify,page,ADMIN; CD; PL; RPL,pages/cce_leadership/workspace.html,pass-automated-contract,Pending independent review,Pending,Pending,Pending,,,Not signed off
UI-PAGE-9CBAE36A98,/team/coaching/<str:record_id>,Team Coaching Drawer,drawer,ADMIN; CD; PL; RPL,partials/hr/form_drawer.html,pass-automated-contract,Pending independent review,Pending,Pending,Pending,,,Not signed off
UI-PAGE-3158803001,/team/coaching/<str:record_id>/follow-up,Team Coaching Follow Up Drawer,drawer,ADMIN; CD; PL; RPL,partials/hr/form_drawer.html,pass-automated-contract,Pending independent review,Pending,Pending,Pending,,,Not signed off
UI-PAGE-811CA876C6,/team/coaching/<str:record_id>/follow-up/save,Team Coaching Follow Up,action,ADMIN; CD; PL; RPL,,not-applicable-nonvisual,Pending independent review,Pending,Pending,Pending,,,Not signed off
UI-PAGE-9C383F09B4,/team/coaching/<str:record_id>/share,Team Coaching Share Drawer,drawer,ADMIN; CD; PL; RPL,partials/hr/form_drawer.html,pass-automated-contract,Pending independent review,Pending,Pending,Pending,,,Not signed off
UI-PAGE-9A47E8FE47,/team/coaching/<str:record_id>/share/save,Team Coaching Share,action,ADMIN; CD; PL; RPL,,not-applicable-nonvisual,Pending independent review,Pending,Pending,Pending,,,Not signed off
UI-PAGE-4E62201019,/team/coaching/<str:record_id>/update,Team Coaching Update,action,ADMIN; CD; PL; RPL,,not-applicable-nonvisual,Pending independent review,Pending,Pending,Pending,,,Not signed off
UI-PAGE-58A0F21603,/team/coaching/new,Team Coaching New Drawer,drawer,ADMIN; CD; PL; RPL,partials/hr/form_drawer.html,pass-automated-contract,Pending independent review,Pending,Pending,Pending,,,Not signed off
UI-PAGE-256E69494D,/team/coaching/record,Team Coaching Record,action,ADMIN; CD; PL; RPL,,not-applicable-nonvisual,Pending independent review,Pending,Pending,Pending,,,Not signed off
UI-PAGE-94BD4F6DBA,/today,Today · Edify,page,ADMIN; CCEO; IA; PL; PROJECT_COORDINATOR,pages/today/index.html,pass-automated-contract,Pending independent review,Pending,Pending,Pending,,,Not signed off
UI-PAGE-A65E98A3ED,/today/act,Today Act,partial,ADMIN; CCEO; IA; PL; PROJECT_COORDINATOR,partials/today/queue_item_done.html,pass-automated-contract,Pending independent review,Pending,Pending,Pending,,,Not signed off
UI-PAGE-E427BD31F3,/today/action,Today Action,action,ADMIN; CCEO; IA; PL; PROJECT_COORDINATOR,,not-applicable-nonvisual,Pending independent review,Pending,Pending,Pending,,,Not signed off
UI-PAGE-63325D0097,/today/panel,Today Panel,partial,ADMIN; CCEO; IA; PL; PROJECT_COORDINATOR,partials/today/dashboard_view.html,pass-automated-contract,Pending independent review,Pending,Pending,Pending,,,Not signed off
UI-PAGE-D10DA56BF1,/today/snooze,Today Snooze,partial,ADMIN; CCEO; IA; PL; PROJECT_COORDINATOR,partials/today/queue_item_done.html,pass-automated-contract,Pending independent review,Pending,Pending,Pending,,,Not signed off
UI-PAGE-839833901F,/today/unsnooze,Today Unsnooze,partial,ADMIN; CCEO; IA; PL; PROJECT_COORDINATOR,partials/today/dashboard_view.html,pass-automated-contract,Pending independent review,Pending,Pending,Pending,,,Not signed off
UI-PAGE-1678B2AEB5,/todos,To-Do,page,ACCOUNTANT; ADMIN; BUSINESS_TRANSFORMATION; CCEO; CD; HR; IA; MFI_ADMIN; MFI_OFFICER; PARTNER; PL; PROJECT_COORDINATOR; RPL; RVP,pages/todos/index.html,pass-automated-contract,Pending independent review,Pending,Pending,Pending,,,Not signed off
UI-PAGE-AB418DCFC9,/trainings,Trainings Log,page,ACCOUNTANT; ADMIN; CCEO; CD; IA; PARTNER; PL; PROJECT_COORDINATOR,pages/trainings/index.html,pass-automated-contract,Pending independent review,Pending,Pending,Pending,,,Not signed off
UI-PAGE-0612DD46E0,/uploads,Upload Center,partial,ADMIN; CD; HR; IA; RVP,partials/documents/upload_table.html; pages/documents/upload_center.html,pass-automated-contract,Pending independent review,Pending,Pending,Pending,,,Not signed off
UI-PAGE-FC00D85DDC,/uploads/new,New Training Resource New Policy or Manual,page,ADMIN; CD; HR; IA; RVP,pages/documents/new_document.html,pass-automated-contract,Pending independent review,Pending,Pending,Pending,,,Not signed off
UI-PAGE-21DD7E92CF,/visits,Visits Log,page,ACCOUNTANT; ADMIN; CCEO; CD; IA; PARTNER; PL; PROJECT_COORDINATOR,pages/visits/index.html,pass-automated-contract,Pending independent review,Pending,Pending,Pending,,,Not signed off
UI-PAGE-8078749C9E,/wellness,· Edify,page,ADMIN; HR,pages/hr/module_workspace.html,pass-automated-contract,Pending independent review,Pending,Pending,Pending,,,Not signed off
UI-PAGE-1B6834B66D,/work-plan,Work Plan,page,ACCOUNTANT; ADMIN; CCEO; CD; HR; IA; PL; PROJECT_COORDINATOR; RVP,pages/work_plan/index.html,pass-automated-contract,Pending independent review,Pending,Pending,Pending,,,Not signed off
UI-PAGE-809B095B75,/work-plan/,Work Plan,page,ACCOUNTANT; ADMIN; CCEO; CD; HR; IA; PL; PROJECT_COORDINATOR; RVP,pages/work_plan/index.html,pass-automated-contract,Pending independent review,Pending,Pending,Pending,,,Not signed off
UI-PAGE-77986D09D6,/work-plan/add,Non School Activity Drawer,drawer,,partials/work_plan/non_school_activity_drawer.html,pass-automated-contract,Pending independent review,Pending,Pending,Pending,,,Not signed off
UI-PAGE-85673B894C,/work-plan/add/preview,Non School Activity Preview,partial,,partials/work_plan/non_school_cost_preview.html,pass-automated-contract,Pending independent review,Pending,Pending,Pending,,,Not signed off
UI-PAGE-B2F4956F72,/workforce-planning,· Edify,page,ADMIN; CD; HR; RVP,pages/hr/module_workspace.html,pass-automated-contract,Pending independent review,Pending,Pending,Pending,,,Not signed off
