{"type":"FeatureCollection","name":"Adjumani sub-counties","metadata":{"source":"Uganda Bureau of Statistics NPHC 2024 Map Explorer","retrieved":"2026-07-26","display_only":true,"clipped_to_dashboard_district":true,"positive_area_overlaps_removed":true,"source_gap_ratio":0.13073167},"features":[{"type":"Feature","properties":{"n":"Arinyapi","c":"301101","d":"Adjumani","od":"Adjumani","dc":"301","k":"ARINYAPI","a":["ARINYAPI"],"lat":3.495856,"lon":31.996542},"geometry":{"type":"Polygon","coordinates":[[[31.940010364570643,3.518437700013297],[31.949382580433983,3.524290713182331],[31.94954778468643,3.5249386499680853],[31.9499,3.5251],[31.949756835760333,3.5257585555024664],[31.949927761442193,3.526428931932056],[31.94918565114659,3.528386004725691],[31.947466632626544,3.536293489917887],[31.94743667751431,3.536641627498273],[31.947454540184772,3.5366879578702424],[31.96460965078276,3.5643542923028306],[31.96469761546664,3.564460105772083],[31.964852626477242,3.5645800177647677],[31.985220289238057,3.5752582098917984],[31.985305702814777,3.57529435987784],[31.997361311802383,3.575129366550263],[32.00122118223755,3.5769396375051548],[32.002494449961176,3.5772807771594084],[32.01725400668491,3.580163495077928],[32.02065678335843,3.581632592632751],[32.034157949024575,3.583003932320592],[32.04055230687684,3.58618584761183],[32.04146330970528,3.587721490524811],[32.04549202491223,3.5888008821462947],[32.045211460578436,3.587649873402689],[32.04683032243609,3.586718703034343],[32.04828794824016,3.589006987558025],[32.0500043541058,3.588666207481418],[32.05044339674045,3.590049502753693],[32.05167693991538,3.5904579725811034],[32.05308800613135,3.590836031831417],[32.05397654551607,3.590604979890873],[32.05363675777836,3.586456625613011],[32.05463418887122,3.587475814402445],[32.056588251564825,3.585958501024181],[32.056928051253,3.5865662910500915],[32.05917319881836,3.5834825943940634],[32.057642155736474,3.580965756144016],[32.05863178038019,3.580107724585836],[32.06167627148847,3.5800446391604077],[32.062,3.5796],[32.061707731630165,3.579105800756469],[32.05815879933982,3.574217967925622],[32.05648017996008,3.570300212167818],[32.05646232645901,3.568020526757263],[32.059241779428405,3.547443851061565],[32.063659550002264,3.524481140252654],[32.06363553228944,3.508512007780426],[32.063600092491654,3.4997229379299495],[32.06028002488277,3.497084174032334],[32.05607408226309,3.487493816132766],[32.055307557036166,3.479252522758951],[32.05370351470763,3.475550879788507],[32.053626481583954,3.474466998407389],[32.0536,3.4744],[32.05201514456886,3.4517949567453567],[32.0516930444291,3.447262901861996],[32.05317531529465,3.426929655508382],[32.05482436985868,3.421761672459511],[32.05627083363056,3.4099384033675797],[32.038688112907664,3.410741008123987],[32.035011912538735,3.410303138434574],[32.03264842222302,3.410915581395201],[32.03057004255962,3.410000142927164],[32.02827162617614,3.410820975228108],[32.026636305389744,3.414697617241981],[32.02846366969626,3.416972647474375],[32.02879680775644,3.418923941184197],[32.02805446438631,3.420884216633198],[32.03019591884683,3.425072967166645],[32.029890948829504,3.426166969742382],[32.027892661693144,3.427365867326953],[32.03127146451281,3.429964257858573],[32.033584662518734,3.432839202292938],[32.034478968044596,3.435370144180275],[32.034013370358196,3.43733966601763],[32.03155720238031,3.438606323184518],[32.01465439881282,3.434516338480134],[32.01073945003945,3.435041334698196],[31.995535224027982,3.44303861405838],[31.990628471715596,3.436957367948694],[31.984739637779086,3.440875872601052],[31.982955098905585,3.443802600802704],[31.98248457649556,3.449027609511302],[31.972125953074688,3.448977173599071],[31.97260617977227,3.440560938063431],[31.974604833443717,3.436087553933941],[31.97750796011837,3.433136904094623],[31.98877974026741,3.426810956125909],[31.985955866695623,3.423561625722718],[31.98127305983483,3.414424514993811],[31.979197321665854,3.412104994600417],[31.963778318703365,3.402967774078864],[31.96338919678219,3.406504433959832],[31.96020791732033,3.409804999967232],[31.958125977324674,3.413998528786421],[31.956252062325255,3.415932111711077],[31.95345619835551,3.422921775833738],[31.95451921240034,3.426369426094323],[31.957858207009096,3.431924785815721],[31.95797235394114,3.443457988146893],[31.95336460553719,3.447631537908953],[31.950305798568216,3.447703597108552],[31.949259964553654,3.457281379865568],[31.94706120834449,3.456664053980355],[31.949266411017728,3.462157063028021],[31.950449939139713,3.462439487032726],[31.952984171762132,3.465110361524903],[31.953326732094464,3.466679921566386],[31.95208973963172,3.469249555962652],[31.955080014294943,3.476178886788324],[31.949988371449408,3.478404436222378],[31.943492451271638,3.479855928159585],[31.93111267707955,3.480745048896143],[31.929924157536217,3.49010519125399],[31.933238334216888,3.494628112215749],[31.933661346640175,3.499576334211405],[31.932589660579612,3.500330517775005],[31.932598864056693,3.503575041785158],[31.93187200164208,3.504916020525522],[31.93024475332373,3.506576672479017],[31.928822479872153,3.50686462786904],[31.92658903518238,3.512333411210302],[31.932585604894335,3.515773177490196],[31.940010364570643,3.518437700013297]]]}},{"type":"Feature","properties":{"n":"Dzaipi","c":"301102","d":"Adjumani","od":"Adjumani","dc":"301","k":"DZAIPI","a":["DZAIPI"],"lat":3.372623,"lon":31.955535},"geometry":{"type":"MultiPolygon","coordinates":[[[[31.84695384048887,3.470674029659853],[31.84659055894879,3.47727996082195],[31.847352406230954,3.489575276150629],[31.848587393630268,3.490335916304282],[31.84931241888805,3.506465723273155],[31.852916478110764,3.531733365202196],[31.853853344801696,3.5339062671239136],[31.860049388254872,3.5262417971876148],[31.860100442495206,3.526156662488848],[31.86017606059934,3.526085104229719],[31.8617,3.5242],[31.862613795812027,3.523778248086757],[31.8649731415884,3.521545572745614],[31.87074272585082,3.51849929128703],[31.87725145765664,3.516305513360672],[31.87905728012203,3.5161889476359853],[31.8799,3.5158],[31.88828596178297,3.514059054717571],[31.884823461010367,3.499526414036719],[31.885158120156206,3.495548888146539],[31.888505300872144,3.493700276494699],[31.901517664739327,3.492305453102848],[31.906978432315686,3.487558502543672],[31.910182473122397,3.482390696107349],[31.907153328711136,3.480233259757107],[31.91077937079446,3.474036071071871],[31.912890792919573,3.477962238381636],[31.92191338246921,3.481959674031447],[31.924597740424552,3.488013085372937],[31.926882020960885,3.490754221932857],[31.930671599350703,3.491935278903445],[31.929925053988615,3.490106414659902],[31.929924157536217,3.49010519125399],[31.929924251741937,3.490104449340263],[31.929924152777858,3.490104206901052],[31.930815935278854,3.481488025379753],[31.930324164470623,3.476398424005369],[31.931688076113364,3.472496165228888],[31.929991963270062,3.469713184679162],[31.929801691756715,3.4661025735768],[31.92826428098472,3.464545634766214],[31.935375403417133,3.459116248127596],[31.93817886739164,3.459124972078279],[31.946978425167128,3.456575500539911],[31.949112099015103,3.457239864929033],[31.949259699978768,3.4572813055831504],[31.949567087949703,3.4544687335698923],[31.950305798568216,3.447703597108552],[31.95336417407805,3.4476315480732427],[31.95396464343724,3.447088042948847],[31.95797235394114,3.443457988146893],[31.957858207009096,3.431924785815721],[31.95451921240034,3.426369426094323],[31.95345619835551,3.422921775833738],[31.956003953429246,3.416552384323662],[31.95625196536417,3.41593232583612],[31.95625198462456,3.4159323059629276],[31.956252062325255,3.415932111711077],[31.958125977324674,3.413998528786421],[31.96020791732033,3.409804999967232],[31.96338919678219,3.406504433959832],[31.963778318703365,3.402967774078864],[31.979197321665854,3.412104994600417],[31.97919740043054,3.4121050826155144],[31.979197420212593,3.412105094332269],[31.98095260012675,3.41406641933451],[31.98127305983483,3.414424514993811],[31.985955866695623,3.423561625722718],[31.98877974026741,3.426810956125909],[31.97750796011837,3.433136904094623],[31.974604833443717,3.436087553933941],[31.97260617977227,3.440560938063431],[31.97212596474589,3.448976969054912],[31.9735756980979,3.44898423237607],[31.98248457649556,3.449027609511302],[31.982935780750594,3.444017123056925],[31.982955003971398,3.443803025212981],[31.982955070515317,3.443802916068029],[31.982955098905585,3.443802600802704],[31.984739637779086,3.440875872601052],[31.985655786371606,3.4402662557294015],[31.990625779103084,3.436958660735274],[31.990626041128955,3.436958985291816],[31.990628471715596,3.436957367948694],[31.995535224027982,3.44303861405838],[32.01073945003945,3.435041334698196],[32.01074029259574,3.4350412217110557],[32.01074041017373,3.435041159861361],[32.01128035192589,3.4349687995358833],[32.01465439881282,3.434516338480134],[32.01465516470592,3.4345165238038913],[32.014655378041645,3.434516495213692],[32.02434661223131,3.43654426366407],[32.026704449143544,3.4374320986581974],[32.030883066264636,3.438443201937159],[32.03406877495328,3.4371052993893034],[32.03420088541669,3.4365464597510904],[32.03358435152408,3.4328388157750687],[32.03356125757946,3.432810113602849],[32.031240319729065,3.4299403066795557],[32.02789849957376,3.4273703568146585],[32.0278930822683,3.42736660857579],[32.02789338734755,3.4273664253747644],[32.027892661693144,3.427365867326953],[32.02973147742334,3.4262626466249393],[32.0298909776863,3.4261668662259432],[32.03009522193471,3.425434191795194],[32.03019580773498,3.4250727498284586],[32.02884389339239,3.42242836395518],[32.02805482928708,3.4208854449628],[32.02805494115223,3.420885149201938],[32.02805446438631,3.420884216633198],[32.02872994246425,3.4191005095970612],[32.02879678221971,3.418923791607573],[32.02846366969626,3.416972647474375],[32.026636305389744,3.414697617241981],[32.02819432721122,3.4110042178173],[32.028271613108636,3.410820973603252],[32.02340147733165,3.4100696463221163],[32.021261064879184,3.4100936959002337],[32.02039074515291,3.410188788661708],[32.01845997225133,3.411787602656978],[32.01741546982142,3.411137676052411],[32.017188641640466,3.408009485923194],[32.01528632763909,3.408531053101036],[32.01611788348945,3.407438417922972],[32.01373920232834,3.406019347285271],[32.012951491410554,3.404049559061083],[32.01291746724662,3.403454999665578],[32.013980489781666,3.403531932462696],[32.0131597224592,3.402295546469055],[32.01359978043023,3.400813522093734],[32.01269580008219,3.399748762075923],[32.01433146726691,3.397547708876176],[32.01270748191987,3.393883341687355],[32.01053101761893,3.392247735377352],[32.01144042141003,3.391123161355484],[32.01122626991788,3.388696118162222],[32.0058792429095,3.385210725189725],[32.00315035250911,3.382439964857445],[32.00313958913324,3.366536750936484],[32.00769371870285,3.367059815954577],[32.01438925186788,3.369401108741517],[32.02640691829935,3.377832748094421],[32.02923689263357,3.379107150035464],[32.02897198530862,3.3743884883098176],[32.02732149270579,3.370857525650668],[32.02782467154371,3.368344574672629],[32.02859335657543,3.367644163999866],[32.02843039046094,3.364741330085551],[32.02828891619822,3.364485404568931],[32.02840830180898,3.3643478759725363],[32.0284,3.3642],[32.02959299734992,3.3629831427030745],[32.03107965920288,3.361270553416587],[32.03133337614365,3.359503536644435],[32.03487718374433,3.356837643794961],[32.03567154881602,3.3567830202076627],[32.03664323760929,3.3557918976385235],[32.03683383401937,3.355352268318997],[32.03745202184348,3.3549669377196576],[32.0384,3.354],[32.0419344994359,3.3446199822662694],[32.04352252215112,3.340155813414313],[32.03567124028584,3.335678129225521],[32.034756030550525,3.335850606852821],[32.03337432558359,3.3343681700593915],[32.03158950741412,3.3333502659471166],[32.030220912164644,3.332821234421822],[32.031007808236126,3.3306883266298324],[32.03160984092177,3.3242809787612093],[32.031276055661145,3.323111491476896],[32.03194970606818,3.3206638425600774],[32.0322,3.318],[32.03203107368289,3.317829954965555],[32.02585740832329,3.314419139616681],[32.02669070541145,3.312577995037962],[32.02381062349307,3.311334939089169],[32.020441034606506,3.308163301587499],[32.02093050353285,3.3066558711059173],[32.018591507065004,3.3043013845952345],[32.01763760558077,3.304451589865503],[32.01673684861899,3.303431081117096],[32.016974704333514,3.302518581955437],[32.01331742326978,3.2943042125821376],[32.011663772244034,3.293568362661261],[32.01262000835429,3.2927377965417866],[32.01031459339052,3.2875597613453755],[32.00868317636229,3.28754294401899],[32.007410663091775,3.288449119305852],[32.00678802464549,3.287414271696951],[32.007759910153204,3.281821861693313],[32.00527064736236,3.2762308984408457],[32.004490523033425,3.275468814989196],[32.004660251712295,3.2748599304331747],[32.0045,3.2745],[32.004957372150216,3.2724608824969708],[32.0043777046826,3.266690168513854],[32.00602163559344,3.264103692856865],[32.00683775082588,3.264077527567947],[32.00923589993617,3.2533857794512517],[32.00864083717439,3.251631121860731],[32.008421076982074,3.249251996794355],[32.009152566960324,3.2492878028311214],[32.0088235177606,3.240779530666894],[32.00823048205115,3.236653801991733],[32.00863962200621,3.236024511874753],[32.0086,3.235],[32.00293790960946,3.2158904449319308],[32.002758481869,3.215955336608998],[32.000293139057426,3.214182285555805],[32.001327704805284,3.21109074080845],[32.001108602270946,3.210340187151954],[32.00066242879103,3.209789259898496],[31.995858445803584,3.21176676084295],[31.99437595709626,3.217974882283178],[31.994996149720397,3.228757958614037],[31.990814193371108,3.236414289214675],[31.99032339676789,3.241829578827136],[31.992600631022192,3.246174738143214],[31.992640365108983,3.255005258915211],[31.993716307827402,3.259806650569768],[31.993058748831277,3.26646984780487],[31.989635171756774,3.269324581459686],[31.986066423721642,3.26882481006128],[31.984494685319316,3.270681272196267],[31.982854034617457,3.270109764873037],[31.97543001889615,3.274321436706218],[31.968934213243813,3.275392199123697],[31.965766450666816,3.278436510883524],[31.96462054773421,3.281097752851955],[31.962408024008425,3.282667885945792],[31.961433182515268,3.285546042993932],[31.957186902548276,3.287574511793256],[31.961925298940024,3.28855113173928],[31.955865262316504,3.300138702234027],[31.956602784233223,3.301424378189474],[31.956341173145102,3.30349313743311],[31.952810470822907,3.30787426723251],[31.94807012861427,3.311415321773423],[31.925577600212268,3.323436703076452],[31.924533445734145,3.326804712766298],[31.9191548663041,3.335769899549841],[31.921795447547375,3.33850419816768],[31.92350875305714,3.338646998478467],[31.924937239181308,3.337791549544783],[31.925316616233655,3.341218123751287],[31.923128952031178,3.344785282121867],[31.918392917379975,3.345618829801174],[31.916584588363424,3.34768884336885],[31.915051382352804,3.351707284319914],[31.916178359300943,3.357900833334735],[31.911503208261724,3.359896518257178],[31.90992887339342,3.363931183772741],[31.90867449365207,3.37084655943741],[31.90410158082417,3.381711919267842],[31.89171176722811,3.386312720884611],[31.881165398866997,3.385788049532098],[31.885866445495694,3.39286772428165],[31.878421091201897,3.395328557006815],[31.874305260703366,3.395471394798912],[31.8721529668048,3.392058588832061],[31.87046595710293,3.40334306042501],[31.861274411754923,3.44019731022737],[31.852608735750106,3.44703407773134],[31.849217911090197,3.448818647691671],[31.842082459878355,3.450901079052413],[31.844016332912847,3.465120148765277],[31.84695384048887,3.470674029659853]],[[31.882801821341822,3.461745065871761],[31.88474111328864,3.4641702180352],[31.892385131286698,3.46860196127055],[31.89772669355043,3.469426164210501],[31.89367652045701,3.473390152955768],[31.887985267277713,3.476511951998055],[31.886009685293036,3.479522536749438],[31.883203171352275,3.481294382399005],[31.88141831859238,3.480259960310234],[31.879716572412306,3.476714271766949],[31.87982361299027,3.471479469482659],[31.878871864975526,3.468576536079512],[31.882801821341822,3.461745065871761]]],[[[31.918275708548286,3.489211849620785],[31.91981759531423,3.488640779861157],[31.920426737137237,3.487175036118996],[31.919506740485332,3.484673490931994],[31.916829001947708,3.485557006584293],[31.91703839456446,3.488945350138536],[31.918275708548286,3.489211849620785]]]]}},{"type":"Feature","properties":{"n":"Itirikwa","c":"301103","d":"Adjumani","od":"Adjumani","dc":"301","k":"ITIRIKWA","a":["ITIRIKWA"],"lat":3.107139,"lon":31.739287},"geometry":{"type":"Polygon","coordinates":[[[31.626800621533853,3.074972363486505],[31.633470909116305,3.077165093781233],[31.650407085455946,3.084783525466686],[31.65292364781375,3.08778090742998],[31.654060125616454,3.094458251680871],[31.651059975899564,3.112640837376199],[31.6389024438052,3.127590282379735],[31.639811408305736,3.133116758310648],[31.64147159488755,3.137306158647385],[31.637905576061776,3.143669076787754],[31.647822206238423,3.152912452739916],[31.66264126913976,3.163271823240383],[31.66511572809447,3.1680148024515],[31.6681186395895,3.180247043043722],[31.6712446970646,3.186028883485515],[31.686929241131004,3.186601993387505],[31.68660458485007,3.191300388896839],[31.687732595130935,3.195984915898174],[31.69335025735858,3.19433391386579],[31.69684628532703,3.195118266502583],[31.69742222123104,3.196957246835243],[31.69936385922726,3.198784670884994],[31.70701687520109,3.20186879379603],[31.70981485663056,3.20392466921553],[31.713640906131065,3.20723688002418],[31.715924909562514,3.211519547078816],[31.718951581071575,3.213461185821621],[31.725585329151624,3.214789492824945],[31.727615036722067,3.220984102094453],[31.726514119724875,3.227530189976185],[31.734182577698185,3.23125898360646],[31.735194453903652,3.23357824482432],[31.734362115719136,3.240658047245669],[31.735345702328697,3.244297407777434],[31.73834793959582,3.243097124826129],[31.741381297890076,3.243572952886432],[31.74741059340586,3.249089698742203],[31.74888023160489,3.245786850261613],[31.75279754930757,3.2437417697849],[31.758530102581517,3.247730486785476],[31.762218065915906,3.249110507452667],[31.778050637188983,3.248466416552037],[31.78318725909866,3.248923226963528],[31.783208794811703,3.247218769930837],[31.78799435130168,3.245363272373003],[31.792100872328533,3.236174155250599],[31.793231612074084,3.236082922267174],[31.80657568758074,3.243104310419059],[31.809995911197664,3.246167017368915],[31.811008915662402,3.245704618496361],[31.812362134347634,3.246384421579136],[31.812972769693992,3.245695740153829],[31.81343385204469,3.246605394196628],[31.817014702084073,3.246340257146509],[31.82051413552909,3.244304301314848],[31.821729161581498,3.242735165637298],[31.822537224487572,3.243267211883594],[31.822271918445225,3.243917775522279],[31.82320135050066,3.244078608212419],[31.823060254860703,3.246038251688705],[31.827679594441193,3.248464450065335],[31.82815189020839,3.25003602865251],[31.82937064161356,3.250822169574247],[31.82915509418227,3.252338158215121],[31.83396508396182,3.25272342436557],[31.83909186326324,3.257185494184112],[31.84422002987298,3.255924364335745],[31.84640546431788,3.254164035150334],[31.849245870881166,3.254083394067554],[31.852324539889267,3.247133249353584],[31.85463117122527,3.244232195689099],[31.859841955501064,3.237974394389029],[31.866233435797277,3.233258465434959],[31.854441447523616,3.213071937832003],[31.852303010577582,3.211778253880301],[31.848758432927013,3.20439053774296],[31.846802899497668,3.197948138459279],[31.848247757983874,3.195316878217726],[31.865004094248345,3.186400420563131],[31.86942050529678,3.182828453627821],[31.871560254299133,3.178538588339838],[31.872418324400236,3.174819604347317],[31.863464870329643,3.16207606445165],[31.85123807615056,3.149472280261616],[31.844554430733705,3.143741597939428],[31.83417744839388,3.131998318162398],[31.82877207141033,3.129416689170816],[31.827210896487696,3.125266349018108],[31.82679368569892,3.11639566164101],[31.827631635231175,3.113996920131185],[31.825785193816763,3.101637769501639],[31.822660456654766,3.089287438568853],[31.821202965087956,3.08639162849657],[31.82167849243861,3.085803957424881],[31.82030258388222,3.081505273724076],[31.820446276236662,3.074143451004149],[31.815581681800097,3.054618174208631],[31.814313680809313,3.035043489376836],[31.813099102698963,3.028764323273414],[31.81318089607677,3.015875384691012],[31.81183115737015,3.009044794398234],[31.811428700538436,2.976065084748451],[31.809594178562776,2.97465459366785],[31.796195707186826,2.972666134680018],[31.76892068457811,2.970320337003065],[31.756120549936835,2.9666627220601756],[31.7491,2.9681],[31.744,2.9632],[31.742715595255824,2.962893833752842],[31.739753596992596,2.965390032211336],[31.735684773506993,2.966817810552902],[31.733614648981288,2.971243323205897],[31.73104469729924,2.973742152316187],[31.726261833564415,2.978025075873648],[31.72097970554224,2.980309354818439],[31.718909574839152,2.9828077865388],[31.71833853162606,2.986591230111249],[31.720551332545046,2.991659264855416],[31.722050889552516,2.993016676748099],[31.722835592830606,2.996940718850019],[31.721051093045112,3.001510348906127],[31.721336556450247,3.011503808453761],[31.717267482155275,3.016643818040336],[31.710057972294482,3.01899935888241],[31.692212149600543,3.01942768252436],[31.68179010693467,3.020783955586239],[31.675008078398424,3.024924346548348],[31.660660267816848,3.028065175457344],[31.65759086267476,3.029421428701269],[31.655090833329776,3.032348253360268],[31.648524703666443,3.032347925598948],[31.643385116475216,3.029421073541008],[31.64102980738631,3.026566075711339],[31.638816912103056,3.025495320832384],[31.62439738172928,3.028422057523549],[31.617259087742063,3.033918524781027],[31.61668792972691,3.03548905141065],[31.61733038676619,3.040057612586924],[31.61932912183382,3.043128093242575],[31.61882915271426,3.050622584325629],[31.614189906375703,3.055333407393127],[31.610809313620642,3.057040014052061],[31.62579915235814,3.072877659928654],[31.626800621533853,3.074972363486505]],[[31.808165351790016,3.15358965678714],[31.810659735174877,3.154750851121489],[31.815780015641515,3.153315288786875],[31.818992012083463,3.154576319601617],[31.82203789596857,3.154624064939446],[31.82439317245051,3.156860407343351],[31.825107248221276,3.158907557845678],[31.82501202269433,3.161262604235239],[31.822976381081357,3.165702930706586],[31.82175096079938,3.163331831796511],[31.81054520017737,3.160287187917836],[31.806404659356506,3.156598874579174],[31.801805322816364,3.153931139361],[31.802874259705124,3.153437420593317],[31.805006263942353,3.154122680317471],[31.808165351790016,3.15358965678714]],[[31.786013093538568,3.185931729819605],[31.791628780075637,3.187989985556344],[31.800665005164852,3.18702046347776],[31.80470901790649,3.189149415210125],[31.804757460050187,3.18994709375138],[31.809784372680717,3.194370616143113],[31.807759418604373,3.197838951198854],[31.802127284049128,3.195560562847493],[31.793575291181465,3.196088710705715],[31.785628248073316,3.194204649181685],[31.78630862163558,3.191877156710272],[31.78522347495016,3.190834902113568],[31.78295364538688,3.190377999373422],[31.78161146740297,3.188479190682111],[31.78008302850409,3.18786076452236],[31.78142512302091,3.185857757761616],[31.786013093538568,3.185931729819605]]]}},{"type":"Feature","properties":{"n":"Ofua","c":"301104","d":"Adjumani","od":"Adjumani","dc":"301","k":"OFUA","a":["OFUA"],"lat":3.289615,"lon":31.780069},"geometry":{"type":"Polygon","coordinates":[[[31.74520885148434,3.284567088977833],[31.74476376533269,3.288954978049514],[31.746336166791618,3.290275534492121],[31.745548518354248,3.291777979788726],[31.74677292366863,3.292576855502692],[31.746069508319092,3.295478006687366],[31.74667987858183,3.298027834955936],[31.745364480287495,3.29882373542119],[31.746500504537085,3.301022356817665],[31.74531835201167,3.303532899730056],[31.746274188394995,3.306045772296399],[31.752184336672666,3.309515522488187],[31.75711317992569,3.315197590710712],[31.761201324045125,3.315286347172267],[31.768831231704127,3.321115530459286],[31.772904953306004,3.326407664667291],[31.775043629978647,3.332907128129516],[31.776825658652093,3.333412017920209],[31.776883350971364,3.336153703619464],[31.779452248738657,3.336650015537883],[31.77911421656693,3.338266280386036],[31.780933708417177,3.336912772608619],[31.7812211686874,3.334773237370819],[31.782659267740467,3.334854744525869],[31.783161819029438,3.337289898362148],[31.785536941715975,3.336706324780729],[31.796823788044755,3.342807602595768],[31.798152390865532,3.340375748731737],[31.80674644471582,3.332816108664441],[31.8086917206647,3.32959536848095],[31.812922251815046,3.329263603793137],[31.81458915360512,3.330120179563628],[31.81599299221522,3.329228139548105],[31.820061911197694,3.331110035324165],[31.826637397763168,3.316493040556217],[31.830384669668614,3.312674711499208],[31.834774862107704,3.312281751988214],[31.83325740557991,3.308089805976081],[31.822163171174275,3.299821180872641],[31.817939535189463,3.298601703306019],[31.80999313321119,3.299392872580929],[31.811052987717115,3.293420019209611],[31.813055192701658,3.291959360992063],[31.823052119755662,3.276666512546564],[31.82862590324904,3.271366237931856],[31.825379615162497,3.268028272341517],[31.834969328352045,3.259736167361478],[31.839091850806373,3.257185501606026],[31.833964996706896,3.252723417376705],[31.82915509418227,3.252338158215121],[31.829155223885348,3.252337245987155],[31.829154016455327,3.252337149297843],[31.82924057789238,3.2517369340078286],[31.829370614851808,3.250822357795075],[31.828153335458893,3.250037337386515],[31.828153194687825,3.2500368700912663],[31.82815189020839,3.25003602865251],[31.827715246011394,3.2485830817538175],[31.82767949249853,3.248464396522373],[31.823060254860703,3.246038251688705],[31.82320135050066,3.244078608212419],[31.822271918445225,3.243917775522279],[31.822460355370296,3.243455704585061],[31.82253562763636,3.243266160481918],[31.821729161581498,3.242735165637298],[31.82051413552909,3.244304301314848],[31.817296717975974,3.246176181472901],[31.817015109376914,3.246340069261918],[31.81701501276443,3.246340076393969],[31.817014702084073,3.246340257146509],[31.81343385204469,3.246605394196628],[31.81297291160812,3.245696020131495],[31.81284060736463,3.2458447943183137],[31.812362134347634,3.246384421579136],[31.811008915662402,3.245704618496361],[31.809995911197664,3.246167017368915],[31.809994829209934,3.24616604848158],[31.809994767606213,3.246166076547441],[31.809949688393704,3.246125626244011],[31.80657568758074,3.243104310419059],[31.793231612074084,3.236082922267174],[31.79210095329765,3.23617414871766],[31.791140651842827,3.2383228301140146],[31.78799435130168,3.245363272373003],[31.783208794811703,3.247218769930837],[31.78318725909866,3.248923226963528],[31.778050637188983,3.248466416552037],[31.762218065915906,3.249110507452667],[31.762217830159983,3.249110419233773],[31.762217681681364,3.249110425273179],[31.758530176464312,3.247730525290348],[31.758530142751603,3.247730501816956],[31.758530102581517,3.247730486785476],[31.75279754930757,3.2437417697849],[31.74928596454954,3.24557503274084],[31.748879821246998,3.2457877724953588],[31.74741059340586,3.249089698742203],[31.747244601679704,3.2489378179519908],[31.746711951981986,3.24996475161234],[31.74406546397032,3.251335988493101],[31.746506393832842,3.257634482840994],[31.746627251505863,3.259640547234294],[31.74608317370899,3.259461196936255],[31.74541313254872,3.261414046602614],[31.746446770741834,3.261000199801853],[31.746199213556842,3.263857159848052],[31.747622059844502,3.266572186873383],[31.746773517004577,3.269031572299305],[31.74797838380601,3.272678172995018],[31.74749570326292,3.274784160580577],[31.746182660986857,3.275136152533577],[31.74626537965315,3.276637878964531],[31.743637941032212,3.278660455636988],[31.744336402164077,3.280676816069286],[31.743460753799532,3.280243097745114],[31.74310793548975,3.281824538710678],[31.74205274044214,3.282525785696296],[31.74363746123424,3.284258029115291],[31.74520885148434,3.284567088977833]]]}},{"type":"Feature","properties":{"n":"Pakele","c":"301105","d":"Adjumani","od":"Adjumani","dc":"301","k":"PAKELE","a":["PAKELE"],"lat":3.199867,"lon":31.920006},"geometry":{"type":"MultiPolygon","coordinates":[[[[31.806179186167284,3.360088632752677],[31.805995271812595,3.365403763070056],[31.807073059164928,3.367180662474356],[31.80662044565356,3.369413164742553],[31.808169315356817,3.369508668304017],[31.811799984919563,3.372463935518504],[31.81599900960934,3.378765962130057],[31.81761656223859,3.37916837304385],[31.82512135737593,3.395560056510977],[31.83064047095305,3.402061269728489],[31.84185237617898,3.41121060702407],[31.864806154670255,3.424453661125612],[31.87046591078783,3.403343246129176],[31.87046595710293,3.40334306042501],[31.8721529668048,3.392058588832061],[31.874305260703366,3.395471394798912],[31.878421091201165,3.3953285570068403],[31.878421091911388,3.395328556772315],[31.885866445495694,3.39286772428165],[31.881165398866997,3.385788049532098],[31.89171176722811,3.386312720884611],[31.90410158082417,3.381711919267842],[31.90867449365207,3.37084655943741],[31.90992887339342,3.363931183772741],[31.911503208261724,3.359896518257178],[31.916178359300943,3.357900833334735],[31.915051382352804,3.351707284319914],[31.916584588363424,3.34768884336885],[31.916584939321226,3.347688441623699],[31.91658518274275,3.347687803206787],[31.917298352323286,3.346871790129363],[31.918392917379975,3.345618829801174],[31.923128941399323,3.344785283993086],[31.923128960118202,3.3447852689353406],[31.925316599699688,3.3412181507112186],[31.925316615044977,3.3412181130150103],[31.924991588072047,3.3382824345522217],[31.924148369868956,3.3382639639425498],[31.92350875305714,3.338646998478467],[31.921795447547375,3.33850419816768],[31.921507583797236,3.3382061177900595],[31.921011176834963,3.33819524404563],[31.91989255846608,3.33700583658932],[31.919962245278505,3.3366059333660356],[31.9191548663041,3.335769899549841],[31.923406427831573,3.328683261951331],[31.924533469477684,3.326804636179485],[31.924534692895207,3.326800689941481],[31.926840138880966,3.318488228581696],[31.927268469017775,3.315489977657361],[31.924770087435803,3.310064550501097],[31.924841565854504,3.306066869232334],[31.927868092435123,3.294503133005104],[31.92601084776181,3.291693784731736],[31.928496271535774,3.287136319039372],[31.92849646188279,3.283882525322459],[31.929866839804582,3.282225112031913],[31.92929520577657,3.276744746836652],[31.932322444428163,3.274915404973498],[31.934092703814702,3.262180853516052],[31.937005248806003,3.256298383059328],[31.937233651741842,3.254870831844438],[31.935911853981413,3.253853806517485],[31.93659551464275,3.25209770500228],[31.93722034370222,3.25123642023134],[31.94210917476853,3.250544392980586],[31.945725955294467,3.251781687068458],[31.947462849009987,3.251571521212274],[31.9528766146252,3.249548948327398],[31.958349251373736,3.249430019940589],[31.961501776371772,3.250203310494529],[31.96840226991366,3.234320262430501],[31.971495482072946,3.224981141859811],[31.96985998755095,3.221427050226783],[31.97490208568562,3.219737592436003],[31.97814250556362,3.216511187825311],[31.984842703404567,3.215616332566707],[31.989985194179393,3.212927543258768],[31.991650458869074,3.210667658401184],[31.993483006966674,3.212094732485146],[31.99481550267684,3.212118526039361],[32.000660437869435,3.2097868015431317],[31.99977293641103,3.2086909301771027],[31.99377836556197,3.203486250266018],[31.993985426132493,3.201544613137517],[31.991641955923715,3.198650936879718],[31.990135179094555,3.197693332436205],[31.989964725403652,3.196661312611917],[31.986536041189183,3.195463888573618],[31.984824004965525,3.195679263980483],[31.98056617653655,3.191513770782069],[31.979609148391017,3.189450671944531],[31.976132202934973,3.187720079884639],[31.97056085105156,3.181897336756961],[31.96839653406991,3.173293199255098],[31.968504201404446,3.1698783637178223],[31.966566573894248,3.159732241482595],[31.966263750242543,3.158808979159885],[31.966125122177314,3.157420639764844],[31.965472722324023,3.154004436896697],[31.96408989254572,3.151288400583591],[31.964477454760974,3.149435757648519],[31.964582581517224,3.1493433359447254],[31.96400633496097,3.1463258994319885],[31.96294628801139,3.146169430793367],[31.96058988003271,3.137012005182296],[31.960801880252234,3.131892471182781],[31.959341173223013,3.124039576311437],[31.957268228485283,3.122671491559554],[31.954466585137272,3.117355449397488],[31.948592040696486,3.1097063029902143],[31.946176504854172,3.107137959027185],[31.937489623771842,3.095250030952918],[31.931,3.0868],[31.930818272642345,3.0861203396823713],[31.93058610995974,3.085802626886929],[31.930586565498263,3.0852537549635075],[31.92945856894581,3.0810350478573376],[31.92907825128957,3.080310235453952],[31.92893189562982,3.079065289655523],[31.927633656351695,3.074209874755336],[31.925572058172346,3.071154647571575],[31.926589360532216,3.0703042083904784],[31.92141951347828,3.0509689804087707],[31.91954697349753,3.048760245338671],[31.920130652045756,3.0461486386511325],[31.919190425372133,3.0426321908917737],[31.91752441344769,3.042047749443915],[31.91726243616864,3.038933653903768],[31.91528809052357,3.033461147856017],[31.915763389948616,3.03065320658864],[31.911111545068845,3.02635508199823],[31.911018250553308,3.0229782883576255],[31.910968743127434,3.0229015518475233],[31.908566769408214,3.02271490385046],[31.908018907626577,3.021930795737306],[31.907946658740315,3.020882588104188],[31.904186999053184,3.015909193923107],[31.902551173840052,3.0098543194520833],[31.90133138364967,3.007963644656989],[31.899595296817616,3.005988567092262],[31.900083292129416,3.0053125712977957],[31.901756210547873,2.993514094030797],[31.90161732701375,2.993090500729209],[31.900974905227496,2.991639124418261],[31.89695315670563,2.988283442926591],[31.892955623336256,2.983262474869497],[31.891052552954367,2.979361107194931],[31.88723153883301,2.975258520111601],[31.87925806797025,2.976500003910714],[31.873090928940037,2.979774024116232],[31.866884869647947,2.979964497665188],[31.862677839665647,2.98420923728432],[31.85908094066412,2.984702297957775],[31.853937740136885,2.984376922599254],[31.851810756789178,2.983449080646333],[31.8500116971368,2.981221794623989],[31.849597495658386,2.978951757456722],[31.844643548885568,2.977352841094433],[31.8364629637486,2.977424225182715],[31.82922462908636,2.980493691132925],[31.827011526268425,2.980707736384222],[31.825770203311336,2.98027974181092],[31.825369911810235,2.979237374883535],[31.821914984639196,2.979237273112118],[31.816489889700488,2.976082241198974],[31.811428700449852,2.976064966188827],[31.81145770808825,2.9784421361366484],[31.81183115737015,3.009044794398234],[31.81318089607677,3.015875384691012],[31.813122624057414,3.0250578454073067],[31.813099112464897,3.02876437376166],[31.814313680809313,3.035043489376836],[31.81431368724948,3.0350435887965137],[31.8143136921925,3.035043614350839],[31.81558168249628,3.0546181770029293],[31.820446276236662,3.074143451004149],[31.82030258388222,3.081505273724076],[31.82107745144791,3.0839261545009515],[31.82167795633109,3.085801145677918],[31.821677695884663,3.085801468790397],[31.82167849243861,3.085803957424881],[31.821202965087956,3.08639162849657],[31.82255899301891,3.0890858460345423],[31.822660311195335,3.089287033791867],[31.822660370096006,3.0892872665899986],[31.822660456654766,3.089287438568853],[31.825785193816763,3.101637769501639],[31.82578519515613,3.101637778466687],[31.825785195500263,3.101637779826832],[31.8257860003335,3.101643167919259],[31.827631635231175,3.113996920131185],[31.82679368569892,3.11639566164101],[31.827210896487696,3.125266349018108],[31.82877207141033,3.129416689170816],[31.83417744839388,3.131998318162398],[31.84430809124614,3.143462823877004],[31.844554433633867,3.1437416004260808],[31.85123807615056,3.149472280261616],[31.85183615275421,3.150088797423115],[31.863464762225636,3.162075953014403],[31.86346476222578,3.1620759530146114],[31.863464870329643,3.16207606445165],[31.872418324400236,3.174819604347317],[31.871560254299133,3.178538588339838],[31.86942050529678,3.182828453627821],[31.865004094248345,3.186400420563131],[31.860395075100676,3.188852992737069],[31.848247713352666,3.195316959496497],[31.846802942413888,3.1979480603037045],[31.84775456472939,3.201083348175019],[31.848758432927013,3.20439053774296],[31.852303010577582,3.211778253880301],[31.854441447523616,3.213071937832003],[31.854441996723452,3.2130728779989535],[31.854442023019732,3.213072893906515],[31.854533521966427,3.2132295586876367],[31.866233435797277,3.233258465434959],[31.85984208382312,3.2379742997070964],[31.85463114828053,3.244232224546737],[31.852324539889267,3.247133249353584],[31.849245870881166,3.254083394067554],[31.84640546431788,3.254164035150334],[31.84422002987298,3.255924364335745],[31.84210278150289,3.256445042644217],[31.839091792502206,3.25718554445585],[31.838181982546597,3.257748450586388],[31.834969328352045,3.259736167361478],[31.834969016789092,3.2597364367660635],[31.82797366131228,3.266416957569886],[31.826596710202796,3.2669758654920775],[31.825379615162497,3.268028272341517],[31.82862590324904,3.271366237931856],[31.823052119755662,3.276666512546564],[31.813055192701658,3.291959360992063],[31.811052987717115,3.293420019209611],[31.810110394665337,3.298732040865061],[31.809993212541425,3.2993928646825563],[31.81790098194925,3.2986055417903026],[31.817939250648443,3.298601703306019],[31.817939323614123,3.2986017243711383],[31.817939535189463,3.298601703306019],[31.820878999087192,3.2994504057732925],[31.822162731481605,3.299821018046131],[31.82216280537299,3.299821075255949],[31.822163171174275,3.299821180872641],[31.83325740557991,3.308089805976081],[31.83341894314596,3.3085360505593115],[31.833495188349506,3.308595082802812],[31.834716286157217,3.3121199369921697],[31.834774862107704,3.312281751988214],[31.830384669668614,3.312674711499208],[31.827326949547647,3.3157904132365514],[31.8266373526743,3.3164931407866347],[31.820851496197694,3.329354825318191],[31.82006192260228,3.331110037720213],[31.822874115099477,3.332844376414661],[31.82485891439916,3.336271090128565],[31.82634364883875,3.336278310311715],[31.827021839833264,3.337456057893994],[31.828491726298115,3.336207525448842],[31.831026342455072,3.33674937022304],[31.83214025043559,3.336050372104411],[31.83497031059947,3.338505340805813],[31.838582450207248,3.339290622032308],[31.839503382588394,3.338050172679421],[31.84131177231808,3.338179624929778],[31.843829255907544,3.335216216060652],[31.84848430195082,3.33401307008744],[31.850689915600395,3.332300181962426],[31.852092927450894,3.332404950447051],[31.853794288815052,3.333872975777019],[31.856738279572138,3.333571299227977],[31.85953523515703,3.336178556723868],[31.867234827217857,3.337154095083814],[31.87027455508672,3.335158434363124],[31.87056080669503,3.333340891750614],[31.87137532245867,3.332881274229258],[31.874055048005033,3.332777157148888],[31.87569458811269,3.331711849172147],[31.876657673375938,3.33238688161271],[31.875627233225536,3.333082880281493],[31.877650722225418,3.333650141613338],[31.884814223859063,3.33034173982202],[31.885251949190202,3.32833086547843],[31.88784598800491,3.32881374755794],[31.889006653717928,3.327900066330664],[31.891844519340037,3.32878658071988],[31.89236458997085,3.330434163885083],[31.893936222476817,3.331432065329425],[31.89148030598121,3.332189556911354],[31.88723059146502,3.336087070398115],[31.88409930931032,3.344310190526113],[31.881481614762507,3.348641367381776],[31.875763165609502,3.353824894403763],[31.879502163143073,3.353947230707832],[31.885388549797817,3.356721982001975],[31.888762520021825,3.357143119795502],[31.890767045104635,3.356489910848475],[31.889513986900457,3.367919288386406],[31.886442626116672,3.37042421687753],[31.883138148382926,3.371858011028417],[31.876695893924136,3.371528946889079],[31.869612135855817,3.37282331289859],[31.859908424753794,3.369096343587148],[31.852593897284834,3.363131677933227],[31.849384746506505,3.364320001491538],[31.848613366510115,3.372426125954457],[31.847505995494718,3.375929878203805],[31.846864610147644,3.386387810990713],[31.848535573146545,3.392774543102882],[31.83688505828807,3.389190370163632],[31.83238831806718,3.387334549704609],[31.829675281315268,3.385192514105821],[31.824607224395493,3.375770087554091],[31.821050351688,3.359748061708959],[31.81847290654873,3.357804799711863],[31.82052555884986,3.356368613978856],[31.820816751154933,3.354745556471289],[31.821673721536598,3.354381679039554],[31.8205197746753,3.353275295563382],[31.81526902591617,3.355533376145254],[31.812377469803316,3.355521704028995],[31.808929699399155,3.354884291815854],[31.804371498429248,3.35211091619452],[31.801379080298698,3.357536106197022],[31.804455444684717,3.357610551582384],[31.806179186167284,3.360088632752677]],[[31.870301467521923,3.283799454776972],[31.87249615752817,3.286890584054495],[31.877110109933955,3.287735495306506],[31.88017349115352,3.285087052333982],[31.88071051439425,3.283694382884109],[31.88906270025392,3.281270346146394],[31.88988172273812,3.28337349989458],[31.889382096092685,3.286621712367927],[31.893272413688265,3.292046911809136],[31.893208273492323,3.297293978944949],[31.903947067406612,3.301456184776327],[31.902746239000834,3.31271135379062],[31.89737611226266,3.32162389697051],[31.897740875785992,3.322348467427756],[31.896053293296323,3.322358405061408],[31.892841232714854,3.318040312335195],[31.892085827092224,3.31811929759465],[31.892277098397077,3.316169455178061],[31.891330077928266,3.313880420993227],[31.890717859322557,3.314580050695674],[31.888778960806626,3.31374198618615],[31.886756657178335,3.31072040590911],[31.884801815994333,3.310157792212668],[31.883818423435464,3.301308013688047],[31.88085850651244,3.297726010554493],[31.87890384963705,3.300167205738679],[31.873155523223502,3.302983776751471],[31.868288310215984,3.302205036563838],[31.85984145037682,3.296399314045285],[31.856417035049112,3.295279839961838],[31.85806176858943,3.286244039514405],[31.86017472375518,3.282741474389388],[31.86258733834106,3.280511705818753],[31.863401874058916,3.281412292125423],[31.870301467521923,3.283799454776972]]],[[[31.934821443748564,3.296019278246749],[31.938190749608054,3.29721852282006],[31.94036993788537,3.28882141587696],[31.93189933382909,3.287049985031814],[31.930752564928138,3.291436437065424],[31.936144886391396,3.292179856309013],[31.934821443748564,3.296019278246749]]],[[[31.780981214538507,3.340221802267689],[31.7839032800763,3.341134824284539],[31.784216806425054,3.337215670278498],[31.779935032114235,3.337895135478442],[31.77879241859488,3.339449679376359],[31.780846467686434,3.340843294983077],[31.780981214538507,3.340221802267689]]]]}},{"type":"Feature","properties":{"n":"Pakele Town Council","c":"301106","d":"Adjumani","od":"Adjumani","dc":"301","k":"PAKELETOWNCOUNCIL","a":["PAKELE","PAKELETOWNCOUNCIL"],"lat":3.36144,"lon":31.855773},"geometry":{"type":"Polygon","coordinates":[[[31.824125748646857,3.3736012674913938],[31.824607224395493,3.375770087554091],[31.829675281315268,3.385192514105821],[31.83238831806718,3.387334549704609],[31.836885009511935,3.38919035003355],[31.836885058289766,3.3891903701641546],[31.848535573146545,3.392774543102882],[31.846864610147644,3.386387810990713],[31.847505995494718,3.375929878203805],[31.848613366510115,3.372426125954457],[31.849384746506505,3.364320001491538],[31.849386155431734,3.3643194797774902],[31.849386170410536,3.364319322636672],[31.85001716978216,3.364085820074336],[31.852593897284834,3.363131677933227],[31.852594419462626,3.363132103745553],[31.852594575283614,3.363132046083689],[31.85751784747895,3.367146936161334],[31.859908424753794,3.369096343587148],[31.869612135855817,3.37282331289859],[31.8766060869502,3.3715453566949134],[31.876695761359052,3.371528963385749],[31.87669579439808,3.371528965074785],[31.876695893924136,3.371528946889079],[31.883138148382926,3.371858011028417],[31.883138599099063,3.371857815465242],[31.88764320399071,3.3694450542410976],[31.889243819862614,3.368139630169119],[31.890766523702172,3.356490080756428],[31.88877567589772,3.357138832727251],[31.888762564342912,3.357143117333261],[31.888762537759575,3.3571431140153507],[31.888762520021825,3.357143119795502],[31.887762162229862,3.3570182554827563],[31.885388998750017,3.356722057004387],[31.885388944025653,3.3567220312093573],[31.885388549797817,3.356721982001975],[31.879502163143073,3.353947230707832],[31.875763165609502,3.353824894403763],[31.875767882854074,3.353820618425423],[31.875766281834625,3.353820564193725],[31.881481656638652,3.348641298094476],[31.88409925207766,3.344310285221944],[31.88433118633974,3.343701253811488],[31.88723059146502,3.336087070398115],[31.887230998254406,3.336086697321969],[31.88723105165012,3.336086557111261],[31.890597023600794,3.332999636030122],[31.89148030598121,3.332189556911354],[31.891480345318094,3.332189544778467],[31.891480395003967,3.332189499211727],[31.89382161274544,3.3313592943629042],[31.89236458997085,3.330434163885083],[31.892153637753637,3.32976586750157],[31.891843847383246,3.3287863708088268],[31.891729648979315,3.3287506966290756],[31.888983656748497,3.3279181696475932],[31.88785312293291,3.328808130910788],[31.887847063207026,3.328813269991789],[31.887846684071782,3.328813199610993],[31.88784598800491,3.32881374755794],[31.886532666432334,3.3285692718591053],[31.8852518110287,3.3283315001810676],[31.884814223859063,3.33034173982202],[31.884813322662342,3.3303421560319966],[31.884813297303808,3.330342272904148],[31.8848118789126,3.3303428228154326],[31.879102083091745,3.3329798430449045],[31.878767113443505,3.333421885236095],[31.87825299597629,3.3333719866469327],[31.877650722225418,3.333650141613338],[31.875814149423068,3.333135280038132],[31.875681745916438,3.33312242937928],[31.87570520910742,3.3331047399024802],[31.875627233225536,3.333082880281493],[31.876654769052653,3.3323888433036806],[31.876657516691196,3.3323867717914015],[31.875797494430323,3.3317839768490938],[31.87569451904892,3.3317118940470394],[31.875048469640273,3.3321316712669966],[31.874055895101588,3.332776903017361],[31.87405541005007,3.332776921906418],[31.874055048005033,3.332777157148888],[31.871562913533417,3.332873985633964],[31.871375290772196,3.3328812921094015],[31.871283204362918,3.3329332549185615],[31.87056064442948,3.3333419220489064],[31.87027455508672,3.335158434363124],[31.867234827217857,3.337154095083814],[31.86723303289622,3.3371538677432517],[31.86723271277606,3.337154077774103],[31.866095654507653,3.3370097618946493],[31.85953523515703,3.336178556723868],[31.857289678824056,3.334085300894845],[31.853799585774304,3.33387243298714],[31.853794288815052,3.333872975777019],[31.853778377239088,3.3338592464206047],[31.851864197883618,3.3323878702989798],[31.850721072867383,3.332302508599686],[31.85068650576572,3.3323028300532758],[31.84848580867544,3.334011899959248],[31.848485486750317,3.334012197182041],[31.848485395613814,3.33401222074451],[31.84848430195082,3.33401307008744],[31.843829255907544,3.335216216060652],[31.84131177231808,3.338179624929778],[31.839503382588394,3.338050172679421],[31.839111603162333,3.33857787975703],[31.83858296202699,3.339290331324968],[31.83858270715214,3.3392902759405314],[31.838582450207248,3.339290622032308],[31.83497031059947,3.338505340805813],[31.834970248312597,3.33850528677434],[31.834970193286424,3.338505274817124],[31.834735870420392,3.33830197293776],[31.83214025043559,3.336050372104411],[31.831026342455072,3.33674937022304],[31.83102551429811,3.3367491931814306],[31.831025159671928,3.336749415711834],[31.830340361176244,3.3366027226250945],[31.828491726298115,3.336207525448842],[31.828490630089775,3.3362084565763217],[31.827155904241263,3.337456040611401],[31.827108348047933,3.3373825771760157],[31.827021839833264,3.337456057893994],[31.826611228643998,3.336742989835987],[31.82422988883909,3.339273307358364],[31.821445876179858,3.345997837454358],[31.82127460115281,3.347710871712452],[31.822715552291328,3.351775664930885],[31.81992947555164,3.353015000341316],[31.82035244157467,3.3533472570383203],[31.8205197746753,3.353275295563382],[31.821673721536598,3.354381679039554],[31.820816967200216,3.354745464736493],[31.820673289378185,3.355545188569187],[31.82052555884986,3.356368613978856],[31.820525323801213,3.3563687784360847],[31.820525308340773,3.356368864490308],[31.820482119038147,3.3563990076494212],[31.81847290654873,3.357804799711863],[31.821050351688,3.359748061708959],[31.821050447684133,3.3597484941260394],[31.821050547297794,3.359748569071265],[31.824125748646857,3.3736012674913938]]]}},{"type":"Feature","properties":{"n":"Refugee Settlement Camps","c":"301107","d":"Adjumani","od":"Adjumani","dc":"301","k":"REFUGEESETTLEMENTCAMPS","a":["REFUGEESETTLEMENTCAMPS"],"lat":3.267647,"lon":31.96249},"geometry":{"type":"MultiPolygon","coordinates":[[[[31.824393474919656,3.1568612744780298],[31.82439319275803,3.156860465562032],[31.821495290328595,3.1546155593986684],[31.818992012083463,3.154576319601617],[31.81899118141424,3.1545759934806195],[31.818991078788013,3.15457601035647],[31.81577995820398,3.1533153048905165],[31.814298763956057,3.153730584226565],[31.810661793373544,3.154750635165879],[31.81066125488824,3.1547504250426277],[31.810659735174877,3.154750851121489],[31.810646203602722,3.154744551855299],[31.807831079491386,3.153646057561446],[31.80500792820624,3.1541223995111576],[31.80500694373969,3.154122653390067],[31.805006772163587,3.1541225945668083],[31.805006263942353,3.154122680317471],[31.802874259705124,3.153437420593317],[31.801805322816364,3.153931139361],[31.806404659356506,3.156598874579174],[31.809352838867504,3.1592250556230588],[31.81107102676944,3.160430056819716],[31.82175096079938,3.163331831796511],[31.822976381081357,3.165702930706586],[31.82501202269433,3.161262604235239],[31.82501202682104,3.1612625021766014],[31.824393474919656,3.1568612744780298]]],[[[31.802127503913,3.195560624839063],[31.802215535293282,3.1955962634517134],[31.807759418604373,3.197838951198854],[31.809783798889857,3.1943715989303185],[31.805168194542308,3.190308526972224],[31.804757460050187,3.18994709375138],[31.80470902571786,3.18914954383699],[31.800664970264915,3.187020467222273],[31.79194869830767,3.187955660626826],[31.791629059628256,3.187989959964214],[31.791629050337548,3.187989956559181],[31.791628780075637,3.187989985556344],[31.78601313104415,3.185931743566113],[31.78585296692644,3.1859291480909313],[31.78142512302091,3.185857757761616],[31.780165464319364,3.187737733325039],[31.780453793800206,3.1880107809596625],[31.78161146740297,3.188479190682111],[31.78295364538688,3.190377999373422],[31.78367735425645,3.1905236775207704],[31.78522237526691,3.190834471803908],[31.78522265069776,3.1908347361966265],[31.78522347495016,3.190834902113568],[31.78630862163558,3.191877156710272],[31.785628248073316,3.194204649181685],[31.793575291181465,3.196088710705715],[31.802127284049128,3.195560562847493],[31.802127446115104,3.1955606284086455],[31.802127503913,3.195560624839063]]],[[[31.95586622491123,3.300136854286283],[31.96192450228672,3.2885509675429057],[31.957186902548276,3.287574511793256],[31.961432688738867,3.2855462788733454],[31.96220813141347,3.283258056024804],[31.962408024008425,3.282667885945792],[31.964259483687517,3.2813539845036654],[31.964620585333506,3.281097665531452],[31.965766450666816,3.278436510883524],[31.968934213243813,3.275392199123697],[31.969123868590366,3.275360936516989],[31.969790779268937,3.274749996110973],[31.9754300816083,3.2743214011293813],[31.97648492719692,3.273722983289129],[31.982852962584477,3.270110241331059],[31.982853106600277,3.2701102913406475],[31.982854034617457,3.270109764873037],[31.983631853382413,3.270380711711273],[31.984495301311984,3.2706805446152245],[31.985767082087637,3.2691783780647916],[31.986065567638914,3.268825579609104],[31.986065750556676,3.2688256051714997],[31.986066423721642,3.26882481006128],[31.98910037898781,3.2692496884923563],[31.98963533274357,3.269324447221603],[31.993058748831277,3.26646984780487],[31.993716307827402,3.259806650569768],[31.992640365108983,3.255005258915211],[31.99264036459167,3.255005143947471],[31.992640351033057,3.255005083445149],[31.992600618329245,3.2461747139239794],[31.99032339676789,3.241829578827136],[31.990323528826917,3.2418281217309284],[31.99032352400826,3.24182811253363],[31.99033995225918,3.24164691093697],[31.990814193371108,3.236414289214675],[31.990814389076608,3.236413930916813],[31.99081439226782,3.236413895718166],[31.99096535022558,3.2361375510678054],[31.994996149720397,3.228757958614037],[31.99437595709626,3.217974882283178],[31.99579076396,3.212050187692818],[31.995858433352428,3.211766766867149],[31.99561196304969,3.211800793489649],[31.99481550267684,3.212118526039361],[31.993483006966674,3.212094732485146],[31.991650458869074,3.210667658401184],[31.990545258228472,3.21216749575903],[31.989985381934503,3.212927338010931],[31.989985322536892,3.2129273690683386],[31.989985194179393,3.212927543258768],[31.984842703404567,3.215616332566707],[31.978142765908675,3.2165111530545256],[31.976694089459116,3.217953339328426],[31.97490208568562,3.219737592436003],[31.974901665303644,3.2197377332935555],[31.97490141210457,3.219737985358283],[31.97375954784691,3.2201204230357483],[31.96985998755095,3.221427050226783],[31.971495482072946,3.224981141859811],[31.971494913419225,3.2249828587564835],[31.971494924777264,3.224982883408121],[31.96840232254998,3.234320108281285],[31.968402315903262,3.2343201235772945],[31.96840226991366,3.234320262430501],[31.961501776371772,3.250203310494529],[31.958373508978042,3.2494359701475766],[31.958349183353477,3.2494300214187684],[31.954498568017424,3.2495137009120696],[31.95287659538855,3.2495489555141748],[31.947462849009987,3.251571521212274],[31.94746181866939,3.2515716458845048],[31.94746181865446,3.251571645890081],[31.947461789448763,3.2515716494202294],[31.945725955294467,3.251781687068458],[31.942109179914123,3.2505443947408845],[31.936963259095137,3.2515907940453728],[31.936934499446586,3.2516304372836924],[31.93591874869781,3.2538360962372286],[31.935911853981413,3.253853806517485],[31.937233651741842,3.254870831844438],[31.937005518412956,3.2562966979770787],[31.937005516591313,3.256296709402816],[31.937005516581806,3.2562967094220183],[31.937005248806003,3.256298383059328],[31.934092718337464,3.2621808241844157],[31.93232258897058,3.2749143687872],[31.932322588424995,3.274914369116785],[31.932322444428163,3.274915404973498],[31.92929593454031,3.276744306449166],[31.929740121174547,3.281010236192463],[31.929866839804582,3.282225112031913],[31.92986664385778,3.282225349021165],[31.929866669087986,3.282225591329888],[31.92965814477219,3.282477519718038],[31.92849646188279,3.283882525322459],[31.928496271535774,3.287136319039372],[31.92849592791501,3.2871369491290467],[31.928495927910966,3.287136986118603],[31.928384841247322,3.2873406462539254],[31.92601084776181,3.291693784731736],[31.927868092435123,3.294503133005104],[31.924841565854504,3.306066869232334],[31.924770087435803,3.310064550501097],[31.927268469017775,3.315489977657361],[31.926840138880966,3.318488228581696],[31.925939723959544,3.3217347432640234],[31.92557760402422,3.32343668680345],[31.94807016607613,3.3114152937892642],[31.952810470822907,3.30787426723251],[31.956341173145102,3.30349313743311],[31.956602784233223,3.301424378189474],[31.955865262316504,3.300138702234027],[31.955866226918033,3.3001368577916694],[31.95586622491123,3.300136854286283]],[[31.930756782962415,3.291437377871862],[31.930756873417426,3.291437031060769],[31.930752564928138,3.291436437065424],[31.93189933382909,3.287049985031814],[31.93191174895444,3.2870525813680196],[31.940257174688696,3.288588291195996],[31.940230357969984,3.2887922259672626],[31.94036993788537,3.28882141587696],[31.940079206608015,3.289941696145115],[31.939549213946506,3.293972164352295],[31.938940468247434,3.294329617966063],[31.938190749608054,3.29721852282006],[31.934821443748564,3.296019278246749],[31.936144886391396,3.292179856309013],[31.931741626717557,3.291572795324545],[31.930756782962415,3.291437377871862]]],[[[31.8838179386915,3.301307378800619],[31.88381794488502,3.3013074345605813],[31.883818423435464,3.301308013688047],[31.884801815994333,3.310157792212668],[31.88543707066576,3.3103406218879368],[31.886754848015467,3.31071889901268],[31.88675566598154,3.3107201206373973],[31.886756657178335,3.31072040590911],[31.88863214117149,3.313522618872759],[31.888779048961357,3.313742024289924],[31.890716681987236,3.314579541807282],[31.89084584639369,3.3144337899390406],[31.891330077928266,3.313880420993227],[31.891332038650855,3.31388516023718],[31.89133295029344,3.313884131520264],[31.891987783081145,3.3154701538744744],[31.892277098397077,3.316169455178061],[31.892105875047143,3.3179149263592493],[31.89283267270482,3.3180412073703827],[31.892841232714854,3.318040312335195],[31.896053293296323,3.322358405061408],[31.89658912808126,3.3223552497017006],[31.89774021026264,3.322347145424515],[31.89737611226266,3.32162389697051],[31.902746239000834,3.31271135379062],[31.903947067406612,3.301456184776327],[31.893208273492323,3.297293978944949],[31.893272413688265,3.292046911809136],[31.889382096092685,3.286621712367927],[31.889881708730147,3.2833735909643362],[31.8890618916159,3.2812705808356477],[31.881111415624996,3.2835780301917894],[31.88071044988702,3.2836945501715555],[31.88017349115352,3.285087052333982],[31.88017295261836,3.2850875179239813],[31.880172888101047,3.285087685538448],[31.879970894000593,3.285262207486888],[31.877110109933955,3.287735495306506],[31.87249615752817,3.286890584054495],[31.870301467521923,3.283799454776972],[31.863401874058916,3.281412292125423],[31.86258733834106,3.280511705818753],[31.861715110094526,3.2813178300716386],[31.858061859145185,3.2862438894035875],[31.85806176858943,3.286244039514405],[31.856417035049112,3.295279839961838],[31.85984145037682,3.296399314045285],[31.866715774532278,3.301124196345821],[31.868288325019606,3.3022050389323754],[31.873155523223502,3.302983776751471],[31.877309315108178,3.300948497441659],[31.878904019865075,3.3001669931387916],[31.88085850651244,3.297726010554493],[31.883643026369697,3.30109575339307],[31.8838179386915,3.301307378800619]]],[[[31.783161793245483,3.337289773423862],[31.782673977875213,3.334926023700438],[31.781256721896384,3.334775252420416],[31.7812211686874,3.334773237370819],[31.780933708417177,3.336912772608619],[31.7802240278135,3.337440699247274],[31.78007321708758,3.337845208406007],[31.783161807501724,3.337289899298546],[31.783161793245483,3.337289773423862]]],[[[31.79956923057161,3.349727037810984],[31.804260687999083,3.352311813131938],[31.804371498429248,3.35211091619452],[31.80892848021167,3.3548835500177483],[31.808929890840822,3.354884327208947],[31.808931966091162,3.354884710874259],[31.815266207016695,3.355533364766425],[31.815268773466478,3.35553337512621],[31.820059872206297,3.3531174321193276],[31.81992947555164,3.353015000341316],[31.822715552291328,3.351775664930885],[31.82127460115281,3.347710871712452],[31.821274623671716,3.3477106464860453],[31.821274603740356,3.347710590263418],[31.821445837563154,3.345998013097957],[31.821445865321984,3.3459979460511025],[31.821445876179858,3.345997837454358],[31.82422988883909,3.339273307358364],[31.82649705685121,3.3368643042688375],[31.826611223555155,3.3367429809986913],[31.82657087406293,3.336672910004978],[31.824936772792405,3.336348928085692],[31.824891054569985,3.3362712464244746],[31.82485891439916,3.336271090128565],[31.822874174372686,3.3328444787485916],[31.822871339936306,3.332842664912737],[31.82006192260228,3.331110037720213],[31.82008469598118,3.3310594127787123],[31.82008468656843,3.331059406755228],[31.820061911197694,3.331110035324165],[31.81776292654409,3.330046743199776],[31.81665960358581,3.330036705366463],[31.81599338882737,3.329228322983245],[31.81599299221522,3.329228139548105],[31.81458915360512,3.330120179563628],[31.81458775942289,3.3301194631310667],[31.814587733658346,3.330119479477204],[31.81451782645477,3.330083526469168],[31.812922251815046,3.329263603793137],[31.808692099446002,3.329595338776344],[31.808691644629498,3.3295954943703534],[31.80674644471582,3.332816108664441],[31.802716081289798,3.3363613618559937],[31.798152349765527,3.340375823960542],[31.796823788044755,3.342807602595768],[31.786397797721275,3.337171673691673],[31.785536773794117,3.336706366039549],[31.785532609758413,3.3367073891535313],[31.78421681795647,3.337215668747565],[31.783904394764445,3.341131974807047],[31.7839035295628,3.3411317056438605],[31.7839032800763,3.341134824284539],[31.781551286174118,3.3403999255670342],[31.78098105718738,3.340222528018068],[31.78097981500449,3.3402282573364563],[31.782007058285533,3.342471825069534],[31.78586202549593,3.344304516868275],[31.788399154100556,3.347786233100455],[31.7915042340863,3.34953508562409],[31.79956923057161,3.349727037810984]]],[[[32.01144031109835,3.3911219111600928],[32.01144042141003,3.391123161355484],[32.01053101761893,3.392247735377352],[32.01270748191987,3.393883341687355],[32.01433146726691,3.397547708876176],[32.01269580008219,3.399748762075923],[32.01359978043023,3.400813522093734],[32.01359972462033,3.4008137100499836],[32.013599814057024,3.400813815400068],[32.01347769119543,3.4012246934253505],[32.013159826745,3.402295195256],[32.013980288779365,3.403529721407788],[32.01397895983925,3.4035296277908094],[32.013980489781666,3.403531932462696],[32.01291746724662,3.403454999665578],[32.012951491410554,3.404049559061083],[32.01373918373025,3.4060193007779906],[32.013772814885044,3.4060393998223915],[32.01611788348945,3.407438417922972],[32.01534651028561,3.4084519752174915],[32.0152865863628,3.4085309821654315],[32.01608046248211,3.408313321081717],[32.01718726493637,3.408007682705229],[32.017187276805366,3.4080098601270272],[32.017188641640466,3.408009485923194],[32.01735759554741,3.4103395312542903],[32.020522075765804,3.407452189193046],[32.022011934401306,3.402802535062983],[32.02610439229543,3.398778904912394],[32.02780713435927,3.394292231407157],[32.02977601725813,3.3931190644847984],[32.02986089646438,3.3929602582279403],[32.02775682791394,3.389484944591312],[32.028834824611835,3.386233392492304],[32.02958390858706,3.3852883717069018],[32.02923689279885,3.3791071529794667],[32.028723472372384,3.3788759451904173],[32.02640691829935,3.377832748094421],[32.02640686677211,3.3778327119427214],[32.02640683915816,3.377832699507375],[32.02572575118646,3.3773548387209407],[32.01438925186788,3.369401108741517],[32.00769371870285,3.367059815954577],[32.00313958913324,3.366536750936484],[32.00315035250911,3.382439964857445],[32.00587923762619,3.3852107198253494],[32.00588785340578,3.3852163378345033],[32.01122626991788,3.388696118162222],[32.01122638132519,3.3886973807747194],[32.011226516395325,3.388697468848616],[32.01144037429728,3.391121832993473],[32.01144031109835,3.3911219111600928]]],[[[31.93081594163753,3.481488011505555],[31.931112007037544,3.4807503257875583],[31.93111267707955,3.480745048896143],[31.931114949968272,3.480744885656292],[31.933147437962855,3.480424655854902],[31.943492472825987,3.479855923343336],[31.949988371449408,3.478404436222378],[31.955080014294943,3.476178886788324],[31.95208973963172,3.469249555962652],[31.953326732094464,3.466679921566386],[31.952984191892067,3.4651104537572435],[31.95198175394068,3.4640538948982242],[31.950450028189994,3.4624395808844586],[31.950379616886565,3.462422706111356],[31.949266411017728,3.462157063028021],[31.94926149281492,3.462144812121171],[31.946981568687615,3.4565764793413662],[31.94697848954251,3.4565755205845448],[31.942786417285227,3.45779003939018],[31.93817886739164,3.459124972078279],[31.93817872214995,3.459124971626309],[31.938178440315685,3.459125053278769],[31.93778586369671,3.4591237491109483],[31.935375403417133,3.459116248127596],[31.92826428098472,3.464545634766214],[31.929801691756715,3.4661025735768],[31.929991963270062,3.469713184679162],[31.931688076113364,3.472496165228888],[31.930324235040896,3.4763982220982554],[31.93081594163753,3.481488011505555]]],[[[31.887985752846227,3.476511569739825],[31.89157214391787,3.4745444577209113],[31.893676512993974,3.4733901570494354],[31.893679309983273,3.4733874227883277],[31.89772669355043,3.469426164210501],[31.892385131286698,3.46860196127055],[31.88474111328864,3.4641702180352],[31.882801821341822,3.461745065871761],[31.882747902669163,3.4618387930716508],[31.878927961309888,3.46874763590876],[31.87982361299027,3.471479469482659],[31.87982360116509,3.4714800477911174],[31.87982370726587,3.471480287170206],[31.879733630052687,3.475880070602074],[31.879716572412306,3.476714271766949],[31.88141830501485,3.4802599320206453],[31.881464331878117,3.480286627585099],[31.88320309079251,3.4812943357101105],[31.886009829335595,3.4795223172433225],[31.887985267277713,3.476511951998055],[31.88798563400258,3.4765117508400154],[31.887985752846227,3.476511569739825]]],[[[31.9318720060794,3.5049160123391703],[31.932598859203928,3.5035750507379615],[31.932589356038704,3.500331961830368],[31.932589664061602,3.5003317452886726],[31.932589660579612,3.500330517775005],[31.933661205185924,3.4995764337577877],[31.933525000785355,3.497981417559582],[31.933238334216888,3.494628112215749],[31.93323645442393,3.4946255468259713],[31.931741577187356,3.492797355530763],[31.92688517678374,3.490755205474084],[31.926882020960885,3.490754221932857],[31.924597740424552,3.488013085372937],[31.92191338246921,3.481959674031447],[31.912890792919573,3.477962238381636],[31.91077937079446,3.474036071071871],[31.907153328711136,3.480233259757107],[31.910182473122397,3.482390696107349],[31.906978432315686,3.487558502543672],[31.90697787744159,3.4875589848861015],[31.90697786636559,3.487559002753067],[31.906819111147122,3.4876969976727215],[31.901517664739327,3.492305453102848],[31.88867472263333,3.4936821158101377],[31.888505296795838,3.4937002787459974],[31.88537931862509,3.495426722628256],[31.885086760893582,3.4963970147198657],[31.884912599490196,3.4984669760511022],[31.888314838402714,3.5140530598637643],[31.9141,3.5087],[31.914315461192718,3.5087987028927525],[31.91471175217148,3.508660966588937],[31.920690595267974,3.509662901167268],[31.926589024332216,3.512333405111898],[31.92659884625601,3.5123093879442413],[31.928822479872153,3.50686462786904],[31.93024475332373,3.506576672479017],[31.931872001636727,3.5049160205309855],[31.9318720060794,3.5049160123391703]],[[31.92042648004844,3.487174332853474],[31.920426479225082,3.487174334835019],[31.920426737137237,3.487175036118996],[31.91981759531423,3.488640779861157],[31.918275708548286,3.489211849620785],[31.91703839456446,3.488945350138536],[31.91703833426983,3.4889443744645905],[31.917038185876272,3.4889443906935],[31.91682831045386,3.485559458896845],[31.916829136636,3.4855591860795325],[31.916829001947708,3.485557006584293],[31.919506740485332,3.484673490931994],[31.920421411723297,3.48716055588846],[31.92042648004844,3.487174332853474]]]]}},{"type":"Feature","properties":{"n":"Adjumani Town Council","c":"301201","d":"Adjumani","od":"Adjumani","dc":"301","k":"ADJUMANITOWNCOUNCIL","a":["ADJUMANI","ADJUMANITOWNCOUNCIL","TOWNCOUNCIL"],"lat":3.366129,"lon":31.784437},"geometry":{"type":"Polygon","coordinates":[[[31.77069089658991,3.381476624390942],[31.774911515933578,3.382187186896474],[31.778559795693152,3.38520381824485],[31.77836082939702,3.386641386417758],[31.78034053959288,3.389858417005367],[31.7819314051428,3.390980330402976],[31.785363098791983,3.391689646529324],[31.786950246010367,3.389200845208773],[31.796489170748238,3.390113649226286],[31.80402731388821,3.388143546496587],[31.80584520860553,3.388812081645201],[31.811180671406156,3.385331336422972],[31.812626030343953,3.382153765560635],[31.816437376313615,3.380826257348563],[31.81703818721946,3.379295076045641],[31.81599933771391,3.3787660437551357],[31.81599900960934,3.378765962130057],[31.811799984919563,3.372463935518504],[31.808169315356817,3.369508668304017],[31.80662044565356,3.369413164742553],[31.806621510433857,3.369407912746383],[31.806620570282835,3.369407851650553],[31.80699211590056,3.3675799126442194],[31.807072997816395,3.367180965074119],[31.80687459545909,3.366853464312382],[31.805995271812595,3.365403763070056],[31.806179186167284,3.360088632752677],[31.804455497366945,3.357610627319285],[31.804405057635208,3.3576093322589076],[31.801379080298698,3.357536106197022],[31.80142177766536,3.357458696785418],[31.80426019475423,3.352311541376916],[31.799569337640435,3.349727096800938],[31.793716392422347,3.34985624420577],[31.792711215898493,3.349563812579993],[31.7915042340863,3.34953508562409],[31.790320179333705,3.348868198731738],[31.789791454533248,3.348714379129591],[31.789533949780772,3.3484253761493505],[31.788399154100556,3.347786233100455],[31.78586202549593,3.344304516868275],[31.782007058285533,3.342471825069534],[31.782007036657156,3.3424717778317183],[31.778792415426647,3.339449690666014],[31.778172739257457,3.341567396681494],[31.78260380555285,3.362437067893428],[31.779338002133635,3.362973446185374],[31.77438890684475,3.359512736960272],[31.773879298577768,3.361528892995867],[31.77449973987125,3.364838382310272],[31.77247682499746,3.3641524752105],[31.76655245511543,3.359298809925765],[31.764298908629737,3.359097308442004],[31.761368450731567,3.370172164876611],[31.762052544921776,3.372373164507688],[31.76409993120005,3.374185355876574],[31.75948792754276,3.376287583232034],[31.75789374883882,3.378939031855757],[31.760606565157815,3.382505756442899],[31.77069089658991,3.381476624390942]]]}},{"type":"Feature","properties":{"n":"Adropi","c":"301202","d":"Adjumani","od":"Adjumani","dc":"301","k":"ADROPI","a":["ADROPI"],"lat":3.286304,"lon":31.729312},"geometry":{"type":"Polygon","coordinates":[[[31.696092122824766,3.205100865511286],[31.69982891621192,3.210642296313015],[31.703104827112757,3.212797478232145],[31.704347627059818,3.215368038789209],[31.708494319909814,3.217337851639889],[31.709669059483822,3.219017993255173],[31.710211734509606,3.223664944361083],[31.709690709391364,3.225856703940963],[31.710861404690778,3.229811367913121],[31.713703122434747,3.231697763209767],[31.717236074780832,3.23999835958473],[31.7174818076349,3.242510326376594],[31.715595888861177,3.244585185809254],[31.713906964303405,3.244655246000275],[31.7135875254269,3.248337669879334],[31.711310968798283,3.248421885086283],[31.710876825351058,3.252047220268692],[31.712866466173782,3.253274879074481],[31.713607256733734,3.25490020786318],[31.712940757926425,3.255294231633339],[31.71396327415992,3.256699053153171],[31.717365454392496,3.256748719860627],[31.720703313700366,3.254162720728095],[31.720050181636488,3.264159535395333],[31.71761905707222,3.26953995052899],[31.71633848546998,3.27468076634787],[31.712276264802387,3.281585449158406],[31.713521219336215,3.285034175087969],[31.71366307269728,3.287574495508988],[31.71270110046697,3.290201897148823],[31.713539042383353,3.293182623611537],[31.709176294619287,3.29746892946001],[31.70801292752559,3.297643438356447],[31.706187516151193,3.301560916738806],[31.707593776559474,3.304654213400153],[31.71008670761008,3.307068728982678],[31.71166663005872,3.313611892036894],[31.709266695845812,3.315986796998625],[31.70955168720597,3.316857724442452],[31.70795776452652,3.319145651210487],[31.711126637062073,3.321174809370147],[31.716087441676088,3.321852781440233],[31.71937837001345,3.325219012082332],[31.71904066620995,3.328710243496802],[31.72019081675308,3.332501518036195],[31.721475977445692,3.333669978442778],[31.72454798199367,3.334967391776114],[31.728598410789672,3.334999842269104],[31.730695139704377,3.336342073736573],[31.731632907913667,3.338107381665755],[31.73192431078485,3.346894841348821],[31.73369339601107,3.349737484852585],[31.73536349081142,3.350528513937202],[31.736782113607973,3.354956183503819],[31.74056001075839,3.359181932642629],[31.740053875978763,3.359893570283465],[31.741005583345096,3.361945743309033],[31.74344443520552,3.363641050393404],[31.74779529322912,3.372668441550465],[31.750552348810164,3.375687606297953],[31.757893737653355,3.378939024091677],[31.759487856766437,3.376287639853214],[31.759487907335757,3.376287616840455],[31.75948792754276,3.376287583232034],[31.76409993120005,3.374185355876574],[31.762052544921776,3.372373164507688],[31.761368450731567,3.370172164876611],[31.761368565571534,3.3701717308706725],[31.761368534935848,3.370171632302318],[31.761509113604617,3.3696405683893524],[31.764298908629737,3.359097308442004],[31.76655245511543,3.359298809925765],[31.766553004246873,3.3592992598133096],[31.766553286411717,3.359299284952612],[31.771206455468096,3.3631116981141598],[31.77247682499746,3.3641524752105],[31.77449973987125,3.364838382310272],[31.773879298577768,3.361528892995867],[31.77438890684475,3.359512736960272],[31.779338002133635,3.362973446185374],[31.78260380555285,3.362437067893428],[31.778172739257457,3.341567396681494],[31.778180064645564,3.3415423626084815],[31.779449993093902,3.3366608006631924],[31.779452248738657,3.336650015537883],[31.776883350971364,3.336153703619464],[31.776825666920132,3.333412410838425],[31.776065378196012,3.3331966129460584],[31.775043629978647,3.332907128129516],[31.772904953306004,3.326407664667291],[31.768831231704127,3.321115530459286],[31.761201324045125,3.315286347172267],[31.75711317992569,3.315197590710712],[31.7571119090559,3.315196125626824],[31.757111570355598,3.315196118189502],[31.75326112678002,3.310756867472646],[31.75218434697546,3.3095155343654543],[31.750205258587215,3.3083536385143955],[31.746274188394995,3.306045772296399],[31.74627368111731,3.3060444386746557],[31.745288245784817,3.304554909752775],[31.74548694178012,3.3039761184770002],[31.74531835201167,3.303532899730056],[31.746500419657657,3.3010225370765047],[31.74536529233664,3.298826177962749],[31.745365635015364,3.2988259702409146],[31.745364480287495,3.29882373542119],[31.746679358418024,3.2980281496884514],[31.746402692978407,3.296869889147634],[31.746069508319092,3.295478006687366],[31.74606986880221,3.295476519918534],[31.746069767614703,3.295476096296797],[31.746227802689862,3.2948251407787814],[31.74677292366863,3.292576855502692],[31.745548518354248,3.291777979788726],[31.746336166791618,3.290275534492121],[31.74476376533269,3.288954978049514],[31.74487339535995,3.2878741886410725],[31.745206434387836,3.284566613585095],[31.743672922344505,3.284265003580013],[31.743637960002932,3.284258287284918],[31.74363779179728,3.284258094130183],[31.74363746123424,3.284258029115291],[31.74205274044214,3.282525785696296],[31.742101196454517,3.282493583467247],[31.74205510068025,3.282440650542782],[31.743092940898304,3.2818345036096557],[31.74310793548975,3.281824538710678],[31.743180222501458,3.2815005259300962],[31.74345758111503,3.280246280476621],[31.74345980027792,3.280247371724386],[31.743460753799532,3.280243097745114],[31.74433555679561,3.28067639734893],[31.74418910735773,3.2802515963886925],[31.743637941032212,3.278660455636988],[31.743640014037577,3.2786588598576385],[31.74363968924016,3.278657917728697],[31.744612673875267,3.277910115783363],[31.74626537965315,3.276637878964531],[31.746193766180664,3.2753377631712524],[31.746182342851057,3.275138359872828],[31.74618277615779,3.275138243418801],[31.746182660986857,3.275136152533577],[31.74749570326292,3.274784160580577],[31.74797838380601,3.272678172995018],[31.74680450206494,3.269125350418628],[31.746773586354287,3.269031815558929],[31.74677359198642,3.26903179923629],[31.746773517004577,3.269031572299305],[31.747622059844502,3.266572186873383],[31.74737584468364,3.2661023674546663],[31.74619949095379,3.263857870931277],[31.7461995043514,3.2638577147323624],[31.746199213556842,3.263857159848052],[31.74623261675181,3.2634716667206947],[31.746444524118605,3.2610010993021246],[31.74541313254872,3.261414046602614],[31.74608317370899,3.259461196936255],[31.746627251505863,3.259640547234294],[31.746506393832842,3.257634482840994],[31.74406546397032,3.251335988493101],[31.744067061614683,3.2513351606983543],[31.747034980622313,3.2493419614644625],[31.74724459787921,3.2489378252792354],[31.746869308052688,3.248594427989412],[31.741381315063904,3.243572968600315],[31.738347902450965,3.243097139676499],[31.735345702328697,3.244297407777434],[31.734362115719136,3.240658047245669],[31.73436216108833,3.240657661338899],[31.734362115719136,3.240657493480679],[31.734445525548974,3.2399485698646675],[31.735194453903652,3.23357824482432],[31.734182577698185,3.23125898360646],[31.726514119724875,3.227530189976185],[31.72761502214477,3.2209841887715136],[31.727584948009895,3.2208922722081943],[31.725585329151624,3.214789492824945],[31.718951581071575,3.213461185821621],[31.715924909562514,3.211519547078816],[31.713842560442874,3.207614996039998],[31.71364077707564,3.2072367683009055],[31.70981485663056,3.20392466921553],[31.709126532067923,3.2034189083358964],[31.707016478118046,3.2018686337737683],[31.69936385922726,3.198784670884994],[31.69742222123104,3.196957246835243],[31.696846400831905,3.195118635313057],[31.69429553165971,3.194545991228235],[31.69335025735858,3.19433391386579],[31.691823451206385,3.194782634340283],[31.687732600513705,3.195984926175349],[31.6921071788869,3.203168045887183],[31.696092122824766,3.205100865511286]]]}},{"type":"Feature","properties":{"n":"Ciforo","c":"301203","d":"Adjumani","od":"Adjumani","dc":"301","k":"CIFORO","a":["CIFORO"],"lat":3.400076,"lon":31.692925},"geometry":{"type":"Polygon","coordinates":[[[31.6044,3.3428],[31.609392304931266,3.352313637699205],[31.610168974845454,3.3530165154895535],[31.616102692352875,3.3544907310193475],[31.61916405851541,3.355148612598518],[31.620008320766104,3.3554610734822616],[31.6258,3.3569],[31.62789840962005,3.3594989476945556],[31.632695717221097,3.363729310721183],[31.634894458749564,3.3681637791852372],[31.643336367058225,3.3786193536959654],[31.650607557074743,3.385680494735257],[31.655865477263394,3.391802111857443],[31.6579434470752,3.39576621164221],[31.65815475638948,3.3969724047025647],[31.6585,3.3974],[31.658341049644594,3.39803580142163],[31.658911856105128,3.401294071384122],[31.658321667276066,3.405299630191574],[31.65406655959932,3.4151337616027297],[31.651636749235166,3.4248530030593263],[31.65124575328424,3.426580530674602],[31.651296113084438,3.4267862191010976],[31.66209862118037,3.4477160785369607],[31.662880941578457,3.448523496380577],[31.6794,3.4562],[31.679799518810956,3.4567834699181583],[31.68069476475385,3.457194719382961],[31.684021602128507,3.4629495340437897],[31.69012739669225,3.4718666297016294],[31.695220580579416,3.477847261654981],[31.696430758991845,3.4810722595348516],[31.699977460865366,3.48625197522064],[31.702951897130657,3.484927863623475],[31.71005455793578,3.477110232197641],[31.71599571667766,3.468298047902548],[31.723431475858412,3.451567201512907],[31.731605083709614,3.442194767088082],[31.729260526404744,3.416652392216725],[31.727490502433042,3.412197425567886],[31.726576514491054,3.404217330508807],[31.727320104255153,3.398857548333221],[31.72918748181084,3.393143054548285],[31.731342991347418,3.39178848045487],[31.731432431252586,3.389557826905447],[31.733187089245035,3.387416233195255],[31.743129788641703,3.380056735245581],[31.74316466445216,3.382446062448357],[31.744449565616403,3.385634445840206],[31.74361771730665,3.405902777926703],[31.744755757512376,3.406777400052409],[31.74306590425541,3.410659622296129],[31.74364211515706,3.410842915002202],[31.743379747852863,3.416126835920995],[31.74265579787295,3.417497075783404],[31.743616056615757,3.419368841846504],[31.742908490770137,3.420626105708366],[31.7444329632536,3.422190320271492],[31.74824571773769,3.414343117911676],[31.750832727503123,3.411040716652182],[31.750970440615074,3.405539898476794],[31.757091895281548,3.401412662847965],[31.782134127540367,3.391022232239348],[31.7819314051428,3.390980330402976],[31.78034053959288,3.389858417005367],[31.780246549929267,3.3897056837298614],[31.78014996310754,3.389639159100138],[31.778364097476214,3.386646697048958],[31.77836082939702,3.386641386417758],[31.778559795693152,3.38520381824485],[31.774911515933578,3.382187186896474],[31.770690938085888,3.381476631376999],[31.760607382263554,3.382505748877252],[31.760607328732526,3.382505678518129],[31.760606565157815,3.382505756442899],[31.757947209837557,3.3790093206760186],[31.757893737018634,3.378939038061907],[31.757893365468163,3.3789388592550806],[31.750552348810164,3.375687606297953],[31.75009362568744,3.3751852730513896],[31.749267348848313,3.374787631408082],[31.74864823498632,3.3736024712097525],[31.74779529322912,3.372668441550465],[31.743444479285685,3.3636411418532646],[31.74326773270101,3.36351822005156],[31.741005583345096,3.361945743309033],[31.741005050495087,3.3619445943209594],[31.74100477916484,3.361944405619135],[31.740923330024675,3.361768379918346],[31.740053875978763,3.359893570283465],[31.74038923075829,3.3594220534192765],[31.74055885924298,3.3591806446204684],[31.736782113607973,3.354956183503819],[31.735367278572447,3.350540335934053],[31.735363489549613,3.350528513339555],[31.73369339601107,3.349737484852585],[31.73192431078485,3.346894841348821],[31.731632907913667,3.338107381665755],[31.730899701195487,3.3367271518600177],[31.730694848920415,3.3363418875897706],[31.728598410789672,3.334999842269104],[31.72454798199367,3.334967391776114],[31.723523273340135,3.334534622016461],[31.723286326393964,3.334512906962793],[31.722942678662353,3.3342894168859165],[31.721475977445692,3.333669978442778],[31.72019081675308,3.332501518036195],[31.71904066620995,3.328710243496802],[31.719040722182474,3.3287096648446264],[31.719040682926234,3.328709535651948],[31.719054393340592,3.3285683304083724],[31.71937837001345,3.325219012082332],[31.716087590331856,3.321852933497512],[31.713005368151467,3.3214315675585695],[31.711126637062073,3.321174809370147],[31.70795776452652,3.319145651210487],[31.707970095917304,3.3191279506536007],[31.70647189927399,3.31960375614355],[31.706017182292566,3.32072479384519],[31.70347942847762,3.320657874376724],[31.701423945721174,3.31701020921385],[31.699113898980862,3.316455482282334],[31.699367104496528,3.314031853459318],[31.69824909065276,3.312709801712884],[31.694009054968326,3.31162793924318],[31.69095574719103,3.313252107922206],[31.68396026855761,3.314707830659025],[31.68068607584022,3.313111636989072],[31.679541512012417,3.314692755031103],[31.676944868205847,3.313133698602879],[31.675681548356565,3.313846449797233],[31.67186820014498,3.313886700892099],[31.671104279539612,3.315178819632285],[31.668745817089995,3.314217111944224],[31.666142643103317,3.318346445475298],[31.664070719908235,3.317322104265078],[31.66295898217733,3.320647318892434],[31.661362843636315,3.319335374712443],[31.65781252204865,3.319212947390505],[31.657329416399513,3.323128973904442],[31.650976678551544,3.324612215663123],[31.647097155335565,3.321884544723844],[31.640798016573747,3.319659940313895],[31.638651858260996,3.320968195983822],[31.636054107563748,3.320702525684736],[31.635014610154858,3.322392082571602],[31.63334941816695,3.320780145158424],[31.63201298019339,3.321428377257357],[31.63146750031518,3.320298125691938],[31.62965746376417,3.319816293496643],[31.62856081892279,3.320086083642394],[31.627914418728306,3.321423671958932],[31.627344328957214,3.321060336766629],[31.62777491713737,3.319795546741951],[31.62529649714042,3.320000157201632],[31.623492135682906,3.32299980067272],[31.62163516868598,3.322256095145526],[31.621462190444262,3.323312417041112],[31.62049107938727,3.322254531857625],[31.620702481521327,3.323666607500193],[31.61867487091698,3.32533601719825],[31.61449488731525,3.324434790359293],[31.60618108951663,3.330242302569934],[31.60447414949171,3.3420741155021645],[31.6044,3.3428]]]}},{"type":"Feature","properties":{"n":"Pachara","c":"301204","d":"Adjumani","od":"Adjumani","dc":"301","k":"PACHARA","a":["PACHARA"],"lat":3.463733,"lon":31.801186},"geometry":{"type":"Polygon","coordinates":[[[31.720400584293788,3.473113865463322],[31.72687699370152,3.461410410307436],[31.728966548865085,3.463406224804455],[31.729132875247874,3.464857546298675],[31.72768174568094,3.466998655653074],[31.7278958977871,3.469401909697169],[31.728252748362628,3.471590922877252],[31.730251490720153,3.472828849869511],[31.73110821658005,3.483488433951529],[31.73253584381667,3.486534027645647],[31.740712882371717,3.494196128025676],[31.744596033709666,3.4954939018336137],[31.7508,3.4968],[31.751041018195096,3.4969541998129916],[31.7514765502224,3.496969093825927],[31.766265068215088,3.505626747519485],[31.769687587853575,3.5089156908901806],[31.77565208725432,3.513389065440738],[31.779913408403267,3.514266955613467],[31.78286569525032,3.515695401607032],[31.787798869660087,3.5224991522450635],[31.79229663048829,3.525872472866217],[31.79301085860235,3.526353677200333],[31.793138704326434,3.5265040282448243],[31.7938,3.527],[31.79442958347283,3.5280221472853],[31.795139555514538,3.528857099246318],[31.79537133246817,3.5295511044777346],[31.8023,3.5408],[31.8139,3.5484],[31.8444,3.5456],[31.853853344801696,3.5339062671239123],[31.852916478110764,3.531733365202196],[31.852916455419916,3.5317332061192954],[31.85291644725161,3.531733187173596],[31.850448797743702,3.514432743859095],[31.84931241888805,3.506465723273155],[31.849312417729806,3.506465697505425],[31.849312412345828,3.506465659758891],[31.849309043454614,3.5063906292137474],[31.848587393630268,3.490335916304282],[31.847352406230954,3.489575276150629],[31.84659055894879,3.47727996082195],[31.84695384048887,3.470674029659853],[31.844016332912847,3.465120148765277],[31.842082459878355,3.450901079052413],[31.849191790887705,3.448826270689461],[31.849217961997816,3.4488186208993072],[31.85260868678779,3.4470341034999032],[31.852608735753186,3.44703407772891],[31.861274411754923,3.44019731022737],[31.861275119007193,3.4401944744417796],[31.86489923022878,3.424534951736678],[31.84185240205408,3.411210623752815],[31.841852394524494,3.411210617608412],[31.84185237617898,3.41121060702407],[31.8403888017758,3.4100162751418375],[31.83064066320405,3.40206145582707],[31.83064058248365,3.402061360741662],[31.83064047095305,3.402061269728489],[31.82512135737593,3.395560056510977],[31.825121235710036,3.395559790773029],[31.825121164350442,3.39555970671428],[31.81706344492235,3.379069676340818],[31.816991533384513,3.379271317661938],[31.81703818721946,3.379295076045641],[31.816437376313615,3.380826257348563],[31.813070718540935,3.381998878746894],[31.812626002299133,3.382153827216188],[31.811180671406156,3.385331336422972],[31.811180384545086,3.385331523565181],[31.811180376304577,3.385331541684527],[31.81113575508037,3.3853606389019153],[31.80584520860553,3.388812081645201],[31.80402731388821,3.388143546496587],[31.796489170748238,3.390113649226286],[31.786950246010367,3.389200845208773],[31.785363098791983,3.391689646529324],[31.782133675750423,3.3910221388563344],[31.782133675750423,3.391022138856335],[31.782134127540367,3.391022232239348],[31.757091895281548,3.401412662847965],[31.75186307521941,3.4049380622232777],[31.750970438964895,3.4055399643916386],[31.750832727503123,3.411040716652182],[31.75083249188279,3.411041017429123],[31.750832488637364,3.41104114892669],[31.75053289318937,3.4114234648074495],[31.74824571773769,3.414343117911676],[31.748240924447508,3.4143529831988793],[31.7463442997326,3.419147237462266],[31.745464298708264,3.4200676821505853],[31.744543736067804,3.4219623337350824],[31.7445978228153,3.422976902504776],[31.742152013459215,3.425684438407029],[31.741109746257717,3.428158330217769],[31.74153599366744,3.430463782429381],[31.73981717213163,3.433114451918751],[31.740511276785497,3.433642855965138],[31.739393403738955,3.434895497785707],[31.738303526648767,3.44033317229784],[31.736923295585612,3.440156718250735],[31.7349291157763,3.441811509105905],[31.731602582730897,3.442167520607123],[31.731605083709614,3.442194767088082],[31.730144552402226,3.4438695151495384],[31.729168313936686,3.445696893099867],[31.727919507075253,3.4464209088301443],[31.723431475858412,3.451567201512907],[31.717638128617452,3.4646025352850485],[31.71599579063369,3.468297898771935],[31.715995768105746,3.4682979321866756],[31.71599571667766,3.468298047902548],[31.713150186429115,3.472518661768779],[31.71162198455025,3.474785378247355],[31.716212737241325,3.474803279644393],[31.720400584293788,3.473113865463322]],[[31.736771304347855,3.458694584521578],[31.74374329232148,3.44851011717556],[31.749278413977674,3.444404036503063],[31.752323808588194,3.447213943859682],[31.756282262377166,3.447337622759028],[31.75768724459956,3.448384888322399],[31.758614870597285,3.449717214975586],[31.758641851119737,3.453685535924724],[31.760592704166623,3.458991089857864],[31.758404475782996,3.464058886524174],[31.75454622501735,3.464089092609206],[31.75273820044893,3.46589711961324],[31.748155531717757,3.468350308331489],[31.746574656174165,3.466070668979326],[31.737889701838586,3.460645550459502],[31.736771304347855,3.458694584521578]]]}},{"type":"Feature","properties":{"n":"Ukusijoni","c":"301205","d":"Adjumani","od":"Adjumani","dc":"301","k":"UKUSIJONI","a":["UKUSIJONI"],"lat":3.135256,"lon":31.581157},"geometry":{"type":"Polygon","coordinates":[[[31.420326510498047,2.995879459451273],[31.426329586375736,2.999392668920924],[31.42996357441121,3.0022103773504303],[31.4301,3.0023],[31.430107950794984,3.002322323385918],[31.430115461625654,3.002328147106493],[31.434714144976567,3.009723402028812],[31.435280805087142,3.0168461065908145],[31.435291005399442,3.016874745929202],[31.443472244043953,3.022458242411741],[31.45131699012034,3.0308529450017407],[31.454159255542418,3.03332893910654],[31.454821982426584,3.0338087130304703],[31.465759481358987,3.0345899629542132],[31.475031733680144,3.033937451458133],[31.478067704336517,3.0354691217383225],[31.4785,3.0355],[31.47819453036812,3.0365655917391146],[31.47812356894059,3.04113783757372],[31.475011388182967,3.048409991020583],[31.474529876989482,3.051447747780248],[31.475691307710363,3.0579565385518146],[31.4774369263699,3.066684631849509],[31.48597371113937,3.074335109390102],[31.50224562726682,3.098265755377448],[31.50453816383613,3.105050664043558],[31.508401761868246,3.115630978654581],[31.516142043957476,3.123929211161567],[31.52093123061796,3.133206184129727],[31.524281995283474,3.1426996146323143],[31.5244,3.1429],[31.530670394856344,3.1462271482911213],[31.536742868138067,3.146776715010238],[31.543079191814442,3.155874517980871],[31.54334945647384,3.1605760516197603],[31.549857501888713,3.175701231241356],[31.54993350688539,3.175842487661638],[31.55898509826022,3.187587548221927],[31.559380256054016,3.188310028607364],[31.5596,3.1886],[31.559715842064453,3.1889235918825167],[31.561892016795227,3.192902365888608],[31.56340606953738,3.197539780738334],[31.563605823295752,3.199789820445988],[31.568363190570842,3.2130789951483045],[31.569902290113813,3.215313387808606],[31.57165534225025,3.221644483181737],[31.57154427720217,3.2219650057382947],[31.5717,3.2224],[31.570890704739007,3.2238511501231564],[31.56883892201018,3.22977238868669],[31.5640937215871,3.236038844050719],[31.56364086395141,3.236850864638852],[31.563315950495372,3.2396213249104773],[31.5668,3.2575],[31.567921351762994,3.2580194497137396],[31.57720441186214,3.260929610959694],[31.58011837189705,3.263267492324419],[31.580258020543706,3.263734230104804],[31.5804,3.2638],[31.580679925214145,3.2651443322012583],[31.582874005511414,3.272477451371869],[31.58509517389634,3.276653991088802],[31.586667447072738,3.284344539601713],[31.58643489710397,3.292782407079555],[31.588491371274795,3.3026585608135166],[31.59411238258434,3.307744209812558],[31.597083316477914,3.3130674890042213],[31.600442681965767,3.317125149565391],[31.603338916637675,3.319285330770925],[31.60545538834361,3.32194300446911],[31.606008927500884,3.323848423666798],[31.6063,3.3242],[31.606250847858526,3.3246811735955064],[31.606379898883326,3.325125399260314],[31.60618109108209,3.33024228936456],[31.61449414114433,3.32443518147057],[31.614494283503685,3.3244352121452354],[31.61449488731525,3.324434790359293],[31.61867487091698,3.32533601719825],[31.620419794580407,3.3238993545176303],[31.62070246931424,3.3236665259620706],[31.620544877369905,3.322613879322274],[31.62049078920855,3.322255107796285],[31.620491238631228,3.322255595539006],[31.62049107938727,3.322254531857625],[31.620708868070576,3.3224917811604096],[31.621462618902708,3.323309800584651],[31.62163516868598,3.322256095145526],[31.623492135682906,3.32299980067272],[31.62529649714042,3.320000157201632],[31.62777491713737,3.319795546741951],[31.627344328957214,3.321060336766629],[31.627753350440848,3.3213210183416146],[31.627914573890163,3.321423350884325],[31.628397457549216,3.320424125410531],[31.628560177336166,3.320086805859987],[31.628560509451393,3.320086724027913],[31.62856081892279,3.320086083642394],[31.62965746376417,3.319816293496643],[31.63146750031518,3.320298125691938],[31.631836974959832,3.3210636888450114],[31.632013221591325,3.321428260168578],[31.63334941816695,3.320780145158424],[31.635014610154858,3.322392082571602],[31.636054107563748,3.320702525684736],[31.636055197140486,3.3207026371150508],[31.63605539838916,3.320702310232285],[31.63768807515765,3.320869630503466],[31.638651564501984,3.320968165941276],[31.638994368032268,3.3207594087999452],[31.640798016573747,3.319659940313895],[31.64079916011588,3.3196603441673367],[31.64079939159948,3.319660203200717],[31.64645983795666,3.3216594696611628],[31.647097155335565,3.321884544723844],[31.64769310566971,3.3223035540497854],[31.650976849488888,3.32461217575255],[31.65261437175552,3.3242298458871025],[31.657329445115334,3.323128741135645],[31.65781252204865,3.319212947390505],[31.657813827077412,3.3192129923923934],[31.657813864401216,3.319212690327233],[31.660470057876278,3.3193045883831016],[31.661362843636315,3.319335374712443],[31.66295816567774,3.3206466477715653],[31.6640700995632,3.31732295743595],[31.664070387150165,3.3173230995465786],[31.664070719908235,3.317322104265078],[31.666142636032376,3.3183464419794846],[31.66874501805289,3.314217613911538],[31.668745401982754,3.314217770415866],[31.668745817089995,3.314217111944224],[31.6711037405423,3.315178599845933],[31.671368221252557,3.3147323805243234],[31.67186820014498,3.313886700892099],[31.671869475905737,3.3138866874260415],[31.67186971835792,3.313886278372202],[31.67495695801268,3.3138540980771833],[31.675681184174753,3.313846453641287],[31.676164568066135,3.313573935378112],[31.676944868205847,3.313133698602879],[31.679540494758697,3.314692144259635],[31.68034107317543,3.3135882289663785],[31.68068607584022,3.313111636989072],[31.68396026855761,3.314707830659025],[31.68568515840951,3.314348890047882],[31.690955859740864,3.3132520480527377],[31.694009054968326,3.31162793924318],[31.694011343543625,3.311628523182541],[31.69401141230465,3.311628486643213],[31.694319089254172,3.311707045760941],[31.69824909065276,3.312709801712884],[31.698249835739507,3.312710682778213],[31.69825011297778,3.312710753565428],[31.698850498897208,3.3134209671643022],[31.699367104496528,3.314031853459318],[31.699367083930873,3.3140320503093443],[31.6993671216744,3.314032094957236],[31.699348412104534,3.314210773021499],[31.699113898980862,3.316455482282334],[31.69996989168769,3.3166610375204044],[31.701423506036058,3.317009822375957],[31.701423711947715,3.31701015307627],[31.701423945721174,3.31701020921385],[31.701425839917768,3.3170135706601607],[31.70369857603579,3.320663653202874],[31.706016618831637,3.3207247789869694],[31.706017203652785,3.3207247411847196],[31.70647189927399,3.31960375614355],[31.70797009023558,3.319127952458033],[31.707983999113495,3.3191079939172172],[31.70955168720597,3.316857724442452],[31.709266695845812,3.315986796998625],[31.71166663005872,3.313611892036894],[31.71008670761008,3.307068728982678],[31.707593776559474,3.304654213400153],[31.706187516151193,3.301560916738806],[31.706187919241003,3.3015600516759296],[31.706187828351947,3.301559851749206],[31.706540421268418,3.300803554213764],[31.70801292752559,3.297643438356447],[31.709176294619287,3.29746892946001],[31.713539042383353,3.293182623611537],[31.712738489758657,3.2903348983139153],[31.71270117751669,3.290202354455161],[31.712701206655108,3.2902022748812105],[31.71270110046697,3.290201897148823],[31.71366307269728,3.287574495508988],[31.713521219336215,3.285034175087969],[31.712276264802387,3.281585449158406],[31.712286634084357,3.281567824167341],[31.716514868048968,3.2739726838395176],[31.71761905707222,3.26953995052899],[31.719138187151,3.266177905413737],[31.72005019476906,3.264159334388684],[31.720703313700366,3.254162720728095],[31.717365454392496,3.256748719860627],[31.71396327415992,3.256699053153171],[31.713902214466113,3.2566151640479966],[31.712951266478722,3.255316915135723],[31.712955744417634,3.2553148213752587],[31.712940757926425,3.255294231633339],[31.71357564386303,3.2549188969026255],[31.71348419413475,3.254630202822954],[31.713095446133188,3.253777271707676],[31.71121930955289,3.252823997311236],[31.711037391723536,3.252146293789317],[31.710876825351058,3.252047220268692],[31.710918154766095,3.2517020970534167],[31.710578488044813,3.250436727220755],[31.711310551778894,3.248425367426215],[31.711310968798283,3.248421885086283],[31.713587402275785,3.2483376744349846],[31.713906583298176,3.244657550931036],[31.713906765030494,3.244657543176313],[31.713906964303405,3.244655246000275],[31.715595888861177,3.244585185809254],[31.71719466061656,3.2428262412016995],[31.7173225194812,3.2408820274096337],[31.717260272059782,3.240245712594999],[31.713708424644672,3.2317102206391835],[31.713703122434747,3.231697763209767],[31.710861404690778,3.229811367913121],[31.709690709391364,3.225856703940963],[31.70969081597686,3.2258562555752768],[31.709690711168278,3.225855901471516],[31.710000383386383,3.224554020209493],[31.710211734509606,3.223664944361083],[31.709669059483822,3.219017993255173],[31.70849437890756,3.217337936019925],[31.704348005318582,3.215368329589072],[31.704347935589276,3.2153681853506533],[31.704347627059818,3.215368038789209],[31.70310502612475,3.212797889861048],[31.700438927461075,3.2110436152909845],[31.69982891621192,3.210642296313015],[31.699828838357824,3.210642180860261],[31.699828805259266,3.210642159081637],[31.699599385716972,3.210301916949516],[31.69609225625721,3.2051010633832537],[31.692107674098814,3.20316852562371],[31.69210742332169,3.2031681644455285],[31.6921071788869,3.203168045887183],[31.692106021749378,3.203166145850966],[31.688121814120578,3.19742794755332],[31.687786380569005,3.1960732337886464],[31.687732600513705,3.195984926175349],[31.687762350280497,3.195976182785674],[31.687762347563208,3.195976171811371],[31.687732595130935,3.195984915898174],[31.68660458485007,3.191300388896839],[31.686929241131004,3.186601993387505],[31.6712446970646,3.186028883485515],[31.6681186395895,3.180247043043722],[31.66511572809447,3.1680148024515],[31.66264126913976,3.163271823240383],[31.648016613911025,3.153048354795397],[31.647822311814366,3.152912531982895],[31.647822288474178,3.1529125102274014],[31.647822206238423,3.152912452739916],[31.64309849551215,3.148509441499765],[31.63790665174675,3.143670100507057],[31.63790665950139,3.143670086671101],[31.637905576061776,3.143669076787754],[31.64147159488755,3.137306158647385],[31.639811408305736,3.133116758310648],[31.6389024438052,3.127590282379735],[31.651059975899564,3.112640837376199],[31.654060125616454,3.094458251680871],[31.65292364781375,3.08778090742998],[31.65040715775234,3.08478361157618],[31.63347090911317,3.0771650937802035],[31.626800621533853,3.074972363486505],[31.62579915235814,3.072877659928654],[31.616899344199066,3.063474489390173],[31.610809301334378,3.05704001766575],[31.60733636750538,3.05797491160887],[31.601554774227004,3.057618051416829],[31.58670671801711,3.055547912795273],[31.58192400499367,3.058260496591619],[31.58049589799546,3.06340045592498],[31.576356192110953,3.067754265644435],[31.568432458009678,3.069539144467785],[31.56543390599678,3.07118028953535],[31.56350656493935,3.070680917710256],[31.55915255285597,3.066897942537872],[31.55472678480207,3.064684617352023],[31.55265662485036,3.06104446617699],[31.549087534727388,3.058331950724805],[31.539807268353204,3.054833899728576],[31.536952044151572,3.053049282287734],[31.53366852669599,3.049408903833829],[31.524531597284366,3.044412112260057],[31.52003408110279,3.040414391237603],[31.516679274953287,3.036916668699859],[31.515323002967474,3.033133707554495],[31.51432355057352,3.026637456601744],[31.514979048443685,3.020974340293193],[31.513879739821416,3.019817925762756],[31.511110051814374,3.019311101420458],[31.508211891174135,3.020031701327296],[31.50405927455404,3.019297964196791],[31.503773868454445,3.016937883216738],[31.501594199417053,3.014158614423145],[31.498272567888495,3.012626305510556],[31.497699815771856,3.0132284344669],[31.49602971215381,3.012586444323761],[31.495665937832563,3.011152470826771],[31.490877087193468,3.0128892736495],[31.48926561876372,3.011712046801728],[31.489283026305056,3.009677202546883],[31.487825613394357,3.009171568702758],[31.484850793331606,3.014314469420804],[31.482010920558785,3.011239797482323],[31.480909879912836,3.011346618390248],[31.479839970225804,3.010371383123423],[31.480041830876434,3.008223759721254],[31.476157449205186,3.006100161923302],[31.473980035426134,3.006207023609675],[31.472421933888242,3.003263391531808],[31.471095140396628,2.996540674099072],[31.46876452125752,2.9969254160704],[31.466711077817592,2.991924641084728],[31.462915896622487,2.989218149510033],[31.462558801958984,2.983286964411838],[31.460048438449377,2.977730953604651],[31.45301760445806,2.971759013435107],[31.44672946124378,2.96310776105955],[31.44003113440339,2.961358642285264],[31.436177076238735,2.955851419241998],[31.43598619439456,2.952923664737051],[31.43346386775988,2.94827169342557],[31.429668815461497,2.944762177957176],[31.424227051116684,2.941782776017915],[31.424672303560293,2.943246616190789],[31.422862826734974,2.94782900625066],[31.41799842820359,2.951688222182644],[31.4177,2.9523],[31.417583160128693,2.952846810597713],[31.417422694088625,2.955943216872019],[31.41586653474923,2.9608806173735895],[31.4152,2.964],[31.414819143844596,2.9642037914515744],[31.414539635635546,2.965090618357168],[31.411303514698805,2.968676569150092],[31.403770228311373,2.9704843254349895],[31.402704107305826,2.984246978415683],[31.402729777184106,2.9843195616537934],[31.420326510498047,2.995879459451273]],[[31.6485567894526,3.174665513771204],[31.652926089141708,3.173513326279021],[31.656685071272435,3.174493677892258],[31.65695159257375,3.179899796871129],[31.659879756610707,3.182716094549958],[31.661136253662438,3.185134004816259],[31.661152499981625,3.185725326061251],[31.65885199032954,3.186402960860117],[31.659457610019487,3.200996587716013],[31.662873246294474,3.2033874392312],[31.665729545273525,3.204202102935898],[31.66824112555246,3.209453309867112],[31.66618704251598,3.211681762961187],[31.6636941300877,3.208615890106434],[31.66059914044634,3.208910957433668],[31.655939714076762,3.207843390184843],[31.65695723551497,3.21352290202181],[31.65924147127841,3.217199071778058],[31.66160577824216,3.218788067726792],[31.65719760875956,3.222038096214565],[31.653231509072395,3.2236433979398],[31.653342810547517,3.22555104582625],[31.6523567807887,3.227034581444364],[31.65248210943299,3.229924683114838],[31.654313064198234,3.230193164330197],[31.65564635687402,3.234020158994569],[31.657768068263344,3.236228629295704],[31.652947095594204,3.239274264815866],[31.65829943164959,3.242194739821341],[31.659384440626575,3.244136416071385],[31.66001258226662,3.248095547231566],[31.65995381344035,3.255377661423526],[31.65407442827274,3.257794902387542],[31.651867759015044,3.257299965608322],[31.649979631755233,3.253192407614677],[31.652324383526846,3.25004720777108],[31.649789405042757,3.248144751039351],[31.65057331506754,3.246490081950902],[31.65097318954205,3.239681265953329],[31.651700945424654,3.238942871326979],[31.647468223826046,3.236388453698963],[31.64596425551173,3.232924107756789],[31.642327667591058,3.232771551170866],[31.640256101954623,3.231231058531332],[31.640380068840408,3.223479394486918],[31.641534450172088,3.216688680154469],[31.64624474635648,3.205299432244241],[31.645183292805118,3.202981673690926],[31.647947735982143,3.203232602228022],[31.65117626771326,3.205253434903951],[31.653877181868516,3.203303106818818],[31.65450832853093,3.204194578662571],[31.65673549587825,3.20424216943667],[31.656488032080535,3.198217385733533],[31.653556619327958,3.198271010820464],[31.65325730216778,3.189315921467174],[31.650913609819494,3.189206747100939],[31.645273135309257,3.184214688390807],[31.64137563680911,3.184061787344148],[31.64138072499997,3.180429478512814],[31.6440798630436,3.179090591036625],[31.6485567894526,3.174665513771204]],[[31.666806849934826,3.196057952081971],[31.662716320326822,3.197199037954491],[31.662001153465827,3.192525035600373],[31.665915884308184,3.191907590918734],[31.666806849934826,3.196057952081971]]]}},{"type":"Feature","properties":{"n":"Refugee Settlement Camps","c":"301206","d":"Adjumani","od":"Adjumani","dc":"301","k":"REFUGEESETTLEMENTCAMPS","a":["REFUGEESETTLEMENTCAMPS"],"lat":3.480299,"lon":31.719005},"geometry":{"type":"MultiPolygon","coordinates":[[[[31.745861388099726,3.465500046436537],[31.746063340317583,3.465751271891461],[31.746574656174165,3.466070668979326],[31.748155531717757,3.468350308331489],[31.752738158276035,3.465897142189184],[31.752793315241817,3.46584200474611],[31.75454622501735,3.464089092609206],[31.754546852956256,3.4640890876930985],[31.754547146097977,3.464088794655136],[31.755440352095633,3.4640820925254383],[31.75840428738406,3.4640588879991414],[31.759009901324973,3.462656759778042],[31.760592704166623,3.458991089857864],[31.759322750029078,3.455537313480338],[31.758641948006144,3.45368590856439],[31.758641947253768,3.453685797371525],[31.758641851119737,3.453685535924724],[31.758614870597285,3.449717214975586],[31.75768724459956,3.448384888322399],[31.75628230985551,3.4473376581491104],[31.75232407369532,3.447214003082161],[31.75232401658776,3.4472139503584716],[31.752323808588194,3.447213943859682],[31.749278413977674,3.444404036503063],[31.74374329232148,3.44851011717556],[31.736771354749518,3.4586945108963656],[31.73677155289028,3.4586950180863947],[31.737798158832028,3.460485860108686],[31.745861388099726,3.465500046436537]]],[[[31.729260301711758,3.4166518266877945],[31.729260526404744,3.416652392216725],[31.731458231192033,3.440594907683027],[31.731602593969072,3.4421675194043932],[31.7349291157763,3.441811509105905],[31.736642260056012,3.4403899244150886],[31.736922670234815,3.440157085211506],[31.73692282889744,3.440157105513366],[31.736923295585612,3.440156718250735],[31.738303526648767,3.44033317229784],[31.739393403738955,3.434895497785707],[31.740511276785497,3.433642855965138],[31.73981717213163,3.433114451918751],[31.739821904178143,3.433107154423895],[31.741495585007716,3.4302452233676624],[31.741109746257717,3.428158330217769],[31.742152013459215,3.425684438407029],[31.744409673376172,3.423185185852846],[31.74459410604645,3.422907182697664],[31.74456716364792,3.4224017924238224],[31.74290922551852,3.420627467121876],[31.74290944203167,3.420627081768715],[31.742908490770137,3.420626105708366],[31.743616056615757,3.419368841846504],[31.743580359988908,3.4192992608765764],[31.74265632726475,3.417500701059091],[31.742657001199184,3.417499421344144],[31.74265579787295,3.417497075783404],[31.743379747852863,3.416126835920995],[31.74364211515706,3.410842915002202],[31.74306590425541,3.410659622296129],[31.744263282678716,3.4079087981461917],[31.744755199088335,3.4067769708847755],[31.74361771730665,3.405902777926703],[31.744449563945345,3.3856344865562176],[31.744303054509107,3.385270889798522],[31.74316466445216,3.382446062448357],[31.74316465917278,3.382445700760281],[31.743164613043117,3.382445586278946],[31.743164278621897,3.3824196293781976],[31.743129788641703,3.380056735245581],[31.733187089245035,3.387416233195255],[31.731432431252586,3.389557826905447],[31.731342991347418,3.39178848045487],[31.72918748181084,3.393143054548285],[31.72918658535468,3.393145797857017],[31.726861137482054,3.402165772905969],[31.726648126186536,3.4037011546447355],[31.726742990974614,3.405670848769686],[31.72729742669572,3.410511667291818],[31.729260264076157,3.416651416705476],[31.729260301711758,3.4166518266877945]]],[[[31.740712861602393,3.494196122432303],[31.73523267044002,3.489061025183512],[31.73253584381667,3.486534027645647],[31.731196433450044,3.4836766292563506],[31.731108697226674,3.483489485367117],[31.731108694699675,3.4834894539363535],[31.73110821658005,3.483488433951529],[31.730251490720153,3.472828849869511],[31.728252748362628,3.471590922877252],[31.728252658565214,3.4715903720368257],[31.72825218604697,3.471590079394909],[31.728127695516886,3.4708238165691605],[31.7278958977871,3.469401909697169],[31.72768174568094,3.466998655653074],[31.729132875247874,3.464857546298675],[31.728966548865085,3.463406224804455],[31.727879961829956,3.462368383739142],[31.726876778493462,3.46141079920778],[31.720400584293788,3.473113865463322],[31.716212737241325,3.474803279644393],[31.712061147430326,3.4747870907397522],[31.71162197652656,3.474785389656008],[31.711621910524997,3.474785466866225],[31.71005455793578,3.477110232197641],[31.702951897130657,3.484927863623475],[31.699977460865366,3.48625197522064],[31.699977423106485,3.4862519200763735],[31.699977423106482,3.4862519200763744],[31.7072,3.4968],[31.73545693250494,3.4936161202811338],[31.735564918252532,3.493583266404781],[31.740712861602393,3.494196122432303]]],[[[31.645964747813636,3.232924689207127],[31.646778295788312,3.234799225139318],[31.647468223826046,3.236388453698963],[31.651700945424654,3.238942871326979],[31.65097318954205,3.239681265953329],[31.65057331506754,3.246490081950902],[31.650573289339853,3.246490136256638],[31.65057328277949,3.246490248003061],[31.650522646540992,3.2465970325472506],[31.649789405042757,3.248144751039351],[31.65129518963128,3.2492748158682847],[31.652321518372833,3.250043542370189],[31.652320794617776,3.2500445143579944],[31.652324383526846,3.25004720777108],[31.649980227404896,3.253191608622968],[31.65162160026975,3.2567644554531165],[31.651867700937675,3.2572998392629366],[31.65407513814139,3.2577946105332867],[31.65995381344035,3.255377661423526],[31.65995397618994,3.2553574949308937],[31.659384423816185,3.244136385988377],[31.65829943164959,3.242194739821341],[31.652947095594204,3.239274264815866],[31.657768068263344,3.236228629295704],[31.655794153480265,3.234173999152633],[31.655646440267,3.234020298975451],[31.655646411214047,3.234020215556614],[31.65564635687402,3.234020158994569],[31.654313276603776,3.2301937740049422],[31.654003754499506,3.230147808843861],[31.65248210943299,3.229924683114838],[31.65238786654385,3.227751424695921],[31.652356639263683,3.227036833036855],[31.65235686375684,3.2270364947049894],[31.6523567807887,3.227034581444364],[31.653160053317418,3.2258260140591024],[31.6533427856772,3.2255506195622727],[31.653231509072395,3.2236433979398],[31.65716531174468,3.2220511686176296],[31.65719762546133,3.2220380839007854],[31.66160577824216,3.218788067726792],[31.65924147127841,3.217199071778058],[31.659020977150366,3.216844216181312],[31.65695749510446,3.213523370957171],[31.656957482237818,3.213523299088997],[31.65695723551497,3.21352290202181],[31.655939714076762,3.207843390184843],[31.660599077916174,3.208910943106763],[31.660669382713692,3.2089042607398213],[31.6636941300877,3.208615890106434],[31.66618658590562,3.2116812014054408],[31.666866802736127,3.210944298243883],[31.66824074912049,3.2094537182542004],[31.665729094523336,3.2042019743744894],[31.662873246294474,3.2033874392312],[31.662872918725803,3.203387209942133],[31.66287265135068,3.203387133719534],[31.662017115991848,3.202788171549738],[31.659457610019487,3.200996587716013],[31.659281190628885,3.1967454069843724],[31.65885200917832,3.186407567620423],[31.65885217940825,3.1864075170925954],[31.65885199032954,3.186402960860117],[31.660890593638157,3.1858024728153262],[31.66115248383283,3.1857247382895206],[31.661136253662438,3.185134004816259],[31.65987975710471,3.1827160955005875],[31.659870603556012,3.1827072911747485],[31.65695159257375,3.179899796871129],[31.65695158472614,3.179899637690155],[31.656951530653092,3.179899585680083],[31.656951494863257,3.179897814911142],[31.65668991688663,3.1745919663470556],[31.656519157829717,3.1744504072659105],[31.652926486106697,3.173513429808448],[31.652925916272782,3.173513371864682],[31.6485567894526,3.174665513771204],[31.6440798630436,3.179090591036625],[31.64138072499997,3.180429478512814],[31.64137563680911,3.184061787344148],[31.645273135309257,3.184214688390807],[31.650913609819494,3.189206747100939],[31.65325730216778,3.189315921467174],[31.653556619327958,3.198271010820464],[31.656488032080535,3.198217385733533],[31.65648979436816,3.198260290602232],[31.656773546991243,3.203528806883398],[31.656734095625623,3.2042080787159497],[31.65673549587825,3.20424216943667],[31.65485355046938,3.204201955467599],[31.654509681611184,3.204194636600185],[31.6545096608774,3.2041946071325467],[31.65450832853093,3.204194578662571],[31.653877181868516,3.203303106818818],[31.65117626771326,3.205253434903951],[31.65117472653398,3.2052524702346497],[31.651174259870917,3.205252807034424],[31.648842529328657,3.203792679620297],[31.647947735982143,3.203232602228022],[31.645183292805118,3.202981673690926],[31.64624474635648,3.205299432244241],[31.641990857512983,3.215585111259856],[31.641534428591143,3.2166888071056063],[31.640380073913594,3.2234793646436017],[31.64037942184065,3.2235198514585273],[31.64025610763297,3.2312307034638583],[31.642328034549905,3.2327715665649635],[31.64596425551173,3.232924107756789],[31.64596450347487,3.232924678932458],[31.645964747813636,3.232924689207127]]],[[[31.665915629381164,3.191907631126692],[31.662001153465827,3.192525035600373],[31.662716320326822,3.197199037954491],[31.666806849934826,3.196057952081971],[31.666164039434477,3.193063565254692],[31.665915629381164,3.191907631126692]]]]}}]}
