{"type":"FeatureCollection","name":"Agago sub-counties","metadata":{"source":"Uganda Bureau of Statistics NPHC 2024 Map Explorer","retrieved":"2026-07-26","display_only":true,"clipped_to_dashboard_district":true,"positive_area_overlaps_removed":true,"source_gap_ratio":0.00865174},"features":[{"type":"Feature","properties":{"n":"Adilang","c":"322101","d":"Agago","od":"Agago","dc":"322","k":"ADILANG","a":["ADILANG"],"lat":2.702119,"lon":33.484533},"geometry":{"type":"Polygon","coordinates":[[[33.426590001783175,2.684651166924116],[33.429744996918,2.688217947619824],[33.43684370385428,2.698653288413437],[33.43511297566557,2.700219095513916],[33.43921365053286,2.706914282389711],[33.44105430096474,2.709160211443492],[33.44361735267661,2.710481801372383],[33.44335581546479,2.713850804055007],[33.446708199196536,2.716096929631973],[33.44802265192115,2.717945812300657],[33.45235953993963,2.71946438829189],[33.4544072499792,2.72503090494738],[33.460745476648775,2.721541870164652],[33.46473252605725,2.720352231990606],[33.47061164065845,2.720186465844537],[33.47534522761984,2.721134964922376],[33.483256495077605,2.7248748603742],[33.490033597726885,2.729530180437298],[33.494102784252135,2.733674949903353],[33.49029469563382,2.736023774742049],[33.48815808539417,2.73863597031929],[33.49673393397595,2.740316406465657],[33.5109327829975,2.749030871674472],[33.50748084029978,2.750790198974618],[33.50306217904185,2.757542463731316],[33.50306249952242,2.759206612411112],[33.49857618033677,2.767703565780177],[33.49775126666987,2.773169670916217],[33.494444718339,2.778161547363939],[33.488715114368134,2.780896719470534],[33.48434260519163,2.781968085994138],[33.472821939223834,2.782150996178932],[33.46209404565931,2.78092197461883],[33.461321539627875,2.782892689364847],[33.457412290393584,2.786397372525919],[33.444863194744805,2.791787465298735],[33.442287555442626,2.795846094214733],[33.44300218070027,2.797112376830786],[33.44697819765214,2.796107393376785],[33.447418623575906,2.798458675896801],[33.45094232427791,2.799661144881926],[33.45210889842827,2.80121616070269],[33.454561676414734,2.802454627425136],[33.458096207621956,2.802798404253791],[33.45838271008394,2.803973002161893],[33.46193041708478,2.804524600294455],[33.462692732391304,2.80631443339128],[33.46401254277514,2.806276702780858],[33.46513360204243,2.808674690087758],[33.470442195334265,2.808745257214524],[33.47323967724383,2.810381267627118],[33.48098027900054,2.810522814195854],[33.4829330128485,2.811191673009813],[33.484361912453686,2.813009307879665],[33.48643318378338,2.813533157505808],[33.49059915388926,2.812780516677363],[33.491645975980525,2.811223784927279],[33.49731034569491,2.807105211127912],[33.50466128949837,2.8043158317278],[33.51129599843013,2.803941938977025],[33.51156371516292,2.804783141308322],[33.51248331904472,2.804176778122432],[33.5187315512675,2.805883677775854],[33.556172291994876,2.801250423717061],[33.556871448224605,2.798332869478187],[33.56212500172858,2.792584069562531],[33.56380022556452,2.787996671668614],[33.56753227272983,2.784899213164529],[33.56772707218135,2.78374066823243],[33.5668003000037,2.783049387384267],[33.55745698714884,2.785218977835224],[33.55365044006433,2.784981059612976],[33.551865530982724,2.783314791253683],[33.552556353813536,2.779231313195121],[33.55948016025861,2.772628558060491],[33.56436968265714,2.76923805616876],[33.5667616990007,2.76838138057184],[33.57907462478066,2.768060221039598],[33.58049216441692,2.767077448242422],[33.5717,2.7596],[33.568154466279395,2.7551019348320698],[33.566467853839406,2.754024270768372],[33.56557741035107,2.7518325355200077],[33.53836320392398,2.7173070497542966],[33.538007744848976,2.717385541568771],[33.53816601687139,2.7169648398293904],[33.535743938095244,2.7073315719697137],[33.535686011218495,2.707349442299124],[33.53538867444066,2.706368501780743],[33.53393260823772,2.705891914899109],[33.53413231678297,2.704598182474492],[33.53269605706547,2.703423532011487],[33.53288111072372,2.700814124135152],[33.53386692863802,2.6998661934466788],[33.5338,2.6996],[33.53369312974987,2.6993809688932964],[33.5295674872254,2.694685715295838],[33.52907080064713,2.692262454452317],[33.52956776501488,2.6909260134463513],[33.52919866356169,2.690169538190788],[33.526001687835745,2.688204769570779],[33.526415184247846,2.6844647835574715],[33.524044822463395,2.6796067153457703],[33.52368777552039,2.678919158184659],[33.52370207620813,2.6789042551988507],[33.5237,2.6789],[33.5237,2.6738759837031294],[33.52304024674809,2.672812649369257],[33.521396092502286,2.672090319457936],[33.52198738528485,2.670741384481328],[33.523560145671425,2.669890237888084],[33.52364417130024,2.659478103920146],[33.5237,2.6594405528283334],[33.5237,2.6594],[33.52472234623384,2.657207141411484],[33.52520618802943,2.654238634010802],[33.52677629002459,2.6528015808168184],[33.52678042731007,2.65279270663927],[33.52754518134604,2.649434964487503],[33.52874701947714,2.6485745089475903],[33.530305951566774,2.6452307125814114],[33.53055733163474,2.644637638608395],[33.5305169879347,2.643947762344072],[33.52966656314679,2.6372658532962228],[33.52866235897321,2.636494382378178],[33.52898329575452,2.6318973237855476],[33.528688387040745,2.629580183891555],[33.52834061835212,2.628400273118389],[33.528532607503756,2.628356201815228],[33.5285,2.6281],[33.53670899810619,2.6228848717913604],[33.5366815287591,2.622874142685681],[33.536927236977895,2.622354375645006],[33.53639945410854,2.619847407015557],[33.53636732161762,2.619808878479666],[33.53628415402766,2.619299731631383],[33.533527794643945,2.606207024558733],[33.53311399762845,2.604805551837968],[33.5332010364758,2.604654923260057],[33.533,2.6037],[33.53269512422991,2.603628511888392],[33.532103635149745,2.603736443920562],[33.530818633155334,2.605102383176965],[33.526262394030454,2.602825195725115],[33.525060196286205,2.604498459192279],[33.523694943486674,2.604353483503662],[33.52239254278337,2.603431436536163],[33.52258324429936,2.6012574503874353],[33.519930001678965,2.6006353107385154],[33.518582295664324,2.600754918917008],[33.518693088774796,2.600345275988573],[33.5185,2.6003],[33.51253756809252,2.5925393743426475],[33.51217302163341,2.592146729008317],[33.508253924930905,2.593565926651455],[33.50730672904025,2.591810367139454],[33.49637563617194,2.591163355412046],[33.49561278590857,2.592116314299306],[33.493730574228294,2.591258465375947],[33.491606191367524,2.592380662112539],[33.491203144474014,2.590951779057372],[33.490624572254674,2.5908229497596227],[33.488626059718705,2.590704657740359],[33.48647949751264,2.592517287112902],[33.48529186382599,2.592048823189873],[33.48385620314169,2.592998482520749],[33.482943975518616,2.591968304404848],[33.48119179539911,2.591994469344009],[33.48010464861086,2.590250487104397],[33.47988960240786,2.590468153793908],[33.477248869131266,2.5938337942444667],[33.477546117383795,2.595706568581208],[33.475010036812876,2.596692339837557],[33.475007289734535,2.59669070916187],[33.475,2.5967],[33.4700975994339,2.5953291865715635],[33.47010306486272,2.596430437429464],[33.468677063295736,2.594931975044779],[33.465358686065976,2.5940040875729515],[33.463601614913316,2.595106283786285],[33.462998247203686,2.594644636062603],[33.46030039232127,2.595739448817917],[33.45947205826596,2.593406502589629],[33.45573933353004,2.592584217052164],[33.45389562330839,2.590821131724452],[33.45232005573,2.591744567923568],[33.44608549016739,2.592126554780456],[33.44588085305861,2.592015022263847],[33.44423416162714,2.592264520965584],[33.44578577237847,2.597336714968728],[33.4457157700323,2.599348817319891],[33.44524718648685,2.600106139357369],[33.444549222408284,2.599428061103496],[33.44402858503825,2.601002401805808],[33.44470428028069,2.602549371194923],[33.44431895871981,2.605615583466363],[33.44523934835395,2.606756483888999],[33.44456803435065,2.60843304118617],[33.443635646963564,2.607385315930837],[33.443558755567565,2.6074493921802806],[33.443472763695794,2.610401779777712],[33.444700136567334,2.610641311207485],[33.44432636806826,2.612217098648868],[33.44341527970518,2.61237539678869],[33.4434,2.6129],[33.43929519548904,2.6209813338809576],[33.439312482390825,2.621252931734281],[33.44052707348684,2.621410322043453],[33.440096414560784,2.625439595663134],[33.44141695381359,2.627562961789098],[33.44072861557829,2.628205446088189],[33.440554459084055,2.627640604365933],[33.440046997514884,2.628865763713443],[33.43907445023319,2.62718096416507],[33.43818828704932,2.627357120563437],[33.43763010469829,2.630494313478297],[33.43683803645454,2.629671076683352],[33.435596121458246,2.630114501485108],[33.434971756890754,2.629493103621322],[33.4338,2.6318],[33.43360407129908,2.631489069670287],[33.43324846602936,2.633552780786732],[33.432387496260944,2.63312415364139],[33.43172231255548,2.633947512079242],[33.43104071843905,2.632586395807309],[33.4301463296549,2.632903329633038],[33.43017333745439,2.634247154515594],[33.428257041611516,2.635492418754452],[33.42900305966885,2.637408066958976],[33.431420400294876,2.638121674694394],[33.43136154144014,2.640867300754175],[33.43054148169724,2.641619266942266],[33.431211495235786,2.64272681018488],[33.429910914849316,2.644559919748894],[33.4307971612655,2.648045378691283],[33.43042835854057,2.649297046372019],[33.43253441035923,2.648583245367714],[33.433096948097266,2.649606277170924],[33.43477308269179,2.649121261074642],[33.43376376873267,2.65035008058012],[33.43451123532429,2.651737265554738],[33.43351084320816,2.653667806553706],[33.432737081511824,2.652650110714092],[33.43240361269697,2.653471613404212],[33.43126955585763,2.653573822124124],[33.430828294524964,2.655358596303008],[33.429789754332695,2.655905356114231],[33.43096423813507,2.656213986661435],[33.42996920891956,2.656952097739433],[33.42836137559956,2.657143432471687],[33.428567890129294,2.655977933830533],[33.42806821379514,2.656082630106584],[33.42730335740811,2.659776046561349],[33.42420920468456,2.661470085469376],[33.42450446366663,2.659589518924556],[33.42306621518472,2.658293469274069],[33.42374613240296,2.657484530174014],[33.42240663741896,2.657146070781184],[33.42178070766756,2.657792670224069],[33.421980324713566,2.659722055589929],[33.42058502528004,2.660195924806866],[33.419787909810225,2.661680111267437],[33.421649490285674,2.663976749906908],[33.421756911884934,2.665769803790329],[33.42269088334255,2.666129148986444],[33.421920645278796,2.667566984419896],[33.420303061709944,2.668186151284352],[33.421218441513965,2.67111447834804],[33.418603853919144,2.6706793183074],[33.41727885610953,2.672216406480266],[33.418878846854966,2.673686898652906],[33.41689450978151,2.674911404024111],[33.4176296019919,2.675978624032172],[33.41673993786194,2.677001708796319],[33.42350113307296,2.683330512720978],[33.426590001783175,2.684651166924116]]]}},{"type":"Feature","properties":{"n":"Adilang Town Council","c":"322102","d":"Agago","od":"Agago","dc":"322","k":"ADILANGTOWNCOUNCIL","a":["ADILANG","ADILANGTOWNCOUNCIL"],"lat":2.752836,"lon":33.486279},"geometry":{"type":"Polygon","coordinates":[[[33.46039581002859,2.783180411067439],[33.46131999670834,2.7828940726084803],[33.46132114298197,2.7828930449620817],[33.46136156510289,2.782790581691095],[33.46209404565931,2.78092197461883],[33.4621057971735,2.7809233209096194],[33.476041934539154,2.7820998732716444],[33.480847521873685,2.7820235763917713],[33.48871469185635,2.7808968229957554],[33.488715036418945,2.7808967385698993],[33.49483156614831,2.777577525515498],[33.49775126666987,2.773169670916217],[33.49857618033677,2.767703565780177],[33.50306249952242,2.759206612411112],[33.50306217904185,2.757542463731316],[33.50748084029978,2.750790198974618],[33.5109327829975,2.749030871674472],[33.49730187216232,2.7406649753924985],[33.4967337725634,2.7403163748368935],[33.492522371182396,2.7394911514155593],[33.488163435071684,2.738637194897567],[33.4881635590444,2.7386370428801703],[33.48815808539417,2.73863597031929],[33.49029469563382,2.736023774742049],[33.490294750058936,2.7360237411727004],[33.49029477172387,2.736023714606799],[33.49030247146012,2.7360189786210083],[33.4941021409449,2.733675346694545],[33.490033494426505,2.7295301094783144],[33.483256495077605,2.7248748603742],[33.483255818888665,2.7248745407192314],[33.47392348062835,2.720850080389494],[33.472423944698285,2.720549608789744],[33.46473536455567,2.7203521519569653],[33.46473252605725,2.720352231990606],[33.460745476648775,2.721541870164652],[33.45987174578584,2.722022837086545],[33.454407257519414,2.725030913692962],[33.45775210422537,2.729901970504289],[33.46005240622933,2.731619211416592],[33.46100152292259,2.734323441431766],[33.46147965671536,2.738961735178948],[33.458609831687276,2.739696615552937],[33.45890126031769,2.741315333533803],[33.4577349359833,2.742003501574972],[33.45797059980507,2.743175876059378],[33.46452908582889,2.751431196385965],[33.468304786158996,2.754240919677252],[33.46272760268472,2.762640563756588],[33.45673126081252,2.76876782753149],[33.45399284129282,2.769650325182154],[33.455933631557194,2.782499310001542],[33.46039581002859,2.783180411067439]]]}},{"type":"Feature","properties":{"n":"Agago Town Council","c":"322103","d":"Agago","od":"Agago","dc":"322","k":"AGAGOTOWNCOUNCIL","a":["AGAGO","AGAGOTOWNCOUNCIL","TOWNCOUNCIL"],"lat":2.843369,"lon":33.348827},"geometry":{"type":"Polygon","coordinates":[[[33.29058556323101,2.826798339578599],[33.29549598545953,2.827540876144599],[33.30041260029095,2.830518747986572],[33.30684046190504,2.830967922566621],[33.311712091330925,2.833679908774131],[33.312569746092024,2.833253721777338],[33.315855061700084,2.834223195086478],[33.315292988491635,2.834277165133264],[33.318190332331675,2.837949418983544],[33.3192255523201,2.841346272428672],[33.32115881930159,2.842697536546911],[33.32310585909447,2.848826108085449],[33.324260257609495,2.849505504764905],[33.324735790824164,2.854703378173791],[33.327088070352936,2.858390646442849],[33.32749046383025,2.86068267674018],[33.32864906207105,2.860962793206722],[33.330850962804924,2.865903061027916],[33.33455365020942,2.870412666481295],[33.336085509944944,2.877018104633916],[33.33956966894519,2.878802675622808],[33.341235612955685,2.880563498463108],[33.34702721719456,2.879516531465424],[33.347998715875256,2.880664173630764],[33.35511322754442,2.881140049776819],[33.363224288168134,2.883389576390241],[33.36231021019486,2.875777204351868],[33.366192455149566,2.866655329970887],[33.364764595041414,2.865033202406456],[33.368485379673125,2.863915315672868],[33.36968570430454,2.862275524891042],[33.372566055464546,2.86277662407542],[33.37596346383411,2.860164121726301],[33.37957020319661,2.854825376236371],[33.3767879426475,2.853707646308969],[33.3728162055688,2.853387041992142],[33.37623317783955,2.844040910741173],[33.37671201919276,2.837557388823276],[33.37970636497907,2.830349625170599],[33.37244658844528,2.829985138670132],[33.37409873088293,2.827388666345531],[33.3667118152454,2.827196116339293],[33.36673308679383,2.822031324295255],[33.369490758635024,2.818891617832992],[33.36665617849047,2.815560142639943],[33.36819391038317,2.812700107607939],[33.36528786551902,2.812364361023383],[33.362432832865395,2.813372734526464],[33.35673231026832,2.811014282980031],[33.35748832491811,2.807173451986703],[33.3548803039787,2.805112609800693],[33.35303845700228,2.80207306678012],[33.35186448458117,2.80306890931157],[33.346051658754774,2.803605877312989],[33.34600066889969,2.802916413191322],[33.34182792976563,2.803757210789296],[33.34198441609897,2.804318464292005],[33.337324301193746,2.804292329041262],[33.33419821505016,2.805357075678474],[33.33010114697066,2.804357845820206],[33.32753193257914,2.804913604823156],[33.32570378469678,2.802397579772955],[33.320016963546955,2.803581000172504],[33.30901119685007,2.807548479733232],[33.3044035057382,2.807067587718352],[33.30406613762841,2.808474550574808],[33.29501642976884,2.803617585539631],[33.29454994909559,2.804203914440162],[33.29322042780167,2.803623956638445],[33.2938388437947,2.804932763139947],[33.29065669849114,2.80561071367133],[33.29059219462773,2.806950040257917],[33.28797930672493,2.806583418441193],[33.28891029093802,2.825808450524346],[33.29058556323101,2.826798339578599]]]}},{"type":"Feature","properties":{"n":"Ajali","c":"322104","d":"Agago","od":"Agago","dc":"322","k":"AJALI","a":["AJALI"],"lat":2.801251,"lon":33.352679},"geometry":{"type":"Polygon","coordinates":[[[33.29545444027865,2.8038526651426587],[33.30406613762841,2.808474550574808],[33.3044035057382,2.807067587718352],[33.30901115741665,2.8075484756176743],[33.31427820372571,2.8056497712923885],[33.320016963546955,2.803581000172504],[33.32570378469678,2.802397579772955],[33.32753193257914,2.804913604823156],[33.33010114697066,2.804357845820206],[33.330101594016305,2.8043579548497233],[33.33010179975707,2.804357910292787],[33.33247243665939,2.804936177303501],[33.33419821505016,2.805357075678474],[33.337324301193746,2.804292329041262],[33.33848593419184,2.8042988438097374],[33.341984145622654,2.8043174942023197],[33.34182792976563,2.803757210789296],[33.34600066889969,2.802916413191322],[33.346051658754774,2.803605877312989],[33.35186448458117,2.80306890931157],[33.35303845700228,2.80207306678012],[33.354873484514464,2.8051013558500686],[33.35488031904287,2.805112621704307],[33.35748832491811,2.807173451986703],[33.35673231412108,2.8110142634065896],[33.362433053244516,2.813372656690412],[33.36528786551902,2.812364361023383],[33.36819391038317,2.812700107607939],[33.36682255713871,2.815250694182253],[33.36665630853646,2.8155602954826806],[33.369490758635024,2.818891617832992],[33.36673308679383,2.822031324295255],[33.3667118152454,2.827196116339293],[33.37409873088293,2.827388666345531],[33.374098678168814,2.8273887491899257],[33.374098965555504,2.827388756443656],[33.37405846040399,2.8274519545836934],[33.37244658844528,2.829985138670132],[33.37970636497907,2.830349625170599],[33.37970510162492,2.830352666221562],[33.37970529453565,2.830352675973649],[33.376805044592096,2.8373334650883493],[33.37671201919276,2.837557388823276],[33.376398115497075,2.8418076514153467],[33.37623324982242,2.844040557401495],[33.37623319231634,2.8440407147251685],[33.37623317783955,2.844040910741173],[33.37595693213102,2.8447965003230857],[33.37281683695069,2.8533870929581937],[33.3767879426475,2.853707646308969],[33.37784202221339,2.8541311063896724],[33.38145387125177,2.854664438329838],[33.38674482102339,2.856281284810948],[33.3917715014088,2.856543560025518],[33.39210143883186,2.857832286149141],[33.394072822408596,2.858756311576901],[33.40102681061419,2.865549239168276],[33.40251986226515,2.865262707542107],[33.40769498598168,2.867032099645171],[33.41361670897593,2.860806804311664],[33.41580372178053,2.861859958861849],[33.421204909377494,2.858290926438035],[33.42366783831829,2.85752934242066],[33.4259236043021,2.854944822562925],[33.43719533846466,2.856866636116789],[33.44271309045097,2.854866975653851],[33.44474175160273,2.843966504710866],[33.443565867899665,2.842728620628357],[33.441209808933706,2.842015529752022],[33.44168262240241,2.840356990113101],[33.44018972601639,2.837646240874587],[33.441150309945314,2.836369870802458],[33.43946971080918,2.835808539217652],[33.43919576010825,2.834504607563403],[33.43781616143299,2.834983051990651],[33.43774315881501,2.833296747178088],[33.43664640711223,2.83338336180931],[33.43706501146831,2.832689983673693],[33.43616466756644,2.832739617975613],[33.436112107050185,2.832117402412299],[33.4345609526918,2.832488045359242],[33.43421120722404,2.831800584946447],[33.4320918611795,2.831635090070606],[33.4324138466925,2.830786840360466],[33.431114870274484,2.83054283994777],[33.431243153017654,2.829156576264459],[33.432060887177784,2.828702008163492],[33.43096783151222,2.828733257994456],[33.4311386085925,2.827757721973413],[33.42823979124056,2.82644618804088],[33.426048467469656,2.8239039475789],[33.424955254200796,2.825933437058725],[33.42544103251649,2.826591309371511],[33.42488969820166,2.827248716390217],[33.42416864060037,2.826741402954356],[33.42351709578006,2.823311272425705],[33.42194516721803,2.8223727352754],[33.42333316317716,2.821501497132835],[33.422026750708376,2.819622781881914],[33.4223587694906,2.818481962934228],[33.41739728248722,2.817886404331909],[33.41340029959153,2.814839553852083],[33.41130889688706,2.810466552310271],[33.41135858170864,2.809074724458083],[33.412605172021,2.807735803076098],[33.41193088761274,2.807409459941324],[33.41220449719931,2.806733739098192],[33.41155658108624,2.807015038361095],[33.411170858578416,2.806003719434116],[33.40991659842921,2.805717986014369],[33.40983953492354,2.804769458177331],[33.410464866780046,2.804674307946895],[33.40915356937839,2.803494994519423],[33.41006512232691,2.803056276218427],[33.409606932232954,2.801604894526925],[33.40831278812377,2.801287866185279],[33.408840176067805,2.797675843231684],[33.40570108893793,2.796918200497502],[33.40574816956619,2.796023147664695],[33.40446563353107,2.795878286775149],[33.40449063991409,2.794626328247905],[33.40418238226428,2.795183759318362],[33.402279209082906,2.794735268726573],[33.4019157311031,2.795630288640693],[33.40095409445584,2.79563343821153],[33.40001725930503,2.794695928933632],[33.3981428178175,2.794532476109771],[33.39679068747588,2.792523732669064],[33.39606967192016,2.793329846676354],[33.39266014546922,2.792131381406911],[33.38982956089935,2.789031778050159],[33.3893794959754,2.787208725900095],[33.38847554622375,2.787556597841722],[33.38862347553727,2.788376727771297],[33.3868453820669,2.788510851618735],[33.38661075254123,2.786868757988688],[33.384075220158394,2.787331241749664],[33.38732072104972,2.779646262851383],[33.39115222847947,2.775225442711631],[33.389494986550034,2.773226798798276],[33.387258846262675,2.766950654376488],[33.38364392114713,2.764769685943235],[33.38225893591579,2.748781270671054],[33.38061493674817,2.745873150601017],[33.37865069549718,2.73541506877935],[33.37709200146995,2.736814104680966],[33.3763670223186,2.73607638588928],[33.3754687653854,2.737209338151069],[33.37369250343638,2.736447581084922],[33.372748101650544,2.737284164281211],[33.37220534584278,2.736271501354758],[33.371191780179615,2.738194126458768],[33.36968406729178,2.737774607860297],[33.368456980006776,2.739320206070659],[33.366555772389454,2.739320857792281],[33.365423812237076,2.738471783798795],[33.364894336979475,2.739337193255273],[33.36388644157482,2.738965047690066],[33.363072657989484,2.739686132235775],[33.36374324885929,2.740832350377599],[33.362622952244216,2.741013762105252],[33.362072932012275,2.742409499410241],[33.36028190783007,2.742420687820505],[33.35881137144056,2.744224972501034],[33.355244711181584,2.743865389748427],[33.355141551398866,2.744997517393751],[33.35379212493066,2.745077324106596],[33.354040160156266,2.746834792137021],[33.352486231396945,2.746541803852912],[33.35169496707815,2.747747641863015],[33.35200635973877,2.74934077503717],[33.35085501962915,2.748982580817045],[33.35118077346754,2.75109607592939],[33.35003172535945,2.751193099972759],[33.35050490997098,2.752161005460576],[33.349672426376024,2.752318584572018],[33.35000983481002,2.753787107065594],[33.34903085438834,2.755120590391373],[33.347271610355904,2.755951900838598],[33.34764524341025,2.757853006677814],[33.345063404482175,2.757258349759324],[33.343976518521984,2.75902114925049],[33.34309797120082,2.757846077907533],[33.341789271728025,2.759385585191613],[33.34199073721119,2.76022589657503],[33.34036873149621,2.760285023059562],[33.34080664224794,2.761428736665261],[33.339952086102514,2.762214790058628],[33.33764900483651,2.761124973415054],[33.33635138877951,2.761649936338313],[33.335475469157075,2.764829552670396],[33.33412716905289,2.764822174150168],[33.33432361477116,2.766068044329426],[33.33347174866516,2.765491793420648],[33.33195526988862,2.766845134119873],[33.33159875126796,2.766081388696374],[33.330933456827175,2.766645318412363],[33.331256858849315,2.76768140682975],[33.330242456477635,2.767230670348069],[33.32975720232551,2.767965391815412],[33.32967280853742,2.766585358753476],[33.32846357402031,2.767053636433046],[33.32881680867205,2.768141898562289],[33.32790678246851,2.767678957283134],[33.326584256347886,2.769978740077974],[33.32555107160786,2.768806794869849],[33.324316970283,2.769754400422246],[33.32445290649773,2.7707685672455],[33.32279410932324,2.769971528693129],[33.32259496842632,2.770726160789729],[33.32157992173253,2.770635335818065],[33.320851871148726,2.769403434612507],[33.32043259964136,2.770159845582434],[33.31932928576659,2.769466606267492],[33.318589419615165,2.770186198154118],[33.31564656819806,2.769829326064042],[33.31572357321628,2.770801235793801],[33.314805799639934,2.770699465018335],[33.31333881460433,2.772449878198911],[33.31372786981354,2.773848482462754],[33.31260183296693,2.776854222626337],[33.31039756312999,2.77636575392165],[33.30959089540503,2.778247431408128],[33.31025441208824,2.779950942192188],[33.30682500160355,2.779610708213299],[33.30558401636428,2.781086828570105],[33.30393624365456,2.780061397470205],[33.30328670614391,2.78050627129406],[33.3041717546369,2.782706908641207],[33.3036006932087,2.783806552242254],[33.305813615478094,2.785703345999681],[33.30345797968336,2.786416933402472],[33.305097311167664,2.787245022103666],[33.303618689558334,2.787911757313348],[33.30480671875583,2.789013660612104],[33.304635467048925,2.790602663662027],[33.30369863841759,2.790357846800056],[33.303739165182755,2.792120038658334],[33.30246131788373,2.792034892842801],[33.30210570520574,2.793098620794848],[33.30011651229672,2.794092768299023],[33.29971199169853,2.79351777261717],[33.29871122805788,2.795124036948829],[33.297916443950605,2.795119219644795],[33.29808062633869,2.796546888198702],[33.29907640853171,2.796571884131781],[33.29847890175717,2.798044381205973],[33.29939333331702,2.799164516783498],[33.297433130316776,2.799083020154297],[33.29816834450623,2.800053549683953],[33.2977984823497,2.801214070550473],[33.29702624227158,2.801210731939375],[33.29750788852112,2.80274227501991],[33.296187790744185,2.802122620085253],[33.29483647224257,2.802605332516324],[33.29501643341032,2.803617575064252],[33.29545444027865,2.8038526651426587]]]}},{"type":"Feature","properties":{"n":"Kotomor","c":"322105","d":"Agago","od":"Agago","dc":"322","k":"KOTOMOR","a":["KOTOMOR"],"lat":2.65459,"lon":33.342949},"geometry":{"type":"Polygon","coordinates":[[[33.25144806543285,2.618983264887955],[33.249982281673674,2.62596467218405],[33.25141731126692,2.627377077208742],[33.24788435213903,2.629337740830084],[33.24960415801995,2.640130580210182],[33.24902491113571,2.644961837915353],[33.25116528511431,2.647096535424349],[33.252224739033686,2.650434676041913],[33.25461374280371,2.653821153030938],[33.25850153172804,2.665082546097854],[33.26139947176806,2.666825042614059],[33.26201316543357,2.668008729495301],[33.271564057546534,2.662969001018254],[33.27098246634696,2.666086469928592],[33.27400677224509,2.666395261645496],[33.27950706245152,2.66488284034277],[33.278595423277366,2.664018261691624],[33.28740215225698,2.665443075480337],[33.289177343518446,2.66614270414539],[33.28787012141384,2.669584864553743],[33.288232716416715,2.671934745967989],[33.2903669155862,2.673914681134998],[33.29457988528334,2.672746431166154],[33.300470629801715,2.673020032706203],[33.30048732499778,2.66974218067072],[33.30233338367184,2.67025367408974],[33.30536000127034,2.674420320972887],[33.315675616282086,2.671672276434833],[33.316815818509156,2.670887840201076],[33.31597540142336,2.667531995021657],[33.32181808285684,2.668724550698693],[33.32346332900832,2.672095240639571],[33.323783060634085,2.676741284881809],[33.329392309322266,2.678241079917709],[33.33383713414312,2.68191052399341],[33.33421585050521,2.688985449916919],[33.333024518038954,2.691622798192455],[33.33573469493078,2.698948349495512],[33.33489095550594,2.703201274785971],[33.33561659267294,2.706360188186297],[33.335156477364656,2.710933677927093],[33.33638529225326,2.713380173838625],[33.34065945084953,2.710469267193897],[33.34614215015241,2.70814666702279],[33.34763594909736,2.705254991765548],[33.350070203545606,2.704336524174616],[33.347783734879485,2.700790896131609],[33.35096361056738,2.698528098739519],[33.36353292419111,2.700732586810824],[33.36873934179011,2.70474147987735],[33.37346970120452,2.711643286310646],[33.37892869907394,2.711641623941312],[33.38150952977136,2.712423720975827],[33.38282278066133,2.710989094022359],[33.38360440281488,2.711200561541012],[33.37864337018207,2.706851018920589],[33.37697138707813,2.702802789928874],[33.382815757599744,2.691192474115285],[33.38873700173195,2.682560332801815],[33.390254141984485,2.676297038343419],[33.39433763336317,2.669849227659891],[33.39353786143755,2.669432815662176],[33.39480733435547,2.666825681398992],[33.41203020954355,2.666841691105464],[33.41417661740825,2.672852148297275],[33.41689319373467,2.674936488321912],[33.416907947766724,2.6749309135312074],[33.41689450978151,2.674911404024111],[33.4182436663323,2.6740788592588363],[33.41857789414926,2.673410304179259],[33.41727885610953,2.672216406480266],[33.41786411411072,2.6715374671301944],[33.418602435538546,2.670679762872735],[33.41860334085668,2.670679913494988],[33.418603853919144,2.6706793183074],[33.42121797300743,2.671114400371948],[33.42089631047874,2.6700839716399423],[33.420303061709944,2.668186151284352],[33.42030379239373,2.668185871598529],[33.42030359539665,2.668185240528899],[33.421133189070424,2.667868401175619],[33.421920645278796,2.667566984419896],[33.42269063132564,2.6661296194368815],[33.42239556218947,2.6660155242746786],[33.421756911884934,2.665769803790329],[33.42175683656385,2.6657685465500536],[33.42175671831675,2.665768500827135],[33.421730888591604,2.665335429628258],[33.421649490285674,2.663976749906908],[33.42078242363658,2.6629070466114726],[33.41978860163896,2.661681961592718],[33.41978892325393,2.661681361556641],[33.419787909810225,2.661680111267437],[33.42058502528004,2.660195924806866],[33.421979894081645,2.6597222018404088],[33.421847495692184,2.658438205462162],[33.42178070766756,2.657792670224069],[33.42240663741896,2.657146070781184],[33.422407772013926,2.657146357467084],[33.422408298458706,2.657145814851278],[33.42299667496775,2.657295159619063],[33.42374613240296,2.657484530174014],[33.42374553624437,2.6574852394603576],[33.423746495267956,2.657485482884684],[33.42306676212666,2.65829396214016],[33.42450446366663,2.659589518924556],[33.42450443412578,2.6595897070764454],[33.42450451498652,2.659589779820069],[33.424210693538186,2.661469270326685],[33.4273032054992,2.6597761297309996],[33.42738740024252,2.6593702119591933],[33.42806821379514,2.656082630106584],[33.428567890129294,2.655977933830533],[33.428567481394516,2.6559802405923287],[33.428567538282046,2.65598022890354],[33.42836254059081,2.6571432938358677],[33.42996920891956,2.656952097739433],[33.4309636406288,2.6562144298906256],[33.430635934064576,2.6561277150034335],[33.429789754332695,2.655905356114231],[33.42979171355057,2.655904324645634],[33.429790088993315,2.655903894769292],[33.43021417250161,2.655681912862213],[33.43082795120406,2.655358777051019],[33.43126922586825,2.653574499354212],[33.43126939216668,2.653574484206554],[33.43126955585763,2.653573822124124],[33.431943295413696,2.653513100249179],[33.43240379907454,2.653471154261808],[33.43257236687275,2.653055886346102],[33.432735704380484,2.652650110714092],[33.43273660317205,2.652651289107375],[33.432737081511824,2.652650110714092],[33.43316994136607,2.6532194328644207],[33.433511281968116,2.6536669598416327],[33.43451123532429,2.651737265554738],[33.433875848567006,2.650558083805809],[33.43376389856535,2.650350605196189],[33.43376399088097,2.650350492853773],[33.43376376873267,2.65035008058012],[33.43477251678221,2.64912195005821],[33.43429638388885,2.6492592014245764],[33.433096948097266,2.649606277170924],[33.433096320095665,2.649605135086455],[33.433095003204635,2.649605514697054],[33.4325342271141,2.6485833074747136],[33.43042835854057,2.649297046372019],[33.430445808600616,2.6492378231756653],[33.4304165736166,2.649246987005542],[33.430797089016586,2.6480450945483875],[33.429910914849316,2.644559919748894],[33.42994927175176,2.6445058574199125],[33.431211125098805,2.64272619834245],[33.43063359900824,2.641771538350909],[33.43054150676732,2.641619968088627],[33.43054176341551,2.641619732627132],[33.43054148169724,2.641619266942266],[33.43136154144014,2.640867300754175],[33.43142039641412,2.6381218557224035],[33.43049809015491,2.6378494053901647],[33.42900305966885,2.637408066958976],[33.42900292972075,2.6374077332742387],[33.42900271240771,2.637407669079715],[33.42825796681698,2.635646144750065],[33.42830385411805,2.6356126253542866],[33.428257041611516,2.635492418754452],[33.43017166731089,2.634248239822952],[33.43017333478667,2.6342470217783167],[33.43017319789241,2.6342402103412925],[33.4300545229368,2.632646152270965],[33.42811255879847,2.633164964014845],[33.42752472456892,2.632196138549818],[33.428926723563755,2.626764261057235],[33.4235792690079,2.616950176573575],[33.41714507649622,2.608674377167883],[33.414220193554996,2.6007276984677077],[33.41093480415787,2.5955139283374833],[33.41077447588677,2.595305117368251],[33.39582287636388,2.5961128968846983],[33.395449100981445,2.5962247914259367],[33.39200274801485,2.598332976606053],[33.38161110805254,2.600367375296374],[33.369288225622554,2.6040563910556696],[33.369167764413355,2.604679788564209],[33.36343571043955,2.607068709395224],[33.354022552741355,2.607926031560001],[33.35197746139933,2.610245614290096],[33.34359112098207,2.612172680900577],[33.334560358942944,2.612977749379391],[33.32850564394982,2.617878844489138],[33.32536236419584,2.619606798940715],[33.32270078523943,2.619942573152239],[33.31501814993651,2.612018570973922],[33.314974248059045,2.6119901796154372],[33.3149,2.612],[33.3002,2.6077],[33.29995903784411,2.6073805220854567],[33.29933782431313,2.607305696459268],[33.29612075253142,2.603823779652761],[33.29147467736449,2.596131594707978],[33.2913,2.5959],[33.29122873712935,2.5959035083259394],[33.28760029743711,2.596379725747612],[33.2859197204222,2.596164875302292],[33.25885058299394,2.597497509760299],[33.25882659569957,2.597516719387701],[33.2516530062356,2.596200087629005],[33.24787870762794,2.608244734302222],[33.255390996843545,2.617121741292002],[33.25144806543285,2.618983264887955]]]}},{"type":"Feature","properties":{"n":"Laperebong","c":"322106","d":"Agago","od":"Agago","dc":"322","k":"LAPEREBONG","a":["LAPEREBONG"],"lat":2.757737,"lon":33.424509},"geometry":{"type":"Polygon","coordinates":[[[33.38374335550614,2.710941967063581],[33.38349311146658,2.7111029878101833],[33.38360440281488,2.711200561541012],[33.383419300108855,2.711150482087964],[33.3816083959152,2.712315717215211],[33.38150952977136,2.712423720975827],[33.38146263271808,2.7124095092546447],[33.38143667233185,2.712426213591663],[33.382525902493505,2.715833046399378],[33.381465826134324,2.715904498178469],[33.38123442307582,2.717041875469373],[33.38184663735039,2.719836452144182],[33.383710542610025,2.719971771920511],[33.38381980754085,2.721343629654378],[33.38186864653127,2.721248669856652],[33.381964635401204,2.723443603984111],[33.38106629243325,2.723260622047406],[33.38101856160133,2.724312647868554],[33.380236529310146,2.724389911306464],[33.38150684744732,2.725220057389868],[33.38111773576658,2.726039015820957],[33.38257166592905,2.726348139548472],[33.380860107244644,2.727661247368474],[33.380279010383816,2.729471511888663],[33.38135724833155,2.730036240764039],[33.380150525940834,2.731402298396057],[33.380838932701046,2.732373373446433],[33.37908377367235,2.731597445918229],[33.37864398417518,2.734415510391853],[33.38061504594377,2.7458733437604406],[33.38225893591579,2.748781270671054],[33.38225894849984,2.7487814159426054],[33.38225895986556,2.748781436044803],[33.3824095764584,2.7505202809489266],[33.38364392114713,2.764769685943235],[33.387258846262675,2.766950654376488],[33.389494986550034,2.773226798798276],[33.39115222847947,2.775225442711631],[33.38732078448945,2.779646189654178],[33.3871530370775,2.780043319524977],[33.38407547724983,2.7873306329862304],[33.38660884890523,2.786868496894642],[33.386608933636154,2.786869089758878],[33.38661075254123,2.786868757988688],[33.3868453820669,2.788510851618735],[33.38862328413753,2.788376742208823],[33.388592535832444,2.7882051959947973],[33.38847554622375,2.787556597841722],[33.38847623240041,2.787556333776596],[33.388476186742366,2.787556079048287],[33.38854414889759,2.7875301970984245],[33.3893794959754,2.787208725900095],[33.389380251238265,2.787211785200039],[33.38938093950972,2.787211523086408],[33.389830720479736,2.7890330478370786],[33.39266014546922,2.792131381406911],[33.39606967192016,2.793329846676354],[33.39679068747588,2.792523732669064],[33.398142473658794,2.7945319648228586],[33.398575008164016,2.7945701634598716],[33.40001725930503,2.794695928933632],[33.400019018144334,2.794697689038559],[33.40001972496573,2.794697751460432],[33.40036560083793,2.79504452112585],[33.40095409445584,2.79563343821153],[33.400958336038336,2.795633424319418],[33.40203981003925,2.7953247594891595],[33.402279209082906,2.794735268726573],[33.40327939761168,2.7949709672691765],[33.404487946862176,2.794626033734992],[33.40448784400806,2.794631384164243],[33.40449063991409,2.794626328247905],[33.40446569174244,2.7958753723904777],[33.405746709221205,2.796022059035935],[33.405746660644354,2.7960229772338043],[33.40574816956619,2.796023147664695],[33.40570110386766,2.7969179166674727],[33.40686186842699,2.796725823109313],[33.407072677530536,2.7972492439150565],[33.40763163974599,2.7973841537291837],[33.40825083856836,2.797094900077082],[33.408746572777474,2.797653251360263],[33.408840176067805,2.797675843231684],[33.40882978954699,2.797746979388688],[33.40888910068407,2.79781378222151],[33.408324504813486,2.8012076198454583],[33.408313011395336,2.8012863370225163],[33.40960589335046,2.801604243262025],[33.4096060291941,2.801604673308201],[33.409606932232954,2.801604894526925],[33.41006512232691,2.803056276218427],[33.41006463745893,2.803056509578933],[33.41006477313505,2.803056939094761],[33.4091547208203,2.8034960300670386],[33.410464866780046,2.804674307946895],[33.4098690511979,2.8047649669935257],[33.409839551812794,2.804769666056875],[33.409916547306004,2.805717356769911],[33.411170012574416,2.806003192529733],[33.41117015232715,2.8060035585427823],[33.411170858578416,2.806003719434116],[33.411556528145525,2.807014899556796],[33.41168474715486,2.8069593937800987],[33.41220449719931,2.806733739098192],[33.4122041752019,2.806734534320184],[33.41220427502156,2.806734491108436],[33.41219790912497,2.8067500093583218],[33.41193088761274,2.807409459941324],[33.41205455097097,2.807469311077563],[33.41260340965581,2.807734045830713],[33.41260283029982,2.8077346697195753],[33.412605172021,2.807735803076098],[33.41135858170864,2.809074724458083],[33.411317664758634,2.810220936698099],[33.41130891772282,2.8104665958766417],[33.41340029959153,2.814839553852083],[33.41739728248722,2.817886404331909],[33.417811332145874,2.8179361053259515],[33.422354420628665,2.818478013078694],[33.42235347339618,2.818481327210585],[33.4223587694906,2.818481962934228],[33.42205332010707,2.8195314892349934],[33.422027088394906,2.819623267499469],[33.42251186705084,2.8203204141326954],[33.42333319497103,2.82149954847227],[33.423332229521726,2.8215001544690566],[33.42333316317716,2.821501497132835],[33.421946368046456,2.822371981521381],[33.42351638141077,2.823310248916171],[33.423516509590456,2.8233109224347834],[33.42351709578006,2.823311272425705],[33.42378677352042,2.8247310210312504],[33.42416949007839,2.8267420006203583],[33.42488789658069,2.827247448826404],[33.425305695029756,2.8267526848043056],[33.425439235871195,2.826593451678266],[33.42511127754159,2.826144733925504],[33.424955254200796,2.825933437058725],[33.426048467469656,2.8239039475789],[33.42823979124056,2.82644618804088],[33.4311386085925,2.827757721973413],[33.431063064156625,2.8281892571552016],[33.43096887752732,2.828733228089488],[33.431651963241094,2.8287136990629596],[33.43205977972581,2.828701508489044],[33.432058774205636,2.828702068572147],[33.432060887177784,2.828702008163492],[33.431243153017654,2.829156576264459],[33.431115108637414,2.8305402641229245],[33.43211041197709,2.8307298430241334],[33.4324138466925,2.830786840360466],[33.43209189709021,2.8316349954661897],[33.43249223644639,2.831666354457682],[33.43421120722404,2.831800584946447],[33.434211428841124,2.8318010205574495],[33.43421250746715,2.83180110504733],[33.434464376513745,2.8322982150244633],[33.4345609526918,2.832488045359242],[33.4358470000144,2.832180748817812],[33.43611072005521,2.832117609042169],[33.43611073055486,2.8321177313210772],[33.436112107050185,2.832117402412299],[33.43616466756644,2.832739617975613],[33.43643191565191,2.8327248850806224],[33.43706444933923,2.832689309449258],[33.43706400502904,2.8326900391568373],[33.43706501146831,2.832689983673693],[33.43664721152799,2.8333820293714287],[33.43774274223931,2.833296681960984],[33.43774274648281,2.8332967797415214],[33.43774315881501,2.833296747178088],[33.43781616143299,2.834983051990651],[33.43839243332098,2.834783201064196],[33.439192645208024,2.834504109941098],[33.439192957451944,2.83450557952381],[33.43919576010825,2.834504607563403],[33.43946192872866,2.835771498607486],[33.43946980551013,2.835808570848416],[33.441150309945314,2.836369870802458],[33.440190227272765,2.83764557483322],[33.441118349595875,2.838519807053762],[33.44156703349081,2.84014710779506],[33.44168262240241,2.840356990113101],[33.441653281170474,2.840459913569069],[33.4416995167729,2.840627602293706],[33.44121269716251,2.8420053983951936],[33.44120985960856,2.8420153519942715],[33.4412101234634,2.84201562494839],[33.443406382165264,2.8426803502651152],[33.443475062844136,2.842679465488654],[33.443507208447734,2.842710866607516],[33.443565867899665,2.842728620628357],[33.44408700073847,2.8432772310430994],[33.44490085247902,2.844072234165863],[33.44654264003871,2.843194891107299],[33.44854966753419,2.845963471372436],[33.45331262735607,2.846047702064714],[33.457161256772544,2.843468017342784],[33.46052549405771,2.838824695804067],[33.462585481109684,2.838324040006837],[33.47283346064467,2.842184370234647],[33.473360757389564,2.830199011561179],[33.470541514182564,2.827415126373341],[33.470300967722146,2.824517654292446],[33.44241381388857,2.810336124280237],[33.43321602246062,2.806866043467584],[33.43454126177019,2.80267930153499],[33.43406450014611,2.799875336545623],[33.43496776189165,2.798491209646113],[33.44069136375288,2.794906409283863],[33.442644218909294,2.794959410366235],[33.444858181669424,2.7917953647793388],[33.444863194744805,2.791787465298735],[33.44486756192785,2.7917855895044617],[33.45002066828905,2.789142443222179],[33.452258876562674,2.788610868974008],[33.4556568046014,2.787151389512169],[33.458936742556496,2.7850306850867184],[33.46008527080235,2.7840010174032264],[33.46039579901377,2.783180409386151],[33.455933631557194,2.782499310001542],[33.45593323191948,2.782496664203588],[33.45593317566226,2.782496658040916],[33.455617515506326,2.7804064664762245],[33.45399284129282,2.769650325182154],[33.45673124184649,2.7687678336435835],[33.459339204119416,2.76610294335845],[33.46272742244624,2.76264074793033],[33.46366285362301,2.761232007799489],[33.46830457356699,2.754241239856284],[33.46519252260461,2.7519248991690373],[33.46452908582889,2.751431196385965],[33.45797059980507,2.743175876059378],[33.4577349359833,2.742003501574972],[33.45890126031769,2.741315333533803],[33.458609831687276,2.739696615552937],[33.46147965671536,2.738961735178948],[33.46100152292259,2.734323441431766],[33.46005240622933,2.731619211416592],[33.45775210422537,2.729901970504289],[33.45774084553356,2.729885574617643],[33.454136280349516,2.724683495685083],[33.45236772693281,2.7194866439008503],[33.45235953993963,2.71946438829189],[33.44802265192115,2.717945812300657],[33.446708199196536,2.716096929631973],[33.444388672964756,2.7145428273535512],[33.44335732094874,2.713852025524897],[33.44335733655802,2.7138518232003928],[33.44335581546479,2.713850804055007],[33.4436141461885,2.710523105884947],[33.44361733358002,2.710481791525583],[33.44105430096474,2.709160211443492],[33.44105365478732,2.709159422989253],[33.44105364033455,2.709159415540136],[33.44105360458717,2.7091593617359155],[33.43921365053286,2.706914282389711],[33.43511297566557,2.700219095513916],[33.436843451643874,2.698653516590711],[33.43401850998174,2.695286384402562],[33.432470527655205,2.6922245705641847],[33.43080338077593,2.6897738079120006],[33.42659016727091,2.6846513540110815],[33.426590001783175,2.684651166924116],[33.42350113307296,2.683330512720978],[33.41913252925727,2.679241289423749],[33.416745132641026,2.677006759856984],[33.41674520855937,2.6770066424226266],[33.41673993786194,2.677001708796319],[33.41677291129035,2.6769637904279193],[33.41751621621232,2.6758140085310385],[33.41740073682176,2.6756463534880677],[33.41418001070436,2.672854751862215],[33.41417661740825,2.672852148297275],[33.41203020954355,2.666841691105464],[33.394807581291886,2.6668256816285343],[33.39353884195467,2.6694333261815872],[33.39433763336317,2.669849227659891],[33.390254141984485,2.676297038343419],[33.38873700173195,2.682560332801815],[33.38303179359041,2.6908775313163407],[33.382815744578686,2.6911924999826753],[33.382476718564654,2.691866002642601],[33.376971478917376,2.7028030122913553],[33.37864337018207,2.706851018920589],[33.378644686192246,2.706852172721173],[33.38374335550614,2.710941967063581]]]}},{"type":"Feature","properties":{"n":"Lokole","c":"322107","d":"Agago","od":"Agago","dc":"322","k":"LOKOLE","a":["LOKOLE"],"lat":2.880053,"lon":33.294514},"geometry":{"type":"Polygon","coordinates":[[[33.24349620969144,2.918076834137791],[33.24606281615919,2.918981724992359],[33.245920690191944,2.921612929853386],[33.24765892464322,2.923602892330738],[33.24915763193089,2.922923967161779],[33.24961107196608,2.923882916147692],[33.251820832315126,2.924370962007365],[33.25255982291126,2.921458206607106],[33.254059088624004,2.923963337932998],[33.25600906349335,2.922869912318027],[33.25789085080775,2.922958353372297],[33.258689397184746,2.924195631932337],[33.25783302560472,2.925057171022331],[33.25823750111263,2.92555465738034],[33.263736686374195,2.925770852104955],[33.26490455929586,2.927235843463087],[33.26759425865596,2.928139570002426],[33.26932242251057,2.932889185190574],[33.278554511489475,2.940576206717761],[33.27917123464363,2.942100144786442],[33.28163375521062,2.942718388833519],[33.282347964040746,2.941192857653133],[33.28366644542693,2.940670825663317],[33.28499593004387,2.94247947491182],[33.28589542568948,2.942004232004543],[33.28793245388151,2.942812415394509],[33.28883217279571,2.944240084927015],[33.290490458833524,2.944098827228534],[33.291863560384094,2.945365663651992],[33.29608137929411,2.937378334275193],[33.29913878979174,2.928485597595045],[33.30562854533453,2.928624258388855],[33.309924858928206,2.924661248442842],[33.3112941206643,2.924638885006867],[33.30712966167697,2.919595401212152],[33.324371390706055,2.911790493741449],[33.33557656583583,2.910035176145401],[33.34001193650381,2.908448934515675],[33.344349631104855,2.904287965017394],[33.34543334381953,2.907125277340048],[33.34694879651603,2.919316497406343],[33.34783706804778,2.92268614843982],[33.34892100614842,2.923378904782295],[33.348561310516125,2.926914855508433],[33.35036947478312,2.929260102289988],[33.35368779924893,2.93084413146825],[33.35668012237506,2.933751552865465],[33.3602305542786,2.939960958357001],[33.35970644387611,2.943562714141841],[33.36476684693382,2.949375219530487],[33.36479400015849,2.950681337947596],[33.36599606869789,2.950860586937461],[33.36684349894524,2.952367091668599],[33.366541911139066,2.95446428080309],[33.36883332768649,2.954528526738017],[33.37047713738469,2.953083583755859],[33.37463453554703,2.953829511607796],[33.403368514603244,2.94024903224796],[33.422978702787326,2.911567372248769],[33.416648242444516,2.907996622338256],[33.41142179293688,2.902782543791126],[33.410089048313324,2.895892645270226],[33.40587903818584,2.885381787961306],[33.40449598358886,2.876673245712262],[33.40651789441395,2.876711711791453],[33.407400069037124,2.873048493106073],[33.41089530360959,2.86834257596726],[33.40254043667922,2.865269742003073],[33.40251986226515,2.865262707542107],[33.40145204563102,2.86546763229232],[33.40102728520498,2.865549282495882],[33.40102717019949,2.8655491701602402],[33.40102681061419,2.865549239168276],[33.394073068933885,2.858756552392446],[33.3939087436563,2.858679404707498],[33.39210143883186,2.857832286149141],[33.391771552160066,2.8565437582585274],[33.391769346124256,2.8565434475700457],[33.38674482102339,2.856281284810948],[33.3840409344624,2.855455011710622],[33.379570217547204,2.85482537539973],[33.37926653665409,2.8552748676526765],[33.37596346383411,2.860164121726301],[33.372566055464546,2.86277662407542],[33.36968570430454,2.862275524891042],[33.368485379673125,2.863915315672868],[33.364764595041414,2.865033202406456],[33.366192455149566,2.866655329970887],[33.36231021019486,2.875777204351868],[33.363224288168134,2.883389576390241],[33.355174530341685,2.881157051532856],[33.35511321548568,2.8811400489702326],[33.35492923058104,2.8811277425700994],[33.347999662217696,2.880664365295927],[33.34799954705421,2.880664229226742],[33.347998715875256,2.880664173630764],[33.347027223045274,2.879516538376939],[33.34688025269459,2.8795430987125887],[33.341235612955685,2.880563498463108],[33.33956966894519,2.878802675622808],[33.336085509944944,2.877018104633916],[33.33608535569169,2.8770174394879375],[33.33608525894972,2.8770173899244],[33.33532227125079,2.8737269900017974],[33.334553661317074,2.8704127143779075],[33.33422549616142,2.8700129985853198],[33.330850962804924,2.865903061027916],[33.32864906207105,2.860962793206722],[33.32749046383025,2.86068267674018],[33.32749016939764,2.860680999654199],[33.32748968780372,2.860680883051924],[33.32708804533336,2.8583906072239196],[33.324735790824164,2.854703378173791],[33.32438438983245,2.8508623470653025],[33.32425998644341,2.8495053451758765],[33.32310585909447,2.848826108085449],[33.32115881930159,2.842697536546911],[33.3192255523201,2.841346272428672],[33.319225434003194,2.841345884197009],[33.31922534251109,2.841345820278179],[33.31876706572911,2.839841846535095],[33.318190332331675,2.837949418983544],[33.31817948444661,2.837935669773957],[33.31529613491566,2.834282561718057],[33.31529715880328,2.8342824508169278],[33.315292988491635,2.834277165133264],[33.315759663924545,2.834232355143089],[33.31585215437034,2.834222337154114],[33.312569746092024,2.833253721777338],[33.311712091330925,2.833679908774131],[33.30704022112479,2.8310791264783775],[33.30684041696079,2.8309679194259476],[33.300621301144304,2.830533331859684],[33.30041286384656,2.830518768899635],[33.30041285918886,2.830518766078181],[33.30041260029095,2.830518747986572],[33.29549598545953,2.827540876144599],[33.29112370680631,2.8268797157340133],[33.2905859835791,2.826798436052298],[33.290585908725355,2.826798391823024],[33.29058556323101,2.826798339578599],[33.28891029093802,2.825808450524346],[33.288018456774196,2.8073918757090097],[33.28797917433071,2.806583418395476],[33.287806703459765,2.807814094300748],[33.28670343207948,2.807971580905212],[33.2875800068924,2.808941131515799],[33.286382866305985,2.809304206394357],[33.28547596690542,2.811811466981135],[33.284499230995586,2.811639988754342],[33.283821877744984,2.813040336038928],[33.28266230441738,2.812649518371918],[33.282021202642795,2.81341219215321],[33.28157742367723,2.812016657353488],[33.27864414716744,2.811370408361431],[33.27877081389112,2.810387897634381],[33.27574891206246,2.811562549157543],[33.276607372778535,2.812765096216627],[33.27584396889105,2.813688910787345],[33.27478704281794,2.813805926812047],[33.27340156310312,2.812113593871452],[33.27315874153562,2.812790996540558],[33.27420561201944,2.813801998636722],[33.27355199445171,2.814462529379101],[33.27296505555114,2.813313986365205],[33.27192490381053,2.813734882658859],[33.27141440940239,2.813001180804176],[33.271524683118656,2.815312778688866],[33.270255907036386,2.815018023165905],[33.270672818509176,2.816227449047631],[33.26974673651727,2.816727151963291],[33.2706842761579,2.81819350887242],[33.269357720329104,2.819935608303156],[33.270790282625114,2.821887220154491],[33.26810620796106,2.823384061567055],[33.26791631892079,2.825506521539726],[33.26679695558303,2.825392813316728],[33.267368881897546,2.826756982062716],[33.26589298824322,2.82867666386144],[33.26332174460047,2.828695473760314],[33.25959602575239,2.826506730999403],[33.259230746857185,2.825437796559423],[33.25760320381848,2.824667270842036],[33.25683607526426,2.825153829711119],[33.25468657421354,2.823475182380713],[33.25295429386402,2.825451790493417],[33.250777294697436,2.824124355899605],[33.250095587771945,2.822991778265724],[33.25048781912396,2.822185491633751],[33.249522111259,2.821881466250304],[33.25011217454875,2.834702396230564],[33.253768713304105,2.836491408891265],[33.25383356494344,2.83991536712152],[33.24977873190527,2.843325361026677],[33.251118223136885,2.848440372610562],[33.25030346514054,2.858374716415535],[33.250698100333565,2.878148625815991],[33.24740522306766,2.88073706955388],[33.24444924578241,2.885626817288298],[33.24326608756237,2.886354572526737],[33.24537038168869,2.892697347167638],[33.24543682636358,2.89567105908957],[33.24419120426074,2.910010189595654],[33.241089005858655,2.91739443365406],[33.242688012059126,2.918917607062478],[33.24349620969144,2.918076834137791]]]}},{"type":"Feature","properties":{"n":"Patongo","c":"322108","d":"Agago","od":"Agago","dc":"322","k":"PATONGO","a":["PATONGO"],"lat":2.736849,"lon":33.347602},"geometry":{"type":"Polygon","coordinates":[[[33.2451598299,2.6998395545],[33.2531815635,2.7100520357],[33.2649021769,2.7229850234],[33.2648691029,2.7284182649],[33.2642141328,2.7295216859],[33.2650492905,2.7426631389],[33.2585440562,2.7436723724],[33.2585202038,2.745721964],[33.261851806,2.7478293207],[33.2642685735,2.752513998],[33.2666260226,2.7514499441],[33.2650045933,2.754668708],[33.2643150244,2.7596170307],[33.265731424,2.7606861966],[33.265849294,2.7658512522],[33.2674944571,2.7658440914],[33.267639483,2.768330488],[33.2692222115,2.7686313677],[33.2713625803,2.7731740095],[33.2725507229,2.7782736109],[33.2640251493,2.7827635993],[33.25856618417933,2.8251231734607223],[33.259230746857185,2.825437796559423],[33.25959602575239,2.826506730999403],[33.259608743501225,2.826514202277253],[33.263490396932326,2.82869423998641],[33.26589298824322,2.82867666386144],[33.267368214747634,2.8267578498186947],[33.2667965974,2.8253957086],[33.266798239823665,2.8253958765101665],[33.26679695558303,2.825392813316728],[33.26791631892079,2.825506521539726],[33.26810620796106,2.823384061567055],[33.27020813600078,2.8222118687893287],[33.27079017053719,2.8218870674545933],[33.269357720329104,2.819935608303156],[33.2706833998688,2.818194659659069],[33.2698932044021,2.816956234751451],[33.26974673651727,2.816727151963291],[33.269746958342665,2.8167270322689264],[33.2697468906,2.8167269261],[33.27067279400797,2.8162273779716527],[33.270566283768254,2.815918400529219],[33.2702553342,2.8150185995],[33.27025617281238,2.815018794160197],[33.270255907036386,2.815018023165905],[33.27152454612584,2.815312746863401],[33.271500380979006,2.814803348368518],[33.27141440940239,2.813001180804176],[33.27141492375814,2.8130019200556893],[33.2714148745,2.8130008817],[33.271911362851654,2.813715421081055],[33.27192490381053,2.813734882658859],[33.27197141442758,2.8137160621872215],[33.2729646027,2.8133137798],[33.272964767637966,2.813314102868965],[33.27296505555114,2.813313986365205],[33.27355190110469,2.814462346714321],[33.2742053634634,2.8138017585968313],[33.27315874153562,2.812790996540558],[33.27340156310312,2.812113593871452],[33.273403025211,2.8121153798040126],[33.2734035241,2.8121139996],[33.274787080209336,2.8138059226723136],[33.27584381794495,2.8136889274991215],[33.27660730119131,2.8127649959359693],[33.27648102156709,2.812588101189496],[33.2757483085,2.8115632327],[33.27574916290366,2.8115629005403577],[33.27574891206246,2.811562549157543],[33.27877081389112,2.810387897634381],[33.278770773181954,2.810388213401563],[33.2787713414,2.8103879925],[33.27864461988308,2.811370512508451],[33.28157742367723,2.812016657353488],[33.281577467151095,2.8120167940640988],[33.2815776113,2.8120168258],[33.281996012420606,2.8133329774215334],[33.282021202642795,2.81341219215321],[33.28266230441738,2.812649518371918],[33.283821286955465,2.813040136921738],[33.2843573060161,2.811933401769574],[33.284499230995586,2.811639988754342],[33.28449939888226,2.8116400182289514],[33.2844994683,2.8116398749],[33.28457586846408,2.8116534434221507],[33.28547549752748,2.8118113845759556],[33.28614873536193,2.809951496808063],[33.286382866305985,2.809304206394357],[33.28638306146001,2.8093041472070537],[33.2863831386,2.8093039341],[33.287579563034214,2.8089406405788417],[33.28670343207948,2.807971580905212],[33.286704362339975,2.807971448115067],[33.2867036266,2.8079706345],[33.287282249914725,2.8078889574844426],[33.28780609600761,2.8078141810115786],[33.2878415908,2.8066239888],[33.287972598682515,2.8066303393146126],[33.28797917433071,2.806583418395476],[33.28798147509624,2.806630769592501],[33.28798160002734,2.8066307756484474],[33.28797930672493,2.806583418441193],[33.28849375326716,2.8066556019151636],[33.29060145457528,2.806757771248021],[33.290610341854446,2.8065732401419146],[33.2878682411,2.7994934223],[33.2830691166,2.7913670513],[33.2815309878,2.7902237856],[33.2804764872,2.7904269821],[33.2775539578,2.7870830752],[33.2734287412,2.7854787254],[33.275618634,2.7783548271],[33.2773299759,2.7783935266],[33.2782473196,2.7729571454],[33.2827078015,2.7723569372],[33.2812548405,2.7679989384],[33.2816803483,2.7579773606],[33.2865600644,2.7567745546],[33.2853434734,2.7529423524],[33.2821554608,2.7491766112],[33.2779309533,2.7465554433],[33.2797172303,2.741412756],[33.2819786881,2.7413210446],[33.2835887865,2.739288095],[33.2851764565,2.734871652],[33.2943624012,2.7339493917],[33.2988626651,2.7320312127],[33.3003247219,2.7306451652],[33.3022237808,2.7334025313],[33.3061445501,2.7365057733],[33.3060666104,2.7385080625],[33.3096757441,2.7396862137],[33.313071046,2.7342652777],[33.3174365171,2.7327077386],[33.3241773524,2.7374663163],[33.3258147604,2.7427097827],[33.3284443786,2.7443614498],[33.3332159305,2.7457736228],[33.3438027194,2.7455740389],[33.3517504162,2.7487212508],[33.351835834085165,2.748468339330855],[33.35169496707815,2.747747641863015],[33.352486231396945,2.746541803852912],[33.35298927007806,2.746636650182987],[33.35404000822861,2.7468337156447604],[33.35379212493066,2.745077324106596],[33.35388833550838,2.7450716340967074],[33.3538727836,2.7448922339],[33.35514160966507,2.744996877951003],[33.355244711181584,2.743865389748427],[33.355320488519716,2.7438730294510765],[33.3553260401,2.7438379144],[33.358748525173,2.7442186364801517],[33.358810876967304,2.7442249226493405],[33.35929772051599,2.7436282431766523],[33.36028190783007,2.742420687820505],[33.36142364230294,2.7424135554803493],[33.36207300694607,2.742409309257441],[33.362622952244216,2.741013762105252],[33.36276620885707,2.7409905642938104],[33.36374295198161,2.74083184293468],[33.36373846534559,2.7408241740804944],[33.3630620323,2.7398423262],[33.36312173428915,2.7397700166838748],[33.363072657989484,2.739686132235775],[33.36351354017805,2.7392954714527638],[33.3637308712,2.7390322457],[33.36379239089846,2.739048384943926],[33.36388644157482,2.738965047690066],[33.364894291494075,2.7393371764606824],[33.364947345440385,2.7392505527131807],[33.365423812237076,2.738471783798795],[33.365424155734935,2.7384720414537096],[33.3654242684,2.7384718575],[33.36600423484828,2.738907154022183],[33.36655565548017,2.7393207700995887],[33.36681249608838,2.7393207697890647],[33.368456980006776,2.739320206070659],[33.369349154093335,2.7381964533528493],[33.3696833337,2.7377749862],[33.36968368885846,2.737775084522286],[33.36968406729178,2.737774607860297],[33.370097097249,2.737889532757589],[33.371192489098085,2.738192781716634],[33.37220534584278,2.736271501354758],[33.372205836309334,2.736272416457443],[33.3722064139,2.736271321],[33.37253368767307,2.7368841149721135],[33.372748101650544,2.737284164281211],[33.37306119274758,2.7370068175474187],[33.3736902068,2.7364480855],[33.37369137226451,2.7364485831154095],[33.37369250343638,2.736447581084922],[33.374479651172365,2.736785152550843],[33.375469870690274,2.7372079440536647],[33.3763670223186,2.73607638588928],[33.37641688134952,2.7361271210641864],[33.3764795851,2.7360553004],[33.37709248332018,2.736813672186987],[33.37865069549718,2.73541506877935],[33.37865187629533,2.735421355626068],[33.37879502153328,2.735293494486067],[33.37864398417518,2.734415510391853],[33.379082780607796,2.731603809235104],[33.3790829649,2.7315983952],[33.379083582989075,2.731598667770438],[33.37908377367235,2.731597445918229],[33.38027645923722,2.732124712990413],[33.38083829752122,2.7323724774539557],[33.380150525940834,2.731402298396057],[33.380150947549396,2.731401821118437],[33.3801507774,2.7314015812],[33.381355808529825,2.730035486665551],[33.380279010383816,2.729471511888663],[33.38027927914024,2.729470674644041],[33.3802792781,2.7294706741],[33.380280778569904,2.729466003539262],[33.380860107244644,2.727661247368474],[33.38086073023862,2.727660769407494],[33.3808608981,2.7276602469],[33.382570894540216,2.7263479755415627],[33.38111773576658,2.726039015820957],[33.38111783012786,2.7260388172199645],[33.3811176264,2.726038774],[33.38117451169688,2.7259195202388327],[33.38150684744732,2.725220057389868],[33.380236529310146,2.724389911306464],[33.380238275609464,2.7243897387751117],[33.3802371144,2.724388979],[33.38101856848205,2.7243124962119802],[33.38106629243325,2.723260622047406],[33.38106716971414,2.7232608007392436],[33.381067196,2.7232602299],[33.381964629405616,2.7234434668856373],[33.38194718760001,2.7230446329960927],[33.3818683259,2.7212490404],[33.381868662644735,2.7212490383160635],[33.38186864653127,2.721248669856652],[33.38187536509523,2.7212489968381117],[33.383811316058335,2.7212370162527],[33.38371059603769,2.719972442722716],[33.3824317385,2.7202979666],[33.382035141344495,2.7198501375598902],[33.38184663735039,2.719836452144182],[33.381788663889246,2.7195718204800503],[33.3816993187,2.7194709338],[33.381416639416564,2.717873639047531],[33.38123442307582,2.717041875469373],[33.38125314971136,2.7169498315260525],[33.3812432851,2.716894091],[33.3814499038107,2.715982758549904],[33.381465826134324,2.715904498178469],[33.38146767538333,2.715904373534494],[33.3814679653,2.7159030948],[33.38208778255721,2.7158625767710656],[33.382525902493505,2.715833046399378],[33.38161104047636,2.7129715924622175],[33.378929404407565,2.7116418376861877],[33.37892869907394,2.711641623941312],[33.37346970120452,2.711643286310646],[33.3700662605342,2.7066775138067203],[33.368739192150215,2.7047413646560234],[33.36650228452602,2.7030189666165683],[33.36353269290032,2.7007325462455385],[33.35318583087644,2.69891784620782],[33.35047088680038,2.6988787206393763],[33.347783734879485,2.700790896131609],[33.350070203545606,2.704336524174616],[33.34783166942974,2.705181144603718],[33.34763576295064,2.705255352105792],[33.34614215015241,2.70814666702279],[33.34614119809331,2.7081470703373833],[33.3461410605,2.7081473366],[33.34195531696711,2.709920307876568],[33.340659588369924,2.710469208937028],[33.34063269090069,2.7104874920002837],[33.33638529225326,2.713380173838625],[33.335156477364656,2.710933677927093],[33.33561659267294,2.706360188186297],[33.33489095550594,2.703201274785971],[33.334890968649965,2.7032012085326467],[33.3348909612,2.7032011761],[33.33491615399358,2.7030742601150535],[33.33573469493078,2.698948349495512],[33.333024518038954,2.691622798192455],[33.33421584391005,2.6889854645171494],[33.334208271076044,2.6888438560876677],[33.33383713414312,2.68191052399341],[33.330475213017486,2.679135075678881],[33.329392064862,2.67824101455418],[33.323783060634085,2.676741284881809],[33.32346332900832,2.672095240639571],[33.32181808285684,2.668724550698693],[33.31597540142336,2.667531995021657],[33.316815818509156,2.670887840201076],[33.315675616282086,2.671672276434833],[33.30536000127034,2.674420320972887],[33.302971194060255,2.6711317270912986],[33.30233290910889,2.6702535426010567],[33.30048732499778,2.66974218067072],[33.300470629801715,2.673020032706203],[33.29457988528334,2.672746431166154],[33.2903669155862,2.673914681134998],[33.288232716416715,2.671934745967989],[33.28787012141384,2.669584864553743],[33.289177343518446,2.66614270414539],[33.28916784928188,2.666138962328832],[33.2824655081439,2.6646443909041944],[33.278595423277366,2.664018261691624],[33.27950706245152,2.66488284034277],[33.27526535146823,2.6660491886281084],[33.2740076751,2.6663950189],[33.27400766047393,2.6663950174081625],[33.27400677224509,2.666395261645496],[33.27098246634696,2.666086469928592],[33.271564007837846,2.6629692674688092],[33.270320279744276,2.6636253064539153],[33.26201316543357,2.668008729495301],[33.26139947176806,2.666825042614059],[33.25850153172804,2.665082546097854],[33.258500937501644,2.6650808248580766],[33.2585004596,2.6650805373],[33.25461365988652,2.653821035493598],[33.25228994315806,2.650527104638958],[33.2522248586,2.6504348509],[33.25222485550185,2.6504348411386647],[33.252224739033686,2.650434676041913],[33.25116528511431,2.647096535424349],[33.25116227428048,2.6470935325755303],[33.2490498275,2.6450102011],[33.2480991765,2.6466455996],[33.2419319174,2.6519945665],[33.2405818735,2.6549719184],[33.2409511089,2.6585741632],[33.2450578666,2.665327547],[33.2389128809,2.6714670431],[33.2401838174,2.6757294192],[33.2370478943,2.6812567156],[33.2362442222,2.6866811018],[33.2420883216,2.6941973581],[33.2451598299,2.6998395545]]]}},{"type":"Feature","properties":{"n":"Patongo Town Council","c":"322109","d":"Agago","od":"Agago","dc":"322","k":"PATONGOTOWNCOUNCIL","a":["PATONGO","PATONGOTOWNCOUNCIL"],"lat":2.768376,"lon":33.304443},"geometry":{"type":"Polygon","coordinates":[[[33.27755374372113,2.7870829919419733],[33.2775539578,2.7870830752],[33.2804764872,2.7904269821],[33.2815309878,2.7902237856],[33.2830691166,2.7913670513],[33.2878682411,2.7994934223],[33.28923863413119,2.803031634022123],[33.290619007265526,2.805641301534577],[33.29065525154755,2.8056407572984803],[33.29065669849114,2.80561071367133],[33.29371062991745,2.804960078883864],[33.29381477338415,2.8048818208774806],[33.293227778208276,2.8036395129307525],[33.29321971730853,2.803624692686533],[33.29322097753353,2.803625120082858],[33.29322042780167,2.803623956638445],[33.29323049250005,2.803628347015923],[33.29463019851807,2.8041030473338684],[33.29476539156351,2.8039331204875144],[33.294906366188606,2.802998470807771],[33.29483647224257,2.802605332516324],[33.29497302099849,2.802556555131976],[33.29502240834319,2.802229121270187],[33.29569765127469,2.802297705688389],[33.296187790744185,2.802122620085253],[33.29679912907417,2.802409582778123],[33.29742319608808,2.802472969258857],[33.29702624227158,2.801210731939375],[33.29779769358473,2.80121406714042],[33.29807083350563,2.8003595111047406],[33.29816817026503,2.800054096402625],[33.298166922629974,2.8000516727167857],[33.297433130316776,2.799083020154297],[33.29767343456703,2.7990930109493197],[33.297578708915765,2.798908994623319],[33.29939272116639,2.7991637669278226],[33.29847890175717,2.798044381205973],[33.29847915594598,2.7980437547824932],[33.29847889723751,2.798043437940975],[33.29905903263213,2.796614705338808],[33.29907640853171,2.796571884131781],[33.29808062633869,2.796546888198702],[33.29808049453144,2.796545742052241],[33.29808004415679,2.796545730232828],[33.2979164063178,2.795119476423016],[33.29791647352312,2.795119476796299],[33.297916443950605,2.795119219644795],[33.298423546624456,2.7951222932691087],[33.29871131857729,2.7951238916616843],[33.29971199169853,2.79351777261717],[33.29971233147578,2.7935182555850417],[33.29971278240076,2.793517531358666],[33.300117692404065,2.7940921785116943],[33.30210541244611,2.79309876710859],[33.302200420716346,2.792815302616508],[33.30246131788373,2.792034892842801],[33.30246197455334,2.792034936598162],[33.302462094919385,2.792034577476797],[33.30297773197474,2.7920693026654497],[33.3037385919022,2.7921200004593723],[33.303709131495566,2.7908141086431826],[33.30369863841759,2.790357846800056],[33.30369883959354,2.7903578993723857],[33.303698833876666,2.790357645960544],[33.3039525207577,2.7904241926350726],[33.30463530491288,2.7906026212918045],[33.304806362982276,2.7890133306302722],[33.303618689558334,2.787911757313348],[33.30361937987419,2.787911446038384],[33.30361891133075,2.787911011653475],[33.305070975206405,2.7872568974289984],[33.305097311167664,2.787245022103666],[33.30345797968336,2.786416933402472],[33.304172830244966,2.786200385344925],[33.30581340396929,2.7857031647061095],[33.3036006932087,2.783806552242254],[33.303643284572,2.7837245377376916],[33.30351569649565,2.783608224496412],[33.304170821941845,2.782708704651401],[33.30417164558906,2.782707118625194],[33.303165371655545,2.781253480796012],[33.3033534641666,2.7806722624223577],[33.30328670614391,2.78050627129406],[33.30344148926815,2.7804002590018935],[33.30350350489128,2.7802086266003],[33.30363823698462,2.7802655047998304],[33.30393624365456,2.780061397470205],[33.30558401636428,2.781086828570105],[33.30580493241497,2.7808240545505187],[33.30682446147341,2.779610840244465],[33.306824857630815,2.779610879465199],[33.30682500160355,2.779610708213299],[33.30771802864665,2.7796993059899386],[33.31025419863987,2.7799503941854526],[33.30959089540503,2.778247431408128],[33.31039756312999,2.77636575392165],[33.31039777492879,2.7763658008565044],[33.31039841010344,2.77636431925149],[33.312601908690624,2.7768540204963927],[33.31372786981354,2.773848482462754],[33.313561342130704,2.7732498365077505],[33.3133382661454,2.772451548303375],[33.31333902674047,2.7724506408015017],[33.31333881460433,2.772449878198911],[33.314805799639934,2.770699465018335],[33.31480664302981,2.770699558540794],[33.314807068460624,2.770699050939215],[33.31538641368321,2.770763848590659],[33.31572351917886,2.7708012298016587],[33.315723504287,2.7708003658109974],[33.31564656819806,2.769829326064042],[33.31570689339942,2.769836641547443],[33.31570601125081,2.769785461379267],[33.318573338605184,2.7701842480510273],[33.31858892884265,2.770186138639386],[33.31880897159766,2.7699726624693315],[33.31932928576659,2.769466606267492],[33.31933007990213,2.769467105242432],[33.319330449725285,2.769466746455652],[33.32043261274751,2.7701598219375256],[33.320657616070605,2.7697538917017073],[33.32085158776469,2.769403449380885],[33.32085172961342,2.7694036899574357],[33.320851871148726,2.769403434612507],[33.321579713618604,2.770634983677985],[33.32186634267648,2.7706609643672513],[33.32259496842632,2.770726160789729],[33.32279410932324,2.769971528693129],[33.32279528873695,2.769972095391823],[33.322795396783874,2.769971688511822],[33.32445285616611,2.770768191741004],[33.324316970283,2.769754400422246],[33.32431766369381,2.7697538679862768],[33.324317611865474,2.769753481597203],[33.32432374813757,2.7697491960419454],[33.32555107160786,2.768806794869849],[33.325597583233574,2.7688595531760516],[33.32574559275006,2.768756183743982],[33.32579557628282,2.7690841374118818],[33.32654332112492,2.7699323071056896],[33.32660828527312,2.769936955414548],[33.32790678246851,2.767678957283134],[33.32790767381055,2.7676794107195546],[33.32790828297756,2.767678232163374],[33.32881666635247,2.7681414600973477],[33.32846357402031,2.767053636433046],[33.328586685801625,2.7670059612315328],[33.32967251279424,2.766585321810963],[33.32967252185376,2.7665854697721053],[33.32967280853742,2.766585358753476],[33.32975720232551,2.767965391815412],[33.330242456477635,2.767230670348069],[33.33125628963444,2.7676811539065325],[33.331007855256594,2.766883669893529],[33.330933456827175,2.766645318412363],[33.33159875126796,2.766081388696374],[33.331598842245775,2.7660815835919066],[33.33159922183209,2.766081261703973],[33.33172842933234,2.7663591891321855],[33.33195502083808,2.7668446005959613],[33.33347024018648,2.765492327663617],[33.33347079580197,2.7654926437777743],[33.33347174866516,2.765491793420648],[33.33348470042467,2.7655005547308287],[33.3343079916207,2.765968961399866],[33.33412716905289,2.764822174150168],[33.334127670339726,2.764822176893441],[33.33412752682951,2.764821550388742],[33.3345930180234,2.764824723490661],[33.33547521276345,2.7648295512672916],[33.33635031368528,2.761650615345194],[33.33635131296946,2.7616502115312387],[33.33635138877951,2.761649936338313],[33.33764900483651,2.761124973415054],[33.33764995850185,2.761125424688911],[33.337650260446296,2.761125302672189],[33.339952190695506,2.7622146938499963],[33.34080634225681,2.7614290126085654],[33.34036797447232,2.760286893817998],[33.340369426763345,2.760286838923805],[33.34036873149621,2.760285023059562],[33.34173769967188,2.760235120476041],[33.341990656309484,2.760225559134464],[33.34185566865198,2.759662526383464],[33.341789118835614,2.759386717178698],[33.341789449715755,2.759386327577422],[33.341789271728025,2.759385585191613],[33.34265058490666,2.7583723671534472],[33.34309635908077,2.75784748165886],[33.34309655528899,2.757847743535606],[33.34309797120082,2.757846077907533],[33.34397635387881,2.7590209290375602],[33.345061889259696,2.757259009093066],[33.34506283914936,2.757259266661778],[33.345063404482175,2.757258349759324],[33.34752835334317,2.7578260842054894],[33.34727297888107,2.755958864117552],[33.347271610355904,2.755951900838598],[33.34727200126907,2.7559517161170985],[33.3472719448418,2.755951303538162],[33.35000982847804,2.7537870795065866],[33.349672426376024,2.752318584572018],[33.35002301014905,2.752252223289015],[33.350031781269905,2.751193405027069],[33.35003187497878,2.7511934060211094],[33.35003172535945,2.751193099972759],[33.35114631169733,2.751098985833914],[33.351166507144804,2.751003515843154],[33.35085501962915,2.748982580817045],[33.35085555902299,2.748982748628237],[33.350855460895914,2.748982532730679],[33.351967960954724,2.749144320899201],[33.351965848961854,2.749133515615905],[33.343805330584836,2.7455750729042143],[33.3438027194,2.7455740389],[33.33387169489118,2.7457612602209487],[33.33321606238008,2.745773626707681],[33.33321604206945,2.745773620696674],[33.3332159305,2.7457736228],[33.3284443786,2.7443614498],[33.3258147604,2.7427097827],[33.32417737453668,2.7374663871882183],[33.31743632886068,2.73270780576116],[33.313071046,2.7342652777],[33.3096757441,2.7396862137],[33.3060666104,2.7385080625],[33.3061445501,2.7365057733],[33.3022237808,2.7334025313],[33.3003247219,2.7306451652],[33.2988626651,2.7320312127],[33.295028869250935,2.7336653183549964],[33.29436274797332,2.733949284976335],[33.294362621899936,2.7339492976295188],[33.2943624012,2.7339493917],[33.2851764565,2.734871652],[33.2835887865,2.739288095],[33.2819786881,2.7413210446],[33.27971735064681,2.7414127511194426],[33.27793102574565,2.746555488250141],[33.28202737831219,2.749097140230761],[33.282154805662174,2.749176093873726],[33.28215500331468,2.74917632734541],[33.2821554608,2.7491766112],[33.2853434734,2.7529423524],[33.2864964255993,2.7565740954875766],[33.28655939014581,2.756772383251666],[33.286559376166316,2.756772386697529],[33.2865600644,2.7567745546],[33.2816803483,2.7579773606],[33.2812548405,2.7679989384],[33.28145874428869,2.76861052568034],[33.28270775064414,2.772352195796054],[33.282706286702854,2.7723523937303782],[33.2827078015,2.7723569372],[33.2782473196,2.7729571454],[33.2773299759,2.7783935266],[33.275618634,2.7783548271],[33.2734287412,2.7854787254],[33.27754183376109,2.7870783600053124],[33.277553731304835,2.787082977733624],[33.27755374372113,2.7870829919419733]]]}},{"type":"Feature","properties":{"n":"Kalongo Town Council","c":"322201","d":"Agago","od":"Agago","dc":"322","k":"KALONGOTOWNCOUNCIL","a":["KALONGO","KALONGOTOWNCOUNCIL"],"lat":3.036647,"lon":33.373513},"geometry":{"type":"Polygon","coordinates":[[[33.35804712408538,3.068542776534296],[33.36311163676057,3.071650578133233],[33.36758577762223,3.069495432274896],[33.37484616185552,3.069670244665895],[33.3752417954497,3.064969017127154],[33.37903225969969,3.065422838063886],[33.383293990612536,3.063636000421968],[33.387169885126625,3.06317013317244],[33.38632548456372,3.061576343433662],[33.391222493354384,3.055499463244989],[33.39280545414719,3.049549673340086],[33.3941453341086,3.049668794885459],[33.39675128784514,3.044697214028987],[33.3940425121312,3.044220563935259],[33.39143597380471,3.041383545205663],[33.38191448288127,3.026609657502224],[33.37969926464334,3.026117980566978],[33.380091037765006,3.021569281345317],[33.38387708030686,3.018885823962303],[33.3837299570141,3.016464489589699],[33.38460811572135,3.016281346223991],[33.38330105177727,3.013934906239891],[33.381297580096636,3.013638719480398],[33.3744319567658,3.009653548388594],[33.37118692197262,3.009244286759548],[33.370760098006144,3.008251843409357],[33.366604718457914,3.006223448921326],[33.36581677473414,3.0064446384975],[33.36579749460727,3.007902216910293],[33.36388409104846,3.007505828866333],[33.361027737125745,3.009102026211309],[33.35964637248643,3.008571811343934],[33.359934289995074,3.009263047161794],[33.35697982636273,3.010522465366221],[33.3562168928488,3.008802399435398],[33.35539588605693,3.009173437842867],[33.3529462149902,3.007566351741131],[33.35127727979723,3.005378820399139],[33.350604829871145,3.007557818436136],[33.352936111961064,3.010678900019724],[33.35389569530454,3.013466943512873],[33.35338257078847,3.019957899954738],[33.351393798234476,3.020589996683939],[33.34979800962634,3.02715615649843],[33.35075587747058,3.027611636926847],[33.35063352037171,3.030052029131881],[33.357669387755685,3.034594394592308],[33.359618348988796,3.038698864085267],[33.362647645727954,3.040277211220098],[33.364421519630305,3.04315602383552],[33.354231187534275,3.046911292131752],[33.35021786111377,3.04972620899696],[33.35074651434333,3.053435515371883],[33.35022004194114,3.056239446001059],[33.34448560381401,3.064583053017688],[33.34404056455744,3.067858074516263],[33.348290859017176,3.06873628960598],[33.35804712408538,3.068542776534296]]]}},{"type":"Feature","properties":{"n":"Kuywee","c":"322202","d":"Agago","od":"Agago","dc":"322","k":"KUYWEE","a":["KUYWEE"],"lat":3.046194,"lon":33.280418},"geometry":{"type":"Polygon","coordinates":[[[33.167559410140235,3.028591173952009],[33.18525245265112,3.028344002999543],[33.190440717483284,3.027751390149743],[33.19374837491155,3.025957630802767],[33.19555854675945,3.025941794555001],[33.19638048188353,3.038397104586852],[33.200974622481546,3.040443688660422],[33.20448035785629,3.045680091541707],[33.210124345103665,3.061954253628329],[33.213154065112384,3.059508638616669],[33.21479062775352,3.061422011810806],[33.21630137365272,3.061684425929126],[33.215605810522135,3.063878417010695],[33.21438865847869,3.06396423768289],[33.212634996846596,3.067376381239022],[33.212769781235274,3.069090881873451],[33.21556524592992,3.069631104956355],[33.21342742428484,3.082975105281317],[33.22120681348617,3.086241289115695],[33.224521385103124,3.086716657470972],[33.22641727508938,3.088049909192692],[33.22765141109453,3.090392277403433],[33.22929738465287,3.091190970994488],[33.23153400294945,3.096903917629534],[33.23333421149853,3.09690373231498],[33.23570219499939,3.098331320964069],[33.23844911885558,3.097949816978169],[33.23936052129813,3.097034912576411],[33.24765610549358,3.097248686950769],[33.250022074760686,3.098535772232121],[33.25294328735466,3.103469291680723],[33.256429262176084,3.103688522198017],[33.25750882125668,3.10464285393652],[33.254835056532436,3.106527427403499],[33.25496060161978,3.107337838126151],[33.26048104686331,3.110478968347485],[33.265264190658364,3.115041988706706],[33.26018838168526,3.117382391551165],[33.264030706730075,3.122034781455826],[33.26706335026579,3.127461620030964],[33.270151806334134,3.130653258270465],[33.27667714240826,3.128387924001009],[33.27852315985475,3.128291190732433],[33.27871529260698,3.129053479141916],[33.28013589168076,3.128338990298503],[33.281081555202796,3.125673414125114],[33.28424280112482,3.125401506192974],[33.2847571273795,3.123831078999569],[33.28785175023213,3.121880866490903],[33.29208639238765,3.130890440040998],[33.29327159900645,3.131333137663391],[33.295589725396226,3.130054321734494],[33.297312510237994,3.132242548773321],[33.30564240808962,3.13539402719984],[33.31046079583319,3.136747235887891],[33.315943711850466,3.136755925146155],[33.31774373702464,3.134018940441096],[33.31883349589422,3.133969728422106],[33.31907099162545,3.132540496281702],[33.32342630156206,3.129064513967552],[33.33179841931318,3.127744901613427],[33.33062148042405,3.123354230460939],[33.32890785358506,3.120462343054681],[33.330042013902855,3.117349604786044],[33.3297205581357,3.109035814616762],[33.33069361253307,3.107487936939201],[33.33404992161884,3.105315883262675],[33.33450334054742,3.103696336976783],[33.332980919408016,3.096948036233734],[33.333141841027015,3.093283483011745],[33.34232091584314,3.077891922043392],[33.34436101212855,3.070916066794949],[33.3444195397231,3.0679363800812696],[33.34404056455744,3.067858074516263],[33.344485373084076,3.0645847509476307],[33.344485395041104,3.064583633097824],[33.34448555701138,3.064583397435855],[33.34448560381401,3.064583053017688],[33.35022004194114,3.056239446001059],[33.35074651434333,3.053435515371883],[33.35021786111377,3.04972620899696],[33.35021851792125,3.0497257483171487],[33.350218511600794,3.049725703922044],[33.3527615493688,3.0479420852505488],[33.354231187534275,3.046911292131752],[33.35478344203876,3.0467077792518373],[33.36442130059523,3.0431556683644074],[33.362647645727954,3.040277211220098],[33.359618348988796,3.038698864085267],[33.357669387755685,3.034594394592308],[33.353913055704986,3.0321693015605877],[33.351648688826366,3.0312936303411],[33.35086593176666,3.0302020742415237],[33.35063352037171,3.030052029131881],[33.35064167681014,3.0298893503093414],[33.35056380627028,3.029780759704235],[33.35075298278151,3.0276693710241394],[33.35075587747058,3.027611636926847],[33.349857475545406,3.0271844334287548],[33.34676485900864,3.02572095804575],[33.33517103465288,3.025508604644301],[33.335245255907864,3.023731534543399],[33.32984677207264,3.024150461615881],[33.324489705699264,3.026113913655688],[33.32038726301629,3.01848093119903],[33.318873028870826,3.01125776454881],[33.306950586652405,3.007856850423877],[33.302137711801386,3.015356446166273],[33.29939519615661,3.012540388943232],[33.29238550807398,3.01100459160841],[33.290003771938686,3.007819206051639],[33.28880033244764,3.000727853714023],[33.289216358976844,2.998348502356154],[33.288635511145884,2.99688115376371],[33.289837295038154,2.994141367613176],[33.28911247805221,2.985679347083978],[33.287191684488214,2.983132031905459],[33.282616620950506,2.969200640996162],[33.273793517007924,2.96282472102958],[33.262114208877115,2.956802286171211],[33.25857799451843,2.955907416434139],[33.23383125988824,2.955985291418343],[33.225706184458346,2.954829259326219],[33.204110785431396,2.955326560292488],[33.203497426073746,2.960744581433739],[33.198701842125914,2.959604357739856],[33.195556278471074,2.956680877961951],[33.1883481899189,2.9613049347690112],[33.18830723699522,2.961335519140105],[33.185277127139,2.966620728240031],[33.184063480790456,2.967536293396946],[33.173332656130164,2.9834548677274375],[33.17251697659501,2.985119785902016],[33.17163783537578,2.98596903891275],[33.158,3.0062],[33.157534279703874,3.0065281211177255],[33.16362529962969,3.027920968699744],[33.167559410140235,3.028591173952009]]]}},{"type":"Feature","properties":{"n":"Lai-Mutto Town Council","c":"322203","d":"Agago","od":"Agago","dc":"322","k":"LAIMUTTOTOWNCOUNCIL","a":["LAI","LAIMUTTO","LAIMUTTOTOWNCOUNCIL","MUTTO"],"lat":3.128692,"lon":33.458896},"geometry":{"type":"Polygon","coordinates":[[[33.41299859528789,3.12264803523012],[33.41306603940015,3.127012558239485],[33.41131197496185,3.130371034048516],[33.41110050400575,3.134632208028385],[33.41654959226304,3.139915160146161],[33.41729443029037,3.142202382541047],[33.42189056449099,3.141683417541652],[33.41908623251971,3.14381623704833],[33.41942737608212,3.145431469265197],[33.42103667477623,3.14616775395822],[33.41860119508829,3.152653201376124],[33.42508009378726,3.15315908708521],[33.426862480684015,3.154946775347446],[33.42850301445165,3.155189996284119],[33.42952977772964,3.162822310926818],[33.429234990262316,3.166192493616851],[33.43597301259296,3.167248985954072],[33.44043050820596,3.163888360158678],[33.443436487626684,3.160006873530552],[33.44348432385866,3.158958790888193],[33.449384333502806,3.152110534411691],[33.44767599467119,3.147778886120621],[33.44679873370098,3.147966753106281],[33.44654447169406,3.146900069882026],[33.44461399227811,3.146173730729255],[33.44206944776633,3.143165071510066],[33.44246916310932,3.142506536105659],[33.44472519678074,3.142653016552607],[33.44671622031264,3.141640315643824],[33.44560603593638,3.13925880474467],[33.447316166498865,3.139165873765879],[33.447365736885736,3.137362183962435],[33.44477694397401,3.135095965813147],[33.449913502872654,3.132604709915339],[33.450159691450985,3.131844084180341],[33.453248797596345,3.13416340229774],[33.452970733674334,3.135114059560522],[33.45394639376866,3.135569894213837],[33.45325277953878,3.140134308205549],[33.4508794886715,3.140163208392978],[33.45953484931932,3.147181754292303],[33.46109963080857,3.146885570905471],[33.46309410934815,3.15000667049054],[33.4746909441776,3.151351428084798],[33.47928721457195,3.151111734731107],[33.486392258063354,3.152346344670307],[33.49210453689552,3.154659479647369],[33.50292668870882,3.151721633165302],[33.50500933969836,3.148959279417454],[33.505008029005374,3.146007522734958],[33.50680589961437,3.141912051330667],[33.508983031814566,3.139245313654849],[33.511350798646596,3.138291671965947],[33.51428601533556,3.135719330163255],[33.51182297512031,3.134768377811366],[33.5103062821615,3.13305516851934],[33.508506099072896,3.132769490830651],[33.50290210543371,3.124897970059803],[33.533320296353075,3.124765594004919],[33.560867611473476,3.125984894017974],[33.56347225794268,3.092587505706467],[33.50560251584868,3.091492592005806],[33.49756008586527,3.094165614021996],[33.48862676417537,3.095977730729903],[33.45970539469451,3.099982854854603],[33.46053042288383,3.102407893820899],[33.45277209867031,3.104973960768161],[33.44470742005251,3.102372118519987],[33.43910702335398,3.102448659936105],[33.43710770609982,3.103476673977353],[33.4362951690644,3.099003530649124],[33.439172412395,3.099133487259578],[33.43943971858429,3.094402401045048],[33.44115394599225,3.092483461590616],[33.43874178114429,3.092554846155942],[33.436017718998315,3.094413433039857],[33.42718345867051,3.092361176497907],[33.42617495251069,3.095212597092377],[33.4243281652296,3.095975816720355],[33.42271867816823,3.099595665185594],[33.41732244748887,3.10554822756897],[33.4139851687148,3.110739363621541],[33.4082615618573,3.114791014647857],[33.41143266613595,3.118614451922036],[33.41299859528789,3.12264803523012]]]}},{"type":"Feature","properties":{"n":"Lapono","c":"322204","d":"Agago","od":"Agago","dc":"322","k":"LAPONO","a":["LAPONO"],"lat":2.969021,"lon":33.488429},"geometry":{"type":"Polygon","coordinates":[[[33.38238634055078,2.959255015575467],[33.38523997638006,2.958792735892056],[33.38550576111948,2.959796755637838],[33.38926728047878,2.958917892960252],[33.390220344624126,2.959325426589561],[33.3945884820338,2.963302579778269],[33.39418522972329,2.96440760862277],[33.39507894960296,2.966144291431648],[33.39662752220996,2.966044549368887],[33.400508593034395,2.967961597969932],[33.402103564193595,2.970131760275888],[33.40198586078741,2.972221312941054],[33.40347252838743,2.972799458726203],[33.40428400743167,2.974120315511263],[33.40602207968846,2.973595155195956],[33.406998425858355,2.974689268625417],[33.41245055740497,2.976939450732536],[33.411940013872446,2.978297129930272],[33.41284497385558,2.978441556737563],[33.41472729229601,2.982747159123109],[33.413502366882234,2.98572405031134],[33.413811817656246,2.987091033521772],[33.41278897325493,2.988076511137],[33.412754961013405,2.993377996029072],[33.41394369265424,2.99423487278219],[33.41377994493083,2.995530765581613],[33.41444745427444,2.995243578494706],[33.41534651037239,2.997592860226534],[33.41707413432197,2.997794253306308],[33.41833460877058,3.000568050292157],[33.423000986314236,3.004818213471898],[33.423263612661586,3.006138802559458],[33.425351858208394,3.020405219708843],[33.42270155332322,3.030176882720669],[33.422909563061545,3.034284076895477],[33.42373862123306,3.034692829855156],[33.42585719156441,3.034753470393889],[33.427915665439905,3.035843605659121],[33.43303143815492,3.034089795342592],[33.43314582290629,3.034732390651842],[33.43959607466156,3.036982392139747],[33.443978491991935,3.036374430360495],[33.44891950448161,3.034590354560311],[33.45725570672904,3.035780871269944],[33.46458032720167,3.038274626732737],[33.473070024301485,3.037275767297636],[33.48290769057289,3.040003526159366],[33.48948490258029,3.038806393390411],[33.493424773125916,3.039989697168113],[33.49668503090035,3.039481639566714],[33.5022470119148,3.040483181275857],[33.52196436328255,3.03711743707991],[33.56817557955744,3.037030684654077],[33.5709,3.0019],[33.57267066783836,2.991141268243024],[33.57258393970805,2.989460726437027],[33.57329779144784,2.9873308106593264],[33.57479425096657,2.9782381924966383],[33.57429331291713,2.974804431497111],[33.575612473885876,2.970081377226681],[33.57545396716653,2.966056265149698],[33.577638545648725,2.9609560106778487],[33.579581129230995,2.949152703911693],[33.579545069880574,2.948973979808895],[33.580085088327124,2.946051080430095],[33.57582734377194,2.943293894446002],[33.573692125764566,2.940942059253167],[33.54749187098897,2.947444668885106],[33.5379228889704,2.947891477519602],[33.538830649084744,2.930578553133755],[33.53776848390817,2.928381802696606],[33.506568689089534,2.929276957425646],[33.504770172561436,2.92827573160454],[33.50636967929833,2.919798907392964],[33.50244167408365,2.911425643528917],[33.48559668154437,2.909688102189812],[33.47924393347769,2.905405292524685],[33.47666691342314,2.901324988302929],[33.47331518951847,2.901249611724945],[33.46934975065372,2.899110701803157],[33.46328345307442,2.911806806419666],[33.46145413587782,2.917654562277623],[33.4537825304755,2.913082809121055],[33.44049108647227,2.911834644817401],[33.43625926344473,2.910541615303297],[33.43213902560421,2.911726937103456],[33.42916121676649,2.913835785464682],[33.427055924946664,2.912409105228858],[33.42312661544608,2.911345090285893],[33.4229757903214,2.9115657294476356],[33.422978702787326,2.911567372248769],[33.403368514603244,2.94024903224796],[33.37714636244272,2.952642352208615],[33.37463454704711,2.953829518189739],[33.379993649340186,2.958640650952965],[33.38238634055078,2.959255015575467]]]}},{"type":"Feature","properties":{"n":"Lira Kato","c":"322205","d":"Agago","od":"Agago","dc":"322","k":"LIRAKATO","a":["LIRAKATO"],"lat":2.863923,"lon":33.50755},"geometry":{"type":"Polygon","coordinates":[[[33.406228669031336,2.8862546884571554],[33.410089048313324,2.895892645270226],[33.41134025113866,2.902360996628232],[33.41142180601971,2.9027825568429932],[33.416648242444516,2.907996622338256],[33.421093757918754,2.9105041530899265],[33.42297579684356,2.911565719906502],[33.42312661544608,2.911345090285893],[33.427055924946664,2.912409105228858],[33.42916121676649,2.913835785464682],[33.43213902560421,2.911726937103456],[33.433571671346186,2.9113147894810125],[33.436258761381396,2.910541718620699],[33.43625883069746,2.9105417397972686],[33.43625926344473,2.910541615303297],[33.44049108647227,2.911834644817401],[33.446136763620984,2.9123648154057333],[33.45378164284854,2.913082689055607],[33.45378171595062,2.913082732631181],[33.4537825304755,2.913082809121055],[33.46145413587782,2.917654562277623],[33.46328345307442,2.911806806419666],[33.46328350821437,2.9118066910177123],[33.463283522396765,2.911806645629239],[33.4632942119287,2.911784289301488],[33.46934975065372,2.899110701803157],[33.47331518951847,2.901249611724945],[33.47666691342314,2.901324988302929],[33.47924393347769,2.905405292524685],[33.48059704633402,2.90631751582683],[33.485596763446544,2.909688110637926],[33.50244167408365,2.911425643528917],[33.50636967929833,2.919798907392964],[33.504770172561436,2.92827573160454],[33.506568689089534,2.929276957425646],[33.53776848390817,2.928381802696606],[33.538830649084744,2.930578553133755],[33.53792290150833,2.9478912383944196],[33.546399542929905,2.9474956734337137],[33.54749187098897,2.947444668885106],[33.550060961163766,2.9468070494932714],[33.5736920110704,2.940942080790879],[33.5710480793359,2.936864552795165],[33.57056795364946,2.933961151439894],[33.57062885024477,2.9337661381673668],[33.57659457648953,2.8854075996681563],[33.57706505876823,2.880835162328037],[33.57716202545052,2.880807823999583],[33.5772,2.8805],[33.591449905560786,2.875071464548273],[33.59934815671205,2.870519401827969],[33.603042067227435,2.870655402960979],[33.60438460493603,2.87014396002437],[33.60448407283633,2.870019162369188],[33.60406265941002,2.867886585327908],[33.60448129475457,2.867876747971556],[33.604044177063365,2.8159221881024523],[33.60389923521185,2.815917504099184],[33.60376522216205,2.799240469654124],[33.59132238404141,2.796947109741233],[33.57685966321477,2.798898999213668],[33.57607390047405,2.795717878549491],[33.57514149504679,2.795551018999812],[33.57420840233422,2.793366970421869],[33.572176533044065,2.792367812661669],[33.570151743474945,2.785549232769511],[33.567727082668604,2.783740675383337],[33.567724574395044,2.78375552349839],[33.56753227272983,2.784899213164529],[33.56380022556452,2.787996671668614],[33.56212500172858,2.792584069562531],[33.56212461290826,2.7925844950364875],[33.56212457293294,2.792584604495624],[33.5612903881626,2.793497361183928],[33.556871448224605,2.798332869478187],[33.556172291994876,2.801250423717061],[33.5187315512675,2.805883677775854],[33.51248331904472,2.804176778122432],[33.512071382487626,2.8044483985103925],[33.51156451227734,2.804783202663163],[33.51156435843016,2.804782717154424],[33.51156371516292,2.804783141308322],[33.51129602615385,2.803942026088718],[33.508375358354805,2.804106528887904],[33.50466128949837,2.8043158317278],[33.49731034569491,2.807105211127912],[33.491645975980525,2.811223784927279],[33.49059915388926,2.812780516677363],[33.48723330715034,2.8133886040168345],[33.48643386237982,2.813533084149415],[33.486433748804615,2.813533055426812],[33.48643318378338,2.813533157505808],[33.484361912453686,2.813009307879665],[33.484361706861996,2.813009046356303],[33.48436149776589,2.813008993476941],[33.482932966751605,2.811191657220506],[33.480980354389864,2.810522840018529],[33.480626999793195,2.8105163540444114],[33.47323967724383,2.810381267627118],[33.470442195334265,2.808745257214524],[33.466494655905265,2.808692782575766],[33.46513405928314,2.808674805377265],[33.465134007916284,2.8086746954830386],[33.46513360204243,2.808674690087758],[33.46401302982448,2.8062777445974447],[33.463352392233645,2.8062955751000986],[33.462692732391304,2.80631443339128],[33.46193041708478,2.804524600294455],[33.45838271008394,2.803973002161893],[33.458096207621956,2.802798404253791],[33.454561676414734,2.802454627425136],[33.45210889842827,2.80121616070269],[33.45210847929042,2.80121560200183],[33.452108139992674,2.801215430679762],[33.45142247236886,2.800301170959571],[33.45094232427791,2.799661144881926],[33.45094022040183,2.799660426930561],[33.44901293465452,2.799515967277864],[33.44742164925541,2.7984597084151877],[33.447418623575906,2.798458675896801],[33.447418414830715,2.7984575614780307],[33.447418369238044,2.798457531214657],[33.4469775894181,2.7961075471148495],[33.4434796142019,2.7969917000893814],[33.443002399083994,2.797112447404461],[33.44300229912213,2.797112346898316],[33.44300218070027,2.797112376830786],[33.44300198631349,2.7971120323864835],[33.44226423174919,2.796370260858982],[33.44236734410887,2.795987476008814],[33.442287555442626,2.795846094214733],[33.44249236480159,2.7955233606759777],[33.442644289423235,2.794959369669304],[33.442644254067005,2.794959360121212],[33.442644218909294,2.794959410366235],[33.44096334737278,2.7949137910019566],[33.43459492734879,2.7990625283390456],[33.43444833877634,2.7992871555717285],[33.4345412560529,2.802679193672024],[33.434541247823276,2.802679219509379],[33.43454126177019,2.80267930153499],[33.43321602246062,2.806866043467584],[33.44241381388857,2.810336124280237],[33.44241393662354,2.8103361866949848],[33.442413936623765,2.810336186695069],[33.44241393988549,2.810336188353794],[33.470300967722146,2.824517654292446],[33.470541514182564,2.827415126373341],[33.473360757389564,2.830199011561179],[33.47283346064467,2.842184370234647],[33.462585494602855,2.8383240450896032],[33.462547365117175,2.838333303653712],[33.46052549405771,2.838824695804067],[33.457161256772544,2.843468017342784],[33.457161013865594,2.8434681801600568],[33.45716087468908,2.843468372250877],[33.4570420098191,2.8435479469776386],[33.45331262735607,2.846047702064714],[33.44854966753419,2.845963471372436],[33.44854443684519,2.8459562559345],[33.44642193043358,2.843259396245944],[33.44490085247902,2.844072234165863],[33.44477472203202,2.843949024870798],[33.444741762267086,2.843966511664271],[33.44472405039188,2.8440616174576703],[33.44271309045097,2.854866975653851],[33.442711633469195,2.8548675036712132],[33.44271151091856,2.854868161719847],[33.43788405874386,2.856617040499632],[33.43719533846466,2.856866636116789],[33.4259236043021,2.854944822562925],[33.42366783831829,2.85752934242066],[33.421204909377494,2.858290926438035],[33.41580372178053,2.861859958861849],[33.41361698933819,2.8608069393199225],[33.40868954005517,2.865986560561588],[33.40769557019035,2.8670314854875145],[33.410793608515846,2.868305173559699],[33.41089530360959,2.86834257596726],[33.407400069037124,2.873048493106073],[33.40651789441395,2.876711711791453],[33.40449641540148,2.876673253927332],[33.405790570221654,2.8848247405349206],[33.40587903104505,2.88538174299865],[33.406228669031336,2.8862546884571554]]]}},{"type":"Feature","properties":{"n":"Omiya Pacwa","c":"322206","d":"Agago","od":"Agago","dc":"322","k":"OMIYAPACWA","a":["OMIYAPACWA"],"lat":3.233427,"lon":33.428213},"geometry":{"type":"Polygon","coordinates":[[[33.30998340308597,3.216900070187438],[33.307384819728654,3.2195254041035013],[33.30320914742846,3.2344672676354884],[33.30322615771776,3.234506915353277],[33.304353180282305,3.235439796529283],[33.3286,3.2552],[33.3557,3.2649],[33.35594812402412,3.265048410631248],[33.36647576252642,3.270130617092116],[33.37352244031629,3.274507072365801],[33.3767733563242,3.27750462434345],[33.3771,3.2777],[33.3874,3.2778],[33.4029,3.3032],[33.4282,3.3036],[33.42821621003561,3.3035951839749265],[33.430164986435436,3.302490960361103],[33.431275489694855,3.3026862675544266],[33.442,3.2995],[33.4826,3.2959],[33.48515603492674,3.293078019242733],[33.48568240570303,3.29124934678023],[33.484567952945916,3.291366848717874],[33.4862929567532,3.286454938665044],[33.488292260438385,3.286290434108514],[33.489604820910955,3.287058665876801],[33.4910365449433,3.285393743925821],[33.49219050932203,3.2853116342167192],[33.49236399679845,3.2851200960201994],[33.4926100369777,3.284044919940243],[33.49435902480223,3.2829174928484],[33.49493630870661,3.28228014472275],[33.494793004242,3.280446383121365],[33.49674946479817,3.2802783365523016],[33.49688578545987,3.280127832237949],[33.49739413922042,3.278297862220152],[33.49829645929934,3.2785703830856976],[33.49897268737161,3.2778237960232475],[33.499338963839755,3.276858154676146],[33.49979339411183,3.2769176978302847],[33.4999,3.2768],[33.513148920093656,3.2764659936110845],[33.51324125589544,3.276353797245366],[33.51390582239136,3.2764469120405537],[33.5237,3.2762],[33.5322480797187,3.277890478451832],[33.53358750543964,3.276741364460571],[33.53833325297341,3.277805838752601],[33.53983418307718,3.276874741485644],[33.5421722981806,3.279853103744672],[33.54423573313521,3.2802611711050975],[33.54563672078713,3.279910304585295],[33.54919514173332,3.280496141843744],[33.55050255785809,3.281450057820874],[33.55052582454732,3.280995775713561],[33.550785843273424,3.258619941184262],[33.55301540475481,3.232386722162368],[33.5545,3.2034],[33.55461849666468,3.202108386354941],[33.54660352428816,3.206279308358828],[33.52741915147384,3.208064021484225],[33.51656286230056,3.211038348914271],[33.50674757497786,3.218325430118153],[33.489520962971845,3.22730892183024],[33.48800465814656,3.218867670558764],[33.48451552534829,3.208264213322926],[33.47803673598647,3.199941392111853],[33.4781304406892,3.181533452950372],[33.47486033962239,3.182065082731797],[33.46763128231963,3.181272213426748],[33.452480886105725,3.182871513355686],[33.432378429152784,3.181586272345533],[33.42138868483099,3.18188954651215],[33.4134125565683,3.169777634473811],[33.40883578768726,3.172796328348968],[33.4041896053338,3.172740576511105],[33.398013365447675,3.17831521782613],[33.390389687848234,3.177521932124283],[33.384064514139844,3.175884438405483],[33.38591942216024,3.16882599290704],[33.37686170886197,3.16700973894247],[33.370288452016865,3.170281498506128],[33.36741512698576,3.173246854211731],[33.352122620040795,3.171167694524008],[33.34554638200378,3.165334708240957],[33.33081189614098,3.163213028601576],[33.3261402779128,3.168144658603926],[33.30979913746481,3.177325582475286],[33.30676572872176,3.178158117661324],[33.29780668910189,3.1845217728198296],[33.3365,3.1818],[33.3258,3.195],[33.3115,3.2048],[33.31009906386125,3.2098129883519233],[33.30962513368054,3.211851530396578],[33.30998340308597,3.216900070187438]]]}},{"type":"Feature","properties":{"n":"Paimol","c":"322207","d":"Agago","od":"Agago","dc":"322","k":"PAIMOL","a":["PAIMOL"],"lat":3.131166,"lon":33.533937},"geometry":{"type":"Polygon","coordinates":[[[33.385914773612285,3.168825060776676],[33.38591477361157,3.1688250607793966],[33.38591942216024,3.16882599290704],[33.384064514139844,3.175884438405483],[33.390389687848234,3.177521932124283],[33.39801305636764,3.178315185664647],[33.39801336544822,3.178315217825633],[33.403749999544736,3.1731373623612664],[33.404188770018074,3.172741221049376],[33.404188889657306,3.172741222476903],[33.4041896053338,3.172740576511105],[33.40883578768726,3.172796328348968],[33.4134125565683,3.169777634473811],[33.42138856902115,3.1818893706525633],[33.431621646339785,3.1816071566054576],[33.432378429152784,3.181586272345533],[33.432378573853015,3.181586281596873],[33.43237858054802,3.181586281412234],[33.452480947770766,3.1828715068462263],[33.46498449174117,3.1815516128513095],[33.46763089770823,3.181272250415424],[33.46763091448796,3.1812722522556443],[33.46763128231963,3.181272213426748],[33.47486033962239,3.182065082731797],[33.4781304406892,3.181533452950372],[33.47803673598647,3.199941392111853],[33.48451552534829,3.208264213322926],[33.48800465814656,3.218867670558764],[33.489520962971845,3.22730892183024],[33.50674757497786,3.218325430118153],[33.51656286230056,3.211038348914271],[33.52741915147384,3.208064021484225],[33.54660352428816,3.206279308358828],[33.55427744051567,3.202285869012354],[33.554618497185565,3.2021083806773225],[33.558600470981865,3.158704866297683],[33.56086761051927,3.125984905483176],[33.53332029635281,3.1247655940049204],[33.50290210543371,3.124897970059803],[33.508506099072896,3.132769490830651],[33.5103062821615,3.13305516851934],[33.51182297512031,3.134768377811366],[33.51428601533556,3.135719330163255],[33.511350798646596,3.138291671965947],[33.508983031814566,3.139245313654849],[33.50680589961437,3.141912051330667],[33.505008029005374,3.146007522734958],[33.50500933969836,3.148959279417454],[33.50292668870882,3.151721633165302],[33.49210453689552,3.154659479647369],[33.486392258063354,3.152346344670307],[33.47928721457195,3.151111734731107],[33.4746909441776,3.151351428084798],[33.46309410934815,3.15000667049054],[33.46109963080857,3.146885570905471],[33.45953484931932,3.147181754292303],[33.455925935750166,3.1442553221582257],[33.450888619905356,3.140172034823632],[33.45089033964232,3.14017200733734],[33.4508794886715,3.140163208392978],[33.45323717528716,3.1401344982226274],[33.45325278858471,3.1401342486776835],[33.45394639376866,3.135569894213837],[33.453107269963496,3.1351778501904732],[33.45297502006612,3.135116563213278],[33.45297514828387,3.135116122094409],[33.452970733674334,3.135114059560522],[33.453248797596345,3.13416340229774],[33.450159691450985,3.131844084180341],[33.449913502872654,3.132604709915339],[33.44991188868779,3.1326054928028024],[33.44991185071652,3.132605610422723],[33.449695157205966,3.1327106086192447],[33.44477694397401,3.135095965813147],[33.447365736885736,3.137362183962435],[33.44736570486234,3.137363349179545],[33.44736603412612,3.13736363716306],[33.44735828641996,3.1376332798725683],[33.447316166498865,3.139165873765879],[33.44560720538973,3.1392587411948765],[33.4458246273007,3.1397277157901886],[33.44671622031264,3.141640315643824],[33.44472519678074,3.142653016552607],[33.44246916310932,3.142506536105659],[33.44206944776633,3.143165071510066],[33.44461399227811,3.146173730729255],[33.44640947587155,3.146849277964464],[33.44654426427563,3.146899951331823],[33.446544274829066,3.146899995811951],[33.44654447169406,3.146900069882026],[33.44679873370098,3.147966753106281],[33.44767599467119,3.147778886120621],[33.449384333502806,3.152110534411691],[33.44938204213506,3.1521131940470033],[33.449382372995856,3.152114033817302],[33.44492787849961,3.1572832288102766],[33.44348432385866,3.158958790888193],[33.443436487626684,3.160006873530552],[33.44043050820596,3.163888360158678],[33.44042726084183,3.16389080843381],[33.437435578980626,3.16674740698591],[33.43624975964633,3.1670403389093846],[33.43597301259296,3.167248985954072],[33.43562562808792,3.16719451758789],[33.43550044613902,3.167225441176345],[33.4296445503861,3.1662567108472452],[33.429234990262316,3.166192493616851],[33.42952977772964,3.162822310926818],[33.42850301445165,3.155189996284119],[33.42708726310729,3.1549801009592775],[33.426862997220205,3.154946999231731],[33.42686282484798,3.1549468263722305],[33.426862480684015,3.154946775347446],[33.42508009378726,3.15315908708521],[33.424409992056226,3.1531067641665915],[33.41860532268176,3.152653753819695],[33.418605406534176,3.1526535302144634],[33.41860119508829,3.152653201376124],[33.42103667477623,3.14616775395822],[33.41963123739103,3.1455247396828008],[33.41942838531294,3.145432646707782],[33.419428217496275,3.1454318542281405],[33.41942737608212,3.145431469265197],[33.4191394713107,3.1440683098407654],[33.41908625771071,3.143817019575377],[33.41908637844652,3.143816927976469],[33.41908623251971,3.14381623704833],[33.42188731660806,3.141685887701441],[33.41729517506615,3.142202771370224],[33.417295026378035,3.14220231523478],[33.41729443029037,3.142202382541047],[33.41666907303044,3.140282057480802],[33.416549419622044,3.1399149927687806],[33.41110050400575,3.134632208028385],[33.411100549049785,3.134631300383782],[33.411099817097664,3.134630590641591],[33.41131191444219,3.130371528162702],[33.411311954220544,3.1303714519891104],[33.41131197496185,3.130371034048516],[33.41272063519352,3.127673897496449],[33.41306603800824,3.1270124681646867],[33.41299859528789,3.12264803523012],[33.41143266613595,3.118614451922036],[33.4082615618573,3.114791014647857],[33.413753557645855,3.110903317444466],[33.41398527624258,3.110739196362122],[33.41732244748887,3.10554822756897],[33.41858819875604,3.10415198196211],[33.42271879073095,3.0995954120242084],[33.42363085885443,3.09754410730966],[33.42432761012461,3.095976675696544],[33.42432782228559,3.095976588025315],[33.4243281652296,3.095975816720355],[33.42617495251069,3.095212597092377],[33.42718345867051,3.092361176497907],[33.43282587704579,3.0936719472464924],[33.43601849221522,3.094412905485519],[33.43874178114429,3.092554846155942],[33.44115394599225,3.092483461590616],[33.43943971858429,3.094402401045048],[33.439172412395,3.099133487259578],[33.4362951690644,3.099003530649124],[33.43710770609982,3.103476673977353],[33.43910702335398,3.102448659936105],[33.44470742005251,3.102372118519987],[33.45076517528438,3.104326483255191],[33.45277215460882,3.1049739422664895],[33.45559897581107,3.104038970711644],[33.46053035777095,3.102407702431961],[33.45970539469451,3.099982854854603],[33.488626747654685,3.0959777330177403],[33.488626764175514,3.09597773072982],[33.497560104902895,3.0941656076945563],[33.50560251584868,3.091492592005806],[33.54213303512532,3.0921837609068747],[33.563472259415235,3.092587494251598],[33.567810597687874,3.0370313698354057],[33.52196436328255,3.03711743707991],[33.50640818339051,3.039772870926281],[33.50224714462619,3.040483176995085],[33.50224709225017,3.04048316756264],[33.5022470119148,3.040483181275857],[33.49668512671058,3.0394816568191896],[33.496300575112755,3.0395415506838113],[33.493424773125916,3.039989697168113],[33.48948490258029,3.038806393390411],[33.48290769057289,3.040003526159366],[33.473070150525864,3.0372758022967563],[33.46642285440487,3.038057843299865],[33.46458032720167,3.038274626732737],[33.45725570672904,3.035780871269944],[33.44891950448161,3.034590354560311],[33.44415666612747,3.0363100961447675],[33.443978598292944,3.036374401479051],[33.44397855557478,3.036374407402324],[33.443978491991935,3.036374430360495],[33.43959607466156,3.036982392139747],[33.43959543298023,3.0369821683060096],[33.43959528634194,3.036982188638778],[33.43959378103334,3.036981592067578],[33.43464638881359,3.0352558237909224],[33.436534099887396,3.039925223801187],[33.43621462652035,3.044574106058048],[33.42394530899655,3.04775443524341],[33.41500901373283,3.051810905874018],[33.400706470048824,3.061125575475165],[33.393680141588845,3.067308463830789],[33.39154530314929,3.067756540002922],[33.38889234094508,3.064532846937089],[33.38691688947516,3.066096197591239],[33.38541228226842,3.069002479131449],[33.38386054405042,3.069299587827481],[33.383693172041475,3.070176217619628],[33.38525639464659,3.070914267867765],[33.3864996192356,3.07310016392694],[33.38775007413953,3.076935662541211],[33.38810827515304,3.080193254009225],[33.3871332534951,3.081938572940297],[33.387194264982426,3.08733050490924],[33.38980161472602,3.089665224682318],[33.3823282701961,3.093511314992576],[33.382971599096976,3.094687173824453],[33.385018465983954,3.094135072922405],[33.38601743268927,3.094993646803035],[33.38578258428388,3.101670361784563],[33.38873547183558,3.104230936638078],[33.38716547089721,3.107197638896238],[33.387915857470674,3.109695163794692],[33.385358859007155,3.11520479938575],[33.38576797875391,3.11837594556594],[33.383954996273886,3.123697441928453],[33.38411209514854,3.125446890790464],[33.38088737148364,3.126668679282677],[33.37881769033693,3.130568506826661],[33.376604031269544,3.131763717810456],[33.3757704947476,3.13324798399674],[33.374164300220855,3.132859275196541],[33.373257176276155,3.133599570053025],[33.37004602913036,3.132498880336299],[33.366642134772874,3.134896609825891],[33.36364247308136,3.133650083045585],[33.35873737124457,3.134527601620238],[33.35346604882183,3.133801267506047],[33.3514238834027,3.13453051668901],[33.35076506549411,3.13605362920454],[33.34773555668811,3.137644439268185],[33.34773678304853,3.142214359861384],[33.345827674344505,3.145790629572639],[33.34609154692565,3.148173791780593],[33.34385387067496,3.151485595597907],[33.34154743404214,3.152348444547778],[33.34016454671649,3.155793055961824],[33.3383860815731,3.157515452236763],[33.333775396676614,3.159370978494629],[33.3308119045989,3.163213018899674],[33.332420631965554,3.163444677135222],[33.34554638200378,3.165334708240957],[33.352122620040795,3.171167694524008],[33.36741512698576,3.173246854211731],[33.370288452016865,3.170281498506128],[33.37686170886197,3.16700973894247],[33.385914726495265,3.1688250513316287],[33.385914773612285,3.168825060776676]]]}},{"type":"Feature","properties":{"n":"Parabongo","c":"322208","d":"Agago","od":"Agago","dc":"322","k":"PARABONGO","a":["PARABONGO"],"lat":3.028666,"lon":33.403176},"geometry":{"type":"Polygon","coordinates":[[[33.26211454714154,2.956802448343443],[33.27169853182205,2.961558846483209],[33.27259795992756,2.962208232059917],[33.273793517007924,2.96282472102958],[33.282616620950506,2.969200640996162],[33.28272038330689,2.9695166046842014],[33.28278283378943,2.969561693827376],[33.28367587837572,2.9724261545092725],[33.286751266950674,2.981790929464318],[33.287857433798116,2.9840149343443194],[33.28911247805221,2.985679347083978],[33.28920135476598,2.9867169560129043],[33.289562856835964,2.987443774367335],[33.289836153609166,2.994128041772677],[33.289837295038154,2.994141367613176],[33.28904844971485,2.995939750421947],[33.288635631040876,2.996881456644667],[33.289216358976844,2.998348502356154],[33.28921629152262,2.998348888142357],[33.28921635912286,2.998349058618867],[33.289015284223716,2.9994984950929338],[33.28880033244764,3.000727853714023],[33.28964170122252,3.005685678742134],[33.29000383211139,3.0078192865279165],[33.29238532904998,3.0110043521778347],[33.29708938558786,3.0120351941778813],[33.29939519615661,3.012540388943232],[33.302137711801386,3.015356446166273],[33.306950586652405,3.007856850423877],[33.318873028870826,3.01125776454881],[33.32038726301629,3.01848093119903],[33.324489705699264,3.026113913655688],[33.32984677207264,3.024150461615881],[33.335245255907864,3.023731534543399],[33.33517103465288,3.025508604644301],[33.344206709283384,3.025674102773589],[33.34676419214304,3.02572091941137],[33.34676425023391,3.025720946895384],[33.34676485900864,3.02572095804575],[33.349684470210576,3.0271025645498817],[33.34979797688375,3.027156266950664],[33.34988981686312,3.0267783990775983],[33.351393798234476,3.020589996683939],[33.35338257078847,3.019957899954738],[33.35377804025295,3.014955264166234],[33.35383906818647,3.0133024149504086],[33.353362788477135,3.0119185971157654],[33.35060545411504,3.0075586541634576],[33.350604829871145,3.007557818436136],[33.35127727979723,3.005378820399139],[33.35127938529486,3.0053815801480352],[33.351279653292785,3.005380715176703],[33.3529471930774,3.007566993407011],[33.35539588605693,3.009173437842867],[33.35550055361018,3.009126135332518],[33.356215293798655,3.008800984890846],[33.356216084991395,3.0088027645311897],[33.3562168928488,3.008802399435398],[33.35663421703119,3.009743274485625],[33.35698050180924,3.010522177439297],[33.359934289995074,3.009263047161794],[33.35964637248643,3.008571811343934],[33.35964937465615,3.008572963679079],[33.3596487090477,3.008571357865192],[33.360365176833525,3.0088477129710043],[33.361027737125745,3.009102026211309],[33.36388409104846,3.007505828866333],[33.3651909656932,3.0077765660465503],[33.36579750066427,3.007901759000859],[33.36581677473414,3.0064446384975],[33.36581732330018,3.006444484505426],[33.36581732868264,3.006444058236733],[33.36607630058977,3.006371785053427],[33.366604718457914,3.006223448921326],[33.370760098006144,3.008251843409357],[33.37076047914975,3.0082527296375687],[33.37076070596888,3.008252840366008],[33.37086706756674,3.00850056709272],[33.37118692197262,3.009244286759548],[33.37313557340643,3.0094900493818533],[33.37443145449681,3.009653450944911],[33.37443152954278,3.009653494507511],[33.3744319567658,3.009653548388594],[33.381297580096636,3.013638719480398],[33.38330105177727,3.013934906239891],[33.38460811572135,3.016281346223991],[33.3837299570141,3.016464489589699],[33.38384888069927,3.0184217188034954],[33.38387713107003,3.018883220743077],[33.38387693076706,3.018883362857368],[33.38387708030686,3.018885823962303],[33.38031313993312,3.021411860583074],[33.38009102308878,3.0215694517442655],[33.37988393287876,3.0239738818213353],[33.37969991946169,3.026118125906644],[33.38191448288127,3.026609657502224],[33.391096969005865,3.0408575331693823],[33.3914360476969,3.041383625631688],[33.3940425121312,3.044220563935259],[33.39675128784514,3.044697214028987],[33.396750032181565,3.04469960955616],[33.396750531113476,3.044699697733712],[33.39422004919973,3.049526255088394],[33.3941453341086,3.049668794885459],[33.39413507760605,3.0496678830347936],[33.39280517392291,3.049550726604059],[33.391222493354384,3.055499463244989],[33.38950478673874,3.0576310292169486],[33.38632558003088,3.0615765236260724],[33.387169885126625,3.06317013317244],[33.383293990612536,3.063636000421968],[33.37903225969969,3.065422838063886],[33.37903203107592,3.065422810691447],[33.37903181206265,3.065422902512182],[33.37524176880586,3.0649693337301294],[33.37484616185552,3.069670244665895],[33.36758577762223,3.069495432274896],[33.36311163676057,3.071650578133233],[33.35804712408538,3.068542776534296],[33.348709319506725,3.06872798954708],[33.34829124344003,3.068736289479109],[33.34829121032692,3.0687362826378393],[33.348290859017176,3.06873628960598],[33.34458601534999,3.067970778029221],[33.344419539653174,3.0679363836413596],[33.34436101212855,3.070916066794949],[33.34232091584314,3.077891922043392],[33.333141841027015,3.093283483011745],[33.332980919408016,3.096948036233734],[33.33450334054742,3.103696336976783],[33.33404992161884,3.105315883262675],[33.33069361253307,3.107487936939201],[33.3297205581357,3.109035814616762],[33.330042013902855,3.117349604786044],[33.33004193428386,3.117349823302844],[33.3300419361464,3.117349871480445],[33.33001570040424,3.1174218230014334],[33.32890785358506,3.120462343054681],[33.33062148042405,3.123354230460939],[33.33062164811704,3.123354856053974],[33.33308117417949,3.130852021565773],[33.33501270474118,3.132704605964362],[33.3372960952476,3.138084892044068],[33.33861311104735,3.139936868697272],[33.34203580706767,3.140994489410655],[33.34282589439122,3.141964374672111],[33.34191190787509,3.152212093147728],[33.343853833679326,3.1514856094381507],[33.34390651861787,3.1514076756314977],[33.34609154692565,3.148173791780593],[33.345827674344505,3.145790629572639],[33.345827938737045,3.1457901342949093],[33.34582790297827,3.145789811392769],[33.34773678304804,3.1422143580367554],[33.34773555668811,3.137644439268185],[33.35076506549411,3.13605362920454],[33.3514238834027,3.13453051668901],[33.35346604882183,3.133801267506047],[33.35346631020979,3.1338013035226244],[33.35346634271929,3.133801291914009],[33.35364081505794,3.133825348499225],[33.35873737124457,3.134527601620238],[33.36364247308136,3.133650083045585],[33.36364357531789,3.133650541086353],[33.363644428696524,3.133650388478611],[33.36496874110366,3.134201221399733],[33.366642134772874,3.134896609825891],[33.36971536538032,3.1327318024370854],[33.37004575459065,3.132498935073196],[33.370045886966494,3.1324989804776244],[33.37004602913036,3.132498880336299],[33.373257176276155,3.133599570053025],[33.37395343901722,3.133031356933984],[33.37416206800976,3.132859827554753],[33.374163268734485,3.1328601169823385],[33.374164300220855,3.132859275196541],[33.37529782083109,3.1331335940471354],[33.37577071965451,3.1332475835083162],[33.376604031269544,3.131763717810456],[33.37881769033693,3.130568506826661],[33.38088737148364,3.126668679282677],[33.380887522744004,3.1266686219729056],[33.38088760487723,3.126668467220759],[33.38408805746843,3.125179207828387],[33.383954996273886,3.123697441928453],[33.38576797875391,3.11837594556594],[33.385699781895994,3.1178473418815886],[33.38535878885842,3.115205140618557],[33.3853588781944,3.115204948108861],[33.385358859007155,3.11520479938575],[33.386492866319976,3.1127613223401465],[33.38791581397321,3.1096950190213173],[33.387332575838045,3.10775381722505],[33.38716542720735,3.107198015916584],[33.38716552730972,3.1071978266549976],[33.38716547089721,3.107197638896238],[33.38744264159927,3.106673892108832],[33.38873497388029,3.104230504839788],[33.38578258428388,3.101670361784563],[33.38578261374521,3.1016695242023187],[33.38578258118727,3.101669495973953],[33.385788948025926,3.101489441280558],[33.38601743268927,3.094993646803035],[33.385018465983954,3.094135072922405],[33.382971599096976,3.094687173824453],[33.38297120349298,3.094686450750368],[33.38297102950839,3.094686497655508],[33.382865806142476,3.0944938083783686],[33.3823282701961,3.093511314992576],[33.38232906484314,3.0935109060345423],[33.382328865696245,3.093510541348707],[33.38980058653707,3.0896643040029685],[33.38725634863418,3.087386096963851],[33.38719443609054,3.08733069337762],[33.38719443568727,3.087330657764829],[33.387194264982426,3.08733050490924],[33.3871332534951,3.081938572940297],[33.38713337530115,3.081938354903704],[33.387133372225584,3.081938083297592],[33.38810821115316,3.080192671974456],[33.38775007413953,3.076935662541211],[33.38660033917139,3.0734091004371007],[33.38649958725398,3.0731001076953453],[33.38525639464659,3.070914267867765],[33.38395267004957,3.0702987354034907],[33.38369459491281,3.070177010789561],[33.38369461605955,3.070176899389387],[33.383693172041475,3.070176217619628],[33.38386054405042,3.069299587827481],[33.38541228226842,3.069002479131449],[33.38691688947516,3.066096197591239],[33.38889234094508,3.064532846937089],[33.38889274924427,3.064533343073552],[33.388893432337056,3.064532802718525],[33.389550179413845,3.0653322059731254],[33.39154530314929,3.067756540002922],[33.39368003728036,3.0673084857238497],[33.39863558683449,3.0629478699757313],[33.400706470048824,3.061125575475165],[33.40070659777062,3.0611254922951097],[33.40070661480838,3.061125477302808],[33.40218433680227,3.0601631004898042],[33.41500901373283,3.051810905874018],[33.42394530899655,3.04775443524341],[33.42394739108637,3.0477538955450107],[33.43622190349831,3.044468213620124],[33.436534099887396,3.039925223801187],[33.43473977028643,3.035486810119431],[33.43464635066718,3.0352558104845477],[33.43314582290629,3.034732390651842],[33.43305562790684,3.0342256895149338],[33.43288611964906,3.0341396140325436],[33.427915665439905,3.035843605659121],[33.42783846077708,3.0358027192885975],[33.42770912601829,3.035849483442214],[33.42420679264375,3.0347062304801637],[33.42373862123306,3.034692829855156],[33.422909563061545,3.034284076895477],[33.42270155332322,3.030176882720669],[33.422701670342704,3.0301764512703233],[33.42270166170548,3.030176280788464],[33.424520585964665,3.0234701169899947],[33.425351858208394,3.020405219708843],[33.42326361327778,3.0061388067691963],[33.42326351883875,3.0061383307811678],[33.423000986314236,3.004818213471898],[33.41833460877058,3.000568050292157],[33.41833452272723,3.000567860945378],[33.418334413565844,3.000567761527904],[33.417073427822764,2.9977941709480778],[33.41534651037239,2.997592860226534],[33.41524109876779,2.9973174140585144],[33.414447300130746,2.995243644812996],[33.41377994493083,2.995530765581613],[33.413943632443946,2.9942353492840135],[33.41364071644948,2.9940164775971936],[33.412754961013405,2.993377996029072],[33.412754970721714,2.993376482796428],[33.41275477936669,2.993376344533028],[33.412777683634665,2.989836223187293],[33.41278897325493,2.988076511137],[33.413413924571344,2.9874743906853087],[33.41381171145,2.9870905643610275],[33.41351803691055,2.9857932718723053],[33.413502472523305,2.985724643115486],[33.413502490942285,2.98572459834037],[33.413502366882234,2.98572405031134],[33.41472729229601,2.982747159123109],[33.41288420412307,2.9785312917843347],[33.412825019895564,2.978438372191515],[33.411940013872446,2.978297129930272],[33.411942606795854,2.978290234615867],[33.411942380944495,2.978290272705888],[33.41203831806026,2.978035711378585],[33.41245050522094,2.97693958950459],[33.40954686002434,2.9757410482665443],[33.406998425858355,2.974689268625417],[33.406302287205236,2.9739091614537694],[33.40602189119582,2.9735952121492013],[33.40428400743167,2.974120315511263],[33.40428325257639,2.9741190868218443],[33.40428290449553,2.974119191766275],[33.40403243116793,2.9737108209996266],[33.40347252838743,2.972799458726203],[33.40328334446836,2.9727258875490103],[33.40198685039104,2.972222491752575],[33.401986893837496,2.9722217146808583],[33.40198586078741,2.972221312941054],[33.402103564193595,2.970131760275888],[33.40051357778187,2.9679683803565746],[33.4005085908967,2.967961596914019],[33.39716947040101,2.9663122437935656],[33.39662736855428,2.9660445592657005],[33.39507894960296,2.966144291431648],[33.39418522972329,2.96440760862277],[33.39435173955001,2.9639513231741113],[33.393941153736954,2.9627131926875108],[33.39136742277498,2.9603698318125433],[33.38974944002514,2.9591240661027367],[33.38936856054971,2.958961200679976],[33.38705290696431,2.959850474572411],[33.38582830642856,2.9597213943258516],[33.38550576111948,2.959796755637838],[33.3854759804225,2.95968425705014],[33.38527021775924,2.959662568430439],[33.38524364095334,2.958806579064308],[33.38524008486963,2.9587931457186882],[33.38324525072208,2.9591158749332065],[33.38238634055078,2.959255015575467],[33.379993649340186,2.958640650952965],[33.3799930871845,2.9586401462778396],[33.379992022141536,2.958639872731237],[33.379922775842275,2.9585770242876777],[33.374722193477,2.9539082027505774],[33.373952388184286,2.9537071195016935],[33.37096648298792,2.9531713830236743],[33.37022187865519,2.9533079614987563],[33.36883672399971,2.954525541307913],[33.3688352998009,2.954527926079402],[33.36883405203521,2.9545278900203944],[33.36883332768649,2.954528526738017],[33.366541911139066,2.95446428080309],[33.36684349894524,2.952367091668599],[33.36600136663688,2.9508700052585337],[33.365996063472885,2.9508605861583233],[33.36496979498299,2.950707551964253],[33.364795399515884,2.950681653754302],[33.36479539719667,2.950681546269896],[33.36479400015849,2.950681337947596],[33.36476684693382,2.949375219530487],[33.35970644387611,2.943562714141841],[33.3602305542786,2.939960958357001],[33.35668012237506,2.933751552865465],[33.353688178634016,2.930844500088971],[33.35037016466977,2.92926063041643],[33.35036992215217,2.9292603158452417],[33.35036947478312,2.929260102289988],[33.348561310516125,2.926914855508433],[33.348561355613036,2.926914412187913],[33.34856112148372,2.926914108497223],[33.3486562337851,2.925981722126449],[33.34892097825415,2.9233791789941006],[33.34876926772648,2.9232819271466406],[33.34783706804778,2.92268614843982],[33.34694879651603,2.919316497406343],[33.34543336535301,2.9071254505684316],[33.34434950185759,2.9042880889988982],[33.34001193650381,2.908448934515675],[33.33557656583583,2.910035176145401],[33.33557546098879,2.910035349222343],[33.335575420663645,2.910035363642253],[33.331821850254975,2.910623361359009],[33.324371390706055,2.911790493741449],[33.30712966167697,2.919595401212152],[33.3112941206643,2.924638885006867],[33.30992503386204,2.924661245585739],[33.308870104505836,2.9256341760877427],[33.30562854533453,2.928624258388855],[33.29913944923538,2.928485611684786],[33.29618825060875,2.9370674900295435],[33.29608137929411,2.937378334275193],[33.29608131030684,2.937378464917139],[33.29608129868164,2.937378498722385],[33.29186432911621,2.945364434022573],[33.291864248808736,2.945364359974781],[33.291863560384094,2.945365663651992],[33.290490458833524,2.944098827228534],[33.289429918249745,2.9441891672052294],[33.28883399515711,2.944241095504201],[33.28883329691176,2.9442399891714923],[33.28883217279571,2.944240084927015],[33.2880328734204,2.9429717606231938],[33.28793225534832,2.9428123366272017],[33.28589542568948,2.942004232004543],[33.28499593004387,2.94247947491182],[33.284994570546054,2.9424776254321996],[33.28499384983469,2.9424780049713],[33.284680542545836,2.9420504174003317],[33.283667017329066,2.9406716036868827],[33.2823478874988,2.941193021144706],[33.28163375521062,2.942718388833519],[33.28163226825771,2.9427180155169275],[33.281631909956346,2.942718782709233],[33.27917248386883,2.942100929325187],[33.27917227154786,2.9421004051131474],[33.27917123464363,2.942100144786442],[33.278554511489475,2.940576206717761],[33.27492947820298,2.9375578531280455],[33.26932275715041,2.932889506457361],[33.26932273489756,2.9328894452969805],[33.26932242251057,2.932889185190574],[33.267594314194106,2.928139722641199],[33.26702331965738,2.9279477371407263],[33.26490455929586,2.927235843463087],[33.263736686374195,2.925770852104955],[33.25823750111263,2.92555465738034],[33.25823699556046,2.9255540355743137],[33.25823692344633,2.925554032736065],[33.25821577548385,2.925527935851525],[33.25783302560472,2.925057171022331],[33.25868897746541,2.92419605418434],[33.25832146577774,2.9236255540325877],[33.25789085080775,2.922958353372297],[33.25600906349335,2.922869912318027],[33.2553740271564,2.9232260015211105],[33.25406089928074,2.923963686380779],[33.25406028742587,2.923962665718862],[33.254059088624004,2.923963337932998],[33.25309156172839,2.922346691921389],[33.25255956113393,2.921459238410949],[33.25255812887395,2.921464883710095],[33.25241613580258,2.923583699286602],[33.25191635834469,2.923994443063917],[33.251820832315126,2.924370962007365],[33.25153502913556,2.9243078397513567],[33.25139234372645,2.924425106232626],[33.24963387251824,2.923887951858955],[33.24961107196608,2.923882916147692],[33.24915784728913,2.9229244226080304],[33.248704984567595,2.923129019669452],[33.24765892464322,2.923602892330738],[33.247656687616534,2.923600331341818],[33.24636427792034,2.922701846639165],[33.24631242338611,2.922061393153003],[33.245920690191944,2.921612929853386],[33.24606281615919,2.918981724992359],[33.24349633447804,2.918076878132945],[33.24347559902356,2.918098275541258],[33.242688012059126,2.918917607062478],[33.24268468536865,2.918914438140141],[33.24268459800517,2.918914528292597],[33.24268416476481,2.9189139422259096],[33.241089005858655,2.91739443365406],[33.24113741586454,2.9172792020498863],[33.23935590034233,2.917478889780987],[33.239377865054315,2.916810371211289],[33.23837788345179,2.916575362876313],[33.23565278149984,2.918692369912703],[33.23450948316378,2.918068946582065],[33.232677621820784,2.918900918063512],[33.229748117564604,2.917418544389533],[33.22560234613829,2.928965144655871],[33.21659491376213,2.93036643256351],[33.2127387319025,2.933244999461135],[33.20966636478835,2.936925323944927],[33.20432727391128,2.951650194323616],[33.2041107858308,2.955326548683435],[33.21837412248966,2.9549981027681587],[33.225706184458346,2.954829259326219],[33.23383125988824,2.955985291418343],[33.25857799451843,2.955907416434139],[33.262114208877115,2.956802286171211],[33.262114500473956,2.9568024365331134],[33.26211454714154,2.956802448343443]]]}},{"type":"Feature","properties":{"n":"Wol","c":"322209","d":"Agago","od":"Agago","dc":"322","k":"WOL","a":["WOL"],"lat":3.106781,"lon":33.178166},"geometry":{"type":"Polygon","coordinates":[[[33.13651490291892,3.087382213328084],[33.13641716708496,3.087708103998385],[33.13653418881171,3.0898083360416857],[33.137486149859285,3.091689154396611],[33.13786566632676,3.096165719344264],[33.13697590930668,3.0977360565039644],[33.13706158467548,3.099273703912479],[33.137733346837074,3.100606349900702],[33.13716740624755,3.1011729226533857],[33.13779432202306,3.112424411045506],[33.13836552793164,3.113687380979182],[33.137938796693945,3.115017351191245],[33.138036207752855,3.11676562335382],[33.138934508147905,3.118805160580563],[33.138160679980146,3.118999572275222],[33.138233757497225,3.1203111213975867],[33.138389943040664,3.121114594802284],[33.13828552409462,3.121240195592938],[33.1383,3.1215],[33.13564903797453,3.1330506202538375],[33.13569173439294,3.133326399834548],[33.13556102307538,3.1334341137429877],[33.13467709853601,3.1372854992359587],[33.13493469446156,3.137826476682549],[33.13394793360472,3.1404625750080064],[33.13349633174094,3.142430268843025],[33.13391535160896,3.143469130408216],[33.132750217694,3.145998866085063],[33.1423,3.1648],[33.142301132183285,3.1648481177896266],[33.14239853598384,3.164916838050226],[33.142765880820825,3.167950138997453],[33.14239489657008,3.168833104228393],[33.14268907882198,3.1813358499341264],[33.157222669826886,3.18085184140494],[33.15721208504639,3.1818389063942263],[33.1756082353732,3.1818882258321],[33.17557595269539,3.181597393313103],[33.179386109737585,3.181898354181602],[33.18,3.1819],[33.18507755144892,3.180083112580577],[33.2108428625923,3.17065318670091],[33.21121665997134,3.170729821352109],[33.2113,3.1707],[33.21364731496523,3.171228145867176],[33.220676378350475,3.172669220232577],[33.22066715436084,3.172807609731189],[33.2353,3.1761],[33.2458,3.1721],[33.24642337711758,3.17231924549542],[33.24646213070282,3.172311636334412],[33.248751849428366,3.173138183263519],[33.28355946086743,3.1853802303313272],[33.293913957296816,3.18479559615973],[33.29780666811803,3.184521774295881],[33.30168249024004,3.181768769936415],[33.30676572872176,3.178158117661324],[33.30979913746481,3.177325582475286],[33.3261402779128,3.168144658603926],[33.32614496080066,3.1681397150770496],[33.33377471655975,3.159371817972309],[33.33377476384232,3.159371798937159],[33.333775396676614,3.159370978494629],[33.33774862752487,3.1577719895519856],[33.338386241948974,3.157515296916982],[33.338387698494145,3.1575138862916554],[33.3404947222947,3.1549706270160507],[33.34154564289912,3.1523529060766293],[33.342824746480375,3.141977245176135],[33.34282589439122,3.141964374672111],[33.34203580706767,3.140994489410655],[33.33861311104735,3.139936868697272],[33.33861239609194,3.139935863332919],[33.33861238686435,3.139935860480147],[33.33861236042814,3.1399358131827833],[33.3372960952476,3.138084892044068],[33.33640740806692,3.1359909045049315],[33.3340596554172,3.131790509991091],[33.33308117417949,3.130852021565773],[33.33243617118974,3.1288859134429274],[33.33179842436409,3.127744912380477],[33.33072627643976,3.12791389266482],[33.32342630156206,3.129064513967552],[33.31907099162545,3.132540496281702],[33.31883349589422,3.133969728422106],[33.31774373702464,3.134018940441096],[33.315943711850466,3.136755925146155],[33.31046079583319,3.136747235887891],[33.30564240808962,3.13539402719984],[33.297312510237994,3.132242548773321],[33.29731235739399,3.132242354635688],[33.29731234332603,3.132242349815791],[33.29714402334431,3.1320285420282508],[33.295589725396226,3.130054321734494],[33.2941222350294,3.130863876409719],[33.293272556583695,3.131332655754109],[33.29327250648026,3.1313326370470493],[33.29327159900645,3.131333137663391],[33.29208639238765,3.130890440040998],[33.28785175023213,3.121880866490903],[33.2847571273795,3.123831078999569],[33.284462934030046,3.1247293594818437],[33.28424315860382,3.125401238396485],[33.28424288102668,3.125401262223218],[33.28424280112482,3.125401506192974],[33.28108216907853,3.1256733613238814],[33.28075513794795,3.126593498316608],[33.28013589168076,3.128338990298503],[33.280134516958924,3.128339681713435],[33.280134513975504,3.128339690107607],[33.28012451654407,3.128344711411802],[33.27871529260698,3.129053479141916],[33.278713250946375,3.12904537883524],[33.278133003217995,3.128311635353258],[33.27725398575536,3.1283576967989166],[33.274798926434975,3.1290399650547402],[33.2724725009852,3.1298476064140273],[33.274713800562246,3.132324132334383],[33.26815970580467,3.134794393930942],[33.265375916525926,3.134247448125363],[33.264594474612736,3.133336944745065],[33.253426446210725,3.139462399485554],[33.24369829058769,3.134833490508536],[33.24957685855697,3.143719053572165],[33.246606613662166,3.145844434343689],[33.24669795322907,3.147225558463501],[33.24490196413509,3.147844489957183],[33.24371820871697,3.149368311074236],[33.244380846544146,3.150179170342106],[33.243292204502225,3.150558687463885],[33.24347969685044,3.151322097887307],[33.24064512725625,3.151862206801642],[33.23128333895342,3.149782409440224],[33.230914288718765,3.14460067079423],[33.23372703770808,3.137797567249167],[33.2331048003663,3.126289057198259],[33.232487417271514,3.125565510440065],[33.22630627472,3.130022840218873],[33.2257481658505,3.13337573677921],[33.22681893847944,3.135351168120942],[33.22674754071584,3.138110862679784],[33.2274614777616,3.139229276309272],[33.22970500488558,3.140108840322056],[33.23024790841266,3.14195292254082],[33.22813695140272,3.143370878758011],[33.22933098505514,3.145225983309289],[33.22689136486969,3.146319270074677],[33.2256716666931,3.145516029029415],[33.22447044620073,3.142676687593512],[33.22611145446977,3.138171468048192],[33.2214595305524,3.136651938030935],[33.221440146922546,3.131434243248399],[33.223787596595294,3.129408355706598],[33.21680958314018,3.128108729747283],[33.217257705401224,3.126269313559984],[33.21442622613262,3.127810379625767],[33.213868820911166,3.12455867905914],[33.21243323545282,3.123388607670879],[33.20398729935309,3.120757071940913],[33.208512548635326,3.115055471279646],[33.207856677767765,3.112334207901585],[33.210676680284664,3.108977246585146],[33.21209773128544,3.108059333093943],[33.21675396296129,3.110033516034771],[33.21967703315788,3.105502325156448],[33.218287242630204,3.103389622863054],[33.21160233252547,3.104792290567761],[33.20830723409954,3.100844151418652],[33.211505321547975,3.090670829107971],[33.20961588656381,3.089537830000574],[33.208483470683966,3.090977081989774],[33.20617519888996,3.090757963099194],[33.206714638999735,3.086986264115282],[33.20553301898042,3.085580600568316],[33.20665901323708,3.084937370491502],[33.21078328920123,3.085308385538969],[33.213429006724795,3.0829652279001145],[33.21556524592992,3.069631104956355],[33.212769781235274,3.069090881873451],[33.212769729605895,3.069090225131172],[33.21276905068715,3.069090094741556],[33.21264848072576,3.0675479005047896],[33.212634996846596,3.067376381239022],[33.21263506139529,3.0673762556450077],[33.21263505440754,3.067376166265686],[33.21295897643365,3.066746006005822],[33.21438865847869,3.06396423768289],[33.215605810522135,3.063878417010695],[33.21630137365272,3.061684425929126],[33.21479062775352,3.061422011810806],[33.21479035057492,3.0614216877498186],[33.214790257006754,3.061421671842791],[33.21474940087954,3.061373811764216],[33.213154065112384,3.059508638616669],[33.210124345103665,3.061954253628329],[33.20448035785629,3.045680091541707],[33.200974622481546,3.040443688660422],[33.19638048188353,3.038397104586852],[33.19555854675945,3.025941794555001],[33.19374858946663,3.025957628925737],[33.193288730711586,3.026206898176384],[33.190440717483284,3.027751390149743],[33.18525245265112,3.028344002999543],[33.184166952065254,3.0283591673904917],[33.18282869489763,3.028488924242697],[33.17536086683703,3.0284821879773705],[33.167559410140235,3.028591173952009],[33.166874727683016,3.028474533156655],[33.165918988392626,3.028473671043415],[33.16467383088704,3.028099593869005],[33.16362529962969,3.027920968699744],[33.16358283691007,3.0277718313631596],[33.16218722985959,3.027352555295925],[33.149827427602595,3.025868673172382],[33.147031018099355,3.02614831171399],[33.14341423874004,3.028070914157522],[33.139239741807344,3.0319969209553],[33.13880998542017,3.038704163086692],[33.13985219289342,3.040665061978383],[33.13863862429234,3.046944542665412],[33.13976431286319,3.048771015839802],[33.138880695039006,3.050687843180414],[33.139473063699256,3.051571409884149],[33.13821135846794,3.052362053983454],[33.13899374674022,3.05336713117191],[33.13769642937214,3.054168483817636],[33.13671884396978,3.0602851787444867],[33.1367,3.0605],[33.133163416201576,3.069341459496064],[33.133398573724016,3.070265586563226],[33.13325668325282,3.072777133472453],[33.13141381592872,3.0737154601782093],[33.1313407300591,3.073898174852263],[33.13527129001425,3.083537805871325],[33.13651490291892,3.087382213328084]]]}},{"type":"Feature","properties":{"n":"Wol Town Council","c":"322210","d":"Agago","od":"Agago","dc":"322","k":"WOLTOWNCOUNCIL","a":["WOL","WOLTOWNCOUNCIL"],"lat":3.11907,"lon":33.233454},"geometry":{"type":"Polygon","coordinates":[[[33.212714824697024,3.123618116486235],[33.213868820911166,3.12455867905914],[33.21442622613262,3.127810379625767],[33.217257705401224,3.126269313559984],[33.21680958314018,3.128108729747283],[33.22306416977089,3.129273620471892],[33.22378424591504,3.129407675978739],[33.22378419290502,3.129407721783453],[33.223787596595294,3.129408355706598],[33.22144042793376,3.131434000731118],[33.22147420121864,3.136656730138054],[33.22611145446977,3.138171468048192],[33.22447044620073,3.142676687593512],[33.22551959095993,3.145156565522635],[33.2268827901265,3.146313623115611],[33.22689136486969,3.146319270074677],[33.22933098505514,3.145225983309289],[33.22813695140272,3.143370878758011],[33.23024790841266,3.14195292254082],[33.22970500488558,3.140108840322056],[33.22779186364693,3.1393588025057513],[33.22746223412636,3.139229735530731],[33.22746209548386,3.1392295184843095],[33.2274614777616,3.139229276309272],[33.226759302801824,3.1381292885022765],[33.2267476922557,3.138111112059518],[33.22674769255293,3.138111100539221],[33.22674754071584,3.138110862679784],[33.2268047438799,3.1358998233888116],[33.2268189010603,3.1353510990876616],[33.2257481658505,3.13337573677921],[33.22630627472,3.130022840218873],[33.232487417271514,3.125565510440065],[33.23248917585917,3.125567571430086],[33.2324891933322,3.125567558835956],[33.232506096187684,3.125587401336259],[33.2331048003663,3.126289057198259],[33.23372703770808,3.137797567249167],[33.230914288718765,3.14460067079423],[33.23128333895342,3.149782409440224],[33.24064512725625,3.151862206801642],[33.24126275977628,3.1517445209171484],[33.243479395623645,3.1513208713856495],[33.243292204502225,3.150558687463885],[33.24404932674258,3.150294743171428],[33.244379955256925,3.1501780796882426],[33.24371820871697,3.149368311074236],[33.24490196413509,3.147844489957183],[33.24669795322907,3.147225558463501],[33.24661820963892,3.146019774382249],[33.24660617110272,3.145845882863573],[33.246606685120256,3.1458455148446602],[33.246606613662166,3.145844434343689],[33.24937855454502,3.14386095147919],[33.24957682221154,3.1437189986353737],[33.24369829058769,3.134833490508536],[33.253426446210725,3.139462399485554],[33.25414965670096,3.139065732055428],[33.264591341265955,3.133338083035323],[33.26459168085873,3.1333384770668973],[33.264594474612736,3.133336944745065],[33.265375916525926,3.134247448125363],[33.26815970580467,3.134794393930942],[33.269103541732335,3.1344386588169706],[33.27471360570866,3.1323239170307495],[33.27263296482842,3.1300249110773897],[33.27016460188431,3.130648816170015],[33.270151806334134,3.130653258270465],[33.27015086719792,3.1306522877586667],[33.27015085945531,3.130652289715693],[33.26913256811925,3.129599968345071],[33.26706335026579,3.127461620030964],[33.264030706730075,3.122034781455826],[33.26018838168526,3.117382391551165],[33.265264190658364,3.115041988706706],[33.26048104686331,3.110478968347485],[33.25496060161978,3.107337838126151],[33.254835056532436,3.106527427403499],[33.25750882125668,3.10464285393652],[33.25642926429014,3.103688524066845],[33.25642926216575,3.103688522197367],[33.25294328735466,3.103469291680723],[33.250022074760686,3.098535772232121],[33.24765610549358,3.097248686950769],[33.23936052129813,3.097034912576411],[33.23844911885558,3.097949816978169],[33.23570219499939,3.098331320964069],[33.23347685720509,3.096989729278834],[33.233334093193605,3.096903732327158],[33.23153400294945,3.096903917629534],[33.229297635426626,3.0911916115405695],[33.2276535303124,3.090393573787697],[33.22765334027138,3.0903932135188277],[33.22765141109453,3.090392277403433],[33.226436418444315,3.08808624294023],[33.22641723913697,3.0880498839097807],[33.224521385103124,3.086716657470972],[33.22120681348617,3.086241289115695],[33.214483847637624,3.083418645614348],[33.21342741799571,3.082975115368551],[33.210783623156445,3.085308257850733],[33.21078345086842,3.0853082423597713],[33.21078328920123,3.085308385538969],[33.20732959002049,3.084997694795523],[33.20665896692167,3.0849373969494205],[33.20553301898042,3.085580600568316],[33.206714638999735,3.086986264115282],[33.20617519888996,3.090757963099194],[33.208483470683966,3.090977081989774],[33.20961588656381,3.089537830000574],[33.211505321547975,3.090670829107971],[33.20830723409954,3.100844151418652],[33.21160233252547,3.104792290567761],[33.218287242630204,3.103389622863054],[33.21967703315788,3.105502325156448],[33.21675396296129,3.110033516034771],[33.21209773128544,3.108059333093943],[33.210676680284664,3.108977246585146],[33.207856677767765,3.112334207901585],[33.208512548635326,3.115055471279646],[33.20398729935309,3.120757071940913],[33.21243323545282,3.123388607670879],[33.21243384368566,3.123389103409978],[33.21243400342917,3.123389153148497],[33.212714824697024,3.123618116486235]]]}},{"type":"Feature","properties":{"n":"Agengo","c":"322301","d":"Agago","od":"Agago","dc":"322","k":"AGENGO","a":["AGENGO"],"lat":2.864392,"lon":33.21596},"geometry":{"type":"MultiPolygon","coordinates":[[[[33.1882,2.9614],[33.184063480790456,2.967536293396946],[33.185277127139,2.966620728240031],[33.18830723699522,2.961335519140105],[33.1883481899189,2.9613049347690112],[33.1882,2.9614]]],[[[33.204327077549,2.951653528905859],[33.20432727391128,2.951650194323616],[33.20966636478835,2.936925323944927],[33.21253113354999,2.933493677197604],[33.21273841622879,2.933245355091023],[33.21273846609382,2.9332453178678044],[33.2127387319025,2.933244999461135],[33.21659491376213,2.93036643256351],[33.22560234613829,2.928965144655871],[33.22746439910494,2.9237790455998063],[33.2297465249226,2.917419612119169],[33.22974754835205,2.917420129732549],[33.229748117564604,2.917418544389533],[33.232677621820784,2.918900918063512],[33.23450948316378,2.918068946582065],[33.23565278149984,2.918692369912703],[33.23837788345179,2.916575362876313],[33.239377865054315,2.916810371211289],[33.23935590034233,2.917478889780987],[33.241137402468944,2.9172792035513817],[33.242155334661184,2.9148562232935937],[33.24419120426074,2.910010189595654],[33.24543682636358,2.89567105908957],[33.24537038168869,2.892697347167638],[33.24326608756237,2.886354572526737],[33.24444924578241,2.885626817288298],[33.24740522306766,2.88073706955388],[33.2506980924532,2.878148632010538],[33.250682011737965,2.8773424776633103],[33.25030346514054,2.858374716415535],[33.251118223136885,2.848440372610562],[33.24977873190527,2.843325361026677],[33.25383356494344,2.83991536712152],[33.253768713304105,2.836491408891265],[33.25011217454875,2.834702396230564],[33.249524575613094,2.821935011881534],[33.24354475028892,2.807760992522628],[33.24705017971948,2.807077515470977],[33.246291627506295,2.804496694665604],[33.24306703827333,2.801457429370842],[33.24139276937915,2.801568663439582],[33.23832856884573,2.791834378304274],[33.2432172404277,2.779964741819515],[33.243703842668765,2.772871020354327],[33.237827756912104,2.772959857742259],[33.23481538374387,2.777999350578215],[33.2320294458767,2.780405438280824],[33.22898954359507,2.778593856135889],[33.223761328178696,2.776986719005344],[33.22227848825665,2.774857915753585],[33.22219338001326,2.773236268506115],[33.21708353685258,2.768641253778771],[33.21183529917627,2.766913485607825],[33.21045168310327,2.771123800751012],[33.208657640994176,2.773380068960279],[33.20886356106848,2.776197914266641],[33.202099787306416,2.777616974662234],[33.20249803590785,2.780008894128562],[33.20081321006132,2.786367572113464],[33.20033635639052,2.786746956521907],[33.19792903657396,2.784920491345486],[33.19361283075141,2.787016105878835],[33.195177169156665,2.793092731936274],[33.19710882930188,2.793904591540762],[33.19548008638928,2.798502272708089],[33.19028934264476,2.798132489520827],[33.18998770478525,2.794734591323893],[33.18438771019539,2.793805371110682],[33.18332732577183,2.790352275509413],[33.18211476145984,2.791224041471899],[33.1793135071077,2.797653398374507],[33.17751502607296,2.798445251477363],[33.177319732068405,2.800390544490327],[33.175499500606236,2.8024897204143],[33.1735169829889,2.820014453227838],[33.17139846983273,2.822715985743912],[33.16787634341478,2.835451420754571],[33.1634861977877,2.841861327929173],[33.16228118933839,2.842492862336405],[33.162262544956235,2.844110454767143],[33.16367706055791,2.844150559628374],[33.16412040510157,2.845104121302334],[33.16291926947528,2.845957039339785],[33.16310011119381,2.846545117417079],[33.16396319477976,2.846170685768682],[33.16402334971206,2.8473785902638],[33.162344400565594,2.847801478998818],[33.16367096113337,2.849175861307685],[33.162380169186676,2.849578305488905],[33.16237405583363,2.8496625914325744],[33.1634,2.8499],[33.16383957311978,2.850251995333463],[33.163980851300096,2.850238401552649],[33.16419766465986,2.850538742965173],[33.165608214069835,2.851668263373926],[33.16594472749638,2.851445210506165],[33.165981722314555,2.8519673561829175],[33.166353405021965,2.852264987163179],[33.16686330709118,2.851876984721649],[33.16760354752033,2.852512726491249],[33.16796312119734,2.853553993602464],[33.17295749093181,2.8575533164932843],[33.17312689077704,2.857260341257602],[33.17491656374075,2.857037240821148],[33.17473192803531,2.856238721447184],[33.1777506784172,2.857169335504903],[33.177752894411555,2.858807564428928],[33.17965188981641,2.86042359621903],[33.17843817917898,2.861301241589111],[33.17895213332851,2.862353624006349],[33.184234072265205,2.866583222618495],[33.18489459347965,2.866429403396678],[33.18625596430353,2.8682022855917118],[33.18678990885425,2.8686298503852012],[33.1885062687315,2.86951221667622],[33.18875937216629,2.87020693020212],[33.1895,2.8708],[33.19056160859949,2.874766009484869],[33.19263237987879,2.876342849850282],[33.19207609868721,2.87858550253052],[33.19315258909923,2.879355721346466],[33.19247590616893,2.881169714151407],[33.19490983649909,2.883796651555259],[33.19488148181055,2.885245610514545],[33.196508938852894,2.885466934527057],[33.19476843867805,2.887637115912361],[33.195801945439506,2.888686174346519],[33.19511883281831,2.889964918086135],[33.1965088431396,2.891091198988018],[33.18974464326323,2.895163242364162],[33.18800687767627,2.896731844929385],[33.18414571461693,2.90291570684079],[33.18389973948321,2.907163707744562],[33.18477048407132,2.910190564612956],[33.1858195575961,2.910251791534436],[33.18542313925684,2.925021351400233],[33.1988,2.9546],[33.195556278471074,2.956680877961951],[33.198701842125914,2.959604357739856],[33.203497426073746,2.960744581433739],[33.20351507350051,2.960588695442745],[33.204327077549,2.951653528905859]]]]}},{"type":"Feature","properties":{"n":"Arum","c":"322302","d":"Agago","od":"Agago","dc":"322","k":"ARUM","a":["ARUM"],"lat":2.67294,"lon":33.135068},"geometry":{"type":"Polygon","coordinates":[[[33.04277597027215,2.725770467685639],[33.043799329186015,2.728967895216865],[33.039285511895024,2.733115764278815],[33.04230625348166,2.743155618599761],[33.04818195620238,2.74207100079939],[33.054114285282694,2.750202002120431],[33.060117568158894,2.754867566504299],[33.06531096396185,2.744442523163385],[33.06303523896948,2.731643437912039],[33.06496777167036,2.730879790162559],[33.067618943797086,2.731053317556436],[33.06804832236102,2.730176223693535],[33.07151401127924,2.729711474631015],[33.07449481015306,2.730577091681126],[33.08078403621207,2.728246859683564],[33.08484317526259,2.728308731181317],[33.08525697870324,2.726296870689528],[33.09076361320421,2.726238289438945],[33.091299827964804,2.729360070456302],[33.10413643625002,2.732639818408578],[33.10318362646518,2.737529529797269],[33.10362584282767,2.740384877219384],[33.11309839513174,2.740302582300105],[33.11830522877549,2.739641640732303],[33.1241271947537,2.737551163712448],[33.12888941891763,2.731787137530468],[33.13477619403435,2.727498502575091],[33.13842606103469,2.725933055452173],[33.14091142412028,2.725851934556757],[33.14987446195961,2.730654450672402],[33.15277918360161,2.732997125199778],[33.15505575909662,2.733548704077084],[33.15929460671008,2.732706765103611],[33.16515569211202,2.729575613067317],[33.17140925008153,2.729755674757306],[33.173646388516865,2.72874212410162],[33.17610498551205,2.725847135490937],[33.18574006929742,2.718940942085332],[33.187375724740235,2.713439506114624],[33.189308234445484,2.712398249466831],[33.190326073359664,2.712992407819782],[33.195224686534964,2.711996829331784],[33.20383920569697,2.719317553945515],[33.21538039428615,2.708628978112403],[33.205756145783226,2.698982042710037],[33.20850603035244,2.692854968605257],[33.20814201402232,2.68480987626826],[33.2095184631719,2.679457997394446],[33.20863041674736,2.679607178124241],[33.20788102410432,2.6757179109587],[33.202637826052694,2.668322436514665],[33.19127166660709,2.66240372707312],[33.19074270084283,2.653573048048642],[33.191427333157016,2.651384358904125],[33.18916029130137,2.644612318520305],[33.18662629048332,2.639972147943148],[33.187021939638676,2.636866413618471],[33.19066050966701,2.627266023219063],[33.18724579226721,2.619192658354805],[33.18614239699144,2.610235169690796],[33.18135737112808,2.600855684031604],[33.18044019057379,2.596796306072359],[33.18021961999123,2.59184390413744],[33.18305554450097,2.585863528389097],[33.157350535324035,2.619212142039336],[33.123115393281516,2.60708831560391],[33.116902305730065,2.6049115472540185],[33.113520438402006,2.60770874915451],[33.108592590313336,2.607589790321685],[33.10651759560969,2.605552678674313],[33.10643476692216,2.601289889157604],[33.1037427606686,2.60030107283988],[33.1006,2.5992],[33.091092272471,2.6229335754859235],[33.09129234422175,2.625921644591534],[33.087302109782705,2.6324103379352684],[33.0903,2.6471],[33.0781,2.6675],[33.06647716978563,2.6693874681544703],[33.06642930182072,2.669416140051385],[33.065932170796444,2.670161369095981],[33.0562,2.686],[33.0557926196543,2.686173881854873],[33.04786327756553,2.689796979058483],[33.03993182001464,2.707025145050183],[33.04006776704363,2.708397894782213],[33.037369172826736,2.713540251304765],[33.04645621175984,2.724479812898998],[33.04277597027215,2.725770467685639]]]}},{"type":"Feature","properties":{"n":"Geregere","c":"322303","d":"Agago","od":"Agago","dc":"322","k":"GEREGERE","a":["GEREGERE"],"lat":2.766835,"lon":33.241976},"geometry":{"type":"MultiPolygon","coordinates":[[[[33.2123123451173,2.720733655603212],[33.21385711641504,2.724581417426422],[33.210191404716824,2.723758845962155],[33.207153552871524,2.725402887571834],[33.20738727836796,2.73196093213886],[33.21059529214658,2.732875629471034],[33.21457003488994,2.731723888239386],[33.21704926283018,2.73369397411809],[33.216807987498285,2.733018845326821],[33.21890538341375,2.732545036167887],[33.221769621891845,2.733061108725334],[33.22279268230417,2.736303297451629],[33.218757711742626,2.737033250291627],[33.215751650494504,2.740671377508719],[33.21709805262942,2.744640127569365],[33.21733439665112,2.749866253823098],[33.210080762167756,2.748762393485594],[33.20753503098893,2.752175665061997],[33.20519645213421,2.753734160478326],[33.21203010113626,2.762833076736759],[33.2154908586251,2.762867931329203],[33.217907877153785,2.763829159472792],[33.217362901338085,2.765954943061829],[33.21543489914858,2.767715228128399],[33.21622073558106,2.7683572116551636],[33.21708353685258,2.768641253778771],[33.22219338001326,2.773236268506115],[33.22227848825665,2.774857915753585],[33.223761328178696,2.776986719005344],[33.22898954359507,2.778593856135889],[33.2320294458767,2.780405438280824],[33.23481538374387,2.777999350578215],[33.237827756912104,2.772959857742259],[33.23782832421126,2.772959849165568],[33.23782866236978,2.772959283549958],[33.239586555451915,2.772933267410762],[33.243703842668765,2.772871020354327],[33.2432172404277,2.779964741819515],[33.24203299283092,2.7828400809062086],[33.23832859818428,2.791834471506334],[33.24139276937915,2.801568663439582],[33.24306703827333,2.801457429370842],[33.246291627506295,2.804496694665604],[33.24705017971948,2.807077515470977],[33.24354475028892,2.807760992522628],[33.249524575613094,2.8219350118815325],[33.249522111259,2.821881466250304],[33.25048781912396,2.822185491633751],[33.250311666451296,2.822547598192607],[33.25009581860829,2.8229921617737475],[33.250777294697436,2.824124355899605],[33.25295429386402,2.825451790493417],[33.252954627277134,2.8254514100543835],[33.254311624489105,2.823486545360093],[33.25454280712587,2.823639226954616],[33.25468657421354,2.823475182380713],[33.25683571550459,2.8251535487577306],[33.25683610875067,2.8251538084720345],[33.25760320381848,2.824667270842036],[33.25856618417933,2.8251231734607223],[33.2640251493,2.7827635993],[33.26405891513759,2.7827458165411847],[33.26411561999098,2.782308328675841],[33.272452393395184,2.778325396076778],[33.2725507229,2.7782736109],[33.2713625803,2.7731740095],[33.271050479027735,2.772511616979032],[33.26922208884081,2.7686313443822548],[33.267639483,2.768330488],[33.2674944571,2.7658440914],[33.265849294,2.7658512522],[33.265762024294396,2.762027099475537],[33.26573129452729,2.7606860988678315],[33.2643150244,2.7596170307],[33.2650045933,2.754668708],[33.2666260226,2.7514499441],[33.2642685735,2.752513998],[33.261851806,2.7478293207],[33.2585202038,2.745721964],[33.2585440562,2.7436723724],[33.2650492905,2.7426631389],[33.26423715446194,2.72988393854804],[33.26254243905113,2.729886047385833],[33.257345740503226,2.726101046652504],[33.25047181129541,2.723397462515532],[33.2440125684689,2.721796095303906],[33.23511952004381,2.722066170487057],[33.23379537040824,2.720416780015458],[33.225588907376356,2.714882001964919],[33.21738140860137,2.710914000731988],[33.21538040180945,2.708628986458024],[33.203839125306075,2.719317632742809],[33.20518037800531,2.720238721666452],[33.2123123451173,2.720733655603212]]],[[[33.249524575613094,2.821935011881534],[33.249533089711655,2.8221200067174497],[33.249524575613094,2.8219350118815325],[33.249524575613094,2.821935011881534]]]]}},{"type":"Feature","properties":{"n":"Lamiyo","c":"322304","d":"Agago","od":"Agago","dc":"322","k":"LAMIYO","a":["LAMIYO"],"lat":2.782288,"lon":33.09086},"geometry":{"type":"Polygon","coordinates":[[[33.01750842319322,2.7465790715084597],[33.03015798185754,2.7860478661391888],[33.03027967063213,2.786393811296817],[33.03150542802928,2.788203859828434],[33.036565635125896,2.8054463018939853],[33.03857114878582,2.808442775244699],[33.03882650373809,2.80880335482613],[33.04101730402523,2.810287646676998],[33.041040550615016,2.811318385619929],[33.0464108677642,2.811774184212541],[33.05596997723517,2.815719443464454],[33.05376229769142,2.819450803658347],[33.042648168853866,2.830670191260572],[33.04289616538547,2.831809266879825],[33.04196468747831,2.831427514492211],[33.04156016627084,2.833133955736133],[33.04082116590025,2.832988920810781],[33.02305378800016,2.8379336156037276],[33.022922076524864,2.838138876622643],[33.021228578153746,2.8384415749477783],[33.0203,2.8387],[33.020746069454475,2.8399638634543525],[33.02078462093164,2.839969536302815],[33.02210690207527,2.842893349314857],[33.02189095504124,2.8432077059501903],[33.0233,2.8472],[33.03462839814243,2.8450549778665217],[33.03536864564364,2.843517475303905],[33.03622502264108,2.843227843819395],[33.03433223555072,2.838841192819249],[33.03630700798922,2.838071144145658],[33.03902116699793,2.839219571402813],[33.04023639176093,2.843987670828012],[33.04026548084293,2.844013505423855],[33.04926990443216,2.8458706677891334],[33.049853042444525,2.845805878761371],[33.05118402726841,2.843204344505108],[33.051686080961794,2.843607229047055],[33.05209200743553,2.842892684757298],[33.05320934754824,2.843317350031084],[33.05437622779348,2.845262731239833],[33.05604228845356,2.845760414790931],[33.05566185228352,2.846384521744805],[33.05626592867134,2.8471565081859036],[33.059450677687046,2.840224995622306],[33.05957738710485,2.838234314246487],[33.060422914585985,2.83749998388943],[33.060399495070776,2.835464812140259],[33.0610178174723,2.835998120983203],[33.06187520278443,2.834180439022413],[33.0622610017616,2.8341084079306493],[33.062554990735244,2.833468549576239],[33.0622558523174,2.83307691084135],[33.06269674201159,2.8331600320924366],[33.063,2.8325],[33.06314106289065,2.832451757712722],[33.06320585662998,2.83204799861305],[33.063618176883786,2.832288588857927],[33.065534823370676,2.831633112353752],[33.065919446843566,2.831186908635484],[33.06668868615469,2.831238501271773],[33.06786022505751,2.8308378451102043],[33.069072150595545,2.829284520019703],[33.07154936882973,2.829281622014998],[33.07174589647321,2.82950897912821],[33.077337111241384,2.827596832086281],[33.078872319750374,2.825672426084092],[33.07889591418402,2.824074684259288],[33.08058799756677,2.82258535206191],[33.08311847071683,2.822890832143396],[33.08363144186619,2.822262716943933],[33.084455813222206,2.824025930491188],[33.085871898304546,2.824355088339262],[33.08599865422137,2.82463465937884],[33.0861,2.8246],[33.08613582844403,2.8249372088849634],[33.086396079101405,2.825511214017487],[33.08624361671917,2.825951686768681],[33.08652733609713,2.8286219867964824],[33.08692825483222,2.828823265387312],[33.08660052985523,2.829310869225733],[33.08759848945026,2.8387034301200647],[33.08810113965,2.8408617598496133],[33.09160321510564,2.8439058715918297],[33.095737762398265,2.844047451219855],[33.09593463372349,2.845453170531592],[33.09881185493989,2.848652058208959],[33.098522297084955,2.849215098176672],[33.1007879921226,2.84955935982212],[33.10030689320681,2.850746284146663],[33.10088669959856,2.8518750969238176],[33.10518626844511,2.8506401143827875],[33.105364686182895,2.849979450137846],[33.10635715709616,2.849091401391281],[33.1072331932314,2.849015626474019],[33.107696689512146,2.849919035991192],[33.11009931378031,2.849228920509911],[33.11027011033539,2.847567555581189],[33.11158339101178,2.847336946598926],[33.110169787086676,2.846284436787441],[33.11052789542976,2.845028320399838],[33.11444113106244,2.844357948113606],[33.11445076931827,2.844361358329208],[33.11701693095162,2.8414403020018737],[33.1170777330553,2.840945538201002],[33.11775118944587,2.8406044971201285],[33.11936822318358,2.838763831056988],[33.11945489981449,2.838380572630421],[33.12008274032826,2.837950497711451],[33.125200773506265,2.832124651434358],[33.12390938909591,2.831225683871069],[33.124161318567445,2.830209629895089],[33.12511911488339,2.828998907617945],[33.12598362291654,2.829890604702044],[33.12772615034941,2.827469689606387],[33.12876527911969,2.8280671822786516],[33.129,2.8278],[33.130384431020914,2.8289981846952323],[33.13073581460329,2.829200228100852],[33.13091476824749,2.829457176106576],[33.14212334739995,2.839157874655563],[33.14245338349157,2.839096292353068],[33.14594091556724,2.840302932184096],[33.1522295219663,2.810279652854012],[33.153171002377285,2.802224161528414],[33.1527115896892,2.790760829067786],[33.153483671746564,2.790699152067012],[33.153483457811056,2.78901702979041],[33.15286142267431,2.789235403180628],[33.15268259113372,2.775932493101106],[33.15614604874539,2.77827567045471],[33.1577800469743,2.778527765084241],[33.15728159473979,2.776634427048907],[33.15357885938939,2.771172753184713],[33.15227719426916,2.76551329358304],[33.1495899184024,2.767602578667181],[33.14206092157118,2.764736020082697],[33.13932781574596,2.764990189905702],[33.13483074678431,2.767092742210087],[33.1304144253125,2.768034100683674],[33.12704276539392,2.770123420383471],[33.11592710349342,2.757734781801798],[33.1108013961871,2.755257426480963],[33.10853392469886,2.75525711527008],[33.10255420956295,2.752813269012865],[33.09604989975371,2.751859808527884],[33.09834581233083,2.748290816395745],[33.10046583558943,2.746869133890487],[33.09960041589539,2.745989512885967],[33.10146927100238,2.745077190349472],[33.10096924160934,2.74354487797837],[33.101563865692434,2.742315258938469],[33.103520306297106,2.74101864868682],[33.103184058747885,2.7375323210040574],[33.10318362646518,2.737529529797269],[33.10413643625002,2.732639818408578],[33.091299827964804,2.729360070456302],[33.09076361320421,2.726238289438945],[33.08525697870324,2.726296870689528],[33.08484317526259,2.728308731181317],[33.08082078683426,2.7282474198555633],[33.08078398252838,2.7282468795740025],[33.07449481015306,2.730577091681126],[33.074494585316216,2.73057702638903],[33.074494323964565,2.730577123219301],[33.071363611425454,2.7297316432591576],[33.07111346299149,2.729765188177043],[33.06788247452139,2.7305150019524715],[33.067618943797086,2.731053317556436],[33.066015172370214,2.7309483457693258],[33.063056949101956,2.7316348590694695],[33.063035608008335,2.731643292084914],[33.06531094257633,2.744442249649293],[33.06531092249119,2.7444422899249625],[33.06531096396185,2.744442523163385],[33.060117568158894,2.754867566504299],[33.06011350015443,2.7548644049779907],[33.06011343181719,2.754864542011021],[33.05439201940859,2.750417848428642],[33.054114285282694,2.750202002120431],[33.05411426972874,2.7502019808017883],[33.05411425433749,2.750201968839677],[33.054033539178526,2.7500913294536287],[33.04818195620238,2.74207100079939],[33.04230625348166,2.743155618599761],[33.039285511895024,2.733115764278815],[33.043799329186015,2.728967895216865],[33.04277597027215,2.725770467685639],[33.04277814273199,2.725769705807458],[33.04277793764086,2.725769064030952],[33.04378199906289,2.7254176550023934],[33.04645621175984,2.724479812898998],[33.03866150395466,2.715096042589265],[33.037370643035736,2.713542538303633],[33.03737082892179,2.7135422450184437],[33.037369172826736,2.713540251304765],[33.038248921917805,2.7118638290222528],[33.03581859750633,2.7159596037772418],[33.0358,2.716],[33.01918488546007,2.7277539238230104],[33.01697269095836,2.730649071490947],[33.01291247601275,2.732192597432388],[33.01803396041598,2.743808665485295],[33.01750842319322,2.7465790715084597]]]}},{"type":"Feature","properties":{"n":"Lira-Palwo","c":"322305","d":"Agago","od":"Agago","dc":"322","k":"LIRAPALWO","a":["LIRA","LIRAPALWO","PALWO"],"lat":2.754496,"lon":33.132949},"geometry":{"type":"MultiPolygon","coordinates":[[[[33.1159269573113,2.75773469683945],[33.11592697998086,2.7577347221057447],[33.11592710349342,2.757734781801798],[33.12704276539392,2.770123420383471],[33.1304144253125,2.768034100683674],[33.13041470109476,2.7680340418994653],[33.137810259368806,2.765699705744801],[33.13932781574596,2.764990189905702],[33.140363165138154,2.764893905828688],[33.14049665344028,2.76485177154236],[33.14204186639525,2.7647377921511795],[33.14206092157118,2.764736020082697],[33.1495899184024,2.767602578667181],[33.15227719426916,2.76551329358304],[33.15236418100375,2.76589149985331],[33.157786762485976,2.760505403482575],[33.16028281264975,2.750097556009616],[33.16619610840363,2.7461651853305],[33.16323821454709,2.738402150397317],[33.16321174142459,2.73416764709137],[33.169193936093926,2.741840137338286],[33.17306267248898,2.744742442581015],[33.173919913357075,2.74652986884753],[33.18302018729816,2.74961948299759],[33.18370167025182,2.750035169427352],[33.18251027135822,2.751717998299385],[33.18903477056699,2.753733094296392],[33.188776836723996,2.756091789153355],[33.187102391618794,2.7584739484108],[33.189003775137365,2.761407827972367],[33.188201702039045,2.765682760178154],[33.19182839380038,2.771577240948614],[33.19280290030346,2.77192094172312],[33.192906568172255,2.774992255369019],[33.19192835514892,2.77894417930165],[33.1844780107041,2.77948044900441],[33.18781164812988,2.782934753906989],[33.18327118139488,2.788668499545448],[33.18319792870078,2.7904453047706803],[33.18332732577183,2.790352275509413],[33.18438771019539,2.793805371110682],[33.18998770478525,2.794734591323893],[33.19028930648805,2.7981320822216866],[33.19171730534141,2.798234216098606],[33.19548008638928,2.798502272708089],[33.19710882930188,2.793904591540762],[33.195177169156665,2.793092731936274],[33.19361283075141,2.787016105878835],[33.19792903657396,2.784920491345486],[33.20033635639052,2.786746956521907],[33.20081321006132,2.786367572113464],[33.202497919141514,2.7800093348147805],[33.2024669852538,2.779822400908986],[33.202099787306416,2.777616974662234],[33.20886356106848,2.776197914266641],[33.208657640994176,2.773380068960279],[33.21045168310327,2.771123800751012],[33.21048232342654,2.7710305628799206],[33.2118339414445,2.766915927587482],[33.21183445893218,2.7669160424532406],[33.21183529917627,2.766913485607825],[33.21186088034488,2.7669219071640914],[33.21543488611304,2.7677152224441],[33.21724444053254,2.766063098948847],[33.217362901338085,2.765954943061829],[33.217874925609074,2.763957693347059],[33.217507597204765,2.7636699714699926],[33.21594927385595,2.7630502392495226],[33.21205570005222,2.7628333345530853],[33.21203010113626,2.762833076736759],[33.20519645213421,2.753734160478326],[33.20752109890877,2.7521849497961943],[33.20753513908827,2.7521755201243043],[33.210080762167756,2.748762393485594],[33.21733439665112,2.749866253823098],[33.21709805262942,2.744640127569365],[33.215751650494504,2.740671377508719],[33.218757711742626,2.737033250291627],[33.22276779846086,2.73630779910333],[33.22277815855766,2.7362572701333856],[33.22177823371998,2.7330884005370053],[33.21893033662703,2.7325495321861806],[33.21890538341375,2.732545036167887],[33.216807987498285,2.733018845326821],[33.21704926283018,2.73369397411809],[33.2170363162037,2.73368368625162],[33.21703816578237,2.733688982887397],[33.21456998451667,2.7317239028357947],[33.211636910071505,2.732573805079061],[33.21059535712709,2.732875626836412],[33.210595328957375,2.7328756188045547],[33.21059529214658,2.732875629471034],[33.20738727836796,2.73196093213886],[33.207153552871524,2.725402887571834],[33.20715614960961,2.7254014822546306],[33.207156117271865,2.725400570236141],[33.210123042802294,2.7237958424444484],[33.210191404716824,2.723758845962155],[33.21385708887472,2.724581411246481],[33.21382773559426,2.724508234813095],[33.2123123451173,2.720733655603212],[33.20518037800531,2.720238721666452],[33.204958093893715,2.7200860707653907],[33.204709566791955,2.720064190157988],[33.195583209161164,2.71230150628065],[33.195224686534964,2.711996829331784],[33.190326073359664,2.712992407819782],[33.189308234445484,2.712398249466831],[33.187375724740235,2.713439506114624],[33.18574006929742,2.718940942085332],[33.17610526668653,2.725846933951917],[33.173646739782846,2.728741744025279],[33.17364669348094,2.728741765007579],[33.173646388516865,2.72874212410162],[33.1715632468978,2.72968590546112],[33.17140990406694,2.72975539472523],[33.17140987031743,2.729755393755248],[33.17140925008153,2.729755674757306],[33.16575391410946,2.7295928379598298],[33.165155635963075,2.7295756430636193],[33.15929460671008,2.732706765103611],[33.15929417405558,2.7327068510393917],[33.15929409898572,2.73270689114255],[33.155056043976074,2.733548680947342],[33.155055968088824,2.733548662566112],[33.15505575909662,2.733548704077084],[33.15367711611303,2.733214680298492],[33.15277962065416,2.73299729106905],[33.15277951434001,2.7329972053325546],[33.15277918360161,2.732997125199778],[33.14987446195961,2.730654450672402],[33.14091142412028,2.725851934556757],[33.140904077166276,2.7258521743573283],[33.13784667790647,2.726181555918373],[33.13583965339995,2.727042379268665],[33.128889308237426,2.73178727149384],[33.128888295593526,2.731788497161872],[33.12687414238307,2.734945555573595],[33.12475312094299,2.7367935649899042],[33.1241271947537,2.737551163712448],[33.12371283790823,2.737699945664577],[33.12355113035287,2.737840838669873],[33.11830694210284,2.7396410255326487],[33.11830522877549,2.739641640732303],[33.11346030175567,2.7402566428390456],[33.113099225715686,2.740302478805641],[33.11309921247309,2.740302478548976],[33.11309839513174,2.740302582300105],[33.10362584282767,2.740384877219384],[33.10358452110287,2.740118066919294],[33.103433164512936,2.7401151333595677],[33.103520306297106,2.74101864868682],[33.10330569628162,2.7411608791974325],[33.10328814555035,2.741447103496196],[33.10108422734009,2.7433070997788986],[33.101048633151194,2.7433807047565937],[33.101470023227144,2.745075660236119],[33.10146894398375,2.7450761882189925],[33.10146927100238,2.745077190349472],[33.100355988278224,2.7456206636850666],[33.099600939739496,2.7459900453262156],[33.10046583558943,2.746869133890487],[33.09834581233083,2.748290816395745],[33.09834506840895,2.7482919728210162],[33.09783241113974,2.749911994903564],[33.09643652268852,2.751258803844085],[33.096109218507976,2.751767597626922],[33.10251476860077,2.75280748740036],[33.10255420956295,2.752813269012865],[33.10853392469886,2.75525711527008],[33.1108013961871,2.755257426480963],[33.11584458961679,2.7576949012196477],[33.1159269573113,2.75773469683945]]],[[[33.14881861739438,2.844952435682134],[33.15014107018878,2.846096980028854],[33.15147178659948,2.8471397522709547],[33.15225453895557,2.847320885047569],[33.153134540647045,2.846810029608394],[33.15351509746744,2.845220830498036],[33.154859653011314,2.845701198380453],[33.1576364823226,2.844704204442081],[33.15846643126906,2.842698510928903],[33.15940725307349,2.842898874740588],[33.159749448612175,2.844249727267462],[33.16094869251555,2.844492433188516],[33.16083933300391,2.843778674513017],[33.16227838138365,2.8427364813683487],[33.16228118933839,2.842492862336405],[33.1634861977877,2.841861327929173],[33.16787634341478,2.835451420754571],[33.17139846983273,2.822715985743912],[33.1735169829889,2.820014453227838],[33.17431018268368,2.8130028571656815],[33.17432118054666,2.810953405694479],[33.174988230132406,2.807009164968513],[33.17545985171227,2.802840202179004],[33.17438944296458,2.800697737754022],[33.16744936638926,2.795208458508636],[33.16629366258697,2.799503365252074],[33.16095500586708,2.797029975470851],[33.15334998812378,2.796611509930325],[33.15307869851811,2.7999209821593296],[33.153171002377285,2.802224161528414],[33.15222964999648,2.8102785574026683],[33.152229599774174,2.810279170066436],[33.15222955101191,2.8102794043340573],[33.1522295219663,2.810279652854012],[33.15222589507769,2.810296968469396],[33.14594738909429,2.840460675548212],[33.14769480312191,2.841033567551509],[33.14881861739438,2.844952435682134]]]]}},{"type":"Feature","properties":{"n":"Lira-Palwo Town Council","c":"322306","d":"Agago","od":"Agago","dc":"322","k":"LIRAPALWOTOWNCOUNCIL","a":["LIRA","LIRAPALWO","LIRAPALWOTOWNCOUNCIL","PALWO"],"lat":2.768532,"lon":33.171463},"geometry":{"type":"Polygon","coordinates":[[[33.15728163209974,2.776634495542272],[33.15777856519812,2.778518678808178],[33.157777617700866,2.778518537648838],[33.1577800469743,2.778527765084241],[33.15614604874539,2.77827567045471],[33.156145658243396,2.778275406263392],[33.15614550279803,2.778275383104945],[33.156112741187215,2.778253136465624],[33.15268259113372,2.775932493101106],[33.152682958512834,2.775959821677133],[33.15310894042901,2.789148508907235],[33.153483457811056,2.78901702979041],[33.153483671746564,2.790699152067012],[33.15315986020295,2.7907250194273994],[33.15334998781349,2.796611498393057],[33.160953959787214,2.797029753575045],[33.16095436237791,2.797029940062907],[33.16095500586708,2.797029975470851],[33.164294995590545,2.798577386530383],[33.166293700195006,2.799503225490494],[33.16744936638926,2.795208458508636],[33.17421658980914,2.800561018911176],[33.17438930725365,2.800697615766538],[33.174389325044196,2.800697644484454],[33.17438944296458,2.800697737754022],[33.174389693613975,2.8006982394384625],[33.17549949582636,2.802489708250669],[33.17731976671054,2.8003901994254132],[33.17751502607296,2.798445251477363],[33.17919568787786,2.7977052729958825],[33.17951885355273,2.7971820932312372],[33.18211428123883,2.791225143661092],[33.182114371307534,2.791224852087988],[33.18211442515396,2.7912248133513025],[33.18211476145984,2.791224041471899],[33.183298127339256,2.7903732675503488],[33.18329812734052,2.790373267549437],[33.18319792870078,2.7904453047706803],[33.18327118139488,2.788668499545448],[33.187811132193204,2.782935405436852],[33.18447888054697,2.779482163352977],[33.18447961410627,2.779482110444842],[33.1844780107041,2.77948044900441],[33.19192835514892,2.77894417930165],[33.1919365264048,2.778911167901354],[33.19281891312556,2.7723953452158496],[33.19280848744386,2.772086469005174],[33.191829278984414,2.7715775531460567],[33.19182839380038,2.771577240948614],[33.188201702039045,2.765682760178154],[33.189003775137365,2.761407827972367],[33.187102391618794,2.7584739484108],[33.18875489789524,2.756123000558177],[33.188776842309636,2.756091738075059],[33.18903477056699,2.753733094296392],[33.18391907360518,2.752153107826966],[33.18251451820429,2.751720036617818],[33.1825149390529,2.751719439920047],[33.18251027135822,2.751717998299385],[33.18370167025182,2.750035169427352],[33.18302029590105,2.749619549242457],[33.18263765721824,2.749489611044788],[33.173919913357075,2.74652986884753],[33.17306276732773,2.7447426403285498],[33.169807920657846,2.7423007452569563],[33.169193936093926,2.741840137338286],[33.16321174142459,2.73416764709137],[33.1632382134743,2.738401978798781],[33.163382459884374,2.7387807243578983],[33.16619610840363,2.7461651853305],[33.16028281264975,2.750097556009616],[33.157786762485976,2.760505403482575],[33.15778646233937,2.7605057016096874],[33.15778642045037,2.760505876277001],[33.157784843124624,2.7605073099297606],[33.15236418974645,2.7658914911694326],[33.153578925654905,2.7711728509288425],[33.15728159473979,2.776634427048907],[33.15728160050166,2.776634448934981],[33.15728163209974,2.776634495542272]]]}},{"type":"Feature","properties":{"n":"Omot","c":"322307","d":"Agago","od":"Agago","dc":"322","k":"OMOT","a":["OMOT"],"lat":2.65692,"lon":33.215834},"geometry":{"type":"Polygon","coordinates":[[[33.186142230593,2.610234739456603],[33.18614224749196,2.6102348766457224],[33.18614239699144,2.610235169690796],[33.1872457488878,2.6191923061957376],[33.18915655778843,2.6237102524677827],[33.19066050966701,2.627266023219063],[33.18710895886284,2.6366368128363846],[33.18702193165061,2.636866476322518],[33.186730649057914,2.6391529625542556],[33.18662632934,2.6399722190960953],[33.18916029130137,2.644612318520305],[33.18916036491996,2.6446125384315637],[33.189160436064526,2.644612668687592],[33.1909066190849,2.6498288972279154],[33.191427333157016,2.651384358904125],[33.19097149775946,2.652841611162949],[33.19074271529065,2.653573289243801],[33.19127166660709,2.66240372707312],[33.202637826052694,2.668322436514665],[33.202637956406285,2.668322620377004],[33.202637970691164,2.668322627812253],[33.20674661856095,2.6741178441440283],[33.20788102410432,2.6757179109587],[33.20863041674736,2.679607178124241],[33.2095184631719,2.679457997394446],[33.20951715027037,2.6794631021888495],[33.209517198368545,2.679463094161287],[33.208532797836114,2.683290439362138],[33.20814201402232,2.68480987626826],[33.20850603035244,2.692854968605257],[33.208428631046246,2.693027423583911],[33.20843828702667,2.693304251115463],[33.20577488977082,2.698940278847551],[33.205756145783226,2.698982042710037],[33.21538039428615,2.708628978112403],[33.21526179104839,2.70873881945942],[33.21526179883388,2.708738827449515],[33.21538040180945,2.708628986458024],[33.21738140860137,2.710914000731988],[33.219239456462034,2.711812293427984],[33.2255888187417,2.714881948821707],[33.225588872631796,2.7148819851672985],[33.225588907376356,2.714882001964919],[33.228576023056924,2.7168966363133578],[33.23379487912923,2.720416437083601],[33.2337948994058,2.7204164623519347],[33.23379537040824,2.720416780015458],[33.23511952004381,2.722066170487057],[33.2440125684689,2.721796095303906],[33.25034896759419,2.7233670072624054],[33.25047122076743,2.723397314883536],[33.25047122922103,2.723397318208396],[33.25047181129541,2.723397462515532],[33.257345740503226,2.726101046652504],[33.26254243905113,2.729886047385833],[33.26257321110205,2.7298860090942925],[33.26423533149417,2.7298552536119627],[33.2642141328,2.7295216859],[33.26460744827925,2.7288590715922187],[33.264902114029496,2.722995351471263],[33.2649021769,2.7229850234],[33.25324330034064,2.7101201585680963],[33.25318164644025,2.710052133541005],[33.25318160918331,2.710052086108769],[33.2531815635,2.7100520357],[33.2451598299,2.6998395545],[33.2420883216,2.6941973581],[33.2362442222,2.6866811018],[33.2370478943,2.6812567156],[33.23704806970439,2.6812564064367836],[33.237048104627014,2.681256170706196],[33.23717909465873,2.681025465264022],[33.2401838174,2.6757294192],[33.2389128809,2.6714670431],[33.2450578666,2.665327547],[33.2409511089,2.6585741632],[33.240951032757096,2.6585734203530755],[33.240499173656616,2.655266107137132],[33.240590626464716,2.6550573119501086],[33.2405818735,2.6549719184],[33.2419319174,2.6519945665],[33.241932238540684,2.65199428796932],[33.241932254900235,2.651994250618956],[33.24261159783287,2.6514050683000616],[33.2480991765,2.6466455996],[33.249002411637,2.6450917702891417],[33.2490498206455,2.645010189849202],[33.249052219590325,2.6449890739454167],[33.24902491113571,2.644961837915353],[33.24960415801995,2.640130580210182],[33.24788435213903,2.629337740830084],[33.25141731126692,2.627377077208742],[33.249982281673674,2.62596467218405],[33.25144806543285,2.618983264887955],[33.255390996843545,2.617121741292002],[33.24787870762794,2.608244734302222],[33.25150808347786,2.5966625691635437],[33.25165299602112,2.596200082058733],[33.25096399142847,2.5956816996684844],[33.241685561847255,2.593528693909309],[33.240651907836664,2.593331704232267],[33.23387177542494,2.594707961230813],[33.23216809452334,2.594444220559552],[33.22525879127099,2.595370832657535],[33.222781871395696,2.596817279097329],[33.216739341566736,2.596513382763645],[33.20785287542961,2.597705153732473],[33.20686632277864,2.598530210336524],[33.19927369157158,2.595320595234181],[33.19813009032353,2.593764333747121],[33.195180716714376,2.593112554677472],[33.19437938612987,2.5913953388148623],[33.19392420844712,2.591149030544976],[33.19084568735867,2.589882899765676],[33.18974211616263,2.588885993594493],[33.18336518551596,2.5854352735475974],[33.18329728007976,2.5854035390467973],[33.183269255387025,2.585440003608388],[33.180219621649016,2.591843941359206],[33.18021978672177,2.591847647685943],[33.18067947603756,2.5978553670533713],[33.18107277867425,2.5995960974332557],[33.186142230593,2.610234739456603]]]}}]}
