{"type":"FeatureCollection","name":"Alebtong sub-counties","metadata":{"source":"Uganda Bureau of Statistics NPHC 2024 Map Explorer","retrieved":"2026-07-26","display_only":true,"clipped_to_dashboard_district":true,"positive_area_overlaps_removed":true,"source_gap_ratio":0.01290342},"features":[{"type":"Feature","properties":{"n":"Abako","c":"323101","d":"Alebtong","od":"Alebtong","dc":"323","k":"ABAKO","a":["ABAKO"],"lat":2.14557,"lon":33.246669},"geometry":{"type":"Polygon","coordinates":[[[33.214073209842205,2.107125043206952],[33.21810718287001,2.103297551697252],[33.21971075735857,2.10698748181041],[33.22240478598064,2.131089842696096],[33.226718597362904,2.130137629229714],[33.228383502470585,2.128687079500755],[33.22526380641911,2.134486176912661],[33.22610233273645,2.135062764410248],[33.22678001958852,2.137685253657408],[33.22501246892703,2.143829973936686],[33.225803729829785,2.144379263737183],[33.22427959568498,2.144848388741201],[33.22430110492589,2.146824202700078],[33.22123394095123,2.152814504163962],[33.226151509096105,2.150180033829863],[33.2290273711775,2.152988015257985],[33.230983427190296,2.164898089684417],[33.233222741787216,2.168150081993367],[33.232267742160495,2.169574323890737],[33.237047172926864,2.174950553100296],[33.235487421735975,2.176457330267016],[33.23668467782206,2.178627488539289],[33.23531166780503,2.180634885129887],[33.23583155256057,2.182446601540994],[33.23439118075431,2.182663462615834],[33.234258585411894,2.185740610551686],[33.2319756623856,2.184971933806279],[33.23140459428779,2.186848728278438],[33.236119430112275,2.19667413420904],[33.23865001813709,2.198100919551389],[33.23891749111376,2.199033805141317],[33.23602600879284,2.203798237708323],[33.24210564211308,2.20495590429256],[33.24783895982695,2.213803335267599],[33.2548729965111,2.21517569980804],[33.25745286446956,2.220030334838718],[33.25769648759318,2.22393466125235],[33.25925424214281,2.226118004303462],[33.260327609867666,2.230432799678141],[33.26278533872825,2.232429418336403],[33.264375561262504,2.235864469351027],[33.27125094817393,2.23995995391084],[33.2744304374219,2.243035069165903],[33.27474370893184,2.24432597814075],[33.27967099801234,2.246844549272981],[33.281200051129005,2.249724749836178],[33.287116874336576,2.251829536029621],[33.2910356074246,2.252119126573081],[33.29717303912471,2.245974895792938],[33.29745754431447,2.242393515114374],[33.300308548439205,2.238374680492147],[33.29816117359973,2.23193359274685],[33.296410172284446,2.230885371099301],[33.29700522852366,2.227019446475066],[33.299990196617046,2.220723851170504],[33.297512505506916,2.215395111421774],[33.29719348380529,2.21258485278106],[33.29887656908679,2.205895877525861],[33.30045211499529,2.203407593610831],[33.29686321246401,2.196478425316323],[33.29656227800491,2.193367029779013],[33.302968828174414,2.181408932216136],[33.30213323438039,2.180732514298993],[33.30028439463273,2.18119293769375],[33.29842246980312,2.182317231650487],[33.29550554257513,2.186907036873006],[33.291562244110686,2.1873297481172],[33.290683366687375,2.188220760756412],[33.289746552856414,2.187706000697428],[33.289971590256286,2.187116143001683],[33.28514300119849,2.18437030527531],[33.28367250125211,2.184341751302854],[33.28345889715381,2.185326051380378],[33.28233003148424,2.18382809651017],[33.283835529399255,2.179805067559141],[33.28300244127462,2.174230060190221],[33.272893654391936,2.169302225300808],[33.2724326415494,2.168471166322715],[33.27355678464221,2.167670040365862],[33.2726975092722,2.16715762178024],[33.26954667998903,2.166643470272427],[33.26494610807475,2.164385541782685],[33.265245720183366,2.155455246826521],[33.26822471489657,2.146290865691541],[33.27682958127447,2.13877045325109],[33.279479457642594,2.123372512266701],[33.28265832208701,2.121426032347042],[33.28581760200238,2.117571985123751],[33.28807796731426,2.117263347047307],[33.289516033230655,2.114983960510053],[33.29064659743273,2.114621104594094],[33.291416591677944,2.107491882168314],[33.29426648482407,2.103429828811727],[33.300381097414046,2.102034695520618],[33.30521000681885,2.098315391623913],[33.306261708686115,2.09011851192421],[33.30744281756626,2.087223046506647],[33.30985731188879,2.085367946193732],[33.31217210033893,2.081046170014198],[33.310512107055395,2.074434288781025],[33.311268289922786,2.072744745922612],[33.31260801735275,2.070645963846339],[33.31323283108931,2.07112570308376],[33.31424719872029,2.070394098839115],[33.314939949460864,2.065771129625521],[33.31714945511908,2.063447061280831],[33.318227775107424,2.063599030366891],[33.31987140715252,2.062096876985905],[33.326763233420856,2.05229746766839],[33.32485814465094,2.052203292371216],[33.3244,2.0526],[33.323166409571485,2.052119663903943],[33.31891162481962,2.051909334797633],[33.31451102699702,2.053441020426739],[33.31332781262266,2.05176313707084],[33.31424371316306,2.049884510323008],[33.31404054342019,2.0485662292963593],[33.295911485116996,2.0415071269482112],[33.29359832458597,2.042100770400568],[33.290489926043776,2.039432295918483],[33.2871,2.0503],[33.275586651819104,2.0583353575845824],[33.27567943368052,2.058428419824837],[33.274781565104895,2.0588972410205435],[33.2648800486008,2.0658076744140224],[33.26430633854682,2.066833140209915],[33.26389044126111,2.066498337869847],[33.2583,2.0704],[33.2511,2.0842],[33.24987418048442,2.083832254145326],[33.242369896654495,2.083117574118512],[33.2396775183559,2.084383884176723],[33.23805576470933,2.082655495797334],[33.2350515689509,2.0835138374425997],[33.23247102083059,2.084974240761918],[33.22998153007523,2.0849624199785057],[33.213393613661495,2.0897018246681456],[33.217309710556414,2.101477392337297],[33.212890283999315,2.101040720488015],[33.21206753267955,2.102079699877384],[33.21260490988572,2.105301555680971],[33.214073209842205,2.107125043206952]]]}},{"type":"Feature","properties":{"n":"Adwir","c":"323102","d":"Alebtong","od":"Alebtong","dc":"323","k":"ADWIR","a":["ADWIR"],"lat":2.297232,"lon":33.469908},"geometry":{"type":"Polygon","coordinates":[[[33.37288342336454,2.3293311249645092],[33.37348228371277,2.3291524074783903],[33.37572295880986,2.327307530590778],[33.376351505356745,2.328296147616051],[33.3817,2.3267],[33.3983,2.3299],[33.39838355022629,2.330030642172027],[33.398510131956485,2.329954387567947],[33.40081854578943,2.333353647202999],[33.400877725889586,2.3339306259364423],[33.40555603603564,2.3412458018011844],[33.406566837712106,2.342261528702245],[33.40731207362886,2.343991606037849],[33.4093,2.3471],[33.41028507853997,2.3470810561819238],[33.41184931248571,2.345885351461431],[33.411966385124124,2.347048723362998],[33.413892094143115,2.347011690497248],[33.41372506089104,2.34689673974785],[33.4147532656266,2.344879704051294],[33.418769648249196,2.346212564072009],[33.41921661592294,2.346909295847636],[33.4197,2.3469],[33.4336,2.3607],[33.43708554584113,2.360923842393467],[33.43734640585553,2.360468963771723],[33.437788080578215,2.360968959303188],[33.44377425038012,2.3613533922262464],[33.4454161652826,2.359101180204129],[33.447442191976634,2.3615889481085914],[33.44943124557949,2.3617166854959306],[33.4486270472736,2.361039892953536],[33.45172571455496,2.36111141349405],[33.45213044253963,2.359814637311439],[33.45306372435622,2.360480228324981],[33.45320685720729,2.361884664296707],[33.45345171399041,2.3619748807149805],[33.45538909259893,2.3620992995247017],[33.45650071697866,2.360755929589511],[33.457614947595545,2.360968551937594],[33.457833626344524,2.35796063010887],[33.45910071945977,2.356271466570128],[33.46158594943119,2.359064150952164],[33.46412469349272,2.357810479357251],[33.46624924476634,2.357874383265461],[33.470095191515114,2.35964261011453],[33.47228143689455,2.359277017241715],[33.47323359933096,2.358708187253568],[33.47369137577816,2.3590412415086686],[33.475084899894526,2.358808210719979],[33.47786169857722,2.356928590802744],[33.47927840912573,2.356721309313114],[33.480341842208176,2.357929123376559],[33.480610962988635,2.357884119901566],[33.482192089576614,2.356785918357718],[33.48395218996595,2.357325386293321],[33.485104953423324,2.3571326164843946],[33.48536221787953,2.35579306521587],[33.486338935328305,2.355588821340648],[33.48674253961391,2.355001760561592],[33.486765834337625,2.353991031998859],[33.488035541247264,2.353121030913069],[33.4886,2.3523],[33.4973072640606,2.352243703034091],[33.49740344013521,2.351813203899954],[33.49932388729725,2.352115705144183],[33.49937488818161,2.352230334774688],[33.50660649085558,2.3521835787229164],[33.50726699572799,2.351570721044511],[33.51032128680894,2.352152941077438],[33.51174236841499,2.350650178301132],[33.51404964308363,2.350767319254939],[33.514478096777204,2.349907776732449],[33.51645268115595,2.350856639511866],[33.51672705100336,2.3521181440667887],[33.51942153437638,2.3521007228380837],[33.52023667488741,2.351742382452358],[33.52098555965565,2.3520906106056745],[33.522418933362715,2.3520813431032583],[33.52244978522653,2.351769384337501],[33.523884250557515,2.351035957134762],[33.52403314325682,2.3520709064013565],[33.52582718656582,2.3520593069834104],[33.52674388310337,2.351468926061463],[33.528193520366855,2.352044007411421],[33.530304547845404,2.3520303585268616],[33.53062503943141,2.351539127719024],[33.53507665608423,2.3518439501142483],[33.545672653450765,2.3302735269037904],[33.545481170451254,2.326316094711457],[33.544053571346915,2.319593114725453],[33.54653180494465,2.312526853594245],[33.54641769483068,2.300533778452948],[33.548857925421004,2.29006433949077],[33.5491,2.2865],[33.541184885201055,2.275118411566481],[33.54005079086344,2.273893683345649],[33.5392324750594,2.2723109312897853],[33.5354,2.2668],[33.512655918675755,2.253596507096412],[33.510273790738175,2.254627650300273],[33.50380121322212,2.247618703691098],[33.5008807483372,2.24691333990153],[33.500352553443875,2.2438624646798533],[33.4876,2.2325],[33.48757254247822,2.232509580502204],[33.487269138223084,2.233851585697476],[33.485116344112065,2.234909955705434],[33.4828857736515,2.2341448919273525],[33.48071351218694,2.2349028392729036],[33.48051218100624,2.235230995240807],[33.47921454406602,2.235659756144979],[33.47879559336764,2.235572041163089],[33.46983827344082,2.238697436964894],[33.46982311218075,2.238743169695249],[33.46975246898372,2.2387273759301407],[33.461806462943635,2.2414999032175085],[33.46192735676196,2.241659540376594],[33.46019985346014,2.24246570871202],[33.45983597852841,2.2421874463408065],[33.4598,2.2422],[33.45762483293838,2.2420824234020746],[33.45645172017873,2.243379204570498],[33.453048096789644,2.243238632754844],[33.452199473327255,2.24451380397475],[33.4517133752015,2.243989946063035],[33.45029494106186,2.245082870705496],[33.449349981349165,2.244364434979582],[33.44712994451059,2.245028305531945],[33.44354697061081,2.247310859293783],[33.44417389090014,2.24582029670057],[33.441506963070545,2.2412111871930027],[33.4413,2.2412],[33.44128178421992,2.2408220225632633],[33.44118506040031,2.24065485993081],[33.437574928601194,2.244260540707283],[33.43047202242462,2.24552184034106],[33.43008857363297,2.246223970164183],[33.42261688621893,2.246576814238331],[33.41774190015546,2.244615165436538],[33.41023581062436,2.244307249235545],[33.40936437536043,2.245065573757608],[33.40994219226056,2.246100829600119],[33.40794174770112,2.25096721480255],[33.40919702645798,2.25233047830234],[33.408048530258604,2.254634179814319],[33.409079142286046,2.258861216917437],[33.410729033679345,2.259641023798605],[33.410264899799735,2.263144957731072],[33.411817196871354,2.267472782913985],[33.41053505783048,2.271017928781204],[33.41016944898952,2.277416895022069],[33.406265645179346,2.283403237978281],[33.40709750196211,2.283814997357092],[33.40681685275009,2.287758078438502],[33.40872220755615,2.29340638594032],[33.40794638637565,2.295432074399606],[33.406183732325374,2.293021151017661],[33.40488656792574,2.293801703263814],[33.40419496714484,2.291730821545399],[33.403320787314755,2.29183035213409],[33.401558175392914,2.292809678124813],[33.4011078816329,2.294028741120269],[33.40021871754055,2.293703757266832],[33.40019061488369,2.294412815077284],[33.39818807005611,2.293945483385186],[33.39718845286736,2.29490899266177],[33.39563572507207,2.294485250961016],[33.39570607895475,2.295236914748322],[33.39277334532712,2.295805315467299],[33.3927876247766,2.297096121810612],[33.39174416519576,2.297989196419574],[33.390446715826286,2.298203082784605],[33.38920564913844,2.296430466877817],[33.388105669394555,2.29637402649037],[33.38766876778081,2.297367139086201],[33.3883590620572,2.299608167155953],[33.386456286635074,2.298544889821927],[33.384199995146055,2.298758286686524],[33.3849890951974,2.299938226291419],[33.38455219309594,2.300955558463302],[33.3834389653734,2.300602634873016],[33.38386213883438,2.302660974168735],[33.38311525416534,2.30314184615323],[33.38472333763208,2.304957225337922],[33.386006358832226,2.305183967417522],[33.386669824232015,2.30690183313288],[33.38551387462196,2.307467830710672],[33.38650086304881,2.308529281488422],[33.385359718764946,2.31163790483371],[33.38272569615979,2.313227110533784],[33.3817923111449,2.312589944501095],[33.3793260069355,2.314760926943027],[33.37735004538214,2.312988403727692],[33.3750935656956,2.312591803976599],[33.37508049331765,2.314660313263923],[33.374318487798476,2.314705682622405],[33.37423415333586,2.315769627191608],[33.37496776564259,2.316393588409961],[33.37534810935531,2.315656030842473],[33.376308144283406,2.316888129954463],[33.37478412057482,2.318053167922079],[33.374065320103945,2.317301739483666],[33.373416684937936,2.317855241050284],[33.37343132451109,2.319740954037956],[33.37172540011111,2.32143040272616],[33.37086535173405,2.324764744393438],[33.36989299832753,2.324963128992488],[33.37174138271166,2.329062247852531],[33.37288342336454,2.3293311249645092]]]}},{"type":"Feature","properties":{"n":"Amugu","c":"323103","d":"Alebtong","od":"Alebtong","dc":"323","k":"AMUGU","a":["AMUGU"],"lat":2.148469,"lon":33.339572},"geometry":{"type":"Polygon","coordinates":[[[33.28260783918261,2.173606969020038],[33.28270227687262,2.174083735944801],[33.28300244127462,2.174230060190221],[33.283835451959014,2.1798045493307683],[33.28383545748629,2.179804577235111],[33.28383545651596,2.1798045798257264],[33.283835529399255,2.179805067559141],[33.28233003148424,2.18382809651017],[33.28345889715381,2.185326051380378],[33.28367250125211,2.184341751302854],[33.283674794992564,2.184341795842401],[33.28367480134444,2.184341766024201],[33.283675137104325,2.184341802485482],[33.28514300119849,2.18437030527531],[33.285427518050106,2.1845320993513035],[33.28551389366411,2.184541479166045],[33.28579140177207,2.1847390263935167],[33.289971590256286,2.187116143001683],[33.28979199402242,2.1875868924003585],[33.290679270339474,2.188218509896939],[33.290683366687375,2.188220760756412],[33.291562244110686,2.1873297481172],[33.29448943934505,2.1870159604719905],[33.29550556645801,2.186906999293125],[33.29842246980312,2.182317231650487],[33.30028439463273,2.18119293769375],[33.30213323438039,2.180732514298993],[33.302968828174414,2.181408932216136],[33.302968799079686,2.181408986522683],[33.30296886770331,2.181409042077233],[33.303953418949455,2.179343624996275],[33.30994868802829,2.173367294003945],[33.31131585304029,2.169888957379504],[33.31365207337971,2.170934529080977],[33.31580173539955,2.168881634270093],[33.318128077281656,2.170207353554969],[33.31803659414241,2.172887711569854],[33.32592402896418,2.172602144085025],[33.33598459165261,2.175155651868312],[33.33860839449004,2.180453413664029],[33.3403722568148,2.182017600933499],[33.34387263616626,2.181807876771838],[33.34366466219502,2.180635890482376],[33.345329128781366,2.179779491316312],[33.35073036061348,2.179874537304646],[33.35553225735237,2.178959038111046],[33.370522658371,2.201898935362544],[33.37209850220106,2.201863025606406],[33.37311179346906,2.202766800087686],[33.37397806222506,2.202055458486837],[33.37596372391029,2.20262132542746],[33.37924646317155,2.201281529649302],[33.38115977660841,2.199127848649006],[33.37935894114875,2.196780733273082],[33.38040857243757,2.195843965560572],[33.37969611635127,2.194893864913772],[33.38001395720882,2.19344660715534],[33.3781760334699,2.191068653987338],[33.37834308474648,2.186099857690003],[33.38453253362083,2.179684677609697],[33.38920325650083,2.178154748109118],[33.39164102120359,2.17415533217007],[33.391415046232574,2.171816588277835],[33.39280347898078,2.170074701859412],[33.39218527263406,2.169339963514792],[33.39282089568653,2.167300061657901],[33.394359161521315,2.165487572163538],[33.393949550560784,2.164922672233766],[33.39572813293878,2.162528836676943],[33.39554282226436,2.161242316973802],[33.3970028654552,2.158487669306881],[33.40056742757599,2.158103566327581],[33.40075620933581,2.157054106110842],[33.402479904992994,2.156106118078605],[33.40304348799771,2.156709663609472],[33.40439394505829,2.156103156726749],[33.40906336772825,2.150647662669809],[33.41439078240348,2.146121607931169],[33.415928237959726,2.142873322832527],[33.415922803360466,2.1428663228148728],[33.4159,2.1429],[33.41540747484852,2.1422025556249125],[33.41211538087123,2.137962184836654],[33.411297168285536,2.1363821215138263],[33.402878619980854,2.1244609655203357],[33.40177167611076,2.123223843808256],[33.401737637718185,2.1232018980025114],[33.398109398660196,2.121970171392506],[33.3932539794041,2.118579044077833],[33.390787737202615,2.117756508000548],[33.38703659140011,2.1137235918237542],[33.387034302306354,2.1137221159606745],[33.38393002780621,2.1130501518713865],[33.3733,2.1108],[33.37291176668525,2.1104677618748777],[33.366373428984936,2.106055457372174],[33.36347920688253,2.105945199943561],[33.35624622675703,2.113725397683309],[33.353295010506706,2.114356665656185],[33.35158174203741,2.118116154862319],[33.34759112940752,2.120264038190928],[33.34785646159625,2.123217838618883],[33.3461434833216,2.123549988808574],[33.34105862680895,2.121631946817863],[33.33721447441867,2.121269443107074],[33.33588309389594,2.114470184444308],[33.33439037756877,2.115657108883506],[33.33346184171798,2.119667453385892],[33.32950076118143,2.119111978583507],[33.32781802229229,2.119636404905086],[33.32712400117725,2.118360612103849],[33.325485411756716,2.121790480548686],[33.328106211291676,2.122891702800979],[33.32725346826849,2.124730375082631],[33.324315302407726,2.123510077575353],[33.321361189433595,2.12720935826993],[33.31977671070127,2.124951711757956],[33.32079343472115,2.122441104694408],[33.3185333573738,2.120000919778073],[33.317996826227024,2.117433473145724],[33.3199237121316,2.114401816916391],[33.318302411164666,2.11259183955892],[33.31844222683521,2.1110885574494],[33.313922471089384,2.107429285756476],[33.312941321148074,2.107618470497111],[33.31184743656974,2.104272880741601],[33.31258780214668,2.104119312615945],[33.31280458917824,2.102969844657766],[33.311080539064754,2.101736599771731],[33.31075512075217,2.100465831833812],[33.307710623821436,2.099169554612849],[33.30573107139991,2.095721490014359],[33.305211043833204,2.0983073092174855],[33.30521000681885,2.098315391623913],[33.30163728385271,2.10106716046774],[33.300381973743406,2.102034053305735],[33.300381913331165,2.102034067088097],[33.300381097414046,2.102034695520618],[33.29426648482407,2.103429828811727],[33.291416591677944,2.107491882168314],[33.29064659743273,2.114621104594094],[33.289516033230655,2.114983960510053],[33.28807796731426,2.117263347047307],[33.28581760200238,2.117571985123751],[33.28265832208701,2.121426032347042],[33.279479457642594,2.123372512266701],[33.27750374672367,2.1348530026389305],[33.27683017567057,2.138768802214771],[33.276829810476336,2.138769121401486],[33.27682958127447,2.13877045325109],[33.26822471489657,2.146290865691541],[33.265245720183366,2.155455246826521],[33.26494610807475,2.164385541782685],[33.26942260160784,2.1665825734715387],[33.26954672617928,2.1666434778097403],[33.2726975092722,2.16715762178024],[33.27355678464221,2.167670040365862],[33.2724326415494,2.168471166322715],[33.272893654391936,2.169302225300808],[33.27979667347191,2.172667311404546],[33.28260783918261,2.173606969020038]]]}},{"type":"Feature","properties":{"n":"Amugu Town Council","c":"323104","d":"Alebtong","od":"Alebtong","dc":"323","k":"AMUGUTOWNCOUNCIL","a":["AMUGU","AMUGUTOWNCOUNCIL"],"lat":2.077747,"lon":33.332544},"geometry":{"type":"Polygon","coordinates":[[[33.31075390860959,2.100465019199216],[33.310753994219546,2.100465352181964],[33.31075512075217,2.100465831833812],[33.31100693143925,2.1014491598617475],[33.31108089840298,2.101736856813001],[33.31280458917824,2.102969844657766],[33.31280428104658,2.1029714784615567],[33.31280449704375,2.102971633158448],[33.312752009063956,2.1032486397322354],[33.31258780214668,2.104119312615945],[33.3125870000061,2.1041194789975677],[33.31258685619374,2.104120237970733],[33.3118476144599,2.1042734248095005],[33.312941321148074,2.107618470497111],[33.313922471089384,2.107429285756476],[33.31392351204156,2.1074301285291943],[33.313923546722044,2.107430121865666],[33.314190222210556,2.1076460616518022],[33.31844222683521,2.1110885574494],[33.31844217892376,2.111089072587795],[33.31844225617845,2.111089135144578],[33.31841151565382,2.111418760561587],[33.31830243377404,2.1125915964654456],[33.31864843858435,2.112978135383975],[33.3199237121316,2.114401816916391],[33.31992334454059,2.1144023952638524],[33.31992364263437,2.114402728279016],[33.31871429395272,2.1163046489144586],[33.31799682893997,2.11743346887733],[33.31803488642743,2.1176156014973393],[33.3185333573738,2.120000919778073],[33.32079343472115,2.122441104694408],[33.32079265268106,2.122443035794056],[33.320792930194514,2.122443335708377],[33.32065821282119,2.122775009520635],[33.31977671070127,2.124951711757956],[33.321361189433595,2.12720935826993],[33.324315302407726,2.123510077575353],[33.32725338134033,2.1247303389790826],[33.32728952811236,2.1246526233642236],[33.328106211291676,2.122891702800979],[33.325485411756716,2.121790480548686],[33.32712400117725,2.118360612103849],[33.32781802229229,2.119636404905086],[33.32950076118143,2.119111978583507],[33.32950106019126,2.1191120205145975],[33.32950114484476,2.119111994084538],[33.32962133309657,2.1191288867630096],[33.33346184171798,2.119667453385892],[33.334288077109285,2.1160989443656386],[33.3343901339334,2.115657683864843],[33.334390269430614,2.115657575931997],[33.33439037756877,2.115657108883506],[33.334657735518675,2.1154445208123627],[33.33587842373147,2.114472158764162],[33.335878719133234,2.1144736630106484],[33.33588309389594,2.114470184444308],[33.33721447441867,2.121269443107074],[33.34105862680895,2.121631946817863],[33.34614312850784,2.1235498549704444],[33.34785645687356,2.1232177860436434],[33.34759112940752,2.120264038190928],[33.35158174203741,2.118116154862319],[33.353295010506706,2.114356665656185],[33.35624617706079,2.1137254083133827],[33.357019359230236,2.1128937731777535],[33.36347920688253,2.105945199943561],[33.36347952816057,2.105945212182874],[33.363479973216464,2.105944733480526],[33.36637342669288,2.106055445976291],[33.36663758106828,2.1050985068757377],[33.3629,2.1019],[33.36047806141627,2.095510543604763],[33.359092761505146,2.094849715880208],[33.35752230435861,2.092660631775526],[33.35281033819942,2.092338332833386],[33.35168085895664,2.090876289153672],[33.35649347421514,2.0849985734228293],[33.35235517795894,2.074081094483784],[33.349030236345946,2.069255515135105],[33.3475394289256,2.063518372928718],[33.34799121078437,2.0625682600298223],[33.3477,2.0618],[33.34899881599768,2.060449231362411],[33.35018438055539,2.057955948029156],[33.3539109355057,2.0553406270740684],[33.3592665160553,2.049770823302484],[33.360399637936275,2.047701991350492],[33.364,2.0279],[33.35060657895979,2.029983421050699],[33.35048551130034,2.030012545770582],[33.3459351649254,2.033952692440071],[33.344937548842196,2.035529928608637],[33.34247335018737,2.0369502791480993],[33.33935679564622,2.0396489049193622],[33.33903075100548,2.040850546967172],[33.33633479090404,2.044134641206226],[33.33207489505972,2.0459543054272125],[33.329833418306244,2.047895201006851],[33.32674551099686,2.0522965915860927],[33.326763233420856,2.05229746766839],[33.31987140715252,2.062096876985905],[33.318227775107424,2.063599030366891],[33.31714945511908,2.063447061280831],[33.314939949460864,2.065771129625521],[33.31474804215673,2.0670517945269165],[33.31424791134635,2.07039256591972],[33.31424737006404,2.0703929554020486],[33.31424719872029,2.070394098839115],[33.31323283108931,2.07112570308376],[33.31260801735275,2.070645963846339],[33.31260528194471,2.070650249065278],[33.310516134926615,2.0744252892898376],[33.310512108521834,2.0744342855045588],[33.310515706936556,2.0744486273852303],[33.31217210033893,2.081046170014198],[33.31026104893427,2.0846141575933683],[33.309857871036115,2.085367158001485],[33.30985763823641,2.0853673368934116],[33.30985731188879,2.085367946193732],[33.30744281756626,2.087223046506647],[33.30744203957461,2.0872249537380374],[33.30594480144071,2.0925884614863213],[33.305641599815445,2.094951590548309],[33.30770967379404,2.0991678998166443],[33.30771056419012,2.0991694507445984],[33.31075390860959,2.100465019199216]]]}},{"type":"Feature","properties":{"n":"Angetta","c":"323105","d":"Alebtong","od":"Alebtong","dc":"323","k":"ANGETTA","a":["ANGETTA"],"lat":2.179156,"lon":33.428733},"geometry":{"type":"Polygon","coordinates":[[[33.37817613476943,2.1910656409199474],[33.3781760334699,2.191068653987338],[33.38001395720882,2.19344660715534],[33.37969611635127,2.194893864913772],[33.38040857243757,2.195843965560572],[33.37975674702476,2.1964257022212643],[33.3793606743543,2.1967829922431488],[33.38115977660841,2.199127848649006],[33.381117193880705,2.1991757810002013],[33.379591643,2.200969252],[33.3814885527,2.2037076744],[33.3814469346,2.2055517327],[33.3839148308,2.2071958606],[33.3814324833,2.21044699],[33.3808417316,2.2100771487],[33.3812368818,2.2112970096],[33.3824779196,2.2117648142],[33.3826514274,2.211214506],[33.3844386473,2.2142042517],[33.384705586,2.2135677453],[33.3862580755,2.2155372313],[33.3894025724,2.215763711],[33.3934650774,2.2199612609],[33.3950455386,2.2204726908],[33.3944950576,2.2221030319],[33.3953274894,2.2228555699],[33.3951870211,2.2258194987],[33.3965417741,2.2295925254],[33.3972880883,2.2292658364],[33.3981496142,2.2305709038],[33.3985759818,2.2300175498],[33.4002501088,2.2305279938],[33.4036356827,2.2326263223],[33.4065960472,2.2333481698],[33.4081212735,2.2370511052],[33.4086688049,2.2364271785],[33.409714096,2.2373773882],[33.4085595143,2.2412356653],[33.4097877049,2.2422025484],[33.410235806,2.2443072374],[33.41278370578046,2.244411769464586],[33.41774190015546,2.244615165436538],[33.42224294476167,2.2464263436929746],[33.42261692507111,2.24657681240357],[33.42693804954583,2.246372750980752],[33.43008861478178,2.246223894816953],[33.43047202242462,2.24552184034106],[33.43050098645037,2.245516697049826],[33.43796036345684,2.2438755810640063],[33.44008193351774,2.2417566267403926],[33.44126257504787,2.240423432243443],[33.44124332360233,2.2400239647483464],[33.4406552996,2.2389541519],[33.4408359888,2.2329746248],[33.4423886572,2.2293178005],[33.4451348327,2.2276079283],[33.4477597969,2.2243861969],[33.4492213142,2.224422152],[33.4518045823,2.2222952872],[33.451981572472434,2.2222717645832577],[33.45739008730199,2.217084507178546],[33.457734641,2.2163676668],[33.4628952307,2.211797655],[33.462912807666854,2.211794960917958],[33.474915819806284,2.2070724643385096],[33.47530407374923,2.206098674274233],[33.47866477210893,2.1912555898522643],[33.4786567242,2.1910568636],[33.47863391717284,2.190998873249346],[33.4721,2.181],[33.47182306274866,2.1798559313551427],[33.470940521,2.1786277903],[33.47073726506978,2.1753703409440073],[33.46853432348714,2.1662696642419665],[33.4679406195,2.1656650324],[33.468308298103096,2.1653359200324567],[33.46606390764785,2.156064011922263],[33.4580729039,2.148641497],[33.4558674882,2.1443000309],[33.4543418717,2.1365291377],[33.45511218336239,2.1278543276898003],[33.4551,2.1276],[33.45505925050821,2.1275615658202365],[33.4488289711,2.1236120148],[33.4442315367,2.1194066728],[33.4375289577,2.1110581001],[33.43727199522824,2.111336729269413],[33.42185346864831,2.1341076088018065],[33.4218526633,2.1360058052],[33.41740455528951,2.140677994734482],[33.41608510193489,2.1426266318646774],[33.414402112792295,2.1460976694615246],[33.41439078240348,2.146121607931169],[33.40906336772825,2.150647662669809],[33.40439394505829,2.156103156726749],[33.40304348799771,2.156709663609472],[33.402479904992994,2.156106118078605],[33.40075620933581,2.157054106110842],[33.40056742757599,2.158103566327581],[33.3970028654552,2.158487669306881],[33.39554282226436,2.161242316973802],[33.39572813293878,2.162528836676943],[33.393949550560784,2.164922672233766],[33.39433530101934,2.1654546658275535],[33.3943586174,2.1654863222],[33.39435842204361,2.1654865523399898],[33.394359161521315,2.165487572163538],[33.39282089568653,2.167300061657901],[33.39218527263406,2.169339963514792],[33.39247774383287,2.1696875655826187],[33.3928044235,2.1700715125],[33.39280265771885,2.17007372578948],[33.39280347898078,2.170074701859412],[33.39141588930797,2.171815530580522],[33.39162187295618,2.1739571560336373],[33.39164102120359,2.17415533217007],[33.38920325650083,2.178154748109118],[33.38453253362083,2.179684677609697],[33.37834308474648,2.186099857690003],[33.378342815633886,2.186107862212257],[33.3786994992,2.1902341546],[33.37817613476943,2.1910656409199474]]]}},{"type":"Feature","properties":{"n":"Awei","c":"323106","d":"Alebtong","od":"Alebtong","dc":"323","k":"AWEI","a":["AWEI"],"lat":2.16633,"lon":33.169168},"geometry":{"type":"Polygon","coordinates":[[[33.1274,2.1708],[33.12767152310385,2.1709492733651485],[33.12797903971237,2.170835951196722],[33.129896326768204,2.172172388175886],[33.132870895602245,2.1738076961604764],[33.134667151282734,2.174065737435542],[33.14071224704565,2.176846963886529],[33.14235284349931,2.179020520596779],[33.14759718722697,2.181903666911509],[33.148846389914034,2.182036943456616],[33.15045784787656,2.185936621093255],[33.15393768568328,2.184163404685922],[33.157102346621386,2.181325382529196],[33.15928779065962,2.181274202395904],[33.16204716560377,2.184429370663517],[33.162399106418235,2.187098997162084],[33.163433739590964,2.188284063520497],[33.166462794741214,2.188482983731734],[33.170884098817986,2.190698826524456],[33.17312545791338,2.190727569974686],[33.174727046714466,2.19627999333622],[33.17416087627096,2.19907615121413],[33.177251818013204,2.202929600337906],[33.17832416230126,2.205589628597554],[33.180442094280394,2.205915151745184],[33.18384139626557,2.208565476046883],[33.18933503881943,2.208537803120859],[33.19308663934913,2.209477719940814],[33.198386196500316,2.213259528624365],[33.20286915835435,2.218514921528781],[33.20852222562858,2.22184344371431],[33.211848874633205,2.222610413732195],[33.210991054760036,2.223635176085452],[33.21140863060086,2.225073662156855],[33.21540596073686,2.224340855104127],[33.21819160979936,2.222349836076136],[33.22053906924669,2.223149058813201],[33.2202517660219,2.220728727328036],[33.22149690193427,2.219739986281457],[33.22230207344339,2.220368901718322],[33.22532863716931,2.219302931600742],[33.229959421459746,2.21937777134992],[33.22891151010213,2.223172638009008],[33.23166619282563,2.226198238275742],[33.2308244359693,2.228789336966272],[33.23413954311973,2.230833852026231],[33.23453291135669,2.232144224810848],[33.24134133153207,2.231733335097764],[33.24180135595561,2.233815066457449],[33.24684549791134,2.235048544426844],[33.246724871585904,2.241066307511245],[33.25390449492074,2.242015162870643],[33.255334352818146,2.243822856263313],[33.26096561197359,2.243151760778993],[33.26281152210656,2.240929533513859],[33.26444840913525,2.235917038114195],[33.264445050233476,2.2359058620771886],[33.264375561262504,2.235864469351027],[33.263081459562976,2.233069071059129],[33.26253886345084,2.232229185859355],[33.26033067541946,2.2304352900821938],[33.26032779254119,2.230433167048001],[33.26032772428394,2.2304328926280492],[33.260327609867666,2.230432799678141],[33.25925424214281,2.226118004303462],[33.25769648759318,2.22393466125235],[33.25745286446956,2.220030334838718],[33.25487330654191,2.215176283204742],[33.25254045792193,2.2147206135762336],[33.24783895982695,2.213803335267599],[33.24783817794828,2.2138021287031098],[33.24783804053337,2.21380210186219],[33.24210555160574,2.204955887058408],[33.23602600879284,2.203798237708323],[33.23891749107253,2.19903380520926],[33.23891747222323,2.1990337392553965],[33.23865011410136,2.1981012542531815],[33.23786933497266,2.1976607581007244],[33.236119430112275,2.19667413420904],[33.23611901631036,2.19667327187323],[33.236118883313274,2.196673196839583],[33.23470758772679,2.193731948083409],[33.23140459428779,2.186848728278438],[33.2319756623856,2.184971933806279],[33.23425801213781,2.1857404175261426],[33.234390589080654,2.182664952330768],[33.234391119996744,2.1826648726202302],[33.23439118075431,2.182663462615834],[33.23583155256057,2.182446601540994],[33.23531166780503,2.180634885129887],[33.23531189413235,2.180634554230117],[33.23531185634339,2.180634423423894],[33.23561283909983,2.180194560425138],[33.23668467782206,2.178627488539289],[33.235487421735975,2.176457330267016],[33.23704697043269,2.1749507487171402],[33.23323177307258,2.1706587315120247],[33.232267742160495,2.169574323890737],[33.233222741787216,2.168150081993367],[33.230983427190296,2.164898089684417],[33.22902739982809,2.152988189706301],[33.2276514701218,2.151644590398934],[33.22615156690401,2.1501800902732935],[33.226090723889705,2.1502125980604525],[33.22123394095123,2.152814504163962],[33.22123885914296,2.152804898726701],[33.22123814397633,2.152805280832764],[33.22425858460917,2.146907246683917],[33.22430110492589,2.146824202700078],[33.22427959568498,2.144848388741201],[33.22538774306823,2.1445073035110114],[33.22580279491338,2.1443786147223722],[33.22501246892703,2.143829973936686],[33.22678001312558,2.137685276125204],[33.22669180790317,2.1373438951146038],[33.226102398786715,2.1350630200092717],[33.226072317148834,2.1350421250907723],[33.22526380641911,2.134486176912661],[33.22528148842966,2.134453308421655],[33.22629770320102,2.131717412791145],[33.227667829062376,2.130017420579127],[33.228135374106216,2.1291483169200074],[33.22767585930068,2.129303614102979],[33.226718597362904,2.130137629229714],[33.22240478598064,2.131089842696096],[33.21971075960121,2.10698750187444],[33.21970765505273,2.1069803432011267],[33.21810718287001,2.103297551697252],[33.218082231614765,2.103321225806359],[33.214290198310856,2.107099259642353],[33.21420648235215,2.106998592336619],[33.214073209842205,2.107125043206952],[33.21260490988572,2.105301555680971],[33.21255716715143,2.105015313161238],[33.21252828979122,2.104980588526966],[33.21208156632073,2.102163838854186],[33.21206753267955,2.102079699877384],[33.212890283999315,2.101040720488015],[33.217309710556414,2.101477392337297],[33.21368349586589,2.09057349041224],[33.21339353471964,2.089701847222961],[33.212,2.0901],[33.211695239088456,2.0901481201439287],[33.211414777016024,2.090324142893031],[33.21059547374305,2.09032176730373],[33.18562034267219,2.09426520905176],[33.18514096149491,2.094670234568261],[33.182817180734396,2.100687153708333],[33.18038924409492,2.10406158446921],[33.17365180813912,2.1073209126458066],[33.1734,2.1076],[33.17314184966846,2.1075676121355267],[33.17260741069943,2.107826154406188],[33.17054933135166,2.1072423515348944],[33.1463,2.1042],[33.14619770809606,2.104241674479381],[33.139706057379904,2.108299924428161],[33.135542750128685,2.108608065981082],[33.135497902478775,2.1088359711380296],[33.1353,2.1311],[33.134889083071954,2.1314589021270294],[33.130450146181445,2.135813744776127],[33.12752837966511,2.137887870925411],[33.1195,2.1449],[33.1194,2.1523],[33.11914981475174,2.1525692966213925],[33.11919571324811,2.153402428706863],[33.11786501963553,2.154768928344384],[33.11677533663517,2.1551251584829756],[33.105034908579704,2.1677624247926786],[33.10727071423331,2.1681041135133903],[33.1274,2.1708]]]}},{"type":"Feature","properties":{"n":"Omoro","c":"323107","d":"Alebtong","od":"Alebtong","dc":"323","k":"OMORO","a":["OMORO"],"lat":2.253482,"lon":33.349639},"geometry":{"type":"Polygon","coordinates":[[[33.27418427130765,2.306494452054329],[33.273713680699586,2.307119951579207],[33.275082273074666,2.309788614051845],[33.27460856738725,2.313466932403951],[33.273608362000815,2.314864306827177],[33.274549122479286,2.319469105258266],[33.27778536908446,2.322679546174078],[33.280238380374634,2.327917981567967],[33.28129700871258,2.327791958470733],[33.28253491684102,2.329654468884829],[33.28417688499292,2.330368847597798],[33.285486436403346,2.333607547573171],[33.28692138037942,2.332937767403438],[33.28714079808762,2.331273982737193],[33.28979136575763,2.329280022240472],[33.29095694485524,2.330478845059872],[33.29313011793813,2.329944672250678],[33.29371712068675,2.331344972019822],[33.29617263312516,2.332300133628806],[33.297279620661016,2.330728925513401],[33.294621036412494,2.325509060707922],[33.294408133060436,2.324063139988382],[33.29553502081978,2.323635521545471],[33.29478296992072,2.32235608914114],[33.295639732802,2.321351258604953],[33.29657723046292,2.322279220785229],[33.29742145813687,2.321572607237552],[33.30016426824215,2.323316402657311],[33.30067894591517,2.325660914570095],[33.30288545344044,2.3268522431854746],[33.3029587666803,2.32680173850913],[33.30344872910402,2.324038196092388],[33.30472402512215,2.32424275496393],[33.306522897291444,2.323000676776811],[33.30861208337044,2.31924176996614],[33.310814287185906,2.320052920804254],[33.310447272599646,2.3216429899869087],[33.3108,2.3214],[33.318927960956486,2.3238824314251345],[33.3192012673689,2.323465001342366],[33.32016446556615,2.32347760018417],[33.321192326694494,2.323990646901639],[33.32135874562509,2.3246248385652977],[33.3311,2.3276],[33.33479092834203,2.330725382870271],[33.33593613901795,2.331081587914726],[33.336632646561654,2.3322849023304344],[33.33890188566575,2.334206435442774],[33.33922212333553,2.334384051783692],[33.3392812869323,2.3345277026442877],[33.34346330994215,2.3380689318058563],[33.34901311384943,2.334253788219003],[33.350393077651944,2.335330415455702],[33.34999153649469,2.336162735182213],[33.360471723757115,2.3330351400305993],[33.36057918766072,2.332785024054671],[33.36098242237453,2.332882732589799],[33.372915363368094,2.329321593130989],[33.372915363368094,2.3293215931309885],[33.37288342336454,2.3293311249645092],[33.37174138271166,2.329062247852531],[33.37170949613309,2.3289915337322915],[33.37157230809149,2.328962690764932],[33.37036002866969,2.326737162784471],[33.370535537645495,2.3263880734246163],[33.36989299832753,2.324963128992488],[33.36989351477415,2.324963023624363],[33.36989336892169,2.324962883658575],[33.37086544452478,2.3247643846508543],[33.37172540011111,2.32143040272616],[33.37343132451109,2.319740954037956],[33.37343098126616,2.3196967409034572],[33.37341604826648,2.317856095433137],[33.37341668733749,2.317855550135101],[33.373416684937936,2.317855241050284],[33.374065320103945,2.317301739483666],[33.374437207477364,2.317690507660086],[33.37478436229698,2.3180529831378887],[33.37630703312194,2.31688897938042],[33.375461163924875,2.3158011239330394],[33.37534811345279,2.315656036101137],[33.37496979070823,2.316393296856151],[33.37496848708541,2.3163921893974515],[33.37496776564259,2.316393588409961],[33.37423415333586,2.315769627191608],[33.374318487798476,2.314705682622405],[33.374318665345676,2.3147056720513497],[33.374318677628445,2.314705517306518],[33.374361706804805,2.314703109388298],[33.37508001457212,2.3146603417681493],[33.375087938339725,2.3134822493061926],[33.3750935656956,2.312591803976599],[33.37735004538214,2.312988403727692],[33.37735608602835,2.3129938224493443],[33.379442861746746,2.3146580646349237],[33.3817923111449,2.312589944501095],[33.38182154906079,2.3126099034746943],[33.38190301754885,2.312534225458125],[33.38270633014623,2.313213890516498],[33.382724314878296,2.313226167615658],[33.383247281500125,2.312377198477598],[33.383991538306326,2.312463379975537],[33.38469194533025,2.312040797863822],[33.385710935784296,2.310681144640403],[33.38644112636912,2.308692011863254],[33.38647491517551,2.3085013760038775],[33.38551387462196,2.307467830710672],[33.385514421959456,2.3074675627130907],[33.38551407396362,2.307467217572257],[33.38666933572164,2.30690056826629],[33.386006358832226,2.305183967417522],[33.38472333763208,2.304957225337922],[33.38466923334201,2.3048961465419358],[33.38462503648403,2.304886634175797],[33.384047881173096,2.304194696762033],[33.38311525416534,2.30314184615323],[33.38315066562641,2.3031190469443774],[33.383087141231435,2.303042889097892],[33.383861893363914,2.302659780186714],[33.3834389653734,2.300602634873016],[33.38455219309594,2.300955558463302],[33.38492899698159,2.3000781657611666],[33.384988945580375,2.299938002569407],[33.384199995146055,2.298758286686524],[33.384202438545884,2.2987580555932166],[33.3842023191684,2.298757877125468],[33.38547147118525,2.298638032277245],[33.386456286635074,2.298544889821927],[33.387577967626676,2.2991716889494063],[33.38835883389376,2.2996074264274142],[33.38766876778081,2.297367139086201],[33.388105669394555,2.29637402649037],[33.38920564913844,2.296430466877817],[33.38920576771466,2.296430636240261],[33.38920579825024,2.296430637799116],[33.39044693283124,2.298203047011031],[33.39174416519576,2.297989196419574],[33.3927876247766,2.297096121810612],[33.39277334532712,2.295805315467299],[33.39570607895475,2.295236914748322],[33.39563572507207,2.294485250961016],[33.39718845286736,2.29490899266177],[33.39750454588756,2.2946043174714563],[33.39818761189834,2.293945794140475],[33.39818772120321,2.2939458196369156],[33.39818807005611,2.293945483385186],[33.40019061488369,2.294412815077284],[33.40019394376541,2.294328824101151],[33.40021784427297,2.293707239216107],[33.400218569119765,2.2937075020698128],[33.40021871754055,2.293703757266832],[33.401107649252125,2.2940286561865655],[33.401237393718645,2.2936781180265973],[33.401558175392914,2.292809678124813],[33.403320787314755,2.29183035213409],[33.40419496714484,2.291730821545399],[33.404195600864746,2.2917327191126264],[33.40419616196582,2.291732656466426],[33.404871057630466,2.293755260304499],[33.40488656792574,2.293801703263814],[33.406183732325374,2.293021151017661],[33.40632769766576,2.293218063965646],[33.40794662846773,2.2954314422911506],[33.408282072064374,2.294555590690883],[33.40872168767825,2.2934048447941495],[33.40681685275009,2.287758078438502],[33.40681686826942,2.287757860394064],[33.4068168485319,2.287757801911781],[33.40684391983542,2.287377789780966],[33.40709750196211,2.283814997357092],[33.4067546236017,2.2836452765786897],[33.40626580624037,2.283404378489336],[33.406266329104845,2.2834035765134053],[33.406265645179346,2.283403237978281],[33.41016944898952,2.277416895022069],[33.41053505783048,2.271017928781204],[33.411282330439505,2.2689517017051175],[33.411816982664654,2.2674721857028226],[33.410593317520224,2.2640605907675804],[33.41026515724683,2.263146165637841],[33.41026520464642,2.263145807647753],[33.410264899799735,2.263144957731072],[33.410729033679345,2.259641023798605],[33.409079142286046,2.258861216917437],[33.40907882115871,2.2588598998193046],[33.409078635698215,2.258859812050794],[33.40878519046932,2.2576555787114363],[33.408048530258604,2.254634179814319],[33.408048806744574,2.2546336252272408],[33.40804869564039,2.2546331692806],[33.40919654043583,2.252329950470371],[33.40794174770112,2.25096721480255],[33.40994219226056,2.246100829600119],[33.40936437536043,2.245065573757608],[33.40936460861446,2.2450653707795376],[33.40936460698337,2.245065367858219],[33.409364613472746,2.24506536655185],[33.41023581062436,2.244307249235545],[33.410307159954726,2.2443101761410476],[33.41030716181431,2.2443101648976382],[33.410235806,2.2443072374],[33.40998798961197,2.2431432669792626],[33.40855956062178,2.241235877313558],[33.40855960314968,2.2412357352461907],[33.4085595143,2.2412356653],[33.409714096,2.2373773882],[33.408669783550444,2.236428068130783],[33.408122610151565,2.237052784979735],[33.40812169394243,2.2370506260945895],[33.4081212735,2.2370511052],[33.408100708337386,2.2370011772197063],[33.40654514083947,2.233335756926828],[33.4036356827,2.2326263223],[33.4002501088,2.2305279938],[33.39977803154183,2.2303840566889135],[33.39857534616799,2.230018374744288],[33.3981496142,2.2305709038],[33.39728842208021,2.2292663420210883],[33.397098980915146,2.2293486156134357],[33.3965417741,2.2295925254],[33.39654117865159,2.22959086705877],[33.39654078602816,2.229591037573662],[33.39604860749009,2.2282190419777397],[33.3951870211,2.2258194987],[33.39518711372722,2.2258175442342774],[33.39518710760884,2.225817527178707],[33.3953272435921,2.2228553476838497],[33.3944950576,2.2221030319],[33.394495216849926,2.2221025602548266],[33.394495146507474,2.222102496662866],[33.39504441688496,2.2204723278182232],[33.3934650774,2.2199612609],[33.39346292781749,2.219959039861535],[33.3934628766835,2.219959023290747],[33.39319366491937,2.2196808261852308],[33.3894025724,2.215763711],[33.3862580755,2.2155372313],[33.384705597604075,2.2135677600209114],[33.38443891355329,2.214204295323079],[33.38443874621636,2.2142040158372582],[33.3844386473,2.2142042517],[33.38428724589895,2.2139509802991126],[33.38265053241454,2.21121734459191],[33.3824779196,2.2117648142],[33.3812368818,2.2112970096],[33.3808417316,2.2100771487],[33.381071760238164,2.2102211585954885],[33.38143360208278,2.2104455247307007],[33.3839145190916,2.207196268844355],[33.38306898881003,2.2066323553704423],[33.3814469346,2.2055517327],[33.38144696087062,2.2055505686739365],[33.38144608755569,2.205549986229916],[33.38148078961095,2.2040516494686644],[33.3814885527,2.2037076744],[33.3796882084027,2.201108656032685],[33.379591634484804,2.200969260389005],[33.37947784616995,2.2010210782471176],[33.37924646317155,2.201281529649302],[33.37596462750052,2.202620956642039],[33.37596398411041,2.202621249634315],[33.375963940326216,2.202621237100875],[33.37596372391029,2.20262132542746],[33.37397806222506,2.202055458486837],[33.37334747767707,2.202573266636706],[33.37311505630447,2.202766387885644],[33.37311373100889,2.2027652090656415],[33.37311179346906,2.202766800087686],[33.37209850220106,2.201863025606406],[33.370522658371,2.201898935362544],[33.35553225735237,2.178959038111046],[33.35073831364152,2.179873021030733],[33.350730505244705,2.179874520413376],[33.35073045394888,2.1798745195099114],[33.35073036061348,2.179874537304646],[33.345329128781366,2.179779491316312],[33.34366466219502,2.180635890482376],[33.34387263616626,2.181807876771838],[33.34386862911335,2.1818081168531913],[33.34386879164508,2.181809044327086],[33.34037339720384,2.182017547200879],[33.34037338177876,2.1820175335316265],[33.3403722568148,2.182017600933499],[33.33867234905828,2.1805101283633923],[33.33860846725758,2.180453518190424],[33.338608431927284,2.1804534468632544],[33.33860839449004,2.180453413664029],[33.33843802697632,2.180109421923283],[33.33598424586671,2.1751555641031426],[33.32592417137263,2.172602180230227],[33.318039118090155,2.172888285708781],[33.31803914031582,2.1728876193847073],[33.31803659414241,2.172887711569854],[33.31812806377318,2.170207749338956],[33.317088771156044,2.169615081118913],[33.31580173539955,2.168881634270093],[33.31365207337971,2.170934529080977],[33.31131585304029,2.169888957379504],[33.30994868802829,2.173367294003945],[33.303953418949455,2.179343624996275],[33.30296886770331,2.181409042077233],[33.302968799079686,2.181408986522683],[33.30121141448235,2.184689219395983],[33.301347694389726,2.184989351643841],[33.29657108132941,2.193350598000526],[33.296562317522124,2.1933669560184574],[33.296620030010295,2.1939641343191787],[33.29686321246401,2.196478425316323],[33.29814871843138,2.1989603782570484],[33.300452047180066,2.203407067881566],[33.30045193471562,2.2034072455411495],[33.30045211499529,2.203407593610831],[33.29887656908679,2.205895877525861],[33.29805671893501,2.2091541541197506],[33.29719348997215,2.2125849071048864],[33.297298655283484,2.213511307169121],[33.29751254151336,2.215395188860399],[33.299990196617046,2.220723851170504],[33.299989843016824,2.220724596948629],[33.29998996382832,2.220724856834531],[33.29700515644672,2.2270199147400564],[33.296410172284446,2.230885371099301],[33.29816117359973,2.23193359274685],[33.29841437012771,2.2326930600850874],[33.30030883395318,2.238369904849573],[33.300307556951964,2.238371706509129],[33.300308548439205,2.238374680492147],[33.29745779310919,2.2423931644081687],[33.29735360208377,2.243701950637267],[33.29717303912471,2.245974895792938],[33.291144065399216,2.2520105484481325],[33.29103561495482,2.25211913502317],[33.29014700243322,2.255294846879765],[33.29099211254496,2.26135676003113],[33.2903747862193,2.264133239169695],[33.28811448748501,2.267300672816006],[33.28609218424448,2.267654014309225],[33.28194058604949,2.271137975469959],[33.28060899424678,2.277218003176083],[33.2809067922239,2.279677730248673],[33.27935998208059,2.280031793924244],[33.27950284847733,2.282022862592505],[33.27790919915009,2.283071905846143],[33.27779012766661,2.284320240147088],[33.27503022506584,2.283940991886592],[33.27147373508946,2.289596000573877],[33.2714634376251,2.297076396602823],[33.27014330546558,2.302307577570437],[33.2732379604403,2.306260566501467],[33.27418427130765,2.306494452054329]]]}},{"type":"Feature","properties":{"n":"Abia","c":"323201","d":"Alebtong","od":"Alebtong","dc":"323","k":"ABIA","a":["ABIA"],"lat":2.430825,"lon":33.086439},"geometry":{"type":"MultiPolygon","coordinates":[[[[33.02535735373294,2.5030119016582555],[33.03258227559177,2.5057931768870976],[33.03260248764001,2.505795738992851],[33.04264809380573,2.488588908629797],[33.04274173730068,2.488311102893152],[33.04514756928365,2.487953709632938],[33.04652482388902,2.486775924553235],[33.04910912218399,2.48756536443847],[33.04945840240338,2.487912312834488],[33.0496,2.4879],[33.04978167521133,2.4882334274466786],[33.05513402078715,2.493550040324791],[33.05551953520665,2.495042906524945],[33.05485430503394,2.4975431951211085],[33.05804395254079,2.5033971364278003],[33.05835494803132,2.503235609448999],[33.07107465778864,2.4900447993302945],[33.07117376847727,2.4895200371269],[33.07140953803242,2.4896975161145254],[33.0716,2.4895],[33.077781357699465,2.4925633277094685],[33.078389653943916,2.492570946212428],[33.08081846235006,2.4940684415186127],[33.0829,2.4951],[33.08972636928671,2.4880757649368612],[33.084757952926616,2.482047832209303],[33.08787853676444,2.475150467683314],[33.09313251427611,2.478452245071331],[33.09404395196497,2.480094591423943],[33.096014273023485,2.481151329817739],[33.0972229140066,2.483559084106346],[33.09928091158572,2.48470869908682],[33.10259923230306,2.4835567431901286],[33.10201991788522,2.482692961270848],[33.10225784317333,2.480047005260075],[33.10135385097509,2.476858540164905],[33.103580902016695,2.475060034668591],[33.1048681322144,2.477923370158182],[33.10861210655275,2.48079033800585],[33.10896727900534,2.48134607412768],[33.1091,2.4813],[33.12245025096436,2.4907015851861702],[33.12353165839608,2.4912227805346387],[33.127554610792764,2.489881796402413],[33.124424326691646,2.485921642462122],[33.124923296179304,2.480821493060879],[33.1264935406502,2.479960638801965],[33.12820721689555,2.48054014470462],[33.13006318727016,2.485849543883559],[33.1317763615638,2.487423579458714],[33.13306125210252,2.487287741705869],[33.136487660612666,2.481972584440713],[33.137486223987004,2.483550799494956],[33.138772030536316,2.48283666744229],[33.14091183283094,2.484120940646235],[33.14130246112802,2.4852991796239925],[33.1467,2.4835],[33.1411363079742,2.4758564231047355],[33.13874018932311,2.473888513268539],[33.13701971877631,2.473542109865806],[33.1358384704943,2.469031892954165],[33.136107445142954,2.468947611551535],[33.136,2.4688],[33.14183544926574,2.4599262589677973],[33.14071761701001,2.458778515786958],[33.140859958105665,2.454792621124466],[33.13923002751344,2.451247228247012],[33.13727863504647,2.452044263289753],[33.135029382368224,2.450734618462004],[33.135699948739315,2.450417506115016],[33.13583173506812,2.447462645019598],[33.138121703583906,2.445807789567927],[33.13944330514531,2.445995958665881],[33.14169968389675,2.44686489795173],[33.14338809006406,2.449399046599363],[33.14670991880221,2.450864844110625],[33.14785233996381,2.4507766069971755],[33.1481,2.4504],[33.1463,2.4355],[33.14641286122165,2.4353639481163647],[33.14672171523763,2.434566182691354],[33.14466144694751,2.431159221877114],[33.14530106420189,2.43055135562388],[33.14722259832168,2.431534643520555],[33.148379009661284,2.43109920282739],[33.147979650688725,2.429527776616943],[33.149949702803816,2.428156342273342],[33.149466702429535,2.425968300780217],[33.150383188751555,2.425146579302029],[33.151829485284935,2.426978505434414],[33.15345441364519,2.426714983630544],[33.153512213794485,2.4268058244669195],[33.1536,2.4267],[33.16382991370092,2.4377345136549278],[33.16579116504178,2.438844898093321],[33.1671778303061,2.4413457495436632],[33.168716328165274,2.443005252852431],[33.17076192735175,2.444323912476495],[33.17105477372286,2.4455276210943175],[33.1714,2.4459],[33.18449624992967,2.449740253738777],[33.184108957087496,2.449146208629247],[33.1842875608019,2.4488746112109854],[33.184108053092004,2.448471850214827],[33.18376462737286,2.448501524012469],[33.18268055809822,2.446454220294233],[33.18258874676875,2.4450629864475375],[33.174821744813194,2.4276361837405216],[33.17288711281891,2.426502858169154],[33.1734861400873,2.42575963149566],[33.17268670634523,2.42508992479844],[33.172993209920854,2.4235335046123336],[33.1728,2.4231],[33.17312220172701,2.4228784863126815],[33.17331688917718,2.421889866598185],[33.17701707196508,2.4202007630240083],[33.178164791677936,2.4194117057214215],[33.17408635502823,2.416273005593804],[33.17481394825803,2.414724619050809],[33.174155913505665,2.412372443512574],[33.17203749572993,2.411857753609651],[33.169221854319176,2.408509930601361],[33.16790622533421,2.408074871362357],[33.16607930248084,2.404693009417233],[33.16563967751528,2.401091690624633],[33.1622770396563,2.395799502484064],[33.15003427735138,2.389295834162362],[33.14645277055974,2.385252286780982],[33.145783244252655,2.385369233541529],[33.145676043187244,2.380185446985887],[33.149099612393236,2.370016268988839],[33.140913736091264,2.366500747290802],[33.1385296626249,2.363773980467354],[33.136487979481856,2.363764154870213],[33.13582437196964,2.359732819892679],[33.13378744420833,2.358647740729944],[33.124650326789734,2.356325424859323],[33.11758430488108,2.35742908385668],[33.109801225126354,2.363317314210512],[33.107947535744806,2.363545520357768],[33.10456452058282,2.361903929150456],[33.102651324857604,2.362789081318148],[33.10146635512706,2.365059082079148],[33.101960480116254,2.367025680982638],[33.09576851699376,2.368810214218974],[33.09410244639315,2.367562330876217],[33.09191239459145,2.368140061809444],[33.09077158719944,2.374513145843883],[33.083365020465514,2.376729194241877],[33.085153588671375,2.382725126052542],[33.083365460887514,2.384724255672981],[33.08366431031519,2.391918479749669],[33.07939187841928,2.39501802974243],[33.077007562507866,2.401513989962878],[33.0758155980022,2.402912907269904],[33.07337763346073,2.403207166677307],[33.07256436464662,2.399867817299323],[33.071162157987324,2.399424912223966],[33.06668233135737,2.402641253952331],[33.06534842740674,2.405319154962116],[33.062427756581705,2.406061534784036],[33.06007931790665,2.403027917177095],[33.05447173603114,2.39837115305916],[33.0512454828704,2.400742489807416],[33.05028601430935,2.399835140750703],[33.04685594002304,2.403488362979091],[33.05415439271583,2.40886531665973],[33.05808809608241,2.412995751354164],[33.05722833021862,2.417211369615146],[33.05486460178259,2.416300987829878],[33.05392607350187,2.417281145603174],[33.04987587177583,2.414267972186337],[33.04665556469022,2.416579061795393],[33.04638692440853,2.415964760228888],[33.04360960043804,2.415711851207841],[33.042680817913954,2.418540385486291],[33.04086806284965,2.419049454769538],[33.039286858817896,2.421633658548903],[33.03981182639148,2.424140524980955],[33.03871003386792,2.427036351700357],[33.037258049296675,2.426973254999755],[33.03655350204893,2.426039109306092],[33.03307697758232,2.426446254959279],[33.02880880628437,2.425740248465409],[33.02655829290433,2.426605714408696],[33.029767239920176,2.436961230519275],[33.027209837860156,2.439482126265899],[33.0264766635939,2.443836820911668],[33.02599450600598,2.4444291486905216],[33.0224,2.4635],[33.02202714121001,2.464083605062592],[33.02196667495686,2.465218938047051],[33.02025209475979,2.470005870313566],[33.01725938977434,2.473885575027846],[33.0154959445609,2.4743168116384893],[33.015463561049415,2.474451056013338],[33.01467680923058,2.480717530885407],[33.01344066571682,2.482836876664826],[33.01286670860206,2.485216189795086],[33.01426418429188,2.488599773758938],[33.01357088698605,2.49138317625533],[33.01257269961105,2.492306589374845],[33.012268790322494,2.495617013000932],[33.01003960393641,2.4969358236817842],[33.01,2.4971],[33.02110789974166,2.501376049900549],[33.02358524321608,2.501749324510287],[33.02535735373294,2.5030119016582555]]],[[[33.10381853873721,2.475647686015529],[33.10381853989378,2.475647685991987],[33.10381853873699,2.475647685991],[33.10381853873721,2.475647686015529]]]]}},{"type":"Feature","properties":{"n":"Akura","c":"323202","d":"Alebtong","od":"Alebtong","dc":"323","k":"AKURA","a":["AKURA"],"lat":2.325973,"lon":33.134815},"geometry":{"type":"Polygon","coordinates":[[[33.05691342190951,2.338548316550031],[33.06177004464311,2.344882836662115],[33.06189891550368,2.347140150061192],[33.06523569078625,2.346532529068649],[33.06837628982397,2.347084591357544],[33.071469283954194,2.350561520205464],[33.076553327086756,2.349599338077214],[33.08147490649153,2.350244674983903],[33.08250046752511,2.347173897481802],[33.08414172568048,2.346776419172595],[33.09149886962065,2.357161476704966],[33.08941674775692,2.361059087520055],[33.09382684919746,2.360493057140582],[33.09492022137882,2.361866015169715],[33.09389782108718,2.36638151628361],[33.09410245399655,2.367562321929116],[33.0941127972167,2.36757008362108],[33.09576851699376,2.368810214218974],[33.0977047026913,2.3682522025414765],[33.10196045972933,2.367025599843431],[33.10146635512706,2.365059082079148],[33.101466588222294,2.3650586355476055],[33.10146658560547,2.365058625216283],[33.1014771185378,2.3650384630287684],[33.102651324857604,2.362789081318148],[33.10265250330392,2.3627885361024648],[33.102652508241924,2.362788526650121],[33.10267109578429,2.362779934173199],[33.10456452058282,2.361903929150456],[33.10456529117091,2.361904303074477],[33.10456579398308,2.361904070639125],[33.107947548877476,2.363545518741016],[33.109801176610645,2.3633173201832407],[33.11101990580029,2.3623953305276975],[33.11758430488108,2.35742908385668],[33.11758718619921,2.357428633816654],[33.12162055867632,2.356353061105442],[33.12379451769683,2.35645909574481],[33.124650326789734,2.356325424859323],[33.12550438315736,2.3565424942660167],[33.12573489697435,2.356553737554976],[33.12673860653875,2.35685618800718],[33.13378744420833,2.358647740729944],[33.13522449510536,2.3594132632063807],[33.13565259673911,2.359542264201596],[33.135674492817486,2.359652978698493],[33.13582437196964,2.359732819892679],[33.136487979481856,2.363764154870213],[33.13831317685884,2.3637729386299213],[33.13852863822166,2.363773659806223],[33.13852891553007,2.3637739768719612],[33.1385296626249,2.363773980467354],[33.140803077631155,2.366374182475576],[33.1409137940868,2.3665007721976736],[33.149099612393236,2.370016268988839],[33.14573026838037,2.3800243795128315],[33.14567604560237,2.3801855637712124],[33.14571395143201,2.382018528110675],[33.145783429531136,2.385369201178771],[33.14645277055974,2.385252286780982],[33.149927119865474,2.3891748525764682],[33.1500343428075,2.3892958689343256],[33.15003505325222,2.3892962463407232],[33.155735270451295,2.391792388406104],[33.15927195492402,2.394203124649506],[33.160864308047756,2.3950490233372235],[33.16128637862676,2.389660620091592],[33.164576408038705,2.388990425036723],[33.16849062834672,2.386872738475174],[33.17399514490792,2.386932226451713],[33.176301865763484,2.380626349206761],[33.17928147230311,2.378401825507397],[33.17690546179291,2.374647646277005],[33.181204178489466,2.375142849157186],[33.18290764709415,2.371315223692576],[33.1829807514524,2.364193882991512],[33.18411465623373,2.361191210982751],[33.18353863886153,2.359945569923993],[33.18449361366812,2.354305671869113],[33.183513033120995,2.353794044416873],[33.18423573179167,2.350313224514727],[33.180894429258856,2.344613855153672],[33.17715354554364,2.34107952730906],[33.17863229706791,2.340390485061751],[33.17786462940248,2.338828302249564],[33.19582153946013,2.339879109085947],[33.20335947378897,2.336332330099193],[33.20496544618013,2.336823429315957],[33.213463954256035,2.335997126562417],[33.21360336591907,2.3346981295227],[33.2099904338988,2.331468286243499],[33.208419540748196,2.328081431437537],[33.20833180585876,2.32541296105716],[33.2066040173526,2.324447477360197],[33.20742401242377,2.323043330056863],[33.20585426931549,2.322254184393328],[33.20621968162088,2.321498773031497],[33.204229983862064,2.319375053909899],[33.19822678826641,2.317532545523175],[33.196760459584304,2.315163202092586],[33.18932569100712,2.310266439883425],[33.18777246172927,2.308037522770078],[33.18707412256011,2.306210400116832],[33.18797869879856,2.297807904904326],[33.18740105059425,2.292508591910852],[33.18256328403237,2.292084054248154],[33.18320560433704,2.294130020856052],[33.180707294902554,2.295474765780852],[33.17858056158845,2.294784679026175],[33.17910668353331,2.29302545777252],[33.17859999365918,2.29297258489721],[33.16997605223858,2.296005248853696],[33.169666726097816,2.297766042116872],[33.174775729607774,2.303777604977278],[33.16679559735228,2.302606883474109],[33.16759931361676,2.298483557684226],[33.16586719099439,2.296599074250455],[33.16485966229497,2.29656537456867],[33.16331933204875,2.298295195852497],[33.15018388940529,2.294321092763168],[33.154260616921285,2.286874794737276],[33.153552002044755,2.280780281365135],[33.15156348709672,2.278625869973128],[33.14613566493918,2.278789836885657],[33.14286134379899,2.27640509872609],[33.144257839980035,2.275129857521969],[33.144516625609526,2.272424798577489],[33.143510546243355,2.270011385016513],[33.14782310237731,2.268788506363355],[33.14896848649286,2.262282623650482],[33.14787439976283,2.259828526321293],[33.14588143237101,2.258518007105345],[33.135274764883505,2.259224378013316],[33.13387209134989,2.264600744238487],[33.11387824540205,2.2562670356993215],[33.1164,2.2647],[33.11629152522034,2.264860626116036],[33.11655108649425,2.265610603317818],[33.11513789090617,2.282904785918044],[33.10670024198272,2.283022588392923],[33.104127342723245,2.285700750247108],[33.10080512311713,2.291688316126171],[33.0985080898137,2.301073979828968],[33.0984,2.3017],[33.09828752342706,2.3017498607488274],[33.09504928258982,2.305776142087911],[33.094172710496366,2.305958145579263],[33.09335550008928,2.308426465491045],[33.08971653898211,2.305549369317211],[33.0887,2.306],[33.0651,2.3024],[33.06295925037718,2.312811827710969],[33.06326084888595,2.313193117030486],[33.062753187592605,2.3138140421632345],[33.06091365195215,2.322760874596357],[33.06134461076506,2.326533088539453],[33.055571343084566,2.325389595336992],[33.05517557963758,2.3286877192491],[33.05691342190951,2.338548316550031]]]}},{"type":"Feature","properties":{"n":"Alebtong Town Council","c":"323203","d":"Alebtong","od":"Alebtong","dc":"323","k":"ALEBTONGTOWNCOUNCIL","a":["ALEBTONG","ALEBTONGTOWNCOUNCIL","TOWNCOUNCIL"],"lat":2.258967,"lon":33.237702},"geometry":{"type":"Polygon","coordinates":[[[33.203164477662185,2.266045522389995],[33.208808387478186,2.270141538080348],[33.21025786268811,2.271556265588123],[33.21056417400888,2.273098034405847],[33.213971435876005,2.274742508868721],[33.223782940209375,2.284830997504542],[33.2237275312631,2.287501433968545],[33.22474126378556,2.289150469389421],[33.22659729053434,2.290320082330582],[33.2296932424614,2.289118692995874],[33.23153802249696,2.289261280663491],[33.23285870109627,2.288464065991941],[33.23470314752539,2.285386937126467],[33.24629542076459,2.285539449700968],[33.2422986106173,2.298520087095359],[33.247459056140336,2.297427358077808],[33.25086232528439,2.298658682429442],[33.25162519043419,2.295269308489825],[33.26221781562319,2.29604465468653],[33.26108378837467,2.285998249276486],[33.258218698768424,2.281184741091157],[33.25544888212508,2.279928362847635],[33.25175608764682,2.280234810799793],[33.24865565041068,2.278702378602715],[33.25585358550172,2.2731497920124],[33.25548244728462,2.267792812788247],[33.258883990428295,2.2680907164729],[33.259598487439085,2.266934516562057],[33.2651182509528,2.269489485688237],[33.26586966842588,2.267675933099255],[33.26838659409132,2.265296859941163],[33.27514045722682,2.263004925161128],[33.26958223576208,2.258330630032848],[33.269165606134116,2.253400560420005],[33.27096547630112,2.249072432818166],[33.26674196889311,2.248617479843761],[33.26597578640756,2.249716786563233],[33.265944832977326,2.25214724207226],[33.26499485019682,2.252433231766551],[33.26320434802291,2.250938876983311],[33.26173807854062,2.248035382183511],[33.26231870187651,2.245094603979696],[33.259538687886355,2.243987786632306],[33.259549001765144,2.2433205828288556],[33.255334352818146,2.243822856263313],[33.25533424197078,2.243822716124878],[33.25533397208421,2.24382276452574],[33.25519407209516,2.243645506796262],[33.25390449492074,2.242015162870643],[33.246724871585904,2.241066307511245],[33.24684549213211,2.235048832738879],[33.24595877467124,2.2348317080270723],[33.24180135595561,2.233815066457449],[33.24134136837679,2.2317335018297935],[33.237283825790804,2.231978206496256],[33.23453291135669,2.232144224810848],[33.234271565262205,2.2312736389897245],[33.23413898361243,2.230833506963148],[33.2308244359693,2.228789336966272],[33.23082490790535,2.2287878842512012],[33.23082458995253,2.228787688075556],[33.231045946138245,2.228107483644422],[33.231666124387814,2.2261984489412474],[33.23105967871761,2.2255320747167406],[33.22891151010213,2.223172638009008],[33.22891172460431,2.2231718612189013],[33.228911514244786,2.223171630071789],[33.2291771220698,2.222210760849234],[33.229959421459746,2.21937777134992],[33.22625403716403,2.21931788731864],[33.22260551540049,2.220349936371979],[33.222508462910916,2.2202962103677035],[33.22230207344339,2.220368901718322],[33.22149690193427,2.219739986281457],[33.2202517660219,2.220728727328036],[33.22053906924669,2.223149058813201],[33.22042979247737,2.2231118541327217],[33.2206062609046,2.225461978721468],[33.22643796103046,2.227289088810085],[33.22061898696323,2.233977002427065],[33.217311225596866,2.239539590187585],[33.20998974248048,2.248917665736624],[33.21160892419765,2.251564825478328],[33.21072788169308,2.253542836320367],[33.21474769390492,2.255621263322771],[33.21281729411944,2.257504551608737],[33.21264428870782,2.256376613442728],[33.20964838300336,2.255593437679865],[33.20755483097637,2.258547194892433],[33.20257677563785,2.259385881385404],[33.20125430947506,2.261952751404566],[33.20127207479496,2.263847185311992],[33.203164477662185,2.266045522389995]]]}},{"type":"Feature","properties":{"n":"Aloi","c":"323204","d":"Alebtong","od":"Alebtong","dc":"323","k":"ALOI","a":["ALOI"],"lat":2.326603,"lon":33.244091},"geometry":{"type":"Polygon","coordinates":[[[33.16461627629003,2.399029073157903],[33.164812871645275,2.39979044665983],[33.16563967751528,2.401091690624633],[33.16607930248084,2.404693009417233],[33.16790622533421,2.408074871362357],[33.169221854319176,2.408509930601361],[33.17203705154596,2.411857225470914],[33.17346890295695,2.4122055277150025],[33.174155913505665,2.412372443512574],[33.1741559740299,2.412372659859248],[33.1741560167664,2.412372670255033],[33.17421241563532,2.4125744129780897],[33.17481394825803,2.414724619050809],[33.17481368210436,2.4147251854507426],[33.174813822093654,2.414725686202299],[33.174744701256465,2.414871983156151],[33.17408635502823,2.416273005593804],[33.17629570299308,2.417973284728883],[33.178165423943994,2.419411271038503],[33.18227536352113,2.4165856875792233],[33.18215001637581,2.416487701256952],[33.181946821765465,2.411777148527787],[33.18069074248751,2.411734316813083],[33.181317940841204,2.410372074762753],[33.18014457205508,2.408461899941825],[33.18023606870751,2.407105124514255],[33.183792508480934,2.405783435986791],[33.184844761370336,2.404070297324392],[33.18581516788658,2.405598950792506],[33.18854569364566,2.40600369861817],[33.189645986202216,2.40786541611888],[33.18960446250398,2.411410786490404],[33.19250980731173,2.413635480022794],[33.19287690079244,2.415535022295433],[33.194751609295935,2.4153623517753746],[33.194677344919725,2.414279110774295],[33.19639107942567,2.414006808312581],[33.19740251330059,2.4151181895644194],[33.19920597115081,2.4149520816045307],[33.199101479051215,2.414730576458066],[33.200722821442554,2.414729669016333],[33.20076986298515,2.4148080389355786],[33.205196199277786,2.41440035006652],[33.20609506084749,2.411689258880172],[33.20988472283609,2.409237158192265],[33.21024517674394,2.40660568600675],[33.21196056133348,2.407237301460599],[33.21229604911734,2.4072018494565053],[33.2191,2.4003],[33.21911561983108,2.400255418398793],[33.21913356324165,2.399965586177558],[33.217954785333944,2.39990553854018],[33.217319224030184,2.398555755664532],[33.21504756157204,2.397569034426364],[33.21299724001554,2.393847868898817],[33.213269300187186,2.392208863799434],[33.21453105775436,2.391034071876047],[33.21579395097895,2.391123731597736],[33.215974483851454,2.389848064528719],[33.21390028472438,2.388311279448174],[33.21443956194074,2.387487583236252],[33.2238981703043,2.386591023055469],[33.22184291651529,2.3765074341531416],[33.2192666373562,2.373554180487537],[33.21917735223573,2.371552863872537],[33.220878900790254,2.370637538871711],[33.22222746570716,2.371042390871006],[33.22838155308767,2.3716160769827486],[33.23045309272014,2.371390498215989],[33.23251944189161,2.371961268813956],[33.23550503479032,2.37554056825297],[33.23423665739558,2.377606922448579],[33.23479942519172,2.3794238584761107],[33.23488018144079,2.379384869067828],[33.235848903707115,2.380341230248043],[33.23566693700823,2.3822246823408775],[33.235990066403524,2.3832679286742344],[33.23655763645165,2.383171755113294],[33.23660000152668,2.383199999745553],[33.2474,2.3814],[33.247378713548514,2.3808699673580684],[33.24701019911296,2.380658012855135],[33.24733875613645,2.379875027797581],[33.247301358296674,2.378943821587298],[33.24653321960348,2.377849691356429],[33.24535686273723,2.377553274680991],[33.24640934943066,2.376868734372803],[33.245279523286975,2.375963039596798],[33.2460167381754,2.372335754539001],[33.24467246016963,2.369825508026929],[33.244838710711505,2.368292126299566],[33.245677665749184,2.367695912371021],[33.24493266227944,2.366829896851064],[33.24668516718682,2.3636006629517836],[33.246575440571,2.3608684702178206],[33.24577810568257,2.359389766226974],[33.245600915006115,2.357061747581531],[33.246413321716446,2.3568317107395322],[33.2464,2.3565],[33.25286937523902,2.3537988691012344],[33.251509045224104,2.352667582402499],[33.25159461387128,2.348227832590218],[33.25095143625769,2.348898574673351],[33.24916704053494,2.348197828754321],[33.2499398793355,2.346057581251188],[33.251986967938414,2.346878639421165],[33.253849160829695,2.349109413018122],[33.255219840547184,2.348943115661786],[33.25651534470795,2.350848799055422],[33.2590139098994,2.3512333675162282],[33.262676212370444,2.3497042618453285],[33.26160975287597,2.347629464638502],[33.262577187019254,2.345390176659025],[33.263271350544834,2.345384422362934],[33.265494652217114,2.348527490569142],[33.2658,2.3484],[33.283059648324354,2.3449014226369553],[33.28368956838109,2.34374460059231],[33.28693282637205,2.344037180546743],[33.2869656331191,2.3441096689623437],[33.288,2.3439],[33.289726714307974,2.3414491796919084],[33.28784780756338,2.340284255220308],[33.28792637118493,2.339204917873642],[33.288854473482395,2.339108067685926],[33.288129314287204,2.338527598362223],[33.286921378887946,2.332937779313873],[33.286909518457826,2.3329433041212404],[33.285486436403346,2.333607547573171],[33.28548597856992,2.3336064152884144],[33.285485929301736,2.333606438238445],[33.28519641714986,2.33289029024242],[33.2841768861836,2.330368850542517],[33.284152945455155,2.3303584321118724],[33.28253491684102,2.329654468884829],[33.282534763475695,2.329654238137076],[33.28253461303391,2.32965417266842],[33.28226583060453,2.3292496117664063],[33.28129700871258,2.327791958470733],[33.28087819988777,2.3278418150477385],[33.28024052383921,2.327919038337474],[33.280239941614425,2.3279177957121124],[33.280238380374634,2.327917981567967],[33.27778548177284,2.3226797868214732],[33.27726995409552,2.322168241081794],[33.274549122479286,2.319469105258266],[33.273608362000815,2.314864306827177],[33.27460795542506,2.3134677873686567],[33.274998924988914,2.3104358108273493],[33.275082273074666,2.309788614051845],[33.273713680699586,2.307119951579207],[33.27371494773767,2.307118267457795],[33.273714815413356,2.307118009055458],[33.27373835424162,2.30708715600582],[33.27418427130765,2.306494452054329],[33.2732379604403,2.306260566501467],[33.27014330546558,2.302307577570437],[33.271463332181455,2.297076814435827],[33.27146344191298,2.297073281758942],[33.27147373508946,2.289596000573877],[33.2717072326282,2.2892247270376638],[33.2717111398458,2.289098938772453],[33.27502876035242,2.283943251537959],[33.27502880050048,2.2839432570214715],[33.27503022506584,2.283940991886592],[33.27779012766661,2.284320240147088],[33.27790919915009,2.283071905846143],[33.27791023224506,2.283071225796089],[33.27791028291717,2.283070698166924],[33.279502817324726,2.2820224284318105],[33.27946315781466,2.281469710580121],[33.279359334917324,2.280033144234987],[33.2793600669379,2.280032976544667],[33.27935998208059,2.280031793924244],[33.28090672315503,2.2796777460584856],[33.28060889381,2.27721902346805],[33.280609038011846,2.2772183646631277],[33.28060899424678,2.277218003176083],[33.280821211253354,2.2762490235856014],[33.28193954570095,2.271139767061291],[33.28194033960871,2.2711391007147474],[33.28194058604949,2.271137975469959],[33.28609218424448,2.267654014309225],[33.28609269563262,2.2676539249583088],[33.286093053530514,2.267653624565696],[33.287503375921844,2.2674074476398434],[33.28811448748501,2.267300672816006],[33.2903747862193,2.264133239169695],[33.29099211254496,2.26135676003113],[33.29014700243322,2.255294846879765],[33.2909994911481,2.25224823381317],[33.29103560321866,2.252119138193993],[33.2871173078195,2.25182959958623],[33.28711719600869,2.2518295598008757],[33.287116874336576,2.251829536029621],[33.281200051129005,2.249724749836178],[33.27981240499875,2.2471109105114855],[33.2796709098521,2.2468445042101006],[33.27474370893184,2.24432597814075],[33.27474364186765,2.2443257017869915],[33.274743133835855,2.244325442132089],[33.27448222642919,2.243248477957293],[33.27443044317732,2.243035092882477],[33.27393338155195,2.242554330289597],[33.27125094817393,2.23995995391084],[33.27124286679688,2.23995514005013],[33.264448418574,2.235917044685988],[33.264448239010996,2.235917559070749],[33.26281152210656,2.240929533513859],[33.262616820555444,2.241163927966616],[33.26246233727581,2.241606468157667],[33.261958569785406,2.2419563732662744],[33.26096561197359,2.243151760778993],[33.2600867462804,2.243256498064517],[33.2595441667246,2.2436333611253882],[33.2595409702236,2.243840142460861],[33.26231774678367,2.245093676273644],[33.26231764676955,2.2450941839060237],[33.26231870187651,2.245094603979696],[33.26178111004411,2.247817433472662],[33.261738144059784,2.248035511924032],[33.26320434802291,2.250938876983311],[33.264994087092454,2.2524325948789374],[33.2658207131253,2.2521846080111625],[33.265944832977326,2.25214724207226],[33.26597578640756,2.249716786563233],[33.26651279649687,2.248946292835256],[33.266740742699696,2.248618681242983],[33.26674110455484,2.2486187199828693],[33.26674196889311,2.248617479843761],[33.268760769699796,2.248834943516251],[33.27096247393865,2.24907065599125],[33.27096189657008,2.249072047212288],[33.27096547630112,2.249072432818166],[33.269165606134116,2.253400560420005],[33.26958223576208,2.258330630032848],[33.27514045722682,2.263004925161128],[33.26838659409132,2.265296859941163],[33.26586966842588,2.267675933099255],[33.2651182509528,2.269489485688237],[33.26034454028848,2.2672798469357165],[33.25959844139364,2.2669345910728427],[33.258883990428295,2.2680907164729],[33.25548244728462,2.267792812788247],[33.25579889036994,2.2723603268721675],[33.25585385919763,2.273149166580959],[33.25585355825281,2.273149398703871],[33.25585358550172,2.2731497920124],[33.24865630900169,2.2787018705565107],[33.24965194038066,2.2791948081251765],[33.25175608764682,2.280234810799793],[33.255301293416004,2.2799406105527065],[33.25544848717695,2.279928310575185],[33.255448645686265,2.2799283824685994],[33.25544888212508,2.279928362847635],[33.258218698768424,2.281184741091157],[33.26108378837467,2.285998249276486],[33.26221781562319,2.29604465468653],[33.253358711987495,2.295396196708683],[33.25162497088257,2.2952702839473473],[33.25086232528439,2.298658682429442],[33.247459056140336,2.297427358077808],[33.2422986106173,2.298520087095359],[33.24629542076459,2.285539449700968],[33.23868800240669,2.2854393634680843],[33.23470307955052,2.2853870505303666],[33.23285870109627,2.288464065991941],[33.23235252405311,2.288769614794974],[33.23227533682763,2.288880736926385],[33.23211175604902,2.288914952037054],[33.23153802249696,2.289261280663491],[33.23074793727696,2.2892002129987463],[33.22800434733949,2.289774071578844],[33.22659729053434,2.290320082330582],[33.22629740268621,2.2901311019140507],[33.22614061713097,2.290163895712744],[33.225631993480675,2.2897117807924836],[33.22474126378556,2.289150469389421],[33.22442890581346,2.288642357684831],[33.224084154687866,2.288335908844777],[33.22405885732837,2.288040401009054],[33.2237275312631,2.287501433968545],[33.223782940209375,2.284830997504542],[33.22069927382247,2.2816602774758965],[33.213971224008034,2.274742406613162],[33.21057891829824,2.2731051505619497],[33.21056490315018,2.273098391068031],[33.21056490211442,2.2730983858173364],[33.21056417400888,2.273098034405847],[33.21025786268811,2.271556265588123],[33.21024862682095,2.271547251128794],[33.206985410740714,2.2688185294634047],[33.206985395240665,2.268818518214384],[33.20471188105323,2.272491270093191],[33.20378155532413,2.277087803173677],[33.20139891942082,2.280109593172436],[33.202355338633744,2.285118928196994],[33.20173048865034,2.285453770849116],[33.203353259700755,2.286507906764197],[33.199673728236,2.289185675149235],[33.20284433914967,2.290101798094692],[33.20415996819507,2.291551948128347],[33.2038685409256,2.29669745287526],[33.20057446620041,2.297296602827696],[33.19581520089737,2.295412255895002],[33.19540828922096,2.296371758216591],[33.19345890478487,2.295360396440554],[33.19034590689486,2.29620108490762],[33.18819944970944,2.295751404446511],[33.18851391090411,2.294673519093426],[33.187513251051485,2.2935379127613102],[33.18797869879856,2.297807904904326],[33.187978643335754,2.2978084200913713],[33.18797865867578,2.297808538517045],[33.18707426593586,2.306210775242696],[33.187076142408905,2.306215684814657],[33.18932552778741,2.310266205659668],[33.18932569100712,2.310266439883425],[33.189327552957856,2.310267666220184],[33.19416018964068,2.312951991727141],[33.19522592547828,2.3141525117743815],[33.196760459584304,2.315163202092586],[33.19822678826641,2.317532545523175],[33.19823065942479,2.317533733664002],[33.20279798372707,2.318655611551139],[33.20334134195742,2.3191023108123243],[33.204229983862064,2.319375053909899],[33.2060967229073,2.3213675321080736],[33.206150288456854,2.321411568786043],[33.206146922630175,2.321421113166255],[33.20621968162088,2.321498773031497],[33.205854300328696,2.322254120280192],[33.20637701844636,2.322516982304379],[33.20742401242377,2.323043330056863],[33.207423315508876,2.3230445234435138],[33.20680521987036,2.3245599088007287],[33.20833180585876,2.32541296105716],[33.208331812116995,2.325413151402324],[33.2083318468464,2.325413166757941],[33.209140265695275,2.3296353186321235],[33.20944620833547,2.3302949327509377],[33.213568019216844,2.334539848213828],[33.2135594711369,2.3346588890204165],[33.21360336591907,2.3346981295227],[33.213463954256035,2.335997126562417],[33.20496544618013,2.336823429315957],[33.2033595132025,2.3363323421516746],[33.19582175940437,2.339879045789954],[33.1958216834304,2.339879041344477],[33.19582153946013,2.339879109085947],[33.18082871081318,2.339001755087495],[33.17786463702112,2.338828317753295],[33.17863229706791,2.340390485061751],[33.177155328227784,2.3410786966457153],[33.18089422545759,2.344613604094641],[33.18089430235181,2.344613735253897],[33.180894429258856,2.344613855153672],[33.18423573179167,2.350313224514727],[33.183513033120995,2.353794044416873],[33.18449361366812,2.354305671869113],[33.18353872706953,2.3599450489844274],[33.18386121972358,2.360643152993414],[33.18411465623373,2.361191210982751],[33.1841145400239,2.361191518715832],[33.1841146045677,2.361191658434623],[33.183847049738056,2.361899854730591],[33.1829807514524,2.364193882991512],[33.18290764709415,2.371315223692576],[33.182907443312615,2.371315681581483],[33.18290744302095,2.371315709926481],[33.18120501342219,2.375141202503952],[33.18120491628066,2.3751411913700293],[33.181204178489466,2.375142849157186],[33.178212326084356,2.3747981942211505],[33.17690598114715,2.3746484668747647],[33.17925148588592,2.3783544459254777],[33.179280926145275,2.378400884644996],[33.17928089266266,2.378400909655327],[33.17928147230311,2.378401825507397],[33.176301865763484,2.380626349206761],[33.17434870417045,2.385965702347621],[33.17399549206412,2.386931551425562],[33.17399539222613,2.3869315503585136],[33.17399514490792,2.386932226451713],[33.16849062834672,2.386872738475174],[33.16531709043399,2.38858969819167],[33.16457659470677,2.388990329779864],[33.16457657770013,2.388990333245845],[33.164576408038705,2.388990425036723],[33.16398472990185,2.3891109527620844],[33.16128635785726,2.3896608852474297],[33.160864308047756,2.3950490233372235],[33.1622770396563,2.395799502484064],[33.16228239973394,2.3958079382837245],[33.16461627629003,2.399029073157903]]]}},{"type":"Feature","properties":{"n":"Aloi Town Council","c":"323205","d":"Alebtong","od":"Alebtong","dc":"323","k":"ALOITOWNCOUNCIL","a":["ALOI","ALOITOWNCOUNCIL"],"lat":2.244229,"lon":33.161964},"geometry":{"type":"Polygon","coordinates":[[[33.13527821890699,2.25922330465608],[33.145880135939294,2.258517966475197],[33.14588031136542,2.258518081760814],[33.14588143237101,2.258518007105345],[33.14787439976283,2.259828526321293],[33.14896848649286,2.262282623650482],[33.14849126214061,2.2649933000264735],[33.147823946489815,2.268785496236305],[33.14782361576743,2.268785590262248],[33.14782310237731,2.268788506363355],[33.14409159930832,2.2698466202302874],[33.14351070700835,2.270011770664436],[33.144516625609526,2.272424798577489],[33.144257839980035,2.275129857521969],[33.14286134379899,2.27640509872609],[33.14613547305853,2.278789697136044],[33.1477126011558,2.2787421998490722],[33.15156348709672,2.278625869973128],[33.15350334822897,2.2807275684926065],[33.15355187672097,2.280779984823749],[33.15355189811484,2.2807801687646263],[33.153552002044755,2.280780281365135],[33.15383396444116,2.283205327257122],[33.1542606887889,2.286874230913158],[33.15426057542416,2.2868744378371058],[33.154260616921285,2.286874794737276],[33.15018428674424,2.2943203670084493],[33.15665029450648,2.296277491278773],[33.16331933204875,2.298295195852497],[33.16485966229497,2.29656537456867],[33.16586719099439,2.296599074250455],[33.165867408700045,2.296599311105911],[33.16586779150915,2.296599323695436],[33.167599111447046,2.298482804284971],[33.16759902525472,2.2984832439573037],[33.16759931361676,2.298483557684226],[33.16679559735228,2.302606883474109],[33.174775729607774,2.303777604977278],[33.169666726097816,2.297766042116872],[33.169713282701025,2.2975010255453996],[33.16931038675424,2.297002758193854],[33.169878498642426,2.2965605582578275],[33.16997605223858,2.296005248853696],[33.171099474143624,2.2956101903817983],[33.17156997800164,2.295243965382389],[33.178124773446115,2.293014645584349],[33.17846667738143,2.293019466415836],[33.17859999365918,2.29297258489721],[33.17910668353331,2.29302545777252],[33.17858056158845,2.294784679026175],[33.180499978181,2.2954074952290533],[33.18319929746237,2.2941334156067525],[33.18320560433704,2.294130020856052],[33.18256328403237,2.292084054248154],[33.182568549605975,2.292084516327976],[33.18256851514815,2.292084405689968],[33.1834708634864,2.292163698781473],[33.18740105059425,2.292508591910852],[33.18740165381627,2.292514125836685],[33.18851330625956,2.294672832908025],[33.18851391090411,2.294673519093426],[33.18851382002827,2.2946738305904892],[33.188514124681625,2.294674422193873],[33.18847748064241,2.2947983918795067],[33.18819944970944,2.295751404446511],[33.18860981339393,2.2958373751950165],[33.1903751661869,2.2961931832159914],[33.19345890478487,2.295360396440554],[33.19540828922096,2.296371758216591],[33.19581520089737,2.295412255895002],[33.1958183307085,2.2954134950883702],[33.19581859639288,2.295412868646375],[33.20040021292416,2.2972276103245033],[33.20057446620041,2.297296602827696],[33.2038685409256,2.29669745287526],[33.20415996819507,2.291551948128347],[33.20284433914967,2.290101798094692],[33.199673728236,2.289185675149235],[33.19967707944675,2.289183236315303],[33.19967619968003,2.289182981173669],[33.203352009128466,2.286507094404892],[33.20173048865034,2.285453770849116],[33.202355338633744,2.285118928196994],[33.20171590225397,2.281769820389593],[33.20139875623615,2.28011118021187],[33.20139913151926,2.2801107040578508],[33.20139891942082,2.280109593172436],[33.20378155532413,2.277087803173677],[33.20471188105323,2.272491270093191],[33.20670123855106,2.2692775595616483],[33.20698538589161,2.268818511429396],[33.203164477662185,2.266045522389995],[33.2019704252526,2.2646584341908964],[33.2014591990024,2.264234355074906],[33.20144219597097,2.264044809029149],[33.20127207479496,2.263847185311992],[33.20125430947506,2.261952751404566],[33.20257677563785,2.259385881385404],[33.20755483097637,2.258547194892433],[33.20964838300336,2.255593437679865],[33.21264428870782,2.256376613442728],[33.21281729411944,2.257504551608737],[33.21474769390492,2.255621263322771],[33.21072788169308,2.253542836320367],[33.21160892419765,2.251564825478328],[33.20998974248048,2.248917665736624],[33.217311225596866,2.239539590187585],[33.22061898696323,2.233977002427065],[33.22643796103046,2.227289088810085],[33.2206062609046,2.225461978721468],[33.22042979247737,2.2231118541327217],[33.21819160979936,2.222349836076136],[33.21540596073686,2.224340855104127],[33.21540585944083,2.2243408736741337],[33.215405800302186,2.224340915958527],[33.21140995343212,2.225073590671428],[33.2114099061927,2.225073428310096],[33.21140863060086,2.225073662156855],[33.210991054760036,2.223635176085452],[33.210991343055426,2.2236348316841705],[33.21099122015131,2.22363440926414],[33.211090483628375,2.2235163971153105],[33.211848874633205,2.222610413732195],[33.21093374692244,2.222399427987768],[33.208522961849326,2.221843650196872],[33.208522859270055,2.221843589802465],[33.20852222562858,2.22184344371431],[33.20297650252274,2.2185781257024826],[33.20286921830482,2.218514961218469],[33.20286921077944,2.2185149523966383],[33.20286915835435,2.218514921528781],[33.201694342533806,2.217137680559905],[33.1983860087074,2.213259394613759],[33.19308663934913,2.209477719940814],[33.19261747462358,2.209360176558095],[33.18933451967979,2.208537805735902],[33.18384139626557,2.208565476046883],[33.180442094280394,2.205915151745184],[33.17832416230126,2.205589628597554],[33.177251818013204,2.202929600337906],[33.17416087627096,2.19907615121413],[33.17472702593632,2.196280095953675],[33.1745708803279,2.1957385922646906],[33.17312545791338,2.190727569974686],[33.17093429061233,2.1906994701898754],[33.17088438661277,2.190698872282308],[33.170884300481475,2.190698829110612],[33.170884098817986,2.190698826524456],[33.166462794741214,2.188482983731734],[33.163433739590964,2.188284063520497],[33.162399106418235,2.187098997162084],[33.16223309023905,2.185839691128441],[33.16089106157045,2.1831074398517236],[33.15977614221882,2.1818326010819136],[33.1571060899314,2.181325294865956],[33.15710281137926,2.1813253716451975],[33.15563197302827,2.1826439923005276],[33.15393768568328,2.184163404685922],[33.15393647731033,2.184164020434947],[33.153936462298354,2.184164033893331],[33.15045785382366,2.185936631138635],[33.152217206623355,2.190307578985093],[33.147161300987065,2.197292248064078],[33.14403349350444,2.2046394802591553],[33.1437,2.2063],[33.1429345245898,2.2072209626028996],[33.14279543149841,2.207547692826811],[33.14183660252885,2.216105017703266],[33.14332800585387,2.221615397488115],[33.13975999292128,2.222531742503829],[33.13075204104602,2.222504270746018],[33.129966735235016,2.222822834170371],[33.1245,2.2294],[33.10924586158389,2.233082033410787],[33.109216647653945,2.233239306265855],[33.10710481396821,2.233616098323798],[33.11387823119548,2.256266988191329],[33.133872151155416,2.2646005150073885],[33.135274764883505,2.259224378013316],[33.13527799512814,2.259224162889118],[33.13527821890699,2.25922330465608]]]}},{"type":"Feature","properties":{"n":"Apala","c":"323206","d":"Alebtong","od":"Alebtong","dc":"323","k":"APALA","a":["APALA"],"lat":2.376999,"lon":33.005889},"geometry":{"type":"Polygon","coordinates":[[[32.98243644826229,2.369690545592915],[32.98243638230707,2.372856719600492],[32.98109604646182,2.3763733452875786],[32.98114019280166,2.3772292937654735],[32.9832239739433,2.381225318652449],[32.98321098684802,2.387756691207664],[32.98202236674146,2.3939286911304247],[32.98798725495665,2.4015802029099156],[32.99039460987898,2.402908169135384],[32.990380730761416,2.404650454631886],[32.99042769643219,2.404710700250955],[32.992434510946985,2.406327781103184],[32.99496921679909,2.410536374652631],[32.99590326357844,2.411734531210965],[33.00058104652979,2.413813522215579],[33.004523364823115,2.417477135583427],[33.005521162257494,2.420009722912913],[33.00510917777686,2.421213721705482],[33.006627901380554,2.423348851734229],[33.01087862747659,2.42666772352808],[33.01121399362539,2.428411064293221],[33.01234821178544,2.429637557829],[33.01359161146694,2.430486980665064],[33.014234842528175,2.431677677174533],[33.01507803771313,2.432589471289794],[33.018190355419485,2.433318013244547],[33.018668430784025,2.434847737589471],[33.02044763864831,2.435897722093218],[33.02051242796341,2.438231362841609],[33.0222484798275,2.438186574996299],[33.02550177542883,2.441678390945879],[33.02597860189781,2.4443768610352543],[33.02598078891305,2.4443792259771606],[33.027209402947285,2.439483263906747],[33.02720969466572,2.4394829767704427],[33.027209837860156,2.439482126265899],[33.029767239920176,2.436961230519275],[33.02655829290433,2.426605714408696],[33.026595418463735,2.4265914372630575],[33.025007939908754,2.422368418673033],[33.02355690158163,2.421340573826507],[33.02317627802483,2.421971998708588],[33.01923013406009,2.413567981962345],[33.0145481722528,2.408816593123541],[33.01377189632175,2.404120166672734],[33.01145889494341,2.399140895939901],[33.01216912976564,2.397315576716681],[33.025893081190624,2.396128612110234],[33.023238739776836,2.393390374021276],[33.02634947861682,2.389644390087455],[33.026961422181735,2.386544759625593],[33.02052860377409,2.383495792306195],[33.02114263019732,2.381394737223908],[33.02348590641803,2.381728174660593],[33.02833755390347,2.37788819282722],[33.03137839522882,2.37671870236619],[33.03543435357543,2.376769141408486],[33.0350958226568,2.373704979635666],[33.03613754463628,2.371000825426161],[33.04888966201125,2.372078468329299],[33.04797789623959,2.374239113048487],[33.05530917590581,2.375976288252696],[33.0589359092629,2.378427216678419],[33.06102641428792,2.372035439323612],[33.06093049291978,2.366917915925844],[33.06205708346089,2.364927684588457],[33.063109267445306,2.36482732998642],[33.07020614935371,2.36546653683888],[33.07441033973862,2.37014803795669],[33.07655637681037,2.370063989659834],[33.081822935711685,2.373621773801939],[33.08364862485402,2.372506156288159],[33.083967885013266,2.376548816873625],[33.09077158719944,2.374513145843883],[33.0907739250589,2.374500085466763],[33.09128448126977,2.369110157542752],[33.09191230219425,2.3681405779834552],[33.09191239459145,2.368140061809444],[33.09367134189936,2.3676760553101888],[33.09410244176003,2.367562320146274],[33.09410244171724,2.3675622510730796],[33.09389782108718,2.36638151628361],[33.09410115396923,2.3654834826436812],[33.09410013663957,2.363841241493466],[33.09491902501986,2.3618712989712383],[33.09492022137882,2.361866015169715],[33.09382684919746,2.360493057140582],[33.09151139991634,2.3607902418318902],[33.089421703866265,2.361059131942395],[33.08942209361701,2.3610584013863556],[33.08941674775692,2.361059087520055],[33.09149886962065,2.357161476704966],[33.08457585668249,2.3473892215683474],[33.08414160456497,2.3467764485042326],[33.082568311477594,2.34715746709915],[33.082500447509176,2.3471739574143466],[33.08147490649153,2.350244674983903],[33.076553327086756,2.349599338077214],[33.071469283954194,2.350561520205464],[33.06837628982397,2.347084591357544],[33.06523569078625,2.346532529068649],[33.06189891550368,2.347140150061192],[33.06177004464311,2.344882836662115],[33.05691342190951,2.338548316550031],[33.05691276734761,2.3385446025355883],[33.05691228409094,2.33854397213732],[33.05517561886205,2.328688024328581],[33.055175624752216,2.3286879752316314],[33.05517557963758,2.3286877192491],[33.05551880126367,2.3258274564815635],[33.055571331420865,2.325389595804684],[33.05242746285849,2.32523541740355],[33.048358766053674,2.3259414013240196],[33.046322618632,2.326886696783784],[33.038909027361825,2.327581082010277],[33.0388,2.3276],[33.03878161370652,2.327593016059063],[33.03850300490926,2.327619111621354],[33.03829193950001,2.327407015779073],[33.0259,2.3227],[33.0253689514815,2.322142834341239],[33.02092609032547,2.31831960219544],[33.019528134544565,2.316014764112334],[33.0183155712731,2.3147425665816113],[33.01420333868853,2.311779495715465],[33.01376386095818,2.310312927976158],[33.012978839038205,2.31006346315134],[33.00621515667647,2.311596564486667],[33.005528331804186,2.315587747289447],[33.00126897657531,2.324753020302319],[33.00005659008718,2.329360480333934],[32.99736042329897,2.3315635383922104],[32.9973,2.3317],[32.99741001032333,2.33352128201947],[32.99815927910758,2.335658759634565],[32.998356697470754,2.341445934492875],[32.997963890827975,2.342691081485388],[32.9982,2.3466],[32.9802,2.359],[32.98021429784534,2.3592772193347074],[32.981326586013616,2.367608886478518],[32.98243644826229,2.369690545592915]]]}},{"type":"Feature","properties":{"n":"Apala Town Council","c":"323207","d":"Alebtong","od":"Alebtong","dc":"323","k":"APALATOWNCOUNCIL","a":["APALA","APALATOWNCOUNCIL"],"lat":2.395573,"lon":33.052271},"geometry":{"type":"Polygon","coordinates":[[[33.01717968351721,2.411487126067966],[33.01923013406009,2.413567981962345],[33.02317627802483,2.421971998708588],[33.02355690158163,2.421340573826507],[33.025007939908754,2.422368418673033],[33.02500804729921,2.422368704353669],[33.025008134262166,2.422368765906918],[33.025010459145335,2.4223751203591046],[33.02659541409319,2.4265914256365013],[33.02880852552925,2.425740304331946],[33.0288086202641,2.425740320002066],[33.02880880628437,2.425740248465409],[33.03307697758232,2.426446254959279],[33.03499769095054,2.4262213147621368],[33.036552904270316,2.426039048309121],[33.03655299468715,2.426039168724671],[33.03655350204893,2.426039109306092],[33.037258049296675,2.426973254999755],[33.038709422094605,2.427036325115448],[33.03981181740756,2.4241404820802517],[33.03963308918367,2.423287005013308],[33.03928671167878,2.421634000430518],[33.039286874650024,2.4216337341517145],[33.039286858817896,2.421633658548903],[33.04086806284965,2.419049454769538],[33.042680817913954,2.418540385486291],[33.04360960043804,2.415711851207841],[33.04638692440853,2.415964760228888],[33.04638704356971,2.415965032715574],[33.04638781121977,2.415965101324743],[33.04643547456921,2.416075780212822],[33.04665546245568,2.4165788280149796],[33.0469715550708,2.41635228774382],[33.04987587177583,2.414267972186337],[33.05392607350187,2.417281145603174],[33.05486460178259,2.416300987829878],[33.05722833021862,2.417211369615146],[33.05808809608241,2.412995751354164],[33.054154415677544,2.4088653407697995],[33.05410133343824,2.408826226555301],[33.04685594002304,2.403488362979091],[33.05019296774747,2.3999342405776365],[33.05028035866178,2.399841069289435],[33.050280406185166,2.399841113718696],[33.05028601430935,2.399835140750703],[33.0512454828704,2.400742489807416],[33.05447173603114,2.39837115305916],[33.06007931790665,2.403027917177095],[33.06095555981722,2.404159810854398],[33.06242871046054,2.4060612923259015],[33.06376315216249,2.4057221022382804],[33.06534877414876,2.4053184588544156],[33.06668233135737,2.402641253952331],[33.06684317831172,2.402525772079061],[33.07116112032522,2.399425250563006],[33.07116151387917,2.3994253746686347],[33.071162157987324,2.399424912223966],[33.072449525066915,2.399831543735534],[33.07256413344846,2.399867685020511],[33.072564149049214,2.399867749200099],[33.07256436464662,2.399867817299323],[33.07337763346073,2.403207166677307],[33.0758155980022,2.402912907269904],[33.077007562507866,2.401513989962878],[33.07939187841928,2.39501802974243],[33.07939204825176,2.395017906532914],[33.079392099915836,2.395017765779798],[33.08028647466868,2.393818771884109],[33.08164420060885,2.393384022367603],[33.08288237422897,2.3924857561977038],[33.08363936996487,2.3913180888767975],[33.083365653440666,2.384728891019122],[33.08336539198409,2.384726220007318],[33.083365535802166,2.384726059098797],[33.083365460887514,2.384724255672981],[33.085153588671375,2.382725126052542],[33.083365020465514,2.376729194241877],[33.083967885013266,2.376548816873625],[33.08364862485402,2.372506156288159],[33.08194941345326,2.373544487488333],[33.08182412772399,2.373621345664298],[33.08182378734278,2.373621253398689],[33.081822935711685,2.373621773801939],[33.081821078372016,2.373620519090135],[33.080385781782546,2.373231459681122],[33.07775808303771,2.3708757932376923],[33.07703177113187,2.370385138708001],[33.07441348264387,2.3701479148666293],[33.07441033973862,2.37014803795669],[33.07440994103513,2.370147593987539],[33.07440975772773,2.370147577379405],[33.07372300821774,2.369382672217108],[33.07020633327654,2.365466741642865],[33.070202982503055,2.365466251604792],[33.064065014211494,2.364913412845068],[33.06207028896905,2.3649264250810553],[33.06205724437732,2.3649276692406613],[33.06205649663602,2.364928721271453],[33.06104338093854,2.3667184883038717],[33.06093271061134,2.3670362325081356],[33.06102641428792,2.372035439323612],[33.0589359092629,2.378427216678419],[33.0586217274691,2.378214894179508],[33.05849495615789,2.378540717718781],[33.05531118038772,2.3759776428716304],[33.05530917590581,2.375976288252696],[33.04797789623959,2.374239113048487],[33.04888966201125,2.372078468329299],[33.03613754463628,2.371000825426161],[33.0350958226568,2.373704979635666],[33.03543435357543,2.376769141408486],[33.03269196383028,2.3767350376281886],[33.03137699622236,2.3767192404162003],[33.02833755390347,2.37788819282722],[33.02348590641803,2.381728174660593],[33.02125072269687,2.3814101182898093],[33.02106997280207,2.381643353869361],[33.02052860377409,2.383495792306195],[33.026961422181735,2.386544759625593],[33.02642684125272,2.389252531104708],[33.0263496228149,2.389644122292141],[33.02634950301393,2.389644266510644],[33.02634947861682,2.389644390087455],[33.023238739776836,2.393390374021276],[33.025893081190624,2.396128612110234],[33.01216912976564,2.397315576716681],[33.01151531387424,2.398995898038118],[33.01376428441031,2.4041037802718415],[33.01377189632175,2.404120166672734],[33.01454811318089,2.408816235741771],[33.01717968351721,2.411487126067966]]]}}]}
