{"type":"FeatureCollection","name":"Amuru sub-counties","metadata":{"source":"Uganda Bureau of Statistics NPHC 2024 Map Explorer","retrieved":"2026-07-26","display_only":true,"clipped_to_dashboard_district":true,"positive_area_overlaps_removed":true,"source_gap_ratio":0.02438975},"features":[{"type":"Feature","properties":{"n":"Atiak","c":"316101","d":"Amuru","od":"Amuru","dc":"316","k":"ATIAK","a":["ATIAK"],"lat":3.320326,"lon":32.183044},"geometry":{"type":"Polygon","coordinates":[[[32.02340134862683,3.4100696477682377],[32.053601644801255,3.4097303185977386],[32.053269591948315,3.408801116520542],[32.05486014025794,3.404475684744467],[32.059060724588576,3.397304039568074],[32.064960275805404,3.390817823121372],[32.06802112599868,3.389795586906398],[32.071648186400296,3.391052224425977],[32.07561136351857,3.394244762920822],[32.07946043597246,3.39903230677106],[32.0829718618492,3.401313705288311],[32.10518688118946,3.401790478639888],[32.11538393016323,3.406242628095837],[32.11911976117717,3.41000390198989],[32.12047521744598,3.41558669011511],[32.123645143206105,3.419462397266285],[32.12409477842467,3.423677131099002],[32.122958330510066,3.427093194410777],[32.124542802648705,3.429857695675393],[32.12532799307141,3.438741975154033],[32.12804570270631,3.441707797214489],[32.12815114921529,3.44445236082045],[32.12588255016661,3.44864271487868],[32.13095281070325,3.44848549019401],[32.13010585156741,3.450934017952163],[32.1348663478227,3.450482938113203],[32.13758585809174,3.452079898728762],[32.14019308003842,3.452082458249444],[32.142572209971206,3.453223469819085],[32.14518053315804,3.452542787101201],[32.155149261598055,3.456309692130978],[32.15650497829207,3.463715180081695],[32.15899578493468,3.467020623891403],[32.16058200374137,3.46781936750922],[32.16840445586493,3.466231720459722],[32.17259906642876,3.466577537279643],[32.17962182199627,3.471395484936435],[32.193894044421114,3.483738192009099],[32.20074487916168,3.488677560419159],[32.20087366663465,3.4886131666826743],[32.202575721646625,3.486291133868439],[32.208286802958725,3.482416143900649],[32.21012687670246,3.48197396423438],[32.21307741157004,3.482511294214978],[32.217785303721975,3.480157348139011],[32.2181506626024,3.4794523613931223],[32.218420604263,3.476534420585602],[32.21856902500592,3.470796078967975],[32.21900559229635,3.4702109785108726],[32.2202,3.4573],[32.220397002597004,3.456902476902468],[32.22035740524078,3.455489859290582],[32.22519276525077,3.4472253129761334],[32.22646187079117,3.4446644392963837],[32.227602725641965,3.439591134375677],[32.23096235009799,3.4355831149808482],[32.2314,3.4347],[32.2318498925053,3.4345242802126097],[32.23226167389608,3.43403302655546],[32.2348654017671,3.4333464774261464],[32.24983179009519,3.4275008797689126],[32.253063291139796,3.424374558337172],[32.25559968070749,3.4252480471474898],[32.257984197819084,3.4243166983587496],[32.25838322213856,3.423801488211597],[32.25946566477693,3.4237380644500064],[32.26734196441686,3.4206617258094827],[32.26750434898382,3.420540563887767],[32.26835825865652,3.408870465027614],[32.26792969350197,3.40805830841801],[32.26827939003959,3.405324905962696],[32.26866464724735,3.4046831542862646],[32.2687,3.4042],[32.27297619241894,3.3895824034658895],[32.27302634026927,3.388252565201552],[32.273906518847944,3.38640220597898],[32.2785,3.3707],[32.28463132844021,3.363206154128626],[32.29050492339456,3.3553391206897607],[32.29098329572623,3.3536747836191494],[32.28912364651078,3.349407051344444],[32.291062731890314,3.344839019331479],[32.293944366411175,3.340691734979448],[32.29490593679593,3.3400272615641846],[32.295,3.3397],[32.29571110632542,3.339470865739586],[32.30058912346254,3.336100012437304],[32.3025245800943,3.337275413080727],[32.304,3.3368],[32.31177759962709,3.326025527122101],[32.31193776087321,3.325501052828183],[32.314493893504,3.321966350549739],[32.314756402598036,3.3218989285109837],[32.3149,3.3217],[32.315198676650866,3.3217853361859615],[32.31622922561004,3.32152065311995],[32.32073565296209,3.292379090536113],[32.32001439508906,3.291767501610766],[32.32056306302353,3.290487372607383],[32.31986373339145,3.287664167562094],[32.32071841171564,3.287283234256026],[32.32067983627506,3.284722925962025],[32.31816498294771,3.282864252223618],[32.315550798268646,3.27671329871719],[32.31195959496213,3.274233288803897],[32.311394099554306,3.274548270575219],[32.31139672595069,3.270453018145405],[32.29882185396175,3.263807438692605],[32.298807745555365,3.244157035116561],[32.30063757712129,3.242244935910576],[32.30144740632003,3.235647079193047],[32.30067688277797,3.233513731176292],[32.300552183532524,3.218987456446333],[32.29960414180159,3.214020070622302],[32.29851533025038,3.212896636170711],[32.29205008985115,3.210628066208026],[32.291227691033306,3.209013081829659],[32.28875012115545,3.208583226531107],[32.287776062529204,3.209342022346165],[32.28755658167862,3.208688864529297],[32.286038329038085,3.20861681789754],[32.28471040044654,3.210020905427515],[32.28199731664583,3.210920847667428],[32.279639069296955,3.2103193982141],[32.278397332073055,3.208657562207589],[32.275641795738125,3.207571695909033],[32.27577909075615,3.206294577257185],[32.27863708993575,3.204990842818198],[32.279911234033236,3.201666887252225],[32.282386544628494,3.199112963280245],[32.28333207041238,3.196028742790308],[32.286506587316744,3.190673317788258],[32.28763095677609,3.185946432485057],[32.284762683957744,3.170995092554224],[32.28515899435834,3.164868197517021],[32.28384897130524,3.1613627518702234],[32.2808,3.1551],[32.280765896600876,3.1545770812134797],[32.280328589566025,3.154000250678257],[32.27716365550973,3.15429917389387],[32.273426433933466,3.156898688997217],[32.268609572014526,3.156663454415051],[32.265001263140995,3.158009078431093],[32.259380866764566,3.154598312274564],[32.25526726423444,3.155985479877055],[32.24968943450927,3.154156360275359],[32.24478543438138,3.156645614333938],[32.24426522424856,3.156008079232747],[32.242837183162884,3.156663144388417],[32.242473154879754,3.1582890186827],[32.24074483243724,3.158677165475213],[32.241101264472846,3.160490734501065],[32.23894596131052,3.163531265537487],[32.23868958650684,3.166799410809243],[32.23621909748533,3.167114737011596],[32.2339055596299,3.16982753389737],[32.230679710831375,3.170198516937325],[32.22938086531762,3.172053670979267],[32.22589715752515,3.171983112937324],[32.22192804788289,3.16907065313703],[32.21967232501839,3.16919914246897],[32.216775820884315,3.173874997688467],[32.21536714327962,3.181517921612536],[32.213758681744025,3.184420654487028],[32.21525293490411,3.186229908081195],[32.21423455346903,3.191654327229523],[32.21518659889491,3.194955971526557],[32.2110745032542,3.195356824672368],[32.20990393823273,3.197241302885688],[32.21049702612713,3.198989885984085],[32.21317804264554,3.200011256015689],[32.21047498980792,3.202742754083717],[32.21163599013413,3.207397507323399],[32.20938997341816,3.211851301818071],[32.21094965835239,3.217622285991451],[32.209018301680594,3.217094192455917],[32.20012352183656,3.220463564789453],[32.19396404289278,3.221584264530481],[32.19052164297868,3.226922951569191],[32.188061301250684,3.225375373702994],[32.18406310088274,3.220773344980893],[32.182384875101704,3.221565512611819],[32.179994223841966,3.220102337679076],[32.17623229803481,3.219959568050554],[32.17566172763321,3.220893875622253],[32.17417576958043,3.220991405826621],[32.173293842457504,3.219849132576168],[32.169905665087754,3.218816002486646],[32.16278232284283,3.20953941193088],[32.157057592913844,3.200186652574822],[32.1449818315937,3.192512891777276],[32.12707612650082,3.190906642327492],[32.11488138910499,3.188765164764215],[32.10589905496365,3.18579089658702],[32.101021204724944,3.185552969221054],[32.09598102411331,3.186372290153658],[32.095577548695495,3.188065424061329],[32.09444611342749,3.188680320129539],[32.097841220347284,3.191570891458301],[32.09788448735659,3.193730869456698],[32.099799743082336,3.194474971399574],[32.09975238603015,3.195913808691333],[32.09865696483108,3.196705120299838],[32.095371975265536,3.195674695195541],[32.094271475366064,3.198506250133574],[32.09470572375794,3.199588902618936],[32.09682972534487,3.200535506859189],[32.09693060518104,3.202342932895366],[32.09609087937853,3.202872284723009],[32.095288785116914,3.201331924340904],[32.09377773716568,3.201367556977722],[32.092485823475954,3.205246807338228],[32.089447119539095,3.20885690919585],[32.09011788862413,3.211895912188563],[32.09183102152477,3.214679766182992],[32.106108048043566,3.221996914622385],[32.1112117061186,3.227100607961002],[32.11887664284834,3.229547088811019],[32.12053308174194,3.230841472171366],[32.12376999369094,3.237123759703327],[32.12696767836519,3.240424707468326],[32.12741288050915,3.241478743447707],[32.12647425469714,3.242537036267892],[32.12940379797572,3.243951466319016],[32.12991673595869,3.245877795842961],[32.13138738683707,3.246634689958906],[32.133699986337746,3.249818109023685],[32.13579935831337,3.250932526877568],[32.137111732019626,3.253126738246455],[32.138753019323495,3.251757529563947],[32.14298116029338,3.250746368371698],[32.15121477828521,3.251386878954284],[32.15259565180691,3.253219599360353],[32.152155556629985,3.255176684707342],[32.15289330374002,3.256117468519791],[32.152548211812956,3.257835850271144],[32.15339751588193,3.257924262645547],[32.15397473496876,3.259812244790163],[32.15347020965376,3.260637544865185],[32.15814636551639,3.264445934946649],[32.15964549035187,3.269171157114847],[32.16073047115159,3.269801295495681],[32.16008806987634,3.273104408666529],[32.16064933684901,3.273998208253561],[32.15983501518481,3.275707298848678],[32.16073239286376,3.276609717701386],[32.160554801443084,3.278479369539722],[32.16218416782674,3.279217192829211],[32.16283311214573,3.280525716629125],[32.16275966529135,3.282207764177932],[32.158558929586896,3.282859385940736],[32.15507563621939,3.285048371130143],[32.15258194111903,3.285657612457973],[32.14304535120811,3.28274527364312],[32.144128648161285,3.275922937300831],[32.14996523653269,3.273331381632357],[32.14826468367949,3.270856365368352],[32.14869890795035,3.269345416284091],[32.14524285464609,3.266918409971895],[32.14314868691096,3.266460327131722],[32.1427386772752,3.267077255289063],[32.141828216937924,3.266085559543555],[32.14026417732533,3.266559485836964],[32.138463817365015,3.264703975562176],[32.135720674710385,3.264152228220728],[32.132758133208554,3.264735214482628],[32.13015279839961,3.266912298730777],[32.12629565242491,3.267858261090872],[32.12381563361709,3.267798848391409],[32.12261756409945,3.266736347809236],[32.12133241988507,3.276797477763204],[32.11836665841505,3.278086964348045],[32.115054346686236,3.281751479373497],[32.112770257463914,3.28650050492531],[32.10990640426697,3.290034123490898],[32.104027292861936,3.294409268585017],[32.0927127551023,3.294177415943817],[32.08865075821928,3.299101787623496],[32.085854281613706,3.299162415194491],[32.0782063224692,3.296321093801926],[32.07368011077486,3.295538057150914],[32.06928938778077,3.292777170565738],[32.063601368773384,3.294602918613675],[32.060651943240444,3.294056131657863],[32.058826314126755,3.294567776964756],[32.056612811900564,3.293812236296489],[32.05310906017849,3.295935906461466],[32.05142137291938,3.301044035604913],[32.04887278588315,3.302804123922726],[32.0500541317467,3.305634852534284],[32.048394516263706,3.307868700821786],[32.048737157461545,3.309664104409423],[32.05120354475115,3.311076736238549],[32.05158886291322,3.313579501038701],[32.050812784172756,3.31493139922079],[32.05218971113231,3.316302270676285],[32.05086035014892,3.317953199859424],[32.05111096023444,3.319131364331015],[32.04357920063786,3.32539496435898],[32.043295151358166,3.329581324117203],[32.04645411086312,3.329971134978126],[32.04702490345898,3.331035014522491],[32.04520754871275,3.332302946571572],[32.04292042646501,3.335821349930836],[32.04470200638171,3.338313378452381],[32.043365877106815,3.3408213261395936],[32.04200410060378,3.344435271474573],[32.041373061829,3.347582995078606],[32.039754943000474,3.350404189729521],[32.0385896986574,3.353496568947684],[32.03841146913379,3.354423876865271],[32.037401915497526,3.3550180461925256],[32.036643092129964,3.3557920460274375],[32.03623096906885,3.356744004667167],[32.035671946748806,3.3567826143162174],[32.02959531238901,3.362980781363202],[32.028408329744124,3.3643483735672937],[32.02843046611563,3.36474267768466],[32.02955205490266,3.366770537419867],[32.02859335393739,3.3676441170098275],[32.02897202715521,3.374389233702273],[32.029134546935026,3.37473698197751],[32.0312220139344,3.376303311330174],[32.031897013106466,3.378027504787975],[32.03055518005245,3.384062938717359],[32.029613554443294,3.3858164385211946],[32.03,3.3927],[32.02986311005408,3.392956116673011],[32.02990927070876,3.393039101604473],[32.02977642312085,3.3931183051287284],[32.0207,3.4101],[32.02126314804001,3.4100936724939324],[32.022605317293596,3.409946847327892],[32.02340134862683,3.4100696477682377]]]}},{"type":"Feature","properties":{"n":"Atiak Town Council","c":"316102","d":"Amuru","od":"Amuru","dc":"316","k":"ATIAKTOWNCOUNCIL","a":["ATIAK","ATIAKTOWNCOUNCIL"],"lat":3.254184,"lon":32.113723},"geometry":{"type":"Polygon","coordinates":[[[32.05224625200884,3.298114985680877],[32.05310864873972,3.295936347801988],[32.053108983954814,3.295936137167954],[32.05310906017849,3.295935906461466],[32.053117279478556,3.2959309246352118],[32.05642251895123,3.293854061315963],[32.056525990227115,3.2938648600587306],[32.056612811900564,3.293812236296489],[32.056873120731574,3.2939010882098994],[32.06002969010092,3.294230522445208],[32.060651943240444,3.294056131657863],[32.063601368773384,3.294602918613675],[32.06928938778077,3.292777170565738],[32.07368011077486,3.295538057150914],[32.078050486235334,3.296294134063648],[32.07820616416,3.296321056109272],[32.07820621606864,3.296321075394581],[32.0782063224692,3.296321093801926],[32.085854281613706,3.299162415194491],[32.08585794736104,3.2991623357211437],[32.08877600465746,3.2989499509700213],[32.089828341772495,3.2976741993542538],[32.090397233255615,3.296335742334768],[32.0912384296572,3.295964745347939],[32.0927127551023,3.294177415943817],[32.10402726711016,3.2944092680573225],[32.10460104494087,3.293982291033403],[32.10990640426697,3.290034123490898],[32.112770257463914,3.28650050492531],[32.11334749615707,3.2853003235679012],[32.11505424911526,3.28175162997193],[32.115054302839205,3.281751570539232],[32.115054346686236,3.281751479373497],[32.11836665841505,3.278086964348045],[32.12133241988507,3.276797477763204],[32.12261756409945,3.266736347809236],[32.12381558952054,3.267798809284651],[32.126295736752596,3.2678582404095646],[32.130152735506066,3.266912314155374],[32.13036385537824,3.2667359341337687],[32.132758133208554,3.264735214482628],[32.132758792546454,3.264735084734255],[32.132758878257306,3.264735013127157],[32.13276492187624,3.264733878568855],[32.135720674710385,3.264152228220728],[32.13578952091438,3.2641660757360804],[32.13605288627388,3.26411663460511],[32.13846244667667,3.2647036998661054],[32.138463817365015,3.264703975562176],[32.13846389139162,3.264704051856435],[32.1384639740825,3.264704072003239],[32.14026543257334,3.2665591054789287],[32.141828216937924,3.266085559543555],[32.142321949514276,3.2666233451837896],[32.1427395215653,3.267075984913225],[32.143056730124876,3.2665986915154956],[32.14314774231162,3.266460390099299],[32.143148530485476,3.2664605625000616],[32.14314868691096,3.266460327131722],[32.14524285464609,3.266918409971895],[32.14524337860068,3.2669187779179243],[32.14524409441495,3.266918934491154],[32.146560632256964,3.267843816584034],[32.14869890795035,3.269345416284091],[32.14869877353822,3.269345883991419],[32.148699094993546,3.269346109817264],[32.14828182907366,3.2707967053738414],[32.14826468367949,3.270856365368352],[32.14996523653269,3.273331381632357],[32.144128648161285,3.275922937300831],[32.14304535120811,3.28274527364312],[32.15152158534358,3.285333794897267],[32.15305767986147,3.285541383451828],[32.15405440988045,3.2852978696717487],[32.15855871570946,3.282859516030774],[32.15855872481758,3.2828595146226878],[32.158558929586896,3.282859385940736],[32.16275966529135,3.282207764177932],[32.162829813116545,3.2806012695440856],[32.162194764459336,3.279238559756312],[32.16218416782674,3.279217192829211],[32.16136373100571,3.2788456757780544],[32.16055562232695,3.27848016893212],[32.16055566130173,3.278479758908092],[32.160554801443084,3.278479369539722],[32.16073231357146,3.276610552477063],[32.15996440550628,3.2758374160425743],[32.15983501518481,3.275707298848678],[32.16064933684901,3.273998208253561],[32.16010959875307,3.2731386927097175],[32.16008824934996,3.273104919723134],[32.160088282773714,3.2731047476987505],[32.16008806987634,3.273104408666529],[32.160378042433905,3.271613421317983],[32.16073016669431,3.269801118672073],[32.15996420470649,3.269356260987118],[32.15964635314735,3.269172479106492],[32.15964603381262,3.269171472747599],[32.15964549035187,3.269171157114847],[32.15814636551639,3.264445934946649],[32.15347020965376,3.260637544865185],[32.15347042804265,3.260637187625689],[32.15347014354437,3.26063695591579],[32.15384593839748,3.26002292959979],[32.15397473496876,3.259812244790163],[32.15339769672549,3.2579248541530585],[32.15255001928162,3.257840067743581],[32.152550805350096,3.257836120257813],[32.152548211812956,3.257835850271144],[32.15286235395055,3.256271582682586],[32.15289309574175,3.256117203277945],[32.152155556629985,3.255176684707342],[32.15259565180691,3.253219599360353],[32.151215138751596,3.251387357371818],[32.14647405554812,3.251018088091601],[32.14298155592901,3.250746399149032],[32.14028163460418,3.2513919607570614],[32.138753118624805,3.2517575058160086],[32.1387432745323,3.251765658946707],[32.137111732019626,3.253126738246455],[32.13600194676637,3.2512712428124093],[32.13579913173187,3.250932406600424],[32.133699986337746,3.249818109023685],[32.13369994819399,3.24981805651673],[32.13369989897962,3.249818030401351],[32.131727042454486,3.2471022444004043],[32.13138738683707,3.246634689958906],[32.12991673595869,3.245877795842961],[32.129848872491706,3.2456229357928534],[32.12940300169981,3.243951081864351],[32.128163909915855,3.243352828659443],[32.12647747180219,3.242539255547943],[32.126477884025554,3.242538788565327],[32.12647425469714,3.242537036267892],[32.12741288050915,3.241478743447707],[32.12696782944901,3.2404250651660136],[32.12500376613233,3.2383973744583128],[32.12376999369094,3.237123759703327],[32.12053308174194,3.230841472171366],[32.11887682801091,3.2295472335017497],[32.116087756857056,3.2286569371488287],[32.1112117061186,3.227100607961002],[32.11121148632361,3.2271003881644926],[32.111211200891766,3.227100297052105],[32.106108036173836,3.2219969085390034],[32.10610301379673,3.221994334510107],[32.09268771100742,3.215358016061195],[32.092371888786346,3.214956967183759],[32.09183102152477,3.214679766182992],[32.09067764574468,3.2128055217672253],[32.09043901516508,3.212502495191886],[32.09033629404106,3.2122508226523685],[32.09011788862413,3.211895912188563],[32.09003128002709,3.211503521138542],[32.08841204813051,3.207536311790351],[32.08759126131878,3.209255248842122],[32.08625029555088,3.20979028381678],[32.086329944333215,3.211153002894223],[32.084334361450225,3.210545350626141],[32.08205294134751,3.213324345993011],[32.081285725533185,3.219462308744519],[32.07978055813554,3.22114682157309],[32.08261725899289,3.222489050316069],[32.080129980783525,3.223648910912469],[32.07745901883849,3.227289613417488],[32.07809553980142,3.228217465685148],[32.08002892289563,3.228681704453441],[32.08038768353453,3.230042869041301],[32.07910086592796,3.230888415409357],[32.07975594088342,3.231797272395864],[32.07916597344053,3.232043835365871],[32.07779809988743,3.229776022446396],[32.07601350997428,3.229353670076564],[32.073741128232335,3.232405324813995],[32.07488326515062,3.23526614412745],[32.073324723251744,3.241417530050246],[32.077197338971054,3.243855548098426],[32.07661836935722,3.244838820422639],[32.07396377570307,3.243982626857916],[32.072655202923805,3.245213959640985],[32.07455873943002,3.245416632564292],[32.0750406122769,3.247522035174938],[32.076277405757835,3.248389653086216],[32.074499285092244,3.251471945322612],[32.07592664443507,3.253215501017447],[32.07421271360844,3.255148287359751],[32.070483944045506,3.255166061002121],[32.07021075209287,3.258794243023754],[32.06710581898186,3.256093573711897],[32.06538041276685,3.258556370105518],[32.063637757356126,3.258419498975238],[32.062373076110404,3.26015983405507],[32.0625907959301,3.261673162595055],[32.06565823338804,3.264349311924935],[32.06486056250954,3.267357524395488],[32.06425984504207,3.267369138290214],[32.063916165111486,3.26418016990897],[32.063106692476126,3.26540061460743],[32.059977401573946,3.264045797016975],[32.05949491968825,3.265698111701531],[32.06080935923832,3.269916205770132],[32.059054716661095,3.270207197328922],[32.05630644220723,3.272140507244273],[32.054617025141525,3.274424789785591],[32.05393668629691,3.278298323738329],[32.05178539953109,3.279612138400435],[32.05042806482588,3.283784794784368],[32.051010945825126,3.287205241624435],[32.04936920367345,3.287348037119949],[32.04992538847835,3.290347889758442],[32.04921543160381,3.292239315543592],[32.05167100669181,3.295387353163294],[32.05224625200884,3.298114985680877]]]}},{"type":"Feature","properties":{"n":"Elegu Town Council","c":"316103","d":"Amuru","od":"Amuru","dc":"316","k":"ELEGUTOWNCOUNCIL","a":["ELEGU","ELEGUTOWNCOUNCIL"],"lat":3.484499,"lon":32.126271},"geometry":{"type":"Polygon","coordinates":[[[32.0636,3.4997],[32.063600096725395,3.4997239878971143],[32.063622277737444,3.49974160827913],[32.06363545792234,3.508493564739399],[32.0637,3.5245],[32.0565,3.5703],[32.061481668743774,3.578723548966751],[32.06206769842383,3.579518146451182],[32.06235528487029,3.579170428293185],[32.06230898963798,3.579140567221526],[32.06172097095018,3.577067298378693],[32.06312121665864,3.575414942943219],[32.06479681047238,3.576218401883396],[32.07252348336909,3.5668761519264645],[32.0725782944296,3.566501178542501],[32.07293070168952,3.5663837879572116],[32.073,3.5663],[32.083101872193204,3.547366550919321],[32.08276194067395,3.547233925396369],[32.08244820242179,3.546351916809479],[32.08428000305213,3.544595966590726],[32.08439464069919,3.5449435776117046],[32.089649446873494,3.5350947492730374],[32.08727446149366,3.533221658494091],[32.08648228058031,3.535873328862322],[32.08448582138547,3.536750184062844],[32.08359467405345,3.534374225181491],[32.08412245563784,3.532968791929511],[32.08597522872267,3.531904716847982],[32.08551336640786,3.530048525289637],[32.1028535453957,3.529347424902973],[32.15972152650574,3.5154032504303614],[32.1943935183426,3.506855386536836],[32.19555690628104,3.50640919127471],[32.20057322408628,3.504281056448247],[32.19893250919289,3.500497913822783],[32.20071104135409,3.4892667895100553],[32.2007,3.4887],[32.20074486778343,3.488677566108284],[32.196005663824465,3.485260643881016],[32.193894044421114,3.483738192009099],[32.19389400137921,3.4837381547861916],[32.193893983182925,3.483738141666838],[32.19252511465705,3.482554333001165],[32.17962182199716,3.4713954849372004],[32.17962177679587,3.4713954539267893],[32.17259906642876,3.466577537279643],[32.16840445586493,3.466231720459722],[32.16058200374137,3.46781936750922],[32.15899578493468,3.467020623891403],[32.15650497829207,3.463715180081695],[32.155149261598055,3.456309692130978],[32.14518053315804,3.452542787101201],[32.142572209971206,3.453223469819085],[32.14019308003842,3.452082458249444],[32.13758585809174,3.452079898728762],[32.1348663478227,3.450482938113203],[32.13010585156741,3.450934017952163],[32.1309526146632,3.448486056938584],[32.13039239051833,3.448502868371368],[32.12588255016661,3.44864271487868],[32.12815114921529,3.44445236082045],[32.12804570454864,3.441707845166778],[32.12804570270245,3.4417077972102814],[32.12532799307141,3.438741975154033],[32.12470168146322,3.4316553790788022],[32.12454273207358,3.4298575725397358],[32.122958330510066,3.427093194410777],[32.12409477842467,3.423677131099002],[32.123645143206105,3.419462397266285],[32.12047521744598,3.41558669011511],[32.11911976117717,3.41000390198989],[32.11563386376642,3.4064942638720273],[32.11538391644619,3.406242622106817],[32.10518688118946,3.401790478639888],[32.0829718618492,3.401313705288311],[32.07946043597246,3.39903230677106],[32.07561136351857,3.394244762920822],[32.07164835594243,3.391052361000691],[32.07164818639769,3.3910522244250743],[32.06802112599868,3.389795586906398],[32.064960275805404,3.390817823121372],[32.059060724588576,3.397304039568074],[32.05486014025794,3.404475684744467],[32.053269591948315,3.408801116520542],[32.053601644801255,3.4097303185977386],[32.0563,3.4097],[32.05627883821354,3.409872974602382],[32.05749689234294,3.409881965892008],[32.05757004236385,3.411365870913326],[32.054969483981274,3.4205755222400094],[32.0517,3.4473],[32.05201603308312,3.4518076297645637],[32.05362648593629,3.4744670094188117],[32.0636,3.4997]]]}},{"type":"Feature","properties":{"n":"Opara","c":"316104","d":"Amuru","od":"Amuru","dc":"316","k":"OPARA","a":["OPARA"],"lat":3.129981,"lon":32.18442},"geometry":{"type":"MultiPolygon","coordinates":[[[[32.097735770384695,3.185831054121957],[32.09935961105414,3.1858230743186424],[32.101021204724944,3.185552969221054],[32.10589905496365,3.18579089658702],[32.10589917964108,3.1857909378707343],[32.105899180532205,3.185790937866355],[32.11488163674877,3.1887652082521223],[32.11488294955912,3.188765438790412],[32.13077358816497,3.1912383268790263],[32.1449818315937,3.192512891777276],[32.144983316150004,3.1925138351654136],[32.14771816173019,3.193881050653203],[32.157054641203345,3.200184776857033],[32.157057592913844,3.200186652574822],[32.16240686288013,3.208926005408217],[32.16278236211341,3.2095394630721974],[32.16990452404075,3.2188145165232473],[32.172718196446716,3.219673605397464],[32.173293842457504,3.219849132576168],[32.173294077667904,3.219849437221007],[32.17329477292409,3.219849649501176],[32.17354138288851,3.2201697472906834],[32.17417557112391,3.2209911487854566],[32.1745591430649,3.220966243276292],[32.17566171773436,3.22089387627196],[32.17566652232313,3.2208860243298005],[32.17623229803481,3.219959568050554],[32.179994223841966,3.220102337679076],[32.17999522052654,3.2201029476902123],[32.179995746215646,3.220102967711303],[32.18238510791446,3.221565402717944],[32.18406310088274,3.220773344980893],[32.18406378162831,3.220774128536092],[32.184064006271214,3.220774022577702],[32.18686911031444,3.2240031320877875],[32.18806099288697,3.2253750187686383],[32.188069007243875,3.225380220844495],[32.19042298380007,3.2268608940267858],[32.19393243729608,3.221633280447769],[32.19396404289278,3.221584264530481],[32.20012352183656,3.220463564789453],[32.209018301680594,3.217094192455917],[32.20901833988503,3.2170942029022074],[32.20901842817937,3.217094169455777],[32.20906766280631,3.2171076893370363],[32.210949162639615,3.2176221504480194],[32.20939000686704,3.211851853742676],[32.20939008220123,3.2118517043258947],[32.20938997341816,3.211851301818071],[32.21089376029762,3.208869330367325],[32.21163593921168,3.2073973031620318],[32.21093567255856,3.2045897514338595],[32.21047493515379,3.202743453655429],[32.21047511815656,3.2027432686669077],[32.21047498980792,3.202742754083717],[32.21244204214645,3.200755001721788],[32.21317786943055,3.2000111900270642],[32.21049702612713,3.198989885984085],[32.21049686962143,3.1989894245630577],[32.21049619299305,3.198989166758488],[32.20992620749879,3.1973069586891816],[32.20990393823273,3.197241302885688],[32.21017865965599,3.1967990322493973],[32.211074382743924,3.195356880623549],[32.21107447401425,3.1953568717454077],[32.2110745032542,3.195356824672368],[32.215186115033596,3.194956018694071],[32.214442287622184,3.1923747385286227],[32.21423455346903,3.191654327229523],[32.2142346082393,3.1916540354951177],[32.21423457018419,3.191653903433686],[32.21525283451883,3.186229786533905],[32.21420718691011,3.1849637081043225],[32.21375869246956,3.184420998415846],[32.21375880220889,3.184420800346846],[32.213758681744025,3.184420654487028],[32.21527093050333,3.181691553360949],[32.21536714966325,3.181517886977511],[32.216775820884315,3.173874997688467],[32.21967232501839,3.16919914246897],[32.219785077534226,3.169192719917839],[32.21987275541931,3.169056296172797],[32.22192327631375,3.16907092493271],[32.22192804788289,3.16907065313703],[32.221928468770415,3.169070961976567],[32.221928492196305,3.169070962143691],[32.22192881818557,3.169071218370997],[32.22586797953847,3.171961702666278],[32.22924725908852,3.1720509649561217],[32.22938086531762,3.172053670979267],[32.23029433729939,3.1707489498086283],[32.230679511808944,3.170198665280436],[32.230679615311956,3.1701986533686632],[32.230679710831375,3.170198516937325],[32.23219082609681,3.1700247337968532],[32.23390569423256,3.1698273760656432],[32.23621909748533,3.167114737011596],[32.23868906070284,3.166799477921372],[32.23894583728068,3.163531769407683],[32.23894593229925,3.1635316353594645],[32.23894596131052,3.163531265537487],[32.241101264472846,3.160490734501065],[32.24110047293137,3.1604867070429195],[32.240573861207416,3.158990645143087],[32.24079074861435,3.1589107925016178],[32.24074483243724,3.158677165475213],[32.242472897519725,3.1582890764806364],[32.24283716810101,3.156663144479424],[32.240881550083,3.154247420855707],[32.242615078791346,3.151353180478293],[32.24291489102427,3.14884047122995],[32.24219906468524,3.146381296359402],[32.24032582143924,3.144127772267598],[32.24155245947089,3.139932683192436],[32.24068424871167,3.138206527333615],[32.2411893879475,3.135881337178061],[32.24283756206647,3.136451205938219],[32.244800613263784,3.13334601273597],[32.24540737575001,3.131775569465453],[32.24493210953873,3.128544959955042],[32.24878621343177,3.128735804156511],[32.25052933104517,3.12643388196598],[32.251181930277326,3.1263637776003113],[32.25279794965819,3.1152940448414115],[32.2518498093558,3.111907351516669],[32.25314155847796,3.109087266696201],[32.253129299925725,3.109068208478277],[32.25213654937915,3.109319313215416],[32.25207715486784,3.108006755894395],[32.24912531714497,3.10718382237871],[32.24917882087221,3.104441513523785],[32.248182087271765,3.101376838805318],[32.24810445830942,3.1012561500279223],[32.24393189399676,3.100954869351785],[32.24405108362689,3.098379837666501],[32.2432837131729,3.097083229036389],[32.24396608787143,3.0948222772376104],[32.24395897068602,3.0948112122384273],[32.24203428784268,3.093638227145343],[32.24037490374652,3.090658459147583],[32.240409683476614,3.0857180372494057],[32.2401494028145,3.0829293158696185],[32.23799522616599,3.082204729181525],[32.237818506330775,3.079418704280794],[32.239240448995034,3.078549008042822],[32.2392166538654,3.075735301110345],[32.23818773892351,3.0739238936786677],[32.23733381345267,3.073236317325526],[32.23522521819187,3.073206964590523],[32.2349337017464,3.071434511503456],[32.233077965574836,3.071083484107231],[32.2315965804762,3.068912451742759],[32.231665347466894,3.068599395871642],[32.23035691211788,3.0648007126002987],[32.22944908543659,3.064956284549925],[32.22765868368194,3.066526641616015],[32.22668308264611,3.065789056438395],[32.226700454109974,3.063815027894027],[32.22794395424949,3.062154526030404],[32.22526129124857,3.050020585955254],[32.22614019848469,3.046257022516195],[32.22647480060865,3.0439348837759392],[32.22553734496705,3.044336166912592],[32.22543637967311,3.043164542410244],[32.22131381780677,3.0418556131969],[32.221189049361435,3.041106310969819],[32.215835068260766,3.040796758855882],[32.21527021075062,3.038643665100084],[32.21299703264697,3.03777993360921],[32.212005086321085,3.036623291229358],[32.212010346565734,3.034503410439843],[32.20845298108625,3.031130420675115],[32.205413225675606,3.031418293391183],[32.199820671816695,3.036409377020585],[32.19592566099419,3.037223958982519],[32.188220040627876,3.035361306444381],[32.183898134277,3.032270142654221],[32.176953573427596,3.033135919603048],[32.17626421217734,3.036615451706527],[32.175415244454605,3.035706681653714],[32.17300605034613,3.035318507308714],[32.17289966546005,3.033594309834467],[32.16990868813468,3.031053048011413],[32.165047458690836,3.032493628033794],[32.16464771263106,3.034899260274128],[32.16609685588902,3.036598417522658],[32.16616041442637,3.038147470713444],[32.15905116963626,3.044229058852284],[32.15568903990904,3.045421243864399],[32.1545968520364,3.050596688843993],[32.15504047215562,3.051258520203024],[32.152309851229546,3.052072377402192],[32.151567718920845,3.055618032204771],[32.15018261263727,3.056141253492368],[32.150589350560914,3.056941752460636],[32.14979081450506,3.059259087707084],[32.148515202887744,3.059773265658683],[32.14650456148569,3.062622669668202],[32.14702754210362,3.065224364742358],[32.14689122252206,3.065495867569966],[32.14683165276001,3.065704271046259],[32.14675435860425,3.065906413135958],[32.14664749535717,3.066155760113405],[32.14643895646437,3.066501333613432],[32.14567169605512,3.067012874660445],[32.145546754152306,3.068178011972925],[32.14500554700935,3.068583061654288],[32.14551113402947,3.070290425853043],[32.144208380672964,3.071908514982009],[32.14454142324793,3.073181487274399],[32.141543749840864,3.076042413326418],[32.14064513725175,3.076060673583452],[32.14081175018294,3.077559838089237],[32.141644875455995,3.07804633775428],[32.14067418606873,3.07883561957478],[32.141477220046454,3.080524761232341],[32.140192346099084,3.082488095285908],[32.14045743934496,3.084804347398012],[32.1396605626942,3.086297420161761],[32.13591275382751,3.087065840848346],[32.134983826428886,3.090302621253639],[32.131736696937175,3.091580954816926],[32.131839084119754,3.093381611416306],[32.13060050268551,3.093187089492818],[32.128458223181234,3.095953832407935],[32.12722769463736,3.096214858215951],[32.12630725751173,3.097695170186031],[32.12648025602152,3.099145475544896],[32.12479035276086,3.10044344675199],[32.12476640270209,3.103620312928982],[32.12257745368826,3.106177945428406],[32.125084892657085,3.110040620357175],[32.12393957418977,3.110920114633818],[32.12446288424845,3.114125987459948],[32.122446446301275,3.117380486514773],[32.12255884120754,3.118797255372308],[32.12135784519359,3.11934353793075],[32.12479614445329,3.124298457850922],[32.12350533827664,3.125607332436425],[32.12343987275093,3.127606215258197],[32.12427654430136,3.128827201978462],[32.12311853285287,3.131133962167614],[32.1209890272441,3.131669146353129],[32.12186342975901,3.135488072829382],[32.1234542997215,3.13644332685949],[32.12310674659978,3.137403644410039],[32.12403460112744,3.138516588336282],[32.1219824837102,3.139402517734855],[32.123349382496386,3.140025706593378],[32.12305915919322,3.141323803140468],[32.1272101137909,3.145044381745283],[32.1280154833864,3.143476644660292],[32.12972116148931,3.143625928353891],[32.12994769705852,3.14455987149315],[32.13154443899641,3.145324751629853],[32.131684699883365,3.14730219705052],[32.133136440903144,3.14618978118672],[32.13425536793697,3.146375406299243],[32.13619570830691,3.153250861869293],[32.13492295484423,3.154178846576599],[32.13406416151583,3.153197324586156],[32.13376078360222,3.154024179847809],[32.136509567265804,3.159112301648928],[32.134451323541995,3.160041955436641],[32.13214233566903,3.159120152723392],[32.131091581541256,3.160368229957034],[32.1287277154149,3.160321674009444],[32.12796074497071,3.157619099427742],[32.12420749057852,3.158596580728118],[32.12275550324171,3.157270100551057],[32.12161355212886,3.159601812238499],[32.12029870862149,3.159155821056071],[32.116604601522695,3.160815493370818],[32.11666214209098,3.163740872291761],[32.114683183685166,3.163266340995723],[32.113086294611534,3.165321178773241],[32.11076302012277,3.163831463293624],[32.110477472285,3.165764751173769],[32.10850847943592,3.165062835442413],[32.107372291313354,3.165776671618015],[32.10768578330309,3.167019617596757],[32.10625163908443,3.167890727266768],[32.105002785158504,3.170196047716993],[32.10208122106885,3.172975470010861],[32.10107623630258,3.172388003091027],[32.099455897746665,3.174700561704429],[32.09835651460657,3.174879296434824],[32.098727553978094,3.17581462557954],[32.09775790871848,3.176244914954637],[32.097549346432174,3.178242334303833],[32.09643558483771,3.179054922908322],[32.09799135244562,3.183968448838624],[32.097735770384695,3.185831054121957]]],[[[32.146712124021505,3.066004944596641],[32.14671212939226,3.066004946898393],[32.14671212402151,3.066004944596629],[32.146712124021505,3.066004944596641]]]]}},{"type":"Feature","properties":{"n":"Pabbo","c":"316105","d":"Amuru","od":"Amuru","dc":"316","k":"PABBO","a":["PABBO"],"lat":3.049157,"lon":32.109266},"geometry":{"type":"MultiPolygon","coordinates":[[[[32.179850075848826,2.992943783324562],[32.17741217235426,2.996693308556007],[32.177589733920684,2.999098784945001],[32.17576429383822,2.999832415844276],[32.17375660636191,3.001987441323421],[32.174704272359186,3.004130843312376],[32.173610885249275,3.005078133980771],[32.17426523539742,3.010431917579028],[32.177450418604614,3.014662154197464],[32.17543318450946,3.016673283857176],[32.168623617579634,3.017597192567959],[32.173325610244575,3.022591309767776],[32.169232299607756,3.025191082535867],[32.1699300248558,3.025944645441577],[32.16940901472107,3.031124417173283],[32.169485373843685,3.0311784932548114],[32.16990868813468,3.031053048011413],[32.17289966546005,3.033594309834467],[32.17300605034613,3.035318507308714],[32.175415244454605,3.035706681653714],[32.17541533772624,3.035706781495521],[32.175415569206656,3.035706818658138],[32.17543062341697,3.0357231439291],[32.17626421217734,3.036615451706527],[32.176953573427596,3.033135919603048],[32.183261826318535,3.032349471034336],[32.183897599402925,3.032270162982084],[32.183897654602745,3.0322702024551096],[32.183898134277,3.032270142654221],[32.18681277469035,3.034354785442762],[32.18822045149042,3.0353614057607414],[32.18823363998813,3.0353645937699545],[32.196798173990196,3.0370414862294295],[32.199820671816695,3.036409377020585],[32.205413225675606,3.031418293391183],[32.205413771140456,3.031418241734248],[32.2054141156075,3.031417934306861],[32.20845183903498,3.031130517500777],[32.2084518499004,3.031130527801347],[32.20845298108625,3.031130420675115],[32.212010346565734,3.034503410439843],[32.21201034502551,3.0345040311494222],[32.21201127885098,3.034504916429078],[32.212007380461806,3.0356987515597464],[32.21200508957551,3.0366219796931158],[32.21285432684762,3.037613533904841],[32.21299703264697,3.03777993360921],[32.21527021075062,3.038643665100084],[32.21527051239521,3.038644814892857],[32.215271174134024,3.038645066401893],[32.215835212916865,3.04079676721949],[32.221189049361435,3.041106310969819],[32.22118917272428,3.04110705183066],[32.22119108167928,3.041107162392275],[32.221313944125946,3.041855653303723],[32.22207248786797,3.042096493852811],[32.22543385045747,3.043162999463725],[32.225433917711996,3.043163760728142],[32.22543637967311,3.043164542410244],[32.225531391926424,3.0442670864594263],[32.22553748943235,3.044336105073413],[32.22647480060865,3.0439348837759392],[32.22647479234248,3.0439349411431516],[32.226474792342486,3.043934941143149],[32.227016523805624,3.0401753247889385],[32.22607361104264,3.035449811799346],[32.22724534625094,3.034551272804423],[32.22753071177916,3.032547073329364],[32.22820747382004,3.0319101316888784],[32.22829579795822,3.0312971621699716],[32.22757837151586,3.029243133226052],[32.2285956894648,3.028287343043953],[32.228162770510714,3.020626736961433],[32.23037157702273,3.016891255462238],[32.23038418266812,3.016803772283281],[32.22858395918622,3.013862326969194],[32.22933435580305,3.010574236523563],[32.22782236902304,3.009340892354877],[32.22597220589963,3.009175993264746],[32.22623438776342,3.006083313991973],[32.22841720291281,3.004989283845105],[32.228155774170595,3.002855590885135],[32.22777828357035,3.0007389471623287],[32.22631432245733,3.0004174303002267],[32.2159,3.0013],[32.21585690361543,3.001270841169594],[32.214252968163876,3.001042868087531],[32.21236692767702,2.999540203681988],[32.211071845701014,3.001501774768089],[32.209602328394624,3.001185404916979],[32.207056141763594,2.998810274912978],[32.20687998423129,2.99519709571394],[32.20582758559162,2.9944850472726294],[32.20476535904207,2.994749122397359],[32.202466923850835,2.994112198129574],[32.202344375650696,2.99285394521023],[32.20296384577194,2.9925474530967624],[32.19371572500037,2.9862902139364182],[32.192623885690686,2.985893590058681],[32.19271572622309,2.9856136190190288],[32.1924,2.9854],[32.19208292421549,2.984589017705006],[32.191851642677626,2.984614514074281],[32.19076196940603,2.983680436311078],[32.190595697704936,2.981039878969812],[32.18962027210286,2.981076075695702],[32.18996093562441,2.9791616238085954],[32.189758928524085,2.9786449518019937],[32.188533666212486,2.977363168149807],[32.187017659966045,2.977956462213381],[32.18674906934591,2.977154963420702],[32.18473248252506,2.976625534766275],[32.18081750277177,2.977701902775779],[32.17969397083131,2.97678020045816],[32.17916361419432,2.977642158480473],[32.176392321756396,2.978231773575832],[32.17622288145138,2.979225555266164],[32.17487556624686,2.978957406039497],[32.17305043620814,2.98080058291631],[32.16942659972207,2.981170303613141],[32.16553866218673,2.986199883941653],[32.17606704966281,2.990577891856495],[32.179850075848826,2.992943783324562]]],[[[31.90268799123132,3.001703984023861],[31.900083566010732,3.005310639713783],[31.9,3.0059],[31.901330637696287,3.0079624884292486],[31.902354660718885,3.009127700667941],[31.902550868181784,3.009853845681767],[31.91096937724407,3.022902534728304],[31.911016943461224,3.022906247841183],[31.911018946221578,3.0229793666434457],[31.916,3.0307],[31.919190848240408,3.0426337724191286],[31.919974579921632,3.042907903521689],[31.920450817420573,3.044715330497807],[31.920130576473777,3.04614835601193],[31.92136118647746,3.0507508374256935],[31.922589292065368,3.052097727798671],[31.92543120764601,3.050101632729088],[31.927096764982686,3.045723522781833],[31.9269072904608,3.043629099432628],[31.929784437260007,3.038825617100079],[31.930951495262008,3.039061025839426],[31.933307157271276,3.036824335618554],[31.933616799751025,3.03475412704221],[31.93856524596578,3.031209355624211],[31.94120697065969,3.030899475964764],[31.943657848762523,3.027615901041301],[31.9452044077805,3.027473260618182],[31.94715562715764,3.028972110280454],[31.94808361299986,3.028734166140347],[31.951438734389466,3.025426600838247],[31.953389966900822,3.021333881273256],[31.958029830815192,3.0154092606944],[31.965347787143862,3.010451556795103],[31.97591718065908,3.014425682651054],[31.979665410259898,3.019809611651922],[31.98415657271641,3.023289494649549],[31.988559091269682,3.023319339973341],[31.993852755703163,3.024895621387846],[31.99581634198638,3.024391177632034],[31.998561771448163,3.026589883799199],[32.0021309600879,3.027160954888002],[32.00684228715232,3.027018186920642],[32.00684326101192,3.026017498048396],[32.010126676523576,3.022021096723417],[32.020404815972825,3.018380930305926],[32.02254684059163,3.018309321416239],[32.033469429024834,3.013241469813851],[32.035966431619485,3.014098159632995],[32.038393948189686,3.018523511223704],[32.039682485456645,3.018024823331458],[32.04396160099683,3.019237301304049],[32.04724526802513,3.021807071144951],[32.04795941228456,3.023521287029957],[32.04731693143929,3.028731404502092],[32.04781661244934,3.029516616570695],[32.05016682403728,3.026653974190205],[32.055609908356686,3.023025246500953],[32.06592430426954,3.024816347551879],[32.06620981461284,3.021932381397673],[32.06809437344644,3.018105920581875],[32.06769483247905,3.013651373677844],[32.07063439328609,3.008415652957812],[32.06739439463064,3.00813033079677],[32.06361103428629,3.005760871035971],[32.06343890884336,3.003861361890637],[32.060369778634325,3.000377772771825],[32.06075473400506,2.997666018760716],[32.06191143520315,2.995937898564754],[32.066679893926754,2.995723576541408],[32.072661703092464,2.994167464986014],[32.074875226323535,2.994682214917768],[32.0768306335121,2.997122758468731],[32.081298938869224,2.996879916674038],[32.085285636591266,3.003993324696563],[32.08715411501538,3.00540461345981],[32.08918324886206,3.004611335397376],[32.09253750971828,3.005682062575015],[32.094036018113606,3.007351762714687],[32.0911958086097,3.009182669354921],[32.09086695222623,3.013094052789593],[32.08821188153811,3.014650741245641],[32.0872532982317,3.016436757736514],[32.081230546913204,3.020199495337377],[32.079652963291196,3.025774570118016],[32.080385339873516,3.027813612634465],[32.079366952526065,3.029631196744327],[32.07444496761785,3.03123759182432],[32.0723502928827,3.027452237137265],[32.071356935565,3.028725148336866],[32.066966737744295,3.037582766930275],[32.06551533656971,3.038814039373464],[32.06519874415709,3.043700014819872],[32.06344278644579,3.049810240125973],[32.06414230941533,3.055149625517191],[32.064998091871004,3.055521346290503],[32.06475630541275,3.057291007138056],[32.063899643645286,3.057705291566942],[32.06461341594856,3.059475490845274],[32.064976732711614,3.06011600147357],[32.06732061601164,3.05969099040069],[32.06759089099713,3.060804230445],[32.06851845845745,3.060718302555044],[32.06890435795174,3.063202729045563],[32.0702809241505,3.063652088704002],[32.07069609106441,3.065151506974068],[32.07308041124148,3.067547186614486],[32.07279473865783,3.068744819967954],[32.07184300609276,3.069126602382929],[32.07262070145501,3.070668384554963],[32.070110796603174,3.073637949786746],[32.07045323896902,3.074685274108816],[32.06909516818249,3.074730114361253],[32.06928548130406,3.07653861710922],[32.072473958749,3.081107181453319],[32.076328519298535,3.084414440901704],[32.078160867479845,3.088388329343815],[32.078827091728144,3.088031540850655],[32.07856556247695,3.085651750878462],[32.08002476543127,3.084894368596424],[32.08228112486915,3.092053773406837],[32.0812342564625,3.093130103729533],[32.08207622457218,3.095413872276369],[32.08015754618293,3.096396036408116],[32.075844775629115,3.105675927301872],[32.0788334411622,3.10670481780986],[32.07906170235654,3.108489037689334],[32.08171703459996,3.112443465022973],[32.08518607803348,3.115263107186879],[32.086928147638744,3.120766942205848],[32.08964792518972,3.123001488617282],[32.08968356135418,3.126706080718584],[32.09086807859492,3.128373903564288],[32.089283809759934,3.129318733223914],[32.087042360392395,3.133844465262541],[32.0873350061997,3.135636196004331],[32.086178615730574,3.138834194789433],[32.087021078800944,3.143430857519314],[32.08472971656181,3.145308540201324],[32.08260228341637,3.145886922290578],[32.08208832198439,3.147585852090975],[32.0850848788286,3.147504577081874],[32.085528051284086,3.148219303545483],[32.08298704439492,3.14977448065537],[32.08527132061499,3.151787009193888],[32.08498543110288,3.153300810913618],[32.08280142084496,3.15400051976268],[32.082644402550834,3.15621329841711],[32.08386833088544,3.158030210447001],[32.08181013897873,3.159411212055391],[32.08368963516196,3.161951605955019],[32.08282735815443,3.164301000169869],[32.084052596699955,3.164212185308978],[32.08501368821638,3.165357647446971],[32.08796023633425,3.161969106831634],[32.08986512152921,3.162504862631754],[32.09341589789149,3.165687090951742],[32.095307633845536,3.168673506750107],[32.09346948128581,3.171213217941645],[32.09536688986389,3.172254151098454],[32.094666248284085,3.174242971864538],[32.09585631779162,3.175475554479926],[32.096385418016446,3.179471940239703],[32.09652194533886,3.179327672231299],[32.09643558483771,3.179054922908322],[32.097548387425206,3.1782430339851104],[32.09754938324956,3.1782419817005323],[32.09766229376919,3.1771606277287923],[32.097757440464626,3.176245914277909],[32.097757822094636,3.1762457445587664],[32.09775790871848,3.176244914954637],[32.098580147927194,3.1758800384270702],[32.09872750615567,3.17581450502708],[32.09835651460657,3.174879296434824],[32.09835751118179,3.1748791344143275],[32.09835732234154,3.174878657306724],[32.09908864629884,3.174760268449167],[32.099455897746665,3.174700561704429],[32.10107623630258,3.172388003091027],[32.10107660148083,3.1723882165570854],[32.10107693340348,3.172387742954092],[32.10208168031718,3.1729750331061783],[32.10500246121045,3.1701963559041255],[32.10579640162816,3.168731072319016],[32.10625163908443,3.167890727266768],[32.1062517732906,3.167890645748956],[32.106251875550385,3.16789045701996],[32.106480090263105,3.1677519643527736],[32.10768578330309,3.167019617596757],[32.107372291313354,3.165776671618015],[32.10850847943592,3.165062835442413],[32.110477472285,3.165764751173769],[32.11076302012277,3.163831463293624],[32.1130851106098,3.165320419575084],[32.11427419404332,3.163792618857199],[32.114683183685166,3.163266340995723],[32.114683698662866,3.1632664644814086],[32.11468398484132,3.163266096783368],[32.11575917458854,3.1635243511471245],[32.11666206327422,3.1637408533924147],[32.11665545922778,3.16340111361835],[32.116604601522695,3.160815493370818],[32.11660519336689,3.1608152274696413],[32.11660518901523,3.160815003602148],[32.11920666906838,3.1596464478203816],[32.12029870862149,3.159155821056071],[32.12161344723738,3.159601776659605],[32.12275407137375,3.157270976371471],[32.12275476455699,3.1572716088466253],[32.12275550324171,3.157270100551057],[32.12420742274365,3.158596518756772],[32.12547232214129,3.158267173480023],[32.12796074497071,3.157619099427742],[32.128278748719836,3.158739649581644],[32.12872793000614,3.1603216782357824],[32.1310905113289,3.160368208879381],[32.13214191329143,3.159120239683266],[32.13214217460449,3.159120344034547],[32.13214233566903,3.159120152723392],[32.13445115378328,3.160041887664937],[32.13463032672602,3.1599611044732137],[32.136508125113494,3.159112953030657],[32.13406302977523,3.1545836510650385],[32.13376078360222,3.154024179847809],[32.133760873272955,3.1540239354505877],[32.133760759018784,3.154023723805818],[32.13406401656087,3.153197701768334],[32.1340640211835,3.153197707061349],[32.13406416151583,3.153197324586156],[32.134922152172734,3.154177929196716],[32.13619523381142,3.153249180528899],[32.13494576231634,3.1488217687801314],[32.13425487157859,3.1463753239555534],[32.133218094076916,3.1462033270919583],[32.13313635921369,3.1461898437823534],[32.131684699883365,3.14730219705052],[32.13168449393653,3.147299293542452],[32.13168269373625,3.14730066938942],[32.13154442044632,3.1453247427438864],[32.13041758927169,3.144784961854789],[32.12994852579333,3.144560486573841],[32.12994846587741,3.14456023977702],[32.12994769705852,3.14455987149315],[32.12972116148931,3.143625928353891],[32.12964457003351,3.143619224946373],[32.128015185603,3.1434772243271776],[32.1272101137909,3.145044381745283],[32.12720916417976,3.145043530590971],[32.12720906206688,3.14504372920187],[32.123317415875235,3.1415552834573544],[32.12305915919322,3.141323803140468],[32.123349245569074,3.1400263190351434],[32.12198290292991,3.139403932647817],[32.12198428006531,3.1394033367190426],[32.1219824837102,3.139402517734855],[32.12355376615171,3.138724171897186],[32.124034301841824,3.138516229348856],[32.12310674659978,3.137403644410039],[32.1234542997215,3.13644332685949],[32.12186342975901,3.135488072829382],[32.12186332204279,3.1354876023820624],[32.121863207788145,3.135487533755912],[32.12149492194282,3.1338786261135314],[32.1209890272441,3.131669146353129],[32.12286088401601,3.1311987140904716],[32.12311858154283,3.1311338651771536],[32.124276329116164,3.1288276306276366],[32.12344012114314,3.127606932348788],[32.123440132198915,3.1276065938805444],[32.12343987275093,3.127606215258197],[32.12350533827664,3.125607332436425],[32.123505439720105,3.1256072295729758],[32.12350544970572,3.125606923867291],[32.12434083996473,3.1247601355873047],[32.12479608632318,3.1242985167947297],[32.12135798851584,3.119343824173833],[32.12135803053545,3.1193438050261904],[32.12135784519359,3.11934353793075],[32.121783675678905,3.119149845558522],[32.12255879221015,3.1187966377465863],[32.12248922548943,3.1179197300049037],[32.12244621059502,3.11738242049182],[32.12244655554917,3.1173818636146176],[32.122446446301275,3.117380486514773],[32.12446288424845,3.114125987459948],[32.12393957418977,3.110920114633818],[32.12393984023919,3.110919910333489],[32.123939722417425,3.110919188196994],[32.124080279287284,3.1108120666703125],[32.12508247702682,3.110042475328568],[32.12329093913576,3.107277059857254],[32.12257745368826,3.106177945428406],[32.122578272538625,3.1061769886595227],[32.12257792188006,3.106176447383436],[32.12476640313105,3.1036202560298825],[32.12479035276086,3.10044344675199],[32.124790601021154,3.10044325606965],[32.12479060313815,3.100442977275387],[32.1252342859157,3.100102473119787],[32.12647967489362,3.099145921894282],[32.12630721265277,3.097695679053528],[32.12630730122242,3.097695536627568],[32.12630725751173,3.097695170186031],[32.12722769463736,3.096214858215951],[32.127228141517485,3.0962147634215262],[32.12722898597418,3.096213405478299],[32.12845859819762,3.095953348076209],[32.13060050268551,3.093187089492818],[32.13060062198256,3.0931871082286797],[32.13060071034485,3.093186994103325],[32.13067608873885,3.09319896044783],[32.13183770534928,3.0933813948773867],[32.13175605874179,3.091921465810463],[32.131736696937175,3.091580954816926],[32.13255755284202,3.0912577993479284],[32.1349839270588,3.0903022706159713],[32.13591275382751,3.087065840848346],[32.13591320822022,3.0870657476833085],[32.13591329875324,3.087065432154694],[32.13672963392519,3.086898354301447],[32.1396605626942,3.086297420161761],[32.14045731314082,3.084804583861152],[32.14019237045474,3.082489270860935],[32.140192464234694,3.0824891274957262],[32.140192346099084,3.082488095285908],[32.141477156859125,3.080524857784872],[32.14132126078855,3.0801967087629447],[32.14067418606873,3.07883561957478],[32.140674512463306,3.07883535417855],[32.14067441340193,3.078835145662118],[32.1416431881844,3.078045352479809],[32.14106719013695,3.077709001073585],[32.14081277721321,3.07756177804489],[32.1408126175261,3.0775603445702813],[32.14081175018294,3.077559838089237],[32.14064513725175,3.076060673583452],[32.14064555528469,3.076060665088814],[32.14064548085178,3.07605999692159],[32.14120808729162,3.076049234157219],[32.141543749840864,3.076042413326418],[32.14454142324793,3.073181487274399],[32.144208380672964,3.071908514982009],[32.14551112643833,3.070290435281641],[32.14546341479492,3.0701292782969927],[32.14500554700935,3.068583061654288],[32.14500562856052,3.0685830006198453],[32.14500560082466,3.068582906935638],[32.14561125487606,3.067576514811134],[32.14567169605512,3.067012874660445],[32.14613725422638,3.0667024818505197],[32.14702735523507,3.0652234351190017],[32.14656870423047,3.0629417634499037],[32.14650449724088,3.062622954035475],[32.14650459173029,3.0626228201273573],[32.14650456148569,3.062622669668202],[32.148515202887744,3.059773265658683],[32.14979053914536,3.0592591987000275],[32.15058924502801,3.0569415447618264],[32.15018261263727,3.056141253492368],[32.150183340201714,3.0561409786562725],[32.15018314923765,3.05614060254709],[32.150435444998976,3.056045746544343],[32.151567718920845,3.055618032204771],[32.152309851229546,3.052072377402192],[32.15504047215562,3.051258520203024],[32.15467146422139,3.0507080018382635],[32.15459673024093,3.050598089495679],[32.15459709320531,3.050597048640906],[32.1545968520364,3.050596688843993],[32.155038531288255,3.048503746115134],[32.1537706194364,3.047955885664778],[32.153592191074935,3.04600777948215],[32.150894302143456,3.043473679622954],[32.151086615487486,3.042624183277529],[32.14980162820705,3.040932289999489],[32.14901659083142,3.040951508340558],[32.14736759687246,3.038954996041172],[32.143541348215145,3.033087307138474],[32.14205656946905,3.032009412565653],[32.133431256785904,3.032685957162978],[32.12934444450882,3.026567607697614],[32.12648044432228,3.026280317130912],[32.124252393668336,3.023230412087204],[32.12083781082133,3.022241067491321],[32.11980875538049,3.021023459580893],[32.11465298567521,3.020271953173676],[32.11255105944227,3.018212594918198],[32.11263965831284,3.016439104500297],[32.11098216778918,3.014601209260927],[32.11219713733071,3.012583579654922],[32.113006460036885,3.012999621705227],[32.1144757739417,3.01142917956598],[32.11373788646833,3.009406535003082],[32.115693953192164,3.007308901371101],[32.114974441787176,3.006580706836569],[32.11610441006239,3.005476714889506],[32.11586408371289,3.002528962798277],[32.114027932658374,3.002109213223534],[32.115492888193366,3.000244677957719],[32.11489838968543,2.994010650104446],[32.11828323681331,2.991316005365696],[32.11721431939403,2.9902860807891],[32.11771220202942,2.988650897652068],[32.11661915199596,2.987276182245168],[32.119092316335816,2.986491436785784],[32.117771775088734,2.983029435523652],[32.11926718014495,2.982414326828998],[32.11916735328167,2.981111783918886],[32.12016542674697,2.980284710429194],[32.118559389115006,2.978750231443999],[32.120010761491734,2.978107502560079],[32.12056721180414,2.976462904288648],[32.12185714729272,2.976325975220668],[32.12143532681905,2.975355963784807],[32.12332059214586,2.975368148165331],[32.12355851287776,2.974267550234037],[32.122767330535666,2.973382270743712],[32.12394520113983,2.970746048968429],[32.12337422491428,2.96911619298614],[32.13501569646255,2.963836193018734],[32.13681905115593,2.963825204361089],[32.13701647890143,2.966410179303977],[32.144345210492595,2.964923015359699],[32.14872341673872,2.960830345733191],[32.1497238882992,2.95887972053273],[32.15755113052596,2.957844122754784],[32.16111369399988,2.959400268157909],[32.158775222901305,2.956124916178117],[32.159602484987026,2.953256782295996],[32.15910314317308,2.952098498032505],[32.1518005396471,2.949431220139851],[32.15227181073931,2.945941899974462],[32.15073180635179,2.940757287078881],[32.14301582669991,2.937440476844524],[32.13944827774779,2.9381853156898],[32.14040295324759,2.935231721198906],[32.135115744597464,2.933244341293643],[32.13446151053253,2.930151631805466],[32.13258192967493,2.929068628199142],[32.133212293512834,2.927807979852403],[32.13264122521429,2.927177308271481],[32.12454702425159,2.924096205606858],[32.121667154002715,2.920836044495176],[32.114148059462906,2.920907428284322],[32.10905613356005,2.922192326471954],[32.105177490887996,2.921549886594379],[32.103107364830244,2.922097157354429],[32.09833218553208,2.93040710095975],[32.09974727034424,2.926292882064973],[32.09557131833534,2.920296644316178],[32.091787977660665,2.919225887405466],[32.088766202767275,2.919404285771606],[32.084102323900325,2.921605348795772],[32.080556911639455,2.924972264882469],[32.07667840488313,2.926816366763082],[32.076606093878404,2.929945707846217],[32.073359056139104,2.931753748988183],[32.0671365066321,2.941093231971529],[32.06448384642836,2.943044118610554],[32.061188113014445,2.944103151479966],[32.05964118155057,2.945554655022911],[32.05676115237752,2.946185325014937],[32.04837948168498,2.945305265538938],[32.048299125168484,2.950333430490745],[32.05024968153972,2.953402693639061],[32.048965942666776,2.954758782277796],[32.04506304827264,2.95602032189923],[32.04068433843741,2.956044106384839],[32.03528604434721,2.954275900337194],[32.03482230353113,2.956952855344759],[32.031900511700066,2.961254526075297],[32.03062456288301,2.96502363463223],[32.02773159163134,2.962880979015715],[32.025713805700356,2.960083760092481],[32.02381986101018,2.960217082519424],[32.02238584894833,2.962911127560625],[32.02320416587224,2.966871209007568],[32.02140550399779,2.969963988716007],[32.021000579602976,2.973176322172609],[32.019142285878914,2.974104225330804],[32.01657459755501,2.974199300534824],[32.01383894265806,2.973223846603275],[32.00921011635655,2.974589218433343],[32.00479839165945,2.96793729382459],[31.99810450198651,2.964535630642815],[31.998870107449783,2.961927715795104],[31.996817834872722,2.961255519255948],[31.993147183608382,2.961535009354875],[31.99148189055696,2.960410813692469],[31.98870698684224,2.961779095564079],[31.98321088709722,2.96236434910389],[31.980855999163758,2.963691810254649],[31.97897068365039,2.962692712795754],[31.97542991782673,2.962307243672219],[31.9739581389252,2.96289172135043],[31.967577714509215,2.961279335922977],[31.96583606394509,2.962292960575041],[31.963537456571924,2.965919179032233],[31.955714316977012,2.968646118423692],[31.94829063020812,2.96650294492056],[31.94436406503311,2.967168816404764],[31.941012239582253,2.965426970193353],[31.939862358373507,2.96377764861918],[31.933730489038307,2.963028115825513],[31.93121039754609,2.9642630642018],[31.925114098787247,2.96489124350327],[31.918432822694804,2.963642011081015],[31.91469908951778,2.964598397985974],[31.909300680043067,2.960962790349445],[31.90147213776515,2.958892614380727],[31.89407191653363,2.961248330946978],[31.89212085747376,2.962390421097364],[31.88602955529834,2.968909836390639],[31.881374577988176,2.970422351433126],[31.878429536530334,2.969470599311004],[31.876301095721324,2.9695094491459644],[31.8901,2.9756],[31.9019,2.9925],[31.901729734882117,2.9937008171471824],[31.902569076547568,2.995993112517885],[31.90268799123132,3.001703984023861]]],[[[31.867954758985974,2.96103309395557],[31.8673295591278,2.960883355547507],[31.874163722669543,2.967755698773845],[31.87251071684955,2.964890248394545],[31.867954758985974,2.96103309395557]]],[[[31.741397183434408,2.960636345752861],[31.7391565971449,2.961475588593876],[31.73574003486049,2.958695668971679],[31.735407041092653,2.956252693721972],[31.73649549002079,2.954889938046874],[31.736073229242038,2.954128578580586],[31.73448488734102,2.954271186485763],[31.734030375166807,2.953275481984122],[31.73094740763288,2.954032157795031],[31.731474825830112,2.953389688030678],[31.73057546746895,2.951719105150363],[31.731460549750505,2.950320188575593],[31.72996149176592,2.948492765631369],[31.72683657012098,2.946784312010071],[31.724433316931826,2.947890759674906],[31.723849689987702,2.949425499878784],[31.72185176275834,2.950150416130491],[31.71797307152913,2.943084248807371],[31.71669879912165,2.94353790479854],[31.713872008825426,2.94256709818825],[31.714043312424156,2.940368489164285],[31.71239672628444,2.937560726410299],[31.709103249117497,2.937769560894145],[31.707104809045404,2.935304999533303],[31.703577634073092,2.936825240041917],[31.701496731737052,2.933839645959198],[31.697499244209467,2.930746378721388],[31.69589063831187,2.936292161902641],[31.69398665429927,2.93897019203559],[31.69303491056563,2.943966938862544],[31.693927099498502,2.947000482776727],[31.69398351046739,2.9512774647044355],[31.74271558404706,2.9628938310809847],[31.742770128216723,2.962847861775356],[31.741397183434408,2.960636345752861]]],[[[31.608129209340817,2.941991038469558],[31.605632378871483,2.943995827431629],[31.605471142448415,2.945360411005065],[31.59948945362748,2.945661302591288],[31.59921211444853,2.945814120354349],[31.6057,2.9454],[31.611541473325957,2.938857549874925],[31.61073439290705,2.938210616431613],[31.608129209340817,2.941991038469558]]],[[[31.588369708476872,2.9427956231355155],[31.5916,2.9463],[31.59182000307772,2.946285957250358],[31.58998258917424,2.943324832767653],[31.588369708476872,2.9427956231355155]]],[[[31.586052336194417,2.936169591531792],[31.5855492596984,2.938938733988837],[31.585262239612405,2.939424490246183],[31.588155494020842,2.942563232907458],[31.587631196949022,2.939161422674074],[31.586052336194417,2.936169591531792]]]]}},{"type":"Feature","properties":{"n":"Pabbo Town Council","c":"316106","d":"Amuru","od":"Amuru","dc":"316","k":"PABBOTOWNCOUNCIL","a":["PABBO","PABBOTOWNCOUNCIL"],"lat":3.00292,"lon":32.145032},"geometry":{"type":"Polygon","coordinates":[[[32.11261097511152,3.0170132583507434],[32.11255106846854,3.018212414238547],[32.11297341118314,3.0186263932383564],[32.11465298567521,3.020271953173676],[32.11980875538049,3.021023459580893],[32.119809006712515,3.021023756964154],[32.119809134528246,3.021023775576174],[32.11988053007377,3.0211083854564507],[32.12083781082133,3.022241067491321],[32.124252393668336,3.023230412087204],[32.12648044432228,3.026280317130912],[32.12934444450882,3.026567607697614],[32.13343119844131,3.032685869815527],[32.13344615802502,3.0326847883528503],[32.14205656946905,3.032009412565653],[32.14212285071438,3.0320575303036073],[32.14219195391526,3.032052534674451],[32.14250913001959,3.0323379548232694],[32.143541348215145,3.033087307138474],[32.14382465509247,3.0335217683481424],[32.14511799380585,3.034685616831686],[32.14901045011669,3.0409440734967728],[32.14901659083142,3.040951508340558],[32.1490228836795,3.040951354286618],[32.14961556422162,3.040725012228191],[32.149786187890435,3.0409326679907545],[32.14980162820705,3.040932289999489],[32.149994050450175,3.0411856449584387],[32.150764280867364,3.042123045881439],[32.15077270945267,3.0422108752873744],[32.151086615487486,3.042624183277529],[32.150894302143456,3.043473679622954],[32.153592191074935,3.04600777948215],[32.15359957432449,3.046088390849009],[32.153670147573095,3.046156592131252],[32.15377062236796,3.047955886931494],[32.15377321264578,3.0479570061818375],[32.15503943382674,3.048183780499829],[32.15568790854425,3.045426604953261],[32.15568903990904,3.045421243864399],[32.15905116963626,3.044229058852284],[32.16616041442637,3.038147470713444],[32.16610174443937,3.036717561619271],[32.16609680049484,3.036598352571575],[32.165229508473665,3.035581430665286],[32.16464782379959,3.034899488541869],[32.16464783241533,3.0348994007242327],[32.16464771263106,3.034899260274128],[32.16464803872506,3.0348972978726603],[32.16486218996593,3.032714520183057],[32.16502297640229,3.0326409600242026],[32.165047458690836,3.032493628033794],[32.16589214686416,3.0322433125690162],[32.1694606875287,3.0306106971313795],[32.1699300248558,3.025944645441577],[32.169232299607756,3.025191082535867],[32.16923361935369,3.025190244329379],[32.169233492546134,3.025190107274678],[32.16940803299274,3.025079469489786],[32.173325610244575,3.022591309767776],[32.168623617579634,3.017597192567959],[32.175273435724655,3.0166949582595777],[32.17543319807651,3.016673270331181],[32.17544862036251,3.0166578947151965],[32.17740966553141,3.0146080301074534],[32.17426523539742,3.010431917579028],[32.174265206359856,3.0104316799985136],[32.174265205716544,3.010431679186921],[32.174264710457756,3.010427622610389],[32.173610885249275,3.005078133980771],[32.174704272359186,3.004130843312376],[32.17434189933532,3.0033112390822616],[32.173756446482436,3.001988933518443],[32.17375700221952,3.0019883366620443],[32.17375660636191,3.001987441323421],[32.17576429383822,2.999832415844276],[32.175764455249436,2.9998323509743],[32.17576450176936,2.99983230101234],[32.17578728193449,2.9998231770980133],[32.177589340113215,2.9990989432133164],[32.17749699161546,2.9978423788997413],[32.17741217235426,2.996693308556007],[32.17984948561047,2.992944691118339],[32.17355772137036,2.9895344406014708],[32.16887662685787,2.9875879061609076],[32.1660617913681,2.986663489983616],[32.16591807300504,2.986357653929633],[32.16553866218673,2.986199883941653],[32.16572851887361,2.9859542782834114],[32.16561007172088,2.985702219958888],[32.16941814934351,2.981181235336563],[32.16942659972207,2.981170303613141],[32.16942742848125,2.981170219059265],[32.16942758138274,2.981170037533215],[32.170063018924715,2.981105373158364],[32.173050183203166,2.9808006087290573],[32.17416954071231,2.9796704127360667],[32.17487556624686,2.978957406039497],[32.1748756861084,2.978957429894924],[32.17487581204871,2.978957302735162],[32.17622305771008,2.9792245214939865],[32.17638515760325,2.9782737919387197],[32.17639217367778,2.978231882685396],[32.17639230802069,2.9782318541369013],[32.176392321756396,2.978231773575832],[32.17916361419432,2.977642158480473],[32.179533435590024,2.9770411091174296],[32.179692753204044,2.976781279373936],[32.1796930588847,2.976781682592335],[32.17969397083131,2.97678020045816],[32.18072492995922,2.9776259596069212],[32.18099487894797,2.977653135718542],[32.18473248252506,2.976625534766275],[32.18473575916111,2.976626395004474],[32.184736398258785,2.976626122468689],[32.18613530419554,2.9769938273593453],[32.18674906934591,2.977154963420702],[32.18699229103523,2.9778807590208958],[32.18852630965422,2.9773660471632404],[32.188533666212486,2.977363168149807],[32.188538646951386,2.9773683786501564],[32.1895394252936,2.978083530077882],[32.1872,2.9721],[32.18721861895026,2.971830975167579],[32.18716794533251,2.971786592587609],[32.186778145022714,2.96656859455785],[32.18607170967871,2.966772108044196],[32.184704884812035,2.965397522928332],[32.18211071990601,2.965220861005455],[32.18188077960373,2.964499853630097],[32.178599999854505,2.966080116539241],[32.1762610010047,2.963446309522898],[32.175690625342526,2.964042226637168],[32.17176852268059,2.963424777304982],[32.169029628447106,2.961477848142884],[32.16337995525115,2.960984629536037],[32.15699384557725,2.95791785537195],[32.15643786744483,2.957991415088365],[32.155422857999824,2.958557415575669],[32.14973158741559,2.9588787018868783],[32.1497238882992,2.95887972053273],[32.14872341673872,2.960830345733191],[32.144345210492595,2.964923015359699],[32.14242850141204,2.965311958603262],[32.13702038926906,2.966409811876975],[32.13702035674012,2.9664093924035684],[32.13701647890143,2.966410179303977],[32.13681905115593,2.963825204361089],[32.135067456888066,2.9638358776189975],[32.13501557903922,2.963836246276193],[32.129099219573455,2.966519616471867],[32.12691402615958,2.968047533111712],[32.12490960017402,2.968419822146097],[32.12362700346598,2.9690015450450113],[32.123405584939725,2.9692057104175045],[32.12394520113983,2.970746048968429],[32.1237971882028,2.97107732043937],[32.123896886612904,2.971435600207605],[32.12362986552371,2.971451809528892],[32.122767634602795,2.9733815902034295],[32.1235583568361,2.974267043089798],[32.123558298953135,2.974267310866863],[32.12355851287776,2.974267550234037],[32.12332059214586,2.975368148165331],[32.12268004182765,2.97536400831896],[32.121435422868736,2.9753561846590872],[32.12185714729272,2.976325975220668],[32.12185409530605,2.976326299194769],[32.12185498358511,2.976328355312129],[32.120716803796064,2.976447024818541],[32.12056721180414,2.976462904288648],[32.120010761491734,2.978107502560079],[32.11855952268978,2.9787501722914578],[32.12016474995092,2.980282468838841],[32.12016385674488,2.980283210380152],[32.12016542674697,2.980284710429194],[32.11916735328167,2.981111783918886],[32.11926718014495,2.982414326828998],[32.117771775088734,2.983029435523652],[32.118145351803,2.984008824133554],[32.11909237849682,2.986491136344582],[32.11909222069932,2.986491186060062],[32.119092316335816,2.986491436785784],[32.11662136385633,2.9872754804125576],[32.11771172300906,2.988649885755705],[32.1177116327598,2.9886501816887536],[32.11771220202942,2.988650897652068],[32.11721431939403,2.9902860807891],[32.11828323681331,2.991316005365696],[32.11828280110796,2.991316352226602],[32.1182830239385,2.991316566584564],[32.11807119039595,2.9914848135101493],[32.114899020734526,2.9940101477322387],[32.11521923200835,2.9973750655754574],[32.115492888193366,3.000244677957719],[32.114027932658374,3.002109213223534],[32.11562777053605,3.0024749409054468],[32.11586265965915,3.002528470290126],[32.11586267355986,3.0025286404331135],[32.11586408371289,3.002528962798277],[32.11610441006239,3.005476714889506],[32.11581584285636,3.005758648354926],[32.114975544812665,3.00658182317347],[32.115693953192164,3.007308901371101],[32.11569301955564,3.0073099025779357],[32.1156932641704,3.007310149880861],[32.11373818472324,3.009407352558198],[32.1144757739417,3.01142917956598],[32.113006460036885,3.012999621705227],[32.112197212572895,3.0125836183340695],[32.112120673672486,3.0127105584271034],[32.11098216778918,3.014601209260927],[32.11263965831284,3.016439104500297],[32.11263962499056,3.016439771514986],[32.112639924057945,3.016440101433832],[32.11261097511152,3.0170132583507434]]]}},{"type":"Feature","properties":{"n":"Pogo","c":"316107","d":"Amuru","od":"Amuru","dc":"316","k":"POGO","a":["POGO"],"lat":3.167267,"lon":32.031502},"geometry":{"type":"Polygon","coordinates":[[[31.92696178703212,3.067146728340171],[31.92661223092367,3.070284053758556],[31.926589122872965,3.0703033195448812],[31.927633883866154,3.074210725659408],[31.928514566550184,3.075516150229614],[31.928931642660316,3.0790643435495815],[31.9294586947358,3.0810355183118916],[31.930588192098675,3.083188330604289],[31.93058620700474,3.085252414197725],[31.93081834637171,3.08612061543019],[31.93748820933989,3.0952481892446446],[31.948592216357234,3.109706531715149],[31.952784771011295,3.114164301336112],[31.954466269955653,3.117355039004752],[31.9598,3.1243],[31.964006362513157,3.146326043705245],[31.96473121120232,3.146433504741296],[31.966090103598535,3.148015939085374],[31.96458255600554,3.1493432023562775],[31.965472791641083,3.1540047998660246],[31.965859933914235,3.154765006206612],[31.966124711986286,3.157418491855458],[31.9665668761881,3.1597338244031388],[31.968626107365342,3.166011485496045],[31.968504163172657,3.1698781635222772],[31.9708,3.1819],[31.9899,3.1965],[31.99164199932546,3.1986509904714384],[31.994124222180325,3.200228560140763],[31.993984352032342,3.2015432868573295],[31.99977249171071,3.208690381068881],[32.00091658874673,3.209683723760385],[32.0011082261955,3.210339722780532],[32.0014,3.2107],[32.00293800085629,3.215890752889991],[32.00476102809207,3.215231054653445],[32.00686349913787,3.215898737845939],[32.0053215972386,3.218580941973427],[32.00676676736847,3.22075073040302],[32.00638640612298,3.223197093859273],[32.00968188620088,3.225088819948194],[32.00966411407739,3.228193960567491],[32.01339388228979,3.231786950603281],[32.011139374678685,3.232179565637361],[32.00863959902567,3.2360239176637573],[32.00882353265348,3.240779915754161],[32.009907807534354,3.248324994526621],[32.009638981351024,3.249312322892186],[32.00915258676033,3.2492883148027505],[32.0093,3.2531],[32.00923543345261,3.2533878591904624],[32.00929540116031,3.253565016355215],[32.01219757699027,3.253266859708329],[32.01128809467372,3.255022386728986],[32.012287159019,3.255998402639915],[32.01109179567023,3.257348268314488],[32.01115651188005,3.259883194955431],[32.008379204305434,3.262035853201929],[32.00781080974495,3.264046564224671],[32.00683774254492,3.264077564487244],[32.00495738379958,3.2724608305602074],[32.0050557915795,3.273440478514035],[32.00466035999254,3.274860173634035],[32.005270911870056,3.2762314925335367],[32.006524837386586,3.277456246374391],[32.007980197279814,3.28055521533975],[32.007742324162464,3.2817823629998184],[32.01042036611167,3.287797330234942],[32.013115984024296,3.289188009244928],[32.01396552104144,3.291569386820454],[32.01261991533679,3.2927375876215264],[32.01331733090264,3.294304005122589],[32.01430133441329,3.294742061092258],[32.01683540093816,3.297840238478322],[32.017563437219216,3.300259931788186],[32.0169747789671,3.302518749584853],[32.0171,3.3028],[32.01859181133445,3.3043016908797167],[32.019547318016905,3.304151570096801],[32.021096169544364,3.30614637157666],[32.02093068424092,3.306656053010728],[32.03203173381636,3.3178306194707674],[32.032637593293316,3.318165383534761],[32.03194959861699,3.32066498614781],[32.03160981667707,3.3242812367940777],[32.03291432168829,3.328850892206021],[32.03117976893844,3.330221910776296],[32.03100794064637,3.3306869174065334],[32.0308,3.3329],[32.031588724979684,3.3333498197149747],[32.03289645122599,3.333855493792561],[32.03337425214297,3.3343681281752864],[32.03567120537382,3.335678109314759],[32.037046954887124,3.335418762674822],[32.0411446280434,3.336999858184479],[32.04353623003389,3.339694653277801],[32.04464936324725,3.3382397425793564],[32.04438543638232,3.337870568416105],[32.04291767507076,3.336568603887132],[32.04304041761174,3.3359891904847068],[32.04292042646501,3.335821349930836],[32.04315116766961,3.3354663883059392],[32.04326245025469,3.334941072301116],[32.04397017805021,3.334206460517997],[32.04520754871275,3.332302946571572],[32.04702468806972,3.331035164795272],[32.0464539573775,3.3299711160382315],[32.043295151358166,3.329581324117203],[32.04329517676683,3.329580949640579],[32.04329496009855,3.32958092288744],[32.04345239571159,3.327263833877141],[32.04357920063786,3.32539496435898],[32.04357938741141,3.3253948090334102],[32.04357940472282,3.325394554249445],[32.050900851395355,3.319306096106968],[32.05111096023444,3.319131364331015],[32.05093803726339,3.318318421386638],[32.05086021536698,3.317953590767604],[32.05086038581928,3.3179533675523714],[32.05086035014892,3.317953199859424],[32.05086351948392,3.3179492638723627],[32.0521507910307,3.316263521739046],[32.05081876291496,3.314937351669439],[32.050812972037534,3.314932225824667],[32.05081320555093,3.314931818745808],[32.050812784172756,3.31493139922079],[32.05158886291322,3.313579501038701],[32.051203640634306,3.311077359030347],[32.049452447342624,3.3100737891565517],[32.048737157461545,3.309664104409423],[32.048737107758896,3.3096638439727877],[32.04873689418585,3.309663721578834],[32.04839452877039,3.307868804473444],[32.048394534558064,3.3078687966822846],[32.048394516263706,3.307868700821786],[32.04914691746326,3.306855966156221],[32.050054092926445,3.3056347595136053],[32.04887278588315,3.302804123922726],[32.05142137291938,3.301044035604913],[32.052279070713915,3.2984480385818475],[32.051671328095594,3.295388877159026],[32.05167100669181,3.295387353163294],[32.05167033711711,3.295386494771154],[32.0492224940974,3.292355947610263],[32.049248490153985,3.292281696475091],[32.04921543160381,3.292239315543592],[32.04992533179158,3.29034804078004],[32.04985471856231,3.289966722685508],[32.04936920367345,3.287348037119949],[32.04936977603737,3.2873479873368634],[32.04936971044444,3.287347633128824],[32.049370934082404,3.2873478866123897],[32.05092674273714,3.287212565443014],[32.05098400660559,3.287047157609928],[32.05042806482588,3.283784794784368],[32.05079468303722,3.2826577538164208],[32.05073152193616,3.281886965825482],[32.05172379528992,3.2798015193462238],[32.05178539953109,3.279612138400435],[32.05182558010607,3.2795875996781336],[32.0518557578193,3.279524175617046],[32.05191150472836,3.2795351245593367],[32.05393637641409,3.2782985129871953],[32.053936716381386,3.278298152451235],[32.05450128567853,3.275083756627051],[32.05461689560547,3.27442533452284],[32.05461694001124,3.274425274477939],[32.054617025141525,3.274424789785591],[32.05630644220723,3.272140507244273],[32.059054716661095,3.270207197328922],[32.06071358219816,3.2699320895236514],[32.05950028711002,3.2657153359930002],[32.05949491968825,3.265698111701531],[32.05949512692467,3.2656974019965737],[32.05949498240056,3.265696899709395],[32.05949652260735,3.265692622320815],[32.059977401573946,3.264045797016975],[32.060074392732226,3.2640877890629243],[32.06016041787286,3.26384888415893],[32.063100751296155,3.2653980423904705],[32.06310599061038,3.265400310736653],[32.06359396018518,3.2646659593933203],[32.063916165111486,3.26418016990897],[32.06391624851204,3.264180943773518],[32.06391644384138,3.264180649820015],[32.064145857441765,3.2663114598490917],[32.06425984504207,3.267369138290214],[32.06486056250954,3.267357524395488],[32.06494573226979,3.2670363283460833],[32.065657544285735,3.264348710725821],[32.0625907959301,3.261673162595055],[32.06247425591608,3.2608631153999097],[32.06229090448846,3.260662412358985],[32.06241551899448,3.2604548463689578],[32.062373076110404,3.26015983405507],[32.06363605835386,3.258421836981956],[32.06363674284859,3.258420696843214],[32.06363687917182,3.2584207074496763],[32.063637757356126,3.258419498975238],[32.06536800729892,3.2585553957588935],[32.06538041884876,3.258556361424367],[32.065380859531885,3.2585557324056458],[32.066088110143625,3.256795813636453],[32.06698558230664,3.256265196166667],[32.06710581898186,3.256093573711897],[32.06717462927657,3.256153424872818],[32.067295919817234,3.256081713590345],[32.070210768407605,3.2587940263525],[32.07038975669588,3.256416935507316],[32.070483789301015,3.25516629248251],[32.07048392666584,3.255166291816407],[32.070483944045506,3.255166061002121],[32.073279686533525,3.255152734748969],[32.07421278218602,3.255148210025357],[32.075830176446864,3.2533242872106665],[32.07579810383545,3.2530584854098468],[32.074502258823735,3.251475577811164],[32.07449940887932,3.251473838131153],[32.07449999822042,3.251472816426791],[32.074499285092244,3.251471945322612],[32.07627718907563,3.248390028695078],[32.075056995144365,3.247533527852955],[32.0750406122769,3.247522035174938],[32.07455873943002,3.245416632564292],[32.07326607435244,3.245279000210368],[32.07265552779297,3.245214190208625],[32.072655714671306,3.2452140141276535],[32.072655202923805,3.245213959640985],[32.07308501307346,3.2448095195241287],[32.073962067212165,3.243983139401746],[32.07396293399379,3.243983418884348],[32.07396377570307,3.243982626857916],[32.076617402611205,3.2448385086153237],[32.07719716286313,3.2438554372291004],[32.07512506529,3.2425509413412987],[32.07332506850485,3.241418447144158],[32.073325221363966,3.241417843638444],[32.073324723251744,3.241417530050246],[32.074883209362596,3.23526636431636],[32.07374110631973,3.232405886301949],[32.073741266508975,3.232405671168693],[32.073741128232335,3.232405324813995],[32.07601350997428,3.229353670076564],[32.07601375744327,3.2293537286441447],[32.076013784975125,3.229353691669017],[32.07630349676767,3.2294223001906905],[32.07779809988743,3.229776022446396],[32.07916590138822,3.2320437159095414],[32.07924424029628,3.232011125580544],[32.07975466790265,3.2317978044081386],[32.079246952425784,3.2310910971529827],[32.07910086592796,3.230888415409357],[32.079101188646185,3.2308882033566015],[32.07910116866257,3.230888175540696],[32.079157117410396,3.23085145349927],[32.08038768353453,3.230042869041301],[32.080036455140466,3.2287102823514315],[32.08002890566709,3.2286817003165713],[32.07809553980142,3.228217465685148],[32.07809546172669,3.2282173518761526],[32.078095354081036,3.228217326035356],[32.07745892933182,3.227290553240855],[32.07745930871896,3.2272900359742667],[32.07745901883849,3.227289613417488],[32.07973766915202,3.2241836583064694],[32.08012929107059,3.223649710488368],[32.080129447750544,3.223649637472614],[32.080129980783525,3.223648910912469],[32.08261556789151,3.222489838905721],[32.080252816262316,3.2213702777863955],[32.07978055813554,3.22114682157309],[32.07978075748104,3.221146598474944],[32.079780681069586,3.221146562268305],[32.07996876036374,3.2209361944572854],[32.081285524812806,3.2194625333813627],[32.081172567602884,3.216447671713766],[32.08200053713556,3.213743595824607],[32.08205294134751,3.213324345993011],[32.082174096073864,3.2131767675514946],[32.08236171369434,3.212564024855192],[32.08276546371223,3.2124564232689248],[32.08433119166973,3.2105492117323426],[32.08433234626508,3.210547025868514],[32.08433285856385,3.210547181290416],[32.084334361450225,3.210545350626141],[32.086329944333215,3.211153002894223],[32.08629746133935,3.2105972480648735],[32.086250215084085,3.209790525962651],[32.08625030754744,3.2097904890671045],[32.08625029555088,3.20979028381678],[32.08759122494842,3.2092552633536133],[32.088410542315586,3.207537594080097],[32.08841104055969,3.207538421900771],[32.08841204813051,3.207536311790351],[32.08841684683721,3.2075480688920623],[32.089179570115874,3.208815315385578],[32.08963679160359,3.2086315711943247],[32.09128000239098,3.2066793710329056],[32.0936611829922,3.20171753610024],[32.09377773716568,3.201367556977722],[32.09382972603451,3.201366331007044],[32.093859024969476,3.201305278737863],[32.094689850917675,3.2013460480520557],[32.095288785116914,3.201331924340904],[32.0953120377699,3.2013765792738114],[32.095359241566165,3.201378895603008],[32.095563221137105,3.2018589576250904],[32.096057518093154,3.2028082169385255],[32.096376540129015,3.202692208036186],[32.09682938467713,3.202406740936732],[32.096829384047794,3.200535354753249],[32.09470572375794,3.199588902618936],[32.094271475366064,3.198506250133574],[32.095371975265536,3.195674695195541],[32.09541269954507,3.195687469458337],[32.095449098132015,3.195597565240913],[32.09865713258799,3.1967049991154104],[32.09975237628369,3.195913815731989],[32.09975470644127,3.19584330822953],[32.099799743082336,3.194474971399574],[32.09823637986358,3.1938675843061124],[32.09788460508354,3.193731048526397],[32.09788460237318,3.19373091414215],[32.09788448735659,3.193730869456698],[32.09786786899046,3.1929012464766138],[32.097841034158684,3.1915707329385716],[32.09444611342749,3.188680320129539],[32.09452540902477,3.188637225705691],[32.094392724491414,3.188519839577792],[32.095565874200055,3.1880717687471876],[32.095577201682154,3.18806561265112],[32.09557803311576,3.1880633912525473],[32.09598102411331,3.186372290153658],[32.09622588282761,3.1863324864470806],[32.09633785033246,3.186033335133669],[32.09761304901302,3.1861069916919766],[32.09767837642706,3.18609637220789],[32.09798721135888,3.183998627834793],[32.097991329843325,3.1839686135573397],[32.09580851733109,3.178912748679308],[32.09585601562944,3.175475241523534],[32.09585201391584,3.1754710968558673],[32.09471964712238,3.174492213817889],[32.09476281974427,3.1743429931676763],[32.094666248284085,3.174242971864538],[32.09536686522494,3.1722542210378597],[32.095016436318524,3.1720618895478827],[32.09346948128581,3.171213217941645],[32.093469672124215,3.171212954266884],[32.09346946890912,3.1712128427331],[32.09521216045151,3.1685227863223204],[32.09341589789149,3.165687090951742],[32.09341173874706,3.1656833635000945],[32.089728623122205,3.1624664719647195],[32.08956027579691,3.1624191236750696],[32.08783890951313,3.1621086330992],[32.085014758503995,3.1653564166124784],[32.085014308097556,3.165357009006262],[32.08501427630629,3.1653569711415246],[32.08501368821638,3.165357647446971],[32.084052596699955,3.164212185308978],[32.08282735815443,3.164301000169869],[32.08282792475234,3.164299456394698],[32.0828270558016,3.164299518595715],[32.08356058889849,3.162303210534736],[32.08368963516196,3.161951605955019],[32.08181013897873,3.159411212055391],[32.08386798195955,3.158030444568615],[32.083574836506955,3.1575945203400724],[32.082644402550834,3.15621329841711],[32.08273284399245,3.1549669383335526],[32.08280114219602,3.154002098751914],[32.082801312683564,3.1540020440260106],[32.08280142084496,3.15400051976268],[32.08498543110288,3.153300810913618],[32.085271260437494,3.151787327837274],[32.08467197450859,3.1512589639719546],[32.08298704439492,3.14977448065537],[32.082987743972836,3.1497740524914115],[32.082987395378204,3.149773745150958],[32.08552767414878,3.1482186953204434],[32.0850848788286,3.147504577081874],[32.08208832198439,3.147585852090975],[32.08260228341637,3.145886922290578],[32.08472971125392,3.1453085416443725],[32.084749488388375,3.1452923379546025],[32.087020880287156,3.1434310201936806],[32.08647423950952,3.1404471827702003],[32.086178615730574,3.138834194789433],[32.0873350061997,3.135636196004331],[32.087042360392395,3.133844465262541],[32.08704280407418,3.1338435694203737],[32.08704279096429,3.133843488996959],[32.089283703777,3.129318935698799],[32.089283711862336,3.1293189308898945],[32.089283809759934,3.129318733223914],[32.090867161723054,3.12837445037031],[32.089813857969844,3.1268895408362134],[32.08968356135418,3.126706080718584],[32.08968355913724,3.126705850254822],[32.08968354478266,3.12670583001825],[32.08968355648283,3.126705574313179],[32.08965042949298,3.123261825895094],[32.08692852920846,3.1207672557003234],[32.086928147638744,3.120766942205848],[32.08518607803348,3.115263107186879],[32.08171703459996,3.112443465022973],[32.081670945407474,3.11237482714799],[32.07906188633855,3.108489363838736],[32.07906187808162,3.1084892993861657],[32.07906170235654,3.108489037689334],[32.07895797641399,3.107678256473311],[32.07883326255796,3.106704756322815],[32.0772823404455,3.1061708293836943],[32.07584504521242,3.105676391224583],[32.075845193881385,3.105676071291149],[32.075844775629115,3.105675927301872],[32.07983617016859,3.097087548815684],[32.080157074072204,3.096396968318504],[32.080157125278554,3.096396942078065],[32.08015754618293,3.096396036408116],[32.08141472657086,3.095752490574127],[32.082076111993516,3.0954135669161134],[32.0812342564625,3.093130103729533],[32.081234602887086,3.0931297475555515],[32.08123433639222,3.09312902466321],[32.08228108329967,3.0920536415073134],[32.08002476543127,3.084894368596424],[32.07864177886968,3.0856121916483468],[32.07856557413719,3.0856518569809754],[32.078827091728144,3.088031540850655],[32.07882684883465,3.0880316709293822],[32.07882693141828,3.088032422550391],[32.07848139508656,3.088216674586263],[32.078160867479845,3.088388329343815],[32.078160594254975,3.0883877367898696],[32.07816057911578,3.088387744862617],[32.077523140694765,3.0870052651825852],[32.076328541128795,3.084414488245875],[32.0730367715801,3.0815900816515156],[32.072473958749,3.081107181453319],[32.06928548130406,3.07653861710922],[32.06909516818249,3.074730114361253],[32.06909586565079,3.074730091332517],[32.069095730477564,3.074728802334686],[32.07045319861991,3.0746851507052617],[32.070110796603174,3.073637949786746],[32.070111703560485,3.073636876730569],[32.07011150174637,3.073636257447088],[32.070622589281825,3.073032428129903],[32.07262070145501,3.070668384554963],[32.07207043508598,3.0695774806884586],[32.07184302513705,3.069128842547796],[32.0718439486273,3.0691284709590025],[32.07184300609276,3.069126602382929],[32.07279473865783,3.068744819967954],[32.07297679217849,3.0679815917796853],[32.073080276362596,3.0675470510930127],[32.07069609106441,3.065151506974068],[32.07069603236661,3.0651512949808937],[32.07069597546484,3.065151237812575],[32.070680070232854,3.0650936460830907],[32.0702809241505,3.063652088704002],[32.070254884413586,3.0636435884173485],[32.068904566957954,3.063202935512062],[32.06890454435073,3.0632027898927543],[32.06890435795174,3.063202729045563],[32.068518506780336,3.060718613658495],[32.06837882790667,3.0607312376342866],[32.06759089099713,3.060804230445],[32.067590468074606,3.060802488462516],[32.06758974698073,3.060802553633944],[32.06731985651233,3.059691128118988],[32.066067616820085,3.059918193918338],[32.06497951713279,3.060115893404447],[32.06497931159053,3.060115533851273],[32.064976732711614,3.06011600147357],[32.06461341594856,3.059475490845274],[32.064613395649886,3.0594754405033178],[32.06461335678265,3.059475372513227],[32.06451388718388,3.0592286533781974],[32.063899643645286,3.057705291566942],[32.0647562699013,3.0572910243115095],[32.06476600063401,3.0572200467807304],[32.064998091871004,3.055521346290503],[32.06414230941533,3.055149625517191],[32.06414206809625,3.0551477835539997],[32.0641417931801,3.055147663829819],[32.063442940652905,3.049811475451419],[32.06344294589682,3.049811457198903],[32.06344278644579,3.049810240125973],[32.06519874415709,3.043700014819872],[32.06551533656971,3.038814039373464],[32.0655157965055,3.0388136491944597],[32.06551585532493,3.038812742511555],[32.06692027955757,3.0376221789729776],[32.066966737744295,3.037582766930275],[32.071356935565,3.028725148336866],[32.07135712133774,3.028724910283346],[32.071357139486246,3.028724873667467],[32.071358914544184,3.0287226124268565],[32.0723502928827,3.027452237137265],[32.07235271467233,3.0274566136318874],[32.072353015451355,3.027456230470451],[32.07287245632228,3.028395855633366],[32.07444496761785,3.03123759182432],[32.079366952526065,3.029631196744327],[32.08008523478709,3.0283492302830357],[32.08038532162069,3.0278135618159494],[32.079652963291196,3.025774570118016],[32.081230546913204,3.020199495337377],[32.085597329148584,3.017471330941584],[32.087253430344525,3.0164365115861016],[32.0880861862331,3.014884934649664],[32.088211496760195,3.014651105772122],[32.088211772687195,3.014650944054846],[32.08821188153811,3.014650741245641],[32.09086695222623,3.013094052789593],[32.0911958086097,3.009182669354921],[32.0911961144464,3.0091824722009974],[32.091196133166214,3.00918224939531],[32.092909142361556,3.007483935230345],[32.09402831124706,3.00735673085282],[32.094036018113606,3.007351762714687],[32.09253750971828,3.005682062575015],[32.09021442546332,3.0049405014519093],[32.08918315546812,3.0046113719091916],[32.08715411501538,3.00540461345981],[32.08528640153734,3.003993902471391],[32.08528638982954,3.00399389363122],[32.08528638982642,3.003993893625964],[32.085285636591266,3.003993324696563],[32.085278613619934,3.0039807937087453],[32.081070839913785,2.99689231331108],[32.076834439564784,2.997122551618798],[32.07683120343757,2.997122923930628],[32.076831052586414,2.9971227356930363],[32.0768306335121,2.997122758468731],[32.074875226323535,2.994682214917768],[32.072661703092464,2.994167464986014],[32.06903610587536,2.9951106301001875],[32.06668004877905,2.995723550369259],[32.06667999452921,2.9957235503706223],[32.066679893926754,2.995723576541408],[32.06216101503887,2.995926681008206],[32.06075699907335,2.9976626347318387],[32.060754789347506,2.9976659360786853],[32.06071277271013,2.9979616081159532],[32.060369778634325,3.000377772771825],[32.06343890884336,3.003861361890637],[32.06361101435407,3.005760651071846],[32.06520613020566,3.006759854810067],[32.06739411250721,3.0081301541072514],[32.06747651423227,3.0081375624485984],[32.07063439328609,3.008415652957812],[32.06769483247905,3.013651373677844],[32.06809437344644,3.018105920581875],[32.06809424837523,3.0181061745299487],[32.06809426481173,3.018106357751956],[32.067132169592576,3.0200596061224845],[32.066209826854994,3.0219323565408556],[32.06620588414492,3.021972083414464],[32.06592430426954,3.024816347551879],[32.055609908356686,3.023025246500953],[32.050166909356236,3.0266539173108256],[32.050111881917445,3.02672089567145],[32.04781661244934,3.029516616570695],[32.04731693143929,3.028731404502092],[32.047884580263435,3.0241281278775936],[32.0479593144157,3.023521052107733],[32.04724526802513,3.021807071144951],[32.04396160099683,3.019237301304049],[32.042563480635955,3.0188411469762033],[32.03968242514043,3.0180248466749555],[32.038393948189686,3.018523511223704],[32.03839370864174,3.018523074528893],[32.03839361112978,3.018523112409086],[32.038042423900585,3.017882684054474],[32.035966431619485,3.014098159632995],[32.033469429024834,3.013241469813851],[32.022982597727705,3.0181071392582433],[32.02254758375686,3.018309009765904],[32.02254750672225,3.0183090123456258],[32.02254684059163,3.018309321416239],[32.020404815972825,3.018380930305926],[32.010126676523576,3.022021096723417],[32.0073918422584,3.025349793698308],[32.0068432608851,3.0260176283672693],[32.00684228715232,3.027018186920642],[32.0021309600879,3.027160954888002],[31.998561771448163,3.026589883799199],[31.99581634198638,3.024391177632034],[31.993852755703163,3.024895621387846],[31.993852511063324,3.024895548542044],[31.99385239700528,3.024895577909643],[31.988558944092386,3.0233193389756043],[31.98415657271641,3.023289494649549],[31.980917515086997,3.0207797788060295],[31.979665771780326,3.01980998221064],[31.979665635078995,3.019809785848281],[31.979665410259898,3.019809611651922],[31.975917276377086,3.0144258201396785],[31.97468386087705,3.0139619504579653],[31.965347787143862,3.010451556795103],[31.965341195835833,3.0104560222157826],[31.961765830312512,3.013481606602384],[31.958030452297137,3.0154088396583463],[31.958029830815192,3.0154092606944],[31.953389966900822,3.021333881273256],[31.9524136645478,3.0233816801482267],[31.95143897517547,3.025426239659808],[31.951438845763594,3.0254263672304793],[31.951438734389466,3.025426600838247],[31.94808361299986,3.028734166140347],[31.94715562715764,3.028972110280454],[31.947154430365796,3.028971190952229],[31.94715425466474,3.028971235835511],[31.946324949393798,3.028334016429819],[31.9452044077805,3.027473260618182],[31.943657848762523,3.027615901041301],[31.94197931708531,3.029864721379269],[31.94120712842465,3.030899315379321],[31.941207086888806,3.0308993202462817],[31.94120697065969,3.030899475964764],[31.93856524596578,3.031209355624211],[31.933616799751025,3.03475412704221],[31.933307157271276,3.036824335618554],[31.93259245903094,3.0375029383038044],[31.93095256079933,3.039060309649406],[31.930952304431017,3.0390602575371815],[31.930951495262008,3.039061025839426],[31.929784437260007,3.038825617100079],[31.9269072904608,3.043629099432628],[31.927096764982686,3.045723522781833],[31.926010418476572,3.0485791101217847],[31.925431390743032,3.050101337739547],[31.925431294021692,3.050101405680624],[31.92543120764601,3.050101632729088],[31.922864333048995,3.051904545441289],[31.922589299836538,3.052097740166942],[31.925057462120915,3.063833985145655],[31.92696178703212,3.067146728340171]]]}},{"type":"Feature","properties":{"n":"Amuru","c":"316201","d":"Amuru","od":"Amuru","dc":"316","k":"AMURU","a":["AMURU"],"lat":2.876718,"lon":31.95899},"geometry":{"type":"Polygon","coordinates":[[[31.7872,2.9603],[31.7957,2.9512],[31.8057,2.9566],[31.8179,2.9506],[31.8379,2.9566],[31.8577,2.9512],[31.8673295591278,2.960883355547507],[31.867954758985974,2.96103309395557],[31.867955164820177,2.9610334375419796],[31.8679551889854,2.961033443330737],[31.868435420401998,2.9614400304044945],[31.87251071684955,2.964890248394545],[31.872510857226725,2.964890491735389],[31.87251098686875,2.964890601496578],[31.874164087485052,2.9677560656274276],[31.8756,2.9692],[31.876301095721324,2.9695094491459644],[31.878429536530334,2.969470599311004],[31.878429955191976,2.9694707346103244],[31.878429967798443,2.969470734379607],[31.87850277919508,2.969494269219426],[31.881374381861445,2.970422288050646],[31.8829168512052,2.969921229454448],[31.88602955529834,2.968909836390639],[31.89212085747376,2.962390421097364],[31.89407139953962,2.9612486335794204],[31.894071431757368,2.961248614718377],[31.89407191653363,2.961248330946978],[31.90147213776515,2.958892614380727],[31.901472644489402,2.9588927483786454],[31.901472664983597,2.958892741855176],[31.902091192161134,2.959056316828564],[31.909300680043067,2.960962790349445],[31.90930102039914,2.9609630195653183],[31.909301511821795,2.960963149526378],[31.914699267358696,2.964598352432444],[31.916795620148513,2.964061376633345],[31.9184320353861,2.96364199983306],[31.918432515902893,2.9636420896650355],[31.918432822694804,2.963642011081015],[31.923571591618217,2.964602833034902],[31.92511423949726,2.9648912290041256],[31.93121039754609,2.9642630642018],[31.933730489038307,2.963028115825513],[31.939862358373507,2.96377764861918],[31.939862603698288,2.963778000498533],[31.939862789715146,2.963778023244988],[31.94024530934111,2.964326930830172],[31.94101217799406,2.9654268818548943],[31.94203836863609,2.965960219621479],[31.94436406503311,2.967168816404764],[31.94829063020812,2.96650294492056],[31.955714118545362,2.9686460611376733],[31.96035070757686,2.9670299953815897],[31.963537456571924,2.965919179032233],[31.96583606394509,2.962292960575041],[31.967577714509215,2.961279335922977],[31.967577870246064,2.961279375278952],[31.96757805342317,2.961279268683646],[31.96907257661097,2.961657099800703],[31.9739581389252,2.96289172135043],[31.975307581799516,2.962355826157722],[31.97542952626053,2.96230727164115],[31.97542977830837,2.962307299078208],[31.97542991782673,2.962307243672219],[31.97897068365039,2.962692712795754],[31.980855838836195,2.9636917252912256],[31.98318511872321,2.9623788748547457],[31.98321088709722,2.96236434910389],[31.987299409878062,2.9619289817450176],[31.98870709174563,2.9617790438370903],[31.99148189055696,2.960410813692469],[31.99150859888176,2.96042884378205],[31.99365229043947,2.9614965495971854],[31.993756354772238,2.9614886259486104],[31.99272196720134,2.96062294493105],[31.99051407730975,2.95601622494637],[31.990418722736475,2.951447975105669],[31.98516382402546,2.950666980932125],[31.983986514103055,2.948538064908763],[31.984317876094437,2.93660015942899],[31.988981526517676,2.92870032078357],[31.98864843422258,2.924703082787665],[31.98940971077789,2.923037414713702],[31.998642143293782,2.920467386067994],[32.00011738606573,2.917041092300608],[32.00035532915009,2.912282270987259],[32.002305996825775,2.908856298877181],[32.00887289933834,2.904953751345135],[32.0111534594087,2.905010473739574],[32.01008746149891,2.899299776933186],[32.00581830961339,2.893309648588539],[32.00596145960096,2.890641050015625],[32.00776793305022,2.887189485330599],[32.00802967262246,2.876065507845974],[32.00477285310834,2.870027711129501],[32.00237017611312,2.868290897628903],[32.002940600868364,2.865554239907229],[32.00175087217675,2.861961253657669],[32.00075308102196,2.860025588767352],[31.999435662992852,2.85979820378743],[31.998478945403026,2.857488231521358],[31.998868463397784,2.850742866511107],[31.996874359668453,2.845395566914812],[31.99760826666113,2.842446903015854],[31.996789142580834,2.840510916528739],[31.998219206825283,2.837852185853503],[31.998436815353724,2.835239364396054],[31.999114311040408,2.834949274957536],[31.997901459941236,2.834548491986798],[31.99905924966985,2.832058566655328],[31.99762563098744,2.829453064748729],[31.996792783924008,2.829779327955418],[31.996424001028565,2.828156257127874],[31.99543003314454,2.828393049909134],[31.995763790129796,2.827186706662828],[31.994045654759166,2.827110340249702],[31.99466319862942,2.826817803564499],[31.99363410969252,2.823337374002163],[31.994092129531406,2.821035718251911],[31.991380657908845,2.820026455345798],[31.994334832157904,2.817090569638453],[31.994164702322095,2.813751712527518],[31.99335831119566,2.812727671761649],[32.012464549322445,2.815405954449043],[32.01127347468484,2.819641529799563],[32.01156853664714,2.822197025420286],[32.0154733153015,2.821418916538802],[32.02675138865858,2.816940943355605],[32.0304183385565,2.821887171607422],[32.031008645754625,2.825171037360048],[32.0334081433694,2.828777576914405],[32.03336308005533,2.832193045389468],[32.03461790377747,2.831728717475616],[32.0356067145066,2.83419300093237],[32.03724336971229,2.834850771048369],[32.037545033158345,2.837482436885841],[32.04400747257528,2.836606787864342],[32.0476022647421,2.837378537267758],[32.050940649975516,2.834766921765222],[32.05762920155488,2.833153585917506],[32.06196765817016,2.833723178405517],[32.06909660756734,2.83073456018157],[32.06474781073194,2.830090860817342],[32.06478318537391,2.827849177234748],[32.06292459487243,2.823676589898396],[32.063107371012464,2.820583389861924],[32.06100715618532,2.817213786416937],[32.06108679325242,2.814785924846088],[32.059171290375545,2.81569416268332],[32.05661051046773,2.8154942205576],[32.04808411507599,2.812676829825712],[32.0436576139779,2.805973795652785],[32.04269347069883,2.807038681122897],[32.037668596797914,2.807865030009991],[32.034622403271456,2.80567596349036],[32.03209043378838,2.805827870469878],[32.02900941492274,2.804591625572141],[32.02949114247863,2.803797767928222],[32.02870594856113,2.801265728200701],[32.029592758001726,2.798519161281755],[32.02385648099981,2.786550568878928],[32.01997635633972,2.785972124399647],[32.01726599594342,2.787323139773594],[32.01402398265855,2.790166595305608],[32.01324055715572,2.793894804743725],[32.007778509159806,2.792801413659031],[32.002804105751615,2.792907137956979],[32.00182281765304,2.78777845548801],[32.00354870222454,2.7824621103454903],[31.9931,2.7869],[31.9764,2.7887],[31.9693,2.7821],[31.962560376552787,2.784685061048245],[31.961446235722093,2.786135511811128],[31.95835322622142,2.787896253919515],[31.958329898753615,2.788941867812836],[31.953316076052545,2.791313066892825],[31.948558427874946,2.791195132531116],[31.94538580960093,2.792445119892377],[31.94039881079346,2.795971087624881],[31.936547610866967,2.795740153251283],[31.932014722192395,2.798012893550473],[31.92945662133772,2.7957922412946856],[31.91574069227164,2.7945296871547116],[31.916007638490726,2.795459448918228],[31.915808209197767,2.797437667844642],[31.914823013036703,2.798172245846888],[31.91491022766067,2.801137317397872],[31.920049575530623,2.80474180368387],[31.919371717984145,2.810238757229616],[31.922512643580998,2.815949525352821],[31.925308831802106,2.819229453468985],[31.92701559174535,2.818098234987956],[31.926471924198104,2.821561649740445],[31.91777007597,2.830028021018442],[31.91627102002665,2.833233154581734],[31.915635703863902,2.836188443458597],[31.91697762634447,2.840471720535455],[31.915036079726903,2.844019246767402],[31.918312443951713,2.844260414144306],[31.918345740930885,2.853459200019923],[31.908664480994357,2.854812768459604],[31.908729332088537,2.858884157905524],[31.909842915418267,2.862923618204435],[31.90812967966762,2.866436679285453],[31.90772995977168,2.872190105610105],[31.908400966711408,2.874345892463369],[31.90937308736473,2.874534507198688],[31.91021384011459,2.877627847024324],[31.906185388378006,2.878703288326165],[31.90248218586885,2.877370796919634],[31.902206146036477,2.881415867953921],[31.89922075741312,2.887520677924571],[31.899030406752573,2.889614841874648],[31.899756175685578,2.890589836880114],[31.891580554904976,2.892548274139036],[31.885489138115087,2.89254830130592],[31.881087139726404,2.894380482270662],[31.882300664777333,2.90006738866381],[31.88620297458766,2.904707738341159],[31.885774476815143,2.90846739558323],[31.881217576571206,2.91799610919644],[31.87571327575713,2.920853686439212],[31.872429732982443,2.918459278304201],[31.871346898014576,2.9160582040428],[31.870567518839376,2.917567732097087],[31.866149538753582,2.919213929534918],[31.862865090850462,2.917730756338106],[31.859296999374024,2.918011506898085],[31.85810774099325,2.917270330052571],[31.856466780075948,2.917837740682765],[31.855560305393034,2.917323472942575],[31.85572936593501,2.916472139870562],[31.857202925659138,2.915845707902117],[31.857317384527025,2.914678410156979],[31.85284641709878,2.912948026272967],[31.852168135162174,2.909718726802423],[31.851431633484037,2.909830418192176],[31.84916852143268,2.907608438793668],[31.84815097062929,2.905500511297399],[31.847299448361017,2.905840489960391],[31.845490069799197,2.904358832528644],[31.844639506999194,2.905375874336475],[31.842830349099888,2.902049731707027],[31.84142394157316,2.90100667923426],[31.840947384680337,2.905403434722215],[31.83932933700204,2.909186850242438],[31.839613998807625,2.910531261068773],[31.834881233483312,2.914074927392361],[31.830629418267844,2.912308757231165],[31.82695297987069,2.91246581226797],[31.822234315626464,2.91413625012719],[31.814246831951653,2.915349709460739],[31.811851430980237,2.91719616859387],[31.808639241978078,2.923149370110978],[31.806354774145028,2.925348009340427],[31.804184823517804,2.925405227252332],[31.801914796695186,2.924220338880957],[31.79750327708871,2.925091221076608],[31.79584723984506,2.926475954948913],[31.794048200144413,2.931001728360993],[31.791956530944407,2.932140708018635],[31.78794817367543,2.931474563013428],[31.78708987091247,2.930689816786552],[31.783877682642437,2.932593308606691],[31.782627620389146,2.934699451755245],[31.780177730681487,2.935757964053494],[31.775835019841075,2.934901460870694],[31.772503777129753,2.935769964044916],[31.7674474246889,2.939404591066717],[31.767126199028095,2.940475344831108],[31.7685419755116,2.942616852979224],[31.771301979472028,2.944056199992802],[31.771563682348436,2.946435294453182],[31.770421751956746,2.947578037011038],[31.77127829540394,2.94902930263027],[31.77076781046554,2.950170465921457],[31.765294299426625,2.951491505292149],[31.761363137394223,2.949199644779209],[31.75994736589018,2.949556561310539],[31.760088936276063,2.950377619425582],[31.756544734997604,2.953101958351813],[31.7547950123034,2.955600959604463],[31.754140235432963,2.956063785942673],[31.753582303073056,2.955398138905187],[31.752771568319673,2.957144445304229],[31.747824007779275,2.959312352673738],[31.743787206138624,2.963099867644752],[31.756160509803774,2.9666545413000147],[31.7872,2.9603]]]}},{"type":"Feature","properties":{"n":"Amuru Town Council","c":"316202","d":"Amuru","od":"Amuru","dc":"316","k":"AMURUTOWNCOUNCIL","a":["AMURU","AMURUTOWNCOUNCIL","TOWNCOUNCIL"],"lat":2.834711,"lon":31.86765},"geometry":{"type":"Polygon","coordinates":[[[31.795440529536442,2.87627939171007],[31.79631635541818,2.87578600332499],[31.797760499246554,2.876785026441403],[31.798700420064034,2.875565440035001],[31.79859209383987,2.873948014281011],[31.800128046358644,2.874982607677076],[31.799991405438508,2.87670072316639],[31.798956187806212,2.877903377557047],[31.80011469349632,2.878081657215569],[31.800952077514786,2.881488747721565],[31.80407915582274,2.881739184457089],[31.804621201776712,2.884515419266437],[31.806434981092213,2.881859665792702],[31.809018072506674,2.880503771038418],[31.812551733752525,2.880011172807605],[31.816249626517248,2.88060358561321],[31.817039983870824,2.879798058950285],[31.817598897699074,2.880425126574576],[31.819656919414022,2.879773520979424],[31.821536963119595,2.881492669906387],[31.822290724448017,2.879530465256171],[31.82304805115118,2.880499300435616],[31.82408102305073,2.880249566379153],[31.824642036337405,2.881534236063988],[31.82546307150476,2.881581905393527],[31.825404836306987,2.880933721370566],[31.826254250195422,2.881742514928385],[31.826279049559716,2.880354748197186],[31.827289311076065,2.880070944663953],[31.82799124889458,2.87848860770767],[31.82855784371565,2.875266398088459],[31.829984047986642,2.874621981461895],[31.829867528301122,2.873502733927171],[31.834457631740772,2.872528065360828],[31.84116740124494,2.873694000527064],[31.847758625335572,2.872456667877114],[31.848972147389265,2.871409708076708],[31.851316574619684,2.865391820107249],[31.852779782060853,2.865421395670448],[31.85633234208183,2.863525819174307],[31.856818916748125,2.863916387253846],[31.85648162419233,2.863091406159811],[31.857244623408615,2.86281144719143],[31.859460121299502,2.86261363109424],[31.860345859106303,2.860354430816369],[31.86283642436774,2.858649706212314],[31.864768736870463,2.860038607841183],[31.867700152152075,2.859336909208644],[31.872348400659035,2.86164752960048],[31.877828007401316,2.86056397368939],[31.882159363844778,2.86191337445882],[31.886429141107357,2.860572361591152],[31.88815067452485,2.859164735397973],[31.88777124477452,2.856409375282344],[31.889624090752502,2.851030903577603],[31.89333970318899,2.849290103692176],[31.894489529539936,2.850776657984832],[31.895520665458314,2.850372936989955],[31.89925668775747,2.851856628467332],[31.901069514295383,2.849128336847616],[31.901643617847146,2.849521002374695],[31.903255555318097,2.848620327491243],[31.906326051896976,2.845300342647719],[31.91292799050687,2.842160168475726],[31.916365123363043,2.838516674683072],[31.915635703863902,2.836188443458597],[31.91627102002665,2.833233154581734],[31.917543564619606,2.8305123252466013],[31.917655999217335,2.830177768931786],[31.917738335468663,2.830095885427779],[31.91777007597,2.830028021018442],[31.919453536058185,2.828390116315366],[31.92650007341076,2.8213823261834743],[31.92701520399712,2.818100705124252],[31.927015425280107,2.818098345318972],[31.925308831802106,2.819229453468985],[31.925298809297754,2.8192176970737703],[31.924511555311042,2.818483786907592],[31.924071973830973,2.817778619363971],[31.922512643580998,2.815949525352821],[31.919371717984145,2.810238757229616],[31.920049558827657,2.8047419391333057],[31.918846158203547,2.8038977858509573],[31.91491022766067,2.801137317397872],[31.914823013036703,2.798172245846888],[31.915807917615886,2.797437885252751],[31.915992309325894,2.7956115050357053],[31.916007638490726,2.795459448918228],[31.91574069227164,2.7945296871547116],[31.9089,2.7939],[31.908775044825546,2.7937236613893246],[31.907833507044938,2.793716347960796],[31.903758163719363,2.79249553211047],[31.901105673706454,2.78950276159856],[31.89657075815937,2.795092859789118],[31.88486469998543,2.799090233503239],[31.86074619063621,2.796404897789842],[31.867836648299836,2.78823806104367],[31.868453589074893,2.786272108642716],[31.870595377612364,2.785817766138835],[31.87223023481183,2.7844019999473812],[31.8231,2.795],[31.810680335077766,2.801970220109416],[31.810960535228983,2.802198819295715],[31.814872477007945,2.80281751107231],[31.820251175892906,2.800675690275171],[31.818947806673027,2.807443091732946],[31.819452233143384,2.809441695620346],[31.822156545479228,2.812059848984029],[31.820283177713435,2.814321599897858],[31.820089236431823,2.817139793354381],[31.820978009506383,2.820215465080549],[31.82372483863556,2.822335120326962],[31.821366414739614,2.822488759053446],[31.81759021355378,2.825351250386479],[31.81999611118932,2.826301563827609],[31.821701961164617,2.828949749784133],[31.81869230487919,2.8363129720567],[31.8192276941399,2.842702002490522],[31.826996865624217,2.842731660955584],[31.82742947655008,2.843530298384315],[31.824888638731043,2.84627083077731],[31.8204055600377,2.849012126037686],[31.816122621332802,2.858834381407692],[31.808223326181682,2.867930429797946],[31.805344315693826,2.868894461505989],[31.802214901219525,2.868133032572631],[31.797801901681844,2.871582553396382],[31.794136510452596,2.872761127675731],[31.79759455995735,2.872878476621247],[31.795440529536442,2.87627939171007]]]}},{"type":"Feature","properties":{"n":"Guru Guru","c":"316203","d":"Amuru","od":"Amuru","dc":"316","k":"GURUGURU","a":["GURUGURU"],"lat":2.895743,"lon":32.081908},"geometry":{"type":"Polygon","coordinates":[[[31.983987193945737,2.948513572366197],[31.983986514103055,2.948538064908763],[31.985095005720424,2.950542537580799],[31.990416929521125,2.951446963786519],[31.990416945378755,2.9514477109510007],[31.990418722736475,2.951447975105669],[31.99051407730975,2.95601622494637],[31.992695420689472,2.9605675561423164],[31.992721973562517,2.9606229502547317],[31.993756354772238,2.9614886259486104],[31.996817834872722,2.961255519255948],[31.99681946950328,2.9612560546590005],[31.996820081012004,2.961255974126825],[31.99696435690101,2.9613035107369168],[31.998870107449783,2.961927715795104],[31.998104609123025,2.9645352656990935],[32.00239632100148,2.966716623076121],[32.00479839165945,2.96793729382459],[32.004798626505526,2.967937647921577],[32.00479874390227,2.967937707591064],[32.00492831901533,2.9681331961157076],[32.00921011635655,2.974589218433343],[32.01383894265806,2.973223846603275],[32.01383904634413,2.973223883574671],[32.013839079975796,2.973223873626225],[32.01657496843146,2.974199286802178],[32.01657626218174,2.974199238897777],[32.02050977152307,2.9734213977284885],[32.020803547712596,2.973274706249884],[32.02140527637599,2.9699657944781204],[32.02140550399779,2.969963988716007],[32.02261521340095,2.967883906434655],[32.023204137440594,2.966871071418318],[32.02238584894833,2.962911127560625],[32.022385937409204,2.9629109613712443],[32.022385887270545,2.96291071878936],[32.023601353552124,2.960435622876974],[32.02371946236067,2.9604056991224934],[32.02381986101018,2.960217082519424],[32.02471173220314,2.9601543000989117],[32.02551452556057,2.959950906367129],[32.02562001206563,2.9600903626057846],[32.025713805700356,2.960083760092481],[32.02773159163134,2.962880979015715],[32.029722343394106,2.9643554131094194],[32.03062468725177,2.965023267251223],[32.031900511700066,2.961254526075297],[32.03246058413302,2.960429947415655],[32.03482232621877,2.9569527243797733],[32.03528604434721,2.954275900337194],[32.03707126814806,2.9548606486796],[32.040684637576526,2.956044104759961],[32.04506304827264,2.95602032189923],[32.04896576713239,2.954758839016094],[32.04913215421294,2.9545832032763895],[32.05024968153972,2.953402693639061],[32.048299125168484,2.950333430490745],[32.04837948168498,2.945305265538938],[32.05584089624624,2.946088699872005],[32.05676190791582,2.946185159566844],[32.05964118155057,2.945554655022911],[32.061188113014445,2.944103151479966],[32.06448384642836,2.943044118610554],[32.0671365066321,2.941093231971529],[32.07306718063651,2.932191827670671],[32.07335880083993,2.931754118888369],[32.07335881490764,2.9317541110547496],[32.073359056139104,2.931753748988183],[32.076606093878404,2.929945707846217],[32.07667840488313,2.926816366763082],[32.080556911639455,2.924972264882469],[32.084102323900325,2.921605348795772],[32.088766202767275,2.919404285771606],[32.08885143391599,2.919399253928331],[32.089301229544844,2.919190298394994],[32.090075287589165,2.9193270005330945],[32.091787977660665,2.919225887405466],[32.09557131833534,2.920296644316178],[32.095572096556914,2.9202977617623485],[32.09557220319994,2.920297780595988],[32.099747092831485,2.926292431956371],[32.099747047743584,2.926292562433316],[32.09974727034424,2.926292882064973],[32.09833220669753,2.9304070394233035],[32.09833275869815,2.9304061035149647],[32.103107364830244,2.922097157354429],[32.10325667239143,2.922057685525076],[32.10334574013405,2.921906672572542],[32.10377066256786,2.9219218040441097],[32.105177490887996,2.921549886594379],[32.10842312577208,2.9220874780803396],[32.109341971134,2.92212019812843],[32.114148059462906,2.920907428284322],[32.121667154002715,2.920836044495176],[32.121667354528704,2.9208362715009],[32.12166759623971,2.920836269212968],[32.12268844606285,2.921992199589121],[32.12454697495571,2.9240961498013913],[32.12651530791486,2.9248454437426004],[32.13264122521429,2.927177308271481],[32.133212293512834,2.927807979852403],[32.133211735418264,2.927809095971311],[32.13321220276299,2.927809613376975],[32.132589489829186,2.929053508842049],[32.13258192967493,2.929068628199142],[32.13446151053253,2.930151631805466],[32.1351117379619,2.9332254010389565],[32.13511574958249,2.933244343167438],[32.14027808503918,2.9351847851718604],[32.140402958513405,2.935231710246644],[32.14591006926172,2.927760247448294],[32.15156365601983,2.915539381648579],[32.155318503528314,2.904674576810002],[32.15693183036768,2.889441154798215],[32.165389314660274,2.87468702532117],[32.161392812571634,2.872844696822141],[32.1554347672624,2.875585807811965],[32.15157996790848,2.874719709406193],[32.15011443517702,2.8752621310239],[32.149504903657345,2.874557942618079],[32.148630586860826,2.876191179112413],[32.14815349052521,2.875471624545216],[32.14693440443444,2.877013210551908],[32.142930972275636,2.873500623685161],[32.119898849945464,2.872984040525727],[32.113480238324634,2.874722909877005],[32.11225992875181,2.880651890596047],[32.111306903888746,2.881609452693559],[32.111912488893296,2.882481693231806],[32.1114781873776,2.883438718359455],[32.10723128964354,2.882390729388959],[32.106364923540184,2.88021048455236],[32.10443481608306,2.880644737498317],[32.102354258898494,2.880032925022827],[32.09488774887518,2.882749946364285],[32.0892782338965,2.876320602006246],[32.09129113318945,2.872051192157958],[32.0912625427503,2.869652817516712],[32.08721984075417,2.863827897238272],[32.08439451462937,2.862638208115059],[32.08398611112886,2.861386467138979],[32.08725493986954,2.86039968201353],[32.09185209544881,2.856687830624801],[32.0976769825766,2.855759766942199],[32.102088500307325,2.856145201314821],[32.10445844192388,2.855260045428509],[32.11006920764709,2.851119783961765],[32.111924703205794,2.842625758476318],[32.11549438087006,2.841454411485032],[32.11584775054061,2.840658395700511],[32.09344669543044,2.84030968690778],[32.0882356316214,2.839179393465018],[32.082436024261355,2.836663223036159],[32.07847505981228,2.836093263963275],[32.07765100727623,2.827773500911752],[32.07635837152528,2.827608130732915],[32.07413128952348,2.830520336268043],[32.07115285548692,2.831847000126988],[32.06909662316825,2.830734563538451],[32.068209157204755,2.8311065996194595],[32.06196765817016,2.833723178405517],[32.06196753172889,2.833723161805144],[32.061967361465015,2.833723233181745],[32.056485037092564,2.833429568171786],[32.050940649975516,2.834766921765222],[32.0476022647421,2.837378537267758],[32.04400752465687,2.8366067990454993],[32.04399141048828,2.836608964248499],[32.037545033158345,2.837482436885841],[32.03724336971229,2.834850771048369],[32.03572175779203,2.8342392367155336],[32.03560690989579,2.834193169430421],[32.035606866808926,2.8341930621425266],[32.0356067145066,2.83419300093237],[32.03545752096376,2.833821185408275],[32.03461727799963,2.8317289490349293],[32.03336308005533,2.832193045389468],[32.03336318900122,2.832184788090496],[32.03336298863394,2.832184861114535],[32.03340808178265,2.8287774843471007],[32.031008645754625,2.825171037360048],[32.0304183385565,2.821887171607422],[32.02675138865858,2.816940943355605],[32.01550014434358,2.821408264033968],[32.01547340275575,2.821418885929876],[32.01547338195044,2.821418890075755],[32.0154733153015,2.821418916538802],[32.01156853664714,2.822197025420286],[32.011274394627804,2.819649497313237],[32.01127346998146,2.819641569441548],[32.01127347656803,2.8196415461096276],[32.01127347468484,2.819641529799563],[32.012464549322445,2.815405954449043],[31.993361742269105,2.812728152724178],[31.99393649596973,2.813461911957807],[31.994164702322095,2.813751712527518],[31.994334832157904,2.817090569638453],[31.994334069857768,2.817091327219383],[31.99433413475145,2.817092605552378],[31.993442260416785,2.817977615694848],[31.991381828428633,2.8200252920724016],[31.993758828018684,2.8209116568932964],[31.994092129531406,2.821035718251911],[31.99369090512475,2.8230519638035467],[31.993634155979695,2.8233375305476742],[31.99396952069474,2.8244717505616634],[31.994663027807224,2.826816145318597],[31.99466274759218,2.826816278134288],[31.99466319862942,2.826817803564499],[31.99404758386776,2.8271094264117367],[31.995033424170348,2.827154243895606],[31.995763790129796,2.827186706662828],[31.995763587789067,2.827187438010432],[31.99576456595934,2.827187482479227],[31.995430963865978,2.8283928281835413],[31.996424001028565,2.828156257127874],[31.996792783924008,2.829779327955418],[31.99762563098744,2.829453064748729],[31.997626257226614,2.829454202894726],[31.99762652345023,2.829454098751265],[31.99775417469653,2.8296866839692565],[31.99905924966985,2.832058566655328],[31.99791414544578,2.8345212107298243],[31.997901509605576,2.834548508398229],[31.999114311040408,2.834949274957536],[31.998436815353724,2.835239364396054],[31.998219206825283,2.837852185853503],[31.996789142580834,2.840510916528739],[31.99760826666113,2.842446903015854],[31.997608176419202,2.8424472655864625],[31.9976082198945,2.842447368348352],[31.99755066127352,2.842678347774548],[31.996874359668453,2.845395566914812],[31.99848906165935,2.8497254797358216],[31.998868406046853,2.850742353982902],[31.99886838810417,2.8507426646071163],[31.998868463397784,2.850742866511107],[31.998478945403026,2.857488231521358],[31.999435662992852,2.85979820378743],[32.00075308102196,2.860025588767352],[32.00175087217675,2.861961253657669],[32.002940600868364,2.865554239907229],[32.002940348523154,2.865555450553245],[32.00294039514935,2.865555591432972],[32.002883849626265,2.865826508464087],[32.00237017611312,2.868290897628903],[32.00477285310834,2.870027711129501],[32.00477304487196,2.870028066638833],[32.00477316044845,2.870028150187157],[32.00802945863776,2.876065045437389],[32.00802945715763,2.8760651083971176],[32.00802967262246,2.876065507845974],[32.00776885099414,2.8871504725536696],[32.0077679520763,2.887188709683192],[32.00776795126415,2.8871887112352494],[32.00776793305022,2.887189485330599],[32.00596145960096,2.890641050015625],[32.00581831729621,2.8933095053656013],[32.009286693964846,2.8981762047502526],[32.01008746149891,2.899299776933186],[32.0111534594087,2.905010473739574],[32.00887304778011,2.9049537550371984],[32.00736949841113,2.9058471852840357],[32.002306164261675,2.9088561993741733],[32.001254923711876,2.910702306384645],[32.000355353610615,2.912282228027051],[32.00029190753168,2.9135506925941472],[32.00011738606573,2.917041092300608],[32.00011731659922,2.917041253638573],[32.00011730553653,2.917041474812798],[31.999765353169252,2.9178586988275197],[31.998642143293782,2.920467386067994],[31.998641838023566,2.9204674710459453],[31.99864176487987,2.920467640883655],[31.993036393114146,2.9220278565634508],[31.989409716478058,2.923037413126948],[31.98938229760569,2.9230973945533743],[31.98864843655245,2.924703077689922],[31.98868150581364,2.9250999548328216],[31.988981526517676,2.92870032078357],[31.984317876094437,2.93660015942899],[31.98416295065913,2.942181623963879],[31.98450814803266,2.943976861215315],[31.983987193945737,2.948513572366197]]]}},{"type":"Feature","properties":{"n":"Lakang","c":"316204","d":"Amuru","od":"Amuru","dc":"316","k":"LAKANG","a":["LAKANG"],"lat":2.815268,"lon":31.500738},"geometry":{"type":"Polygon","coordinates":[[[31.36487467398881,2.8497958547062785],[31.36590286797353,2.850493494277117],[31.370660973917765,2.851630605069103],[31.372588289669725,2.85292630981205],[31.37419328696321,2.856230198251221],[31.374877068938122,2.8598746038155136],[31.3752,2.8602],[31.375056618335268,2.860831562094651],[31.3752370886416,2.861793428614564],[31.37346806344073,2.867828768177736],[31.371,2.8787],[31.375818925786806,2.892159758232114],[31.376046961206878,2.892605229410876],[31.376647776691314,2.894474824551601],[31.379513877242562,2.902480139884398],[31.385925624022935,2.909124226253594],[31.393874154003292,2.915863769162143],[31.398386657464012,2.922924101970252],[31.399201425611082,2.926652245011983],[31.399176497595334,2.9268711944886405],[31.3992,2.9269],[31.398120856863237,2.9454416411679856],[31.39813565176829,2.945524051543041],[31.398363205868232,2.945887287660384],[31.412194327370596,2.950474139179024],[31.41238556860845,2.950446247624153],[31.417944442200927,2.951495365003122],[31.418177098108576,2.95132194887742],[31.4237,2.94],[31.4558,2.9177],[31.4845,2.9124],[31.5023,2.8913],[31.518,2.8798],[31.5297,2.8841],[31.5448,2.8822],[31.5578,2.8955],[31.5586,2.9105],[31.585262267018518,2.939424519977667],[31.585262267018518,2.9394245199776647],[31.585262239612405,2.939424490246183],[31.585549249507068,2.93893875123677],[31.585550214049334,2.938933480844009],[31.586052336194417,2.936169591531792],[31.587631196949022,2.939161422674074],[31.587631373888385,2.939162570714301],[31.58763157333571,2.939162948198855],[31.588155510103835,2.9425632503550685],[31.588370578246515,2.9427965667037963],[31.58837057824652,2.9427965667037967],[31.588369708476872,2.9427956231355155],[31.58998258917424,2.943324832767653],[31.589983230884243,2.9433258669294156],[31.589983428716316,2.943325931861291],[31.59045598587299,2.944087745550687],[31.59182000307772,2.946285957250358],[31.591819565806667,2.9462859851612766],[31.59921211444853,2.945814120354349],[31.59948945362748,2.945661302591288],[31.60547053664794,2.945360441478109],[31.605521408255274,2.944934999097256],[31.605632378871483,2.943995827431629],[31.608129209340817,2.941991038469558],[31.61073439290705,2.938210616431613],[31.611541473325957,2.938857549874925],[31.61154141192128,2.938857618648164],[31.61154141192128,2.9388576186481643],[31.6132,2.937],[31.6341,2.9443],[31.6409,2.937],[31.658,2.9427],[31.693983468195917,2.9512774546280967],[31.69396577400959,2.949932717202983],[31.693927099498502,2.947000482776727],[31.69303491056563,2.943966938862544],[31.69384369825549,2.9397207251180943],[31.6939864969736,2.938970836198056],[31.69398654427652,2.938970769665688],[31.69398665429927,2.93897019203559],[31.69589056877462,2.9362922597095826],[31.695890818836013,2.9362915395328186],[31.697499244209467,2.930746378721388],[31.697529938156578,2.930770129785109],[31.6980465127786,2.926570387896803],[31.696786211463106,2.925049877607066],[31.69740405817637,2.924024366975777],[31.693942012308106,2.921168954904265],[31.693013955165352,2.919051297158125],[31.69139653363482,2.918326025927005],[31.691883619362333,2.915708060168879],[31.688362916329492,2.914887291714857],[31.687220172430848,2.913220226074956],[31.687898111616583,2.911437016530728],[31.68752929636289,2.910033140732024],[31.684793309436106,2.910461358166076],[31.684366404749312,2.907961341626998],[31.679759770128413,2.902726527303188],[31.67739998850248,2.902954863644496],[31.678179759764777,2.901279686412257],[31.676675913046655,2.900022901707124],[31.676295274002243,2.897149070466932],[31.674753474571094,2.895607167693956],[31.676181098719102,2.892903985565272],[31.67635237914841,2.890715007358593],[31.675114949607373,2.889725121112262],[31.673179863302344,2.889883318948936],[31.66934901235386,2.886380762499464],[31.668028330883992,2.880491652858957],[31.66633895569685,2.879979640286535],[31.664340168818526,2.876303802964288],[31.66116302825892,2.873554428463267],[31.660973306853347,2.871592564444065],[31.65860591462829,2.870343349030785],[31.654524891044204,2.863228664422061],[31.652942263897916,2.862656219586708],[31.653180496371235,2.860075878716435],[31.650873572640716,2.858042760613336],[31.649884943541867,2.855638184565663],[31.648564688872398,2.855210190217864],[31.64432972323456,2.849190928559341],[31.646244365335047,2.846584333473221],[31.64380544354689,2.844954386112919],[31.64167580268571,2.840647580673979],[31.638047593278582,2.841409366412618],[31.63891562474871,2.838720214376632],[31.636405880313166,2.838685272585833],[31.63702395323429,2.836531109791198],[31.63589371487703,2.835198616640706],[31.63506045875977,2.835411567340357],[31.632919824187788,2.832605075658754],[31.632562433412836,2.829797129576328],[31.630255280561773,2.825100042368232],[31.630579032300417,2.824658988452442],[31.632586264385957,2.825728350033275],[31.633228649448807,2.825205035042942],[31.632538670718194,2.819196737047656],[31.631253596994082,2.81881556390536],[31.6317772432987,2.817578701906606],[31.63120849046375,2.816469668723827],[31.62602728697014,2.812445296411736],[31.625972735504828,2.8107324056488974],[31.62352235109082,2.808397139965748],[31.621375361753582,2.808459043610961],[31.622162245240165,2.8071009317053948],[31.616963658745032,2.8021465741060045],[31.61552582519123,2.802337087404383],[31.614672578932275,2.8027637105338616],[31.613427605341144,2.804045727777708],[31.60707487210149,2.806847384481847],[31.603802891224795,2.805384112932271],[31.602320969390142,2.805514606828913],[31.59923989704389,2.80299207787624],[31.599293807774362,2.800589497591168],[31.597087733573346,2.799066827797485],[31.597913365564676,2.7986286610898836],[31.591555318674455,2.7934202241539805],[31.591195616841674,2.793432838123211],[31.588193687806925,2.790780760488197],[31.58806878137592,2.790564093968467],[31.58522246999915,2.788232429298196],[31.58255012641257,2.788683761670931],[31.579700408504,2.790405958037141],[31.579220272032135,2.78845460535308],[31.580343861715942,2.784235930999774],[31.5803,2.7842],[31.566295872827475,2.7810217583721935],[31.56623750357472,2.781048060836034],[31.56032931828955,2.777070781753837],[31.55728349195502,2.776370593612594],[31.557300546031296,2.774010081874437],[31.55043803196799,2.769216747225434],[31.550148954590718,2.76784323813445],[31.550203287317803,2.767709498109906],[31.54713873890891,2.765163388341614],[31.54700485915612,2.765421675443807],[31.54628898903709,2.765376965780161],[31.5446349167442,2.7630831451145434],[31.539793018186558,2.7590603647339433],[31.539589170598255,2.75894776913317],[31.5381153421985,2.759233820718004],[31.534624932172743,2.752250745985203],[31.536592508636367,2.7520203635056935],[31.535405681543043,2.74930549652971],[31.53461879062467,2.749816687271169],[31.534041098908904,2.74767100638865],[31.534290448529987,2.7467544010123413],[31.531600028679577,2.740600065604531],[31.529658070543167,2.74292779312474],[31.527805703570923,2.743070081549774],[31.527283477107165,2.740201114985458],[31.52821233662119,2.738321992227331],[31.52521694536379,2.73788387273773],[31.52697708452419,2.736692507884826],[31.524884391313915,2.736499578215579],[31.52417240659872,2.735694600487686],[31.52626518119355,2.734828529548736],[31.52581855354954,2.7341134991043634],[31.525773473702397,2.7340629217148855],[31.524744297925693,2.733732314201872],[31.521174072065808,2.73588011667161],[31.519940467866427,2.734350408839193],[31.51822790903624,2.733777669896861],[31.517804058148048,2.731633524169244],[31.52046362375184,2.73057924582559],[31.52117847896987,2.73234413348086],[31.521512269750744,2.731250092261898],[31.520705112620334,2.729865464802936],[31.51804372272153,2.729005263282362],[31.5197074132112,2.728435242922969],[31.519965739648754,2.7275469274107964],[31.519653426113365,2.7271965268588954],[31.51571432912908,2.726277148876872],[31.515435143793916,2.725262369036289],[31.500706285684288,2.7194025007561153],[31.500704878357006,2.719403205566993],[31.50070293051725,2.7194011659047135],[31.5007,2.7194],[31.49784752775647,2.7168027489572086],[31.496009468023935,2.716630828573424],[31.49597880083931,2.71510122392211],[31.495051332487986,2.714256739581168],[31.492921680482446,2.715358708318131],[31.492654491831733,2.712547263221984],[31.4903920636003,2.711496945296925],[31.490609252875796,2.710212109197436],[31.4895180955251,2.709218581714961],[31.489340424052585,2.70986626869286],[31.487905118029257,2.709285406916174],[31.48770625521774,2.707568853435102],[31.48558683592568,2.7056390663954897],[31.48551043228846,2.705636841508768],[31.481719998071938,2.702132779402667],[31.48172451398895,2.702122320632045],[31.4817,2.7021],[31.4816256586959,2.6902053913438055],[31.481557013328327,2.689398309066521],[31.481620295322667,2.6893472516268613],[31.481603836279934,2.68671380478952],[31.480556984518092,2.6854892251682516],[31.474880615349974,2.682165225204939],[31.47383482980366,2.682390543340846],[31.47152145768086,2.680225698543889],[31.470646188866848,2.680557512851551],[31.47050223825189,2.679601310688042],[31.4705,2.6796],[31.469476736227897,2.6795020279367137],[31.469802247552337,2.681331774460051],[31.46780950167876,2.679464270149526],[31.466822589260463,2.681599429663501],[31.465620621151427,2.680130751663278],[31.466144083794735,2.679182944193113],[31.464194274846673,2.67899626035766],[31.464574865028997,2.680296915375995],[31.462812279937626,2.679100636981105],[31.462803025622865,2.6788630556447424],[31.46188773995607,2.678775421910687],[31.46195760439003,2.68014825057669],[31.460575938275586,2.678815865607084],[31.459794132367577,2.6785749701203],[31.453735626338116,2.677994900394075],[31.453439180949655,2.678155586114118],[31.453300392581824,2.677953229076983],[31.451299421663865,2.6777616467550507],[31.451290100848308,2.677774846451631],[31.452281951279208,2.678328303822894],[31.449295990443726,2.678442034351638],[31.448661488466527,2.680673948442469],[31.447376677859683,2.677386064901459],[31.447013110137153,2.6773512552258976],[31.445666164455535,2.678826286816144],[31.446746232284717,2.679164923622633],[31.44638178570614,2.680789272163671],[31.44398792346507,2.678136621256154],[31.44446284723824,2.677107081118555],[31.4423,2.6769],[31.4508,2.6872],[31.4539,2.7031],[31.45050127280124,2.728208964203082],[31.450593411530612,2.729586545201894],[31.449913983807775,2.7325477114609287],[31.449,2.7393],[31.438629043866612,2.7531695919374224],[31.435566300920367,2.758561190791745],[31.43245062856053,2.761432291925075],[31.4324,2.7615],[31.432378718569115,2.761498557191126],[31.43232243347771,2.761550424066411],[31.429830982169555,2.762623446278576],[31.426626208766578,2.762773010563633],[31.415979222526857,2.76099528117199],[31.41263108920294,2.761280177907236],[31.402187782141635,2.76584214286767],[31.39485968974094,2.767668072836697],[31.38861329716696,2.7736309868379743],[31.3869,2.7756],[31.386323624702552,2.777376040160746],[31.386281738066984,2.778083801261524],[31.385866938761037,2.778783270096807],[31.3783,2.8021],[31.377115989625015,2.804362305537918],[31.372589626033072,2.814066842794637],[31.369656002215272,2.8186162100529635],[31.361890862258726,2.8334531738985045],[31.361525854219853,2.834751556690199],[31.36206952304989,2.8463498250642814],[31.362728520467723,2.847633318333887],[31.36487467398881,2.8497958547062785]]]}},{"type":"Feature","properties":{"n":"Lamogi","c":"316205","d":"Amuru","od":"Amuru","dc":"316","k":"LAMOGI","a":["LAMOGI"],"lat":2.861957,"lon":32.147275},"geometry":{"type":"Polygon","coordinates":[[[32.00280527304107,2.7929071131478014],[32.00774783011799,2.792802065701073],[32.00777833274457,2.792801409356284],[32.00777836908685,2.7928014166360944],[32.007778509159806,2.792801413659031],[32.01324055715572,2.793894804743725],[32.01402398265855,2.790166595305608],[32.01726599594342,2.787323139773594],[32.01949195507492,2.786213580685975],[32.01997475366926,2.785972835782898],[32.0199748888245,2.7859728559022283],[32.01997635633972,2.785972124399647],[32.02385648099981,2.786550568878928],[32.028765929770216,2.7967940057345633],[32.02959251180356,2.79851833359934],[32.02959245122151,2.798518521192837],[32.029592758001726,2.798519161281755],[32.02870626915145,2.8012647352897915],[32.029490984453844,2.803796842145396],[32.02949089890587,2.8037969824714115],[32.02949114247863,2.803797767928222],[32.02900941492274,2.804591625572141],[32.03209043378838,2.805827870469878],[32.034622403271456,2.80567596349036],[32.03766853660171,2.8078649867515755],[32.042693486584184,2.8070386635776985],[32.0436576139779,2.805973795652785],[32.04808411507599,2.812676829825712],[32.05661051046773,2.8154942205576],[32.059171290375545,2.81569416268332],[32.06108679325242,2.814785924846088],[32.06100715618532,2.817213786416937],[32.063107371012464,2.820583389861924],[32.06292459487243,2.823676589898396],[32.06478318537391,2.827849177234748],[32.064783174862804,2.827849843321558],[32.06478239975243,2.83009598060825],[32.06909660756734,2.83073456018157],[32.06909648441513,2.8307346118097882],[32.069096501979836,2.8307346143420467],[32.06909662316825,2.830734563538451],[32.069096795214996,2.8307346566169893],[32.06909682164566,2.830734660427428],[32.069112752871554,2.830743289824852],[32.07115285548692,2.831847000126988],[32.07413128952348,2.830520336268043],[32.07635837152528,2.827608130732915],[32.07765100727623,2.827773500911752],[32.07847499797694,2.836092639664087],[32.08230943753958,2.8366450079646754],[32.082436024261355,2.836663223036159],[32.08243609436658,2.8366632534514395],[32.08243613395371,2.836663259154145],[32.08823568251789,2.8391794045045997],[32.09163685984322,2.839917128809919],[32.09344672923468,2.8403096874339977],[32.11584775054061,2.840658395700511],[32.11549438087006,2.841454411485032],[32.111925017161354,2.8426256554555596],[32.11058102638837,2.8487767972529587],[32.11006920764709,2.851119783961765],[32.10445844192388,2.855260045428509],[32.102088500307325,2.856145201314821],[32.0976769825766,2.855759766942199],[32.09185209544881,2.856687830624801],[32.08725493986954,2.86039968201353],[32.083986115651456,2.8613864657737094],[32.08399377038282,2.8614099424569384],[32.08439451462937,2.862638208115059],[32.08721984075417,2.863827897238272],[32.0912625427503,2.869652817516712],[32.091267394196606,2.8700597922308626],[32.09129122501777,2.872050835047201],[32.09129113130169,2.872051033798574],[32.09129113318945,2.872051192157958],[32.08927831649144,2.8763204268203095],[32.09252053286513,2.880036762255443],[32.09488774887518,2.882749946364285],[32.10073846732186,2.880620902562984],[32.10235379472614,2.880032977720034],[32.10235397136411,2.8800330296549843],[32.102354258898494,2.880032925022827],[32.10443481608306,2.880644737498317],[32.106364923540184,2.88021048455236],[32.10723128964354,2.882390729388959],[32.1114781873776,2.883438718359455],[32.111912488893296,2.882481693231806],[32.111306903888746,2.881609452693559],[32.11225992875181,2.880651890596047],[32.11319892416687,2.8760896993003637],[32.113479487140644,2.874724435322578],[32.113479950194865,2.8747243097806594],[32.113480238324634,2.874722909877005],[32.11987834569847,2.8729895953417492],[32.119898625891416,2.872984097034633],[32.119898640174966,2.8729840973547587],[32.119898849945464,2.872984040525727],[32.123602165697605,2.873067101501359],[32.14292756915859,2.873500226266446],[32.14292794504833,2.873500555788046],[32.142930972275636,2.873500623685161],[32.14638077516156,2.876527459617252],[32.14693459824735,2.8770129654672703],[32.14815349052521,2.875471624545216],[32.148630586860826,2.876191179112413],[32.148898488713364,2.8756907345547766],[32.149502663380865,2.874558689365146],[32.149503802397696,2.8745599997871256],[32.149504903657345,2.874557942618079],[32.15011442651634,2.875262121018263],[32.15064074533564,2.8750673335952732],[32.15157996790848,2.874719709406193],[32.151580007546045,2.8747197183119813],[32.15158002064775,2.874719713463118],[32.15250194132375,2.874926858892278],[32.15543474012073,2.875585801713761],[32.16139255724442,2.872844783483181],[32.16139259068882,2.872844798903511],[32.161392812571634,2.872844696822141],[32.165389314660274,2.87468702532117],[32.156993182574915,2.88933412552356],[32.15693182482768,2.8894412071082503],[32.15576117951534,2.9004947231310836],[32.15531852291018,2.90467448145202],[32.15531850952579,2.9046745201803423],[32.155318503528314,2.904674576810002],[32.15156365601983,2.915539381648579],[32.1515636246103,2.91553944954383],[32.15156361700116,2.915539471561219],[32.14643831684574,2.926775143077581],[32.146232358208785,2.92706358351806],[32.14591006926172,2.927760247448294],[32.14041075523707,2.935221132480285],[32.1397512365263,2.9372480156550127],[32.13944827774779,2.9381853156898],[32.14301582669991,2.937440476844524],[32.146639548321254,2.93899817884769],[32.150731030674265,2.940756653188564],[32.15073113302788,2.9407569976421883],[32.15073180635179,2.940757287078881],[32.15226050503555,2.9459038379416804],[32.15227173831606,2.945941641628762],[32.15227173696875,2.945941651616863],[32.15227181073931,2.945941899974462],[32.15218626539839,2.9465752829424363],[32.151801000626385,2.949431388512659],[32.15910314317308,2.952098498032505],[32.15910329544619,2.952098851248554],[32.159103419634036,2.952098896578341],[32.15920173450805,2.9523271926633763],[32.159602484987026,2.953256782295996],[32.15877532019003,2.956124578876203],[32.15937508024758,2.956965099299429],[32.16111369399988,2.959400268157909],[32.16111227085021,2.959399646519072],[32.16162938527361,2.960124345052335],[32.16500292838952,2.961126315704863],[32.16902928486064,2.9614778181476553],[32.16902936463999,2.961477814383322],[32.16902937512571,2.96147782602783],[32.169029628447106,2.961477848142884],[32.17130382825561,2.9630944516150053],[32.17266267874945,2.963565542632965],[32.175690625342526,2.964042226637168],[32.1762610010047,2.963446309522898],[32.178599999854505,2.966080116539241],[32.18188077960373,2.964499853630097],[32.18211071990601,2.965220861005455],[32.184657738942015,2.9653943123074367],[32.18470405893662,2.965397413054069],[32.184704116212046,2.965397470586882],[32.184704884812035,2.965397522928332],[32.18531287071504,2.9660089607162297],[32.18607240463595,2.966771907837379],[32.18677432225381,2.9665696958405565],[32.18677815039151,2.966568581892915],[32.1872049670953,2.963372524393604],[32.18662815396817,2.96099878455351],[32.18802630688029,2.9601607087500748],[32.18816696669304,2.9581283179862385],[32.18816099168039,2.958114626682805],[32.18816855111711,2.958105424675256],[32.18876857243732,2.9494357288648088],[32.18800802628684,2.947703521544833],[32.18795225347248,2.944895376332868],[32.189060944743886,2.943075720911191],[32.18868127702217,2.940823030184494],[32.18939736341327,2.9403503408858023],[32.18978418326416,2.9347611887546243],[32.18833139092438,2.933928632929761],[32.18880119221038,2.932399917162594],[32.18777470330216,2.929703400799557],[32.19034754417951,2.926621198385927],[32.19083859514461,2.919526013012552],[32.190442683002345,2.919076347135282],[32.190890153043306,2.918781053986502],[32.19176251692333,2.906176286087383],[32.19124235290192,2.905571093749071],[32.19192600561727,2.903814041285194],[32.19204638468153,2.902074686642431],[32.19191268979857,2.901735444363307],[32.19208589829552,2.9015037552403107],[32.1921,2.9013],[32.19573219629069,2.8935888666983827],[32.195693407452346,2.891687342243866],[32.19688724404559,2.8911367064914444],[32.197663278701185,2.8894891890675454],[32.19761890738902,2.887364830450882],[32.203405033968835,2.873980920401573],[32.20612898862061,2.870066504043649],[32.20706809628156,2.869522811637543],[32.21037460105154,2.8625031196927124],[32.21039047871827,2.8600789209535624],[32.210173872324326,2.85927438291893],[32.20826958751217,2.857382538550924],[32.207343276971294,2.84988390055376],[32.20971593543578,2.843167961789958],[32.212396415243475,2.830621035030537],[32.21239223100358,2.83023877753829],[32.212583344275046,2.8297460480742544],[32.2127,2.8292],[32.218441691348886,2.814183268779839],[32.217630316339125,2.813983006057268],[32.22193667911898,2.800800974007055],[32.22397510036683,2.797525278011817],[32.224564319212746,2.7981702420589616],[32.2361,2.768],[32.21950576804921,2.758403335739303],[32.21950111541708,2.7584251038719],[32.21812687376948,2.758369874426175],[32.218093480818844,2.7583598137376812],[32.1985,2.7578],[32.19845770171935,2.75799707153486],[32.19911883061967,2.758831340480006],[32.19746158620537,2.771003256809959],[32.19613537820555,2.775579080156898],[32.1941179985389,2.7782161431710186],[32.1941,2.7783],[32.19405438545849,2.7782992964338074],[32.19405349770183,2.77830045688481],[32.19172834943222,2.779122360153172],[32.1869939895772,2.778920180748806],[32.179135655680746,2.779936923274636],[32.17015027660038,2.77793059552597],[32.1552,2.7777],[32.15203619848243,2.776463910104763],[32.14446875769529,2.773670695198749],[32.14445790770106,2.7735030895204154],[32.13382445012955,2.7693486223761976],[32.133502066968106,2.7696318877100436],[32.13325979769071,2.7700381170034483],[32.13251628435552,2.774176633492417],[32.13091891128986,2.776500884922489],[32.1293261672915,2.782846536885611],[32.12493051346216,2.7840043915684927],[32.12205133206721,2.788832109867099],[32.121904411839914,2.789267226619846],[32.12167744301248,2.789459034948769],[32.1139,2.8025],[32.0958,2.8062],[32.0773,2.7995],[32.05733108777293,2.7861015040540953],[32.052871181959596,2.784848481107307],[32.04784805377292,2.784163073258963],[32.04577333087159,2.780626133306189],[32.04487901615738,2.78119216727874],[32.046004883435806,2.7785420083040173],[32.0418519434549,2.7763187172031296],[32.04141436939087,2.776610557348034],[32.0411225713534,2.775928245269999],[32.03564030314637,2.772993293603614],[32.03468587125993,2.773168635241295],[32.03050075027295,2.7702418158026894],[32.0265,2.7681],[32.0117,2.779],[32.00354870222454,2.7824621103454903],[32.001969984517395,2.787325128621689],[32.00182282482294,2.7877784929613183],[32.00184660795165,2.7879027950041695],[32.00280527304107,2.7929071131478014]]]}},{"type":"Feature","properties":{"n":"Layima","c":"316206","d":"Amuru","od":"Amuru","dc":"316","k":"LAYIMA","a":["LAYIMA"],"lat":2.882624,"lon":31.736362},"geometry":{"type":"Polygon","coordinates":[[[31.632562334994027,2.8297969292074048],[31.632562433412836,2.829797129576328],[31.632919824187788,2.832605075658754],[31.63506045875977,2.835411567340357],[31.63589371487703,2.835198616640706],[31.635894763513072,2.835199852928901],[31.635895174238556,2.83519974806163],[31.637023534830405,2.836530418446916],[31.637023492356285,2.8365305664396283],[31.63702395323429,2.836531109791198],[31.636406093574145,2.8386845293096714],[31.638915010736408,2.838719297638705],[31.63891471900472,2.838720201766457],[31.63891562474871,2.838720214376632],[31.63804775348008,2.841408870110125],[31.64167515818364,2.840647611394688],[31.641675205054444,2.8406477061537747],[31.64167580268571,2.840647580673979],[31.64380544354689,2.844954386112919],[31.646244365335047,2.846584333473221],[31.64432972323456,2.849190928559341],[31.64856450050606,2.855209922488116],[31.648843358449138,2.8553005280947197],[31.649884943541867,2.855638184565663],[31.64988530985379,2.8556390755215117],[31.649885672720526,2.855639193422979],[31.650225511162912,2.8564665242788396],[31.650873367334707,2.858042261261342],[31.65251838594087,2.859492353268922],[31.653180496371235,2.860075878716435],[31.653180485429296,2.8600759972306355],[31.653180597359228,2.860076095897422],[31.652942671833102,2.86265636713908],[31.654390317954647,2.8631799886045917],[31.65452470979804,2.863228482002032],[31.654524794376897,2.8632286294569713],[31.654524891044204,2.863228664422061],[31.65860591462829,2.870343349030785],[31.660973306853347,2.871592564444065],[31.660973363824635,2.871593153570622],[31.660973966810833,2.871593471888338],[31.661163532773394,2.873554865050572],[31.664340168818526,2.876303802964288],[31.66633895569685,2.879979640286535],[31.667181153760385,2.880234892050786],[31.668027756167458,2.880491046533418],[31.66802786017617,2.880491510197738],[31.668028330883992,2.880491652858957],[31.66934901235386,2.886380762499464],[31.670617091373988,2.887540170268159],[31.67318009449096,2.889883300048725],[31.674687088718432,2.889760099741821],[31.67511436187523,2.889724980055793],[31.675114576447267,2.889725151618974],[31.675114949607373,2.889725121112262],[31.675950082740446,2.890393188888948],[31.6763518052013,2.890714390031568],[31.676351793603367,2.8907145389497138],[31.67635237914841,2.890715007358593],[31.67621920728511,2.8924169549055683],[31.67618134488398,2.89290311031482],[31.676181136297682,2.892903505307884],[31.676181098719102,2.892903985565272],[31.674753474571094,2.895607167693956],[31.676295274002243,2.897149070466932],[31.676295409029947,2.897150089928387],[31.676295610355552,2.897150291371221],[31.67667592732393,2.900022913638832],[31.67735555445007,2.9005908870679273],[31.678179388637528,2.901278795706504],[31.678179194118076,2.9012792136937846],[31.678179759764777,2.901279686412257],[31.67739998850248,2.902954863644496],[31.677599353386814,2.902935572771233],[31.679759315489196,2.902726323730763],[31.679759516218684,2.9027265518719103],[31.679759770128413,2.902726527303188],[31.684366404749312,2.907961341626998],[31.684793309436106,2.910461358166076],[31.68752929636289,2.910033140732024],[31.687898111616583,2.911437016530728],[31.687521512541657,2.912427599578419],[31.687220386024055,2.9132205376704934],[31.688362916329492,2.914887291714857],[31.691883619362333,2.915708060168879],[31.691861086012036,2.915829171374073],[31.69202531440781,2.915873382444564],[31.691828322400937,2.9160052677101436],[31.69139656820247,2.918325840134397],[31.691711191057433,2.918467122092706],[31.693013955165352,2.919051297158125],[31.693942012308106,2.921168954904265],[31.69503897406469,2.9220737025479773],[31.697403550613412,2.924023725498757],[31.697403460792223,2.924023874267716],[31.69740405817637,2.924024366975777],[31.696786801280112,2.9250488986205356],[31.69801089735116,2.926249794395986],[31.697989775732978,2.9265019365982012],[31.6980465127786,2.926570387896803],[31.697850655374598,2.9281627048799654],[31.69762600758282,2.9308444685808404],[31.701496731737052,2.933839645959198],[31.70212899242613,2.93474678789438],[31.70357817236281,2.93682500803476],[31.707104809045404,2.935304999533303],[31.707104963779976,2.9353051903585614],[31.70710504012052,2.935305157436769],[31.70797268380226,2.9363752996246917],[31.709103249117497,2.937769560894145],[31.710475040712925,2.9376825776313944],[31.712395649834626,2.937559999743071],[31.712396099408064,2.9375607661595966],[31.71239672628444,2.937560726410299],[31.714043312424156,2.940368489164285],[31.713872008825426,2.94256709818825],[31.71669879912165,2.94353790479854],[31.71672257788367,2.9435294392790894],[31.717972278828746,2.943083604814516],[31.717972704105364,2.9430843796145605],[31.71797307152913,2.943084248807371],[31.72185176275834,2.950150416130491],[31.723849689987702,2.949425499878784],[31.724433316931826,2.947890759674906],[31.724433498089322,2.947890676270756],[31.72443351420653,2.947890633851385],[31.726004861800746,2.9471672270241456],[31.72683657012098,2.946784312010071],[31.72996149176592,2.948492765631369],[31.731460549750505,2.950320188575593],[31.73146012008675,2.9503208676805306],[31.731460459587232,2.950321281739459],[31.730575496269473,2.9517191586481273],[31.730842960835247,2.952215981431982],[31.73147390744224,2.95338720624025],[31.7314736555883,2.953387514274337],[31.731474825830112,2.953389688030678],[31.73094762862336,2.954031888597455],[31.731750822400095,2.953834969691754],[31.734030375166807,2.953275481984122],[31.734030625620516,2.953276030655646],[31.734031875528267,2.953275724215938],[31.73446169752068,2.954220384307481],[31.73448488734102,2.954271186485763],[31.736073229242038,2.954128578580586],[31.73607342503781,2.954128931611159],[31.736073670609645,2.954128909606756],[31.7364951016137,2.954888942835942],[31.736495005111426,2.954889063728551],[31.73649549002079,2.954889938046874],[31.735407041092653,2.956252693721972],[31.73574003486049,2.958695668971679],[31.739155536131676,2.961474725289995],[31.740410002507108,2.9610061081359933],[31.741397183434408,2.960636345752861],[31.741397683400187,2.960637151089204],[31.74139806143844,2.960637009869628],[31.74140095047502,2.960642413637582],[31.742711514526864,2.9627534478441246],[31.743787194973077,2.963099864741707],[31.747823423225576,2.959312824640746],[31.747823575988793,2.9593127577996428],[31.747824007779275,2.959312352673738],[31.752771568319673,2.957144445304229],[31.753582303073056,2.955398138905187],[31.753798628708157,2.955656228466726],[31.754140701097583,2.9560634567895523],[31.754794465464084,2.9556013461355843],[31.754795014009947,2.955600957167127],[31.756544734997604,2.953101958351813],[31.760088936276063,2.950377619425582],[31.75994736589018,2.949556561310539],[31.761363137394223,2.949199644779209],[31.765294299426625,2.951491505292149],[31.77076722968153,2.950170606094471],[31.771167423010745,2.9492771522642154],[31.77127826623493,2.9490293678361152],[31.770421888934802,2.947578820256974],[31.770422093435744,2.9475786155884975],[31.770421751956746,2.947578037011038],[31.771563682348436,2.946435294453182],[31.77130199711218,2.9440563603562944],[31.770885754452564,2.9438391378989306],[31.7685419755116,2.942616852979224],[31.76793968002323,2.9417058188499317],[31.767126216940017,2.940475845303774],[31.76712631464729,2.940475519717081],[31.767126199028095,2.940475344831108],[31.7674474246889,2.939404591066717],[31.772503777129753,2.935769964044916],[31.775599707908455,2.9349628100962306],[31.775834804542235,2.934901501517003],[31.775834838356175,2.9349015081864334],[31.775835019841075,2.934901460870694],[31.780177730681487,2.935757964053494],[31.782627620389146,2.934699451755245],[31.783877682642437,2.932593308606691],[31.7838780122017,2.932593113315098],[31.783878105320877,2.93259295637572],[31.787089143121595,2.930690171077388],[31.787089194172236,2.9306902178120824],[31.78708987091247,2.930689816786552],[31.78794817367543,2.931474563013428],[31.791956530944407,2.932140708018635],[31.794048200144413,2.931001728360993],[31.79584723984506,2.926475954948913],[31.79584743524781,2.9264757915583783],[31.79584758566241,2.926475413168807],[31.796650672105272,2.9258041464681024],[31.79750327708871,2.925091221076608],[31.80109316813247,2.9243825373410193],[31.80191455610843,2.924220362550798],[31.801914589227938,2.92422037983726],[31.801914796695186,2.924220338880957],[31.804184823517804,2.925405227252332],[31.806354774145028,2.925348009340427],[31.808639241978078,2.923149370110978],[31.811851430980237,2.91719616859387],[31.813656569825355,2.91580470422239],[31.81424660180957,2.915349841657175],[31.814246674850562,2.9153498305597743],[31.814246831951653,2.915349709460739],[31.821304711982243,2.914277475607517],[31.822234379001262,2.914136227692099],[31.824519154682807,2.9133274022277846],[31.826952807765892,2.912465827913839],[31.826952953203683,2.9124658217082637],[31.82695297987069,2.91246581226797],[31.830629418267844,2.912308757231165],[31.8306298465284,2.9123089351271876],[31.83062986909217,2.912308934164431],[31.830647589434847,2.912316305389147],[31.834881233483312,2.914074927392361],[31.839613998807625,2.910531261068773],[31.83932933700204,2.909186850242438],[31.839329776010167,2.9091858237274706],[31.839329681807268,2.90918537906745],[31.840837891837943,2.9056594574122943],[31.84094736934053,2.905403470590668],[31.841422607405196,2.901009026861847],[31.84142360698527,2.901009766171364],[31.84142394157316,2.90100667923426],[31.842830349099888,2.902049731707027],[31.844639506999194,2.905375874336475],[31.845490069799197,2.904358832528644],[31.84630431961834,2.9050256025022083],[31.847299842462927,2.9058403326113162],[31.84815097062929,2.905500511297399],[31.84916852143268,2.907608438793668],[31.851431633484037,2.909830418192176],[31.852168135162174,2.909718726802423],[31.85284641709878,2.912948026272967],[31.857317384527025,2.914678410156979],[31.857202925659138,2.915845707902117],[31.85572936593501,2.916472139870562],[31.855560305393034,2.917323472942575],[31.856466361798645,2.9178375033826764],[31.85701753665933,2.91764730035188],[31.85810774099325,2.917270330052571],[31.859296999374024,2.918011506898085],[31.862865090850462,2.917730756338106],[31.866149538753582,2.919213929534918],[31.870567518839376,2.917567732097087],[31.871346898014576,2.9160582040428],[31.872429732982443,2.918459278304201],[31.87571327575713,2.920853686439212],[31.881217558367897,2.9179961186467516],[31.885774487952034,2.908467297867703],[31.88609659934499,2.905641079135736],[31.886202944656013,2.9047077027485675],[31.882300664777333,2.90006738866381],[31.881087139726404,2.894380482270662],[31.881087704561033,2.894380247177606],[31.88108769910069,2.894380221580816],[31.88355051745873,2.8933551857140474],[31.885489138115087,2.89254830130592],[31.891580554904976,2.892548274139036],[31.899756175685578,2.890589836880114],[31.899044803920305,2.889634182970683],[31.899030490308284,2.889615259652581],[31.899030515044895,2.8896149873541077],[31.899030406752573,2.889614841874648],[31.89922075741312,2.887520677924571],[31.899220772782996,2.887520646494766],[31.899220778995847,2.887520578104237],[31.901059433037616,2.8837607770535714],[31.902206146036477,2.881415867953921],[31.90220832135064,2.881383991031532],[31.902480060502654,2.877374067439685],[31.902481917224325,2.8773747336202633],[31.90248218586885,2.877370796919634],[31.906185117617564,2.878703190900772],[31.90639175588506,2.878648196158018],[31.91021375450911,2.8776278698776867],[31.90937259303346,2.8745344112865583],[31.908400966711408,2.874345892463369],[31.908400640483368,2.874344844369713],[31.908400555793598,2.874344828083684],[31.9080882490911,2.873341204590967],[31.90772995977168,2.872190105610105],[31.90799069830707,2.8684371276658065],[31.90812960845896,2.866437011593034],[31.908129664573455,2.8664368965455127],[31.90812967966762,2.866436679285453],[31.90984278808121,2.8629238793143603],[31.908808631820015,2.859171813178787],[31.908729332088537,2.858884157905524],[31.908723555035493,2.8585214711523235],[31.908664354231913,2.854814279375896],[31.908664504621527,2.8548142517870687],[31.908664480994357,2.854812768459604],[31.908698573710346,2.854808001846096],[31.918344218181385,2.853038517816008],[31.918312443951713,2.844260414144306],[31.915036079726903,2.844019246767402],[31.91691008828188,2.840595123726763],[31.916686622804832,2.8395428674842074],[31.916365123363043,2.838516674683072],[31.91292799050687,2.842160168475726],[31.912826716394516,2.842208338925452],[31.912428544401944,2.842623910498153],[31.908950186901393,2.8440521879083906],[31.906801886269267,2.8450740147621834],[31.9032559559973,2.848619963820901],[31.903255823148523,2.8486200378986863],[31.903255555318097,2.848620327491243],[31.901643617847146,2.849521002374695],[31.901069514295383,2.849128336847616],[31.89925668775747,2.851856628467332],[31.895520665458314,2.850372936989955],[31.894489529539936,2.850776657984832],[31.89333970318899,2.849290103692176],[31.889624090752502,2.851030903577603],[31.88777124477452,2.856409375282344],[31.88815067452485,2.859164735397973],[31.886429141107357,2.860572361591152],[31.886428427226292,2.8605725858004343],[31.88642833745531,2.860572659226302],[31.885047408925807,2.861006323486862],[31.882159363844778,2.86191337445882],[31.87782811841058,2.8605640082734722],[31.874255130441004,2.861270486425071],[31.872348400659035,2.86164752960048],[31.867773719379894,2.8593734790986827],[31.867700140206505,2.8593369120680787],[31.866798406503452,2.8595527618353613],[31.864770322017087,2.860038590967404],[31.864769943302004,2.8600383190552963],[31.864768736870463,2.860038607841183],[31.863308527192274,2.8589890428263787],[31.862836158106322,2.858649888461058],[31.86034602009311,2.8603543206252513],[31.859460753915545,2.862613164772922],[31.859460287881223,2.8626132062038607],[31.859460121299502,2.86261363109424],[31.857244623408615,2.86281144719143],[31.85648162419233,2.863091406159811],[31.856818916748125,2.863916387253846],[31.856815516999767,2.8639136583136047],[31.85681666510642,2.863916477176554],[31.856698917895088,2.863820065507515],[31.856332712770133,2.8635261167216903],[31.85516240108571,2.864150076791638],[31.852779782060853,2.865421395670448],[31.852777959675024,2.865421358834873],[31.852777642550194,2.865421527912251],[31.85200001264102,2.8654056343237597],[31.851316574619684,2.865391820107249],[31.848972147389265,2.871409708076708],[31.84782981925297,2.8723952456975006],[31.847758852364617,2.872456505955575],[31.847758803296074,2.8724565143426215],[31.847758625335572,2.872456667877114],[31.84116740124494,2.873694000527064],[31.840845809895566,2.8736381186278184],[31.840240894240317,2.873741513913914],[31.83960097112989,2.8734218069807054],[31.8357946292793,2.8727603911428643],[31.83327527468455,2.872779128604183],[31.829867695801173,2.873502698359991],[31.82986753080688,2.8735027579965995],[31.829984047986642,2.874621981461895],[31.829982560127323,2.874622653736759],[31.829982600976273,2.874623042852379],[31.829790245586562,2.8747095492047636],[31.82855784371565,2.875266398088459],[31.82799124889458,2.87848860770767],[31.827289311076065,2.880070944663953],[31.826714243657783,2.8802324930972194],[31.826279023451686,2.8803562091965205],[31.82627883902421,2.880366529715854],[31.82638415517581,2.881707068426921],[31.82625668069414,2.8816065047782082],[31.826254250195422,2.881742514928385],[31.825409551051283,2.8809382106482513],[31.825404910749516,2.8809345499494907],[31.82546307150476,2.881581905393527],[31.825459588636118,2.881581703178056],[31.825459778227767,2.881583897821204],[31.824642439439092,2.881534450074697],[31.82464235430444,2.881534254525165],[31.824642036337405,2.881534236063988],[31.824081150155397,2.8802498574373407],[31.8230486852128,2.880499542871823],[31.823048425600888,2.8804992099076503],[31.82304805115118,2.880499300435616],[31.82229165815672,2.8795316597338436],[31.822117004628478,2.879982695723402],[31.821536963119595,2.881492669906387],[31.821533520224612,2.881489521655525],[31.821532955370643,2.881490980369079],[31.819865496591166,2.8799642480509346],[31.81965699157797,2.879773586967555],[31.81759996604998,2.880425075704078],[31.817599766794945,2.8804248514036543],[31.817598897699074,2.880425126574576],[31.81704042306015,2.8797985516942326],[31.81662976143356,2.880216154776748],[31.816249626517248,2.88060358561321],[31.81624888702529,2.8806034671445215],[31.816248865466445,2.880603489067776],[31.815476487896326,2.8804797266349533],[31.812551733752525,2.880011172807605],[31.812550077518505,2.880011403689371],[31.808848724703065,2.8805926636719796],[31.806434981092213,2.881859665792702],[31.80643398682265,2.8818611216119527],[31.805956118064223,2.883387297349638],[31.804836121851668,2.884200731183513],[31.804621201776712,2.884515419266437],[31.804594082432537,2.884376520217838],[31.80450057190436,2.884444435293435],[31.80407883477516,2.881739158745514],[31.802947503428033,2.8816485543853196],[31.800953679433587,2.881489687951853],[31.8009534758838,2.881488859712036],[31.800952077514786,2.881488747721565],[31.80011469349632,2.878081657215569],[31.799930312304653,2.8780532832367713],[31.798956342223146,2.877903613615379],[31.79895650363722,2.8779034261595227],[31.798956187806212,2.877903377557047],[31.79999131486833,2.876700828385448],[31.80010957083241,2.8752149179378663],[31.800128046358644,2.874982607677076],[31.79859340318258,2.8739488962336144],[31.798700851257664,2.87556382306493],[31.798700354941808,2.8755644676908996],[31.798700420064034,2.875565440035001],[31.79787494548188,2.876636527684623],[31.79776141779227,2.876783979949371],[31.797761344665375,2.8767839294752746],[31.797760499246554,2.876785026441403],[31.79667575350218,2.876034626063843],[31.796315911259803,2.8757862535374907],[31.795684654079917,2.8761418664133473],[31.79544104898744,2.876279496575847],[31.79544143979314,2.876278878925404],[31.795440529536442,2.87627939171007],[31.7960217894068,2.875361663044567],[31.797593008213454,2.872878423962802],[31.794136510452596,2.872761127675731],[31.794141205393004,2.872759618058977],[31.794139926868166,2.872759574636035],[31.796080060260536,2.872136196346166],[31.797801747558506,2.8715826029533846],[31.799086190054698,2.870578660364436],[31.802214901219525,2.868133032572631],[31.80221506976088,2.8681330735810264],[31.802215286562813,2.868132904124867],[31.804180672096827,2.868611331255858],[31.805344128838563,2.868894416041572],[31.806390698612827,2.868544081986037],[31.808223246706362,2.86793045641012],[31.81410207966805,2.8611610376986003],[31.81612259240684,2.8588344147159743],[31.816282142512872,2.8584685443328395],[31.8204055600377,2.849012126037686],[31.820406067631126,2.849011815656462],[31.820406069565554,2.849011811220551],[31.82100289592081,2.8486468694501426],[31.824888593816315,2.8462708582415908],[31.827429409424834,2.8435301744652706],[31.8270801004315,2.842885319655568],[31.826996749269593,2.8427316605114057],[31.82598392415302,2.84272779409677],[31.819227715287298,2.842702125144928],[31.819227705012644,2.8427020025320284],[31.8192276941399,2.842702002490522],[31.81869230487919,2.8363129720567],[31.81869231771449,2.8363129406547167],[31.818692315746937,2.836312917174851],[31.821701779861545,2.828949468326644],[31.81999611118932,2.826301563827609],[31.81900955332824,2.825911880084632],[31.817590062309044,2.825352340813185],[31.81759105967582,2.825351584599015],[31.81759021355378,2.825351250386479],[31.821366414739614,2.822488759053446],[31.821366863335808,2.822488729829799],[31.82136690982268,2.822488694582956],[31.821574703606313,2.8224751901457212],[31.82372483863556,2.822335120326962],[31.820978009506383,2.820215465080549],[31.820089236431823,2.817139793354381],[31.820283177713435,2.814321599897858],[31.822156545479228,2.812059848984029],[31.819773864291246,2.8097530796496546],[31.81945269533272,2.809442230293379],[31.81945266617885,2.8094421148593702],[31.819452233143384,2.809441695620346],[31.818964640993837,2.8075097915217015],[31.818947830971357,2.807443232664199],[31.81894783585077,2.8074432073390057],[31.818947806673027,2.807443091732946],[31.820251114838406,2.8006760072845873],[31.81921518908299,2.8010882246338515],[31.814872477007945,2.80281751107231],[31.810960535228983,2.802198819295715],[31.810960443659354,2.802198744589323],[31.810960204071648,2.802198706702141],[31.81068017553106,2.8019703096509345],[31.8035,2.806],[31.7835,2.8277],[31.7423,2.834],[31.7311,2.8281],[31.7156,2.832],[31.7092,2.8228],[31.702834894548133,2.821267659798625],[31.702463120548245,2.822921532062705],[31.700486757367,2.824084613764664],[31.699136811807314,2.822264578847179],[31.69462478828954,2.820779266213044],[31.693219246411772,2.819180944570267],[31.693214721394153,2.8189516921874813],[31.693,2.8189],[31.683,2.8029],[31.682979394024496,2.802898476949637],[31.68322282038164,2.805739367098874],[31.682178378964533,2.805984931250938],[31.67936583256025,2.80381132723916],[31.67651104631321,2.803391905000463],[31.676083656334498,2.8023887919899413],[31.66,2.8012],[31.65997777704366,2.8012772512291804],[31.66007847548068,2.804195400282238],[31.65865258746773,2.805883862612174],[31.657199839708323,2.8109338905377395],[31.6572672516978,2.811093483057307],[31.657078439611105,2.811355900399484],[31.65657642598416,2.813100995388391],[31.657844192782047,2.812949158764908],[31.658368522931738,2.813662838057637],[31.655898399704917,2.8154579438829095],[31.6558,2.8158],[31.65542345499969,2.8158030991358047],[31.654999948077204,2.816110873151019],[31.653809362876615,2.815830017860152],[31.653806170723854,2.815816410117499],[31.651909252039324,2.81583202261696],[31.651906832985265,2.815835529857021],[31.651897092586857,2.8158321226947582],[31.649885476693893,2.8158486792041653],[31.64905492189891,2.816655863196139],[31.64719691149738,2.815992851250013],[31.64712750575319,2.8158713785534717],[31.642500993774185,2.8159094568413647],[31.642099951914965,2.816346856675048],[31.64302109231573,2.818244674510436],[31.64031575953693,2.818750167714676],[31.638185860577458,2.817084514812513],[31.63683486973163,2.818148798148461],[31.63614024242183,2.8159618087043468],[31.631575343155355,2.8159993798917253],[31.631412894201937,2.8168682434902377],[31.6317772432987,2.817578701906606],[31.631344917061277,2.8185998642626053],[31.63253829764827,2.819196610285108],[31.632538300699274,2.819196627294206],[31.632538670718194,2.819196737047656],[31.632539294099903,2.8192021654223325],[31.633466642586978,2.824372058206425],[31.633183159255015,2.8248089088610224],[31.633228649448807,2.825205035042942],[31.632586787263893,2.825727924074021],[31.632586688219302,2.825728076702728],[31.632586634807183,2.825728048271929],[31.632586264385957,2.825728350033275],[31.631509004633763,2.825154435237935],[31.630578804962607,2.8246592981596006],[31.630577149858315,2.8246615529435686],[31.6325623206394,2.82979681631731],[31.632562334994027,2.8297969292074048]]]}}]}
