{"type":"FeatureCollection","name":"Arua sub-counties","metadata":{"source":"Uganda Bureau of Statistics NPHC 2024 Map Explorer","retrieved":"2026-07-26","display_only":true,"clipped_to_dashboard_district":true,"positive_area_overlaps_removed":true,"source_gap_ratio":0.01325911},"features":[{"type":"Feature","properties":{"n":"Ajia","c":"303101","d":"Arua","od":"Arua","dc":"303","k":"AJIA","a":["AJIA"],"lat":2.92605,"lon":31.040077},"geometry":{"type":"Polygon","coordinates":[[[30.942819996275233,2.966921758632976],[30.943342658199835,2.968461164940945],[30.943204394984136,2.974790401711982],[30.94232287057609,2.976207445609153],[30.945221693357965,2.977316374863987],[30.948383913423687,2.976895025581942],[30.949582507366554,2.977765339138053],[30.951704549660874,2.976567429078856],[30.953585819789776,2.978470178012866],[30.9542634956169,2.980712783364125],[30.959069697311488,2.976676803946436],[30.964698130440855,2.98039037693627],[30.968195407425434,2.9784528586263],[30.972812676520398,2.983298789793652],[30.977269648105743,2.984925478292475],[30.978209083633214,2.98622909314161],[30.979525693603144,2.986114598610693],[30.98089221540217,2.987906732558508],[30.987118993118433,2.990684942259551],[30.989981298276355,2.990699884190274],[30.99151788744734,2.992546569837312],[30.993178446493214,2.992550091027423],[31.00093604827247,2.996804358559472],[31.002488985104804,2.995831805382541],[31.00403124853912,2.997561009375532],[31.00342402011774,2.998969910280988],[31.008219078922274,2.999015154489921],[31.009187462324373,3.001214196546816],[31.01131945742308,3.002146942004703],[31.01707763608624,3.001436958144306],[31.01942897123308,3.003118440796911],[31.019291065084175,3.003872054908724],[31.01782966584324,3.003898236309865],[31.018686268369276,3.004735796372621],[31.02329263871443,3.003955848190363],[31.026268127677575,3.004509341595182],[31.02757448626432,3.002224591257939],[31.02980310428564,3.002318266489806],[31.030278102320953,2.998494066959712],[31.032753632598197,2.998301738047205],[31.032374551759183,2.996168690601271],[31.03476934718157,2.995960148884178],[31.034961783084537,2.997235735862986],[31.036503668092866,2.997597413600426],[31.03707473339808,2.99662660196967],[31.035876126392903,2.995637045508563],[31.036046778120696,2.994476068902109],[31.039188906885936,2.991868168957255],[31.040349720186462,2.992116473627709],[31.040386954981898,2.993314384856885],[31.0431637836918,2.994337551149278],[31.044839684074898,2.994109526312479],[31.046247564122652,2.994889586944527],[31.050852955498165,2.993804581411277],[31.052098877107852,2.995045335621897],[31.057406475089408,2.995263549595714],[31.05721223911403,2.99696450052538],[31.059852335562745,2.996992018290885],[31.061305146547184,2.995886074862576],[31.062467978748998,2.996489471165748],[31.061577315003028,2.996682730124425],[31.062088789430458,2.997432188653926],[31.06593146968459,2.997931894987892],[31.06789478102524,2.999954477665168],[31.07111821382831,2.998372224863331],[31.07397430428292,3.001013337015666],[31.07554467763562,3.00039533280778],[31.076710898081704,3.002156785384595],[31.076460845521765,3.003238136155208],[31.08005382456085,3.004415966764456],[31.081505008896805,3.004012064019124],[31.083773992938877,3.007098631854815],[31.086847090282067,3.008044360279205],[31.08729028379507,3.00754631025731],[31.092079632128588,3.01069397574576],[31.091787349880963,3.012464220833952],[31.09385747718093,3.015219631671156],[31.096013503671507,3.013092518130817],[31.102466135663065,3.014984002590288],[31.104700681860887,3.018688887411559],[31.105972501990358,3.01837077709548],[31.106235524081047,3.023014852280108],[31.109354404154377,3.022993405495642],[31.11071833708551,3.023842799810184],[31.112810342937603,3.021943751229061],[31.115443939722226,3.021208737705132],[31.11569431482038,3.017804086044869],[31.11880612282338,3.018310554363421],[31.12111129573776,3.015156083728033],[31.12258232584382,3.015697902555975],[31.12595420124937,3.013547014774231],[31.12827469683007,3.013334993259542],[31.129122381785702,3.015134929529248],[31.132815371439143,3.014173781784128],[31.133656658748304,3.011309474929781],[31.136402323443217,3.012995449302554],[31.138725127640907,3.01267404936354],[31.14272478120388,3.013621161236679],[31.1436828439647,3.011072370832609],[31.147806827649944,3.009109233561691],[31.14961218686144,3.010293106687856],[31.148765318681455,3.012247611736828],[31.149306801327597,3.01291525593138],[31.15238286404319,3.01222343327884],[31.15623096666978,3.009616461598645],[31.158836348906764,3.010726747221415],[31.164035879744965,3.011038639134669],[31.164896938467287,3.008079065284612],[31.1648,3.0078],[31.16498817956314,3.0077654574500543],[31.16503589047016,3.007601468689325],[31.169519048334603,3.004380321944181],[31.171069377198993,3.005262061975969],[31.17800493518488,3.003820873061937],[31.179636388419663,2.996716410929717],[31.181866937612217,2.996774915217659],[31.1849684551602,2.995371133485515],[31.18418127375556,2.995095001788599],[31.179515877596426,2.993880448379182],[31.177467390419515,2.986227824889448],[31.17857816617542,2.9811199426432142],[31.17842333900992,2.980552243036377],[31.17801208174198,2.979756567607213],[31.174344029122416,2.976186425565593],[31.170312416737715,2.97499988889727],[31.165337884254154,2.972135549633122],[31.164361651693838,2.969395014757515],[31.162379166977153,2.967484677130122],[31.16162543409893,2.96768821261228],[31.160300417191447,2.9657648041177365],[31.1602,2.9657],[31.15170794609322,2.9533239834536906],[31.14858202466789,2.95144454051247],[31.133829962046494,2.949540846000161],[31.131212181625813,2.946447804414575],[31.130379354146143,2.943235401143566],[31.131330927527124,2.940261068453652],[31.131450025797413,2.935621149453789],[31.13448273123005,2.930845296411061],[31.13463075640062,2.92941419687725],[31.13426411859302,2.9278092430108735],[31.125215804617316,2.9084477969768363],[31.12498082029985,2.908356817136902],[31.11978630850468,2.909397339566867],[31.115357629290983,2.913550101883098],[31.11456360374437,2.912575969176801],[31.11319571917409,2.912822592337941],[31.110196353788954,2.911680725096239],[31.11000982308824,2.9113979182859353],[31.11,2.9114],[31.1099156528762,2.911255142983042],[31.10411006983427,2.902453061525251],[31.09768808797762,2.890255629352872],[31.0962,2.8877],[31.096251284332805,2.887526671938497],[31.09621967030358,2.887466626615142],[31.09648059155281,2.8867516715873283],[31.103625223561266,2.8626046241663436],[31.104051271805695,2.860922240679358],[31.10404980826349,2.8608513803126705],[31.0964,2.8382],[31.07744703416702,2.829070822740135],[31.07696656773185,2.8290835877035856],[31.05983028323338,2.833379460677031],[31.0494575385662,2.838080695632059],[31.042601411373642,2.838186620543773],[31.04026622843023,2.843517563355103],[31.02695155229884,2.850818417554899],[31.022238716989854,2.852336364430463],[31.02160444794458,2.854620278797194],[31.018559257841687,2.85688051732329],[31.017131581505904,2.861639434262151],[31.020634650468025,2.86610358684911],[31.018752863942282,2.865521579699049],[31.01772702314096,2.866356995321259],[31.01321556757186,2.864347741756513],[31.006075352361847,2.871631699163398],[30.999449490071616,2.874629732889649],[30.99644619422911,2.877162104907003],[30.994405555268965,2.877553083764467],[30.994986394454592,2.881172450843149],[30.994088731499712,2.882048252332251],[30.99507698006381,2.887314473267846],[30.99056637402821,2.88441994389049],[30.987551651608875,2.886240624745055],[30.987845303376982,2.888318962071146],[30.990072354238396,2.891916470878441],[30.989227164532586,2.894896596424491],[30.992308448725076,2.903362687373464],[30.987992777861784,2.906012478189949],[30.98612059115038,2.90861279395567],[30.979350939273825,2.909631684945196],[30.976008616404332,2.911976393740748],[30.976787312483367,2.912722410895126],[30.974608820186532,2.914423403121202],[30.974981510402987,2.920759538892664],[30.973201956869712,2.921516948996591],[30.969444345736797,2.920386866746509],[30.966570208361066,2.921642206025408],[30.96180615437844,2.921893241811436],[30.960082923488155,2.922765155233364],[30.946682310213617,2.924291553304408],[30.946776975992755,2.930014865202584],[30.94790634996958,2.934049378187368],[30.948762778246195,2.934567924708551],[30.948924869196205,2.937098300752777],[30.953778170621693,2.945768916577516],[30.955776900431157,2.945962009965183],[30.955767664601826,2.948944195102007],[30.94905643301846,2.946752686738471],[30.94655679066893,2.952726374394691],[30.950238444550806,2.955260517455668],[30.945699593863086,2.95545607759379],[30.94136888674805,2.963547353737807],[30.94211246761597,2.966902384267875],[30.942819996275233,2.966921758632976]]]}},{"type":"Feature","properties":{"n":"Arivu","c":"303102","d":"Arua","od":"Arua","dc":"303","k":"ARIVU","a":["ARIVU"],"lat":2.834398,"lon":30.981328},"geometry":{"type":"Polygon","coordinates":[[[30.9158859608558,2.8897116912725],[30.912808824846973,2.891798018502124],[30.914444495640318,2.895354984401933],[30.918155917756707,2.896379425899322],[30.91593514849535,2.898046340313344],[30.917723478990585,2.904247860063239],[30.92209165338192,2.906046503921785],[30.922810245626298,2.907367447747431],[30.924278474178166,2.908012087446743],[30.92780849880494,2.90788301401809],[30.933364984243955,2.909246903383086],[30.936905838571693,2.905603231813108],[30.939198054778217,2.905367819347591],[30.939614359573195,2.910967240739764],[30.941841965433706,2.91091952229791],[30.944436417818217,2.912208728098255],[30.945842171946996,2.91635171795622],[30.946770470390916,2.916895774238999],[30.945338324166933,2.920048691435019],[30.94552432853521,2.922707281077071],[30.946707952742408,2.924288632489839],[30.949122651272592,2.924013586034642],[30.960734540677024,2.922435452593899],[30.96180615437844,2.921893241811436],[30.966570208290634,2.9216422060291194],[30.96657037247181,2.9216421343466266],[30.969444345736797,2.920386866746509],[30.969444987945284,2.920387059887413],[30.969445383482064,2.920386887193668],[30.973490083101797,2.9213943172716634],[30.974178374166677,2.9211013681710973],[30.974968522929288,2.920538737827727],[30.974934626360106,2.919962459580952],[30.974491859333163,2.919392395507504],[30.974609106544577,2.914428271516935],[30.974608820186532,2.914423403121202],[30.974609229071415,2.9144230838591096],[30.974609232880457,2.914422922588285],[30.97678676971924,2.9127218909087538],[30.976008616404332,2.911976393740748],[30.97601015247435,2.911975316155782],[30.976010058188542,2.911975226241282],[30.97935029901068,2.909631935308167],[30.979350659785556,2.9096318810120114],[30.979350939273825,2.909631684945196],[30.9861203710735,2.9086128270791387],[30.987275390656976,2.907008870936157],[30.987992777861784,2.906012478189949],[30.98806749965303,2.9059665995484796],[30.992308374962782,2.9033624847052737],[30.989227164532586,2.894896596424491],[30.99007234283121,2.8919165111000114],[30.98979858399163,2.8914742309229093],[30.987845303376982,2.888318962071146],[30.987551651608875,2.886240624745055],[30.99056637402821,2.88441994389049],[30.99507698006381,2.887314473267846],[30.994088731499712,2.882048252332251],[30.99498594577134,2.8811728885992776],[30.99495167945211,2.8809561322127446],[30.994405555268965,2.877553083764467],[30.994413462965177,2.8775515686791975],[30.994413275854377,2.877550385083718],[30.996116968284017,2.877225183377215],[30.99644619422911,2.877162104907003],[30.999449490071616,2.874629732889649],[31.006075334389102,2.871631707295607],[31.006085754732293,2.871621087379154],[31.01321556757186,2.864347741756513],[31.0177007312696,2.8663452857886145],[31.017727029184428,2.8663569903996304],[31.018752863942282,2.865521579699049],[31.019341488756254,2.8657036321506673],[31.020630833005548,2.8660987220476524],[31.020605586792694,2.8660665494162703],[31.018082962904185,2.86344716833096],[31.017801420433653,2.8624930466844245],[31.017131581505904,2.861639434262151],[31.017342286658288,2.8609370843711748],[31.017226708943035,2.860545402079792],[31.01855895115603,2.856881253241755],[31.018559061680687,2.856881171192715],[31.018559257841687,2.85688051732329],[31.02160444794458,2.854620278797194],[31.022238716989854,2.852336364430463],[31.02695155229884,2.850818417554899],[31.026961355003866,2.850813042424519],[31.040429241227507,2.8431454246743884],[31.042601228023084,2.8381870391111232],[31.04260139922374,2.838186617972128],[31.041747032526374,2.8379127273831957],[31.041,2.8381],[31.039873860117286,2.837312230786271],[31.039510522291174,2.837195752918533],[31.038649653375,2.8364558608116206],[31.0197,2.8232],[31.0162,2.8083],[31.01520584160997,2.807442294722324],[31.01266555958663,2.807836472713801],[31.009402158708415,2.805832452794248],[31.008481332394066,2.803073411367148],[31.006170841934363,2.800329817900358],[31.006139298901758,2.7996201794446534],[31.006,2.7995],[31.006117665348125,2.7991334792029727],[31.0060775593954,2.798231196701769],[31.006559983835732,2.7977556825346728],[31.00860811363658,2.79137587591364],[31.00743568789032,2.788776473592935],[31.007384038021655,2.78619022480217],[31.008285626519914,2.783172595425708],[31.009972792028453,2.78128548683959],[31.01469377526292,2.772134826200404],[31.0142,2.7511],[31.008404784893536,2.745202516391659],[31.005889731261682,2.74790515933128],[30.997196684538892,2.747397957648723],[30.99124393247379,2.748863729096566],[30.979979405781762,2.748525576651889],[30.976679626572757,2.750882517554417],[30.975934735745764,2.754587545269032],[30.97618398421135,2.75967541825485],[30.96368304999007,2.761003291291847],[30.964322894271735,2.765245909468609],[30.963824601888387,2.768065495408684],[30.960132848038768,2.776962618366142],[30.958585867329525,2.775316480920654],[30.95880291767533,2.77419278033528],[30.95718345165477,2.774478848114301],[30.955833315257063,2.771934575064227],[30.953263911091263,2.772428579189106],[30.95417514814976,2.771049407619498],[30.953626603397964,2.770378780673901],[30.951290402300103,2.770735842444406],[30.95037229953453,2.769437695158472],[30.95011534544628,2.771210556624019],[30.94939762168856,2.771094617385394],[30.94897732408376,2.7691907807456],[30.948028181072356,2.768772973789206],[30.948388675110706,2.767361588842328],[30.95027175460557,2.766429272623267],[30.94896185571251,2.76589550721199],[30.94789264872526,2.766456891987102],[30.946043165941507,2.765232383216415],[30.940757610817663,2.766117032431154],[30.930734620333205,2.764570436262668],[30.924488483343428,2.764838154118229],[30.915423807328843,2.766558263332214],[30.9192849553253,2.780150420926866],[30.91323269968618,2.790025195937711],[30.91640583168943,2.792213219791703],[30.918693958071977,2.79522632531845],[30.920649909508498,2.7961589204387],[30.920841374652706,2.798166207896799],[30.91952888174675,2.79982093804856],[30.919643094417,2.801634083957159],[30.92303655046279,2.807831849947491],[30.924017863236116,2.826514264753938],[30.924883439529825,2.831000149730986],[30.92620219618944,2.832340559543142],[30.929283421537843,2.840854082524621],[30.92892063127544,2.846204402463837],[30.933389457088666,2.846146003889169],[30.93699588328985,2.847989771164841],[30.93687301556278,2.850140176255573],[30.93578095712681,2.851148520825785],[30.931328240843563,2.852458602951952],[30.929651035583262,2.854230961333125],[30.927425847799036,2.854207551688127],[30.9259029646458,2.855908786292658],[30.923326605939682,2.855462806486254],[30.920462596961936,2.861868532305484],[30.91766466840214,2.874104537941364],[30.91775006888003,2.878088477738385],[30.91609602943271,2.87996300020455],[30.91647259244871,2.881664027422903],[30.912014503289527,2.885106684575639],[30.912803437652492,2.887407499153489],[30.9158859608558,2.8897116912725]]]}},{"type":"Feature","properties":{"n":"Logiri","c":"303103","d":"Arua","od":"Arua","dc":"303","k":"LOGIRI","a":["LOGIRI"],"lat":2.725184,"lon":30.908833},"geometry":{"type":"Polygon","coordinates":[[[30.79577616471281,2.653743087949214],[30.79808048080826,2.657820224644368],[30.798798452249798,2.6612209127830053],[30.80372820753546,2.6734182454485578],[30.804831724457,2.674567393596857],[30.805361680284268,2.6774598275074672],[30.805557969802653,2.6779454922952257],[30.80813499837894,2.681208539231764],[30.807669194360884,2.681571200477083],[30.80821410014334,2.6845173611793984],[30.811226827801455,2.6919715327046334],[30.811406461610353,2.692109131534404],[30.81138826166599,2.6923709566993597],[30.8114,2.6924],[30.811383288999636,2.6924424936866362],[30.811141942331037,2.695914517010257],[30.809533270083435,2.6971468275021238],[30.809331317147187,2.697660364968577],[30.80857398369469,2.702182432260058],[30.816594630799983,2.7126836918721438],[30.821119915693593,2.716420414065511],[30.82498409398888,2.7236678343978116],[30.8273,2.7267],[30.824029419051033,2.7444299914601764],[30.82418428779211,2.745753764544166],[30.832339735407977,2.749481813594797],[30.83477525092895,2.752804279320056],[30.83665830154559,2.754036350421964],[30.836653153333575,2.754275157070835],[30.8367,2.7543],[30.83697935030765,2.7630529763063443],[30.83771492376647,2.7639300189509513],[30.841196019301634,2.7650500236013955],[30.844895040078484,2.762262158120862],[30.847034814167806,2.763242533924317],[30.847927744586293,2.766949989929936],[30.851942065899873,2.768177778517386],[30.85487313106892,2.768101700280206],[30.85849484419166,2.769455963988372],[30.85993890163534,2.770885767596706],[30.859989238385175,2.771096537567404],[30.86,2.7711],[30.86470277522274,2.7827152882007353],[30.867028013073796,2.784944462648729],[30.868362978250165,2.790990750118759],[30.873594566693274,2.795918680054772],[30.878317439577234,2.803473556672484],[30.88138381138748,2.802593732368883],[30.883168919650135,2.802993344871462],[30.88311050048332,2.802046451776333],[30.884393867917442,2.801618019936024],[30.884338969913628,2.800259289396218],[30.885773953876406,2.800085646784994],[30.88543786524822,2.797808811790176],[30.89073308257897,2.793599803137358],[30.89529711545173,2.79482763656118],[30.893321688481457,2.792604614771582],[30.8925651027915,2.790184566116984],[30.898457913966087,2.788109716453805],[30.905689878610463,2.78847408244369],[30.90752427844979,2.786433682563598],[30.90741393525747,2.78525525217412],[30.908812717013518,2.785087535439247],[30.911829219843664,2.787229325157989],[30.911826732095154,2.788606422935324],[30.913232691848705,2.790025187324266],[30.913383321532034,2.789779443456617],[30.9192849553253,2.780150420926866],[30.915423807328843,2.766558263332214],[30.924488293824773,2.7648381900812113],[30.92448830509772,2.764838187941953],[30.92448830509846,2.7648381879419213],[30.924488483343428,2.764838154118229],[30.930733355020575,2.764570490495674],[30.93073398683604,2.764570463412562],[30.930733986849475,2.764570463414635],[30.930734620333205,2.764570436262668],[30.938589663161615,2.765782507566193],[30.940757717978478,2.7661170144955296],[30.946043165941507,2.765232383216415],[30.94783913324762,2.766421460366806],[30.947892798990377,2.7664568130907345],[30.94896185571251,2.76589550721199],[30.95027175460557,2.766429272623267],[30.950270260582226,2.7664300123170498],[30.950270789124186,2.766430228029296],[30.94904084856188,2.767038696533306],[30.948388675110706,2.767361588842328],[30.948028181072356,2.768772973789206],[30.94897732408376,2.7691907807456],[30.948977861993065,2.7691932173320395],[30.948978776451742,2.769193619818084],[30.949214473995635,2.7702650069277],[30.949397562377644,2.7710943487226722],[30.949486501815965,2.771108974851187],[30.95011534544628,2.771210556624019],[30.95037229953453,2.769437695158472],[30.950373376232903,2.7694392175513056],[30.95037344080236,2.76943877351554],[30.95065821099534,2.7698419583856224],[30.951290402300103,2.770735842444406],[30.953626603397964,2.770378780673901],[30.95417514814976,2.771049407619498],[30.9534235831495,2.772186913026465],[30.953264470248744,2.772428471683208],[30.955833315257063,2.771934575064227],[30.955833886004356,2.7719356506125643],[30.955833910283086,2.771935645945703],[30.955870581967705,2.7720048025521384],[30.957183089224184,2.7744781651296955],[30.95835910015385,2.774271177715064],[30.95880291767533,2.77419278033528],[30.95859876381066,2.775249713999155],[30.95858599488301,2.775316616649928],[30.960132190522287,2.776961918704863],[30.963824603468844,2.768065486465684],[30.964322860852633,2.765246098570496],[30.96368271272826,2.761004774440498],[30.963683264817863,2.7610047157513966],[30.96368304999007,2.761003291291847],[30.97618398421135,2.75967541825485],[30.975937523912073,2.7546444597058795],[30.97593472476463,2.754587840375241],[30.975934745218268,2.7545877386299322],[30.975934735745764,2.754587545269032],[30.976401502832847,2.7522658829109408],[30.976679330975138,2.750883844694693],[30.976679364581234,2.750883820679421],[30.976679626572757,2.750882517554417],[30.97997795499922,2.7485266129056782],[30.97997796521194,2.748526605607561],[30.979977965216584,2.7485266056077],[30.979979405781762,2.748525576651889],[30.991183093935806,2.748861902770355],[30.991243953554275,2.7488637239058282],[30.997196684538892,2.747397957648723],[31.000040801486648,2.7475638995730325],[31.005889957732848,2.7479049159684],[31.006611241083267,2.7471298345427857],[31.008400233307782,2.7451978844838028],[30.9972,2.7338],[30.99688869512958,2.7332492298446414],[30.990255422168598,2.723278128494231],[30.990659431088094,2.722644986629931],[30.990115822137547,2.721266454551042],[30.9816,2.7062],[30.981286149036485,2.7050214576063945],[30.977770219811593,2.693546122575131],[30.977085115773846,2.6892461490283233],[30.9767,2.6878],[30.974398898747655,2.6905867608131437],[30.97472590291954,2.691299269717951],[30.972980503555718,2.693717920156726],[30.97121641171418,2.6944409285270505],[30.96451679432076,2.7025545355210885],[30.96452076301761,2.702599333761603],[30.96447741825025,2.7026022221190447],[30.959318349419494,2.708850139647752],[30.95833746063626,2.711314660796109],[30.95681461854146,2.712008373647785],[30.953967752737626,2.710367960970307],[30.952925406364532,2.711269666466216],[30.950360182722147,2.709429876219907],[30.951488169463016,2.707705570888647],[30.94919364196791,2.703452646834733],[30.95011036291084,2.701148236717708],[30.949513409664462,2.699917603255255],[30.94717926877833,2.699486937368361],[30.94697388229164,2.695654810015169],[30.94572367993825,2.694360241019209],[30.94613959309003,2.692534132293943],[30.946128679791947,2.692536914479546],[30.937462662994612,2.69702234025907],[30.93764322267834,2.697936132637834],[30.936812486942866,2.699669936561271],[30.937736564239295,2.701531458917825],[30.93690762412235,2.702228783651674],[30.93815671782372,2.704798646306579],[30.93294606911442,2.6993600747799755],[30.93122608948975,2.7002503154902304],[30.93082702599881,2.703474449536762],[30.926202783905634,2.703448980900324],[30.923168113213066,2.699222218711369],[30.923210380997443,2.6989600449539646],[30.92217728695683,2.697676056646347],[30.92157695187523,2.697627322450947],[30.92017542906828,2.696088216732617],[30.919300521807376,2.697810529938001],[30.91822045225757,2.696554425890053],[30.918158426710185,2.694258425201994],[30.916258028714168,2.693260628208042],[30.914435900143587,2.693329452807213],[30.9146281523998,2.690798619813308],[30.9133051146289,2.687703917506322],[30.913709700554698,2.6871520564036957],[30.9123,2.6854],[30.912328461228686,2.685213223186746],[30.912309777864948,2.68519958386505],[30.91235423158046,2.685044105253222],[30.912672811314724,2.6829534257471037],[30.911628192410458,2.681650664408865],[30.912012135264565,2.679295232393833],[30.9133350039034,2.678607786883949],[30.91387531779117,2.6750619769954493],[30.913109621213525,2.6743707898560114],[30.904885785400847,2.668864395442306],[30.904267047768833,2.669179537821505],[30.90183520833495,2.6673253235943157],[30.901490807617463,2.6674017438718645],[30.900733652703288,2.669022299018939],[30.89755344268143,2.670969181476826],[30.897100915561698,2.672873833330156],[30.896202235677855,2.67291896063316],[30.895394175480686,2.670893132971558],[30.892380064123888,2.669423358552392],[30.892081786469692,2.669489544422406],[30.89132102180453,2.670197159471355],[30.89116684427062,2.669692564141134],[30.88711682475233,2.6705912371111697],[30.885652236461656,2.673205984663673],[30.883773152600167,2.671333176198188],[30.874932089163725,2.673294950629351],[30.873710062291416,2.674019445745676],[30.872827967870133,2.673761841448935],[30.8686,2.6747],[30.86684113750323,2.6741674360567544],[30.86659511421241,2.67477557757362],[30.86500457259475,2.674863295498698],[30.86448209286131,2.6734531436552174],[30.86415284608966,2.6733534514056334],[30.862623366515585,2.673357150857693],[30.862172809029424,2.6727539182718574],[30.860207327284737,2.6721587923252588],[30.858481562172667,2.673107229360023],[30.857882428551047,2.674995660938241],[30.85693000073636,2.672480683200414],[30.85335732699229,2.671225407609546],[30.853028753773003,2.669985200345611],[30.852210913173703,2.669737567335464],[30.849997982411356,2.670316780971314],[30.849585032794003,2.671852133489155],[30.84647521403339,2.669207600048841],[30.845972471399286,2.669998187413718],[30.843987810317195,2.6672477035223383],[30.8435,2.6671],[30.83792173569611,2.6612281428380102],[30.837780542760033,2.661155041326269],[30.83749158862884,2.661079685478546],[30.83365421039281,2.6608269240378495],[30.83312888165979,2.660938869139768],[30.83267795313912,2.6607626196678464],[30.8211,2.66],[30.81854999593754,2.6590239218899674],[30.81794128918754,2.658859784401542],[30.81785965329922,2.6587596759040073],[30.8002,2.652],[30.79855859580492,2.6504786985508995],[30.798354957407316,2.650308430034438],[30.798340875978184,2.6502769094431953],[30.793513398856437,2.645802662354745],[30.792800263963656,2.645930565051715],[30.79324813448294,2.647488167792843],[30.79577616471281,2.653743087949214]]]}},{"type":"Feature","properties":{"n":"Vurra","c":"303104","d":"Arua","od":"Arua","dc":"303","k":"VURRA","a":["VURRA"],"lat":2.881013,"lon":30.901435},"geometry":{"type":"Polygon","coordinates":[[[30.856143347962444,2.9560198294673046],[30.8571,2.9594],[30.85480982861548,2.9609774139638274],[30.855477899405308,2.964185507384233],[30.85731861110508,2.967209021615082],[30.8601977880084,2.969459641523459],[30.859954307356176,2.972952768574913],[30.860710975612328,2.974137741410094],[30.862219147036505,2.976175164817574],[30.86385185860765,2.976864599208044],[30.869755918235633,2.975396493834725],[30.869518309986873,2.973724804948697],[30.871191114147592,2.971768541955787],[30.8772003821491,2.972861052242477],[30.880904541584123,2.972270312853581],[30.884408066437363,2.972890032023745],[30.88857567042692,2.970852819390547],[30.89520312253611,2.969875519831671],[30.898096622769707,2.965822784993577],[30.901758739407764,2.966108261245183],[30.905944541906738,2.971070602971245],[30.90729606726805,2.971565528429534],[30.90833186945804,2.970516886026342],[30.90995298166572,2.972382636897643],[30.911297947514818,2.972098965364667],[30.91364854080717,2.973558592528369],[30.917424359307407,2.974170933382872],[30.91757135181594,2.975518481227756],[30.925442160009332,2.975725185636378],[30.929563345560464,2.973781529965462],[30.932687556511475,2.974372392972704],[30.936668067596187,2.976884262160097],[30.936600445933042,2.974709115616923],[30.94019325955184,2.97377637252291],[30.940862525282267,2.975412808618541],[30.942322859874384,2.976207440951503],[30.94320440215973,2.9747900732368695],[30.943342658199835,2.968461164940945],[30.942819996275233,2.966921758632976],[30.94211246761597,2.966902384267875],[30.94136888674805,2.963547353737807],[30.945699593863086,2.95545607759379],[30.950238114169238,2.9552605316904312],[30.94992175372752,2.955042533941178],[30.94655679066893,2.952726374394691],[30.94905643301846,2.946752686738471],[30.955767483956457,2.9489441361134547],[30.955774017480078,2.9468928948427555],[30.955776900431157,2.945962009965183],[30.95384067703138,2.9457749551998154],[30.953778570228412,2.945769039696534],[30.95377850016485,2.9457689484140377],[30.953778170621693,2.945768916577516],[30.953777348789327,2.945767448341339],[30.951894249685935,2.943314047616429],[30.94892526882605,2.937099321271455],[30.94892524657375,2.9370989749527583],[30.948924869196205,2.937098300752777],[30.94881555944759,2.9353918836500403],[30.948762610414086,2.9345678230902847],[30.94790634996958,2.934049378187368],[30.947905758435066,2.9340472650222695],[30.947905748560846,2.934047259040058],[30.947893131189847,2.934002156151481],[30.946776975992755,2.930014865202584],[30.946776930439686,2.9300121111512483],[30.946776642658637,2.930011082430081],[30.94668630220077,2.9245329012105845],[30.94668231168774,2.924291642427073],[30.94552458640407,2.922708003819155],[30.94552455720193,2.922707586581504],[30.94552432853521,2.922707281077071],[30.945338324166933,2.920048691435019],[30.946770470390916,2.916895774238999],[30.945842171946996,2.91635171795622],[30.94561278947754,2.9156756898904983],[30.945453773153535,2.9155082498695],[30.94537291618611,2.9149687436377807],[30.944584425075448,2.912644929958206],[30.94184382002564,2.9109204438606615],[30.941842132189354,2.9109196051602324],[30.941765489273006,2.9109211605245338],[30.939614359573195,2.910967240739764],[30.939198054778217,2.905367819347591],[30.93690586485094,2.905603229114208],[30.936879042801795,2.9056308056627866],[30.933364984243955,2.909246903383086],[30.927808524291176,2.9078830202739163],[30.927757369907123,2.9078848835184026],[30.924278474178166,2.908012087446743],[30.92390824094242,2.907849533026001],[30.922810661271996,2.907367733492781],[30.92281058749883,2.9073675978498157],[30.922810245626298,2.907367447747431],[30.92209165338192,2.906046503921785],[30.922073890868134,2.906039190011335],[30.91791922056711,2.904438185149283],[30.917880160335727,2.9043123753307034],[30.917723478990585,2.904247860063239],[30.91594045759496,2.89806475105239],[30.915935356493968,2.898048320822269],[30.91593565491891,2.8980480964740356],[30.91593514849535,2.898046340313344],[30.917758195363156,2.8966779572245374],[30.91815546417681,2.8963793007003944],[30.914444495640318,2.895354984401933],[30.912968742073915,2.8921457780423276],[30.912810200845833,2.891801359462746],[30.91281032300515,2.8918012764300456],[30.912808824846973,2.891798018502124],[30.91532595312003,2.8900913817979057],[30.915885294259898,2.8897111929907604],[30.913466849331883,2.8879034006804165],[30.912804102768312,2.887408266593333],[30.912803978413567,2.8874079033734494],[30.912803437652492,2.887407499153489],[30.912014503289527,2.885106684575639],[30.91647259244871,2.881664027422903],[30.916184508569344,2.880362682099153],[30.916095956053265,2.87996337142012],[30.916096080422353,2.879963230537249],[30.91609602943271,2.87996300020455],[30.91775006888003,2.878088477738385],[30.917676918164304,2.874675990422707],[30.91766463959131,2.874104976379813],[30.917664674854382,2.87410483893901],[30.91766466840214,2.874104537941364],[30.920462596961936,2.861868532305484],[30.92126404392489,2.86007599270689],[30.921755902550583,2.858158931996357],[30.92328609211824,2.855553420878204],[30.923326605939682,2.855462806486254],[30.92333813675516,2.8554648025246325],[30.923395203892383,2.855367632171585],[30.925901428553,2.855908520387771],[30.9259029646458,2.855908786292658],[30.927425847799036,2.854207551688127],[30.927426751873046,2.8542075611992574],[30.927427147469057,2.854207119513329],[30.928631124533446,2.854220231562013],[30.929650991239313,2.854230960866613],[30.930488597876444,2.8533458815010904],[30.931328240843563,2.852458602951952],[30.931328303065257,2.852458584645029],[30.931328322673462,2.852458563925499],[30.931399433378825,2.852437656621211],[30.93578095712681,2.851148520825785],[30.93687301556278,2.850140176255573],[30.936992514992323,2.8480487223990214],[30.93699587778778,2.8479897683519355],[30.933389457088666,2.846146003889169],[30.92892063127544,2.846204402463837],[30.929283421537843,2.840854082524621],[30.92620222774793,2.8323406467402426],[30.926133673203935,2.8322709114534357],[30.924883439529825,2.831000149730986],[30.924883198195293,2.8309988990047703],[30.924882945074017,2.830998641523886],[30.924092600213516,2.8269015922334324],[30.924017863236116,2.826514264753938],[30.923955718686187,2.825331145272276],[30.923036242488788,2.8078312874675952],[30.919643094417,2.801634083957159],[30.91952888174675,2.79982093804856],[30.920841374652706,2.798166207896799],[30.920770040034775,2.797418348099695],[30.920649845527116,2.7961588899324603],[30.918693958071977,2.79522632531845],[30.918693518659932,2.7952257466813313],[30.918693138430278,2.795225565535938],[30.916150345700988,2.792037050178682],[30.91323269968618,2.790025195937711],[30.913308375209493,2.7899017248203113],[30.913308370660822,2.7899017215930946],[30.913232691848705,2.790025187324266],[30.91264141792959,2.7894285284380973],[30.912077706816326,2.789028583692838],[30.912067529130894,2.7888494130055634],[30.911826732095154,2.788606422935324],[30.911828939919914,2.78738427746608],[30.91154469450148,2.78702730530688],[30.908812717013518,2.785087535439247],[30.907414764712023,2.7852551527208576],[30.907465497537256,2.7858059210116854],[30.90752427844979,2.786433682563598],[30.907523411277392,2.7864346471180093],[30.907523440890223,2.786434968602325],[30.90569100613957,2.788473625420683],[30.905690320499016,2.78847359093179],[30.905689878610463,2.78847408244369],[30.899347485228493,2.788154535466278],[30.898457734900344,2.7881097795025758],[30.89841969049549,2.788123174878442],[30.892589680914657,2.790263182795395],[30.893005415791535,2.7915929708720313],[30.895297615493256,2.794827049745134],[30.895296271870883,2.7948266872481313],[30.89529711545173,2.79482763656118],[30.89073308257897,2.793599803137358],[30.88543786524822,2.797808811790176],[30.885773953876406,2.800085646784994],[30.884338969913628,2.800259289396218],[30.884393867917442,2.801618019936024],[30.88311050048332,2.802046451776333],[30.883168919650135,2.802993344871462],[30.881383863222787,2.802593743972682],[30.8783174467209,2.803473566035966],[30.88556232985791,2.812087689435636],[30.885110574795906,2.819561641318559],[30.886407947714716,2.829391687342841],[30.885703637671714,2.835273622269224],[30.8892714244189,2.847027912339563],[30.888796600514127,2.848713951670913],[30.88979017171004,2.8519430580576293],[30.89029952525387,2.852467152158875],[30.891378506606433,2.856558451699229],[30.890061096142322,2.861608490505626],[30.888764394769005,2.875223854925461],[30.888840463059225,2.8760116142621],[30.887544047729854,2.879758343905055],[30.884688630499365,2.883334280967551],[30.879457444887272,2.886410235017474],[30.879356301538607,2.8875265069569],[30.876704473367585,2.887434081391818],[30.87531957156942,2.888333622289747],[30.875138595146066,2.889333655155026],[30.8756,2.8993],[30.86550843181461,2.91466934235131],[30.865606404627535,2.918922767761974],[30.86314296356208,2.922005633509545],[30.85904623445267,2.925088886818673],[30.859058031644018,2.932037383163026],[30.85638362730231,2.9359894078163027],[30.85476603857903,2.945063686020065],[30.856153075720755,2.952939302892595],[30.856143347962444,2.9560198294673046]]]}},{"type":"Feature","properties":{"n":"Arua Central Division","c":"338101","d":"Arua City","od":"Arua","dc":"338","k":"ARUACENTRALDIVISION","a":["ARUA","ARUACENTRAL","ARUACENTRALDIVISION","CENTRAL","CENTRALDIVISION"],"lat":3.018967,"lon":30.91775},"geometry":{"type":"Polygon","coordinates":[[[30.9030781227536,3.02997519253087],[30.903598987429127,3.034718128338377],[30.90496097042807,3.037402646581409],[30.909134255627777,3.037106004162731],[30.910112024417053,3.036362354768934],[30.913256863371984,3.037546743165243],[30.913269243687537,3.036722103711376],[30.917240806076684,3.035124170106169],[30.91770731218923,3.033922676455116],[30.92010193312454,3.033879612450118],[30.920856966281864,3.032908482151925],[30.919676175471615,3.032539378842777],[30.919730552858265,3.031340261742435],[30.9214100373911,3.031110668815712],[30.922618519428543,3.031845247251081],[30.921700534816026,3.028727475673814],[30.925040919835126,3.027478823174916],[30.924154513008506,3.023374579345383],[30.930516586582577,3.026207139011891],[30.93026046552888,3.021534891516293],[30.93197058569891,3.020915797674423],[30.931736346391162,3.018547008607255],[30.93289056998363,3.017953329483479],[30.933294974337503,3.015046297928341],[30.937139314932097,3.013989865736894],[30.935326507303547,3.01191861870612],[30.934114930068507,3.011786788985947],[30.933536590221443,3.00954538098778],[30.931692114095448,3.008197884092899],[30.933591661489118,3.004698078833229],[30.929986033837377,3.003804869624561],[30.92603223533294,3.001067335148095],[30.91798633456847,3.00396543353064],[30.91675388430412,3.001114028878422],[30.913495207816474,3.002350969495533],[30.90918910246056,3.000108646400299],[30.906088743918136,3.008870920403774],[30.906563439612224,3.011468393148083],[30.905793136507242,3.015189516682025],[30.903245076346366,3.017935377375552],[30.903916002076773,3.019387950799158],[30.903392553669917,3.021185601345818],[30.905108635940348,3.023029408654128],[30.903136346531436,3.024107419253939],[30.900820370196215,3.023966952126576],[30.898486209733115,3.028561952139648],[30.89729261646288,3.029339300918582],[30.900240622642087,3.031770819600496],[30.9030781227536,3.02997519253087]]]}},{"type":"Feature","properties":{"n":"Ayivu Division","c":"338201","d":"Arua City","od":"Arua","dc":"338","k":"AYIVUDIVISION","a":["AYIVU","AYIVUDIVISION"],"lat":3.048197,"lon":30.893396},"geometry":{"type":"MultiPolygon","coordinates":[[[[30.773839683201082,3.052596456710372],[30.774521828324033,3.055158647378038],[30.77612055103467,3.0564232085017706],[30.77831565402411,3.0570907252003137],[30.779937802916074,3.057195605813326],[30.78166596520354,3.0581095332782704],[30.788553038276298,3.0602038478968865],[30.79198834583533,3.060147195708141],[30.795524817769657,3.066101157801849],[30.7942766663022,3.072730373199718],[30.794793634318825,3.092200037102635],[30.79832019340515,3.096726045475905],[30.80063276440861,3.101265462575068],[30.800576309456652,3.106090276994257],[30.8007544461771,3.108168538732792],[30.801531570185162,3.111085344587214],[30.801294699784737,3.1144714974885956],[30.801874490245176,3.1212357195270615],[30.8030458674496,3.12400668366929],[30.802818012029284,3.1322434736749716],[30.802827450687882,3.1323535913586316],[30.805028599509107,3.13273120129859],[30.8070213110064,3.132292330314067],[30.807779409777602,3.131900228278411],[30.808583638446343,3.1319482462945554],[30.819385937003666,3.129569168636098],[30.820095251303716,3.126181801687295],[30.81816495064481,3.120527870237257],[30.822124619397997,3.117264889767065],[30.822323487817894,3.117960269026452],[30.828133173928634,3.118001992493578],[30.836865774988542,3.116979822988747],[30.839891898522026,3.120946224144325],[30.841777705074964,3.11988235825847],[30.84457695459369,3.12240269457914],[30.844549299417128,3.123801579855258],[30.849633022002934,3.124086909745759],[30.84925138953899,3.12588124332146],[30.850259313433813,3.125610956880809],[30.853117736837376,3.128256525575388],[30.85464342823538,3.128469407572112],[30.855774999669695,3.130551512925017],[30.857756236661576,3.130343782024493],[30.85909672472132,3.131417971498907],[30.85949995114345,3.132739384316134],[30.86151883434914,3.133137043129376],[30.867058287972863,3.133237912863559],[30.87171478788896,3.1351453370084315],[30.8725,3.1353],[30.873493995437236,3.134323597402359],[30.87455691628935,3.132901106495352],[30.87513185513493,3.132714726371881],[30.8838,3.1242],[30.884527031345268,3.1242260818419827],[30.884657857058965,3.123806313321993],[30.89901516911059,3.123916177139538],[30.90512808386387,3.124930834565721],[30.919178288475166,3.119982936180933],[30.922812261987563,3.121271047864756],[30.922932085339106,3.1213015689071306],[30.92674404885794,3.120297108323177],[30.928467718982493,3.121123307724796],[30.931171582524758,3.120481266498472],[30.93357158782132,3.121187064191731],[30.93417796801223,3.120096113491345],[30.930755252167124,3.118483176710296],[30.932206369161968,3.116210374847016],[30.929724063569704,3.114424017000355],[30.929303187160258,3.113195000339667],[30.931855651410693,3.11214259572791],[30.93697724380053,3.106831667859404],[30.9378042685478,3.104594228797784],[30.94271318597061,3.102422792202463],[30.9458983475974,3.098798289530688],[30.95671097061627,3.098086249855793],[30.962362588334265,3.101109653905789],[30.96543128557847,3.100102049342614],[30.96151307633113,3.095090090810455],[30.962704936414962,3.090510340212017],[30.960914113547165,3.08921924013621],[30.960813020359904,3.085721430584881],[30.961251009383734,3.083618083840947],[30.962690105267754,3.082213719324976],[30.96123748464429,3.080565541487296],[30.962645787425153,3.079630172710938],[30.96746067079502,3.078342841550796],[30.973346667217438,3.083562591576942],[30.977515845445524,3.085639965635043],[30.982518120783123,3.084326388435203],[30.99315771547323,3.085683844957333],[30.99565455915094,3.083450319142473],[30.999030880200387,3.082668352223537],[31.001395756165696,3.077237678202415],[31.00021638298475,3.076238876560351],[31.0037386445635,3.071647458237001],[31.00424477535409,3.068127602698952],[31.00308543745646,3.06402194643837],[31.003322714530434,3.062327790391675],[31.00147928649589,3.060127939920577],[31.00208294911967,3.058631937914666],[31.00304421099018,3.057862101244648],[31.004942973888202,3.058231539938426],[31.00757710115238,3.056156809341231],[31.008109360330796,3.053807428480599],[31.009696866249932,3.05277022227452],[31.010487344897953,3.050656560801788],[31.013817716751646,3.05161151235976],[31.015257428616184,3.047581137330708],[31.017190939843157,3.046925133771756],[31.017084953012283,3.04521586292263],[31.018304304270025,3.042470382667613],[31.02022808858608,3.040529323431679],[31.02112282970671,3.040766856745105],[31.020885621797884,3.041959029713231],[31.021756929302338,3.043334973088842],[31.024221308732663,3.039144975957001],[31.02587430371285,3.039246277837724],[31.027620148615917,3.04368032187286],[31.029629875582945,3.042689426071614],[31.033884071580115,3.038430065083135],[31.036642300739896,3.04092105246881],[31.039260128086077,3.041242304703246],[31.044065567059317,3.04027478695837],[31.045420105744196,3.042112520491382],[31.047968402418814,3.041384872108102],[31.049407297350648,3.042915464822792],[31.052896805871086,3.043030462564038],[31.056904390945327,3.044366917711387],[31.05840573391238,3.04714533114223],[31.06176355063386,3.047061025434273],[31.06207311424829,3.048634926756081],[31.064062438813508,3.049578815173546],[31.06576847351677,3.049039064620299],[31.06633138777571,3.050134479226424],[31.068104013115633,3.049875466641733],[31.070054539882204,3.047708865584199],[31.072518393370313,3.047758561970369],[31.07349010114358,3.045680554909427],[31.071930636668142,3.042332741017013],[31.07434259684707,3.040908113859774],[31.074158896363464,3.038619917311078],[31.07727489955279,3.036611638763986],[31.077334168402974,3.037740211810445],[31.07751834903195,3.036519432265837],[31.078819072527416,3.037145439579903],[31.080671945342118,3.041434653056895],[31.082481721126722,3.042794285488517],[31.084048207428562,3.042698731076021],[31.08351308914988,3.044640707630862],[31.086507980429573,3.045568352014332],[31.088198516792467,3.044368776572287],[31.088234232695967,3.042605638374525],[31.087538207574333,3.041700196409506],[31.08568792524803,3.041371364482553],[31.085631701165884,3.03990698711295],[31.08678152241807,3.038886916140125],[31.090110279073148,3.039489454697942],[31.09258820642644,3.036401837451341],[31.094172279659336,3.038013785947236],[31.098012348852887,3.036962648019525],[31.099323577023775,3.036151179015302],[31.099773271220528,3.034190114538115],[31.102663097704088,3.034023130649729],[31.10475173394756,3.032553105358773],[31.106503604288914,3.033116640083625],[31.107845541823572,3.031744589582739],[31.10973126646428,3.033077106114717],[31.111840415097713,3.032800373780671],[31.11431945187821,3.034269690027687],[31.116330205990316,3.0341466244871],[31.115983077735837,3.032898205784606],[31.117021535635857,3.031941533269892],[31.116880789426755,3.030503983564611],[31.11925077210803,3.029169461444989],[31.119434695378043,3.026438830081045],[31.121156501617595,3.025564930990373],[31.12198847188692,3.022636694327409],[31.1208544090882,3.021305514357357],[31.121550493940735,3.020339718974248],[31.122779318726575,3.020241867721507],[31.122588779081052,3.018541641146501],[31.123600107040488,3.017431151432861],[31.12315333846944,3.016237612940261],[31.12420531051933,3.015094299979148],[31.122754794058263,3.0155878866951946],[31.12258232584382,3.015697902555975],[31.122509891335298,3.015671223033681],[31.122348112445618,3.015726273709096],[31.121121233611234,3.015159744106523],[31.12111129573776,3.015156083728033],[31.11880612282338,3.018310554363421],[31.118557267725112,3.0182700514715135],[31.118407189569506,3.018453034868713],[31.115697215604172,3.0178045581675343],[31.11569431482038,3.017804086044869],[31.115443939722226,3.021208737705132],[31.11544364740854,3.021208819287291],[31.115443646200617,3.021208835730021],[31.112810205160887,3.021943876297867],[31.112808861445743,3.0219450960747336],[31.11096828116174,3.023828138213126],[31.110811103992148,3.0237585893084526],[31.11071833708551,3.023842799810184],[31.110023483921992,3.023410077413751],[31.109085996651547,3.022995251183109],[31.10839339145532,3.02300001383958],[31.10644362616846,3.023236236957701],[31.10642202434808,3.023013569822644],[31.106235524081047,3.023014852280108],[31.1059737550431,3.0183929017433733],[31.105971629807225,3.0183709952477527],[31.104700681860887,3.018688887411559],[31.10470007222075,3.018687876626242],[31.104699834119117,3.0186879366005],[31.103498751989992,3.016696083799243],[31.102466170032148,3.014984059574338],[31.099120110193116,3.014003169468907],[31.096013503671507,3.013092518130817],[31.09385747718093,3.015219631671156],[31.093857118472172,3.0152191542174287],[31.0938570749763,3.015219197120228],[31.093678591674674,3.01508343849127],[31.091894435731266,3.012656948640241],[31.09178760467347,3.012464643581788],[31.091787615992477,3.0124645750375527],[31.091787349880963,3.012464220833952],[31.092079632128588,3.01069397574576],[31.090298667417247,3.009523486408244],[31.08728998184949,3.007546649576362],[31.086847090282067,3.008044360279205],[31.085985485448592,3.007779206237335],[31.083774741644103,3.007099093007223],[31.08377452246795,3.0070987948144094],[31.083773992938877,3.007098631854815],[31.081505008896805,3.004012064019124],[31.08005382456085,3.004415966764456],[31.080053200559398,3.004415762207735],[31.080053081772476,3.004415795280345],[31.07646385631809,3.003239428067559],[31.076463920929662,3.0032391443184943],[31.076460845521765,3.003238136155208],[31.07667708816273,3.002302996173032],[31.07671051358279,3.002156204639674],[31.07554467763562,3.00039533280778],[31.07397430428292,3.001013337015666],[31.071423897729726,2.9986548998974847],[31.070838689894106,2.9985094318582006],[31.067895300995357,2.999954222432868],[31.067895064784953,2.999954383112582],[31.067895035373486,2.9999543528159007],[31.06789478102524,2.999954477665168],[31.065931491827833,2.997931917799629],[31.064879900110057,2.997795147732787],[31.062088789430458,2.997432188653926],[31.062088749809124,2.9974321305971707],[31.06208868394326,2.997432122030653],[31.061576699422,2.99668489094515],[31.061578521407906,2.9966844978578213],[31.061577315003028,2.996682730124425],[31.062465301874006,2.9964900520023163],[31.061304933792346,2.9958862368208883],[31.060120977664937,2.9967875161425206],[31.0598530167238,2.996991832519547],[31.059852585430534,2.9969918280805667],[31.059852335562745,2.996992018290885],[31.05837801834556,2.99697665146007],[31.05721333023313,2.996964664192987],[31.057213347439156,2.9969645120774695],[31.05721223911403,2.99696450052538],[31.057329455713568,2.995938018775206],[31.057405749359862,2.995263519758426],[31.052098877107852,2.995045335621897],[31.052098594889422,2.9950450545739553],[31.052098095835383,2.995045034066756],[31.05175555917361,2.9947034415820326],[31.050853179483177,2.9938048044673233],[31.046249096789925,2.994889334685437],[31.046248958832205,2.9948892583584286],[31.046247564122652,2.994889586944527],[31.04487872065394,2.9941311552137266],[31.04483963855756,2.9941095325056177],[31.04339688585332,2.994305835014552],[31.043164313178014,2.99433755865181],[31.04316415548775,2.9943375005623145],[31.0431637836918,2.994337551149278],[31.04104626376716,2.9935573175674817],[31.040387428288295,2.993314617606947],[31.0403874263903,2.993314558554738],[31.040386954981898,2.993314384856885],[31.04037326798424,2.9928740491977925],[31.040348913208664,2.9921163010104967],[31.039188906885936,2.991868168957255],[31.036046778120696,2.994476068902109],[31.035876126392903,2.995637045508563],[31.03707473339808,2.99662660196967],[31.036503668092866,2.997597413600426],[31.034961783084537,2.997235735862986],[31.03496168209309,2.9972350664277565],[31.034961085625476,2.997234926982738],[31.03491935436896,2.9969544914783244],[31.03476934718157,2.995960148884178],[31.032784834514114,2.996132962676703],[31.032419246734154,2.9964201844579708],[31.032753632598197,2.998301738047205],[31.03275049475568,2.998301981832484],[31.032750865315297,2.998303369809653],[31.03169295126139,2.9983841445077113],[31.030278765104086,2.9984940154667608],[31.030119509660082,2.9997708932496954],[31.02980310428564,3.002318266489806],[31.029801801621122,3.0023182117350657],[31.029801688061358,3.002319122234165],[31.028976337101117,3.002283515084689],[31.027575066547186,3.0022246156488985],[31.02669832468902,3.003756950347518],[31.026268127677575,3.004509341595182],[31.02329263871443,3.003955848190363],[31.01914946025872,3.004657368967714],[31.01868654309014,3.004735801007894],[31.018686498400537,3.00473575742385],[31.018686268369276,3.004735796372621],[31.018581306292447,3.0046331676259346],[31.017829326466245,3.003899790761375],[31.017831219765764,3.0038997556883484],[31.01782966584324,3.003898236309865],[31.019291065084175,3.003872054908724],[31.01938406397823,3.003363844944915],[31.01942864968173,3.003118210849676],[31.01707763608624,3.001436958144306],[31.01131945742308,3.002146942004703],[31.009187462324373,3.001214196546816],[31.008668634256978,3.0000360219333038],[31.008218758947674,2.999015151470772],[31.00342402011774,2.998969910280988],[31.003436344067556,2.9989413160593723],[31.00403107564353,2.997560815522949],[31.002488985104804,2.995831805382541],[31.00093604827247,2.996804358559472],[31.000934386487884,2.9968034472370797],[31.000934099093445,2.99680362714516],[30.993178308972542,2.9925500907358127],[30.99151788744734,2.992546569837312],[30.991080171609962,2.9920205193030323],[30.989980574730055,2.990699880413186],[30.987706648022847,2.990688009961416],[30.987119667579694,2.990685091098295],[30.987119338059227,2.9906849440602263],[30.987118993118433,2.990684942259551],[30.98089221540217,2.987906732558508],[30.979525693603144,2.986114598610693],[30.978209083633214,2.98622909314161],[30.977269648105743,2.984925478292475],[30.975275879896746,2.9841978003719882],[30.97281301600396,2.983299039867792],[30.97281283170008,2.9832988464305403],[30.972812676520398,2.983298789793652],[30.96819556950715,2.9784530287348234],[30.96469888294479,2.980390298931718],[30.964698603760205,2.9803901147137157],[30.964698130440855,2.98039037693627],[30.959069897180687,2.976676935817748],[30.954265952506805,2.980710963328317],[30.954265893688547,2.980710769597657],[30.9542634956169,2.980712783364125],[30.953625775531687,2.978602401942124],[30.953585547674784,2.978469902791088],[30.951704549660874,2.976567429078856],[30.949582507366554,2.977765339138053],[30.94957675258099,2.9777611605186656],[30.948094532465483,2.976933584080858],[30.945221693357965,2.977316374863987],[30.945221155836123,2.9773161692378625],[30.945220988890064,2.977316198620026],[30.945208604144025,2.9773113676547323],[30.94232287057609,2.976207445609153],[30.9423337473578,2.9761899612638483],[30.94233373459193,2.976189956284217],[30.942322859874384,2.976207440951503],[30.94218184226471,2.9761307070627296],[30.941414041820167,2.975831208204365],[30.941310613402802,2.9756566330889838],[30.940862525282267,2.975412808618541],[30.940193317440798,2.9737765140684513],[30.939750528498585,2.973891311502842],[30.936600445933042,2.974709115616923],[30.936668067596187,2.976884262160097],[30.936664110370472,2.9768817649849533],[30.936664155028463,2.976883244981154],[30.93357065451364,2.974929664793804],[30.932687556511475,2.974372392972704],[30.929563625257916,2.973781582862939],[30.92942832400337,2.9738452095576293],[30.925442160009332,2.975725185636378],[30.917765513801157,2.9755235803404956],[30.917573465941878,2.975518638144276],[30.917573455087513,2.9755185364642065],[30.91757135181594,2.975518481227756],[30.917424359307407,2.974170933382872],[30.91364854080717,2.973558592528369],[30.913648500837485,2.973558567708748],[30.913648444559318,2.973558558599036],[30.913597526255515,2.973526914472627],[30.911297947514818,2.972098965364667],[30.90995298166572,2.972382636897643],[30.908332240473857,2.970517313031386],[30.908165560121148,2.9706852569994835],[30.90729606726805,2.971565528429534],[30.905944541906738,2.971070602971245],[30.905942723809535,2.971068447585364],[30.901182563696185,2.9660633461049337],[30.898097489933342,2.965822852592359],[30.89809659017484,2.965822830647052],[30.89520312253611,2.969875519831671],[30.88857567042692,2.970852819390547],[30.884408066437363,2.972890032023745],[30.880904541584123,2.972270312853581],[30.8772003821491,2.972861052242477],[30.871191114147592,2.971768541955787],[30.869545769165175,2.9736926927770586],[30.869518318460383,2.973724864563934],[30.869755918235633,2.975396493834725],[30.869751643038423,2.9753975569066435],[30.8697516500295,2.975397606994715],[30.869116943031987,2.975555381615168],[30.86385185860765,2.976864599208044],[30.862219147036505,2.976175164817574],[30.860710975612328,2.974137741410094],[30.859954307356176,2.972952768574913],[30.86019778472404,2.96945968864294],[30.860197090927368,2.969459096623128],[30.85731861110508,2.967209021615082],[30.857057428526378,2.966780008617748],[30.856690954922573,2.966467295048309],[30.856468241728336,2.965812222804938],[30.855477899405308,2.964185507384233],[30.85480982861548,2.9609774139638274],[30.837617941567864,2.972818764736419],[30.832767039179952,2.980996208855886],[30.832480874645714,2.981272576708081],[30.82946044908756,2.9829494386405524],[30.8247,2.9889],[30.82443100263181,2.989547153088696],[30.82628449147727,2.997266167808013],[30.825763020218844,2.999557891034954],[30.818018370550657,3.005268210659201],[30.817855936198715,3.0053654288552654],[30.8178,3.0055],[30.8176496386661,3.00548889949884],[30.817147822563733,3.005789240255856],[30.815752250323577,3.0053488238493915],[30.805430185506825,3.0045867922186247],[30.80309904275197,3.005047008008021],[30.79459005784926,3.01247095108869],[30.792742312237458,3.014980525184289],[30.787557780988436,3.016849833460204],[30.779237408000657,3.0236016115404505],[30.778894352227933,3.024075380815257],[30.778936654320287,3.033481729076681],[30.775580267269017,3.038844716330813],[30.770296174807743,3.042645987088506],[30.770149371132568,3.0435259470748095],[30.77276658268255,3.051144940698093],[30.77286877243427,3.051206718815676],[30.773839683201082,3.052596456710372]],[[30.902302707950017,3.024056857935583],[30.90313613581873,3.0241074064739255],[30.903221926194004,3.0240606432671298],[30.905107004220987,3.023030300516529],[30.903678662564644,3.0214930048311657],[30.903392553669917,3.021185601345818],[30.903392671133247,3.021185197947856],[30.903392261374464,3.021184756932635],[30.903915846691902,3.0193876143864604],[30.903245076346366,3.017935377375552],[30.905793136507242,3.015189516682025],[30.906563439612224,3.011468393148083],[30.906463063228117,3.01091914670422],[30.906089206642612,3.008874820927351],[30.906089371549207,3.0088743547188863],[30.906088743918136,3.008870920403774],[30.90918910246056,3.000108646400299],[30.913064309363097,3.0021265872582568],[30.913495280205762,3.002350942017736],[30.91675388430412,3.001114028878422],[30.91798633456847,3.00396543353064],[30.925938960750294,3.001100932246171],[30.926031962527198,3.001067423223061],[30.926031972207078,3.0010674299248836],[30.92603223533294,3.001067335148095],[30.929986033837377,3.003804869624561],[30.933591661489118,3.004698078833229],[30.931692114095448,3.008197884092899],[30.933536590221443,3.00954538098778],[30.934114930068507,3.011786788985947],[30.93513653916003,3.0118979485858195],[30.93531436214756,3.011916502020486],[30.935315135734385,3.01191738138444],[30.935326507303547,3.01191861870612],[30.937139314932097,3.013989865736894],[30.937138517417264,3.013990084895505],[30.937138553114995,3.0139901254744],[30.937019630569438,3.014022755230011],[30.933294974337503,3.015046297928341],[30.93289056998363,3.017953329483479],[30.931736346391162,3.018547008607255],[30.93197058569891,3.020915797674423],[30.931970394450683,3.0209158669096743],[30.93197044083503,3.020916087396712],[30.93178073389118,3.0209845273971014],[30.93026046552888,3.021534891516293],[30.930516586582577,3.026207139011891],[30.930514215659276,3.0262060834155307],[30.930514225247762,3.026206259268759],[30.930410461489398,3.026159889376211],[30.92415993792843,3.0233769946600115],[30.924960355993722,3.027105796209151],[30.925040919835126,3.027478823174916],[30.921700534816026,3.028727475673814],[30.922165327671596,3.030306061997217],[30.922616924356156,3.031835321787498],[30.92261531179568,3.03183435309618],[30.922618519428543,3.031845247251081],[30.921410137967253,3.031110729951144],[30.92128982547831,3.03112710231322],[30.919730552858265,3.031340261742435],[30.919676175471615,3.032539378842777],[30.920856966281864,3.032908482151925],[30.92010193312454,3.033879612450118],[30.91770731218923,3.033922676455116],[30.917240806076684,3.035124170106169],[30.917240436007145,3.035124319001363],[30.91724039916918,3.035124414154994],[30.917033749861538,3.0352074778958817],[30.913269243687537,3.036722103711376],[30.913256863371984,3.037546743165243],[30.913252922473834,3.0375452589703107],[30.91325289925515,3.037546614997943],[30.911134664452224,3.036747494678676],[30.910112024417053,3.036362354768934],[30.909134255627777,3.037106004162731],[30.90496097042807,3.037402646581409],[30.903598987429127,3.034718128338377],[30.903597608122293,3.0347055685237607],[30.90359594658538,3.034702285443652],[30.903233355067197,3.0313887207143604],[30.9030781227536,3.02997519253087],[30.900240622642087,3.031770819600496],[30.900222703565973,3.0317560399271564],[30.897966669249982,3.030236697073139],[30.89778132966288,3.029742392093992],[30.89729261646288,3.029339300918582],[30.897563936334112,3.029162599042103],[30.897549208569423,3.029123319751953],[30.90081887332344,3.023969898852184],[30.900820370196215,3.023966952126576],[30.900820729106183,3.0239669738949555],[30.900821073878447,3.023966430488603],[30.902302707950017,3.024056857935583]]],[[[30.823000852103824,3.001570609915529],[30.823000852607322,3.001570610595252],[30.823000852120426,3.001570609903548],[30.823000852103824,3.001570609915529]]],[[[30.831374872740703,2.981843510248859],[30.831374872752235,2.981843510269812],[30.83137487274131,2.981843510248535],[30.831374872740703,2.981843510248859]]],[[[31.092185028028137,3.013016733979654],[31.092185027217283,3.013016734634618],[31.092185028043097,3.013016733998648],[31.092185028028137,3.013016733979654]]],[[[30.77434905954106,3.054654612453154],[30.774349059661404,3.05465461242045],[30.77434905954018,3.054654612449739],[30.77434905954106,3.054654612453154]]]]}},{"type":"Feature","properties":{"n":"Imvepi Refugee Settlement","c":"340101","d":"Terego","od":"Arua","dc":"340","k":"IMVEPIREFUGEESETTLEMENT","a":["IMVEPIREFUGEESETTLEMENT"],"lat":3.219865,"lon":31.220136},"geometry":{"type":"MultiPolygon","coordinates":[[[[31.32682783303488,3.221064466200485],[31.326237075213125,3.222525169121602],[31.327914017507123,3.225793929986813],[31.334115554502617,3.227967538466334],[31.3374945620439,3.227682028707112],[31.342070883008148,3.2287819811990786],[31.34213055244298,3.228409047231375],[31.34151924365941,3.226409166766108],[31.342928399095516,3.225668300963986],[31.343228100437965,3.223798467018989],[31.34519077717576,3.223862715196915],[31.34575773009977,3.2242837433957043],[31.3467552294588,3.2237276154344756],[31.338267652874567,3.220118463089695],[31.333341366955167,3.220849273276608],[31.33406075977535,3.21851946207775],[31.33091562632179,3.217321493556118],[31.32964448539973,3.215822345640407],[31.324197902240968,3.216839563409714],[31.32375770728981,3.217583138800263],[31.324882000193394,3.220242182535009],[31.32682783303488,3.221064466200485]]],[[[31.26169138064316,3.241831151126578],[31.26383066809851,3.245990714934723],[31.2628245157982,3.250077208848797],[31.263446124771217,3.25340960368871],[31.260927825184446,3.256274770111652],[31.259812325062867,3.255885054168318],[31.25732777364265,3.25837991322846],[31.25516084155885,3.264128726790042],[31.2635692731894,3.266776028614901],[31.265770614185605,3.266716507440107],[31.27021557096226,3.264840484242283],[31.272888291472135,3.265230010575566],[31.271224181536322,3.279069526384494],[31.27349127095429,3.281730300696001],[31.276394846068413,3.280929636694442],[31.277,3.2806],[31.277297706235583,3.280549905200744],[31.281421472232356,3.276261273141637],[31.2832981780147,3.278966092422148],[31.28397461920723,3.278325233827761],[31.285079560973966,3.278860646335663],[31.28981974633694,3.278299074311134],[31.291638555967065,3.276783125121879],[31.294193886259425,3.276416589610954],[31.294167237463558,3.274219488853376],[31.295378224828518,3.27404948655781],[31.29769135314491,3.275473206462767],[31.297973019968637,3.277034470842442],[31.310841139937253,3.2721608307214387],[31.310153827489867,3.271153562683109],[31.308261158914267,3.271285322158429],[31.308085147869225,3.27025624685173],[31.31163238995255,3.267909799905679],[31.314570161512957,3.268077823407504],[31.316033413668297,3.269950928509749],[31.31590634233991,3.2702424484161123],[31.318211160021708,3.269369527433639],[31.317973787645727,3.26879745947725],[31.3193029575036,3.266685009193013],[31.322500570041463,3.266459644452209],[31.321111199918242,3.263711416938949],[31.31858325516602,3.262509891369208],[31.31697688742131,3.260475348297426],[31.311534828596034,3.257905884595692],[31.310720097145342,3.256546858273719],[31.307347965716012,3.256277004766098],[31.30505445646475,3.255064441831024],[31.30287298970301,3.255956258103617],[31.303139129780394,3.253307458304856],[31.30069780497285,3.251758433901578],[31.29725484320966,3.250506464305403],[31.289518961221503,3.24989800262748],[31.288733953482637,3.24653561967047],[31.285635818499927,3.242794999764497],[31.28377420180524,3.242019008983038],[31.28378280954154,3.237230589595938],[31.28116804922219,3.232812487756982],[31.2832404084829,3.225330951498683],[31.277640187484078,3.22382640650405],[31.27600004920111,3.230998588864038],[31.274988084823505,3.232027779120092],[31.271248796792168,3.233126758181038],[31.268091250486183,3.231260410032858],[31.266696103463868,3.234606015244073],[31.267623836876307,3.237447130228452],[31.26727439356854,3.238678938701393],[31.254274588508792,3.234464082974971],[31.253446425918558,3.234970905840814],[31.253389318816094,3.238418741254125],[31.25458383578231,3.241373846792686],[31.26169138064316,3.241831151126578]]],[[[31.295227374209524,3.215544991328473],[31.292836021856544,3.216237412101471],[31.292050852977713,3.217429402519081],[31.29204385521598,3.222238487594337],[31.296890777880165,3.222460760191256],[31.295227374209524,3.215544991328473]]],[[[31.27774571284561,3.213039895131065],[31.278737942546886,3.209970400545618],[31.27579693707447,3.20568738149559],[31.27259474078119,3.208384739956362],[31.27521806487814,3.210050391830338],[31.27774571284561,3.213039895131065]]],[[[31.27367981751042,3.202813770830618],[31.27570970270084,3.204570236486233],[31.274312150039496,3.199334212031268],[31.27118221590558,3.202177664974381],[31.272044765879908,3.203260312177373],[31.27367981751042,3.202813770830618]]],[[[31.25951235212363,3.208894119359421],[31.260682098224372,3.207612715905658],[31.259008959452594,3.200751833743118],[31.257182734441134,3.201156340133375],[31.25867587093924,3.207485805707517],[31.25951235212363,3.208894119359421]]],[[[31.19014593143456,3.234841836728791],[31.196412934689754,3.233447394080563],[31.19955370447569,3.23139218402617],[31.202120997860728,3.231276609877448],[31.204079170942222,3.235588987167649],[31.203708370725387,3.239457917616001],[31.205897472772186,3.242506002209817],[31.207011057396628,3.242748704836402],[31.209452381850944,3.242563109422934],[31.22053851810259,3.234653710595805],[31.222606549783336,3.233715107266983],[31.224207417329925,3.233980393084592],[31.22591513023715,3.231542361117861],[31.232394775115175,3.235598611243833],[31.234803978257368,3.234307756882389],[31.232763667941544,3.232160248740963],[31.232935453257102,3.231364183480964],[31.234756502587924,3.231922325582626],[31.235630452437263,3.230524660414551],[31.237908277138036,3.2304432058302],[31.239364609493173,3.22734505896005],[31.23885142483674,3.226302433570684],[31.23998331580066,3.226009701103802],[31.240820842851814,3.226809676508753],[31.24274860672222,3.223226412861633],[31.24349041099927,3.222942319516167],[31.24511796002553,3.228002430602034],[31.250199669530186,3.226832509913506],[31.249125709832303,3.225388320188699],[31.249618028905868,3.220685696378252],[31.25025900069316,3.219045187202535],[31.25217915988937,3.218224208349392],[31.250802977771567,3.213733435831524],[31.249767912987448,3.212020225826123],[31.247555201436263,3.210676054687214],[31.24734926222925,3.209078784705443],[31.250431839641827,3.204652747751791],[31.248009519082743,3.203260503897361],[31.247652627958686,3.200976478752456],[31.246474479141725,3.20179562741948],[31.243369603255537,3.198192512404451],[31.24339057391791,3.199906447685545],[31.241892051138674,3.199221338905009],[31.240750280694716,3.202504551356664],[31.23735247571155,3.204161077136543],[31.22748840959964,3.200464229661497],[31.225745024000638,3.196765738949544],[31.223332254631448,3.197436744436506],[31.217806855158063,3.201576861136373],[31.21462297943419,3.201091389477501],[31.209697938391436,3.198478950005638],[31.208655850799747,3.198635953383066],[31.207756306668113,3.20037775185311],[31.20885585025676,3.20190643332754],[31.208499425941497,3.202681562025202],[31.20121905598994,3.197435176373811],[31.20019769687961,3.195636149091668],[31.198420243452208,3.195529075479942],[31.195080131194214,3.202510011818962],[31.192425690306443,3.202822262098149],[31.19025660398302,3.205493912336644],[31.188931090350767,3.205917655873074],[31.189175269924245,3.207744683207244],[31.19146931882849,3.209014443685186],[31.19183519297965,3.21161822859663],[31.189423062938847,3.211986101122381],[31.188881562752975,3.212961724685343],[31.192143867346015,3.216412052950086],[31.192146098605505,3.217261190977956],[31.189015549554348,3.221759235531782],[31.187869677541833,3.22206578659275],[31.188658762141806,3.225340317482368],[31.187816860537335,3.227283411711809],[31.18516638318328,3.230740535537971],[31.184382640965772,3.230378193374424],[31.182991335245426,3.227771928765944],[31.182202056417598,3.227354555159413],[31.183696102068122,3.229398187856592],[31.18232442979316,3.229602264135465],[31.181943535991106,3.231277402140098],[31.18029776710444,3.231034713869384],[31.179102423533244,3.233665392297338],[31.182057994803774,3.234770468176082],[31.19014593143456,3.234841836728791]]]]}},{"type":"Feature","properties":{"n":"Odupi","c":"340102","d":"Terego","od":"Arua","dc":"340","k":"ODUPI","a":["ODUPI"],"lat":3.233287,"lon":31.311399},"geometry":{"type":"Polygon","coordinates":[[[31.1373,3.305],[31.13738455528629,3.306965910406242],[31.137731901813847,3.306984781428493],[31.138084058088392,3.308975721043522],[31.13751720429146,3.310049999776461],[31.138026730530253,3.3218964848283963],[31.141584039684126,3.328205758703425],[31.14586071676945,3.333888002506192],[31.145395644521308,3.334977476805812],[31.14357440870069,3.345471264153171],[31.143998689511925,3.3459900411618753],[31.1723,3.3511],[31.1788,3.3402],[31.181561222039957,3.3400091321170535],[31.181803398130675,3.339761350058576],[31.186166764168682,3.337952350101766],[31.188134027227395,3.33955479074465],[31.199378824569525,3.338777500605793],[31.201092023584934,3.337994610196675],[31.205305776991754,3.332973967839616],[31.205861392413777,3.331812456034118],[31.20752546527641,3.3303292328621503],[31.212687434557584,3.3241788013782],[31.213502580375934,3.322539972802646],[31.215128413975833,3.321270400369223],[31.21939345204568,3.316188652881743],[31.219357315363226,3.315160896422001],[31.221376378027294,3.313826017669608],[31.224,3.3107],[31.2353,3.3104],[31.2394,3.2917],[31.24768476992133,3.2869185042168327],[31.25172982154293,3.28204933695543],[31.256639903409088,3.2817501128896134],[31.2569,3.2816],[31.257370464632903,3.281943801077889],[31.259630989566464,3.283002963399036],[31.260703946195274,3.2843798068350067],[31.262724429640272,3.2858563139678916],[31.263669208355374,3.286003778514746],[31.26446757919636,3.287130154028108],[31.264688015176947,3.2872912418600766],[31.264808827304414,3.2872407200862144],[31.266248615501816,3.2864564452144585],[31.266412242442136,3.285303932999714],[31.269033492225034,3.2849394798449003],[31.270664806524447,3.284050877746846],[31.273491259730783,3.28173030408959],[31.273469121332948,3.2817043047458605],[31.271224181536322,3.279069526384494],[31.272888249322637,3.265230361110492],[31.270726605126963,3.2649149631350904],[31.27021557096226,3.264840484242283],[31.266099826072278,3.2665775614013866],[31.26577077790631,3.26671645804158],[31.26577072803149,3.266716459390703],[31.265770614185605,3.266716507440107],[31.2635692731894,3.266776028614901],[31.26356921623005,3.2667760106818777],[31.263569096768407,3.266776013913337],[31.26339074704234,3.2667198216293816],[31.25516084155885,3.264128726790042],[31.25732777364265,3.25837991322846],[31.259812325062867,3.255885054168318],[31.260927825184446,3.256274770111652],[31.263445526511465,3.2534102843518724],[31.26296791250036,3.250845946835357],[31.2628245157982,3.250077208848797],[31.26383066809851,3.245990714934723],[31.26169138064316,3.241831151126578],[31.261689924113387,3.2418310574124485],[31.259380827977868,3.242116229865191],[31.256076772982926,3.241469903400901],[31.25458383578231,3.241373846792686],[31.254497811947857,3.2411610331476486],[31.254349025138712,3.241131928047269],[31.25339015543753,3.238420810964902],[31.253389318816094,3.238418741254125],[31.253446425918558,3.234970905840814],[31.253695386927458,3.234818545503],[31.253703682534738,3.234720966488402],[31.25394519216253,3.2346656685116506],[31.254274588508792,3.234464082974971],[31.254502654337287,3.23453802751174],[31.25473157082089,3.234485612962043],[31.26720026065157,3.238654902990998],[31.26727439356854,3.238678938701393],[31.267623836876307,3.237447130228452],[31.266696103463868,3.234606015244073],[31.26669618367712,3.2346058228902486],[31.2666961705277,3.234605782626063],[31.26673625533746,3.2345097298237024],[31.268091250486183,3.231260410032858],[31.271248557045823,3.2331266164728563],[31.27498826992304,3.232027590869754],[31.27600004920111,3.230998588864038],[31.277640187484078,3.22382640650405],[31.2832404084829,3.225330951498683],[31.283240383821873,3.225331040528787],[31.28324096645781,3.225331197007194],[31.282796188010135,3.2269346558547225],[31.28116804922219,3.232812487756982],[31.28378280954154,3.237230589595938],[31.28377420180524,3.242019008983038],[31.285635818499927,3.242794999764497],[31.288733953482637,3.24653561967047],[31.288733999948036,3.2465358186932964],[31.288734481175762,3.24653639973643],[31.288880404548042,3.2471629059276315],[31.289518961221503,3.24989800262748],[31.29725484320966,3.250506464305403],[31.299654682730004,3.2513791217212638],[31.30069702210238,3.251758141151068],[31.300697051913883,3.251758160065563],[31.30069780497285,3.251758433901578],[31.303139129780394,3.253307458304856],[31.30287298970301,3.255956258103617],[31.305027891768397,3.2550753018766128],[31.30505431039229,3.255064433483515],[31.30505438292856,3.2550644718937196],[31.30505445646475,3.255064441831024],[31.307347965716012,3.256277004766098],[31.310720097145342,3.256546858273719],[31.3107202724657,3.2565471507197556],[31.310720669617385,3.25654718240277],[31.310997341552103,3.2570093204090504],[31.311534828596034,3.257905884595692],[31.31697688742131,3.260475348297426],[31.318583246458825,3.262509880341122],[31.321110941050584,3.263711287083348],[31.321110946173178,3.2637112963345802],[31.321111199918242,3.263711416938949],[31.32111316217601,3.263715298360249],[31.32273183635303,3.266638568814273],[31.324555506641556,3.265717501945867],[31.32746906396266,3.26585813049637],[31.32895159814308,3.262659084378751],[31.329377562733534,3.2625220674540625],[31.33018475698971,3.2607859591729236],[31.330159735539997,3.260336637338578],[31.330484720585634,3.2601407993753435],[31.331002670192024,3.259026796650485],[31.330710222217636,3.258510102491895],[31.33239225836712,3.256038079226273],[31.3328938047212,3.2549593565123423],[31.332325518086567,3.25376895332125],[31.33336575947062,3.253944279233825],[31.333567087647655,3.253511263868928],[31.33458247069207,3.25094765550642],[31.33477297394301,3.2509176512813007],[31.336942491024818,3.2462514677164616],[31.336569206806853,3.245253947745726],[31.34059604459342,3.2379997212911382],[31.342070881207935,3.2287819924504086],[31.33749452896326,3.227682031502266],[31.334115554502617,3.227967538466334],[31.327914017507123,3.225793929986813],[31.326237075213125,3.222525169121602],[31.32623714988693,3.222524984483772],[31.326236956096796,3.222524607558114],[31.326239862467446,3.222518277379544],[31.32680451354285,3.221122125784279],[31.324906294490436,3.2202524489891435],[31.324882000193394,3.220242182535009],[31.32488154706796,3.2202411108566786],[31.324881317032414,3.220241005464955],[31.324880883869696,3.220239542339086],[31.32375770728981,3.217583138800263],[31.323982187283004,3.2172039481753605],[31.323912921632083,3.216969984445226],[31.324148629092157,3.216922795397664],[31.324197902240968,3.216839563409714],[31.32964448539973,3.215822345640407],[31.329644608387138,3.2158224906883053],[31.32964471611398,3.215822469121203],[31.32993837882502,3.2161689552950246],[31.33091562632179,3.217321493556118],[31.33406075977535,3.21851946207775],[31.333341366955167,3.220849273276608],[31.338267652874567,3.220118463089695],[31.34463329022064,3.222825308173871],[31.346755237836383,3.223727610763786],[31.35090687089839,3.221412983481429],[31.35118469623266,3.221187990237262],[31.351239464932473,3.2212275549491527],[31.352035771028916,3.2207835966829945],[31.35208607328881,3.219988497835222],[31.3533100093304,3.219572450563976],[31.35379526029338,3.2198026424913],[31.3538,3.2198],[31.384674905294176,3.2235364535069384],[31.38523621527804,3.223557219229807],[31.389112785059513,3.219800960390361],[31.39180776110853,3.2205255555953363],[31.399399532669776,3.216993272993923],[31.399624187090122,3.216544181907581],[31.398973794496946,3.211713900031384],[31.397956846471832,3.210669987002062],[31.40052614414828,3.206247915654497],[31.401507220974864,3.206581131703738],[31.402878373962803,3.205190579141208],[31.401701405417725,3.203786928038466],[31.39551513973236,3.200788969579344],[31.383338279332726,3.191965478502435],[31.383214319011017,3.191968179975511],[31.3832,3.192],[31.382838726449368,3.1919763652817346],[31.38077286225155,3.192021386756604],[31.37931945148809,3.192938236295039],[31.377909653721535,3.19175699278378],[31.37711273713131,3.19263415413343],[31.375403810201817,3.191872948252259],[31.373550627899807,3.193366262873391],[31.37391274915549,3.19161072060385],[31.372422362316758,3.19136680480152],[31.372335015359152,3.1907348801957234],[31.370107385088062,3.183104606393588],[31.369354348183563,3.182269251819081],[31.36939914119394,3.180678667537871],[31.3638,3.1615],[31.3497,3.1604],[31.34583211009065,3.135149247006897],[31.343975730958764,3.135679182048188],[31.337164652683352,3.142142439278406],[31.331417890738503,3.136202155561663],[31.329197586180626,3.135639559439646],[31.328622498969022,3.134561985625535],[31.32766883390182,3.13521798241625],[31.32566496048982,3.134876045961578],[31.324122452447643,3.131722228141327],[31.32206208169399,3.129524640539103],[31.3205920162827,3.129699169900954],[31.31916647171085,3.12822228073485],[31.3188324488986,3.126527419631124],[31.313343581821854,3.121631495262239],[31.310369878965517,3.120329545393716],[31.309161086380126,3.118832130821733],[31.30537179458889,3.118586445497298],[31.30458008294148,3.117069371202878],[31.302398924899993,3.116068483324544],[31.298212837923092,3.115543066749699],[31.293209489254764,3.117309966056645],[31.287337698215268,3.116203537199232],[31.282229810672895,3.121440748779852],[31.280145879939464,3.121497618994911],[31.27845578130172,3.123170594555579],[31.276229527862444,3.12354651691657],[31.277757746858157,3.126629720218697],[31.280535088520722,3.129190399544517],[31.276928619575152,3.129882796603967],[31.27560655780336,3.123722634061398],[31.27431584673154,3.123701951753137],[31.272122946572946,3.121950903607974],[31.26738874664671,3.127709024277935],[31.26536966186049,3.12881041179749],[31.266388164931552,3.133099710058437],[31.26824374973303,3.135250163122155],[31.268525978741266,3.136977339472395],[31.267372074375633,3.142818621092732],[31.270586568801992,3.149682977799063],[31.267175882215664,3.151434598622785],[31.264725208439316,3.146236466876758],[31.263787370633978,3.147716392988314],[31.26243702857304,3.152873869571399],[31.263382294403677,3.153782737467957],[31.2632634725455,3.155371563250996],[31.26166921929529,3.157777737934397],[31.2595220671429,3.157919594306989],[31.258750943748062,3.16198067724178],[31.257501874202415,3.163152138917905],[31.256888004503587,3.173445432791715],[31.257530409786504,3.176737025754893],[31.256722306638657,3.176875333036041],[31.253001446137006,3.1738298181457],[31.247586011866602,3.164311809680533],[31.248965934980863,3.16131453972093],[31.25207824767672,3.160705025276399],[31.252754009204182,3.15946945479717],[31.248840343195358,3.150998066419219],[31.250207988251656,3.150121739335779],[31.255633287138785,3.138230791920815],[31.258763840724296,3.135203432916433],[31.256243100725086,3.133032836944956],[31.251395439385416,3.124572293263572],[31.253925162498703,3.120210588033022],[31.25052317122957,3.118552108908113],[31.247572643664217,3.118828126732482],[31.246513275565555,3.119389677540786],[31.246584240521333,3.120587142457008],[31.243730709986266,3.124238208581907],[31.24247578161157,3.130860117542468],[31.239164013452054,3.136579605892808],[31.236002007294942,3.140126466667315],[31.23607235071522,3.14155526015471],[31.231392988549864,3.142578505643483],[31.231500894761925,3.144786114684984],[31.228888823085317,3.147776727419602],[31.22826363490462,3.151214636293097],[31.222289335213915,3.158480906210231],[31.219872959615124,3.160241853357626],[31.223323160530654,3.164382126176387],[31.22368009438262,3.166047736201443],[31.22973499978759,3.169931754154315],[31.23290185954896,3.175415484768342],[31.230406693292945,3.178430021762478],[31.22925377092942,3.178591612843978],[31.228236245677905,3.177155106337208],[31.227177278921005,3.177093363726837],[31.22677786223572,3.178204926327622],[31.227430418486186,3.179254943690676],[31.223069735670027,3.182959428554561],[31.22471671500265,3.184696664866017],[31.22717222147546,3.185460525905059],[31.227786222105024,3.191520962164631],[31.23297510673721,3.194497406155156],[31.23375390939467,3.19598245096324],[31.241186261356265,3.2012508692840105],[31.241892051138674,3.199221338905009],[31.243047491709316,3.199749594124951],[31.242896066360835,3.198291082364157],[31.243371662903975,3.1983608477703376],[31.243369603255537,3.198192512404451],[31.24353535253417,3.198384859453566],[31.243845217149907,3.1984303135913],[31.246463307240138,3.201782662763942],[31.246474479141725,3.20179562741948],[31.246985330074278,3.201440440660027],[31.247650283420505,3.200975527205558],[31.247650649304045,3.2009778544804535],[31.247652627958686,3.200976478752456],[31.248009519082743,3.203260503897361],[31.250431839641827,3.204652747751791],[31.25043135875681,3.2046534382177767],[31.250432216527802,3.20465393148775],[31.247562731611826,3.2087722803588226],[31.247349271750025,3.209078771035291],[31.247375723195077,3.209284016662084],[31.24755519323899,3.210675991108962],[31.24790689716264,3.2108897017144646],[31.249767912987448,3.212020225826123],[31.250802977771567,3.213733435831524],[31.25217915988937,3.218224208349392],[31.25025900069316,3.219045187202535],[31.249618028905868,3.220685696378252],[31.24927931385872,3.223921097018193],[31.249125799470658,3.225388440728408],[31.250199669530186,3.226832509913506],[31.245326696814786,3.227954374827106],[31.24511862492523,3.228002348640034],[31.24511860365259,3.2280022824250065],[31.24511796002553,3.228002430602034],[31.24349041099927,3.222942319516167],[31.243482790876698,3.222945237841367],[31.240821881156638,3.226807746542128],[31.240820842851814,3.226809676508753],[31.23998416470352,3.2260105119449687],[31.238851524092233,3.226302635225775],[31.239364609493173,3.22734505896005],[31.239364388713643,3.2273455286381485],[31.23936442249028,3.227345597191524],[31.239133211184612,3.2278373270490595],[31.237908277138036,3.2304432058302],[31.237907921388747,3.230443218551728],[31.237907720372263,3.23044364606459],[31.23642432174209,3.230496271797011],[31.235630704023876,3.230524651417861],[31.23475727262558,3.2319221544665],[31.23475671634783,3.231921983726883],[31.234756502587924,3.231922325582626],[31.232935865604823,3.231364309863385],[31.232783633485866,3.2320677270013767],[31.232763667941544,3.232160248740963],[31.234803978257368,3.234307756882389],[31.23456331119184,3.2344367066275357],[31.234578580405866,3.234456020313528],[31.23399452091984,3.2347414652385877],[31.232394775115175,3.235598611243833],[31.23232721672786,3.2355563197722765],[31.232156453965484,3.235639775935691],[31.225946664574888,3.231562101576454],[31.22591513023715,3.231542361117861],[31.224207417329925,3.233980393084592],[31.222606549783336,3.233715107266983],[31.22053851810259,3.234653710595805],[31.209452381850944,3.242563109422934],[31.207011057396628,3.242748704836402],[31.205897472772186,3.242506002209817],[31.20402728489582,3.239901970633569],[31.203708620009948,3.239458347517146],[31.20370862701266,3.2394582744679297],[31.203708370725387,3.239457917616001],[31.204079170942222,3.235588987167649],[31.20212137363647,3.2312774374277713],[31.20064668889948,3.2313429801661506],[31.19955370447569,3.23139218402617],[31.196412934689754,3.233447394080563],[31.19638574315912,3.2334534443454888],[31.19098055737542,3.23472770114078],[31.190664328775732,3.234726490472882],[31.19014593143456,3.234841836728791],[31.182057994803774,3.234770468176082],[31.181850122698997,3.234692745655518],[31.181615087206918,3.234691845832019],[31.179204641200872,3.2337036110606627],[31.179102423533244,3.233665392297338],[31.18029776710444,3.231034713869384],[31.181495250551688,3.231211297100101],[31.181943633532203,3.2312769731627906],[31.18232442979316,3.229602264135465],[31.18232526588894,3.2296021397418184],[31.18232535476148,3.229601749015705],[31.182451889351572,3.2295833008066417],[31.183696102068122,3.229398187856592],[31.182431627346073,3.2276685741156514],[31.179480572795605,3.227259668878102],[31.17658102861204,3.225201933057528],[31.17495281773981,3.225388035921308],[31.173592476402032,3.223722654418741],[31.16877535708599,3.229853442977777],[31.163286743663075,3.230955712863303],[31.161052147315267,3.229803591669619],[31.15584357770526,3.23453858292127],[31.145942256102913,3.238783848214865],[31.14530993649073,3.240074061623961],[31.147380107338755,3.243129396605108],[31.150371895597623,3.244048828701526],[31.154157794004604,3.246892755808252],[31.1522550312788,3.258719625144633],[31.15049564585294,3.26316653829756],[31.1495551583146,3.262783086158489],[31.146510371333992,3.265976473992505],[31.146446540694317,3.269097321600881],[31.14256373421222,3.268911152182702],[31.144750961788606,3.270911604818123],[31.142419155550627,3.274755218321585],[31.13371515958818,3.298069601199019],[31.129663008687626,3.304908021755309],[31.129503305706386,3.306537729254594],[31.13365694672398,3.3067633928091373],[31.1373,3.305]],[[31.34492621569375,3.168466115829183],[31.350952395973888,3.168039825138774],[31.352663158699016,3.170969295691023],[31.36007115947939,3.16968081342374],[31.360785902960004,3.169968668734712],[31.360951768519598,3.172345567502289],[31.36040429985151,3.17372532060341],[31.359119364901638,3.17410666520361],[31.352130160356285,3.174862106510782],[31.346152328844187,3.176613026956399],[31.343952019043332,3.176221460562044],[31.342932717193367,3.171958253298035],[31.343603747819362,3.169817331936103],[31.341248085860965,3.168639503083045],[31.342796021169917,3.167254227203441],[31.34492621569375,3.168466115829183]],[[31.318364405728655,3.178010969452428],[31.32286139093085,3.176648897758384],[31.323886710433893,3.173379045988176],[31.327178351864603,3.172761839461956],[31.329529834397263,3.173389036233954],[31.335172923695886,3.170563626460908],[31.335596239808204,3.176707198201445],[31.33493883598225,3.178820414786166],[31.33403252636634,3.179134398141026],[31.332597446395145,3.177598171207733],[31.328250081279094,3.17545660227228],[31.324170659263228,3.177990094080117],[31.321429814300092,3.178396873293957],[31.319809894756638,3.18030257570594],[31.318412384919743,3.178999223621359],[31.318364405728655,3.178010969452428]],[[31.296370487186472,3.15100084750861],[31.29845524486708,3.144882665914694],[31.30259358588424,3.141506621836574],[31.29676648494256,3.135011722910783],[31.296595092365756,3.131322108128119],[31.297278485966718,3.130036644383616],[31.29964799337868,3.131048265812502],[31.30436001093262,3.134954698288908],[31.311173361353223,3.132316121836688],[31.310835069508308,3.135822071187769],[31.305962390401536,3.137267214270297],[31.308484848681967,3.145676934763333],[31.311812582331534,3.149246063625005],[31.311941381077506,3.155304876715982],[31.31387585567984,3.158374392386741],[31.31557440315986,3.164301880142401],[31.311295034743733,3.165030179123177],[31.308475375561887,3.163923856611632],[31.307032945809073,3.165099511625405],[31.30252827342869,3.164930570122377],[31.3024371521752,3.162327913435239],[31.30033727366641,3.160108953592108],[31.29970677583359,3.157384727308692],[31.294887118432396,3.15227896089483],[31.296370487186472,3.15100084750861]],[[31.292825179730873,3.216253871885162],[31.292836021856544,3.216237412101471],[31.295227374209524,3.215544991328473],[31.295228117320793,3.215548080888676],[31.295228535064844,3.215547960465355],[31.295607506380986,3.2171254292471483],[31.296890777880165,3.222460760191256],[31.29204385521598,3.222238487594337],[31.292050852977713,3.217429402519081],[31.29217066465497,3.2172475125141893],[31.292172165089482,3.217186822515807],[31.292825179730873,3.216253871885162]],[[31.28046056122208,3.172757660300555],[31.280119839266,3.174280332222262],[31.28150468497909,3.177792413884086],[31.28412404104178,3.180025729551364],[31.28400818346897,3.182345711562676],[31.27994650031698,3.182703636790849],[31.2761605963845,3.170790266973508],[31.278078605031144,3.172406862094594],[31.28046056122208,3.172757660300555]],[[31.279870998466983,3.163333486693896],[31.278025650146024,3.166387830035411],[31.275088301530726,3.16684942542475],[31.273846089433366,3.162476312669843],[31.27917709885851,3.16211457871639],[31.279870998466983,3.163333486693896]],[[31.272910228579,3.20768857437252],[31.27572610296328,3.205747048352844],[31.27579693707447,3.20568738149559],[31.275801982839813,3.2056947296998963],[31.275802056873758,3.205694678654],[31.276965051564947,3.2073885196479153],[31.278737942546886,3.209970400545618],[31.278737889321867,3.2099705651989265],[31.27873795841749,3.209970665833089],[31.27774781577796,3.213036669609956],[31.277746995072135,3.213035928521957],[31.27774571284561,3.213039895131065],[31.277727393773972,3.213018228773316],[31.272599360403042,3.2083876731363685],[31.27259474078119,3.208384739956362],[31.27259715529956,3.2083827060955494],[31.272910228579,3.20768857437252]],[[31.272045562586484,3.203260094592545],[31.272044765879908,3.203260312177373],[31.27118221590558,3.202177664974381],[31.271194987468466,3.202166062385789],[31.274205417557482,3.199291514792737],[31.274237056819324,3.1994024320093137],[31.274312150039496,3.199334212031268],[31.2756882188556,3.2044897458241],[31.2757099316107,3.20456586385656],[31.275708185708112,3.2045645529715765],[31.27570970270084,3.204570236486233],[31.27567000156304,3.204535882974338],[31.273457331864822,3.2028745328505837],[31.27204710936485,3.2032596721591],[31.272045856321622,3.203260463421841],[31.272045562586484,3.203260094592545]],[[31.259008959452594,3.200751833743118],[31.260682098224372,3.207612715905658],[31.25951235212363,3.208894119359421],[31.25867587093924,3.207485805707517],[31.257182734441134,3.201156340133375],[31.259008959452594,3.200751833743118]]]}},{"type":"Feature","properties":{"n":"Omugo","c":"340103","d":"Terego","od":"Arua","dc":"340","k":"OMUGO","a":["OMUGO"],"lat":3.245819,"lon":31.091241},"geometry":{"type":"MultiPolygon","coordinates":[[[[31.16451848717825,3.151879864223432],[31.165837765117928,3.154782111786678],[31.169263832314197,3.156742345890423],[31.169568158903527,3.158456391135109],[31.167665194522524,3.160873538557099],[31.171587170058686,3.165251416904843],[31.169373805741856,3.165417621767638],[31.167936615582942,3.167026130446777],[31.17010965733102,3.170779131690207],[31.173350469141152,3.172081564799253],[31.1695557645732,3.176588636085427],[31.16645032234261,3.17801663653551],[31.164376975924082,3.184595035048929],[31.16859345528896,3.184347875459145],[31.17677403577727,3.181578184988618],[31.181157574581675,3.175043963413392],[31.18069086054179,3.172176976106863],[31.184859175480334,3.17086426942928],[31.189056522946252,3.171849161374394],[31.196110658909966,3.170631183915141],[31.195084517791408,3.173002266208272],[31.19296194084841,3.174515830987987],[31.203001811157435,3.179172769727865],[31.209065317503637,3.185337716999718],[31.213248004588436,3.183223291451903],[31.223069725924837,3.182959419554727],[31.223135806400098,3.1829033001843463],[31.227430418486186,3.179254943690676],[31.227430169721536,3.1792545434076307],[31.224580620220387,3.178351809904345],[31.22265035873538,3.175791190051574],[31.21508377917757,3.173471255877196],[31.21233863078207,3.173902957534506],[31.20656421777906,3.169991399863815],[31.205434008400573,3.170574727582633],[31.20113929210344,3.166857858514121],[31.19835480572847,3.163677157071361],[31.199572261946464,3.159462169512846],[31.20274151390906,3.15680689763876],[31.194765894771958,3.155798068718408],[31.188759802097202,3.153161561761077],[31.184495807365785,3.151943282029523],[31.179025648555704,3.151834430899804],[31.17527518048368,3.150102005379789],[31.172201034265928,3.147836732541381],[31.170192862623985,3.14347775137733],[31.165681407644428,3.13808113628256],[31.16316870280463,3.138147737753908],[31.159313975388294,3.136931855287133],[31.156553812624708,3.14013223351531],[31.16470651537996,3.150337887162091],[31.16451848717825,3.151879864223432]]],[[[31.197209498263135,3.195091695785456],[31.200197431035445,3.195636106143695],[31.200197446864202,3.1956361340307655],[31.20019769687961,3.195636149091668],[31.20121905598994,3.197435176373811],[31.208275581605232,3.2025202551518235],[31.208548411660548,3.2025750310311407],[31.208686918855786,3.2022738144831573],[31.207758475957665,3.2003807677887974],[31.207756306668113,3.20037775185311],[31.207756660640573,3.2003770664518374],[31.207756473324093,3.20037668452329],[31.207757701286184,3.200375051436824],[31.208655850799747,3.198635953383066],[31.209117697675705,3.198566370442094],[31.209183279921305,3.198479151562602],[31.20930586773246,3.1985380202969846],[31.209697938391436,3.198478950005638],[31.21462293030801,3.2010913634190046],[31.214622986962375,3.2010913906253853],[31.217806855158063,3.201576861136373],[31.221415396983,3.1988730232792975],[31.214836104441765,3.195148910772993],[31.214412859371087,3.194120157149193],[31.20692879061091,3.195941996262203],[31.20427288681429,3.190438812747451],[31.202382476274988,3.188433678648106],[31.197581770283065,3.186536414358081],[31.194184688156504,3.181918406235165],[31.191431867356894,3.187087479930911],[31.192050525362685,3.189169499213199],[31.197209498263135,3.195091695785456]]],[[[31.02758901826134,3.269236484009606],[31.028194183486253,3.270496355866745],[31.03095027166847,3.2734700299580846],[31.031007670655743,3.2735035089642],[31.031029556495117,3.2735555741131495],[31.0345,3.2773],[31.03532644628248,3.2768778903395948],[31.03551988514979,3.276169007764741],[31.039287079792814,3.273768265216857],[31.040843947713096,3.2740598116519135],[31.0531,3.2678],[31.066025453867205,3.273048915276022],[31.06655679559597,3.272821345479843],[31.06885342091413,3.2741973282900014],[31.07108855315191,3.275104996203821],[31.072568480252638,3.275073446902233],[31.074074290095954,3.276071283297633],[31.071993790589975,3.283926817846546],[31.072505007889703,3.284867054833419],[31.071927152890453,3.285002459797215],[31.07342788798853,3.288785518087655],[31.071141472447582,3.294165214695933],[31.069679596360913,3.2956277955546045],[31.081936102238767,3.2999078452262363],[31.08491469373139,3.299882496292673],[31.084583627589314,3.300832377888332],[31.089414625507825,3.302519393034478],[31.089429947588183,3.302404338223698],[31.092769498940907,3.302225628890353],[31.097675883629243,3.298866737337915],[31.099043460559166,3.298870023602477],[31.102975670533194,3.301770445050175],[31.102976039072125,3.300582364225255],[31.10390926743402,3.300779470356936],[31.106955249391802,3.29838802624581],[31.110231294583716,3.297720264723165],[31.110261611971445,3.2965346350165],[31.111954395075344,3.296462789460169],[31.11232569008703,3.300572697569033],[31.114019862203662,3.301334121561911],[31.119554089848926,3.301068322049164],[31.12012279703309,3.30232011310108],[31.121169462600413,3.30254036736032],[31.1188093354195,3.304461636621641],[31.118642626420787,3.305726640285044],[31.129503294172125,3.30653772866918],[31.12951631429402,3.30640498162109],[31.129663008687626,3.304908021755309],[31.132742733481845,3.299710670062995],[31.133715179348403,3.298069548269609],[31.142419155550627,3.274755218321585],[31.144750961788606,3.270911604818123],[31.14256373421222,3.268911152182702],[31.146446540694317,3.269097321600881],[31.146510371333992,3.265976473992505],[31.146799905398105,3.265672809216035],[31.146824235301576,3.265434345974836],[31.149549657213104,3.26278885574129],[31.1495551583146,3.262783086158489],[31.150495622491793,3.2631665287728393],[31.150495741294016,3.263166297066629],[31.151730150255023,3.2600462817680396],[31.15251347469606,3.257113236452355],[31.154157794004604,3.246892755808252],[31.150371895597623,3.244048828701526],[31.147380107338755,3.243129396605108],[31.14530993649073,3.240074061623961],[31.145387119569428,3.2399165737947486],[31.145152443387744,3.239538826416385],[31.145697081047082,3.2392841144386475],[31.145942256102913,3.238783848214865],[31.15584317880304,3.2345387539535637],[31.161050190067773,3.229804488467368],[31.161050809764816,3.2298048076060777],[31.161052147315267,3.229803591669619],[31.163286743663075,3.230955712863303],[31.168775113884895,3.2298534918194837],[31.173589841290138,3.223723557121051],[31.173590823711983,3.2237247578113677],[31.173592476402032,3.223722654418741],[31.17495281773981,3.225388035921308],[31.176138183796816,3.2252525497741518],[31.176580237235438,3.225201711507376],[31.17658061588173,3.225201980232187],[31.17658102861204,3.225201933057528],[31.179480572795605,3.227259668878102],[31.18243162734607,3.227668574115651],[31.182202056417598,3.227354555159413],[31.182991335245426,3.227771928765944],[31.182993733764462,3.2277764217937404],[31.18516659019511,3.2307402655241457],[31.185179930968694,3.2307228646185493],[31.188657970218014,3.225342145228676],[31.188658762141806,3.225340317482368],[31.18862992293776,3.2252206410060045],[31.187869359548518,3.222067189486646],[31.187869975852546,3.2220670245178713],[31.187869677541833,3.22206578659275],[31.189015549554348,3.221759235531782],[31.192146098605505,3.217261190977956],[31.192143867346015,3.216412052950086],[31.188881562752975,3.212961724685343],[31.188881912509444,3.2129610945273814],[31.188881578001112,3.212960740665569],[31.189422109512268,3.21198666366676],[31.189422809811674,3.2119865571828603],[31.189423062938847,3.211986101122381],[31.19183519297965,3.21161822859663],[31.19146931882849,3.209014443685186],[31.18980729985233,3.208094512987279],[31.18917526814071,3.207744694365387],[31.187930055136558,3.208470810564853],[31.18542718932362,3.207985528088336],[31.184113246848504,3.206842646891763],[31.184113398150938,3.20573931254502],[31.1829155738475,3.205653938023729],[31.18204809774618,3.204264098122856],[31.18058246550939,3.203787544881214],[31.178364702259913,3.200276152259927],[31.17451644273465,3.197591977924312],[31.168260466092796,3.197199685639577],[31.165270869953144,3.19340747418756],[31.16353718359465,3.195291171016154],[31.161426514297812,3.187688647243519],[31.157069692375355,3.183620876942186],[31.154618208575066,3.186743199022524],[31.146606016595264,3.186542243846372],[31.141831842567996,3.192043218212178],[31.140847477728265,3.19587537309638],[31.14137165855551,3.197811379930589],[31.145910020461844,3.202520339112363],[31.145598799271635,3.203253072004758],[31.13838401136218,3.203394077195374],[31.13588541950821,3.204239207543248],[31.133041707540368,3.20259763934842],[31.127785108000797,3.205589779860355],[31.125173878018334,3.2024475603346],[31.12277746614254,3.202822888643107],[31.11662535717276,3.200162170349738],[31.112769354006158,3.19990186939347],[31.10497477550516,3.208545043119448],[31.102739958388035,3.209496892448839],[31.101382874491996,3.212601264314382],[31.09137326252684,3.215511705930712],[31.092781645595434,3.216195544336501],[31.091343983268693,3.218987421527749],[31.088623000381503,3.22019213620827],[31.065378118987816,3.22482476440696],[31.05328672045181,3.225859082271241],[31.053100227455822,3.224305014644922],[31.051874883022155,3.223983885688077],[31.046574380698473,3.226779635341443],[31.04600761306378,3.226720516028386],[31.04626952565001,3.224924062103972],[31.046062510675675,3.223239403891821],[31.045730589463265,3.222307853592056],[31.046255158069517,3.224910218802209],[31.04532541987864,3.228749346952804],[31.04650396612483,3.231724382989507],[31.041650934349015,3.231865362119767],[31.040176964428408,3.232601849770159],[31.03969418979699,3.231882118516604],[31.03643982025221,3.232791036066446],[31.03414010670497,3.230749034718739],[31.031551631418523,3.233319089949359],[31.02741703971901,3.239614587283884],[31.028508937857357,3.241689793026375],[31.028705347111547,3.244765632271541],[31.030802072134733,3.24687300707239],[31.029782616523097,3.249519180402028],[31.026808324352015,3.252017638802672],[31.028146461314385,3.25609157304396],[31.025240088869253,3.260777155790761],[31.027741817911064,3.267170778851371],[31.02758901826134,3.269236484009606]]]]}},{"type":"Feature","properties":{"n":"Rhino Camp Refugee Settlement","c":"340104","d":"Terego","od":"Arua","dc":"340","k":"RHINOCAMPREFUGEESETTLEMENT","a":["RHINOCAMPREFUGEESETTLEMENT"],"lat":3.137116,"lon":31.199292},"geometry":{"type":"MultiPolygon","coordinates":[[[[31.34293278627007,3.171958542209799],[31.343952019043332,3.176221460562044],[31.343952173578224,3.1762214880630215],[31.346152328844187,3.176613026956399],[31.352130160356285,3.174862106510782],[31.35786130843274,3.1742426446011502],[31.35911941909229,3.1741066491208403],[31.36040429985151,3.17372532060341],[31.360951751194403,3.1723456111659636],[31.36078538453149,3.1699684599431595],[31.360071248488847,3.1696808492713497],[31.35893745226658,3.1698780004494034],[31.352663158699016,3.170969295691023],[31.350952395973888,3.168039825138774],[31.345578981532267,3.1684199393148673],[31.344927260168355,3.168466180104624],[31.344927044230964,3.1684660572186396],[31.34492621569375,3.168466115829183],[31.342796021169917,3.167254227203441],[31.341248085860965,3.168639503083045],[31.343603747819362,3.169817331936103],[31.343603434859215,3.1698183304345893],[31.343604027437063,3.16981860060437],[31.34293278627007,3.171958542209799]]],[[[31.33365775229977,3.105221548355728],[31.336298925052937,3.111455438464897],[31.339620420597377,3.115734168039727],[31.342804367444884,3.116578891137693],[31.346942643802844,3.1140866948931],[31.34709883534398,3.1142007502237323],[31.3491,3.1056],[31.32908833953898,3.0988256246688386],[31.328970186081573,3.100367152664488],[31.330826164089522,3.103222502600159],[31.33365775229977,3.105221548355728]]],[[[31.34527954286326,3.134908114081576],[31.345784258158112,3.1348368551454198],[31.3444,3.1258],[31.344505322850818,3.1253473358326542],[31.343208818114874,3.127069978020705],[31.344821718744033,3.13108061211905],[31.34527954286326,3.134908114081576]]],[[[31.32142962283253,3.178397033894768],[31.32142968572033,3.1783970245574973],[31.321429814300092,3.178396873293957],[31.323587030386943,3.1780767126589358],[31.324170734932842,3.1779900470861184],[31.328250081279094,3.17545660227228],[31.332597446395145,3.177598171207733],[31.33259747627017,3.1775982031884027],[31.33259753579168,3.177598232508107],[31.332616228872286,3.177618277506921],[31.33403252636634,3.179134398141026],[31.334929766747504,3.1788235567463765],[31.33493883744824,3.1788204100737487],[31.335596239808204,3.176707198201445],[31.335172923695886,3.170563626460908],[31.329604273167703,3.173351765863353],[31.329530283456023,3.173388860567639],[31.329530219411765,3.1733888434629947],[31.329529834397263,3.173389036233954],[31.327178351864603,3.172761839461956],[31.32415043486057,3.1733295957546996],[31.322869196188332,3.1766240059710698],[31.32286139093085,3.176648897758384],[31.322827689180432,3.1766591055305295],[31.318369733390565,3.1781207062773307],[31.318375717463578,3.17824396356806],[31.319807557162203,3.1803003956078104],[31.319809671556886,3.180302367544355],[31.32142962283253,3.178397033894768]]],[[[31.299705785204498,3.1573836778729483],[31.29970677583359,3.157384727308692],[31.30032139475295,3.1600403447069443],[31.30033729167607,3.160108972623071],[31.301808512614752,3.161663624556335],[31.302437088829997,3.162327771511051],[31.302437091396893,3.1623278492102727],[31.3024371521752,3.162327913435239],[31.30252827342869,3.164930570122377],[31.307032478195197,3.1650994940881936],[31.307512202173545,3.1647088928471425],[31.308475375561887,3.163923856611632],[31.30847603894824,3.163924116898144],[31.308476147607355,3.163924028425631],[31.309986829871267,3.16451689137924],[31.311295034743733,3.165030179123177],[31.31557440315986,3.164301880142401],[31.31387585567984,3.158374392386741],[31.311941381077506,3.155304876715982],[31.311812582331534,3.149246063625005],[31.30862604113003,3.145828369371535],[31.30848490729826,3.145677047343806],[31.308484885315934,3.145676974054743],[31.308484848681967,3.145676934763333],[31.305962390401536,3.137267214270297],[31.305962455512006,3.137267194959782],[31.305962390662145,3.137266978750399],[31.30782177469451,3.1367157565834947],[31.310835069508308,3.135822071187769],[31.311173361353223,3.132316121836688],[31.30436001093262,3.134954698288908],[31.29995744105565,3.1313048090959734],[31.299647853063103,3.1310482059071214],[31.29727873389186,3.130036750231096],[31.296975292190265,3.130606952046197],[31.29659517124591,3.131321959754502],[31.296744329276873,3.1345347718481356],[31.29676648494256,3.135011722910783],[31.30259358588424,3.141506621836574],[31.29853387016779,3.14481852367031],[31.296371161780154,3.1509988677645433],[31.296370487186472,3.15100084750861],[31.296370461151998,3.1510008699406664],[31.29637043435026,3.151000946531651],[31.296322556240035,3.1510421461972107],[31.294887118432396,3.15227896089483],[31.29488922691979,3.1522811945482245],[31.297819025945678,3.154541240428664],[31.299705785204498,3.1573836778729483]]],[[[31.303260435548896,3.102102432811502],[31.30360768983536,3.100188529518225],[31.30106404882612,3.095322537775661],[31.294190695393254,3.099238781223098],[31.292891808688644,3.102533494664274],[31.30136005138657,3.104014664240046],[31.303260435548896,3.102102432811502]]],[[[31.295161658589098,3.116620570439323],[31.298212837923092,3.115543066749699],[31.298364340209385,3.1155620825543835],[31.299905980030925,3.114007636554325],[31.299741777439017,3.107197740476127],[31.296450990982482,3.107697426438452],[31.29564420156703,3.11042416424787],[31.29249855128775,3.112689241005786],[31.294996412855117,3.116674802457004],[31.295161658589098,3.116620570439323]]],[[[31.275325477828083,3.09651827706335],[31.277666931311725,3.098238562794727],[31.284862993155418,3.09295864781312],[31.28725913430092,3.100345240039774],[31.289571961210275,3.101239915654947],[31.290676028567894,3.099698029565287],[31.29172688119003,3.094338754865356],[31.297261666420418,3.091981763800015],[31.29607577187943,3.086735848371518],[31.29739874307322,3.083194450240895],[31.29763527973685,3.079885827575323],[31.29160328404682,3.07682514475013],[31.285479105274067,3.078570592434251],[31.28288990330651,3.0810760277601923],[31.2779,3.0872],[31.275246958238274,3.0884717059684306],[31.271542086737664,3.092056716350783],[31.2737406811807,3.09324884916371],[31.275325477828083,3.09651827706335]]],[[[31.282373191806215,3.1785329202748684],[31.28150468497909,3.177792413884086],[31.28150452011513,3.177791995775642],[31.281504519769747,3.17779199548105],[31.281500595260198,3.1777820420234577],[31.280119839266,3.174280332222262],[31.28046056122208,3.172757660300555],[31.278252126087562,3.1724324170882245],[31.278079308730636,3.172407070510826],[31.278079158268337,3.172406943571582],[31.278078605031144,3.172406862094594],[31.2761605963845,3.170790266973508],[31.27952417649316,3.181374680751397],[31.279946622701885,3.1827036260059987],[31.28400818346897,3.182345711562676],[31.284124014247247,3.1800262660966228],[31.282373191806215,3.1785329202748684]]],[[[31.28053506791431,3.129190380545628],[31.27780003151481,3.126668706220151],[31.277758056981604,3.126630038314926],[31.277758027614734,3.12662997907326],[31.277757746858157,3.126629720218697],[31.276348152586888,3.123785843965341],[31.276229517436963,3.123546521764245],[31.275721816055043,3.124259681255315],[31.276925562097453,3.1298685502502828],[31.276929154149126,3.129882693972431],[31.28049829884535,3.1291974627033654],[31.28053506791431,3.129190380545628]]],[[[31.2780256931919,3.166387758787675],[31.279870998466983,3.163333486693896],[31.27917709885851,3.16211457871639],[31.273846089433366,3.162476312669843],[31.275088301530726,3.16684942542475],[31.27782931957486,3.1664186827867535],[31.2780256931919,3.166387758787675]]],[[[31.257263605997778,3.176782689364442],[31.25747831564089,3.176745941695467],[31.256889915566852,3.173455224807074],[31.256888004503587,3.173445432791715],[31.256888044569564,3.1734447609702183],[31.256888036971624,3.173444718477593],[31.25688805562094,3.1734445756620375],[31.257470563343993,3.163677155656472],[31.257445094412486,3.163414745893592],[31.257489092832287,3.1633664554073784],[31.257501874202415,3.163152138917905],[31.258750943748062,3.16198067724178],[31.2595220671429,3.157919594306989],[31.25952292063519,3.1579195379191267],[31.259522928480656,3.157919496630956],[31.25956012212081,3.1579170801204097],[31.26166921929529,3.157777737934397],[31.2632634725455,3.155371563250996],[31.263382242549106,3.153783430841058],[31.26314231520598,3.153551998789417],[31.26243702857304,3.152873869571399],[31.262437485262076,3.1528721253000143],[31.26243729527092,3.152871942036021],[31.26378717889589,3.147716827578349],[31.26378731111863,3.147716620300354],[31.263787370633978,3.147716392988314],[31.264725208439316,3.146236466876758],[31.267175882215664,3.151434598622785],[31.270586568801992,3.149682977799063],[31.267372074375633,3.142818621092732],[31.268525978741266,3.136977339472395],[31.268243778195703,3.1352503373071423],[31.268092131813987,3.1350744518217266],[31.266388164931552,3.133099710058437],[31.26536966186049,3.12881041179749],[31.26738874664671,3.127709024277935],[31.27047770775271,3.1239519774547535],[31.272122937785362,3.121950895986872],[31.267414670481504,3.119042909171915],[31.265050480355814,3.119355495134691],[31.259622229489345,3.123234858017261],[31.258499346003937,3.123091802480516],[31.256662178895336,3.120960122145954],[31.253925174173812,3.120210593897976],[31.253923999395916,3.12021259343491],[31.251452188852664,3.1244744468048737],[31.256242679787682,3.1330321022898215],[31.25624307551149,3.1330327929400834],[31.25625773567237,3.1330454390211813],[31.258763840724296,3.135203432916433],[31.255633287138785,3.138230791920815],[31.250207988251656,3.150121739335779],[31.24884059732913,3.1509979035814224],[31.252477893098387,3.1588717832625215],[31.252754009204182,3.15946945479717],[31.25207824767672,3.160705025276399],[31.248965934980863,3.16131453972093],[31.247857541180377,3.1637220328683946],[31.247586036520396,3.1643118530113155],[31.253001446137006,3.1738298181457],[31.25300371985016,3.1738316791741545],[31.257263605997778,3.176782689364442]]],[[[31.150811168228824,3.128152343386299],[31.15198163773458,3.127743367038337],[31.151724886045653,3.133349211689634],[31.152877536493467,3.13730066560386],[31.156553801818138,3.140132218129628],[31.156615976037504,3.140060155724999],[31.159313975388294,3.136931855287133],[31.15931479696181,3.1369321144330393],[31.159314801610265,3.136932109045292],[31.160655596646897,3.137355037937734],[31.16316870280463,3.138147737753908],[31.165681407644428,3.13808113628256],[31.170192862623985,3.14347775137733],[31.171360324345727,3.146011869252785],[31.172201061876308,3.147836752886883],[31.17509355651803,3.1499681705498723],[31.175275205317895,3.1501020168512714],[31.179025609808047,3.151834413001389],[31.18183291508346,3.151890292922019],[31.184495807365785,3.151943282029523],[31.188759802097202,3.153161561761077],[31.19476585408929,3.1557980508598535],[31.19669637950293,3.1560422540027635],[31.20274151390906,3.15680689763876],[31.200202388497704,3.1589342350575333],[31.19957224182861,3.1594622391634037],[31.19835480572847,3.163677157071361],[31.198370249960526,3.1636947989214423],[31.20543418170624,3.1705746381354896],[31.20656421777906,3.169991399863815],[31.20656595368278,3.169992575756068],[31.206566103380087,3.169992498357538],[31.21233875813008,3.1739029375077754],[31.21508377917757,3.173471255877196],[31.22265035873538,3.175791190051574],[31.222650841671562,3.1757918306984427],[31.225163045537183,3.178536321472374],[31.22644171479985,3.178941402199193],[31.227337481794805,3.1791054008128894],[31.22677786223572,3.178204926327622],[31.226917699193333,3.1778157649880576],[31.226777107180997,3.177446201060508],[31.22709631365622,3.1773186872138517],[31.227177278921005,3.177093363726837],[31.2275988392596,3.1771179426246765],[31.227928294347894,3.176986334750557],[31.228059150281783,3.1771447808647886],[31.228236245677905,3.177155106337208],[31.229252114505467,3.1785892743626634],[31.229254017272854,3.17859157831702],[31.230406693292945,3.178430021762478],[31.23290185954896,3.175415484768342],[31.231252356343948,3.17255920697114],[31.228463580290352,3.1691161813546396],[31.22368009438262,3.166047736201443],[31.223679873131285,3.166046703745598],[31.223679746809594,3.166046640166858],[31.223419498372106,3.1648316808309267],[31.223323160530654,3.164382126176387],[31.219872959615124,3.160241853357626],[31.22011849127723,3.1600629207942457],[31.219908572739172,3.1597799959298],[31.222288132458104,3.158481782725214],[31.22228929877292,3.1584809327668077],[31.224997611324063,3.155186952735303],[31.22826363490462,3.151214636293097],[31.228888823085317,3.147776727419602],[31.231500894761925,3.144786114684984],[31.2314591703624,3.1439324922670573],[31.231392139905125,3.14258001703924],[31.23139305264867,3.142579817014754],[31.231392988549864,3.142578505643483],[31.234186726350835,3.1419675934078746],[31.236072307142372,3.141554375116718],[31.236002007294942,3.140126466667315],[31.236002836058333,3.140125537033339],[31.236002829133877,3.140125396804033],[31.237611698293474,3.138320856691217],[31.239164013452054,3.136579605892808],[31.24247578161157,3.130860117542468],[31.242482002079907,3.1308272938564015],[31.24364173483311,3.124457665207692],[31.243704854912295,3.124374638635966],[31.243730709986266,3.124238208581907],[31.246584240521333,3.120587142457008],[31.246513275565555,3.119389677540786],[31.246556835771838,3.119366587106896],[31.2465013644791,3.116980638306138],[31.245168895396702,3.113411440607078],[31.2453830042005,3.110651140206026],[31.244420846875897,3.107690470392332],[31.248790853431252,3.104124133942826],[31.24981870038313,3.102282560211878],[31.24987908192321,3.098123051211179],[31.2457080370725,3.095071104413655],[31.245294110635662,3.09696721934598],[31.242592612161964,3.096132177868851],[31.242002717052507,3.097690952904248],[31.230916931601218,3.099174246681969],[31.224903284692118,3.099140662457319],[31.216679985786843,3.10039698801245],[31.21387678977565,3.101744586982032],[31.21720680141569,3.107141453278064],[31.214328376516736,3.109653872485985],[31.21230583316406,3.113496698465282],[31.212721968913822,3.118803312611744],[31.208903301297894,3.124894188817557],[31.207094615399825,3.12686937083655],[31.2050127838973,3.12778536492813],[31.203930402057953,3.130402001596017],[31.201312721531874,3.132139778537784],[31.199219399304404,3.135303389361711],[31.195507235112654,3.132959672546528],[31.192853767246856,3.126952607293351],[31.191116662674588,3.1255126892722],[31.18958197186088,3.121158564787358],[31.18622488300316,3.117921688258087],[31.190798003869638,3.117172875803611],[31.19187338847399,3.116040336718727],[31.19205540819489,3.114026238150031],[31.17709467525027,3.105320676859466],[31.17427508563979,3.104642516661337],[31.165037850351197,3.105092199186024],[31.15706401099056,3.110981439835292],[31.154306723978657,3.111660322302622],[31.154855964552542,3.114411044640033],[31.15204848176482,3.117598652693622],[31.151658529361672,3.123764354590394],[31.150668397524818,3.124621234587582],[31.151352686728277,3.126930829923243],[31.150811168228824,3.128152343386299]]],[[[31.16353746096354,3.1952908696473976],[31.164918575519984,3.1937902515585797],[31.16526668454978,3.193409630071024],[31.165267701254063,3.1934109170642837],[31.165270869953144,3.19340747418756],[31.16811448367863,3.197014511403013],[31.16826078414678,3.197199705583725],[31.172173601774404,3.1974450658615465],[31.17451605712213,3.197591822931232],[31.174516263185854,3.197591966665381],[31.17451644273465,3.197591977924312],[31.178364702259913,3.200276152259927],[31.17836491504704,3.200276489166563],[31.178365080765825,3.200276604759196],[31.17868151974364,3.2007777705345197],[31.18058246550939,3.203787544881214],[31.18204809774618,3.204264098122856],[31.18204812282901,3.2042641383096924],[31.182048163839234,3.204264151626696],[31.182070587492163,3.2043001304081047],[31.182915447481776,3.2056537355649826],[31.184111351411836,3.205738008832443],[31.1841113535666,3.2057391668179642],[31.184113398150938,3.20573931254502],[31.18411325783452,3.206762534173621],[31.184113407166645,3.206842786338195],[31.184117345726467,3.206846212139586],[31.18580016963558,3.208057845512844],[31.186507665373306,3.2081950223770423],[31.18853721745209,3.2081167583733454],[31.188972007941768,3.2078632206919386],[31.188931753210923,3.2059226155984457],[31.188931090350767,3.205917655873074],[31.19025660398302,3.205493912336644],[31.190260351617024,3.205489296398968],[31.190919299172908,3.204094873430972],[31.192423863069784,3.2028245126942663],[31.192425690306443,3.202822262098149],[31.1924266642786,3.2028221475267227],[31.192426950708295,3.202821905683196],[31.193303866618322,3.202718959440394],[31.19508006642927,3.2025100194374674],[31.19842022986742,3.195529070297199],[31.19785975501967,3.195210174526696],[31.197209498263135,3.195091695785456],[31.196775102623498,3.194593035215281],[31.196581959663423,3.19448314183948],[31.19207233467416,3.1891945350162887],[31.192050525362685,3.189169499213199],[31.192046234264332,3.1891550580366057],[31.191538964260815,3.187539561592145],[31.191555665540545,3.187504107862755],[31.191431867356894,3.187087479930911],[31.194184688156504,3.181918406235165],[31.197508434908073,3.1864367219324086],[31.197581818375376,3.1865364333644157],[31.202382476274988,3.188433678648106],[31.20427232506322,3.1904382169053256],[31.204272340399154,3.190438233169558],[31.20427288681429,3.190438812747451],[31.20692879061091,3.195941996262203],[31.214412859371087,3.194120157149193],[31.214836104441765,3.195148910772993],[31.221261282617792,3.198785789092448],[31.221415403487903,3.1988730184052514],[31.223332254631448,3.197436744436506],[31.225745024000638,3.196765738949544],[31.225745200365502,3.1967661130973],[31.22574551673888,3.19676595251618],[31.226167031699948,3.1976610036329074],[31.22748828651374,3.2004639685419467],[31.2328790356048,3.202484524528746],[31.237352348161185,3.20416102933331],[31.237352728411445,3.204160953938216],[31.24001891517567,3.2028611126786974],[31.24093126865384,3.2019841123103214],[31.24118625807949,3.201250878706523],[31.238937071757277,3.199656532558379],[31.23375390939467,3.19598245096324],[31.23297510673721,3.194497406155156],[31.22938501173788,3.1924380586376],[31.227787082752396,3.191521517661535],[31.22778707278957,3.1915214501336435],[31.227786222105024,3.191520962164631],[31.22778451536477,3.191504115943275],[31.226879427584812,3.1853694433328847],[31.22471671500265,3.184696664866017],[31.224715999749716,3.18469591041613],[31.222814947976026,3.1829662644588335],[31.222416298516915,3.1829769746373735],[31.221157195437865,3.183489708268297],[31.212841767666198,3.1834286517165924],[31.209065317503637,3.185337716999718],[31.203002089406755,3.179173052632225],[31.201535351412602,3.1784925604237624],[31.19296194084841,3.174515830987987],[31.195084497224215,3.173002280874302],[31.195086419235682,3.172997872581736],[31.196110658909966,3.170631183915141],[31.189056522946252,3.171849161374394],[31.184859175480334,3.17086426942928],[31.181007077391534,3.1720773915082074],[31.180755385380756,3.1725733470716606],[31.181157574581675,3.175043963413392],[31.17677403577727,3.181578184988618],[31.16859345528896,3.184347875459145],[31.164376975924082,3.184595035048929],[31.16640202039332,3.1781698909403446],[31.16644999120679,3.17801718946157],[31.16645017466816,3.178017105083056],[31.16645032234261,3.17801663653551],[31.1695557645732,3.176588636085427],[31.173098902649855,3.1723803569948466],[31.17010965344654,3.170779142897831],[31.16608216408084,3.174128305471188],[31.163215151740243,3.175234602363336],[31.162370457574298,3.174824227766681],[31.157069698280008,3.183620866813267],[31.15732730949427,3.1838614025555994],[31.161426514297812,3.187688647243519],[31.161723976511663,3.1887600910531417],[31.16353746096354,3.1952908696473976]]]]}},{"type":"Feature","properties":{"n":"Uriama","c":"340105","d":"Terego","od":"Arua","dc":"340","k":"URIAMA","a":["URIAMA"],"lat":3.129109,"lon":31.100906},"geometry":{"type":"MultiPolygon","coordinates":[[[[31.24940901953504,3.118437959654058],[31.25020105964303,3.118582242007144],[31.25052317122957,3.118552108908113],[31.25081403249181,3.118693904490025],[31.251341509033587,3.118789992498546],[31.2566619594013,3.120960040241178],[31.2566619839836,3.120960068769411],[31.256662178895336,3.120960122145954],[31.258499346003937,3.123091802480516],[31.259622150261492,3.12323484792362],[31.261164814912135,3.122132431327785],[31.265050480355814,3.119355495134691],[31.267414670481504,3.119042909171915],[31.272122937785362,3.121950895986872],[31.271979721945495,3.122125088383908],[31.27197973078332,3.122125094350097],[31.272122946572946,3.121950903607974],[31.27431584673154,3.123701951753137],[31.27560655780336,3.123722634061398],[31.275625959553977,3.1238130367490493],[31.275638500024854,3.123814096024853],[31.27611681707067,3.1237048300508303],[31.276229517436963,3.123546521764245],[31.276288546324675,3.123665600497188],[31.276288552114465,3.1236655991745774],[31.276229527862444,3.12354651691657],[31.278454543983226,3.123170803487626],[31.278455878118198,3.123170498719986],[31.280145879939464,3.121497618994911],[31.282229810672895,3.121440748779852],[31.287337698215268,3.116203537199232],[31.293209489254764,3.117309966056645],[31.29330438235844,3.1172764551881786],[31.294996401957196,3.116674805785778],[31.294986933224067,3.1166596768581405],[31.29249855128775,3.112689241005786],[31.29250090024907,3.112687549597898],[31.292500667686973,3.112687178015437],[31.294732207652306,3.111080860331732],[31.29564420156703,3.11042416424787],[31.296450990982482,3.107697426438452],[31.296487640725097,3.107691861397344],[31.299739736458406,3.107197584277325],[31.299739747803578,3.1071980486639568],[31.299741777439017,3.107197740476127],[31.29989619772915,3.1136019398006805],[31.299906088873573,3.114006809357885],[31.299905963143534,3.11400693619165],[31.299905980030925,3.114007636554325],[31.29838506423877,3.115541186373493],[31.298364348827334,3.115562083636065],[31.302398924899993,3.116068483324544],[31.30458008294148,3.117069371202878],[31.30537179458889,3.118586445497298],[31.309161086380126,3.118832130821733],[31.309331627948396,3.1190433924000587],[31.309755490437595,3.119092280011843],[31.31036725032619,3.1203262891172643],[31.310369878965517,3.120329545393716],[31.313343581821854,3.121631495262239],[31.3188324488986,3.126527419631124],[31.318832723337938,3.126528812160443],[31.318833398973815,3.126529414933378],[31.319166906215187,3.128222730888961],[31.3205920162827,3.129699169900954],[31.32206208169399,3.129524640539103],[31.32206271290961,3.1295253137925063],[31.322062761640694,3.129525307936869],[31.322062899737205,3.129525513062472],[31.324122452447643,3.131722228141327],[31.325664765678773,3.134875647650172],[31.32566504335273,3.134876060101118],[31.32766883390182,3.13521798241625],[31.328622498969022,3.134561985625535],[31.328622781161684,3.1345625143860745],[31.328623204368647,3.13456222324167],[31.328776504511815,3.1348505546230574],[31.329197586180626,3.135639559439646],[31.331417890738503,3.136202155561663],[31.337164652683352,3.142142439278406],[31.343975730958764,3.135679182048188],[31.344970146375655,3.1353953092304225],[31.345358409667053,3.135059650275931],[31.34533687570401,3.134900019464115],[31.34527954286326,3.134908114081576],[31.344822309644996,3.1310855521702825],[31.344821605128214,3.131080329602275],[31.343208818114874,3.127069978020705],[31.343208981779572,3.1270697605624083],[31.34320897495429,3.127069743589822],[31.3432241465842,3.127049611363181],[31.344505322850818,3.1253473358326542],[31.34450458265132,3.1253505171155926],[31.344504582651325,3.125350517115589],[31.34709970047125,3.1141970320171724],[31.34709970047125,3.114197032017172],[31.34709883534398,3.1142007502237323],[31.346942643802844,3.1140866948931],[31.342804367444884,3.116578891137693],[31.339620420597377,3.115734168039727],[31.336298925052937,3.111455438464897],[31.33365775229977,3.105221548355728],[31.330826164089522,3.103222502600159],[31.33029909891253,3.1024116333372835],[31.329874147675127,3.102056143584181],[31.328972277608578,3.10037037039739],[31.328970186081573,3.100367152664488],[31.32908833953898,3.0988256246688386],[31.329088366985363,3.0988256339600264],[31.32369614451077,3.097000251254619],[31.32329220590864,3.097071695689491],[31.319408667821875,3.093987084144066],[31.318884835838862,3.092572100711904],[31.305960276836874,3.08018358332751],[31.297635291129115,3.079885832199388],[31.297564297211075,3.0808787154855084],[31.29739874307322,3.083194450240895],[31.29607586083193,3.08673561025884],[31.296170972111035,3.0871569755008887],[31.297261666420418,3.091981763800015],[31.29172688119003,3.094338754865356],[31.290676028567894,3.099698029565287],[31.289571961210275,3.101239915654947],[31.28957131981298,3.101239667541905],[31.28957110065378,3.101239973402956],[31.28859907800754,3.1008635732341734],[31.28725913430092,3.100345240039774],[31.284863018408632,3.092958725661287],[31.277667056481675,3.098238543874022],[31.277667006821687,3.0982385073913425],[31.277666931311725,3.098238562794727],[31.27579081832817,3.0968601666751314],[31.275325532759638,3.096518344920023],[31.27532551205781,3.0965183022122207],[31.275325477828083,3.09651827706335],[31.2737406811807,3.09324884916371],[31.271542086737664,3.092056716350783],[31.27155129837861,3.0920478027276186],[31.272550644293204,3.090823174779413],[31.262216743047734,3.095178228146809],[31.25514651802183,3.099614285540623],[31.249879092992252,3.098123056208827],[31.24981872594119,3.102282015329149],[31.24981870782152,3.102282047802607],[31.24981870038313,3.102282560211878],[31.248790928818824,3.104123998872354],[31.248790926724183,3.1041240026263],[31.248790926723142,3.1041240026271497],[31.248790853431252,3.104124133942826],[31.244420846875897,3.107690470392332],[31.2453830042005,3.110651140206026],[31.245251912119308,3.112341185257278],[31.24569621277779,3.114823931154224],[31.2465013644791,3.116980638306138],[31.246556835771838,3.119366587106896],[31.247572643664217,3.118828126732482],[31.248480183531772,3.1187432276172484],[31.24940901953504,3.118437959654058]],[[31.30352914573769,3.1006214278669377],[31.303260435548896,3.102102432811502],[31.30136005138657,3.104014664240046],[31.292891808688644,3.102533494664274],[31.294190695393254,3.099238781223098],[31.294191692532795,3.0992382130810365],[31.29419179916886,3.099237942177338],[31.299045293662395,3.096132338200818],[31.301061240023355,3.09532408163111],[31.301061262803323,3.0953241251730828],[31.30106404882612,3.095322537775661],[31.30360768983536,3.100188529518225],[31.303607302623217,3.100190663650551],[31.303607439671904,3.100190925607457],[31.30352914573769,3.1006214278669377]]],[[[31.05036876853351,3.142992581073467],[31.053058456539397,3.142523087264594],[31.052175423176724,3.145220013831181],[31.04794498281325,3.149928876638898],[31.05261512127511,3.15016359618797],[31.056944360343,3.153377021246731],[31.05769003741734,3.152879187198891],[31.061886214944515,3.159072476833766],[31.06416452990302,3.157203450841575],[31.067090336687546,3.158273799668787],[31.068784062795693,3.160611743815157],[31.07191440680681,3.159594373769499],[31.07519247187514,3.157256226007457],[31.075082891800875,3.158446293535408],[31.07696486874505,3.162097913539728],[31.077999673471474,3.162874010926211],[31.079976668937846,3.162603196768875],[31.079143181856697,3.165050381535937],[31.079418141071624,3.169506463564989],[31.083230733438995,3.16890410549725],[31.092291984749043,3.174839070905586],[31.103827538391812,3.185358188706824],[31.10871669706451,3.18588897392306],[31.11319182332198,3.187467508502681],[31.115276116526598,3.187567436022298],[31.1186770684106,3.186112708902693],[31.122521579040143,3.188161110150174],[31.124920070264686,3.187237971967309],[31.126909302360747,3.187913647612742],[31.132847665821988,3.187532962318501],[31.135741861158223,3.188408571620724],[31.140511007638207,3.187066749658302],[31.143908860752827,3.189650003443129],[31.14447631998504,3.1889961565845524],[31.145160063005367,3.187591234667755],[31.146581079494343,3.186570977267514],[31.146606016595264,3.186542243846372],[31.154618208575066,3.186743199022524],[31.154634151540275,3.1867228933316216],[31.162368882279765,3.174826195788625],[31.16236918392951,3.1748263413871713],[31.162370457574298,3.174824227766681],[31.163215151740243,3.175234602363336],[31.16608216408084,3.174128305471188],[31.170109563616325,3.1707792175984633],[31.16999731628702,3.170585110531527],[31.167936615582942,3.167026130446777],[31.167938212406625,3.167024343275651],[31.167937465241764,3.167023051218363],[31.169225025704897,3.1655841369495357],[31.169373805741856,3.165417621767638],[31.171587170058686,3.165251416904843],[31.167665194522524,3.160873538557099],[31.169568158903527,3.158456391135109],[31.169263867525373,3.1567425442087895],[31.167498455991378,3.1557322807995503],[31.165837765117928,3.154782111786678],[31.16583766214354,3.1547818852558227],[31.165837640851727,3.154781873071501],[31.16582686551677,3.154758134018275],[31.16451848717825,3.151879864223432],[31.16470651537996,3.150337887162091],[31.15869884989717,3.1428174175725943],[31.152877947570392,3.137301307825294],[31.15287782501014,3.137300887826699],[31.152877536493467,3.13730066560386],[31.152274683793834,3.1352339985894346],[31.1517250688926,3.133350537314871],[31.15172509655041,3.133349933330656],[31.151724886045653,3.133349211689634],[31.15198163773458,3.127743367038337],[31.150811168228824,3.128152343386299],[31.151352686728277,3.126930829923243],[31.150668397524818,3.124621234587582],[31.15165836536015,3.12376449652061],[31.15204826812151,3.117599315369322],[31.1520484531436,3.1175991052358065],[31.15204848176482,3.117598652693622],[31.153344640565397,3.116126997640376],[31.154855884837794,3.114410645410344],[31.154306723978657,3.111660322302622],[31.157019338698536,3.110992438775808],[31.157064053147177,3.1109814086996668],[31.165037850351197,3.105092199186024],[31.165046084868308,3.1050917983173303],[31.17373974722233,3.104592544750228],[31.174025839273742,3.104654650349789],[31.17427508563979,3.104642516661337],[31.17709467525027,3.105320676859466],[31.177095125647753,3.1053209389430756],[31.177095161681766,3.105320946765432],[31.17738164317486,3.1054876617836142],[31.19205540819489,3.114026238150031],[31.19205535038476,3.1140268778351072],[31.19205543199421,3.114026925326904],[31.1918734571201,3.116040049378583],[31.191873409951015,3.1160400990694925],[31.19187338847399,3.116040336718727],[31.19119207302246,3.1167578626855943],[31.19079837682801,3.117172607274258],[31.190798237364902,3.1171726298985525],[31.190798003869638,3.117172875803611],[31.18622615071364,3.1179214806804993],[31.189358078327004,3.1209426885458957],[31.18958197186088,3.121158564787358],[31.191116662674588,3.1255126892722],[31.192853767246856,3.126952607293351],[31.192853788863896,3.1269526562311896],[31.192853800393067,3.126952665786655],[31.192876580699718,3.1270042536320024],[31.195507235112654,3.132959672546528],[31.199219399304404,3.135303389361711],[31.200548289707882,3.1332950544722795],[31.2013124037184,3.132140176451089],[31.20131250093006,3.1321401119304535],[31.201312721531874,3.132139778537784],[31.203930402057953,3.130402001596017],[31.20407983227628,3.130040757001601],[31.205012240736064,3.127786164090842],[31.205012500657794,3.1277860496540226],[31.2050127838973,3.12778536492813],[31.20701426608231,3.126904724082005],[31.207094649893186,3.1268693331679485],[31.20890326587086,3.124894227505779],[31.212721968598316,3.118803308588391],[31.21230583316406,3.113496698465282],[31.21230615208793,3.113496092510933],[31.212306150337042,3.113496070179404],[31.21298799925591,3.1122005850462635],[31.214328376516736,3.109653872485985],[31.217206428995087,3.1071417783435784],[31.216600153588246,3.1061582743683824],[31.21387678977565,3.101744586982032],[31.216679985786843,3.10039698801245],[31.21668008484559,3.100396972878617],[31.216680105634026,3.100396962883131],[31.218945937099086,3.1000508042517665],[31.224903284692118,3.099140662457319],[31.229650162446106,3.0991671721961325],[31.230916965261084,3.0991742421782313],[31.242002717052507,3.097690952904248],[31.242590105205256,3.0961388024050907],[31.24259260046367,3.096132174567033],[31.24173089759789,3.095888642351774],[31.249084050012353,3.077720342484082],[31.242343443902264,3.076149223766693],[31.241392211160925,3.077418869310744],[31.240776641348422,3.077696784875379],[31.239102902126245,3.076234193614749],[31.23826437870435,3.077297646137326],[31.235805536607412,3.075329393803009],[31.232897464288722,3.075549281487634],[31.229712761916524,3.074307517722443],[31.22626861503671,3.074572737202626],[31.225312185027487,3.072179531848512],[31.215244711260233,3.0698329778125357],[31.20896852419698,3.074834776935923],[31.2091316472829,3.076016409562239],[31.20650662688989,3.075898543805638],[31.20588927433169,3.076740438025029],[31.20410073511976,3.076906187213583],[31.202977675592035,3.07881430602389],[31.195849390279612,3.078980752734914],[31.19295818069351,3.077957682475506],[31.192567709800986,3.079561315215805],[31.190454452613295,3.079514935906086],[31.190958595955593,3.078489096131565],[31.188614326216694,3.078788642187181],[31.18813353151508,3.08128863750271],[31.18580864447177,3.079839028703968],[31.185271339525972,3.081558466067453],[31.18267227112179,3.080874394753831],[31.18097353767063,3.081766889589831],[31.17877605541854,3.080593060851703],[31.178269831129754,3.082860025248116],[31.176641891464545,3.084165460572119],[31.176509758087754,3.085928185097092],[31.17121557908847,3.087350557782401],[31.170639458856368,3.088143566091861],[31.16930311007055,3.087390609353504],[31.168137013024552,3.089050398123778],[31.162143968244326,3.086554294390387],[31.15820767558264,3.08750192313231],[31.15651490641325,3.090152033967898],[31.155298512743027,3.090159653685899],[31.153612614361677,3.092200287595979],[31.153411717223815,3.093900527933833],[31.147742357744225,3.096620136547109],[31.144632492590144,3.095204686955752],[31.143551969501676,3.096360011189199],[31.136662468183655,3.096239413530078],[31.13429636541119,3.095556330357146],[31.13159028167742,3.09257747271727],[31.12983432081034,3.093867503818028],[31.127336240936497,3.093673085172838],[31.12544662090035,3.094826618097901],[31.12051028355642,3.091843455542604],[31.117741560357334,3.092462431902649],[31.11580305760116,3.094620005022032],[31.111314027928866,3.093192749824088],[31.103107335985765,3.093525092136605],[31.097354337657322,3.088704439100169],[31.093680877569255,3.088174333521584],[31.08568591524599,3.089054641018745],[31.084626938189995,3.088425567835761],[31.086460268598998,3.08004406238134],[31.080858700917815,3.081906685730599],[31.073133763764552,3.080356066234672],[31.0711292259475,3.081618370592257],[31.06646797009414,3.081881050487699],[31.064347880350326,3.083284411825601],[31.064155198056568,3.093302464690737],[31.06213119585443,3.093346300619365],[31.062841218040628,3.098008756755012],[31.063917950277926,3.10062032429428],[31.06663648442799,3.103624393648723],[31.070967209936086,3.105255767370117],[31.071778911873764,3.113591914785414],[31.073429308635557,3.11624353630501],[31.072710992365046,3.117246498734866],[31.06980497867474,3.11795546072818],[31.068099489302632,3.117409897109679],[31.067149294088818,3.119225420207356],[31.065998374869395,3.119675213261565],[31.061180914421016,3.117767823807938],[31.060334648239994,3.118580270630714],[31.059827174019766,3.117774354336845],[31.05902933319984,3.120593193664141],[31.052333683576286,3.120796322876069],[31.0523621563589,3.123116467918703],[31.04922135215852,3.128177404156589],[31.053588706260026,3.134239372533087],[31.053623769272924,3.137788692593047],[31.05180037677973,3.136865979479098],[31.04969491342961,3.137965655364701],[31.048409995490907,3.137278395628708],[31.045551956544305,3.139140480256691],[31.04885492058696,3.142418688848017],[31.05036876853351,3.142992581073467]]]]}},{"type":"Feature","properties":{"n":"Aii-Vu","c":"340201","d":"Terego","od":"Arua","dc":"340","k":"AIIVU","a":["AII","AIIVU","VU"],"lat":3.19179,"lon":31.021473},"geometry":{"type":"MultiPolygon","coordinates":[[[[31.007665081804056,3.223662262505297],[31.013535715420062,3.225160588693298],[31.009774526057544,3.226756973130031],[31.008276048582356,3.230681997212157],[31.00579508672843,3.230974905993263],[31.007490150262484,3.233791043293228],[31.010215895566677,3.235219486959685],[31.011453174573234,3.238651682873792],[31.01082848287231,3.2393372678407677],[31.015124518209454,3.2464745963903088],[31.017344169385623,3.245865769009868],[31.01842176201649,3.2485437076628423],[31.0273,3.2539],[31.025182706031188,3.2594957054889986],[31.025240083606974,3.260777141476187],[31.025249440628702,3.2607620791123417],[31.028146285266658,3.2560918568638106],[31.027884359933715,3.2552936100406],[31.026808324352015,3.252017638802672],[31.026809190653307,3.252016911094157],[31.02680915715091,3.25201680899185],[31.02914599199642,3.2500539563437445],[31.029782616523097,3.249519180402028],[31.030802072134733,3.24687300707239],[31.028705347111547,3.244765632271541],[31.028705286128076,3.244764677248536],[31.02870482834222,3.244764217406795],[31.028531533560077,3.242043649821414],[31.02850894886118,3.2416899653501794],[31.02841050118509,3.2415027093228814],[31.02741703971901,3.239614587283884],[31.031551631418523,3.233319089949359],[31.031691468254017,3.233180248217943],[31.034137214805344,3.230751409714806],[31.034137478907017,3.2307516438168102],[31.03414010670497,3.230749034718739],[31.03643982025221,3.232791036066446],[31.03969418979699,3.231882118516604],[31.040176964428408,3.232601849770159],[31.041650934349015,3.231865362119767],[31.041651627421235,3.231865341986225],[31.041651744129634,3.231865283646077],[31.041829363273024,3.2318601788125725],[31.04650215750493,3.2317244355293777],[31.045439232280938,3.229036646665779],[31.04532541987864,3.228749346952804],[31.045325580337206,3.2287486843781132],[31.045998146407996,3.2236351935746783],[31.045730589463265,3.222307853592056],[31.046062510675675,3.223239403891821],[31.04626952565001,3.224924062103972],[31.04600761306378,3.226720516028386],[31.046574380698473,3.226779635341443],[31.051874883022155,3.223983885688077],[31.051875091548574,3.2239839403370967],[31.051875265626716,3.223983848519326],[31.053099522933355,3.224304145734588],[31.05309960586137,3.2243048517421715],[31.053100227455822,3.224305014644922],[31.05328672045181,3.225859082271241],[31.053560749928195,3.225835641344873],[31.066669316362326,3.22456743302867],[31.069918150695834,3.2239199510608603],[31.076323846445558,3.222153128391788],[31.08862127841389,3.220192479390736],[31.088623000381503,3.22019213620827],[31.091343983268693,3.218987421527749],[31.092781645595434,3.216195544336501],[31.09137326252684,3.215511705930712],[31.091374608654665,3.215511314524286],[31.087062359680644,3.21603372982187],[31.08506310905017,3.214082609508994],[31.082407632715675,3.213616235878141],[31.077477901536298,3.214254071200806],[31.07609729829097,3.210970272355796],[31.072014256867366,3.209504099621444],[31.07129078800989,3.206611100431972],[31.0695905306424,3.206696462824193],[31.068168302311147,3.207810359099759],[31.065323103518654,3.206125691920541],[31.061069369498345,3.207201397950997],[31.059553375245397,3.204762728198765],[31.05589024865199,3.204659210010987],[31.05390574141893,3.20063001636587],[31.05066535230144,3.201937724630892],[31.04886288860874,3.201381586489271],[31.046979884269525,3.198162627558353],[31.043734540804998,3.196192657685159],[31.04031813403694,3.18924362751651],[31.043928104147053,3.188316628484107],[31.047964478379427,3.184575099447541],[31.038159726204018,3.173618406254179],[31.038082572037926,3.172066392119906],[31.041132247917133,3.168600710762714],[31.041137856659617,3.165625965658477],[31.042045820101546,3.165270819171147],[31.04203016866187,3.164228490425359],[31.046790655515593,3.162046994646975],[31.04631491712131,3.160182700587938],[31.043323990866597,3.159625980990093],[31.03689047387729,3.154519582803348],[31.03654261146138,3.147207016946428],[31.037904892540713,3.143262785117364],[31.0353745923111,3.14174907674842],[31.033178545112964,3.141484352180862],[31.033065180076076,3.138842092388216],[31.030759616707602,3.137670512653264],[31.030973942777,3.134958419434895],[31.033379506041186,3.132980775611665],[31.031449394538207,3.132320584813588],[31.02693331304432,3.133071918438635],[31.024491983323767,3.128453960384066],[31.021600564395662,3.12897476032321],[31.019880598491117,3.127375775470106],[31.019744959125543,3.125762789207899],[31.018916912861755,3.125512947359996],[31.019052726116623,3.126333314929349],[31.0180650838264,3.125914656409066],[31.016649374051422,3.127575971181306],[31.016386679310457,3.129309981203959],[31.013792840511528,3.131499619012333],[31.00877517039126,3.131990632710663],[31.00553434584179,3.134310607619804],[31.004217239341855,3.137460509235261],[31.008487113489064,3.144825584723592],[31.010013094721526,3.15072743541743],[31.00623737911657,3.154468311148975],[31.005109196198898,3.154410625133023],[31.005466140330782,3.157254153217158],[31.007910106667786,3.162102010392054],[31.00581867084314,3.163016737462157],[31.004695534741412,3.166186158376854],[31.002205597920984,3.168007560634599],[31.001136259689922,3.170425436197795],[31.00329685730566,3.171881739618391],[31.008145058159542,3.178384996084584],[31.002302224788828,3.177134677019753],[31.001509278312597,3.178302533014942],[31.00336005650584,3.185346788598579],[31.00135457019858,3.188907907320214],[31.001395645736295,3.194336847664438],[31.002618446596127,3.194412339310562],[31.003265082698356,3.19534436284161],[31.002229403195507,3.198071205086072],[30.999472923831977,3.200192274452965],[30.998111765454126,3.202395743988097],[30.99841479526818,3.203915757074863],[30.997440809176343,3.206399472068226],[30.997361180870893,3.207013747567388],[31.002558568340124,3.220494698661864],[31.007665081804056,3.223662262505297]]],[[[31.046017426558244,3.225891873364928],[31.046255158069517,3.224910218802209],[31.04604388195744,3.223862085922636],[31.046017426558244,3.225891873364928]]]]}},{"type":"Feature","properties":{"n":"Beleafe","c":"340202","d":"Terego","od":"Arua","dc":"340","k":"BELEAFE","a":["BELEAFE"],"lat":3.079555,"lon":31.094701},"geometry":{"type":"Polygon","coordinates":[[[31.001394928795435,3.077236977509208],[31.001395756165696,3.077237678202415],[31.000618479704006,3.0790226069469444],[31.001763769957407,3.080953191542422],[31.002444138147577,3.084885358640984],[31.003955989288798,3.085185488826567],[31.006394115857972,3.087391831683443],[31.00872303579079,3.094166741557934],[31.01239897698347,3.095600317634564],[31.01373766878627,3.099161942528875],[31.015231992782734,3.099698691286934],[31.0164935181237,3.102037697065446],[31.01883208698698,3.101931495084529],[31.020815192945715,3.10451506269384],[31.01614890470174,3.106328013779233],[31.016991410694377,3.112765623433126],[31.01627745844905,3.113323519335774],[31.01593395048572,3.115950852626297],[31.01401459205406,3.117035477951278],[31.01402057328321,3.118290960173289],[31.016580038973057,3.119845472276985],[31.018065084876643,3.125914643625673],[31.018065102840747,3.1259146644691893],[31.018721211468154,3.1261927868924735],[31.018916157368835,3.125514302313862],[31.018917188354127,3.1255146114465178],[31.018916912861755,3.125512947359996],[31.019744959125543,3.125762789207899],[31.019880598491117,3.127375775470106],[31.021289233647384,3.1286853283353517],[31.021600620378386,3.128974750239649],[31.024491983323767,3.128453960384066],[31.02693331304432,3.133071918438635],[31.03108030460439,3.1323819897457885],[31.031448981991925,3.13232060314857],[31.03144908084508,3.132320637002238],[31.031449394538207,3.132320584813588],[31.033379506041186,3.132980775611665],[31.033347226446963,3.1330073130721763],[31.03091482445552,3.135706505746625],[31.030759616707602,3.137670512653264],[31.033065180076076,3.138842092388216],[31.033065289195115,3.138844635684232],[31.033065566461,3.138844776756676],[31.03309016721489,3.1394244810508503],[31.033178545112964,3.141484352180862],[31.0353745923111,3.14174907674842],[31.035375491424567,3.141749614627508],[31.035375508021342,3.141749616625458],[31.035375568035064,3.141749660458413],[31.037904892540713,3.143262785117364],[31.037812703640352,3.143529700954778],[31.0463990475873,3.149801013846894],[31.047944971316298,3.149928875208589],[31.048245670487056,3.1495941840579205],[31.052175423176724,3.145220013831181],[31.053058456539397,3.142523087264594],[31.05036876853351,3.142992581073467],[31.04885492058696,3.142418688848017],[31.046051739805534,3.139636517682349],[31.045552237000912,3.139140811989931],[31.045552269471123,3.13914079083815],[31.045551956544305,3.139140480256691],[31.048409995490907,3.137278395628708],[31.04940753798139,3.137811947825313],[31.049695279080765,3.137965464386428],[31.05180037677973,3.136865979479098],[31.053623769272924,3.137788692593047],[31.053588706560177,3.134239402916302],[31.053468837198416,3.1340729920555916],[31.04922135215852,3.128177404156589],[31.049221706151844,3.1281768337492886],[31.04922168886197,3.128176809746301],[31.05236215604933,3.123116442692898],[31.052360744249416,3.12300140017622],[31.052332943862908,3.120797696822095],[31.052333700154907,3.1207976738084438],[31.052333683576286,3.120796322876069],[31.059029246528763,3.120593196293524],[31.059068368113678,3.120455280000768],[31.059827174019766,3.117774354336845],[31.059828325578252,3.117776183118898],[31.059828774113523,3.117774601886387],[31.05994487809133,3.1179612793575573],[31.06033268999819,3.1185771607604713],[31.0608202908841,3.1181140357367103],[31.061180914421016,3.117767823807938],[31.065998123550468,3.1196751137562186],[31.066564957801265,3.119453785846775],[31.067149294088818,3.119225420207356],[31.06754159375552,3.1184758593847426],[31.068098273799183,3.117411595289672],[31.068098553813662,3.117411684533788],[31.068099489302632,3.117409897109679],[31.06980497867474,3.11795546072818],[31.072710992365046,3.117246498734866],[31.073429308635557,3.11624353630501],[31.071778911873764,3.113591914785414],[31.071542679135902,3.111165813730688],[31.070965963040255,3.105255297667503],[31.06663648442799,3.103624393648723],[31.063917950277926,3.10062032429428],[31.063917687034415,3.100619685808512],[31.063917589984914,3.100619578554426],[31.06372342438121,3.100148510133047],[31.062841218040628,3.098008756755012],[31.062841077432,3.0980078334295524],[31.062841027161017,3.09800771146628],[31.06276177781466,3.097487101831865],[31.06213119585443,3.093346300619365],[31.06415481868678,3.0933024729071446],[31.06431456462432,3.085016582944613],[31.064347880350326,3.083284411825601],[31.066459928247575,3.0818863736663955],[31.066467559527602,3.081881316783724],[31.066467568564903,3.081881316273904],[31.06646797009414,3.081881050487699],[31.070592590887703,3.081648612064906],[31.071129281123756,3.0816183358464797],[31.073133763764552,3.080356066234672],[31.07313471588377,3.080356257352683],[31.07313486547055,3.080356163174891],[31.074115245592825,3.080553078175044],[31.080858700917815,3.081906685730599],[31.080884194085986,3.0818982087875386],[31.08645602726087,3.080044714385757],[31.08645584884491,3.080045532030129],[31.086460268598998,3.08004406238134],[31.084761925544946,3.087808441077684],[31.08462722660566,3.088425739165783],[31.08568591524599,3.089054641018745],[31.093680877569255,3.088174333521584],[31.097354337657322,3.088704439100169],[31.103107335985765,3.093525092136605],[31.111314027928866,3.093192749824088],[31.111314370304576,3.093192858680021],[31.11131447409126,3.093192854469948],[31.112711370510407,3.093637025003449],[31.11580293654724,3.0946199665337955],[31.11630088994443,3.094065912602831],[31.117741560357334,3.092462431902649],[31.11774212403208,3.0924623058874],[31.117742276890308,3.092462135807827],[31.120509178476695,3.091843485787352],[31.12050944035945,3.091843644047902],[31.12051028355642,3.091843455542604],[31.12544662090035,3.094826618097901],[31.127336240936497,3.093673085172838],[31.12733678645481,3.093673127629019],[31.127336967979044,3.093673016817533],[31.129834606531254,3.0938672939108076],[31.13159028167742,3.09257747271727],[31.13429636541119,3.095556330357146],[31.136662468183655,3.096239413530078],[31.143551969501676,3.096360011189199],[31.14442854366177,3.095422754613768],[31.144631985071353,3.095204852994108],[31.144632232121065,3.0952049654562703],[31.144632492590144,3.095204686955752],[31.147742357744225,3.096620136547109],[31.152029838372485,3.0945634193310205],[31.153411741971194,3.0939003184908698],[31.153612614361677,3.092200287595979],[31.155298512743027,3.090159653685899],[31.15651490641325,3.090152033967898],[31.156799886022885,3.089705884802928],[31.158207031184126,3.087502272091761],[31.158207529201064,3.0875021522996478],[31.15820767558264,3.08750192313231],[31.162143968244326,3.086554294390387],[31.16214548083161,3.086554924383138],[31.16214620963923,3.086554749077043],[31.164015673419918,3.087333859777921],[31.168136138489384,3.089050033879796],[31.168861105023066,3.0880197465395867],[31.16930311007055,3.087390609353504],[31.169303604383618,3.087390887870879],[31.169303914308557,3.087390447420562],[31.16975384188315,3.087644571162794],[31.170639458856368,3.088143566091861],[31.17121557908847,3.087350557782401],[31.176509502079657,3.0859282538780914],[31.176591524325925,3.084837383084476],[31.176641891464545,3.084165460572119],[31.178269205158273,3.082860527210996],[31.178439426666177,3.0821005456036503],[31.17877605541854,3.080593060851703],[31.17877696581848,3.080593547159892],[31.178777089025992,3.080592997079912],[31.17999421120937,3.0812437629328837],[31.18097353767063,3.081766889589831],[31.182562960843565,3.080931825105114],[31.182671736786858,3.080874605444643],[31.182671825658257,3.0808746287951987],[31.18267227112179,3.080874394753831],[31.183446932887545,3.0810782846902636],[31.185271578299798,3.08155770196386],[31.18580864447177,3.079839028703968],[31.185809998568175,3.0798398730073804],[31.185810040385338,3.079839739050381],[31.188133779217686,3.0812873495198208],[31.188614326216694,3.078788642187181],[31.18988027238565,3.0786268821408687],[31.190953218374293,3.078488834320135],[31.19095272545629,3.078489846252117],[31.190958595955593,3.078489096131565],[31.190454652130093,3.079514529925783],[31.19194718156916,3.079547696584234],[31.192567284131886,3.079561305873715],[31.19287054194325,3.078317607816734],[31.19295818069351,3.077957682475506],[31.195849150456564,3.078980667872222],[31.19643108648088,3.0789671700266927],[31.202977675592035,3.07881430602389],[31.20410073511976,3.076906187213583],[31.20588927433169,3.076740438025029],[31.20650662688989,3.075898543805638],[31.207457362690178,3.0759412326909232],[31.209131488841912,3.0760152618458423],[31.20896852419698,3.074834776935923],[31.215244711260233,3.0698329778125357],[31.2121,3.0691],[31.1962,3.0769],[31.1735,3.0537],[31.1714,3.0268],[31.167556015978384,3.0157339853923193],[31.164035972472252,3.01103872715786],[31.160184585325077,3.0108076206788694],[31.158836348906764,3.010726747221415],[31.15623096666978,3.009616461598645],[31.1529553844152,3.0118355682604157],[31.15238335629439,3.01222318688542],[31.15238316388882,3.012223230142607],[31.15238286404319,3.01222343327884],[31.149306801327597,3.01291525593138],[31.148765318681455,3.012247611736828],[31.149611929546065,3.0102937005514745],[31.149608358041665,3.010290595920577],[31.14792428249273,3.0091862551488786],[31.143682761274608,3.0110725908178995],[31.14272478120388,3.013621161236679],[31.140005685109408,3.01297728342208],[31.138724791301232,3.012674095901923],[31.1375471401226,3.0128370442112846],[31.136403127290603,3.012995626618999],[31.13640274371317,3.0129953911509726],[31.136402323443217,3.012995449302554],[31.134607168239725,3.011893134925331],[31.133656617092953,3.011309616752568],[31.132815371439143,3.014173781784128],[31.129122381785702,3.015134929529248],[31.12827469683007,3.013334993259542],[31.12601999405472,3.0135410033470333],[31.125954154017958,3.0135470449027086],[31.125952011041758,3.013548411887181],[31.12316009627417,3.0162302683670483],[31.123153524438333,3.0162374108240106],[31.123251368557682,3.0164994994992815],[31.123600107040488,3.017431151432861],[31.123599447428834,3.0174318757201215],[31.123599469205566,3.017431934052036],[31.123348298377483,3.017707650196159],[31.122588779081052,3.018541641146501],[31.122779318726575,3.020241867721507],[31.12277884376014,3.020241905543059],[31.122778885824,3.020242281479522],[31.122224818942,3.020286022510042],[31.121550793842896,3.0203396950930546],[31.120904697279446,3.0212357411066457],[31.1208544090882,3.021305514357357],[31.12198847188692,3.022636694327409],[31.121988209862284,3.022637616560057],[31.12198836417607,3.022637797860951],[31.121224451925134,3.0253257703026315],[31.121156501617595,3.025564930990373],[31.120002744841624,3.026150517785343],[31.119434686637895,3.0264389598423422],[31.11925077210803,3.029169461444989],[31.119250335405653,3.029169707349309],[31.119250328957115,3.029169802941351],[31.118701164767128,3.029478941830366],[31.11688099668135,3.030503866860872],[31.116983486585404,3.0315529089395166],[31.117021535635857,3.031941533269892],[31.115983077735837,3.032898205784606],[31.116330205990316,3.0341466244871],[31.116329989904724,3.0341466377123325],[31.116330017919818,3.034146738508094],[31.11431991153458,3.034269770483327],[31.11431974549791,3.0342696720570825],[31.11431945187821,3.034269690027687],[31.111840752649506,3.032800573846412],[31.11083369541251,3.032932461147014],[31.10973126646428,3.033077106114717],[31.109730947103376,3.033076880443547],[31.109730810945333,3.033076898275221],[31.10784521519154,3.0317449235443688],[31.106821428592813,3.032791683828885],[31.10650406404881,3.033116414921849],[31.106503881837796,3.0331163563065693],[31.106503604288914,3.033116640083625],[31.104752148314365,3.032553238650649],[31.10305064716443,3.0337503653417532],[31.102663097704088,3.034023130649729],[31.099773586398033,3.0341900963260993],[31.099384910975836,3.035883708731055],[31.099323577023775,3.036151179015302],[31.098012348852887,3.036962648019525],[31.09611951696358,3.0374807708161073],[31.094173464508625,3.038013887714618],[31.09417313448724,3.038013551956132],[31.094172279659336,3.038013785947236],[31.092588263952727,3.0364018959899273],[31.09175567457528,3.0374392123762277],[31.090110279073148,3.039489454697942],[31.09011009872153,3.0394894220524793],[31.090110019096908,3.039489521256157],[31.088878939489135,3.039266569803066],[31.08678155937235,3.0388869228292226],[31.086585174179227,3.0390611076839233],[31.085631987708314,3.0399067329050746],[31.085686282713933,3.0413285840641064],[31.08568792524803,3.041371364482553],[31.087538207574333,3.041700196409506],[31.088234232695967,3.042605638374525],[31.088198516792467,3.044368776572287],[31.086507980429573,3.045568352014332],[31.086507294098762,3.045568139428678],[31.086506759150467,3.04556851880321],[31.084921662648547,3.0450770023650326],[31.08351308914988,3.044640707630862],[31.083513212112877,3.044640261390712],[31.0835125685985,3.04464006184583],[31.084047252113656,3.0426987893494672],[31.082481721126722,3.042794285488517],[31.080671945342118,3.041434653056895],[31.080671903231522,3.0414345555751163],[31.080671650657337,3.041434365849692],[31.08010609391351,3.0401247641350544],[31.078819072527416,3.037145439579903],[31.078361770787435,3.0369253511176275],[31.07751831591088,3.0365196517977653],[31.077334168402974,3.037740211810445],[31.077274933988143,3.0366122944677945],[31.074158896839755,3.0386199232438096],[31.07434259684707,3.040908113859774],[31.074341966408454,3.0409084862290943],[31.074342012433384,3.040909060899184],[31.07279896984318,3.0418198589912238],[31.071930907271287,3.0423325811849415],[31.073490060130688,3.045680252494052],[31.07349001010247,3.0456803594649697],[31.07349010114358,3.045680554909427],[31.072518393370313,3.047758561970369],[31.072518078218835,3.047758555613705],[31.072517947095225,3.047758835983747],[31.07005448699219,3.0477089243332314],[31.068104013115633,3.049875466641733],[31.06810389316271,3.0498754841690214],[31.068103821458493,3.049875563819257],[31.067096507031263,3.050022681481286],[31.06633138777571,3.050134479226424],[31.065768727737797,3.0490395593269506],[31.064063810169333,3.04957879759108],[31.064063283554248,3.0495785479168007],[31.064062438813508,3.049578815173546],[31.062234519765532,3.0487115099345656],[31.062073425393343,3.04863513323667],[31.062073412615337,3.048635068324333],[31.06207311424829,3.048634926756081],[31.06176355063386,3.047061025434273],[31.061504790024564,3.047067522214225],[31.058406256292628,3.047145539309508],[31.05840613832272,3.047145320988579],[31.05840573391238,3.04714533114223],[31.056904390945327,3.044366917711387],[31.052896805871086,3.043030462564038],[31.049407297350648,3.042915464822792],[31.04835134404331,3.0417922178062784],[31.047968284845837,3.041384905680247],[31.045420105744196,3.042112520491382],[31.04541957254735,3.0421117970910587],[31.045419492508273,3.042111819923067],[31.04518353197438,3.041791555461242],[31.044065567059317,3.04027478695837],[31.039260128086077,3.041242304703246],[31.03925979882728,3.041242264297555],[31.039259675599567,3.041242289109294],[31.039060800544856,3.0412178438013093],[31.036642300739896,3.04092105246881],[31.033884071580115,3.038430065083135],[31.029629875582945,3.042689426071614],[31.029629681590087,3.0426895217197845],[31.02962966479313,3.042689538538301],[31.029434677964396,3.0427856682496843],[31.027620148615917,3.04368032187286],[31.025874419435002,3.0392465717453465],[31.025456574041137,3.039220677759148],[31.02422143370455,3.039144983615758],[31.021757681554245,3.04333470136648],[31.021757374224897,3.043334216620813],[31.021756929302338,3.043334973088842],[31.02098406246628,3.042114484343055],[31.020885813424197,3.041959517699202],[31.020885841416373,3.041959376528335],[31.020885621797884,3.041959029713231],[31.020969354923942,3.0415381990169927],[31.021122327554504,3.040766723435174],[31.0203051927441,3.0405497928230045],[31.020228029408838,3.040529383140312],[31.018304304270025,3.042470382667613],[31.017084953012283,3.04521586292263],[31.017157891427708,3.0463921553566795],[31.017190979127133,3.046924181409236],[31.017190882819815,3.0469242141448873],[31.017190939843157,3.046925133771756],[31.01569398329288,3.0474330226378137],[31.01525731727688,3.0475814490174846],[31.013817716751646,3.05161151235976],[31.013817347142773,3.05161140637803],[31.013817236872427,3.051611715004074],[31.01282260818326,3.0513261747099487],[31.010487940454396,3.050656731571774],[31.009955658592776,3.0520782372273834],[31.009696866249932,3.05277022227452],[31.009696441275796,3.052770499933838],[31.009696440664236,3.052770501567065],[31.00969233007705,3.0527731860093996],[31.008109360330796,3.053807428480599],[31.00792443001498,3.0546237070195934],[31.00757769253827,3.056156234977248],[31.007577131078055,3.056156677249918],[31.00757710115238,3.056156809341231],[31.006280839829746,3.0571777900146406],[31.004943789891172,3.058231009158973],[31.004943676001073,3.0582309869298157],[31.004942973888202,3.058231539938426],[31.00304421099018,3.057862101244648],[31.00208294911967,3.058631937914666],[31.00147939252231,3.060127677164978],[31.001832508343075,3.060549456373822],[31.003322714530434,3.062327790391675],[31.00308543745646,3.06402194643837],[31.003088820473838,3.0640339269890817],[31.004333821753406,3.067355875031087],[31.004232667857433,3.068084725450184],[31.00424477535409,3.068127602698952],[31.0037386445635,3.071647458237001],[31.003738116554967,3.0716481465186654],[31.003738097891606,3.071648280994929],[31.00132256433056,3.074796921956311],[31.00021638298475,3.076238876560351],[31.001215608324898,3.077085112447901],[31.001395281672046,3.077236477500908],[31.001394928795435,3.077236977509208]]]}},{"type":"Feature","properties":{"n":"Katrini","c":"340203","d":"Terego","od":"Arua","dc":"340","k":"KATRINI","a":["KATRINI"],"lat":3.136119,"lon":30.974046},"geometry":{"type":"Polygon","coordinates":[[[30.932206154609563,3.116210152844044],[30.932206125033744,3.116210199163421],[30.932206369161968,3.116210374847016],[30.930755332795965,3.1184830504259375],[30.930758048896944,3.1184844946544663],[30.93417796801223,3.120096113491345],[30.934089223544586,3.1202557754337747],[30.93431201801356,3.120374241621344],[30.933806755780036,3.120763968824967],[30.93357158782132,3.121187064191731],[30.933344726922424,3.121120348547661],[30.932183169325906,3.122016300320626],[30.932206798077203,3.122933205613364],[30.933044464752,3.123592703113925],[30.93424557433867,3.122930091538893],[30.936285613870442,3.124215088709631],[30.937762365453782,3.123326996552785],[30.940334758649648,3.125808184061597],[30.940278634815378,3.1259523356015837],[30.946788832515004,3.146843268518302],[30.95263562807458,3.149926737394185],[30.952601326198124,3.152723159754433],[30.969103566995454,3.1687097055268465],[30.969315072031907,3.168685917928241],[30.96948790064919,3.1692370588964898],[30.974611868522672,3.1784285064221147],[30.97476816427052,3.178428702071155],[30.975095362825705,3.1792958054811615],[30.978904824535206,3.18612927287759],[30.98221900141302,3.185682888311711],[30.988195023288398,3.186815964976706],[30.989103458268513,3.189163236778612],[30.991828384525814,3.190446030767892],[30.993665895861728,3.189493518164891],[30.996018335600365,3.189760895901418],[30.99853391370503,3.188025119887098],[30.99818348207116,3.190630639572237],[30.998865121564577,3.193024386904262],[31.000091868685367,3.194559114441097],[31.001395634064355,3.194336848633272],[31.0013545559061,3.188908136484775],[31.001354571720025,3.188908108409378],[31.00135457019858,3.188907907320214],[31.003359977593888,3.1853469287216147],[31.00142350250928,3.179520597786042],[31.00159247904433,3.178619203711202],[31.001509278312597,3.178302533014942],[31.001706215845786,3.178012482317062],[31.001765852125253,3.177694356555154],[31.002296355841413,3.1771433208382596],[31.002302224788828,3.177134677019753],[31.008145058159542,3.178384996084584],[31.003305653719472,3.1718935389098672],[31.003296850172042,3.1718817348101327],[31.001136259689922,3.170425436197795],[31.002182710711978,3.168059310793487],[31.002205542640585,3.168007627158318],[31.002205580866864,3.16800759919559],[31.002205597920984,3.168007560634599],[31.004695534741412,3.166186158376854],[31.004853790438187,3.1657395705461786],[31.00581827741099,3.163017444159873],[31.00581844657673,3.163017370328161],[31.00581867084314,3.163016737462157],[31.007910106667786,3.162102010392054],[31.0054751753944,3.157272075189864],[31.005466171405644,3.157254231763162],[31.00546616858394,3.157254209260189],[31.005466140330782,3.157254153217158],[31.005109196198898,3.154410625133023],[31.00623737911657,3.154468311148975],[31.010013094721526,3.15072743541743],[31.00848712495397,3.1448256290650076],[31.008453747028458,3.1447680311534723],[31.004217239341855,3.137460509235261],[31.00422208147849,3.137448929113229],[31.00507016882828,3.134789106717376],[31.005456183942922,3.134497534259015],[31.00553434584179,3.134310607619804],[31.00877365138897,3.131991720102821],[31.008773897380177,3.131991534295949],[31.008773912076226,3.131991533487384],[31.00877517039126,3.131990632710663],[31.01362172098584,3.131516364240527],[31.016428777835202,3.1290320949258446],[31.016649374051422,3.127575971181306],[31.017539548161075,3.126531364847176],[31.01793969906544,3.1254022096523917],[31.016580038973057,3.119845472276985],[31.014686278364806,3.1186952815169717],[31.014022331861323,3.118292760622476],[31.01402232738343,3.1182920255401854],[31.01402057328321,3.118290960173289],[31.01401459205406,3.117035477951278],[31.014014672605487,3.1170354324318406],[31.01401467145329,3.117035243289425],[31.0154165178205,3.1162432527134376],[31.01593395048572,3.115950852626297],[31.016265402589084,3.1134157290240925],[31.01627737241045,3.113323955601359],[31.0162774047057,3.1133239303937463],[31.01627745844905,3.113323519335774],[31.01699116658099,3.112765814187984],[31.01614782736735,3.106330070509088],[31.016149108773153,3.106329573094069],[31.01614890470174,3.106328013779233],[31.020815192945715,3.10451506269384],[31.01883208698698,3.101931495084529],[31.0164935181237,3.102037697065446],[31.015320657192074,3.0998630847866626],[31.015231486492574,3.0996985094317178],[31.01373766878627,3.099161942528875],[31.013737594312797,3.09916174439023],[31.01373743602885,3.099161687604485],[31.013313908729888,3.098034517707966],[31.01239897698347,3.095600317634564],[31.00872303579079,3.094166741557934],[31.00639411887284,3.087391840453805],[31.003955834079214,3.0851854580146174],[31.002444138147577,3.084885358640984],[31.00176377446124,3.0809532175721728],[31.000618474272233,3.079022619420402],[30.999030880200387,3.082668352223537],[30.99565455915094,3.083450319142473],[30.99315771547323,3.085683844957333],[30.982518120783123,3.084326388435203],[30.97935106934641,3.0851580432876893],[30.9775167007946,3.085639888369515],[30.9775165071154,3.0856397918832195],[30.977515845445524,3.085639965635043],[30.973346667217438,3.083562591576942],[30.97334637614521,3.083562333451694],[30.97334625393478,3.083562272569413],[30.972818134417658,3.0830938843441333],[30.967460819223753,3.078342973178615],[30.963176015929754,3.0794884081813456],[30.962645787425153,3.079630172710938],[30.96123748464429,3.080565541487296],[30.962690105267754,3.082213719324976],[30.961251009383734,3.083618083840947],[30.960813020359904,3.085721430584881],[30.960914113547165,3.08921924013621],[30.962704936414962,3.090510340212017],[30.96151307633113,3.095090090810455],[30.96543128557847,3.100102049342614],[30.962362588334265,3.101109653905789],[30.95671097061627,3.098086249855793],[30.9458983475974,3.098798289530688],[30.943866905934275,3.1011099354056153],[30.942714212240226,3.102421840578859],[30.942713901374884,3.1024219781198488],[30.94271318597061,3.102422792202463],[30.937804278887622,3.1045942242240128],[30.937640787258484,3.105036512325293],[30.93697724380053,3.106831667859404],[30.931855651410693,3.11214259572791],[30.929303187160258,3.113195000339667],[30.929724063569704,3.114424017000355],[30.93139628550662,3.1156274090354343],[30.932206154609563,3.116210152844044]]]}},{"type":"Feature","properties":{"n":"Leju Town Council","c":"340204","d":"Terego","od":"Arua","dc":"340","k":"LEJUTOWNCOUNCIL","a":["LEJU","LEJUTOWNCOUNCIL"],"lat":3.178858,"lon":31.069784},"geometry":{"type":"Polygon","coordinates":[[[31.046278709365613,3.160090760171591],[31.04630214617399,3.160180323452545],[31.04631491712131,3.160182700587938],[31.046790655515593,3.162046994646975],[31.04203016866187,3.164228490425359],[31.042045820101546,3.165270819171147],[31.0411378570031,3.1656259655241246],[31.04113785153124,3.16562868562906],[31.041132247917133,3.168600710762714],[31.038218264820348,3.1719121895210174],[31.038122680320605,3.1728732004203675],[31.038156903572244,3.1735616268910936],[31.046444796928157,3.182876873616297],[31.047964478379427,3.184575099447541],[31.043928104147053,3.188316628484107],[31.043633649270397,3.1883922411283727],[31.04031843233114,3.189244234252048],[31.043734502685112,3.196192580148657],[31.04697951814512,3.198162261434103],[31.04697964856493,3.198162484482293],[31.046979884269525,3.198162627558353],[31.04886288860874,3.201381586489271],[31.05066535230144,3.201937724630892],[31.05390574141893,3.20063001636587],[31.055190855731137,3.2032392154323848],[31.055890571740818,3.2046592191413215],[31.059553375245397,3.204762728198765],[31.059554240793293,3.204764120542744],[31.061258978466444,3.2071534486646907],[31.065323103518654,3.206125691920541],[31.065323542776536,3.2061259520089886],[31.06532361633497,3.20612593049573],[31.068168589859027,3.2078101338908342],[31.0695905306424,3.206696462824193],[31.069714137967864,3.2066902570478213],[31.071289810552038,3.206610845077007],[31.071289885810703,3.206611145727398],[31.07129078800989,3.206611100431972],[31.072014256867366,3.209504099621444],[31.07609729829097,3.210970272355796],[31.077477814502664,3.2142538641891623],[31.08187111685799,3.2136856532059324],[31.082407632715675,3.213616235878141],[31.08506310905017,3.214082609508994],[31.085066786206117,3.214086198140427],[31.087477411744523,3.215983447579641],[31.088551020160217,3.21585338332237],[31.10137345818059,3.212604002245152],[31.101382874491996,3.212601264314382],[31.102739958388035,3.209496892448839],[31.10274046814274,3.209496675335021],[31.102740591686572,3.209496392783671],[31.103951689529353,3.2089807940775543],[31.10497477550516,3.208545043119448],[31.112769354006158,3.19990186939347],[31.112769672678166,3.199901890905545],[31.11276972272753,3.199901835407901],[31.116625253353497,3.200162142546874],[31.1166253103272,3.2001621671874108],[31.11662535717276,3.200162170349738],[31.12277746614254,3.202822888643107],[31.125173878018334,3.2024475603346],[31.12517431616186,3.202448087573929],[31.125174504375007,3.20244805814102],[31.125487299865966,3.2028247160259946],[31.127784798439972,3.2055894073508204],[31.13270589069473,3.2027887916667312],[31.133041707540368,3.20259763934842],[31.135885200273986,3.204239080987558],[31.136833233116896,3.203918616549743],[31.13838401136218,3.203394077195374],[31.1383850422317,3.203394057048149],[31.13838535045698,3.203393952858467],[31.145750419932174,3.202896099380023],[31.14577203301833,3.202845213965951],[31.144047890269842,3.2005882113432986],[31.14137165855551,3.197811379930589],[31.141066957197054,3.196685997463884],[31.140848672202736,3.196400249775595],[31.14093686192114,3.1962055042253357],[31.140847477728265,3.19587537309638],[31.14137314550744,3.193828936382951],[31.141156571826166,3.193307920541811],[31.141768102078093,3.1922913614004016],[31.141831842567996,3.192043218212178],[31.142110592641203,3.1917220323906266],[31.14307991345506,3.190110710741072],[31.14367328269328,3.189921444923753],[31.143908860752827,3.189650003443129],[31.14068622650356,3.187199961654768],[31.1357421429516,3.188408493697856],[31.135742140620764,3.188408492992614],[31.135741861158223,3.188408571620724],[31.132847749882973,3.187532987750295],[31.13087222278339,3.1876596002582827],[31.126909302360747,3.187913647612742],[31.12690914923313,3.187913595600408],[31.126909089380447,3.187913599436396],[31.126456089243295,3.187759706267104],[31.124920070264686,3.187237971967309],[31.124675155113447,3.187332235613286],[31.12252398408154,3.188160889645965],[31.122523215324193,3.188160480372474],[31.122521579040143,3.188161110150174],[31.119021060829706,3.186295992178074],[31.118676914792264,3.1861127746115803],[31.11531188568952,3.1875521360788936],[31.115276549144973,3.187567280489624],[31.115276487084348,3.1875672775194936],[31.115276116526598,3.187567436022298],[31.11319265665982,3.1874675484554973],[31.11319263355338,3.187467547349657],[31.113192633546966,3.187467547347395],[31.11319182332198,3.187467508502681],[31.10871669706451,3.18588897392306],[31.10514469564071,3.1855011841876366],[31.10382813858708,3.18535840448027],[31.10382795109229,3.1853582335111197],[31.103827538391812,3.185358188706824],[31.092291984749043,3.174839070905586],[31.083230733438995,3.16890410549725],[31.079418141071624,3.169506463564989],[31.07915119800992,3.165180294026155],[31.079143172594858,3.165050514289426],[31.07914318737437,3.1650504709572003],[31.079143181856697,3.165050381535937],[31.079976668937846,3.162603196768875],[31.077999673471474,3.162874010926211],[31.07696486874505,3.162097913539728],[31.075082891800875,3.158446293535408],[31.075082927755936,3.1584459030542655],[31.07508286783676,3.158445786828794],[31.07508503672703,3.158422999090796],[31.07519230379545,3.1572580513957185],[31.07286013710974,3.158919812055439],[31.07191440680681,3.159594373769499],[31.068784062795693,3.160611743815157],[31.067090373965137,3.1582738511251147],[31.06416451837371,3.1572034602997],[31.061886214944515,3.159072476833766],[31.061884968851942,3.159070637680831],[31.06188401350544,3.159071420554458],[31.058748364908382,3.154441210883092],[31.05769003741734,3.152879187198891],[31.056944360343,3.153377021246731],[31.052747433402356,3.150261806311875],[31.048662862250037,3.1499649570119033],[31.04794498281325,3.149928876638898],[31.047958553834402,3.149913770864729],[31.04795854237738,3.149913770032082],[31.047944971316298,3.149928875208589],[31.0463990475873,3.149801013846894],[31.037812707866188,3.1435297040412533],[31.037747175267494,3.143719426186857],[31.03654261146138,3.147207016946428],[31.036599552083008,3.1484039903087737],[31.03689097291062,3.1545199788950797],[31.043323990866597,3.159625980990093],[31.043324804396594,3.1596261324174613],[31.046278709365613,3.160090760171591]]]}}]}
