{"type":"FeatureCollection","name":"Buvuma sub-counties","metadata":{"source":"Uganda Bureau of Statistics NPHC 2024 Map Explorer","retrieved":"2026-07-26","display_only":true,"clipped_to_dashboard_district":true,"positive_area_overlaps_removed":true,"source_gap_ratio":0.00057236},"features":[{"type":"Feature","properties":{"n":"Bugaya","c":"120101","d":"Buvuma","od":"Buvuma","dc":"120","k":"BUGAYA","a":["BUGAYA"],"lat":0.041946,"lon":33.266872},"geometry":{"type":"MultiPolygon","coordinates":[[[[33.24676387233184,0.061296682123971],[33.25205579307926,0.068073385306421],[33.25422585401488,0.068149526660928],[33.25761489814998,0.065218181633363],[33.26418152165355,0.067749776371033],[33.268418566066394,0.06791106769724],[33.2725894930376,0.070185114056758],[33.27380810940247,0.072621955206731],[33.27611012719242,0.071137883215236],[33.27793885296636,0.072107998055887],[33.27932833737088,0.071689254717953],[33.285838656665085,0.068491220021449],[33.28572494016118,0.06592103950068],[33.286885639988554,0.065502492810271],[33.28739970136334,0.056651054795874],[33.290826141492204,0.050350367423556],[33.29419532233259,0.049341346264057],[33.29697454036929,0.051016454788003],[33.30017183888184,0.050768812639064],[33.30171442918786,0.052958095406193],[33.30272331246859,0.05284388315512],[33.3032172518302,0.051664927016519],[33.30470302140979,0.050997426811727],[33.30430712520386,0.050594501495988],[33.30734898563035,0.048484712627809],[33.308529193053445,0.04404940033436],[33.307596449749695,0.041517657989481],[33.30194285318459,0.039290483497645],[33.30055325233519,0.039385661848029],[33.29998051518579,0.040489783857348],[33.29754571363568,0.040451603173163],[33.296631976040295,0.042374002905625],[33.29516614673624,0.04290724264042],[33.29251980036907,0.042831000494374],[33.289093964692775,0.041251238274202],[33.287938547681506,0.039711252569415],[33.288432981923144,0.037768577915529],[33.275356460250336,0.029603215533608],[33.274555910414826,0.024500598806893],[33.272462742407875,0.022046301320777],[33.2721003619451,0.020065388182884],[33.27019673673764,0.018770260859242],[33.2665800143794,0.013555184951444],[33.25618653283849,0.010661761356415],[33.255158610477075,0.010890188675885],[33.25496825480956,0.012089429230532],[33.25761438146577,0.016829758577767],[33.25755738798427,0.017970578290216],[33.255691597206145,0.019817904234057],[33.2529504732913,0.019970206093904],[33.253331186964076,0.024310340379638],[33.254968092514126,0.027070901788398],[33.25348397821493,0.029239933611038],[33.25154182869253,0.029430948590165],[33.250475834076525,0.031106085439361],[33.25066400253067,0.032174071698143],[33.24684001385427,0.035293937878152],[33.24611623357239,0.038073782142567],[33.2442130906296,0.039805398127225],[33.24171945123277,0.044792641322695],[33.24111027503161,0.050008519803374],[33.246021448606534,0.05691848968583],[33.24676387233184,0.061296682123971]]],[[[33.25497621522568,0.011746602775774],[33.25497622157542,0.011746602923438],[33.25497621522568,0.011746602775763],[33.25497621522568,0.011746602775774]]],[[[33.26642511444267,0.084802897123248],[33.272316657001426,0.081747670484823],[33.274667563174035,0.078283182709025],[33.27417263514578,0.076522383737456],[33.271983536027165,0.074495085070914],[33.26364590858712,0.07587517280089],[33.26254184156476,0.077188629981658],[33.26229437750009,0.07959664283117],[33.265006882974156,0.084079447647056],[33.26642511444267,0.084802897123248]]]]}},{"type":"Feature","properties":{"n":"Busamuzi","c":"120102","d":"Buvuma","od":"Buvuma","dc":"120","k":"BUSAMUZI","a":["BUSAMUZI"],"lat":0.265933,"lon":33.264432},"geometry":{"type":"MultiPolygon","coordinates":[[[[33.20693133524538,0.26825624009473],[33.205415001672776,0.27120025444617],[33.20624505425664,0.272272158037181],[33.205236542557685,0.273460741316303],[33.209162420294,0.276048247173744],[33.211095962189,0.279855539955983],[33.21322004687435,0.282104003018074],[33.21564091679577,0.282699106822893],[33.222356496573404,0.288500462055969],[33.223118410140515,0.291070534783455],[33.2250934425892,0.291691055958363],[33.22535510380003,0.294972851167551],[33.2391797689146,0.302349177845204],[33.24646045966113,0.302824947179693],[33.24950662984964,0.304633459314171],[33.2673287907245,0.310439344805528],[33.274632609430896,0.309844523386152],[33.27813139611088,0.310629697071384],[33.28165257495313,0.310320356652097],[33.28541269259792,0.311771843361653],[33.2890532636624,0.309915864845459],[33.29119554597137,0.306228447100111],[33.29286018057532,0.308059416037336],[33.293122098637404,0.312152453578485],[33.29454982587676,0.3128901912145],[33.30271137458062,0.312913984546116],[33.31189609602552,0.311129408531664],[33.32077147939128,0.311295952081881],[33.319938668370575,0.307322261236394],[33.31729807364965,0.305562007750181],[33.316036353655704,0.303681687261892],[33.312015066861626,0.302539545348032],[33.306661286496734,0.302372953056701],[33.29947530695192,0.300112496252846],[33.29559516479054,0.301016620875127],[33.293074558078494,0.299992407965411],[33.29345235295713,0.296749522175528],[33.29599277046676,0.293373193614693],[33.29462461611762,0.289060992975031],[33.29599276956409,0.283498432435148],[33.29352378240232,0.281802263648629],[33.29236409344429,0.278620539327133],[33.28947811993187,0.276983834161597],[33.28861286624354,0.275557399258876],[33.29105592136448,0.272519998200076],[33.293851259351996,0.273593917383436],[33.29548713690074,0.27213650135715],[33.29884758127014,0.264612892275722],[33.30030567089452,0.265385004892481],[33.30310142065636,0.269519091724293],[33.30786015456185,0.271392812307341],[33.30937724739752,0.274069810737264],[33.31160512096916,0.273713696663253],[33.31104289368783,0.276984800623703],[33.31157825030611,0.278531300598496],[33.31247054436416,0.278769245611595],[33.323063900584344,0.275705741724839],[33.32474853316909,0.272536395757517],[33.32504837458288,0.269295609432188],[33.322921134932535,0.267682209688291],[33.31855209515818,0.26698140035833],[33.3182671332501,0.264969131858161],[33.32097949079515,0.25808821634093],[33.31923305694517,0.254785627593718],[33.314140242835904,0.250954572897481],[33.30593370269055,0.247856553883286],[33.30565815004243,0.241064253174515],[33.306514625982615,0.237504691421363],[33.30593873413017,0.236627956648358],[33.30404223390888,0.236840914083677],[33.30356966893872,0.235824850835547],[33.30094048699289,0.234584929136892],[33.29973754026015,0.231612011407054],[33.298642957293886,0.231212333995468],[33.29547975128515,0.227037717742819],[33.29237044416406,0.219040347978798],[33.29091889871576,0.21984944537824],[33.28793125463261,0.22389408499439],[33.28743067909043,0.222691511052106],[33.28519756229733,0.222266778834223],[33.280764419158274,0.224342297073874],[33.28041841068509,0.223751683748913],[33.276099695257024,0.227156690980798],[33.27512425245764,0.229755986649143],[33.28014873971224,0.231402781453702],[33.2832109576433,0.234263019089147],[33.28029885472693,0.235371479154856],[33.277460597580415,0.241194402779366],[33.271762022665484,0.2384242021042],[33.264509567041756,0.236349338536834],[33.25427196501029,0.236458707561707],[33.25415500707638,0.235809270813308],[33.24538808141866,0.235516503806061],[33.24301512718601,0.238321784024222],[33.2431674126002,0.240758348497446],[33.24461399100738,0.243595170949057],[33.24164659626297,0.258224694144481],[33.23998551329261,0.257171085686598],[33.23834236333397,0.258620307368067],[33.23583335306465,0.255909972628106],[33.23376322718989,0.257908714156168],[33.23334409895139,0.26105117275177],[33.22950876107221,0.267888797918878],[33.22226398464787,0.268533541945538],[33.21884373492134,0.26387537798302],[33.213216315761386,0.260387091840709],[33.21166640964093,0.266375953931126],[33.21022033064587,0.26412417227199],[33.20881664031694,0.264040667656469],[33.207410185761496,0.262755982859194],[33.20415882352275,0.262821053008614],[33.20493911027683,0.265489545308164],[33.20693133524538,0.26825624009473]]],[[[33.24360229374404,0.248556240495188],[33.243602294210575,0.248556240578068],[33.24360229374629,0.248556240483386],[33.24360229374404,0.248556240495188]]]]}},{"type":"Feature","properties":{"n":"Buvuma Town Council","c":"120103","d":"Buvuma","od":"Buvuma","dc":"120","k":"BUVUMATOWNCOUNCIL","a":["BUVUMA","BUVUMATOWNCOUNCIL","TOWNCOUNCIL"],"lat":0.209754,"lon":33.28112},"geometry":{"type":"Polygon","coordinates":[[[33.203139187050944,0.259875497767089],[33.204158822288065,0.262821041381417],[33.20422300281087,0.2628197685759482],[33.207410185761496,0.262755982859194],[33.20881664031694,0.264040667656469],[33.21022033064587,0.26412417227199],[33.21166640964093,0.266375953931126],[33.213216315761386,0.260387091840709],[33.21860818527302,0.2637293670762936],[33.21884353620321,0.263875245419124],[33.21884354884439,0.2638752626389085],[33.21884373492134,0.26387537798302],[33.22226398464787,0.268533541945538],[33.22950876107221,0.267888797918878],[33.23334409895139,0.26105117275177],[33.23376322718989,0.257908714156168],[33.23583335306465,0.255909972628106],[33.23834236333397,0.258620307368067],[33.23998551329261,0.257171085686598],[33.24164651588304,0.25822464316028826],[33.24407272080603,0.24626368176331367],[33.24461399100738,0.243595170949057],[33.2431674126002,0.240758348497446],[33.24301512718601,0.238321784024222],[33.24538808141866,0.235516503806061],[33.25415500707638,0.235809270813308],[33.25427196501029,0.236458707561707],[33.264509567041756,0.236349338536834],[33.26450989170966,0.23634943142145554],[33.26450998561591,0.236349430419039],[33.26929270667369,0.23771775258509753],[33.271762022665484,0.2384242021042],[33.277460597580415,0.241194402779366],[33.28029885472693,0.235371479154856],[33.2832109576433,0.234263019089147],[33.28014873971224,0.231402781453702],[33.27852776429461,0.2308715005964112],[33.2751269627039,0.229758355551377],[33.275127456048374,0.22975703663819036],[33.27512425245764,0.229755986649143],[33.276099695257024,0.227156690980798],[33.28041841068509,0.223751683748913],[33.280764419158274,0.224342297073874],[33.28519756229733,0.222266778834223],[33.28519773842776,0.22226681233371096],[33.28519783570508,0.222266766786556],[33.28536044064845,0.2222977578154964],[33.28743067909043,0.222691511052106],[33.28793125463261,0.22389408499439],[33.290880578002536,0.2199013235372507],[33.29091867107254,0.219849704638588],[33.29091873253047,0.21984967035805422],[33.29091889871576,0.21984944537824],[33.29126292556895,0.21965768339615077],[33.2923686912031,0.219040899902762],[33.29236882713701,0.21904124931632135],[33.29237044416406,0.219040347978798],[33.29547975128515,0.227037717742819],[33.298642957293886,0.231212333995468],[33.29973754026015,0.231612011407054],[33.30094048699289,0.234584929136892],[33.30356966893872,0.235824850835547],[33.30356971914705,0.23582495878861456],[33.30356984627593,0.235825018649231],[33.30358421877878,0.2358561344868711],[33.30404223390888,0.236840914083677],[33.30572019678715,0.2366524961404022],[33.3103647973913,0.233424806342187],[33.31502150238527,0.236974779801543],[33.31474630231489,0.235336816818234],[33.315650583656684,0.234594665215303],[33.31488654583654,0.233897196413148],[33.31586473763984,0.233374000791186],[33.31497958193255,0.231353846762293],[33.31434724533845,0.231755494782024],[33.31290374968584,0.229618673937425],[33.31359710972784,0.227960727471744],[33.3123994640371,0.225386301311249],[33.31341627140535,0.224905493721797],[33.313273109047806,0.223751466503916],[33.30930401223142,0.223675076357452],[33.30269747344154,0.218891421463137],[33.293265736337055,0.203204091277124],[33.29345592135586,0.194489027214366],[33.29000112490305,0.190391768376683],[33.289508425859744,0.188706932551172],[33.289375518562615,0.181958456541034],[33.291084208892016,0.174599303721272],[33.28193262817984,0.181360890708958],[33.27919443195878,0.180126783083907],[33.28105846767895,0.175512940437682],[33.28041214071012,0.175149370280644],[33.28080148741775,0.17235301707274],[33.27778482205692,0.171911707435397],[33.278997854949466,0.169328718773197],[33.27837365030268,0.168466768520517],[33.27447133901578,0.172012159772438],[33.27351883954922,0.175355956422033],[33.270818349475526,0.177315995097416],[33.26691610302653,0.177299609516853],[33.2587299143212,0.169273715772609],[33.25620317053135,0.170928276503387],[33.256143511835006,0.173009934832104],[33.25483451629377,0.174200182940731],[33.24989733884898,0.175568246126992],[33.244485503854214,0.175449458719106],[33.24341340914808,0.17427063126464],[33.242260714157354,0.168802506537001],[33.23860829523408,0.161709925891016],[33.23784556610574,0.162143745497873],[33.23727484167512,0.161223871614848],[33.23613240780056,0.157796985183871],[33.22974356471681,0.156476385458009],[33.23156265748698,0.159225398149877],[33.22860142362656,0.162258472029852],[33.22835098325253,0.165578013407761],[33.22531822175362,0.167040975015783],[33.22321193645339,0.165791976432967],[33.22253379864828,0.16611320072265],[33.223033485986896,0.172323588642729],[33.225103033914806,0.175963917259133],[33.22390751689574,0.178886992430418],[33.22311081112018,0.178296044655426],[33.22173969821982,0.180733518033517],[33.220314945874506,0.179961668495293],[33.21891701692711,0.181300112738278],[33.21823292163585,0.18243035092745],[33.21888757151948,0.18418064848995],[33.217072286496155,0.183344004418222],[33.21340934319346,0.189530040624164],[33.206396834386275,0.197593335424845],[33.20429188793726,0.198153080252252],[33.20413960313341,0.200932286321532],[33.205700525637404,0.202022074408928],[33.20819895329015,0.202264781315766],[33.21682134419978,0.196754374491536],[33.22290402572661,0.201665154662756],[33.2232752166567,0.199152451665216],[33.221547682367046,0.196768023691721],[33.22131940037618,0.19471217596118],[33.224442867554735,0.190040058637986],[33.225299572788295,0.186435235565875],[33.22672808217707,0.184935893113148],[33.22794143783737,0.184615108943216],[33.236970690849,0.18661373647635],[33.24332389627407,0.19203880046517],[33.24553678646694,0.190182825009593],[33.24653683267153,0.186434669995378],[33.248178436976225,0.185400072502178],[33.251996692310705,0.185364372979062],[33.25474443400407,0.18668442256618],[33.256458522002454,0.188576685879016],[33.26534931348327,0.190783603770071],[33.26470440845603,0.191824499163439],[33.26709139993452,0.193668997041832],[33.2641679770779,0.199772056089778],[33.26533387528391,0.206696522299453],[33.264738797971546,0.212811158483228],[33.26138361078023,0.216904502211735],[33.257886199637824,0.219069489718882],[33.255411879111726,0.223637627694572],[33.25105693533524,0.227873667726524],[33.24570334218074,0.232204088413742],[33.236471049754584,0.237010625186298],[33.23221106224385,0.2416034453045],[33.224774246777706,0.244162144522379],[33.221265750204864,0.246263206594215],[33.21558957323026,0.247591248443582],[33.21151661992638,0.250636339239774],[33.206845178501545,0.247781662686946],[33.20506045591507,0.247573402613902],[33.20404919469943,0.248079033625834],[33.207992645443824,0.250719734905884],[33.20696481724269,0.255154752376743],[33.20428177048772,0.257133428593794],[33.2014448616002,0.254221616970293],[33.199960088180916,0.254716540374378],[33.200435978678186,0.25968484635612],[33.203139187050944,0.259875497767089]],[[33.24360229374629,0.248556240483386],[33.243602294210575,0.248556240578068],[33.24360229374404,0.248556240495188],[33.24360229374629,0.248556240483386]]]}},{"type":"Feature","properties":{"n":"Buwooya","c":"120104","d":"Buvuma","od":"Buvuma","dc":"120","k":"BUWOOYA","a":["BUWOOYA"],"lat":0.268047,"lon":33.369309},"geometry":{"type":"MultiPolygon","coordinates":[[[[33.31462782448678,0.250045796782245],[33.317481685936706,0.249683954298671],[33.319499286455276,0.246136768736853],[33.32141414894245,0.250252646149014],[33.32762929409621,0.253309062461161],[33.32895708284985,0.251681409659548],[33.33190210772763,0.243800402598535],[33.334273423723076,0.243628065642176],[33.33515226079757,0.244089654066745],[33.332740384691434,0.249311575496441],[33.33204082372693,0.254479760428146],[33.33423943940128,0.255350639907919],[33.33706623583159,0.25422277638954],[33.3399077586464,0.251410111813876],[33.344661474519235,0.250196727505325],[33.34585894345012,0.248258268543628],[33.34930856142438,0.246295603692486],[33.35067930623216,0.24338197139197],[33.35439466674547,0.246593035456455],[33.357018224084705,0.247738722582532],[33.35118251052328,0.252928236190391],[33.34892130099421,0.256825078730222],[33.33919594523001,0.262237917163309],[33.33901740276821,0.264587710014118],[33.33999892573366,0.265093344057514],[33.3435091188098,0.26435005833791],[33.34782074807896,0.265985353174767],[33.35052804386418,0.268781508191223],[33.35620869711034,0.270863516044635],[33.35846016881395,0.273695688977396],[33.36057306191814,0.273724217484768],[33.36298538476159,0.272496538932013],[33.36401266293465,0.273180336901855],[33.360573309856356,0.277493077709168],[33.35509078796519,0.280205876509972],[33.351964273133675,0.282961185384393],[33.35149304645368,0.284731604628866],[33.35252083423991,0.285416819498025],[33.36522742555964,0.282404428664719],[33.36841100398768,0.280834045680758],[33.37156619660668,0.276322615168662],[33.374235932815814,0.275066340804899],[33.37566390714142,0.27553981359813],[33.375520835422016,0.283746242001836],[33.373822000186216,0.287044255055167],[33.37105230821938,0.289285788892945],[33.36979539698116,0.291499252847452],[33.364856101087184,0.2951250942024],[33.365568753318364,0.296610490329479],[33.358317508673316,0.297252294116111],[33.35333448619945,0.299915620507046],[33.34723153416738,0.300123703961914],[33.345708577532186,0.302122495415711],[33.34575616563559,0.305001639869274],[33.34799285485178,0.307047972899053],[33.35601127838615,0.307761764092434],[33.36193649580606,0.309903326317409],[33.36928902393361,0.309831974171095],[33.37385759460489,0.312044840361098],[33.377807575412696,0.310736050685118],[33.3804724887154,0.306667260567862],[33.38401788758302,0.296506965607026],[33.38339922806674,0.29298536699866],[33.380037811776496,0.291052288196767],[33.37949726311834,0.287964813686095],[33.38715873447336,0.281111899809107],[33.39139421496107,0.275567707918145],[33.38852193781822,0.269418490138578],[33.38894956374456,0.267313260658424],[33.39595095220045,0.261756016683762],[33.388695545360676,0.258658690441172],[33.387447046573925,0.257686617823337],[33.3876235721883,0.255965169996356],[33.386164000839365,0.255418143750267],[33.38641718508307,0.25437212257261],[33.385004979269866,0.254037809346059],[33.37919196114987,0.254629103972825],[33.37419509607947,0.25718940157518],[33.374504412820414,0.258677142215335],[33.37007282394416,0.258502440815367],[33.369262859464094,0.257060042926505],[33.36836236656989,0.257286639069255],[33.36826141337808,0.255093207514766],[33.36522267169238,0.251227849162527],[33.365919712815604,0.249296128499744],[33.36841607931012,0.248206665059199],[33.37212685290388,0.247867048631451],[33.37289439316641,0.246743287703579],[33.375688451491776,0.24685178167924],[33.3739759022762,0.245209783130809],[33.37421399016133,0.243950219677698],[33.37527050195595,0.243282165012572],[33.375594109330116,0.240493602408852],[33.375146773701466,0.238247233426061],[33.37458496750207,0.2382707916506],[33.37504207584542,0.231898826511593],[33.37390192452147,0.229790772135715],[33.372801431755654,0.229653955539882],[33.372642549971154,0.230822542614471],[33.36989262114344,0.229536085394819],[33.36539762758433,0.237908229443061],[33.35647817423772,0.23334226534284],[33.35627925366828,0.23469687982923],[33.35447104558642,0.235202112134169],[33.35334904666943,0.237541748022912],[33.35174872500715,0.237476813619317],[33.34974904622061,0.237268472241179],[33.34840387666121,0.232913506918719],[33.34138943057715,0.233008487076951],[33.33693883538053,0.234144570236718],[33.335488453255664,0.232895553150712],[33.33371633711814,0.23427309545278],[33.33288047878312,0.233537920547443],[33.330271988928104,0.23529625755624],[33.32937612168902,0.233914083149211],[33.330220224709464,0.233399476459947],[33.33057833422395,0.230155485387718],[33.32850498889158,0.229805687138878],[33.328728302857805,0.22851484613838],[33.324148309050926,0.227384762034906],[33.32352323579474,0.226593433042464],[33.321156869869675,0.226478009023681],[33.31753044729031,0.224260330621823],[33.313273120734266,0.223751467628861],[33.31327500568266,0.22376675521724523],[33.31341627140535,0.224905493721797],[33.31240002997455,0.22538603370203603],[33.31283644555688,0.2263256247396012],[33.31359710972784,0.227960727471744],[33.31290379010568,0.2296185772864337],[33.31457848700306,0.2316086145325852],[33.31497958193255,0.231353846762293],[33.315648149994054,0.2328796918219871],[33.31575758618957,0.233009734521355],[33.31572129787388,0.23304663418356225],[33.31586473763984,0.233374000791186],[33.314888046207884,0.23389639392460537],[33.31527008135425,0.23424731528300635],[33.315650583656684,0.234594665215303],[33.31474630231489,0.235336816818234],[33.31474741466566,0.23534343741753075],[33.3153136421448,0.236409614469064],[33.315020048876086,0.23696612866191],[33.31502150238527,0.236974779801543],[33.31501721085342,0.2369715082126841],[33.3150168458939,0.236972200003583],[33.31250165082611,0.23505380645920745],[33.3103647973913,0.233424806342187],[33.31025784161243,0.23349913352459467],[33.30593874589755,0.236627951496898],[33.305948850494616,0.2366433577491874],[33.306514625982615,0.237504691421363],[33.30651439863311,0.23750563629857577],[33.30651452120885,0.237505823187048],[33.30592167001345,0.23996904948460243],[33.30565815004243,0.241064253174515],[33.30593370269055,0.247856553883286],[33.31408431487567,0.25093345975099585],[33.314140243071776,0.250954560837203],[33.31462782448678,0.250045796782245]]],[[[33.33740376477042,0.318814006558466],[33.34057412449143,0.324456960989277],[33.34254321218545,0.32545768237508],[33.34364816802355,0.327057042776405],[33.346237000500835,0.327818382014484],[33.348733324066174,0.326334268593165],[33.35379406494372,0.327475753675261],[33.35499331117477,0.324924974889325],[33.355754737880915,0.319899553638502],[33.3534702420017,0.316244016732146],[33.35337527731218,0.312989602575992],[33.352328224757414,0.312056792519829],[33.34758954399319,0.311828297627004],[33.34642725454164,0.310648214978813],[33.340335699620624,0.309353802563137],[33.335443560009274,0.310267560799607],[33.33298813773137,0.31236133198962],[33.33281674625393,0.315235807595452],[33.33740376477042,0.318814006558466]]],[[[33.34784192488321,0.275271884750197],[33.35022138149293,0.271619422147532],[33.34719958367051,0.27134572373785],[33.345117449995584,0.274415285734347],[33.34549815963444,0.275914339047976],[33.34784192488321,0.275271884750197]]]]}},{"type":"Feature","properties":{"n":"Bweema","c":"120105","d":"Buvuma","od":"Buvuma","dc":"120","k":"BWEEMA","a":["BWEEMA"],"lat":0.098268,"lon":33.097726},"geometry":{"type":"MultiPolygon","coordinates":[[[[33.18709532614189,0.214277896265046],[33.188856813203635,0.217561963700371],[33.193215227301025,0.218447501667829],[33.194591304159864,0.217942680474355],[33.19504340329574,0.215444249484901],[33.194163003677296,0.213302739923242],[33.19106977654818,0.212327066547146],[33.18476452403647,0.206735195958613],[33.185097258771215,0.202357220656022],[33.18412168497427,0.202571371212959],[33.18214646838184,0.205188909216015],[33.177078483389074,0.207068549163241],[33.180790439334764,0.211303982637961],[33.18709532614189,0.214277896265046]]],[[[33.152433989498576,0.152756558985427],[33.15355627970869,0.149491530455986],[33.15612595776015,0.149053066820927],[33.1602571860357,0.15029032465525],[33.16301784021726,0.150100186464038],[33.165568248095056,0.151946971574836],[33.16648056167407,0.156477504614014],[33.16269375628944,0.156267543410003],[33.160142906398626,0.158132330915264],[33.15408962648212,0.157466790148321],[33.15317569315858,0.16146441973505],[33.14961623957997,0.165366597682452],[33.14946395654286,0.168621694453188],[33.154146015639384,0.172549117214339],[33.15811984633442,0.172406322523705],[33.162473926513776,0.170241148453965],[33.16682866874816,0.169669900104147],[33.16894625473052,0.167790197364086],[33.16904482569244,0.165206573385169],[33.170204864429884,0.164150323670567],[33.172753401938294,0.169217874759892],[33.177417143297696,0.172787061809911],[33.18255700263065,0.171847205694443],[33.18490032444664,0.172343769704095],[33.18940947597359,0.171799611381773],[33.19172959504181,0.170728832673618],[33.19062326115349,0.167932736779694],[33.19138457213962,0.163459585141768],[33.1898141298035,0.160711307606671],[33.18688739489855,0.157023146119116],[33.18547136032988,0.15773645166919],[33.18434492536352,0.15696752368946],[33.184035868244024,0.153874575318272],[33.18146665126969,0.153351092473745],[33.1807529976838,0.152353025043512],[33.180232056182895,0.150828266549227],[33.181299486932545,0.149615336156279],[33.18049047061756,0.147925923748398],[33.1787542116109,0.146689016786751],[33.178039626862656,0.145070570176388],[33.17366159998915,0.142048781810507],[33.17270986711782,0.14009830038789],[33.1731142145371,0.135481894888777],[33.17413690542767,0.134149373144906],[33.18196573583678,0.128414337689261],[33.18101395860306,0.127319792761501],[33.17668416479116,0.130317299894946],[33.17468523625297,0.129794668268097],[33.17375642384904,0.128508840122311],[33.17349489982098,0.125344943699386],[33.17202934013377,0.123011050451649],[33.17202967126453,0.119783415320461],[33.176669056402545,0.116671698096944],[33.17726867943647,0.111746213085097],[33.17566968467929,0.1076202348366],[33.1726145843016,0.10696350621287],[33.17120093371697,0.107520371830817],[33.16957323841334,0.111560683425013],[33.166846758566074,0.112274405529657],[33.16406268194384,0.114158990518116],[33.16381443313386,0.117388806487759],[33.16192331083735,0.118402758778809],[33.1640863915601,0.122174906442792],[33.16433355810851,0.124687126996926],[33.16345745556195,0.126152996778084],[33.15854685396063,0.12849405415986],[33.1583945852936,0.129331497966314],[33.16071689195246,0.13523269018591],[33.160526878522724,0.138981712093935],[33.157080631733905,0.140981574948088],[33.15285518158762,0.14166675182848],[33.15068511563384,0.143836818117916],[33.15047572139006,0.14503606447299],[33.15215036837614,0.149033894201273],[33.146635211528384,0.151789606615322],[33.15037353450773,0.152987054116302],[33.152433989498576,0.152756558985427]]],[[[33.16326330859403,0.205027503282102],[33.1634060990237,0.207072905877855],[33.16752255931438,0.208381606826862],[33.168521928274096,0.206763577893145],[33.16830848197626,0.205358299498212],[33.16966456335314,0.203645982496533],[33.17154340142252,0.202338016087058],[33.173661661842516,0.202052174800277],[33.175850471492204,0.198507321589666],[33.177754192830434,0.197531385046572],[33.176160186681784,0.196364922654299],[33.17601723178371,0.193819314824809],[33.17506557465315,0.193696348825758],[33.17439919929528,0.191701595758125],[33.17271018025111,0.19113046349822],[33.17278116460703,0.190012175555223],[33.17106795210211,0.188655599323627],[33.17018755305393,0.183992141525595],[33.16795082902273,0.181422044873963],[33.16797510900947,0.179899482454974],[33.17035411731848,0.178900084911286],[33.17080621423667,0.177900722795617],[33.165856943670335,0.178091078454822],[33.16692727881959,0.182326398038962],[33.165262018111484,0.183659109783518],[33.16357266346421,0.187656505257864],[33.1678080773405,0.190250144188548],[33.169996866340156,0.192867034160796],[33.170639513513734,0.195175351796156],[33.169783223653994,0.197578426659609],[33.16885258178201,0.198959012402875],[33.164548243075295,0.197769222718993],[33.16162150312199,0.200695955433909],[33.161716681229414,0.204169963705264],[33.16326330859403,0.205027503282102]]],[[[33.12516348908119,0.132715736435073],[33.126323473184485,0.134678788983294],[33.13146905411776,0.13539262639455],[33.1363764503915,0.133489285716472],[33.13896435719192,0.134173151250488],[33.143009437353584,0.133697261007631],[33.14619196404224,0.129919867819959],[33.14580542098698,0.124923345053943],[33.148987830170476,0.122811227742921],[33.149433978921095,0.120907661658393],[33.14854243302447,0.117159286036313],[33.14982111315228,0.116238004853146],[33.152289337512315,0.11692205659988],[33.15410367067984,0.115494384456677],[33.15276532580245,0.111954940567484],[33.15392521199883,0.109902651214887],[33.15431187606789,0.106095523781997],[33.14970090537625,0.107999067622127],[33.14550819367394,0.107463793617419],[33.143158158310044,0.106184752626735],[33.14086793142354,0.10966471055457],[33.14223591543789,0.113977505665314],[33.14146270907196,0.115732251766657],[33.1382512159133,0.117130087738358],[33.13566285777015,0.117219504051959],[33.13358047092586,0.119033892621074],[33.128137810927136,0.118290260799938],[33.124211705116856,0.123495326317271],[33.12671002698173,0.128343223384044],[33.12516348908119,0.132715736435073]]],[[[33.136555240556326,0.164834119400565],[33.138325762813395,0.163634733243513],[33.14184712029991,0.155963922806619],[33.14437907799066,0.153203155021615],[33.14462649928106,0.152441841710607],[33.14298903752188,0.151716087284954],[33.143370144086965,0.148806034455096],[33.140458059564516,0.154116677175771],[33.13558456102478,0.154840339631421],[33.13301474337584,0.158856867214904],[33.13322395480235,0.160627394339776],[33.132120065022406,0.163558680283969],[33.133795201061744,0.165252851256352],[33.136555240556326,0.164834119400565]]],[[[33.07444556285092,0.107178738835162],[33.076563279700196,0.108939538044005],[33.08458205940519,0.109748554817107],[33.089459966140446,0.106679078965221],[33.09424288333696,0.105584562457067],[33.09578875822551,0.106250263161451],[33.09662213062018,0.107726010926463],[33.09726618612228,0.106726835867302],[33.1025711794195,0.107821469694606],[33.10437928311172,0.109154450561017],[33.104402975070506,0.111604535888783],[33.10675863605601,0.112413551463008],[33.11239821616033,0.109272676215335],[33.120571540916885,0.110221919019098],[33.119964746086765,0.107869325880831],[33.120606392931045,0.106893915163111],[33.127626503936106,0.103252631969657],[33.12553277034339,0.101634768694069],[33.12481874463233,0.099778624719391],[33.12377178917079,0.10058763734032],[33.12393672664408,0.102087799829056],[33.122749644278336,0.102823888726423],[33.1193693417214,0.101896064613812],[33.117727949648106,0.099350321350904],[33.11570587729089,0.099612305877719],[33.11501536147698,0.097446752798937],[33.11154125411664,0.095804615616515],[33.1108275103153,0.094210685025851],[33.10882864735148,0.092711580636892],[33.10725832789022,0.092426091123794],[33.10692371071158,0.094782427276368],[33.10516475628696,0.094876835943855],[33.10192840539037,0.092163807030405],[33.102880109484076,0.090070418265202],[33.1023092415679,0.088548419521695],[33.103189441540366,0.087143685096993],[33.10261837381014,0.086715385546598],[33.10151987733936,0.087427128327994],[33.09954910331462,0.086025453636016],[33.09942989375539,0.084121771479074],[33.095242155829986,0.083122394712285],[33.09160147433533,0.083955209226247],[33.09064663217203,0.086073416690953],[33.08817505161629,0.08650123180527],[33.086580814965956,0.087857521856163],[33.0874136234801,0.089927646665012],[33.089103616235,0.090261237966082],[33.0915298507268,0.092330533178438],[33.09167271723372,0.093949201615568],[33.090317519446415,0.096089537673347],[33.083725352850095,0.096947100555893],[33.07796716117448,0.099088579913172],[33.0765365050914,0.10089397662518],[33.07525457713358,0.100444873723977],[33.0752321324579,0.101843653625352],[33.07449314772418,0.101444249426071],[33.074155679037894,0.102826158411214],[33.070995344709516,0.103014686517183],[33.07420755334719,0.105632149102725],[33.07444556285092,0.107178738835162]]],[[[33.102679024097014,0.07035363925525],[33.102600409706454,0.068533286939538],[33.100951542152664,0.067962286642959],[33.100002145174415,0.068519074960156],[33.10208655010978,0.0705392313425],[33.102679024097014,0.07035363925525]]],[[[33.100641731921094,0.05053830451768],[33.1005707417924,0.054103142086391],[33.09939300319079,0.055959141919845],[33.09974962573871,0.057173131235246],[33.098857623582404,0.059040540101087],[33.09976181617249,0.060967901107088],[33.101784352328934,0.061598455082061],[33.10264095516246,0.060099401580796],[33.101498909006054,0.055460025028875],[33.101141942369516,0.047750108847704],[33.097394248842015,0.046929092055677],[33.09664472349258,0.047107549397141],[33.09643057191465,0.048535220129668],[33.099392887966395,0.050926527376784],[33.100641731921094,0.05053830451768]]],[[[33.08842212904986,0.068822692116963],[33.09163396391601,0.068066184711984],[33.089644741106355,0.067200067430078],[33.087322389390756,0.067714028685316],[33.08699402688101,0.06863368343095],[33.08789023714373,0.070015077874854],[33.08842212904986,0.068822692116963]]],[[[33.087327680655605,0.073691193891559],[33.088124795266246,0.073304536059566],[33.087708431933464,0.070520681232957],[33.08700657363693,0.07022318670092],[33.08401428331123,0.069907860655911],[33.08337778177692,0.071341482830006],[33.08386556566244,0.072311105555488],[33.087327680655605,0.073691193891559]]],[[[33.02833498055618,0.097496120863766],[33.02930591614644,0.098733549501689],[33.032846436139515,0.101855288471288],[33.03735789231141,0.104310891770129],[33.04162242534035,0.102616595880141],[33.043830022798076,0.1027309292712],[33.046951871011025,0.099799435039535],[33.04611434114981,0.097229862534893],[33.04737065612406,0.094336199374584],[33.04352545432025,0.09188059965984],[33.0420799623163,0.094411187655644],[33.04044168034939,0.094126784298562],[33.039813568081655,0.092738998738616],[33.04040359307788,0.091709272219393],[33.03948988414945,0.090700385655938],[33.0373198244043,0.090776525478184],[33.03809982076186,0.091633444622937],[33.0374910804867,0.092279956555493],[33.03509264265188,0.091233386527309],[33.03309388694606,0.092413491865294],[33.03063829658459,0.091690241806655],[33.030618326992034,0.09292782814755],[33.028487264106445,0.093136953276574],[33.02776391018434,0.094907265702451],[33.028563452027754,0.095421436640472],[33.02833498055618,0.097496120863766]]]]}},{"type":"Feature","properties":{"n":"Lubya  Town Council","c":"120106","d":"Buvuma","od":"Buvuma","dc":"120","k":"LUBYATOWNCOUNCIL","a":["LUBYA","LUBYATOWNCOUNCIL"],"lat":-0.247507,"lon":33.359971},"geometry":{"type":"Polygon","coordinates":[[[32.87480249510011,0.110688921652996],[32.879173707386435,0.09961640956675],[32.88115623153583,0.088416261219673],[32.8845,0.0693],[32.89150814526535,0.06398241609251984],[32.89498409169656,0.059460782076158],[32.90166421401373,0.054652032409819],[32.907304436690616,0.051990376818125],[32.91994237083959,0.048885085292067],[32.92782104970596,0.048618967950663],[32.939893939966936,0.049985227126479],[32.95605683213477,0.055539215328953],[32.96496377077055,0.05961227051057136],[32.9678,0.0607],[32.96865264648046,0.06129915698626923],[32.97108287571905,0.06241047684571],[32.98333305355013,0.070129513000998],[33.00518922967555,0.0867030807113],[33.007907820050676,0.08888387354912604],[33.0085,0.0893],[33.028694011972085,0.10829436769651499],[33.028721503173266,0.10830855951557197],[33.04632451202865,0.11531558245800388],[33.04749921418725,0.115586599290174],[33.05753917029719,0.11977966972994811],[33.0596,0.1206],[33.05992174556541,0.12083295214638518],[33.07737477731833,0.13136130096027],[33.0903891591065,0.142882787571528],[33.104513641321844,0.163491197010667],[33.10501004857894,0.16396473969502],[33.130843412416006,0.1875032615668636],[33.131950951903995,0.188243553327159],[33.142086384090234,0.197124225343517],[33.1432234795135,0.19878357651102885],[33.1439,0.1994],[33.14470161491472,0.2009406036642278],[33.14515822420323,0.201606928706505],[33.14607387571204,0.20357791738407544],[33.15013866912185,0.21138994221855842],[33.15075622804094,0.21219524754444308],[33.1807,0.2447],[33.1765,0.2792],[33.18220248745775,0.2921780749038448],[33.20831046269608,0.307992152522191],[33.22786091664252,0.3218227085877167],[33.2286,0.3223],[33.2517,0.3345],[33.28909052689231,0.358493921000415],[33.289439808315464,0.352616908388895],[33.29236447584681,0.34534882587428883],[33.2926,0.3444],[33.29314391216946,0.3438990282649697],[33.29561284046287,0.33973044113632],[33.30026716463407,0.335387141466697],[33.30349656565721,0.33436368952625306],[33.304,0.3339],[33.305323677337505,0.3337846468551197],[33.305873150449365,0.333610509509362],[33.30771851936016,0.33357594602525875],[33.34986339377708,0.3299031900847862],[33.349911075578774,0.329886855565934],[33.35008315446324,0.3298014967592628],[33.38429814989155,0.3114001546801747],[33.386176437956884,0.3098396448404654],[33.3919089964746,0.3012835873513422],[33.39619317978483,0.278940414767185],[33.39714494776919,0.27783184652942705],[33.3973,0.2771],[33.40357681382256,0.27034035434493664],[33.41611489866861,0.25573666641778],[33.42198125720784,0.2505201845454016],[33.422,0.2505],[33.421222677556884,0.24686071765268217],[33.41942947519221,0.244301247294326],[33.418319669664285,0.240600911162176],[33.417738936204394,0.23055047404784237],[33.4176,0.2299],[33.417689397684576,0.22969313791592655],[33.41762583120963,0.228593027618916],[33.41887399526563,0.224718032484443],[33.42192500954789,0.219621715106465],[33.42210701495798,0.2194709770158347],[33.4262,0.21],[33.4763,0.1599],[33.47644693872059,0.1598425149915465],[33.49542857857881,0.150928809626287],[33.52641838730625,0.1402600882167679],[33.542043666797916,0.10634360477039718],[33.542074293085,0.104996007734738],[33.545215179559406,0.097699597756267],[33.546537052773566,0.09659018876638628],[33.5475,0.0945],[33.54817873733701,0.09382915495760487],[33.548205752032,0.093773887494709],[33.548310665037015,0.09369876130062178],[33.555970382304295,0.08612811051319716],[33.556068611119215,0.085972070187403],[33.54348715224264,0.044674420453696],[33.53715334987021,0.016426155296902],[33.5221658291433,-0.0269351776904],[33.521246510936,-0.3506563178425124],[33.5211,-0.3958],[33.522156256743614,-0.6507381276380159],[33.523575131386714,-0.999184496792618],[33.21869103301782,-0.999311060424084],[33.19883785530765,-0.392301142828569],[33.19800781324007,-0.115997397875735],[33.19860664292549,0.115684712360079],[33.170352559406,0.094453466062717],[33.160590324575416,0.090249069594466],[33.1567129440834,0.086345519388145],[33.14947298919325,0.073651807643901],[33.134261089680244,0.059374814496774],[33.130193390354364,0.05424239549138],[33.11096804929717,0.043077205291749],[33.08154715574753,0.041521204414413],[33.0737913800842,0.042667641731365],[33.05386189071692,0.038218138632268],[33.020834086545186,0.01807154947033],[32.98395614466665,0.000982438444468],[32.96125990090551,-0.006251803128927],[32.94187173029136,-0.010155611917993],[32.9053732218078,-0.025934374536885],[32.88772094327773,-0.030711575113947],[32.8757897176341,-0.032458720955546],[32.87560014917429,-0.020832047609966337],[32.8756,-0.0208],[32.87559961469369,-0.020799266675089023],[32.875599611937645,-0.020799097640478],[32.87559937577514,-0.020798811959140948],[32.8601,0.0087],[32.8489111261564,0.05238988834165336],[32.84698261025343,0.061660764706879],[32.84548094192122,0.06578394106951305],[32.8454,0.0661],[32.8445,0.1066],[32.84534979819469,0.10678788055324848],[32.860960161454194,0.109350283357779],[32.87480249510011,0.110688921652996]],[[33.408521874668736,0.207941131490079],[33.409407818546875,0.202124537719721],[33.410492764515695,0.201716072582907],[33.41374701494884,0.203295833327544],[33.41677368684988,0.203581369893123],[33.42163730141894,0.201725389697756],[33.422141746148036,0.199688577906647],[33.42119051381344,0.198727554391118],[33.42178105704361,0.19746096793004],[33.42422512904646,0.198849880162744],[33.422836559783,0.199774239578887],[33.42356963992995,0.201666095785596],[33.42216079406189,0.20305789198159],[33.42421326621669,0.206028534720769],[33.42109794733481,0.209231949513527],[33.41805096437152,0.209720276457593],[33.41092973196935,0.208302230895299],[33.409179240453796,0.208816161858931],[33.408521874668736,0.207941131490079]],[[33.395050624496974,0.237547077879081],[33.39794696555568,0.239125212793502],[33.401374639638526,0.238960417236485],[33.40294520814014,0.238317929480517],[33.405630002080756,0.235133959534116],[33.41033810551323,0.234877756097404],[33.4116398655144,0.240188301484982],[33.41363835424139,0.241587255780222],[33.41569488255069,0.240930777092372],[33.41609395930425,0.241558977452443],[33.41485245473967,0.244142233591643],[33.413224440909474,0.245456237372899],[33.405842854951075,0.247069525236647],[33.400989293248266,0.244942360674731],[33.395165987025955,0.245443044224871],[33.39343779056773,0.23798972123034],[33.395050624496974,0.237547077879081]],[[33.20105788838844,0.25435060776226565],[33.2014448616002,0.254221616970293],[33.20428177048772,0.257133428593794],[33.206028092349925,0.25584556227925714],[33.206964847667116,0.2551546210971634],[33.207992645443824,0.250719734905884],[33.20485542627611,0.24861892036325275],[33.204053822029906,0.248082391881736],[33.20405404291123,0.24808228019335363],[33.20404919469943,0.248079033625834],[33.20505798100385,0.24757464007050264],[33.20505912084607,0.247574063710612],[33.20505913129162,0.24757406492615483],[33.20506045591507,0.247573402613902],[33.206845178501545,0.247781662686946],[33.20684567093116,0.2477819636063304],[33.20684582507209,0.247781981543629],[33.20704039262247,0.24790095631028303],[33.21151603466141,0.25063598158952427],[33.21426637638863,0.24858051942789852],[33.21558957323026,0.247591248443582],[33.221265750204864,0.246263206594215],[33.224774246777706,0.244162144522379],[33.22569773805951,0.24384440954142805],[33.23221134951458,0.2416031355893243],[33.23631888699332,0.2371746764163613],[33.23647088952296,0.237010785456103],[33.23647091190981,0.23701077380087823],[33.236471049754584,0.237010625186298],[33.24570334218074,0.232204088413742],[33.250322914750896,0.22846740315459546],[33.25105695901586,0.22787364469246044],[33.2554117320114,0.22363777077858862],[33.25788590651552,0.219069895765776],[33.25788601191264,0.21906983630071789],[33.257886199637824,0.219069489718882],[33.26099264289789,0.21714652139292157],[33.262846072292255,0.2151202924740658],[33.26357728452626,0.21422821020217805],[33.264852390044986,0.21164395854464232],[33.265096383416555,0.20913683775978784],[33.26416814220896,0.1997730368309851],[33.2641679770779,0.199772056089778],[33.2641680333432,0.19977193862800002],[33.26416802455591,0.199771849984564],[33.26421419811544,0.19967556313095428],[33.26709139993452,0.193668997041832],[33.26470440845603,0.191824499163439],[33.26534931348327,0.190783603770071],[33.256458522002454,0.188576685879016],[33.25474468441783,0.18668469900984735],[33.25273794614602,0.1857204806225216],[33.25199674373564,0.18536439768424565],[33.248178372025286,0.1854001134365725],[33.24692866166364,0.1861877254108395],[33.24653680923111,0.18643475784965363],[33.24553678646694,0.190182825009593],[33.24553635948179,0.19018318312675825],[33.245536290107495,0.190183443169318],[33.24332513516101,0.19203783735827],[33.243325090275206,0.19203779904322182],[33.24332389627407,0.19203880046517],[33.236970690849,0.18661373647635],[33.22794143783737,0.184615108943216],[33.22672808217707,0.184935893113148],[33.225299572788295,0.186435235565875],[33.22461801512757,0.1893030770171934],[33.22444299855409,0.190039617451942],[33.22444295798059,0.19003967814631384],[33.224442867554735,0.190040058637986],[33.222001766955934,0.19369148435925812],[33.221319406903504,0.19471223474452617],[33.221495950827936,0.19630214301985385],[33.22154772115889,0.19676807723413733],[33.22248091023103,0.19805611078663685],[33.22327512309317,0.19915221293345],[33.22327510970485,0.19915230404499928],[33.2232752166567,0.199152451665216],[33.22325090011182,0.19931705766781835],[33.22290615421942,0.201663158019989],[33.222904515962014,0.20166183611194827],[33.22290402572661,0.201665154662756],[33.21682140189196,0.1967544210686292],[33.21610424246799,0.19721266063489382],[33.20819895329015,0.202264781315766],[33.20819770368936,0.20226465992472106],[33.20819665602949,0.202265329342406],[33.205755925389724,0.20202745615472734],[33.205700525637404,0.202022074408928],[33.2056493644185,0.20198635521930983],[33.20414146527172,0.200934191733536],[33.20414149687673,0.20093360847487637],[33.20413960313341,0.200932286321532],[33.20429188793726,0.198153080252252],[33.204292169301695,0.19815300543215988],[33.20429217115764,0.198152971181387],[33.204326448668006,0.19814388990430964],[33.206396834386275,0.197593335424845],[33.21340934319346,0.189530040624164],[33.215919149483334,0.18529144032488343],[33.21707089285797,0.183345932227474],[33.21707109081927,0.183346023696136],[33.217072286496155,0.183344004418222],[33.218885156285815,0.18417953533642084],[33.21829892869968,0.18260682999788297],[33.21823292163585,0.18243035092745],[33.218233060450295,0.18243012158310715],[33.2182330520172,0.182430098959165],[33.218532814345245,0.18193487873644698],[33.21891701692711,0.181300112738278],[33.220314945874506,0.179961668495293],[33.22167366208478,0.1806977434229294],[33.22173974729407,0.18073343079256954],[33.22290321683004,0.17866509198589567],[33.2231089738895,0.178298132823734],[33.223109440594335,0.17829848108517046],[33.22311081112018,0.178296044655426],[33.22390751689574,0.178886992430418],[33.225103033914806,0.175963917259133],[33.22309410970737,0.17243022558575483],[33.223033613936195,0.172323836377014],[33.22303361181671,0.17232380997699215],[33.223033485986896,0.172323588642729],[33.22253379864828,0.16611320072265],[33.22321193645339,0.165791976432967],[33.225318207072796,0.16704096631025406],[33.225798401735744,0.16680934292765495],[33.22835098325253,0.165578013407761],[33.22860142362656,0.162258472029852],[33.23156265748698,0.159225398149877],[33.22974356471681,0.156476385458009],[33.22974793247232,0.1564772882907529],[33.23456172682921,0.157011737566961],[33.236129279471584,0.1577963385456088],[33.23613240780056,0.157796985183871],[33.23613277560022,0.15779808844916654],[33.23613316286873,0.157798282287159],[33.237843331409195,0.16214014369133045],[33.23784556610574,0.162143745497873],[33.23860829523408,0.161709925891016],[33.242260714157354,0.168802506537001],[33.24341340914808,0.17427063126464],[33.24448532971433,0.1754492672426697],[33.24989738711142,0.17556823275375105],[33.25105415349853,0.17524769950838825],[33.2548346393658,0.1742000710333611],[33.256143511835006,0.173009934832104],[33.25620317053135,0.170928276503387],[33.25620574772414,0.17092658890767617],[33.25739218745435,0.169798702740991],[33.25872914822261,0.1692742174287895],[33.2587299143212,0.169273715772609],[33.25873006083241,0.16927385941496578],[33.26042682088247,0.168608226027876],[33.263638972993164,0.16593140582245],[33.2625683184031,0.164621891416632],[33.26274650471474,0.160757805868142],[33.26619689486813,0.15730585829884],[33.26548344483459,0.153737204289662],[33.269052249433706,0.151416689194579],[33.27077133010305,0.145850891433095],[33.27320261804138,0.141920844587522],[33.283791199809414,0.129726098423991],[33.28153107575898,0.126038530834388],[33.28141186669647,0.124076463234085],[33.28389823012457,0.120148876458824],[33.28404104555942,0.118007254398242],[33.28111491467409,0.115365726304126],[33.28111431357479,0.112941216548186],[33.28418481624112,0.110154896446251],[33.29051950344263,0.109145028823603],[33.29553413029378,0.111725952144376],[33.29767536596744,0.119078009691105],[33.30024529552347,0.124075579831159],[33.30103040705738,0.132997855321064],[33.30467079204849,0.137566213736164],[33.30638419423557,0.143134357579021],[33.30971543700019,0.146480472549265],[33.31199971277707,0.145909404450818],[33.30989379043313,0.144194233207225],[33.30932281991801,0.138199954953895],[33.30657451858737,0.130311788664879],[33.30646755281697,0.123709056706416],[33.310429264339405,0.115999466624842],[33.310322192310906,0.114607599406234],[33.30651725100302,0.108389502270477],[33.30657453981623,0.104264082437646],[33.30527560087586,0.101494730359991],[33.30851636554819,0.100666339463066],[33.310442610447566,0.101022842871808],[33.31097179338439,0.101979792627596],[33.31198550764662,0.101451451246596],[33.31304191568008,0.095298220349614],[33.31288487113398,0.09387059791141],[33.3111432550191,0.091643702369772],[33.313212891490714,0.089145345848626],[33.31817649685715,0.089159234040048],[33.32652074839496,0.090977407111558],[33.32642556953594,0.088288624727952],[33.32454555835315,0.086859387832019],[33.32392725792785,0.080555666893229],[33.3269246942503,0.077486252075582],[33.32904211483592,0.077747524261391],[33.33013748400731,0.082506387012802],[33.33239793003442,0.085742474087894],[33.333468781211266,0.086504019502875],[33.33620651408886,0.085529836324559],[33.3412011655277,0.090810142011854],[33.34120200633867,0.092922147989073],[33.3402199377761,0.09545127007507],[33.33608616438127,0.098216842549891],[33.33382500829844,0.098424809298525],[33.32865037007256,0.096253872639595],[33.32687172698897,0.096789250009417],[33.32025691654284,0.102214325449965],[33.31940566863028,0.104344307299212],[33.31906709535334,0.110019048991235],[33.3201140602223,0.115253860379639],[33.326728006146254,0.120870884945115],[33.32439532418747,0.124385618332935],[33.32261072730875,0.131274154539533],[33.32539381789339,0.136486870682776],[33.32336677129547,0.140740418127511],[33.32114022124675,0.142015044601712],[33.32093082827457,0.144413537171628],[33.3221616682212,0.146994546658222],[33.32447146345069,0.1487727039983],[33.327269707294406,0.149343773659417],[33.33017288587287,0.148494330074478],[33.334484669974024,0.148613225585517],[33.338202249300686,0.150099846327921],[33.34234975204581,0.156650462751516],[33.339733328473606,0.158346476712107],[33.33729395805143,0.163165171130349],[33.33464711925044,0.163789550315326],[33.3340499594529,0.16483078179502],[33.33250633433373,0.164741647476685],[33.331256491787116,0.162748480421189],[33.32872883282902,0.163164812022398],[33.32756832903462,0.162034643304125],[33.323434058949424,0.169321612219215],[33.324772351888804,0.170570901220781],[33.32834142756968,0.170987316994812],[33.330125246963675,0.172416215018737],[33.32958849113154,0.173543933717178],[33.326021679604494,0.172296068237427],[33.32269043869394,0.172801702340934],[33.32010277716449,0.182587231603726],[33.32051918153102,0.186602568682947],[33.32277966768837,0.190171757070928],[33.3275669485231,0.189785001264032],[33.328133072020776,0.1914765790889],[33.323909910888844,0.192937890550066],[33.3185523731433,0.197345268787241],[33.32479481444251,0.20252926580522],[33.325984479829124,0.204521107974013],[33.32220740761074,0.210768378699973],[33.32170177494473,0.213088467042999],[33.32235612526766,0.217639069694161],[33.32518173125678,0.221892353908414],[33.32711504169938,0.222576444454997],[33.33005962110153,0.221416459266175],[33.333830026986405,0.218386078421065],[33.337732377040645,0.212808626610826],[33.33666641962064,0.20860214331902],[33.33851264022188,0.206888748226101],[33.34054951385462,0.208925073339497],[33.34098754107357,0.213512843015357],[33.344452466893834,0.213399189136074],[33.34869457005484,0.215684679977689],[33.3519318651055,0.215773330244613],[33.35379764821044,0.210747793393486],[33.35431222235732,0.210274213675188],[33.35514870954459,0.211033606010438],[33.35661449344179,0.214326118438295],[33.356081432082135,0.216992087031147],[33.35377833604238,0.220551294260514],[33.35482526965783,0.222703592376872],[33.354572813033705,0.226360843943133],[33.358308824800055,0.228765189407539],[33.35985071355239,0.229079274718195],[33.36170608667267,0.227537623002475],[33.36924958072186,0.225487479575639],[33.37020136481545,0.221528062893797],[33.36845077126233,0.218710408364517],[33.370944277025174,0.217149844785658],[33.372447543784816,0.216922005695089],[33.373570689070846,0.218767880937754],[33.380836027628206,0.219006807387403],[33.37733103431335,0.23060229477918],[33.378723020159285,0.239846497825534],[33.38078125198075,0.243986757582694],[33.38500468932294,0.242548010434452],[33.38526376466538,0.243286690587687],[33.38173303807077,0.245604798359985],[33.382125647142075,0.247210930568007],[33.3844581772278,0.248520419829458],[33.38490247764737,0.250573107685491],[33.38627210659271,0.250886697335463],[33.3864301953106,0.252172166724278],[33.39428205523553,0.253756782124601],[33.39673774095185,0.259468754322719],[33.3958647502992,0.2617192171745394],[33.39595095220045,0.261756016683762],[33.395805774674436,0.2618712491032724],[33.39548196052516,0.262706002272307],[33.39434916421888,0.2630274111600676],[33.38894956374456,0.267313260658424],[33.38852195198109,0.2694184204138681],[33.38857771493869,0.26953790259212596],[33.39139421496107,0.275567707918145],[33.38715873447336,0.281111899809107],[33.38715869980952,0.2811119308146818],[33.38715868797776,0.281111946304763],[33.38706937323895,0.28119183025784006],[33.37949726311834,0.287964813686095],[33.37995810907553,0.29059704692670063],[33.38003787359394,0.2910523237466609],[33.38339922806674,0.29298536699866],[33.38370802201051,0.2947431162840552],[33.38401785832001,0.296506743289541],[33.384017852374555,0.2965067651897042],[33.38401788758302,0.296506965607026],[33.38401748390232,0.2965081224627488],[33.38259019437853,0.301765565012918],[33.381276903496655,0.3043619934445788],[33.3804724887154,0.306667260567862],[33.378884652161446,0.309091569708419],[33.37845008963209,0.309950717154072],[33.378184713479214,0.3101602362162854],[33.377807575412696,0.310736050685118],[33.377200696999736,0.3109371342447859],[33.37664155805298,0.311378584113214],[33.37386011869725,0.312044004026396],[33.37385759460489,0.312044840361098],[33.36928902393361,0.309831974171095],[33.36475064782611,0.3098760165563036],[33.36193694984033,0.309903334729976],[33.36193691529939,0.30990332224646244],[33.36193649580606,0.309903326317409],[33.356011315229,0.30776177740861244],[33.34799358937482,0.307048072959395],[33.34799354738816,0.3070480345478751],[33.34799285485178,0.307047972899053],[33.34575616563559,0.305001639869274],[33.345708577532186,0.302122495415711],[33.345708816494835,0.30212218179121736],[33.34570881385406,0.302122021784145],[33.34608645845425,0.301626548820695],[33.34723153416738,0.300123703961914],[33.34723192204567,0.30012369073699335],[33.34723207766601,0.30012348656178],[33.35273138945215,0.2999361834172799],[33.35333448619945,0.299915620507046],[33.358317508673316,0.297252294116111],[33.35831763146642,0.2972522832477591],[33.35831768280967,0.297252255806134],[33.36556851747929,0.2966099987650995],[33.364856101087184,0.2951250942024],[33.364859201090034,0.2951228185504077],[33.36485891055315,0.295122210658715],[33.369795495829756,0.29149907877167364],[33.37105230821938,0.289285788892945],[33.37105251507264,0.2892856214849479],[33.3710526045816,0.289285463849935],[33.37230012471335,0.28827592103469324],[33.37382199011373,0.28704426320690607],[33.37393052905578,0.2868335638586758],[33.375520835422016,0.283746242001836],[33.375527812768325,0.28334602948484966],[33.37566358235954,0.2755397059103507],[33.374235932815814,0.275066340804899],[33.37156619660668,0.276322615168662],[33.36841100398768,0.280834045680758],[33.36528251185458,0.28237725591487606],[33.365227563765096,0.282404362434701],[33.36522755618027,0.28240436423269033],[33.36522742555964,0.282404428664719],[33.35252083423991,0.285416819498025],[33.35252048400621,0.2854165860010508],[33.3525204308597,0.285416598599475],[33.35247802674581,0.28538828021018275],[33.35149304645368,0.284731604628866],[33.351964273133675,0.282961185384393],[33.35196474585942,0.2829607687846],[33.35196477348102,0.28296066508723],[33.3529756915641,0.28206985099857557],[33.35509078796519,0.280205876509972],[33.36057324535773,0.27749310962364254],[33.36063359240459,0.27741748703853847],[33.364012330493566,0.2731807537628753],[33.36339022956684,0.27276602003575895],[33.362985484069206,0.27249660503518525],[33.36213963392909,0.27292695816916174],[33.36057306191814,0.273724217484768],[33.360572648291836,0.27372421189994167],[33.3605723787335,0.27372434904631],[33.35846023530186,0.273695710142237],[33.35846021901711,0.27369568965524443],[33.35846016881395,0.273695688977396],[33.35620869711034,0.270863516044635],[33.35116622796892,0.26901540810737967],[33.35052829949463,0.268781611864486],[33.350528284514226,0.2687815963915174],[33.35052804386418,0.268781508191223],[33.34782080576413,0.26598541275329024],[33.34662082404249,0.26553025152781146],[33.3435091188098,0.26435005833791],[33.34057859745088,0.2649705981856709],[33.339999950873704,0.265093203432172],[33.339999845729736,0.2650931492477323],[33.33999892573366,0.265093344057514],[33.33901740276821,0.264587710014118],[33.33901746482455,0.26458689329213125],[33.33901736974999,0.264586844296815],[33.339038105989,0.2643152354458504],[33.33919594523001,0.262237917163309],[33.33919673438421,0.26223747794398455],[33.33919675586367,0.262237196600265],[33.348921323335034,0.2568250402293001],[33.35118251052328,0.252928236190391],[33.35118261376232,0.25292814438321093],[33.35118262956082,0.252928117152855],[33.35118275366982,0.25292801996794717],[33.357018224084705,0.247738722582532],[33.35439466674547,0.246593035456455],[33.35439420780557,0.24659263880977178],[33.35439415390073,0.246592615267762],[33.35439404428344,0.24659249748296383],[33.35067930623216,0.24338197139197],[33.34930856142438,0.246295603692486],[33.348470222650256,0.24677257768137498],[33.34585888495205,0.24825836324011588],[33.344661474519235,0.250196727505325],[33.34119693724696,0.2510810494284306],[33.33990770522966,0.25141016468811317],[33.33706623583159,0.25422277638954],[33.33706602718648,0.254222859636854],[33.33706599818469,0.254222888345743],[33.334240140661535,0.255350427262116],[33.33424005630793,0.2553503937683324],[33.33423943940128,0.255350639907919],[33.33204082372693,0.254479760428146],[33.33204115807522,0.2544772903448977],[33.33204098833216,0.254477222946031],[33.332515197435335,0.2509752037473257],[33.332740384691434,0.249311575496441],[33.33279836087356,0.2491860520223751],[33.33515171985298,0.24408936994837183],[33.334273423723076,0.243628065642176],[33.33190210772763,0.243800402598535],[33.32904119955431,0.2514563099169835],[33.32895731470264,0.251680864805215],[33.32895726260521,0.25168092862683933],[33.32895708284985,0.251681409659548],[33.32762929409621,0.253309062461161],[33.32228379503753,0.25068031122280143],[33.32141436770494,0.250252768114375],[33.32141435905669,0.25025274947670256],[33.32141414894245,0.250252646149014],[33.319499286455276,0.246136768736853],[33.31749306900386,0.2496639414908396],[33.3174821286159,0.249683249841334],[33.31748208335771,0.2496832555845093],[33.317481685936706,0.249683954298671],[33.31462782448678,0.250045796782245],[33.31414431869769,0.25094696460358557],[33.31414025337595,0.250954566260065],[33.31923295354798,0.254785545101055],[33.31923295768688,0.2547855529269518],[33.31923305694517,0.254785627593718],[33.319725598022906,0.2557170459929199],[33.32097925110195,0.258087475421568],[33.320979186146594,0.25808764023614206],[33.32097949079515,0.25808821634093],[33.3182671332501,0.264969131858161],[33.31844119000654,0.26619823974342954],[33.31855228090966,0.2669814301535189],[33.322921134932535,0.267682209688291],[33.32292131056907,0.2676823428993947],[33.32292137537108,0.267682353277904],[33.32301601459522,0.2677541709379087],[33.32504837458288,0.269295609432188],[33.32474853316909,0.272536395757517],[33.324418499272475,0.27315729767333197],[33.32429154584872,0.273935617678561],[33.3230646972797,0.2757042428797873],[33.323063900584344,0.275705741724839],[33.32306349089383,0.2757058602036726],[33.321137199051954,0.276719050364249],[33.313363051780776,0.278739424256037],[33.31280047915274,0.2786738314212114],[33.31247054436416,0.278769245611595],[33.31157825030611,0.278531300598496],[33.31104289368783,0.276984800623703],[33.3110429814463,0.27698429003465574],[33.31104290386979,0.276984066167033],[33.311065978911685,0.2768504880961992],[33.31160512096916,0.273713696663253],[33.30937724739752,0.274069810737264],[33.307860162098116,0.271392825605524],[33.30763676687401,0.2713048548554189],[33.30310142065636,0.269519091724293],[33.303100821135914,0.26951820521091036],[33.299699258184944,0.26506388683759796],[33.2992449135874,0.26482329449659747],[33.295488361185704,0.27213376033826725],[33.29548713690074,0.27213650135715],[33.29548679714761,0.2721368040458526],[33.295486790211285,0.272136817544341],[33.295464788351,0.2721564118538649],[33.293851259351996,0.273593917383436],[33.29105597257569,0.27252001787451197],[33.291055723907235,0.27252024369468264],[33.28930014989369,0.2747029133863441],[33.2889601971297,0.27612999999492377],[33.289318070321414,0.27671998050387603],[33.29236320397085,0.278619679588796],[33.29236336732011,0.27862012752459997],[33.29236409344429,0.278620539327133],[33.29348844671998,0.281705316618881],[33.29352380655358,0.28180228024029574],[33.29599276956409,0.283498432435148],[33.29462466592973,0.28906079045177985],[33.29491851122651,0.28998730269829437],[33.29599277046676,0.293373193614693],[33.29599247721891,0.2933735833542099],[33.2959925048217,0.293373670387491],[33.29466800132024,0.2951338710974154],[33.29345235295713,0.296749522175528],[33.2933274039634,0.29782204946253393],[33.29307468700839,0.2999924603542531],[33.29476194237427,0.3006780527235274],[33.2955960188058,0.3010164218782366],[33.29947530695192,0.300112496252846],[33.306661286496734,0.302372953056701],[33.312015066861626,0.302539545348032],[33.31421847622751,0.303165366464265],[33.31603534052069,0.303681390716834],[33.31603534781245,0.3036814015782795],[33.316036353655704,0.303681687261892],[33.31729792109082,0.30556178039426707],[33.31790371862117,0.305965738267427],[33.319938668370575,0.307322261236394],[33.319939518427404,0.30732631721422354],[33.32098520379585,0.310368045359629],[33.32077000973071,0.31128893971458566],[33.32077147939128,0.311295952081881],[33.3207683846549,0.31129589401020524],[33.320768316148154,0.311296187175682],[33.31192834952175,0.31113001375755095],[33.31189609602552,0.311129408531664],[33.30271137458062,0.312913984546116],[33.29707678883184,0.3128975580599056],[33.29657111309232,0.313104215691845],[33.29580855052784,0.31289386076964487],[33.29454982587676,0.3128901912145],[33.29312351955359,0.31215318779670154],[33.29312327969538,0.312153121631173],[33.29312327585758,0.31215306187368935],[33.293122098637404,0.312152453578485],[33.29286019666898,0.30805966753574066],[33.29119550958972,0.3062285097222627],[33.2890532636624,0.309915864845459],[33.28541269259792,0.311771843361653],[33.28165268906144,0.3103204007003707],[33.28014799813088,0.3104525358017214],[33.27813139611088,0.310629697071384],[33.27813116400856,0.31062964498457607],[33.27813095307361,0.310629663507923],[33.277427978777375,0.3104718409828255],[33.27463276913166,0.30984455922510046],[33.272076711297395,0.3100526751786131],[33.2673287907245,0.310439344805528],[33.24950662984964,0.304633459314171],[33.24646061819237,0.30282504129973775],[33.24105863005047,0.302753496066852],[33.24007649050689,0.30240777566923427],[33.2391797689146,0.302349177845204],[33.23776392078985,0.3015937339912255],[33.23551452443095,0.300801929803435],[33.22536356417316,0.29497736530771307],[33.22535510380003,0.294972851167551],[33.2250934425892,0.291691055958363],[33.223118410140515,0.291070534783455],[33.222356496573404,0.288500462055969],[33.21564091679577,0.282699106822893],[33.21322004687435,0.282104003018074],[33.21321954315735,0.2821034698053138],[33.21321954076352,0.282103469216987],[33.213206135011546,0.2820892765291285],[33.211095962189,0.279855539955983],[33.209162434849226,0.2760482758340993],[33.20891593069416,0.27588578839988237],[33.205236542557685,0.273460741316303],[33.20624505425664,0.272272158037181],[33.205415001672776,0.27120025444617],[33.205415708250506,0.27119888260093516],[33.20541554863042,0.27119867693384],[33.20617083065784,0.26973278619283825],[33.20693133524538,0.26825624009473],[33.20493911027683,0.265489545308164],[33.20464903655,0.2644975260251275],[33.20428144761844,0.263892384040176],[33.20415795130485,0.2628185252668813],[33.203331878424805,0.2604321486410072],[33.2004537677329,0.2596861009794839],[33.200435978678186,0.25968484635612],[33.199960088180916,0.254716540374378],[33.19996166452661,0.254716014926948],[33.19996154989265,0.254714816494442],[33.20105788838844,0.25435060776226565]],[[33.332917960751836,0.31353829842211095],[33.33298813773137,0.31236133198962],[33.335443560009274,0.310267560799607],[33.340335699620624,0.309353802563137],[33.34033605653786,0.3093538784055299],[33.34033611123368,0.309353868190204],[33.34081147967391,0.30945490246555707],[33.34642725454164,0.310648214978813],[33.34758954399319,0.311828297627004],[33.34758979506461,0.3118283097334403],[33.35145380804984,0.311524650098503],[33.35213974239509,0.3120477040710977],[33.352328224757414,0.312056792519829],[33.35337527731218,0.312989602575992],[33.353443265440134,0.31531953728309703],[33.35347041453229,0.31624429280703276],[33.35347112154867,0.3162454241395541],[33.35556453789673,0.318739458555957],[33.35549566675498,0.3194850008827544],[33.355754737880915,0.319899553638502],[33.35499331117477,0.324924974889325],[33.35379406494372,0.327475753675261],[33.35379232280044,0.327475360722803],[33.353791857898045,0.327476347985901],[33.34884837172295,0.3263602183872995],[33.348733324066174,0.326334268593165],[33.3487242995908,0.32633963382113745],[33.34739803601274,0.327608907287254],[33.34643522305678,0.3277005348091916],[33.346237000500835,0.327818382014484],[33.345982710338944,0.32774359885265225],[33.344999368731095,0.327837180014172],[33.34418543013041,0.3272150440092667],[33.34364816802355,0.327057042776405],[33.343278295412844,0.32652167331936854],[33.34058282092491,0.3244613806537688],[33.34057412449143,0.324456960989277],[33.340571931137966,0.324453057017886],[33.34057096837503,0.324452321127629],[33.33847479637089,0.32072034623195667],[33.3374038360951,0.3188141335099661],[33.3371576835713,0.31862204581351716],[33.33281674625393,0.315235807595452],[33.33281681790594,0.31523460589062974],[33.332816599834096,0.315234435715981],[33.332917960751836,0.31353829842211095]],[[33.34549879338566,0.27591416532913027],[33.34549815963444,0.275914339047976],[33.34516064902379,0.27458538294168283],[33.34511750111226,0.274415827593863],[33.34511756404155,0.27441573479308623],[33.345117449995584,0.274415285734347],[33.34650563953131,0.2723687630282866],[33.34719881223517,0.271346552807433],[33.34719900925882,0.27134657055777006],[33.34719958367051,0.27134572373785],[33.34906276486622,0.2715144808024132],[33.35022052232107,0.271618785968128],[33.35022019988931,0.27161931512414683],[33.35022138149293,0.271619422147532],[33.35020210362056,0.27164901365493377],[33.34810317359672,0.275093654028631],[33.34792055341212,0.27515119006713956],[33.34784192488321,0.275271884750197],[33.34549930089254,0.27591402621537653],[33.34549879828133,0.275914184567305],[33.34549879338566,0.27591416532913027]],[[33.34411022519887,0.138507885047806],[33.34402386175379,0.14257023507541],[33.34216919834468,0.14281750550211],[33.34044477597119,0.141695005145823],[33.34218590511278,0.138421459471908],[33.34411022519887,0.138507885047806]],[[33.25066396885866,0.03217388058616464],[33.250475834076525,0.031106085439361],[33.2504759724278,0.031105868029898957],[33.25047596421785,0.031105822007813],[33.251541150952455,0.029431807336382],[33.25154129099226,0.029431793548976643],[33.25154182869253,0.029430948590165],[33.25348389904478,0.029239941397608566],[33.25496805561421,0.02707083955849039],[33.25337485773539,0.024383989006446113],[33.253331323352256,0.024310583672661],[33.253331321986686,0.024310568088686407],[33.253331186964076,0.024310340379638],[33.2529504732913,0.019970206093904],[33.2529509881686,0.019970177486379262],[33.25295094607686,0.019969697133104],[33.255619504692554,0.019821909826012136],[33.255691597206145,0.019817904234057],[33.257557165177765,0.017970798891716162],[33.25761424763309,0.016829518826965324],[33.25496825480956,0.012089429230532],[33.25502766493553,0.011715145483945278],[33.25515841989224,0.010891176236813],[33.255158454962164,0.01089116841970386],[33.255158610477075,0.010890188675885],[33.25618653283849,0.010661761356415],[33.25618702721494,0.010661898985032088],[33.256187059577414,0.010661891771416],[33.25753899645794,0.011038271396147853],[33.2665800143794,0.013555184951444],[33.27019673673764,0.018770260859242],[33.2721003619451,0.020065388182884],[33.27246265923158,0.022045846646659522],[33.27455572622998,0.024500293949055],[33.27455574330264,0.024500402863231],[33.274555910414826,0.024500598806893],[33.27535640111971,0.029602838641476437],[33.28069883423271,0.032939150015061786],[33.288432981923144,0.037768577915529],[33.2879386231003,0.03971095624247268],[33.288742162068544,0.04078234175723654],[33.289093964692775,0.041251238274202],[33.289239332624,0.041318272069011265],[33.2925199106084,0.04283100367040682],[33.29516614673624,0.04290724264042],[33.296631976040295,0.042374002905625],[33.29754571363568,0.040451603173163],[33.297546433874004,0.04045161446738614],[33.297546665673345,0.040451127155061],[33.29998056124947,0.04048969505583314],[33.30055325233519,0.039385661848029],[33.30194285318459,0.039290483497645],[33.307596449749695,0.041517657989481],[33.30759663087773,0.04151814962477455],[33.30759668179439,0.041518169684867],[33.3075967554634,0.041518487787278686],[33.308529193053445,0.04404940033436],[33.30834403526176,0.0447452378741161],[33.308434063708454,0.045133980215105],[33.307349905533236,0.04848125556041374],[33.30734898563035,0.048484712627809],[33.30734872792041,0.04848489137156356],[33.3073486755281,0.048485053129793],[33.3043074244803,0.050594806086053414],[33.30470302140979,0.050997426811727],[33.304699168584534,0.05099915774072359],[33.30470051845061,0.051000526700869],[33.30364515330783,0.05147268702999899],[33.30321783223825,0.05166466626108248],[33.30314114507021,0.05184658197026296],[33.30272331246859,0.05284388315512],[33.30171442918786,0.052958095406193],[33.30017200146052,0.05076904337479358],[33.29953251923037,0.05081833022140005],[33.29697454036929,0.051016454788003],[33.29697310857807,0.05101559180941034],[33.296973080248385,0.051015593992866],[33.29566519845472,0.05022727964129194],[33.29419532233259,0.049341346264057],[33.290826141492204,0.050350367423556],[33.28739970136334,0.056651054795874],[33.28716289052712,0.06072861545451126],[33.28688588450351,0.065500455180952],[33.28688575561408,0.06550050189587783],[33.286885639988554,0.065502492810271],[33.28582829617253,0.06588376947145662],[33.285724948457464,0.06592122701038422],[33.285838656665085,0.068491220021449],[33.27932833737088,0.071689254717953],[33.27932797716663,0.07168936327126206],[33.279327977157905,0.071689363275547],[33.27932797324898,0.07168936445190742],[33.27793885296636,0.072107998055887],[33.27611024822438,0.07113794742108927],[33.27603417257859,0.07118684987200721],[33.27380810940247,0.072621955206731],[33.273793253816116,0.07259224880760387],[33.27202195652878,0.0698756853996066],[33.26976480104691,0.06864505339817387],[33.267934452152744,0.06789263896070583],[33.26418152165355,0.067749776371033],[33.2585169837026,0.06556595778296034],[33.257614796870044,0.06521826923518391],[33.25422585401488,0.068149526660928],[33.25387326302973,0.06813715523174124],[33.253540295703544,0.068396974315423],[33.25205649024719,0.068073687186382],[33.252056206374526,0.06807339980779328],[33.25205579307926,0.068073385306421],[33.25205428726052,0.0680714569920846],[33.25053321494408,0.066531598922696],[33.24676701129178,0.061300701798651255],[33.24676387233184,0.061296682123971],[33.24609586857642,0.057357356249890204],[33.24602141978802,0.05691844913848064],[33.24111027503161,0.050008519803374],[33.24171945123277,0.044792641322695],[33.24244846270892,0.04333462877746721],[33.24257588886196,0.042699128217168],[33.24310203706313,0.04202748939920854],[33.2442130906296,0.039805398127225],[33.24590771890118,0.03826350374969754],[33.24683890573288,0.035298193872627434],[33.24684001385427,0.035293937878152],[33.24684032089419,0.035293687374414885],[33.24684033581972,0.035293639844926],[33.25066396885866,0.03217388058616464]],[[33.26352913404273,0.07601409404458655],[33.26364590858712,0.07587517280089],[33.271983536027165,0.074495085070914],[33.27417263514578,0.076522383737456],[33.274667563174035,0.078283182709025],[33.27466731090703,0.07828355447033278],[33.274667547956916,0.078284397614188],[33.272857413021654,0.08095076814834894],[33.272316657001426,0.081747670484823],[33.26642511444267,0.084802897123248],[33.2664246469185,0.08480265863600267],[33.26642434181599,0.084802816849913],[33.26559573109369,0.084734796725307],[33.265175640409325,0.08416553195754066],[33.265006882974156,0.084079447647056],[33.26452762982878,0.08328741300281955],[33.2629411365616,0.081137556424448],[33.26288393538982,0.08057097190537445],[33.26229437750009,0.07959664283117],[33.26254184156476,0.077188629981658],[33.26254239486619,0.07718797174469127],[33.262542366159856,0.077187687405033],[33.26352913404273,0.07601409404458655]],[[33.24429470585262,-0.103692147683842],[33.24630980448702,-0.104967161107472],[33.24724487185332,-0.103863641565821],[33.24930186684026,-0.105386774518126],[33.251318543600696,-0.105024230478481],[33.250939511407466,-0.099499218242346],[33.25283423649146,-0.096262443098933],[33.25179454235054,-0.093737931242477],[33.25000442575214,-0.092061723030618],[33.24899643232134,-0.092366530207962],[33.24731067836672,-0.096316955958443],[33.246350190434455,-0.102683416731922],[33.24448569826159,-0.102854420496191],[33.24429470585262,-0.103692147683842]],[[33.232549420584206,-0.107097781086629],[33.2360118819196,-0.106479805209544],[33.2367852062774,-0.104826150586605],[33.236510663991865,-0.102660138548012],[33.23379907554076,-0.102125500554371],[33.23201448764447,-0.104969675205741],[33.232549420584206,-0.107097781086629]],[[33.22304950729169,-0.125394131518954],[33.2239050411212,-0.123781433307301],[33.22650331066438,-0.12342444015182],[33.228930461572034,-0.116999966087654],[33.23060083067352,-0.115871799637483],[33.23368452796538,-0.11067531191435],[33.233711657955496,-0.109090018257154],[33.23184249905044,-0.108562689211189],[33.228601643717596,-0.110576113687772],[33.22303389042468,-0.123540186406723],[33.22304950729169,-0.125394131518954]],[[33.21788670168213,-0.135312784898992],[33.22161528152723,-0.128809663310916],[33.22114593838947,-0.127454022652877],[33.21666195707794,-0.133477156507539],[33.2166066430286,-0.135569231637702],[33.21503387728326,-0.13771844265484],[33.21317942927223,-0.144357365291871],[33.215690496292375,-0.142315528015436],[33.21788670168213,-0.135312784898992]],[[33.18412098161194,0.202572149124244],[33.18412112092443,0.2025721186863777],[33.18412168497427,0.202571371212959],[33.185097258771215,0.202357220656022],[33.185097133158465,0.20235887341257514],[33.18509842466589,0.202358591235934],[33.184838805906196,0.20575782823253197],[33.18476452403647,0.206735195958613],[33.19106977654818,0.212327066547146],[33.194163003677296,0.213302739923242],[33.19416330250455,0.21330346679932508],[33.19416356045767,0.213303548207581],[33.19504324034995,0.215443574385974],[33.19504320530722,0.21544376789188774],[33.19504340329574,0.215444249484901],[33.194591304159864,0.217942680474355],[33.193215227301025,0.218447501667829],[33.188856813203635,0.217561963700371],[33.18885671565584,0.21756178183497016],[33.18885662726142,0.217561763873956],[33.18859454330455,0.21707299500253463],[33.187095399909495,0.21427803379530372],[33.183850187534226,0.2127472166156982],[33.180790439334764,0.211303982637961],[33.18078978034285,0.2113032307118951],[33.17893454484091,0.209519481618585],[33.17707947856858,0.20707158609635],[33.17708073561756,0.20707111901160652],[33.177078483389074,0.207068549163241],[33.18203468728598,0.20523036715510176],[33.18214654895316,0.2051888024436703],[33.18343212218886,0.20348517317433473],[33.18412098161194,0.202572149124244]],[[33.15057084934196,0.146082200563256],[33.15069748132699,0.14556546468436568],[33.15047572139006,0.14503606447299],[33.15068511563384,0.143836818117916],[33.15126263295244,0.14325930070998805],[33.151274989369185,0.143208878979139],[33.152828389369915,0.14169354405032686],[33.15285518158762,0.14166675182848],[33.15285598878949,0.14166662093684926],[33.15285634459551,0.141666273849625],[33.15708072932714,0.1409815183145669],[33.16052659856627,0.1389818745531398],[33.16070460070458,0.1354752001898825],[33.16071689195246,0.13523269018591],[33.1583945852936,0.129331497966314],[33.15854685396063,0.12849405415986],[33.158548478033765,0.12849327990678283],[33.158548499766525,0.128493161535272],[33.16345750028544,0.12615292194800667],[33.16433355810851,0.124687126996926],[33.16417943302563,0.12312058733527159],[33.16408627826339,0.1221747088672245],[33.162897851214076,0.12010223775195632],[33.16192412765085,0.118404524647389],[33.161924277348895,0.11840444425648325],[33.16192331083735,0.118402758778809],[33.16381443313386,0.117388806487759],[33.16403684000454,0.11449520444896925],[33.164062579235825,0.114159481731627],[33.16406264775338,0.11415943534959679],[33.16406268194384,0.114158990518116],[33.166846758566074,0.112274405529657],[33.16684763483663,0.1122741761446258],[33.16684827418964,0.112273743343283],[33.16957323885157,0.11156068233722538],[33.170312384275995,0.10972595453439705],[33.17120055021583,0.107520613295125],[33.17120089038031,0.10752047940229913],[33.17120093371697,0.107520371830817],[33.1726145843016,0.10696350621287],[33.172615449080745,0.10696369210699688],[33.17261573306728,0.106963580326484],[33.17361461526104,0.10717847425793749],[33.17566968467929,0.1076202348366],[33.17600183810261,0.10847730944150817],[33.177268084537396,0.111743792616949],[33.17726800256418,0.11174446651255938],[33.17726867943647,0.111746213085097],[33.176669056402545,0.116671698096944],[33.17666861402421,0.116671994807877],[33.17666854268026,0.116672581321118],[33.17202967123872,0.11978366693320254],[33.17202934014587,0.12301093248677804],[33.172297579897275,0.1234382203433219],[33.17349489982098,0.125344943699386],[33.173494949953,0.12534555019253324],[33.17349534134324,0.125346173650818],[33.173756539133734,0.12850899971998322],[33.1746851674317,0.12979457299339509],[33.17485753222273,0.129839716063081],[33.17668416479116,0.130317299894946],[33.17742050763443,0.1298075312959664],[33.18101301974114,0.127320297410266],[33.181013098696766,0.12732038807281862],[33.18101395860306,0.127319792761501],[33.18192938417229,0.12837253323273762],[33.181965026948234,0.128413460842306],[33.1819649942165,0.12841348482506992],[33.18196573583678,0.128414337689261],[33.1741369054337,0.13414937314049294],[33.174136899884274,0.13414938036771126],[33.1731142145371,0.135481894888777],[33.17270988823524,0.14009805929182048],[33.17324530247476,0.14119562165122254],[33.17366158957168,0.14204876046093143],[33.17382025477055,0.1421582880301941],[33.178039626862656,0.145070570176388],[33.1787542116109,0.146689016786751],[33.18049047061756,0.147925923748398],[33.181299486932545,0.149615336156279],[33.180232056182895,0.150828266549227],[33.18075285084765,0.15235259526461395],[33.18090580626927,0.15256673275162358],[33.18146665126969,0.153351092473745],[33.184035868244024,0.153874575318272],[33.18406001957515,0.15411627439443318],[33.18434512098037,0.1569676572215993],[33.18547136032988,0.15773645166919],[33.18688739489855,0.157023146119116],[33.186888533312676,0.15702458070587058],[33.1868888819082,0.157024405440349],[33.18901859412724,0.15970880340371213],[33.1898141298035,0.160711307606671],[33.19138457213962,0.163459585141768],[33.191384407502255,0.16346055248351846],[33.19138476586987,0.163461179864043],[33.1907190459388,0.16736994460000837],[33.19062326115349,0.167932736779694],[33.19172959504181,0.170728832673618],[33.18940947597359,0.171799611381773],[33.18940902709838,0.17179966555142778],[33.18940902541653,0.171799666327784],[33.18930300853427,0.17181245972869966],[33.18490032444664,0.172343769704095],[33.18490025284884,0.1723437545320909],[33.18490014658923,0.172343767354783],[33.18255693055019,0.1718472188748162],[33.177417143297696,0.172787061809911],[33.17325480908963,0.16960160442528466],[33.172753583913526,0.169218023643656],[33.17275357606446,0.1692180080196106],[33.172753401938294,0.169217874759892],[33.17020541279175,0.16415141404171693],[33.16904482049848,0.16520670952297184],[33.16894625473052,0.167790197364086],[33.167997945993235,0.1686319759491107],[33.166829057595145,0.169669670783752],[33.166828904454626,0.16966969087623687],[33.16682866874816,0.169669900104147],[33.16247393203026,0.1702411477303212],[33.15812052036827,0.172406154015356],[33.1581201590307,0.17240616702774517],[33.15811984633442,0.172406322523705],[33.156269772703865,0.17247280263118805],[33.15414649079551,0.172549265675251],[33.154146284512436,0.17254910755271854],[33.154146015639384,0.172549117214339],[33.15414303106085,0.1725466136787275],[33.150016184640585,0.169383254804052],[33.14975440450886,0.16886532912953467],[33.14946395654286,0.168621694453188],[33.14947813024692,0.16831872716807744],[33.1491593928583,0.167688112935016],[33.149616203936255,0.16536735957789048],[33.14961623957997,0.165366597682452],[33.14961638536466,0.1653664378607872],[33.149616387711305,0.165366425939038],[33.14994960304192,0.1650011360965778],[33.15317569315858,0.16146441973505],[33.15337900756457,0.16057510356302349],[33.15408870413788,0.157468071641763],[33.15408931809235,0.1574681390739281],[33.15408962648212,0.157466790148321],[33.160142906398626,0.158132330915264],[33.16269375628944,0.156267543410003],[33.166120430520316,0.15645753697296458],[33.166398898236785,0.15607196543405422],[33.165568248095056,0.151946971574836],[33.16362839422416,0.15054229694334828],[33.16301766047988,0.1501001988433285],[33.1602571860357,0.15029032465525],[33.15767477001763,0.149516919208556],[33.155072130086936,0.1492328812191011],[33.15419718207817,0.14938217341708346],[33.153370291611736,0.1500326172775612],[33.152433989498576,0.152756558985427],[33.15037353450773,0.152987054116302],[33.146635211528384,0.151789606615322],[33.14663840386982,0.15178801152470547],[33.14663638363674,0.151787363006025],[33.146789857840716,0.151223850477178],[33.14776866311363,0.15122326431710414],[33.15215020220383,0.14903397723120645],[33.152150360165635,0.14903387460059725],[33.15214797872454,0.14902818946452862],[33.15057084934196,0.146082200563256]],[[33.16171653369361,0.20416457863690618],[33.16162150312199,0.200695955433909],[33.16211576571647,0.20020169406183808],[33.16214509256206,0.1999105878946],[33.16283876381436,0.19947869775206012],[33.164548243075295,0.197769222718993],[33.16455421638779,0.1977708738403543],[33.164553892448275,0.197769241299106],[33.16885301127919,0.19895837525371785],[33.16886071101439,0.19894695287421743],[33.17063872460718,0.1951775657678551],[33.170639513513734,0.195175351796156],[33.17063946051726,0.19517516143866462],[33.1692800140444,0.1920099741222798],[33.16851340299553,0.19109342311314664],[33.16358513560863,0.18766414282063015],[33.16357266346421,0.187656505257864],[33.16512244171182,0.18398937913768879],[33.16526185052577,0.183659403958074],[33.16526191589292,0.18365935165577174],[33.165262018111484,0.183659109783518],[33.16692727881959,0.182326398038962],[33.16667207198324,0.18131654377718256],[33.165856315657244,0.178093430106881],[33.16585752607088,0.1780933830156205],[33.165856943670335,0.178091078454822],[33.17080621423667,0.177900722795617],[33.17035739317665,0.17889284361319902],[33.17035425207328,0.178899814171958],[33.17035423691656,0.17889982053923986],[33.17035411731848,0.178900084911286],[33.16797510900947,0.179899482454974],[33.16795315421713,0.18127623533741513],[33.16795087514402,0.1814220978694088],[33.17018755305393,0.183992141525595],[33.17018774130738,0.18399313870071665],[33.170187965699824,0.183993396593656],[33.17090272926535,0.18778041695253045],[33.17106795210211,0.188655599323627],[33.17168375931869,0.18914321509274984],[33.17278001332787,0.190010784610207],[33.17277998468985,0.19001124125922006],[33.17278116460703,0.190012175555223],[33.17271018025111,0.19113046349822],[33.17439919929528,0.191701595758125],[33.17506557465315,0.193696348825758],[33.17590195644831,0.19380441981028215],[33.17601630806619,0.193818649231166],[33.176016339115534,0.19381919948092002],[33.17601723178371,0.193819314824809],[33.176160186681784,0.196364922654299],[33.177754192830434,0.197531385046572],[33.177751551272095,0.19753273923285092],[33.17775299655964,0.197533799363742],[33.176168410478965,0.19834433120371905],[33.175850471492204,0.198507321589666],[33.1755037665176,0.1990688223316494],[33.17366249744778,0.202051519152289],[33.17366202746916,0.2020515826552313],[33.173661661842516,0.202052174800277],[33.17154355416831,0.20233799547530834],[33.169664321098566,0.203646288390138],[33.16944307825038,0.20392565060018353],[33.16830854253087,0.20535869817501878],[33.168521928274096,0.206763577893145],[33.16852157726417,0.20676414619598443],[33.168521606820725,0.206764340425861],[33.16821637671871,0.20725828132830076],[33.16752255931438,0.208381606826862],[33.16525189290845,0.2076597188283193],[33.16340806893016,0.207074239216541],[33.16340801779917,0.20707351589303696],[33.1634060990237,0.207072905877855],[33.16326330859403,0.205027503282102],[33.161716681229414,0.204169963705264],[33.16171662765761,0.20416800833032386],[33.1617162114519,0.204167777294841],[33.16171653369361,0.20416457863690618]],[[33.133580522570675,0.11903384762282031],[33.13566285777015,0.117219504051959],[33.135663648511084,0.11721947673536091],[33.135663737874026,0.117219398896149],[33.136605854525456,0.11718692768928664],[33.13825095923422,0.11713009660548372],[33.13979735417606,0.11645711489546647],[33.14146270907196,0.115732251766657],[33.14223591543789,0.113977505665314],[33.14086793142354,0.10966471055457],[33.14097242385225,0.10950593621748511],[33.143156938651046,0.106185859639547],[33.14315730037302,0.10618605624637449],[33.143158158310044,0.106184752626735],[33.14550814014716,0.10746376448468822],[33.14970102757481,0.1079990171749819],[33.15431187606789,0.106095523781997],[33.15431141696778,0.1061000441208139],[33.15431291937946,0.106099425201276],[33.15392535832951,0.109901848250308],[33.15392527935589,0.10990198801153564],[33.15392521199883,0.109902651214887],[33.15276532580245,0.111954940567484],[33.15320918390388,0.1131287866151831],[33.15410347730129,0.115493398536707],[33.15410333903513,0.11549350737495027],[33.15410367067984,0.115494384456677],[33.152289337512315,0.11692205659988],[33.14994527300462,0.11627241491944511],[33.1498210139398,0.11623807633512795],[33.14898358962199,0.11684143541574704],[33.14854247210074,0.11715945032686892],[33.1494177960348,0.12083962305630709],[33.149433877487596,0.120907164689516],[33.14943386916621,0.120907200209858],[33.149433978921095,0.120907661658393],[33.148987830170476,0.122811227742921],[33.14580542098698,0.124923345053943],[33.145885019703435,0.12595225190791043],[33.14619219326642,0.129918690053299],[33.146191899873244,0.1299190383603401],[33.14619196404224,0.129919867819959],[33.143009437353584,0.133697261007631],[33.13916176185728,0.13414992724740604],[33.13896459385829,0.134173126796689],[33.138964584985445,0.13417312445133653],[33.13896435719192,0.134173151250488],[33.1363764503915,0.133489285716472],[33.13332951210983,0.13467104509590636],[33.13146948335942,0.135392534205281],[33.13146934226343,0.13539251463683857],[33.13146905411776,0.13539262639455],[33.1276163375317,0.13485814578492353],[33.12632396910726,0.134678908675369],[33.12632393635829,0.134678853238583],[33.126323473184485,0.134678788983294],[33.12516348908119,0.132715736435073],[33.126710013449944,0.12834326164234458],[33.124211829907296,0.123495861923541],[33.12421191975419,0.12349574281272674],[33.124211705116856,0.123495326317271],[33.128137810927136,0.118290260799938],[33.13281776553883,0.11892968401791341],[33.133580522570675,0.11903384762282031]],[[33.13558545329182,0.154839980945467],[33.13825717409484,0.15444348514967385],[33.1404578939716,0.15411670176454967],[33.140855156813885,0.15339250807953783],[33.143370144086965,0.148806034455096],[33.14308920973152,0.1509511925052759],[33.14298971390564,0.15171638707119797],[33.14458358752276,0.15242282239713348],[33.14462410716266,0.152440725250552],[33.144624091345555,0.15244077446745444],[33.14462649928106,0.152441841710607],[33.14437933702486,0.1532023579754936],[33.14437933645753,0.153202359740795],[33.14437933644764,0.15320235975158022],[33.14437907799066,0.153203155021615],[33.14184712029991,0.155963922806619],[33.138817215805396,0.16256416805531265],[33.13832581805589,0.163634626466552],[33.13832580957644,0.1636346313764117],[33.138325762813395,0.163634733243513],[33.136555240556326,0.164834119400565],[33.13614740825618,0.16489599256441834],[33.135794446076204,0.16510036849392],[33.135125225169496,0.16505107028040109],[33.133795201061744,0.165252851256352],[33.133475527489495,0.16492954516417252],[33.132958295018355,0.164891443191348],[33.132122128319516,0.16356076702676886],[33.132120065022406,0.163558680283969],[33.13322395480235,0.160627394339776],[33.13301474337584,0.158856867214904],[33.13558456102478,0.154840339631421],[33.13558529333832,0.15484023089068522],[33.13558545329182,0.154839980945467]],[[33.074156069139214,0.10282456097553638],[33.07440747230776,0.10179508383697965],[33.0744912154332,0.101446774072704],[33.07449237701573,0.10144740541945012],[33.07449314772418,0.101444249426071],[33.075230870877675,0.10184297177034711],[33.07525395089195,0.100445711598642],[33.07525456025692,0.10044592549780354],[33.07525457713358,0.100444873723977],[33.0765365050914,0.10089397662518],[33.07796716117448,0.099088579913172],[33.083725352850095,0.096947100555893],[33.08372542973105,0.09694709055459051],[33.08372546050483,0.096947079109846],[33.09064167434288,0.09557758257741215],[33.09104234241224,0.09494478615161865],[33.091529926148276,0.09233138769895802],[33.09152986251765,0.09233066676802064],[33.08910355769205,0.09026122641016282],[33.0874136234801,0.089927646665012],[33.086580814965956,0.087857521856163],[33.08817505161629,0.08650123180527],[33.08817668204512,0.08650094958825094],[33.088177107952,0.086500587241628],[33.09040953371672,0.0861144569485839],[33.09064663217203,0.086073416690953],[33.09160147433533,0.083955209226247],[33.09160191012477,0.08395510953837897],[33.09160194067222,0.083955041599283],[33.09293122184295,0.08365102633469748],[33.095242155829986,0.083122394712285],[33.09524238256119,0.08312244882023073],[33.09524249317613,0.083122423521873],[33.09603343722846,0.0833112289372816],[33.09942989375539,0.084121771479074],[33.09954910331462,0.086025453636016],[33.09965784431766,0.08610279355932954],[33.101520389821744,0.08742679627810318],[33.10252913705479,0.08677320422708347],[33.102616828928504,0.086715992418707],[33.10261711142788,0.08671620347499584],[33.10261837381014,0.086715385546598],[33.103189441540366,0.087143685096993],[33.1023093222552,0.08854829075069977],[33.10244469940936,0.08890956552177733],[33.102880109484076,0.090070418265202],[33.102198246898205,0.09157025785411825],[33.101928532453925,0.09216391354762901],[33.10516475628696,0.094876835943855],[33.105349539565616,0.09486691803872492],[33.10692379644819,0.09478182352885277],[33.10725832789022,0.092426091123794],[33.10867983286267,0.09268452564776335],[33.10882803743051,0.092711383310414],[33.108828189586546,0.09271149741364276],[33.10882864735148,0.092711580636892],[33.1108275103153,0.094210685025851],[33.11154125411664,0.095804615616515],[33.11501536147698,0.097446752798937],[33.11570578122524,0.09961200460253913],[33.11619463485679,0.09954898127948077],[33.117727949648106,0.099350321350904],[33.11795535690183,0.09970302226467809],[33.11936958070922,0.10189613021109432],[33.12274945110561,0.10282383570444956],[33.12393671583113,0.10208770148152503],[33.12377178917079,0.10058763734032],[33.123772045696484,0.10058743911553278],[33.123772020524,0.10058721216742],[33.124769712682586,0.09981651311830264],[33.12481874463233,0.099778624719391],[33.12553275163747,0.10163472006713038],[33.12591325100768,0.10192877252338774],[33.127626503936106,0.103252631969657],[33.12060671441718,0.10689374841047049],[33.12040030757204,0.10720719944048661],[33.11996477842006,0.10786927672879722],[33.11997247981243,0.10789931016718599],[33.120571540916885,0.110221919019098],[33.12056795319386,0.11022150234407778],[33.120567996996805,0.110221673164213],[33.11239817324727,0.10927270011508773],[33.10675863605601,0.112413551463008],[33.106758158103844,0.11241338731768073],[33.106758143753055,0.112413395309395],[33.106694051780345,0.11239137098577319],[33.104402975070506,0.111604535888783],[33.104402970589526,0.11160407249181588],[33.10440279578282,0.111604012421898],[33.10437917817257,0.10915437319715855],[33.10258908000818,0.10783466647215276],[33.102571166806094,0.10782146709195205],[33.09988884985395,0.10726799704837754],[33.097266103019756,0.10672696479093166],[33.09662213062018,0.107726010926463],[33.09661984697559,0.1077219670159374],[33.096618478218716,0.107724080016826],[33.09548541409211,0.10611963395932678],[33.094785424142444,0.10581819701510307],[33.09211239028084,0.10607210169820848],[33.09052269070997,0.10643588646634008],[33.08458810825944,0.10974474850980313],[33.08458205940519,0.109748554817107],[33.08457782184838,0.10974812728889594],[33.08201194664196,0.1099150991906],[33.076570383368086,0.10894025473490865],[33.076563279700196,0.108939538044005],[33.07444556285092,0.107178738835162],[33.07423940955311,0.1058391512610767],[33.07107022458328,0.10307570225124577],[33.070995344709516,0.103014686517183],[33.07099993625644,0.1030144126108315],[33.070997570311356,0.103012349566652],[33.074156069139214,0.10282456097553638]],[[33.10259900814886,0.06853280158229903],[33.102600409706454,0.068533286939538],[33.102679024097014,0.07035363925525],[33.102676082705045,0.07035456064435147],[33.10267615544541,0.070356279958999],[33.102129735801476,0.0705257034529501],[33.10208655010978,0.0705392313425],[33.100002145174415,0.068519074960156],[33.10024438838841,0.06837700773794514],[33.10023770349894,0.068369162786538],[33.100255649812276,0.06837040330440829],[33.100951542152664,0.067962286642959],[33.102597505918695,0.06853228136230585],[33.10259899048108,0.06853238398094],[33.10259900814886,0.06853280158229903]],[[33.09939136431532,0.050925764604336],[33.09678775274083,0.049284841788478],[33.0966433317501,0.04870696889904988],[33.09643057191465,0.048535220129668],[33.09649427386632,0.048110542371589966],[33.096430759398274,0.04785640141198],[33.09654955578803,0.04774199789282524],[33.09664472349258,0.047107549397141],[33.097394248842015,0.046929092055677],[33.09739660150807,0.04692960746023934],[33.09996510035363,0.047179430192135],[33.10032555023445,0.04757125973775136],[33.101141942369516,0.047750108847704],[33.10117648983209,0.04849627953560276],[33.10160559562999,0.048962741972569],[33.10149884156115,0.055458568325463455],[33.101498905702044,0.05545995366749579],[33.101498930858604,0.055460113801295174],[33.10264095516246,0.060099401580796],[33.10231685192747,0.06066658169060733],[33.102390420342715,0.061134880657628],[33.10178597695077,0.06159561199661033],[33.101784352328934,0.061598455082061],[33.101782858171006,0.06159798925740045],[33.101782440458805,0.061598307654633],[33.100268633203676,0.06112590841517977],[33.09976181617249,0.060967901107088],[33.098857623582404,0.059040540101087],[33.098857823312805,0.05904012196496617],[33.09885775241516,0.059039970836797],[33.09939383044655,0.05596195800554804],[33.09939300319079,0.055959141919845],[33.1005707417924,0.054103142086391],[33.100641731921094,0.05053830451768],[33.099392887966395,0.050926527376784],[33.09939178127128,0.05092563400551477],[33.09939136431532,0.050925764604336]],[[33.08718353584833,0.06810291997298372],[33.087322389390756,0.067714028685316],[33.089644741106355,0.067200067430078],[33.089645448853474,0.06720037558661605],[33.0896457465806,0.067200309755979],[33.0916331390385,0.068065361782375],[33.09163244815742,0.06806552474332628],[33.09163396391601,0.068066184711984],[33.08861150379483,0.06877808727180221],[33.08842209726769,0.06882276336566232],[33.08789023714373,0.070015077874854],[33.08788900437744,0.07001317772197452],[33.08788808340354,0.070015235657667],[33.08718483730114,0.069616346825055],[33.087571237292515,0.06952338006642199],[33.08699402688101,0.06863368343095],[33.08699431498242,0.06863287653668221],[33.08699411260846,0.06863262322682],[33.08718353584833,0.06810291997298372]],[[33.0862166580693,0.07013994579688962],[33.08700657363693,0.07022318670092],[33.087708431933464,0.070520681232957],[33.088124795266246,0.073304536059566],[33.08812351202583,0.07330515852332621],[33.0881236173785,0.073305863196846],[33.0877238846788,0.07349900648639766],[33.087327680655605,0.073691193891559],[33.08732683114373,0.07369085525421172],[33.0873267600032,0.073690889627969],[33.087321420301535,0.0736886983529506],[33.08386556566244,0.072311105555488],[33.08383982754924,0.07225994302180588],[33.0836763626751,0.072192861278765],[33.0836811197237,0.07194446168074534],[33.08337778177692,0.071341482830006],[33.083706861858005,0.07060028037271818],[33.0837108946711,0.07038969830055],[33.08382910712812,0.0703249416335844],[33.08401428331123,0.069907860655911],[33.08449752280086,0.06995878418955],[33.08481805807994,0.069783195280887],[33.0862166580693,0.07013994579688962]],[[33.050469494866626,0.054014622962394],[33.049429898026524,0.054102821921143],[33.04606927402279,0.051693889603287],[33.04315551997317,0.05178273245927],[33.04244059262318,0.050444672224593],[33.038157147911896,0.048451247389465],[33.03726544816409,0.046845940350645],[33.03756374737995,0.04509012556446],[33.039763701249186,0.044555533136392],[33.0415780445024,0.045328820000293],[33.043482259093054,0.045061821471848],[33.050469494866626,0.054014622962394]],[[33.030618329991505,0.09292764225973683],[33.03063829658459,0.091690241806655],[33.030990255723,0.09179390505256307],[33.031055191441006,0.091595486840853],[33.033093027716646,0.09241323879469386],[33.03309388694606,0.092413491865294],[33.03509264265188,0.091233386527309],[33.0374910804867,0.092279956555493],[33.0374912411624,0.09227978591004433],[33.03769437985052,0.09118801936469742],[33.0373198244043,0.090776525478184],[33.03777390855612,0.09076059325019743],[33.037834605292616,0.090434379337256],[33.03844505158666,0.09073704518376204],[33.03948988414945,0.090700385655938],[33.04040168453474,0.09170716487046429],[33.04040209909234,0.091707370412586],[33.04040206905594,0.0917075894458007],[33.04040359307788,0.091709272219393],[33.04040128619898,0.09171329824269604],[33.04015667383254,0.09349707532949651],[33.04037854298747,0.09398728516175728],[33.042060956521,0.09440788827733412],[33.04207944513833,0.094411097874303],[33.04228106472843,0.09405912251196913],[33.04352545432025,0.09188059965984],[33.04352803040386,0.09188224478290596],[33.04352826455084,0.091881836023195],[33.04497051534469,0.09280343586466004],[33.04737065612406,0.094336199374584],[33.04611436904443,0.0972297982853757],[33.04695224241974,0.099796967423275],[33.046951342342766,0.09979781306580854],[33.046951871011025,0.099799435039535],[33.043830022798076,0.1027309292712],[33.04175857679455,0.10262364728228962],[33.041622167540496,0.10261669830383635],[33.04055025530333,0.10304256826088401],[33.03735843900704,0.104310873056989],[33.03735822819382,0.10431075832429175],[33.03735789231141,0.104310891770129],[33.032846436139515,0.101855288471288],[33.02930591614644,0.098733549501689],[33.029305763833804,0.0987333553837484],[33.02930557893422,0.098733192356919],[33.02916773641282,0.09855744352589328],[33.02833498055618,0.097496120863766],[33.02854340459165,0.09560348168580694],[33.02777513523628,0.09491448433088859],[33.02776391018434,0.094907265702451],[33.028487264106445,0.093136953276574],[33.02848912836334,0.09313677033360869],[33.028489384614836,0.093136144404629],[33.030618329991505,0.09292764225973683]],[[33.00896152454928,0.045142412176444],[33.009969712666916,0.04466646783981],[33.01205467879329,0.045436924695495],[33.009227801028224,0.045751576952735],[33.00731266310844,0.047150421284661],[33.006363056515006,0.045618283318924],[33.004802734064,0.045703917899702],[33.00449755792872,0.044952026311726],[33.006419906781254,0.043819551882098],[33.00896152454928,0.045142412176444]],[[32.99758775747572,0.061168468085703],[32.998967237338896,0.060906530165052],[33.0019410654729,0.062119835562727],[33.00336873970812,0.061049080832481],[33.00329795968159,0.058003442833474],[33.00800905948915,0.059264656744536],[33.00869911814965,0.060070939667576],[33.00708077337081,0.060763452115569],[33.0071996865924,0.06221501668943],[33.00929379122495,0.062262860027294],[33.010506501945166,0.063499179546208],[33.0091508510398,0.06652184444579],[33.00969826949913,0.067830075427324],[33.007984903948426,0.067925729778476],[33.007079864915625,0.06937556010438],[33.00620045541929,0.068996547320992],[33.00374945558074,0.065974572382644],[33.00110894876691,0.065189729324738],[32.998728072343134,0.062975597996829],[32.99758775747572,0.061168468085703]],[[32.97843767622523,0.047890357115056],[32.97996520011244,0.047662015420171],[32.97936609583487,0.046181128298377],[32.980279378121395,0.046105873833813],[32.98322038821012,0.047890360578134],[32.98531907075378,0.046576898641273],[32.98588168714653,0.043473516008586],[32.987874614925516,0.043865499563333],[32.98815638415988,0.042877301686683],[32.989172710567026,0.042822249007361],[32.988315684544055,0.044421281380136],[32.98606147291841,0.045820236755132],[32.987060353269214,0.047675924818928],[32.98597384455913,0.04976059607049],[32.984548129525166,0.049218110704641],[32.982063723116276,0.050274486467832],[32.97939448934687,0.049789262921567],[32.97217051007058,0.04451255386297],[32.97310384560173,0.042666585446162],[32.97428418578124,0.042458935664502],[32.974550254450854,0.045065089002221],[32.976263361786266,0.047006652077285],[32.97843767622523,0.047890357115056]],[[32.89898065988469,-0.001536532007642],[32.90465570083778,-0.002822235347459],[32.908832065364095,-0.001608825058446],[32.91572073514384,-0.001073427774617],[32.9192899194345,-0.002001415264062],[32.91857608093167,-0.006712741919681],[32.91418597774853,-0.009853627827925],[32.91183031062323,-0.009782647680297],[32.909904764097696,-0.01220917600179],[32.91147339027405,-0.012530530980926],[32.91151479864039,-0.013136047763129],[32.92200223325483,-0.006391586114834],[32.92293050260539,-0.002286954977637],[32.92967674445058,0.000259628899203],[32.930437686175146,0.00154425343559],[32.93015216994876,0.003875854435238],[32.93157984407339,0.005208350551111],[32.93500626110676,0.005065583808933],[32.93594272814867,0.00220634321144],[32.939099497803426,2.206251455e-05],[32.94387214175661,0.010847672907504],[32.94729844031193,0.011085635156916],[32.95162808794796,0.009753433735228],[32.95234287492069,0.011179968741927],[32.9479649976681,0.015034844969236],[32.94582329633611,0.015321070125805],[32.94425285606852,0.016796333694379],[32.94463350177987,0.019175676942497],[32.9472034886199,0.021127177882516],[32.94810640258911,0.023648788383069],[32.94320588626057,0.024648525400146],[32.938256615154735,0.024267809170438],[32.924408144271624,0.018842674671321],[32.92174442186926,0.019460663343184],[32.92031546757199,0.015939729530152],[32.918219167003556,0.014416875738683],[32.91422167569644,0.015915935701277],[32.91254105711542,0.017448963821791],[32.906119606613814,0.01398857300026],[32.904656241124165,0.013738728453129],[32.901944111648184,0.014773523081247],[32.90119397204054,0.011848127778447],[32.90354978572253,0.009562766057326],[32.9039066887107,0.007956512528079],[32.90326424848667,0.004744363544005],[32.90012336155148,0.001068097356234],[32.89841000028552,0.000139044181341],[32.89898065988469,-0.001536532007642]],[[32.86002101570302,0.095458098125781],[32.86124969156782,0.096063938724041],[32.86367716539146,0.094257973660365],[32.86550318756896,0.094466798465242],[32.86622610272147,0.095399588549547],[32.863181890458385,0.097055957792665],[32.86344826571366,0.098311115720927],[32.862334739806286,0.098835895601571],[32.861761804982024,0.101187002072847],[32.85833903524708,0.098161820528319],[32.86042170414573,0.096304042810476],[32.86002101570302,0.095458098125781]],[[33.25497622157542,0.011746602923438],[33.25497621522568,0.011746602775774],[33.25497621522568,0.011746602775763],[33.25497622157542,0.011746602923438]]]}},{"type":"Feature","properties":{"n":"Lwaje","c":"120107","d":"Buvuma","od":"Buvuma","dc":"120","k":"LWAJE","a":["LWAJE"],"lat":-0.695806,"lon":33.042148},"geometry":{"type":"MultiPolygon","coordinates":[[[[32.87614567943187,-0.19477249140359176],[32.8762,-0.1497],[32.875910383712835,-0.08748076764092848],[32.87578971784286,-0.032458733064749],[32.880618931328236,-0.03175155633760009],[32.88772094327773,-0.030711575113947],[32.88772108703385,-0.030711536209515958],[32.887721087034066,-0.030711536209485],[32.89900600358221,-0.02765752197814985],[32.9053732218078,-0.025934374536885],[32.94187173029136,-0.010155611917993],[32.96125990090551,-0.006251803128927],[32.961260031985155,-0.006251761348364944],[32.96126003198633,-0.006251761348129],[32.96126016387474,-0.00625171930964029],[32.98395614466665,0.000982438444468],[33.020834086545186,0.01807154947033],[33.02083418394416,0.018071608882610182],[33.02083420194423,0.018071617223787],[33.02130943617683,0.018361507400538983],[33.05386189071692,0.038218138632268],[33.0737913800842,0.042667641731365],[33.08154715574753,0.041521204414413],[33.08154743621449,0.041521219247641655],[33.08154748012134,0.041521212756728],[33.08255929227556,0.041574733900964715],[33.11096804929717,0.043077205291749],[33.130193390354364,0.05424239549138],[33.134261089680244,0.059374814496774],[33.14947298919325,0.073651807643901],[33.1567129440834,0.086345519388145],[33.160590324575416,0.090249069594466],[33.170352559406,0.094453466062717],[33.17035277043929,0.09445362464155453],[33.17035284089435,0.094453654984041],[33.170454114598286,0.09452977868842304],[33.19860664292549,0.115684712360079],[33.198007944826166,-0.11594648833300139],[33.19800781315843,-0.115997355678759],[33.198007813260936,-0.11599738980074015],[33.19800781324007,-0.115997397875735],[33.19883785530765,-0.392301142828569],[33.198837856531455,-0.39230118024638955],[33.19883785653147,-0.392301180250071],[33.218691021498586,-0.99931105998325],[32.93728308376083,-0.9994],[32.875133739159565,-0.9994],[32.87617222586814,-0.206877313874204],[32.87614567943187,-0.19477249140359176]],[[33.1923281297031,-0.173720172479191],[33.18292056659447,-0.176404157890773],[33.18146575779731,-0.175733053182552],[33.18149292339238,-0.177203554003355],[33.18033508812118,-0.178798915284612],[33.19162938504106,-0.174576722583032],[33.1923281297031,-0.173720172479191]],[[33.17886582146206,-0.059889315758907],[33.18029368874722,-0.060627459093024],[33.18341114653273,-0.059794778384804],[33.18557646931894,-0.057558161694204],[33.18562417178967,-0.05491747695343],[33.18438641446357,-0.053394317220845],[33.18143487026753,-0.052633403647907],[33.17798610285934,-0.058034323427898],[33.17886582146206,-0.059889315758907]],[[33.17220041686977,-0.210609153016694],[33.17287915293028,-0.209859123570597],[33.17294365996277,-0.207170139360302],[33.169886665922476,-0.210127092149457],[33.169982748666186,-0.21156634997646],[33.17220041686977,-0.210609153016694]],[[33.1456097950509,-0.05248798007191],[33.14667578941812,-0.051897876516272],[33.14949306686361,-0.052126305012075],[33.15253961870341,-0.054486570908449],[33.15625025817321,-0.053173549841121],[33.16150459327262,-0.047690987647264],[33.16508301640302,-0.047081809812118],[33.16824292670704,-0.044759545144246],[33.1688713349173,-0.042571461645528],[33.16833869876538,-0.041276696328327],[33.16417010632394,-0.040552645615567],[33.159601018620684,-0.041675699236137],[33.154290544776636,-0.041713798900786],[33.15080710431724,-0.043426659266824],[33.143287610979186,-0.049061398769618],[33.14356375475924,-0.051912169939241],[33.14296382504064,-0.052564113532594],[33.140583962383836,-0.052830815479264],[33.137176857817636,-0.054772470436467],[33.13552086912424,-0.059740569247023],[33.1320947340658,-0.063072561173382],[33.133655053595284,-0.063890138340673],[33.14395332759966,-0.056124096933837],[33.1456097950509,-0.05248798007191]],[[33.15479499037375,-0.067073232255042],[33.15653188842423,-0.063576728307211],[33.15496228857326,-0.061672267874423],[33.152891206990276,-0.062266858123892],[33.14932226489147,-0.066073929401784],[33.14860868403721,-0.068120473085501],[33.149273375824286,-0.069355805095342],[33.15172629965284,-0.069000039024568],[33.15479499037375,-0.067073232255042]],[[33.09111201784183,-0.269108052503864],[33.09272782363672,-0.268501957647264],[33.0931804615697,-0.266811315644306],[33.092585114550644,-0.26389662728282],[33.09144667970825,-0.262554846718368],[33.0904686140483,-0.263563619449751],[33.090599276816526,-0.268666999062838],[33.09111201784183,-0.269108052503864]],[[33.0721056699342,-0.342558883085819],[33.07294848667434,-0.343400196073573],[33.074216259064706,-0.342004128010465],[33.07173328932491,-0.341238266574074],[33.07115064264768,-0.340155765086677],[33.07072790844013,-0.34206354295885],[33.07159051139328,-0.342517235151225],[33.07092061631668,-0.344214367316929],[33.0721056699342,-0.342558883085819]],[[33.06592321358638,-0.345873212375559],[33.06476751544388,-0.346728916346557],[33.06553943344619,-0.348084340516923],[33.06604052967267,-0.346204945933125],[33.06592321358638,-0.345873212375559]]],[[[33.04606948338516,0.051693980286579],[33.04942989896183,0.05410282184179191],[33.049766408794255,0.05407427248911609],[33.05046904481573,0.054014046308551056],[33.04382003051148,0.04549461071159771],[33.04348215032857,0.0450618367222072],[33.0415780445024,0.045328820000293],[33.04038101587591,0.04481863731521456],[33.039094917856104,0.04471804860681024],[33.03802216676139,0.04497872889672787],[33.037265634627175,0.0468448428129284],[33.03726544816409,0.046845940350645],[33.037642472527864,0.047524688849186834],[33.03815725566141,0.048451297533817904],[33.04244059262318,0.050444672224593],[33.04315551997317,0.05178273245927],[33.04606927402279,0.051693889603287],[33.04606940392159,0.051693982716178886],[33.04606948338516,0.051693980286579]]],[[[33.00636288771386,0.04561829258317273],[33.006363056515006,0.045618283318924],[33.0064378575103,0.045738970607280216],[33.00731406736664,0.047149395594237975],[33.009092206804105,0.04585061692781302],[33.00922740993685,0.045751724534495],[33.00922763291014,0.0457516997486044],[33.009227801028224,0.045751576952735],[33.01205364739134,0.0454370394981071],[33.01045690864502,0.044846501211403746],[33.009969991388814,0.0446665708358227],[33.00896180311175,0.045142491764949],[33.00896159045494,0.045142381063773],[33.00896152454928,0.045142412176444],[33.00641998027809,0.04381959013570545],[33.00565740506775,0.044551726207385],[33.005405770034095,0.04441698971591776],[33.00455010938249,0.04492106773854476],[33.00451146249071,0.0449862843089461],[33.00462631502864,0.045269257474741906],[33.006362818077896,0.045618180490956],[33.00636288771386,0.04561829258317273]]],[[[33.00183871504294,0.06540663919697788],[33.00374945558074,0.065974572382644],[33.00615262910244,0.06893757957703212],[33.00705103267332,0.06936313382463996],[33.007079864915625,0.06937556010438],[33.007984903948426,0.067925729778476],[33.0096979236026,0.06783009473815241],[33.00967444371646,0.06777313612154322],[33.0091508510398,0.06652184444579],[33.01050646668094,0.06349925817408332],[33.009678930820726,0.06265549744018],[33.00929379122495,0.062262860027294],[33.00911744484252,0.06225883109797292],[33.00720375158878,0.062217733423893],[33.007203392306884,0.06221510135270193],[33.0071996865924,0.06221501668943],[33.00719414201033,0.0621473344013614],[33.00705707343202,0.061143180683915],[33.007108163026984,0.061097795547367564],[33.00708077337081,0.060763452115569],[33.007859773168676,0.06043010716703795],[33.00851122184833,0.059851396623295056],[33.00811600236825,0.05938961165358512],[33.00700444713068,0.05899571082246292],[33.003562854336366,0.05807435808409793],[33.00330335654062,0.05823566765372821],[33.00336873970812,0.061049080832481],[33.0033676899811,0.06104986812705513],[33.003367734695814,0.061050176493814],[33.002951433758554,0.06136206001809397],[33.0019410654729,0.062119835562727],[33.00194034837768,0.0621195429918519],[33.001939388377494,0.062120262202919],[32.99898501639189,0.06091378392014236],[32.998967237338896,0.060906530165052],[32.99758775747572,0.061168468085703],[32.99758966220683,0.06117148663492237],[33.00110708964767,0.0651880004092351],[33.00110865658049,0.06518945760164697],[33.00183871504294,0.06540663919697788]]],[[[32.979563274086814,0.04981994525857579],[32.982063723116276,0.050274486467832],[32.98427136547315,0.049335791465578586],[32.98454789938333,0.049218183475805],[32.98454793054251,0.049218195312558305],[32.984548129525166,0.049218110704641],[32.98480631761068,0.04931635141522758],[32.9859741597176,0.049759991379713826],[32.987060353269214,0.047675924818928],[32.98606147291841,0.045820236755132],[32.98606233583813,0.04581970123035458],[32.98606217655062,0.045819405066382],[32.98683274149133,0.045341590339076074],[32.988315684544055,0.044421281380136],[32.989172710567026,0.042822249007361],[32.98906274186523,0.0428282058255965],[32.9881562063281,0.04287792536367349],[32.98788745663412,0.0438204621794547],[32.98787481959767,0.043865108390328],[32.987874731410784,0.043865091035791774],[32.987874614925516,0.043865499563333],[32.985881708761355,0.043473520259946614],[32.98531987742059,0.046574995186617],[32.985319356718996,0.04657532126192356],[32.98531907075378,0.046576898641273],[32.98322038821012,0.047890360578134],[32.98321988781287,0.04789005695718985],[32.983219428601736,0.04789034452576],[32.98321521195677,0.0478872198355965],[32.98039686301945,0.04617715894909932],[32.97941426076222,0.04617715950814424],[32.9793680618947,0.046180966295038525],[32.98009290004713,0.047334248154788],[32.97992245207315,0.04755634930621649],[32.97996520011244,0.047662015420171],[32.979825312422435,0.04768292651196866],[32.9795783069392,0.048004785440259],[32.978945931251886,0.04781438068339933],[32.97843767622523,0.047890357115056],[32.97626357114433,0.04700673716653066],[32.97626347343881,0.04700670774795],[32.976263459271536,0.04700669169815215],[32.976263361786266,0.047006652077285],[32.97611565761242,0.046839250441643436],[32.97455126080289,0.04506697962257],[32.97455117381078,0.045066130965701404],[32.974550254450854,0.045065089002221],[32.97434946724238,0.04309837020627915],[32.97428392627758,0.04245898131733919],[32.97310384560173,0.042666585446162],[32.97221388810275,0.044426759982110424],[32.9727882013442,0.044963742468894646],[32.979068119392466,0.04955086809386522],[32.979563274086814,0.04981994525857579]]],[[[32.90326005459764,0.004739454786458615],[32.90326424848667,0.004744363544005],[32.9039066887107,0.007956512528079],[32.90354978572253,0.009562766057326],[32.90354711259064,0.009565359247679971],[32.90132506982282,0.012359383060223213],[32.901944111648184,0.014773523081247],[32.904656241124165,0.013738728453129],[32.906119606613814,0.01398857300026],[32.91254105711542,0.017448963821791],[32.91422167569644,0.015915935701277],[32.918219167003556,0.014416875738683],[32.92031546757199,0.015939729530152],[32.92031555576962,0.015939946848527592],[32.920315585192796,0.015939968221731],[32.92033462341753,0.015986929405202258],[32.92174442186926,0.019460663343184],[32.924408144271624,0.018842674671321],[32.936560989948525,0.02360354848191658],[32.938256632021925,0.024267810467924696],[32.94320588626057,0.024648525400146],[32.94810640258911,0.023648788383069],[32.947230031357385,0.021201305039517563],[32.94720344570519,0.02112714529554412],[32.94463350177987,0.019175676942497],[32.944633387741845,0.01917496411270736],[32.94463293125584,0.019174617396875],[32.94425275446271,0.016796810192544],[32.94425291720379,0.01679671583919023],[32.94425285606852,0.016796333694379],[32.94582329633611,0.015321070125805],[32.94709013593503,0.015151764836999801],[32.94926272476122,0.013892150226516586],[32.951293097877695,0.01210433466941334],[32.95207398259576,0.010643327296051958],[32.95180827044484,0.010113032677576359],[32.95104782800181,0.0099319755451378],[32.94729844031193,0.011085635156916],[32.94729779239021,0.011085590157652795],[32.947297553834005,0.011085696152286],[32.94566816514052,0.01097240977953401],[32.94387214175661,0.010847672907504],[32.940275114370905,0.0026886697569731355],[32.939099380669866,2.2143563407502338e-05],[32.936214950719275,0.0020179827761615155],[32.93594267561724,0.002206503601487589],[32.93500626110676,0.005065583808933],[32.93500526853881,0.005065625165747163],[32.93500525291988,0.005065672823794],[32.93428140646575,0.005095785951474719],[32.93157984407339,0.005208350551111],[32.931579664120925,0.005208182595440012],[32.93157964545695,0.00520818337189],[32.93149979508357,0.005133638145680589],[32.93015216994876,0.003875854435238],[32.930152203696046,0.003875578845988823],[32.93015220130226,0.003875576611245],[32.930437665414814,0.0015442183879235008],[32.93003993030468,0.0008727605548627918],[32.929676550031814,0.0002595555096454718],[32.92293050260539,-0.002286954977637],[32.922929844795945,-0.00228986368634132],[32.92292909565597,-0.002290146727637],[32.92225515380677,-0.005273219369091375],[32.92200223325483,-0.006391586114834],[32.922000666391405,-0.006392593763573286],[32.91404451329005,-0.011066335800959],[32.91308333778251,-0.012127321370374903],[32.91196550456533,-0.012846199107364144],[32.91148482689034,-0.01269776923993232],[32.91147339027405,-0.012530530980926],[32.909904764097696,-0.01220917600179],[32.91183031062323,-0.009782647680297],[32.9135664193426,-0.00983495950817601],[32.91418548893201,-0.009853753697558],[32.9141856775409,-0.009853618782172509],[32.91418597774853,-0.009853627827925],[32.915925225005886,-0.008609288691990681],[32.91857433009935,-0.006714335408905],[32.91857438807573,-0.006713953068289034],[32.91857608093167,-0.006712741919681],[32.9192899194345,-0.002001415264062],[32.91928901161173,-0.0020011792302510392],[32.919289067078374,-0.002000813440808],[32.916036435721345,-0.0011555098870758554],[32.91572073514384,-0.001073427774617],[32.908832065364095,-0.001608825058446],[32.90883199363631,-0.0016088458983973678],[32.90883193640182,-0.001608850344988],[32.908629556547446,-0.0016676624229018128],[32.904655777646624,-0.002822213031244778],[32.90437038938597,-0.0027575968911878364],[32.89898065988469,-0.001536532007642],[32.89854506361114,-0.00025753005088467333],[32.9013006161332,0.001817817905044],[32.90326005459764,0.004739454786458615]]],[[[32.86233381432564,0.098837573029679],[32.86233439807893,0.09883729792057905],[32.862334739806286,0.098835895601571],[32.86344814024405,0.09831117485194946],[32.86318178133919,0.097056887584276],[32.86318205606368,0.09705673812338461],[32.863181890458385,0.097055957792665],[32.86622610272147,0.095399588549547],[32.866224034280776,0.09539691960429038],[32.865029945435545,0.09441267825937183],[32.86367716539146,0.094257973660365],[32.86124969156782,0.096063938724041],[32.86002294052614,0.09545904722556174],[32.86014358903292,0.09571687837963176],[32.86042170414573,0.096304042810476],[32.86041933385023,0.09630615715623754],[32.86041973280865,0.096307009747889],[32.85986600713957,0.09679973442836763],[32.85833919045787,0.09816168207752972],[32.86176220705346,0.10118535212469924],[32.862208929575395,0.09935217290829673],[32.86233381432564,0.098837573029679]]]]}},{"type":"Feature","properties":{"n":"Lyabaana  Town Council","c":"120108","d":"Buvuma","od":"Buvuma","dc":"120","k":"LYABAANATOWNCOUNCIL","a":["LYABAANA","LYABAANATOWNCOUNCIL"],"lat":-0.052319,"lon":33.153405},"geometry":{"type":"MultiPolygon","coordinates":[[[[33.247311382884384,-0.09631530497925168],[33.24899643232134,-0.092366530207962],[33.25000442575214,-0.092061723030618],[33.25179454235054,-0.093737931242477],[33.25283412512737,-0.09626217269252658],[33.25194473630964,-0.09778198390350344],[33.250939511407466,-0.099499218242346],[33.25093954337751,-0.09949968425792931],[33.25093939900008,-0.099499930973918],[33.25131846260918,-0.10502424503856934],[33.25018281036444,-0.10522840465428787],[33.24930138631836,-0.1053864187084352],[33.24724487185332,-0.103863641565821],[33.246309808019824,-0.1049671569382341],[33.24630979195605,-0.10496715317875384],[33.24496373317037,-0.10411546136008307],[33.24438507556908,-0.10329576979203507],[33.244433640482484,-0.10308275531391572],[33.24525675691272,-0.10278370208088554],[33.246350190434455,-0.102683416731922],[33.246397592987336,-0.10236921549801523],[33.246645041894915,-0.102279312790326],[33.247311382884384,-0.09631530497925168]]],[[[33.236510740975405,-0.10266074591266072],[33.2367852062774,-0.104826150586605],[33.23678500793893,-0.10482657470791328],[33.235601091636525,-0.10655312255835765],[33.23254965510538,-0.107097739229576],[33.232014616304824,-0.10496947015418896],[33.233684095704454,-0.1023087488754659],[33.236510740975405,-0.10266074591266072]]],[[[33.233711654639215,-0.10909021203809248],[33.23368452796538,-0.11067531191435],[33.23060083067352,-0.115871799637483],[33.22966210975294,-0.11650581127463157],[33.22893099523219,-0.11699937330139],[33.22893087736496,-0.11699968526132365],[33.228930461572034,-0.116999966087654],[33.22650331066438,-0.12342444015182],[33.22522255841031,-0.12360041103589169],[33.22390786973143,-0.123780965948176],[33.223907844718866,-0.12378104810277911],[33.2239050411212,-0.123781433307301],[33.22313833329116,-0.12522669275084097],[33.223047811079894,-0.12519276695752504],[33.223043372234464,-0.12466581262209984],[33.22860183546739,-0.11057599456066607],[33.23184249905044,-0.108562689211189],[33.23310567991989,-0.10891905910620724],[33.233711654639215,-0.10909021203809248]]],[[[33.21693648205766,-0.13310839923929307],[33.22114513648628,-0.1274550998139762],[33.22152041793334,-0.12853566133988464],[33.22161528152723,-0.128809663310916],[33.21788670168213,-0.135312784898992],[33.21569051864576,-0.14231545674021678],[33.21384943024975,-0.143428630839323],[33.21369771307617,-0.14393593042686423],[33.213361258358496,-0.14420951364024526],[33.21327109798184,-0.1440291913728824],[33.21503387728326,-0.13771844265484],[33.2166066430286,-0.135569231637702],[33.216661952172565,-0.13347734203733713],[33.21693648205766,-0.13310839923929307]]],[[[33.181486571980045,-0.17685974570364857],[33.18146577195962,-0.17573381980268907],[33.18184294758836,-0.17590705119875844],[33.18292056659447,-0.176404157890773],[33.182923483146645,-0.17640332579606402],[33.18292350830102,-0.176403337349113],[33.19232792240872,-0.17372042658921047],[33.19162938504106,-0.174576722583032],[33.19162895001854,-0.17457688520925943],[33.180668182651786,-0.1783399500670752],[33.18149292339238,-0.177203554003355],[33.18149290736975,-0.17720268668227854],[33.18149333173093,-0.177202262007233],[33.181486571980045,-0.17685974570364857]]],[[[33.185586971424684,-0.05697679242823211],[33.18557646931894,-0.057558161694204],[33.18341114653273,-0.059794778384804],[33.18029368874722,-0.060627459093024],[33.178866117635586,-0.0598894688673351],[33.17798613043813,-0.05803428023831544],[33.17869120023155,-0.05693011027182261],[33.18143566034711,-0.05263360733189053],[33.18438641446357,-0.053394317220845],[33.18562408014471,-0.05491736417695604],[33.185586971424684,-0.05697679242823211]]],[[[33.17294364041932,-0.20717095403162003],[33.17287915293028,-0.209859123570597],[33.17287503907657,-0.20986366953712685],[33.17173437276489,-0.21081030844634246],[33.17071833862257,-0.2112488523143885],[33.16995300609815,-0.2111208253984725],[33.16988687959786,-0.21013029286960366],[33.16988790858296,-0.210125890155493],[33.17293870075232,-0.20717493627877048],[33.17294364041932,-0.20717095403162003]]],[[[33.13717692863964,-0.054772430076126775],[33.139814281539294,-0.05326944440838178],[33.14058404849392,-0.05283080582924223],[33.14296382504064,-0.052564113532594],[33.14356375475924,-0.051912169939241],[33.14328761341685,-0.049061423934900296],[33.14513932483871,-0.04767381522335234],[33.15080694777055,-0.04342677657523815],[33.151286215799345,-0.043191072903805826],[33.154290544776636,-0.041713798900786],[33.159601018620684,-0.041675699236137],[33.164169983999564,-0.04055267568214484],[33.164461189907584,-0.04060320447426457],[33.16833869861512,-0.04127669630222848],[33.168338865037256,-0.0412771005124075],[33.168871208785674,-0.04257115503687779],[33.1685954371491,-0.04353212279550123],[33.16824292670704,-0.044759545144246],[33.16508301640302,-0.047081809812118],[33.16397013243426,-0.04727126316130388],[33.16150502772163,-0.047690751243909],[33.16150484168589,-0.04769094535828583],[33.16150459327262,-0.047690987647264],[33.156250387118085,-0.05317341529540337],[33.15253948539374,-0.054486467628978116],[33.14952291278484,-0.05214942764832717],[33.14949328794178,-0.052126468493259],[33.14949327670891,-0.052126467586263124],[33.14949306686361,-0.052126305012075],[33.14667578941812,-0.051897876516272],[33.1456097950509,-0.05248798007191],[33.14465619494449,-0.05458123063585663],[33.14289280192857,-0.056923850977205856],[33.133655053595284,-0.063890138340673],[33.13355548702692,-0.06383796739018424],[33.13209513308708,-0.06307217311638921],[33.13552086912424,-0.059740569247023],[33.13689790329218,-0.055609356371517336],[33.13717692863964,-0.054772430076126775]]],[[[33.15289128711443,-0.062266835120915166],[33.15471307844148,-0.06174381402482224],[33.15531545604787,-0.0621007805817418],[33.155821748566474,-0.06271508623964157],[33.15630360111202,-0.06403628751286873],[33.15512328442551,-0.06641235210280502],[33.15465987292312,-0.06715807143964608],[33.15328749224356,-0.06801977847506797],[33.14928406119852,-0.06935425531480562],[33.149273911813246,-0.0693557273568147],[33.14860871981044,-0.06812037048818133],[33.14925140760862,-0.06627714747272312],[33.14932231710355,-0.0660738737059798],[33.1515791819142,-0.0636664249548179],[33.15289128711443,-0.062266835120915166]]],[[[33.092954662737085,-0.2657058541094513],[33.09309261341749,-0.2663812303685931],[33.09272947843988,-0.26849577681372394],[33.09272782363672,-0.268501957647264],[33.091711251832905,-0.2688832775704908],[33.09111196706402,-0.26910800882542574],[33.09111016288835,-0.26910645689599116],[33.09046882682676,-0.2635719300745745],[33.09046862404478,-0.2635640098888744],[33.09163634696582,-0.2627783920899972],[33.0918911499178,-0.2630787076074093],[33.092954662737085,-0.2657058541094513]]],[[[33.07095578693209,-0.3410351389718254],[33.07115057106171,-0.34015608815050685],[33.0714623407973,-0.34073487026957083],[33.07173328932491,-0.341238266574074],[33.074216259064706,-0.342004128010465],[33.07294848667434,-0.343400196073573],[33.0721056699342,-0.342558883085819],[33.072103715106856,-0.34256161392078105],[33.07210357951512,-0.342561479084011],[33.07176161985288,-0.3430395106928049],[33.07092061631668,-0.344214367316929],[33.07159051139328,-0.342517235151225],[33.07072827820307,-0.3420637374383092],[33.07095578693209,-0.3410351389718254]]],[[[33.06597602033478,-0.3460225335050291],[33.06604052967267,-0.346204945933125],[33.06553984209632,-0.34808280784754986],[33.06497039717285,-0.3465786983140649],[33.06538013755969,-0.3462753176446597],[33.06597602033478,-0.3460225335050291]]]]}},{"type":"Feature","properties":{"n":"Nairambi","c":"120109","d":"Buvuma","od":"Buvuma","dc":"120","k":"NAIRAMBI","a":["NAIRAMBI"],"lat":0.169842,"lon":33.301374},"geometry":{"type":"MultiPolygon","coordinates":[[[[33.41805098724029,0.20972027279251212],[33.42109775749357,0.2092319799385717],[33.42129916203865,0.2090250448006376],[33.42421326621669,0.206028534720769],[33.42216079406189,0.20305789198159],[33.42356886986366,0.2016668565326457],[33.422836675382676,0.199774930329782],[33.422836796290625,0.1997748499329021],[33.422836559783,0.199774239578887],[33.42422468694494,0.1988501744661825],[33.42178069104612,0.1974617529148475],[33.42119051381344,0.198727554391118],[33.422141746148036,0.199688577906647],[33.4221415627163,0.19968931855455094],[33.42214161610759,0.199689372532535],[33.42163745346067,0.201724855235306],[33.42163743173196,0.20172486352893654],[33.42163730141894,0.201725389697756],[33.41677368684988,0.203581369893123],[33.41677355246696,0.20358135721542311],[33.41677346870888,0.203581389185036],[33.41677323262894,0.20358132704186904],[33.41374701494884,0.203295833327544],[33.411447020588184,0.2021793117572178],[33.41016128655464,0.20184086883507493],[33.40983073729487,0.2019653154457796],[33.409295417866886,0.2028624954065698],[33.40879081167076,0.20617544708364827],[33.408699948854014,0.20817816895623803],[33.40896324716115,0.20852864964757045],[33.410353493329765,0.2084714101667735],[33.41092973196935,0.208302230895299],[33.411535031182126,0.20842276366463758],[33.412091420065515,0.208399855915258],[33.41805098724029,0.20972027279251212]]],[[[33.40098857727868,0.244942376888066],[33.40098864885975,0.24494241607877773],[33.400989293248266,0.244942360674731],[33.40538625491253,0.24686941169520452],[33.40720836977387,0.24677108415585466],[33.413224440909474,0.245456237372899],[33.41485228998085,0.24414236657191374],[33.41570655784032,0.242365061649457],[33.41609395930425,0.241558977452443],[33.41592679877475,0.24129584434864093],[33.41569455086744,0.24093088297128556],[33.41363835424139,0.241587255780222],[33.41363824717314,0.24158718083179234],[33.413638198026455,0.241587196526055],[33.411639967948005,0.240188411235269],[33.41163995671638,0.24018836532692306],[33.4116398655144,0.240188301484982],[33.41033810551323,0.234877756097404],[33.407126244381764,0.2350525376993645],[33.405629845293774,0.23513414547204975],[33.40294520814014,0.238317929480517],[33.401374639638526,0.238960417236485],[33.4009975381428,0.23897854750486458],[33.4005040829613,0.239145945133651],[33.39794767812221,0.2391251785347615],[33.39794696555568,0.239125212793502],[33.397946890945,0.23912517214023707],[33.397946860335004,0.239125171891581],[33.39505047880301,0.23754711786488844],[33.395049211440735,0.23754746569331248],[33.39349135174336,0.23822071854550322],[33.393912368437114,0.2400364689422271],[33.395579930172815,0.245407453700105],[33.4009879329047,0.24494247763606225],[33.40098857727868,0.244942376888066]]],[[[33.27447086920101,0.1720138090805041],[33.27447133901578,0.172012159772438],[33.27837365030268,0.168466768520517],[33.278997854949466,0.169328718773197],[33.27861330504374,0.1701475655271774],[33.277785900800716,0.1719118652454209],[33.28080148741775,0.17235301707274],[33.28041214071012,0.175149370280644],[33.28105846767895,0.175512940437682],[33.27919443195878,0.180126783083907],[33.28193262817984,0.181360890708958],[33.291084208892016,0.174599303721272],[33.289375518562615,0.181958456541034],[33.289508425859744,0.188706932551172],[33.29000112490305,0.190391768376683],[33.29345592135586,0.194489027214366],[33.293455917175926,0.1944892187560412],[33.29345593968702,0.19448924545446],[33.29342933431131,0.19570735554502325],[33.293265736337055,0.203204091277124],[33.30269731448988,0.21889115708689807],[33.306385747207685,0.2215620224259321],[33.30930401223142,0.223675076357452],[33.313273109047806,0.223751466503916],[33.31327500568266,0.22376675521724523],[33.313273120734266,0.223751467628861],[33.31590182026421,0.22406566666734132],[33.31710251626465,0.224136706662456],[33.31726077386727,0.22422809752357153],[33.31753044729031,0.224260330621823],[33.321156869869675,0.226478009023681],[33.32151881202193,0.22649566344362407],[33.323522421605375,0.226593334954008],[33.32352246960246,0.22659339566997175],[33.32352323579474,0.226593433042464],[33.32414827224695,0.22738471544188452],[33.32470367348095,0.22752179464684125],[33.328728302857805,0.22851484613838],[33.32850498889158,0.229805687138878],[33.33057833422395,0.230155485387718],[33.330220224709464,0.233399476459947],[33.329377095724794,0.2339134893291319],[33.32989591119606,0.23471603205673894],[33.330271988928104,0.23529625755624],[33.33288047878312,0.233537920547443],[33.33371633711814,0.23427309545278],[33.335488453255664,0.232895553150712],[33.33693860774929,0.23414437420885462],[33.33967695210011,0.23344562365605454],[33.34138943057715,0.233008487076951],[33.34139008830441,0.23300847817089654],[33.34139011333738,0.233008471783166],[33.34152196218494,0.2330066925128575],[33.34840387666121,0.232913506918719],[33.34974904622061,0.237268472241179],[33.35174872500715,0.237476813619317],[33.35334877423692,0.2375417369687327],[33.35379217980636,0.23661770952790592],[33.35447104558642,0.235202112134169],[33.35627925366828,0.23469687982923],[33.35647817423772,0.23334226534284],[33.36539762758433,0.237908229443061],[33.36989262114344,0.229536085394819],[33.369892722349036,0.22953613274028703],[33.369892877474015,0.229535843712712],[33.37048734459328,0.22981430578657272],[33.372642549971154,0.230822542614471],[33.372801431755654,0.229653955539882],[33.37379439740165,0.22977740403830457],[33.373900977959956,0.229790492374374],[33.37390107200428,0.22979066614819432],[33.37390192452147,0.229790772135715],[33.37504207584542,0.231898826511593],[33.37498533121134,0.2326898311725946],[33.374585569134894,0.23827076642232517],[33.375146773701466,0.238247233426061],[33.37514735750291,0.23825016508043265],[33.37514751953268,0.23825015773221],[33.37550663848293,0.2400543532513413],[33.375594109330116,0.240493602408852],[33.37559409467046,0.24049372873278643],[33.375594102151624,0.240493766317754],[33.37556412993847,0.24075193833411526],[33.37527050195595,0.243282165012572],[33.37527037669455,0.24328224421799577],[33.37527035632027,0.243282419716167],[33.375181499162515,0.24333844335387347],[33.37421399016133,0.243950219677698],[33.37416114728278,0.24422977593711354],[33.37397677681064,0.2452106216376832],[33.375688451491776,0.24685178167924],[33.3756853282006,0.24685166040107134],[33.37568596499054,0.246852270417992],[33.37400189936844,0.2467862924432569],[33.37289439316641,0.246743287703579],[33.37212685290388,0.247867048631451],[33.36841607931012,0.248206665059199],[33.365919712815604,0.249296128499744],[33.36522267169238,0.251227849162527],[33.36795321949099,0.2547011768853928],[33.3682609987334,0.25509255550296],[33.36826100479891,0.2550926877914478],[33.36826141337808,0.255093207514766],[33.36836236656989,0.257286639069255],[33.369262859464094,0.257060042926505],[33.37007263625447,0.2585021065745128],[33.3745043061789,0.2586766292947916],[33.37419509607947,0.25718940157518],[33.37919196114987,0.254629103972825],[33.37919210579659,0.25462908925949984],[33.37919219862668,0.254629041695975],[33.38500358761424,0.254037797582645],[33.38500403865368,0.2540379050246346],[33.385004979269866,0.254037809346059],[33.38641718508307,0.25437212257261],[33.386164000839365,0.255418143750267],[33.3876235721883,0.255965169996356],[33.38748671812582,0.2572997475833011],[33.38744753188184,0.25768699568075937],[33.388695545360676,0.258658690441172],[33.39359942910317,0.26075215372195903],[33.39586475412448,0.2617192073134188],[33.39673551046061,0.25947450425562796],[33.396737600258426,0.25946842706711315],[33.39444989298945,0.25414717596768543],[33.393898791871834,0.2536794342052163],[33.3864301953106,0.252172166724278],[33.386272143552226,0.2508869978649745],[33.38566829193922,0.2507484481939848],[33.38490247764737,0.250573107685491],[33.384503076195934,0.2487278550750092],[33.38270883512404,0.247889186215707],[33.38236736031163,0.24734662905345273],[33.382125647142075,0.247210930568007],[33.3820263883655,0.24680487087750533],[33.38184031265315,0.246509221808267],[33.381738798995066,0.24562836583902772],[33.38173303807077,0.245604798359985],[33.381735868793,0.2456029398419056],[33.381735820339706,0.245602519402168],[33.385263747627675,0.24328664200948735],[33.38500468932294,0.242548010434452],[33.383037237519396,0.24321823836547302],[33.38078353652456,0.243986877180223],[33.380783154484405,0.2439861094798617],[33.38078125198075,0.243986757582694],[33.378723020159285,0.239846497825534],[33.37872298174601,0.2398462427222855],[33.37872297146276,0.23984622205834],[33.37869064901383,0.2396315204661877],[33.37733103431335,0.23060229477918],[33.37759071635556,0.22974319475362565],[33.38083501552184,0.21900677410347832],[33.37370647402616,0.21877234633424347],[33.37357145199405,0.218767966384955],[33.37357141450758,0.21876790479431932],[33.373570689070846,0.218767880937754],[33.372447543784816,0.216922005695089],[33.370944277025174,0.217149844785658],[33.36845077126233,0.218710408364517],[33.37020136481545,0.221528062893797],[33.36924958072186,0.225487479575639],[33.36170649288202,0.22753751260437227],[33.35985168361523,0.229078852510809],[33.35985131248564,0.2290787770573953],[33.35985071355239,0.229079274718195],[33.358308824800055,0.228765189407539],[33.357923407674356,0.22851715059609218],[33.35457333423055,0.22636129176279],[33.354573341641775,0.2263611841338232],[33.354572813033705,0.226360843943133],[33.35479693946037,0.22311400212306265],[33.354825208532304,0.22270346671431987],[33.353969445941246,0.22094418017923798],[33.35377845961198,0.220551838550836],[33.35377854020297,0.22055171397618037],[33.35377833604238,0.220551294260514],[33.355803831929904,0.2174210906209438],[33.35608146124598,0.21699194117573584],[33.35661446976801,0.21432623683656546],[33.356274928419744,0.21356337158502392],[33.35514870954459,0.211033606010438],[33.35431222235732,0.210274213675188],[33.35379764821044,0.210747793393486],[33.35286040120022,0.21327229336135606],[33.35193221427678,0.215773006080295],[33.35193198774748,0.21577299990516305],[33.3519318651055,0.215773330244613],[33.34924751390016,0.21569982182256706],[33.34869495084131,0.215684759092416],[33.34869481653545,0.21568468672732777],[33.34869457005484,0.215684679977689],[33.344452466893834,0.213399189136074],[33.34098754107357,0.213512843015357],[33.34054951385462,0.208925073339497],[33.33851264022188,0.206888748226101],[33.336666540754344,0.20860203090022483],[33.33681248950081,0.20917856457078465],[33.337732377040645,0.212808626610826],[33.33773168526423,0.212809615335451],[33.33773171909709,0.212809748983616],[33.33531199144942,0.21626797387839497],[33.333830026986405,0.218386078421065],[33.333829848765546,0.2183862216621601],[33.333829750982105,0.218386361412244],[33.3314613092566,0.2202898832248561],[33.33005962110153,0.221416459266175],[33.32711504169938,0.222576444454997],[33.32518173125678,0.221892353908414],[33.32463583344214,0.22107063334066523],[33.32235635200116,0.217639486973547],[33.322356338050774,0.21763938998901944],[33.32235612526766,0.217639069694161],[33.32184711822396,0.21409923984864257],[33.321701810317734,0.213089043902773],[33.32170183897826,0.21308891235665176],[33.32170177494473,0.213088467042999],[33.32220740761074,0.210768378699973],[33.32598428166254,0.20452143574118828],[33.32494866728951,0.20278685974035981],[33.32479482476983,0.20252928309612833],[33.32478219951877,0.2025187898193164],[33.3185523731433,0.197345268787241],[33.323909910888844,0.192937890550066],[33.32813227529305,0.19147685477512716],[33.327907577478676,0.1908028010729507],[33.32756701878067,0.18978521119376393],[33.32695990396214,0.18983404330211157],[33.32277966768837,0.190171757070928],[33.32277877305658,0.1901703444945137],[33.32277873645754,0.190170347438286],[33.322189329191,0.18923964372753735],[33.32051918153102,0.186602568682947],[33.32010277716449,0.182587231603726],[33.32269043869394,0.172801702340934],[33.326021679604494,0.172296068237427],[33.32602202268793,0.17229618826675158],[33.32602217558936,0.172296164998985],[33.32649217660115,0.17246067378386445],[33.32958849113154,0.173543933717178],[33.330125246963675,0.172416215018737],[33.32834145568374,0.17098733951509615],[33.32815910172499,0.1709660444400862],[33.324772351888804,0.170570901220781],[33.32477191436172,0.17057049279168837],[33.32477134192477,0.170570425943193],[33.32454058488246,0.17035454801183048],[33.323434058949424,0.169321612219215],[33.32343488984711,0.16932014769816012],[33.323434646145834,0.169319919710637],[33.32756581707053,0.16203708275839],[33.327566544578666,0.1620377885449518],[33.32756832903462,0.162034643304125],[33.32872881277304,0.16316479249067262],[33.32888362650423,0.16313931590139247],[33.331256491787116,0.162748480421189],[33.33250611146952,0.1647412920674425],[33.3340501939267,0.16483037295721473],[33.33459394494279,0.16388226714466567],[33.33464679562782,0.163789734727783],[33.3346470475924,0.1637896752611242],[33.33464711925044,0.163789550315326],[33.33558015302876,0.16356945120319136],[33.337294072136935,0.16316494576761575],[33.339551312122296,0.15870602898350505],[33.3397330663573,0.158346952662071],[33.33973309786721,0.15834693224839147],[33.339733328473606,0.158346476712107],[33.34234975204581,0.156650462751516],[33.33820238002258,0.15010005279167382],[33.33658480712013,0.14945304826822556],[33.3344847601752,0.14861326165601416],[33.33079312592811,0.14851143291557684],[33.33017288587287,0.148494330074478],[33.32775428959744,0.14920198929529133],[33.32726997219697,0.149343712454609],[33.32726993936975,0.1493437057562872],[33.327269707294406,0.149343773659417],[33.32447146345069,0.1487727039983],[33.3221616682212,0.146994546658222],[33.32093082827457,0.144413537171628],[33.32093084484648,0.14441334734866187],[33.32093082485098,0.144413305416254],[33.320938196413465,0.14432913879751835],[33.32114022124675,0.142015044601712],[33.322632269260005,0.1411608963199041],[33.32336700872105,0.14073991991451326],[33.32539381789339,0.136486870682776],[33.32261072730875,0.131274154539533],[33.32439532418747,0.124385618332935],[33.326316737376345,0.12149055796634187],[33.32672797616663,0.12087085948432373],[33.3201140602223,0.115253860379639],[33.31906709535334,0.110019048991235],[33.31940566863028,0.104344307299212],[33.319405906055444,0.10434371321695705],[33.31940590605825,0.10434371316989],[33.319405939439925,0.1043436296827127],[33.32025691654284,0.102214325449965],[33.32025752375133,0.10221382745355091],[33.32025758448442,0.102213675560811],[33.321913767310875,0.10085547465846777],[33.32687172698897,0.096789250009417],[33.32865037007256,0.096253872639595],[33.33382500829844,0.098424809298525],[33.33608616438127,0.098216842549891],[33.338019455945485,0.09692343397977417],[33.34021999069588,0.09545113379071189],[33.34120200633867,0.092922147989073],[33.3412011655277,0.090810142011854],[33.337229717513104,0.08661155882841147],[33.336206478527075,0.08552984897871137],[33.33383669488079,0.08637310267353204],[33.33347000050155,0.086503874630258],[33.333469729426476,0.08650368209402226],[33.333468781211266,0.086504019502875],[33.33239793003442,0.085742474087894],[33.33239784971069,0.08574235909528159],[33.33239783704029,0.085742350095892],[33.33230647442514,0.08561154492099793],[33.33013748400731,0.082506387012802],[33.330137409515295,0.08250606338011786],[33.330137331218054,0.082505951280826],[33.33007325412784,0.08222733846101739],[33.32904211483592,0.077747524261391],[33.32692487217935,0.07748627403055418],[33.32592006832621,0.07851500243617854],[33.32392725792785,0.080555666893229],[33.32421142564602,0.08345282484728049],[33.32454566166384,0.08685946637168494],[33.32642556953594,0.088288624727952],[33.326425588583014,0.08828916280356425],[33.32642584834896,0.088289360168542],[33.326453946678726,0.08909027293422239],[33.32652074839496,0.090977407111558],[33.31817656129362,0.08915924808045037],[33.317990556191134,0.08915871377718015],[33.31321295009306,0.08914534601259566],[33.312929862647465,0.0894870034130798],[33.31114329794872,0.0916436505473832],[33.31288443797922,0.093869993412728],[33.31288444448066,0.09387005237650145],[33.31288487113398,0.09387059791141],[33.313041591111926,0.0952952698441904],[33.31304191061066,0.095298167489357],[33.31304191015639,0.09529817013619718],[33.31304191568008,0.095298220349614],[33.31299993422843,0.09554274855958284],[33.311985979392794,0.1014506935916],[33.31198560409506,0.10145088946603513],[33.31198550764662,0.101451451246596],[33.311278942129476,0.10181970866883366],[33.31097346540825,0.101979142296626],[33.31097337030492,0.10197897074671491],[33.31097179338439,0.101979792627596],[33.310442760353716,0.10102311395509782],[33.30851633353924,0.10066634764506344],[33.30527560087586,0.101494730359991],[33.30657453981623,0.104264082437646],[33.306541507032364,0.10664280341402994],[33.306517394908504,0.10838973744316385],[33.310322192310906,0.114607599406234],[33.310429264339405,0.115999466624842],[33.30646755281697,0.123709056706416],[33.30656030616256,0.12943449089800635],[33.306574530869035,0.13031182391567642],[33.30932281991801,0.138199954953895],[33.30989379043313,0.144194233207225],[33.311692098246,0.145658867388364],[33.31199965555429,0.14590903783103],[33.31199935492678,0.14590911299917508],[33.31199971277707,0.145909404450818],[33.30971543700019,0.146480472549265],[33.30638419423557,0.143134357579021],[33.30467079204849,0.137566213736164],[33.30103040705738,0.132997855321064],[33.300433394173226,0.12621319709941606],[33.300245223904405,0.12407544055836184],[33.29767536596744,0.119078009691105],[33.29751715366524,0.11853477852569452],[33.295533952752464,0.11172586076758362],[33.29051950344263,0.109145028823603],[33.28418481624112,0.110154896446251],[33.28111431357993,0.11294121654352295],[33.28111431357998,0.11294123748287503],[33.28111491467409,0.115365726304126],[33.28404104555942,0.118007254398242],[33.28389823012457,0.120148876458824],[33.28389786969949,0.1201494458047126],[33.28389785632356,0.120149646049259],[33.28366852717626,0.1205117269785147],[33.28141186669647,0.124076463234085],[33.28153107424671,0.12603850594392607],[33.281543573079915,0.12605892118227477],[33.283791199809414,0.129726098423991],[33.27320261804138,0.141920844587522],[33.27077133010305,0.145850891433095],[33.269052249433706,0.151416689194579],[33.26548344483459,0.153737204289662],[33.26619689486813,0.15730585829884],[33.26274660129323,0.16075770924605962],[33.26263292928863,0.16322076252655124],[33.2625683184031,0.164621891416632],[33.263638972993164,0.16593140582245],[33.26042682088247,0.168608226027876],[33.2587300720199,0.16927385502614972],[33.258997349217346,0.16953591398685136],[33.26691610302653,0.177299609516853],[33.270818349475526,0.177315995097416],[33.27284196811519,0.17584723546870953],[33.27447086920101,0.1720138090805041]]],[[[33.34402395131807,0.14256602216483547],[33.34410381766935,0.1388092814047196],[33.34219047857499,0.13842166487646035],[33.342186264846276,0.13842147562835452],[33.34059749671922,0.14179441761965045],[33.34216919834468,0.14281750550211],[33.3440235244362,0.14257028004780972],[33.34402395131807,0.14256602216483547]]]]}}]}
