{"type":"FeatureCollection","name":"Isingiro sub-counties","metadata":{"source":"Uganda Bureau of Statistics NPHC 2024 Map Explorer","retrieved":"2026-07-26","display_only":true,"clipped_to_dashboard_district":true,"positive_area_overlaps_removed":true,"source_gap_ratio":0.00453892},"features":[{"type":"Feature","properties":{"n":"Bugango Town Council","c":"418101","d":"Isingiro","od":"Isingiro","dc":"418","k":"BUGANGOTOWNCOUNCIL","a":["BUGANGO","BUGANGOTOWNCOUNCIL"],"lat":-0.960427,"lon":31.001421},"geometry":{"type":"MultiPolygon","coordinates":[[[[30.965260859712476,-0.916337391639011],[30.968351327390828,-0.91265591821217],[30.977003651824923,-0.917521891486259],[30.981125849500945,-0.921611131451313],[30.98108635083711,-0.922768379275246],[30.98330886355704,-0.923346753927424],[30.985090011183836,-0.923422138862605],[30.98522469838943,-0.921043493426802],[30.987080907556415,-0.920161496700058],[30.987389671546705,-0.918699516078079],[30.98640253082,-0.916106113535888],[30.989757564517948,-0.916118009208047],[30.993683677273538,-0.917688432143321],[30.997436722641822,-0.916589298931584],[30.999657341876652,-0.916953580312285],[31.002936422475447,-0.918127624443175],[31.007190699744477,-0.921521545393946],[31.010079393612624,-0.925463224037824],[31.006835599278713,-0.929111648117009],[31.006395956458867,-0.93272245940058],[31.009627735537418,-0.942324184493653],[31.00980098745823,-0.945014557066223],[31.01204832982072,-0.947482388228164],[31.01727337488445,-0.950548015033786],[31.018437939806446,-0.950513330523956],[31.02222340183289,-0.947389905941126],[31.025059716850798,-0.947142444726427],[31.03450129568268,-0.951425405996005],[31.036957091860376,-0.954452056069359],[31.0391461229897,-0.955575250208844],[31.045273498829083,-0.966414269514513],[31.04830613419513,-0.965278858716837],[31.049042917321746,-0.96630798759686],[31.05417581087655,-0.966645893581385],[31.05628873083091,-0.967985707137099],[31.057835773824156,-0.967174367408381],[31.060258676960334,-0.969495091203479],[31.06211244678414,-0.969449548825184],[31.063205241983653,-0.971053353744614],[31.064375410557112,-0.97139916310823],[31.064391761306304,-0.973565768423657],[31.063844324572838,-0.974953039988338],[31.06144324635762,-0.976315110642667],[31.060419294749593,-0.979400904667884],[31.054519651891376,-0.988942857166496],[31.053875314833068,-0.993201127127197],[31.052685977988563,-0.99380071334603],[31.052067086979424,-0.996525465921985],[31.053871927288267,-0.998990686083265],[31.053486931893502,-0.9994394558032437],[31.037722130025667,-0.9994874022809439],[31.037586216130375,-0.999448453487502],[30.98901531204335,-0.999532087805316],[30.980033479330448,-0.987719784490531],[30.973590901897406,-0.986242686127868],[30.96912869819001,-0.983395363168843],[30.96531657232657,-0.985065149059684],[30.961614240668723,-0.968033169408103],[30.959691350132324,-0.945913116887931],[30.961478211095326,-0.92911030556206],[30.965260859712476,-0.916337391639011]]],[[[30.960188703055685,-0.937776983687121],[30.960188703945562,-0.937776983820697],[30.96018870305286,-0.937776983707557],[30.960188703055685,-0.937776983687121]]]]}},{"type":"Feature","properties":{"n":"Endiinzi Town Council","c":"418102","d":"Isingiro","od":"Isingiro","dc":"418","k":"ENDIINZITOWNCOUNCIL","a":["ENDIINZI","ENDIINZITOWNCOUNCIL"],"lat":-0.875939,"lon":31.132632},"geometry":{"type":"Polygon","coordinates":[[[31.09054635356069,-0.858856997894732],[31.09338254820485,-0.858952165031141],[31.09836519595845,-0.860142884893067],[31.09883564523437,-0.85579545698706],[31.10306024380951,-0.8571530586271],[31.10830650455362,-0.848001833159991],[31.105399078523824,-0.847631184128934],[31.107099254134244,-0.844900514566416],[31.112976615855924,-0.839189688845937],[31.11679928338671,-0.838960499174442],[31.112183036904874,-0.830473498815376],[31.10948309918809,-0.828876284368686],[31.110499339122832,-0.824513652421153],[31.114525647716782,-0.819711421971884],[31.118999374016028,-0.816695252507427],[31.119469815464473,-0.815262671355891],[31.126332802311772,-0.822230103749314],[31.1318763957064,-0.82377664188195],[31.139791980332774,-0.822807691845526],[31.14308946160257,-0.823487817038665],[31.14327739584784,-0.822364687932435],[31.146461511955717,-0.820707531834536],[31.148252716690607,-0.817003544378295],[31.15235711145756,-0.822028733947787],[31.155069999418778,-0.820365944654622],[31.159323708838468,-0.821114905616183],[31.158344652243798,-0.82423441173852],[31.159699663667705,-0.823980967932681],[31.15848877489976,-0.827839779558761],[31.160302864185937,-0.826099879189492],[31.163760175750884,-0.827777031255842],[31.168824897795606,-0.82812747702148],[31.171131805443125,-0.826049632906094],[31.171800395877145,-0.823507625589081],[31.176276290784244,-0.822805380166191],[31.17914851295822,-0.826767939843654],[31.18218696907183,-0.828858150284703],[31.19004219624257,-0.831489356079076],[31.194544067489254,-0.835746613116388],[31.198860190706526,-0.837660261107544],[31.19933084085227,-0.846977197937508],[31.200329138397272,-0.846485231606714],[31.20303696392696,-0.847660684430055],[31.207334199584785,-0.852264642775078],[31.21057230185151,-0.852973356783236],[31.211321064999918,-0.856220916901369],[31.211213978443315,-0.85957582823057],[31.208883522086108,-0.863075945704611],[31.207073243966352,-0.863395137957271],[31.20161285700103,-0.867071126076198],[31.193546747611595,-0.868355979847189],[31.189192069420784,-0.870568935650369],[31.177189151873122,-0.872737068575501],[31.17916894600547,-0.877520600421085],[31.18262162719562,-0.880390787442457],[31.19298981237147,-0.880334283010437],[31.197101398909766,-0.881819036124066],[31.20341340993268,-0.885855703175244],[31.203490777726014,-0.887747737438063],[31.205903158833006,-0.892815981311558],[31.204081267244806,-0.893224727136005],[31.203333013892976,-0.895118328504114],[31.198481651065745,-0.900547015400702],[31.19282229698275,-0.905544689723852],[31.185523602512802,-0.908986479935682],[31.176392798558886,-0.916063797529896],[31.17289831937157,-0.917019086078405],[31.16771487032423,-0.921179305038587],[31.160392812574276,-0.923137636835736],[31.15685197312901,-0.925311662086505],[31.15544718832154,-0.92772848623766],[31.15430204736337,-0.935742807749118],[31.15268104625685,-0.937331416696968],[31.145449363866426,-0.927155106208131],[31.14223744181322,-0.924418915715211],[31.12109259153751,-0.914394490709974],[31.121998538063124,-0.912892522691181],[31.11798799549801,-0.908369095221099],[31.114435422665046,-0.908140508515949],[31.110223958603136,-0.905677900957163],[31.106690941873772,-0.904714273192147],[31.103049144369475,-0.904744717365123],[31.100265953119095,-0.90589183337102],[31.098338743272066,-0.907711887180432],[31.095172694749238,-0.914137458712685],[31.090407628944735,-0.911704941788287],[31.08986032967502,-0.909632562115094],[31.092125667596775,-0.905367940494727],[31.092455247360796,-0.900403528706623],[31.090602742240296,-0.899619659435072],[31.08711934552841,-0.894670632692614],[31.08541105300135,-0.893414381758749],[31.088508896582084,-0.88924515440463],[31.091535489569356,-0.887227436857488],[31.093434549470125,-0.887285550602266],[31.092304140205563,-0.884439096908497],[31.08816402393579,-0.882482616161767],[31.086407229926646,-0.874356635379359],[31.08357682682023,-0.866912524355849],[31.088128822989088,-0.859713601319884],[31.09054635356069,-0.858856997894732]]]}},{"type":"Feature","properties":{"n":"Endinzi","c":"418103","d":"Isingiro","od":"Isingiro","dc":"418","k":"ENDINZI","a":["ENDINZI"],"lat":-0.947081,"lon":31.206724},"geometry":{"type":"MultiPolygon","coordinates":[[[[31.1017415553442,-0.995836921198166],[31.112322390540896,-0.989311372755368],[31.123118381875678,-0.980703950498627],[31.125234976324304,-0.977452035196022],[31.125783040183123,-0.974820766325418],[31.130563772952407,-0.96872228152608],[31.13261027001349,-0.964273694604152],[31.135368159335968,-0.963126625057222],[31.13643876028707,-0.96092630927213],[31.137745502918172,-0.960616448099359],[31.142765760600387,-0.952244977662685],[31.146089357826824,-0.950705435563247],[31.145265489277577,-0.94459030471726],[31.154135468402384,-0.936101587362288],[31.15417165236553,-0.9358705970883672],[31.15430204736337,-0.935742807749118],[31.15544718832154,-0.92772848623766],[31.15685171335164,-0.925312109013484],[31.16039289523363,-0.9231376147279559],[31.16771487032423,-0.921179305038587],[31.172616375393595,-0.9172453733771057],[31.172898331902452,-0.9170190826528274],[31.175216669835773,-0.9163853167722602],[31.176392674011616,-0.916063873425109],[31.17639275741604,-0.9160638087771484],[31.176392798558886,-0.916063797529896],[31.185523602512802,-0.908986479935682],[31.19282229698275,-0.905544689723852],[31.1928224824616,-0.9055445259307986],[31.192822601833445,-0.905544469639991],[31.196994115106836,-0.9018606317882925],[31.198481651065745,-0.900547015400702],[31.198481725320928,-0.9005469323089681],[31.198481725842832,-0.900546931848079],[31.198481726645483,-0.9005469308267894],[31.203333013892976,-0.895118328504114],[31.203924411496715,-0.8936216812671867],[31.20426959105867,-0.8931824762287287],[31.205902696851023,-0.8928160849583434],[31.20590316338058,-0.892815992224333],[31.20989428181271,-0.901043674272524],[31.249379343139232,-0.9310886255964036],[31.2511,-0.9324],[31.251570982004473,-0.9328109077692082],[31.270686886598632,-0.9495715090168441],[31.2643,-0.9844],[31.270057474829848,-0.9975979038407269],[31.27079667068374,-0.9992999937004422],[31.1651,-0.9991],[31.09511071231499,-0.9993128627970955],[31.096464080232263,-0.99793914646318],[31.1017415553442,-0.995836921198166]]],[[[31.19430513560322,-0.8682351759225373],[31.20161285700103,-0.867071126076198],[31.206346939947142,-0.8638840932203876],[31.207073317419276,-0.8633951250058889],[31.208883522086108,-0.863075945704611],[31.21093173649494,-0.859999728027004],[31.211213342926794,-0.859576826722957],[31.211213339194543,-0.8595767883196901],[31.211213978443315,-0.85957582823057],[31.211321064999918,-0.856220916901369],[31.21057230185151,-0.852973356783236],[31.207334199584785,-0.852264642775078],[31.20303696392696,-0.847660684430055],[31.200329138397272,-0.846485231606714],[31.19933421950259,-0.8469755329206913],[31.199326585131764,-0.8468929521777508],[31.198870404051828,-0.8378624433311451],[31.199181052109,-0.837442087095919],[31.20022384757105,-0.836952788348351],[31.20344503949856,-0.838222553551681],[31.21250886549169,-0.844758939468368],[31.217293529830204,-0.844751538783243],[31.22021376630575,-0.842470566219221],[31.22297836685908,-0.8416559167050275],[31.227068533911872,-0.8555927822182247],[31.227062019942682,-0.855683154156181],[31.2224056549458,-0.859190666835174],[31.2037,-0.8731],[31.203562216283256,-0.8831582113223536],[31.203478046554686,-0.883252364780901],[31.203413410479694,-0.885855690086308],[31.202161719511324,-0.8850552201811838],[31.197101398909766,-0.881819036124066],[31.197101203756148,-0.8818189656512843],[31.19710119208043,-0.881818958184537],[31.192990420496855,-0.880334460998411],[31.1929903069815,-0.8803344616212425],[31.19298981237147,-0.880334283010437],[31.18262162719562,-0.880390787442457],[31.179169120980475,-0.877520745876446],[31.179029350665264,-0.8771833134555077],[31.177189151873122,-0.872737068575501],[31.189192069420784,-0.870568935650369],[31.193546719816897,-0.8683559939718697],[31.19430513560322,-0.8682351759225373]]]]}},{"type":"Feature","properties":{"n":"Mbaare","c":"418104","d":"Isingiro","od":"Isingiro","dc":"418","k":"MBAARE","a":["MBAARE"],"lat":-0.902795,"lon":31.031285},"geometry":{"type":"Polygon","coordinates":[[[30.960655194593333,-0.822627447749689],[30.965877247563377,-0.811965082965857],[30.966669337185362,-0.808112418310855],[30.976466468571186,-0.809687243926933],[30.97286497230388,-0.813639077784308],[30.97262728074174,-0.815082275575802],[30.974299151038423,-0.817373745368813],[30.969711895993658,-0.821700153293619],[30.965310296474684,-0.836481140971162],[30.96533992380506,-0.838861545926985],[30.96761776795572,-0.845945473803205],[30.973031542627915,-0.855692374439761],[30.97557388817568,-0.857803844415136],[30.987752539963275,-0.860744190561351],[31.00250362866362,-0.860886062931093],[31.005364490261197,-0.865587640609189],[31.010025988260022,-0.870114113743203],[31.011008126895288,-0.874915258205321],[31.010674256501204,-0.877138970112333],[31.014617668561254,-0.876579009755744],[31.01728242781774,-0.87473202479766],[31.017704816241597,-0.873232415405808],[31.01572133224184,-0.865900156491661],[31.01628450900757,-0.862380347122413],[31.024439205048502,-0.868393587060211],[31.03084891799075,-0.869819404694383],[31.034114572252385,-0.86503815910183],[31.03557291126236,-0.862297732366802],[31.033142799721652,-0.860803356879294],[31.026849461754026,-0.859387659138687],[31.02546880789556,-0.856616367952329],[31.023893549145065,-0.855834912146854],[31.029234570373873,-0.852265665386183],[31.027967703312193,-0.850999899025425],[31.027841129289698,-0.850030308944818],[31.02874104588344,-0.849381983007401],[31.030971532532345,-0.848618768628033],[31.03905600486167,-0.849869771572913],[31.044458769328873,-0.852804410852486],[31.047648545237053,-0.855775134763374],[31.05575513007494,-0.851484685912327],[31.057392476640242,-0.854989282612645],[31.06191719322054,-0.858149025048569],[31.06411216083573,-0.857729063090813],[31.067505603323934,-0.853023255440974],[31.068034279178445,-0.843542780910116],[31.069400531140452,-0.841852685649293],[31.075136958836634,-0.848572963077458],[31.07842330045153,-0.86019116112378],[31.079763820724267,-0.861126999708636],[31.0811534508619,-0.864382082157183],[31.08344538338047,-0.866148972841022],[31.083668565554618,-0.8667674407345627],[31.08357682682023,-0.866912524355849],[31.086407133872356,-0.8743563827514605],[31.08640723723469,-0.8743566691824096],[31.08731514871062,-0.8785561775864424],[31.088163843481205,-0.882481811936076],[31.088163850815846,-0.8824818154023584],[31.08816402393579,-0.882482616161767],[31.092304140205563,-0.884439096908497],[31.092918114464915,-0.8859851292643843],[31.09343424544895,-0.887285541298816],[31.091535489569356,-0.887227436857488],[31.089566177018312,-0.8885403046618995],[31.088509313811798,-0.889244848139941],[31.088509272421053,-0.8892449038466977],[31.088508896582084,-0.88924515440463],[31.08541105300135,-0.893414381758749],[31.08711934552841,-0.894670632692614],[31.08772489673764,-0.8955309679849381],[31.090601761425813,-0.89961845487602],[31.090601950919385,-0.8996185351679614],[31.090602742240296,-0.899619659435072],[31.091966768320503,-0.9001968336183104],[31.09245522911645,-0.9004038035185471],[31.092166534229897,-0.9047523723763123],[31.092125615608904,-0.9053680383647185],[31.08986032967502,-0.909632562115094],[31.089860378298372,-0.9096327462301673],[31.089860274230272,-0.909632942140559],[31.09040689475688,-0.911703817084983],[31.090407399997964,-0.9117040748683701],[31.090407628944735,-0.911704941788287],[31.095172694749238,-0.914137458712685],[31.095173498737264,-0.9141358269996716],[31.095173993963346,-0.91413607967322],[31.097535667783593,-0.9093417481758621],[31.098338743272066,-0.907711887180432],[31.100265944981484,-0.9058918410561658],[31.100353639493758,-0.9058556926840077],[31.103049144369475,-0.904744717365123],[31.106690941870827,-0.9047142731921717],[31.1066909812886,-0.9047142839425135],[31.110223958603136,-0.905677900957163],[31.114435422665046,-0.908140508515949],[31.11798799549801,-0.908369095221099],[31.121998538063124,-0.912892522691181],[31.12109259153751,-0.914394490709974],[31.14223741019968,-0.9244189007277535],[31.142578302897636,-0.9247092904015003],[31.145449363866426,-0.927155106208131],[31.15009152612216,-0.9336874844160659],[31.152681037062205,-0.937331423603363],[31.145293633578675,-0.9445633701536268],[31.145265489277577,-0.94459030471726],[31.145265562775005,-0.9445908502489285],[31.145265191529592,-0.944591213682032],[31.145488810148624,-0.946247894812608],[31.146089357826824,-0.950705435563247],[31.14284907708992,-0.9522063841645938],[31.142765935186056,-0.952244849209274],[31.1427658956794,-0.952244915091979],[31.142765760600387,-0.952244977662685],[31.13774571158644,-0.9606161001370908],[31.137264542423843,-0.9607304957926711],[31.13643876028707,-0.96092630927213],[31.13542864655845,-0.963002310773467],[31.13536806044063,-0.9631266661900652],[31.13261027001349,-0.964273694604152],[31.132610012540674,-0.9642742542874384],[31.132609933467805,-0.964274287185416],[31.131973161307965,-0.9656586139911069],[31.130563772952407,-0.96872228152608],[31.125783040183123,-0.974820766325418],[31.12529140112767,-0.9771811382444447],[31.125234953152155,-0.9774520707974865],[31.124949962599977,-0.9778899275339649],[31.123118150050793,-0.980704135327847],[31.112322390540896,-0.989311372755368],[31.1017415553442,-0.995836921198166],[31.101013428994847,-0.9961269624726903],[31.096465825711377,-0.997938422365082],[31.096465778944545,-0.9979384697994719],[31.096464080232263,-0.99793914646318],[31.09511071231499,-0.9993128627970955],[31.08385939276634,-0.9993470821387885],[31.05384225822778,-0.999331919075522],[31.053719571583496,-0.9991682794464521],[31.053871927288267,-0.998990686083265],[31.052113551840176,-0.996588931986521],[31.052686185959242,-0.9938006085007504],[31.053680499259556,-0.9932993404581224],[31.05387507062901,-0.993201615799323],[31.05387507992075,-0.9932012455546956],[31.053875314833068,-0.993201127127197],[31.05446355499446,-0.989313588180568],[31.05552768306225,-0.9873124897390473],[31.060419294749593,-0.979400904667884],[31.06144323085125,-0.9763151573728672],[31.061539590251286,-0.9762604572001201],[31.063844324572838,-0.974953039988338],[31.063844785964466,-0.9749518707655817],[31.06384483366219,-0.974951843689097],[31.063844856067757,-0.9749516931152764],[31.064391761306304,-0.973565768423657],[31.064375410557112,-0.97139916310823],[31.064369619755965,-0.971397451805],[31.062114599578173,-0.9694527083025132],[31.06211244678414,-0.969449548825184],[31.060258676960334,-0.969495091203479],[31.058305381895316,-0.9676241710381015],[31.057836412704415,-0.967174663689742],[31.057836199873996,-0.9671747754907294],[31.057835773824156,-0.967174367408381],[31.05628873083091,-0.967985707137099],[31.05417581087655,-0.966645893581385],[31.054173065741093,-0.9666457128650522],[31.054172857783158,-0.966645581139912],[31.05039002361761,-0.9663966695993802],[31.049042917321746,-0.96630798759686],[31.04830613419513,-0.965278858716837],[31.048305313135767,-0.9652791661193281],[31.04830510557755,-0.965278876383207],[31.047967602696193,-0.9654056040300218],[31.045273498829083,-0.966414269514513],[31.0391461229897,-0.955575250208844],[31.036957091860376,-0.954452056069359],[31.03450129568268,-0.951425405996005],[31.034500127916335,-0.9514248762648948],[31.02736326367212,-0.94798011712827],[31.02506102741417,-0.947143039234218],[31.025059716850798,-0.947142444726427],[31.02222340183289,-0.947389905941126],[31.018437939806446,-0.950513330523956],[31.01814572598576,-0.9505220335966182],[31.017267369435466,-0.9505444915301289],[31.01204832982072,-0.947482388228164],[31.00980098745823,-0.945014557066223],[31.009631627615278,-0.9423846233013695],[31.009627781527016,-0.942324358490967],[31.009627738512787,-0.942324230697201],[31.009627735537418,-0.942324184493653],[31.006395956458867,-0.93272245940058],[31.006835599278713,-0.929111648117009],[31.010079393612624,-0.925463224037824],[31.007190699744477,-0.921521545393946],[31.002936422475447,-0.918127624443175],[31.00293627773743,-0.9181275726210821],[31.002936135557842,-0.918127459193041],[31.00293480348781,-0.9181270447797982],[30.999657341876652,-0.916953580312285],[30.99861129918462,-0.9167819822867664],[30.998160868583778,-0.916641851211504],[30.99799435476176,-0.9166807756671671],[30.997436722641822,-0.916589298931584],[30.993683677273538,-0.917688432143321],[30.989757564517948,-0.916118009208047],[30.98962174616112,-0.9161175276478627],[30.98640515740531,-0.916105811415383],[30.986405275807734,-0.9161061232685694],[30.98640253082,-0.916106113535888],[30.987389671546705,-0.918699516078079],[30.987080907556415,-0.920161496700058],[30.98522469838943,-0.921043493426802],[30.985090011183836,-0.923422138862605],[30.984587722324477,-0.9234008800895896],[30.983132360314162,-0.9233008216811017],[30.98108635083711,-0.922768379275246],[30.981125849500945,-0.921611131451313],[30.977003651824923,-0.917521891486259],[30.969065636505853,-0.9130576378991306],[30.968351333613327,-0.912655908499265],[30.970603706052437,-0.909708491073379],[30.969544276158988,-0.907334712989742],[30.970582945162136,-0.900874832385227],[30.970458304417182,-0.89421585604829],[30.974310664891483,-0.889021915802469],[30.976966835626904,-0.880795072794986],[30.970642599491715,-0.877042565084711],[30.966445476940272,-0.872636858882595],[30.96500483805975,-0.866779307639251],[30.958535129788704,-0.858761850412213],[30.958365680988777,-0.848193606669813],[30.95695664230381,-0.842117352367998],[30.957977815812306,-0.833320636915175],[30.960655194593333,-0.822627447749689]]]}},{"type":"Feature","properties":{"n":"Rwanjogyera","c":"418105","d":"Isingiro","od":"Isingiro","dc":"418","k":"RWANJOGYERA","a":["RWANJOGYERA"],"lat":-0.801869,"lon":31.154117},"geometry":{"type":"Polygon","coordinates":[[[31.1093838134717,-0.773463524276254],[31.11025865934281,-0.772972788998593],[31.11257327688107,-0.766242418300176],[31.112236034391117,-0.76081450458191],[31.12124685830495,-0.761789715369271],[31.12646358518375,-0.763565040167424],[31.12842701501897,-0.76511115750373],[31.13160917290562,-0.764457338231463],[31.137637299738046,-0.768101498027461],[31.139881370700387,-0.766841161472339],[31.141518566809708,-0.766879242664346],[31.143764756891155,-0.767164822043518],[31.14561301797309,-0.769106665079974],[31.15065556598753,-0.769487121280664],[31.1514931323257,-0.770667329077334],[31.14979903750289,-0.773617756025668],[31.145916562580258,-0.775976362498396],[31.147458846658598,-0.778603162150401],[31.151048787903758,-0.782277280740666],[31.154976668915733,-0.781807969712128],[31.162084837169136,-0.785226120689547],[31.16780601196917,-0.78352900132194],[31.170638284724113,-0.780863722234096],[31.174493006225198,-0.781886888866618],[31.17725292106951,-0.783671391582487],[31.1792175200584,-0.78364145694747],[31.18882800632487,-0.774985670667673],[31.19147512307694,-0.775259358606692],[31.197943469788505,-0.7731390356532967],[31.19581207200191,-0.788829204901594],[31.195008498743558,-0.790930454741124],[31.194852131762296,-0.7958957529305581],[31.194381416719875,-0.7993608961946577],[31.19403151324377,-0.799888235966141],[31.194213157531227,-0.8005995270893997],[31.193868304524933,-0.8031381437983904],[31.193221454306695,-0.803894546659557],[31.193560520270314,-0.8054038809016753],[31.1917,-0.8191],[31.19231514607813,-0.8204640195645457],[31.192321497348665,-0.821219653421776],[31.193296720350848,-0.8226405538214437],[31.194,-0.8242],[31.196555545822143,-0.8254085794321324],[31.197181425435474,-0.825854405850747],[31.19751170282483,-0.8258607692059678],[31.20195076705154,-0.8279601100496456],[31.201963330794296,-0.827971254292597],[31.202325997629984,-0.8281375656661667],[31.21035835211505,-0.8319362603865418],[31.21357845472642,-0.834470985047503],[31.221740690708288,-0.837893232788767],[31.222017725887596,-0.8383826215429246],[31.22297836505889,-0.8416559105710375],[31.22196675183454,-0.8419540110128299],[31.22021376630575,-0.842470566219221],[31.217293529830204,-0.844751538783243],[31.21286411003508,-0.8447583899934578],[31.212508434541434,-0.84475862868822],[31.20344503949856,-0.838222553551681],[31.20022384757105,-0.836952788348351],[31.199181052109,-0.837442087095919],[31.199118943643377,-0.8375261297293186],[31.198860085783988,-0.837660208705097],[31.198577086494627,-0.8375347406394948],[31.194544067489254,-0.835746613116388],[31.19004219624257,-0.831489356079076],[31.182253182223466,-0.828880329201298],[31.179175225179932,-0.8267863156775102],[31.179148742582115,-0.8267680978061994],[31.179006300031677,-0.8265717408123098],[31.176276290784244,-0.822805380166191],[31.171800395877145,-0.823507625589081],[31.171131805443125,-0.826049632906094],[31.168825258111703,-0.8281271524828359],[31.163760117457596,-0.8277770029775953],[31.160302864185937,-0.826099879189492],[31.159602776000103,-0.826771336599189],[31.158490596981785,-0.8278339730210431],[31.15955145841269,-0.824453262478841],[31.15969860240932,-0.823986811465102],[31.159697782527825,-0.8239869626735914],[31.159699663667705,-0.823980967932681],[31.158344652243798,-0.82423441173852],[31.159323708838468,-0.821114905616183],[31.155069999418778,-0.820365944654622],[31.154916667078314,-0.8204599254520826],[31.152356891331767,-0.8220284644381727],[31.152001670386827,-0.8215935519385877],[31.148259814641992,-0.8170076612581],[31.148258421096386,-0.8170105285311481],[31.148252716690607,-0.817003544378295],[31.146461511955717,-0.820707531834536],[31.14418369241912,-0.8218930107577593],[31.143279078521132,-0.822363481984753],[31.143279018067716,-0.8223638436568271],[31.14327739584784,-0.822364687932435],[31.14308946160257,-0.823487817038665],[31.13984832359899,-0.8228193129804716],[31.139792512973155,-0.822807777219966],[31.139792438471424,-0.8228077863393574],[31.139791980332774,-0.822807691845526],[31.1318763957064,-0.82377664188195],[31.126332802311772,-0.822230103749314],[31.119505615228928,-0.8152990159452197],[31.119183623529782,-0.809587691512568],[31.116542358699746,-0.805851855325282],[31.116345306822176,-0.804160100550273],[31.108026760986466,-0.795304496049221],[31.107974977719632,-0.790523825004198],[31.10559232723353,-0.78895791067219],[31.10603242348911,-0.7875609462612],[31.10478615199927,-0.787171595376897],[31.107743302930103,-0.781058243298488],[31.1093838134717,-0.773463524276254]]]}},{"type":"Feature","properties":{"n":"Kakamba","c":"418201","d":"Isingiro","od":"Isingiro","dc":"418","k":"KAKAMBA","a":["KAKAMBA"],"lat":-0.96406,"lon":30.862076},"geometry":{"type":"MultiPolygon","coordinates":[[[[30.753925564727957,-0.983895001967031],[30.76014385293235,-0.980724513468542],[30.75936153672304,-0.977813126098358],[30.75717534345538,-0.977714784687718],[30.75633687778776,-0.97688844867388],[30.758161323884835,-0.974235653227037],[30.75816231012913,-0.970927296753059],[30.764726150231702,-0.968743290421423],[30.76423319340213,-0.968041682738144],[30.769605804427673,-0.961339818112967],[30.772581674632377,-0.961133811141463],[30.787032447194594,-0.956168069741081],[30.79016645030772,-0.955968048343458],[30.793963420156516,-0.959032423862421],[30.79126270463438,-0.961885634665789],[30.79038440852763,-0.96623367084733],[30.799762653415574,-0.9671793555596],[30.802805407462927,-0.966319745422274],[30.811172849265716,-0.96020244265623],[30.813698553811243,-0.957048047447525],[30.82165106718434,-0.956231517920354],[30.822337504603198,-0.957566243386672],[30.82577975440547,-0.958428750157804],[30.827802948152716,-0.956349401609466],[30.832765691159377,-0.958656506087046],[30.83207819120061,-0.950780909012957],[30.83285863220269,-0.946231543148584],[30.8344634253476,-0.942817426227929],[30.835668591925526,-0.94476185505599],[30.83702237684919,-0.944455804310864],[30.837465667409305,-0.954703004585612],[30.839181404332056,-0.957304823458407],[30.843635012126498,-0.958366621572967],[30.847382486240843,-0.956839038413553],[30.85179981979151,-0.951352974039281],[30.855333323800142,-0.948843718731064],[30.85947206402227,-0.942388028967729],[30.862991374077847,-0.938849789577264],[30.86608208316451,-0.936746586102128],[30.876921146095572,-0.932208231619114],[30.87771503941686,-0.932130898088826],[30.87822023623554,-0.933654024450213],[30.881709175954075,-0.937160757421919],[30.886221805292422,-0.936269454353833],[30.894093232033246,-0.936432263063527],[30.89982460260931,-0.933470807575973],[30.90818656098526,-0.933999791292824],[30.916147774705717,-0.932282085310457],[30.918661129477197,-0.943739034090869],[30.911086721846548,-0.946008084887592],[30.910751906171296,-0.948067032809043],[30.91347353516643,-0.956514510851677],[30.916686556087296,-0.960285911414783],[30.91975491473762,-0.967663452981299],[30.91835221480998,-0.971499125539146],[30.91813019926229,-0.975696865115754],[30.920493696302294,-0.97786417903104],[30.922575722365607,-0.981344140099729],[30.924790673751563,-0.989212053020544],[30.91095156723241,-0.981644642320727],[30.90789835890519,-0.980766420244984],[30.907456511756365,-0.983772153396164],[30.904555093667607,-0.989516812185519],[30.90186923715139,-0.999201709520001],[30.828680045499194,-0.9990890496400966],[30.79904905918301,-0.9990010368094545],[30.787433614764552,-0.992354813744841],[30.776908301996627,-0.988541594914477],[30.774532695752868,-0.986424902693622],[30.770540848099454,-0.986448942132323],[30.768115983781154,-0.984955415001387],[30.767204330574227,-0.9851654536167158],[30.7666,-0.9849],[30.765098973034526,-0.9856505134827378],[30.76201271680923,-0.9863615656451],[30.760301953619496,-0.987933725536903],[30.756239794087524,-0.989422649717903],[30.755011444863335,-0.9906942775683312],[30.753060413030163,-0.9916697934849175],[30.749468628069682,-0.991104026089811],[30.747730559903786,-0.987475675533921],[30.751427687231764,-0.986422840455838],[30.753925564727957,-0.983895001967031]]],[[[30.91097509241843,-0.884882481291859],[30.915139370943375,-0.886577855627537],[30.91742937013185,-0.886726459458486],[30.920600795936416,-0.885639221587927],[30.92086875970722,-0.88983019628696],[30.919424721705706,-0.894409010650792],[30.920284729986633,-0.905791988702889],[30.918126286963663,-0.919376732873011],[30.90851871242476,-0.91834245436697],[30.90939085383869,-0.917002193876245],[30.909698388470943,-0.913124703106813],[30.909388641196532,-0.909950999430747],[30.90760601082665,-0.907554025294323],[30.907984177803048,-0.900402342243055],[30.90639126692119,-0.89658630167874],[30.903729517315178,-0.893302902491813],[30.902373281882806,-0.886729055575413],[30.90503355991668,-0.884244232505661],[30.91097509241843,-0.884882481291859]]]]}},{"type":"Feature","properties":{"n":"Kashumba","c":"418202","d":"Isingiro","od":"Isingiro","dc":"418","k":"KASHUMBA","a":["KASHUMBA"],"lat":-0.792467,"lon":30.900211},"geometry":{"type":"MultiPolygon","coordinates":[[[[30.924789050696447,-0.989204570938835],[30.922654451049404,-0.981623798801229],[30.922575722365607,-0.981344140099729],[30.920493696302294,-0.97786417903104],[30.91813020969597,-0.9756968746833822],[30.91820211657999,-0.9743370947127435],[30.91835221480998,-0.971499125539146],[30.91975491473762,-0.967663452981299],[30.916686556087296,-0.960285911414783],[30.91347353516643,-0.956514510851677],[30.910751906171296,-0.948067032809043],[30.911086654010383,-0.9460085020458714],[30.91273088510793,-0.9455155460462595],[30.918661129477197,-0.943739034090869],[30.918660834870384,-0.9437376911466889],[30.918661495920723,-0.943737492957559],[30.916182280581225,-0.9324393778872235],[30.916147774705717,-0.932282085310457],[30.916067448029857,-0.9322994165386485],[30.90626935987557,-0.9338785077222346],[30.904176732907143,-0.9337461265811223],[30.90445237321858,-0.930536575318637],[30.90381093834058,-0.9297479160392],[30.908518711263508,-0.918342465850584],[30.90856069490364,-0.918346973881793],[30.918126286963663,-0.919376732873011],[30.920284729986633,-0.905791988702889],[30.919951697774387,-0.9013840097953448],[30.91942474529547,-0.894408935851413],[30.92086875970722,-0.88983019628696],[30.920600795936416,-0.885639221587927],[30.91742937013185,-0.886726459458486],[30.915139378223643,-0.886577856099972],[30.915139370942526,-0.8865778556271913],[30.91097509241843,-0.884882481291859],[30.910974617880534,-0.8848824303162501],[30.910974585986377,-0.884882417332202],[30.90503356621333,-0.884244220311135],[30.90840584192909,-0.879697296472754],[30.908024550144752,-0.876278507625059],[30.910000774343093,-0.867093673474094],[30.908726249802594,-0.859177409154048],[30.90960093876526,-0.847963112963074],[30.909191872435915,-0.843668377519627],[30.913534149914284,-0.842788377470559],[30.92179581940825,-0.838801791272436],[30.930540083092563,-0.836303428642852],[30.941264264704117,-0.83576564917961],[30.945706325257234,-0.836486991088852],[30.948750622765694,-0.834788487316666],[30.9517470182028,-0.830723015681863],[30.95263087716188,-0.821681355148636],[30.96057106923119,-0.814772522598975],[30.962474827960975,-0.811702900527554],[30.96357466718184,-0.808151150480582],[30.96061820223966,-0.803043828565836],[30.967115419832172,-0.799975464799213],[30.96914972284172,-0.797608422013485],[30.974462674966222,-0.793975671257154],[30.974381036201635,-0.797964341261698],[30.978035831762373,-0.807917745025856],[30.977750158356343,-0.808922352182917],[30.976466476107344,-0.809687234353355],[30.976432490668113,-0.8096817821983889],[30.966669337185362,-0.808112418310855],[30.965877247563377,-0.811965082965857],[30.961724636974623,-0.8204438649997627],[30.96065520329919,-0.822627417621173],[30.960655196971295,-0.8226274428943781],[30.960655194593333,-0.822627447749689],[30.957977815812306,-0.833320636915175],[30.95695664230381,-0.842117352367998],[30.958365680988777,-0.848193606669813],[30.958535129788704,-0.858761850412213],[30.964910166074812,-0.8666619872659025],[30.965004839926433,-0.8667793152290773],[30.966445476940272,-0.872636858882595],[30.970642599491715,-0.877042565084711],[30.976966835626904,-0.880795072794986],[30.974310664891483,-0.889021915802469],[30.970458304417182,-0.89421585604829],[30.970458320235853,-0.8942167011663602],[30.97045820449311,-0.894216857241351],[30.97056439117967,-0.8998835792422645],[30.970582945162136,-0.900874832385227],[30.969544276158988,-0.907334712989742],[30.9695443624865,-0.9073349064167486],[30.969544348403076,-0.907334994015093],[30.969599844205902,-0.9074592197765812],[30.970603706052437,-0.909708491073379],[30.970583567210426,-0.9097348444298888],[30.9652709012578,-0.9163254297982405],[30.965260859712476,-0.916337391639011],[30.961478211095326,-0.92911030556206],[30.961478185139054,-0.9291105496427913],[30.96147814532346,-0.929110684086185],[30.96036308465962,-0.9395964371031653],[30.959691350132324,-0.945913116887931],[30.960927773415445,-0.960136364359434],[30.960728046810466,-0.961559490535708],[30.961311230857874,-0.9645474832479818],[30.961614240668723,-0.968033169408103],[30.965308852390965,-0.985029634741065],[30.96531481905703,-0.985060205458485],[30.965315438921746,-0.9850599350135917],[30.96531657232657,-0.985065149059684],[30.96862977270111,-0.9836139023178077],[30.969129498300106,-0.9833958737174406],[30.973543865148642,-0.9862126720757417],[30.973590828915142,-0.986242657112269],[30.97359087184308,-0.9862426669502632],[30.973590901897406,-0.986242686127868],[30.980033479330448,-0.987719784490531],[30.98885454246646,-0.9993206544523777],[30.989015298091942,-0.999532087579227],[30.916967040189828,-0.999075505762186],[30.901869249333387,-0.999201710110852],[30.90286722167769,-0.9956030892585593],[30.904555093667607,-0.989516812185519],[30.907456511756365,-0.983772153396164],[30.90789835890519,-0.980766420244984],[30.91095156723241,-0.981644642320727],[30.924790673751563,-0.989212053020544],[30.924788479578407,-0.9892042589156959],[30.924789050696447,-0.989204570938835]]],[[[30.947006640979627,-0.999287482769659],[30.947006641043686,-0.999287476735617],[30.947006640979637,-0.999287482769659],[30.947006640979627,-0.999287482769659]]],[[[30.900859508523297,-0.765702754261346],[30.90389923390718,-0.761617112308603],[30.905063683412337,-0.756961490150357],[30.91804471669003,-0.758274742772125],[30.933787100020115,-0.762834341018977],[30.937731878358434,-0.765331598961365],[30.941627970966238,-0.769349225432704],[30.937375579683344,-0.77229213534235],[30.93473388084578,-0.770400908500614],[30.93061426520969,-0.77276443770301],[30.922961994364783,-0.771293951051076],[30.916511254589043,-0.768975636934938],[30.91752791987898,-0.785720692925488],[30.919426252225385,-0.785936878663437],[30.921374313706654,-0.7873732783032],[30.93510079940775,-0.802380240716937],[30.93952256229623,-0.803833150074183],[30.93887189181025,-0.806512146148814],[30.932781716350636,-0.806941642483042],[30.929942142573935,-0.809182331752725],[30.92337355550454,-0.807512142355399],[30.921468513185495,-0.81542560756837],[30.91844666187705,-0.817091306078183],[30.916162317680094,-0.820113144413232],[30.91321190802678,-0.81963730902276],[30.906359138894317,-0.815306783644365],[30.903254245047467,-0.815033307168968],[30.90092078107529,-0.813336387256807],[30.891044763796014,-0.809406678663773],[30.889634255695817,-0.807989443960169],[30.870641190513634,-0.797560129004394],[30.878915518817085,-0.786314290702865],[30.900859508523297,-0.765702754261346]]]]}},{"type":"Feature","properties":{"n":"Nakivale-Juru Rwc Iii","c":"418203","d":"Isingiro","od":"Isingiro","dc":"418","k":"NAKIVALEJURURWCIII","a":["JURURWCIII","NAKIVALE","NAKIVALEJURURWCIII"],"lat":-0.819875,"lon":30.935524},"geometry":{"type":"Polygon","coordinates":[[[30.877334181317128,-0.8012353287900094],[30.889634255695817,-0.807989443960169],[30.891044763796014,-0.809406678663773],[30.891045473115707,-0.8094069609050466],[30.89104553013707,-0.809407018182135],[30.89706053834779,-0.8118003805257056],[30.90092078107529,-0.813336387256807],[30.903254245047467,-0.815033307168968],[30.906359138894317,-0.815306783644365],[30.91321190802678,-0.81963730902276],[30.913212390425734,-0.8196373868229714],[30.91321301022159,-0.819637778476147],[30.91616054246297,-0.820113203867338],[30.916160775580984,-0.8201128957069782],[30.916162317680094,-0.820113144413232],[30.91844666187705,-0.817091306078183],[30.921468513185495,-0.81542560756837],[30.92337355550454,-0.807512142355399],[30.92341251147123,-0.8075220476579915],[30.92896838486039,-0.809253558402584],[30.929681757154142,-0.8091161237596268],[30.929942142573935,-0.809182331752725],[30.930137254862224,-0.8090283699101628],[30.9307029360546,-0.808919388676405],[30.932776364433884,-0.8069458656458758],[30.932781716350636,-0.806941642483042],[30.938807681283887,-0.8065166744560647],[30.93887065376159,-0.806512238441095],[30.93887065499496,-0.8065122333725134],[30.93887189181025,-0.806512146148814],[30.939516981277972,-0.8038561287190252],[30.93952257465585,-0.803833142500757],[30.94708196006044,-0.797684452402292],[30.952480334604456,-0.789912424513061],[30.963533565283402,-0.8080801465516512],[30.96357466718184,-0.808151150480582],[30.963568852168585,-0.8081699291104169],[30.96057177463992,-0.8147713851973813],[30.96057113192168,-0.8147724215167785],[30.95263139518067,-0.821680725639204],[30.952631376068826,-0.8216809210452154],[30.95263087716188,-0.821681355148636],[30.951769019927628,-0.8304979434290836],[30.951747004767565,-0.8307230339106207],[30.948750622765694,-0.834788487316666],[30.945706325257234,-0.836486991088852],[30.941490312739266,-0.8358023569010168],[30.941264608453988,-0.835765667572787],[30.941264432357748,-0.835765676404721],[30.941264264704117,-0.83576564917961],[30.930540083092563,-0.836303428642852],[30.93053958654754,-0.8363035705129487],[30.930539428778854,-0.836303578425682],[30.921796451059414,-0.838801573818227],[30.92179633906731,-0.8388016427983254],[30.92179581940825,-0.838801791272436],[30.91550143751907,-0.8418390824620022],[30.90919361152787,-0.843668025077617],[30.909191872435915,-0.843668377519627],[30.909191896158895,-0.8436686265841574],[30.904293979819705,-0.846066234586677],[30.8975425307849,-0.845768822568807],[30.888530227535743,-0.848832318688605],[30.88187798345136,-0.849475292441762],[30.881587384666037,-0.846367206207792],[30.878784335647687,-0.844751015469711],[30.869640505491247,-0.83417260920124],[30.874956877441896,-0.834407838256805],[30.88052257719113,-0.828592725089014],[30.886202252280295,-0.81739937546149],[30.879590645205575,-0.815499379901006],[30.869730830517017,-0.814165102631872],[30.863479755596906,-0.805599965099976],[30.87064118284102,-0.797560138017751],[30.877334181317128,-0.8012353287900094]]]}},{"type":"Feature","properties":{"n":"Nakivale-Rubondo Rwc Iii","c":"418204","d":"Isingiro","od":"Isingiro","dc":"418","k":"NAKIVALERUBONDORWCIII","a":["NAKIVALE","NAKIVALERUBONDORWCIII","RUBONDORWCIII"],"lat":-0.742487,"lon":31.038152},"geometry":{"type":"Polygon","coordinates":[[[30.991459834824937,-0.775092621167292],[30.99454036823127,-0.775889785900218],[30.998368127721697,-0.774715527452429],[30.995364643316798,-0.770068310677682],[30.99283285091503,-0.761978028834395],[30.992701621994264,-0.752262516948987],[30.99647249067657,-0.751964636171704],[31.010463319616438,-0.745226213606892],[31.022911341399755,-0.740938334307076],[31.02123531116513,-0.73733499673852],[31.017980826483797,-0.734055784691778],[31.016105309093607,-0.729605232343458],[31.011628036021897,-0.724065012096881],[31.011797596959862,-0.71655348701676],[31.009234019938635,-0.709566616298953],[31.00988426919555,-0.704462630341783],[31.02214193286824,-0.704780885900813],[31.02792875595375,-0.706462825826337],[31.038219092671632,-0.707036714086659],[31.043637999551525,-0.718598506054447],[31.045709938290717,-0.719837520786706],[31.050885314692277,-0.719837167067522],[31.062147493979978,-0.71308320033582],[31.065518217769235,-0.720056134478007],[31.069387255099404,-0.723654138781763],[31.070174842408978,-0.728744169447858],[31.06209206388571,-0.736612433662913],[31.05678093144874,-0.744036520175624],[31.0523835011563,-0.750718381895386],[31.04886559856019,-0.758689789277343],[31.03957736869773,-0.767193509208527],[31.037078935011024,-0.768514106074002],[31.0334022425006,-0.769014074268868],[31.028334295441088,-0.772333186935727],[31.00869159963525,-0.777465053154514],[31.003478408458616,-0.781530669729569],[30.998586612921628,-0.781207170486989],[30.985454615089694,-0.777507571418286],[30.98887044508072,-0.775486502990714],[30.991459834824937,-0.775092621167292]]]}},{"type":"Feature","properties":{"n":"Nakivale Basecamp Rwc Iii","c":"418205","d":"Isingiro","od":"Isingiro","dc":"418","k":"NAKIVALEBASECAMPRWCIII","a":["NAKIVALEBASECAMPRWCIII"],"lat":-0.753626,"lon":30.930257},"geometry":{"type":"Polygon","coordinates":[[[30.916067156777867,-0.736270919065586],[30.915798100009912,-0.704852789786012],[30.91788000388844,-0.7054374810175053],[30.918,-0.7055],[30.91858030110835,-0.7056341556325758],[30.92493270019949,-0.707418191911027],[30.92484987953923,-0.709931134588548],[30.92655843471198,-0.715529348529219],[30.939667769340616,-0.734912714921002],[30.951447673616585,-0.748935856157016],[30.95647989259487,-0.758935558413269],[30.958381955383544,-0.759464974275327],[30.960472068905986,-0.762623753732371],[30.961802119203803,-0.763261651870432],[30.96919262538691,-0.762834971886537],[30.970712526604242,-0.755351086740226],[30.973225340330657,-0.757252406113757],[30.979727105078485,-0.75750665247129],[30.9871673061867,-0.752342970980664],[30.99270161041873,-0.752262518455498],[30.9927453920013,-0.7555030223276069],[30.99283285091503,-0.761978028834395],[30.995364643316798,-0.770068310677682],[30.995364757080452,-0.7700684867013593],[30.995364808140547,-0.770068649860498],[30.997160206772467,-0.773763266841289],[30.99836306511238,-0.7747076942028485],[30.998368127721697,-0.774715527452429],[30.994540743238108,-0.7758896708577367],[30.991459933849995,-0.775092630907439],[30.99145989518975,-0.7750926367881905],[30.991459834824937,-0.775092621167292],[30.98887044508072,-0.775486502990714],[30.988870389264086,-0.7754865360161394],[30.9888702010619,-0.775486564644263],[30.981267992785497,-0.779393013366099],[30.98102407775778,-0.780912911970607],[30.982046493602873,-0.780785549452996],[30.9820167523303,-0.783046033439121],[30.979875238440666,-0.787150602931829],[30.974462679483178,-0.793975655801442],[30.973851030047715,-0.7943938857428565],[30.96914972284172,-0.797608422013485],[30.969149524717917,-0.7976086525433134],[30.96914922574916,-0.797608856970356],[30.968593180107757,-0.7982559953873625],[30.967115419832172,-0.799975464799213],[30.960814731434525,-0.80295101605771],[30.960618197252955,-0.803043818138778],[30.952679298122217,-0.7902394523288658],[30.952480334604456,-0.789912424513061],[30.94708196006044,-0.797684452402292],[30.947081154946723,-0.7976851072696507],[30.93926672006084,-0.8037490850559653],[30.935103110464468,-0.8023810000873551],[30.935100365930882,-0.8023797668031332],[30.922265538488514,-0.7883476410858367],[30.921374436635073,-0.787373398042611],[30.92137439546895,-0.7873733676926986],[30.921374313706654,-0.7873732783032],[30.919426252225385,-0.785936878663437],[30.91752791987898,-0.785720692925488],[30.916511254589043,-0.768975636934938],[30.922961994364783,-0.771293951051076],[30.93061426520969,-0.77276443770301],[30.93473388084578,-0.770400908500614],[30.937375579683344,-0.77229213534235],[30.937377721055565,-0.7722906533842918],[30.937378239437415,-0.772291024063613],[30.937934158380234,-0.7719055653695903],[30.941627970966238,-0.769349225432704],[30.937731878358434,-0.765331598961365],[30.937731740892954,-0.7653315119382847],[30.937731614352845,-0.765331381437996],[30.934746189246003,-0.7634414963472095],[30.933787100020115,-0.762834341018977],[30.91804471669003,-0.758274742772125],[30.91138796632153,-0.7576012990880303],[30.905063684380668,-0.756961478660037],[30.905036739648647,-0.754574776899481],[30.90837433324391,-0.752677637764601],[30.916067156777867,-0.736270919065586]]]}},{"type":"Feature","properties":{"n":"Ngarama","c":"418206","d":"Isingiro","od":"Isingiro","dc":"418","k":"NGARAMA","a":["NGARAMA"],"lat":-0.899174,"lon":30.8497},"geometry":{"type":"Polygon","coordinates":[[[30.778732939514764,-0.946990586548782],[30.78141013196618,-0.94470115824895],[30.781231881263523,-0.942528872110513],[30.779209931643912,-0.93949574994245],[30.773628688269753,-0.936164340577011],[30.77662961175557,-0.930375261208493],[30.776782128288897,-0.928643011567235],[30.77562099552036,-0.924911571193621],[30.775183174745063,-0.917487655480276],[30.778228892420568,-0.913946734285849],[30.779102685014823,-0.911727245907843],[30.77611681190498,-0.911459084625418],[30.77540060178483,-0.910301126867375],[30.778846983351738,-0.90731097273537],[30.79272474834366,-0.900281211482689],[30.791233662163034,-0.898204885464178],[30.793688339773915,-0.892736246760161],[30.793800746012295,-0.885465381785269],[30.798938376546865,-0.877144054049189],[30.800882276479946,-0.86247797931519],[30.802656138623234,-0.858347523965014],[30.80589293079496,-0.858074832665998],[30.804869646535693,-0.856083425299935],[30.79708693905278,-0.852584544614585],[30.799171691033433,-0.848409883323906],[30.804553223960525,-0.844542005397984],[30.795895232404924,-0.83626924268059],[30.801640499833088,-0.833092128509916],[30.80333573701601,-0.833508508101871],[30.80583444548648,-0.838237668258214],[30.809909018592993,-0.839843735066679],[30.815649447399316,-0.840260228702237],[30.81621456859705,-0.848974999879053],[30.815095437335394,-0.862387053843898],[30.81690980560022,-0.86768190670406],[30.820835320160665,-0.87244020794793],[30.82246280115315,-0.873351817063327],[30.824965671782063,-0.870477503774899],[30.825944383775678,-0.870375659452704],[30.82723128901244,-0.875552012860191],[30.833545696763935,-0.873891776211966],[30.83644495566358,-0.876005548136636],[30.83866416971833,-0.876500146042992],[30.843569411068934,-0.873773479471786],[30.842164805722568,-0.870418414415862],[30.842414626831598,-0.868883558467363],[30.844294264314012,-0.866980055394048],[30.847054216905605,-0.86670365048547],[30.847221058753867,-0.862768105577654],[30.846186073283825,-0.857842854375799],[30.846958151749707,-0.854410536073046],[30.84660702576355,-0.8421337996738],[30.850263023878018,-0.841688671979119],[30.855459766697226,-0.837776848754877],[30.85636635534253,-0.832330279442109],[30.863749019690754,-0.83230711722277],[30.869640491638535,-0.834172608223756],[30.87878397216013,-0.844750614284568],[30.878784005473335,-0.8447506334942841],[30.878784335647687,-0.844751015469711],[30.881587384666037,-0.846367206207792],[30.88187798345136,-0.849475292441762],[30.888530227535743,-0.848832318688605],[30.88853034550277,-0.8488322785888089],[30.888530404016954,-0.848832272934241],[30.889656342504693,-0.8484495254400364],[30.897542521349536,-0.8457688257761112],[30.89765454205596,-0.8457737568426168],[30.904293979819705,-0.846066234586677],[30.909191885352993,-0.843668631873819],[30.909316285715537,-0.8449745767428356],[30.909600936052236,-0.8479630844793996],[30.90949056456732,-0.8493782090719397],[30.908726249802594,-0.859177409154048],[30.90972574100617,-0.8653853999001293],[30.91000075003153,-0.8670937864661769],[30.908024550144752,-0.876278507625059],[30.90802455752643,-0.8762785738116368],[30.908024536477388,-0.876278671633437],[30.908024636125763,-0.8762792785593898],[30.908368093215973,-0.8793588289664547],[30.90386814147399,-0.8853327873843004],[30.902373281882806,-0.886729055575413],[30.902468549589877,-0.8871908303583271],[30.90232606008126,-0.887379993809017],[30.903237340210133,-0.8909172570005565],[30.903729517315178,-0.893302902491813],[30.903908963517885,-0.8935242582176625],[30.904038172892573,-0.894025802748925],[30.905741360606132,-0.8957846102417916],[30.906201281370354,-0.8963519451480818],[30.906765121994408,-0.8974819237382142],[30.907875777854667,-0.9001426550220708],[30.907963852111553,-0.9007867303901766],[30.90760601082665,-0.907554025294323],[30.909388641196532,-0.909950999430747],[30.90938869928035,-0.9099515945637568],[30.909671059932613,-0.9134692696824162],[30.909578132494758,-0.9146409272608432],[30.908608589676085,-0.9182043357923374],[30.90851871242476,-0.91834245436697],[30.90856069490364,-0.918346973881793],[30.908518711263508,-0.918342465850584],[30.90381284050918,-0.9297433076841336],[30.9038115460767,-0.929746065153345],[30.9038116496905,-0.9297461926625229],[30.90381093834058,-0.9297479160392],[30.90445237321858,-0.930536575318637],[30.904450806673715,-0.9305548161413351],[30.904167185613783,-0.933624492212656],[30.899831020886484,-0.9334712136009689],[30.89982460260931,-0.933470807575973],[30.89982427810394,-0.9334709752510877],[30.89982405591024,-0.933470967396787],[30.897930417029485,-0.9344495518755026],[30.894093232033246,-0.936432263063527],[30.886221805292422,-0.936269454353833],[30.88622171005591,-0.9362694731642842],[30.88622165171607,-0.936269471956117],[30.88613846196375,-0.9362859157467331],[30.881709175954075,-0.937160757421919],[30.87822023623554,-0.933654024450213],[30.878188709243226,-0.9335589731923439],[30.877715618751523,-0.932131702212798],[30.877715315831587,-0.9321317314562186],[30.87771503941686,-0.932130898088826],[30.876921146095572,-0.932208231619114],[30.867090362502406,-0.9363244159309263],[30.866082425222416,-0.936746441372581],[30.86608241945895,-0.9367464452944404],[30.86608208316451,-0.936746586102128],[30.862991374077847,-0.938849789577264],[30.85947206402227,-0.942388028967729],[30.859472006829222,-0.9423881181785874],[30.85947198289555,-0.942388142241076],[30.85914077460801,-0.942904780821083],[30.855333323800142,-0.948843718731064],[30.851843428511025,-0.9513220060792442],[30.851800037145615,-0.951352817076673],[30.851800032233374,-0.9513528231774515],[30.85179981979151,-0.951352974039281],[30.847382617000402,-0.9568388760179919],[30.844223802090674,-0.9581266130749051],[30.843635012126498,-0.958366621572967],[30.839181404332056,-0.957304823458407],[30.837465667409305,-0.954703004585612],[30.837393417228455,-0.953032853809447],[30.83702456040307,-0.944468264177644],[30.837022931081762,-0.9444686160706345],[30.83702237684919,-0.944455804310864],[30.835741430125303,-0.9447453884925604],[30.83566818997709,-0.9447612065480221],[30.8344634253476,-0.942817426227929],[30.83285863220269,-0.946231543148584],[30.83207822846206,-0.950780691807601],[30.832078219185547,-0.9507807458814],[30.832078219185608,-0.950780745882104],[30.83207819120061,-0.950780909012957],[30.832765691159377,-0.958656506087046],[30.827802948152716,-0.956349401609466],[30.82577981528594,-0.9584286875875644],[30.822337401724734,-0.9575660433473111],[30.82165106718434,-0.956231517920354],[30.82164866159483,-0.9562317649158352],[30.82164852236476,-0.956231494905315],[30.815959873121887,-0.9568158650039532],[30.813698553811243,-0.957048047447525],[30.811172849265716,-0.96020244265623],[30.802805407462927,-0.966319745422274],[30.799762653415574,-0.9671793555596],[30.79038440852763,-0.96623367084733],[30.79126270463438,-0.961885634665789],[30.793963420156516,-0.959032423862421],[30.793962453650142,-0.9590316438355612],[30.793962811612566,-0.95903126542675],[30.79043143671443,-0.9561819077866264],[30.79016645030772,-0.955968048343458],[30.787032447194594,-0.956168069741081],[30.772581674632377,-0.961133811141463],[30.77251849461198,-0.9611381848284071],[30.769440979111142,-0.961346334287074],[30.764635242546547,-0.958114490514468],[30.763160055511293,-0.956496534431031],[30.76301851182847,-0.954411971738428],[30.770476080387336,-0.946302495796903],[30.778732939514764,-0.946990586548782]]]}},{"type":"Feature","properties":{"n":"Rugaaga","c":"418207","d":"Isingiro","od":"Isingiro","dc":"418","k":"RUGAAGA","a":["RUGAAGA"],"lat":-0.796989,"lon":31.072126},"geometry":{"type":"MultiPolygon","coordinates":[[[[31.04886477775302,-0.758690651757985],[31.048864859968255,-0.7586904654857322],[31.04886559856019,-0.758689789277343],[31.052319971321367,-0.7508623376136901],[31.052383525734406,-0.7507183445491412],[31.056780931447076,-0.7440365201781497],[31.056780958879436,-0.7440364818320383],[31.062092040046604,-0.736612466986051],[31.0701748509383,-0.72874417769536],[31.0877441011863,-0.727992294001233],[31.087789436036996,-0.728958830484486],[31.097040178255938,-0.739247546154262],[31.10420909659487,-0.742393538407271],[31.111026712049146,-0.74925536393586],[31.11236527840188,-0.751875932492043],[31.112495227896687,-0.7608425562123783],[31.112236034391117,-0.76081450458191],[31.11257327688107,-0.766242418300176],[31.11025865934281,-0.772972788998593],[31.1093838134717,-0.773463524276254],[31.107743309129646,-0.7810582145978062],[31.107738946841657,-0.7810672486901601],[31.10478615199927,-0.787171595376897],[31.10603223356261,-0.7875608869257723],[31.105983724090045,-0.7877155290972674],[31.10559232723353,-0.78895791067219],[31.107974693130505,-0.7905236379678717],[31.107984790822407,-0.7914297782042276],[31.108026760986466,-0.795304496049221],[31.116345306822176,-0.804160100550273],[31.116542358699746,-0.805851855325282],[31.116542743960768,-0.8058524002430245],[31.116542749787147,-0.805852450351547],[31.116817937049657,-0.8062416365998895],[31.119183623529782,-0.809587691512568],[31.119185457697892,-0.8096202250504663],[31.119469806874644,-0.815262653150717],[31.119457439257495,-0.8153003591933583],[31.118999374016028,-0.816695252507427],[31.114525647716782,-0.819711421971884],[31.110499339122832,-0.824513652421153],[31.10948309918809,-0.828876284368686],[31.11218302378441,-0.8304734910536438],[31.112193535177653,-0.8304927999608401],[31.11679928338671,-0.838960499174442],[31.112976615855924,-0.839189688845937],[31.112976259010082,-0.8391900355804938],[31.112976230316967,-0.83919003728465],[31.11057556172517,-0.8415227087170115],[31.107099254134244,-0.844900514566416],[31.107099194389274,-0.8449006105234301],[31.107099164539513,-0.844900639527718],[31.10708830485062,-0.8449181003236395],[31.105399078523824,-0.847631184128934],[31.108305926569763,-0.8480017594765489],[31.10514910919259,-0.8535093819165128],[31.10306024380951,-0.8571530586271],[31.09883564523437,-0.85579545698706],[31.09836519595845,-0.860142884893067],[31.09338254820485,-0.858952165031141],[31.093382182359754,-0.8589521527553862],[31.09338218235554,-0.858952152754379],[31.093382158047003,-0.8589521519395836],[31.09054635356069,-0.858856997894732],[31.0897102589335,-0.859153251240942],[31.088129242550433,-0.859713445245789],[31.08812923651074,-0.8597134547967887],[31.088128822989088,-0.859713601319884],[31.083752026001804,-0.8666354491173581],[31.083668563331603,-0.8667674345742893],[31.08344538338047,-0.866148972841022],[31.082333506566833,-0.8652918076462898],[31.080548457511636,-0.8629649401547115],[31.079763820724267,-0.861126999708636],[31.07842330045153,-0.86019116112378],[31.075136958836634,-0.848572963077458],[31.069400531140452,-0.841852685649293],[31.069395147237483,-0.8418593457011343],[31.06837883067784,-0.842602012469128],[31.06713361037492,-0.839691685282811],[31.068818928688888,-0.838899737648959],[31.067727296490894,-0.837139675101135],[31.06307497256492,-0.833065986324774],[31.061295834318123,-0.83254404288652],[31.057269192544258,-0.83576897913098],[31.054496510385583,-0.836701164144187],[31.05310409344757,-0.831590706460167],[31.054617136012666,-0.81928588063592],[31.04642807354334,-0.821547037504265],[31.044296517676965,-0.821167472158826],[31.037897159574868,-0.81583350911303],[31.035944808759126,-0.810772328623565],[31.035470744112438,-0.808092557685365],[31.03604139537657,-0.807518671792731],[31.040426700541556,-0.806746371508028],[31.038529830809942,-0.799583334752037],[31.035048744133803,-0.798673241701778],[31.032231476778566,-0.787004475448845],[31.030404036570395,-0.776230168933655],[31.030898861385733,-0.773202898287206],[31.030109741990554,-0.7711704070048268],[31.03340203320012,-0.7690142113444658],[31.033402252306967,-0.7690140729353675],[31.037078935011024,-0.768514106074002],[31.03957736869773,-0.767193509208527],[31.04400635055045,-0.7631386115785662],[31.04886477775302,-0.758690651757985]]],[[[30.9552,-0.7141],[30.95596906620292,-0.7140347019261675],[30.958110578333034,-0.714491241663025],[30.96031913978576,-0.730227140180025],[30.963888300726246,-0.746802523969057],[30.96266466383473,-0.750803405828419],[30.963897281178458,-0.752675394533696],[30.967048859532216,-0.753247379224183],[30.970712515387238,-0.75535108365387],[30.97069722486311,-0.7554264314217591],[30.969192764500733,-0.7628342869000079],[30.961802005260953,-0.7632615972229261],[30.960472068905986,-0.762623753732371],[30.958381955383544,-0.759464974275327],[30.956479953745305,-0.7589355754337431],[30.952428847295014,-0.750885581454801],[30.951447673616585,-0.748935856157016],[30.94451042591397,-0.7406775543878378],[30.939667726329642,-0.7349126513252902],[30.927000241263844,-0.7161826004685197],[30.92655843179198,-0.715529338961621],[30.92565663655292,-0.7125745367056073],[30.924849883817455,-0.7099310047787329],[30.924924380070614,-0.7076706410809425],[30.924932711514504,-0.70741819529835],[30.942461731968486,-0.7111551315841121],[30.9552,-0.7141]]]]}},{"type":"Feature","properties":{"n":"Rugaaga Town Council","c":"418208","d":"Isingiro","od":"Isingiro","dc":"418","k":"RUGAAGATOWNCOUNCIL","a":["RUGAAGA","RUGAAGATOWNCOUNCIL"],"lat":-0.824826,"lon":31.011358},"geometry":{"type":"Polygon","coordinates":[[[30.976440942858947,-0.8096831381512695],[30.976466476107344,-0.809687234353355],[30.977750158356343,-0.808922352182917],[30.97803537504508,-0.8079193511307641],[30.978035382824157,-0.807919342525424],[30.978035379819598,-0.8079193343405707],[30.978035831762373,-0.807917745025856],[30.974381036201635,-0.797964341261698],[30.9744611666185,-0.794049365431052],[30.979873603291924,-0.787152664798815],[30.979875238440666,-0.787150602931829],[30.980606008027937,-0.7857499608119556],[30.982016353820395,-0.783046852947417],[30.9820163545774,-0.783046795799066],[30.9820167523303,-0.783046033439121],[30.982046493602873,-0.780785549452996],[30.981024699933073,-0.7809128344661237],[30.981057122172235,-0.7807070035446937],[30.981267854114844,-0.7793938774593683],[30.98542107534903,-0.77748827192694],[30.98546585541645,-0.7775009207742022],[30.985454615089694,-0.777507571418286],[30.998586612921628,-0.781207170486989],[31.003478408458616,-0.781530669729569],[31.00869159963525,-0.777465053154514],[31.02090128390555,-0.7742751413996226],[31.023475641799937,-0.773832115612207],[31.024998972936025,-0.7732045759274259],[31.028334295441088,-0.772333186935727],[31.03010973034018,-0.7711704146349202],[31.030898831512463,-0.7732030810477969],[31.030404036570395,-0.776230168933655],[31.032231476778566,-0.787004475448845],[31.032231482373778,-0.7870044986235086],[31.03223149676005,-0.787004583444109],[31.03245545197469,-0.7879321524778579],[31.035048744133803,-0.798673241701778],[31.038529830809942,-0.799583334752037],[31.040426700541556,-0.806746371508028],[31.03604139537657,-0.807518671792731],[31.035470744112438,-0.808092557685365],[31.035944808759126,-0.810772328623565],[31.037897159574868,-0.81583350911303],[31.044296517676965,-0.821167472158826],[31.04527238194902,-0.8213412439399774],[31.045653781346964,-0.821626067898941],[31.046147182799285,-0.8214970193959058],[31.04642807354334,-0.821547037504265],[31.054617136012666,-0.81928588063592],[31.05310409344757,-0.831590706460167],[31.054496510385583,-0.836701164144187],[31.057269192544258,-0.83576897913098],[31.05726938939694,-0.8357688214717232],[31.05726948020255,-0.835768791046727],[31.057349213677973,-0.8357048902278839],[31.061295834318123,-0.83254404288652],[31.061305752499212,-0.8325469525702094],[31.063565340940738,-0.8334953648849611],[31.06373085956284,-0.8336402970444265],[31.068814917938433,-0.838893271027986],[31.068818928688888,-0.838899737648959],[31.06713361037492,-0.839691685282811],[31.068357069980678,-0.8425511533975298],[31.068378821595616,-0.84260202210787],[31.06833074282485,-0.8431760463562209],[31.068034279178445,-0.843542780910116],[31.067505610489718,-0.8530231269406152],[31.067386439526615,-0.8531885041260369],[31.06411216083573,-0.857729063090813],[31.06191719322054,-0.858149025048569],[31.057392476640242,-0.854989282612645],[31.05575513007494,-0.851484685912327],[31.047648545237053,-0.855775134763374],[31.044458769328873,-0.852804410852486],[31.03905600486167,-0.849869771572913],[31.039055802721865,-0.8498697402935073],[31.039055793997303,-0.849869735554667],[31.030972843601784,-0.848618865741615],[31.030972630717688,-0.8486189385628221],[31.030971532532345,-0.848618768628033],[31.02874104588344,-0.849381983007401],[31.028740218091894,-0.8493825793723689],[31.028740196766677,-0.84938258666708],[31.028730183571938,-0.849389808530716],[31.027841129289698,-0.850030308944818],[31.027967536905923,-0.8509986243099201],[31.027967538053556,-0.850998633159795],[31.02796753806236,-0.8509986331685241],[31.027967703312193,-0.850999899025425],[31.02923431715944,-0.8522654123917525],[31.02888042742546,-0.8525023286603554],[31.023893549145065,-0.855834912146854],[31.023898653732466,-0.8558374444352523],[31.023897680150935,-0.855838096212575],[31.024711166890036,-0.8562405167075439],[31.02546880789556,-0.856616367952329],[31.026849461754026,-0.859387659138687],[31.026849843728925,-0.8593877450646301],[31.026849921648996,-0.859387901529657],[31.032492872579557,-0.8606571545950124],[31.033142799721652,-0.860803356879294],[31.033755042686636,-0.8611798502475799],[31.03557277898843,-0.8622979809283586],[31.034116153437278,-0.8650351878301796],[31.034114535144735,-0.8650382134311556],[31.0308489789306,-0.8698193154723276],[31.027687744839472,-0.8691162130749812],[31.024439351938895,-0.8683936197354516],[31.02418039000717,-0.8682027378936411],[31.01628450900757,-0.862380347122413],[31.01572133224184,-0.865900156491661],[31.017704816241597,-0.873232415405808],[31.01728242781774,-0.87473202479766],[31.01497399562079,-0.8763320340796041],[31.014617510067627,-0.8765790322616719],[31.014074243707558,-0.8766561755122565],[31.01067433573383,-0.8771384423909745],[31.011008126895288,-0.874915258205321],[31.010025988260022,-0.870114113743203],[31.005364490261197,-0.865587640609189],[31.00250362866362,-0.860886062931093],[30.987752539963275,-0.860744190561351],[30.987752283940974,-0.8607441287487471],[30.97510619711043,-0.8574154174198778],[30.97393983829319,-0.8564467325669162],[30.967617694974656,-0.8459452468374581],[30.96533992380506,-0.838861545926985],[30.965310296886834,-0.8364811740854657],[30.96785006092038,-0.8279523716422209],[30.969711895993658,-0.821700153293619],[30.974299151038423,-0.817373745368813],[30.97262728074174,-0.815082275575802],[30.97286497230388,-0.813639077784308],[30.976466468571186,-0.809687243926933],[30.97644094074189,-0.8096831404931916],[30.976440942858947,-0.8096831381512695]]]}},{"type":"Feature","properties":{"n":"Rushasha","c":"418209","d":"Isingiro","od":"Isingiro","dc":"418","k":"RUSHASHA","a":["RUSHASHA"],"lat":-0.728367,"lon":31.128815},"geometry":{"type":"Polygon","coordinates":[[[30.97616737646795,-0.7123197510546082],[30.9764,-0.7123],[30.994489159189534,-0.70151607817547],[30.999953162844964,-0.699003130171641],[31.002671961655388,-0.6966378690131338],[31.00748231400715,-0.6937701589572774],[31.00798842942091,-0.6937264838241528],[31.0384,-0.6958],[31.0390399290489,-0.6956945171897416],[31.04073115895835,-0.695937520439919],[31.047530034834523,-0.695723361949963],[31.05290142494365,-0.69443262121099],[31.05656357502525,-0.6928060041167164],[31.0566,-0.6928],[31.05663360851534,-0.6927748973434789],[31.056644266728537,-0.692770163285237],[31.075104681166763,-0.6796283232574553],[31.09279020057889,-0.6714045567308166],[31.092800808732438,-0.6714003511082296],[31.092803545517555,-0.6714015392734748],[31.099702835427674,-0.676204297679923],[31.11145237190882,-0.679943328018062],[31.13122491329403,-0.6880820355276522],[31.1338,-0.6892],[31.154397966461357,-0.7054983909378695],[31.157835295832058,-0.713329018617603],[31.163998764167356,-0.7196894774647882],[31.1705,-0.7293],[31.171878875808527,-0.7301240618737358],[31.18659074194808,-0.739265769189152],[31.189210238407924,-0.7420722566974121],[31.19968134398531,-0.7575296030259377],[31.199953410839687,-0.758016942778488],[31.19787945821851,-0.76956376271138],[31.198221213488505,-0.7710944404641428],[31.197965535410784,-0.7729766007712097],[31.19147897783753,-0.7752580950168262],[31.19147512307694,-0.775259358606692],[31.18882800632487,-0.774985670667673],[31.188826161486006,-0.7749873322413415],[31.178530252648905,-0.7836519288550596],[31.177695574947258,-0.7836646468562888],[31.17652299259005,-0.7831994352260553],[31.174493006225198,-0.781886888866618],[31.170638284724113,-0.780863722234096],[31.16780614431411,-0.7835288767801909],[31.16474696176592,-0.7844364326674016],[31.162084837169136,-0.785226120689547],[31.154976668915733,-0.781807969712128],[31.15104905841807,-0.7822772484190785],[31.145922851118073,-0.7759870730602028],[31.14591716463366,-0.77597738790849],[31.148541919523456,-0.7743814561557052],[31.14979903750289,-0.773617756025668],[31.149799625286725,-0.7736167323443254],[31.149799888890037,-0.773616572065399],[31.151492450294157,-0.770668876283632],[31.15149233633046,-0.7706687153786077],[31.1514931323257,-0.770667329077334],[31.15065556598753,-0.769487121280664],[31.145965677215344,-0.7691332729367681],[31.14561288922952,-0.7691065298178014],[31.144085652233215,-0.7675019650973318],[31.14376551385558,-0.7671652545948],[31.143765121000513,-0.767165204588617],[31.143764756891155,-0.767164822043518],[31.141518713015515,-0.7668792612528723],[31.141518694965,-0.766879258955238],[31.14151869493902,-0.7668792589546369],[31.141518566809708,-0.766879242664346],[31.139881370700387,-0.766841161472339],[31.139881007973795,-0.7668413651903103],[31.139880905232594,-0.766841362813024],[31.139844406131687,-0.7668619218662647],[31.137637299738046,-0.768101498027461],[31.13160917290562,-0.764457338231463],[31.12842701501897,-0.76511115750373],[31.12646358518375,-0.763565040167424],[31.12124685830495,-0.761789715369271],[31.114946576380614,-0.7611078573111418],[31.11249522774431,-0.7608425456983693],[31.11236527840188,-0.751875932492043],[31.111026712049146,-0.74925536393586],[31.104270556093805,-0.742455396451565],[31.104209301440115,-0.742393741009028],[31.10420929514886,-0.7423937382488164],[31.10420909659487,-0.742393538407271],[31.097040178255938,-0.739247546154262],[31.087789436036996,-0.728958830484486],[31.0877441011863,-0.727992294001233],[31.070241990321374,-0.7287413044363049],[31.07017485399444,-0.728744165995462],[31.069387324581186,-0.723654372773384],[31.0693872857124,-0.7236543366278738],[31.069387255099404,-0.723654138781763],[31.065518217769235,-0.720056134478007],[31.062147493979978,-0.71308320033582],[31.051350832520143,-0.7195579944631703],[31.05088512901876,-0.7198371670802122],[31.046483906528355,-0.7198374678886379],[31.04570986152777,-0.7198374748826346],[31.043637999551525,-0.718598506054447],[31.038219092671632,-0.707036714086659],[31.027929027081424,-0.7064628409470269],[31.02430416685537,-0.7054093391328441],[31.02214193286824,-0.704780885900813],[31.02214178934259,-0.7047808821743413],[31.022141773127366,-0.704780877461672],[31.02199000835911,-0.7047769413628591],[31.00988426919555,-0.704462630341783],[31.009234019938635,-0.709566616298953],[31.00923409466054,-0.7095668199488854],[31.009234078606912,-0.70956694543945],[31.01006208542571,-0.7118234576016181],[31.011797596251007,-0.716553485084818],[31.011391641826265,-0.721290516028878],[31.01165976857086,-0.7226592647576463],[31.011628036021897,-0.724065012096881],[31.012033403492243,-0.7245666176569069],[31.012197476876928,-0.725404188847541],[31.01610501961217,-0.7296048741363752],[31.016105293008614,-0.7296052124397352],[31.01623520276629,-0.7299134665368638],[31.017980826483797,-0.734055784691778],[31.02123531116513,-0.73733499673852],[31.022911341399755,-0.740938334307076],[31.010463319616438,-0.745226213606892],[30.99647249067657,-0.751964636171704],[30.996467610899764,-0.7519650216509743],[30.987181026626203,-0.7523427715257808],[30.9871673061867,-0.752342970980664],[30.98010432559671,-0.757244852208164],[30.973244923377962,-0.7572531718933014],[30.973225340330657,-0.757252406113757],[30.97322182645623,-0.7572497473422545],[30.9719883589148,-0.755836205299581],[30.970859332855657,-0.7554621676241907],[30.970712526604242,-0.755351086740226],[30.97070064411654,-0.7554095952618357],[30.9707006416368,-0.7554095944403169],[30.970712515387238,-0.75535108365387],[30.967048859532216,-0.753247379224183],[30.963897941811982,-0.7526755144330669],[30.96297217934114,-0.7512704328077383],[30.96266466383473,-0.750803405828419],[30.963888300726246,-0.746802523969057],[30.960646383811234,-0.7317468798066127],[30.96031913765405,-0.7302271249916797],[30.959747061549685,-0.7261511091257022],[30.95811059014173,-0.714491242089545],[30.966693892107276,-0.715128506124007],[30.97616737646795,-0.7123197510546082]]]}},{"type":"Feature","properties":{"n":"Birere","c":"418301","d":"Isingiro","od":"Isingiro","dc":"418","k":"BIRERE","a":["BIRERE"],"lat":-0.708676,"lon":30.661661},"geometry":{"type":"Polygon","coordinates":[[[30.645239335986126,-0.692716833030507],[30.647672116919235,-0.689494162282754],[30.646302310414463,-0.687523204589006],[30.646130978748285,-0.684125466073653],[30.648172715970787,-0.680241311665406],[30.648300634250536,-0.67555938306187],[30.647373156952774,-0.673189594061869],[30.646786040454824,-0.672696948785416],[30.64335409190581,-0.6649225347254051],[30.64372222025042,-0.6641168241781392],[30.646997168981734,-0.6588177751892754],[30.649293080056445,-0.657714949549411],[30.650202224660582,-0.65453265938693],[30.64998243734825,-0.6539874451240099],[30.6577,-0.6415],[30.65889333366224,-0.6409741241488437],[30.659173471954634,-0.641158113440861],[30.660564628176004,-0.643406674911115],[30.662907978263085,-0.64472692351339],[30.66418097175563,-0.64410782675163],[30.664240457909646,-0.640955579952278],[30.665914216732077,-0.640318667713821],[30.66846517605806,-0.637231012036341],[30.669290414149593,-0.637681227865314],[30.670538072765908,-0.63665181839325],[30.68315841701505,-0.646911429055471],[30.688258038569106,-0.653836641594023],[30.691456708789804,-0.672791238379568],[30.685802491056236,-0.673512286962421],[30.682281220908823,-0.672637835649348],[30.67874738567771,-0.674553293935737],[30.677248967227555,-0.67335773513098],[30.67353542012371,-0.673813309457411],[30.670726238749776,-0.682750402702557],[30.674770030682552,-0.685265540867296],[30.678470070904947,-0.684599392354349],[30.682607323132846,-0.685375900443642],[30.68478693589736,-0.688520140747405],[30.682920150387847,-0.689714634367395],[30.682293688064657,-0.691304753643509],[30.682220350210063,-0.695275366549922],[30.6809200415938,-0.698151286880125],[30.68296635194515,-0.700126241559729],[30.68178934336769,-0.701424147691048],[30.68213354176339,-0.704207014928598],[30.679992090278596,-0.706027087801006],[30.68262133006898,-0.711916472027824],[30.68272144371747,-0.713970798101015],[30.68762802734896,-0.714388556017238],[30.690711118756685,-0.716374728614661],[30.691622042454572,-0.717925785783485],[30.693437985782428,-0.717516869275936],[30.695328248383316,-0.718214667558225],[30.696197701864193,-0.716559753522812],[30.69990536231967,-0.715775105803195],[30.702403077913722,-0.716017807841454],[30.70505927305685,-0.715089819121891],[30.707589737962586,-0.715779008736186],[30.70849217257651,-0.712446781939894],[30.71262395407972,-0.712282883253077],[30.713805060562958,-0.711325663520762],[30.719959355909463,-0.713483632759803],[30.72245793436759,-0.71555384906186],[30.73407368100373,-0.729261961789427],[30.741486748034827,-0.731468106750104],[30.739589122590335,-0.732542440397429],[30.739827498518782,-0.734040145221009],[30.738173774661515,-0.736788417590946],[30.735389808804914,-0.737383282987524],[30.73182062411419,-0.736491012899694],[30.728573235682294,-0.737942355477526],[30.725815620385934,-0.740604478952498],[30.722282529060276,-0.74015124698548],[30.721159869907712,-0.740997275611279],[30.715496135671,-0.738340565531406],[30.71403866001727,-0.736420952322706],[30.711177176133603,-0.735458513290317],[30.709383555936288,-0.735740062043757],[30.708430302559815,-0.734328434653372],[30.704279597348922,-0.735172793657086],[30.701924727565764,-0.734832861425343],[30.699706883656365,-0.737795991532005],[30.697855356086954,-0.738867837172782],[30.69266718188255,-0.739433234585317],[30.685791025968705,-0.745668516932104],[30.68480000041958,-0.742842834647533],[30.682707559295494,-0.741963643200401],[30.6808948975622,-0.739679674016453],[30.674302612964386,-0.738960674615001],[30.67661613396211,-0.744497775254158],[30.676616084933496,-0.748638142820371],[30.670836276802792,-0.755484226183585],[30.666264171380657,-0.755174784207881],[30.66609944989883,-0.756241841911892],[30.666529120249507,-0.760797520507328],[30.671840885709777,-0.767706314907282],[30.672013657264014,-0.771524879762386],[30.669419881940343,-0.773690261857893],[30.66366965512063,-0.775240727996539],[30.66117711946692,-0.77921910164149],[30.658350325412652,-0.780061429177308],[30.65595658805851,-0.77727500031826],[30.656415601256132,-0.773091212759202],[30.654145700983797,-0.768309040071334],[30.653231989227823,-0.761813113440613],[30.656717177675695,-0.756544438648072],[30.65480477097365,-0.754182249484178],[30.65335333703125,-0.754461762059368],[30.650516038626446,-0.753408908140265],[30.64720481898208,-0.753282775933191],[30.64592285743705,-0.754053283388639],[30.646443375961844,-0.754681861152856],[30.644593722993005,-0.754263705773232],[30.6466,-0.7476],[30.636,-0.7331],[30.636079804286684,-0.7329288255879836],[30.636658619344573,-0.732184849319322],[30.636480506229585,-0.7320693489568291],[30.6429,-0.7183],[30.6414,-0.6991],[30.641526756639884,-0.698667536169808],[30.64430865920011,-0.696387855986619],[30.645239335986126,-0.692716833030507]]]}},{"type":"Feature","properties":{"n":"Isingiro Town Council","c":"418302","d":"Isingiro","od":"Isingiro","dc":"418","k":"ISINGIROTOWNCOUNCIL","a":["ISINGIRO","ISINGIROTOWNCOUNCIL","TOWNCOUNCIL"],"lat":-0.837023,"lon":30.830389},"geometry":{"type":"Polygon","coordinates":[[[30.7489702678122,-0.885443035393406],[30.750659577985257,-0.87675617466489],[30.7537944750472,-0.877386412573107],[30.756645324873375,-0.879528287639788],[30.760472659144103,-0.880090971487228],[30.762665387683814,-0.869003543918981],[30.760664568880227,-0.865356677274121],[30.76181177766516,-0.862164298387203],[30.76210128353424,-0.854988432123736],[30.767621080018408,-0.843126819527463],[30.769413880979826,-0.8310266750949],[30.7722093916776,-0.824801079357036],[30.774661242344077,-0.825973983585182],[30.779109978386213,-0.826527878949619],[30.78417331719998,-0.818068829789994],[30.786900042869497,-0.809092641350182],[30.78592183949689,-0.806146958710036],[30.78144286690165,-0.799867340726825],[30.77478734272282,-0.797660078499758],[30.774462784642147,-0.795923148223858],[30.769389968894394,-0.79220884489311],[30.77024468077286,-0.790565939187293],[30.769361547422772,-0.788783477607851],[30.770684767047182,-0.7801371853715],[30.769253023367554,-0.776504786054824],[30.769647659801556,-0.774854842020507],[30.768809993404368,-0.771790143807218],[30.76619745803969,-0.766978318684416],[30.76464728982672,-0.765791759365271],[30.77085159073747,-0.763102048144426],[30.764379064575024,-0.755086822886858],[30.75448022892439,-0.745673327977715],[30.75149160467478,-0.740743099708733],[30.747750397323898,-0.737379381523782],[30.750974495189286,-0.735223645974666],[30.75258708245514,-0.73517925873433],[30.75405660125907,-0.736418305179672],[30.758301766800557,-0.735290651515638],[30.76202301962368,-0.736847445959964],[30.763039685123978,-0.738944494249165],[30.766608733857566,-0.740411671676984],[30.77210956373379,-0.739673072561254],[30.773913613125817,-0.738137166710295],[30.77786258723429,-0.73805718436117],[30.779760098284868,-0.73635924348622],[30.78011796325061,-0.734279986536254],[30.78132844292956,-0.733042043163277],[30.784399060663645,-0.732591482909505],[30.785515391283784,-0.731687361937344],[30.78684398709762,-0.730178295969372],[30.786157650348464,-0.729111807116301],[30.790974357882735,-0.726717756751527],[30.7931455910704,-0.724052529004371],[30.795421621466975,-0.724550167633336],[30.799351871225934,-0.718070763751313],[30.802911885818812,-0.714366071457874],[30.803566485712462,-0.711825617309821],[30.806793754138265,-0.709313551820977],[30.808017211124373,-0.706701447193347],[30.807568256035857,-0.705001828807065],[30.81027306752234,-0.703375787305212],[30.815532864051395,-0.704925357821534],[30.82376788421227,-0.717061593201681],[30.822427479368233,-0.718492139471832],[30.819686473784508,-0.726431817005166],[30.81595073059121,-0.731286182090009],[30.814618221011646,-0.73609242729463],[30.809930002083522,-0.739336519683278],[30.814764795536014,-0.747801522907618],[30.810616950440593,-0.755487732948193],[30.812782249159365,-0.76622646095724],[30.812266092888585,-0.768878757541046],[30.82223124683731,-0.761082207115166],[30.830170286428835,-0.753156109115875],[30.8379800684538,-0.747247775250299],[30.847517245175315,-0.734770110115022],[30.85266460289509,-0.732599351477562],[30.857304308714156,-0.732642182659487],[30.864361419007555,-0.736452090424896],[30.86950266455079,-0.734803969067013],[30.8732855076485,-0.735488656660999],[30.880252353997875,-0.733375842166801],[30.883279025513975,-0.733604270316363],[30.89053076000267,-0.737487006433185],[30.893184036513144,-0.736770683442257],[30.893146720385,-0.73919570335857],[30.902116599739344,-0.74192476314788],[30.910560079512823,-0.7480160302256819],[30.90837433324391,-0.752677637764601],[30.906125989237662,-0.7539556308099427],[30.905037368305827,-0.754573859590397],[30.90503728679819,-0.7545744658913314],[30.905036739648647,-0.754574776899481],[30.905036778798337,-0.7545782446879453],[30.904312799084295,-0.7599636243781034],[30.90401097219684,-0.7611703679414409],[30.900859996153837,-0.7657020988456273],[30.90085954610815,-0.7657027037442001],[30.87891577063346,-0.78631403049271],[30.87891572614717,-0.7863140959619972],[30.878915518817085,-0.786314290702865],[30.870641190513634,-0.797560129004394],[30.87071352975156,-0.7975998513287658],[30.870713521846277,-0.7975998600714073],[30.87064118284102,-0.797560138017751],[30.863486415446328,-0.8055924883727934],[30.863481813559343,-0.805597577708707],[30.86348184444129,-0.8055976200440174],[30.863479755596906,-0.805599965099976],[30.869730830517017,-0.814165102631872],[30.869731558048475,-0.8141652010849075],[30.869731614694544,-0.814165278739633],[30.87813039040323,-0.8153017712388294],[30.879590645205575,-0.815499379901006],[30.886202252280295,-0.81739937546149],[30.88052257719113,-0.828592725089014],[30.874956877441896,-0.834407838256805],[30.869663184163286,-0.8341736126454411],[30.86964049806629,-0.834172596863738],[30.86814010318036,-0.8336975213199196],[30.863749019690754,-0.83230711722277],[30.8637488970937,-0.8323071176074034],[30.863748812703257,-0.832307090886547],[30.856367543580667,-0.832329965430359],[30.856367491842335,-0.8323302758764779],[30.85636635534253,-0.832330279442109],[30.855459766697226,-0.837776848754877],[30.850263023878018,-0.841688671979119],[30.84660702576355,-0.8421337996738],[30.846958151749707,-0.854410536073046],[30.8465075619139,-0.8564136585648976],[30.846186126816548,-0.857842322695088],[30.846186154575268,-0.8578424929901038],[30.846186073283825,-0.857842854375799],[30.84618669832293,-0.8578458287891596],[30.84717317216034,-0.8638976773324544],[30.847054216905605,-0.86670365048547],[30.844294264314012,-0.866980055394048],[30.844294201776275,-0.8669801187258214],[30.844294132725075,-0.866980125574417],[30.844293071812434,-0.8669812630367129],[30.842414626831598,-0.868883558467363],[30.842392604900613,-0.8690188572493537],[30.842319788866607,-0.869096927290225],[30.842357149853587,-0.8692366866795558],[30.842164805722568,-0.870418414415862],[30.843569411068934,-0.873773479471786],[30.83866416971833,-0.876500146042992],[30.83644495566358,-0.876005548136636],[30.833545696763935,-0.873891776211966],[30.833544668810486,-0.8738920464900435],[30.83354460481574,-0.873891999851218],[30.832412170246304,-0.8741898124396484],[30.82723128901244,-0.875552012860191],[30.825944383775678,-0.870375659452704],[30.824965671782063,-0.870477503774899],[30.82246280115315,-0.873351817063327],[30.820835406032746,-0.8724402560478908],[30.818619290805366,-0.8697540543047819],[30.81690980560022,-0.86768190670406],[30.815095480214467,-0.8623871789774712],[30.815642485163902,-0.8558310445099949],[30.81621456859705,-0.848974999879053],[30.815649447399316,-0.840260228702237],[30.809909018592993,-0.839843735066679],[30.80583444548648,-0.838237668258214],[30.80333573701601,-0.833508508101871],[30.801641923381208,-0.8330924781579719],[30.8016419134629,-0.833092475716672],[30.801641913456397,-0.8330924757202665],[30.801640499833088,-0.833092128509916],[30.795895232404924,-0.83626924268059],[30.804553223960525,-0.844542005397984],[30.799171691033433,-0.848409883323906],[30.79708693905278,-0.852584544614585],[30.804869646535693,-0.856083425299935],[30.80589293079496,-0.858074832665998],[30.802656138623234,-0.858347523965014],[30.800889797454005,-0.8624604666535338],[30.80088231297236,-0.862477874130885],[30.80088230909751,-0.8624779033648768],[30.800882276479946,-0.86247797931519],[30.79943880682796,-0.8733684749790963],[30.79893836659167,-0.877144070173435],[30.793800746012295,-0.885465381785269],[30.793688339773915,-0.892736246760161],[30.791233662163034,-0.898204885464178],[30.792724682392507,-0.900281119646219],[30.77884777922862,-0.907310562987311],[30.778847760984284,-0.9073105788267574],[30.778846983351738,-0.90731097273537],[30.77540060178483,-0.910301126867375],[30.775401495846808,-0.9103025723733391],[30.77540117575099,-0.910302850275526],[30.776116116514626,-0.911458677942745],[30.776116586061608,-0.911458719485249],[30.77611681190498,-0.911459084625418],[30.779102685014823,-0.911727245907843],[30.778228892420568,-0.913946734285849],[30.775183174745063,-0.917487655480276],[30.77562099552036,-0.924911571193621],[30.77678212828794,-0.9286430115641671],[30.776782127452403,-0.9286430210679317],[30.77662961175557,-0.930375261208493],[30.773628688269753,-0.936164340577011],[30.77920977979999,-0.9394956593077611],[30.78098320581473,-0.9421558346178524],[30.781231881263523,-0.942528872110513],[30.78141009543651,-0.9447007130731573],[30.78020544673521,-0.9457313570524453],[30.778732999969748,-0.94699053485009],[30.778222204000837,-0.9469480240709238],[30.770476080387336,-0.946302495796903],[30.76625509601869,-0.9508924597934649],[30.76381863110643,-0.95280415921674],[30.763019103714928,-0.9544113281118956],[30.76301851182847,-0.954411971738428],[30.763160055511293,-0.956496534431031],[30.764635242546547,-0.958114490514468],[30.765330407576784,-0.9585819869624546],[30.76741917253766,-0.96058895557151],[30.76924921609197,-0.9612173742179994],[30.769440979111142,-0.961346334287074],[30.76959452325817,-0.9613359492439842],[30.769605790137557,-0.961339818177638],[30.769389109947724,-0.9616101256157318],[30.76423319340213,-0.968041682738144],[30.76472559081251,-0.9687424942202564],[30.758230485016536,-0.9709046127169726],[30.75816242095668,-0.9709272598770742],[30.75480851523163,-0.958919719033073],[30.75445110716294,-0.954317940069332],[30.75479631471295,-0.948085577541286],[30.75684790309775,-0.942051774526487],[30.758715302667447,-0.939396015938431],[30.760700513025334,-0.938768147627756],[30.761084844020377,-0.937439204113605],[30.76070427239885,-0.934203842751475],[30.758324693556254,-0.928416516979379],[30.758397078124087,-0.922605461419396],[30.761889581460252,-0.917272686739422],[30.763054604536077,-0.916698238072624],[30.763584632534073,-0.914641612664597],[30.76646337720278,-0.91351841371754],[30.7673163278838,-0.91038905402062],[30.76622213781093,-0.907665348173299],[30.766697894288654,-0.906407629756404],[30.765032699666826,-0.908028896851565],[30.763599790555087,-0.908302924535239],[30.755041033017527,-0.907810379469963],[30.75411277712842,-0.906639640513103],[30.74928408633649,-0.905623860561502],[30.74996969386135,-0.902424862571965],[30.74731748668856,-0.893870471340702],[30.74786852112253,-0.887620809209816],[30.7489702678122,-0.885443035393406]]]}},{"type":"Feature","properties":{"n":"Kaberebere Town Council","c":"418303","d":"Isingiro","od":"Isingiro","dc":"418","k":"KABEREBERETOWNCOUNCIL","a":["KABEREBERE","KABEREBERETOWNCOUNCIL"],"lat":-0.693474,"lon":30.694609},"geometry":{"type":"Polygon","coordinates":[[[30.677251621034635,-0.6733598525517968],[30.67874738567771,-0.674553293935737],[30.67889966180009,-0.674470755124118],[30.678995788252976,-0.674535551533295],[30.682274140765397,-0.6726416733266899],[30.68228108746186,-0.6726379079821189],[30.68228495681883,-0.672638763403049],[30.685802491056236,-0.673512286962421],[30.68607754029836,-0.673477211577002],[30.686236198079975,-0.673512286962421],[30.687595024403418,-0.6732836959016224],[30.691456708789804,-0.672791238379568],[30.69143091597318,-0.6726383959777751],[30.694192356366422,-0.672173847581904],[30.697261979393858,-0.673506408547392],[30.69910594085013,-0.675380166526092],[30.70111179205328,-0.680777772661182],[30.7071125257677,-0.680865329390167],[30.707223461633593,-0.687370984987607],[30.70621496418873,-0.691672877712896],[30.709104010846364,-0.698625008665793],[30.708366845934403,-0.698847059227212],[30.711922923981277,-0.701891623270747],[30.71596831984749,-0.703407349251711],[30.716651863032247,-0.705788142460489],[30.716151824242118,-0.707976316412434],[30.713741452632643,-0.7113772141361335],[30.712812711518765,-0.7121299060678357],[30.708497297497413,-0.712446177651936],[30.708497187318617,-0.7124465830161015],[30.70849217257651,-0.712446781939894],[30.707589737962586,-0.715779008736186],[30.70508246473439,-0.7150961355356299],[30.70505948078089,-0.715089852518702],[30.705059443503348,-0.7150898655441731],[30.70505927305685,-0.715089819121891],[30.70240325248804,-0.7160177468508301],[30.701699964956838,-0.7159494866329993],[30.69990536231967,-0.715775105803195],[30.696197701864193,-0.716559753522812],[30.695328437256713,-0.7182143080574118],[30.69380382113421,-0.7176519189139892],[30.693437985782428,-0.717516869275936],[30.693437812408618,-0.717516908316479],[30.69343776925991,-0.717516892400102],[30.693414473404136,-0.7175221638242116],[30.691622042454572,-0.717925785783485],[30.690711118756685,-0.716374728614661],[30.68762802734896,-0.714388556017238],[30.687627932046826,-0.7143885479029931],[30.687627877715308,-0.714388512898229],[30.68753804766085,-0.7143808949377924],[30.68272144371747,-0.713970798101015],[30.68262133006898,-0.711916472027824],[30.679992146017216,-0.7060272126531196],[30.680931572820512,-0.7052285982247614],[30.68213354176339,-0.704207014928598],[30.68178934336769,-0.701424147691048],[30.68278377815557,-0.7003275685894982],[30.682965235715542,-0.700127835750359],[30.682965060132577,-0.7001276660620563],[30.68296635194515,-0.700126241559729],[30.6809200415938,-0.698151286880125],[30.682220350210063,-0.695275366549922],[30.682293688064657,-0.691304753643509],[30.682920150387847,-0.689714634367395],[30.68478693589736,-0.688520140747405],[30.682607323132846,-0.685375900443642],[30.67849724462842,-0.6846044925065593],[30.678471069468053,-0.684599558818907],[30.67847101247792,-0.6845995690752718],[30.678470070904947,-0.684599392354349],[30.674770030682552,-0.685265540867296],[30.670726238749776,-0.682750402702557],[30.67353542012371,-0.673813309457411],[30.677248554858437,-0.67335778572002],[30.677251621034635,-0.6733598525517968]]]}},{"type":"Feature","properties":{"n":"Kabingo","c":"418304","d":"Isingiro","od":"Isingiro","dc":"418","k":"KABINGO","a":["KABINGO"],"lat":-0.717777,"lon":30.869503},"geometry":{"type":"MultiPolygon","coordinates":[[[[30.8155328749911,-0.704925353201337],[30.818751117167263,-0.702575142891552],[30.823847644135352,-0.703101836769205],[30.82817862323508,-0.700699068262963],[30.832273099996442,-0.701328491625772],[30.834567401461737,-0.691904274493542],[30.834531785359076,-0.684122977976937],[30.835067147423363,-0.681339129559111],[30.836280669737214,-0.68033975656701],[30.842772341149512,-0.678431950678937],[30.84513280967336,-0.680446950731177],[30.854875984032667,-0.683266437204265],[30.86167243293361,-0.686467126058658],[30.86441279221324,-0.684617888415861],[30.85847772993843,-0.669057694607364],[30.862758527530186,-0.666720869996718],[30.86369513636889,-0.666920178299997],[30.865442037625346,-0.6709918509879145],[30.8655,-0.6717],[30.88145921923633,-0.6861392935947753],[30.88167569032286,-0.688336767592973],[30.883475966122663,-0.690607438651598],[30.884135518873435,-0.695597548730946],[30.88553877430223,-0.696094769942999],[30.89158374907415,-0.693323408471246],[30.91577455160284,-0.70476236272876],[30.91581709166644,-0.7070704716698819],[30.916060421182344,-0.7354843943016245],[30.91173986361271,-0.7454998687971807],[30.910560084576087,-0.7480160194271073],[30.90211699112495,-0.741925018116916],[30.902116925491743,-0.7419249981510925],[30.902116599739344,-0.74192476314788],[30.893146720385,-0.73919570335857],[30.893184036513144,-0.736770683442257],[30.89053076000267,-0.737487006433185],[30.883279025513975,-0.733604270316363],[30.880252353997875,-0.733375842166801],[30.8732855076485,-0.735488656660999],[30.86950266455079,-0.734803969067013],[30.869502034880625,-0.7348041709194318],[30.869502004617782,-0.734804165443037],[30.86931925605911,-0.7348627640515765],[30.864361419007555,-0.736452090424896],[30.857304308714156,-0.732642182659487],[30.8573042702195,-0.7326421823041258],[30.857304222491805,-0.732642156531527],[30.85266475990539,-0.732599322540729],[30.85266468943175,-0.7325993522764204],[30.85266460289509,-0.732599351477562],[30.847517245175315,-0.734770110115022],[30.8379800684538,-0.747247775250299],[30.830170286428835,-0.753156109115875],[30.822231260200756,-0.7610821937735013],[30.822223055809225,-0.7610886156226326],[30.812266092888585,-0.768878757541046],[30.812782249159365,-0.76622646095724],[30.810616950440593,-0.755487732948193],[30.811898504001153,-0.7531129360071048],[30.81476480602722,-0.747802511743085],[30.814764526221534,-0.7478020219637842],[30.814764795536014,-0.747801522907618],[30.809930002083522,-0.739336519683278],[30.814618221011646,-0.73609242729463],[30.81595073059121,-0.731286182090009],[30.819686473784508,-0.726431817005166],[30.822427479368233,-0.718492139471832],[30.82376788421227,-0.717061593201681],[30.815626151668432,-0.7050628390245323],[30.8155328749911,-0.704925353201337]]],[[[30.728895953373065,-0.773828897870799],[30.729766655482454,-0.771883527551094],[30.73021002664565,-0.767146926526033],[30.732022669252522,-0.762022088785037],[30.738693141133535,-0.760811370949602],[30.73757055690308,-0.756579602172966],[30.735264625589917,-0.753459187545589],[30.73537883503047,-0.74891649734158],[30.73396110326241,-0.74564277605084],[30.7376756151545,-0.743325990724672],[30.740431170514604,-0.742919269932392],[30.744892712232335,-0.739144047211774],[30.746895860101297,-0.738710494815416],[30.747750387874735,-0.737379387415641],[30.749292580353746,-0.7387659577318061],[30.75149160467478,-0.740743099708733],[30.75448022892439,-0.745673327977715],[30.764379048810188,-0.7550868078949722],[30.764481247773396,-0.7552133610161679],[30.77085159073747,-0.763102048144426],[30.76464728982672,-0.765791759365271],[30.76481262255965,-0.7659183114990186],[30.76092657836422,-0.767727080614698],[30.757714255033783,-0.768036542627687],[30.753336315640922,-0.772069285078507],[30.752682671443566,-0.774843364731],[30.74895733665824,-0.775036347343856],[30.747068209870946,-0.778247728732383],[30.742099976542445,-0.783044775402075],[30.741316486841868,-0.785383667904634],[30.741878605325976,-0.78601429577205],[30.741593028863267,-0.788512838365882],[30.738668149567005,-0.791137547066151],[30.73063843472008,-0.786228279499849],[30.728178574921714,-0.781814825234498],[30.726704219818124,-0.774951695061005],[30.728895953373065,-0.773828897870799]]]]}},{"type":"Feature","properties":{"n":"Kagarama","c":"418305","d":"Isingiro","od":"Isingiro","dc":"418","k":"KAGARAMA","a":["KAGARAMA"],"lat":-0.805103,"lon":30.756353},"geometry":{"type":"Polygon","coordinates":[[[30.700726293761022,-0.799761619519024],[30.708692662367337,-0.794800298839928],[30.7119769394577,-0.794633431419121],[30.715913655868267,-0.792111905668243],[30.71916225947948,-0.78674554169703],[30.719060778622122,-0.784719908232667],[30.71498018678864,-0.776356282435211],[30.711225120371477,-0.774561715421502],[30.708103620445932,-0.769138548008433],[30.703835735396446,-0.76634757148289],[30.7032176616662,-0.764000727646206],[30.70503757184497,-0.757348248145468],[30.70581125143435,-0.756598338147703],[30.710773170633587,-0.756389382848939],[30.71509145047918,-0.754854541092842],[30.718022980318434,-0.750663309119834],[30.721098347298238,-0.749491812339011],[30.723608174425145,-0.746636468959587],[30.726951907418524,-0.745707078787846],[30.73396109144339,-0.745642777420636],[30.735378821842186,-0.7489170219067676],[30.735264625589917,-0.753459187545589],[30.73757055690308,-0.756579602172966],[30.73767285614396,-0.7569652362498427],[30.738692917098664,-0.7608114116128445],[30.732022669252522,-0.762022088785037],[30.73021002664565,-0.767146926526033],[30.729766655483022,-0.771883527545024],[30.72976665078754,-0.7718835380407274],[30.728896035509024,-0.7738287143581462],[30.72879604928983,-0.7738800774604404],[30.726704219818124,-0.774951695061005],[30.726705487604434,-0.7749575966124463],[30.72764130504913,-0.78034153968707],[30.728023225281788,-0.7810916719055515],[30.728178574921714,-0.781814825234498],[30.73063843472008,-0.786228279499849],[30.738668149567005,-0.791137547066151],[30.739786507486727,-0.7901339624855287],[30.74159279049776,-0.788513387642076],[30.741592833227593,-0.7885130139241192],[30.741593028863267,-0.788512838365882],[30.741878605325976,-0.78601429577205],[30.741316812253714,-0.7853840329767392],[30.74197350489733,-0.7834223216318809],[30.742099976542445,-0.783044775402075],[30.747068209870946,-0.778247728732383],[30.74895733665824,-0.775036347343856],[30.752682671443566,-0.774843364731],[30.753336296174233,-0.7720693676955436],[30.754632287928032,-0.7708754991467425],[30.757714255033783,-0.768036542627687],[30.76092657836422,-0.767727080614698],[30.76481262255965,-0.7659183114990186],[30.764709348332133,-0.7658392613700952],[30.76470934833371,-0.7658392613713025],[30.76619734844363,-0.7669782347953067],[30.768810017797616,-0.7717902330527076],[30.769505470443256,-0.7743346260087522],[30.769647652476987,-0.7748548726439629],[30.769253023367554,-0.776504786054824],[30.76925330124568,-0.7765054910443653],[30.769253282596296,-0.776505569052114],[30.7706302508474,-0.7799988752747601],[30.770684767047182,-0.7801371853715],[30.7699311853557,-0.7850613018283086],[30.769361631658413,-0.788782257575111],[30.76936170995724,-0.7887824155615374],[30.769361547422772,-0.788783477607851],[30.77024468077286,-0.790565939187293],[30.769389968894394,-0.79220884489311],[30.774462784642147,-0.795923148223858],[30.774717831086207,-0.7972880746170931],[30.774786278180922,-0.797659358366246],[30.774787269622056,-0.7976596872880247],[30.77478734272282,-0.797660078499758],[30.77790656883139,-0.7986945499827146],[30.78144325561624,-0.799867885713218],[30.78592183949689,-0.806146958710036],[30.786900042869497,-0.809092641350182],[30.78542373765757,-0.8139525339037563],[30.784173237185364,-0.8180689634661304],[30.779109978386213,-0.826527878949619],[30.774661242344077,-0.825973983585182],[30.7722093916776,-0.824801079357036],[30.769413880979826,-0.8310266750949],[30.76766787259185,-0.842811002596739],[30.767620922191806,-0.8431271586845341],[30.76210128353424,-0.854988432123736],[30.76181177766516,-0.862164298387203],[30.760794100866118,-0.8649962239875272],[30.76066455818612,-0.865356670640914],[30.759112473176838,-0.864595959603835],[30.757744282366048,-0.86253772599825],[30.757089730483248,-0.85994461252186],[30.755590868709128,-0.859718061984891],[30.755505779086224,-0.857327711796082],[30.751135350902846,-0.856935536628546],[30.750653973590026,-0.850143806809544],[30.745468325962708,-0.850421595424778],[30.743998116606324,-0.851368235219766],[30.742441680374164,-0.855044696245102],[30.740948210806344,-0.855379082578564],[30.74014088554741,-0.851850329093411],[30.744747060689654,-0.845824159285964],[30.743429206449814,-0.844402218113627],[30.737566077664052,-0.845194376523508],[30.736232507278753,-0.843149569507961],[30.738333503046004,-0.841756791315388],[30.738614686100288,-0.839560284013473],[30.732096252605135,-0.83013549191916],[30.73177085069778,-0.824918488333725],[30.732633227641482,-0.824788399386746],[30.73281166942303,-0.823326174934346],[30.73227867551754,-0.820737608752627],[30.733848393349568,-0.818119696569007],[30.728102234934674,-0.816371516144807],[30.72722248216098,-0.799097993208214],[30.72593087171453,-0.79831326072978],[30.711545755479914,-0.804058706295551],[30.706120667212346,-0.808769946248552],[30.704845061459547,-0.812234691151581],[30.70257960093947,-0.808798495520681],[30.700374069972593,-0.80744236706352],[30.69928091698097,-0.803476233859479],[30.699566514475286,-0.800610725941638],[30.700726293761022,-0.799761619519024]]]}},{"type":"Feature","properties":{"n":"Kamubeizi","c":"418306","d":"Isingiro","od":"Isingiro","dc":"418","k":"KAMUBEIZI","a":["KAMUBEIZI"],"lat":-0.921728,"lon":30.681695},"geometry":{"type":"Polygon","coordinates":[[[30.660663659634544,-0.919790133462994],[30.666687022093537,-0.916734010417606],[30.666779623715552,-0.908969985589951],[30.667801053356676,-0.907115585510274],[30.67482374042414,-0.898658676516549],[30.67802263769474,-0.898852910109213],[30.67963296422733,-0.899739221488377],[30.677211353823534,-0.903273357542614],[30.68035284316994,-0.904158344791107],[30.681932729427565,-0.904015681489492],[30.68463841570684,-0.902169477389383],[30.690565527414726,-0.90131743515155],[30.691321224098687,-0.90058339757379],[30.69133532814094,-0.903743896938509],[30.696619098546478,-0.912780634151724],[30.69805065935743,-0.914223863523488],[30.700196664010853,-0.91479374386772],[30.701484234807285,-0.919765376999534],[30.705514339122562,-0.92381549468487],[30.706446953969895,-0.923665375280682],[30.70865489890972,-0.935773945445457],[30.704750108718688,-0.936673823225943],[30.7033222529409,-0.939216885425944],[30.699845862025253,-0.940423270951969],[30.692476142891262,-0.939466672224363],[30.683345291421265,-0.940431493246901],[30.66710629371156,-0.94512413069876],[30.664235201471943,-0.943321917481155],[30.665635401635466,-0.940587100083581],[30.668820256278224,-0.939191292304372],[30.670118419663336,-0.937427565197871],[30.668538784793224,-0.936717276500394],[30.6673299792616,-0.934686843201596],[30.66372246761317,-0.933519413216821],[30.663077468821985,-0.932402833246412],[30.65766157547778,-0.931995420388026],[30.65881194074475,-0.924837213730204],[30.660663659634544,-0.919790133462994]]]}},{"type":"Feature","properties":{"n":"Kamubeizi Town Council","c":"418307","d":"Isingiro","od":"Isingiro","dc":"418","k":"KAMUBEIZITOWNCOUNCIL","a":["KAMUBEIZI","KAMUBEIZITOWNCOUNCIL"],"lat":-0.966874,"lon":30.69213},"geometry":{"type":"Polygon","coordinates":[[[30.660914012669476,-0.943368891256273],[30.662605544075458,-0.941235212767039],[30.664245509550742,-0.9433017841359602],[30.664235201471943,-0.943321917481155],[30.66428757619111,-0.9433547936144442],[30.66471716530248,-0.943896132180002],[30.6671035556658,-0.9451224120001451],[30.66710629371156,-0.94512413069876],[30.683345291421265,-0.940431493246901],[30.692476142891262,-0.939466672224363],[30.69410918226223,-0.9396786427697797],[30.69984559155052,-0.940423292473458],[30.69984571029101,-0.9404232512566753],[30.699845862025253,-0.940423270951969],[30.7033222529409,-0.939216885425944],[30.704750108718688,-0.936673823225943],[30.70865489890972,-0.935773945445457],[30.708598145183537,-0.9354627028672529],[30.71007901385294,-0.934996809905194],[30.711006588094367,-0.937943413560017],[30.708723542550807,-0.939136936253344],[30.712623750194727,-0.95070866718129],[30.713188589971598,-0.958960674002798],[30.715148695417902,-0.97015814779693],[30.707861997051264,-0.977106814100368],[30.704906744696142,-0.978379485269844],[30.702233326357323,-0.975569793207275],[30.699789401588063,-0.975569161630449],[30.702353360470386,-0.984486621918607],[30.705068673762483,-0.98445241802124],[30.7070787551092,-0.986485071442185],[30.70862080671773,-0.990217672819134],[30.70596476923907,-0.991955489636007],[30.702369677320238,-0.997850690205022],[30.699643697451062,-0.99615071785032],[30.697751275388093,-0.996244423795022],[30.69477418280747,-0.993377438125411],[30.691761522516988,-0.995595194641325],[30.687618480946853,-0.995936846954021],[30.686708588638133,-0.997040750365502],[30.68229666074889,-0.998844200596656],[30.676414487694473,-0.998535943475277],[30.67365730887794,-0.999527979260487],[30.66832007937826,-0.999895457995412],[30.665890979797616,-0.991713646845287],[30.66605459977195,-0.986558760860046],[30.65812413233325,-0.98059796151383],[30.656815454521215,-0.972799397419329],[30.664042365170303,-0.971927841325798],[30.66950153077382,-0.970325830197246],[30.66888137644743,-0.967512253791481],[30.670490014485818,-0.966235383922479],[30.673053330295698,-0.965963578793485],[30.674578442667688,-0.961549305784896],[30.670793670445235,-0.961238713220084],[30.669288661903554,-0.959584991192734],[30.667902513141943,-0.955457035037813],[30.666445206384758,-0.954974784467265],[30.66446288767219,-0.950625628468799],[30.66041775011849,-0.951781629683619],[30.65629878914258,-0.950424490093794],[30.65625236185243,-0.945494964971996],[30.65517266934479,-0.941576569171299],[30.656610608597823,-0.939920852183132],[30.660914012669476,-0.943368891256273]]]}},{"type":"Feature","properties":{"n":"Kikagate","c":"418308","d":"Isingiro","od":"Isingiro","dc":"418","k":"KIKAGATE","a":["KIKAGATE"],"lat":-0.975849,"lon":30.644459},"geometry":{"type":"Polygon","coordinates":[[[30.62202005098553,-1.000284590827025],[30.623796053423032,-0.997474251936691],[30.624493445335187,-0.994075397489345],[30.623568349800415,-0.988642860553186],[30.624664197638314,-0.987296766856168],[30.62618335835876,-0.987442353825022],[30.627044337344543,-0.985219386595021],[30.631259462929698,-0.98065723537491],[30.63194385911093,-0.978898781710585],[30.6310098473603,-0.970840332134885],[30.62906580163485,-0.964448005785544],[30.633366863171283,-0.958647622000212],[30.63796994850911,-0.956036896056487],[30.638991677364125,-0.953635147065117],[30.63842992715263,-0.95066661678499],[30.639866346738614,-0.940681590726341],[30.63793613714943,-0.930480136779493],[30.639073163974793,-0.931261017453883],[30.640166037477155,-0.930882861166402],[30.647811134745588,-0.926991845740534],[30.64949264310119,-0.928955213472726],[30.65810808832509,-0.9292169713786653],[30.65766157547778,-0.931995420388026],[30.663077468821985,-0.932402833246412],[30.663672441133546,-0.9334328106279483],[30.663722100121287,-0.933519026463888],[30.663722277342266,-0.9335190838322024],[30.66372246761317,-0.933519413216821],[30.666406840614474,-0.9343881055004366],[30.667330047176414,-0.9346869572782611],[30.668538784793224,-0.936717276500394],[30.670118419663336,-0.937427565197871],[30.668820489847455,-0.9391909749695955],[30.668005014658178,-0.9395485835226021],[30.665635401635466,-0.940587100083581],[30.664269259870814,-0.9432553959193131],[30.664245504703473,-0.9433017780277649],[30.662605544075458,-0.941235212767039],[30.660990065354497,-0.9432729592638189],[30.66074214801941,-0.9432311872389761],[30.656636307642223,-0.939941443163612],[30.656613276871116,-0.9399217566401],[30.656612644783948,-0.9399224836472472],[30.656610608597823,-0.939920852183132],[30.65517266934479,-0.941576569171299],[30.65517311496414,-0.9415781864030344],[30.655173099311742,-0.941578204405938],[30.65529736713277,-0.9420291195829392],[30.65625236185243,-0.945494964971996],[30.65629878914258,-0.950424490093794],[30.66041775011849,-0.951781629683619],[30.660417954388112,-0.9517815713083657],[30.660418115596773,-0.95178162446258],[30.660662667406868,-0.9517116383225999],[30.664462037492278,-0.9506258714293907],[30.665891871009425,-0.9537607809614052],[30.666445206384758,-0.954974784467265],[30.667902513141943,-0.955457035037813],[30.669288661903554,-0.959584991192734],[30.670793670445235,-0.961238713220084],[30.674578442667688,-0.961549305784896],[30.673053330295698,-0.965963578793485],[30.670784358550513,-0.966204172697485],[30.670490914058146,-0.96623506124839],[30.670490583965687,-0.9662353235368062],[30.670490014485818,-0.966235383922479],[30.66888137644743,-0.967512253791481],[30.668881701154266,-0.9675137269530096],[30.66888107527143,-0.96751422427373],[30.668972573698525,-0.9679260063414973],[30.66950153077382,-0.970325830197246],[30.664042365170303,-0.971927841325798],[30.656815454521215,-0.972799397419329],[30.65812413233325,-0.98059796151383],[30.66605459977195,-0.986558760860046],[30.665890979797616,-0.991713646845287],[30.66832007937826,-0.999895457995412],[30.67361036067164,-0.9995312117367107],[30.673656104094754,-0.999528090687163],[30.673656202007457,-0.9995280554706938],[30.67365730887794,-0.999527979260487],[30.676154212529234,-0.9986295907484856],[30.676414569122407,-0.9985359477425334],[30.68229666074889,-0.998844200596656],[30.686708588638133,-0.997040750365502],[30.687618480946853,-0.995936846954021],[30.691761522516988,-0.995595194641325],[30.691762187843157,-0.9955947048644151],[30.691762632716543,-0.99559466815679],[30.694087380622275,-0.9938830245090393],[30.69477418280747,-0.993377438125411],[30.697751275388093,-0.996244423795022],[30.699643697451062,-0.99615071785032],[30.702369677320238,-0.997850690205022],[30.70594046641239,-0.9919953412005618],[30.705964791069455,-0.9919554753526211],[30.708228411640853,-0.9904744127066293],[30.710995888873924,-0.989597555550222],[30.712751788855282,-0.987884595995695],[30.71465060441781,-0.994680449351193],[30.714393612409605,-1.001019211556398],[30.713336157095107,-1.003135346415843],[30.71659499876459,-1.009276842353943],[30.71757613537174,-1.014083114850634],[30.70553590926005,-1.014311208534294],[30.704170394669028,-1.014738289476814],[30.69990263598219,-1.014935262954668],[30.69936989211866,-1.014840287606735],[30.69916482580655,-1.0149693157320052],[30.6985,-1.015],[30.696872635414863,-1.0163727006615073],[30.694867733504033,-1.013723366029588],[30.69549673209103,-1.012473319794154],[30.69516369225829,-1.008774421650753],[30.693902520962165,-1.006739534940467],[30.69441335593056,-1.005156274894895],[30.69321685754513,-1.003310001651843],[30.691577284017253,-1.004671148341295],[30.689058521888562,-1.004945878930406],[30.688355895546604,-1.006678894891073],[30.685930548147812,-1.006830978167494],[30.684537521381497,-1.00805929459125],[30.681681547793545,-1.017482923117059],[30.67822509658865,-1.022118026767846],[30.67706562745515,-1.019606696929036],[30.673682482411323,-1.017145171909231],[30.671484871649486,-1.024925078341307],[30.669678484250163,-1.028072212756913],[30.664553823447587,-1.027129547862867],[30.6627460194355,-1.025716402393114],[30.656042146984454,-1.025320824672865],[30.651978719737887,-1.009359040807971],[30.647836691932838,-1.008966986153022],[30.644686990610808,-1.0076887963795],[30.642936777346925,-1.004854970319325],[30.636895935719743,-1.006029039962691],[30.628345780914415,-1.011013375905234],[30.62203674751522,-1.0103295669461],[30.621361659991813,-1.00731681747629],[30.622460755685797,-1.004613784613568],[30.62202005098553,-1.000284590827025]]]}},{"type":"Feature","properties":{"n":"Kikagate Town Council","c":"418309","d":"Isingiro","od":"Isingiro","dc":"418","k":"KIKAGATETOWNCOUNCIL","a":["KIKAGATE","KIKAGATETOWNCOUNCIL"],"lat":-1.035294,"lon":30.645928},"geometry":{"type":"Polygon","coordinates":[[[30.614437086981358,-1.056052310589768],[30.61522154076786,-1.056485973184551],[30.61607745756487,-1.055456973464029],[30.618495965268018,-1.056941234337584],[30.621349234536606,-1.056038923640404],[30.622350594178748,-1.054455185644234],[30.622069792136312,-1.052233152154724],[30.620932761357793,-1.051447175581567],[30.62143539765243,-1.050202259073663],[30.618650077591667,-1.047675977357162],[30.6189388245747,-1.046095936511432],[30.618014336394243,-1.045379469974163],[30.61752334197724,-1.042224336243962],[30.618070746677947,-1.041528590146646],[30.616121476452303,-1.037640277792885],[30.617335298763905,-1.036591455981375],[30.617560927875246,-1.032949369997461],[30.618165139088575,-1.033020733391065],[30.618289230923047,-1.031299654988233],[30.618869159558063,-1.031192002879338],[30.61760677127563,-1.027607615855915],[30.61953609736916,-1.021871471526337],[30.618108736444924,-1.020239307797422],[30.61858460343672,-1.017348376579678],[30.62044111275832,-1.015800592344161],[30.620274044680748,-1.014183586415768],[30.621546636844506,-1.013708486749626],[30.62203674465626,-1.010329578193819],[30.62209434489086,-1.0103358096775923],[30.628345780914415,-1.011013375905234],[30.636895935719743,-1.006029039962691],[30.642936777346925,-1.004854970319325],[30.644686990610808,-1.0076887963795],[30.647836691932838,-1.008966986153022],[30.65197796875176,-1.0093589697250083],[30.654409502523286,-1.0189075394247076],[30.656042146984454,-1.025320824672865],[30.6627460194355,-1.025716402393114],[30.664553823447587,-1.027129547862867],[30.669678484250163,-1.028072212756913],[30.671484871649486,-1.024925078341307],[30.673682482411323,-1.017145171909231],[30.676890703780128,-1.0194794251162578],[30.67706587121414,-1.0196072248941221],[30.67822509658865,-1.022118026767846],[30.681589352703313,-1.0176065568020123],[30.68168149248638,-1.017483043212755],[30.68168151592673,-1.017482965850481],[30.681681547793545,-1.017482923117059],[30.684537521381497,-1.00805929459125],[30.685930548147812,-1.006830978167494],[30.688355895546604,-1.006678894891073],[30.689058521888562,-1.004945878930406],[30.690458588019187,-1.0047931686015983],[30.691576351741954,-1.004671385306052],[30.69157653923613,-1.0046712295772933],[30.691577284017253,-1.004671148341295],[30.69321685754513,-1.003310001651843],[30.69441335593056,-1.005156274894895],[30.693902520962165,-1.006739534940467],[30.693903152377615,-1.006740553722697],[30.695203181299014,-1.0092130056429958],[30.695496269212732,-1.0124681788485297],[30.695496695600013,-1.0124733923149178],[30.694867733504033,-1.013723366029588],[30.694868288334785,-1.0137240991987875],[30.69486814036324,-1.013724393527475],[30.696872624457338,-1.016372709904306],[30.68848541621503,-1.023447416093427],[30.677977628097384,-1.030987992473681],[30.675979031278235,-1.0339966949904957],[30.6723,-1.0371],[30.671218994840107,-1.041424020639576],[30.66889362116362,-1.045055895355844],[30.668938197995978,-1.0505472080160982],[30.6689,-1.0507],[30.663846766658477,-1.0566209602789571],[30.66152589577519,-1.056558143591453],[30.661376835001878,-1.059134524754537],[30.658722701911593,-1.06235688165916],[30.653439728048397,-1.0634405686054569],[30.6499544741041,-1.063943857440252],[30.649883009912156,-1.064170151812891],[30.639045526137668,-1.0663932254076582],[30.634624544798594,-1.066139202376535],[30.632277920523222,-1.0677814522003648],[30.629674898039184,-1.068315405530424],[30.622100165430588,-1.067600539524682],[30.61280762502142,-1.0658080698010866],[30.610887751047574,-1.0650074302724],[30.607748423379444,-1.0648321831899437],[30.607266627764837,-1.0647392479952478],[30.606762991237158,-1.061795419991537],[30.611084998846994,-1.057342358335823],[30.614437086981358,-1.056052310589768]]]}},{"type":"Feature","properties":{"n":"Masha","c":"418310","d":"Isingiro","od":"Isingiro","dc":"418","k":"MASHA","a":["MASHA"],"lat":-0.671197,"lon":30.740458},"geometry":{"type":"MultiPolygon","coordinates":[[[[30.673605763881355,-0.6344906803234709],[30.6872,-0.6285],[30.687416007904663,-0.6282676896119667],[30.687696586450155,-0.628231272229871],[30.690220058839486,-0.6252520121914958],[30.702839566365036,-0.6116800890036415],[30.703138630673696,-0.6114381416778285],[30.713471984809573,-0.6216406938626158],[30.713883930943943,-0.622521132670118],[30.714424863776944,-0.6225815110709074],[30.717510028451805,-0.6256276230283634],[30.71864971560918,-0.627023860781204],[30.718783121120932,-0.6268846006004141],[30.7189,-0.627],[30.720469259513944,-0.6255531139343934],[30.722569292175418,-0.625795764098539],[30.722083983617345,-0.625072682373278],[30.723197584268846,-0.624054937415708],[30.722597040579373,-0.6235912607502117],[30.724647898174442,-0.621700332417144],[30.725467510628388,-0.622811727271267],[30.726566041960048,-0.622522015558563],[30.727128302287614,-0.621616471274945],[30.726357536326873,-0.620732438672958],[30.727590079451357,-0.620289841097561],[30.72834676548904,-0.618405324177007],[30.72995093220459,-0.618189934964205],[30.73108142115848,-0.6157685061795687],[30.74013306818659,-0.6074227215343816],[30.740224158926594,-0.607429517337598],[30.740304057636752,-0.6072650661239126],[30.7407,-0.6069],[30.742831305850434,-0.60742098587455],[30.74313269923573,-0.608102010196828],[30.74421368136791,-0.6077588998899337],[30.745499276990543,-0.6080731565976886],[30.745693535586796,-0.608774137305133],[30.745940277951618,-0.6081809568326176],[30.75407289306994,-0.6101689294170961],[30.754005301992144,-0.61036804196055],[30.754505432311426,-0.6100994779734557],[30.756842610239858,-0.6093302801742241],[30.757334386636945,-0.610436858882956],[30.758143562792775,-0.609431785167402],[30.759206073964503,-0.610347719153259],[30.760468946654154,-0.6081368023669877],[30.77033960064232,-0.6048882326999958],[30.77107152091945,-0.605546722477337],[30.771826991014898,-0.6043987118178814],[30.77314777600049,-0.6039640230884469],[30.773850744664625,-0.604321965288977],[30.77499348418123,-0.603783097989022],[30.775171459813098,-0.603298000567841],[30.776640057028683,-0.6028146647753697],[30.777743114406046,-0.603183347449159],[30.777807568095284,-0.6024304206268688],[30.7779,-0.6024],[30.778103948033333,-0.6024397947382117],[30.778336501229706,-0.60307863638615],[30.778946051840396,-0.6026041076761753],[30.780966643807172,-0.6029983695233508],[30.781183430414696,-0.603129348128306],[30.781441239684632,-0.6030909735970016],[30.783793366830498,-0.6035499252352191],[30.784088085768232,-0.603872562488504],[30.784869546933,-0.6037599115966822],[30.78539971143911,-0.6038633583295818],[30.784848284387444,-0.604839466962903],[30.78690781382217,-0.60799553642498],[30.788095021308223,-0.60833029910742],[30.78923305185264,-0.607056802577136],[30.790094960086016,-0.6070800837304402],[30.79425418248671,-0.6102868124515854],[30.79165847695666,-0.611476453846487],[30.790565997691544,-0.61080646314967],[30.788355407945133,-0.610996846091228],[30.783485267190088,-0.612979520780927],[30.78146246576044,-0.617643518735099],[30.777880588924567,-0.622579694317807],[30.781978313861966,-0.634052542930515],[30.782994572302442,-0.639219929848134],[30.782587598997186,-0.646627855749597],[30.783209403053235,-0.651172579650692],[30.784841460853844,-0.654432648013599],[30.783499776339735,-0.655372621753662],[30.783594610405483,-0.656079068540212],[30.786124923505977,-0.65982778040082],[30.786784930594745,-0.665914046360106],[30.78851727132473,-0.670219742602791],[30.801723984238922,-0.680870504112672],[30.807171248629817,-0.687216579440584],[30.809406140691852,-0.68176342329181],[30.808994716160473,-0.674506531417339],[30.815916061647393,-0.683751525625224],[30.822138737852534,-0.690499696539522],[30.834453205333723,-0.6923733536979746],[30.832273099996442,-0.701328491625772],[30.82817862323508,-0.700699068262963],[30.82784043153769,-0.7008866924331213],[30.82713675845773,-0.700815926941515],[30.82385436317482,-0.7030981091371713],[30.82384778156284,-0.7031017605262975],[30.82291426186881,-0.7030053776062544],[30.818751117167263,-0.702575142891552],[30.818433019080732,-0.7028074428123056],[30.81552581234423,-0.7049232803424054],[30.81038731880502,-0.7034094464815922],[30.810274563805528,-0.703375920362208],[30.810274220153914,-0.7033761268780258],[30.81027306752234,-0.703375787305212],[30.807568256035857,-0.705001828807065],[30.807971921532715,-0.7065299934674496],[30.80801716234269,-0.706701551343194],[30.806793754138265,-0.709313551820977],[30.804988468649107,-0.7107187635283657],[30.803567614777656,-0.711824515009732],[30.803567542670656,-0.7118247945867473],[30.803566485712462,-0.711825617309821],[30.80291189449777,-0.7143660377754752],[30.80262230992985,-0.7146674156058326],[30.799351871225934,-0.718070763751313],[30.7993514132454,-0.7180715187773365],[30.79935125401439,-0.718071684492992],[30.798788108951708,-0.7190001813945118],[30.795421621466975,-0.724550167633336],[30.7931455910704,-0.724052529004371],[30.791750830390022,-0.725764622798399],[30.790973865962695,-0.7267180012507708],[30.786157650348464,-0.729111807116301],[30.786803697957097,-0.73011569125045],[30.78684392794873,-0.7301783631527649],[30.785515391283784,-0.731687361937344],[30.784399060663645,-0.732591482909505],[30.78132844292956,-0.733042043163277],[30.78011796325061,-0.734279986536254],[30.779760098284868,-0.73635924348622],[30.778867107629935,-0.7371583141074387],[30.77786244658454,-0.7380571872098839],[30.773913613125817,-0.738137166710295],[30.77210956373379,-0.739673072561254],[30.768564424882637,-0.7401490800873035],[30.76660860491955,-0.7404116186726799],[30.76304039627888,-0.7389447865932873],[30.762658136670243,-0.7381574846261215],[30.76202301962368,-0.736847445959964],[30.758793801348393,-0.7354964952695825],[30.758302212540507,-0.735290744337368],[30.758302075608487,-0.7352907807061269],[30.758301766800557,-0.735290651515638],[30.75405660125907,-0.736418305179672],[30.75258708245514,-0.73517925873433],[30.751323535645547,-0.7352140384681781],[30.75097644657269,-0.735223542577946],[30.750976369029946,-0.7352235943963004],[30.750974495189286,-0.735223645974666],[30.747788100351848,-0.7373541720664217],[30.7477503895311,-0.737379372524954],[30.741493309773592,-0.731470486018091],[30.741486549430007,-0.7314682191894893],[30.741486748034827,-0.731468106750104],[30.741482000435365,-0.731466693854121],[30.73374299366381,-0.7288717071226204],[30.72696440249753,-0.7208720756953676],[30.72507064985586,-0.717866838856522],[30.722682440320266,-0.715818795690234],[30.72245793436759,-0.71555384906186],[30.719961319725446,-0.7134852598945636],[30.719959978774128,-0.713484109942626],[30.71995989737851,-0.7134840813981246],[30.719959355909463,-0.713483632759803],[30.71408120720523,-0.7114224927962405],[30.713805066945213,-0.711325653603191],[30.716144354415494,-0.7079868559144211],[30.716151824242118,-0.707976316412434],[30.716651863032247,-0.705788142460489],[30.71596831984749,-0.703407349251711],[30.711922993136675,-0.7018916491818408],[30.71150780219803,-0.7015362135079982],[30.708366845934403,-0.698847059227212],[30.709104010846364,-0.698625008665793],[30.70621496418873,-0.691672877712896],[30.707173926905632,-0.6875822825837891],[30.707223447261196,-0.687371126915579],[30.707223445974254,-0.6873710517848],[30.707223461633593,-0.687370984987607],[30.7071125257677,-0.680865329390167],[30.70111179205328,-0.680777772661182],[30.69910594085013,-0.675380166526092],[30.69809632180978,-0.6743542330794501],[30.69786876959399,-0.673869389352219],[30.69741196220735,-0.6736588149290412],[30.697261979393858,-0.673506408547392],[30.694192356366422,-0.672173847581904],[30.691430926781976,-0.672638394159445],[30.690952050275236,-0.6698007460818289],[30.688258038569106,-0.653836641594023],[30.68315841701505,-0.646911429055471],[30.682984543287514,-0.6467700797615308],[30.682911510198025,-0.646672214280535],[30.681631696385836,-0.645670293398908],[30.670538072765908,-0.63665181839325],[30.67033055837419,-0.6368230329207115],[30.669603945547774,-0.6362541934874207],[30.67272310312977,-0.6348796494682374],[30.67358713578237,-0.634681056673029],[30.673605763881355,-0.6344906803234709]]],[[[30.724273036036575,-0.717184452118009],[30.724273040068795,-0.717184447404293],[30.72427303603658,-0.717184452118011],[30.724273036036575,-0.717184452118009]]]]}},{"type":"Feature","properties":{"n":"Ntungu","c":"418311","d":"Isingiro","od":"Isingiro","dc":"418","k":"NTUNGU","a":["NTUNGU"],"lat":-0.832659,"lon":30.705736},"geometry":{"type":"Polygon","coordinates":[[[30.6813069575956,-0.841740569939557],[30.681224236879025,-0.839336116860785],[30.6787171430462,-0.837449045973406],[30.67749811548103,-0.834898905172679],[30.677763805335687,-0.830418911945695],[30.680348769513166,-0.822282815659659],[30.689132797539795,-0.821297079931562],[30.698716687605152,-0.815969177511317],[30.704037328112026,-0.81417019635438],[30.704806520406702,-0.8121762330163689],[30.704845061459547,-0.812234691151581],[30.706120667212346,-0.808769946248552],[30.711545676130388,-0.8040587752040438],[30.712177617639252,-0.8038063392251477],[30.72593087171453,-0.79831326072978],[30.727158317293824,-0.7990590091202717],[30.727222486591913,-0.7990980802075011],[30.728102234934674,-0.816371516144807],[30.733425920067393,-0.8179911655630165],[30.73384824732541,-0.8181199401022118],[30.73230760496382,-0.820689361387187],[30.732278923771446,-0.820737163126804],[30.732278928611983,-0.820737186651913],[30.73227867551754,-0.820737608752627],[30.732768972638624,-0.8231188114897654],[30.732811658401896,-0.8233262652459791],[30.732633227641482,-0.824788399386746],[30.73177085069778,-0.824918488333725],[30.73177109126644,-0.8249223452489273],[30.731770616582033,-0.824922418157916],[30.732000995906922,-0.8286082896351845],[30.732096252605135,-0.83013549191916],[30.738614686100288,-0.839560284013473],[30.73833706888564,-0.8417289361773017],[30.73705013632913,-0.8426075522755943],[30.736232507278753,-0.843149569507961],[30.7362398155074,-0.8431607754535709],[30.735679710966693,-0.843543170679879],[30.733660823040232,-0.844739337049558],[30.72878531068795,-0.845556690157116],[30.728398626190273,-0.846370095617735],[30.729285741649814,-0.859126033673347],[30.726624057427664,-0.866065947187855],[30.7273647424484,-0.869753095937257],[30.723677302339254,-0.866088283444725],[30.722466207266578,-0.863456509098136],[30.720590594457235,-0.862283355436217],[30.72054361257057,-0.861087230953494],[30.716090015667262,-0.85539920803254],[30.713188664591605,-0.855359245606726],[30.712876551931984,-0.854035967470181],[30.710965958467934,-0.85343554194302],[30.707704938400077,-0.850253326724504],[30.70659260902966,-0.852185923946026],[30.70212881545106,-0.853884941390933],[30.700617762935362,-0.85701487395042],[30.69422305372118,-0.857717153513702],[30.686980945412934,-0.848658340625202],[30.686479489136353,-0.849264682160875],[30.68469566714961,-0.848264809739966],[30.678622926753306,-0.850803987048571],[30.678283965112616,-0.850268627967422],[30.679498889018845,-0.849764857301425],[30.67670857261515,-0.847545758813326],[30.680577726619745,-0.843648485416735],[30.6813069575956,-0.841740569939557]]]}},{"type":"Feature","properties":{"n":"Nyakitunda","c":"418312","d":"Isingiro","od":"Isingiro","dc":"418","k":"NYAKITUNDA","a":["NYAKITUNDA"],"lat":-0.894093,"lon":30.711736},"geometry":{"type":"Polygon","coordinates":[[[30.676052247904536,-0.894316071940443],[30.676679803232936,-0.890223843204233],[30.684577185009967,-0.887752340303909],[30.690360215031287,-0.880577702786623],[30.693170167917863,-0.875380043345471],[30.68772180016966,-0.870074361789146],[30.687944352946946,-0.864749185984826],[30.693914645015667,-0.857635198497831],[30.6941408020426,-0.8576142687549684],[30.69422305372118,-0.857717153513702],[30.700617762935362,-0.85701487395042],[30.70212881545106,-0.853884941390933],[30.706458051279434,-0.8522371395681099],[30.706592350288055,-0.852186025426718],[30.70659235220661,-0.8521860216984943],[30.70659260902966,-0.852185923946026],[30.707683803120002,-0.8502900478474329],[30.71095656053088,-0.8534263711137423],[30.710965958467934,-0.85343554194302],[30.710966214149273,-0.8534356222937624],[30.71096653026496,-0.853435925231274],[30.711017900586153,-0.8534518653390226],[30.712876551931984,-0.854035967470181],[30.713188664591605,-0.855359245606726],[30.71319465826635,-0.8553593281619826],[30.713195168030804,-0.855361459725557],[30.715220077150253,-0.8553872257344513],[30.716089843026747,-0.8553992056546362],[30.71996111393775,-0.8603432782234102],[30.72054361257057,-0.861087230953494],[30.720590594457235,-0.862283355436217],[30.722466207266578,-0.863456509098136],[30.723677302339254,-0.866088283444725],[30.723677875595428,-0.8660888531831693],[30.72367788703409,-0.866088878050503],[30.723697316940076,-0.8661081752278985],[30.7273647424484,-0.869753095937257],[30.726624057427664,-0.866065947187855],[30.728391437258423,-0.8614577885375261],[30.72928560669774,-0.859126727336737],[30.729285595167113,-0.8591264156034293],[30.729285741649814,-0.859126033673347],[30.729285398564933,-0.8591211004152725],[30.728783786535626,-0.8455598962691547],[30.72878520821933,-0.8455569057037347],[30.73001125606462,-0.8453511670877609],[30.733660823040232,-0.844739337049558],[30.735679710966693,-0.843543170679879],[30.73623981313185,-0.8431607770754088],[30.736242252204043,-0.8431645117200969],[30.737566077664052,-0.845194376523508],[30.743429206449814,-0.844402218113627],[30.744747060689654,-0.845824159285964],[30.74014088554741,-0.851850329093411],[30.740948210806344,-0.855379082578564],[30.742441680374164,-0.855044696245102],[30.74399808117007,-0.8513683189238126],[30.744459310045585,-0.8510712815506205],[30.745468325962708,-0.850421595424778],[30.749366796371987,-0.8502127592726996],[30.7506539785867,-0.8501438773073817],[30.751135350902846,-0.856935536628546],[30.755505779086224,-0.857327711796082],[30.755563052928423,-0.8589366569863206],[30.75558990826221,-0.859716028397806],[30.755590801152383,-0.8597161641709092],[30.755590868709128,-0.859718061984891],[30.757089730483248,-0.85994461252186],[30.75754578431246,-0.8617513437551925],[30.7577440420496,-0.862537316711499],[30.757744226916582,-0.8625375063262016],[30.757744282366048,-0.86253772599825],[30.759112473176838,-0.864595959603835],[30.76033561941643,-0.8651954505072684],[30.760885609720233,-0.8657595655642183],[30.762665387683814,-0.869003543918981],[30.760605959491734,-0.8794169446195992],[30.760472642123133,-0.8800909689848534],[30.756645324873375,-0.879528287639788],[30.75433735689675,-0.8777942857227309],[30.753794995664936,-0.877386682015525],[30.753794775038756,-0.8773866379600878],[30.7537944750472,-0.877386412573107],[30.750659577985257,-0.87675617466489],[30.7489702678122,-0.885443035393406],[30.74786852112253,-0.887620809209816],[30.74731748668856,-0.893870471340702],[30.74996969386135,-0.902424862571965],[30.749967901336728,-0.9024332263696913],[30.745535655835845,-0.919453089915018],[30.73821860734093,-0.918558324476693],[30.73824097594213,-0.917676168017172],[30.736926197411833,-0.917526938004521],[30.73512021888964,-0.920810580677803],[30.735433175232007,-0.924062559638627],[30.73442688357721,-0.932432722991875],[30.738347280501298,-0.932302326672618],[30.736648416653285,-0.936706924607631],[30.737878516213385,-0.940519293844956],[30.737056923487867,-0.945068122999348],[30.727658138474762,-0.9448554329163],[30.725034448133652,-0.93790046206386],[30.72138192225375,-0.934901055424183],[30.718053314020676,-0.934360116789025],[30.717939771972,-0.935154698980581],[30.71604786364844,-0.93565967204479],[30.714413446420163,-0.937276372282186],[30.71100659886403,-0.937943409335775],[30.71098360637999,-0.9378704080791003],[30.71007901385294,-0.934996809905194],[30.710073982029854,-0.9349983929564194],[30.708618367261558,-0.935017015611909],[30.706447762359005,-0.923668393663257],[30.706447511645095,-0.9236684336220214],[30.706446953969895,-0.923665375280682],[30.705514339122562,-0.92381549468487],[30.701484234807285,-0.919765376999534],[30.700196664010853,-0.91479374386772],[30.69805065935743,-0.914223863523488],[30.696619098546478,-0.912780634151724],[30.69133532814094,-0.903743896938509],[30.691321224098687,-0.90058339757379],[30.690565527414726,-0.90131743515155],[30.68463841570684,-0.902169477389383],[30.681932782632728,-0.9040156451853606],[30.67984637666784,-0.9040156683893362],[30.677211353823534,-0.903273357542614],[30.67963296422733,-0.899739221488377],[30.679630187317848,-0.8997376930986848],[30.679630429337717,-0.899737339719768],[30.67862860821878,-0.898947984961998],[30.67812593050152,-0.8989097616782465],[30.67802263769474,-0.898852910109213],[30.67482447178844,-0.8986587209242004],[30.67482374629126,-0.898658665757871],[30.67371721611845,-0.897472994745583],[30.674543950885763,-0.894857210029337],[30.676052247904536,-0.894316071940443]]]}},{"type":"Feature","properties":{"n":"Nyamuyanja","c":"418313","d":"Isingiro","od":"Isingiro","dc":"418","k":"NYAMUYANJA","a":["NYAMUYANJA"],"lat":-0.791069,"lon":30.685967},"geometry":{"type":"Polygon","coordinates":[[[30.6464378340314,-0.7546806082756576],[30.646443375961844,-0.754681861152856],[30.64592285743705,-0.754053283388639],[30.645927663802638,-0.754050394580833],[30.647689424521108,-0.7533012357071605],[30.64892098007517,-0.7533481485782024],[30.651517550698408,-0.7537805454372835],[30.65335333703125,-0.754461762059368],[30.654399026564267,-0.7542603864640453],[30.65494111297883,-0.7543506580171889],[30.656717177675695,-0.756544438648072],[30.653231989227823,-0.761813113440613],[30.654145700983797,-0.768309040071334],[30.656216583123822,-0.7726719260229875],[30.655957785027198,-0.7772640902556937],[30.65595658805851,-0.77727500031826],[30.658155067306826,-0.7798341390696065],[30.658349286429324,-0.780060511687371],[30.658349532987238,-0.7800605067548734],[30.658350325412652,-0.780061429177308],[30.65835370081465,-0.7800604233756853],[30.6597348896104,-0.780032792097049],[30.660619798297304,-0.7793851720939003],[30.66117711946692,-0.77921910164149],[30.661456900133317,-0.7787725395119185],[30.661919104155306,-0.778434275717464],[30.663668978796885,-0.7752418074870377],[30.66366965512063,-0.775240727996539],[30.668189712361773,-0.7740219594302088],[30.66941971142725,-0.773690331454975],[30.6694197532071,-0.7736902965689638],[30.669419881940343,-0.773690261857893],[30.672013657264014,-0.771524879762386],[30.671840885709777,-0.767706314907282],[30.671840486506298,-0.7677057956797723],[30.67184048225936,-0.767705701807695],[30.67112757204198,-0.7667785372201177],[30.666529211212637,-0.7607976388193235],[30.666099460990868,-0.7562417700582162],[30.666264171380657,-0.755174784207881],[30.670836276802792,-0.755484226183585],[30.674000034732448,-0.7517368093078581],[30.6766157115516,-0.748638898582489],[30.676615711582727,-0.7486385850479381],[30.676616084933496,-0.748638142820371],[30.67661613396211,-0.744497775254158],[30.674302846214278,-0.7389612328671741],[30.679153863454587,-0.7394897849935039],[30.680894695665792,-0.7396796519962571],[30.682707070186456,-0.741963157769536],[30.68270722595255,-0.7419632231854593],[30.682707559295494,-0.741963643200401],[30.68479947516518,-0.742842613948766],[30.684902102517057,-0.743133955384349],[30.685791025968705,-0.745668516932104],[30.692624146725432,-0.739472258766678],[30.692667207793704,-0.7394332317615684],[30.697855356086954,-0.738867837172782],[30.699706883656365,-0.737795991532005],[30.701924691532867,-0.7348329095667655],[30.702086737086876,-0.7348562479660634],[30.704279597348922,-0.735172793657086],[30.708430302559815,-0.734328434653372],[30.709383555936288,-0.735740062043757],[30.710931451551676,-0.735497085252115],[30.711177888220295,-0.7354587527954325],[30.71403866001727,-0.736420952322706],[30.715496135671,-0.738340565531406],[30.716116273811778,-0.7386314561665697],[30.72115695219873,-0.740996172472247],[30.721157169770443,-0.7409960090472775],[30.721159869907712,-0.740997275611279],[30.722282529060276,-0.74015124698548],[30.72455649005712,-0.7404429552150519],[30.72581490272993,-0.740604538782174],[30.725815041623473,-0.7406044047077011],[30.725815620385934,-0.740604478952498],[30.728573235682294,-0.737942355477526],[30.73182062411419,-0.736491012899694],[30.734064719255496,-0.7370520202843875],[30.735389585395872,-0.737383235795825],[30.735389604057353,-0.7373832318021303],[30.735389808804914,-0.737383282987524],[30.738173774661515,-0.736788417590946],[30.739827498518782,-0.734040145221009],[30.739741268751185,-0.7334983676191044],[30.739589722223137,-0.732542100917529],[30.741470246891918,-0.7314774488113077],[30.741486560025887,-0.7314682227424222],[30.741487054089756,-0.7314683884082789],[30.747750379438003,-0.737379379566261],[30.74774490772836,-0.7373879239004896],[30.746895860101297,-0.738710494815416],[30.744892712232335,-0.739144047211774],[30.744891810742832,-0.7391448100251394],[30.744891759226768,-0.739144821164113],[30.740430672975823,-0.7429193433692642],[30.7376756151545,-0.743325990724672],[30.73420863895943,-0.7454883850871759],[30.73300585265679,-0.7456515406603758],[30.726951907418524,-0.745707078787846],[30.726949759563386,-0.7457076757839158],[30.726948849447457,-0.745707488190429],[30.72530494670793,-0.7461648513135536],[30.723608174425145,-0.746636468959587],[30.721098347298238,-0.749491812339011],[30.718022980318434,-0.750663309119834],[30.71509145047918,-0.754854541092842],[30.710773170633587,-0.756389382848939],[30.710552433640856,-0.7563986784787976],[30.705812451084284,-0.756598202707529],[30.705812359377646,-0.756598291490228],[30.70581125143435,-0.756598338147703],[30.70503757184497,-0.757348248145468],[30.7032176616662,-0.764000727646206],[30.703835735396446,-0.76634757148289],[30.703836431074965,-0.7663480264207319],[30.703836444112852,-0.766348075893094],[30.706760106274608,-0.7682599590889972],[30.708103620445932,-0.769138548008433],[30.70915132163917,-0.7709587815837391],[30.711225041486575,-0.774561642379913],[30.71122509225587,-0.7745616665745848],[30.711225120371477,-0.774561715421502],[30.71498018678864,-0.776356282435211],[30.719060778622122,-0.784719908232667],[30.719061082741664,-0.7847259786851185],[30.71908967453566,-0.7868654446688865],[30.715913655868267,-0.792111905668243],[30.715150352798826,-0.7926008127025795],[30.711976759460274,-0.7946334405644231],[30.709155882241284,-0.7947767635828515],[30.7086932103814,-0.794800227873715],[30.70869313679696,-0.7948002747351265],[30.708692662367337,-0.794800298839928],[30.700726293761022,-0.799761619519024],[30.699566514475286,-0.800610725941638],[30.699566329940772,-0.8006125774463514],[30.699566055425343,-0.800612752268368],[30.699566136152974,-0.8006145217928058],[30.69928091698097,-0.803476233859479],[30.699779160051126,-0.8052839390932041],[30.699803062560473,-0.805807874631177],[30.700372633744024,-0.8074371561974633],[30.700374069972593,-0.80744236706352],[30.70037456090778,-0.8074426689278726],[30.70037474020856,-0.807443181825054],[30.70257964357731,-0.8087985601927212],[30.704615163510688,-0.8118859875125551],[30.70480651680375,-0.812176242356243],[30.704037328112026,-0.81417019635438],[30.698716687605152,-0.815969177511317],[30.689132797539795,-0.821297079931562],[30.680348769513166,-0.822282815659659],[30.677763805335687,-0.830418911945695],[30.677763793917084,-0.8304191044831939],[30.67776378670232,-0.830419127178255],[30.67763525163366,-0.8325865510342082],[30.67749811548103,-0.834898905172679],[30.678582493808513,-0.8371673669329813],[30.67871703714527,-0.837448862912876],[30.67871706586402,-0.8374488845123916],[30.6787171430462,-0.837449045973406],[30.681224236879025,-0.839336116860785],[30.681295021725344,-0.8413936285544653],[30.68130691589939,-0.8417406790309716],[30.680577771984556,-0.8436483667270115],[30.680564740436523,-0.8436615659781032],[30.67670857261515,-0.847545758813326],[30.67672051851257,-0.847555259213662],[30.67665364334334,-0.847622994999787],[30.67253665472285,-0.848753539677422],[30.671239267796192,-0.850203478683579],[30.665927125500996,-0.850337919170895],[30.660479875729482,-0.84209926968798],[30.658687655791166,-0.841529879778137],[30.657152696524577,-0.836917658224095],[30.658939026429877,-0.830924597588967],[30.658046780478976,-0.824643574444179],[30.65561937832068,-0.821609538099372],[30.65157379678865,-0.820148026700618],[30.6506,-0.820670192190384],[30.6506,-0.8182496123819959],[30.651010935600137,-0.813732072649204],[30.6506,-0.811345379432497],[30.6506,-0.8103],[30.650621549157304,-0.810213444218169],[30.65193893385273,-0.807754265716416],[30.65218011505224,-0.8039532045401758],[30.65252110243618,-0.8025835718813572],[30.654227906957885,-0.799892741231769],[30.65459052285672,-0.794271399858845],[30.655647675645355,-0.7900251694911556],[30.656225996900545,-0.789476055239062],[30.656829218051822,-0.786630619480769],[30.656561238523846,-0.7863556919292195],[30.6566,-0.7862],[30.654671696376184,-0.7837278158668993],[30.654760173992493,-0.782716889585911],[30.652903122646116,-0.780453286781746],[30.652955324793957,-0.778221093415006],[30.651508386517232,-0.7754988371783],[30.648288061779947,-0.773231036451175],[30.647000140993264,-0.76829525147328],[30.645480084178256,-0.767261692092968],[30.641408095383294,-0.7667231992093548],[30.641,-0.7662],[30.644555839885964,-0.7543895318073367],[30.64643877260661,-0.754681744361306],[30.6464378340314,-0.7546806082756576]]]}},{"type":"Feature","properties":{"n":"Ruyanga","c":"418314","d":"Isingiro","od":"Isingiro","dc":"418","k":"RUYANGA","a":["RUYANGA"],"lat":-0.964559,"lon":30.735215},"geometry":{"type":"Polygon","coordinates":[[[30.715148361367977,-0.970158612510064],[30.71514833944637,-0.9701584872548389],[30.715148695417902,-0.97015814779693],[30.713188589971598,-0.958960674002798],[30.71318858422307,-0.9589605900198677],[30.713168394523755,-0.953363350752086],[30.71269492062814,-0.9517484291209952],[30.712623750194727,-0.95070866718129],[30.710828029311013,-0.945380848566192],[30.70896100043787,-0.9390127988362358],[30.710274319825995,-0.9383262262456301],[30.71441197376118,-0.9372766606185712],[30.714413446420163,-0.937276372282186],[30.71441356228894,-0.937276257669422],[30.714413640609692,-0.937276237802422],[30.714458202026133,-0.9372321018244698],[30.71604786364844,-0.93565967204479],[30.717361107833554,-0.9353091513922018],[30.71793809244143,-0.935155651501079],[30.717938166235108,-0.9351551275710509],[30.717939771972,-0.935154698980581],[30.718053314020676,-0.934360116789025],[30.72138192225375,-0.934901055424183],[30.725034397277827,-0.9379004203017187],[30.72518760246124,-0.9383064489547688],[30.727658138474762,-0.9448554329163],[30.737056923487867,-0.945068122999348],[30.737878516213385,-0.940519293844956],[30.73664849226868,-0.9367071589576168],[30.736753129623978,-0.9364354381462391],[30.738347280501298,-0.932302326672618],[30.734427008489583,-0.9324327188371646],[30.734678857599246,-0.930336845802438],[30.735433175232007,-0.924062559638627],[30.735158190145548,-0.9212051460168241],[30.735702951126772,-0.9197510528830776],[30.73683135404382,-0.9176993828739703],[30.738240006308533,-0.9176760579618047],[30.73824097594213,-0.917676168017172],[30.73821860734093,-0.918558324476693],[30.745535655835845,-0.919453089915018],[30.745536174154353,-0.9194510995671706],[30.74553645597755,-0.919451133950892],[30.74928408347572,-0.905623871729828],[30.754112778586446,-0.9066396423520008],[30.755041033017527,-0.907810379469963],[30.763599790555087,-0.908302924535239],[30.765032699666826,-0.908028896851565],[30.765041541189746,-0.9080202885663873],[30.766695829001186,-0.9064130895876569],[30.76622213781093,-0.907665348173299],[30.76622242065597,-0.9076660522435549],[30.76622230786403,-0.907666347240274],[30.767064248274167,-0.9097615664169791],[30.7673163278838,-0.91038905402062],[30.76646337720278,-0.91351841371754],[30.763584632534073,-0.914641612664597],[30.763452032513097,-0.9151561299604215],[30.763054558631374,-0.9166982607072782],[30.761889581460252,-0.917272686739422],[30.758397078124087,-0.922605461419396],[30.758324693556254,-0.928416516979379],[30.760704201500012,-0.9342036703198374],[30.76108483379972,-0.9374392394546874],[30.760700546866207,-0.9387680306124441],[30.760240407030764,-0.9389136667020413],[30.758715302667447,-0.939396015938431],[30.75684790309775,-0.942051774526487],[30.75479631471295,-0.948085577541286],[30.754781151216893,-0.9483593386586702],[30.75470719353615,-0.948585038823194],[30.75471643095857,-0.9495277954689678],[30.75445110716294,-0.954317940069332],[30.75480844738306,-0.9589188454542261],[30.754808452289577,-0.958919346205656],[30.754808500932583,-0.9589195349268507],[30.75480851523163,-0.958919719033073],[30.754808944638754,-0.9589212563820547],[30.75816201115308,-0.971930211906354],[30.75816132420194,-0.9742345894992622],[30.758161168577335,-0.9742358790484684],[30.75633687778776,-0.97688844867388],[30.75717534345538,-0.977714784687718],[30.75936153672304,-0.977813126098358],[30.760143692494076,-0.9807239163979882],[30.75398025380268,-0.9838671179133002],[30.753925564727957,-0.983895001967031],[30.752307196880157,-0.9855327814581992],[30.751427419234044,-0.9864229167738477],[30.747730559903786,-0.987475675533921],[30.749468628069682,-0.991104026089811],[30.749475806729375,-0.9911051568511569],[30.752151195063515,-0.991846410922895],[30.750499956686976,-0.994028895297467],[30.7418,-1.0039],[30.73314100542206,-1.0076109976762604],[30.726320772141413,-1.009181961234359],[30.717576147021475,-1.014083114351256],[30.71754481824243,-1.0139297023123754],[30.71659499876459,-1.009276842353943],[30.713336157095107,-1.003135346415843],[30.714393612409605,-1.001019211556398],[30.714487104550845,-0.9987132081304397],[30.714650617895593,-0.994681055859832],[30.714650584652865,-0.9946809368576862],[30.71465060441781,-0.994680449351193],[30.713951818854742,-0.992179498596803],[30.712753542812756,-0.987889916097825],[30.712753332443786,-0.9878901204928154],[30.712751788855282,-0.987884595995695],[30.710995888873924,-0.989597555550222],[30.710992270072328,-0.9895987021439643],[30.708620818230063,-0.990217669599239],[30.708431254952046,-0.9897588547240201],[30.7070787551092,-0.986485071442185],[30.705068673762483,-0.98445241802124],[30.702353360470386,-0.984486621918607],[30.699789401588063,-0.975569161630449],[30.702233326357323,-0.975569793207275],[30.704906744696142,-0.978379485269844],[30.707861997051264,-0.977106814100368],[30.709553151984036,-0.9754941123383407],[30.715148361367977,-0.970158612510064]]]}},{"type":"Feature","properties":{"n":"Rwetango","c":"418315","d":"Isingiro","od":"Isingiro","dc":"418","k":"RWETANGO","a":["RWETANGO"],"lat":-0.652803,"lon":30.823989},"geometry":{"type":"Polygon","coordinates":[[[30.78835552604577,-0.6109968359200298],[30.790565997691544,-0.61080646314967],[30.79165847695666,-0.611476453846487],[30.79425418248671,-0.6102868124515856],[30.79495715015926,-0.6108287951609571],[30.798770857482644,-0.614184266014406],[30.799067849053614,-0.6139981126291227],[30.7992,-0.6141],[30.80628840628778,-0.612852965560483],[30.807011305053233,-0.613852893870598],[30.81029457661729,-0.6123109444402788],[30.810458252056257,-0.6123725884367724],[30.812631227813746,-0.61430794213795],[30.813449242066543,-0.616179289076592],[30.81732252556117,-0.6149578343022597],[30.81821926025576,-0.6152955655508707],[30.82158154825182,-0.616969794028929],[30.822639510989116,-0.616960335307589],[30.823568992246383,-0.6173103996772085],[30.823678059301734,-0.618525093313211],[30.829532776946962,-0.620914388901211],[30.83210708880635,-0.6205260464335605],[30.83417643824992,-0.6213054118084104],[30.834147022519463,-0.623240747063472],[30.83522600989747,-0.6217007050263208],[30.836316999254695,-0.6221115971218973],[30.836609254349277,-0.623358006911264],[30.837818754036974,-0.623114969489407],[30.839095097466434,-0.624307994916327],[30.840805981244888,-0.62388467130777],[30.841906561772813,-0.627113527968065],[30.84264148712932,-0.626832801563647],[30.84366013058242,-0.627899995222582],[30.843422708882997,-0.630079102127666],[30.84550810155599,-0.629953046699914],[30.846881777182947,-0.631960695261397],[30.84556416256427,-0.634029994740128],[30.846036976578052,-0.636417609300075],[30.847104056839363,-0.636651142955545],[30.84741334168767,-0.634365799340858],[30.850588995183177,-0.635984031563234],[30.851609626472197,-0.635533830184591],[30.852510252087402,-0.63703504195327],[30.8535999719759,-0.637079752726141],[30.854482134096482,-0.6358940292459974],[30.856267620082672,-0.6374722713230756],[30.855982658158826,-0.63845415570242],[30.856907296410434,-0.638239285174588],[30.86082029276811,-0.642608096886712],[30.86228548189655,-0.642791631319272],[30.863028113395107,-0.6434480645188904],[30.86322513064283,-0.6439070308972024],[30.86366528226743,-0.6492845355281748],[30.86332611543074,-0.649582860533114],[30.863703004235393,-0.6497453995715575],[30.865050932967073,-0.6662135723368428],[30.864459251579476,-0.665855038987598],[30.863700300576767,-0.6669322150216478],[30.86369513636889,-0.666920178299997],[30.862758527530186,-0.666720869996718],[30.86275745370463,-0.6667214561823364],[30.86275740578041,-0.666721445308119],[30.862696287763804,-0.6667548457721961],[30.85847772993843,-0.669057694607364],[30.86441279221324,-0.684617888415861],[30.86167243293361,-0.686467126058658],[30.854875984032667,-0.683266437204265],[30.854875822453973,-0.6832663904465124],[30.854875812416953,-0.683266385719611],[30.854284875346885,-0.6830953817676875],[30.84513280967336,-0.680446950731177],[30.842772341149512,-0.678431950678937],[30.836280669737214,-0.68033975656701],[30.835067147423363,-0.681339129559111],[30.834531785359076,-0.684122977976937],[30.834563359335753,-0.6910211632462069],[30.834503793539056,-0.6921655544010558],[30.83445414973331,-0.6923694744227714],[30.829713559635817,-0.691154473810798],[30.826299944134167,-0.6911328277690526],[30.822138737852534,-0.690499696539522],[30.81724089567369,-0.6851882396929033],[30.809093445580356,-0.6746384064865258],[30.808994716160473,-0.674506531417339],[30.809406137925635,-0.6817633745],[30.80939273010952,-0.6817961452298212],[30.807171248629817,-0.687216579440584],[30.801723984238922,-0.680870504112672],[30.788820409901803,-0.6704642134798251],[30.78809030598708,-0.6691585292870413],[30.787649031736517,-0.6680617514709056],[30.786125459976837,-0.659829562449572],[30.786125051041456,-0.6598289564712809],[30.786124923505977,-0.65982778040082],[30.783594610405483,-0.656079068540212],[30.783499776339735,-0.655372621753662],[30.784841460853844,-0.654432648013599],[30.783209403053235,-0.651172579650692],[30.782587598997186,-0.646627855749597],[30.782994572302442,-0.639219929848134],[30.781978313861966,-0.634052542930515],[30.777880588924567,-0.622579694317807],[30.78146246576044,-0.617643518735099],[30.78348525464997,-0.6129795496948269],[30.78835552604577,-0.6109968359200298]]]}},{"type":"Feature","properties":{"n":"Kabuyanda","c":"418401","d":"Isingiro","od":"Isingiro","dc":"418","k":"KABUYANDA","a":["KABUYANDA"],"lat":-0.920424,"lon":30.584713},"geometry":{"type":"Polygon","coordinates":[[[30.56975811726574,-0.9086063140478287],[30.572189866273572,-0.906719907536734],[30.587166772892125,-0.900520120318743],[30.59328427753934,-0.8972151522583285],[30.5952,-0.8967],[30.595751518801837,-0.8958822307421015],[30.59709602934633,-0.895155861958964],[30.60099478180201,-0.88811851755326],[30.60099410144668,-0.8881087461307849],[30.601,-0.8881],[30.6029,-0.8674],[30.6032446506321,-0.8673629407922476],[30.609731852188613,-0.867560200343327],[30.617214398277255,-0.865934372214054],[30.6222199918842,-0.868142454525254],[30.631320076173317,-0.867894855139418],[30.633400468605466,-0.866810784856168],[30.63390449238947,-0.868386665184702],[30.633334116242377,-0.868917997785207],[30.643881533910175,-0.878706354670859],[30.65243191136304,-0.890073772035301],[30.654986626268315,-0.88798800750195],[30.655938213547003,-0.886151767452581],[30.657814917614882,-0.885207373134169],[30.658870319980785,-0.882886261959557],[30.663413896238602,-0.881784837465209],[30.66734029093915,-0.87942914303204],[30.67035847028361,-0.881892001935901],[30.669268695741298,-0.883779426252923],[30.66887507639961,-0.889946343762623],[30.67104036671112,-0.894848033265209],[30.673790169743476,-0.8972421698367037],[30.67371721611845,-0.897472994745583],[30.674741046694844,-0.89857005135168],[30.67224446811559,-0.9017647057292876],[30.667801053356676,-0.907115585510274],[30.667175968632623,-0.9082504235014742],[30.666904092925304,-0.908598319187905],[30.666900006317956,-0.9087514316156965],[30.666779623715552,-0.908969985589951],[30.666687080838663,-0.9167290850328611],[30.666686948380743,-0.9167340478178737],[30.660663659634544,-0.919790133462994],[30.66066304469769,-0.9197918095465973],[30.660663039492775,-0.919791812187752],[30.660199335962258,-0.9210557029060221],[30.65881194074475,-0.924837213730204],[30.658108090563037,-0.9292169574529245],[30.649492540553936,-0.9289550937361994],[30.647811134745588,-0.926991845740534],[30.64016630531247,-0.930882724850106],[30.638419353475424,-0.9308119972792637],[30.63793613714943,-0.930480136779493],[30.63799568275229,-0.9307948444302561],[30.637178320105583,-0.930761752462136],[30.633924670993082,-0.928466048667334],[30.631973935354747,-0.923617972009803],[30.629479922173488,-0.921870276623496],[30.626753285591583,-0.914185810433144],[30.621218879261534,-0.916168899203872],[30.618527259476654,-0.919676410255299],[30.614130793248236,-0.915122878108574],[30.611831546103584,-0.914187084555367],[30.610228130183117,-0.911372060317526],[30.608048114476425,-0.911745667471803],[30.60533462705201,-0.910341877982415],[30.604393256284908,-0.91502932688385],[30.602236497698726,-0.916550817534644],[30.605285127496234,-0.928900394774084],[30.60530419886118,-0.935883806696116],[30.603564602623237,-0.939802587120625],[30.604366591616504,-0.942479576145538],[30.598581676805495,-0.941072671915304],[30.597358034733997,-0.935017525273919],[30.593326023416346,-0.940030572592362],[30.591580203488135,-0.940339243491364],[30.5895531497945,-0.945831223466495],[30.5907478163199,-0.948055887071419],[30.595982688676738,-0.950418787331962],[30.600701726845333,-0.955449143662973],[30.602202167790075,-0.955450208743196],[30.603326044427856,-0.953327162577969],[30.60607546120165,-0.95200611338259],[30.606756995816404,-0.954095987390075],[30.60628330574373,-0.958846196198065],[30.606806215133147,-0.962402648333345],[30.603056289710874,-0.966018317836007],[30.599591945836902,-0.966259758545559],[30.592936178303017,-0.963662128056997],[30.591099869369526,-0.964666575067668],[30.59071529248594,-0.969778727927118],[30.5889563025519,-0.971918057850189],[30.589935735053665,-0.975499676853456],[30.58439744225315,-0.975312721122602],[30.58255163009473,-0.971763371028322],[30.57957683991598,-0.969713325422669],[30.57836161898084,-0.966967638559802],[30.57626505711003,-0.965988416027752],[30.577254972900068,-0.963656902854337],[30.57648067369526,-0.96192638775775],[30.57666043955682,-0.957988634960335],[30.572109915195075,-0.956185705588167],[30.57284984374336,-0.949673264550376],[30.57676986177432,-0.948564461893762],[30.58118589135235,-0.942111018306045],[30.579063812526684,-0.942164991208744],[30.577339678441362,-0.938853923107322],[30.573208790840116,-0.934785696055635],[30.564925867758085,-0.928403437307594],[30.565806063094175,-0.9218601542573402],[30.56975811726574,-0.9086063140478287]]]}},{"type":"Feature","properties":{"n":"Kabuyanda Town Council","c":"418402","d":"Isingiro","od":"Isingiro","dc":"418","k":"KABUYANDATOWNCOUNCIL","a":["KABUYANDA","KABUYANDATOWNCOUNCIL"],"lat":-0.957239,"lon":30.620968},"geometry":{"type":"Polygon","coordinates":[[[30.589921942182883,-0.975499211248561],[30.589935735053665,-0.975499676853456],[30.5889563025519,-0.971918057850189],[30.59071529248594,-0.969778727927118],[30.590715364323728,-0.9697777729925378],[30.5907154575433,-0.969777659621595],[30.590731778449143,-0.9695595812037257],[30.591099869369526,-0.964666575067668],[30.59293615268117,-0.9636621420719528],[30.599591386811866,-0.966259627009269],[30.599591575203213,-0.9662596138936658],[30.599591945836902,-0.966259758545559],[30.601891395987018,-0.9660995028388452],[30.603055114421846,-0.966018486010305],[30.60305521090497,-0.9660183930212868],[30.603056289710874,-0.966018317836007],[30.605395243348315,-0.963763104096339],[30.606805626615788,-0.96240379740292],[30.60680555181699,-0.9624032879012655],[30.606806215133147,-0.962402648333345],[30.60630791218272,-0.9590135514306579],[30.606283320868457,-0.9588460445258898],[30.606756995816404,-0.954095987390075],[30.60675695087049,-0.9540958495668517],[30.60675696539938,-0.954095703874418],[30.606132578291966,-0.9521812585914327],[30.60607546120165,-0.95200611338259],[30.603381175482834,-0.9533006730197058],[30.603326671024238,-0.953326769312981],[30.603326605608267,-0.9533268929400813],[30.603326044427856,-0.953327162577969],[30.602202194465168,-0.95545015835292],[30.600701688719646,-0.9554491030221084],[30.595982688676738,-0.950418787331962],[30.595982394753825,-0.95041865466196],[30.595982188559173,-0.950418434863087],[30.593166467632,-0.9491476103123981],[30.5907478163199,-0.948055887071419],[30.5895531497945,-0.945831223466495],[30.591580203488135,-0.940339243491364],[30.593326023416346,-0.940030572592362],[30.597358034733997,-0.935017525273919],[30.598581676805495,-0.941072671915304],[30.604366591616504,-0.942479576145538],[30.604365655618817,-0.9424764518438945],[30.604365672318625,-0.942476455904247],[30.604350244238432,-0.9424250096214973],[30.603564602623237,-0.939802587120625],[30.60530419886118,-0.935883806696116],[30.605304198523974,-0.9358836832208127],[30.60530422414084,-0.935883625554537],[30.60528513348486,-0.928900481297582],[30.60528512766817,-0.9289004577326456],[30.605285127496234,-0.928900394774084],[30.60513029314235,-0.9282731822426744],[30.602236742332455,-0.9165506449571778],[30.604393256284908,-0.91502932688385],[30.60531344487284,-0.9104473522396824],[30.608039368772026,-0.9117411429887324],[30.608048114476425,-0.911745667471803],[30.60804869273384,-0.9117455683710921],[30.60804909932519,-0.911745761349381],[30.610116549552796,-0.9113911828044137],[30.610228130183117,-0.911372060317526],[30.611831546103584,-0.914187084555367],[30.61183171578243,-0.9141871536146537],[30.611831820970615,-0.914187338274887],[30.612406289411556,-0.9144210050730455],[30.614130688330683,-0.9151228354071314],[30.61459849429105,-0.9156072880011726],[30.618527259476654,-0.919676410255299],[30.618527496354087,-0.9196761015749183],[30.618527557794234,-0.91967616520138],[30.619256010230576,-0.9187267585483676],[30.621218841437692,-0.9161689484929806],[30.621359200156256,-0.9161186194134069],[30.626753020741134,-0.9141859053343714],[30.628351616747217,-0.9186903791050227],[30.629479922173488,-0.921870276623496],[30.63132586333422,-0.923163831474867],[30.63197397725457,-0.9236180761415764],[30.63197590351515,-0.923622863391457],[30.63371537841078,-0.928209149532247],[30.63386592003107,-0.9283200375103386],[30.633924670993082,-0.928466048667334],[30.637178320105583,-0.930761752462136],[30.637983009706772,-0.930794331345862],[30.639666087485644,-0.9420736588093153],[30.63842992715263,-0.95066661678499],[30.638429958924032,-0.9506667846787786],[30.638429944215904,-0.95066685998706],[30.63843006768209,-0.9506673594032435],[30.638970897986017,-0.9535253398734912],[30.63867559989023,-0.9543781414029932],[30.63810386792398,-0.9557220954927022],[30.63562736389603,-0.956959367785381],[30.635357760545638,-0.9575184473173515],[30.633366863171283,-0.958647622000212],[30.63336628805473,-0.9586483975986764],[30.633366159002563,-0.95864842571831],[30.632855174864368,-0.9593376815432909],[30.62906580163485,-0.964448005785544],[30.62906603499798,-0.9644487731200058],[30.62906597111321,-0.964448859292838],[30.629955125078222,-0.9673722403370968],[30.6310098473603,-0.970840332134885],[30.631700043429888,-0.9767951932170562],[30.63194383083543,-0.9788988543602563],[30.63144940159179,-0.980169216380188],[30.631259407403796,-0.9806572954721833],[30.627044337344543,-0.985219386595021],[30.62618335835876,-0.987442353825022],[30.624664197638314,-0.987296766856168],[30.62466391301155,-0.9872971164797917],[30.62466384106527,-0.987297109599141],[30.624252122192374,-0.9878029431164946],[30.623568349800415,-0.988642860553186],[30.62356849972169,-0.9886437409518333],[30.62383114541029,-0.993052804303176],[30.624378881328973,-0.9934026310864029],[30.62446581480377,-0.9939131397799026],[30.623798977858936,-0.9974599992162261],[30.623796053423032,-0.997474251936691],[30.62202005098553,-1.000284590827025],[30.622430233458388,-1.0043139542800816],[30.616354542030756,-1.003303875570483],[30.61347366728297,-1.00184152019235],[30.610301157722155,-0.998082952159053],[30.607280428368227,-0.996703312504147],[30.600595820684514,-0.995978664465629],[30.59713229148593,-0.996619112606737],[30.596043557739478,-0.993011152876717],[30.58757500547631,-0.992126301846117],[30.581506421170925,-0.989323677742036],[30.578456598662772,-0.984609892899143],[30.57805706086466,-0.981766759477577],[30.58169774155403,-0.97568813903657],[30.589921942182883,-0.975499211248561]]]}},{"type":"Feature","properties":{"n":"Ruborogota","c":"418403","d":"Isingiro","od":"Isingiro","dc":"418","k":"RUBOROGOTA","a":["RUBOROGOTA"],"lat":-1.001055,"lon":30.558865},"geometry":{"type":"MultiPolygon","coordinates":[[[[30.478792161836328,-1.055942635868264],[30.48131072984949,-1.050275857838653],[30.48348900967871,-1.048112320971587],[30.48461045747835,-1.042979192101406],[30.48564239924173,-1.041949254416847],[30.485406571221628,-1.0410602147513424],[30.485867979881924,-1.0400220452656739],[30.487119796951905,-1.038871667412572],[30.487327330333127,-1.0367385067504695],[30.488069455486247,-1.0350687251559456],[30.490155783778,-1.033451846972874],[30.490984573050113,-1.029115426949888],[30.5046,-1.0155],[30.504525026527006,-1.0148407504960952],[30.504777446097815,-1.014585092198251],[30.504745976897226,-1.009731041539815],[30.506823098673234,-1.005378240354579],[30.50291243619468,-0.99649016616577],[30.50176250744738,-0.9905496344511167],[30.5017,-0.99],[30.50422581594793,-0.9830239369057149],[30.506083603226013,-0.979961852438865],[30.505955705703368,-0.9783447604531457],[30.52082745467207,-0.963597461266609],[30.521703578829904,-0.963369936263005],[30.526777739500066,-0.962802069729172],[30.531030590205244,-0.963433784621916],[30.53365243974919,-0.96250651590735],[30.53504571419499,-0.955423376851015],[30.5363238869672,-0.9368261954796775],[30.54231955471053,-0.9303864041998022],[30.542667612518358,-0.9303038597959379],[30.547203457429962,-0.9303692806360091],[30.561314121987508,-0.930946244615104],[30.56310075409855,-0.9305985685687291],[30.5632,-0.9306],[30.563226044854204,-0.9305126544523641],[30.56492586022481,-0.928403446014551],[30.568084405274725,-0.9308371920940326],[30.57320879083895,-0.9347856960547376],[30.573208826789827,-0.9347857314600337],[30.577339678441362,-0.938853923107322],[30.579063812526684,-0.942164991208744],[30.58118589135235,-0.942111018306045],[30.57677011173793,-0.9485640966049823],[30.573170861472462,-0.94935068969421],[30.573058451138728,-0.9496142585885804],[30.57284984374336,-0.949673264550376],[30.572783228647836,-0.950259573705253],[30.572171362609524,-0.951694218100142],[30.57211354729589,-0.9561537378495796],[30.572109915195075,-0.956185705588167],[30.57666043955682,-0.957988634960335],[30.57648067369526,-0.96192638775775],[30.577254972900068,-0.963656902854337],[30.57626505711003,-0.965988416027752],[30.576266918729317,-0.9659892855177381],[30.576266678689638,-0.965989852042299],[30.577080658380574,-0.9663693516692914],[30.57836161898084,-0.966967638559802],[30.57957683991598,-0.969713325422669],[30.58255163009473,-0.971763371028322],[30.58429678696385,-0.9751191690003401],[30.584397430334604,-0.975312722643676],[30.581704549212176,-0.9756879826498459],[30.58169774155403,-0.97568813903657],[30.58169369782952,-0.9756948905944652],[30.57836757936742,-0.980613549219558],[30.578343124626507,-0.9812891364233824],[30.57805706086466,-0.981766759477577],[30.578270783851053,-0.983287624257944],[30.57824326300563,-0.984047915731644],[30.578427031124253,-0.9843994886336284],[30.578456598662772,-0.984609892899143],[30.578875158770387,-0.9852568165433386],[30.58043791874452,-0.988246584645244],[30.581011153790755,-0.9885581958611754],[30.581506421170925,-0.989323677742036],[30.587574868827385,-0.9921262387382234],[30.587574894134537,-0.99212625249522],[30.587574899925176,-0.9921262530999625],[30.58757500547631,-0.992126301846117],[30.596043557739478,-0.993011152876717],[30.59713229148593,-0.996619112606737],[30.600595820684514,-0.995978664465629],[30.607280260461785,-0.9967032943021702],[30.608731906587494,-0.9973662374718957],[30.610301157722155,-0.998082952159053],[30.612146811037878,-1.0002695534663268],[30.613473035345837,-1.001840947945469],[30.61347329593069,-1.0018410802400683],[30.61347366728297,-1.00184152019235],[30.616354542030756,-1.003303875570483],[30.621826101537597,-1.0042135178444511],[30.622430234602568,-1.0043139655197586],[30.622438914170726,-1.0043992279018146],[30.621361994413615,-1.007315833421746],[30.62136201911475,-1.0073159342764866],[30.621361659991813,-1.00731681747629],[30.62203212383618,-1.010308932604495],[30.621565117656413,-1.0135810760616684],[30.621546725269305,-1.0137078771300794],[30.62154403334337,-1.0137094587205029],[30.620274044680748,-1.014183586415768],[30.620300542193267,-1.0144400485445775],[30.619988924509574,-1.014623133650321],[30.620376922264207,-1.0151793102234794],[30.62042545549501,-1.015649050003057],[30.618586359264956,-1.017346912733935],[30.61858460343672,-1.017348376579678],[30.618583061555746,-1.0173577436337338],[30.618191981145426,-1.019311659094447],[30.618215132173237,-1.0195929449739551],[30.618108736444924,-1.020239307797422],[30.618284911008683,-1.0204407605120398],[30.618298609882654,-1.020607202358355],[30.619515597230297,-1.0218480299548878],[30.619535775503614,-1.0218711034783805],[30.617607171492065,-1.027605841510239],[30.61760727195951,-1.027606127255822],[30.61760677127563,-1.027607615855915],[30.618214674549193,-1.0293336779840094],[30.618868124565484,-1.0311921950049323],[30.618289230923047,-1.031299654988233],[30.61828916173574,-1.0313006145742023],[30.618288974753675,-1.031300648677153],[30.618242965164534,-1.031941332968931],[30.618165139088575,-1.033020733391065],[30.617560927875246,-1.032949369997461],[30.617560749874045,-1.0329522432777518],[30.6175606676506,-1.032952233888153],[30.617444942175833,-1.0348216013227955],[30.617335298763905,-1.036591455981375],[30.616121476452303,-1.037640277792885],[30.616122140048514,-1.0376416015033232],[30.616122029978307,-1.037641696677604],[30.61654686062669,-1.0384888140905244],[30.618070746677947,-1.041528590146646],[30.61752334197724,-1.042224336243962],[30.618014336394243,-1.045379469974163],[30.618938641189605,-1.0460957943903244],[30.61886356847584,-1.0465077424074944],[30.618650077591667,-1.047675977357162],[30.62143420873348,-1.0502011807257028],[30.620932961664174,-1.051445703155979],[30.620933269660174,-1.0514459166314463],[30.620932761357793,-1.051447175581567],[30.621800144490415,-1.0520467572596277],[30.622069861512554,-1.0522337011405214],[30.622350594178748,-1.054455185644234],[30.621433293003086,-1.0559059778118924],[30.618361277633603,-1.056858575272388],[30.61607745756487,-1.055456973464029],[30.61563622838203,-1.0559874277177783],[30.615220873557135,-1.0564856043363944],[30.614437086981358,-1.056052310589768],[30.611084998846994,-1.057342358335823],[30.606762991237158,-1.061795419991537],[30.607266627764837,-1.0647392479952473],[30.58847473949295,-1.061114416754985],[30.587737314314666,-1.06081785759695],[30.584315393323482,-1.060862975307145],[30.581690863648213,-1.0619153464316406],[30.5596,-1.0646],[30.559180184325747,-1.0648130722768823],[30.559015720646887,-1.064749743950103],[30.55793520033615,-1.065444948573109],[30.551941870519784,-1.06848678933418],[30.549516839955334,-1.068511843237624],[30.542668504770138,-1.0731933719508353],[30.5397,-1.0747],[30.52007459917565,-1.073768625045624],[30.518866652661465,-1.073376779136456],[30.515966882620486,-1.07357368256504],[30.515334759130795,-1.0735436834841732],[30.5137619311332,-1.072622591162982],[30.509973388241104,-1.0731064357892743],[30.4958,-1.061],[30.49547056687503,-1.0609348578566447],[30.495064437839826,-1.060468320176379],[30.492739765624993,-1.0603948689088967],[30.492703694537262,-1.0603877362079335],[30.490100255308974,-1.058575078893957],[30.486003239619304,-1.057604718562344],[30.47815070129532,-1.057507893188602],[30.478804629036407,-1.056088386205792],[30.478792161836328,-1.055942635868264]]],[[[30.58535851288402,-1.060863724104648],[30.585358512885136,-1.060863722682598],[30.58535851291261,-1.060863724104386],[30.58535851288402,-1.060863724104648]]]]}},{"type":"Feature","properties":{"n":"Ruhiira Town Council","c":"418404","d":"Isingiro","od":"Isingiro","dc":"418","k":"RUHIIRATOWNCOUNCIL","a":["RUHIIRA","RUHIIRATOWNCOUNCIL"],"lat":-0.859644,"lon":30.662299},"geometry":{"type":"Polygon","coordinates":[[[30.636195086053505,-0.852449735593501],[30.638491264713444,-0.843526757669342],[30.643167020727297,-0.840278740787789],[30.64843780579201,-0.839112658406195],[30.65099458812339,-0.837592631157493],[30.651712598910205,-0.835092339239341],[30.6506,-0.8232465493628448],[30.6506,-0.8206731225266735],[30.651134214659624,-0.8203837377035412],[30.65157379678865,-0.820148026700618],[30.65561937832068,-0.821609538099372],[30.658046773491353,-0.8246435657102748],[30.658939002107257,-0.8309246791903248],[30.658938385648042,-0.8309267473846943],[30.657123875194248,-0.835824560991773],[30.657238006162455,-0.8366314480279545],[30.657152696524577,-0.836917658224095],[30.657371472481625,-0.8375750327919838],[30.657588732930396,-0.839111028169423],[30.65868535758026,-0.841525951058241],[30.658686466113377,-0.8415263050529519],[30.658687655791166,-0.841529879778137],[30.660479875729482,-0.84209926968798],[30.665925147807798,-0.850334928024588],[30.665926595209193,-0.850337335580519],[30.665926737271146,-0.8503373319957565],[30.665927125500996,-0.850337919170895],[30.671239267796192,-0.850203478683579],[30.67123945272325,-0.8502032720120388],[30.671239744098337,-0.850203264659539],[30.671433253458744,-0.8499866833906797],[30.67253665472285,-0.848753539677422],[30.67665364334334,-0.847622994999787],[30.676720509253304,-0.8475552685920866],[30.67949850089608,-0.8497650182373178],[30.678283965112616,-0.850268627967422],[30.678284187861628,-0.8502689797792287],[30.678283756940992,-0.850269156512705],[30.67862260422873,-0.85080394204472],[30.678622836706538,-0.8508038448278896],[30.678622926753306,-0.850803987048571],[30.68469566714961,-0.848264809739966],[30.686479489136353,-0.849264682160875],[30.686980945412934,-0.848658340625202],[30.693933033523713,-0.8573543808802474],[30.69091153551879,-0.8612135968637645],[30.687944352946946,-0.864749185984826],[30.68793312789929,-0.8650177755433098],[30.6878257259802,-0.86515495491663],[30.687722524841895,-0.8700570220502318],[30.68772180016966,-0.870074361789146],[30.687722152571066,-0.8700747049615867],[30.687722152387394,-0.870074713686097],[30.68774253442636,-0.870094553040627],[30.693170167917863,-0.875380043345471],[30.690360215031287,-0.880577702786623],[30.684577185009967,-0.887752340303909],[30.676679803232936,-0.890223843204233],[30.676052247904536,-0.894316071940443],[30.674543950885763,-0.894857210029337],[30.673790169743476,-0.8972421698367026],[30.67104048189597,-0.8948481335517594],[30.67104035683978,-0.8948480109188919],[30.66887507639961,-0.889946343762623],[30.669176246906694,-0.8852278417053191],[30.66926870400254,-0.8837794119449457],[30.67035847028361,-0.881892001935901],[30.670339948353817,-0.8818768878904782],[30.668244421477468,-0.879774226862545],[30.667639628219497,-0.879673404688495],[30.66734029093915,-0.87942914303204],[30.66708677788737,-0.879581241669687],[30.666888205754237,-0.87954813866481],[30.663417057988084,-0.8817829405301773],[30.663413896238602,-0.881784837465209],[30.66310066430587,-0.881860769133029],[30.658873187227968,-0.882885220292836],[30.6588730096977,-0.8828856099357054],[30.658870319980785,-0.882886261959557],[30.657814981708853,-0.8852072321744379],[30.65688348694842,-0.8856760873254252],[30.655938213547003,-0.886151767452581],[30.654986626268315,-0.88798800750195],[30.652432520790352,-0.890073274476112],[30.648530426508398,-0.8848868891253635],[30.643881533910175,-0.878706354670859],[30.641789883367814,-0.8767652329068824],[30.63333445757445,-0.8689176798180923],[30.63390449238947,-0.868386665184702],[30.63363579842282,-0.8675465668602208],[30.63366450254917,-0.86741782681542],[30.631515591556116,-0.8623465633607129],[30.633004659196356,-0.8580735866539363],[30.636743087401488,-0.855206979864252],[30.636195086053505,-0.852449735593501]]]}}]}
