{"type":"FeatureCollection","name":"Kaabong sub-counties","metadata":{"source":"Uganda Bureau of Statistics NPHC 2024 Map Explorer","retrieved":"2026-07-26","display_only":true,"clipped_to_dashboard_district":true,"positive_area_overlaps_removed":true,"source_gap_ratio":0.11462248},"features":[{"type":"Feature","properties":{"n":"Kaabong Town Council","c":"318101","d":"Kaabong","od":"Kaabong","dc":"318","k":"KAABONGTOWNCOUNCIL","a":["KAABONG","KAABONGTOWNCOUNCIL","TOWNCOUNCIL"],"lat":3.521892,"lon":34.131459},"geometry":{"type":"Polygon","coordinates":[[[34.1183598703826,3.538824623842926],[34.11911464425322,3.543316833629833],[34.11791524619358,3.545598088201493],[34.1218161466287,3.547000213677452],[34.12383557274882,3.546873142869121],[34.12489091452198,3.541908457720055],[34.12716205882876,3.540406813402215],[34.12720414789467,3.539440305954972],[34.129031835923875,3.537802734997439],[34.128423731698184,3.537067721944438],[34.12962821995215,3.534218283960671],[34.133062567379035,3.534093884929116],[34.13301553216771,3.531802279300499],[34.135464088144005,3.527431314759308],[34.1355358895015,3.524875903025274],[34.13877051792536,3.524893402003787],[34.15071803486134,3.518111373752834],[34.15138244188991,3.518863694032561],[34.155622517121046,3.519006664065309],[34.15411087827236,3.517340422444449],[34.154079709047245,3.514214110922319],[34.152712217680616,3.51382152327403],[34.15051400468959,3.511276433569418],[34.149908848630986,3.509349426737498],[34.15066068947589,3.507682487765329],[34.14950151717146,3.50646616919783],[34.1490931601573,3.501837978065019],[34.14826992388674,3.501527945202972],[34.14720696491835,3.498673841432109],[34.144897253176204,3.497631475529164],[34.14228826117154,3.498564270265762],[34.134213896475586,3.498601293135941],[34.131493068198814,3.497631581056486],[34.12838865239128,3.497758155213416],[34.127174253322195,3.496825263014139],[34.12543624035093,3.497554480620701],[34.124430287422264,3.496929020125816],[34.12342802984171,3.49955687055209],[34.12618318798126,3.500999656952042],[34.124955643557534,3.503168890667407],[34.128519193360496,3.504238313088407],[34.128890600662416,3.505264721457902],[34.125892767301174,3.506051663154394],[34.12370639352602,3.507678725157827],[34.12507900279611,3.51300561597155],[34.12419383625784,3.515061148816895],[34.12623545754464,3.51561823897315],[34.12704581132129,3.518496958847497],[34.12128065659774,3.519166442097909],[34.11959280952741,3.5202574932912],[34.11941643536748,3.521312340208505],[34.11839356199389,3.520807150353432],[34.11910736775696,3.522471337075558],[34.118636467461485,3.523811302595806],[34.11575434550653,3.526061163759445],[34.11607803494671,3.527031469606141],[34.113898141974495,3.529337127983041],[34.11091095311176,3.530682959378602],[34.110270195980334,3.534814530671277],[34.11228806515647,3.536520650433145],[34.1183598703826,3.538824623842926]]]}},{"type":"Feature","properties":{"n":"Kaabong West","c":"318102","d":"Kaabong","od":"Kaabong","dc":"318","k":"KAABONGWEST","a":["KAABONGWEST","WEST"],"lat":3.54449,"lon":34.085857},"geometry":{"type":"Polygon","coordinates":[[[34.05493920923335,3.579626591020487],[34.05862713177172,3.574012838111786],[34.06094074273741,3.573352402853177],[34.06353387330035,3.573709342859803],[34.06662662569099,3.572638798141031],[34.07298020280292,3.574113844718027],[34.07417706113054,3.573301807031706],[34.07702267402455,3.574583069547026],[34.07992496201709,3.576645788940215],[34.08103494052546,3.578869259321917],[34.08446330426963,3.590767444059775],[34.09373063719663,3.585448432582493],[34.103670939940045,3.584475721549971],[34.10595131702266,3.582040372318521],[34.10947118221019,3.585091544263187],[34.113341519360254,3.583999572920736],[34.113925666036835,3.582055996413017],[34.11255182245131,3.575673424967329],[34.11872040951232,3.574722465318573],[34.11962301318789,3.573740544992421],[34.115439265202404,3.565393429642658],[34.114753962985624,3.562038398821542],[34.111577280912705,3.559386539507866],[34.11307090001013,3.555747284516793],[34.112942406829966,3.55306325433742],[34.11216463195714,3.552106327068609],[34.11414630268457,3.549473192856288],[34.1165447366192,3.548635373130531],[34.11811361906876,3.5456693906268306],[34.11791524619358,3.545598088201493],[34.11908093729738,3.543380944244729],[34.11909415679846,3.5431948978443333],[34.1183598703826,3.538824623842926],[34.11228806515647,3.536520650433145],[34.1122859182798,3.536518835236822],[34.11044866478292,3.535052464286524],[34.110449625888705,3.5349662396701382],[34.110270195980334,3.534814530671277],[34.110465342557674,3.533556234887664],[34.110482635935085,3.532004777329524],[34.110910342715336,3.5306868951855472],[34.11091095311176,3.530682959378602],[34.113898141974495,3.529337127983041],[34.11607784292612,3.5270316727050495],[34.11575428347409,3.52606182980493],[34.115754508964976,3.526061653749737],[34.11575434550653,3.526061163759445],[34.11863636285753,3.523811384252442],[34.119107058479344,3.5224706160170713],[34.11839356199389,3.520807150353432],[34.11839753234435,3.5208091112811744],[34.11839644331965,3.52080656372102],[34.118834730309295,3.521025040234114],[34.11941476083531,3.521311513169026],[34.1195186813404,3.5207008342521555],[34.11959280952741,3.5202574932912],[34.11959428825994,3.5202565374149746],[34.119594355728246,3.520256140943901],[34.12128017499373,3.519166677537268],[34.12128031814553,3.519166660878803],[34.12128065659774,3.519166442097909],[34.12201762887404,3.5190808605968638],[34.12704547770429,3.518495773698622],[34.12623545754464,3.51561823897315],[34.12419383625784,3.515061148816895],[34.12465281660179,3.513995305123575],[34.125078974229055,3.5130055051070888],[34.12370639352602,3.507678725157827],[34.125892767301174,3.506051663154394],[34.12889031584695,3.5052647962229524],[34.12873237361473,3.5048274506633224],[34.128519215284214,3.504238373676033],[34.124956227257606,3.5031690894133],[34.12495623865555,3.5031690692565096],[34.124955643557534,3.503168890667407],[34.125884116521114,3.5015281558659037],[34.12618301499022,3.5009995663622777],[34.1261723013665,3.5009939559871905],[34.123670469898094,3.499899110282587],[34.12370202506975,3.4997003529108657],[34.12342802984171,3.49955687055209],[34.12393643550271,3.498223865884522],[34.12393943135123,3.498204995856359],[34.1199466681974,3.496963708757217],[34.11364289138721,3.497582071219807],[34.1119820375898,3.499344088113954],[34.106591855926204,3.499977396392995],[34.10244813829068,3.50249458475942],[34.099186650915605,3.503386984645783],[34.089521505370094,3.50926797147774],[34.084139739279145,3.511545995027506],[34.081248107460574,3.518983258514341],[34.0781494178659,3.521925404434254],[34.07649187603444,3.521113744755314],[34.07370928235786,3.517822255461096],[34.06584912897377,3.517061145951734],[34.06240844348339,3.517513144888224],[34.060001818742755,3.515951759152002],[34.060929803867396,3.517241505153365],[34.06002674681292,3.519580195235513],[34.061299372917944,3.520948834430933],[34.061776819074616,3.523640776914613],[34.06075932164681,3.525217487391951],[34.06049913588803,3.528773215766231],[34.058974421897545,3.529244898607231],[34.058703238909246,3.533106962326775],[34.06240582488695,3.535015244805364],[34.06295174317459,3.53641819124017],[34.05824292847752,3.541650208238174],[34.05594228516538,3.542290477418454],[34.05294214011012,3.541106833696821],[34.05382284346525,3.551962969964598],[34.05257854547517,3.55616138210589],[34.05675084396027,3.560990344838211],[34.05482664819929,3.563775368068106],[34.05238123159678,3.57067981049339],[34.052428340584164,3.57411877451841],[34.05493920923335,3.579626591020487]]]}},{"type":"Feature","properties":{"n":"Kakamar","c":"318103","d":"Kaabong","od":"Kaabong","dc":"318","k":"KAKAMAR","a":["KAKAMAR"],"lat":3.47782,"lon":34.114514},"geometry":{"type":"Polygon","coordinates":[[[34.060037393767935,3.489565481228309],[34.06856662706023,3.493338554192616],[34.059971977109754,3.503277097376555],[34.060235648838876,3.505063247374011],[34.0640656712378,3.506073915658745],[34.06517804912093,3.505598075017683],[34.06577654843107,3.506265343100038],[34.065060835676064,3.507445870085129],[34.06492755730155,3.512718749541883],[34.06327568308916,3.5173992166083545],[34.065843308008105,3.5170619106453667],[34.0658465537949,3.517061344804666],[34.065847164942845,3.5170614039642407],[34.06584912897377,3.517061145951734],[34.07370928235786,3.517822255461096],[34.07649187603444,3.521113744755314],[34.0781494178659,3.521925404434254],[34.081248107460574,3.518983258514341],[34.084139739279145,3.511545995027506],[34.089521493871395,3.5092679763449715],[34.08957333880709,3.509236432194754],[34.099186650915605,3.503386984645783],[34.09918783021347,3.5033866619693],[34.0991883871886,3.503386323087459],[34.10208281629616,3.50259454323508],[34.10244813829068,3.50249458475942],[34.10309346355223,3.502102568366459],[34.10659125443229,3.499977616983518],[34.10659154989414,3.4999775822986035],[34.106591855926204,3.499977396392995],[34.1119820375898,3.499344088113954],[34.11364289138721,3.497582071219807],[34.1199466681974,3.496963708757217],[34.12391664885151,3.4981979131364738],[34.12393943504434,3.498204984299509],[34.12396751696715,3.498142372423013],[34.124430287422264,3.496929020125816],[34.12449395929849,3.4969686087010645],[34.12668921940827,3.492074023817393],[34.12570183266563,3.488720261245952],[34.12808564991298,3.489773112302168],[34.129615756511065,3.489204665457438],[34.12997259075361,3.487896069144479],[34.12857449043279,3.485697471088529],[34.12994284572455,3.484505331406388],[34.130104948298325,3.483098928040917],[34.13065698693856,3.482965883420484],[34.131494523702,3.485110896685657],[34.13330080906311,3.486722332751637],[34.135340277477574,3.484546092612339],[34.13532124167423,3.48344202757148],[34.132294706353285,3.482222765354686],[34.13157116474593,3.480414497397473],[34.131464430050194,3.475152581227918],[34.13272395660576,3.474890505859984],[34.135057128851685,3.47717546764485],[34.13653239098927,3.477294441804454],[34.13711926013516,3.476349988969879],[34.13585503647339,3.472324552558776],[34.132409587997905,3.470953964413264],[34.130125899779884,3.469089036239801],[34.13121025229259,3.465833292081447],[34.12985879852046,3.465110028452394],[34.12761357728414,3.4659752198898],[34.12537513564215,3.464925873872611],[34.12489385564698,3.461671360389051],[34.123703549100085,3.461911408802399],[34.12289259429981,3.461051186468592],[34.122933485896944,3.455355527634691],[34.119967764661155,3.450759764896948],[34.12035312474648,3.443997030522844],[34.11815248643747,3.442028413913538],[34.119474047631776,3.438359180607703],[34.11852727630356,3.433535798070061],[34.11731390742463,3.433329053961628],[34.11559549544097,3.434533825340136],[34.114667814937356,3.433634604470696],[34.10290641833862,3.436472309767965],[34.09302289110848,3.43674704282699],[34.092931994918075,3.440576369910413],[34.09508675967683,3.450482007927277],[34.09634705315373,3.453728019891113],[34.09878401247397,3.456152298681439],[34.098748897574275,3.458544573143476],[34.10196106076588,3.463649466591494],[34.10229920388484,3.46667113038365],[34.101158102054065,3.467527043020841],[34.09969417407991,3.472239341883517],[34.09773167746049,3.475093727945639],[34.09736481436881,3.479588294942577],[34.08985764476433,3.478346288418918],[34.075346730200145,3.473870896406391],[34.068272269524165,3.470486910009548],[34.06120057414775,3.46953228756046],[34.05382237064827,3.48017537175494],[34.05060004753251,3.486556145443938],[34.054881036113876,3.488608495758525],[34.060037393767935,3.489565481228309]]]}},{"type":"Feature","properties":{"n":"Lobongia","c":"318104","d":"Kaabong","od":"Kaabong","dc":"318","k":"LOBONGIA","a":["LOBONGIA"],"lat":3.480087,"lon":34.172669},"geometry":{"type":"Polygon","coordinates":[[[34.12676393071065,3.4969974219552142],[34.127174253322195,3.496825263014139],[34.12717441404388,3.4968253864793253],[34.127174567026834,3.496825322363457],[34.12720774347623,3.4968509898977023],[34.12838865239128,3.497758155213416],[34.13145753330354,3.497633029895717],[34.13149284323779,3.497631577240344],[34.131492875941,3.4976315888952785],[34.131493068198814,3.497631581056486],[34.134213896475586,3.498601293135941],[34.137381461784244,3.4985867691004757],[34.14228837971292,3.4985642278835787],[34.14463112167217,3.4977266257119797],[34.14489700436027,3.497631530483738],[34.14489705284564,3.4976315471534893],[34.144897253176204,3.497631475529164],[34.14489856030944,3.4976320654344297],[34.146806072660546,3.498287887017707],[34.146922395004715,3.4985454158933025],[34.14720696491835,3.498673841432109],[34.14826992388674,3.501527945202972],[34.1490931601573,3.501837978065019],[34.149093184070765,3.5018382490927875],[34.14909319802868,3.501838254341713],[34.14911049613666,3.502034458652278],[34.149501487534835,3.5064658333055325],[34.14982245888036,3.5068029330750603],[34.15066068947589,3.507682487765329],[34.14990905928622,3.5093489596846315],[34.150223152258995,3.5103502681400776],[34.15051400468959,3.511276433569418],[34.152712217680616,3.51382152327403],[34.154079709047245,3.514214110922319],[34.15408498703784,3.5147434998550207],[34.154111296113335,3.517340883020081],[34.155622517121046,3.519006664065309],[34.1554601723963,3.519001190004273],[34.159827865770225,3.524373828328773],[34.15991825597182,3.527310303947962],[34.16508037742241,3.52912742899383],[34.178048230191074,3.518687083296222],[34.18665488094074,3.510316278633687],[34.20146241050909,3.507009182927385],[34.20809411238721,3.503391943997431],[34.225403913313556,3.500440638884431],[34.22463064838825,3.493636743800722],[34.22198944781579,3.490495858846641],[34.213649546734494,3.486188721610341],[34.21377917901837,3.479758695921449],[34.211518625853856,3.474404829072159],[34.20176290231985,3.464173231870604],[34.18597693954478,3.454249193289619],[34.187923101904005,3.451894351291438],[34.188810308504294,3.448350248684103],[34.19269949909505,3.445215643890693],[34.19577491506808,3.445602922126294],[34.19779801494885,3.444035619595201],[34.20390684009917,3.441876554743204],[34.204490550983756,3.44238423488157],[34.2082438140557,3.440169876631104],[34.20995776951986,3.44079301383716],[34.21109305201203,3.430444983165121],[34.19692562369544,3.431723566160653],[34.18693185878807,3.433508154163673],[34.174796501731336,3.436601476268809],[34.17205911446578,3.438386044188695],[34.15802130065648,3.43886194321666],[34.14482656245104,3.437535115264329],[34.14514065108787,3.439362531322633],[34.149156703649496,3.441482159410653],[34.15811842619598,3.453496770987384],[34.15004205532912,3.463150909690294],[34.145715926800285,3.472761992454388],[34.136292363721545,3.473706998870527],[34.1370463256167,3.476117756909129],[34.13711926013516,3.476349988969879],[34.13653239098927,3.477294441804454],[34.135057128851685,3.47717546764485],[34.134893160909996,3.477014887781383],[34.134438082356496,3.476937296234938],[34.13219539056233,3.4750004869792366],[34.1316278687284,3.475118573805417],[34.13147101313442,3.4754771208456416],[34.13157116474593,3.480414497397473],[34.132294706353285,3.482222765354686],[34.13532124167423,3.48344202757148],[34.135340277477574,3.484546092612339],[34.13330080906311,3.486722332751637],[34.1333001857722,3.486721776696943],[34.13330009319796,3.486721875425036],[34.131494537240386,3.485110915806307],[34.13149453302375,3.485110905001839],[34.131494523702,3.485110896685657],[34.13065712101984,3.4829662268157016],[34.13010494324943,3.483098971845175],[34.12994284572455,3.484505331406388],[34.12994225615666,3.4845058450502338],[34.12994224453915,3.484505945660811],[34.12871408033349,3.4859169847240934],[34.12997259075361,3.487896069144479],[34.12997188609069,3.4878986533115253],[34.12982398917576,3.488936584241331],[34.12966844010261,3.489011462156205],[34.129615756511065,3.489204665457438],[34.12808811067057,3.489772198111035],[34.12808616290708,3.489773135721691],[34.128085899880006,3.4897730194374192],[34.12808564991298,3.489773112302168],[34.12570217299495,3.4887204115578467],[34.12668922589777,3.4920737853967],[34.12668917893322,3.4920738863396483],[34.12668921940827,3.492074023817393],[34.12449395929849,3.4969686087010645],[34.12443693047483,3.4969331505049093],[34.12443693047492,3.4969331505049683],[34.12543564713704,3.497554111784505],[34.12676393071065,3.4969974219552142]]]}},{"type":"Feature","properties":{"n":"Lodiko","c":"318105","d":"Kaabong","od":"Kaabong","dc":"318","k":"LODIKO","a":["LODIKO"],"lat":3.551365,"lon":34.300797},"geometry":{"type":"Polygon","coordinates":[[[34.13538639110948,3.535957462142855],[34.13460093386949,3.53906847365246],[34.138099645335366,3.540920846377827],[34.13862698077382,3.542808984809171],[34.141241059033376,3.543086734379869],[34.14195505503992,3.546037123588143],[34.14441714253606,3.550366270777956],[34.14851922490269,3.552363132348749],[34.149792344257925,3.555738141082403],[34.153801383324215,3.556262212575994],[34.15415884675331,3.557273267269594],[34.15561662684168,3.556232754291805],[34.15787687755755,3.557749181840848],[34.1609462222987,3.557807075162604],[34.164129599730025,3.559959159209432],[34.16417460052782,3.561354119034838],[34.165171721881386,3.559950660338504],[34.167029841339186,3.561235111717028],[34.16968334142841,3.560760170460009],[34.170229336117806,3.561664241115754],[34.16876595635964,3.563265882916845],[34.16771884476177,3.567377892288821],[34.1644471199484,3.572300670884699],[34.164161564611746,3.57608390361378],[34.16586037073341,3.580531908205812],[34.165476868428925,3.581187118292004],[34.17296245311393,3.58506726666956],[34.17492289437684,3.584343889165359],[34.17776372779084,3.585681644256895],[34.18187942949095,3.584554945149389],[34.18064360130189,3.582654212152991],[34.18105454833075,3.576023598425179],[34.18285804371873,3.575685218596906],[34.18380993515939,3.574560864362423],[34.184646515529,3.570313528640666],[34.18444425999847,3.568148221851607],[34.18288804096564,3.565458729259602],[34.186029051553234,3.56524081153294],[34.188583427786455,3.567196073495728],[34.18959416309175,3.570661078644096],[34.19232102215456,3.572188689662239],[34.19483373234574,3.572488501787764],[34.20142162057527,3.57091188984903],[34.204088753677176,3.571865059625293],[34.20451973162637,3.572822072929544],[34.20828099051244,3.571383216415838],[34.211286809209064,3.57520594079779],[34.21143194823003,3.576546276558187],[34.21370716715212,3.577583254351555],[34.214521914005836,3.576015938882319],[34.21418641057375,3.563878630352256],[34.214935929013144,3.56323252194214],[34.22218719179153,3.562899406072686],[34.228573914396506,3.556537132533596],[34.23596837173362,3.55537853287945],[34.23904055121776,3.555841008323841],[34.24600947985381,3.558964558816613],[34.24492361490468,3.567468341057003],[34.241911203263484,3.57294501650171],[34.24191333831912,3.574570536006308],[34.2455105623112,3.582936435546285],[34.25032140160535,3.591490269041268],[34.25096961981174,3.595032283757581],[34.254948238703264,3.593715307497572],[34.25672037330799,3.59405749977554],[34.25809055858506,3.592687684628785],[34.26156971680471,3.592772589569962],[34.268084936449,3.59042111555316],[34.270207158684734,3.590559692247362],[34.2714790526673,3.588401154166727],[34.27403214656696,3.589346167477519],[34.27610674869069,3.588774639740354],[34.28339738292781,3.591292656386835],[34.28435434035311,3.593062651449904],[34.28573399123882,3.593061567711163],[34.286738632825916,3.594830167646083],[34.29130645952557,3.591090474033335],[34.29130815473174,3.590086292873038],[34.29664127904442,3.590891775934836],[34.29988691095944,3.59529007069137],[34.30250679043701,3.595145439662359],[34.305035972957455,3.60266106899242],[34.306556347175096,3.602726706069139],[34.30826422596089,3.604270711264787],[34.31268073213761,3.621390831774719],[34.32508650934998,3.622460008713531],[34.35890515691475,3.621134152948305],[34.380593183916424,3.621979440040875],[34.4559378290179,3.6201830905589505],[34.45412483067693,3.6097000110428543],[34.4538609918764,3.608439114073864],[34.456295930516504,3.584029963889265],[34.4574,3.5728],[34.45727559220609,3.5714028047760396],[34.453415179723855,3.535436122123973],[34.45230883007714,3.5156222454817647],[34.4522,3.5144],[34.4255,3.489],[34.42165751264168,3.4885046270653035],[34.396803345307546,3.485309106907517],[34.391742358656344,3.490072925347213],[34.38971744811679,3.489055210161138],[34.39004765047465,3.487599194902343],[34.35923190086676,3.48680035629059],[34.33619856407516,3.482248105239723],[34.32939331975282,3.485643959855376],[34.323847986931455,3.486075064704991],[34.321672934842866,3.487982955354823],[34.313952176615494,3.488275909475098],[34.31331958161274,3.489335030760005],[34.3087594381737,3.488703693845808],[34.30854257582708,3.485532204707163],[34.30594490530682,3.485465284377099],[34.30345491524149,3.487126576908666],[34.301983146012745,3.489951150932386],[34.28964056988958,3.498644414586161],[34.286834050962504,3.499283228006822],[34.26997543985826,3.493662881582299],[34.2653424062031,3.494021896431763],[34.24976222766293,3.498840131313633],[34.22540400663229,3.500440635188616],[34.20790945493172,3.5034926647700106],[34.20146241050909,3.507009182927385],[34.20145599183634,3.507010616465976],[34.20145370859147,3.507011912265947],[34.19014016450962,3.509537879625757],[34.18665488094074,3.510316278633687],[34.178048230191074,3.518687083296222],[34.17804819824559,3.518687109015353],[34.178048181160975,3.518687125632413],[34.17802017562098,3.518709669873615],[34.16508037742241,3.52912742899383],[34.15991825597182,3.527310303947962],[34.159827869123404,3.5243739372622476],[34.159826011122945,3.524371546953179],[34.15546370983693,3.5190055413603445],[34.1513928092941,3.5188640436084615],[34.15138244188991,3.518863694032561],[34.15071809250438,3.5181114390231016],[34.1478832876018,3.5197205228422654],[34.13877051792536,3.524893402003787],[34.1355358895015,3.524875903025274],[34.135464088144005,3.527431314759308],[34.13546383098568,3.5274317738176073],[34.1354638250639,3.527431988243118],[34.134804880556764,3.528608078948897],[34.13301553216771,3.531802279300499],[34.133061839192365,3.5340584068984726],[34.13306257804241,3.534093888285834],[34.13538639110948,3.535957462142855]]]}},{"type":"Feature","properties":{"n":"Lolelia","c":"318106","d":"Kaabong","od":"Kaabong","dc":"318","k":"LOLELIA","a":["LOLELIA"],"lat":3.538763,"lon":34.021331},"geometry":{"type":"Polygon","coordinates":[[[33.99181797959351,3.57805890822785],[33.98982083764994,3.581363894426802],[33.99094537954717,3.586270192655325],[33.98894950098193,3.590674933138529],[33.98841156365007,3.59510062514031],[33.99156436093625,3.59492237511189],[33.991913444415886,3.596492503258781],[33.9982610839878,3.5984345696914],[33.998053800886574,3.599374386520284],[34.00285078958965,3.597765871210547],[34.003992964338565,3.596436803104623],[34.00839017688506,3.597217005632933],[34.010748918854674,3.596455812549098],[34.01135974685735,3.597388328226986],[34.013801907429986,3.596564682781751],[34.01634625507135,3.597549277608366],[34.018260126498355,3.595836569562112],[34.020481361003846,3.596946077614216],[34.022220386853824,3.59123574334656],[34.02500023822684,3.587907719517625],[34.027915743113766,3.581487942961107],[34.03162361884509,3.577815573863648],[34.03201895960297,3.575881145562962],[34.036010813353016,3.576600949589331],[34.03832248956829,3.573499058707753],[34.04699581829237,3.574729468422982],[34.05242832939773,3.574118771671667],[34.05242633822593,3.573972602029303],[34.05238123159678,3.57067981049339],[34.05482664819929,3.563775368068106],[34.05675084396027,3.560990344838211],[34.05257854547517,3.55616138210589],[34.052916158155035,3.555022236028747],[34.05382246932053,3.551958358007566],[34.05294214011012,3.541106833696821],[34.055925613049666,3.5422838997881305],[34.055942342902554,3.542290461350194],[34.05824292847752,3.541650208238174],[34.06295174317459,3.53641819124017],[34.06240582488695,3.535015244805364],[34.058703238909246,3.533106962326775],[34.058703344011406,3.5331054655100718],[34.05870303056537,3.533105303848472],[34.05879127226907,3.53185323159974],[34.058974421897545,3.529244898607231],[34.06049913588803,3.528773215766231],[34.06075932164681,3.525217487391951],[34.06075942665845,3.5252173246662823],[34.060759431215494,3.525217261926427],[34.061776561175314,3.5236393228237564],[34.061299372917944,3.520948834430933],[34.06002674681292,3.519580195235513],[34.06055286086849,3.518217692481414],[34.06092858898794,3.5172398166716494],[34.06091923326498,3.517226813762485],[34.05991923300751,3.516293982463496],[34.06009361078078,3.5160793349189645],[34.060001818742755,3.515951759152002],[34.06012979824794,3.5160347905322404],[34.060257900063036,3.515877105641882],[34.06306990152134,3.5174262498986875],[34.06327567205702,3.517399218057634],[34.063880841177834,3.515684544581398],[34.06492755730155,3.512718749541883],[34.065060835676064,3.507445870085129],[34.06577654843107,3.506265343100038],[34.06517839366876,3.5055984591547507],[34.06474984552274,3.505781247191238],[34.0640656712378,3.506073915658745],[34.064064442148556,3.5060735913260412],[34.064064125322645,3.506073726461349],[34.06331577799453,3.505876033443194],[34.060235648838876,3.505063247374011],[34.06023551054151,3.5050623105278653],[34.060235219384,3.505062233611967],[34.060078555591595,3.5039990752529784],[34.059971977109754,3.503277097376555],[34.06856662706023,3.493338554192616],[34.060379617329936,3.489716870506253],[34.0600373351533,3.4895654703498242],[34.054881036113876,3.488608495758525],[34.05488012190846,3.4886080574789697],[34.045820124727136,3.485010848690132],[34.03392280313239,3.482060321905331],[34.00909930113256,3.478120427630479],[34.00451837462577,3.489761236556052],[34.0045738675608,3.497552420774829],[33.99909847108923,3.497962086749292],[33.99889152156448,3.498945005591464],[33.98911130440066,3.498619188683671],[33.9846498167704,3.497429498157931],[33.98494721434803,3.503377921984849],[33.98405508290043,3.507541089347902],[33.97840373053307,3.511111394708517],[33.97691654344633,3.516762329946824],[33.97423967358635,3.519736940961514],[33.972362105609065,3.524282631737487],[33.9748,3.5254],[33.9914,3.557],[33.99007690300394,3.5753028417787784],[33.991386390253815,3.575762122654202],[33.99181797959351,3.57805890822785]]]}},{"type":"Feature","properties":{"n":"Lolelia South","c":"318107","d":"Kaabong","od":"Kaabong","dc":"318","k":"LOLELIASOUTH","a":["LOLELIASOUTH"],"lat":3.372405,"lon":34.000791},"geometry":{"type":"Polygon","coordinates":[[[33.94300923180844,3.466199078038175],[33.96501926191625,3.488803940260369],[33.97453710490164,3.494157726091927],[33.98911066552469,3.498619018322404],[33.98911130440066,3.498619188683671],[33.99694741998879,3.49888024003941],[33.99889152282179,3.498944999619784],[33.99909847108923,3.497962086749292],[33.99910122698627,3.497961880554681],[33.99910128967216,3.497961580617716],[33.999913851821454,3.4979010804378845],[34.0045738675608,3.497552420774829],[34.00451837462577,3.489761236556052],[34.00451852620843,3.4897608513621803],[34.00451852593734,3.489760815541194],[34.00454570140101,3.4896917951955166],[34.00909930113256,3.478120427630479],[34.03392268387974,3.4820603029779917],[34.03392268702957,3.482060303477895],[34.033922687029815,3.4820603034779603],[34.03392280313239,3.482060321905331],[34.045820124727136,3.485010848690132],[34.047834287370506,3.485810557941457],[34.05060003631211,3.486556141631266],[34.053822193904445,3.480175663107841],[34.053822302891994,3.4801755059244326],[34.05382237064827,3.48017537175494],[34.06120057414775,3.46953228756046],[34.06120194979072,3.4695324732612844],[34.0612019528528,3.469532468845109],[34.06293107775822,3.4697658917397765],[34.068272269524165,3.470486910009548],[34.075346730200145,3.473870896406391],[34.088876402999865,3.4780436581790655],[34.089857656313406,3.478346290329629],[34.09736481436881,3.479588294942577],[34.09773167746049,3.475093727945639],[34.099340946620586,3.4727530994750784],[34.09969427348463,3.4722390219054975],[34.101158102054065,3.467527043020841],[34.10229920388484,3.46667113038365],[34.10196106076588,3.463649466591494],[34.098748897574275,3.458544573143476],[34.098784007336675,3.4561526486702228],[34.097626166457616,3.4550004774275513],[34.09634705315373,3.453728019891113],[34.09508675967683,3.450482007927277],[34.092931994918075,3.440576369910413],[34.09302289110848,3.43674704282699],[34.10290637263354,3.4364723110384316],[34.114667809357606,3.4336345931282],[34.114005012068525,3.43202816946243],[34.114480395038804,3.430512353937242],[34.11766500565045,3.42847887700186],[34.11841296097674,3.425762346629524],[34.1209569567861,3.42327995522739],[34.1146572366847,3.419502077363112],[34.11579894499083,3.418802872582687],[34.11725060632128,3.419084635370493],[34.116603194478955,3.415466848234398],[34.11469983630887,3.413335073748696],[34.11479575280007,3.412458904571797],[34.115860801518046,3.412116561214667],[34.115765623029226,3.410765033977486],[34.11488876009196,3.410857894358938],[34.11275942328578,3.4064036885161],[34.11200569173952,3.399469478769999],[34.11321159460031,3.397207469164624],[34.11321197950584,3.39434285598786],[34.11562379662774,3.391629250698333],[34.11547303529145,3.390573916979216],[34.11366395824273,3.389367187413144],[34.1121566774796,3.386350779795991],[34.11245778095576,3.383789596398928],[34.11140251316283,3.382432813684282],[34.105824781109455,3.378361782167532],[34.10552270120176,3.375045372438719],[34.10401419989892,3.376402116086759],[34.10175655244063,3.375651189597312],[34.10280896483791,3.374593078902202],[34.10160224288102,3.374589451477305],[34.10024599035532,3.370220271141999],[34.10009524396051,3.365999606055463],[34.098889149884265,3.365245796974219],[34.09783354896376,3.366450981957417],[34.09632753837002,3.365997227113311],[34.09692982409089,3.361928725199151],[34.09753320698226,3.361327196643487],[34.09858762025122,3.361929003167271],[34.099039904017225,3.360722910004421],[34.097684599593194,3.357557759215744],[34.09949219221415,3.355747743366698],[34.09783440326358,3.353637282247094],[34.098738379912724,3.349114190965811],[34.09587416100044,3.348812603081379],[34.094217160544176,3.347756121874662],[34.096476938580395,3.343837491608655],[34.09602541983538,3.342331106162438],[34.096929227546745,3.341576049674329],[34.09707999136614,3.339163852840296],[34.09602465557334,3.338108518945706],[34.09346212969424,3.338409163671554],[34.09240749512042,3.336602840524534],[34.09300939891312,3.334791733204445],[34.09255711162037,3.33237953364231],[34.09029352771198,3.328730147866305],[34.09100679666948,3.325637523676213],[34.08886751583197,3.32528075702235],[34.08874730104048,3.324454525214028],[34.0902929589666,3.324804700041506],[34.09029282130803,3.322545588161193],[34.09095664835335,3.32195851222738],[34.092291842650575,3.32352638773267],[34.09451849456434,3.321963875061291],[34.09146044855101,3.319057485963867],[34.09360140930804,3.312515438247382],[34.09175789160161,3.312395124017136],[34.090448626933984,3.308172922291988],[34.088188143035296,3.306388329555551],[34.087352753394335,3.307577089072496],[34.08484368347399,3.306136172133142],[34.084269642596,3.302250919555485],[34.08227284022435,3.30407593680011],[34.081699735237244,3.30242216096184],[34.07735969023519,3.300195066347873],[34.07381949374146,3.300707998721192],[34.0719345167296,3.296749604133193],[34.06669993060314,3.295035134889007],[34.06670088030353,3.293706957965894],[34.06793702465305,3.29398941877138],[34.070316482009034,3.292085852987725],[34.070602016118585,3.290753363358547],[34.06860498739934,3.290182915420858],[34.06869844827079,3.287707651274344],[34.0660350564438,3.286184479851852],[34.06689005780481,3.283995688683589],[34.06641416555853,3.279427130892034],[34.06422742759402,3.279899831078265],[34.06460540200692,3.277146061436266],[34.06926952077975,3.274097126170403],[34.071173087915,3.270480348363526],[34.071173288576325,3.263532363531072],[34.07412361812094,3.25801197562202],[34.07098461017195,3.254680682621589],[34.07164949647659,3.254111227000633],[34.07288630055115,3.254775901016442],[34.073601443314324,3.250786177034876],[34.0536,3.2512],[34.0409250533318,3.248765738719352],[34.03724057895363,3.248452237708902],[34.0112,3.2516],[33.99952893433376,3.2523199683365536],[34.00052616283569,3.25420948102385],[34.00031875093757,3.255966492310856],[33.99580886429557,3.256608647414144],[33.985590452736155,3.271373923119105],[33.95826830372213,3.297284698153231],[33.95037846940185,3.29649850200434],[33.93305195593062,3.297363195918417],[33.91533432179683,3.301496264219425],[33.914679973949475,3.303161879597687],[33.91571239305339,3.305603660125377],[33.918381281216796,3.307753205423036],[33.91741615509561,3.310062317169819],[33.91949346592257,3.314015412377],[33.919950320509514,3.317129551413978],[33.922261850169235,3.320983210688339],[33.920075441049775,3.321889170304569],[33.91822000456983,3.320081519224184],[33.91626885588098,3.320367052163002],[33.91709080497969,3.323638921422321],[33.916126780523065,3.335202046617109],[33.90303997668149,3.352453223431154],[33.89828105565222,3.392309191884241],[33.91612701102674,3.447036792001229],[33.94300923180844,3.466199078038175]]]}},{"type":"Feature","properties":{"n":"Loyoro","c":"318108","d":"Kaabong","od":"Kaabong","dc":"318","k":"LOYORO","a":["LOYORO"],"lat":3.291574,"lon":34.338145},"geometry":{"type":"Polygon","coordinates":[[[34.21151811142684,3.474404269254505],[34.21151812681028,3.4744043056857765],[34.211518625853856,3.474404829072159],[34.21377917901837,3.479758695921449],[34.213649546734494,3.486188721610341],[34.22198944781579,3.490495858846641],[34.22463064838825,3.493636743800722],[34.225389716424075,3.5003157216104315],[34.22540392496401,3.500440637493746],[34.249762310012784,3.498840105846597],[34.2653424062031,3.494021896431763],[34.26997543985826,3.493662881582299],[34.28683403925291,3.499283224103062],[34.28691746687705,3.4992642410670958],[34.28964056988958,3.498644414586161],[34.301983146012745,3.489951150932386],[34.30321161152277,3.4875935178871504],[34.303454194623114,3.487127591005435],[34.303454489250846,3.487127394456746],[34.30345491524149,3.487126576908666],[34.30594490530682,3.485465284377099],[34.30854257582708,3.485532204707163],[34.3087594381737,3.488703693845808],[34.31281745691242,3.489265513240857],[34.31331978685099,3.4893346871401554],[34.313952176615494,3.488275909475098],[34.32119783575555,3.488000982371221],[34.32167300473452,3.487982894047956],[34.323847986931455,3.486075064704991],[34.329206000222364,3.485658522436308],[34.32939334822379,3.4856439456482033],[34.33619856407516,3.482248105239723],[34.35923190086676,3.48680035629059],[34.37383357952504,3.487178876523168],[34.39004765314457,3.487599183482241],[34.391729461853714,3.480224370031667],[34.40454537904327,3.467308356753504],[34.4173518028839,3.447943457773261],[34.418860674649835,3.4381808955991864],[34.42,3.4306],[34.4105,3.4154],[34.402481846134314,3.412331323829182],[34.402437964372226,3.412327158971645],[34.40243724231208,3.412314253230551],[34.4024,3.4123],[34.402375443531454,3.4112096927965316],[34.401051804608144,3.387551634034088],[34.40136102682031,3.367872260657275],[34.4020968242498,3.3672364711068474],[34.4307,3.34],[34.43070161838576,3.339992947034885],[34.4303631093283,3.338297877530163],[34.4324038081905,3.3325747618364563],[34.438128844040506,3.3076249142432417],[34.43875643753163,3.304687082766199],[34.44817713700189,3.280235919909445],[34.44903477244727,3.2728154745049505],[34.4508,3.2572],[34.4561,3.1793],[34.4613,3.1712],[34.48279663218111,3.162401378456102],[34.48280891234583,3.162383428606971],[34.4956,3.1386],[34.50664037081092,3.1434141151791812],[34.512814900996965,3.146081506543339],[34.51322757940714,3.145944401576689],[34.54655143415162,3.1338176733708596],[34.54656059278173,3.133813568432555],[34.55967884691976,3.1076786979544044],[34.55960063052773,3.1075999307427185],[34.55394478384943,3.103930929910717],[34.54548894236344,3.093425503616715],[34.53940951381294,3.092077700717967],[34.53415085009753,3.0901768414277],[34.52092876521977,3.0864217693224165],[34.52049470056236,3.086335215973484],[34.51341196915987,3.091436935952431],[34.50068739698519,3.092591662159399],[34.50053307743235,3.092535915756863],[34.489862270540506,3.0958685401314936],[34.48790759079815,3.09678220169315],[34.48746517835892,3.096617181533552],[34.4872,3.0967],[34.4423,3.0798],[34.440837510891065,3.080195886313606],[34.398192089890784,3.093096609347264],[34.397630321654184,3.09192237060572],[34.35369543804237,3.0860035615519696],[34.3425,3.0845],[34.34249301992266,3.084503481922304],[34.33388896496136,3.090195420730349],[34.33201925294306,3.089728186613288],[34.2565,3.1274],[34.216222928510135,3.149204844849124],[34.21862932501988,3.155048329962854],[34.22355471006653,3.16304361873851],[34.2237975360274,3.169581565407685],[34.22262682365518,3.171252461243464],[34.224124395499146,3.172608508254827],[34.223483427937964,3.173750894900114],[34.22448280148759,3.177177314354702],[34.22605178257342,3.177678860042524],[34.22569632602941,3.178819147167729],[34.22648054055014,3.180816895415727],[34.22562496275104,3.181531854087657],[34.22762354821844,3.186886084980443],[34.22680832806478,3.189966922762882],[34.22747445900362,3.19160920056512],[34.22680832700934,3.192393974303898],[34.22704627239964,3.195867982587702],[34.2279947742119,3.196324608737342],[34.22564239055369,3.199223025727561],[34.225975515201114,3.200650697600672],[34.226855593909086,3.200509053796186],[34.226142081521864,3.202911192382729],[34.22783357648208,3.20490252332567],[34.21820334634155,3.212127352309185],[34.21229847377148,3.213920087276759],[34.21617956206267,3.219990447642623],[34.2221544239496,3.238698027811093],[34.22297257746838,3.245828664945682],[34.228390809028824,3.256807200791622],[34.23021092114124,3.265515835129323],[34.23024659809609,3.27520779716507],[34.231440508264335,3.277935301458068],[34.232233508331376,3.284274662352313],[34.2314783997779,3.289445564805651],[34.23348321225367,3.293701884374935],[34.23358842278734,3.301409209106263],[34.23169192821273,3.308159881369963],[34.231652930793416,3.315147845120017],[34.227685617914815,3.322763900963369],[34.222544464606315,3.324420754742143],[34.21745400173053,3.32883061781845],[34.214601405625146,3.332662997348655],[34.21218004868676,3.338984292441552],[34.20768216608877,3.345679775738531],[34.20113867760194,3.345919177519653],[34.201651986449235,3.371238463121517],[34.20398143226788,3.377410397524954],[34.20494610359753,3.386308469256407],[34.20756300164685,3.393658758570984],[34.209952600976386,3.405704420337373],[34.21135803288982,3.408989146695276],[34.21067200828914,3.420646668776306],[34.211093034764595,3.4304449847216687],[34.21109305201203,3.430444983165121],[34.211093039570564,3.430445096568335],[34.21109304287863,3.430445173555111],[34.209958746735744,3.440786618857685],[34.209958481586234,3.4407865233955937],[34.20995776951986,3.44079301383716],[34.2082438140557,3.440169876631104],[34.204490550983756,3.44238423488157],[34.2039772090326,3.441937757833304],[34.203906327214874,3.4418767360138136],[34.19779801494885,3.444035619595201],[34.19672452727486,3.4448672542389134],[34.195776987755366,3.445601848997424],[34.1957763961132,3.445601774755474],[34.19577491506808,3.445602922126294],[34.192762386332355,3.4452235630985397],[34.192699469215974,3.4452156679725894],[34.188810308504294,3.448350248684103],[34.187923101904005,3.451894351291438],[34.18597693954478,3.454249193289619],[34.20176290231985,3.464173231870604],[34.208129487366435,3.4708503720662067],[34.21151811142684,3.474404269254505]]]}},{"type":"Feature","properties":{"n":"Sidok (Kopoth)","c":"318109","d":"Kaabong","od":"Kaabong","dc":"318","k":"SIDOKKOPOTH","a":["SIDOKKOPOTH"],"lat":3.343084,"lon":34.152838},"geometry":{"type":"Polygon","coordinates":[[[34.06866606631738,3.2902003625123775],[34.070602016118585,3.290753363358547],[34.070316482009034,3.292085852987725],[34.06793702465305,3.29398941877138],[34.06670088030353,3.293706957965894],[34.06669993060314,3.295035134889007],[34.0719345167296,3.296749604133193],[34.07381949374146,3.300707998721192],[34.07735969023519,3.300195066347873],[34.0779386282898,3.300492148480115],[34.08169867131095,3.302421325020346],[34.08169879302416,3.3024216774650843],[34.081699735237244,3.30242216096184],[34.08227284022435,3.30407593680011],[34.08353774313522,3.3029198536253848],[34.0842683482145,3.302251743278303],[34.08426839489536,3.3022520599163014],[34.084269642596,3.302250919555485],[34.08484363809089,3.306135864968935],[34.08735301600995,3.3075767153704554],[34.088188143035296,3.306388329555551],[34.090448626933984,3.308172922291988],[34.09044912452117,3.308174526943466],[34.090449664323664,3.308174953005001],[34.09083816622284,3.309429133887766],[34.09175789160161,3.312395124017136],[34.09360140930804,3.312515438247382],[34.09146044855101,3.319057485963867],[34.09451849456434,3.321963875061291],[34.094516971830494,3.3219649436122003],[34.09451716487291,3.321965127115288],[34.09229403705873,3.32352638773267],[34.09229321720803,3.323525423161861],[34.092291842650575,3.32352638773267],[34.09095664835335,3.32195851222738],[34.09029297065601,3.322545456080703],[34.090292831898154,3.3227193823924264],[34.0902929589666,3.324804700041506],[34.08874730104048,3.324454525214028],[34.08886751583197,3.32528075702235],[34.09100679666948,3.325637523676213],[34.09029352771198,3.328730147866305],[34.09255711162037,3.33237953364231],[34.09300939891312,3.334791733204445],[34.09240749512291,3.336602840517036],[34.09240750282477,3.3366028537201404],[34.09346212969424,3.338409163671554],[34.09602465557334,3.338108518945706],[34.09707999136614,3.339163852840296],[34.096929227546745,3.341576049674329],[34.09602541983538,3.342331106162438],[34.096476938580395,3.343837491608655],[34.094217160544176,3.347756121874662],[34.09587416100044,3.348812603081379],[34.098738379912724,3.349114190965811],[34.09783440326358,3.353637282247094],[34.09949219221415,3.355747743366698],[34.097684599593194,3.357557759215744],[34.099039904017225,3.360722910004421],[34.09858762025122,3.361929003167271],[34.09753320698226,3.361327196643487],[34.09692982409089,3.361928725199151],[34.09632753837002,3.365997227113311],[34.09783354896376,3.366450981957417],[34.098889149884265,3.365245796974219],[34.10009524396051,3.365999606055463],[34.100245574242585,3.3702086206313906],[34.100245994049075,3.3702202830414585],[34.10160224288102,3.374589451477305],[34.10280896483791,3.374593078902202],[34.10175790394791,3.375649830772273],[34.10401435387426,3.3764019776015815],[34.10552270120176,3.375045372438719],[34.105824781109455,3.378361782167532],[34.11140251316283,3.382432813684282],[34.11140270692419,3.382433062807836],[34.11140270692731,3.382433062810112],[34.111402708883695,3.3824330653272154],[34.11245778095576,3.383789596398928],[34.1121566774796,3.386350779795991],[34.11366395824273,3.389367187413144],[34.11547303529145,3.390573916979216],[34.11562379662774,3.391629250698333],[34.11321197950584,3.39434285598786],[34.11321159460031,3.397207469164624],[34.11200569173952,3.399469478769999],[34.11275942328578,3.4064036885161],[34.11417779136125,3.4093706702311266],[34.114888881133446,3.4108578815405624],[34.115765623029226,3.410765033977486],[34.11576568105689,3.4107658579659055],[34.115765831452194,3.410765841762697],[34.11579061436319,3.4111199090019273],[34.115860801518046,3.412116561214667],[34.11501691888002,3.412387814172818],[34.114795752325485,3.4124589089069715],[34.11469983669616,3.413335070210916],[34.11470829097037,3.413344543028811],[34.116603194478955,3.415466848234398],[34.11725060632128,3.419084635370493],[34.11579894499083,3.418802872582687],[34.115553943408074,3.418952916404697],[34.1146572930403,3.4195021111589923],[34.1209569567861,3.42327995522739],[34.118459020641055,3.4257174023280226],[34.1184129467159,3.425762398424061],[34.11766500565045,3.42847887700186],[34.114480395038804,3.430512353937242],[34.114005012068525,3.43202816946243],[34.11400501615728,3.43202817937236],[34.11559249563161,3.434530917559738],[34.11559503361391,3.434533377681125],[34.11654813261302,3.43386593544534],[34.11731390742463,3.433329053961628],[34.11852727630356,3.433535798070061],[34.119474047631776,3.438359180607703],[34.11947398619361,3.438359351186995],[34.11947400212042,3.438359432333626],[34.118152634970755,3.4420285467863954],[34.119706862521326,3.443418906191737],[34.12035230171479,3.443995939515022],[34.12035238780476,3.4439963712796993],[34.12035312474648,3.443997030522844],[34.12035299016633,3.443999392287398],[34.120614001020044,3.445308432951816],[34.11996778489712,3.4507594097733834],[34.119967764661155,3.450759764896948],[34.122933485896944,3.455355527634691],[34.12289259429981,3.461051186468592],[34.123703549100085,3.461911408802399],[34.12489385564698,3.461671360389051],[34.12537513564215,3.464925873872611],[34.12761357728414,3.4659752198898],[34.12985879852046,3.465110028452394],[34.13030644065832,3.465349595120398],[34.13067807362613,3.465263143121382],[34.131204697121966,3.465830319095653],[34.13121025229259,3.465833292081447],[34.13120951446392,3.4658355073955245],[34.13120985384509,3.46583587291064],[34.13080746382965,3.467042655429548],[34.13012591817931,3.4690889809959256],[34.1320032217169,3.470622113541412],[34.132409587997905,3.470953964413264],[34.13585503647339,3.472324552558776],[34.13590421898247,3.4724811554359682],[34.13629236249864,3.473706987809874],[34.136488128296506,3.473687367359829],[34.145715926800285,3.472761992454388],[34.15004205532912,3.463150909690294],[34.15811842619598,3.453496770987384],[34.149156703649496,3.441482159410653],[34.14514065108787,3.439362531322633],[34.14482656245104,3.437535115264329],[34.15802130065648,3.43886194321666],[34.17205911446578,3.438386044188695],[34.174796501731336,3.436601476268809],[34.18693185878807,3.433508154163673],[34.19692562369544,3.431723566160653],[34.19887282448301,3.431547835056868],[34.21109303427426,3.4304449733105233],[34.210760799041985,3.4227130467838087],[34.210672008172644,3.420646782576872],[34.2106720110662,3.4206467334053405],[34.21067200828914,3.420646668776306],[34.210858725152754,3.4174738146857626],[34.21135801742083,3.4089891105416945],[34.209952600976386,3.405704420337373],[34.20995253404586,3.4057040829492373],[34.20995252466491,3.405704061026733],[34.20973484515625,3.4046067413563845],[34.207563021392154,3.393658858104516],[34.20708808488851,3.3923248221667612],[34.20494610359753,3.386308469256407],[34.20398143226788,3.377410397524954],[34.201651986449235,3.371238463121517],[34.20165198156064,3.3712382219882064],[34.20165197837494,3.371238213547376],[34.20164938117377,3.371109956251088],[34.20113867760194,3.345919177519653],[34.20768216608877,3.345679775738531],[34.21218004868676,3.338984292441552],[34.214601405625146,3.332662997348655],[34.21460156734082,3.3326627800883735],[34.21460161768578,3.332662648654851],[34.217453713519525,3.328830964863535],[34.21745379767711,3.3288308919582605],[34.21745400173053,3.32883061781845],[34.222544464606315,3.324420754742143],[34.22660452175265,3.323112308831024],[34.22768568680961,3.3227637687059475],[34.231652930793416,3.315147845120017],[34.231679123351036,3.31045438985074],[34.2316919173859,3.308159974862099],[34.231691927899845,3.308159937435922],[34.23169192821273,3.308159881369963],[34.23216083582835,3.306490780030369],[34.23358842060939,3.3014090495573885],[34.23348321225367,3.293701884374935],[34.2314783997779,3.289445564805651],[34.232233508331376,3.284274662352313],[34.231440508264335,3.277935301458068],[34.23024659809609,3.27520779716507],[34.23021092114124,3.265515835129323],[34.228390809028824,3.256807200791622],[34.22297257746838,3.245828664945682],[34.2221544239496,3.238698027811093],[34.216179572299765,3.2199904796954675],[34.21229846188528,3.213920090864378],[34.20154620357192,3.217184028581274],[34.166152642761375,3.219563427037923],[34.149119135516074,3.218305749511984],[34.146233923299434,3.219706485786027],[34.13795571112689,3.225073736963636],[34.13087874645194,3.227668652938512],[34.11839780715362,3.234448100593851],[34.11491414999561,3.234911863854371],[34.09482721903224,3.2446638303379087],[34.085857495935,3.24950857465732],[34.08263787424581,3.250624408432933],[34.082300075324596,3.2506062053381117],[34.073601443314324,3.2507861770348763],[34.07288630055115,3.254775901016442],[34.07164949647659,3.254111227000633],[34.07098461017195,3.254680682621589],[34.07412361812094,3.25801197562202],[34.071173288576325,3.263532363531072],[34.071173087915,3.270480348363526],[34.07117298551524,3.270480542923077],[34.071172985515055,3.270480554501875],[34.0692700466428,3.274096252424427],[34.069269946072005,3.2740963181150553],[34.06926952077975,3.274097126170403],[34.06460540200692,3.277146061436266],[34.06422742759402,3.279899831078265],[34.06641416555853,3.279427130892034],[34.06689005780481,3.283995688683589],[34.0660350564438,3.286184479851852],[34.06869844827079,3.287707651274344],[34.068604992630156,3.290182776885346],[34.06866606631738,3.2902003625123775]]]}},{"type":"Feature","properties":{"n":"Kaabong East","c":"318201","d":"Kaabong","od":"Kaabong","dc":"318","k":"KAABONGEAST","a":["EAST","KAABONGEAST"],"lat":3.573343,"lon":34.141896},"geometry":{"type":"Polygon","coordinates":[[[34.10554831234215,3.592757497847564],[34.11455256209668,3.596396042082419],[34.11882949952196,3.596912150365844],[34.11801798364228,3.599447099938252],[34.120833160996725,3.600395441105504],[34.12102365773,3.601143872128487],[34.12606265016788,3.600165034970123],[34.12519953167851,3.59865987177077],[34.126040148633614,3.59719093426615],[34.12742440955856,3.59547431312537],[34.12877920747899,3.595755039273786],[34.13047224566751,3.591596360231144],[34.133889835743545,3.588062079946518],[34.139338436609506,3.589103071745356],[34.14135615763673,3.595207996657312],[34.13595197951094,3.598188876967344],[34.15003618129078,3.604289746550133],[34.15536616941637,3.602576535758736],[34.15879545922036,3.598084142176094],[34.1678541815023,3.596581856671669],[34.17907636684705,3.596660561324131],[34.184127774190266,3.595753794076936],[34.18325159732135,3.600955613097144],[34.18463163432523,3.602574210100556],[34.1847427619459,3.605106340437501],[34.1883264854204,3.603966928919562],[34.18964163151959,3.607389187662608],[34.193701634426006,3.610477535915505],[34.194106078506536,3.6119525226761],[34.20232654887766,3.608616151861603],[34.203796800487346,3.608892644775755],[34.209804937376155,3.607227022558666],[34.21551565673983,3.604550168284016],[34.22402221636727,3.602289641503805],[34.228424109926216,3.599137426805341],[34.232052759603896,3.599196365473002],[34.23591928568014,3.597649782009642],[34.24644863672756,3.596340988978155],[34.247758558063474,3.595032190918015],[34.25096960827811,3.59503228378027],[34.25074543662303,3.593807294786673],[34.25032140160535,3.591490269041268],[34.2455105623112,3.582936435546285],[34.24191333831912,3.574570536006308],[34.241911203263484,3.57294501650171],[34.24191161237184,3.5729442727276344],[34.24191161222492,3.572944135553526],[34.24310669027796,3.5707715770264628],[34.2449235463247,3.56746846573793],[34.24497004636002,3.567104720345618],[34.24600947985381,3.558964558816613],[34.23904055121776,3.555841008323841],[34.23904011679813,3.5558409429277877],[34.233932002976914,3.5556976010719725],[34.228573914396506,3.556537132533596],[34.22218719179153,3.562899406072686],[34.222186543185884,3.5628994358689905],[34.22218643948066,3.562899539168806],[34.2208300744865,3.5629617507049014],[34.214935929013144,3.56323252194214],[34.2149329368783,3.5632351012562538],[34.2141971652995,3.5642676976825287],[34.2143164036136,3.56858131139972],[34.214625034953684,3.572440597117562],[34.21452187436923,3.576014504972382],[34.214521914005836,3.576015938882319],[34.21370716715212,3.577583254351555],[34.211673292843834,3.576656274327031],[34.211432861300565,3.576547166626358],[34.211432807162176,3.576546668034168],[34.21143194823003,3.576546276558187],[34.211286809209064,3.57520594079779],[34.20828099051244,3.571383216415838],[34.205144755044806,3.5725829723932407],[34.20452274215907,3.572821304734025],[34.2045225941131,3.5728209778951934],[34.20451973162637,3.572822072929544],[34.204088753677176,3.571865059625293],[34.202194293211164,3.5711880246257146],[34.201421599621675,3.5709118948636402],[34.1952168308597,3.5723968187370243],[34.194835905026935,3.572488009264559],[34.19483582852117,3.5724880001315293],[34.19483373234574,3.572488501787764],[34.19232102215456,3.572188689662239],[34.18959416309175,3.570661078644096],[34.188583427786455,3.567196073495728],[34.18602912690744,3.565240869213249],[34.185948225883585,3.5652464190741107],[34.18288804096564,3.565458729259602],[34.18444425999847,3.568148221851607],[34.1846304767245,3.5701418204446678],[34.18464650042223,3.570313070735847],[34.18464648165639,3.5703131660072485],[34.184646515529,3.570313528640666],[34.18380993515939,3.574560864362423],[34.18380976131244,3.574561069706799],[34.18380976061484,3.574561073248391],[34.18380516306305,3.5745665010626775],[34.18285804371873,3.575685218596906],[34.182857479910695,3.5756853243810776],[34.18285723495128,3.575685613577219],[34.18279692762928,3.5756966854695085],[34.18105454833075,3.576023598425179],[34.180647546370565,3.5825905586290507],[34.18064361261376,3.582654229550911],[34.18187942949095,3.584554945149389],[34.17776372779084,3.585681644256895],[34.177763035196996,3.585681318112837],[34.17776269626428,3.585681411119297],[34.175321785007945,3.584531727695451],[34.174922962052946,3.5843439210341965],[34.17465954088735,3.5844410632014085],[34.17296245311393,3.58506726666956],[34.165476868428925,3.581187118292004],[34.16586025601764,3.580532104196637],[34.16505495590783,3.5784230808375845],[34.164161564611746,3.57608390361378],[34.16416159931439,3.576083443849362],[34.164161478317915,3.57608312696825],[34.16418858714239,3.575725890615128],[34.1644471199484,3.572300670884699],[34.16763403659951,3.5675054983161543],[34.16771886250033,3.5673778226294828],[34.16876595635964,3.563265882916845],[34.170229336117806,3.561664241115754],[34.16968334142841,3.560760170460009],[34.16712806467344,3.5612175310453607],[34.16703061625375,3.56123502829205],[34.16703055278943,3.561234984376889],[34.167029841339186,3.561235111717028],[34.16517294359799,3.559951504867399],[34.1641782729931,3.561355037145372],[34.16417807499632,3.5613492286842168],[34.16417460052782,3.561354119034838],[34.16412961178862,3.5599595330084086],[34.16276050101492,3.5590335964802655],[34.1609462222987,3.557807075162604],[34.15787687755755,3.557749181840848],[34.15787672543493,3.55774907978008],[34.15787667198331,3.55774907877681],[34.15764731186866,3.5575951636460945],[34.15561662684168,3.556232754291805],[34.15415884675331,3.557273267269594],[34.15415855162844,3.557272432534177],[34.15415772963028,3.557273019019198],[34.15394929782319,3.5566805760679414],[34.153801383324215,3.556262212575994],[34.15143198393352,3.5559524788325545],[34.1497927622222,3.555738382618325],[34.14979268804503,3.555738186023103],[34.149792344257925,3.555738141082403],[34.14851922490269,3.552363132348749],[34.14441714253606,3.550366270777956],[34.14195505503992,3.546037123588143],[34.141241059033376,3.543086734379869],[34.140598650621655,3.543018477563182],[34.13862833193126,3.542809597390714],[34.138628196767115,3.542809114010206],[34.13862698077382,3.542808984809171],[34.138099673235175,3.5409209462738267],[34.134602080381434,3.539069462773373],[34.13460216529049,3.5390691256212436],[34.13460093386949,3.53906847365246],[34.13515624333235,3.536869023392943],[34.135385909887255,3.5359570762283594],[34.13306260027896,3.5340939061183594],[34.133062529298584,3.5340938863084674],[34.12962821995215,3.534218283960671],[34.128423731698184,3.537067721944438],[34.129031835923875,3.537802734997439],[34.12903144862047,3.537803082013342],[34.12903148485068,3.537803125652035],[34.12860318610886,3.5381867964328695],[34.12720441009983,3.539440071024533],[34.12716291639341,3.540405297426575],[34.12716210138012,3.540405836278842],[34.12716205882876,3.540406813402215],[34.12489091452198,3.541908457720055],[34.12383557274882,3.546873142869121],[34.12182137669482,3.546999884579634],[34.1218162882815,3.547000219347921],[34.12181625375089,3.547000206936872],[34.1218161466287,3.547000213677452],[34.1187285604414,3.545890422919026],[34.11811361506384,3.545669398198156],[34.11654536648598,3.5486341823632745],[34.11654507023444,3.548634838951307],[34.11654500760186,3.5486348608360503],[34.1165447366192,3.548635373130531],[34.11414630268457,3.549473192856288],[34.11216463195714,3.552106327068609],[34.112942406829966,3.55306325433742],[34.11307090001013,3.555747284516793],[34.11292357000306,3.5561062592142094],[34.11157737287379,3.559386616275971],[34.114753962985624,3.562038398821542],[34.115439265202404,3.565393429642658],[34.11962301318789,3.573740544992421],[34.11945448104908,3.5739238869587604],[34.11954702742118,3.574120504410196],[34.119203711330094,3.5741966931647635],[34.11872040951232,3.574722465318573],[34.11255182245131,3.575673424967329],[34.113925666036835,3.582055996413017],[34.11392561152846,3.5820561777736413],[34.11392567272076,3.582056462041068],[34.11392531957283,3.5820571491702466],[34.113341519360254,3.583999572920736],[34.11285671868958,3.5841363538828723],[34.11265210952002,3.584534467300395],[34.10947828467117,3.5850895403850886],[34.10947118221019,3.585091544263187],[34.10595131702266,3.582040372318521],[34.10593444825716,3.582058387468477],[34.104129514765404,3.584226819695782],[34.10525929134797,3.588976653060163],[34.10554831234215,3.592757497847564]]]}},{"type":"Feature","properties":{"n":"Kalapata","c":"318202","d":"Kaabong","od":"Kaabong","dc":"318","k":"KALAPATA","a":["KALAPATA"],"lat":3.651804,"lon":34.166762},"geometry":{"type":"Polygon","coordinates":[[[34.150060359261026,3.613637995849626],[34.15742113165546,3.621497496262714],[34.15528881317576,3.62256246759877],[34.156213819626885,3.623623412372729],[34.15428332207996,3.624513274662371],[34.15435351113745,3.625405787146443],[34.15774426342086,3.625947912890603],[34.16250300852487,3.622111413282738],[34.16400672234529,3.62269261544019],[34.16291836944978,3.626257274142874],[34.1606170460683,3.629047040202283],[34.16033138340175,3.632354749200419],[34.15925772102467,3.634141121638249],[34.16017123017415,3.636639583424878],[34.159701192906084,3.63834103340479],[34.1610339857456,3.641285550792794],[34.15853993283181,3.645712815838813],[34.15770424267258,3.652705397120142],[34.155303236789514,3.656045963931241],[34.15441280291889,3.659824802515284],[34.15465922843557,3.665940254155748],[34.15387910800133,3.66762570436232],[34.15451760882899,3.671727382568184],[34.15852675855086,3.679697042054029],[34.1596081100333,3.685032120960252],[34.15872013502498,3.690670292731754],[34.15923187849033,3.694238080135853],[34.15536161398535,3.702704472166007],[34.16101761766255,3.703575620618246],[34.16749041760995,3.705653488776849],[34.17116776150186,3.70773509087455],[34.17947595343469,3.707964722932496],[34.180390088241936,3.707632126416095],[34.181889164407856,3.684800836802482],[34.18186331600252,3.679066783067338],[34.17948042771643,3.673628375211468],[34.18038604968943,3.671236551733921],[34.18420418204552,3.668156608644178],[34.17825896840162,3.661172933825792],[34.17368447798928,3.660126063602009],[34.171480855383095,3.657178832924811],[34.174628599953074,3.654982152856344],[34.17600820122639,3.650936989899391],[34.18322637729209,3.652670549224298],[34.17988573976511,3.645399927611386],[34.182200214107475,3.643739642235479],[34.187167074809295,3.642579673335618],[34.1965067356016,3.643989792742621],[34.19936216860841,3.645352486376842],[34.20196620809839,3.641820614729125],[34.201036309960436,3.639403229218968],[34.19825992526507,3.639964347161155],[34.1936724266489,3.637185213130212],[34.19093172219898,3.637451548003883],[34.189031040747345,3.636545258065535],[34.189930672204696,3.61987006691538],[34.18916972357076,3.619155778074907],[34.18940719195066,3.617014712904616],[34.188491008605475,3.615187147455376],[34.189179898442404,3.613642930559157],[34.19170269859213,3.613665774354931],[34.19393950714779,3.61228565032521],[34.193981660311984,3.6114987759195736],[34.19378052520284,3.610765246521154],[34.18964382011172,3.6073908524729146],[34.18964163151959,3.607389187662608],[34.1883264854204,3.603966928919562],[34.1847427619459,3.605106340437501],[34.18463163432523,3.602574210100556],[34.18325159732135,3.600955613097144],[34.1841276943122,3.595754268309055],[34.18010744299832,3.5964754750660233],[34.17907636684705,3.596660561324131],[34.1678541815023,3.596581856671669],[34.16096067811504,3.597725065381581],[34.15879544282958,3.5980841636481258],[34.15536616941637,3.602576535758736],[34.155363583647315,3.6025773668989447],[34.151582133763746,3.604170813729678],[34.15081501005191,3.604039408686938],[34.15003618129078,3.604289746550133],[34.14880978903458,3.6037585088322017],[34.147645116740655,3.606812439355206],[34.14774415905833,3.609780005327025],[34.150060359261026,3.613637995849626]]]}},{"type":"Feature","properties":{"n":"Kalapata Town Council","c":"318203","d":"Kaabong","od":"Kaabong","dc":"318","k":"KALAPATATOWNCOUNCIL","a":["KALAPATA","KALAPATATOWNCOUNCIL"],"lat":3.648647,"lon":34.221001},"geometry":{"type":"Polygon","coordinates":[[[34.17825870046579,3.661172869950283],[34.17825870317099,3.6611728731278728],[34.17825896840162,3.661172933825792],[34.183307839663144,3.66710370052356],[34.18420194708772,3.668153938879492],[34.18420192468036,3.668153956980978],[34.18420418204552,3.668156608644178],[34.18039300655355,3.6712309398945275],[34.18038604523338,3.67123656350273],[34.17953232703825,3.6734913047558995],[34.17948043650127,3.6736283952609106],[34.18166388467085,3.6786116257999173],[34.181863120257624,3.679066000858426],[34.18186312179767,3.6790663398383447],[34.18186331600252,3.679066783067338],[34.18188785635895,3.6845106671520615],[34.18188917397773,3.684800688384135],[34.18788665209809,3.680115166762207],[34.192729213083986,3.680309463516075],[34.19452729103354,3.681835823432672],[34.19568237856358,3.707288942330486],[34.20655642139083,3.708409609966564],[34.2140275765871,3.710044427841081],[34.222414237280475,3.709792364714696],[34.22439483183054,3.711102552431575],[34.22534317143137,3.710815576920568],[34.22544668965612,3.705613500170085],[34.23267929116016,3.704607067472749],[34.23035174497555,3.70212142245433],[34.225737261206966,3.691594149678213],[34.2242100416082,3.690075954027269],[34.232108690376435,3.692543132266115],[34.23376509454433,3.693970743970338],[34.23921899525518,3.693216067397219],[34.241952305686254,3.68581827330303],[34.24575942841932,3.680048026985922],[34.248615159794,3.66821051285255],[34.252065066967035,3.665235712660369],[34.25492001067891,3.660780199616845],[34.257126690005364,3.65884169451173],[34.25860812492152,3.650740927043226],[34.2635096079286,3.645648788764607],[34.26593706925746,3.644792962589849],[34.269506139287714,3.647315087322897],[34.27055280716613,3.649979389072486],[34.275926387709546,3.654107643399415],[34.27635470879717,3.646319981192017],[34.27782676852537,3.643159916994968],[34.27977888025196,3.642199332875316],[34.280762969924,3.640690407022882],[34.281148262448674,3.633486119260345],[34.28451960627597,3.625775873947226],[34.287377501191465,3.625628351456923],[34.288470864213856,3.623999495078752],[34.28746408646398,3.619453618520122],[34.28811815485665,3.616676366582238],[34.28960211332297,3.615574559415672],[34.29112563856874,3.615619881622644],[34.29432146823199,3.617769085428933],[34.296651678433285,3.614415260281624],[34.30155598628852,3.613307562023285],[34.304961743489145,3.602440491329614],[34.30250679043701,3.595145439662359],[34.29988691095944,3.59529007069137],[34.29664127904442,3.590891775934836],[34.29130815473174,3.590086292873038],[34.29130645952557,3.591090474033335],[34.286738632825916,3.594830167646083],[34.28673732222614,3.594827860428554],[34.286736688089704,3.594828379161842],[34.286446879390645,3.594316556510267],[34.28573399123882,3.593061567711163],[34.28435434035311,3.593062651449904],[34.284353502150786,3.5930611011050924],[34.28435348641492,3.593061101109531],[34.2843435623821,3.5930427164402796],[34.28339738292781,3.591292656386835],[34.27610674869069,3.588774639740354],[34.27431537545886,3.5892681413510443],[34.27403315989684,3.589346104687302],[34.274032824656494,3.589345980672072],[34.27403214656696,3.589346167477519],[34.27199700867496,3.588592872662354],[34.27147899878094,3.5884012456175567],[34.270207158684734,3.590559692247362],[34.268084936449,3.59042111555316],[34.26156971680471,3.592772589569962],[34.25809055858506,3.592687684628785],[34.25672037330799,3.59405749977554],[34.25671927333323,3.594057287374706],[34.25671867780508,3.594057882325883],[34.25588095546033,3.59389541146425],[34.25494855066673,3.5937153677365004],[34.2509701204456,3.595032129606536],[34.25097008550052,3.5950321296083447],[34.25096961981174,3.595032283757581],[34.25096959160582,3.59503212963391],[34.25096958006961,3.595032129634507],[34.25096960827811,3.59503228378027],[34.24905905185079,3.595032228527762],[34.24775845304174,3.5950322958496934],[34.24644863672756,3.596340988978155],[34.23591928568014,3.597649782009642],[34.232052759603896,3.599196365473002],[34.23205229086769,3.5991963578595123],[34.2320520500718,3.599196454164476],[34.231501548559244,3.599187412378199],[34.228424109926216,3.599137426805341],[34.22402221636727,3.602289641503805],[34.21551565673983,3.604550168284016],[34.209804937376155,3.607227022558666],[34.203796800487346,3.608892644775755],[34.20232654887766,3.608616151861603],[34.194530705768045,3.611780182902537],[34.194106077386365,3.611952534282455],[34.193951448324746,3.6120627440096458],[34.19393950714779,3.61228565032521],[34.19170269859213,3.613665774354931],[34.19170233138909,3.6136657710299307],[34.19170209622991,3.613665938636384],[34.191330610206045,3.6136624051181316],[34.18918015469731,3.6136429328795288],[34.18849110895546,3.615187347629473],[34.18940719195066,3.617014712904616],[34.18916972357076,3.619155778074907],[34.189930672204696,3.61987006691538],[34.189031040747345,3.636545258065535],[34.19093172219898,3.637451548003883],[34.1936724266489,3.637185213130212],[34.193672980815315,3.637185548847529],[34.19367321026651,3.637185526577551],[34.1975819505976,3.6395536260627694],[34.19825992526507,3.639964347161155],[34.201036309960436,3.639403229218968],[34.20103670260137,3.639404249937763],[34.201036838717954,3.639404222480904],[34.20113456757975,3.6396586620835993],[34.20196620809839,3.641820614729125],[34.19936216860841,3.645352486376842],[34.199360302483775,3.645351595809226],[34.19936012101225,3.645351841767839],[34.197600588299046,3.6445118102804264],[34.1965067356016,3.643989792742621],[34.18716716209158,3.642579686513661],[34.183519428181235,3.6434315507890527],[34.182200214107475,3.643739642235479],[34.17988573976511,3.645399927611386],[34.18296868670046,3.6521097069390223],[34.18322558245911,3.652668162473959],[34.183225243234205,3.6526680810409933],[34.18322637729209,3.652670549224298],[34.17600820122639,3.650936989899391],[34.174628599953074,3.654982152856344],[34.171480855383095,3.657178832924811],[34.17368447798928,3.660126063602009],[34.173864550080715,3.6601672730250625],[34.17825870046579,3.661172869950283]]]}},{"type":"Feature","properties":{"n":"Kathile","c":"318204","d":"Kaabong","od":"Kaabong","dc":"318","k":"KATHILE","a":["KATHILE"],"lat":3.663327,"lon":34.019359},"geometry":{"type":"Polygon","coordinates":[[[33.932639680416244,3.627798179175459],[33.934947119007916,3.628433393987978],[33.93684741768998,3.629995167059801],[33.936218505592414,3.63080753500475],[33.937658849257566,3.631154798243598],[33.93766277704251,3.633181716968817],[33.93979678327748,3.633411413434087],[33.94470526779194,3.63977928418011],[33.94586475195451,3.644993687250616],[33.950214311361684,3.649053574923043],[33.9532409808223,3.651463434967519],[33.95596534714445,3.652341663320353],[33.96017480551823,3.651178446783217],[33.96778968881003,3.654240900840227],[33.9684261441909,3.655341298292034],[33.97220535223184,3.657278096625817],[33.97560976246264,3.662996550413189],[33.98059274064782,3.666644794464748],[33.98808811919514,3.668929170362386],[33.99906119263382,3.67636790887927],[33.99825029906287,3.681432857263615],[33.99739139787809,3.682181624626696],[33.99382458851456,3.683018787218032],[33.986628828992174,3.683104547049565],[33.98323895384374,3.68520101853587],[33.99584063980348,3.689644378870528],[34.011614826632055,3.702619002084981],[34.013647498790945,3.706059915394508],[34.008141513194985,3.709137953667459],[34.008432886229194,3.715470361769856],[34.00713148753842,3.723506908325119],[34.03130265684718,3.734436574696934],[34.03538296212489,3.728059440823079],[34.065377914715555,3.695956351448108],[34.071988773841646,3.698458325080024],[34.084679963477015,3.707324082989203],[34.10107628669898,3.715781066717244],[34.107955842322546,3.718409772829513],[34.11193840201704,3.707884316162285],[34.10856942868126,3.704256167907521],[34.10749229923051,3.697005710792464],[34.10950483902718,3.677935555067434],[34.10617731042722,3.67666751854385],[34.09762520965449,3.675610982948665],[34.09411739473462,3.674121159148498],[34.08976491499959,3.674232999542979],[34.08758182889364,3.671994763779806],[34.08085518960378,3.671071955096143],[34.07653486465628,3.66932089124017],[34.076332338131245,3.668501227971366],[34.078035261597364,3.666463929370401],[34.07634564081118,3.664987737008977],[34.07631519737136,3.663162998511746],[34.07740002254895,3.662184890030928],[34.07628897296466,3.66100026266502],[34.076375153138365,3.659281262706403],[34.074759987993176,3.656058408951583],[34.07089347474211,3.655166149563803],[34.06711608112461,3.661590690863942],[34.06708575253423,3.66420820407706],[34.06557184144071,3.666133991372641],[34.06361828585225,3.663491988270237],[34.058718899310875,3.662654059957876],[34.0540435168824,3.660048522635387],[34.051580681238434,3.657059940976535],[34.06036894779155,3.651567777027936],[34.065876636582225,3.639179586835017],[34.06790831252438,3.638072397863241],[34.072952085255615,3.637358624809541],[34.074299173498865,3.635970930395753],[34.073499943108345,3.635153851535468],[34.07556821934407,3.630361749003421],[34.074064355109805,3.627476137896182],[34.07456363759712,3.625861446180941],[34.07518243472133,3.626025330827576],[34.077276354172994,3.623836233364211],[34.07680423888872,3.623313652637227],[34.07803649490303,3.619930201816468],[34.07668221595527,3.613645564064112],[34.07528239739525,3.613259086117996],[34.07398308787908,3.610455444021738],[34.0715442017548,3.611512513659551],[34.065954010441494,3.620881231116989],[34.06051653817461,3.624881548192837],[34.04889618006976,3.626902740041591],[34.044749245145134,3.625950372932804],[34.034772038537554,3.625579353036971],[34.0287183963708,3.626662883567821],[34.02381508982902,3.629252582910109],[34.020776442372764,3.627909396625061],[34.01626378543524,3.628659953054486],[34.015544419814525,3.623937365889057],[34.01325190581355,3.620770023401601],[34.00741763251855,3.61793254084853],[34.00086782047158,3.610590320937089],[33.99811409811435,3.608978454001634],[33.997925173460565,3.606833149313767],[33.99415023635533,3.60429017954623],[33.99439424310669,3.602517204953541],[33.992816285414726,3.600810763663453],[33.99392695999385,3.599472081438815],[33.993151517715816,3.597329061661059],[33.99343089488366,3.5969567686889836],[33.991913444415886,3.596492503258781],[33.991874974770695,3.596319472232558],[33.991686533773226,3.596272691034072],[33.99179081546397,3.5959409355672336],[33.99161307603809,3.595141488753869],[33.9896277027292,3.595031868158576],[33.988614372596636,3.595089158909783],[33.98807370599352,3.596108145953408],[33.984042174730774,3.597159562239441],[33.98126099052965,3.593583580147941],[33.97981652206108,3.594586858739062],[33.978685288364346,3.593103258437652],[33.975250753993635,3.59232090529891],[33.97127319564098,3.594003235549649],[33.97046507109204,3.593311070339552],[33.966601424837904,3.593546958444951],[33.96464213686887,3.595112844312166],[33.96343072046143,3.594651247092678],[33.96034689231218,3.595884364078805],[33.95126397563595,3.596286477511895],[33.951493432070116,3.596982349795986],[33.950111878612425,3.59785169666821],[33.94705527877728,3.597507689441664],[33.94647967973668,3.598435118015913],[33.94469210126441,3.598784906374353],[33.944981074008346,3.600753373488523],[33.94313694793434,3.600698664363764],[33.94141782285862,3.6017374419270114],[33.940969959746496,3.602493574453965],[33.94117194022617,3.603080010584655],[33.93760643407216,3.606962631100796],[33.93679861351392,3.607484350879513],[33.9353311774332,3.6070225175569295],[33.93186744206471,3.6090865242491126],[33.932262271305945,3.609814838085116],[33.92910160103996,3.611155219609139],[33.92720329320284,3.613181615196214],[33.92657336085053,3.6122412164794784],[33.92539124491614,3.612945628029423],[33.925325663599835,3.6130666161527576],[33.929974918618235,3.6251348951367026],[33.930848215928236,3.625365845107638],[33.932639680416244,3.627798179175459]]]}},{"type":"Feature","properties":{"n":"Kathile South","c":"318205","d":"Kaabong","od":"Kaabong","dc":"318","k":"KATHILESOUTH","a":["KATHILESOUTH"],"lat":3.603404,"lon":34.056424},"geometry":{"type":"Polygon","coordinates":[[[33.99627757922785,3.60572325470992],[33.997925173460565,3.606833149313767],[33.99792545511715,3.6068363476215484],[33.998590855989086,3.6092575199911616],[34.00086782047158,3.610590320937089],[34.005720733875705,3.616030348401805],[34.00741775105082,3.6179325984963686],[34.01325190581355,3.620770023401601],[34.015544419814525,3.623937365889057],[34.016263780318575,3.6286599194639093],[34.016393591160764,3.6286383634403814],[34.020776442372764,3.627909396625061],[34.02381508982902,3.629252582910109],[34.0287183963708,3.626662883567821],[34.034772038537554,3.625579353036971],[34.044749245145134,3.625950372932804],[34.044749251910176,3.625950374486434],[34.04474928058747,3.6259503755528],[34.044813215041295,3.625965063982016],[34.04889604767182,3.626902709635653],[34.06051660496498,3.624881499055544],[34.065954010441494,3.620881231116989],[34.07091355860259,3.6125694215860156],[34.071543690012085,3.611513346060081],[34.071543710332065,3.6115133372450843],[34.0715442017548,3.611512513659551],[34.07312511269613,3.6108273103039967],[34.07398137250164,3.610455856897515],[34.07398150026543,3.6104561321301993],[34.07398308787908,3.610455444021738],[34.07513604647959,3.612943291010782],[34.07528267504989,3.6132591627760715],[34.07668221595527,3.613645564064112],[34.07780721622894,3.6188662161336107],[34.07909979430143,3.620971956915075],[34.07898519836124,3.624579426708333],[34.08135895464228,3.62622992841006],[34.086088390842754,3.625735425206113],[34.08663359762573,3.62784883581545],[34.08607497336484,3.628706307733432],[34.08691972309991,3.62923992937931],[34.088289409444684,3.628754895171975],[34.08883478399815,3.629967308199663],[34.08994931041601,3.629520943551571],[34.089567664573785,3.630605004515412],[34.091656064399515,3.630226919355541],[34.092344494875015,3.633008341006221],[34.093637134602226,3.634003349841001],[34.103321026005695,3.631413781569907],[34.107603968079665,3.628951065410283],[34.10997386896118,3.624984877214013],[34.10054161001487,3.622155776260353],[34.10108217027101,3.621782594412251],[34.10051247306573,3.620903118459074],[34.10165326356986,3.61983136340554],[34.102249178665026,3.614665890409564],[34.104596349612045,3.611690629787594],[34.104242302204185,3.610069750877286],[34.10532441331827,3.608691701100177],[34.115988560598325,3.612177480281811],[34.11613264224962,3.608344287172352],[34.116915135321385,3.608364256482602],[34.11717749978614,3.606269730525884],[34.11874731850214,3.604366766263957],[34.11841500012445,3.602510254323854],[34.120333479439196,3.600453811947407],[34.118041462250346,3.5994550091133313],[34.11801798364228,3.599447099938252],[34.118829406424304,3.596912441176981],[34.11583292563481,3.596550546617351],[34.11455256209668,3.596396042082419],[34.11455210656469,3.5963958580056388],[34.11455199780125,3.596395844869931],[34.11445022417406,3.5963546881586037],[34.10554831234215,3.592757497847564],[34.105547553303055,3.592747568433853],[34.104129504250245,3.584226824670513],[34.103876129580215,3.584256587426803],[34.103670939940045,3.584475721549971],[34.09373063719663,3.585448432582493],[34.08446330426963,3.590767444059775],[34.08444308603589,3.590697276394356],[34.07992565996133,3.576647187037876],[34.07992496201709,3.576645788940215],[34.07992438354402,3.5766453778067837],[34.07417859371401,3.5733024970910447],[34.07417706113054,3.573301807031706],[34.07298020280292,3.574113844718027],[34.07297915649533,3.5741136018072392],[34.07297898739625,3.574113716779846],[34.07093652402704,3.5736393842165275],[34.06662662569099,3.572638798141031],[34.06353387330035,3.573709342859803],[34.06119360356283,3.573387208715246],[34.058665162529906,3.574001981985156],[34.05862713177172,3.574012838111786],[34.05493920923335,3.579626591020487],[34.05243616382013,3.574135935491036],[34.05242833275841,3.574118783163213],[34.0469966191029,3.574729406200171],[34.046996509794525,3.5747293906876383],[34.04699581829237,3.574729468422982],[34.03832248956829,3.573499058707753],[34.036010813353016,3.576600949589331],[34.03201895960297,3.575881145562962],[34.0317457445218,3.57721800490432],[34.03162389298693,3.577814554124715],[34.03162381056693,3.57781463575611],[34.03162361884509,3.577815573863648],[34.027915743113766,3.581487942961107],[34.02500023822684,3.587907719517625],[34.022742253362075,3.5906109674352096],[34.02222033724217,3.591235906253365],[34.020481361003846,3.596946077614216],[34.018260126498355,3.595836569562112],[34.01634625507135,3.597549277608366],[34.01634553169559,3.5975489976811983],[34.01634531982789,3.597549187309272],[34.015599209898745,3.5972601910070563],[34.01380214370366,3.5965647742133737],[34.01246993336612,3.5970139056474246],[34.01135974685735,3.597388328226986],[34.01074909334473,3.596456078932938],[34.00855901575223,3.5971625193942374],[34.00839017688506,3.597217005632933],[34.003992964338565,3.596436803104623],[34.00285078958965,3.597765871210547],[34.002790510470895,3.5977860838671476],[33.99805526776313,3.599374392114555],[33.99805538601029,3.5993738550002146],[33.998053800886574,3.599374386520284],[33.9982610839878,3.5984345696914],[33.9932948864483,3.5969151567773623],[33.9932948864483,3.5969151567773627],[33.99343089488366,3.5969567686889836],[33.993336281335125,3.5970828489963123],[33.99392414144993,3.5994642920835864],[33.99392695999385,3.599472081438815],[33.992816285414726,3.600810763663453],[33.99439424310669,3.602517204953541],[33.99415026810016,3.604289948885507],[33.99627757922785,3.60572325470992]]]}},{"type":"Feature","properties":{"n":"Kathile Town Council","c":"318206","d":"Kaabong","od":"Kaabong","dc":"318","k":"KATHILETOWNCOUNCIL","a":["KATHILE","KATHILETOWNCOUNCIL"],"lat":3.64675,"lon":34.085048},"geometry":{"type":"Polygon","coordinates":[[[34.05871893878155,3.6626540667084346],[34.059260628556544,3.6627467103884443],[34.06361735796323,3.663491651027011],[34.06361750891795,3.6634918553933464],[34.06361828585225,3.663491988270237],[34.06557184144071,3.666133991372641],[34.06708575253423,3.66420820407706],[34.06711608112461,3.661590690863942],[34.07089347474211,3.655166149563803],[34.074687240520305,3.656041621315957],[34.07475943692378,3.6560582560097],[34.07475945153058,3.6560582851543137],[34.074759987993176,3.656058408951583],[34.076375153138365,3.659281262706403],[34.07637511698241,3.6592819838940547],[34.07637536925767,3.659282487252852],[34.07628948873809,3.661000812594857],[34.07740002254895,3.662184890030928],[34.077399185747474,3.6621856445143552],[34.07739944394083,3.662185920020757],[34.07689873589137,3.662636863990631],[34.07631521199987,3.663162985322271],[34.076345843187084,3.664987913821298],[34.07713887328751,3.6656807704588292],[34.0780350434681,3.666462906214299],[34.078034641398084,3.6664633875130526],[34.078035261597364,3.666463929370401],[34.076332338131245,3.668501227971366],[34.07653486465628,3.66932089124017],[34.07653734305544,3.6693218957560902],[34.083864252278815,3.671484759922826],[34.08494824858264,3.6716334703202658],[34.0872744419959,3.668184277702941],[34.092275604714494,3.66450494553705],[34.094971026948876,3.663092974074714],[34.09639052687179,3.66480479058882],[34.09852246916421,3.66379577407284],[34.10067325649178,3.656501963087949],[34.104012443353135,3.656399770401755],[34.10546577562272,3.654572396686651],[34.10682674708417,3.651046584955654],[34.106173333342255,3.650508190485571],[34.10617239886871,3.648134930182098],[34.108998007425626,3.645365616876977],[34.109117572888515,3.64099428016365],[34.104201002690566,3.640850203380174],[34.10362340471136,3.639583252659077],[34.099925801112924,3.639196521661338],[34.09921188833104,3.63839828287914],[34.09719920392737,3.640093882549237],[34.09434651052693,3.637048597852733],[34.09437951713592,3.635278749696623],[34.09368938676577,3.63398937709604],[34.093637134602226,3.634003349841001],[34.092344494875015,3.633008341006221],[34.09234430593685,3.633007577651422],[34.09234423993437,3.633007558221135],[34.09228876345707,3.6327831729202393],[34.09165615294181,3.6302272770873203],[34.08992026092698,3.6305411702596695],[34.089567664573785,3.630605004515412],[34.08985744378479,3.6297818897424463],[34.08994782958325,3.6295215366208615],[34.08883478399815,3.629967308199663],[34.088834421206805,3.629966501684303],[34.08883401432604,3.62996666478029],[34.08864671908356,3.629549224240576],[34.088289409444684,3.628754895171975],[34.08691972309991,3.62923992937931],[34.08625962518363,3.6288229508093224],[34.0861938727481,3.628825166588119],[34.086192353233734,3.6287804556570507],[34.08607497336484,3.628706307733432],[34.08618413853591,3.6285387423855373],[34.08608893920359,3.625737550842931],[34.086088390842754,3.625735425206113],[34.08167613097423,3.6261967648984457],[34.08135965479719,3.626229870318265],[34.08135963308842,3.6262298574726857],[34.08135895464228,3.62622992841006],[34.08135439442499,3.626226757635343],[34.07987164437242,3.625349380409479],[34.07938768142121,3.6248592780901703],[34.07898519836124,3.624579426708333],[34.078989129639254,3.6244556704334],[34.07873557435659,3.624198898645822],[34.07902233371973,3.623410408994625],[34.079072881695424,3.6218191633088326],[34.078036502870845,3.619930210549015],[34.07803313999568,3.6199394135094116],[34.07680423888872,3.623313652637227],[34.077276354172994,3.623836233364211],[34.07727397495801,3.6238387207251623],[34.07727404326768,3.623838796604623],[34.07651780378975,3.6246292632577344],[34.07518243472133,3.626025330827576],[34.07456363759712,3.625861446180941],[34.074064355109805,3.627476137896182],[34.07556821934407,3.630361749003421],[34.075567706572336,3.630362937072343],[34.075567816082476,3.630363147273195],[34.07506951162921,3.632394589909562],[34.074640965550856,3.632510154121441],[34.07400582560026,3.6339817446724973],[34.07390163872356,3.635564517845657],[34.074299173498865,3.635970930395753],[34.073844022745654,3.636439801058704],[34.07382354300465,3.636750922628697],[34.073423264604294,3.6368732423905894],[34.072952085255615,3.637358624809541],[34.070871301656425,3.6376530883674416],[34.065877451906175,3.6391791425133286],[34.065876636582225,3.639179586835017],[34.061175225415525,3.649754253981577],[34.06036922683235,3.65156732721641],[34.06036911739196,3.651567395553571],[34.06036894779155,3.651567777027936],[34.05158119521807,3.6570596197686602],[34.053663431600015,3.6595872998548398],[34.0540435168824,3.660048522635387],[34.05823682949496,3.662385407945632],[34.05871893878155,3.6626540667084346]]]}},{"type":"Feature","properties":{"n":"Lotim","c":"318207","d":"Kaabong","od":"Kaabong","dc":"318","k":"LOTIM","a":["LOTIM"],"lat":3.645539,"lon":34.133729},"geometry":{"type":"Polygon","coordinates":[[[34.09411784558239,3.674121319895983],[34.0947640748624,3.6743958143020548],[34.097625170983385,3.6756109665244434],[34.09882228819783,3.675758871300882],[34.10617731042722,3.67666751854385],[34.10735402335417,3.6771159339140937],[34.109501223388285,3.677934040955107],[34.10950120338726,3.6779341696175223],[34.10950483902718,3.677935555067434],[34.10908438857576,3.6819196032818096],[34.11101930130725,3.682336460161726],[34.116988240255665,3.682568836688084],[34.12887690803458,3.680183838893743],[34.129961943979154,3.67587716243656],[34.13180619263913,3.675280339140185],[34.13576444811824,3.674918807169534],[34.13966780379406,3.675868020910192],[34.139401930079586,3.678516412179059],[34.13595364305992,3.685767755585367],[34.13377589973794,3.702567657130258],[34.14839325140879,3.701826504075786],[34.15536160272255,3.702704469514249],[34.15923185959885,3.694237948427687],[34.15872013502498,3.690670292731754],[34.15960808333978,3.685032290449948],[34.15884918563467,3.6812878050590143],[34.158526765038665,3.679697074063007],[34.15836067924203,3.6793668983500405],[34.15451760882899,3.671727382568184],[34.15387910800133,3.66762570436232],[34.15465922843557,3.665940254155748],[34.15441280291889,3.659824802515284],[34.155303236789514,3.656045963931241],[34.155303457604084,3.6560456567075774],[34.15530347545652,3.656045580948082],[34.1569867203443,3.6537037000784887],[34.15770424267258,3.652705397120142],[34.15853993283181,3.645712815838813],[34.159921293783725,3.6432607222907762],[34.16103390155133,3.64128536478378],[34.159701192906084,3.63834103340479],[34.16017123017415,3.636639583424878],[34.15953012502077,3.6348861508206745],[34.15925773560509,3.634141396023855],[34.15925778891239,3.634141307312225],[34.15925772102467,3.634141121638249],[34.16012810855232,3.6326929603514055],[34.16033139043642,3.6323546677454255],[34.1606170460683,3.629047040202283],[34.162918264369054,3.6262574015263755],[34.16400575252933,3.622692240595506],[34.16250300852487,3.622111413282738],[34.15774426342086,3.625947912890603],[34.15774409323804,3.6259478856811573],[34.1577440331268,3.62594793416221],[34.15764602229475,3.6259322057438848],[34.15435351113745,3.625405787146443],[34.15428332207996,3.624513274662371],[34.156213819626885,3.623623412372729],[34.15528881317576,3.62256246759877],[34.15742084485464,3.6214976395033482],[34.15741611929775,3.621492144293463],[34.150060359261026,3.613637995849626],[34.148668816089284,3.6113201649634603],[34.1480703562198,3.610624233740178],[34.148029121583754,3.610254654591417],[34.14774415905833,3.609780005327025],[34.14764513788516,3.606813072899883],[34.14764511748001,3.606812890011878],[34.14764513063029,3.606812855524697],[34.147645116740655,3.606812439355206],[34.14875573218466,3.603900253308135],[34.14880978182542,3.6037585057094033],[34.13595197951094,3.598188876967344],[34.14135615763673,3.595207996657312],[34.139338436609506,3.589103071745356],[34.133889835743545,3.588062079946518],[34.13047229398874,3.59159631026004],[34.13043516094802,3.5916874529464895],[34.12877920747899,3.595755039273786],[34.12742440955856,3.59547431312537],[34.126040148633614,3.59719093426615],[34.12519953167851,3.59865987177077],[34.12606265016788,3.600165034970123],[34.126041889187555,3.6001690678436065],[34.1244844079924,3.600882167981189],[34.1210250799542,3.601144036232509],[34.12102497256784,3.6011436167178763],[34.12102365773,3.601143872128487],[34.120833160996725,3.600395441105504],[34.12083168730712,3.6003949446676793],[34.12011245043883,3.600690735743914],[34.11841500012445,3.602510254323854],[34.11841605657307,3.6025161562227535],[34.11886594149706,3.603821022244181],[34.11871949608365,3.6042113350401914],[34.11874731850214,3.604366766263957],[34.11858931382631,3.6045583025529844],[34.118081267048545,3.605912371306074],[34.117177451545686,3.606270115642374],[34.116915135321385,3.608364256482602],[34.11613264224962,3.608344287172352],[34.115989446438405,3.6121539131165106],[34.1159886444925,3.612175682583165],[34.11598862834848,3.6121756778356184],[34.115988560598325,3.612177480281811],[34.115932990947016,3.6121593162853305],[34.105102474865376,3.608974335879143],[34.104242302204185,3.610069750877286],[34.104596349612045,3.611690629787594],[34.1032697983549,3.6133721586610714],[34.10224907459774,3.614666792478961],[34.101658899188486,3.6197825130977086],[34.10165327974746,3.619831290606648],[34.1016532710248,3.6198312987850865],[34.10165326356986,3.61983136340554],[34.10051247306573,3.620903118459074],[34.10108217027101,3.621782594412251],[34.10108103169259,3.6217833804426647],[34.101081074693425,3.621783446928642],[34.10107508409607,3.6217874864327637],[34.10054161001487,3.622155776260353],[34.10997386896118,3.624984877214013],[34.107603968079665,3.628951065410283],[34.10669459331297,3.6294739610961],[34.106033704280684,3.630378593069789],[34.10417734764052,3.630921391737988],[34.103321026005695,3.631413781569907],[34.09368938676577,3.6339893770960408],[34.09437951713592,3.635278749696623],[34.09437589713948,3.635472857610909],[34.09448403588595,3.635583378637672],[34.094346539301654,3.637048628570098],[34.09719920392737,3.640093882549237],[34.09921188833104,3.63839828287914],[34.099213415371686,3.638399990290877],[34.09921448940821,3.638399085439848],[34.09965036352668,3.638888549918858],[34.099925801112924,3.639196521661338],[34.10362340471136,3.639583252659077],[34.10362363595984,3.6395837598984486],[34.103623965172645,3.639583794262022],[34.103817535485256,3.6400090750006187],[34.104201002690566,3.640850203380174],[34.109117572888515,3.64099428016365],[34.10900140721478,3.645241319920658],[34.108998177495366,3.645364574320165],[34.10899803204594,3.6453647167536323],[34.108998007425626,3.645365616876977],[34.10617240829838,3.6481349209402976],[34.106172408310584,3.6481589094843225],[34.106173333342255,3.650508190485571],[34.10682674708417,3.651046584955654],[34.106826053668456,3.6510483813586787],[34.106826068885645,3.651048393864538],[34.10682595151281,3.6510486460090403],[34.10546577562272,3.654572396686651],[34.10479028514593,3.655421736901488],[34.104640917423865,3.655742613954643],[34.10440374894852,3.6559077552070556],[34.104012443353135,3.656399770401755],[34.103682643314826,3.6564098636230153],[34.10351254676337,3.656528302456412],[34.10072806741737,3.656500285650911],[34.10067325649178,3.656501963087949],[34.09852246916421,3.66379577407284],[34.098522391695155,3.6637958107377893],[34.098522377994094,3.663795857247943],[34.09639116889816,3.664804913051602],[34.09639091517384,3.6648046068112436],[34.09639052687179,3.66480479058882],[34.094971026948876,3.663092974074714],[34.09227577996795,3.6645048537321836],[34.08727434263687,3.668184425028804],[34.08726943689237,3.668191699083322],[34.08528076417751,3.671245352262031],[34.08757874761428,3.6719943410677756],[34.08758182889364,3.671994763779806],[34.08976491499959,3.674232999542979],[34.09411739473462,3.674121159148498],[34.09411777734482,3.67412132164903],[34.09411784558239,3.674121319895983]]]}},{"type":"Feature","properties":{"n":"Kamion","c":"318301","d":"Kaabong","od":"Kaabong","dc":"318","k":"KAMION","a":["KAMION"],"lat":3.727984,"lon":34.237437},"geometry":{"type":"Polygon","coordinates":[[[34.1910420293313,3.706455428333652],[34.19090741950055,3.72277168578956],[34.19026113314525,3.7260411043452],[34.19116082885288,3.729716985683897],[34.19442086132793,3.734370282193985],[34.1980026480268,3.736489849984236],[34.20386053574911,3.737707631285407],[34.20638592992804,3.740645598410191],[34.20428564315048,3.750780272828319],[34.20233896215611,3.754951057479833],[34.202101332684066,3.759608884306888],[34.200158924995165,3.766802469331201],[34.2006547282982,3.77243998033793],[34.201779730571914,3.773896715840985],[34.20370761657212,3.774618251840955],[34.20353352276709,3.7747475680000653],[34.22035513950648,3.781213680792953],[34.2210837216795,3.781478603437974],[34.22676309070573,3.779842476489282],[34.22757304969474,3.778746895064737],[34.22756774585846,3.771411479162587],[34.22972032720359,3.771409905770548],[34.2339234176567,3.778059484850587],[34.23612891140899,3.778147061240483],[34.24017249934326,3.78017609023882],[34.24631306411963,3.781177684733452],[34.2672,3.7455],[34.27971645101784,3.7325365328743816],[34.28404004363765,3.728050839633644],[34.28423633382245,3.727917247934869],[34.308369082952495,3.7092558913201374],[34.308720807926434,3.708938953833942],[34.306970194888805,3.699661948384386],[34.30725001960671,3.694062692150808],[34.303414373314446,3.682650168678294],[34.306278143466905,3.68282632345629],[34.30398029881947,3.678699158733769],[34.30300862830445,3.674468793925884],[34.30000089423468,3.67763671397342],[34.29800025923998,3.677401167219318],[34.295097317652,3.678686076155174],[34.29409633853771,3.680209102761086],[34.28986250150478,3.680589645144555],[34.2891919732442,3.68168356479096],[34.286293310552146,3.681017947861605],[34.27565086131131,3.68557612621902],[34.27312992371537,3.685467455210414],[34.269883166511725,3.6871041011247],[34.25860379573125,3.689377544390967],[34.25690208979988,3.690386225242739],[34.2554028232511,3.689958134136166],[34.24997889436502,3.692277418370682],[34.24904966195601,3.691814114364771],[34.243160008296876,3.693205992175761],[34.23376935824662,3.6939701539859575],[34.23376509454433,3.693970743970338],[34.232108690376435,3.692543132266115],[34.2242100416082,3.690075954027269],[34.225737261206966,3.691594149678213],[34.23035174497555,3.70212142245433],[34.230689714141285,3.7024823482132874],[34.232675495138096,3.704600803909949],[34.23267366618295,3.7046010604183324],[34.23267929116016,3.704607067472749],[34.226480597533545,3.7054696295734133],[34.22544666703648,3.705614636869325],[34.225352376020574,3.7103530208863136],[34.225343436219426,3.710812744779228],[34.22534322651533,3.710812808799656],[34.22534317143137,3.710815576920568],[34.22439483183054,3.711102552431575],[34.222414237280475,3.709792364714696],[34.2140275765871,3.710044427841081],[34.20655642139083,3.708409609966564],[34.19568237856358,3.707288942330486],[34.19452729103354,3.681835823432672],[34.19272927157679,3.680309513169688],[34.19202418598172,3.6802811759059124],[34.187886969209394,3.6801151794855773],[34.18188917450092,3.684800704766826],[34.18039009987851,3.70763212256282],[34.18434674197198,3.706192748880181],[34.1910420293313,3.706455428333652]]]}},{"type":"Feature","properties":{"n":"Morungole","c":"318302","d":"Kaabong","od":"Kaabong","dc":"318","k":"MORUNGOLE","a":["MORUNGOLE"],"lat":3.949397,"lon":34.049946},"geometry":{"type":"Polygon","coordinates":[[[34.00529495250016,4.21590130222301],[34.0481,4.1764],[34.0664,4.1413],[34.058409051773936,4.129933992895844],[34.050276395533025,4.118408605859818],[34.06388278187491,4.091491918067215],[34.068525999871106,4.089047662718929],[34.0805,4.0827],[34.08325691632385,4.077116665260114],[34.09236412001983,4.058573300660577],[34.092359252045334,4.058348381379931],[34.08845108973326,4.034215479102875],[34.088362763698576,4.033921227547133],[34.06528629880288,4.026757224282836],[34.0596,4.025],[34.059600521167674,4.024992095623707],[34.05958046632029,4.024985869670437],[34.06079607512894,4.006805438600632],[34.06079972037411,4.006804240992566],[34.0608,4.0068],[34.06230990921538,4.006308083875532],[34.08286064071564,3.999556350969353],[34.09526474238882,3.9860777072598843],[34.1064,3.9739],[34.13538244727102,3.958609260577702],[34.13537232094796,3.958486082813032],[34.12117961008653,3.9000739054581537],[34.120671865859904,3.898126506859046],[34.12056464530217,3.8980259111127658],[34.09293295948694,3.882901198877059],[34.092184068324585,3.882533774442138],[34.08918051544832,3.858558367206852],[34.093408441140305,3.857178734768633],[34.10435438421377,3.8627539936423534],[34.1286,3.8694],[34.12894529446042,3.8693805716671887],[34.15333666199381,3.866089587492925],[34.16765665642582,3.867173280914036],[34.167672600460044,3.867201541662095],[34.1677,3.8672],[34.175597063873205,3.87687390324468],[34.175738914633484,3.87697608215496],[34.17619571004232,3.877013430567649],[34.2163,3.8781],[34.2258,3.8494],[34.225942839836264,3.846386079454822],[34.22675493514364,3.8283005878024743],[34.1808,3.8289],[34.18040413237475,3.8283843946362452],[34.169340158355595,3.815604983315],[34.164913781537685,3.8082086907682156],[34.1646,3.8078],[34.16463082229681,3.807752616469083],[34.15901971219927,3.80481914171019],[34.153917136923624,3.804252238260937],[34.15451206432474,3.797228588102694],[34.15981181422181,3.798694507240519],[34.16273826878592,3.796981030370764],[34.16422295283299,3.795020785916361],[34.171281614684275,3.797528263992835],[34.1713,3.7975],[34.18939545525392,3.792401280563811],[34.18939856330761,3.7923880110497206],[34.187784294360924,3.778917215011851],[34.166819554452125,3.770804404204491],[34.17162278681621,3.764994912617352],[34.18653831492435,3.768194261786277],[34.20177971961079,3.773896711665598],[34.20177429436271,3.7738896766383676],[34.2006547282982,3.77243998033793],[34.200181774244186,3.76706227577475],[34.20015894573575,3.766802999799746],[34.20015896528164,3.7668029274069164],[34.200158924995165,3.766802469331201],[34.20210132167179,3.7596089250901703],[34.20212209703309,3.759201877797609],[34.20233896215611,3.754951057479833],[34.2023390668816,3.7549508331043655],[34.20233906835563,3.754950804224066],[34.20249438863469,3.7546180546030548],[34.204285608683264,3.750780346674683],[34.20435434751101,3.750448748422937],[34.20638592992804,3.740645598410191],[34.20386053574911,3.737707631285407],[34.1980026480268,3.736489849984236],[34.198002462194125,3.7364897400153905],[34.198002457774415,3.736489739096681],[34.19442118867411,3.73437050575038],[34.194421152954284,3.734370454767587],[34.19442086132793,3.734370282193985],[34.19140052048502,3.7300591160902226],[34.191160944509896,3.729717170097714],[34.191160937239815,3.7297171403929514],[34.19116082885288,3.729716985683897],[34.19026113314525,3.7260411043452],[34.19090741950055,3.72277168578956],[34.1910420293313,3.706455428333652],[34.184364159063065,3.706193432213356],[34.18434673277025,3.7061927522276465],[34.18039009987851,3.70763212256282],[34.180390100952046,3.7076321062125057],[34.18039008928989,3.7076321104555103],[34.180390088241936,3.707632126416095],[34.17947595343469,3.707964722932496],[34.179475239115796,3.7079647031892695],[34.17508263409611,3.708211366080351],[34.1711687343833,3.7077351177642472],[34.17116776150186,3.70773509087455],[34.16749041760995,3.705653488776849],[34.16101761766255,3.703575620618246],[34.15536161398535,3.702704472166007],[34.15541252755742,3.702593096248361],[34.15541251519644,3.702593094081682],[34.15536160272255,3.702704469514249],[34.148393276505494,3.7018265072378016],[34.14835851649017,3.7018282652628747],[34.13377589973794,3.702567657130258],[34.13595364305992,3.685767755585367],[34.139401930079586,3.678516412179059],[34.13966780379406,3.675868020910192],[34.1396625599923,3.6758667457282472],[34.13493713943206,3.674994370392077],[34.13357198195986,3.675119058673008],[34.129975885346255,3.6758726508254904],[34.129961943979154,3.67587716243656],[34.12887690803458,3.680183838893743],[34.1288688796447,3.6801854494772424],[34.126297606833205,3.680997961460696],[34.11797939976296,3.6823699991662777],[34.116988240255665,3.682568836688084],[34.116814840845805,3.68256208608251],[34.116429214406224,3.682625692820225],[34.115125521830144,3.6824963192706592],[34.11101930130725,3.682336460161726],[34.10908438857576,3.6819196032818096],[34.10749229923051,3.697005710792464],[34.108569413450354,3.704256065384071],[34.108569451618074,3.704256192608867],[34.11193840201704,3.707884316162285],[34.107955842322546,3.718409772829513],[34.10107628669898,3.715781066717244],[34.084679963477015,3.707324082989203],[34.071988773841646,3.698458325080024],[34.065377914715555,3.695956351448108],[34.03538296212489,3.728059440823079],[34.03130265684718,3.734436574696934],[34.00729285674179,3.7235798758978893],[34.00713148644875,3.723506920492532],[34.00691835913523,3.727785132826263],[34.00496858845778,3.734552314499938],[34.005592073073764,3.7445726029711324],[34.00563821078752,3.744714991761845],[34.004844661152035,3.7503307077757473],[34.0034,3.7611],[34.0128,3.7814],[34.0072,3.7874],[34.0085,3.8221],[34.004402266663895,3.8410985818310306],[34.004435486268704,3.843328848428565],[34.0092,3.8551],[33.97735624259263,3.908538949212371],[33.977389036638165,3.908771607046283],[33.97688643068413,3.913765844944825],[33.96671824706844,3.939575471396606],[33.96777829104908,3.939561319002062],[33.96704051617535,3.940307803074242],[33.96625524386311,3.963139596575534],[33.96383368958852,3.975372150872909],[33.95735820374017,3.992503604519804],[33.97204399343236,4.052820701451571],[33.97288185768341,4.074022758276611],[33.97615820940953,4.097663852197828],[33.97372790442145,4.102560625229315],[33.963992645959856,4.109908391849638],[33.95589089160572,4.125413531156853],[33.93886107547765,4.14499959103558],[33.9288578326812,4.170610820825975],[33.988505295266464,4.231369234530386],[34.00529495250016,4.21590130222301]]]}},{"type":"Feature","properties":{"n":"Timu","c":"318303","d":"Kaabong","od":"Kaabong","dc":"318","k":"TIMU","a":["TIMU"],"lat":3.667497,"lon":34.356317},"geometry":{"type":"Polygon","coordinates":[[[34.249048565312165,3.691814328324133],[34.24904862677605,3.6918143590046255],[34.24904966195601,3.691814114364771],[34.24997889436502,3.692277418370682],[34.2554028232511,3.689958134136166],[34.25690208979988,3.690386225242739],[34.25860379573125,3.689377544390967],[34.269022969449615,3.6872774804076918],[34.26988321856307,3.6871040748863253],[34.27123523861395,3.686422540064502],[34.27312939708557,3.685467672825113],[34.27312948453545,3.685467676595008],[34.27312992371537,3.685467455210414],[34.27565086131131,3.68557612621902],[34.286293310552146,3.681017947861605],[34.28804855522141,3.681421002887712],[34.28919216649233,3.6816832495202454],[34.289799418826384,3.680692560092813],[34.289861422531054,3.680590624965077],[34.289861928878686,3.6805905793437077],[34.28986250150478,3.680589645144555],[34.29391669098058,3.680225249700386],[34.294096365859666,3.6802090611897307],[34.29499961738371,3.6788347307133846],[34.2950964462706,3.678687160442486],[34.29509667018604,3.678687061298489],[34.295097317652,3.678686076155174],[34.29800025923998,3.677401167219318],[34.30000089423468,3.67763671397342],[34.30300862830445,3.674468793925884],[34.303014980697164,3.6744964503569184],[34.305337082860625,3.681136082064067],[34.306278143466905,3.68282632345629],[34.30592052368931,3.6828043257298053],[34.31678703898194,3.713875163446779],[34.32014295619411,3.7197236846619073],[34.325980319290935,3.72519412779265],[34.32707725387161,3.7255550701288196],[34.36442228078928,3.732156463775882],[34.36643831640853,3.7321195835430756],[34.380219053834246,3.72606561796877],[34.40061499862552,3.702577695403549],[34.403843681727786,3.690236069253804],[34.40779591958219,3.6893233645443337],[34.4565,3.6736],[34.45969743776069,3.6707009897636436],[34.46396891429447,3.666784448016656],[34.46343713053072,3.663545388415253],[34.45593832961878,3.6201859851224603],[34.407627768136415,3.621707636989592],[34.38466579080052,3.6218823418959905],[34.380593183916424,3.621979440040875],[34.379173963121,3.6219241261564084],[34.376597311153404,3.621943730467232],[34.358907256595344,3.6211342347829922],[34.358905222355,3.6211341554988277],[34.32508691619268,3.622459995734701],[34.3250868789462,3.6224599942235582],[34.32508650934998,3.622460008713531],[34.325085862924126,3.6224599530020987],[34.31513750668465,3.622056334050631],[34.31269266323465,3.6213918600419204],[34.31268073213761,3.621390831774719],[34.31268011780271,3.621388450370248],[34.31267973468045,3.621388346243016],[34.309481408511346,3.6089889910797757],[34.308264287234856,3.604270948786866],[34.3065561345451,3.6027266968895493],[34.30508188978964,3.602663051298225],[34.305035972205204,3.602661080500547],[34.301576048429595,3.6132435478577234],[34.30155598628852,3.613307562023285],[34.29671023726782,3.614402034048496],[34.29665166991494,3.6144152725419185],[34.29432146823199,3.617769085428933],[34.29432073203416,3.617768590333966],[34.294320721932465,3.617768604870227],[34.29422747210791,3.6177058727896707],[34.29112563856874,3.615619881622644],[34.28960211332297,3.615574559415672],[34.28811815485665,3.616676366582238],[34.28783087391244,3.6178961955297226],[34.287464119086415,3.619453765819342],[34.288470864213856,3.623999495078752],[34.288470311917614,3.6240003178715874],[34.28847038985986,3.624000670011968],[34.2873787891053,3.625627214476187],[34.28737824539065,3.6256272427733838],[34.287377501191465,3.625628351456923],[34.284859493523044,3.6257583292107705],[34.28451954165487,3.625776021735332],[34.281148262448674,3.633486119260345],[34.280762969924,3.640690407022882],[34.28076242014251,3.6406912500146644],[34.28076240869605,3.640691463893117],[34.27977958347292,3.642198712901486],[34.279779143361786,3.642198929443364],[34.27977888025196,3.642199332875316],[34.27782676852537,3.643159916994968],[34.27717144428424,3.64456669868472],[34.276354700509465,3.646320131877707],[34.276311666767874,3.6471025641527826],[34.27592747253541,3.6541004598837],[34.27592681071406,3.6540999524022686],[34.275926387709546,3.654107643399415],[34.27055280716613,3.649979389072486],[34.27055269653192,3.649979107452189],[34.27055232967825,3.649978826150556],[34.269506094109786,3.6473150553973923],[34.26593706925746,3.644792962589849],[34.265927459251586,3.6447963506951386],[34.263087675218806,3.646087133587883],[34.25860812492152,3.650740927043226],[34.257126690005364,3.65884169451173],[34.255298098824426,3.6604480599210194],[34.254919785831845,3.6607805505200997],[34.252065066967035,3.665235712660369],[34.248615159794,3.66821051285255],[34.24575942841932,3.680048026985922],[34.24575938049977,3.680048099614946],[34.2457593579545,3.680048193081685],[34.244539077243175,3.6818976460745274],[34.241952305686254,3.68581827330303],[34.24021605418586,3.69051749478539],[34.23921900686634,3.6932160668471],[34.24315880028017,3.6932060904778194],[34.243160008296876,3.693205992175761],[34.24800202363346,3.6920616984536645],[34.249048565312165,3.691814328324133]]]}}]}
