{"type":"FeatureCollection","name":"Kagadi sub-counties","metadata":{"source":"Uganda Bureau of Statistics NPHC 2024 Map Explorer","retrieved":"2026-07-26","display_only":true,"clipped_to_dashboard_district":true,"positive_area_overlaps_removed":true,"source_gap_ratio":0.00724955},"features":[{"type":"Feature","properties":{"n":"Isunga","c":"427101","d":"Kagadi","od":"Kagadi","dc":"427","k":"ISUNGA","a":["ISUNGA"],"lat":0.918136,"lon":30.887711},"geometry":{"type":"MultiPolygon","coordinates":[[[[30.86042682726412,0.943345868010466],[30.869098718448456,0.940731490854275],[30.870676529628142,0.939259878053796],[30.876283933167652,0.938782050133392],[30.88257291255827,0.935806588074796],[30.885037082742755,0.934253763559598],[30.88698728285184,0.931627283085626],[30.887855109919077,0.927870780643213],[30.89274435038463,0.926245932941813],[30.89343610096599,0.925053784873379],[30.896957878061816,0.925001903153027],[30.897651059973683,0.920283465977925],[30.900526795623314,0.920303569698664],[30.912224856875273,0.924195448936056],[30.91370456054607,0.919959976549716],[30.91615051508537,0.919330914128623],[30.91862519201333,0.91701815079057],[30.925638022690556,0.915616141145571],[30.930130581289397,0.918643208873129],[30.930837375008796,0.9166547482645859],[30.928472399445226,0.9098929167236784],[30.927456663138646,0.9092426309206082],[30.920782365391347,0.9079971878002993],[30.91349407211188,0.907675006681914],[30.90479476241852,0.905447843928918],[30.898627770951297,0.901555556793438],[30.889433541310318,0.8951383915493364],[30.8885,0.8946],[30.888529467448556,0.8945073880188245],[30.88549121488496,0.892386822238413],[30.88452297530991,0.891499305776762],[30.88078410812535,0.891485090775404],[30.88025396296283,0.894275397747611],[30.877571270501825,0.898521556097192],[30.873833956682518,0.900931112879521],[30.872463329902615,0.904231170263166],[30.869810088519674,0.906066998802235],[30.868610960823457,0.909395422338866],[30.86269097318565,0.913152959087814],[30.85818273662894,0.917628162707437],[30.85740851220135,0.919700006920859],[30.854820673461433,0.921555296936926],[30.84979331784425,0.938208611413904],[30.850094982993383,0.9447542487789],[30.86042682726412,0.943345868010466]]],[[[30.88778727029663,0.893854212991042],[30.887787266369287,0.893854217598118],[30.887787270296634,0.893854212991043],[30.88778727029663,0.893854212991042]]]]}},{"type":"Feature","properties":{"n":"Kabamba","c":"427102","d":"Kagadi","od":"Kagadi","dc":"427","k":"KABAMBA","a":["KABAMBA"],"lat":1.003498,"lon":31.023698},"geometry":{"type":"Polygon","coordinates":[[[30.963288341053637,0.983510510262895],[30.963699705859007,0.98832871382374],[30.966257329907528,0.993897188101197],[30.967082823456806,0.999703954710899],[30.96576956251027,1.003201542710375],[30.96222881985396,1.006685318149749],[30.963985309766212,1.010561692669913],[30.96919271806849,1.015103761970721],[30.96933941099371,1.018287962462471],[30.96832934600494,1.020223816377],[30.969033625909134,1.022383823731273],[30.973297285543072,1.021130185702354],[30.974504963998722,1.018132414352306],[30.979266679550395,1.016080692018885],[30.983437977521827,1.023707150938527],[30.98798895598069,1.025233534705833],[30.989924186204945,1.026975739349494],[30.99539179316541,1.029402558482275],[31.003137177723204,1.037461917769115],[31.007167516158848,1.038575034413738],[31.01092986227055,1.044097715795287],[31.012686709077666,1.045294406259668],[31.008806224590295,1.049978806872029],[31.01117290714942,1.053042488704505],[31.01172370370818,1.05504543520158],[31.007706848490614,1.056155040413304],[31.00729484542086,1.05817030666257],[31.016306707126798,1.065926920748989],[31.026468206702486,1.06474968663913],[31.030688490486703,1.060629092493764],[31.032430144235438,1.056431951148498],[31.03929705103389,1.051060039120169],[31.040757410533747,1.048075880572701],[31.046206922359943,1.046755167158158],[31.05018224302261,1.046953717980332],[31.051970760390464,1.03843990193833],[31.04943385097413,1.037263662920289],[31.051217724663864,1.032713435838616],[31.05193159358281,1.027773686476344],[31.05396565057325,1.023994816217706],[31.061339287049016,1.022546056296328],[31.06185793189635,1.017607253199863],[31.06605572892204,1.00767902438034],[31.075052868350472,1.006770515242737],[31.08245849839186,1.003794155687004],[31.074742548505927,0.999494231775184],[31.06953670355547,0.992704267660143],[31.060898793881055,0.98793955264776],[31.05480563538791,0.978855430455777],[31.0543,0.9784],[31.04009388994531,0.9745129861739618],[31.035503084205864,0.973870949683795],[31.035433881855393,0.9732379351004992],[31.0236,0.97],[30.9921,0.9524],[30.989997861043296,0.9499374943650023],[30.984448985079734,0.94662166718512],[30.983691704600847,0.9425502825324207],[30.982006124888866,0.9405757462983826],[30.977327840712668,0.944097760079044],[30.97457967720013,0.943962717260491],[30.973769453784442,0.9421045049062686],[30.962450119138243,0.9580606754316338],[30.961523093744,0.959439254655483],[30.957951454430102,0.960710078060201],[30.95694428635923,0.968293042669217],[30.96025491813102,0.979168656997345],[30.963288341053637,0.983510510262895]]]}},{"type":"Feature","properties":{"n":"Kagadi","c":"427103","d":"Kagadi","od":"Kagadi","dc":"427","k":"KAGADI","a":["KAGADI"],"lat":0.888496,"lon":30.848874},"geometry":{"type":"Polygon","coordinates":[[[30.7955466924858,0.845801222164832],[30.798810076713856,0.846778654610622],[30.800606055268126,0.849219826684321],[30.80607961228458,0.85194998364749],[30.81352216271693,0.852959082565608],[30.816171989739612,0.854538778327499],[30.81844634582272,0.869342119896662],[30.822408469841992,0.874661423716277],[30.818861027518174,0.876779193487853],[30.818059173328358,0.880165364392615],[30.815999618768565,0.881893819378902],[30.81595336491124,0.884159712062243],[30.81344702745241,0.886867088290931],[30.815755127457486,0.893446206215028],[30.814063584564785,0.895437114183518],[30.812979603446962,0.898816635843002],[30.817858143079906,0.904707122076564],[30.819743368273148,0.904511484605676],[30.821329898733666,0.897462038349174],[30.83019537156418,0.898733455899196],[30.833393451005175,0.905310193509219],[30.837294705471674,0.905881158307055],[30.837655225619514,0.908785635257309],[30.839163398962526,0.910246311476317],[30.839492699344916,0.916850630850189],[30.838602847288143,0.91793581048603],[30.838655194676697,0.920434235921571],[30.840889060659503,0.920607634310841],[30.841301154593584,0.921704867745761],[30.844401888354977,0.921543727415747],[30.848204482049887,0.923268472750077],[30.848661580981705,0.926644211607643],[30.847789678862064,0.93122742214606],[30.849917332938755,0.9408995349055487],[30.84979331784425,0.938208611413904],[30.854820673461433,0.921555296936926],[30.854821062484284,0.9215550180361569],[30.854821068890423,0.921554996816402],[30.857408513272595,0.9197000040541735],[30.85818273662894,0.917628162707437],[30.858183310638672,0.9176275929036125],[30.85818338758311,0.917627387054341],[30.860130676377004,0.9156944959839446],[30.86269097318565,0.913152959087814],[30.868610624103024,0.909395636062185],[30.868927527408783,0.9085167272033697],[30.869810088519674,0.906066998802235],[30.869811053064332,0.9060663314153093],[30.869811149687028,0.906066063439111],[30.8712411827022,0.9050767973229183],[30.87246331610918,0.9042311798071082],[30.87261934754999,0.903855526654896],[30.873833956682518,0.900931112879521],[30.877571270501825,0.898521556097192],[30.88025396296283,0.894275397747611],[30.88078410812535,0.891485090775404],[30.884495831297663,0.8914992025764737],[30.884522963013694,0.891499294942917],[30.8837543370257,0.890125455505422],[30.8835164183649,0.874326895915228],[30.8813152248467,0.869605553958821],[30.87927602160565,0.867919221939507],[30.87962335406261,0.8667545969176556],[30.871597265431262,0.8536635008975944],[30.870954570033877,0.853572949009444],[30.871046892220445,0.8527658047867483],[30.8707,0.8522],[30.869712391530854,0.8440028497060841],[30.869685808618684,0.84394741871844],[30.86949728272615,0.8438519330175407],[30.855324589726784,0.840491397564083],[30.852097548385753,0.841446484320591],[30.849837481180828,0.841297894005451],[30.843590970278807,0.8377091991382742],[30.841010654051424,0.8370973715792036],[30.835785737716005,0.842275875324217],[30.832409464127277,0.842360800620091],[30.830184264632273,0.840084834502293],[30.829503288184288,0.841616736798506],[30.82273102802219,0.842035037317841],[30.817460736467343,0.839892821043326],[30.810563394404237,0.840196353455502],[30.805256199252316,0.838132031026728],[30.801612373149986,0.839232934062365],[30.79618055200929,0.83880474681085],[30.792045589216517,0.837272296962539],[30.789441535581414,0.835370809952451],[30.78813252350785,0.835545848188052],[30.788578352715813,0.839215630020089],[30.7955466924858,0.845801222164832]]]}},{"type":"Feature","properties":{"n":"Kagadi Town Council","c":"427104","d":"Kagadi","od":"Kagadi","dc":"427","k":"KAGADITOWNCOUNCIL","a":["KAGADI","KAGADITOWNCOUNCIL","TOWNCOUNCIL"],"lat":0.935181,"lon":30.814344},"geometry":{"type":"Polygon","coordinates":[[[30.77947348480159,0.942981435332511],[30.780357277224415,0.946259010930044],[30.78856911264913,0.952185992667077],[30.792998597834845,0.957205832807543],[30.79297374412287,0.967094929172597],[30.79111898176435,0.9729712657641],[30.798645622035053,0.969162772797982],[30.80020080512372,0.969792105789641],[30.80053654405454,0.971198630706742],[30.802834063390375,0.97336966003869],[30.80419582377312,0.97408318766049],[30.808672142720418,0.974048893405966],[30.810373696604273,0.976029188618613],[30.81224692361666,0.974647840032089],[30.813483557096355,0.975065928470828],[30.81623546106159,0.971822490579301],[30.819432258137045,0.97032737298582],[30.8221524125369,0.970528826685265],[30.824378415311234,0.973097227122735],[30.82470380184131,0.972050751682281],[30.827996969413157,0.973718149607791],[30.83038649200525,0.973313375464547],[30.832374482209282,0.974409074693961],[30.83596496743783,0.97307436520643],[30.8387329857981,0.973947248152666],[30.839422623673585,0.970161563607679],[30.843356461803925,0.962069436379129],[30.845041128717167,0.954410807153628],[30.848280194760022,0.950414247276558],[30.850174757009558,0.946612459039288],[30.8501089083679,0.94475235054765],[30.850094982993383,0.9447542487789],[30.84991733443011,0.9408995672655537],[30.847789723472943,0.931227625667551],[30.847789723546875,0.9312276252789513],[30.847789678862064,0.93122742214606],[30.848661568113506,0.9266442792501745],[30.848204226155772,0.9232683566839865],[30.844401888354977,0.921543727415747],[30.841301154593584,0.921704867745761],[30.840889060659503,0.920607634310841],[30.838655194676697,0.920434235921571],[30.838602847288143,0.91793581048603],[30.83949259351195,0.9168507599140923],[30.839163351508617,0.910246265516879],[30.837655225619514,0.908785635257309],[30.837294705471674,0.905881158307055],[30.833393451005175,0.905310193509219],[30.83019537330402,0.8987334594771125],[30.83016399026803,0.8987289554363972],[30.821329898733666,0.897462038349174],[30.819743368273148,0.904511484605676],[30.817858143079906,0.904707122076564],[30.813772515417263,0.8997740201007703],[30.812979592826075,0.898816644980917],[30.80940491262439,0.899670687330023],[30.807656533143206,0.901693897633382],[30.805052285802034,0.901347257468748],[30.804949876545965,0.903554992503005],[30.798422129998354,0.907634521078525],[30.799370430752894,0.909724274932689],[30.799324689688316,0.915627244011307],[30.789556785539034,0.912637447113648],[30.78864307626684,0.913522603722828],[30.788826449800816,0.916685101285831],[30.783847611940576,0.917829656488795],[30.78402973933958,0.920232498677833],[30.785954541422075,0.923020663726343],[30.786056302188964,0.924759749649682],[30.78999642239317,0.924958193639586],[30.78607226633934,0.929370754057187],[30.780937112211877,0.930973002453916],[30.779174261201764,0.939134933028931],[30.780047860670567,0.940613897582123],[30.77947348480159,0.942981435332511]]]}},{"type":"Feature","properties":{"n":"Kamuroza","c":"427105","d":"Kagadi","od":"Kagadi","dc":"427","k":"KAMUROZA","a":["KAMUROZA"],"lat":0.963733,"lon":30.92044},"geometry":{"type":"Polygon","coordinates":[[[30.902824906902772,0.960264653161324],[30.900048599005256,0.962075763976633],[30.89837701872311,0.965389720774122],[30.899641145552238,0.981999980808798],[30.905784573600346,0.988498326551207],[30.90719781786964,0.993464477564292],[30.91119459290001,0.994479573807293],[30.91317369697589,0.99159723730646],[30.914627393667324,0.991337546040416],[30.91480330024174,0.989399022344504],[30.915993955781232,0.989126065561739],[30.917253978744437,0.987472045402086],[30.917085008217775,0.985731768626995],[30.922288611717274,0.985101534287445],[30.928190472475084,0.989060208287423],[30.93058970344146,0.983185894716714],[30.93624305178086,0.978971829689343],[30.93907871984146,0.975303240329888],[30.940778619660694,0.969954296971045],[30.939416547273275,0.966105706676212],[30.94394050530586,0.961334805446503],[30.944866614768436,0.957435713900591],[30.94689111406954,0.954133021782681],[30.9516079000924,0.949434947682788],[30.945693202928872,0.943108653690786],[30.943106592805588,0.9384695711235997],[30.942301538497944,0.9375534748424871],[30.938312863649525,0.934045187812443],[30.927114606967795,0.937138218433781],[30.91833761841937,0.936179885189688],[30.913170118224297,0.939035803607503],[30.912800474729007,0.941987332957594],[30.909090825491415,0.94623981769771],[30.907284523180763,0.944882929157373],[30.90616568424039,0.945549236380157],[30.905669151496085,0.947156900985026],[30.89927107528046,0.945108584181007],[30.898060160894246,0.952081817901163],[30.903341199441904,0.958840441170418],[30.902824906902772,0.960264653161324]]]}},{"type":"Feature","properties":{"n":"Kicucura","c":"427106","d":"Kagadi","od":"Kagadi","dc":"427","k":"KICUCURA","a":["KICUCURA"],"lat":1.041819,"lon":31.090634},"geometry":{"type":"Polygon","coordinates":[[[31.040809004945622,1.057465983058901],[31.042729491163286,1.057664420552621],[31.044114672262936,1.060979852427846],[31.047243551531675,1.063335444752049],[31.049705918337324,1.063882562054969],[31.052270596311555,1.066117065278612],[31.055171842991726,1.06602190665591],[31.05484427731227,1.069217162471938],[31.053926643236423,1.070466345784802],[31.059134285933265,1.071515016797368],[31.066081257211717,1.070968184785591],[31.065927044715895,1.069336644336863],[31.06899686103566,1.065547297960543],[31.07793841429765,1.062889278701787],[31.083344890046117,1.062679840682003],[31.085343841557826,1.062927643634602],[31.089949914119682,1.06622042667292],[31.099295252682875,1.069018617849946],[31.109166760555308,1.07440101535955],[31.11865567040006,1.078245301630027],[31.119895460919388,1.0767270250734469],[31.1206,1.0749],[31.120497378331205,1.0735089062674648],[31.120458823132086,1.073396880177508],[31.120487211634615,1.0733710910469791],[31.1197,1.0627],[31.120001369294986,1.062260297258139],[31.119810126776567,1.06169428248854],[31.120912909178852,1.060930345624302],[31.121252428118108,1.06043498192604],[31.121133789581865,1.060064071485284],[31.121531854459363,1.0600272943133928],[31.12478014078431,1.0552879913146993],[31.124876960070058,1.053285645615604],[31.126179399416927,1.0532464500310452],[31.12720365438966,1.0517520452347626],[31.1277215190419,1.049024403517197],[31.131603276354728,1.0444170349177988],[31.128411153928447,1.0392213462877904],[31.12799733690605,1.039036687200303],[31.127906894043978,1.0384005828588132],[31.123362226898188,1.0310034118662015],[31.122839228382087,1.030471706800689],[31.122904009702587,1.0302575902605964],[31.1225,1.0296],[31.122244907037555,1.0277064253172414],[31.12201694692459,1.027353450153037],[31.122162440672586,1.0270942711465032],[31.1199,1.0103],[31.111682512166524,1.0027673028193154],[31.111467977227225,1.0026013250802526],[31.0825,1.0038],[31.082158523504113,1.0034924289717893],[31.08202642412038,1.0035533704928168],[31.08245849839186,1.003794155687004],[31.075052868350472,1.006770515242737],[31.066055755130286,1.0076790217338956],[31.06407713246609,1.0123586118487062],[31.06185793189635,1.017607253199863],[31.061689637392014,1.019209840063299],[31.061339635846405,1.022544629394068],[31.061339432701036,1.0225446693228504],[31.061339287049016,1.022546056296328],[31.05396565057325,1.023994816217706],[31.05193159358281,1.027773686476344],[31.051217724663864,1.032713435838616],[31.050421740550707,1.0347437973429734],[31.049433956401458,1.037263711801711],[31.051970760390464,1.03843990193833],[31.05018224302261,1.046953717980332],[31.050166076803123,1.0469529105445443],[31.043555999836403,1.0473976300152752],[31.040757410533747,1.048075880572701],[31.03931960094021,1.0510139597159587],[31.03929719003667,1.051059813207411],[31.03929714511822,1.0510598468643946],[31.03929705103389,1.051060039120169],[31.0365096461139,1.053240597915709],[31.04042787311525,1.056133182704414],[31.040809004945622,1.057465983058901]]]}},{"type":"Feature","properties":{"n":"Kinyarugonjo","c":"427107","d":"Kagadi","od":"Kagadi","dc":"427","k":"KINYARUGONJO","a":["KINYARUGONJO"],"lat":1.093916,"lon":30.92914},"geometry":{"type":"Polygon","coordinates":[[[30.90466373227086,1.079653508173024],[30.909747516071764,1.087955529565095],[30.909907717781348,1.091072264998058],[30.91377497788309,1.100254022850056],[30.917850233526,1.106854959862135],[30.91853391314246,1.112183437277817],[30.920425584144215,1.118179673095645],[30.92178389018251,1.118000630967711],[30.922361023670152,1.1183068809200696],[30.943348676765268,1.1231725305995606],[30.947130790945085,1.114995094708816],[30.94729211650559,1.113009341992534],[30.944413758733774,1.109184114522222],[30.947289801828468,1.103070685233069],[30.94419580745871,1.100252492189006],[30.945907927180976,1.097366858487932],[30.94597972880702,1.094612316756773],[30.948370669331553,1.093220646114887],[30.94821604764445,1.089397774009104],[30.95065915926654,1.088571336729951],[30.953478815228426,1.086165705851266],[30.949775942194165,1.084218823530218],[30.950633633991213,1.081018307956722],[30.9513247319769,1.081264558803547],[30.951469501956208,1.080654246260033],[30.950632009321442,1.075942888526261],[30.949933636899154,1.075368626583871],[30.948184660313633,1.076654754991309],[30.946578757525824,1.074130558863663],[30.945011528979563,1.074032855830526],[30.941737233473898,1.074397798481519],[30.938144952249548,1.0766990859615],[30.93454106328468,1.074522160572961],[30.934311542476816,1.075794230303512],[30.930339596150212,1.078101207928989],[30.922990643583844,1.074661423912229],[30.919796196077574,1.06912254951504],[30.915791975239863,1.070444110594521],[30.91449174563983,1.071871405713032],[30.910799131671276,1.072335582437421],[30.908929937661018,1.071321671698764],[30.906048234856605,1.072946260014614],[30.905469663042496,1.070231703531393],[30.90671884252796,1.065163209605821],[30.90586230627723,1.063768259685237],[30.90207987051252,1.066499637623076],[30.900628242717485,1.070968160588183],[30.903837271544333,1.075892506584117],[30.90466373227086,1.079653508173024]]]}},{"type":"Feature","properties":{"n":"Kiryanga","c":"427108","d":"Kagadi","od":"Kagadi","dc":"427","k":"KIRYANGA","a":["KIRYANGA"],"lat":1.107867,"lon":31.057379},"geometry":{"type":"Polygon","coordinates":[[[31.026387432208143,1.136698787620789],[31.032619136765504,1.136496951035935],[31.03274745097323,1.1363507501278],[31.034997608319948,1.136314060157565],[31.035419918783756,1.1364062374482995],[31.0387,1.1363],[31.040779528240872,1.1375760741478087],[31.0420286291659,1.137848714181599],[31.043450901980034,1.1392153262150218],[31.0475,1.1417],[31.05016529525264,1.1456669510736954],[31.050237889985993,1.145736704805314],[31.050265647919684,1.1458163131827868],[31.059146749390084,1.1590346967666372],[31.061421516294743,1.158809361430691],[31.066327403446223,1.1561134357107896],[31.08402595545529,1.1418212995695785],[31.083517574697883,1.139017136603653],[31.085168949287077,1.135934949587857],[31.08728499470017,1.134025990685663],[31.09079840716473,1.134264342898944],[31.096658414036323,1.139374609413133],[31.098168459991673,1.14016875856491],[31.099953259961847,1.139920096195199],[31.1016179353352,1.14232917622464],[31.10288921929941,1.1423827039705015],[31.103411435896422,1.1416523664403813],[31.107639299415627,1.1132872457387886],[31.107260146285746,1.111226130909882],[31.108148656603397,1.1098699220608388],[31.1088,1.1055],[31.108887726891883,1.1052725048396916],[31.108854644137377,1.104789589888877],[31.109106775257274,1.1047044641633368],[31.114618874372038,1.0904103766284405],[31.11354762431787,1.090284179744466],[31.113880921156365,1.087586665919076],[31.11494988477993,1.085812057175727],[31.115006131455857,1.082499546194638],[31.11704919314159,1.082466585802254],[31.1181464235353,1.0812626643915115],[31.118476762481208,1.0804060227182233],[31.118655666353767,1.07824531273472],[31.117149784254234,1.0776352149572677],[31.109166760555308,1.07440101535955],[31.099295252682875,1.069018617849946],[31.089949914119682,1.06622042667292],[31.087635874693262,1.064566169239718],[31.085343795659853,1.0629276379447925],[31.083344892901334,1.0626798410359541],[31.083344890043403,1.0626798406821083],[31.07793841429765,1.062889278701787],[31.06899686103566,1.065547297960543],[31.065927044715895,1.069336644336863],[31.066081257211717,1.070968184785591],[31.066077354737686,1.0709684919694904],[31.066077358303563,1.070968530480552],[31.061480279110167,1.0713303515501515],[31.059134285933265,1.071515016797368],[31.053926643236423,1.070466345784802],[31.054844235974244,1.0692172187457543],[31.054854020720892,1.0691221199048415],[31.055171842991726,1.06602190665591],[31.052270596311555,1.066117065278612],[31.05227042040701,1.0661169120198886],[31.052270345214158,1.066116914534414],[31.051420203295894,1.065376151232501],[31.049706069489467,1.0638826937478962],[31.049309275742004,1.0637944313887835],[31.047243551531675,1.063335444752049],[31.047242588598664,1.0633347198031415],[31.047242558621345,1.06333471313502],[31.04690719833752,1.0630822195764127],[31.044114672262936,1.060979852427846],[31.042729491163286,1.057664420552621],[31.040809004945622,1.057465983058901],[31.040427876612924,1.0561331949356247],[31.03650963658553,1.0532406053696555],[31.032430188072954,1.0564319168548515],[31.032198948901456,1.0569890994885702],[31.030688490486703,1.060629092493764],[31.0306881652988,1.0606294100002265],[31.030688082042776,1.060629610609881],[31.030686914434664,1.0606306313170137],[31.026468206702486,1.06474968663913],[31.026461809729845,1.064750427743761],[31.027264577808495,1.070113905283218],[31.03002604052122,1.073751457970015],[31.030626894821406,1.077201049014778],[31.02876235117407,1.082493963822851],[31.025889934455662,1.085964240544365],[31.024329355116446,1.091663967917519],[31.02199627567052,1.092027718482896],[31.019309389083,1.094027006138452],[31.016811625526618,1.094365881300559],[31.013257176398554,1.090862555020532],[31.009250658926575,1.093802679411169],[31.007560170200303,1.097661252816497],[31.00760571215773,1.105864804201806],[31.00363981291191,1.111999371881554],[31.002248173524812,1.117486708680925],[31.00013184590797,1.118928350448835],[30.99830164985131,1.123360531170114],[30.99745418635364,1.1288590246305406],[30.9997,1.1285],[31.014,1.1371],[31.021131623914457,1.1368690162294914],[31.024147547261652,1.136207186050437],[31.026387432208143,1.136698787620789]]]}},{"type":"Feature","properties":{"n":"Kyanaisoke","c":"427109","d":"Kagadi","od":"Kagadi","dc":"427","k":"KYANAISOKE","a":["KYANAISOKE"],"lat":0.938087,"lon":30.897799},"geometry":{"type":"Polygon","coordinates":[[[30.886610734115767,0.949660804470219],[30.885754215915362,0.952318396722729],[30.887175358682107,0.954589550988291],[30.886319021703503,0.956694029875558],[30.88659471808068,0.958486418984237],[30.89160585284581,0.955402642956616],[30.890947517667854,0.95138535278993],[30.89632482173675,0.950468599378371],[30.898178928168022,0.9513978785840821],[30.89927107528046,0.945108584181007],[30.905669151496085,0.947156900985026],[30.90616568424039,0.945549236380157],[30.907284523180763,0.944882929157373],[30.909090825491415,0.94623981769771],[30.912800474729007,0.941987332957594],[30.913170118224297,0.939035803607503],[30.91833761841937,0.936179885189688],[30.92655601752298,0.9370772277156305],[30.927114921710835,0.937138131499726],[30.938282022316212,0.9340537063873467],[30.935352180179954,0.929743949747145],[30.930130577587345,0.918643220450895],[30.93013030682569,0.9186430239405972],[30.925964310766187,0.9158359927249994],[30.918627452474762,0.9170176988776586],[30.91862519201333,0.91701815079057],[30.91615051508537,0.919330914128623],[30.91370456054607,0.919959976549716],[30.912224856875273,0.924195448936056],[30.912204017341317,0.924188515740224],[30.899221101476805,0.9202944418393298],[30.897651059973683,0.920283465977925],[30.896957878061816,0.925001903153027],[30.89343610096599,0.925053784873379],[30.89274435038463,0.926245932941813],[30.89274314140454,0.926246334723753],[30.89274302097233,0.926246542380495],[30.88785509533226,0.927870843784151],[30.88698728285184,0.931627283085626],[30.885037082742755,0.934253763559598],[30.88257291255827,0.935806588074796],[30.88073850216765,0.9366744901902536],[30.88058038780681,0.944915316047996],[30.879565770870705,0.947166474406552],[30.87977921547757,0.949010600120221],[30.886610734115767,0.949660804470219]]]}},{"type":"Feature","properties":{"n":"Kyenzige","c":"427110","d":"Kagadi","od":"Kagadi","dc":"427","k":"KYENZIGE","a":["KYENZIGE"],"lat":0.988998,"lon":30.883891},"geometry":{"type":"Polygon","coordinates":[[[30.8589325117526,1.02421540647145],[30.861552231150768,1.023466068288711],[30.8641225292407,1.02378726010762],[30.87125276846085,1.028359408254562],[30.87368211014233,1.027562240045295],[30.87323635877297,1.023310081102828],[30.874321807399767,1.019283208647448],[30.874120909831188,1.017805279767008],[30.87143729752436,1.015688218307512],[30.871276060963083,1.012607083303871],[30.873134102366592,1.013004473927587],[30.882009108459915,1.010362107269308],[30.88564201843359,1.010999123887966],[30.886974577028457,1.008585417462515],[30.888800831381506,1.009602636111434],[30.891484992932774,1.008735741794718],[30.8929494288744,1.009772374537391],[30.89540428160792,1.00777322244262],[30.898310895799618,1.007988770710343],[30.900155399148836,1.004703563364337],[30.9067095035851,1.003142559221819],[30.907509640466134,1.001778758663241],[30.91196565711026,0.999343088253453],[30.911194587309517,0.994479585374505],[30.911149663093738,0.9944681625876979],[30.90719781786964,0.993464477564292],[30.905784573600346,0.988498326551207],[30.899641145552238,0.981999980808798],[30.89964105981523,0.981998854249368],[30.89964094673172,0.981998734616647],[30.89901055952955,0.9737142632923699],[30.89837701872311,0.965389720774122],[30.89918566460999,0.963786556653189],[30.90004763749859,0.962077097205957],[30.90004806836032,0.9620768159957395],[30.900048599005256,0.962075763976633],[30.902225274272503,0.9606558205613329],[30.902824999217394,0.9602643985080378],[30.90314608553253,0.9593786700779884],[30.90334100665598,0.9588401944448139],[30.900206251516067,0.954828364415392],[30.89858337618342,0.953395924606952],[30.89818680096694,0.952243890670449],[30.898060160894246,0.952081817901163],[30.898083916722666,0.9519450163686503],[30.89783648833189,0.9512262475420025],[30.89695633672059,0.9507851150501129],[30.895605433777376,0.9505912447332815],[30.8909533391116,0.9513843603170575],[30.890947571575815,0.9513856817468539],[30.89160585284581,0.955402642956616],[30.88659471808068,0.958486418984237],[30.886319021703503,0.956694029875558],[30.88717520446493,0.954589929982542],[30.886970266890838,0.9542617900430321],[30.885754215915362,0.952318396722729],[30.886114401327713,0.9512008186480579],[30.88661035497197,0.9496607683844002],[30.879832571984434,0.9490156784395086],[30.87977921610261,0.949010611637613],[30.87988724328399,0.951933495207629],[30.877672651035873,0.952328669539857],[30.877810662054358,0.955312997584749],[30.88052279043875,0.957742352711905],[30.882806343584054,0.966320157487812],[30.87942416082574,0.966945875187279],[30.877743361908284,0.968579953261343],[30.87112340187506,0.968955164749848],[30.86840300912226,0.97475427695951],[30.864502708864308,0.979341151472062],[30.864133622859935,0.980782714188628],[30.862075173702824,0.980634919565058],[30.86040618677435,0.98146464084868],[30.858557555360697,0.980877100753458],[30.861912778828916,0.988022779378274],[30.861827158619516,0.989498030739179],[30.86535442705683,0.995295623425762],[30.867230494892162,0.99687594761216],[30.868111260863696,0.999282762042701],[30.86663836745486,1.003000468268788],[30.86682842592487,1.004722988365809],[30.85873096003503,1.012767226639497],[30.85492338363519,1.014742663752502],[30.85366234614322,1.016075097992569],[30.853495783405727,1.017669331524299],[30.855629562436974,1.023547212263561],[30.8589325117526,1.02421540647145]]]}},{"type":"Feature","properties":{"n":"Kyenzige Town Council","c":"427111","d":"Kagadi","od":"Kagadi","dc":"427","k":"KYENZIGETOWNCOUNCIL","a":["KYENZIGE","KYENZIGETOWNCOUNCIL"],"lat":0.984744,"lon":30.847157},"geometry":{"type":"Polygon","coordinates":[[[30.824760577664094,1.025645471863939],[30.82288599767124,1.02723465075947],[30.823854464263768,1.02850304651259],[30.82390749696229,1.033363680494577],[30.824483817406087,1.033424416882375],[30.830560546874278,1.029295525617148],[30.831900991960403,1.029583119926526],[30.833604799184336,1.02742300991258],[30.836256974594143,1.026834485450031],[30.83791193284919,1.024913754839622],[30.83935224007535,1.02642462439494],[30.838683636335897,1.029518143498428],[30.840625266133515,1.030231976814706],[30.842427714530814,1.025480573243376],[30.848521539678767,1.025687069348616],[30.851961798108057,1.02372345042012],[30.855521869413373,1.0232505523283404],[30.85528212407981,1.0225901303925016],[30.853852873178628,1.019251867744424],[30.85380987464703,1.018534552726023],[30.853495783405727,1.017669331524299],[30.85366234614322,1.016075097992569],[30.85492338363519,1.014742663752502],[30.85519357090601,1.014602485879179],[30.855839379422264,1.013981334449646],[30.858728384642287,1.0127685627982144],[30.85873096003503,1.012767226639497],[30.86682842592487,1.004722988365809],[30.866648018637335,1.00308793796045],[30.866638254924688,1.003001068375749],[30.866638394727648,1.0030007154449405],[30.86663836745486,1.003000468268788],[30.867421172682675,1.001024602363079],[30.868111207869866,0.9992826172297574],[30.867230494892162,0.99687594761216],[30.86535442705683,0.995295623425762],[30.861827158619516,0.989498030739179],[30.861912778828916,0.988022779378274],[30.858557555360697,0.980877100753458],[30.86040618677435,0.98146464084868],[30.861920627235705,0.9807117508996175],[30.862074581715834,0.980635049515518],[30.862074870260027,0.9806350704188129],[30.862075173702824,0.980634919565058],[30.864133622859935,0.980782714188628],[30.864502708864308,0.979341151472062],[30.86840298714518,0.9747543028052409],[30.868419577029385,0.974718958841422],[30.87112340187506,0.968955164749848],[30.877743361908284,0.968579953261343],[30.879242406891837,0.9671225769421279],[30.879423632809118,0.966946139195071],[30.87942394939029,0.9669460807454987],[30.87942416082574,0.966945875187279],[30.882806343584054,0.966320157487812],[30.88052279043875,0.957742352711905],[30.877810662054358,0.955312997584749],[30.877810565571348,0.9553109112516672],[30.877810559262862,0.95531090559758],[30.877809535446843,0.9552886360051894],[30.877672651035873,0.952328669539857],[30.87988724328399,0.951933495207629],[30.879886234728136,0.9519062067855026],[30.87956607008863,0.9471690595993725],[30.879565770870705,0.947166474406552],[30.88058038780681,0.944915316047996],[30.88069194401205,0.939101073395622],[30.880738490752975,0.9366744955908007],[30.876283933167652,0.938782050133392],[30.870676642571098,0.9392598684295024],[30.870541307507416,0.9393859987242092],[30.869098718448456,0.940731490854275],[30.860427778291612,0.9433455812973959],[30.860427110464656,0.943345782633552],[30.86042711045509,0.943345782634856],[30.86042682726412,0.943345868010466],[30.852154915902148,0.9444734499382531],[30.850108908775464,0.9447523620606061],[30.850174757009558,0.946612459039288],[30.848280194760022,0.950414247276558],[30.84538946716679,0.9539810056451101],[30.84493363540281,0.9548994802749435],[30.843356461803925,0.962069436379129],[30.839422623673585,0.970161563607679],[30.8387329857981,0.973947248152666],[30.83865061850813,0.9739212739742519],[30.83802691206532,0.976959040479649],[30.83175784340901,0.988903179312854],[30.834080695237944,0.996093014090212],[30.833210804789367,0.997747064064916],[30.83058623689731,0.99879716857266],[30.829534463776668,1.001506891346172],[30.82719658905005,1.001922957928139],[30.8253703438725,1.003827571429894],[30.8227528469279,1.014277932063521],[30.822878099596156,1.019319934448369],[30.821823092463124,1.021053368781384],[30.821948167529897,1.022396187700992],[30.824760577664094,1.025645471863939]]]}},{"type":"Feature","properties":{"n":"Mabaale","c":"427112","d":"Kagadi","od":"Kagadi","dc":"427","k":"MABAALE","a":["MABAALE"],"lat":1.0374,"lon":30.884845},"geometry":{"type":"Polygon","coordinates":[[[30.873314565866618,1.0240561225408813],[30.873666735286314,1.027415574581096],[30.87539497952361,1.031112052947155],[30.880006416609273,1.031579230440419],[30.884742471761825,1.041308775055288],[30.885619629143918,1.044368052308234],[30.88528730860028,1.046098252277108],[30.888577407988862,1.048870448099674],[30.893129334158544,1.060110437046621],[30.894855405140046,1.061332854481904],[30.896850762929915,1.06621760560142],[30.90062823255508,1.070968150941787],[30.900954603391515,1.0699635296684704],[30.90207987051252,1.066499637623076],[30.905660698002485,1.0639138453416692],[30.905862298211183,1.063768251735361],[30.901123794844054,1.060225206540359],[30.89752614686013,1.059311513613745],[30.895926978584733,1.057997956795611],[30.894814424812107,1.05624576039667],[30.897091103897104,1.05533118730449],[30.89741946784937,1.053332448530142],[30.893162166026524,1.051268180123285],[30.8919864127447,1.049711943502191],[30.89015929507223,1.045049308439814],[30.89043590846967,1.040610939746893],[30.8876915442546,1.040536847934303],[30.88600871485388,1.034264071676995],[30.893150625289458,1.032188403623727],[30.8941941685509,1.02750070782449],[30.896292583606293,1.025781108623397],[30.898006049438276,1.026030185694063],[30.901684682032492,1.024775637469144],[30.903257668147184,1.027157419980891],[30.908848157059,1.027134616051599],[30.914955470082457,1.024799273602667],[30.91362648430625,1.021975724742775],[30.912250786550874,1.02005184527097],[30.909657572260507,1.019582201854887],[30.907620543553538,1.020257468997964],[30.906116695739957,1.019502488792891],[30.90333272870794,1.020187772869017],[30.90009803266615,1.022969578970017],[30.89885952068053,1.020648799961338],[30.899945472040766,1.0192859089941],[30.898229540444188,1.0171567427249],[30.896570252261668,1.010543435257162],[30.898310885135103,1.007988779751014],[30.89831081640018,1.0079887648222512],[30.89540448330527,1.0077732374000625],[30.895206911452007,1.0079339542678944],[30.8929494288744,1.009772374537391],[30.891485124488295,1.0087358349191473],[30.8912436274588,1.0088136947620208],[30.888800831381506,1.009602636111434],[30.886974577028457,1.008585417462515],[30.88564201843359,1.010999123887966],[30.882009108459915,1.010362107269308],[30.87498139450573,1.0124544773298114],[30.87313454567739,1.013004360161903],[30.873134488259097,1.0130043590353293],[30.873134102366592,1.013004473927587],[30.873133471941347,1.0130043390947028],[30.871294961778542,1.0129682666710278],[30.871437288160706,1.0156880393736312],[30.871437324221578,1.0156882393685482],[30.874120909831188,1.017805279767008],[30.874321807399767,1.019283208647448],[30.873570959479988,1.0220687562373476],[30.873314565866618,1.0240561225408813]]]}},{"type":"Feature","properties":{"n":"Mabaale Town Council","c":"427113","d":"Kagadi","od":"Kagadi","dc":"427","k":"MABAALETOWNCOUNCIL","a":["MABAALE","MABAALETOWNCOUNCIL"],"lat":1.040574,"lon":30.916487},"geometry":{"type":"Polygon","coordinates":[[[30.890435949612055,1.040613547288032],[30.89028536493333,1.0430264688745214],[30.890159315219464,1.0450489851696732],[30.891986464438673,1.0497120119247567],[30.893162166026524,1.051268180123285],[30.89741946784937,1.053332448530142],[30.897298629091544,1.054067989411063],[30.897091678606788,1.055330279392132],[30.897091223008687,1.0553304622768553],[30.897091103897104,1.05533118730449],[30.894814424812107,1.05624576039667],[30.895926978584733,1.057997956795611],[30.89752610347726,1.0593114779790556],[30.89752632930094,1.0593115599481502],[30.901123794844054,1.060225206540359],[30.902143079836712,1.0609873401753436],[30.902874652280886,1.0612528850921],[30.904458104107572,1.0627183161784592],[30.905862298211183,1.063768251735361],[30.905710811138654,1.0638776541478936],[30.905710813216864,1.0638776560712058],[30.90586230627723,1.063768259685237],[30.906217288719446,1.0643463820112433],[30.906390658457905,1.064506829837876],[30.906375118008825,1.0646034218673985],[30.90671884252796,1.065163209605821],[30.90546967652517,1.0702316488260102],[30.905472503578434,1.0702450308229445],[30.906048234856605,1.072946260014614],[30.908929937661018,1.071321671698764],[30.91069168690925,1.0722773009549036],[30.9107994408074,1.0723355435777422],[30.914490711402898,1.071871535720857],[30.915346901917708,1.0709326789058973],[30.915791975239863,1.070444110594521],[30.919796196077574,1.06912254951504],[30.922990643583844,1.074661423912229],[30.923151352971647,1.0747366462760308],[30.930465365975188,1.0780281585601608],[30.93431094337676,1.0757945782715626],[30.934311556182216,1.0757941543442884],[30.93454106328468,1.074522160572961],[30.93454395596473,1.0745239078933437],[30.93454404029098,1.074523444303446],[30.935446740576904,1.0750692340012715],[30.938144952249548,1.0766990859615],[30.941737233473898,1.074397798481519],[30.94173764360916,1.0743977527691362],[30.94173787222247,1.074397606307887],[30.941740024215285,1.0743974874342852],[30.945011528979563,1.074032855830526],[30.946575717229493,1.074130369327699],[30.9465766842901,1.074130315908386],[30.946576759583355,1.0741304343093725],[30.946578757525824,1.074130558863663],[30.948184660313633,1.076654754991309],[30.949933636899154,1.075368626583871],[30.949934383149966,1.0753692402155488],[30.95174567128548,1.075134920479812],[30.956302204025448,1.07160150960733],[30.954882611417734,1.065661168534284],[30.95793873771921,1.058825149148298],[30.9595922945549,1.058328565737556],[30.959466130435906,1.056997026506276],[30.96189221416809,1.052906426423129],[30.96248593659292,1.049729197939914],[30.950815293028185,1.049951492591991],[30.949259378502525,1.04625602014828],[30.94649552564139,1.046179747386263],[30.94500819339213,1.045108970117358],[30.943772422828697,1.04225855941226],[30.94391575558519,1.040487232725105],[30.943109521475332,1.039792136830914],[30.945093481188657,1.036163804082485],[30.9437657574782,1.03259368136962],[30.93661841191632,1.037690662912204],[30.933562334181747,1.03769089256665],[30.927569660934015,1.034089657270615],[30.925336578250768,1.031671684397756],[30.92274649580084,1.030928393659013],[30.91948705944265,1.031970338307062],[30.91853954968383,1.031595153759646],[30.91697291479589,1.02920220305476],[30.918344263421375,1.019789208343652],[30.916005332089252,1.016828845477024],[30.91444551885408,1.007928790634299],[30.907748998338768,1.010251870728186],[30.9067095024711,1.003142570487162],[30.906539225752713,1.0031831146332135],[30.900155399148836,1.004703563364337],[30.898310895799618,1.007988770710343],[30.89782237637858,1.0079525431589693],[30.89831081640018,1.0079887648222512],[30.898310885135103,1.007988779751014],[30.8969973396605,1.0099166165915567],[30.896960603515232,1.012099230620157],[30.898229540444188,1.0171567427249],[30.899945472040766,1.0192859089941],[30.898859695822697,1.0206485801543692],[30.8988598453614,1.0206494083628372],[30.9000973548455,1.022968308839446],[30.900098300620982,1.022969348531555],[30.90333272870794,1.020187772869017],[30.906116695739957,1.019502488792891],[30.907620543553538,1.020257468997964],[30.909657572260507,1.019582201854887],[30.91050569141238,1.0197358002586943],[30.910618402614,1.019715400268793],[30.911464346217617,1.0199094171939582],[30.912250786550874,1.02005184527097],[30.912283239682683,1.0200972301775315],[30.912404866049396,1.020125125150184],[30.91273110188637,1.0207235544529738],[30.91362648430625,1.021975724742775],[30.914955470082457,1.024799273602667],[30.908848157059,1.027134616051599],[30.90883885975602,1.0271346539758384],[30.90455652764844,1.027535690738443],[30.903259880010292,1.0271574109585728],[30.903257668147184,1.027157419980891],[30.901684682032492,1.024775637469144],[30.898006049438276,1.026030185694063],[30.896292583606293,1.025781108623397],[30.8941941685509,1.02750070782449],[30.893150625289458,1.032188403623727],[30.88600871485388,1.034264071676995],[30.88660365186154,1.0364817098610322],[30.88769272677829,1.040536879859848],[30.89043590846967,1.040610939746893],[30.890435746294706,1.0406135419067672],[30.890435949612055,1.040613547288032]]]}},{"type":"Feature","properties":{"n":"Nyabutanzi","c":"427114","d":"Kagadi","od":"Kagadi","dc":"427","k":"NYABUTANZI","a":["NYABUTANZI"],"lat":0.999524,"lon":30.939346},"geometry":{"type":"Polygon","coordinates":[[[30.914446785893595,1.007933036870217],[30.915714637059203,1.0151701842657899],[30.916005332089252,1.016828845477024],[30.918344263421375,1.019789208343652],[30.91697291479589,1.02920220305476],[30.91853954968383,1.031595153759646],[30.91948705944265,1.031970338307062],[30.920811576368703,1.0315469297263475],[30.92274572854448,1.03092839315326],[30.922746133663537,1.0309285094235143],[30.92274649580084,1.030928393659013],[30.925336578250768,1.031671684397756],[30.925336942113937,1.03167207838732],[30.925337479742147,1.031672232688056],[30.926596447249292,1.0330358654397944],[30.927569660934015,1.034089657270615],[30.927713312907336,1.0341759834451427],[30.933562831994276,1.037690892529241],[30.93661841191632,1.037690662912204],[30.9437657574782,1.03259368136962],[30.943767211037294,1.0325975898517],[30.94376795632838,1.032597058862592],[30.945112491522636,1.035117322493586],[30.94494322517393,1.0357597799570606],[30.945093481188657,1.036163804082485],[30.944598070975275,1.0370698270672474],[30.94417990205655,1.038657004582932],[30.94311031813695,1.0397906798691574],[30.943109521475332,1.039792136830914],[30.94391575558519,1.040487232725105],[30.943915630523154,1.040488778259638],[30.94431930466617,1.0435199892359506],[30.944767403529845,1.0445535676652815],[30.94649461770846,1.0461790937367892],[30.94649552564139,1.046179747386263],[30.949259378502525,1.04625602014828],[30.950815220143284,1.049951319482128],[30.962485939739675,1.049729186838902],[30.963905527253026,1.045670374091438],[30.969354890538465,1.042384701745941],[30.969940412937294,1.037544294841228],[30.971853351304556,1.032319461991356],[30.972001906802525,1.02778605640003],[30.969334987129017,1.0222952149026792],[30.969033625909134,1.022383823731273],[30.968330252621342,1.0202265969449054],[30.968329782052407,1.020225628104539],[30.96832987720144,1.0202254455422548],[30.96832934600494,1.020223816377],[30.96933941099371,1.018287962462471],[30.96919271806849,1.015103761970721],[30.964110596668394,1.0106709719426668],[30.96398584140282,1.010562161807656],[30.96398583733666,1.0105621528338584],[30.963985309766212,1.010561692669913],[30.96222881985396,1.006685318149749],[30.962229074113203,1.0066850679812969],[30.962229064162067,1.006685046019658],[30.96293626278669,1.0059892573079885],[30.965769522767182,1.0032015818140354],[30.96604581255546,1.0024658101467436],[30.967082823456806,0.999703954710899],[30.966257329907528,0.993897188101197],[30.963699705859007,0.98832871382374],[30.963288353327343,0.9835106540214661],[30.96265821121708,0.9826085815314346],[30.96025491813102,0.979168656997345],[30.95694428635923,0.968293042669217],[30.95771863904608,0.9624629442088921],[30.95760794799253,0.959609783804691],[30.954681099400574,0.953375355066091],[30.95160790805905,0.949434956250107],[30.946891066946858,0.954133098656853],[30.944866620499216,0.9574357045516135],[30.944847296601928,0.9575170469424881],[30.94394050530586,0.961334805446503],[30.943940285483876,0.9613350372676157],[30.943940256496223,0.961335159288802],[30.94346926452112,0.9618317692165508],[30.939416547273275,0.966105706676212],[30.940778619660694,0.969954296971045],[30.94077846521136,0.969954782964828],[30.940778566048614,0.969955067632955],[30.939687105663022,0.973388879693432],[30.93907871984146,0.975303240329888],[30.93624305178086,0.978971829689343],[30.936242880348654,0.9789719574767027],[30.936242819331465,0.978972036415054],[30.934982216925714,0.9799116691878791],[30.93058970344146,0.983185894716714],[30.928190472475084,0.989060208287423],[30.922288611717274,0.985101534287445],[30.918406618347056,0.9855717018411514],[30.91708504299877,0.9857321268466408],[30.917253978744437,0.987472045402086],[30.915993955781232,0.989126065561739],[30.91480330024174,0.989399022344504],[30.914627393667324,0.991337546040416],[30.91317369697589,0.99159723730646],[30.91124216218225,0.9944102946419429],[30.91119459986004,0.99447958405638],[30.91120586478773,0.9945507177774361],[30.91196565711026,0.999343088253453],[30.907653370977208,1.0017001951881104],[30.907509610527445,1.0017788096925142],[30.906735980263367,1.003097430807584],[30.906709513800486,1.003142565612124],[30.906713548785266,1.0031702439615546],[30.907748998338768,1.010251870728186],[30.91444551885408,1.007928790634299],[30.91444629296208,1.0079332075757028],[30.914446785893595,1.007933036870217]]]}},{"type":"Feature","properties":{"n":"Pachwa","c":"427115","d":"Kagadi","od":"Kagadi","dc":"427","k":"PACHWA","a":["PACHWA"],"lat":1.0556,"lon":30.985005},"geometry":{"type":"Polygon","coordinates":[[[30.951301438375115,1.079708795972269],[30.951469501956208,1.080654246260033],[30.95132474180455,1.0812645173727204],[30.951324742508728,1.081264564382965],[30.951925300213574,1.081445758032363],[30.96399400576565,1.081207832019525],[30.966868655576334,1.079152033214182],[30.970732781572355,1.079294722302514],[30.973496130823758,1.07809260214986],[30.978577468256965,1.081490525281735],[30.978646481613897,1.08255885283508],[30.98144483242032,1.085310740016204],[30.986185111294212,1.087629633177918],[30.98734860676524,1.088029349189034],[30.992493811724085,1.085870051047815],[30.997674883001885,1.087625261830901],[30.999968437264844,1.089349274887208],[31.006930252611838,1.088982026741068],[31.0087671710758,1.090323905068561],[31.009901800480684,1.0933248486820193],[31.013257176398554,1.090862555020532],[31.013257800453164,1.0908631700995057],[31.01325833711738,1.090862769131438],[31.014569407599087,1.092155912692751],[31.016811502320543,1.0943657598665304],[31.018122636241333,1.0941880145976286],[31.019309321889263,1.0940270152547225],[31.019310047603376,1.0940265161394822],[31.02199627567052,1.092027718482896],[31.022280801808087,1.0919833579946219],[31.022521648942988,1.091817713598811],[31.02324514888514,1.0918330065802664],[31.024234938428027,1.0916786884294387],[31.02588673848081,1.0859759132513402],[31.025889934455662,1.085964240544365],[31.02876235117407,1.082493963822851],[31.02998449833164,1.0790246319049954],[31.03062677666527,1.077200370663387],[31.03002604052122,1.073751457970015],[31.027828185651664,1.0708563209655937],[31.027264805549333,1.070114380575863],[31.02726477318978,1.070114162650342],[31.027264577808495,1.070113905283218],[31.026461811375697,1.0647504387400686],[31.026266882735182,1.0647730105038484],[31.016306707126798,1.065926920748989],[31.00729484542086,1.05817030666257],[31.007706848490614,1.056155040413304],[31.00770788514589,1.0561547540504563],[31.007707981849162,1.056154280941697],[31.011723606000345,1.0550450798915068],[31.011344361772526,1.0536659756005233],[31.011172648356286,1.053042153695562],[31.008806224590295,1.049978806872029],[31.012686709077666,1.045294406259668],[31.01092986227055,1.044097715795287],[31.00745957118338,1.0390037368240101],[31.00695310412927,1.0385158171537627],[31.003137177723204,1.037461917769115],[31.002693103039306,1.0369998416254407],[31.002459012701618,1.036927921764215],[30.995397420539152,1.0294084139729205],[30.9953918701648,1.0294026386029895],[30.993943184413446,1.0287595877163442],[30.989924186204945,1.026975739349494],[30.98992390691441,1.0269754879162212],[30.98992383086106,1.026975454157227],[30.98977630350227,1.026842606904534],[30.98798895598069,1.025233534705833],[30.984678020383075,1.0241230573883775],[30.98343823734539,1.023707286656054],[30.98343820483392,1.0237072271782832],[30.983437977521827,1.023707150938527],[30.979266679550395,1.016080692018885],[30.974851673617792,1.01798302452401],[30.97450488284545,1.0181326157957824],[30.973621581981263,1.0203251977796306],[30.97329763853835,1.021129904953228],[30.973297366405813,1.0211299849800448],[30.973297285543072,1.021130185702354],[30.969334987129017,1.0222952149026792],[30.972001906802525,1.02778605640003],[30.972001864209822,1.0277873561836033],[30.972001956596205,1.027787524368412],[30.972081677034453,1.031006586356712],[30.97187577194745,1.0316352606710364],[30.971853351304556,1.032319461991356],[30.969940568388,1.0375438702567372],[30.969940403339056,1.0375443741881047],[30.9699401918249,1.037546122737076],[30.969668819509415,1.041585624226248],[30.969407806221597,1.0419472574423305],[30.969354890538465,1.042384701745941],[30.968889579454675,1.04266525924963],[30.96866960120404,1.042970038530833],[30.96391763488121,1.045663073844234],[30.963905527253026,1.045670374091438],[30.963904716716158,1.0456726915374124],[30.961892430315636,1.0529052697375885],[30.96189221416809,1.052906426423129],[30.959466130435906,1.056997026506276],[30.9595922945549,1.058328565737556],[30.95793893647398,1.0588250894598017],[30.95793762076648,1.0588276475759695],[30.9554820589639,1.0643203093412303],[30.95494330991478,1.065915163781312],[30.956302204025448,1.07160150960733],[30.956301145679067,1.0716023303130784],[30.95630125685586,1.071602733235081],[30.952372052613917,1.074649186540757],[30.95174567128548,1.075134920479812],[30.951745550573314,1.0751349360959044],[30.95174526267365,1.075135159314863],[30.95136854794616,1.0751837075498958],[30.949934383149966,1.0753692402155488],[30.950632009321442,1.075942888526261],[30.950689255270067,1.0762649285437822],[30.95125999322501,1.076941945404476],[30.951301438375115,1.079708795972269]]]}},{"type":"Feature","properties":{"n":"Pachwa Town Council","c":"427116","d":"Kagadi","od":"Kagadi","dc":"427","k":"PACHWATOWNCOUNCIL","a":["PACHWA","PACHWATOWNCOUNCIL"],"lat":1.104468,"lon":30.977115},"geometry":{"type":"Polygon","coordinates":[[[30.95485999017464,1.1266280983820254],[30.96063361329239,1.1290855892475304],[30.96373762125419,1.129807981203966],[30.964405667158665,1.1306911301239448],[30.9703,1.1332],[30.971149537875085,1.1330641895233706],[30.974125059185226,1.128810457330113],[30.97747121559494,1.1320535811804013],[30.997454175923057,1.128859026298015],[30.997728867284067,1.1270768460425376],[30.99830164985131,1.123360531170114],[31.00013184590797,1.118928350448835],[31.00204060905165,1.1176281015407368],[31.002248199257192,1.1174866072162488],[31.00363981291191,1.111999371881554],[31.003640113810526,1.1119989064428684],[31.0036401170849,1.111998893532401],[31.003708685025927,1.1118928385032434],[31.007605639230736,1.1058649170073882],[31.00758641016649,1.1023879032092831],[31.007560170200303,1.097661252816497],[31.009250658926575,1.093802679411169],[31.009901792078246,1.0933248548480246],[31.00978800256897,1.0930238683664097],[31.008767215118738,1.0903240215562617],[31.006183385670862,1.0890214253010433],[31.0051668270924,1.0890750505747364],[31.003400071076005,1.089645226243462],[30.999969590094878,1.089349268274731],[30.999969522685156,1.0893492176293553],[30.999968437264844,1.089349274887208],[30.997674883001885,1.087625261830901],[30.992493811724085,1.085870051047815],[30.988586776721572,1.087509724002748],[30.987350023475038,1.088028827867115],[30.987349927429555,1.088028794943281],[30.98734860676524,1.088029349189034],[30.986185111294212,1.087629633177918],[30.98144483242032,1.085310740016204],[30.980454591293295,1.08433694078509],[30.978647321535668,1.08255994522073],[30.978647303339322,1.0825596609166324],[30.978646481613897,1.08255885283508],[30.978577491147053,1.081490879620557],[30.974712171120885,1.078905776143758],[30.973496130823758,1.07809260214986],[30.97226573380948,1.0786278530038291],[30.970733212002827,1.079294641596982],[30.970732986247626,1.0792946332640874],[30.970732781572355,1.079294722302514],[30.966868655576334,1.079152033214182],[30.96399400576565,1.081207832019525],[30.96399335828236,1.0812078447842013],[30.953857360543616,1.08171227783133],[30.9525674926264,1.081433097662152],[30.951925300213574,1.081445758032363],[30.951324742508728,1.081264564382965],[30.95132474180455,1.0812645173727204],[30.9513247319769,1.081264558803547],[30.950633633991213,1.081018307956722],[30.95063240829056,1.081022881713916],[30.949900886131772,1.0842845160724672],[30.953478815228426,1.086165705851266],[30.95065915926654,1.088571336729951],[30.94821604764445,1.089397774009104],[30.948268536311577,1.0906955056869385],[30.94837080431668,1.093220136204056],[30.948370652287885,1.0932202247266347],[30.948370669331553,1.093220646114887],[30.946366031169646,1.0943874656358685],[30.945979726607085,1.0946124011534808],[30.945907927180976,1.097366858487932],[30.945907801882097,1.0973670696686468],[30.9459078016814,1.097367077398039],[30.94419609793055,1.1002527567679365],[30.947231854885057,1.1030179037301544],[30.947289676807067,1.103070441195151],[30.947289633935856,1.1030705323065504],[30.947289801828468,1.103070685233069],[30.944413818732247,1.1091839869871307],[30.947291731823444,1.113008742753876],[30.947291725377326,1.1130088221980179],[30.94729211650559,1.113009341992534],[30.947130790945085,1.114995094708816],[30.943348676765268,1.1231725305995601],[30.9508,1.1249],[30.9519041353615,1.125369965307715],[30.95295944922063,1.125525041703129],[30.95485999017464,1.1266280983820254]]]}},{"type":"Feature","properties":{"n":"Buhumuliro","c":"427201","d":"Kagadi","od":"Kagadi","dc":"427","k":"BUHUMULIRO","a":["BUHUMULIRO"],"lat":1.065514,"lon":30.781963},"geometry":{"type":"Polygon","coordinates":[[[30.7543,1.0711],[30.75704093708089,1.0734232704780882],[30.758763310728018,1.073829855903423],[30.76024707402911,1.073018385225685],[30.76043232752439,1.07427303041326],[30.75959304580617,1.0755864864452307],[30.7648,1.08],[30.766359610413904,1.0826322836397573],[30.76731640891656,1.083073954633594],[30.76709267737694,1.083869541455198],[30.768241633130835,1.0858087292208163],[30.768966256765303,1.08607231384281],[30.77550004100343,1.085338359734994],[30.781793540609588,1.085620554683173],[30.783362157589583,1.086489402757616],[30.78551127186419,1.084246753849095],[30.790291698125422,1.083899265757178],[30.790742997863344,1.081867411643295],[30.80125536085871,1.081988712398133],[30.80819868590962,1.084185288751048],[30.811139010140586,1.082143994136763],[30.813770041921554,1.082161815927163],[30.814978591765957,1.080650661988535],[30.81357964252595,1.078081323767732],[30.813929012817557,1.074736395980009],[30.816434611351177,1.074721275367535],[30.810826850837465,1.068806883153354],[30.809472526683297,1.062878634334774],[30.80440056379741,1.062602692587954],[30.8032014189301,1.061296740291439],[30.80067089359437,1.061541197071763],[30.7982795209455,1.060637720683656],[30.796989821318853,1.059347377870789],[30.796921676022947,1.057941608310323],[30.79805982743553,1.056853398915987],[30.797510379542828,1.055208953256181],[30.79660234458937,1.054848203872028],[30.793540934377273,1.056168992944432],[30.79224553256671,1.055182828564152],[30.791949457853935,1.053326700966094],[30.7878610213788,1.052826747516911],[30.78652675272728,1.050629558747424],[30.785102886899523,1.050215076469752],[30.78593841114466,1.047748688968375],[30.78422976473288,1.045173160947647],[30.78242598670646,1.046613861716928],[30.782768521845785,1.04812672815624],[30.781356906539543,1.05115353914451],[30.779825179978292,1.051705302996517],[30.776838113808857,1.050348625572908],[30.776066511965865,1.047692607076171],[30.773537429615715,1.045894788822461],[30.770474788216237,1.04664088830209],[30.770129767386724,1.048556344260734],[30.773158203982597,1.048671260557179],[30.77300172601541,1.050712010844127],[30.77458610883082,1.052539748033576],[30.771817546581733,1.054908696012904],[30.769589628177126,1.05540919995738],[30.768018735605548,1.057626213445084],[30.764081136803828,1.055892877402099],[30.76455369956166,1.052817374257008],[30.760242538794724,1.050754940206974],[30.757696963531473,1.053928952707269],[30.75849914678881,1.055857736654163],[30.761060139410237,1.057395649325074],[30.760899995681797,1.059512607324854],[30.75936939428353,1.060142365646263],[30.7586082858777,1.063559936594485],[30.75597733713773,1.062535305570158],[30.75559736160834,1.064708663445421],[30.752107299270467,1.066320066396804],[30.75058979494421,1.070852582690689],[30.75407943209466,1.071213888003412],[30.7543,1.0711]]]}},{"type":"Feature","properties":{"n":"Burora","c":"427202","d":"Kagadi","od":"Kagadi","dc":"427","k":"BURORA","a":["BURORA"],"lat":1.095503,"lon":30.883065},"geometry":{"type":"Polygon","coordinates":[[[30.8583602854852,1.099890265793147],[30.8555648468152,1.104005479480114],[30.8517383927066,1.106251977808621],[30.849906495982957,1.110170509866251],[30.844941498484094,1.111050444154504],[30.844441363475475,1.112954922528036],[30.845001539000993,1.115530883124275],[30.84592625831234,1.115896710616189],[30.849061980904626,1.1210723889591],[30.843869429482755,1.129832826661707],[30.8484,1.1334],[30.84999886550327,1.1352703709660863],[30.85002100760229,1.135259935627824],[30.850037732017217,1.1353158374541006],[30.851088239151377,1.136544732592174],[30.851485082889017,1.136516653141957],[30.851511945257865,1.1370403887922196],[30.852499977548547,1.1381962001511277],[30.853341504304073,1.138685988478781],[30.853377507772567,1.1392227449414905],[30.85633876120093,1.1426868527256144],[30.856885224146897,1.143092198890947],[30.85680757789937,1.143235279806811],[30.859,1.1458],[30.86273173408995,1.146726123788747],[30.863074209865125,1.145911869737451],[30.863413306713948,1.1468952731990814],[30.87025590005906,1.1485934350511537],[30.870888330745004,1.148528920614971],[30.871371975012085,1.1488704171562842],[30.8727,1.1492],[30.873003329823344,1.149137300539308],[30.874892413197287,1.147870228507901],[30.875158357558206,1.1486918478790296],[30.87648897588349,1.1484168038676579],[30.876943384631492,1.148162178365733],[30.87742887224837,1.144228977508242],[30.880734140005316,1.142244451194045],[30.882860613406187,1.142529789772528],[30.883360797793607,1.143833936985063],[30.888946286039314,1.144768953860441],[30.893579519595576,1.1414984358919888],[30.898816986796014,1.1344643956402392],[30.897631795249932,1.132396663118944],[30.898137045879697,1.130938396978854],[30.900070528803205,1.12882646148389],[30.903758428217685,1.127071714093885],[30.907433641687607,1.122466884267413],[30.907835066506532,1.1223895546576297],[30.913596243574197,1.1206734593608774],[30.914168164915488,1.120171528396482],[30.91553281195266,1.1200966092055917],[30.917561841640293,1.119492217383743],[30.920425573565595,1.118179677979662],[30.920117213371594,1.1172021966368726],[30.91853391314246,1.112183437277817],[30.917850236407066,1.1068549823166465],[30.91664436039476,1.104901734523321],[30.91377497788309,1.100254022850056],[30.909907717781348,1.091072264998058],[30.909747516071764,1.087955529565095],[30.90466373227086,1.079653508173024],[30.90466364643399,1.0796531175523956],[30.904663473605886,1.079652863087588],[30.904464537124372,1.0787470243699888],[30.903837271544333,1.075892506584117],[30.9038356746896,1.0758900561651157],[30.896851032045138,1.0662179440406905],[30.896850762929915,1.06621760560142],[30.894855405140046,1.061332854481904],[30.893283053726893,1.06021930248872],[30.893129474119082,1.060110625381648],[30.89312942345903,1.060110500289948],[30.893129334158544,1.060110437046621],[30.889584940073703,1.051358328850623],[30.88857738050719,1.0488704249439684],[30.88528730860028,1.046098252277108],[30.885321889465988,1.0459182098033042],[30.885254760611257,1.045857335859619],[30.881876719117866,1.049838912450427],[30.87985729457334,1.05483604147726],[30.878310034063524,1.055027032470101],[30.87554986388145,1.060065536857674],[30.876209571863896,1.062463145218328],[30.87351655395049,1.065425181657175],[30.867639338992635,1.065133445376337],[30.865173857761363,1.063619952940197],[30.86266480428932,1.063351703492823],[30.859535541952386,1.065305620627368],[30.852999706219382,1.066077696424955],[30.852466023881586,1.068537239369422],[30.84999684446189,1.072111018879008],[30.848198058395568,1.076755559626603],[30.85326753468438,1.07821687640091],[30.85729199941502,1.085156557660395],[30.853044126000444,1.085133796794169],[30.848574993234926,1.086390104084084],[30.843328727036663,1.085776265046123],[30.842134264836265,1.09069255465099],[30.850353506254955,1.091116326335885],[30.8583602854852,1.099890265793147]]]}},{"type":"Feature","properties":{"n":"Bwikara","c":"427203","d":"Kagadi","od":"Kagadi","dc":"427","k":"BWIKARA","a":["BWIKARA"],"lat":0.930759,"lon":30.696627},"geometry":{"type":"MultiPolygon","coordinates":[[[[30.646015071324232,0.905148195809704],[30.649705712742136,0.905284822890748],[30.650379431364424,0.907558292586396],[30.653252192518966,0.908122863184136],[30.652430100100197,0.911190948119977],[30.65275152788575,0.913021569258203],[30.657119155493767,0.914351912024109],[30.65794288066152,0.917044488509478],[30.65679054541165,0.922562718701756],[30.654011119164057,0.929820811974598],[30.657479350179326,0.931735691674194],[30.65770368368764,0.933144212630788],[30.660186224448633,0.935730198280205],[30.662440740074473,0.941429082848145],[30.668657081217965,0.943972445561744],[30.672702024198866,0.94669080399916],[30.67633651544,0.950768168647842],[30.67685814118348,0.959449273822734],[30.67386323705741,0.96517348632815],[30.67045833511544,0.969540156701629],[30.664197624682174,0.974824703618489],[30.669241030356066,0.978615787832075],[30.680437254503296,0.980234570679741],[30.684234963331395,0.980020425779974],[30.686810711632575,0.976163281003059],[30.687540421245178,0.972512659175912],[30.689785426880324,0.974036189207163],[30.69059280809324,0.975747626598582],[30.69278230210651,0.975188843524367],[30.693321457152358,0.977055738480325],[30.694742186549302,0.978010095074796],[30.699051824044858,0.972470024966813],[30.697111459873888,0.969948956687903],[30.69770508987019,0.967189187162472],[30.697048358860524,0.964954877454949],[30.693933655956364,0.963249576148512],[30.69533256905374,0.960489021333459],[30.69538178454209,0.956665239700691],[30.698216107030856,0.951257264869268],[30.704546353580813,0.944314417828677],[30.707161863298296,0.943577889101431],[30.708773183425336,0.944406560329329],[30.71004956381748,0.946700746295815],[30.712563216673992,0.947802056269569],[30.714881860706615,0.950887533232141],[30.719009383874624,0.952552641215072],[30.725362973984577,0.947169504686438],[30.729052325773544,0.945563027256863],[30.73062910357056,0.945735462966132],[30.732767804743688,0.943779088575101],[30.735342985738058,0.943920020852787],[30.733283944527486,0.941760787853233],[30.733009702870397,0.939028605035963],[30.73468891595374,0.938110874625075],[30.737298628601195,0.933945694085546],[30.7369302978458,0.931683463599834],[30.738158008610537,0.929834598703456],[30.73694966216792,0.928217212796205],[30.73811352383898,0.926101179803444],[30.737602554892863,0.924910783529419],[30.73878904622369,0.922046629124403],[30.74121346803955,0.919324036316216],[30.73992967686511,0.917524818033651],[30.737867398773332,0.917888878390974],[30.73468600541468,0.91659269295617],[30.73171937182334,0.908527651239281],[30.72789620204965,0.909638616403593],[30.71943858899654,0.908923757043719],[30.712380919319603,0.901356425503244],[30.704873730886018,0.901141635786355],[30.70376867210711,0.899984577506683],[30.69989178229414,0.898821803899805],[30.700323255099796,0.895985426058603],[30.698760099690496,0.89318758625005],[30.70328850223079,0.883123880920327],[30.703000798107748,0.8826139113253971],[30.702879069632523,0.8826211537518408],[30.70063917131973,0.88416408402594],[30.70062128922413,0.883000196983458],[30.6996513461389,0.88346057629859],[30.698072964044073,0.88496885892748],[30.695116149637975,0.88378322952435],[30.689317783929358,0.885126307531513],[30.68617787974068,0.884492196523096],[30.685410115171223,0.8836604965802017],[30.679434277224868,0.8840160384259804],[30.67922683974968,0.884378014488681],[30.6774737943657,0.885028663406629],[30.678237779660858,0.885618949845196],[30.677537449031302,0.886808989711627],[30.674680450580443,0.886165917493328],[30.672897633505944,0.887430240437027],[30.671945475179474,0.887059978216898],[30.67212254911671,0.885748458204125],[30.671208528771807,0.8845832797749216],[30.669649814311907,0.886002407865277],[30.668198972663962,0.887968935717283],[30.664675621618898,0.8905311504663752],[30.6646,0.8906],[30.66447431203481,0.8906161776588859],[30.655619996616743,0.893656728581548],[30.651900221346313,0.89322949877797],[30.651932716001465,0.8922304424948608],[30.64524953734542,0.8930906536090051],[30.64525138383264,0.893414163797742],[30.643397396885035,0.893675955936201],[30.645119631701025,0.896521616168321],[30.642131799620973,0.904653269274822],[30.644492923614823,0.904177653684084],[30.646015071324232,0.905148195809704]]],[[[30.693333845703872,0.884113438698014],[30.69333384628004,0.88411344467977],[30.693333845703947,0.884113438698007],[30.693333845703872,0.884113438698014]]]]}},{"type":"Feature","properties":{"n":"Galiboleka","c":"427204","d":"Kagadi","od":"Kagadi","dc":"427","k":"GALIBOLEKA","a":["GALIBOLEKA"],"lat":0.988135,"lon":30.768496},"geometry":{"type":"Polygon","coordinates":[[[30.75190021718985,1.00810701228986],[30.7510649097843,1.010160028107044],[30.75204996643807,1.012056919387979],[30.752035162797135,1.014410133842316],[30.755758582747593,1.014640796364004],[30.757477728220028,1.017203519862488],[30.757470916104424,1.018655149201033],[30.759137281064852,1.019608863883598],[30.75923872640692,1.020901018796352],[30.76027798152088,1.021608886558806],[30.761166562451113,1.020583540006075],[30.762615365387642,1.021096675431552],[30.76353722584552,1.022924577093412],[30.76269622716639,1.023659354033082],[30.76481791124179,1.023561419948903],[30.764991874199506,1.025099489552668],[30.767130981864163,1.026698565691761],[30.767305142947993,1.028212012175947],[30.770957372893854,1.031507467928165],[30.772192846491883,1.031335456895223],[30.771861134581478,1.029394370945406],[30.772751423317423,1.028906132640893],[30.773683468597465,1.026391310144696],[30.773269530882516,1.025121626634132],[30.77493030894897,1.024267056583583],[30.77425824614367,1.021742195210664],[30.77517473976664,1.02161792792611],[30.775820510302978,1.019909142473819],[30.777963241580096,1.019029664176942],[30.778726224237786,1.016245592996499],[30.780927591083216,1.014939867970439],[30.78084956932865,1.013207123700903],[30.783932674489574,1.012180419342332],[30.78535448028954,1.008310461708116],[30.784652068749963,1.006871094174709],[30.785852932579033,1.00594214080385],[30.786372531655363,1.002694758182171],[30.7850386166689,1.001218642181687],[30.785987947080645,0.998313584577049],[30.786544847344544,0.991046994931282],[30.787448369794806,0.989765190019212],[30.789356912936736,0.977802001661067],[30.792969770937532,0.9671075171865225],[30.79297374412287,0.967094929172597],[30.792998597834845,0.957205832807543],[30.789911586644763,0.9537073895265908],[30.78035736015945,0.946259131912561],[30.778422952575575,0.949271449717245],[30.774106651619206,0.945872917573202],[30.771365415545027,0.944866312714811],[30.769934728638983,0.943145811600392],[30.76885096495169,0.943667753476925],[30.768121541100452,0.94884074536144],[30.764485328828666,0.958247030999253],[30.760394406218925,0.959216610041807],[30.758913424274443,0.961260150052967],[30.759047896379556,0.963951518679838],[30.756265596883917,0.964332811110235],[30.754596480606843,0.96650368350691],[30.755015044622574,0.970916006513999],[30.754186464752852,0.973662600690405],[30.75321144176247,0.974440122777951],[30.752565943963894,0.976926972410323],[30.749312786547858,0.978712842165153],[30.749659097519828,0.980710109310066],[30.750657521663808,0.980985836493328],[30.751339527000493,0.982381360753291],[30.750933594714187,0.983282127010184],[30.75201740757056,0.983913847844514],[30.751667940365472,0.98559279128657],[30.749675179330435,0.986504562467057],[30.74849523240494,0.991408876097652],[30.74903274123368,0.993063146400858],[30.751495094665454,0.994749840602706],[30.751917389576338,0.996935828501555],[30.753277984365905,0.998543194081],[30.74957084229203,1.002853235701507],[30.74934612905635,1.005946692575791],[30.74830051125725,1.007352672204517],[30.74935355812568,1.008508244169406],[30.75190021718985,1.00810701228986]]]}},{"type":"Feature","properties":{"n":"Kanyabeebe","c":"427205","d":"Kagadi","od":"Kagadi","dc":"427","k":"KANYABEEBE","a":["KANYABEEBE"],"lat":1.044602,"lon":30.824678},"geometry":{"type":"Polygon","coordinates":[[[30.811490885379825,1.061888966035804],[30.814145506868016,1.061841409457656],[30.81465024206324,1.062640677654886],[30.817638843777782,1.063601980116162],[30.819543091085162,1.063383314001088],[30.82155067726609,1.065067727670189],[30.824063674240698,1.065725394359798],[30.825845377593346,1.0653356946009],[30.827769942212797,1.062772585648627],[30.829257327889607,1.063012777025601],[30.832197660355522,1.057011567755985],[30.832043767925715,1.05396382756502],[30.83347883796993,1.048672955418853],[30.834876380603585,1.048673556181203],[30.835719657676616,1.04739304223341],[30.836024817559647,1.043058535810074],[30.838981394364176,1.039624803263499],[30.839304583224557,1.037158720579361],[30.840984208210955,1.035556944325664],[30.840625264433882,1.030231988754225],[30.840614693147224,1.0302280896937541],[30.838683636335897,1.029518143498428],[30.83935224007535,1.02642462439494],[30.83791193284919,1.024913754839622],[30.836256974594143,1.026834485450031],[30.834546588030538,1.0272140245745456],[30.833604608619932,1.027423251512727],[30.831900991960403,1.029583119926526],[30.830560546874278,1.029295525617148],[30.824483817406087,1.033424416882375],[30.824482834777587,1.033424313326608],[30.816721382018248,1.036051392838686],[30.81571064743344,1.037685516493312],[30.816244832926404,1.03907849882391],[30.81461091007109,1.040542275682955],[30.8147853445701,1.04239914551431],[30.81249550450518,1.046145745893079],[30.81192577962644,1.05250581632934],[30.809618961577147,1.058253130819988],[30.807479403346633,1.060355346712054],[30.806466037615145,1.060405172022456],[30.804761573766697,1.0626223334496452],[30.809129183998163,1.0628599546672715],[30.811490885379825,1.061888966035804]]]}},{"type":"Feature","properties":{"n":"Kyakabadiima","c":"427206","d":"Kagadi","od":"Kagadi","dc":"427","k":"KYAKABADIIMA","a":["KYAKABADIIMA"],"lat":1.044534,"lon":30.860596},"geometry":{"type":"Polygon","coordinates":[[[30.84229672755186,1.066260082201768],[30.847309469715533,1.06318645130804],[30.84729850588853,1.064376984046077],[30.852927989962335,1.066388884228236],[30.85293233801895,1.0663881713466816],[30.852999706219382,1.066077696424955],[30.859533983745756,1.0653058046977266],[30.859535697027418,1.0653055237982347],[30.86116764774211,1.0642865307829996],[30.862664267168782,1.063351797359739],[30.86266459742413,1.063351832659827],[30.86266480428932,1.063351703492823],[30.865173857761363,1.063619952940197],[30.865174030688596,1.0636200590955616],[30.86517416413013,1.063620073358761],[30.865665184560786,1.0639215652117364],[30.867639241722895,1.065133385665066],[30.869973127906707,1.0652492912153841],[30.87351655395049,1.065425181657175],[30.876209571863896,1.062463145218328],[30.87554986388145,1.060065536857674],[30.87555044896256,1.060064468831592],[30.87555038950012,1.060064252653504],[30.876487158705416,1.0583545684131677],[30.878310034063524,1.055027032470101],[30.879857198782307,1.0548360533015289],[30.881876635759276,1.049839066726142],[30.881876675885746,1.0498390194296536],[30.881876719117866,1.049838912450427],[30.884509512026494,1.046735733690205],[30.885254758406926,1.045857322599983],[30.885287940218543,1.043211215000398],[30.885067284632186,1.0424416306249298],[30.884122412010324,1.0400349514147729],[30.880006443224076,1.0315792851167032],[30.88000641180638,1.0315792299538455],[30.876949060548803,1.0312694944700884],[30.87539667493646,1.031112850734751],[30.87539637347355,1.0311121941660475],[30.87539497952361,1.031112052947155],[30.873737625137142,1.0275671982893146],[30.87338803784762,1.027658737415903],[30.87125276846085,1.028359408254562],[30.87109602486754,1.0282588990139094],[30.870924011566274,1.028303940546686],[30.864122285211096,1.0237872296129809],[30.861552231150768,1.023466068288711],[30.8589325117526,1.02421540647145],[30.855629562436974,1.023547212263561],[30.855599935631044,1.0234655998616242],[30.85496996733151,1.023323863624373],[30.851961798108057,1.02372345042012],[30.848521539678767,1.025687069348616],[30.844926147311227,1.0255652354425422],[30.84242759011801,1.0254809012058486],[30.84241070259164,1.0255254181269604],[30.840653690627082,1.0306536932815702],[30.840984208210955,1.035556944325664],[30.839304583224557,1.037158720579361],[30.839110952683303,1.0386362124840633],[30.83898170242425,1.039624302425597],[30.83898141648185,1.039624634495248],[30.838981394364176,1.039624803263499],[30.836024817559647,1.043058535810074],[30.835719657676616,1.04739304223341],[30.834876380603585,1.048673556181203],[30.83347883796993,1.048672955418853],[30.8320437848069,1.0539637653268075],[30.832058305271122,1.0542517303027894],[30.832197660355522,1.057011567755985],[30.83218495427168,1.0570375008329504],[30.82967647216733,1.062495699458467],[30.837278822065283,1.065699206113154],[30.84229672755186,1.066260082201768]]]}},{"type":"Feature","properties":{"n":"Kyaterekera","c":"427207","d":"Kagadi","od":"Kagadi","dc":"427","k":"KYATEREKERA","a":["KYATEREKERA"],"lat":1.024074,"lon":30.625054},"geometry":{"type":"MultiPolygon","coordinates":[[[[30.5976223445604,1.016253614333278],[30.6176647973461,1.033246317302072],[30.617665151708092,1.034357400595604],[30.620909314546076,1.038145037995492],[30.62466400733235,1.045410654481004],[30.624648078782222,1.049648417912872],[30.626268000356454,1.050769597791136],[30.62870441937564,1.046327068230499],[30.632509273420943,1.035598224203606],[30.636139745228206,1.037122926928779],[30.63932187065379,1.034834157946186],[30.642515721112865,1.034883490240599],[30.64534681171178,1.033216818387852],[30.646993689584193,1.028772717847335],[30.644043194954595,1.02582353748802],[30.6424819992298,1.022324254025323],[30.64026892962082,1.020668388751885],[30.639071572393107,1.01782239402611],[30.646100739884307,1.018428381979724],[30.64750183082817,1.017825249167817],[30.64841728995272,1.016905148562572],[30.648275506030185,1.015265487064662],[30.64937828068944,1.012921841666622],[30.65129342555765,1.01220295509125],[30.651746077478993,1.010067813647607],[30.65081259349066,1.007778295396838],[30.648689796914244,1.006587815396293],[30.64489172164086,1.001388775074397],[30.643235605595976,0.996583784017333],[30.640101323734108,0.996948600604013],[30.63866586529392,0.998088557673796],[30.635815765879993,0.99756983623436],[30.631280787625254,0.998800697726137],[30.626953983834753,0.998492289877718],[30.625333243979455,0.999382165918169],[30.61165512598234,0.998190294192666],[30.605745481575635,1.000032922365672],[30.590990144535507,1.006706367075771],[30.595127829341866,1.011035036255418],[30.5976223445604,1.016253614333278]]],[[[30.547866757234367,0.970495937505234],[30.549398321239735,0.976543619598913],[30.556203250293823,0.979850857940314],[30.55789299637243,0.981921200119755],[30.56741078067192,0.989154730109548],[30.569052665804552,0.990035159995379],[30.570123416729515,0.989630655137371],[30.574217573303773,0.98000030052355],[30.571692428366696,0.974773129095479],[30.57029484206795,0.96864970115926],[30.573406716221704,0.966290157733375],[30.574533566490746,0.963215194194343],[30.57759541425287,0.961729114846855],[30.58067031522792,0.961529133164787],[30.58014489060262,0.959526368299276],[30.577218677406176,0.957242558084351],[30.57338690951801,0.951917918520889],[30.573864602783768,0.944800773297644],[30.5712198427794,0.939384835044116],[30.571448775916068,0.93674346506921],[30.57466464476468,0.935686461386112],[30.57684490896826,0.93284624434385],[30.577599462466434,0.92911090492035],[30.575220003572777,0.924917109881653],[30.5721792598461,0.924109153813667],[30.57041770558438,0.925932785835281],[30.569807672246053,0.926023235129697],[30.5613,0.9405],[30.561201321067283,0.9406402279570149],[30.561138080684675,0.942336660751569],[30.56230910650065,0.944248762128602],[30.55740466577398,0.946788634253552],[30.55577455037581,0.950697195291044],[30.55297894658249,0.953308281417718],[30.55290015564169,0.954810325562366],[30.551241941556057,0.955402208481667],[30.55071173307236,0.961381255993366],[30.548565044447507,0.961743472382861],[30.5480967180763,0.963517266980868],[30.545153212681644,0.9634454346102971],[30.5442,0.9648],[30.544086853246554,0.96659418423319],[30.544406938660533,0.968007393776339],[30.547866757234367,0.970495937505234]]]]}},{"type":"Feature","properties":{"n":"Kyaterekera Town Council","c":"427208","d":"Kagadi","od":"Kagadi","dc":"427","k":"KYATEREKERATOWNCOUNCIL","a":["KYATEREKERA","KYATEREKERATOWNCOUNCIL"],"lat":0.956655,"lon":30.599838},"geometry":{"type":"Polygon","coordinates":[[[30.571422369271925,0.987647778789452],[30.570655560517004,0.9883789361847369],[30.570384833899038,0.9890157445937731],[30.575727938819384,0.994213753078828],[30.581744865942373,0.996545873431802],[30.59099013719352,1.006706358163842],[30.60574532000821,1.000032990966266],[30.605745351843233,1.0000329810401722],[30.605745481575635,1.000032922365672],[30.61165512598234,0.998190294192666],[30.625333243979455,0.999382165918169],[30.626395009771837,0.9987991976298753],[30.626953974825323,0.998492282726035],[30.625838620601993,0.994812519701306],[30.62616774290503,0.985058491573427],[30.624819713242193,0.980269162475506],[30.627002465313183,0.979179522117276],[30.62662817598033,0.975316363688597],[30.623668600442237,0.974686675295424],[30.619534205764168,0.975953702619314],[30.616668033120497,0.974562768206133],[30.616488168634778,0.970593618479013],[30.619433555533796,0.967865496743654],[30.61935219716559,0.965367602052574],[30.62043800212032,0.964598321532639],[30.621718922702847,0.957703556589781],[30.623465246549717,0.956070632288108],[30.624776968009485,0.950996808350593],[30.62218983275243,0.941899198072533],[30.617179035411148,0.936299786335169],[30.621762596211386,0.926460291495328],[30.623061941091407,0.925324466119451],[30.62310555575583,0.921831960238469],[30.62146405834359,0.919630419471073],[30.62214055694221,0.915742724950894],[30.6193322624433,0.910668348265321],[30.619301119815724,0.908933810898598],[30.616919924983844,0.905881180985038],[30.616769777524247,0.9059321215578408],[30.6165,0.9063],[30.615602098505917,0.9063282803620183],[30.61373366645462,0.906962183853911],[30.612235256049285,0.9064343226441169],[30.603869597924106,0.9066978079393981],[30.603813144617526,0.906702943447022],[30.600907379702186,0.908680410598677],[30.600432759253543,0.9081207294843855],[30.584697755656638,0.9147597509355703],[30.583535200452154,0.915963376114443],[30.574017226253815,0.919266153706861],[30.5737,0.9194],[30.573128789852113,0.9203719785580944],[30.572882985324064,0.923802299625217],[30.575217993421735,0.9249165757643852],[30.575220003572777,0.924917109881653],[30.57522033434169,0.9249176928616889],[30.575220441941255,0.924917744208674],[30.575534379470888,0.9254711972354206],[30.577599462466434,0.92911090492035],[30.57684490896826,0.93284624434385],[30.57466464476468,0.935686461386112],[30.57170494648912,0.9366592659765341],[30.5714189119346,0.9370880277879633],[30.571312007382375,0.9383214642337918],[30.571655741085298,0.940277467383406],[30.5738641964273,0.9447999411610687],[30.573864526517706,0.944800556126092],[30.57386452014275,0.9448006040654043],[30.573864602783768,0.944800773297644],[30.573420207984835,0.9514218051336967],[30.577216525646975,0.9572395679913931],[30.57721854884449,0.9572423794345316],[30.580144699105702,0.95952617637226],[30.580144713162742,0.9595262298134652],[30.58014489060262,0.959526368299276],[30.580198671850233,0.9597313666719383],[30.580670119837198,0.961523688973965],[30.580668908184816,0.9615237699283493],[30.58067031522792,0.961529133164787],[30.57759827115112,0.9617289290433698],[30.57759540212727,0.9617291207320611],[30.575555959893098,0.9627189717044342],[30.57453354453903,0.9632152540964668],[30.573448704913428,0.9661755784501765],[30.57340683124113,0.966289959586382],[30.573406772527562,0.9662900040852275],[30.573406716221704,0.966290157733375],[30.57029484206795,0.96864970115926],[30.571692428366696,0.974773129095479],[30.574217573303773,0.98000030052355],[30.574210949086357,0.9800158821364143],[30.571422369271925,0.987647778789452]]]}},{"type":"Feature","properties":{"n":"Mairirwe","c":"427209","d":"Kagadi","od":"Kagadi","dc":"427","k":"MAIRIRWE","a":["MAIRIRWE"],"lat":0.975684,"lon":30.727193},"geometry":{"type":"Polygon","coordinates":[[[30.697705024081834,0.967188749127914],[30.697704997471632,0.9671888728069921],[30.69770508987019,0.967189187162472],[30.69711147155408,0.969948902387002],[30.700311253756468,0.973243277896411],[30.704418592423707,0.98168740327789],[30.709346806009535,0.984970577611774],[30.712668207393655,0.989312920136512],[30.713384253972574,0.988470038059263],[30.71485135511197,0.989377297171635],[30.716189290246657,0.993652468650116],[30.72011345200458,0.99455548308314],[30.722361121422768,0.990618098820656],[30.724788741819353,0.98903786581017],[30.727767253427515,0.994773203467399],[30.73053546475577,0.996219207311496],[30.731051290524952,0.999148042969061],[30.73577896239549,1.004067238033117],[30.737857755582606,1.007943307298242],[30.740309892762188,1.008174648385873],[30.741767105772183,1.006712049311167],[30.74475913978565,1.006914834213959],[30.74675260890729,1.006170606480665],[30.748300500491652,1.007352668091092],[30.74838628218089,1.0072373411806181],[30.74934612905635,1.005946692575791],[30.74957084229203,1.002853235701507],[30.750771662152268,1.0014571242298618],[30.753277855192824,0.9985430414798235],[30.752129919111685,0.9971869044738807],[30.751917701642352,0.996936298754211],[30.75191767620871,0.9969361671203776],[30.751917389576338,0.996935828501555],[30.751495094665454,0.994749840602706],[30.74903274123368,0.993063146400858],[30.748728021973143,0.992125323621826],[30.748595393044262,0.991999573902353],[30.74862998165937,0.9918235887089831],[30.74849523240494,0.991408876097652],[30.749675179330435,0.986504562467057],[30.749675419323616,0.9865044526601793],[30.74967551471415,0.98650396731779],[30.751129148576748,0.985839310972876],[30.751667940365472,0.98559279128657],[30.751825162508524,0.9848374497776127],[30.752017007685737,0.9839136147640773],[30.751003819374297,0.9833230587823192],[30.75093418595026,0.983282698911807],[30.75093426718029,0.9832825189697798],[30.750933594714187,0.983282127010184],[30.751339527000493,0.982381360753291],[30.750657521663808,0.980985836493328],[30.749659097519828,0.980710109310066],[30.749658313202712,0.980705585945416],[30.749241185007346,0.979077315658451],[30.749351497678276,0.9789360995123997],[30.749312786547858,0.978712842165153],[30.749685900467686,0.9785080156599112],[30.75027249737951,0.97775708691822],[30.752557771570135,0.9769314587689493],[30.752565943963894,0.976926972410323],[30.75321144176247,0.974440122777951],[30.754186464752852,0.973662600690405],[30.755015044622574,0.970916006513999],[30.755014914741864,0.9709146373670267],[30.754430815102626,0.966984442972883],[30.75461661418797,0.966715923116356],[30.754596480606843,0.96650368350691],[30.75626542694092,0.9643330321401068],[30.756265591156843,0.96433279481259],[30.75525146958102,0.95891261035954],[30.75597631948833,0.957646963769571],[30.753257634916633,0.954860460947171],[30.751016256380588,0.955404799689114],[30.750021389596803,0.954779430199056],[30.74683001352421,0.955985468041186],[30.747110412944036,0.954340274261613],[30.745954024007126,0.952256153455195],[30.747310288922716,0.950685418706121],[30.748027931004753,0.947750599394952],[30.742588493460776,0.948293115767304],[30.74008772561065,0.950412103371025],[30.737662914185968,0.947836833048938],[30.737238446056516,0.945542015296783],[30.735342996923958,0.943920029838455],[30.735342564298172,0.9439199977885896],[30.732891621424933,0.9437858647073191],[30.730639103638705,0.9457263154155184],[30.73062910357056,0.945735462966132],[30.729052325773544,0.945563027256863],[30.725362973984577,0.947169504686438],[30.719009383874624,0.952552641215072],[30.71900889860842,0.9525524454510271],[30.719008758153926,0.952552564439274],[30.718268801103772,0.952253878438081],[30.714881860706615,0.950887533232141],[30.713849953856272,0.9495143492636413],[30.71256314139729,0.947802023288491],[30.71014364500589,0.9467419662084483],[30.71005002823974,0.946700965321725],[30.710050016800736,0.9467009447619542],[30.71004956381748,0.946700746295815],[30.708773271431784,0.9444067185134891],[30.706310311678244,0.9438176864253364],[30.705535449952105,0.9440358878402004],[30.70423936647987,0.9446511131640727],[30.699446945077796,0.9499073142434602],[30.69804301942379,0.9515875213684338],[30.69538188708844,0.9566650440390881],[30.6953633912739,0.9580942987920849],[30.69533256905374,0.960489021333459],[30.693933655956364,0.963249576148512],[30.697048358860524,0.964954877454949],[30.69704861953797,0.9649557643236091],[30.6970487764252,0.964955850173001],[30.697705024081834,0.967188749127914]]]}},{"type":"Feature","properties":{"n":"Mpeefu","c":"427210","d":"Kagadi","od":"Kagadi","dc":"427","k":"MPEEFU","a":["MPEEFU"],"lat":1.058924,"lon":30.657503},"geometry":{"type":"Polygon","coordinates":[[[30.630215027302306,1.062581948445463],[30.63728743862286,1.072256358477768],[30.636247293584674,1.075835699756967],[30.640269891218942,1.078323998718719],[30.645726871843458,1.090354428284692],[30.642063888563346,1.096325216790836],[30.645971210129904,1.09933628722522],[30.64715559118904,1.102039988893294],[30.64879680269524,1.1025712825168],[30.650223273185848,1.105105209186667],[30.665617236780832,1.11216387882141],[30.66639708170012,1.114715001639605],[30.667360948004415,1.1154206436516527],[30.674040567639963,1.1107753707129262],[30.67463118951236,1.110270374085123],[30.67501484816283,1.1100978173199871],[30.6776,1.1083],[30.679052439374377,1.1082818445078204],[30.679127570517707,1.108248053044919],[30.679453558968092,1.108276830512899],[30.700978080541866,1.1080077739932268],[30.701921092568703,1.1076934365068023],[30.7237,1.0869],[30.724235428271168,1.086623537036457],[30.724863358758242,1.086040800518434],[30.728406662747254,1.0844697623723338],[30.739737934272735,1.078618975114079],[30.74413222259758,1.072834818641626],[30.748426859815147,1.07107381456852],[30.75042649324664,1.07109722523523],[30.751567081702703,1.067040457656119],[30.75197626242348,1.0667114502194313],[30.752107299270467,1.066320066396804],[30.752942760316863,1.0659343241762942],[30.75364751048853,1.065367660021041],[30.75090502505095,1.064150786842616],[30.749404900557536,1.065219281362526],[30.748550326979167,1.064758036174521],[30.74615799605549,1.059617912115762],[30.742231673674503,1.059474257635054],[30.741339590930263,1.057869009535888],[30.740264661178404,1.058469634279388],[30.7392694611416,1.056441333551387],[30.728633807946004,1.056511851147015],[30.725681596969842,1.055309247725182],[30.719846532456383,1.056135736693688],[30.71938792187687,1.054750477399436],[30.707775442555146,1.058386488607085],[30.70476294163311,1.057701063226238],[30.70303883147105,1.053777881178711],[30.70164445434206,1.053499787442659],[30.70032222195764,1.054514457747735],[30.69417090841752,1.055159966454202],[30.693398068765173,1.057341659675545],[30.688677890768766,1.059378128439135],[30.689069376806806,1.060294039448446],[30.686389515172944,1.064540409216309],[30.684675005582335,1.060515203194375],[30.68351719239203,1.054262392864432],[30.686461502574794,1.047903616830546],[30.6892426223324,1.048076760273495],[30.685873810026383,1.040648131829126],[30.685349501466682,1.036965525960089],[30.686286103620144,1.033783541379363],[30.684521951297242,1.032783144552815],[30.682927054497153,1.029419279587017],[30.680928681911897,1.027663493551324],[30.679481388589355,1.02413480196331],[30.67863929487422,1.021085561065563],[30.679157710381308,1.019424186859301],[30.677249933352684,1.016519614693253],[30.677313883303295,1.01311620899931],[30.675604304149076,1.006921140611789],[30.672739587180377,1.005595051056581],[30.671423001868483,1.003786053354283],[30.66499237235491,1.002578773985195],[30.664321049020415,1.004522251725852],[30.66137632729497,1.005109430576402],[30.661297127078612,1.005971506314412],[30.654477752809928,1.00913410262811],[30.652410254867608,1.009384077137822],[30.651739749802434,1.010097661050936],[30.65129342555765,1.01220295509125],[30.64937828068944,1.012921841666622],[30.64827559215914,1.0152653040211632],[30.64832396022922,1.0158258361024561],[30.64841728995272,1.016905148562572],[30.64750183082817,1.017825249167817],[30.64750162159864,1.0178253392356287],[30.647501543856908,1.01782541738551],[30.647500804138424,1.0178256911307566],[30.646100739884307,1.018428381979724],[30.64591538425939,1.0184124023810055],[30.645872659633753,1.018428213346199],[30.64004059416667,1.0179059338652594],[30.639071572393107,1.01782239402611],[30.64026892962082,1.020668388751885],[30.6424819992298,1.022324254025323],[30.642482212414173,1.0223247318594157],[30.64248236439647,1.022324845556927],[30.644043246278862,1.0258235887894271],[30.64404380421862,1.025824146480654],[30.646708340998455,1.028226039766523],[30.646751218365996,1.028530354635678],[30.646993689584193,1.028772717847335],[30.6468427544338,1.0291800164058302],[30.646906957461148,1.0296356865411],[30.645348464981335,1.033212357039344],[30.64534681171178,1.033216818387852],[30.645346420697553,1.0332170485791436],[30.645346311220365,1.033217299824394],[30.642516551033083,1.034883125186338],[30.64251634672128,1.0348831219429777],[30.642515721112865,1.034883490240599],[30.63932187065379,1.034834157946186],[30.636139745228206,1.037122926928779],[30.636138954877108,1.0371225950020928],[30.63613837884077,1.037123009380936],[30.63557032784117,1.0368837865944454],[30.63250959485931,1.0355983591992706],[30.62881846298189,1.0460054905696579],[30.62870441937564,1.046327068230499],[30.62753551184319,1.0484584365319571],[30.62626801006564,1.050769604272935],[30.630899017001326,1.059435330029778],[30.630215027302306,1.062581948445463]]]}},{"type":"Feature","properties":{"n":"Mpeefu Ya Sande Town Council","c":"427211","d":"Kagadi","od":"Kagadi","dc":"427","k":"MPEEFUYASANDETOWNCOUNCIL","a":["MPEEFUYASANDE","MPEEFUYASANDETOWNCOUNCIL"],"lat":1.027179,"lon":30.723978},"geometry":{"type":"Polygon","coordinates":[[[30.684846184508235,1.032967007290248],[30.686286103620144,1.033783541379363],[30.685349501466682,1.036965525960089],[30.685842426822166,1.0404277044302237],[30.68587383078784,1.0406481776105927],[30.6892426223324,1.048076760273495],[30.68714175564371,1.0479459671673508],[30.686461287421004,1.0479040814944842],[30.68351719239203,1.054262392864432],[30.684674992649406,1.0605151333496339],[30.684687566006282,1.0605446916815737],[30.686389515172944,1.064540409216309],[30.689069376806806,1.060294039448446],[30.688677890768766,1.059378128439135],[30.69328028468557,1.0573924763182951],[30.693398099406203,1.0573415731772329],[30.69417090841752,1.055159966454202],[30.694173696914785,1.055159673833894],[30.69417384070164,1.055159269056258],[30.698027667771175,1.0547552444829849],[30.70032222195764,1.054514457747735],[30.70164445434206,1.053499787442659],[30.701646107925086,1.0535001172322638],[30.701646233790612,1.053500020755303],[30.701704092105196,1.053511681562274],[30.70303883147105,1.053777881178711],[30.70476294163311,1.057701063226238],[30.707775442555146,1.058386488607085],[30.717530523470323,1.0553320518622333],[30.719387681362882,1.054750532724212],[30.71938768734857,1.0547505508331538],[30.71938792187687,1.054750477399436],[30.719846532456383,1.056135736693688],[30.725681596969842,1.055309247725182],[30.726049490316008,1.0554591116070458],[30.728634595672318,1.0565118459241516],[30.7392694611416,1.056441333551387],[30.739269768278465,1.0564419595219512],[30.73927011298307,1.056441957251796],[30.740265577489247,1.0584691222841027],[30.741339590930263,1.057869009535888],[30.742231673674503,1.059474257635054],[30.74532518403831,1.05958744157202],[30.74615686885924,1.059617637628676],[30.746156979310403,1.0596178749155596],[30.74615799605549,1.059617912115762],[30.748550326979167,1.064758036174521],[30.749404900557536,1.065219281362526],[30.7508228247422,1.0642093357029403],[30.75090477424806,1.064150791687397],[30.75090492459787,1.0641508583923895],[30.75090502505095,1.064150786842616],[30.75340134748603,1.0652584345895553],[30.753647524905197,1.065367654966857],[30.755597301213726,1.0647086913303274],[30.75559736160834,1.064708663445421],[30.75597733713773,1.062535305570158],[30.756169667341233,1.0626102091554812],[30.756216459373086,1.062438306608063],[30.75860631687896,1.0635591697619107],[30.7586082858777,1.063559936594485],[30.75936939428353,1.060142365646263],[30.75936950355904,1.0601423206853997],[30.75936953545694,1.060142177308966],[30.759399963237566,1.0601297882023892],[30.760899076983417,1.0595129853187266],[30.76103305570507,1.057753671876904],[30.761060139410237,1.057395649325074],[30.75967175146704,1.056561902522322],[30.75850023307802,1.055858569515955],[30.758500132906637,1.05585832883201],[30.75849914678881,1.055857736654163],[30.757696963531473,1.053928952707269],[30.757697077578648,1.053928810504771],[30.757696944489293,1.053928490728112],[30.759930800722866,1.0511436384125141],[30.760242538794724,1.050754940206974],[30.764238303101834,1.0526664904386647],[30.76455363734232,1.052817319302709],[30.764553633741688,1.0528173427691196],[30.76455369956166,1.052817374257008],[30.764503469143076,1.0531442807001583],[30.764081693249466,1.0558931223501826],[30.76801846004319,1.0576260921421816],[30.769002314102174,1.0562380810974699],[30.769589628177126,1.05540919995738],[30.769589884950562,1.0554091422729888],[30.769590025022318,1.055408944661216],[30.770049944798128,1.055305789399775],[30.771817546581733,1.054908696012904],[30.77458610883082,1.052539748033576],[30.77300172601541,1.050712010844127],[30.773001753061926,1.0507116581095701],[30.773001494598883,1.050711359986144],[30.773054441048217,1.0500245132988706],[30.773158203982597,1.048671260557179],[30.773150558773164,1.048670970453977],[30.770531720182955,1.048798857854252],[30.770406642395834,1.0485668504904726],[30.770129767386724,1.048556344260734],[30.770197689164025,1.0481792621777881],[30.7698564245218,1.047546248820141],[30.77047459898083,1.0466419388824075],[30.770474788216237,1.04664088830209],[30.77047542282579,1.0466407337029076],[30.77047555627234,1.046640538487719],[30.774807676136625,1.045336888262168],[30.776284727287596,1.043542218451939],[30.773360371105497,1.037963879065037],[30.770736449122115,1.035414398114283],[30.77260913967347,1.033239749117121],[30.772192846757754,1.031335469499235],[30.77213499544868,1.031343511310723],[30.770957372893854,1.031507467928165],[30.767305142947993,1.028212012175947],[30.767130981864163,1.026698565691761],[30.764991874199506,1.025099489552668],[30.76481791124179,1.023561419948903],[30.76269622716639,1.023659354033082],[30.76269624713123,1.0236593365898872],[30.762696245607206,1.023659336660232],[30.762696639489043,1.0236589937885474],[30.76353681871012,1.0229249328058665],[30.762967603579384,1.0217951073585907],[30.762615365387642,1.021096675431552],[30.76116661193565,1.0205835575324542],[30.76027933360233,1.021608866814877],[30.760278493786245,1.0216082954482968],[30.76027798152088,1.021608886558806],[30.75923872640692,1.020901018796352],[30.759137281064852,1.019608863883598],[30.757470916104424,1.018655149201033],[30.757477728220028,1.017203519862488],[30.75588424299777,1.0148281176123297],[30.75575849586098,1.0146407909814565],[30.7528696814657,1.0144618315242986],[30.75203590520572,1.0144106057675],[30.752035907655664,1.0144101799856327],[30.752035162797135,1.014410133842316],[30.75204389451389,1.0130221238138648],[30.75204945396666,1.0120559325386016],[30.751475437169177,1.0109505672237287],[30.75106498578479,1.010161139754097],[30.75106517361474,1.0101605361566672],[30.7510649097843,1.010160028107044],[30.751066703902293,1.0101556185296965],[30.751694091820156,1.0081394878067707],[30.74935355812568,1.008508244169406],[30.749350934734974,1.0085053653642495],[30.746777864066992,1.0061898928150887],[30.74675306497815,1.0061709547633613],[30.74476067021618,1.0069145283602],[30.744760068160566,1.006914487621001],[30.74475913978565,1.006914834213959],[30.741767105772183,1.006712049311167],[30.740309892762188,1.008174648385873],[30.737857755582606,1.007943307298242],[30.737857166579758,1.0079422090572787],[30.73785694628546,1.007942188204093],[30.735778954822436,1.0040672301532705],[30.731051290524952,0.999148042969061],[30.73053546475577,0.996219207311496],[30.727767253427515,0.994773203467399],[30.72776696904141,0.9947726558615687],[30.727766862657536,0.994772600331266],[30.727371385044425,0.9940109305124692],[30.724788741819353,0.98903786581017],[30.722361121422768,0.990618098820656],[30.72011345200458,0.99455548308314],[30.72011134201476,0.9945549975396336],[30.72011112980608,0.994555368889247],[30.717884352119018,0.9940425303830508],[30.716189290246657,0.993652468650116],[30.714941059596384,0.9896639344257936],[30.71338358091325,0.9884708303396244],[30.713308927132555,0.988558707770505],[30.70789680086931,0.995382548606675],[30.703489722965998,0.998863330546617],[30.69955349981921,1.001041787370863],[30.69766072794203,1.001060743318292],[30.689492965865462,1.011976016353858],[30.687923094939972,1.012720692185198],[30.687468511354965,1.014181548797747],[30.685974135581205,1.01466458045527],[30.68255985023274,1.01885390915753],[30.678796807866327,1.0205807767397501],[30.678698522154516,1.0208957544829123],[30.680927057234396,1.0276595323737594],[30.680928681911897,1.027663493551324],[30.682927054497153,1.029419279587017],[30.682928262502337,1.0294218274423501],[30.684846184508235,1.032967007290248]]]}},{"type":"Feature","properties":{"n":"Muhorro","c":"427212","d":"Kagadi","od":"Kagadi","dc":"427","k":"MUHORRO","a":["MUHORRO"],"lat":0.870515,"lon":30.782826},"geometry":{"type":"Polygon","coordinates":[[[30.747430328291244,0.871422761135244],[30.74868072852544,0.873776450314138],[30.748103772146102,0.879649365594305],[30.74952599975928,0.879751098146801],[30.74953512438874,0.880391781349946],[30.748761260664477,0.884937230279728],[30.746997370395633,0.886877411735004],[30.75237476052594,0.887383472637882],[30.756848381719795,0.889277527766667],[30.763063409427463,0.889016994897755],[30.76348526753355,0.888386281386307],[30.764635406043542,0.889537604195324],[30.768640417180592,0.889951772052085],[30.769821199197835,0.890372304607407],[30.771036685701606,0.895090383574549],[30.77226124120358,0.895632316629635],[30.773232054730496,0.895361059898934],[30.774474097636023,0.893291596395129],[30.777596057647163,0.896219635033519],[30.781530095304845,0.892390592178075],[30.787872650724605,0.896443644867244],[30.79552522058001,0.904493485774707],[30.799061631732364,0.906792068149135],[30.804926758245102,0.9035694403324829],[30.804949876545965,0.903554992503005],[30.805052285802034,0.901347257468748],[30.807656533143206,0.901693897633382],[30.80940491262439,0.899670687330023],[30.812492151228984,0.8989331017667396],[30.812979590158633,0.898816633242106],[30.813057413755423,0.8985740470945008],[30.814063584564785,0.895437114183518],[30.81406387797283,0.8954367688488412],[30.814063895347903,0.895436714688511],[30.814076569470377,0.8954218312414632],[30.815755127457486,0.893446206215028],[30.81344702745241,0.886867088290931],[30.81595336491124,0.884159712062243],[30.815999618768565,0.881893819378902],[30.81599982876371,0.8818936431431434],[30.815999833741227,0.881893390749053],[30.818059223324298,0.8801651532634575],[30.818861027518174,0.876779193487853],[30.822408469841992,0.874661423716277],[30.818644014448314,0.8696074976258825],[30.818446595865243,0.86934261648987],[30.818446564723683,0.869342413779618],[30.81844634582272,0.869342119896662],[30.816171994096646,0.8545388066865968],[30.813521757355492,0.8529590276046385],[30.80923974598726,0.8523784506803261],[30.806079878526994,0.851950088048463],[30.806079690472245,0.8519499942485721],[30.80607961228458,0.85194998364749],[30.800606055268126,0.849219826684321],[30.80060602182111,0.8492197812216834],[30.8006059433195,0.849219742065839],[30.800492621093913,0.8490656420268073],[30.798810152747006,0.846778757958184],[30.798254434813344,0.8466122315406287],[30.7955466924858,0.845801222164832],[30.788578352715813,0.839215630020089],[30.78857832612951,0.8392154111786003],[30.788578134462135,0.839215230038557],[30.788577136105165,0.839205615656796],[30.78813252350785,0.835545848188052],[30.788196221552116,0.8355373306246893],[30.788184135639174,0.835420940811836],[30.784096376859885,0.8394502192251748],[30.783727981956012,0.8400076588823506],[30.783582726731982,0.842893539882125],[30.7808414590647,0.846277758049968],[30.777637175441917,0.8464625950363454],[30.76492692778833,0.8501843802608754],[30.76210676613957,0.851306248137599],[30.76178330852347,0.8523351692632323],[30.76172481204514,0.8566639086596143],[30.76217192070129,0.857951085988546],[30.76126367464341,0.859948164218201],[30.75673139191045,0.859430456489932],[30.75163072204803,0.860909615357236],[30.75007148259751,0.8600436085047555],[30.741036087474278,0.8612429972379277],[30.74071949312703,0.861573289813723],[30.742159878514034,0.867066785407278],[30.747430328291244,0.871422761135244]]]}},{"type":"Feature","properties":{"n":"Muhorro Town Council","c":"427213","d":"Kagadi","od":"Kagadi","dc":"427","k":"MUHORROTOWNCOUNCIL","a":["MUHORRO","MUHORROTOWNCOUNCIL"],"lat":0.91308,"lon":30.761247},"geometry":{"type":"Polygon","coordinates":[[[30.700097545381578,0.8988835172573887],[30.70376867210711,0.899984577506683],[30.70376893503861,0.8999848528106525],[30.703769589035375,0.899985013259681],[30.70395355741573,0.9001781627541046],[30.70487345668711,0.9011413486847807],[30.707285555715025,0.9012106410040596],[30.712380919319603,0.901356425503244],[30.719141080798508,0.9086047646179524],[30.71961421727642,0.9089386016007994],[30.727894841258017,0.90963850138596],[30.72789622873749,0.9096386086484413],[30.73171937182334,0.908527651239281],[30.73468599223741,0.9165926571326595],[30.735002715896922,0.9167217293461575],[30.73786716010753,0.9178887811520916],[30.737964861377705,0.9178716730146887],[30.73992967686511,0.917524818033651],[30.739931454631922,0.917527309552999],[30.739931655765652,0.917527274333155],[30.74008357770156,0.9177405082519332],[30.74121346803955,0.919324036316216],[30.738820668292085,0.922011117970599],[30.738789033613536,0.9220466595649339],[30.737602554892863,0.924910783529419],[30.73811352383898,0.926101179803444],[30.738113024828753,0.926102087060836],[30.73811315952792,0.92610240086746],[30.736949787246836,0.9282173802158017],[30.737799491785182,0.9293547197214135],[30.73815747575017,0.929833176697919],[30.7381572267245,0.9298335521398097],[30.738158008610537,0.929834598703456],[30.7369302978458,0.931683463599834],[30.737298628601195,0.933945694085546],[30.73468891595374,0.938110874625075],[30.734688791458307,0.9381109426648286],[30.734688732967278,0.93811103605107],[30.734642923944396,0.9381360103663643],[30.733010054325113,0.939028412957492],[30.733009989178274,0.9390314574307065],[30.733268412903573,0.9416060512007839],[30.733402733883548,0.9418853574326495],[30.735294708898163,0.9438693948889738],[30.737171443377576,0.9454846793498333],[30.737238446056516,0.945542015296783],[30.737662914185968,0.947836833048938],[30.74008772561065,0.950412103371025],[30.742588493460776,0.948293115767304],[30.748027931004753,0.947750599394952],[30.747310288922716,0.950685418706121],[30.74595411174375,0.9522560518445408],[30.746401752663438,0.9530630797223596],[30.747110412944036,0.954340274261613],[30.74683001352421,0.955985468041186],[30.750021389596803,0.954779430199056],[30.751015877161777,0.9554045613136073],[30.753257457882995,0.95486033576692],[30.753257590526406,0.9548604717277328],[30.753257634916633,0.954860460947171],[30.75597631948833,0.957646963769571],[30.755251482997505,0.9589125869332714],[30.75629481230925,0.9643288073642156],[30.759047896379556,0.963951518679838],[30.758913424274443,0.961260150052967],[30.759170464360867,0.9609054720617631],[30.760393159533823,0.959217705617871],[30.760393706131907,0.9592175760602251],[30.760394406218925,0.959216610041807],[30.764485328828666,0.958247030999253],[30.768121541100452,0.94884074536144],[30.76885096495169,0.943667753476925],[30.769934728638983,0.943145811600392],[30.771365415545027,0.944866312714811],[30.774106651619206,0.945872917573202],[30.77410723502443,0.9458733769298201],[30.7741074308032,0.945873448837719],[30.774447266825227,0.9461411082619681],[30.778422952575575,0.949271449717245],[30.78004147245699,0.9467510417656503],[30.779473627938515,0.942981966160889],[30.77947348480159,0.942981435332511],[30.77947352376688,0.942981274720264],[30.77947351580881,0.942981221898468],[30.779551944489093,0.9426580299074595],[30.780047860670567,0.940613897582123],[30.779174261201764,0.939134933028931],[30.779310487939203,0.9385042086131667],[30.77919496402501,0.938173904895404],[30.78054702339875,0.931529729200161],[30.78084660029302,0.9313920690645797],[30.780937112211877,0.930973002453916],[30.78349627248162,0.9301745044269057],[30.78664367826017,0.9287282236406051],[30.78999642239317,0.924958193639586],[30.786056302188964,0.924759749649682],[30.785954541422075,0.923020663726343],[30.78402973933958,0.920232498677833],[30.783847611940576,0.917829656488795],[30.783849105872427,0.9178293130577534],[30.78384908385577,0.917829020311974],[30.78464152227107,0.9176471491999539],[30.788826449800816,0.916685101285831],[30.78864307626684,0.913522603722828],[30.789556785539034,0.912637447113648],[30.799324689688316,0.915627244011307],[30.79937043018153,0.9097243486685783],[30.79934761565494,0.9096739976987509],[30.798422129998354,0.907634521078525],[30.798424686003248,0.9076329236980318],[30.799061623038128,0.906792076007478],[30.798858287047324,0.9066598989841725],[30.79552522058001,0.904493485774707],[30.78787268045892,0.8964436761451702],[30.787761052823335,0.8963723309970592],[30.781530095304845,0.892390592178075],[30.777596057647163,0.896219635033519],[30.777594808698613,0.896218463663739],[30.777594509097646,0.896218755405975],[30.77618467337757,0.8948959192715508],[30.774474097636023,0.893291596395129],[30.773232054730496,0.895361059898934],[30.77323139420679,0.895361244457035],[30.773231276912608,0.895361439859165],[30.772612230739593,0.8955342460203891],[30.77226124120358,0.895632316629635],[30.771036685701606,0.895090383574549],[30.77086674036183,0.8944307172346248],[30.769820650606757,0.8903721092280699],[30.768640417180592,0.889951772052085],[30.764635406043542,0.889537604195324],[30.76348526753355,0.888386281386307],[30.763063409427463,0.889016994897755],[30.7630612547824,0.8890170852200973],[30.76306116812046,0.889017215141558],[30.76105533104041,0.8891011731907228],[30.756848381719795,0.889277527766667],[30.75237476052594,0.887383472637882],[30.746997370395633,0.886877411735004],[30.748761260664477,0.884937230279728],[30.749535120661154,0.8803918032446973],[30.749535124388707,0.8803917813477151],[30.74952599975928,0.879751098146801],[30.748103772146102,0.879649365594305],[30.74868072852544,0.873776450314138],[30.747430328291244,0.871422761135244],[30.742159878514034,0.867066785407278],[30.742060094313814,0.8666862177695114],[30.741711048046774,0.86637836053084],[30.74131316867955,0.8638375130286966],[30.74071949312703,0.861573289813723],[30.740825836155686,0.8614623455939122],[30.739002204273888,0.8617319805596133],[30.737853601870835,0.8644565723063898],[30.737632604835973,0.86512355111419],[30.73756789240094,0.8651343017466092],[30.736189705508938,0.8684034892578667],[30.736686757809608,0.86953447339108],[30.73481428943617,0.8716661041281568],[30.7348,0.8717],[30.728932530667745,0.874722635716617],[30.729052019683806,0.87526983696933],[30.726968304599605,0.878422454081527],[30.725991512243247,0.878522008946406],[30.724721159136866,0.877184274776684],[30.721845286778354,0.879795085469257],[30.719696370305936,0.879875142906628],[30.714988108399297,0.881923858109079],[30.71493955972491,0.8819035959889069],[30.710487110880752,0.8821685014121291],[30.707960711116954,0.882724532094126],[30.705865314695846,0.884847542201353],[30.703410479359125,0.883851990351882],[30.703288020678293,0.8831249510995767],[30.698760099690496,0.89318758625005],[30.700323255099796,0.895985426058603],[30.699925058400108,0.8986030563718832],[30.700097545381578,0.8988835172573887]]]}},{"type":"Feature","properties":{"n":"Ndaiga","c":"427214","d":"Kagadi","od":"Kagadi","dc":"427","k":"NDAIGA","a":["NDAIGA"],"lat":1.086463,"lon":30.597408},"geometry":{"type":"Polygon","coordinates":[[[30.55092692335531,1.0617583672208113],[30.550500192594786,1.206334748886527],[30.56250290105301,1.194479600060156],[30.616177238466072,1.150966268246518],[30.64964796938494,1.127491097614811],[30.65117091523735,1.126679835820279],[30.667270860013108,1.1154832944208537],[30.66640099486987,1.1147178664528739],[30.66639708170012,1.114715001639605],[30.665617236780832,1.11216387882141],[30.650223273185848,1.105105209186667],[30.64879680269524,1.1025712825168],[30.64715559118904,1.102039988893294],[30.647155377457626,1.1020395009878383],[30.6471553338377,1.10203948688481],[30.64703437322605,1.1017632728767572],[30.64597125628922,1.0993363925975694],[30.64433446576313,1.0980749749714205],[30.642063888563346,1.096325216790836],[30.645726871843458,1.090354428284692],[30.642196538354543,1.0825714744306922],[30.64026986621543,1.0783239832520428],[30.636247293584674,1.075835699756967],[30.637287436069375,1.0722563672648027],[30.637287424709903,1.0722563394461206],[30.630215027302306,1.062581948445463],[30.630899017001326,1.059435330029778],[30.630897908476168,1.0594332557130837],[30.629931962030966,1.058643491271084],[30.627932988986032,1.0538851795496307],[30.62626801006564,1.050769604272935],[30.62626807203535,1.0507694912771177],[30.626268062422582,1.0507694846206959],[30.626268000356454,1.050769597791136],[30.624648078782222,1.049648417912872],[30.624648081410346,1.049647718705196],[30.624647939463884,1.049647620413487],[30.624650231200015,1.0490757708520377],[30.62466400733235,1.045410654481004],[30.62090954970563,1.0381454930471414],[30.617665717230285,1.0343582343401],[30.617665717269674,1.0343580609022252],[30.617665151708092,1.034357400595604],[30.6176647973461,1.033246317302072],[30.5976223445604,1.016253614333278],[30.597622310805495,1.0162535437173084],[30.597622132612443,1.01625339264018],[30.59545613381954,1.0117218560981334],[30.595127829341866,1.011035036255418],[30.590990144535507,1.006706367075771],[30.591088598675334,1.0066618388988247],[30.591088590739595,1.0066618303072152],[30.59099013719352,1.006706358163842],[30.581744865942373,0.996545873431802],[30.576137176157978,0.994372370709892],[30.575728416934496,0.994213966266354],[30.575728370144446,0.9942139202575122],[30.575727938819384,0.994213753078828],[30.570384833899038,0.989015744593774],[30.570123416729515,0.989630655137371],[30.56905419813298,0.9900345811172491],[30.569053759963907,0.990034948247663],[30.569053539280166,0.9900348300165569],[30.569052665804552,0.990035159995379],[30.56741078067192,0.989154730109548],[30.56741075184133,0.9891547081982557],[30.56741072408288,0.989154693326693],[30.56691565944679,0.9887784372542074],[30.55789299637243,0.981921200119755],[30.55620330983747,0.9798509308954932],[30.5493993860235,0.976544239187283],[30.549399356520333,0.9765441227517986],[30.549398321239735,0.976543619598913],[30.547866757234367,0.970495937505234],[30.544494936024776,0.9680706876411098],[30.543869700849324,0.9700376008178662],[30.54350474902085,0.9758246940979532],[30.543550265259494,0.9759551296394443],[30.544269989175607,0.9767445042571148],[30.54615977725161,0.976977787222281],[30.54583238595805,0.9784581007281807],[30.546377305073545,0.9790557539516299],[30.546989297398273,0.979383595384962],[30.546876486329186,0.9796032430707174],[30.55011615169235,0.9831564244367688],[30.55245391565816,0.983436778934548],[30.552973667941973,0.985777914920763],[30.552696774456223,0.9859867848874674],[30.5528,0.9861],[30.5391,0.9963],[30.5383,1.0092],[30.551,1.037],[30.55099453043046,1.0388530901587036],[30.550999218900692,1.038862046304023],[30.55092692335531,1.0617583672208113]]]}},{"type":"Feature","properties":{"n":"Nyakarongo","c":"427215","d":"Kagadi","od":"Kagadi","dc":"427","k":"NYAKARONGO","a":["NYAKARONGO"],"lat":0.956887,"lon":30.649648},"geometry":{"type":"MultiPolygon","coordinates":[[[[30.61867001371657,0.975055610991515],[30.61881722336875,0.9756057558584537],[30.61916155763396,0.9757728589742325],[30.623668451706237,0.974686689755812],[30.623668511657307,0.9746867025044695],[30.623668600442237,0.974686675295424],[30.62408001203777,0.9747742084917183],[30.626625589424062,0.97531552819124],[30.626625617773932,0.9753158193967367],[30.62662817598033,0.975316363688597],[30.627002465313183,0.979179522117276],[30.624819713242193,0.980269162475506],[30.62616774290503,0.985058491573427],[30.62614220230257,0.9858154252496747],[30.626323814113302,0.986574451938314],[30.62583868118299,0.9948127195693962],[30.625839996417746,0.9948170587758302],[30.627086052100395,0.9985017034984005],[30.63127886022622,0.9988005603441299],[30.63128098943864,0.9988006429509407],[30.635815765879993,0.99756983623436],[30.637454964170068,0.9978681722476211],[30.638666031205197,0.998088425916772],[30.640101323734108,0.996948600604013],[30.643235605595976,0.996583784017333],[30.64489172164086,1.001388775074397],[30.648689796914244,1.006587815396293],[30.65081259349066,1.007778295396838],[30.65164554764912,1.0098212482184012],[30.65174608610954,1.010067804116987],[30.651782461024567,1.0100522057030115],[30.652410254867608,1.009384077137822],[30.653705787110713,1.0092274385116558],[30.661280295642527,1.0059793121680896],[30.661297127078612,1.005971506314412],[30.66137632729497,1.005109430576402],[30.661376761409432,1.0051093440137808],[30.66137676472438,1.005109306726827],[30.661429027419107,1.0050989221476945],[30.664321049020415,1.004522251725852],[30.66499237235491,1.002578773985195],[30.671423001868483,1.003786053354283],[30.672739587180377,1.005595051056581],[30.675604304149076,1.006921140611789],[30.675633006305446,1.0070251497307279],[30.675663199748996,1.007040072141538],[30.677308999781754,1.013098512392602],[30.677313883303295,1.01311620899931],[30.67725292402902,1.0163604513980569],[30.67724993680757,1.0165196199532847],[30.679157710381308,1.019424186859301],[30.678997763658067,1.0199367706009763],[30.67912218879573,1.020179951168319],[30.682559545554888,1.0188540489747975],[30.68255985023274,1.01885390915753],[30.685974135581205,1.01466458045527],[30.687468511354965,1.014181548797747],[30.687923094939972,1.012720692185198],[30.689442452845963,1.011999977447843],[30.68949299916065,1.0119759718586774],[30.69766072794203,1.001060743318292],[30.69955349981921,1.001041787370863],[30.69955469753325,1.0010411245099862],[30.703775898285766,0.998637304615931],[30.704504636658047,0.9980617351749472],[30.708034282267832,0.9952092061649424],[30.71203795789046,0.9901612002834052],[30.7126681980008,0.989312926855241],[30.70934668669959,0.9849704981275261],[30.70816161635782,0.9841810046402443],[30.704419058014786,0.981687949072404],[30.704418962704462,0.9816876499588115],[30.704418592423707,0.98168740327789],[30.70213279385217,0.9769881146877297],[30.7011819553128,0.975812738111879],[30.700311102779718,0.9732431224564226],[30.700310753826475,0.9732427631872784],[30.699051832745294,0.972470032672802],[30.699037810368615,0.9724880396487752],[30.694742186549302,0.978010095074796],[30.69473922784755,0.9780081076051665],[30.69473905861199,0.978008324930712],[30.69376683768272,0.9773549170903515],[30.693321457152358,0.977055738480325],[30.69332140281312,0.9770555503235951],[30.69332136316786,0.977055523678908],[30.692782036128857,0.9751889114048047],[30.69059280809324,0.975747626598582],[30.690592450633833,0.9757468688779598],[30.69059190795745,0.975747007283252],[30.69012809027455,0.9747625461450785],[30.68978550533753,0.9740363555159518],[30.688191355423278,0.9729544031756491],[30.687540421245178,0.972512659175912],[30.686810711632575,0.976163281003059],[30.6860911938971,0.9772407481119469],[30.68584821849914,0.978035945259547],[30.68423614572097,0.9800186551691666],[30.684234963331395,0.980020425779974],[30.68422648998376,0.9800209035744185],[30.682949809822116,0.980177480832498],[30.682350775497333,0.9801266712119255],[30.680437254503296,0.980234570679741],[30.675916069235885,0.9795808844846666],[30.67076940089402,0.979144348121317],[30.66955254604626,0.9786608276820665],[30.669241030356066,0.978615787832075],[30.669018808741136,0.9784487457754271],[30.668348236608708,0.978182292194199],[30.66420051921764,0.974827991416377],[30.66420121566711,0.9748274029306573],[30.664197624682174,0.974824703618489],[30.67045833511393,0.9695401567029047],[30.670458426197605,0.9695400398918675],[30.67386323705741,0.96517348632815],[30.676857944479863,0.959449649785791],[30.676858141183363,0.9594492738207984],[30.67633651544,0.950768168647842],[30.672702024199303,0.9466908039996483],[30.67270198897451,0.9466907803270282],[30.668657081217965,0.943972445561744],[30.662440740074473,0.941429082848145],[30.662440525401877,0.9414285402063791],[30.662440500987206,0.941428530215835],[30.662198368258615,0.9408164239757575],[30.660186224448633,0.935730198280205],[30.65770368368764,0.933144212630788],[30.657676160708533,0.9329714043278755],[30.657478990424156,0.9317354930461709],[30.654011119164057,0.929820811974598],[30.654103705647817,0.9295790349763714],[30.657335692227345,0.9199521540957143],[30.65763114930911,0.9185372879017882],[30.657121454612145,0.9143594273366517],[30.657119362751615,0.9143525895044469],[30.654884437033,0.9136712355093206],[30.65275152788575,0.913021569258203],[30.652430100100197,0.911190948119977],[30.653252192518966,0.908122863184136],[30.650379431364424,0.907558292586396],[30.650379330750592,0.9075579530640951],[30.650379029888143,0.907557894108237],[30.65018186606141,0.9068916066518558],[30.649705712742136,0.905284822890748],[30.646015071324232,0.905148195809704],[30.64511538062798,0.9045745407594474],[30.64449270362115,0.90417769799875],[30.642131799620973,0.904653269274822],[30.64500187061038,0.8968421135433131],[30.645119529336906,0.896521447031395],[30.643397396885035,0.893675955936201],[30.643664356001967,0.893638259986835],[30.643501469420166,0.8933156524508697],[30.637798611855544,0.8940496836225535],[30.63687499831929,0.895090529919392],[30.634339513131163,0.894501080139115],[30.63433165159099,0.8944959260328429],[30.626137449797458,0.8955506252735945],[30.626067357616584,0.896520703618947],[30.62407360649224,0.8959723547833081],[30.623825978744097,0.8963100289853174],[30.6240145587754,0.896955210214187],[30.62301447820434,0.899285634749842],[30.620898200020175,0.90165158543208],[30.61928128835419,0.9025073340624666],[30.616769777524247,0.9059321215578408],[30.616919924983844,0.905881180985038],[30.619301119815724,0.908933810898598],[30.6193322624433,0.910668348265321],[30.62183628407558,0.9151929267936598],[30.622139996657815,0.91574164731083],[30.622139988025012,0.915741696960358],[30.62214055694221,0.915742724950894],[30.62146405834359,0.919630419471073],[30.62310555575583,0.921831960238469],[30.623061941091407,0.925324466119451],[30.6218638899668,0.9263717453213388],[30.62176253877735,0.9264604147885345],[30.617179035411148,0.936299786335169],[30.62218983275243,0.941899198072533],[30.622189961456517,0.941899650657927],[30.622189991338686,0.941899684030206],[30.624776908921326,0.950996536006395],[30.624776900179253,0.9509965698269187],[30.624776968009485,0.950996808350593],[30.623997432958355,0.9540121006392925],[30.623465679209147,0.956069300444921],[30.623465562693244,0.9560694094243752],[30.623465246549717,0.956070632288108],[30.621718922702847,0.957703556589781],[30.62043800212032,0.964598321532639],[30.61935219716559,0.965367602052574],[30.61938755289689,0.9664531067825801],[30.619433812353634,0.967864500765391],[30.619433531563807,0.9678647608081778],[30.619433555533796,0.967865496743654],[30.616488168634778,0.970593618479013],[30.616668033120497,0.974562768206133],[30.61668083300323,0.9745689799036085],[30.61867001371657,0.975055610991515]]],[[[30.61670118556011,0.9060256560543911],[30.61670118556011,0.9060256560543924],[30.616768075759776,0.9059344421457587],[30.61670118556011,0.9060256560543911]]]]}},{"type":"Feature","properties":{"n":"Rugashari","c":"427216","d":"Kagadi","od":"Kagadi","dc":"427","k":"RUGASHARI","a":["RUGASHARI"],"lat":1.104927,"lon":30.832726},"geometry":{"type":"Polygon","coordinates":[[[30.8136,1.106],[30.8137051498983,1.1060827904371666],[30.81375177834951,1.105849445371228],[30.816393246677215,1.107733943668754],[30.817760166426513,1.107120251962501],[30.81899164439901,1.107705776131272],[30.820405022677186,1.110560746288739],[30.82354685106398,1.113332879991796],[30.823719318104118,1.1139675090819763],[30.824386937135593,1.1144931631469879],[30.82460011807145,1.114244465344042],[30.825600382979935,1.114928566839422],[30.82533684146758,1.1152410763279201],[30.843648179275945,1.1296586239126678],[30.84905424630913,1.1210854381205773],[30.849061980904626,1.1210723889591],[30.84592625831234,1.115896710616189],[30.845001539000993,1.115530883124275],[30.844441363475475,1.112954922528036],[30.844441533839582,1.112954273793691],[30.844441435095607,1.112953820310447],[30.844808447965075,1.111557091023233],[30.844941498484094,1.111050444154504],[30.849906495982957,1.110170509866251],[30.8517383927066,1.106251977808621],[30.8555648468152,1.104005479480114],[30.8583602854852,1.099890265793147],[30.850353506254955,1.091116326335885],[30.842134264836265,1.09069255465099],[30.84215344074824,1.090613628472602],[30.84201980140566,1.090605478006779],[30.834924151857283,1.08409724595005],[30.83528192183435,1.083145352709731],[30.83403548277481,1.080516912313336],[30.83164843024467,1.081879821773611],[30.82529491240591,1.08320477809557],[30.82545736876487,1.085546171505142],[30.824552040533774,1.086094382367284],[30.824244689658588,1.087976886692358],[30.827955453751432,1.08990809738805],[30.829857496228477,1.089373271711396],[30.830029545376085,1.091670895856845],[30.825919720078243,1.090140855827848],[30.823339197141447,1.090432447785714],[30.82281104261661,1.092598710491909],[30.82502114926234,1.094431641659192],[30.82202343920073,1.097856134426052],[30.82145965773717,1.10036946695318],[30.813448644979147,1.099811174541202],[30.81118834615347,1.104002572842112],[30.812267976053278,1.1077160308502834],[30.8136,1.106]]]}},{"type":"Feature","properties":{"n":"Rugashari Town Council","c":"427217","d":"Kagadi","od":"Kagadi","dc":"427","k":"RUGASHARITOWNCOUNCIL","a":["RUGASHARI","RUGASHARITOWNCOUNCIL"],"lat":1.090982,"lon":30.797256},"geometry":{"type":"Polygon","coordinates":[[[30.773634567232374,1.0949108306682167],[30.786532186317004,1.116679210390241],[30.789092053302934,1.117529456193069],[30.7890901267747,1.1177211782259036],[30.80123891492122,1.1200574836386965],[30.801687400085562,1.119969258369973],[30.801931261201542,1.120190627154143],[30.8025,1.1203],[30.807920259070684,1.1133171437197493],[30.80724210105798,1.111617074806305],[30.80795567662983,1.11180282150832],[30.811625707754768,1.107978284322321],[30.81201867530869,1.1080372020797984],[30.812267985478858,1.1077160187074204],[30.812267985478858,1.107716018707419],[30.812267976053278,1.1077160308502834],[30.81118834615347,1.104002572842112],[30.81118851400294,1.1040022615894711],[30.81118846486453,1.104002092536253],[30.812934074219722,1.100291708234218],[30.813231971615565,1.1002129640557783],[30.813448644979147,1.099811174541202],[30.81448005503865,1.0998830541433513],[30.81519972951152,1.099692820271217],[30.821416923555834,1.1003664887817688],[30.82145965773717,1.10036946695318],[30.82202343920073,1.097856134426052],[30.82202358115517,1.0978559722616161],[30.82202358235223,1.097855966912488],[30.825020448927834,1.0944310608433543],[30.82281104261661,1.092598710491909],[30.823339197141447,1.090432447785714],[30.825919720078243,1.090140855827848],[30.830029148314473,1.0916707480354368],[30.83000556396892,1.0913506370185357],[30.829857496228477,1.089373271711396],[30.827955453751432,1.08990809738805],[30.827954962836493,1.0899078418988424],[30.827954764341055,1.089907897822218],[30.82767990714686,1.0897646933514145],[30.824244689658588,1.087976886692358],[30.824552040533774,1.086094382367284],[30.825361943392025,1.0856039552173036],[30.82545733363597,1.0855456652117992],[30.82529491240591,1.08320477809557],[30.82529908353228,1.0832039082530047],[30.82529900275446,1.08320271452561],[30.831595400950476,1.0818908804501384],[30.83164838068061,1.0818798321096514],[30.83166060928428,1.0818728680396257],[30.83403548277481,1.080516912313336],[30.834036785316762,1.0805196590612487],[30.834037361171138,1.080519331117821],[30.834456041000813,1.0814037685312945],[30.83528192183435,1.083145352709731],[30.834924151857283,1.08409724595005],[30.83584735503196,1.084944021210768],[30.842040404321498,1.09060673454814],[30.84215344074824,1.090613628472602],[30.843328727036663,1.085776265046123],[30.843330097775095,1.0857764254292848],[30.843330150608647,1.085776208230581],[30.848574994732193,1.0863901036631907],[30.853044126000444,1.085133796794169],[30.85304415892005,1.0851337969705581],[30.85304418938817,1.085133788404607],[30.85305536516064,1.0851338570156015],[30.85729199941502,1.085156557660395],[30.85326753468438,1.07821687640091],[30.848198058395568,1.076755559626603],[30.84999684446189,1.072111018879008],[30.8509400741211,1.070745830589312],[30.85292798758522,1.066388895482374],[30.852198991980284,1.066128350375817],[30.84729850588853,1.064376984046077],[30.847309469715533,1.06318645130804],[30.844192240499375,1.0650978227109118],[30.842296944783868,1.066260051204734],[30.842296803809013,1.0662600354436615],[30.84229672755186,1.066260082201768],[30.837278822065283,1.065699206113154],[30.83011897432877,1.0626821626754874],[30.82967646750725,1.062495710014452],[30.829498004365,1.0625215571000137],[30.829257327889607,1.063012777025601],[30.827770234217297,1.0627726328031508],[30.827386566062877,1.0632831607844329],[30.825845377593346,1.0653356946009],[30.824063674240698,1.065725394359798],[30.82155067726609,1.065067727670189],[30.82154970579445,1.0650669125818382],[30.821549348006446,1.065066818900577],[30.819542799663083,1.063383347465299],[30.818263476119785,1.0635302531261612],[30.81763959708807,1.063602022498295],[30.817639388811337,1.0636019175295592],[30.817638843777782,1.063601980116162],[30.81465024206324,1.062640677654886],[30.814145506868016,1.061841409457656],[30.812024121219995,1.061879413309731],[30.80947253820603,1.062878633819277],[30.809472642948357,1.0628791432588764],[30.81076790439027,1.0685488583630163],[30.816395144525313,1.0746796505001686],[30.816434611351177,1.074721275367535],[30.813929012817557,1.074736395980009],[30.813579659182714,1.0780811642931922],[30.813611329847223,1.0781395213372555],[30.814978591765957,1.080650661988535],[30.813770041921554,1.082161815927163],[30.811139252040192,1.0821439957753156],[30.810752905823414,1.0824120437126896],[30.80819868590962,1.084185288751048],[30.801255383153816,1.0819887194513675],[30.793856982981914,1.082402705160997],[30.790747681779884,1.0818674656903833],[30.790742997863344,1.081867411643295],[30.790291698125422,1.083899265757178],[30.78551127186419,1.084246753849095],[30.783362157589583,1.086489402757616],[30.783361336218945,1.0864889478050652],[30.78336070786027,1.086489603226988],[30.782425644490278,1.0859706734480399],[30.781793540609588,1.085620554683173],[30.781760870476607,1.0856190897833462],[30.774839230562723,1.0854125900002993],[30.768966256765303,1.08607231384281],[30.768241633130835,1.0858087292208163],[30.768241559721424,1.0858086053216744],[30.76824155972142,1.0858086053216736],[30.773520211920818,1.0947178237396595],[30.773612695132762,1.09480768900197],[30.773634567232374,1.0949108306682167]]]}},{"type":"Feature","properties":{"n":"Ruteete","c":"427218","d":"Kagadi","od":"Kagadi","dc":"427","k":"RUTEETE","a":["RUTEETE"],"lat":1.031324,"lon":30.798061},"geometry":{"type":"Polygon","coordinates":[[[30.772649018181884,1.0372727073230792],[30.773360371105497,1.037963879065037],[30.775417048848915,1.0418870832672167],[30.776281266969942,1.042711313834968],[30.776095076729,1.0431804515826222],[30.776284727287596,1.043542218451939],[30.775641156755484,1.0443241795938916],[30.775433148302497,1.044848292010488],[30.77502383537362,1.0450742470824204],[30.774807676136625,1.045336888262168],[30.774236951645033,1.045508634459296],[30.773537443287015,1.045894787571505],[30.773903531076908,1.0461550349507063],[30.776066511965865,1.047692607076171],[30.776779716629424,1.0501476099971387],[30.77709942984584,1.0504673111150724],[30.779023585923223,1.0513412318659412],[30.78135150182359,1.0511554860500278],[30.781356633527135,1.0511536374899857],[30.78182190072239,1.0501564902347207],[30.78276846136131,1.0481268578481433],[30.782738571045616,1.0479944452012855],[30.78242598670646,1.046613861716928],[30.78242678039999,1.0466132277836717],[30.78242674765761,1.046613082736519],[30.782755191505373,1.0463509215989655],[30.78422976473288,1.045173160947647],[30.78593841114466,1.047748688968375],[30.785102983021158,1.0502147927279013],[30.78602779127263,1.0504843128428156],[30.78652675272728,1.050629558747424],[30.7878610213788,1.052826747516911],[30.78808858651649,1.0528545752638248],[30.791947558277915,1.053325760631877],[30.791947674000376,1.0533264828280002],[30.791949457853935,1.053326700966094],[30.79224548534607,1.055182532532327],[30.792706935073383,1.0555340853814144],[30.793540825009735,1.0561689096850393],[30.79354410099209,1.05616762676677],[30.79660234458937,1.054848203872028],[30.796756704024645,1.0549095286822692],[30.79709853520089,1.054775663046303],[30.79725163020536,1.0551061558211405],[30.797510379542828,1.055208953256181],[30.798056766938497,1.0568442391373587],[30.79805986205485,1.056850920698234],[30.79805920867692,1.0568515470298998],[30.79805982743553,1.056853398915987],[30.797076081072113,1.0577939785457948],[30.796921693799938,1.057941975031948],[30.79696899318409,1.0589177142020232],[30.796989989930687,1.0593475465667128],[30.7982795209455,1.060637720683656],[30.80067078150951,1.0615411547253626],[30.80092068168124,1.0615170667496443],[30.8032014189301,1.061296740291439],[30.803201828306086,1.0612971861304044],[30.803202054444498,1.061297164332834],[30.804730155253896,1.0626206241155076],[30.80476157028925,1.0626223332604534],[30.804765432079225,1.0626173145683595],[30.806466037615145,1.060405172022456],[30.807479403346633,1.060355346712054],[30.809618961577147,1.058253130819988],[30.81192577962644,1.05250581632934],[30.81249550450518,1.046145745893079],[30.812495715618056,1.046145400473503],[30.812495743599733,1.046145088139927],[30.814785313974273,1.0423988198191538],[30.81461091007109,1.040542275682955],[30.815393010858234,1.0398416177357692],[30.816244685651924,1.0390781147798838],[30.81571064743344,1.037685516493312],[30.81580723070358,1.0375293637221008],[30.815782320782898,1.037441456699328],[30.816706780354416,1.0360750003461612],[30.816721382018248,1.036051392838686],[30.816723158540217,1.0360507915254245],[30.816723208346183,1.036050717906547],[30.824037617004187,1.033513193270777],[30.82403264254093,1.033376869147656],[30.82390749696229,1.033363680494577],[30.823854470519198,1.0285036198448982],[30.82288687276152,1.027236158075854],[30.82288704020959,1.027236016166626],[30.82288599767124,1.02723465075947],[30.824760243442967,1.0256457552005604],[30.822642990638123,1.0231989432074364],[30.821948167529897,1.022396187700992],[30.82185770777933,1.0214250024147735],[30.8218230922918,1.021055231417499],[30.82182324288554,1.0210549837320668],[30.821823092463124,1.021053368781384],[30.822878099596156,1.019319934448369],[30.8227528469279,1.014277932063521],[30.824778208652194,1.0061916722204736],[30.818689806821517,1.006062206970327],[30.812900566995076,1.00426469266364],[30.809671894163273,1.004110961460319],[30.80763775325286,1.002013783834523],[30.803474468233563,1.000717163971253],[30.802145253844984,0.999523739215843],[30.80158858206526,0.999852039773377],[30.80276465746241,1.001384808572363],[30.80285174354427,1.006157333388746],[30.79960363418407,1.009646297835975],[30.79953523777259,1.012402813281386],[30.798737490900713,1.013383848999751],[30.79495832410131,1.015270771741577],[30.78859076773878,1.016442348542602],[30.783750824559753,1.019854467582911],[30.77582108563755,1.0199089063292899],[30.775820510302978,1.019909142473819],[30.77581888577213,1.0199134411751785],[30.77548589654574,1.021228525466812],[30.775270983107884,1.0213632566270288],[30.77517473976664,1.02161792792611],[30.77477920150332,1.0216715589222105],[30.774316632876797,1.0219615473396588],[30.77493030894897,1.024267056583583],[30.77468815628747,1.024391658670013],[30.774763919098422,1.024728601203015],[30.77326954080155,1.0251216570590775],[30.773683468597465,1.026391310144696],[30.772751423317423,1.028906132640893],[30.7718804323677,1.0293837879535697],[30.77186113882026,1.029394395749582],[30.7718635373486,1.029408431271127],[30.772609166519416,1.033239490204291],[30.772609099952795,1.0332395674198829],[30.77260913967347,1.033239749117121],[30.77073688612935,1.035413890642645],[30.772258746448124,1.036487767097426],[30.772649018181884,1.0372727073230792]]]}},{"type":"Feature","properties":{"n":"Rutete Town Council","c":"427219","d":"Kagadi","od":"Kagadi","dc":"427","k":"RUTETETOWNCOUNCIL","a":["RUTETE","RUTETETOWNCOUNCIL"],"lat":0.993808,"lon":30.809709},"geometry":{"type":"Polygon","coordinates":[[[30.788590067982415,1.016442664119475],[30.788590409078637,1.0164426013949712],[30.78859076773878,1.016442348542602],[30.79495832410131,1.015270771741577],[30.7987374780986,1.0133838553917938],[30.798745265341015,1.0133742883184182],[30.79953523777259,1.012402813281386],[30.79960363418407,1.009646297835975],[30.80285164414709,1.0061574401564637],[30.8028468632421,1.005889881199834],[30.80276465746241,1.001384808572363],[30.80158858206526,0.999852039773377],[30.802145253844984,0.999523739215843],[30.802195673965382,0.9995690085270791],[30.802647575323306,0.999356269876708],[30.803473055451907,1.0007158955162787],[30.803474468233563,1.000717163971253],[30.805481868297694,1.0013423517219393],[30.807637243113884,1.002013582304911],[30.80763730239631,1.002013643419068],[30.80763775325286,1.002013783834523],[30.809671894163273,1.004110961460319],[30.812900566995076,1.00426469266364],[30.818249079982053,1.0059253646865332],[30.81868987050416,1.0060622083244901],[30.82186978467821,1.0061298267891443],[30.824778211477266,1.0061916609413633],[30.8253703438725,1.003827571429894],[30.825663308448917,1.0035220350787832],[30.82582597993866,1.00297275760143],[30.82641202131777,1.0027411932419472],[30.82719658905005,1.001922957928139],[30.829534463776668,1.001506891346172],[30.83058623689731,0.99879716857266],[30.83058642573679,0.998797093016913],[30.83058646121639,0.998797001616157],[30.833520327289218,0.9971585236528627],[30.833766478667496,0.9966904800254366],[30.83396165402591,0.9957245503614667],[30.833734984699987,0.9950229494318693],[30.833089212311087,0.994619807832157],[30.833080070120637,0.9929958172832961],[30.83175784340901,0.988903179312854],[30.83802691206532,0.976959040479649],[30.838650617466023,0.9739212790498372],[30.838584930573052,0.9739005595602418],[30.83596496743783,0.97307436520643],[30.832374482209282,0.974409074693961],[30.832374303616405,0.9744089762608403],[30.83237418133929,0.974409021712084],[30.832094974214563,0.974255021271662],[30.83038724438151,0.9733137901436958],[30.829516676281795,0.9734607182498412],[30.827996969413157,0.973718149607791],[30.82470380184131,0.972050751682281],[30.824378415311234,0.973097227122735],[30.824375204060473,0.9730935219261576],[30.824374570552163,0.973095558390751],[30.822364527094088,0.9707735681239359],[30.8221524125369,0.970528826685265],[30.81943227701015,0.9703273743835558],[30.816235239927433,0.9718227512115449],[30.81441730685898,0.9739653961123003],[30.81348499944797,0.975064780709087],[30.81348463533261,0.9750646576443863],[30.813483557096355,0.975065928470828],[30.81224692361666,0.974647840032089],[30.810373696604273,0.976029188618613],[30.808672142720418,0.974048893405966],[30.80423750650974,0.9740828683181026],[30.804196392586388,0.974083188769179],[30.804196382299722,0.974083183381471],[30.80419582377312,0.97408318766049],[30.802834455388712,0.9733698654357968],[30.802834444518222,0.973369859742307],[30.80283444451259,0.9733698597369865],[30.802834063390375,0.97336966003869],[30.800965447633352,0.971603920984674],[30.800537116016493,0.971199207948792],[30.80053710470091,0.9711991604867073],[30.80053654405454,0.971198630706742],[30.80020080512372,0.969792105789641],[30.798645622035053,0.969162772797982],[30.79117590571326,0.9729424621477144],[30.791118980108813,0.972971277792868],[30.788899865480452,0.9806668804725481],[30.787448369794806,0.989765190019212],[30.786544847344544,0.991046994931282],[30.785987947080645,0.998313584577049],[30.78521449556071,1.000680433033608],[30.78503863584456,1.0012186634015572],[30.785411181443244,1.001630923946424],[30.786372450441885,1.002693810421377],[30.786372333876795,1.0026945393195663],[30.786372531655363,1.002694758182171],[30.78593905243503,1.0054039102016763],[30.785853110231038,1.005941319106353],[30.785853057545477,1.0059413597904105],[30.785852932579033,1.00594214080385],[30.784652068749963,1.006871094174709],[30.78535448028954,1.008310461708116],[30.783932674489574,1.012180419342332],[30.783932216683613,1.0121805717962222],[30.783932162892853,1.012180718204087],[30.78351178784194,1.0123205787378224],[30.78084956932865,1.013207123700903],[30.780927591083216,1.014939867970439],[30.78075071567617,1.015044780355193],[30.780736763430728,1.01530443420153],[30.778726119462206,1.01624597531538],[30.77872538903591,1.0162486405906337],[30.778515138974058,1.01817426478737],[30.77807954707937,1.0186052734186657],[30.777963241580096,1.019029664176942],[30.77742905750094,1.0192489185973048],[30.776888129382524,1.019784155112926],[30.783750855221,1.0198544459669905],[30.785824826139184,1.0183923139961752],[30.788590067982415,1.016442664119475]]]}}]}
