{"type":"FeatureCollection","name":"Kamwenge sub-counties","metadata":{"source":"Uganda Bureau of Statistics NPHC 2024 Map Explorer","retrieved":"2026-07-26","display_only":true,"clipped_to_dashboard_district":true,"positive_area_overlaps_removed":true,"source_gap_ratio":0.07018424},"features":[{"type":"Feature","properties":{"n":"Bigodi Town Council","c":"413101","d":"Kamwenge","od":"Kamwenge","dc":"413","k":"BIGODITOWNCOUNCIL","a":["BIGODI","BIGODITOWNCOUNCIL"],"lat":0.452496,"lon":30.410999},"geometry":{"type":"Polygon","coordinates":[[[30.365771312310663,0.428506299073974],[30.366961984990304,0.4308613300118797],[30.3787,0.4463],[30.378682757642068,0.44720091320188815],[30.378762966856492,0.448726973821719],[30.37864410806275,0.44922035372109037],[30.37851871912069,0.45577192594379423],[30.379297950190818,0.456055465710435],[30.379879701708916,0.461131838987092],[30.378382210747382,0.46290448844930104],[30.3783,0.4672],[30.37814350893424,0.4674425611519253],[30.377230479083895,0.469769322827411],[30.37527981232066,0.4718812909029796],[30.374673848142397,0.47282053537928437],[30.37548285365966,0.476114104064996],[30.37296599651879,0.47900194060001],[30.370315174842915,0.4795764789934843],[30.3703,0.4796],[30.370921410877667,0.48263987483398946],[30.3719298536728,0.484845145572613],[30.371548372914543,0.4857069053387013],[30.373176238288128,0.4936702467608426],[30.37319040621586,0.493687849800523],[30.37349661604923,0.49523750013271955],[30.374,0.4977],[30.37409230955954,0.4977387104604533],[30.37728042033436,0.49862245162025],[30.37782640608935,0.4993046219084371],[30.38259394859333,0.5013039139262345],[30.38276816075465,0.501327630068955],[30.384122537649702,0.500749963452594],[30.389632305559303,0.503002737098559],[30.392526664631504,0.505469246458372],[30.3926,0.5055],[30.41002607479092,0.5216294918451662],[30.412506444159604,0.522768876162076],[30.415094924880446,0.525661517563165],[30.4152388573515,0.5264544185604648],[30.4262,0.5366],[30.42632566791901,0.5373597196921786],[30.427304368222043,0.538374514741364],[30.428837274172356,0.5501752756628212],[30.436116154741097,0.5547575235974593],[30.445811845517344,0.41895339359484],[30.431866186792867,0.414015604396606],[30.434220567547627,0.406658031844626],[30.436719150466164,0.402708526158629],[30.435196894334375,0.396881875599984],[30.436731251499396,0.395639753741661],[30.436557687869687,0.393968951130422],[30.436152201745124,0.391479889619547],[30.427596767225108,0.384528506121971],[30.427179590634854,0.379580995868284],[30.4287832620388,0.379081261421433],[30.42862960602999,0.37771962639223],[30.434615923049968,0.376435944503257],[30.435615407794305,0.37509723583765],[30.431631459812056,0.373169172417807],[30.42782558084036,0.368435582817715],[30.422835520891358,0.367611597022072],[30.424950008035513,0.361234050069657],[30.42035108949835,0.363356627637985],[30.417369971577223,0.361650627101958],[30.414762581196904,0.357045709923414],[30.412798067237684,0.356294867219598],[30.407377948157922,0.35554299486523],[30.39674147104996,0.356085798604362],[30.39220297032561,0.352606586650581],[30.39139005832995,0.34980903650033],[30.388207004307663,0.345238286168746],[30.38451733933776,0.344521248206648],[30.381169068873096,0.352448495696973],[30.379520370489875,0.3532784229046217],[30.37793572825789,0.35613558086835284],[30.377943432970092,0.3562446068341472],[30.3782427628561,0.35655202671707653],[30.384845385405015,0.362020384940926],[30.38550356976469,0.36400907165022095],[30.38714780737654,0.365697748116445],[30.39266395558219,0.369279942987783],[30.392816288374558,0.371286008215811],[30.392338155246513,0.37240351611634587],[30.38751047486911,0.38579228302966745],[30.387444901330596,0.387492149043518],[30.385143354087273,0.392430584596254],[30.378855902327636,0.396133163378845],[30.379409434248046,0.40139887242294],[30.378139355064278,0.402741018257235],[30.37101450657215,0.400558523549631],[30.370817216481207,0.40062649321671306],[30.36608491270689,0.4078574533838725],[30.36630584272375,0.410616594211534],[30.362880069125968,0.41275445437552033],[30.358496263982364,0.41945290863494733],[30.36100720687321,0.421654836376529],[30.365771312310663,0.428506299073974]]]}},{"type":"Feature","properties":{"n":"Busiriba","c":"413102","d":"Kamwenge","od":"Kamwenge","dc":"413","k":"BUSIRIBA","a":["BUSIRIBA"],"lat":0.459965,"lon":30.493212},"geometry":{"type":"Polygon","coordinates":[[[30.427825380878616,0.3684355497989461],[30.42782558084036,0.368435582817715],[30.43163135090028,0.3731690369579945],[30.431749178817014,0.37322614346971056],[30.435615407794305,0.37509723583765],[30.434615923049968,0.376435944503257],[30.42862960602999,0.37771962639223],[30.4287832620388,0.379081261421433],[30.427179590634854,0.379580995868284],[30.427596746862555,0.3845282646320526],[30.43134340685843,0.3875726915292144],[30.436152201745124,0.391479889619547],[30.436557687869687,0.393968951130422],[30.436557730593897,0.3939693624131372],[30.436557730597624,0.393969362435953],[30.4365577308963,0.39396936532421606],[30.436731251499396,0.395639753741661],[30.435196894334375,0.396881875599984],[30.436719150466164,0.402708526158629],[30.43671893933875,0.40270885988736677],[30.436718968491935,0.402708971469576],[30.43555937013431,0.4045417889177638],[30.434220608934478,0.40665796642449964],[30.43420542392754,0.4067053565108939],[30.431866186792867,0.414015604396606],[30.445811845517344,0.41895339359484],[30.43999693667702,0.5004007761825089],[30.43611616586991,0.5547575306033417],[30.443648668350864,0.559499440243163],[30.447294070460377,0.560835137814392],[30.4492421264649,0.5630206701422474],[30.450016952075888,0.5635084433681076],[30.454146342959255,0.564932408692299],[30.454516310731957,0.5663409087059115],[30.46383788622288,0.5722090871486637],[30.464158083380454,0.572356916914223],[30.465569437313775,0.570961080845411],[30.465765758284792,0.5716834356960159],[30.474495714280316,0.5668200346050837],[30.474262391184567,0.565323634673727],[30.475653377453117,0.5661751080624513],[30.480890828542265,0.5632573584937558],[30.48088200020755,0.563206837570503],[30.48166222568717,0.5628276182157994],[30.484584965074532,0.5611993793183403],[30.488136708552965,0.556008118154897],[30.489680859593154,0.55715636054025],[30.49131924951552,0.5574477537301082],[30.493153492738593,0.5564259088895733],[30.493150048447024,0.556316513564389],[30.496179886435698,0.5532924041456303],[30.499754317662283,0.5495647830093358],[30.50003727079777,0.548194519870045],[30.502688458724887,0.5465048930440494],[30.503470182930652,0.5456896663723202],[30.503242632655642,0.545403400592306],[30.50392913216865,0.545177115114096],[30.504607191907823,0.542563913380812],[30.50675487914339,0.54209609644279],[30.507158379660282,0.5414931709839453],[30.504743069354898,0.5236872787326058],[30.504304214042598,0.523654531398332],[30.504619649546633,0.5227774164251823],[30.5029,0.5101],[30.502236433570754,0.5090202986913954],[30.501045515747748,0.509264995028906],[30.49980892803491,0.508685708989822],[30.499048903035867,0.506851108699068],[30.49688680721265,0.506894238961749],[30.497528505211303,0.505241629223144],[30.496127332845926,0.503768036623566],[30.4967565951471,0.500838989418516],[30.497039198240838,0.5005637801884828],[30.497,0.5005],[30.505815519831096,0.4915620423934712],[30.505838366175933,0.49128727010327],[30.506952934486524,0.49040883031227406],[30.50939818017469,0.4879296228784403],[30.509383358909073,0.486853894877732],[30.51061249399561,0.4866984435877827],[30.5114,0.4859],[30.52556370508937,0.48022281242285525],[30.525587657139422,0.480162787216154],[30.525653182779326,0.48018694739836865],[30.53544102773936,0.4762637202862892],[30.536277326136535,0.47500208435356706],[30.538126087777403,0.47173237368293996],[30.539472435592085,0.468561290299548],[30.539985873382314,0.4684431660841691],[30.5403560493225,0.46778847475193563],[30.540489093351294,0.466327807640974],[30.54148955445438,0.46578376319638487],[30.54229219201081,0.4643642223941018],[30.542807631802198,0.462116905097581],[30.543789365269078,0.46171632919353245],[30.543821044600854,0.461660301284436],[30.54325993342101,0.458268804225965],[30.54606246854446,0.45769613001227505],[30.546326614202556,0.4572289633111815],[30.545851740438827,0.456187202879989],[30.547686615367752,0.454787188155967],[30.547684967105045,0.4547705694028385],[30.54579003241442,0.4510607676845674],[30.54558899188448,0.451288101153575],[30.54483032669079,0.450782640886371],[30.544001110599563,0.448088799194979],[30.54408496949021,0.44772268674844024],[30.543579281580634,0.4467326780240581],[30.54341874776886,0.446802331816292],[30.542969373373282,0.445710440122168],[30.542020730643106,0.446758117119052],[30.54095406224032,0.446135689594414],[30.54202088959431,0.444327151922231],[30.540645784318595,0.4424829290329],[30.540397765300057,0.44070813631030953],[30.540324446519413,0.44063857746713414],[30.538286579090148,0.441234413093055],[30.537407935588437,0.440321144010183],[30.53702920890776,0.43882055088284],[30.537252061172833,0.4377237503434559],[30.53504711581413,0.4356318791057146],[30.534918930923048,0.435692479777328],[30.533910797872885,0.435176727858039],[30.53355163514661,0.43421308975447426],[30.531787913085715,0.4325398149787538],[30.531373458215473,0.432310868927535],[30.531041467600303,0.433339716717036],[30.529759464617708,0.433620861897835],[30.528810994593943,0.432671514502837],[30.528823694131635,0.430484174131795],[30.528160410453367,0.431268780880184],[30.527140095862705,0.430149997997952],[30.52657077501607,0.428286988094747],[30.525169806664557,0.427824096077988],[30.525006019405687,0.426107873733323],[30.525006460577508,0.42610612926584157],[30.525,0.4261],[30.527541570388014,0.413469165344429],[30.527429534441943,0.413363043955977],[30.52799545836641,0.409884500300787],[30.53073594683361,0.405322455026975],[30.532300443362264,0.404363576078562],[30.53364490112627,0.404514251477604],[30.533508713118835,0.402430427533505],[30.535677790149233,0.399517295740392],[30.53621958235169,0.399835850540544],[30.535778778903378,0.401289380114153],[30.537782987350802,0.40065468898846573],[30.5478,0.3911],[30.553210549216892,0.3839399318746502],[30.553248616758346,0.38375767728754],[30.553730079622735,0.38325240960105106],[30.55731452417972,0.37850892309150574],[30.55610559351597,0.377741717381477],[30.552689327240525,0.377519882987737],[30.55064844326458,0.378118836167506],[30.549486859915298,0.379962016988604],[30.548270827720827,0.377786022999728],[30.542851047314144,0.374646675707802],[30.533023677516557,0.376485182311931],[30.529096718695392,0.375051070589159],[30.528486475956246,0.37314187405685],[30.523473062134368,0.370480095418848],[30.521279461721456,0.370381143157881],[30.516886754846166,0.371854433280768],[30.51630757940228,0.374898360959391],[30.510840967028404,0.37552835360631],[30.51028565082328,0.36511892445804],[30.51143287432505,0.359901691250202],[30.51061229699087,0.357331184048802],[30.506346271197852,0.350652389769601],[30.50621807330699,0.347726183129559],[30.504271813524927,0.347922696838615],[30.50263135085288,0.346710010987651],[30.499306935802945,0.348260456325513],[30.494355703227672,0.347406430420136],[30.488469228813816,0.351369753430951],[30.473598596521306,0.354655628926896],[30.464886392082914,0.353668892150487],[30.459278380482722,0.354607235106732],[30.45581139697663,0.353991855650938],[30.450379778146512,0.350825759201111],[30.444402397360168,0.353174154313361],[30.44629210401374,0.356329540643136],[30.451049506821153,0.360679899859503],[30.450661777199823,0.361682782239426],[30.452054370357654,0.362582331509167],[30.451068113205903,0.365584388757725],[30.45251092934334,0.371943168056439],[30.449438589844586,0.370912618667846],[30.44621758603513,0.373877524658466],[30.433324995129688,0.364144713281645],[30.427533053114477,0.360698454657324],[30.424950021956818,0.361234039545194],[30.424944442179275,0.3612508373599418],[30.422835520891358,0.367611597022072],[30.427667812545213,0.36840953126011217],[30.42782532740791,0.368435483295961],[30.427825380878616,0.3684355497989461]]]}},{"type":"Feature","properties":{"n":"Kabambiro","c":"413103","d":"Kamwenge","od":"Kamwenge","dc":"413","k":"KABAMBIRO","a":["KABAMBIRO"],"lat":0.156683,"lon":30.529411},"geometry":{"type":"Polygon","coordinates":[[[30.47673309663598,0.108131547979943],[30.477664172701953,0.112066133740721],[30.47736140079308,0.11302869730064918],[30.47861195573163,0.1150796073998717],[30.47930321769037,0.114842311491561],[30.480134147975534,0.116606808060494],[30.479123992597316,0.11742360099675726],[30.478375169788674,0.11856192138352119],[30.478297362324348,0.119608663004831],[30.47645190674412,0.121913455637712],[30.47622432403668,0.123349285318087],[30.477598809881407,0.123784487808074],[30.478147035320703,0.125121051690408],[30.476193703986517,0.126153429595394],[30.477522972644916,0.126587751571396],[30.479223777631518,0.125637111735652],[30.47981379959805,0.12619315322269],[30.477589814238883,0.128351947280291],[30.478198188927887,0.129318630622568],[30.477324495707492,0.13082224226332],[30.478323690779373,0.130082063434418],[30.480159263281216,0.131656985056146],[30.47909599100143,0.132229115331181],[30.477163615891474,0.138295199466713],[30.478444542584022,0.13950569817824],[30.47955361780873,0.139400968976388],[30.480049517335654,0.14263066951783],[30.4815897069776,0.144091211033885],[30.48186298504572,0.14636038692757],[30.480770151679764,0.149003322201776],[30.484232482403655,0.149916627228058],[30.48505008037779,0.151233823007385],[30.484235770700437,0.152674206025561],[30.485612087588876,0.154414775778123],[30.48846338801276,0.155009352199897],[30.489448695574286,0.154233732015115],[30.492484508666713,0.15547466934926],[30.490592528967404,0.158158182627282],[30.492090226707727,0.160119593724335],[30.49169382696385,0.16086940690947],[30.490733224107718,0.160730523596603],[30.49068957907607,0.161479607809308],[30.49209857327326,0.163130090325443],[30.492984544383592,0.161903106202465],[30.495147133622904,0.161388424626799],[30.497110933972706,0.16301993804717],[30.49673800947436,0.164177567521916],[30.49469576345305,0.164456289894979],[30.49437750481583,0.167182837669038],[30.493622434383315,0.167374015622373],[30.49519874044651,0.168922637991898],[30.49564013010661,0.170656160629033],[30.496361246252153,0.170488490352717],[30.49590501323902,0.171266734768334],[30.498593890829863,0.173076955399179],[30.499004432219056,0.172393476915146],[30.50014976559908,0.172952881755711],[30.50086205413704,0.17117255542972],[30.503676561635682,0.172133088500023],[30.504566466189907,0.171520435829946],[30.504330534075525,0.173111828254836],[30.505515087172256,0.173612289914227],[30.50722030408211,0.171720783723345],[30.507850472195674,0.172797555385775],[30.508770174923526,0.172819027374456],[30.508351855885795,0.170953821657525],[30.51064974184493,0.170313251557067],[30.513450819049538,0.171511920668521],[30.514409554724377,0.173740551860287],[30.516273946671223,0.172191401981144],[30.517042627199228,0.174117016081038],[30.518938804338816,0.17561237306348],[30.520079585479973,0.175119061794432],[30.519781593443394,0.173931043116799],[30.5229936835591,0.17282370942818],[30.52356637351404,0.176130363373847],[30.525362273640727,0.176936224420386],[30.52607604289694,0.178340061583285],[30.524581100464587,0.18116229245197],[30.525364274639617,0.184126269680265],[30.526708535875375,0.184623300368793],[30.52605333112868,0.18647301463659],[30.526862610399316,0.188662004172183],[30.530412459150032,0.189313692773533],[30.530705032445486,0.190196217737553],[30.529152678754702,0.191442293122858],[30.532814236193808,0.193045844651771],[30.533032763748327,0.194411502127912],[30.534460456612447,0.193432746231956],[30.535595909810084,0.195136203216538],[30.53790383822863,0.195386350687632],[30.53573321889048,0.197916639839617],[30.53487886110652,0.203182677858215],[30.53597610162126,0.203225775328297],[30.537416970204152,0.204689195316825],[30.539802098744676,0.204358100757526],[30.54125419093727,0.206425409414448],[30.542722878260534,0.205866578136479],[30.544253131965597,0.207803678911684],[30.545822536863536,0.206162688714239],[30.547639017186672,0.207187043384739],[30.548030081225093,0.210492963541983],[30.54664394966148,0.210120600540413],[30.54648691758691,0.211335932624103],[30.5473233909728,0.212018851394986],[30.54509105003611,0.211735103127457],[30.544307699039162,0.213142323227797],[30.554055562930913,0.216577204533298],[30.557064454924838,0.215811555225321],[30.563854564409233,0.209561203502808],[30.563403657373346,0.204561562482503],[30.56692297542001,0.192799826424257],[30.564661392116328,0.190633787834979],[30.564267955051907,0.189170437445424],[30.568660245340002,0.185241250253065],[30.567020850065845,0.17945144399608],[30.561632901716088,0.173993223582238],[30.560249787114508,0.16946421523589],[30.564378592353375,0.159782936017813],[30.567131389924526,0.157891777957565],[30.56734093411966,0.153499860178712],[30.566595479501522,0.154134621206746],[30.56634011215241,0.153078649162569],[30.565678242534656,0.153180725321116],[30.56595415396934,0.15375602008562],[30.565188206413946,0.152884656061858],[30.564382295507865,0.153208279151373],[30.56438839779948,0.151633026499257],[30.563512804003647,0.152336421088507],[30.564042653621367,0.150708052830581],[30.562534698396508,0.150491578108313],[30.56250772140604,0.149082582924334],[30.56185557934171,0.149477265468445],[30.56082506242374,0.148773963146262],[30.560866634440686,0.14848319259198114],[30.5599482288096,0.14833385834302432],[30.559420333932852,0.148627676509906],[30.558323857166346,0.14806973287257644],[30.5499,0.1467],[30.54958861630194,0.14613049560485983],[30.549187711019954,0.146983254530644],[30.547934346745823,0.146378527496968],[30.54775976043266,0.144873012081964],[30.546329768064048,0.144197335982483],[30.546862711027213,0.14255128526784],[30.54650821697634,0.1404966073646166],[30.5458112469327,0.13922188583743977],[30.544321170518177,0.138213572417281],[30.545049730162436,0.13782911174445414],[30.54428388867467,0.13642842797077567],[30.542826384947368,0.134488787674232],[30.542019146480833,0.134500069480377],[30.54250821187176,0.133750466336443],[30.541837224052784,0.132819417503776],[30.540760349739053,0.132050847280161],[30.537598623863897,0.131935434094881],[30.53770366517772,0.131315492243611],[30.537381391616606,0.13170129661559],[30.53479433743374,0.129313684744813],[30.53446450134355,0.12811615607791],[30.53185722733486,0.127330606533614],[30.531342652887197,0.12597750085429144],[30.527448080237754,0.12355257826124239],[30.527322894974112,0.123743754310712],[30.524753483010763,0.123369232262587],[30.524540773458433,0.12174236837977934],[30.524067745467526,0.12144784151751567],[30.522871337828008,0.121286390931451],[30.52307749586449,0.12083127100996634],[30.5228330798723,0.12067908746765671],[30.522501568880617,0.120906977540976],[30.521863722075416,0.12007552506582565],[30.52164896450313,0.11994180808685398],[30.52064158470958,0.120904144469273],[30.5196029378363,0.12024456843159334],[30.51944672047494,0.12031182868440189],[30.518980588915603,0.121447343077091],[30.518655022457327,0.120886485700261],[30.517868143919042,0.12099149359041231],[30.515731976757998,0.12191123222919555],[30.515697517552116,0.122235994507263],[30.514722985176917,0.12234565915993884],[30.5139,0.1227],[30.513616477631253,0.12247017504957612],[30.51297651134587,0.122542190800101],[30.51233386552775,0.121775179735821],[30.511633052471716,0.122162147597128],[30.511820016371203,0.121528937328671],[30.51093562286872,0.121472536140695],[30.50890756006567,0.118737832653372],[30.506852400061646,0.118695505664268],[30.506102439839562,0.116483380023232],[30.505110242584312,0.116240564882218],[30.504937680971384,0.11543508987832135],[30.5007,0.112],[30.49952797241543,0.10915932297299423],[30.498734443671434,0.108560880785322],[30.49904736360427,0.10799445754933434],[30.498844858982924,0.10750364126370096],[30.498538482066625,0.107503692235979],[30.497938733720645,0.106213880285795],[30.498068934709448,0.1056230112449371],[30.497680559346836,0.1046816946880933],[30.497498646874806,0.10459416869973],[30.497601868873364,0.10449097032018635],[30.4948,0.0977],[30.49320294952279,0.09738779464355228],[30.492966936804255,0.097483741970243],[30.492977984843986,0.09734381658604178],[30.4907858049262,0.09691527013594904],[30.490737430361623,0.097176645250977],[30.48830563278896,0.099076132312478],[30.48412679145051,0.096767193955572],[30.483563865145666,0.09550346235930274],[30.4815,0.0951],[30.48078120540715,0.09581114784186218],[30.479891513476613,0.097611795531769],[30.47884636916892,0.097879842228572],[30.477387223432782,0.099979449013238],[30.476684691708897,0.09986408160715657],[30.47522631744658,0.10130694124965943],[30.47459367311479,0.103700483601464],[30.47303086631204,0.103852515561999],[30.47278163353146,0.104811723141683],[30.475049267320383,0.107919322910018],[30.47673309663598,0.108131547979943]]]}},{"type":"Feature","properties":{"n":"Kabuga Town Council","c":"413104","d":"Kamwenge","od":"Kamwenge","dc":"413","k":"KABUGATOWNCOUNCIL","a":["KABUGA","KABUGATOWNCOUNCIL"],"lat":0.205371,"lon":30.515978},"geometry":{"type":"Polygon","coordinates":[[[30.499015805597356,0.227901448933536],[30.506215053516613,0.229029700760123],[30.50674979363809,0.227962959182765],[30.509246744285015,0.228511695284141],[30.516283599584963,0.227650329050315],[30.52105285137812,0.228540030694924],[30.5210034185866,0.229591355372523],[30.52271272535448,0.230337241030733],[30.524343265791817,0.230136461572169],[30.53130499299193,0.232021806241038],[30.534395068986193,0.235727593087191],[30.53572920579551,0.240289250320351],[30.536694080672223,0.240378517070991],[30.538879108018747,0.237001087327883],[30.538485358310172,0.235191359540643],[30.539641653090715,0.23462759098309],[30.541362220075523,0.22796010033997],[30.54113156037706,0.223258621415636],[30.539226784563,0.220606633977137],[30.540883179960748,0.221253787446219],[30.54315172539451,0.218574955835739],[30.544373878689846,0.218392921058112],[30.54409046081722,0.217758358548729],[30.544994842525888,0.217692121343194],[30.543982849244664,0.215829477323947],[30.544270048075642,0.213198252674314],[30.544934574287588,0.211795102720655],[30.54505153289025,0.2118060921504909],[30.54509105003611,0.211735103127457],[30.547321846298143,0.2120186550545659],[30.54647507061586,0.211541658547709],[30.54649536748239,0.21134283133998844],[30.54648691758691,0.211335932624103],[30.546530521059946,0.210998468447541],[30.5466160317157,0.210160809842075],[30.54663790565084,0.21016737748115338],[30.54664394966148,0.210120600540413],[30.54798593674774,0.2104811048046733],[30.54801375619209,0.21035495735790416],[30.547776512729495,0.20834938316005103],[30.547007369173954,0.20683084266860857],[30.54596404447362,0.20624248808198128],[30.545778811327704,0.2062084087038809],[30.54425837154296,0.2077982003413661],[30.54425339178454,0.207803700834611],[30.544253264770933,0.20780354004869364],[30.544253131965597,0.207803678911684],[30.542722931512802,0.2058666455468773],[30.54125438480558,0.206425516560905],[30.541254284522324,0.20642537380560497],[30.54125419093727,0.206425409414448],[30.54016551493978,0.20487548763560276],[30.53980206267201,0.20435810576499772],[30.538808088783462,0.20449608547594084],[30.537417758664514,0.204689203027242],[30.5374176064266,0.20468910699882115],[30.537416970204152,0.204689195316825],[30.537415698007887,0.20468790320908864],[30.535039397115813,0.20318898339994876],[30.53487886110652,0.203182677858215],[30.534892836660465,0.20309653619745194],[30.534743773106136,0.203002510093625],[30.535730116137557,0.1979357643974587],[30.53573321889048,0.197916639839617],[30.53573402117316,0.19791570461936708],[30.53573414136588,0.197915087201371],[30.537902435870944,0.19538619869148433],[30.535595909810084,0.195136203216538],[30.535056395472537,0.19432680000336447],[30.53446032982588,0.19343283315058085],[30.533032763748327,0.194411502127912],[30.533032546772457,0.19441014616746669],[30.5330317365042,0.194410700959425],[30.53286208588364,0.19334487461525815],[30.532814236193808,0.193045844651771],[30.529152678754702,0.191442293122858],[30.530705032445486,0.190196217737553],[30.530590722149594,0.18985140947467974],[30.530412011680617,0.18931361062616917],[30.526862610399316,0.188662004172183],[30.526862509987005,0.1886617325706433],[30.526862431669986,0.188661718202198],[30.526215988534595,0.18691298063146794],[30.52605333112868,0.18647301463659],[30.526555766506615,0.18505458491382512],[30.526708440774744,0.18462326520603523],[30.525364274639617,0.184126269680265],[30.525363960467487,0.18412508067395014],[30.525363835974698,0.184125034563181],[30.5245811120965,0.181162412647482],[30.524581125527785,0.18116238730538836],[30.524581100464587,0.18116229245197],[30.52607599680411,0.17834014859974726],[30.525362233073732,0.17693620621705655],[30.52356637351404,0.176130363373847],[30.523338178081122,0.1748127859968857],[30.52299230706156,0.17282418396097488],[30.519902049463507,0.17388951719309678],[30.51978161309849,0.1739311214766933],[30.520079585479973,0.175119061794432],[30.519650620651923,0.1753045602884611],[30.518942006631303,0.175611941180052],[30.51894122537852,0.17561132612631944],[30.518938804338816,0.17561237306348],[30.517042627199228,0.174117016081038],[30.51633116471329,0.17233473834073232],[30.51441729802076,0.17373411784480114],[30.514409554724377,0.173740551860287],[30.514409301993307,0.17373996437370368],[30.514409191957903,0.173740044829302],[30.514408092645482,0.17373715318146554],[30.51351726795911,0.1716663846322769],[30.513060839112267,0.1713450359771154],[30.51161507613256,0.1707263484866726],[30.508696625070538,0.17085771208758452],[30.50854792083017,0.17089916562004143],[30.508769135609462,0.17281439326900733],[30.508770174923526,0.172819027374456],[30.508314240759447,0.17280838283365607],[30.507851812231408,0.172798285296003],[30.507851397478138,0.17279757698803186],[30.507850472195674,0.172797555385775],[30.507220375837328,0.17172090633187342],[30.50551533885973,0.173612224534103],[30.50551519924087,0.17361216560248788],[30.505515087172256,0.173612289914227],[30.50508672615116,0.17343131173095427],[30.504331198829696,0.173112411794373],[30.504331290915907,0.17311214801221578],[30.504330534075525,0.173111828254836],[30.50455358803334,0.17160730065061716],[30.504477002203036,0.17158202709855055],[30.503676561635682,0.172133088500023],[30.503605214042338,0.17210873904530477],[30.503003536405092,0.172664799466708],[30.502541184858654,0.176883353375905],[30.500501389295046,0.178163453433286],[30.499222296651112,0.182997611475219],[30.502217063837797,0.187203924462713],[30.501446621275225,0.191773040236114],[30.49342940011002,0.188833757517218],[30.49328010550356,0.195765874702802],[30.490411880328004,0.210751582496275],[30.487846332531,0.218343251203328],[30.484309614742152,0.222244178070325],[30.496732058440582,0.226385120303076],[30.499015805597356,0.227901448933536]]]}},{"type":"Feature","properties":{"n":"Kahunge","c":"413105","d":"Kamwenge","od":"Kamwenge","dc":"413","k":"KAHUNGE","a":["KAHUNGE"],"lat":0.301559,"lon":30.516756},"geometry":{"type":"Polygon","coordinates":[[[30.483748435774267,0.253958482432507],[30.487362732202087,0.26222569183282],[30.495174371258397,0.258026810513823],[30.496778289405643,0.259971396385313],[30.497288029530193,0.265860163074432],[30.49476409694247,0.27415910653196],[30.496751052201134,0.28044354733047],[30.499837348634895,0.281731161120322],[30.498034865585748,0.284815004309377],[30.49868770939143,0.290582998294385],[30.497447188796038,0.292512058361622],[30.498801316576003,0.296078830774525],[30.50214244324433,0.300249639835359],[30.49407520803343,0.308136530168368],[30.49479418152402,0.310917740420557],[30.496525356945725,0.312901869930443],[30.496848002121244,0.315298522014303],[30.5002082133963,0.321081416164333],[30.498437015992852,0.321855697777212],[30.49594308323129,0.321710059056322],[30.492688439941677,0.324428429140142],[30.489133846965814,0.324437482471027],[30.48870602697498,0.325255958952701],[30.483910893474086,0.323426294937474],[30.485120973749208,0.32833918475116],[30.484076135773435,0.330510826540991],[30.483424127030727,0.338222715224556],[30.480125000226383,0.348925110738774],[30.480031196151693,0.353069625545831],[30.488468644635034,0.35136988251347495],[30.488469228813816,0.351369753430951],[30.494355703227672,0.347406430420136],[30.49874116377689,0.34816286770299504],[30.499307056616487,0.34826039998032465],[30.50037427647372,0.3477626684915457],[30.50262928474351,0.346710461678397],[30.502629710638335,0.34671077595320376],[30.50263135085288,0.346710010987651],[30.50413055717504,0.34781827533620063],[30.50427203538441,0.347922674437479],[30.50621807330699,0.347726183129559],[30.506346261212315,0.3506521618426955],[30.508577001376818,0.3541447708944647],[30.51061229699087,0.357331184048802],[30.510612420607867,0.3573315712863823],[30.510612463268597,0.357331638079122],[30.510836870435952,0.3580346736941755],[30.51143287432505,0.359901691250202],[30.51143285121051,0.3599017963682905],[30.511432974582867,0.359902182876271],[30.51036926076279,0.3647386911798377],[30.51028565082328,0.36511892445804],[30.510840967028404,0.37552835360631],[30.51630757940228,0.374898360959391],[30.516886754846166,0.371854433280768],[30.517474286064164,0.37165737848860037],[30.521278591844954,0.370381365375678],[30.521278774592428,0.37038137361724016],[30.521279461721456,0.370381143157881],[30.523473062134368,0.370480095418848],[30.523473548674772,0.37048035373840776],[30.52347357940936,0.370480355124479],[30.524172340232592,0.37085136409325015],[30.528486475956246,0.37314187405685],[30.529096718695392,0.375051070589159],[30.532686504443976,0.3763620478768605],[30.533023900567777,0.37648514058345733],[30.542851047314144,0.374646675707802],[30.548120839077292,0.3776991437524951],[30.548270696014566,0.377785921546086],[30.548270716600467,0.37778595863449865],[30.548270827720827,0.377786022999728],[30.549486859915298,0.379962016988604],[30.55064844326458,0.378118836167506],[30.552689327240525,0.377519882987737],[30.553783842638126,0.3775909550705576],[30.556105113903847,0.377741644047239],[30.55610518798198,0.37774169104822913],[30.55610559351597,0.377741717381477],[30.55731452417972,0.37850892309150574],[30.55731449052525,0.3785089676282607],[30.55731449052525,0.37850896762826164],[30.5645,0.369],[30.562396941980065,0.36476201944467807],[30.561657126794447,0.364806810524954],[30.561171740157725,0.363415318663543],[30.560049403216514,0.362870922313763],[30.559562501214675,0.35905019184169457],[30.55947843654429,0.35888078879379226],[30.55802088546707,0.357122982094787],[30.557954689355164,0.35581020733692154],[30.5579,0.3557],[30.557945658532788,0.3556311116873739],[30.557870454092892,0.354139687379638],[30.55885402151522,0.352776406784739],[30.558178460211902,0.348712718625441],[30.559042527709963,0.344793742054536],[30.558355594048678,0.344280491507737],[30.559055132876882,0.343529620139641],[30.55862626774243,0.342957154184516],[30.558132668415546,0.343695794929889],[30.556935041379496,0.342215830997357],[30.55612096138838,0.342722481506011],[30.555839862691524,0.339736762847852],[30.554154072872308,0.338713395092791],[30.55462832850715,0.337189534218263],[30.555573933444332,0.336763572377643],[30.554881634031755,0.336314040932457],[30.55532678059578,0.334436258638618],[30.55473904437074,0.334402353624576],[30.5569749151498,0.332085175300406],[30.557955863343288,0.33224476687879],[30.556889749328587,0.331020793665939],[30.5569178825269,0.328700233865751],[30.555743465461024,0.327035909263032],[30.556317780866877,0.326337420236992],[30.555012667547484,0.325853374705115],[30.55596744966948,0.324410143302194],[30.55443408455916,0.322905058444193],[30.555377889608106,0.322063670696084],[30.552679554275198,0.321057650777558],[30.552755449862683,0.320133582484957],[30.55173674734112,0.320163871304595],[30.55161540752109,0.319187499189585],[30.551075363039217,0.319865549894649],[30.54746963545493,0.318707115192544],[30.547903198143377,0.317500293592233],[30.547051185322992,0.317619688490501],[30.547306644663117,0.316377037056492],[30.54618852819465,0.316210490700699],[30.547111448052025,0.314065892245447],[30.545426556044458,0.314056129337402],[30.544924213639167,0.312196194420005],[30.542896184186112,0.312018529729309],[30.543484852787838,0.311208065194981],[30.5429939302016,0.31066491867221],[30.54210817863968,0.310537487523372],[30.54213165463697,0.311499889816414],[30.54036854329959,0.312097828624721],[30.54049910558498,0.310938642496895],[30.5377714238832,0.308958566111133],[30.53602824891814,0.309879434610194],[30.534461795261972,0.307871052433054],[30.53536433044726,0.305911877356747],[30.532684566660084,0.302810391218108],[30.532732795563827,0.300307141170968],[30.530835421998585,0.299538861732926],[30.532331328400833,0.29779451013657],[30.533777311137104,0.298824992936057],[30.536078848480802,0.29841876420163],[30.53706428466693,0.296349076523483],[30.53711268525105,0.293818189432712],[30.536212531641038,0.29371658947643],[30.53583256370857,0.292434020002618],[30.53722060976738,0.290437649135397],[30.536434518063515,0.288625573992192],[30.534766360366785,0.289079166040512],[30.53299682450251,0.287627280466964],[30.53197560959943,0.290733354492894],[30.52983754627265,0.289485610437179],[30.52973674877069,0.287750636588116],[30.530405428194467,0.287129674410025],[30.529862284276785,0.286645568033401],[30.5305175228834,0.286345026270089],[30.529313305902196,0.284611375076996],[30.532026407365393,0.280743432497757],[30.53078925024757,0.275640087864377],[30.531968589738476,0.274279828093862],[30.53016792657758,0.273096038269119],[30.529177807251106,0.270906233474255],[30.530063098409897,0.269729909216461],[30.529331638107315,0.267043810285692],[30.530196931167882,0.264655874323887],[30.528004171665703,0.263580291583765],[30.52878408140215,0.261972346694158],[30.528354992926822,0.260580700223261],[30.529655779032048,0.260413925120519],[30.53021244619224,0.258240303845506],[30.531791902436126,0.25684404541386],[30.533354882229567,0.256282667404969],[30.534735639119937,0.257100088253647],[30.534958901124895,0.255704332328954],[30.536401156910955,0.255787119211958],[30.53578208456538,0.255157206603176],[30.536281290655417,0.252015387073303],[30.533052949250926,0.250716390007122],[30.53604540159721,0.248594760817864],[30.537432006103693,0.245370799363726],[30.536341033981763,0.244082651408943],[30.536744020149285,0.242913165013763],[30.535891197776824,0.24030423723539107],[30.53572920579551,0.240289250320351],[30.534395068986193,0.235727593087191],[30.53130499299193,0.232021806241038],[30.524343265791817,0.230136461572169],[30.52271272535448,0.230337241030733],[30.5210034185866,0.229591355372523],[30.521003508221394,0.22958944904133896],[30.521003024092135,0.229589237236136],[30.521007313731385,0.22950851437343864],[30.52105285137812,0.228540030694924],[30.516283599584963,0.227650329050315],[30.509246744285015,0.228511695284141],[30.509246421475364,0.22851162434268682],[30.50924625056307,0.228511645267758],[30.509051378951817,0.22846876131129068],[30.50674979363809,0.227962959182765],[30.506742859379468,0.2279767921862806],[30.506472074750338,0.229019974521754],[30.506227679056813,0.22900451434128544],[30.506215053516613,0.229029700760123],[30.505937016743125,0.22898612738953425],[30.50457687078603,0.228900086176381],[30.49901696602751,0.22790163079384407],[30.499015805597356,0.227901448933536],[30.496732058440582,0.226385120303076],[30.48548670675252,0.22263655417086536],[30.484309606478217,0.222244187118792],[30.47978632710245,0.228692174405708],[30.478441268131473,0.228980510361291],[30.47932485983649,0.242392889485865],[30.478337835045128,0.246284551677003],[30.479864633899318,0.249504311385744],[30.483748435774267,0.253958482432507]]]}},{"type":"Feature","properties":{"n":"Kahunge Town Council","c":"413106","d":"Kamwenge","od":"Kamwenge","dc":"413","k":"KAHUNGETOWNCOUNCIL","a":["KAHUNGE","KAHUNGETOWNCOUNCIL"],"lat":0.329931,"lon":30.437762},"geometry":{"type":"Polygon","coordinates":[[[30.39257697149996,0.3528932957282154],[30.39674123868248,0.35608562047159054],[30.40175314608825,0.3558300413717289],[30.407377948157922,0.35554299486523],[30.412798067237684,0.356294867219598],[30.412798491728275,0.3562950294610838],[30.41279867038264,0.356295054246975],[30.41295719987368,0.3563556881560519],[30.414762581196904,0.357045709923414],[30.414762939205044,0.35704634220228226],[30.414763176228362,0.357046432858287],[30.416337639261243,0.3598274230080497],[30.417369939104628,0.36165056975204607],[30.417817944315548,0.3619069878873847],[30.420350781325443,0.36335645128026994],[30.42036341918645,0.3633509370132922],[30.424950008035513,0.361234050069657],[30.424944442179275,0.3612508373599418],[30.424950021956818,0.361234039545194],[30.42545499262867,0.36112933517108675],[30.42597448430532,0.360902665816524],[30.426360481871324,0.3609415842982196],[30.427533053114477,0.360698454657324],[30.428264269376488,0.36113353504013596],[30.428683579914,0.361175812326099],[30.430282996488526,0.36233469618811215],[30.433324995129688,0.364144713281645],[30.446217476046197,0.37387744162616204],[30.447199495744428,0.37297368531161484],[30.449438589844586,0.370912618667846],[30.452510601891067,0.371943058219704],[30.451068188209813,0.365584922628353],[30.451068215498122,0.3655848395799914],[30.451068113205903,0.365584388757725],[30.452054370357654,0.362582331509167],[30.450661777199823,0.361682782239426],[30.451049506821153,0.360679899859503],[30.447766100587046,0.3576774220055435],[30.446292193496788,0.356329644487848],[30.446292164519832,0.3563295959723238],[30.44629210401374,0.356329540643136],[30.444402397360168,0.353174154313361],[30.450379778146512,0.350825759201111],[30.455352090545375,0.3537241254388463],[30.455811544534683,0.35399188184206126],[30.459278380482722,0.354607235106732],[30.464194048723414,0.35378473633216917],[30.4648860406379,0.353668901912987],[30.464886215428013,0.3536689217087145],[30.464886392082914,0.353668892150487],[30.473598596521306,0.354655628926896],[30.473600853669666,0.35465513017819855],[30.480031184669134,0.353069628363337],[30.480041889538892,0.35259716311029243],[30.480125000226383,0.348925110738774],[30.480125096015048,0.3489247999995263],[30.48012509800964,0.348924711967132],[30.48166497623818,0.3439294154114692],[30.483424127030727,0.338222715224556],[30.484076135773435,0.330510826540991],[30.484634033009158,0.32935126593961206],[30.48512084064563,0.32833864435461413],[30.483931644709557,0.32351054433436915],[30.48391088129927,0.323426294561699],[30.48153200546261,0.323250907136422],[30.479261709341447,0.32157075952552],[30.47784637694712,0.317866160662491],[30.477089756519813,0.316635341105643],[30.476187818567606,0.317207283753052],[30.474574462318465,0.313603886276165],[30.468939851673856,0.316154298351578],[30.466277056846344,0.315052220312655],[30.4671124692149,0.31082466955891],[30.46676715996712,0.308317607586751],[30.45576269364462,0.301338494477169],[30.45351004249891,0.300533005046757],[30.452770348402233,0.304308502157599],[30.44987425764186,0.304462345867066],[30.445913777182493,0.303165078738044],[30.440324472984102,0.299259518001098],[30.446539474863943,0.297061353182731],[30.441708649741386,0.295773354858516],[30.436451375668625,0.292512017382339],[30.432540882372265,0.288959082898492],[30.427974250477597,0.286838587534322],[30.42217401779764,0.294930889252453],[30.411093611681952,0.287787287337253],[30.408312019006175,0.290127647394675],[30.4050128828188,0.290410437900366],[30.39940647953766,0.288968920125756],[30.397696967335698,0.297398504505941],[30.3976019253035,0.306325343219235],[30.39532322730341,0.322634972523571],[30.39160766029659,0.328289986022859],[30.390771202063043,0.331421103254788],[30.390328353377946,0.34828446662893237],[30.39139005832995,0.34980903650033],[30.391390796903586,0.3498115782229218],[30.39257697149996,0.3528932957282154]]]}},{"type":"Feature","properties":{"n":"Kamwenge","c":"413107","d":"Kamwenge","od":"Kamwenge","dc":"413","k":"KAMWENGE","a":["KAMWENGE"],"lat":0.244729,"lon":30.370979},"geometry":{"type":"MultiPolygon","coordinates":[[[[30.288062797666207,0.21700174057102684],[30.290622080074385,0.22495777066602343],[30.290722794942,0.225189194476562],[30.29067821794286,0.22545321641423893],[30.28935309432991,0.24085777841479342],[30.29088029348466,0.242531737141923],[30.288925889167732,0.246926383947246],[30.289609867115594,0.25088489595329],[30.288304302951527,0.25304997818848773],[30.2883,0.2531],[30.293624092596946,0.26507920834312826],[30.294435549654697,0.265133417626481],[30.294294984899953,0.2665887160248936],[30.2943,0.2666],[30.294430052887407,0.26665248771240607],[30.305242122047098,0.268260713590993],[30.30614274631308,0.2713795837137988],[30.315026230735377,0.27496484648512937],[30.317076788176376,0.275538316701209],[30.319643772737837,0.274508872659144],[30.322019191240834,0.275159869077409],[30.323707232821167,0.2741119202128],[30.32767607500404,0.2758032307340191],[30.328327972233122,0.2758151921510665],[30.32978963595799,0.274882110554184],[30.331666281636416,0.275812765973493],[30.336596405914737,0.275479389573955],[30.337051710797436,0.2759752607485768],[30.349130047883374,0.27619688161253897],[30.349192016256076,0.276160887336602],[30.34938138984298,0.276225342945119],[30.354681057061583,0.2778755387257628],[30.36051320733624,0.278684168463659],[30.365944434671547,0.28138269822108125],[30.366,0.2814],[30.366010689345504,0.28139713481460665],[30.368878572520746,0.280123135271035],[30.37004600073498,0.28031550495763385],[30.3854,0.2762],[30.385398927277645,0.27625712246540685],[30.385426427069824,0.27624087034008],[30.388422846117503,0.279875044219515],[30.388448629232233,0.289924220914236],[30.385002037078923,0.2973915255473439],[30.385,0.2975],[30.384973096039868,0.297515154762354],[30.38566009993567,0.301257396176446],[30.38436129147434,0.301257377953973],[30.38228506423065,0.2990292992624815],[30.38015837215569,0.30022724606420015],[30.378882346464003,0.302096582751043],[30.37777267863043,0.3015710860879226],[30.369430613489243,0.30627009746492057],[30.369348579835513,0.30664878484086],[30.372536396308163,0.3119865240508787],[30.373489009165848,0.312576328788787],[30.37676095499659,0.3190602037152234],[30.377708089627472,0.320646103562275],[30.379516034000396,0.320797593712156],[30.380350551379905,0.321695875305896],[30.378694275932414,0.32393663946443585],[30.381743208672443,0.33463065728393915],[30.383411123100377,0.335029201963983],[30.384485720148252,0.34424991395283167],[30.3845,0.3443],[30.384493023267055,0.3443125792609178],[30.384517340483196,0.344521236121522],[30.384590477078028,0.3445354615665773],[30.388207004307663,0.345238286168746],[30.39032834314222,0.348284451930797],[30.39048629921032,0.3422700015207267],[30.390771202063043,0.331421103254788],[30.39160766029659,0.328289986022859],[30.39532318744891,0.32263503318127196],[30.39683009003916,0.31184970276356405],[30.3976019253035,0.306325343219235],[30.397696967335698,0.297398504505941],[30.397696995204747,0.2973983670839977],[30.397696995469175,0.297398342250082],[30.399405366870702,0.288974316187326],[30.399405384315145,0.28897432065498396],[30.39940647953766,0.288968920125756],[30.4050128828188,0.290410437900366],[30.408312019006175,0.290127647394675],[30.411093611681952,0.287787287337253],[30.42217401779764,0.294930889252453],[30.427974250477597,0.286838587534322],[30.427984468320712,0.28684333214467383],[30.42831755558242,0.286379523240702],[30.431154673639963,0.281153838391526],[30.431788463131852,0.277398526727834],[30.43760802567967,0.271289195043961],[30.44379172910257,0.261117454889825],[30.444287713646613,0.259104918514258],[30.446704087792874,0.256676343947775],[30.44775878253599,0.25454890858125],[30.448131784981193,0.249978072421975],[30.454858214659062,0.240979517522023],[30.456827992796562,0.239540166292795],[30.457542275025762,0.236252473532444],[30.460086011291065,0.232199058287931],[30.45560873871437,0.228365733955655],[30.45472411282442,0.226468821989144],[30.451482909290124,0.228389042040333],[30.453150029595573,0.224470677341262],[30.455507578575663,0.223261203589618],[30.454032008597704,0.220546714086944],[30.447221458847693,0.221819267286675],[30.439295310555142,0.218838737801048],[30.436001362241626,0.219997837944472],[30.432630508588776,0.219701682190169],[30.429939228496174,0.222713600637909],[30.427686256403998,0.223168925470005],[30.426252035035187,0.220467624398411],[30.426201237458024,0.217174037695415],[30.421765243395996,0.210777183067994],[30.41793594815136,0.210368863866276],[30.41551122200753,0.208940942298714],[30.415383408923976,0.203267719303309],[30.412104761324855,0.198997954757812],[30.412146873972965,0.197814433527243],[30.41346978906198,0.196476878829762],[30.413053720821363,0.193846741093794],[30.411490414600078,0.193312817560585],[30.40468116142035,0.195477225825256],[30.399973969707577,0.19548187480241],[30.399926588094015,0.194610025713292],[30.4031647548536,0.193253942200444],[30.405624456829113,0.190879416425407],[30.40782550088503,0.185831986253047],[30.411318616682856,0.183925827999598],[30.413074519241164,0.180129577890739],[30.408310400722883,0.175756458776191],[30.40658045232005,0.173046442298349],[30.411495840463086,0.168993790059303],[30.41567961580322,0.166823265262687],[30.416051456882983,0.165142108976116],[30.41507465935797,0.161906455770405],[30.4156828684931,0.159365438342556],[30.414472356264017,0.154639232263054],[30.413896347142337,0.14961361035472112],[30.413284100087154,0.14677346429317825],[30.41240116740899,0.146556375115498],[30.411090207458297,0.146674571083894],[30.408526461553635,0.149535285827951],[30.404974419107553,0.1485126338441735],[30.40284897750202,0.14988190872465937],[30.40221726696624,0.150300478871959],[30.398870801464636,0.150688822708885],[30.39653395015615,0.14985722415971],[30.39481304900667,0.14811406552238196],[30.3826,0.1445],[30.3824520340463,0.1445573477512872],[30.380008777859732,0.146094703315429],[30.378525068048663,0.148787758009554],[30.37434713763284,0.148642681496093],[30.365035753649693,0.152545553456903],[30.363441561146015,0.1519253121002129],[30.361314280660302,0.15274979063165794],[30.36041637280167,0.154515423935634],[30.360768332218544,0.156567272308029],[30.35972105265807,0.155572793877488],[30.357346737465853,0.155491148977407],[30.354956027657007,0.156764902585128],[30.34884635612121,0.157595817458273],[30.34875728615178,0.15765589152479956],[30.3394,0.1699],[30.32213220471013,0.17558938919955247],[30.32209496785104,0.175643523290884],[30.322925482421255,0.177651115747745],[30.322510639920687,0.178488130350514],[30.321096883310066,0.179242022765471],[30.320024443539033,0.18108318647150715],[30.319133808421434,0.18343605834934157],[30.31935046495327,0.183593631738796],[30.324071094826902,0.183444380884468],[30.322010404107967,0.185267869059546],[30.321846370233434,0.186605206926995],[30.32001529499935,0.185351241182293],[30.3191829411578,0.188448662898758],[30.31543729455547,0.1932014755773478],[30.3154,0.1933],[30.30681479758738,0.19533028435433591],[30.30463293537792,0.196898111340386],[30.3006443078453,0.196813610756986],[30.30026961323965,0.200202931620472],[30.302015290624418,0.201626996838865],[30.301765827643898,0.203048217135164],[30.299854224373508,0.203801405231606],[30.298772820771106,0.202880769541793],[30.295447378333435,0.204888654770846],[30.29245277464657,0.20840327330069],[30.290473108681837,0.2066475287990417],[30.289040767880568,0.20804035675062052],[30.288628972298273,0.210160234234305],[30.28610303453686,0.21090943345154609],[30.286169451837406,0.2111159046249782],[30.288286897129186,0.214599934748844],[30.288062797666207,0.21700174057102684]]],[[[30.41439494457381,0.153312567092545],[30.414394938575583,0.153312567121304],[30.414394944573814,0.153312567093209],[30.41439494457381,0.153312567092545]]]]}},{"type":"Feature","properties":{"n":"Kamwenge Town Council","c":"413108","d":"Kamwenge","od":"Kamwenge","dc":"413","k":"KAMWENGETOWNCOUNCIL","a":["KAMWENGE","KAMWENGETOWNCOUNCIL","TOWNCOUNCIL"],"lat":0.181359,"lon":30.456104},"geometry":{"type":"MultiPolygon","coordinates":[[[[30.411485878919294,0.19331425928476778],[30.411490414600078,0.193312817560585],[30.413053720821363,0.193846741093794],[30.413053809200456,0.19384729977422135],[30.41305442023325,0.193847508277172],[30.413469717111134,0.196476376101104],[30.413469710578994,0.19647638270665482],[30.41346978906198,0.196476878829762],[30.412146873972965,0.197814433527243],[30.41210899768656,0.19887889731922165],[30.412104785220276,0.19899798587668352],[30.415383408923976,0.203267719303309],[30.415383414447827,0.20326796448987547],[30.41538352098602,0.203268103237196],[30.415432303718404,0.20543800629112244],[30.415511219206394,0.20894081796492803],[30.416894495209764,0.20975555208230692],[30.417935849737184,0.21036880591015303],[30.418051340316666,0.21038116817655036],[30.421765243395996,0.210777183067994],[30.42176638667651,0.21077883171745862],[30.421766600347304,0.210778854589067],[30.423126205115874,0.21273973625310105],[30.426201237458024,0.217174037695415],[30.426252035035187,0.220467624398411],[30.427686163416364,0.22316875033135702],[30.429824501073963,0.22273678700778765],[30.429939228496174,0.222713600637909],[30.430046834956148,0.2225931739744852],[30.43262979523772,0.219702086850065],[30.43263012143997,0.21970211546377633],[30.432630508588776,0.219701682190169],[30.435965751417736,0.21999470925616452],[30.436001373589782,0.21999783395119407],[30.43737191329342,0.21951555778415938],[30.439294674368572,0.218838832005102],[30.439294852504002,0.2188388989836448],[30.439295310555142,0.218838737801048],[30.447221458847693,0.221819267286675],[30.454032008597704,0.220546714086944],[30.455507578575663,0.223261203589618],[30.453567984560745,0.22425625738052468],[30.4531497041706,0.22447144221331317],[30.451482909290124,0.228389042040333],[30.45472411282442,0.226468821989144],[30.454725042799044,0.226470816142845],[30.45472576029425,0.226470391473273],[30.45537145481245,0.22785692375901753],[30.45560873871437,0.228365733955655],[30.459637648822984,0.23181518200407114],[30.460086017387123,0.232199048385121],[30.46509299759105,0.225985433362741],[30.467054103145138,0.226309516372277],[30.470352685072456,0.228575931739378],[30.475894551808807,0.22979159627932],[30.47844722335388,0.2290709069779661],[30.478441268131473,0.228980510361291],[30.47978632710245,0.228692174405708],[30.479786827148292,0.2286914615845515],[30.48210689978253,0.224516169862838],[30.488053252432763,0.2177309580529458],[30.490411880328004,0.210751582496275],[30.493280031829652,0.19576625962920596],[30.493302661369995,0.19471855013375364],[30.49342940011002,0.188833757517218],[30.501446621275225,0.191773040236114],[30.502217063837797,0.187203924462713],[30.499222296651112,0.182997611475219],[30.49922244951155,0.1829970337598293],[30.499222424349874,0.182996998420671],[30.499223911569356,0.1829915081096393],[30.500501389295046,0.178163453433286],[30.500537954445925,0.17814050650047983],[30.50056207713608,0.178051453691885],[30.50254120470403,0.17688317230418169],[30.503003536405092,0.172664799466708],[30.503605214042338,0.17210873904530477],[30.50123415567895,0.17129954597306973],[30.500861722071825,0.171173385408605],[30.5001999034229,0.17282756500144644],[30.50015035469637,0.17295194356517],[30.50015017585242,0.17295185634987856],[30.50014976559908,0.172952881755711],[30.499004432219056,0.172393476915146],[30.498593890829863,0.173076955399179],[30.49859349154276,0.17307668658896802],[30.49859335203098,0.173076918867786],[30.4959075143664,0.171268619019566],[30.495907598138636,0.1712684749883541],[30.49590501323902,0.171266734768334],[30.496361246252153,0.170488490352717],[30.49564013010661,0.170656160629033],[30.49519874044651,0.168922637991898],[30.494625435768434,0.16835940191119547],[30.493621998541634,0.167377371622713],[30.493625049377208,0.16737658469073724],[30.493622434383315,0.167374015622373],[30.494305637461053,0.16720103392359406],[30.494377545878784,0.16718248587934154],[30.494480452630576,0.16630087532045526],[30.494694944036695,0.164457733974205],[30.49469560546566,0.1644576433858374],[30.49469576345305,0.164456289894979],[30.49673800947436,0.164177567521916],[30.496772137761507,0.16407162674489129],[30.497110617750764,0.16301967533189682],[30.495147133622904,0.161388424626799],[30.49298460209167,0.16190309246833326],[30.492537943328,0.16252160538164734],[30.49209857327326,0.163130090325443],[30.49068957907607,0.161479607809308],[30.490689603785356,0.16147918372123587],[30.490689456744658,0.161479011443421],[30.49073232111698,0.160731883216264],[30.490733138086174,0.160731999993294],[30.490733224107718,0.160730523596603],[30.4916409665175,0.16086176438179928],[30.49169386957429,0.1608693263093373],[30.49208995693781,0.16012010400983293],[30.491392311045185,0.15920559119334468],[30.490592528967404,0.158158182627282],[30.49248424287233,0.1554750463420775],[30.489448662720406,0.15423375787722463],[30.48846338801276,0.155009352199897],[30.488462725744704,0.1550092140983597],[30.48846255028219,0.155009352199897],[30.48707630221084,0.15472010575434844],[30.485612087588876,0.154414775778123],[30.48561191285887,0.1544145548044791],[30.485611616096843,0.154414492883843],[30.48467180393442,0.15322563881299447],[30.484235770700437,0.152674206025561],[30.48505008037779,0.151233823007385],[30.48437478652613,0.15014588707878532],[30.484232404786287,0.14991660675389268],[30.484227082824606,0.1499152029092744],[30.480841930455842,0.149149833115155],[30.480884521137813,0.14903349095491353],[30.480770151679764,0.149003322201776],[30.481862939762994,0.14636049644043161],[30.481780640172225,0.14567663281884793],[30.481589737505406,0.1440914645227978],[30.48115320783934,0.1436772846602816],[30.480049517335654,0.14263066951783],[30.479820801598933,0.14114108685315596],[30.479553324645554,0.1394009966595826],[30.478444542584022,0.13950569817824],[30.47844446144564,0.139505621501012],[30.478444396895416,0.139505627634531],[30.47821135399711,0.13928533077888824],[30.477163615891474,0.138295199466713],[30.47909599100143,0.132229115331181],[30.480158560438937,0.13165736324464455],[30.478323199465386,0.1300824273875854],[30.478318844173906,0.1300856536790666],[30.47758952585824,0.130970294328938],[30.470395409007427,0.132265147974665],[30.468635726539627,0.13336730214672343],[30.465822795261097,0.13764336984119263],[30.4657441426542,0.138006488998528],[30.462539728450942,0.143085523923997],[30.461708784849357,0.14389726845244297],[30.459264946254088,0.1476122611888422],[30.458855039750084,0.149647586257761],[30.45719415736194,0.15076016371719891],[30.4523,0.1582],[30.45205236229651,0.15827389189539717],[30.451235070548318,0.15979075870488],[30.447091785722666,0.16184890083953],[30.445766114920865,0.162332675822676],[30.443866475661526,0.162617667036908],[30.44345305117412,0.161644584134469],[30.440011441808473,0.16186674720231103],[30.4399,0.1619],[30.427477352885713,0.16106134027920418],[30.42631246191664,0.161846254522413],[30.42187630111356,0.161625677089884],[30.41687193793376,0.160652221155589],[30.416485487879292,0.16031927344332786],[30.4162,0.1603],[30.416139986816948,0.16002160551195468],[30.41563081194913,0.15958292370709307],[30.41507465935797,0.161906455770405],[30.41507499890675,0.16190758052970178],[30.416143779781926,0.164636388188053],[30.41604249627888,0.16511242687040828],[30.416051456882983,0.165142108976116],[30.41567961580322,0.166823265262687],[30.41149599063659,0.16899371214993048],[30.41143000000716,0.16904807437284183],[30.40658045232005,0.173046442298349],[30.408310400722883,0.175756458776191],[30.40911475214723,0.17649479569520926],[30.41307249561412,0.180127573148458],[30.41307245084125,0.1801276792479622],[30.413074519241164,0.180129577890739],[30.413041784140194,0.18020035096982026],[30.412063892754304,0.182517686984578],[30.41131935770744,0.183924816514874],[30.411318992258153,0.18392501600820527],[30.411318616682856,0.183925827999598],[30.40820846502521,0.18562300656304162],[30.40782545811167,0.18583208434083504],[30.405624456829113,0.190879416425407],[30.40561140725432,0.1908920141108218],[30.403962787893565,0.19256761874827],[30.40377979253948,0.19266020244973947],[30.4031647548536,0.193253942200444],[30.399926588094015,0.194610025713292],[30.399973969707577,0.19548187480241],[30.40346748878055,0.19547842448822092],[30.411485878919294,0.19331425928476778]]],[[[30.44687008085462,0.161918235066611],[30.446870082688235,0.161918240934142],[30.44687008085465,0.161918235066601],[30.44687008085462,0.161918235066611]]]]}},{"type":"Feature","properties":{"n":"Rukunyu Town Council","c":"413109","d":"Kamwenge","od":"Kamwenge","dc":"413","k":"RUKUNYUTOWNCOUNCIL","a":["RUKUNYU","RUKUNYUTOWNCOUNCIL"],"lat":0.275575,"lon":30.464369},"geometry":{"type":"Polygon","coordinates":[[[30.43645139530729,0.29251202956513855],[30.441708607307863,0.29577332853498167],[30.441752340427833,0.2957850037030718],[30.446539474863943,0.297061353182731],[30.440324472984102,0.299259518001098],[30.445913777182493,0.303165078738044],[30.449775731769012,0.3044300734249944],[30.449874264353106,0.3044623455105568],[30.451300409204514,0.3043865870373832],[30.452770365302666,0.30430841589554836],[30.45351004249891,0.300533005046757],[30.45576269364462,0.301338494477169],[30.46676715996712,0.308317607586751],[30.4671124692149,0.31082466955891],[30.46627705813358,0.3150522137986702],[30.466277078685575,0.31505222935148025],[30.468939851673856,0.316154298351578],[30.474574462318465,0.313603886276165],[30.475409549635447,0.3154690363523443],[30.476188249252615,0.31720701064432727],[30.477089756519813,0.316635341105643],[30.47784637694712,0.317866160662491],[30.479261694048873,0.32157071949756744],[30.48153211168453,0.32325091496784747],[30.48391088129927,0.323426294561699],[30.483922522436597,0.32347352972970544],[30.483922527868025,0.3234735302297457],[30.483910893474086,0.323426294937474],[30.484070353789374,0.3234871397086746],[30.484739992402133,0.323548789468792],[30.488694809790562,0.32525167884690676],[30.48870602697498,0.325255958952701],[30.489133846965814,0.324437482471027],[30.492688244929354,0.3244284296368265],[30.493467306037303,0.32377789815863467],[30.49594308323129,0.321710059056322],[30.49843662426497,0.3218556749013957],[30.498821777322377,0.3216874987824433],[30.5002082133963,0.321081416164333],[30.496848002121244,0.315298522014303],[30.496847976454877,0.31529833136104524],[30.4968479373992,0.315298264210989],[30.496742772828778,0.3145168645707564],[30.496525356945725,0.312901869930443],[30.49479418152402,0.310917740420557],[30.49407520803343,0.308136530168368],[30.50214244324433,0.300249639835359],[30.498801316576003,0.296078830774525],[30.498010799576367,0.29399660909061043],[30.4974486070618,0.292515985113248],[30.497448652614576,0.29251591405947563],[30.497447188796038,0.292512058361622],[30.49868770939143,0.290582998294385],[30.498034865585748,0.284815004309377],[30.499697995543162,0.28196957838755565],[30.49983731439558,0.2817311468355591],[30.496751052201134,0.28044354733047],[30.496750994626623,0.2804433652309514],[30.49675095439597,0.280443348469821],[30.495659566477304,0.2769913420611735],[30.49476409694247,0.27415910653196],[30.497287980293162,0.26586032497073053],[30.497169859524746,0.26449500550059324],[30.496778289405643,0.259971396385313],[30.495174371258397,0.258026810513823],[30.487362732202087,0.26222569183282],[30.48735706621724,0.262212731666399],[30.485791119890436,0.259786560280203],[30.483747534636183,0.25395744895466865],[30.479864633899318,0.249504311385744],[30.479850971627695,0.2494754999731721],[30.478338103660843,0.246285277341441],[30.478338129967955,0.2462851736192015],[30.478337835045128,0.246284551677003],[30.47932485983649,0.242392889485865],[30.47848546592921,0.22965140577187912],[30.47844721332955,0.2290709098081107],[30.475894551808807,0.22979159627932],[30.475894152773005,0.22979150874677928],[30.4736683379624,0.229543219682684],[30.470354294414687,0.2285762847648794],[30.470352685072456,0.228575931739378],[30.47035239029637,0.22857572920232774],[30.47035231041282,0.228575705894791],[30.467054048250656,0.22630950730067526],[30.46705332396207,0.2263093876081758],[30.46466028604519,0.2265224242938411],[30.461382769225448,0.2305897916325984],[30.459144302860334,0.23369966012353438],[30.458185788793003,0.2352270415528124],[30.456828937344998,0.23953581873251212],[30.456827992796562,0.239540166292795],[30.454858214659062,0.240979517522023],[30.448131784981193,0.249978072421975],[30.44775878253599,0.25454890858125],[30.44747246968085,0.2551264331189337],[30.447444738589084,0.255343171290681],[30.447250029312805,0.25557511982094605],[30.446704087792874,0.256676343947775],[30.444287713646613,0.259104918514258],[30.44379172910257,0.261117454889825],[30.443791449573858,0.26111791469412415],[30.44379143760381,0.261117963269542],[30.44074935732736,0.26612193408834284],[30.43760802567967,0.271289195043961],[30.437607975559143,0.27128924766010043],[30.437607944218914,0.271289299212189],[30.43733982679613,0.2715707481544084],[30.431788463131852,0.277398526727834],[30.431154673639963,0.281153838391526],[30.42831755558242,0.286379523240702],[30.42798447123313,0.2868433280892623],[30.429100455006417,0.28736153563645783],[30.432540882372265,0.288959082898492],[30.436388510804655,0.29245490061315027],[30.43645139530729,0.29251202956513855]]]}},{"type":"Feature","properties":{"n":"Biguli","c":"413201","d":"Kamwenge","od":"Kamwenge","dc":"413","k":"BIGULI","a":["BIGULI"],"lat":0.395589,"lon":30.806273},"geometry":{"type":"Polygon","coordinates":[[[30.757448825606627,0.352722675067704],[30.756783363360967,0.354397617382823],[30.758196004688564,0.358751291278935],[30.760109042537767,0.359925006375614],[30.76160407589092,0.364613907100318],[30.76160330139668,0.366202889451132],[30.760023134046868,0.368295595031396],[30.760272076884522,0.369384755698259],[30.758733882846958,0.372353494475349],[30.75731932423786,0.372773810919075],[30.75648741489894,0.374029353785439],[30.757567214732852,0.37871807154592],[30.75656903904613,0.379973337467423],[30.756401669450764,0.383991740898762],[30.758728538631395,0.389182394959809],[30.759766732658562,0.394833696211074],[30.756271903589937,0.402786444792537],[30.75793413585284,0.405716852141557],[30.762674579350577,0.406388698341206],[30.76658085127084,0.411328159291811],[30.767495265113673,0.414175155202849],[30.77156910980406,0.416101623653474],[30.77273243871535,0.417691438116667],[30.77251555696051,0.419611698628477],[30.774228272593724,0.424641916537936],[30.77562291579087,0.425219459845635],[30.77674084208463,0.427990205905312],[30.776503937238488,0.433447149334402],[30.77730310513033,0.43218703757417],[30.77987987698971,0.43535993654398],[30.781284204763097,0.444105567651116],[30.784476867998325,0.44327679882578647],[30.7846,0.4432],[30.790123452100733,0.4371388667213198],[30.793395943599293,0.432437542645932],[30.793274971455705,0.431034464685309],[30.795059885234966,0.426971325928048],[30.799578630606145,0.424828510540813],[30.803907149143647,0.419442221187349],[30.80763771897916,0.420518624134114],[30.80925558601672,0.42166090111556],[30.811232128884765,0.424958229418607],[30.812825748334834,0.425038368216446],[30.81335841344433,0.425915710130717],[30.818892332089767,0.425058782376177],[30.819561367306086,0.42426356487759453],[30.822642358198,0.4203670175731196],[30.82314005348436,0.41849562145698],[30.82530043334088,0.41554055719583],[30.825563573611056,0.41348901401547],[30.827931999822074,0.410912342056217],[30.831963252693086,0.4085788274763897],[30.83580891278852,0.4037151985321672],[30.83585807459962,0.403644280059041],[30.835866161886447,0.40364279526125824],[30.8359,0.4036],[30.8528,0.3971],[30.852998795279984,0.39634515415425664],[30.854357335565457,0.387226651256871],[30.851029432001397,0.385953067164495],[30.849303401919027,0.387221168001012],[30.84289282125428,0.38580346281238],[30.841491853098265,0.383511948412908],[30.840683407337586,0.375379733077575],[30.835927579154113,0.367457076277143],[30.830110106835644,0.368297587092925],[30.81348648109258,0.363793600203406],[30.802965577503493,0.358790754425722],[30.794914938431376,0.357854620242978],[30.785190909771867,0.353852067727464],[30.78256408309174,0.3540751850378],[30.777976679078254,0.352060857739607],[30.7749835818064,0.352204770133119],[30.77338908832961,0.351336027039213],[30.76680183067264,0.350663351001778],[30.761574510592798,0.348359498626578],[30.759012568375987,0.349371922818976],[30.75817650001433,0.347477096551756],[30.755601936223947,0.346502793434908],[30.754664731470427,0.34640207013339],[30.75466445166966,0.347574107683325],[30.756991751071357,0.350671553429567],[30.757448825606627,0.352722675067704]]]}},{"type":"Feature","properties":{"n":"Biguli Town Council","c":"413202","d":"Kamwenge","od":"Kamwenge","dc":"413","k":"BIGULITOWNCOUNCIL","a":["BIGULI","BIGULITOWNCOUNCIL"],"lat":0.338626,"lon":30.800259},"geometry":{"type":"Polygon","coordinates":[[[30.75383300129874,0.343387432531658],[30.754664731406535,0.346402058576342],[30.75466478955196,0.3464020763755305],[30.755601936223947,0.346502793434908],[30.75817604624887,0.3474769248313643],[30.758176270499796,0.347476993477944],[30.758176279091376,0.34747701294694383],[30.75817650001433,0.347477096551756],[30.759012568375987,0.349371922818976],[30.761574510592798,0.348359498626578],[30.76672793031005,0.35063078067448245],[30.766801879458594,0.35066335598369053],[30.76853491759741,0.3508403299671978],[30.773388481191787,0.351335928305652],[30.77338856418078,0.3513359735143057],[30.77338908832961,0.351336027039213],[30.7749835818064,0.352204770133119],[30.777976679078254,0.352060857739607],[30.777976932237774,0.35206096890185246],[30.777976948036283,0.352060968142425],[30.77889052486896,0.35246212706691005],[30.782564030203755,0.3540751618147065],[30.785190248271647,0.353851915343574],[30.785190668307056,0.35385208823699354],[30.785190909771867,0.353852067727464],[30.794914882136762,0.35785459707129147],[30.79628121524582,0.3580134919074052],[30.802965577503493,0.358790754425722],[30.813486450092633,0.3637935854624725],[30.830110138220142,0.3682975825584795],[30.835927579154113,0.367457076277143],[30.840683407337586,0.375379733077575],[30.84068343662136,0.3753800276452327],[30.84068352088292,0.375380168009662],[30.84159888350904,0.38368701429604074],[30.84289282125428,0.38580346281238],[30.84893015061834,0.3871386231687537],[30.849351098428812,0.38718612574736033],[30.851029432001397,0.385953067164495],[30.853563085500316,0.3869226928551742],[30.8543573375404,0.387226638949421],[30.856483811644974,0.38311219346401454],[30.8597,0.3709],[30.8545,0.3628],[30.854395585744093,0.36215823432953187],[30.85411990630753,0.361709962800525],[30.853676471900325,0.3577383150946775],[30.8504,0.3376],[30.83401822880502,0.33148150714404406],[30.8338198186891,0.331444917205653],[30.83104101823588,0.32888666974658],[30.83108127595371,0.3283327215888024],[30.826199957519282,0.3228255930986795],[30.825110902643647,0.321923622020776],[30.822412799912204,0.318631492012586],[30.822393849486048,0.3185315224970798],[30.8221,0.3182],[30.8205,0.2999],[30.820110434916508,0.2994309318382443],[30.818217447658224,0.297321080810211],[30.769656148186165,0.290165971380678],[30.77188448249533,0.299578475102062],[30.775979273353286,0.310121182498139],[30.772868534981715,0.311616244155206],[30.768848002952023,0.311852858841543],[30.764921846623597,0.313268039657856],[30.76408462964142,0.316688917772692],[30.766815525189987,0.319340673112582],[30.767056133467353,0.32151987684773],[30.758821740172827,0.332000573271917],[30.75201923164946,0.336765905485895],[30.751143732684106,0.338136969626973],[30.748758246765046,0.339114752582023],[30.749593419850914,0.340624341218824],[30.75383300129874,0.343387432531658]]]}},{"type":"Feature","properties":{"n":"Bihanga","c":"413203","d":"Kamwenge","od":"Kamwenge","dc":"413","k":"BIHANGA","a":["BIHANGA"],"lat":0.193154,"lon":30.605295},"geometry":{"type":"Polygon","coordinates":[[[30.556045950274136,0.219782140082229],[30.55770944277044,0.222201260248247],[30.559221844541664,0.222726029878708],[30.56518740107128,0.223099222008675],[30.568095676355714,0.221560202677309],[30.56949035137785,0.2216795173523],[30.570665658348833,0.223472338505605],[30.57496593210957,0.222474843644055],[30.57768960733828,0.226011204510903],[30.579303051688274,0.225910296053153],[30.580983325434243,0.226993039424798],[30.585922825352547,0.227002284818059],[30.58930973786348,0.228466289424268],[30.592789154323604,0.227488842459611],[30.597683295067093,0.227359152997806],[30.60592887407372,0.229027085683676],[30.608097146612266,0.23214075782292],[30.610567239091694,0.233697664619695],[30.61623080438894,0.23244668591841],[30.617094676669584,0.231792599854211],[30.619140159651188,0.223497035765392],[30.62152650490198,0.220029578360234],[30.620585874641257,0.217170108494031],[30.61796401230031,0.216695808660093],[30.616586743887076,0.215494510558733],[30.619545779007744,0.203787740391684],[30.62208637463831,0.201572966196652],[30.62993897014625,0.200459278695989],[30.63964537087173,0.202944553410104],[30.646374008797313,0.199228053375788],[30.64617605361348,0.196512887871585],[30.645203798632725,0.195761805763075],[30.644695454989687,0.193727601550836],[30.64378737898445,0.193507608285499],[30.64373234527246,0.19224772114758237],[30.641431130995045,0.17917682405185759],[30.632635460369144,0.173992473066941],[30.626286296991243,0.1661966719734757],[30.626138213500926,0.16607122544982936],[30.625463053740614,0.16569430417645709],[30.619888403224728,0.16556029815444062],[30.617888626242387,0.167843672815689],[30.615614665593284,0.16891905168532],[30.614511469899863,0.16903611145728],[30.612653610633597,0.167722366500952],[30.6076519872122,0.168883159037844],[30.606244858293884,0.168200734042477],[30.606537624131132,0.166119069579819],[30.60540933393902,0.16521224360430337],[30.6049,0.1652],[30.582961839498196,0.15996103629807654],[30.58292332879403,0.160279484083002],[30.58186503937199,0.160374065089461],[30.581666406606722,0.15965167918966525],[30.58060605592107,0.15939846111547953],[30.578130637229158,0.159426324044412],[30.578045192336994,0.15876518506941217],[30.57346474216935,0.1558555909377638],[30.572941668157053,0.156023200599251],[30.572341379102816,0.155506810096161],[30.572657706794168,0.1553429458252266],[30.572330693602844,0.15513522046470002],[30.57204112270942,0.155122957423405],[30.57150269151367,0.154633233006857],[30.571520654829197,0.15462066753301074],[30.5688917348885,0.15295072467760112],[30.567622356417647,0.152997535101229],[30.56713226349288,0.15787346850076006],[30.567131389924526,0.157891777957565],[30.567130351452885,0.15789249138234926],[30.567130264251695,0.1578933589468],[30.56437855029718,0.1597830346317504],[30.560249858175517,0.16946404861105724],[30.560557564322778,0.1704720316116884],[30.561632868950973,0.1739931162928801],[30.56208814510828,0.17445440446505686],[30.567020850065845,0.17945144399608],[30.567021168833385,0.17945256977844742],[30.567021357447395,0.179452760883145],[30.568499713509272,0.18321632147188],[30.568658794742763,0.1852361272195242],[30.568660245340002,0.185241250253065],[30.564267955051907,0.189170437445424],[30.564661392116328,0.190633787834979],[30.56692297542001,0.192799826424257],[30.566922618105384,0.19280102058752163],[30.566922756040675,0.192801152739395],[30.56432846208818,0.2014708191006629],[30.56340372573016,0.20456133403062385],[30.563854493593574,0.209559742716222],[30.56385443724465,0.2095597935064612],[30.563854564409233,0.209561203502808],[30.557064454924838,0.215811555225321],[30.556861028036945,0.21586331968089237],[30.55655832897144,0.216136158210101],[30.555707897181552,0.2161567479073697],[30.554055562930913,0.216577204533298],[30.55304529011135,0.21622121195277902],[30.553037427669263,0.216221402309377],[30.554315574677496,0.21885107007201],[30.556045950274136,0.219782140082229]]]}},{"type":"Feature","properties":{"n":"Bwizi","c":"413204","d":"Kamwenge","od":"Kamwenge","dc":"413","k":"BWIZI","a":["BWIZI"],"lat":0.366582,"lon":30.73431},"geometry":{"type":"Polygon","coordinates":[[[30.6789324957842,0.40325140704802],[30.68771359334296,0.40439829064458],[30.693673155981323,0.409623810069084],[30.69725398535548,0.409940623310549],[30.70793121916766,0.40844241861109],[30.709215215837034,0.404924179092098],[30.71203567040169,0.405785667951889],[30.713915624297847,0.408839886801256],[30.723642372673986,0.408619346747816],[30.725839212619213,0.406711960925332],[30.727995117429792,0.406462765212098],[30.731328185305003,0.404661240275388],[30.734243047721527,0.404609311327689],[30.736492168180607,0.403137296178689],[30.73739512110093,0.404185029650031],[30.748138556761983,0.408119120205686],[30.752069445972005,0.408495904579304],[30.75336190742546,0.406570095142931],[30.7570858305147,0.404975094183381],[30.75684805953158,0.40380217023792553],[30.756271903589937,0.402786444792537],[30.75652527560537,0.4022098775565602],[30.756438492605557,0.401781777133195],[30.75860098368153,0.39748644641469993],[30.759647527148232,0.3951049573899622],[30.758729409117883,0.38918713336251526],[30.758728541224542,0.3891824090753272],[30.756401742115294,0.383991953360745],[30.756401744034584,0.38399190727632165],[30.756401669450764,0.383991740898762],[30.75656903904613,0.379973337467423],[30.757447059464127,0.3788691740182857],[30.757567182419592,0.37871793123495734],[30.75648741489894,0.374029353785439],[30.75717436631205,0.3729925858277764],[30.7573191181681,0.372774014633814],[30.757319206597582,0.37277398846535714],[30.75731932423786,0.372773810919075],[30.758733882846958,0.372353494475349],[30.759856443281237,0.3701869351145082],[30.760272040390163,0.36938459603019125],[30.760110135676562,0.3686762396561141],[30.760023073328647,0.368296169675905],[30.76002322076246,0.3682959744245567],[30.760023134046868,0.368295595031396],[30.76160330139668,0.366202889451132],[30.761603302278886,0.36620107948378633],[30.760699952488125,0.3617782881693791],[30.760247201890277,0.36035831810524],[30.758196198832476,0.358751734757159],[30.758196067434277,0.3587513297756062],[30.758196004688564,0.358751291278935],[30.756783363360967,0.354397617382823],[30.757448825606627,0.352722675067704],[30.756991798831145,0.35067176775158204],[30.756287321115455,0.34973401459427716],[30.75466445166966,0.347574107683325],[30.75466445206877,0.3475724358815755],[30.753835583757862,0.3433967927176772],[30.753833018478307,0.34338749479940994],[30.753310370189297,0.3430468145965866],[30.749593419850914,0.340624341218824],[30.749592897810007,0.3406233976215795],[30.747431863398834,0.338196039438991],[30.7437734006637,0.337608921984382],[30.74227606573192,0.336520089387187],[30.734212718887907,0.32530058312875],[30.72777347743561,0.323248967021251],[30.72720114165647,0.33628440919547],[30.72185856095355,0.345522503023857],[30.72413485950525,0.349925611890235],[30.728309280778255,0.35373244365643],[30.728612063827843,0.359436631337523],[30.725791809511335,0.360964000508995],[30.724793285007838,0.362926271808327],[30.720641089656656,0.365238427004518],[30.71307126094757,0.364893289298186],[30.71171761975753,0.365806045306263],[30.705144918435987,0.366961424690744],[30.702581865617756,0.368308612988814],[30.702552716130302,0.369515573111808],[30.693310762992887,0.372930475900918],[30.686386507883373,0.373977605057762],[30.67777672998982,0.372260261112236],[30.674295243008718,0.373389693228247],[30.67225306569975,0.378808119064732],[30.6719668216459,0.382336532331983],[30.67284225045811,0.384468893778123],[30.670880254053966,0.386822996683476],[30.669557625573635,0.394482749761985],[30.663963147673428,0.400722999749898],[30.670243388616925,0.400275633859848],[30.6789324957842,0.40325140704802]]]}},{"type":"Feature","properties":{"n":"Kabuye","c":"413205","d":"Kamwenge","od":"Kamwenge","dc":"413","k":"KABUYE","a":["KABUYE"],"lat":0.303766,"lon":30.747891},"geometry":{"type":"Polygon","coordinates":[[[30.716574283436888,0.286225001763321],[30.719816882376616,0.296216706055853],[30.720408268055692,0.301867449404655],[30.724132377491568,0.305665017826994],[30.72598547808228,0.309856889162692],[30.72394929599245,0.315087550125898],[30.72475114588981,0.316736927634064],[30.7281661360533,0.319603542889459],[30.72892034144616,0.323614358051402],[30.729083012475083,0.32366619988947337],[30.734212718887907,0.32530058312875],[30.741972836698082,0.3360981702872487],[30.74376874432001,0.33760553598257204],[30.7437734006637,0.337608921984382],[30.74377673222923,0.3376094566407158],[30.74676639988496,0.33786099801948],[30.747253106526838,0.33816735217680505],[30.747431863398834,0.338196039438991],[30.74760162995146,0.33838672785585344],[30.748758236424376,0.339114745866868],[30.749478450865382,0.33881954929122204],[30.751143732684106,0.338136969626973],[30.75201923164946,0.336765905485895],[30.756532695419505,0.33360410800690093],[30.75956783061743,0.3310509529203995],[30.76132200591438,0.328818246987547],[30.76222606411642,0.327017956253173],[30.76705610047939,0.32151957807375037],[30.76681552758703,0.31934069482274324],[30.766607274418547,0.3191384573612348],[30.76408462964142,0.316688917772692],[30.76408467606862,0.3166887280706322],[30.764084597051266,0.316688651335815],[30.764921720303846,0.313268245449204],[30.76492180360821,0.3132682154192132],[30.764921846623597,0.313268039657856],[30.768848002952023,0.311852858841543],[30.769858638830936,0.31179338131724416],[30.772869751892983,0.3116156592916913],[30.775979273353286,0.310121182498139],[30.77188448249533,0.299578475102062],[30.77188445768082,0.299578370285352],[30.771884439756153,0.299578324155326],[30.771869967626333,0.2995171641677452],[30.769658456192204,0.29017572041849327],[30.713861099025596,0.272931091307942],[30.71058915171128,0.268445515607261],[30.709058845667567,0.273542888676111],[30.709562570052025,0.275979392850031],[30.716574283436888,0.286225001763321]]]}},{"type":"Feature","properties":{"n":"Lyakahungu Town Council","c":"413206","d":"Kamwenge","od":"Kamwenge","dc":"413","k":"LYAKAHUNGUTOWNCOUNCIL","a":["LYAKAHUNGU","LYAKAHUNGUTOWNCOUNCIL"],"lat":0.225844,"lon":30.641821},"geometry":{"type":"Polygon","coordinates":[[[30.620584987283603,0.217169494734146],[30.620585145947487,0.21716997667195614],[30.620585874641257,0.217170108494031],[30.62142707138965,0.21972730535875484],[30.621526409234914,0.220029041722393],[30.621526354525272,0.22002912122242171],[30.62152650490198,0.220029578360234],[30.619140159651188,0.223497035765392],[30.617134019467212,0.23163304306391924],[30.617272797512765,0.232091581650102],[30.619490375885015,0.234138130646003],[30.61962432066672,0.239180800186401],[30.62564020691238,0.24151663614687],[30.628160433594086,0.243750105761168],[30.628966749647244,0.246829621724542],[30.6389985762175,0.251957738139048],[30.645166127866997,0.252449582213586],[30.64983840550286,0.250910885596773],[30.658376954635248,0.244077237805373],[30.65975582337901,0.240507568391725],[30.663117522962555,0.236785925275973],[30.663168796379946,0.233063284567456],[30.665152186628806,0.229866418203209],[30.665354128460102,0.228191538294631],[30.664682823616282,0.222438921946796],[30.661087627423633,0.220560591415009],[30.658952900769876,0.217040867730714],[30.65762505905306,0.217579790265694],[30.655928324782664,0.214096510075299],[30.65164405015342,0.214232085949069],[30.64981160695395,0.210508769751946],[30.64759242055033,0.209847493822942],[30.64604864370454,0.208106497705898],[30.646922218639958,0.202590349226755],[30.646374010921182,0.199228065378032],[30.639645636192277,0.202944465563391],[30.639645563576522,0.20294444697141945],[30.63964537087173,0.202944553410104],[30.62993897014625,0.200459278695989],[30.62208637463831,0.201572966196652],[30.62207478336398,0.20158307093546354],[30.61944509136181,0.204186088867294],[30.616586743887076,0.215494510558733],[30.617698096780952,0.21646386853465513],[30.617964097410116,0.21669582405661766],[30.6182316459178,0.21674422408539926],[30.620584987283603,0.217169494734146]]]}},{"type":"Feature","properties":{"n":"Nkoma","c":"413207","d":"Kamwenge","od":"Kamwenge","dc":"413","k":"NKOMA","a":["NKOMA"],"lat":0.278568,"lon":30.593466},"geometry":{"type":"Polygon","coordinates":[[[30.530196687643375,0.26465575487131776],[30.530196931167882,0.264655874323887],[30.529588365928273,0.2663353224634754],[30.529331690030762,0.26704400096112824],[30.530063098409897,0.269729909216461],[30.529177807251106,0.270906233474255],[30.53016792657758,0.273096038269119],[30.531968589738476,0.274279828093862],[30.53196698282277,0.27428168152352034],[30.53196828517641,0.274282539732218],[30.531306874713625,0.27504305559093856],[30.53078925024757,0.275640087864377],[30.532026407365393,0.280743432497757],[30.532025601260568,0.28074458172391703],[30.53202576291002,0.280745248450065],[30.52931406111813,0.2846124623237469],[30.5305175228834,0.286345026270089],[30.5305172937451,0.28634513137016704],[30.53051740478103,0.286345290919219],[30.530351269950927,0.28642128238347636],[30.529862621095386,0.2866454135430285],[30.53012638092764,0.28688095844938843],[30.530405428194467,0.287129674410025],[30.529736844551266,0.28775054764248253],[30.529783478913213,0.28855497770438104],[30.52983754627265,0.289485610437179],[30.531556007651428,0.2904884806251146],[30.532050274228983,0.2905062584469945],[30.532385497134392,0.2894866619289113],[30.532318858446615,0.288220366938503],[30.53296395113834,0.28772726637815044],[30.53299682450251,0.287627280466964],[30.53304405715946,0.2876660343654346],[30.533131295296958,0.28759935065465],[30.533137360087988,0.2877425884374001],[30.534641393946217,0.2889766324062053],[30.53483779822891,0.28905974123057215],[30.53556726123855,0.28886139150538365],[30.53617284710341,0.288402685801003],[30.536305606581866,0.2886606265673337],[30.536434518063515,0.288625573992192],[30.53722060976738,0.290437649135397],[30.53583256370857,0.292434020002618],[30.536212531641038,0.29371658947643],[30.53711268525105,0.293818189432712],[30.53706428466693,0.296349076523483],[30.536394113005187,0.2977566217811883],[30.536338982008598,0.298058701937987],[30.536235546977284,0.2980896541568364],[30.536078848480802,0.29841876420163],[30.533779521670485,0.2988246027698141],[30.53377853021074,0.298824899457297],[30.533778393209303,0.298824801946838],[30.533777311137104,0.298824992936057],[30.532714680000915,0.2980677065033947],[30.532331143750486,0.2977947254542693],[30.532326488942804,0.29780015334815446],[30.53109022569178,0.2996420361640477],[30.532732795563827,0.300307141170968],[30.532684566660084,0.302810391218108],[30.53536433044726,0.305911877356747],[30.535364099571968,0.3059123785284725],[30.53536470671003,0.305913081264592],[30.534462536122554,0.3078720023055147],[30.53602824891814,0.309879434610194],[30.5377714238832,0.308958566111133],[30.539043995064137,0.3098823499026679],[30.540497394249662,0.310936758019407],[30.54049732804578,0.31093735214714785],[30.54049910558498,0.310938642496895],[30.540368545281467,0.31209781102879974],[30.540429932333893,0.3120770092440975],[30.54213114046456,0.3115000641920386],[30.542120529825937,0.3110438263948477],[30.54210817863968,0.310537487523372],[30.542108755927387,0.31053757057649783],[30.542108752724292,0.310537432849318],[30.54290291245769,0.31065182414754916],[30.5429939302016,0.31066491867221],[30.543484852787838,0.311208065194981],[30.542896184186112,0.312018529729309],[30.544924213639167,0.312196194420005],[30.544924349854494,0.31219669876055534],[30.544924778092348,0.312196736354324],[30.545350745109086,0.3137754375137918],[30.545426556044458,0.314056129337402],[30.545746623978854,0.3140579839333035],[30.54711116347018,0.314065496082849],[30.547110994022557,0.3140658896146268],[30.547111448052025,0.314065892245447],[30.5461890004926,0.31620939321704894],[30.546682091844534,0.31628400828992914],[30.547306644663117,0.316377037056492],[30.547306349752034,0.31637847161621013],[30.5473067907817,0.316378538353257],[30.547052279998724,0.31761953509058216],[30.547903198143377,0.317500293592233],[30.547903098765758,0.31750057020980066],[30.54790327389267,0.317500545496753],[30.54747000101388,0.31870723263795947],[30.551075363039217,0.319865549894649],[30.55161540752109,0.319187499189585],[30.551615456519862,0.319187893462755],[30.55161567558585,0.319187617557467],[30.551651548767083,0.3194783130772308],[30.551736690989667,0.32016341786740393],[30.55221030338432,0.3201497911847589],[30.552755449862683,0.320133582484957],[30.552755406735706,0.32013410757837113],[30.552755725024692,0.320134098420623],[30.55269906414552,0.32082010794855875],[30.552679554275198,0.321057650777558],[30.553086126675247,0.3212092330986226],[30.555376785342638,0.322062106250725],[30.55537587341646,0.3220629189996835],[30.555377889608106,0.322063670696084],[30.554435606159785,0.32290370196053625],[30.5557523144579,0.3241989758853871],[30.55596744966948,0.324410143302194],[30.55596726305443,0.32441042538613263],[30.555967557551643,0.324410715089297],[30.555825234766047,0.3246251127804326],[30.55501395245299,0.3258514324651698],[30.55631740115816,0.326337066530438],[30.556317267117546,0.326337229695631],[30.556317780866877,0.326337420236992],[30.555743498229134,0.32703586941007856],[30.55578737072821,0.3270981295921583],[30.5569178825269,0.328700233865751],[30.556892493986105,0.3307944012795153],[30.556889890679336,0.3310209559464538],[30.557095646400434,0.33125717785850345],[30.557955846445285,0.332243520241522],[30.557954603208948,0.3322433201567187],[30.557955863343288,0.33224476687879],[30.55724605416582,0.33212928721560736],[30.556974518289433,0.3320855865926201],[30.555218572829716,0.33390538709083706],[30.554739227633664,0.33440236419654984],[30.55532678059578,0.334436258638618],[30.55532664992775,0.33443680984160473],[30.555326790304026,0.334436817940129],[30.555275657119587,0.3346519151575193],[30.554881634031755,0.336314040932457],[30.55547342606368,0.33669830982324134],[30.55557378789669,0.336763282506905],[30.55557361028757,0.3367633625419502],[30.555573933444332,0.336763572377643],[30.554628383197343,0.33718950958224947],[30.55415425026966,0.3387135027828062],[30.555788746822827,0.3397057326854908],[30.55583965131318,0.339736608570094],[30.55583965440202,0.33973663640459206],[30.555839862691524,0.339736762847852],[30.555840949764253,0.3397483093024046],[30.55616776638637,0.34269335196555195],[30.556935041379496,0.342215830997357],[30.557262503952177,0.34262049186608484],[30.55770076812978,0.342559140127028],[30.558157077125742,0.3436592688106062],[30.55862626774243,0.342957154184516],[30.558653300258495,0.34299323824425054],[30.558666457562094,0.342973003563798],[30.558661859887184,0.343004663971404],[30.559055132876882,0.343529620139641],[30.558498928397025,0.3441266392069062],[30.558464743328372,0.34436204367302325],[30.55892793261139,0.3447081209817619],[30.563435501730496,0.34734819037153236],[30.5636,0.3471],[30.564764254354035,0.3480559532555486],[30.57178298312628,0.343496895315478],[30.57538778432467,0.342738414976303],[30.57610314880107,0.338890687130716],[30.5782196241038,0.336488345599025],[30.579633670340964,0.332768843970765],[30.582716842539767,0.335048259811632],[30.584632370169736,0.335454772728656],[30.59463216508039,0.332868829307757],[30.60127020673542,0.332853526636507],[30.60730443755365,0.328100985665888],[30.608616032540073,0.324430254703205],[30.611793819984708,0.321317637708061],[30.61984327200146,0.319441795484269],[30.621509411678588,0.316718480009489],[30.62258230191847,0.317191617056203],[30.623086921136217,0.318613553617363],[30.62939777827795,0.319148919566499],[30.627940819216967,0.316630432930829],[30.63015083790296,0.314821946713474],[30.631894422934682,0.311950003966109],[30.640146378259477,0.310598090864638],[30.643323111760036,0.308517813528654],[30.644365613995593,0.306030998216599],[30.644551348898784,0.30257927072763],[30.646417556051585,0.298485576737371],[30.643986976839837,0.293879772786973],[30.647662512579252,0.292175270722556],[30.648730212552376,0.286755638174206],[30.650343366172798,0.285249631393844],[30.65168784510368,0.282131937011485],[30.654732283999472,0.283716657545815],[30.655865949173148,0.281653361928512],[30.655127509437136,0.276391578424095],[30.656590045612457,0.27409090287914],[30.6574689648861,0.266650062411346],[30.665408403765277,0.266116338106568],[30.66665084679634,0.263523134554312],[30.675975668524543,0.262698300624018],[30.67866980972812,0.261271368911943],[30.67743420122048,0.25771029486129],[30.681605830577347,0.255280678910193],[30.68116563238876,0.253293833232971],[30.677568736403394,0.250542840291258],[30.678961286215152,0.248822851817272],[30.674251292311645,0.246395026218007],[30.676241726770034,0.243860359267792],[30.676763429772954,0.240908124309844],[30.679964681894475,0.2355619827496],[30.67815970043926,0.231509740387745],[30.672850025630797,0.22531647992439],[30.670966408913966,0.227245326747853],[30.669723904264536,0.226703332351505],[30.66834701672568,0.22761663292331],[30.667472330164845,0.224097434692664],[30.664871155300617,0.224052793701331],[30.665354018617183,0.22819059701710706],[30.665354144873476,0.228191347945938],[30.66535412523511,0.22819151065866347],[30.665354128460102,0.228191538294631],[30.665152186628806,0.229866418203209],[30.665151923610434,0.22986684214125458],[30.66515192289904,0.229866848035484],[30.663168794445998,0.23306342497915453],[30.663168776985614,0.2330646926680705],[30.663621510523964,0.235180124582427],[30.663117536048702,0.23678497517292713],[30.663117522962555,0.236785925275973],[30.66311708565242,0.23678640940972998],[30.66311701859602,0.236786622943375],[30.66149140049784,0.23858615974838235],[30.65975582337901,0.240507568391725],[30.658376954635248,0.244077237805373],[30.65837621655083,0.24407782851567625],[30.658376140580526,0.244078025132978],[30.658372800819247,0.24408056222444016],[30.64983840550286,0.250910885596773],[30.64903191544929,0.25117648272383475],[30.648024060593645,0.251942112281134],[30.645941040186973,0.25219438441542386],[30.645166127866997,0.252449582213586],[30.644362820076044,0.2523855207837896],[30.642023325650527,0.25266885418273],[30.638999131563807,0.2519577824262799],[30.6389985762175,0.251957738139048],[30.638998263636942,0.2519575783526453],[30.638998215382646,0.251957567006724],[30.629620993131557,0.247268898091456],[30.629546994669056,0.24712623411112453],[30.628966749647244,0.246829621724542],[30.62853209835813,0.24516958335858077],[30.627485648223555,0.24315209898971588],[30.626791350118395,0.242536799686525],[30.619625255489204,0.239181264351628],[30.619625252760482,0.23918116209785314],[30.61962432066672,0.239180800186401],[30.61949039011207,0.23413866625734275],[30.619483632271667,0.23413190712971355],[30.617272797512765,0.232091581650102],[30.61719860653369,0.23184644614241673],[30.617104586858904,0.2317524085588617],[30.617094676669584,0.231792599854211],[30.61623080438894,0.23244668591841],[30.616229611716438,0.2324469493581026],[30.616229516402136,0.232447043128711],[30.610568353209626,0.233697697048074],[30.610568025966103,0.2336974908134305],[30.610567239091694,0.233697664619695],[30.608097146612266,0.23214075782292],[30.60809455544679,0.2321370368701318],[30.60541611056475,0.22892336282612466],[30.597683983675093,0.22735929229084936],[30.597683241988403,0.22735915440433416],[30.595065645616632,0.22742851789068863],[30.592788848211853,0.22748892845334162],[30.58930973786348,0.228466289424268],[30.58930955049493,0.22846620843356746],[30.589309458735105,0.228466234211315],[30.58885836943155,0.2282711838638752],[30.585922825352547,0.227002284818059],[30.585870688543878,0.22700218723220872],[30.581738501711854,0.22714522516682],[30.581440111299425,0.22699389440304066],[30.580983325434243,0.226993039424798],[30.579303051688274,0.225910296053153],[30.57768960733828,0.226011204510903],[30.57496626871701,0.2224752806878558],[30.570668373347587,0.22347245862658],[30.570667826865037,0.2234718354948921],[30.570665658348833,0.223472338505605],[30.570657932270212,0.22346055309334306],[30.569063986314788,0.22164304175180552],[30.568912652832413,0.22163009514777388],[30.56757479050357,0.2218358483151815],[30.56518740107128,0.223099222008675],[30.565185781082874,0.22309912066575405],[30.565185734841656,0.223099169483517],[30.5602206308213,0.22278851175734382],[30.559221844541664,0.222726029878708],[30.55770944277044,0.222201260248247],[30.55770925452227,0.22220098648990524],[30.557709030077884,0.222200908583449],[30.55730582867447,0.2216143077966893],[30.556045950274136,0.219782140082229],[30.554315574677496,0.21885107007201],[30.55349347676109,0.2171596806038402],[30.553037415899478,0.216221398675552],[30.544307692179224,0.213142332829777],[30.54398584802215,0.21580200347521736],[30.543982849244664,0.215829477323947],[30.544994842525888,0.217692121343194],[30.544994182954156,0.21769216965043864],[30.544994284874782,0.217692357367238],[30.544090576965612,0.21775861860083484],[30.54432229084902,0.21827741772226325],[30.544373813003943,0.218392488129886],[30.544373693239905,0.21839250584230868],[30.544373878689846,0.218392921058112],[30.54315198096215,0.21857491776997492],[30.54088356017961,0.221253365900619],[30.540883542738815,0.22125335905658441],[30.540883179960748,0.221253787446219],[30.53923005130365,0.22060791029229035],[30.540896487468217,0.2229313333448936],[30.54113156037706,0.223258621415636],[30.5411315846837,0.2232591168517982],[30.54113161640326,0.223259161076687],[30.54113171350424,0.22326174256857476],[30.541362220075523,0.22796010033997],[30.54131528083239,0.22814199791626102],[30.541317935390587,0.228212571051284],[30.539666786504775,0.23454316670004],[30.53966288661047,0.23454530747101057],[30.539641653090715,0.23462759098309],[30.538490721901137,0.2351887444428389],[30.538485422282296,0.23519165356531319],[30.538485672607298,0.23519280409343515],[30.53896028501897,0.236295286973268],[30.53882062984212,0.23673231358942515],[30.538879108018747,0.237001087327883],[30.538593829009198,0.23744204739800243],[30.53818612388938,0.238717889747163],[30.536695610387067,0.240377424808348],[30.536694918203562,0.24037722248616417],[30.536694080672223,0.240378517070991],[30.535901967455665,0.2403052336073135],[30.53669470943533,0.24276231520545444],[30.536744020149285,0.242913165013763],[30.536743689004894,0.2429141260116689],[30.53674405688982,0.242915266260715],[30.53650897757174,0.24359527055207572],[30.536341033981763,0.244082651408943],[30.537432006103693,0.245370799363726],[30.537397329972762,0.24545142401839698],[30.537415787787523,0.245475324363197],[30.536045777629727,0.248594151308677],[30.53604561805919,0.24859425752721653],[30.53604540159721,0.248594760817864],[30.533123643161627,0.25066626848567847],[30.533247911128097,0.2507948373814022],[30.536281290655417,0.252015387073303],[30.536234202920003,0.25231173996180656],[30.535782256683962,0.2551573817356413],[30.53630582217222,0.25569011511475886],[30.536401124699296,0.255786569666868],[30.536400586361417,0.2557865386718144],[30.536401156910955,0.255787119211958],[30.534959542129087,0.25570436912321715],[30.534801344460913,0.25668932145537987],[30.534735639119937,0.257100088253647],[30.534735392764347,0.25709994240885925],[30.53473536928972,0.25710008856391],[30.533354314165564,0.2562828714374466],[30.531791902436126,0.25684404541386],[30.530213015519127,0.25823980055365114],[30.52965606403588,0.260413448182481],[30.529655895662984,0.26041346971106505],[30.529655779032048,0.260413925120519],[30.52835554021715,0.26058063005461457],[30.52864807662199,0.26153124751947204],[30.52878408140215,0.261972346694158],[30.52878391988715,0.2619726796906678],[30.52878396880978,0.261972838668168],[30.52805407723334,0.26360477104315394],[30.530194913358763,0.26465488455703795],[30.5301967096536,0.264655694101397],[30.530196687643375,0.26465575487131776]]]}},{"type":"Feature","properties":{"n":"Nkoma-Katalyeba Town Council","c":"413208","d":"Kamwenge","od":"Kamwenge","dc":"413","k":"NKOMAKATALYEBATOWNCOUNCIL","a":["KATALYEBA","NKOMA","NKOMAKATALYEBA","NKOMAKATALYEBATOWNCOUNCIL"],"lat":0.351581,"lon":30.615467},"geometry":{"type":"Polygon","coordinates":[[[30.59124892007526,0.3698021484324029],[30.59471294596665,0.37264641250296715],[30.595194765214124,0.37259857710368155],[30.595590490438823,0.37232816486680353],[30.59892863900005,0.369555035430781],[30.600314887757527,0.3690998266990231],[30.6069,0.3646],[30.607150869423748,0.36471111171709314],[30.607971794594697,0.364097289844007],[30.610209526813282,0.36606581118373704],[30.6121111471845,0.36690805134815174],[30.614921784358597,0.367669266388155],[30.615195102087252,0.36827395524971795],[30.62259127512988,0.3715497689156578],[30.62462534662782,0.371306215146112],[30.62740109785974,0.372310221824372],[30.629626243749968,0.37466560276815186],[30.6358,0.3774],[30.63792088801747,0.38214080850963666],[30.639426108785273,0.382915774208664],[30.63923535192658,0.38507902195352745],[30.63945501113403,0.38557002488782455],[30.641726532631303,0.387727065403427],[30.64264983121391,0.392635564920252],[30.645070276098455,0.393423018672309],[30.6487936626817,0.396650937840504],[30.651143615570483,0.395829365066534],[30.65394161014304,0.399554246532713],[30.656728576142005,0.401788285156983],[30.659589699191823,0.401446714955205],[30.663959425140224,0.400737388936238],[30.663971776266592,0.40072238510178243],[30.663963147673428,0.400722999749898],[30.66406247038866,0.4006122121869486],[30.667229736388393,0.396764697934814],[30.66777125574866,0.3964753207359954],[30.669223760439838,0.3948551530379119],[30.670879881739637,0.3868251528716082],[30.670880254053966,0.386822996683476],[30.670880350237056,0.3868228812781207],[30.670880369467685,0.386822788034977],[30.671028544408593,0.38664507038660434],[30.67284225045811,0.384468893778123],[30.67199158380294,0.38239684776627125],[30.671966906100447,0.382336799430426],[30.671966910257552,0.3823367481714306],[30.6719668216459,0.382336532331983],[30.67225306569975,0.378808119064732],[30.674295243008718,0.373389693228247],[30.67777672998982,0.372260261112236],[30.686386479104446,0.3739775993173915],[30.689772630813074,0.373465534374018],[30.693310762992887,0.372930475900918],[30.702552716130302,0.369515573111808],[30.702581865617756,0.368308612988814],[30.702583303636445,0.36830785713940833],[30.702583305576606,0.368307773786741],[30.70514484699071,0.366961446444724],[30.705144892150805,0.3669614385067261],[30.705144918435987,0.366961424690744],[30.71171761975753,0.365806045306263],[30.71307126094757,0.364893289298186],[30.713071768506357,0.36489331243975004],[30.71307180795958,0.364893285832998],[30.713653277427344,0.3649198256757709],[30.720641089656656,0.365238427004518],[30.722488585389335,0.3642096466854423],[30.72479338339671,0.36292607845737773],[30.725791809511335,0.360964000508995],[30.725792654621646,0.36096354282139337],[30.725792868203694,0.36096312310132],[30.72610103234274,0.3607965342570915],[30.728612063827843,0.359436631337523],[30.728309280778255,0.35373244365643],[30.72413485950525,0.349925611890235],[30.72185856095355,0.345522503023857],[30.721858708124348,0.3455222485442862],[30.721858706712606,0.345522245813311],[30.72213816832872,0.3450390214799049],[30.727201106574306,0.3362844698575953],[30.72777296780673,0.323255233423874],[30.727773199123266,0.3232553058254646],[30.72777347743561,0.323248967021251],[30.728918191105315,0.323613685912543],[30.728920329660024,0.323614355275678],[30.728920326971455,0.3236142810758737],[30.728619686736973,0.32201549588795586],[30.72769322173445,0.31920656856859486],[30.72475114588981,0.316736927634064],[30.724006988389874,0.3152062213921959],[30.723949513802722,0.3150880270947],[30.723949520062764,0.31508801103078227],[30.72394929599245,0.315087550125898],[30.725985318072986,0.3098573002037087],[30.722922683022446,0.304444296008779],[30.719376090209202,0.308816197473392],[30.717324053234698,0.310406651072075],[30.713459603984308,0.311725133923448],[30.712104613194175,0.31376571535306],[30.70726364988934,0.312442015823567],[30.704821824131276,0.312980314281063],[30.7078249037337,0.305721370390152],[30.704745664725213,0.3039141498966],[30.701009895888657,0.303534165501031],[30.700250589059927,0.30741618957969],[30.69697229402867,0.312626665454497],[30.69722375864321,0.314167419962253],[30.695979155019575,0.317990780288521],[30.69346836886343,0.322193149759679],[30.701181023966505,0.332767358323662],[30.70201556003545,0.334896675675006],[30.70208915572931,0.338910062133604],[30.69879819353234,0.338792886535526],[30.691722184622996,0.341024524197112],[30.689300982577457,0.345541373897558],[30.687432781868935,0.353236543321083],[30.685853543325784,0.354249690147864],[30.685078486683754,0.361491331166507],[30.68400238120334,0.363994673721274],[30.68461051990221,0.365861304582997],[30.674753098058115,0.361709497660785],[30.668765605053046,0.355337441401964],[30.658565025268494,0.349775448570709],[30.658860853497398,0.348103900863236],[30.656265888595154,0.344427624676424],[30.654020000488558,0.345385113662015],[30.653801867547394,0.343396814266366],[30.651186737231328,0.338477285476967],[30.65115165628836,0.336534862476435],[30.654065166458633,0.336530892176517],[30.655831896167264,0.335223484557633],[30.652832241819507,0.331147625366586],[30.65035926373637,0.329785494453221],[30.64529355031507,0.328750536086436],[30.64460594080656,0.328793919238579],[30.64382592337062,0.332035712833433],[30.640469358803507,0.331134265506863],[30.6343927156368,0.327280084281414],[30.635052446703273,0.32666203728635],[30.632584091307493,0.323175763503196],[30.631140908894032,0.323804016120717],[30.629398266579564,0.31914887839621],[30.629397728045532,0.31914883273518235],[30.62939777827795,0.319148919566499],[30.627558300695068,0.31899287203762],[30.62308824384629,0.318613866482385],[30.623088130895052,0.3186136562442602],[30.623086921136217,0.318613553617363],[30.62308467433369,0.31860722248579576],[30.62224397727931,0.31704241827085455],[30.621937120497872,0.31690709658934757],[30.61984536949232,0.3194383671226525],[30.61984327200146,0.319441795484269],[30.61984236097618,0.31944200778936593],[30.61984227706211,0.319442109335493],[30.611793784602895,0.3213176723642587],[30.60861607046658,0.32443021755449764],[30.60849465566797,0.3247699493857881],[30.60730443755365,0.328100985665888],[30.60127020673542,0.332853526636507],[30.59463216508039,0.332868829307757],[30.584632370169736,0.335454772728656],[30.58463212159128,0.3354547199753824],[30.584631951274748,0.33545476401746],[30.583862248047517,0.33529133755524987],[30.582716842539767,0.335048259811632],[30.579633670340964,0.332768843970765],[30.5782196241038,0.336488345599025],[30.57684857563822,0.33804457763564644],[30.57610311073042,0.33889089190116234],[30.57538778432467,0.342738414976303],[30.575387469562372,0.34273848120492456],[30.575387469020388,0.342738484119508],[30.57535577660235,0.3427451496689376],[30.57178298312628,0.343496895315478],[30.566841769299792,0.34670649079355453],[30.56476426315043,0.34805596047814796],[30.583706996887344,0.36360957891388995],[30.59002974639565,0.366921531775109],[30.59124892007526,0.3698021484324029]]]}},{"type":"Feature","properties":{"n":"Ntonwa","c":"413209","d":"Kamwenge","od":"Kamwenge","dc":"413","k":"NTONWA","a":["NTONWA"],"lat":0.437589,"lon":30.73205},"geometry":{"type":"Polygon","coordinates":[[[30.6623,0.4076],[30.662328022430604,0.40769670485856035],[30.66454290435896,0.411444386767695],[30.666343863021893,0.416977178770824],[30.66740812764081,0.425203975331121],[30.66909258632045,0.425992120585874],[30.669574955909194,0.42691707045462673],[30.675084300944153,0.4312665533769613],[30.679269377840853,0.432494339722454],[30.685957479431014,0.439809104852404],[30.68963426926466,0.442341463397099],[30.689917094647143,0.4429766536687965],[30.6902,0.4432],[30.690178341511864,0.4435633813009641],[30.690677310549006,0.444684003062302],[30.68989323553386,0.4483468260430262],[30.689335026639615,0.4577123308242468],[30.689585962525488,0.4585991607958972],[30.69305189848536,0.46222506303084077],[30.696578315919766,0.46515005247072455],[30.696915631520007,0.46517174479228346],[30.70344289205989,0.464349263857591],[30.719387611112076,0.465538712928245],[30.72687716154247,0.4670985312889048],[30.7269,0.4671],[30.726908983165686,0.46710515864960156],[30.726909661506923,0.467105299924986],[30.7269116215094,0.4671066737380719],[30.730315207643084,0.4690612083494931],[30.73342528939962,0.469973038185612],[30.73693150006689,0.472860663404751],[30.737,0.4729],[30.73704372534345,0.47289612848521523],[30.742964129772954,0.469034730389966],[30.74863679156013,0.466805702545299],[30.75101829837819,0.467652182525853],[30.757629943050357,0.467388696301269],[30.759060572741216,0.4661463214905209],[30.7652,0.4553],[30.766423442401436,0.4545369251001351],[30.768153899951667,0.453423962784179],[30.768190195018512,0.45343498145752714],[30.781076146607372,0.44539786732220754],[30.781182767470554,0.445252602317022],[30.779881225421097,0.4353683340731828],[30.77987987698971,0.43535993654398],[30.77730310513033,0.43218703757417],[30.776503937238488,0.433447149334402],[30.776738354867415,0.4280474972772337],[30.77674081334326,0.4279901346707029],[30.77562291579087,0.425219459845635],[30.774228272593724,0.424641916537936],[30.77251555696051,0.419611698628477],[30.772515576340897,0.4196115270354757],[30.77251545292292,0.419611164570273],[30.772544287519395,0.4193573196570969],[30.772732390779602,0.41769186253747453],[30.77078602077562,0.41573131098277316],[30.76749887542366,0.41417686247173374],[30.767495815924136,0.41417568414051],[30.767495714249048,0.4141753675931574],[30.767495265113673,0.414175155202849],[30.76658085127084,0.411328159291811],[30.762674579350577,0.406388698341206],[30.758787527996212,0.4058378003753265],[30.757935017113844,0.40571711615595],[30.75793482708266,0.40571695010710174],[30.75793413585284,0.405716852141557],[30.757933566728404,0.40571584881219874],[30.757085836666683,0.404975104065469],[30.75674581617646,0.40512072640584085],[30.75336197574593,0.4065700658804542],[30.753313583377047,0.40664209954057967],[30.752069445972005,0.408495904579304],[30.75206681926465,0.40849565280362854],[30.749462574360088,0.408566396901469],[30.74826373092397,0.40813111842433253],[30.748138556761983,0.408119120205686],[30.73739512110093,0.404185029650031],[30.736492168180607,0.403137296178689],[30.734243047721527,0.404609311327689],[30.731328245290896,0.4046612392067255],[30.72837422597497,0.40625785684436394],[30.727995117429792,0.406462765212098],[30.72663289630131,0.4066202209884515],[30.72583906236435,0.4067120913827185],[30.724942652442145,0.40749039094908557],[30.723643243086546,0.408619176624962],[30.723642550487163,0.4086191923631813],[30.723642372673986,0.408619346747816],[30.720626150805497,0.4086877352478923],[30.713917876327738,0.408840170114841],[30.7139176731125,0.40883984034732546],[30.713915624297847,0.408839886801256],[30.71211707644399,0.4059179221892691],[30.712035554569805,0.4057856325718198],[30.709215215837034,0.404924179092098],[30.70793121916766,0.40844241861109],[30.69725398535548,0.409940623310549],[30.697253844511252,0.40994061084938094],[30.697253844510005,0.409940610849556],[30.697253842649772,0.40994061068468685],[30.693673155981323,0.409623810069084],[30.687713841975697,0.40439850865306],[30.681881545394326,0.4036365771933991],[30.6789324957842,0.40325140704802],[30.678932052912955,0.40325125537715817],[30.678931735920155,0.403251213965206],[30.670243075905557,0.40027565613549015],[30.670236117539332,0.4002761518068707],[30.656728584789022,0.401788295565209],[30.658235728060017,0.404505376695446],[30.6623,0.4076]]]}},{"type":"Feature","properties":{"n":"Rwamwanja Refugee Camp","c":"413210","d":"Kamwenge","od":"Kamwenge","dc":"413","k":"RWAMWANJAREFUGEECAMP","a":["RWAMWANJAREFUGEECAMP"],"lat":0.299711,"lon":30.682925},"geometry":{"type":"Polygon","coordinates":[[[30.63114079085757,0.3238037008087475],[30.631140908894032,0.323804016120717],[30.632584091307493,0.323175763503196],[30.63258591198471,0.323178335004549],[30.632586312948607,0.323178160609372],[30.634897502299996,0.3264431957808194],[30.635052446703273,0.32666203728635],[30.63505242556792,0.32666205708629864],[30.635052489210075,0.326662146994065],[30.635043878981218,0.3266700636703428],[30.634393278453523,0.32727955702538086],[30.634421806945284,0.3272985357803586],[30.63955178932886,0.3305522864527674],[30.64380673122639,0.3320305585434556],[30.64382592337062,0.332035712833433],[30.64460594080656,0.328793919238579],[30.64529355031507,0.328750536086436],[30.64533926786796,0.3287598764813492],[30.645441565470264,0.32875460900953],[30.650358924854395,0.329785397115181],[30.65035900597021,0.32978544178990965],[30.65035926373637,0.329785494453221],[30.652027915596737,0.33070459773931415],[30.65283176208096,0.331147318103941],[30.65283181531299,0.3311473904442816],[30.652832241819507,0.331147625366586],[30.655831896167264,0.335223484557633],[30.654065166458633,0.336530892176517],[30.654065131147068,0.3365308922246368],[30.6540651112701,0.3365309069588],[30.65115167135776,0.33653569686534973],[30.651186736556994,0.33847724813937163],[30.652700423650195,0.34132480090286943],[30.653801867547394,0.343396814266366],[30.654020000488558,0.345385113662015],[30.656265888595154,0.344427624676424],[30.656267161700434,0.3444294282794772],[30.656267740679564,0.344429181656921],[30.657309060156983,0.3459054815708279],[30.658860853497398,0.348103900863236],[30.658565025268494,0.349775448570709],[30.668765605053046,0.355337441401964],[30.668767038032858,0.35533896641885554],[30.66876824275209,0.355339623257115],[30.674753168123182,0.3617095271712014],[30.68461051990221,0.365861304582997],[30.68400238120334,0.363994673721274],[30.684886385182974,0.3619382165978021],[30.68507850425984,0.3614911669466076],[30.68542035355108,0.35829714251614997],[30.685853293444328,0.354251050772927],[30.685853405405542,0.3542509787877383],[30.685853543325784,0.354249690147864],[30.686706873209477,0.3537022437423725],[30.687433075528176,0.3532353337307041],[30.689212126756786,0.34590737343455624],[30.6893007942963,0.345542071127366],[30.689300829043137,0.34554200630959137],[30.689300982577457,0.345541373897558],[30.691722184622996,0.341024524197112],[30.69879819353234,0.338792886535526],[30.70208856341521,0.3389100410441004],[30.702017766732197,0.3350170132435245],[30.70201556003545,0.334896675675006],[30.701181023966505,0.332767358323662],[30.69346836886343,0.322193149759679],[30.695864980509633,0.3181818771980641],[30.69597933534884,0.31799022632599777],[30.696631278029425,0.31598749089070666],[30.697223738791266,0.3141672983269478],[30.69697229402867,0.312626665454497],[30.700250589059927,0.30741618957969],[30.701009895888657,0.303534165501031],[30.704711467357342,0.3039106715052087],[30.704745600794872,0.303914129682993],[30.704745629021268,0.3039141462649667],[30.704745664725213,0.3039141498966],[30.7078249037337,0.305721370390152],[30.704821824131276,0.312980314281063],[30.70726364988934,0.312442015823567],[30.712104613194175,0.31376571535306],[30.713459603984308,0.311725133923448],[30.713460119906998,0.3117249578996022],[30.713460211353862,0.31172481973646],[30.71604164870231,0.3108441851875272],[30.717324053234698,0.310406651072075],[30.719376090209202,0.308816197473392],[30.722463180641565,0.30501072673194185],[30.722922674474482,0.30444428917673],[30.721190761659084,0.303322638694645],[30.720580585990753,0.3020431663539168],[30.720408268055692,0.301867449404655],[30.720383380662295,0.3016296481225217],[30.720053013850393,0.300936904671645],[30.719817004122913,0.29621786935266536],[30.719816890332407,0.2962167820741595],[30.71954460753728,0.29537772173139304],[30.716574283436888,0.286225001763321],[30.709562570052025,0.275979392850031],[30.709058845667567,0.273542888676111],[30.710583633259724,0.26846389729401654],[30.707481056778363,0.263289067108024],[30.70650738286446,0.25675828711927],[30.696592862052405,0.251308558374716],[30.68819127797918,0.2418660712402],[30.686610852176738,0.242541179555501],[30.68459633936868,0.240344159378924],[30.68469617275789,0.237973965054321],[30.683587214258278,0.236552567076572],[30.679964692003924,0.235561988889316],[30.67749989989939,0.23967820757684125],[30.676763429772954,0.240908124309844],[30.676241726770034,0.243860359267792],[30.674251292311645,0.246395026218007],[30.678961286215152,0.248822851817272],[30.677568736403394,0.250542840291258],[30.68116563238876,0.253293833232971],[30.681605830577347,0.255280678910193],[30.681602409899092,0.2552826711615986],[30.681602423191627,0.255282731622996],[30.677434682679937,0.25771168244706183],[30.67866980972812,0.261271368911943],[30.675975668524543,0.262698300624018],[30.66665084679634,0.263523134554312],[30.665408403765277,0.266116338106568],[30.6574689648861,0.266650062411346],[30.656590045612457,0.27409090287914],[30.655127509437136,0.276391578424095],[30.65523467112398,0.2771551635464071],[30.65586600383434,0.281653234745399],[30.65586594605056,0.2816533396783991],[30.655865949173148,0.281653361928512],[30.654732283999472,0.283716657545815],[30.651687940580963,0.2821319867102357],[30.650343770464005,0.285248774708009],[30.65034371210845,0.28524882920824357],[30.650343366172798,0.285249631393844],[30.648992600404735,0.2865106783143776],[30.648730190083665,0.2867557522251258],[30.647662512579252,0.292175270722556],[30.647661866623764,0.29217557027955704],[30.64766176752413,0.292176073066074],[30.647028749717016,0.2924691734849333],[30.643986976839837,0.293879772786973],[30.645817706608266,0.29734889749551585],[30.646417556292278,0.29848445593345],[30.64641728209023,0.29848505759679406],[30.646417556051585,0.298485576737371],[30.644675946558408,0.3023059545045981],[30.644551344008804,0.30257936160379195],[30.644365613995593,0.306030998216599],[30.644365471670355,0.30603133772338587],[30.64436546725703,0.306031419717344],[30.64332355707783,0.308517025949598],[30.643323398337955,0.30851712991731084],[30.643323111760036,0.308517813528654],[30.640146378259477,0.310598090864638],[30.631894422934682,0.311950003966109],[30.630403060970316,0.3144064979708938],[30.630150959435937,0.31482176669836],[30.630150935122145,0.3148217865790777],[30.63015083790296,0.314821946713474],[30.627940819216967,0.316630432930829],[30.62868126352001,0.3179103584494049],[30.630629945588538,0.321275688349548],[30.63114079085757,0.3238037008087475]]]}}]}
