{"type":"FeatureCollection","name":"Kanungu sub-counties","metadata":{"source":"Uganda Bureau of Statistics NPHC 2024 Map Explorer","retrieved":"2026-07-26","display_only":true,"clipped_to_dashboard_district":true,"positive_area_overlaps_removed":true,"source_gap_ratio":0.01231585},"features":[{"type":"Feature","properties":{"n":"Bugongi","c":"414101","d":"Kanungu","od":"Kanungu","dc":"414","k":"BUGONGI","a":["BUGONGI"],"lat":-0.761554,"lon":29.806443},"geometry":{"type":"Polygon","coordinates":[[[29.789171107074562,-0.739778327848524],[29.790759214199273,-0.739655604833815],[29.791426838804806,-0.737455970733641],[29.794336113470052,-0.735999943233529],[29.795015839251334,-0.733617639648658],[29.796881644320944,-0.732830261604428],[29.79776991925007,-0.734751167900778],[29.802581363764645,-0.730210616391744],[29.80528939497307,-0.7293383865948565],[29.8091,-0.7395],[29.8239,-0.756],[29.823066978185945,-0.767181715888634],[29.822832500009046,-0.768609107387319],[29.822925938415455,-0.7690749035771476],[29.8213,-0.7909],[29.8213967138567,-0.7912675126554509],[29.81541656540133,-0.790991864184581],[29.810997892823824,-0.788543434047782],[29.808235353023598,-0.788664751626709],[29.80711336920872,-0.787772458960074],[29.804134485524276,-0.788444605733901],[29.802378133549634,-0.787496623957697],[29.799780871932423,-0.788029138336022],[29.797690280470107,-0.787484956675755],[29.797152492677892,-0.786187535863512],[29.79202159458883,-0.788059739753913],[29.790171958623233,-0.791417401462943],[29.78947496330461,-0.790641413539884],[29.79167490274386,-0.785970526204702],[29.7911038434566,-0.783586013732255],[29.789388556352158,-0.782178718394577],[29.7896027363712,-0.780076058048589],[29.789918209937447,-0.779527597817873],[29.79093953421224,-0.780134190779878],[29.795338642530577,-0.779780949912629],[29.79654817335397,-0.778740214556956],[29.796327305050944,-0.775339588195876],[29.794234444354053,-0.76597187202458],[29.79087580404617,-0.76593160010759],[29.789622369726718,-0.764137826401083],[29.789177169607296,-0.758970285900237],[29.787337201641794,-0.75611010258467],[29.788043764439905,-0.755915248226786],[29.78743107910336,-0.755008904212514],[29.7889234644702,-0.753185509434965],[29.78615523195359,-0.752063080441516],[29.786313960480555,-0.748986056080819],[29.78475724508492,-0.747379828828252],[29.783241495286752,-0.747403698151294],[29.78341392546053,-0.746053377614675],[29.78205771360735,-0.74347759011151],[29.785917597933352,-0.743251779682963],[29.789171107074562,-0.739778327848524]]]}},{"type":"Feature","properties":{"n":"Buhoma Town Council","c":"414102","d":"Kanungu","od":"Kanungu","dc":"414","k":"BUHOMATOWNCOUNCIL","a":["BUHOMA","BUHOMATOWNCOUNCIL"],"lat":-0.988196,"lon":29.622289},"geometry":{"type":"Polygon","coordinates":[[[29.59004569277189,-0.991589931734499],[29.58973997807623,-0.9890724202170579],[29.591899943715575,-0.982444290362991],[29.59551772136763,-0.987319379399009],[29.599434476606422,-0.986707438970115],[29.602071270656133,-0.981984733968733],[29.60168582306507,-0.979464871111781],[29.595726688093713,-0.977294814358293],[29.59352308425553,-0.9737489576860984],[29.593420534004498,-0.9732649205012226],[29.595297452906497,-0.967234277350057],[29.59279886437443,-0.965558639522598],[29.590496441572995,-0.955762400552424],[29.591002226514732,-0.952648676835728],[29.596677860006732,-0.947474190419531],[29.60091299509083,-0.940954703048576],[29.60177438102399,-0.933490858448911],[29.60695846847228,-0.933195541220742],[29.609208407393137,-0.94177787048492],[29.61309247940223,-0.94240199497238],[29.614714404824262,-0.940567839085062],[29.620676299352116,-0.940801232193424],[29.62376689297612,-0.945123029289603],[29.62796172996492,-0.947468293153315],[29.628346880741606,-0.946216876670147],[29.630670337060916,-0.945591113750073],[29.630809503900938,-0.944053191577067],[29.63840777557002,-0.948479559918954],[29.638280311868268,-0.945910639015992],[29.640127449608332,-0.943899378855395],[29.639877314321485,-0.94035260178455],[29.640555460725047,-0.939055798779047],[29.642934830127313,-0.937693157684625],[29.646223442443308,-0.939418770502367],[29.647336914609898,-0.940917723590218],[29.64594221009997,-0.944058200316652],[29.650836160537033,-0.950205323159645],[29.653801717340183,-0.951800890577923],[29.654467726414445,-0.954290728018133],[29.657232775213163,-0.956716108804653],[29.657115656707486,-0.959318548323596],[29.65860079149116,-0.959018469602709],[29.659749254237532,-0.960304725993352],[29.658679644616008,-0.960827507757339],[29.65949990879526,-0.962390303425791],[29.657060377258944,-0.967900434337598],[29.64769304192844,-1.043725744060313],[29.63798100269392,-1.0406761906008568],[29.6332,-1.0375],[29.597338693688748,-1.0201572371117715],[29.593922549406066,-1.016337743325533],[29.592292667242614,-1.013040484930667],[29.590035713256366,-1.012474510259564],[29.584797007363893,-1.0082736400038004],[29.58468858928547,-1.0081677629740926],[29.586597108449407,-0.998792580793112],[29.59004569277189,-0.991589931734499]]]}},{"type":"Feature","properties":{"n":"Butogota Town Council","c":"414103","d":"Kanungu","od":"Kanungu","dc":"414","k":"BUTOGOTATOWNCOUNCIL","a":["BUTOGOTA","BUTOGOTATOWNCOUNCIL"],"lat":-0.875666,"lon":29.647574},"geometry":{"type":"Polygon","coordinates":[[[29.62755945286417,-0.8578496129871406],[29.629123305110145,-0.8544897741774264],[29.629692569596465,-0.853700139610679],[29.62961499929864,-0.8534333999443355],[29.633315803093797,-0.8454824542906693],[29.634074340382618,-0.844761725731592],[29.634206577818773,-0.843568680467483],[29.63509867110666,-0.84165207379428],[29.635651531608165,-0.841586956140066],[29.635456839812836,-0.8408825707146131],[29.63576667842788,-0.8402169018150962],[29.6362212584512,-0.839877512966582],[29.636930475562696,-0.8377165564082732],[29.63766533240915,-0.8361377624022148],[29.638172974710862,-0.835999254682389],[29.63933977933945,-0.835713175174993],[29.63989520678298,-0.838797069089534],[29.6403257866567,-0.838058664474395],[29.64133910577475,-0.840085507751417],[29.643622660731115,-0.840226447688376],[29.643421712862292,-0.841249950480927],[29.64438562898932,-0.841343323638171],[29.644978960038603,-0.840345422179481],[29.645716786695658,-0.841154255332281],[29.645712431027547,-0.839885592964107],[29.64625010904419,-0.840511491658869],[29.647378043991214,-0.840099744128204],[29.647272600395592,-0.84152821955759],[29.648651057826235,-0.841693979722656],[29.647819148108525,-0.842467280908328],[29.650730977660785,-0.841768923514124],[29.65169467434078,-0.844629570140652],[29.654046958568408,-0.843987860218745],[29.653591767383382,-0.844714141067885],[29.65456062938039,-0.844563770365712],[29.654704296707962,-0.845861089672912],[29.65728510946701,-0.847609478456155],[29.656761568709822,-0.848417700242417],[29.658545585762482,-0.851046910693244],[29.66119978256357,-0.851236734072623],[29.661605652117103,-0.852235817415488],[29.66279699054701,-0.852526989207051],[29.661353037716122,-0.853941800763916],[29.662275515963653,-0.854768912485335],[29.661395648830574,-0.855267276563597],[29.66249479907718,-0.857321602456312],[29.661344174664354,-0.858862381987097],[29.662149903962565,-0.858730798908091],[29.664134301708955,-0.861169590472372],[29.6634966585126,-0.86227301482191],[29.664486533885434,-0.863401678227581],[29.664776826578958,-0.865781134495155],[29.663410525672585,-0.865815320413579],[29.663825043297113,-0.867108875006323],[29.66307313761374,-0.868474681969199],[29.66259813910006,-0.867632601458305],[29.661859592983053,-0.868149726436404],[29.664217151657628,-0.86998980020487],[29.66379658403407,-0.872820072723212],[29.66502771824997,-0.8750862946712],[29.667300163215376,-0.876232525499685],[29.673061850719137,-0.88439021262867],[29.671839175890366,-0.885228015947887],[29.67163866068667,-0.888309323191524],[29.672969586616077,-0.889950461028338],[29.66482291580799,-0.891811114731455],[29.661945187814457,-0.894953454085205],[29.65589760806368,-0.896540767268578],[29.655648650470305,-0.897683466716692],[29.65742570880412,-0.897884281255034],[29.65796742981834,-0.899003012472567],[29.657064807269354,-0.900755315245581],[29.658469171467758,-0.902893454536556],[29.657037110666057,-0.903638151124833],[29.657776040774486,-0.904856777374813],[29.6574277685124,-0.907416832163979],[29.65657370423178,-0.909858551883866],[29.650938554495067,-0.914718110097066],[29.647205707618657,-0.91490251740631],[29.639560964285778,-0.909771773555915],[29.63902364410612,-0.906783861745556],[29.63973573956791,-0.905349502307993],[29.638357361029847,-0.900343219536502],[29.636752950418753,-0.897867178204706],[29.635395782879336,-0.8973322326408968],[29.634955060571166,-0.8964321659551975],[29.633888611648093,-0.893423090713564],[29.633375488031238,-0.8932062783736565],[29.631434666430536,-0.889242628625743],[29.631752476241594,-0.888981046717133],[29.63127621491361,-0.8889190304573718],[29.63083217358507,-0.888012185490632],[29.631128124473157,-0.886245966571139],[29.629836214614066,-0.8859781847752033],[29.6297,-0.8857],[29.629638325228175,-0.885291612997366],[29.631486925670423,-0.883128424084443],[29.631354529319086,-0.881389637648421],[29.630711241795954,-0.879495118781682],[29.629342594014105,-0.878724162051526],[29.628904312145583,-0.875098553450783],[29.627834554678667,-0.8733477269263151],[29.62774715534987,-0.8727690016410224],[29.628738563407506,-0.872366329606758],[29.62909941496495,-0.870053386421897],[29.627358812027044,-0.866462849843013],[29.62828579366084,-0.865387965142536],[29.626683561245944,-0.862071553997727],[29.62774464688752,-0.858196776215969],[29.62755945286417,-0.8578496129871406]]]}},{"type":"Feature","properties":{"n":"Kambuga","c":"414104","d":"Kanungu","od":"Kanungu","dc":"414","k":"KAMBUGA","a":["KAMBUGA"],"lat":-0.837819,"lon":29.808402},"geometry":{"type":"Polygon","coordinates":[[[29.761722147525024,-0.825992397506177],[29.76211240126953,-0.825435146707954],[29.76117506731977,-0.822141335077222],[29.761433315152622,-0.820206321223808],[29.765963400759556,-0.81886157906999],[29.771010908919074,-0.815729884614302],[29.772352957849414,-0.81427322058873],[29.77253490068848,-0.811781106622408],[29.778455797700282,-0.811068079627676],[29.780469296539685,-0.807883412450021],[29.78405045599031,-0.81267637079898],[29.7852225643418,-0.816564372036661],[29.78672492940837,-0.818673589277211],[29.785787018712185,-0.822211428955955],[29.786001691771286,-0.825691246835099],[29.788096377589188,-0.826906811268028],[29.791035527339844,-0.831247555742312],[29.796061156491383,-0.831593668608161],[29.801962717311145,-0.829886495333732],[29.804964986295655,-0.825856337273475],[29.810791410102816,-0.812931580524797],[29.814458450426272,-0.81157614853297],[29.81597387520679,-0.809034024604358],[29.82125627850322,-0.806164394243377],[29.823369235617488,-0.805836029178495],[29.82544600565044,-0.8066548214716787],[29.8263,-0.8099],[29.8413,-0.8216],[29.843659099774367,-0.8386856013961724],[29.84305824068834,-0.840555102004369],[29.84419313403181,-0.8425533040485617],[29.8446,-0.8455],[29.845807374610953,-0.8468831110772382],[29.844168472425416,-0.849154290979304],[29.840979667933468,-0.849588809994821],[29.840859586605447,-0.851586244867527],[29.836596314703648,-0.852015308551207],[29.83609952305277,-0.85412964357412],[29.833156401234298,-0.853866271535535],[29.831451103879967,-0.854793320757745],[29.828599306719855,-0.854816663963362],[29.82583103570311,-0.853496311664648],[29.82145477246743,-0.848771938988124],[29.81276777721325,-0.852465423931731],[29.812720066760885,-0.85111463797938],[29.808628876172513,-0.852557942943115],[29.8054878266525,-0.854925130912917],[29.80460850181375,-0.857893292281059],[29.802571252095326,-0.860082760323398],[29.800906045709837,-0.860523723634566],[29.79175754906433,-0.870365927500707],[29.79038524962316,-0.86941341070503],[29.790698938042517,-0.868186151294526],[29.788541806496077,-0.864572201654663],[29.7869427108003,-0.863016559927564],[29.78229606892793,-0.861451630259063],[29.78265764248534,-0.860685840843785],[29.778734302283826,-0.854472252276426],[29.776911756956512,-0.854087867802514],[29.77621247877548,-0.852838533042512],[29.773314382901304,-0.85113029455128],[29.77318176513635,-0.849069505698148],[29.775054002991975,-0.84613806456097],[29.774219535311286,-0.845690301876746],[29.774029262853922,-0.843569445024675],[29.77114201714908,-0.843455396955315],[29.770949391396528,-0.842590151342322],[29.77182547153285,-0.839211397411929],[29.774449809206008,-0.836671491423327],[29.775170063862184,-0.834843264489464],[29.774303079485723,-0.835611265053612],[29.772683912532663,-0.835451193975864],[29.771312397748044,-0.836951791858544],[29.771226167015513,-0.835494969415175],[29.76999215097233,-0.834303738530513],[29.76472194769155,-0.832678556727794],[29.76335355500971,-0.829677906671913],[29.760690378794795,-0.828559380994993],[29.760168462284682,-0.825684569328734],[29.761722147525024,-0.825992397506177]]]}},{"type":"Feature","properties":{"n":"Kambuga Town Council","c":"414105","d":"Kanungu","od":"Kanungu","dc":"414","k":"KAMBUGATOWNCOUNCIL","a":["KAMBUGA","KAMBUGATOWNCOUNCIL"],"lat":-0.805455,"lon":29.802651},"geometry":{"type":"Polygon","coordinates":[[[29.77887460843925,-0.786808633122698],[29.78096853184542,-0.781847460518986],[29.785468807307904,-0.779883415563493],[29.78755016718554,-0.781905458824581],[29.789228240929138,-0.782013002217268],[29.78939150193471,-0.7821498008528927],[29.789388556352158,-0.782178718394577],[29.7911038434566,-0.783586013732255],[29.79167490274386,-0.785970526204702],[29.78947496330461,-0.790641413539884],[29.790171958623233,-0.791417401462943],[29.792021493299924,-0.7880599236246277],[29.792025043349938,-0.7880584813418674],[29.79677148028494,-0.7863265627691325],[29.797687838828747,-0.7874790661807235],[29.797690280470107,-0.787484956675755],[29.799780871932423,-0.788029138336022],[29.799781164833046,-0.7880290782828523],[29.799781410117728,-0.788029142238259],[29.800607049228834,-0.7878597478955407],[29.802378133549634,-0.787496623957697],[29.80353974758494,-0.7881235990471722],[29.8041334718153,-0.788444605733901],[29.80413418684147,-0.7884444445214204],[29.804134485524276,-0.788444605733901],[29.805452689878102,-0.7881471698829158],[29.807113651291,-0.7877726832948152],[29.808235353023598,-0.788664751626709],[29.808236207755975,-0.7886647140909376],[29.808236344073777,-0.788664822535264],[29.810565612733534,-0.7885624177286572],[29.810997892823824,-0.788543434047782],[29.81332875958664,-0.7898349903527208],[29.8154163426734,-0.79099176449789],[29.815416386782484,-0.7909917652101154],[29.81541656540133,-0.790991864184581],[29.8213967138567,-0.7912675126554509],[29.82544600565044,-0.8066548214716787],[29.823369235617488,-0.805836029178495],[29.82292138390049,-0.8059056277790142],[29.822526920053434,-0.805750473886395],[29.821900747755148,-0.8060642402050886],[29.82125627850322,-0.806164394243377],[29.81597387520679,-0.809034024604358],[29.814458526440355,-0.8115760210194035],[29.81397882809852,-0.8117534292252141],[29.810791410102816,-0.812931580524797],[29.805492658083757,-0.824685802871915],[29.803508174891753,-0.8278119182863686],[29.802242739397702,-0.8295106018761467],[29.796066826102685,-0.8315920285320552],[29.796061156491383,-0.831593668608161],[29.79118994943575,-0.8312581907240334],[29.788096860837534,-0.8269075249634067],[29.788096377589188,-0.826906811268028],[29.78714407002236,-0.8263541788887228],[29.786001681280894,-0.8256910767874204],[29.785787018712185,-0.822211428955955],[29.78672492940837,-0.818673589277211],[29.78522269213291,-0.8165645514465905],[29.784661591408955,-0.8147035684220131],[29.78405045599031,-0.81267637079898],[29.78404026074883,-0.8126627256741407],[29.78025417397681,-0.807488737549963],[29.780746381806193,-0.806034439974858],[29.77987800900066,-0.805159310601442],[29.780573507571567,-0.802606463934893],[29.779346636186972,-0.801501345133061],[29.778086943815836,-0.797536546537189],[29.77879360388016,-0.795005540405952],[29.777980819039758,-0.793386709078344],[29.7795902717992,-0.791019543503124],[29.77887460843925,-0.786808633122698]]]}},{"type":"Feature","properties":{"n":"Kanungu Town Council","c":"414106","d":"Kanungu","od":"Kanungu","dc":"414","k":"KANUNGUTOWNCOUNCIL","a":["KANUNGU","KANUNGUTOWNCOUNCIL","TOWNCOUNCIL"],"lat":-0.904211,"lon":29.77583},"geometry":{"type":"Polygon","coordinates":[[[29.751299412797408,-0.90298528307068],[29.752418883239798,-0.899110676291353],[29.755289346133296,-0.896455081236293],[29.757595045099777,-0.895449664015972],[29.758878689550503,-0.889924274777595],[29.761512895638297,-0.885133826954291],[29.75973115830921,-0.879625869281628],[29.759818648159744,-0.875733575771484],[29.76544059123307,-0.876277024312549],[29.76903369320023,-0.874984640167948],[29.768570364694536,-0.872575611419219],[29.771400960340813,-0.86957826129862],[29.771061369041256,-0.864271781374338],[29.772526604737084,-0.862883896380447],[29.76958571263265,-0.860887876170976],[29.76799385922379,-0.856360586064366],[29.77094376190658,-0.854847456603823],[29.772029324518503,-0.853353043276051],[29.771867603239258,-0.852058648258551],[29.773312888937173,-0.8511070793762211],[29.773314382901304,-0.85113029455128],[29.77368344593287,-0.8513478331364692],[29.776911047789547,-0.85408702403607],[29.77691131642593,-0.8540870807478311],[29.776911756956512,-0.854087867802514],[29.778734289592922,-0.8544722495998468],[29.782657638027608,-0.8606858502849741],[29.78229606892793,-0.861451630259063],[29.78229764118836,-0.8614521597763056],[29.782297550220996,-0.86145235287412],[29.78686093579324,-0.8629890191490387],[29.7869427108003,-0.863016559927564],[29.78694564521506,-0.8630194146022753],[29.790696915071653,-0.8681827621109388],[29.79069851340783,-0.8681854398829385],[29.787463175899855,-0.87666457892173],[29.78520617363183,-0.879146877801396],[29.78667663950034,-0.880873200466805],[29.78740243908999,-0.887297858266497],[29.792177831159524,-0.888000491993683],[29.79678386550583,-0.8922259773444],[29.800357206274857,-0.89269156325543],[29.800567474071123,-0.895882010648447],[29.80241923042743,-0.898008910762026],[29.802636224193897,-0.900292715069653],[29.801800354359397,-0.902668666054823],[29.804942365772373,-0.906200369317559],[29.804849267723114,-0.90827880623258],[29.806080126608503,-0.909892359946335],[29.80582766495273,-0.912002040824215],[29.80650412435892,-0.913089732812368],[29.810503296141906,-0.916378674530481],[29.80878027891944,-0.925020808940285],[29.802641290847582,-0.929159189918265],[29.80111233457581,-0.931409417941324],[29.804417421300485,-0.931152696681364],[29.806744052838557,-0.934908136869164],[29.8089379330379,-0.934232812086493],[29.807387517118922,-0.936006324847444],[29.807717858160267,-0.937728164960172],[29.80638680189745,-0.941990696354313],[29.804644444078765,-0.943084720439798],[29.803906166809078,-0.944577740277964],[29.79618885390906,-0.945579408919573],[29.794225764663476,-0.947340244142311],[29.79089448290547,-0.958348220480732],[29.790762421995392,-0.957458745374662],[29.788290724570086,-0.956302308084051],[29.78767364575408,-0.954879394239328],[29.786744977337303,-0.955634533599997],[29.784273532621057,-0.953366322406372],[29.782152781459743,-0.95323142191016],[29.78158223136702,-0.951410846327504],[29.779729713320684,-0.949897913501953],[29.77635077885522,-0.95215660914234],[29.775696386202274,-0.951734171278211],[29.77433028641248,-0.95258834636889],[29.76939756665755,-0.948991588425135],[29.771048110290852,-0.948280720916402],[29.77069665792706,-0.947013790500645],[29.769154820339445,-0.946496117413465],[29.76814042799699,-0.947885122008175],[29.766757487400525,-0.947562992882539],[29.761682888639694,-0.943966154064297],[29.762056492025238,-0.942681970647265],[29.75923719827886,-0.942947857487847],[29.758017292864093,-0.94132510514099],[29.756615485597376,-0.941234078157776],[29.754751194835382,-0.939404962759006],[29.75269245181031,-0.940778480242996],[29.75413624623082,-0.937990068148855],[29.754186041356242,-0.935576343438631],[29.752926982876723,-0.934206255984777],[29.753496880151438,-0.929918129264044],[29.756039362201854,-0.926546193859756],[29.75711386303679,-0.916247726942001],[29.754382213518188,-0.909886788907692],[29.750721230400966,-0.906035490994445],[29.748371232437318,-0.90521476482971],[29.748602791799282,-0.903206859851804],[29.751299412797408,-0.90298528307068]]]}},{"type":"Feature","properties":{"n":"Kanyantorogo","c":"414107","d":"Kanungu","od":"Kanungu","dc":"414","k":"KANYANTOROGO","a":["KANYANTOROGO"],"lat":-0.853455,"lon":29.6786},"geometry":{"type":"MultiPolygon","coordinates":[[[[29.713650194046334,-0.8305062687612],[29.714699203305347,-0.83068003784594],[29.713999985328755,-0.829244509633501],[29.715020750768335,-0.826941026378543],[29.720552741476485,-0.825558113281678],[29.72091091007779,-0.824318911795765],[29.72231537530695,-0.824089753195604],[29.72098615118796,-0.8225074981106],[29.719822432100738,-0.816192124556092],[29.71669516101398,-0.814077942668413],[29.71810663172452,-0.807659112328892],[29.717383262547525,-0.803223809597253],[29.715930164066524,-0.80172283216769],[29.715769857704974,-0.796448127299348],[29.716431837986725,-0.794765171668115],[29.71657632959896,-0.795379538967285],[29.717779721745718,-0.794680557433187],[29.717817779688914,-0.797978747622615],[29.719358443052755,-0.797598556010704],[29.71998270382044,-0.80104814997409],[29.721362096831935,-0.80119044508107],[29.72244631377045,-0.802465373070444],[29.723103820662708,-0.801818590791388],[29.72805457828239,-0.807010791077358],[29.73291769643793,-0.80852577885021],[29.73657960567825,-0.811146843485493],[29.736714398334662,-0.815550864102002],[29.734975386551934,-0.818381753615564],[29.73630768644166,-0.822810201084524],[29.736110183717944,-0.827584995681836],[29.73719624144025,-0.830153378348735],[29.737001500531296,-0.831985515861837],[29.735320030194973,-0.833428982620384],[29.734570646478467,-0.837453379722903],[29.732530259424163,-0.83978487151662],[29.73283792215202,-0.845848644982874],[29.72789120815118,-0.850884326033037],[29.717834725697912,-0.850131144369331],[29.717131783278287,-0.851899984733253],[29.714079122406968,-0.850271226087301],[29.709004903250158,-0.845982637955029],[29.70858473005577,-0.84286281359958],[29.705528922650654,-0.837057404827406],[29.71177655577431,-0.835726757000968],[29.713650194046334,-0.8305062687612]]],[[[29.654055889540842,-0.834948321861915],[29.65587011960877,-0.831945663414714],[29.659550109093328,-0.83091647433446],[29.66138766113589,-0.826125886034283],[29.663423595463133,-0.825883490080062],[29.66454851099161,-0.824884521054716],[29.668708251039593,-0.825515745788784],[29.671220673239798,-0.8244601670557],[29.672091787623867,-0.82530317307658],[29.67416731385489,-0.825442805882192],[29.676499914324634,-0.824645182697714],[29.679685684150968,-0.824776879153738],[29.682644654475823,-0.822914156826844],[29.687371718877188,-0.822395697511632],[29.68752530934872,-0.823418807111296],[29.68929028203228,-0.824647549817469],[29.692557960316208,-0.825429481130672],[29.69339736191958,-0.826471375054275],[29.695766682730767,-0.830263440421673],[29.695123584527636,-0.832191352542766],[29.695616921089336,-0.833850128698584],[29.697193569358014,-0.83376799405709],[29.698978936009496,-0.837257482399496],[29.69484743412739,-0.847127322326538],[29.694439324223243,-0.850462772682797],[29.69539713190906,-0.853146536101066],[29.69471002383589,-0.857697752740331],[29.690107452341017,-0.858860755564736],[29.683137985687022,-0.866623038606871],[29.67759187023224,-0.871327186094134],[29.67913545904888,-0.87351666830629],[29.67855011208485,-0.875401200734999],[29.673935778175284,-0.879421940981512],[29.672791308116665,-0.881670484063298],[29.674604223341486,-0.88358700167365],[29.673197176514236,-0.884805134597066],[29.672959839058883,-0.8844601132314693],[29.673061850719137,-0.88439021262867],[29.667300163215376,-0.876232525499685],[29.66502771824997,-0.8750862946712],[29.66455492462239,-0.8742159953310871],[29.66379661276523,-0.872819879372594],[29.664217151657628,-0.86998980020487],[29.66421640285246,-0.8699892157626848],[29.66421643450425,-0.869989002394539],[29.663858607957778,-0.8697099569653124],[29.6618605155017,-0.8681504464619055],[29.662333723145412,-0.8678177437149736],[29.662597665586894,-0.8676329330090089],[29.662750564510908,-0.8679028222361499],[29.66307313761374,-0.868474681969199],[29.6630738273797,-0.8684734290365834],[29.663073963670634,-0.868473669610246],[29.66345058467341,-0.8677890642998385],[29.663825043297113,-0.867108875006323],[29.663824945018366,-0.8671085683150821],[29.663825039468605,-0.867108396627536],[29.663411200804997,-0.8658153035212375],[29.664776826578958,-0.865781134495155],[29.664486533885434,-0.863401678227581],[29.663496954472066,-0.8622733522771369],[29.66397417853141,-0.8614466793114529],[29.664134301708955,-0.861169590472372],[29.664134205442302,-0.8611694721622684],[29.664134224641337,-0.861169438904675],[29.66402036541598,-0.8610295646783105],[29.662149903962565,-0.858730798908091],[29.661344174664354,-0.858862381987097],[29.66249479907718,-0.857321602456312],[29.662494581059114,-0.8573211949777564],[29.662494688697972,-0.85732105079924],[29.661396117652338,-0.8552670110190413],[29.662275515963653,-0.854768912485335],[29.662274645125407,-0.8547681316750316],[29.662275004944682,-0.85476792795645],[29.66200865407865,-0.8545296389917052],[29.661353360803417,-0.8539420904501941],[29.661534087732846,-0.8537644046256545],[29.66279699054701,-0.852526989207051],[29.662793539497464,-0.8525261457454],[29.662795253839658,-0.852524460250566],[29.6618717639962,-0.8523008570974521],[29.661605652117103,-0.852235817415488],[29.661248391691935,-0.8513563896861932],[29.661200040593705,-0.851236878395771],[29.66119983524997,-0.8512368637647972],[29.66119978256357,-0.851236734072623],[29.658545638337056,-0.851046914453283],[29.658372256871083,-0.8507914657511566],[29.65676186543711,-0.8484181375468076],[29.656873977967486,-0.8482441672179588],[29.65728510946701,-0.847609478456155],[29.657283636529396,-0.8476084806047631],[29.65728390191126,-0.847608068799144],[29.655021941370904,-0.8460762801642796],[29.654704296707962,-0.845861089672912],[29.65456062938039,-0.844563770365712],[29.653591767383382,-0.844714141067885],[29.654046958568408,-0.843987860218745],[29.65404018250006,-0.8439897087497336],[29.654042147914968,-0.84398653722127],[29.6516946167297,-0.8446293991273587],[29.650730977660785,-0.841768923514124],[29.648087602321826,-0.8424028963069975],[29.647819434132604,-0.8424670150348136],[29.648651057826235,-0.841693979722656],[29.648427179417514,-0.8416670582369727],[29.647272641077723,-0.8415276684247766],[29.647378043991214,-0.840099744128204],[29.64625010904419,-0.840511491658869],[29.646248613077773,-0.840509750238544],[29.645958884608472,-0.839862206577403],[29.645911129967946,-0.8401168938609205],[29.645712431027547,-0.839885592964107],[29.645716783725877,-0.8411533903334907],[29.645716649695967,-0.8411541051480979],[29.644978960038603,-0.840345422179481],[29.64497864944059,-0.8403459445627484],[29.644978288469808,-0.840345549084766],[29.644384997013105,-0.8413432624195516],[29.64351996492994,-0.8412594680162235],[29.64342174808658,-0.8412497710704184],[29.643622660731115,-0.840226447688376],[29.64361915222102,-0.8402262311447846],[29.641948679296053,-0.839578848921653],[29.641927205678194,-0.838750009956833],[29.651368230882056,-0.835117892130277],[29.654055889540842,-0.834948321861915]]]]}},{"type":"Feature","properties":{"n":"Kanyantorogo Town Council","c":"414108","d":"Kanungu","od":"Kanungu","dc":"414","k":"KANYANTOROGOTOWNCOUNCIL","a":["KANYANTOROGO","KANYANTOROGOTOWNCOUNCIL"],"lat":-0.815135,"lon":29.704671},"geometry":{"type":"Polygon","coordinates":[[[29.692138458315497,-0.813662203380923],[29.698329568610724,-0.810817147725747],[29.69551221842243,-0.807423214301098],[29.695550005783215,-0.802701980394367],[29.69326654512336,-0.800437477337257],[29.689458865917373,-0.798723903650471],[29.68964129802346,-0.797575857646387],[29.69552618721048,-0.797119749597712],[29.698810605569804,-0.791847172165878],[29.698836814262847,-0.793679990819848],[29.70080365209299,-0.795863515182632],[29.704809484540167,-0.806996152961688],[29.708759707000553,-0.80596736049541],[29.70984833068755,-0.803149768844445],[29.715928012330604,-0.8016520316590351],[29.715930164066524,-0.80172283216769],[29.717132442688648,-0.8029647253355993],[29.717999067018496,-0.8081482755777933],[29.716695622679328,-0.8140758431905368],[29.716695213276758,-0.814077376354523],[29.71669527619136,-0.8140774188856371],[29.71669516101398,-0.814077942668413],[29.719821969468814,-0.8161918117952199],[29.7209857833771,-0.822506221468635],[29.72098595315286,-0.8225064233961984],[29.72098615118796,-0.8225074981106],[29.72231537530695,-0.824089753195604],[29.72091091007779,-0.824318911795765],[29.720552741476485,-0.825558113281678],[29.715020750768335,-0.826941026378543],[29.715020566293305,-0.826941442669226],[29.715020349495735,-0.826941496844969],[29.714000100406757,-0.829244022690006],[29.714000153150078,-0.8292441309239635],[29.713999985328755,-0.829244509633501],[29.71469879833917,-0.8306792064308581],[29.714575226436082,-0.8306595009947004],[29.713650194046334,-0.8305062687612],[29.71191194008837,-0.8353495378600311],[29.711776428899448,-0.8357267840233229],[29.705972269552724,-0.8369629788936287],[29.705528919894185,-0.837057393750008],[29.705287214501933,-0.83605032890777],[29.7027047530224,-0.835355950374298],[29.698978942139597,-0.837257472337791],[29.698947171218155,-0.8371953983065781],[29.697193569358014,-0.83376799405709],[29.695616921089336,-0.833850128698584],[29.695123584527636,-0.832191352542766],[29.695766682730767,-0.830263440421673],[29.69339736191958,-0.826471375054275],[29.693396877406254,-0.826470773659795],[29.693396877389716,-0.826470773633329],[29.693396872489583,-0.8264707675570551],[29.692557960316208,-0.825429481130672],[29.690759560839037,-0.824999137399539],[29.689289668366108,-0.8246471225939521],[29.68752530934872,-0.823418807111296],[29.687525209207827,-0.8234181400444603],[29.68915670004976,-0.817824298923287],[29.692138458315497,-0.813662203380923]]]}},{"type":"Feature","properties":{"n":"Katete","c":"414109","d":"Kanungu","od":"Kanungu","dc":"414","k":"KATETE","a":["KATETE"],"lat":-0.784966,"lon":29.756414},"geometry":{"type":"Polygon","coordinates":[[[29.726263878071393,-0.791524178094971],[29.728495515696956,-0.790054252557613],[29.732081817395578,-0.787167737469972],[29.73395702246503,-0.783391173118205],[29.735540006098315,-0.781954476661513],[29.737201994885417,-0.77580524226057],[29.74002321722996,-0.77207143719173],[29.743406467947608,-0.768490048418469],[29.75378973328825,-0.761688913516349],[29.757045193424638,-0.761405216252515],[29.761872928726646,-0.758198801749766],[29.76572765310432,-0.759326665152694],[29.76760318294681,-0.760723978139006],[29.76795161662159,-0.757284270308079],[29.77088644996681,-0.758406574697789],[29.771119027308686,-0.759368882470026],[29.774006747134024,-0.761372557077619],[29.774684706278247,-0.758688134964739],[29.776569211767015,-0.75769800490391],[29.77697316547953,-0.75507796874339],[29.779051790392813,-0.75607340333672],[29.779068478473505,-0.760095731629055],[29.78203476982198,-0.76073340215363],[29.781681398269527,-0.759581381103121],[29.783779942833963,-0.754356846981653],[29.783208985390946,-0.750872662529673],[29.7838774533634,-0.747393683379205],[29.78424469323744,-0.7473879002564244],[29.78630293487089,-0.7491997925161376],[29.78615523195359,-0.752063080441516],[29.786312784889063,-0.7521269630748275],[29.786304935840025,-0.752249526214755],[29.78887361665366,-0.7531652977532481],[29.7889234644702,-0.753185509434965],[29.78743107910336,-0.755008904212514],[29.78780606003926,-0.755563612651653],[29.788043194848548,-0.7559154053074569],[29.787337201641794,-0.75611010258467],[29.789177003024772,-0.7589700269519475],[29.789336002711238,-0.7608138983830102],[29.789622369726718,-0.764137826401083],[29.790598416434126,-0.765534634269593],[29.79087497984007,-0.765930751726726],[29.79087521310446,-0.7659307544185227],[29.79087580404617,-0.76593160010759],[29.794234444354053,-0.76597187202458],[29.794248055503203,-0.766032795994437],[29.796547949577075,-0.7787404071047765],[29.796543149296518,-0.7787445374845874],[29.794657528118986,-0.7798356422338985],[29.792810934210824,-0.7799839205635904],[29.789921881394378,-0.7795297783985076],[29.789918209937447,-0.779527597817873],[29.7896027363712,-0.780076058048589],[29.78939150193471,-0.7821498008528927],[29.789228240929138,-0.782013002217268],[29.787550260359467,-0.7819054647958561],[29.785469191609387,-0.779883750023613],[29.785469163986956,-0.7798837620775599],[29.785468807307904,-0.779883415563493],[29.78096853184542,-0.781847460518986],[29.778987780215918,-0.7865404930769486],[29.778874878660506,-0.786807853387702],[29.778874895550743,-0.7868079528639671],[29.77887460843925,-0.786808633122698],[29.7792946181841,-0.7892799394567074],[29.779590045023237,-0.7910198770427407],[29.777980819039758,-0.793386709078344],[29.777981330779205,-0.7933877283146851],[29.777980929044617,-0.793388319437374],[29.778793594984734,-0.7950055722662253],[29.778682949286893,-0.7954018659776853],[29.778086919805585,-0.797536298669057],[29.77808696942101,-0.7975364548285196],[29.778086943815836,-0.797536546537189],[29.779346636186972,-0.801501345133061],[29.77934673341072,-0.8015014327084912],[29.7793467625762,-0.801501524503854],[29.779810023359165,-0.8019187465680819],[29.780573507571567,-0.802606463934893],[29.780249183152787,-0.803796905649663],[29.77987822638142,-0.805156863150224],[29.779878578730756,-0.8051572193914281],[29.77987800900066,-0.805159310601442],[29.780694986794416,-0.8059826450727541],[29.780746339495195,-0.806034564988681],[29.78025417397681,-0.807488737549963],[29.780481825998944,-0.807799842109864],[29.780469289043925,-0.807883401604719],[29.780314308458927,-0.8081285506363777],[29.778455797700282,-0.811068079627676],[29.77253490068848,-0.811781106622408],[29.772352957849414,-0.81427322058873],[29.77101093766853,-0.8157298534095533],[29.77080139090959,-0.815859878735744],[29.765963400759556,-0.81886157906999],[29.761791277702514,-0.820100061128063],[29.759570255028834,-0.819266272813797],[29.759456423865043,-0.820716701338969],[29.75840024270169,-0.82130193351512],[29.755236411744647,-0.820573991853789],[29.752655986358004,-0.819706963064029],[29.752395210541042,-0.817542033073408],[29.748993464295136,-0.814210306356546],[29.74830597054547,-0.812322497413662],[29.741941648165007,-0.810487347017806],[29.73717200633165,-0.811456970049978],[29.732922398902563,-0.8085291447074544],[29.73291769643793,-0.80852577885021],[29.728374714567252,-0.807110521855369],[29.723254830248514,-0.801913002926842],[29.723217921588045,-0.8019382562855765],[29.723103820662708,-0.801818590791388],[29.722446513817122,-0.8024651762867412],[29.721362238500678,-0.801190539525969],[29.721362171223806,-0.801190532558284],[29.721362096831935,-0.80119044508107],[29.721167312730312,-0.8011703515875207],[29.71998261434776,-0.801047655558248],[29.719358443052755,-0.797598556010704],[29.719357359333443,-0.7975988234416049],[29.719356987139875,-0.797596768078544],[29.718114268405945,-0.7979055826951645],[29.717817796981763,-0.7979787433552351],[29.718067265538956,-0.794934100990769],[29.717783624377518,-0.7950187686142174],[29.717779721745718,-0.794680557433187],[29.71657770994034,-0.7953787372060827],[29.716576243952982,-0.7953791748071173],[29.716431837986725,-0.794765171668115],[29.71629128461742,-0.7951225011700378],[29.715606842536843,-0.794500894156697],[29.716135019960248,-0.792752494589757],[29.715521197992167,-0.792038157771162],[29.721769114495682,-0.792244782190996],[29.726263878071393,-0.791524178094971]]]}},{"type":"Feature","properties":{"n":"Kayonza","c":"414110","d":"Kanungu","od":"Kanungu","dc":"414","k":"KAYONZA","a":["KAYONZA"],"lat":-0.965907,"lon":29.703825},"geometry":{"type":"Polygon","coordinates":[[[29.62794811431803,-0.929574334648752],[29.63074017857369,-0.921742514027196],[29.630119530835138,-0.918750854563594],[29.63361904441555,-0.915201368861278],[29.634133913105007,-0.913144693441401],[29.637556129335486,-0.908734394653866],[29.63744319134767,-0.907362340696832],[29.639577972938152,-0.905531359248706],[29.63953555320651,-0.9057527336332223],[29.63902364410612,-0.906783861745556],[29.639175818568688,-0.9076300683299164],[29.639022150959427,-0.908432008160809],[29.63944901865748,-0.909149270107191],[29.639560964285778,-0.909771773555915],[29.639991430176625,-0.9100606792949443],[29.640115324679112,-0.910268858111013],[29.647198974453836,-0.9148979984653217],[29.647205707618657,-0.91490251740631],[29.647205876692077,-0.9149025090538715],[29.64720598710303,-0.914902581207043],[29.64888107583719,-0.9148197521187423],[29.650938554495067,-0.914718110097066],[29.65657370423178,-0.909858551883866],[29.6574277685124,-0.907416832163979],[29.657776040774486,-0.904856777374813],[29.65703720140161,-0.9036383007637876],[29.65715724084276,-0.9035756813381917],[29.658469171467758,-0.902893454536556],[29.658468119144118,-0.9028918523777093],[29.65846858603445,-0.902891608821057],[29.657064876886867,-0.9007551800938907],[29.65796742981834,-0.899003012472567],[29.657967326041373,-0.8990027981583218],[29.65796737439146,-0.899002704288609],[29.65769731485653,-0.8984451865212686],[29.65742570880412,-0.897884281255034],[29.655649261967582,-0.8976835358182749],[29.655794872708896,-0.897012315983452],[29.65589753606889,-0.8965410977200727],[29.661345080276558,-0.8951109647995082],[29.661945187814457,-0.894953454085205],[29.661945229194092,-0.8949534089006498],[29.661945297766906,-0.894953390898366],[29.6648230940038,-0.8918110740325362],[29.672969586616077,-0.889950461028338],[29.671659725863123,-0.8883352982344258],[29.671839315980126,-0.8852279199553439],[29.671841905634686,-0.885226145467856],[29.673165383095697,-0.8847589159811917],[29.673197176514236,-0.884805134597066],[29.67330921488297,-0.8847081388020455],[29.673675048907473,-0.884578987797583],[29.674096295830505,-0.8840267334664044],[29.674604223341486,-0.88358700167365],[29.674508722170284,-0.8834860429118094],[29.67522378151935,-0.88254860075857],[29.67621093324187,-0.88331022652653],[29.681766668969285,-0.882875074277687],[29.68594793266353,-0.880046703346071],[29.692255139748973,-0.884591119314009],[29.700996176883585,-0.8811767383511],[29.703766424333836,-0.887804342316802],[29.705818362344736,-0.889350527849879],[29.723696091424557,-0.884792026577947],[29.728027675872756,-0.886289137361184],[29.729519366830832,-0.884685029769479],[29.731036434832628,-0.887393973945746],[29.731398111385,-0.896226530431392],[29.729589721284192,-0.899215130239418],[29.726932822393884,-0.900380512822606],[29.724315845777166,-0.90400865249374],[29.722555663305997,-0.904247716009528],[29.72408967349303,-0.906697204583025],[29.727766064396167,-0.907661134316525],[29.728872751199557,-0.910345499544681],[29.730819699613967,-0.912106308185761],[29.728959310571152,-0.914008402206259],[29.721153392101236,-0.917656348797514],[29.721837161066613,-0.924709302955778],[29.72385182507094,-0.931270004314883],[29.726887950513202,-0.932006034934502],[29.727900412264898,-0.93369982265169],[29.729896789141122,-0.93215496661018],[29.733699166599404,-0.932995423452279],[29.736150871137546,-0.931862664823952],[29.73762894557272,-0.933800948055276],[29.741612629457055,-0.936178162782425],[29.744707298472136,-0.935000868597306],[29.747220938613918,-0.935692894993735],[29.752225502928287,-0.93891252330662],[29.752729538624777,-0.9407068541717795],[29.75269245181031,-0.940778480242996],[29.752740629730187,-0.9407463377101573],[29.75275646026342,-0.940802693271066],[29.74672712270479,-0.956437663161037],[29.748149879037754,-0.963913498656422],[29.751926575379986,-0.968746859213781],[29.752678634412106,-0.972954336009404],[29.74860956871075,-0.979408719038006],[29.74462635681662,-0.976485556167089],[29.744794386672524,-0.974967623742726],[29.743652754776942,-0.976175113134101],[29.741287579982327,-0.975846749523017],[29.739314817751644,-0.973829203261022],[29.738314387492583,-0.970819862896885],[29.736656835011942,-0.970187075702306],[29.736303299401165,-0.9714908352835],[29.732239224535906,-0.972718727998924],[29.729784310525204,-0.974450497739492],[29.728136991385995,-0.978324645662513],[29.718582712008853,-0.976803666018226],[29.716037360220774,-0.978666237996409],[29.713966758025368,-0.976527370418512],[29.711795430067035,-0.975879638530439],[29.710489898219375,-0.97364166188103],[29.71122240601114,-0.973192140229565],[29.708430772255138,-0.972136543916457],[29.7088770763144,-0.96995033046169],[29.704508864175082,-0.970617748368749],[29.700137146027643,-0.973101147845578],[29.695090996163447,-0.971346733412964],[29.694278315144622,-0.972215540756233],[29.69528694196322,-0.973433906891174],[29.693756351882882,-0.974925418176248],[29.695035007620472,-0.977933004988589],[29.694844284139084,-0.982842282307223],[29.691420799683204,-0.985548603540895],[29.668911667024926,-1.054408047920503],[29.665493445077335,-1.053704297892432],[29.65859300980749,-1.051086890522039],[29.651930890057912,-1.045138610462759],[29.647693053053203,-1.043725747644326],[29.647759855633648,-1.04318491043876],[29.657060377258944,-0.967900434337598],[29.65949990879526,-0.962390303425791],[29.658679934619467,-0.960828060281954],[29.65904127365809,-0.960650758161295],[29.659749254237532,-0.960304725993352],[29.659748409681722,-0.96030378010694],[29.6597487687179,-0.960303603934789],[29.65865933362564,-0.9590840356777379],[29.65860079149116,-0.959018469602709],[29.65711664290212,-0.9593183490581635],[29.657233188755324,-0.956717175708993],[29.657232744729804,-0.9567167861621367],[29.657232775213163,-0.956716108804653],[29.654467726414445,-0.954290728018133],[29.653801717340183,-0.951800890577923],[29.650986733502968,-0.9502863363839618],[29.65083610273539,-0.9502052505569888],[29.64610840252237,-0.9442669489031336],[29.64733563088851,-0.9409206141646093],[29.647336914609898,-0.940917723590218],[29.647336764889452,-0.9409175220369761],[29.64733676914486,-0.940917510433576],[29.647336705058986,-0.9409174414933708],[29.646223442443308,-0.939418770502367],[29.645677037909195,-0.9391320590942894],[29.645266442181295,-0.938690361862517],[29.64293946138825,-0.9376955878169919],[29.642934830127313,-0.937693157684625],[29.640555460725047,-0.939055798779047],[29.639877314321485,-0.94035260178455],[29.640034864152607,-0.9425865693929874],[29.64012739102059,-0.9438994426487917],[29.638526374196196,-0.9456427134864286],[29.638280386785222,-0.945910423974036],[29.638280392974448,-0.945910550703341],[29.638280311868268,-0.945910639015992],[29.638285749484634,-0.946020229480986],[29.638405802535015,-0.9484784105286628],[29.632315394097073,-0.9449304469557686],[29.63081455134573,-0.944055302843408],[29.63081447788754,-0.9440560891698065],[29.630809503900938,-0.944053191577067],[29.630670337060916,-0.945591113750073],[29.628346880741606,-0.946216876670147],[29.628346796139425,-0.9462171515561728],[29.628346508436852,-0.946217228759003],[29.628335187259413,-0.9462548706643102],[29.62796172996492,-0.947468293153315],[29.62376702595405,-0.9451231036353589],[29.62335065635664,-0.9445409759910297],[29.620676299352116,-0.940801232193424],[29.62063869867913,-0.9407997602220728],[29.619156357347507,-0.940709739417531],[29.618969133697995,-0.937946945253843],[29.620519145254303,-0.934656066799191],[29.62794811431803,-0.929574334648752]]]}},{"type":"Feature","properties":{"n":"Kihanda","c":"414112","d":"Kanungu","od":"Kanungu","dc":"414","k":"KIHANDA","a":["KIHANDA"],"lat":-0.831455,"lon":29.750611},"geometry":{"type":"Polygon","coordinates":[[[29.732773700103287,-0.8445828824455617],[29.732530259424163,-0.83978487151662],[29.734570646478467,-0.837453379722903],[29.735320030194973,-0.833428982620384],[29.737001500531296,-0.831985515861837],[29.737001701200345,-0.8319836279519334],[29.737001840553198,-0.831983508319488],[29.737114093807765,-0.8309262296201989],[29.73719624144025,-0.830153378348735],[29.736110183717944,-0.827584995681836],[29.73630768644166,-0.822810201084524],[29.736307504521022,-0.822809596396351],[29.736307509471725,-0.82280947664124],[29.735954911464987,-0.8216376081385974],[29.734975386551934,-0.818381753615564],[29.736714398334662,-0.815550864102002],[29.73671438581835,-0.8155504551620177],[29.73671442531448,-0.815550390861644],[29.736579617093373,-0.811146846452985],[29.73678638105394,-0.8111912882241521],[29.73717200633165,-0.811456970049978],[29.737609075867603,-0.8113681179509051],[29.738412200563094,-0.811540741283511],[29.742346348928642,-0.8106040423582033],[29.74830597054547,-0.812322497413662],[29.748993464295136,-0.814210306356546],[29.748994150072964,-0.8142109780187303],[29.748994253303632,-0.814211261427331],[29.75239530681118,-0.8175428322967235],[29.752655986358004,-0.819706963064029],[29.755236411744647,-0.820573991853789],[29.75694854328668,-0.8209679231023436],[29.75817936403878,-0.821329491651575],[29.758289820932532,-0.8212765274149908],[29.75840024270169,-0.82130193351512],[29.759450548287948,-0.8207199570084408],[29.759455318743534,-0.820717669568248],[29.759455348236735,-0.8207172973468478],[29.759456423865043,-0.820716701338969],[29.75956338337575,-0.8193538309245538],[29.75957031919045,-0.8192662969005413],[29.761324642631187,-0.8199248828761215],[29.76140028000907,-0.8204538488011723],[29.76117506731977,-0.822141335077222],[29.76211233784352,-0.8254349238275827],[29.760666293770388,-0.825783203566184],[29.760168462284682,-0.825684569328734],[29.76020647510475,-0.8258939508993038],[29.759918448084342,-0.825963322211867],[29.760689799928535,-0.8285561924936891],[29.760690378794795,-0.828559380994993],[29.760690801259056,-0.828559558428661],[29.760690867317706,-0.828559780482332],[29.76171494977991,-0.8289896976027572],[29.76335355500971,-0.829677906671913],[29.76472194769155,-0.832678556727794],[29.76477677453654,-0.8326954637778696],[29.77016976521618,-0.8344751946262414],[29.77041324384473,-0.8347102314911871],[29.771312103802668,-0.8369468258074668],[29.771312397748044,-0.836951791858544],[29.772683912532663,-0.835451193975864],[29.774303079485723,-0.835611265053612],[29.774303279916936,-0.8356110875056773],[29.774303298342566,-0.835611089328966],[29.77430330749096,-0.8356110630797872],[29.775138227983142,-0.83487146565863],[29.775156657760316,-0.8348772932823356],[29.774449809206008,-0.836671491423327],[29.77182547153285,-0.839211397411929],[29.770949391396528,-0.842590151342322],[29.770949474177915,-0.8425905231837294],[29.77094936562736,-0.842590941867895],[29.770974538011476,-0.8427031061159087],[29.77114201714908,-0.843455396955315],[29.771143382468466,-0.8434554508863121],[29.77114339473332,-0.843455505536594],[29.771782588444875,-0.8434806999350546],[29.774029262853922,-0.843569445024675],[29.774219535311286,-0.845690301876746],[29.774219969013988,-0.8456905345950293],[29.77422000422186,-0.845690926544561],[29.774873278717227,-0.8464210321186959],[29.77318176513635,-0.849069505698148],[29.773181800245624,-0.8490700512721163],[29.77318158004323,-0.849070322541187],[29.773312874691307,-0.8511070887556279],[29.771867603239258,-0.852058648258551],[29.771881959929438,-0.852173557244705],[29.771791452294256,-0.852239475577547],[29.76225278294469,-0.8470080252589],[29.761571940777426,-0.847791137714806],[29.75678749448066,-0.845277233962185],[29.753322227072843,-0.850092988385787],[29.75215162412276,-0.850756318443886],[29.750799823881515,-0.850116973126752],[29.746106512949517,-0.85235942226726],[29.743576861159415,-0.852400173363219],[29.741842114780177,-0.849743731958697],[29.740533328934575,-0.851195673398095],[29.736224458031046,-0.851939250985959],[29.732138872543914,-0.851844041033957],[29.728727436356102,-0.85037807991782],[29.7328327458538,-0.845853914377234],[29.73283792215202,-0.845848644982874],[29.732837901248327,-0.8458482329887083],[29.732838266868495,-0.845847830065089],[29.732773700103287,-0.8445828824455617]]]}},{"type":"Feature","properties":{"n":"Kihembe","c":"414113","d":"Kanungu","od":"Kanungu","dc":"414","k":"KIHEMBE","a":["KIHEMBE"],"lat":-0.808588,"lon":29.664981},"geometry":{"type":"Polygon","coordinates":[[[29.627143888556407,-0.792495256831762],[29.62776360091484,-0.790806110488792],[29.629223555723986,-0.790065009727238],[29.62944931975853,-0.788612639452162],[29.630718529273295,-0.788826862638589],[29.631433457219078,-0.787983016711811],[29.630932657974746,-0.78616939412899],[29.629292277406154,-0.784600861841536],[29.629163787006846,-0.782901927782579],[29.630276058393836,-0.782531420563361],[29.630163021185272,-0.781688746185651],[29.62912095266715,-0.78144568994426],[29.629249027961233,-0.780462825452013],[29.62915900686865,-0.7805728332392331],[29.6302163273875,-0.7754272067141723],[29.63070246736037,-0.776895944003669],[29.63236656403321,-0.77784482570909],[29.634779119954455,-0.777803090518979],[29.63542007153773,-0.780488407439849],[29.636542436875,-0.780059154432163],[29.640625289593213,-0.788171174438834],[29.642260313454095,-0.789603369785122],[29.647597751476194,-0.791427209424566],[29.65328376512095,-0.790813640001262],[29.658239874555715,-0.795613548284507],[29.667306152440197,-0.800354950896515],[29.679632197467505,-0.797477637002086],[29.681265125172644,-0.795379411105941],[29.684378646750012,-0.796963076931395],[29.687106232402492,-0.797075136590109],[29.689492377277926,-0.7985130165188133],[29.689458865917373,-0.798723903650471],[29.69097351103703,-0.7994055409107155],[29.694165628020688,-0.8013290959253898],[29.6952169098965,-0.8023716499152672],[29.69554797379302,-0.8029558616076159],[29.69551221842243,-0.807423214301098],[29.697446830171724,-0.8097537529423121],[29.69832922104479,-0.8108173074457928],[29.692138458315497,-0.813662203380923],[29.692138211758706,-0.8136625475379037],[29.692138169659476,-0.813662566858593],[29.689381167614847,-0.81741835977682],[29.689284319960368,-0.8176461603172324],[29.68915670004976,-0.817824298923287],[29.689043331447984,-0.8182130022676023],[29.687259875445992,-0.8224079643783014],[29.682652796967943,-0.8229132637671073],[29.682645260551208,-0.82291398578177],[29.68264505939443,-0.8229141124158085],[29.682644654475823,-0.822914156826844],[29.67968574563131,-0.8247768404508138],[29.678646257276377,-0.8247339103131933],[29.676499914324634,-0.824645182697714],[29.676499692112195,-0.824645258682348],[29.676499682838454,-0.824645258299349],[29.676392966927377,-0.8246817529225249],[29.67416731385489,-0.825442805882192],[29.672091787623867,-0.82530317307658],[29.671220673239798,-0.8244601670557],[29.67121960027724,-0.8244606178543185],[29.671219332340694,-0.824460358747317],[29.668708204572305,-0.8255157387375495],[29.66870617539765,-0.8255154308180118],[29.664846966615027,-0.824850434305326],[29.66469092116269,-0.8249061312566351],[29.66454851099161,-0.824884521054716],[29.664412117114924,-0.8250056441565033],[29.6617584655364,-0.825952806028556],[29.66164389784652,-0.8260953787919088],[29.66138766113589,-0.826125886034283],[29.661176034350984,-0.826677607442056],[29.660247102505853,-0.827833608582196],[29.65954994201256,-0.8309165210622292],[29.656291607186798,-0.8318277852483252],[29.655870263640093,-0.831945568314035],[29.655870223792608,-0.8319456342774384],[29.65587011960877,-0.831945663414714],[29.654055889540842,-0.834948321861915],[29.651368230882056,-0.835117892130277],[29.64817145188263,-0.8363477456409557],[29.645648731271766,-0.836947692764415],[29.64193191034136,-0.8387481999954589],[29.641927205678194,-0.838750009956833],[29.641948679296053,-0.839578848921653],[29.64247258990052,-0.8397818874784434],[29.64267589835304,-0.8401680139600747],[29.64133926798147,-0.8400855177627392],[29.640639209633136,-0.838300881837128],[29.640495363387842,-0.8383978522498278],[29.6403257866567,-0.838058664474395],[29.639895946199264,-0.83879580105907],[29.639893343885458,-0.83878672574334],[29.639515092559748,-0.8366865649120464],[29.640876550061872,-0.835337256450611],[29.639222031193544,-0.83464027243032],[29.64000662798485,-0.833983414918013],[29.638880821721084,-0.8327220571748599],[29.638929877384633,-0.8321284836459527],[29.64098654810111,-0.830625117723697],[29.639907318786292,-0.828858182659058],[29.640690768976675,-0.82781452433391],[29.639464738406804,-0.827673212954502],[29.640362615258802,-0.825657310186881],[29.639518112404886,-0.8250108399008796],[29.639538349197263,-0.8247659747131465],[29.640847044039333,-0.824193095300721],[29.640207129418634,-0.823718550370333],[29.640746548980474,-0.823813300071211],[29.640780430072912,-0.822084150544405],[29.639776716190788,-0.821006663665707],[29.639546420933012,-0.8210777028172469],[29.6391721730306,-0.8203068638540748],[29.63990749390976,-0.819193807124825],[29.63891929078059,-0.8197860019062873],[29.638698331041017,-0.819330890800901],[29.63890749525726,-0.818781900273879],[29.638395964880186,-0.8187081067681394],[29.63814932849852,-0.8182001094447133],[29.638265379688697,-0.817222974730279],[29.637524529855103,-0.8169132107463298],[29.636877590465886,-0.815580708720778],[29.63710886723083,-0.815209735466025],[29.636563748359965,-0.8149342876667915],[29.635501387574376,-0.8127461415711033],[29.635538902331096,-0.810970115770914],[29.63433773915395,-0.8103493731827571],[29.631920864399653,-0.8053713326440631],[29.63229718061098,-0.805056452450727],[29.63247025494923,-0.80384485328278],[29.63366835197341,-0.803459004584431],[29.633681779954035,-0.802659764443658],[29.632654719008364,-0.802360506374327],[29.633126473081692,-0.800719571585617],[29.6320550957165,-0.800504524245837],[29.631783838575387,-0.799519430577792],[29.633241296662813,-0.799831384507774],[29.63362506407967,-0.798507976498227],[29.63256905431848,-0.798120430948727],[29.633298826218695,-0.79728302825973],[29.63121276381156,-0.797449293857366],[29.630341883564284,-0.796378541179396],[29.63082863170088,-0.79548279931044],[29.629842189555927,-0.796078724040762],[29.62884748451908,-0.795178352274145],[29.627415144686495,-0.795493377769185],[29.62698684486481,-0.794336964171452],[29.628013596961136,-0.792810951903689],[29.627143888556407,-0.792495256831762]]]}},{"type":"Feature","properties":{"n":"Kihiihi","c":"414114","d":"Kanungu","od":"Kanungu","dc":"414","k":"KIHIIHI","a":["KIHIIHI"],"lat":-0.536483,"lon":29.698819},"geometry":{"type":"MultiPolygon","coordinates":[[[[29.62583600389165,-0.720571140529685],[29.62571706059357,-0.719442996257609],[29.62868766100327,-0.717158597227062],[29.627951659545367,-0.715662897058079],[29.627361244441527,-0.715854027017137],[29.627857450319617,-0.713445681909673],[29.62721730883095,-0.711746720650786],[29.62800958638312,-0.71068391114697],[29.626682930930293,-0.708281556452704],[29.627605910887148,-0.707276419020613],[29.627013209548135,-0.705536075274966],[29.62876472513752,-0.704990143713483],[29.628557869627304,-0.7027199281177632],[29.629430063743246,-0.7020373414183304],[29.630457167405055,-0.702086184356556],[29.631097549498623,-0.70286896668201],[29.632327210388492,-0.700581969795248],[29.633199630338037,-0.700984289238139],[29.63384216299688,-0.700197319505888],[29.633202572983386,-0.698737761562683],[29.633473434950723,-0.695649376769617],[29.63548601891304,-0.695525305057536],[29.636076412164527,-0.692998214544436],[29.635224460549818,-0.692809213214354],[29.63470284018869,-0.691429482942026],[29.636065202489075,-0.690383622799123],[29.635779225256986,-0.689151200496417],[29.637483698209245,-0.688214236388959],[29.635636426362197,-0.687598909129012],[29.635564141822407,-0.68502601651816],[29.637905546512886,-0.684378306229751],[29.63732624837154,-0.68068726136132],[29.638531862884502,-0.679017063771612],[29.636212303887653,-0.678731506182278],[29.63658995190513,-0.676256688694052],[29.64166815725674,-0.673919429483375],[29.642471650500212,-0.670153962381216],[29.64551165255246,-0.664213439211947],[29.64612838449657,-0.664235765852508],[29.64700244873853,-0.662069268857394],[29.648944747577033,-0.662964989077415],[29.649239085838126,-0.659715187676466],[29.651890066468578,-0.657847167581969],[29.652206755860522,-0.653090064637918],[29.65137868529753,-0.652829223526738],[29.65133670474985,-0.6526985327426095],[29.65125589637996,-0.648738922618152],[29.651624854191304,-0.648495445333796],[29.65123630248137,-0.6477788215870423],[29.651221006311303,-0.6470293092539631],[29.652120391319453,-0.645630858729695],[29.65208332096996,-0.641785580933296],[29.65293510148685,-0.640419735177406],[29.654994665590902,-0.640367021467863],[29.654544539788823,-0.638726555563994],[29.655954178658284,-0.638188339349698],[29.657277608683486,-0.634799977269334],[29.658320459199558,-0.634215913436359],[29.658377252686186,-0.632043000345695],[29.660887043811723,-0.630798042609754],[29.660815118782807,-0.629625005971324],[29.66171385550022,-0.629196331701867],[29.66269595709011,-0.626296840971872],[29.664138630815053,-0.625057410455391],[29.66258828269468,-0.6246040043358405],[29.6628,-0.6243],[29.656875297803854,-0.6128894624370503],[29.657051995986105,-0.612229179842959],[29.656222666265652,-0.611158161913533],[29.656884971026855,-0.610469236350977],[29.656079764694258,-0.609894536078459],[29.65500159322301,-0.606000846064574],[29.65431394604521,-0.606974914480742],[29.653702683869447,-0.6067792430078232],[29.653037717132356,-0.6054985663289854],[29.65274920659071,-0.603756649640986],[29.653635707998113,-0.602507116114235],[29.65197849853702,-0.601917126393942],[29.651740917201263,-0.600437370261732],[29.652426051277637,-0.599667781574632],[29.65020086252217,-0.599006620261345],[29.650591065902546,-0.5978389050348051],[29.652443809470586,-0.5971772109033627],[29.653314203380233,-0.597434372819741],[29.65672315485151,-0.596052340909461],[29.657295308142857,-0.597258684849251],[29.659162003687563,-0.595476036188701],[29.660156734572226,-0.596735598238399],[29.66088735890612,-0.596545710095454],[29.660274770756537,-0.595138545746615],[29.66077190668474,-0.594848109426182],[29.66339615642998,-0.596579874192638],[29.662749365870432,-0.595049767568374],[29.663341002190702,-0.594334585535278],[29.66516497357829,-0.594563302545683],[29.665400454329987,-0.592992029765746],[29.667484063536705,-0.592967376583009],[29.668099404562618,-0.591773885529388],[29.669732068468093,-0.592003965524983],[29.671471411460946,-0.588243785224362],[29.671116124182305,-0.587295495080007],[29.673129017642207,-0.586980542900507],[29.671755953708207,-0.5861349773362211],[29.671877180362024,-0.5859157376431471],[29.673648416259738,-0.585455219748588],[29.672733952930802,-0.5843662553379138],[29.67370769248788,-0.5826052369900022],[29.67418051757325,-0.582047201790979],[29.67417067889217,-0.5817679211524586],[29.67547088896902,-0.5794164773964566],[29.676095054738077,-0.579372207605068],[29.676075417846608,-0.5783231804901751],[29.676184074248063,-0.5781266742322296],[29.676936423824067,-0.578075364230732],[29.676649563713642,-0.5772848315817121],[29.677141934061126,-0.5763943745703046],[29.67783527081238,-0.57623098686808],[29.67803684236064,-0.5747759233903336],[29.67842818797652,-0.5740681706807584],[29.679940477789412,-0.574322653924933],[29.679727850412437,-0.573437178517219],[29.680839880140308,-0.572649916472176],[29.68029540937076,-0.572081024495788],[29.68269662834995,-0.568245550825765],[29.68216158162929,-0.5673162885427706],[29.682452845822294,-0.5667895341511738],[29.68300376761465,-0.567034548752],[29.68387916143751,-0.56610384269628],[29.682957580754366,-0.5658767156569978],[29.683,-0.5658],[29.682447094829623,-0.5652130698960619],[29.682540722755686,-0.564851340799432],[29.683888691987264,-0.56487607331789],[29.68398413611214,-0.563917166849593],[29.681782324890413,-0.563896677978067],[29.682371278009054,-0.561528874513422],[29.68021816000243,-0.561969462416804],[29.678680775073925,-0.5612149766169354],[29.67799618117501,-0.5604882538627047],[29.678853555147445,-0.557539973665419],[29.67740861540388,-0.556326675408365],[29.674093512199153,-0.555768104827508],[29.673753054818285,-0.5559840120378692],[29.670494175031138,-0.5525245858022821],[29.670975399971255,-0.549632141152319],[29.670563813874825,-0.5495156951140535],[29.672984003150837,-0.5388517361166315],[29.67402929252226,-0.538577308501077],[29.673172036253685,-0.5371379879129105],[29.67274417573675,-0.5254787888263549],[29.67463548200415,-0.52311879416662],[29.674077546186073,-0.521053803995587],[29.672507764373435,-0.5190365791760811],[29.67239488519116,-0.5159606214590486],[29.672853626350868,-0.514368124244117],[29.67228839582654,-0.5130587862732208],[29.672250059440238,-0.5120141197464804],[29.672803786748897,-0.51033997122436],[29.672764690146618,-0.505862109555503],[29.672012730998667,-0.5055469197136357],[29.672,-0.5052],[29.67405999305908,-0.4975842680846263],[29.674263413347973,-0.497479676456693],[29.674172924686445,-0.4971667632804221],[29.67429660092879,-0.49670953596023076],[29.67495846034778,-0.496627224692698],[29.675504749726915,-0.494957014619509],[29.67711160545461,-0.494876042203908],[29.675170158113875,-0.49270163992124866],[29.674928207461477,-0.4921456682093484],[29.67568946810713,-0.490541831750418],[29.674788396563457,-0.486634915117302],[29.67282240983283,-0.48544970066212],[29.671648362043126,-0.482880394116656],[29.672261468016867,-0.480043153098872],[29.67102956041523,-0.478467362268818],[29.670969248283292,-0.476815360641663],[29.671634859113407,-0.475486113231927],[29.669191824753195,-0.474861900076752],[29.66623722754158,-0.47217490584022204],[29.6659,-0.4714],[29.652191329606143,-0.46402568075365075],[29.652129253104373,-0.463930413469583],[29.65881542769119,-0.4281556162650232],[29.6623,-0.4115],[29.672757611879277,-0.35355708380962453],[29.675877636185938,-0.33686319773252166],[29.7238,-0.4376],[29.72435339152945,-0.43830685304602096],[29.72523691259442,-0.440164142883194],[29.725827303842692,-0.442902857255029],[29.727747388839273,-0.4426420428871356],[29.729540532482467,-0.444932444851553],[29.73242856222569,-0.450514993005013],[29.734060606757037,-0.45070598510142174],[29.734175353960318,-0.450852552957714],[29.733852766728695,-0.451594032994713],[29.735696474558953,-0.45279549691563703],[29.7357,-0.4528],[29.7391,-0.465],[29.73987142695731,-0.46546563609135033],[29.73980513133252,-0.46550621700429],[29.74319975047325,-0.468916468042145],[29.745345772079247,-0.469189202435479],[29.745697537542675,-0.4689822974356693],[29.74936562226332,-0.471196366591374],[29.74959219929138,-0.472047516941179],[29.7502,-0.4720591276240288],[29.7502,-0.4877],[29.7397,-0.4928],[29.736663608959706,-0.49614993141945224],[29.736130621401905,-0.496442763839768],[29.735874411942383,-0.4970206216070432],[29.72877690771913,-0.5048510202881326],[29.728402241814234,-0.504820763051245],[29.728041439090283,-0.5056624340471332],[29.727445187046012,-0.5063202555959762],[29.725908677372377,-0.507191264253128],[29.7261826317519,-0.5077131834476311],[29.724681042391005,-0.5093698282316615],[29.724157385201956,-0.509509494791615],[29.72292656342072,-0.511256862669231],[29.722908332553814,-0.5113255896281294],[29.7213,-0.5131],[29.721769369324367,-0.5156192680062922],[29.721733296065697,-0.515755257445434],[29.721807077069567,-0.5158216585570748],[29.722086254977253,-0.5173201032452635],[29.721521737468166,-0.517517813959715],[29.722228638423882,-0.5180843246016649],[29.72237859275403,-0.5188891815165294],[29.72181854492417,-0.519348806311781],[29.722481564791828,-0.5194418681683912],[29.722588143837523,-0.520013914883044],[29.722245455215827,-0.520485733413746],[29.721322799636265,-0.519747955803234],[29.720801531794965,-0.520634549224845],[29.72193818446197,-0.521353489488766],[29.72085269016997,-0.522667696176988],[29.722839136987115,-0.522822334494042],[29.721834455665594,-0.525651555536791],[29.720298894477693,-0.526832824611617],[29.72273508461024,-0.52675023187734],[29.722403135674103,-0.528444960683087],[29.723043771123244,-0.528013299408966],[29.72396892166126,-0.529942290144686],[29.7244847346296,-0.5301935756649914],[29.725059679474143,-0.5332795041163245],[29.72381612197971,-0.533773370094138],[29.723818282731514,-0.535827677416294],[29.725915512492865,-0.5378730568494644],[29.726071078181356,-0.5387080318713703],[29.725671320957208,-0.539371007985938],[29.726172900391525,-0.539442998045445],[29.7187,-0.5513],[29.719005716735218,-0.5528493102344164],[29.71882622857574,-0.553223969594674],[29.719077125691744,-0.553211196302233],[29.7191972840444,-0.5538201343945158],[29.718897741877207,-0.554184117783299],[29.719328244930697,-0.5544838175301424],[29.720917989308962,-0.5625403187013491],[29.720372172338735,-0.564103432886748],[29.721367878581248,-0.567193185742148],[29.721831827817958,-0.5671714663994823],[29.72293061391705,-0.5727398908677794],[29.722592936639433,-0.57290521720533],[29.723147999895527,-0.5738415587925879],[29.7246,-0.5812],[29.726137822505553,-0.5829482613747338],[29.726368878644905,-0.583349000499064],[29.72456382116406,-0.58434794146857],[29.72574289657448,-0.584957651443038],[29.726915530276763,-0.584100803206644],[29.728668714044996,-0.586073133541348],[29.72811533790034,-0.588090402174173],[29.72899744721269,-0.58725267130419],[29.73040143559148,-0.5877953162513697],[29.73152291553929,-0.5890702618762471],[29.73144643616719,-0.58934571450615],[29.73195803913176,-0.589564928697158],[29.733855614051524,-0.5917221717638359],[29.733805810911218,-0.59218906746779],[29.73418663601635,-0.5924413022082751],[29.734640751503427,-0.5947544529705721],[29.734592161748783,-0.595090431462467],[29.733251624401795,-0.594944124326117],[29.732949173024696,-0.59694058592179],[29.734830641731502,-0.596933860651067],[29.7342577079597,-0.598002464724425],[29.73533829082614,-0.5983075438956286],[29.73551612812121,-0.5992134026173992],[29.735420099909405,-0.599631244409748],[29.735611825143344,-0.5997008593238954],[29.7373,-0.6083],[29.73815268088972,-0.609092254684935],[29.73789082408263,-0.609227388103469],[29.738176186445433,-0.610246803112965],[29.73948225019458,-0.6103276025429951],[29.740324625080543,-0.6111102815708981],[29.73985067214812,-0.611587036952706],[29.740557379967974,-0.613611610881256],[29.742419618506528,-0.61445643450777],[29.740696200377442,-0.615381939751151],[29.741928757706475,-0.617211357086258],[29.743566407769833,-0.617377037104247],[29.74366627606441,-0.618552591542499],[29.746004366005366,-0.619517984013493],[29.74620056782794,-0.62267203051338],[29.74679077783474,-0.621407238644892],[29.750688087039496,-0.6204693122528366],[29.75143182669125,-0.6208684945518009],[29.752226201980008,-0.621871530872766],[29.751564781359185,-0.623443433723435],[29.752104846018927,-0.623717930698585],[29.750243641110952,-0.626882146995023],[29.75122444978436,-0.62700754519025],[29.751159813873407,-0.628183252840653],[29.752176385919693,-0.628219096359633],[29.752399460973812,-0.629472747226711],[29.75352054440975,-0.629612940927885],[29.754525948435703,-0.631677235000509],[29.75400203706474,-0.632345865886389],[29.75482338065439,-0.632884805063253],[29.75403221028299,-0.634389810306366],[29.750838422434608,-0.634817330626949],[29.751819310673763,-0.635716364290079],[29.75103141347711,-0.637209630760559],[29.753014989375693,-0.637679422993593],[29.752788940776988,-0.638654991982521],[29.750790923395446,-0.63954245589288],[29.752060051688222,-0.640170355613709],[29.752216612765924,-0.642044767045606],[29.75394074804226,-0.644368766130589],[29.75354220230118,-0.645695183904989],[29.752149797561348,-0.646320982705029],[29.752810515590316,-0.649038332256589],[29.75116802005599,-0.650819243285519],[29.7508534091074,-0.652559928215674],[29.750211282463113,-0.652382896048446],[29.750496426244588,-0.653547529423571],[29.748415661639076,-0.654479429546196],[29.74913424236873,-0.65641466722442],[29.748521222364257,-0.657120994694286],[29.74968747259352,-0.658056488940686],[29.748332301653303,-0.661359427031216],[29.74878922548792,-0.662494184416145],[29.747594315934883,-0.664320010584533],[29.748158667532497,-0.664558370943354],[29.747230779313384,-0.665830626279986],[29.747855287320103,-0.667009210599417],[29.747428134011443,-0.667914554258901],[29.74869999599051,-0.66954928694974],[29.747938642164268,-0.669717024118779],[29.747659630428668,-0.671839611888323],[29.74827764256713,-0.673415907068962],[29.7461477505743,-0.673987957137596],[29.746540849179482,-0.67605548407258],[29.745687593971347,-0.675982225669824],[29.74420222335272,-0.680430107937062],[29.742683463222857,-0.681979350080953],[29.740935422181003,-0.689026973495771],[29.73769626673595,-0.693113359443244],[29.73548953091638,-0.693875954689643],[29.734894232968998,-0.698739881828355],[29.732319699529462,-0.70249802320155],[29.73090321571731,-0.702535696497464],[29.729807992534013,-0.704430077905065],[29.728707154670523,-0.703603667148757],[29.728438846991743,-0.705239573149715],[29.726475893642135,-0.706597984212344],[29.72679487710148,-0.708057808484199],[29.72589045028417,-0.708753888095361],[29.726475076060666,-0.709836695168417],[29.72467634718614,-0.712759470078119],[29.724861090032746,-0.714863540139126],[29.723781769319828,-0.716182711749031],[29.722072529544672,-0.716223657610066],[29.720963534299795,-0.717976586257141],[29.72003466097232,-0.717681817363962],[29.718017194010734,-0.718851829855842],[29.71831019469435,-0.719430678641308],[29.71644874566312,-0.720674767683916],[29.71734579844625,-0.723238295086796],[29.716075646679673,-0.724511990154022],[29.716201516433795,-0.726331352349979],[29.713536222794925,-0.727071411145342],[29.710298319815617,-0.729296221451143],[29.708707156284554,-0.731966198440751],[29.706144896104835,-0.733226962682218],[29.705392887470744,-0.734605173359019],[29.700949148217067,-0.732079679880457],[29.697391012782436,-0.735451682101929],[29.695044789268472,-0.732907229192143],[29.693196118189196,-0.727675891487722],[29.69073277735988,-0.724232919580993],[29.680728759566634,-0.718391328927842],[29.678041300574417,-0.714929111833107],[29.66933360232288,-0.713322744633882],[29.66586642734976,-0.708908626337924],[29.659356582532556,-0.721626568875568],[29.639786930036006,-0.728421688125292],[29.638012869359496,-0.723401078757096],[29.634813804843976,-0.721249741703984],[29.628194871270885,-0.727287006809512],[29.626465840159288,-0.725994991426837],[29.625612540301603,-0.724065622980893],[29.626782721987787,-0.720591775015337],[29.62583600389165,-0.720571140529685]]],[[[29.656118716099595,-0.637665458456243],[29.656118717604727,-0.637665458593972],[29.656118716097055,-0.63766545848795],[29.656118716099595,-0.637665458456243]]]]}},{"type":"Feature","properties":{"n":"Kihiihi Town Council","c":"414115","d":"Kanungu","od":"Kanungu","dc":"414","k":"KIHIIHITOWNCOUNCIL","a":["KIHIIHI","KIHIIHITOWNCOUNCIL"],"lat":-0.759518,"lon":29.690269},"geometry":{"type":"Polygon","coordinates":[[[29.654785061253477,-0.784979471203849],[29.656878206258128,-0.780588057071683],[29.655969998668493,-0.777895457485746],[29.65753640490998,-0.775604651268945],[29.658517938802845,-0.770128854400462],[29.65886905705344,-0.769375335356899],[29.661191705918736,-0.76913913381774],[29.662054563107116,-0.767405589103077],[29.66181394873438,-0.761088961902827],[29.663659383699567,-0.757172135145861],[29.666218326773595,-0.75464713245576],[29.667342029270934,-0.750527113340659],[29.666785188351717,-0.74897684757223],[29.668241682779886,-0.747861758831114],[29.668778238791354,-0.741823211653113],[29.671798013659224,-0.736507126963402],[29.67200389230907,-0.732008882741415],[29.670964728104053,-0.728045454961397],[29.67172417660901,-0.727687744626716],[29.67476396084239,-0.720654204244115],[29.672615389381303,-0.716227132299612],[29.67227458049605,-0.7138652865013827],[29.678011251375903,-0.7149235684569517],[29.6780424205509,-0.7149305546836694],[29.680728759566634,-0.718391328927842],[29.680729358139992,-0.7183916784494657],[29.69084495931147,-0.7243897144926719],[29.69319605485863,-0.7276758029716051],[29.695044583508707,-0.732906710216301],[29.69504461968077,-0.7329067492957716],[29.695044789268472,-0.732907229192143],[29.697391012782436,-0.735451682101929],[29.700949148217067,-0.732079679880457],[29.705392887470744,-0.734605173359019],[29.705772313671904,-0.7339097967133409],[29.70614564409504,-0.7332265946324334],[29.708272083157787,-0.7321802768723614],[29.708706894043367,-0.731966461687468],[29.708707007193777,-0.7319662718011074],[29.708707156284554,-0.731966198440751],[29.710298302096533,-0.7292962511838182],[29.71064251393569,-0.7290597206571349],[29.71353571629389,-0.7270717591695826],[29.71512382976388,-0.726717100378114],[29.716039650412334,-0.727578538845572],[29.717211506696152,-0.729309465486722],[29.716826811086186,-0.730805413071021],[29.718484664284198,-0.732706093083339],[29.71941848306848,-0.732557561391656],[29.719549353607015,-0.734948915866352],[29.718586845000207,-0.734938437557774],[29.718496857810788,-0.736289590256157],[29.719198381781965,-0.738137389007727],[29.71856187657863,-0.7395055789008],[29.71787535654515,-0.739095632415477],[29.71722995324008,-0.739767006631486],[29.719430380395462,-0.741290177610731],[29.718906904118942,-0.742033756135892],[29.717276625071637,-0.741581895844974],[29.716019258745014,-0.744178355280356],[29.715277156698917,-0.744047278231632],[29.71599800721021,-0.745156800781779],[29.715038128170843,-0.745213301385449],[29.714534779173384,-0.746767030355062],[29.715083935665533,-0.74691526916173],[29.714184375840507,-0.747470128519725],[29.715139007281692,-0.748541057016593],[29.714237439785876,-0.749594568289796],[29.71460007476107,-0.750808020788837],[29.71379205322641,-0.752796397617248],[29.71536742591062,-0.754349403961592],[29.71648877855369,-0.75407146174828],[29.717331062181323,-0.754885119128763],[29.716745721034357,-0.755806880182523],[29.717138503874846,-0.757947910776749],[29.72124217471199,-0.765566810729713],[29.72124009168176,-0.767815415307855],[29.719337336596954,-0.768786875139227],[29.718936248698576,-0.771077731474403],[29.720558650706458,-0.774686093077896],[29.72313990033496,-0.777453883511038],[29.718914242964058,-0.78296425859653],[29.71868959004081,-0.787262351336291],[29.7154855700359,-0.791369660764391],[29.7158040639454,-0.7920475124117762],[29.715521197992167,-0.792038157771162],[29.716134943449035,-0.792752405549646],[29.716122722740888,-0.7927932014659896],[29.715606842536843,-0.794500894156697],[29.71629128461742,-0.7951225011700378],[29.715769857704974,-0.796448127299348],[29.715928012330604,-0.8016520316590353],[29.70984833068755,-0.803149768844445],[29.709827263068156,-0.8032042963632005],[29.70962406114387,-0.80325599549961],[29.70876233797185,-0.8059605509772503],[29.708759708735634,-0.8059673560046492],[29.70869030496594,-0.8059854355003168],[29.704809484540167,-0.806996152961688],[29.700957608781454,-0.7962913773233834],[29.700803776039287,-0.795863804389057],[29.700803742928226,-0.7958637676234919],[29.70080365209299,-0.795863515182632],[29.700049987527372,-0.7950268193884128],[29.69883681071746,-0.7936797428848874],[29.698810605569804,-0.791847172165878],[29.695555292879607,-0.7970730253752176],[29.695526148033952,-0.7971197526340869],[29.695523110575074,-0.7971199880521888],[29.692741989611118,-0.796897100938677],[29.691007557419834,-0.7974699657786798],[29.68964129802346,-0.797575857646387],[29.689583376528724,-0.7979403578542074],[29.689006870347093,-0.798130771825512],[29.688644036189064,-0.7980018100799563],[29.687106232402492,-0.797075136590109],[29.685897072101245,-0.7970254596567504],[29.68126585017874,-0.79537938954464],[29.681265632625422,-0.7953796692174078],[29.681265125172644,-0.795379411105941],[29.679632197467505,-0.797477637002086],[29.668468934177287,-0.800083518491319],[29.667306028120482,-0.8003548858808782],[29.659875889350136,-0.7964691369746382],[29.658239541408904,-0.7956132256374453],[29.657303462115184,-0.7947066486510355],[29.653289747528373,-0.790818171267174],[29.655029473697567,-0.787352728068764],[29.654785061253477,-0.784979471203849]]]}},{"type":"Feature","properties":{"n":"Kinaaba","c":"414116","d":"Kanungu","od":"Kanungu","dc":"414","k":"KINAABA","a":["KINAABA"],"lat":-0.989615,"lon":29.800097},"geometry":{"type":"Polygon","coordinates":[[[29.7679780620682,-0.986821839997282],[29.766657172027497,-0.986425844358214],[29.765557812903232,-0.982065927756574],[29.767227559052124,-0.980782350649506],[29.766735659214678,-0.978859637527898],[29.76597028214854,-0.97854016202441],[29.768926551112788,-0.974349106481763],[29.768151097049646,-0.973128841241563],[29.769117711484835,-0.971359958166576],[29.7690083765343,-0.96965974049153],[29.77021000583835,-0.967601508687193],[29.77324062432635,-0.967526781594326],[29.775764488204246,-0.963888080878837],[29.77794073281756,-0.964250796131874],[29.779343508603933,-0.962402240111219],[29.778742205284555,-0.959197995907119],[29.776241776882447,-0.954640316121372],[29.776918390401615,-0.95342857572496],[29.776350789359515,-0.952156616175389],[29.776384186176905,-0.9521342775544926],[29.779729516859156,-0.949898044829389],[29.780089184014955,-0.9501914895965342],[29.78158223136702,-0.951410846327504],[29.782152781459743,-0.95323142191016],[29.78215350207642,-0.9532314677484219],[29.782153627941874,-0.953231869003246],[29.78427377991405,-0.9533665493637995],[29.785805054818113,-0.9547719034286024],[29.786744097211105,-0.955633999088894],[29.78674421027444,-0.955633829614766],[29.786744977337303,-0.955634533599997],[29.787534002269055,-0.9549929442320895],[29.78828906891818,-0.9562984903383155],[29.788290724570086,-0.956302308084051],[29.788794935563086,-0.9565382141414321],[29.79076246142071,-0.9574590109175674],[29.790763239901064,-0.957464254247309],[29.790538382668732,-0.959546922683671],[29.79402610034037,-0.961060642327842],[29.795663529588605,-0.960751568501662],[29.798485118461716,-0.964263244983035],[29.801001769744946,-0.965865556511562],[29.806305987865777,-0.967688475089877],[29.80717724841148,-0.966888689472159],[29.80780614380606,-0.969255122583243],[29.80872722817518,-0.969983492067355],[29.810520855773532,-0.969785111336366],[29.81129427022225,-0.971912824817967],[29.814144058752696,-0.973182230852912],[29.81461277891868,-0.974656616406382],[29.818612418675503,-0.975133429566908],[29.821695416519766,-0.977074225050094],[29.824966282185237,-0.980134433040788],[29.826861028229885,-0.983193412406947],[29.827352057825294,-0.986715733949479],[29.833355959693897,-0.990069116808634],[29.83485260763139,-0.994097482174407],[29.832826193439267,-0.992621179010906],[29.83027441553626,-0.994449909517972],[29.82635473726841,-0.99355865808752],[29.82493768466719,-0.996091874029207],[29.825200962252637,-1.001997209850116],[29.823186887032296,-1.003550116941861],[29.823992218229257,-1.009214558331679],[29.830956999716697,-1.01697864939836],[29.830926242427296,-1.020232775683893],[29.8295531946779,-1.020516443011277],[29.828017234424504,-1.023358080767586],[29.822565266840314,-1.027410582567041],[29.821825788896064,-1.0276162948827876],[29.8213,-1.0273],[29.811710209166122,-1.0291296311459373],[29.810269806121454,-1.02851663465656],[29.808475312173627,-1.0297468154405585],[29.807510203002238,-1.029930948111415],[29.806205390042262,-1.027503063507079],[29.80445683445213,-1.026743418536266],[29.8053188461503,-1.025679224479393],[29.803580310228867,-1.02469480464134],[29.802504882185065,-1.021756699789756],[29.799040297087405,-1.020087454650473],[29.798633021909236,-1.018614757901361],[29.79505315592286,-1.0185394423630199],[29.79455798224793,-1.0180167590394806],[29.794776882551872,-1.016345148991241],[29.794023368437244,-1.014141259535934],[29.790635037785187,-1.012134448482537],[29.789953182321767,-1.013115066412591],[29.789178991957947,-1.010609817867869],[29.78817324115638,-1.011145307466644],[29.787960598893317,-1.0110528543873913],[29.784803612760108,-1.0077204801356672],[29.78222886882306,-1.003680615153142],[29.780852747136638,-1.003302004274987],[29.780615345720037,-1.002106522703174],[29.779003598443566,-1.0015982428015398],[29.77193127342438,-0.9941330108368451],[29.7707973792286,-0.992805607779539],[29.77069219474845,-0.9928250944566969],[29.767220517559934,-0.9891605463132651],[29.768191641290787,-0.988219016785848],[29.7679780620682,-0.986821839997282]]]}},{"type":"Feature","properties":{"n":"Kirima","c":"414117","d":"Kanungu","od":"Kanungu","dc":"414","k":"KIRIMA","a":["KIRIMA"],"lat":-0.888118,"lon":29.745469},"geometry":{"type":"Polygon","coordinates":[[[29.678250655555566,-0.876128465258332],[29.678474387044073,-0.8754671844121868],[29.67855011208485,-0.875401200734999],[29.67913545904888,-0.87351666830629],[29.67913468001776,-0.8735155633003725],[29.679134805448086,-0.873515192567257],[29.67895061354375,-0.8732544767555913],[29.677591971850983,-0.8713273302338329],[29.682158535633267,-0.8674537961969073],[29.683137985687022,-0.866623038606871],[29.68313817174702,-0.8666228313814899],[29.68313820112815,-0.866622806459295],[29.683617270973045,-0.8660892318993061],[29.690107452341017,-0.858860755564736],[29.69471002383589,-0.857697752740331],[29.69539713190906,-0.853146536101066],[29.695393632448507,-0.853136730662709],[29.694463868195953,-0.8502621767117408],[29.694586667999065,-0.8492585435166642],[29.695098771243877,-0.8465268973047756],[29.69871650437969,-0.837884411359443],[29.69901736638859,-0.837237861961504],[29.702452699179624,-0.8354845897317681],[29.705287305697613,-0.836050708874322],[29.705528919894185,-0.837057393750008],[29.705752661480503,-0.8370097461893721],[29.705752664015,-0.8370097514274282],[29.705528922650654,-0.837057404827406],[29.70858473005577,-0.84286281359958],[29.709004903250158,-0.845982637955029],[29.714079122406968,-0.850271226087301],[29.716413562498463,-0.8515167753450652],[29.716843680640547,-0.85183807073151],[29.71688432146007,-0.8517679505529251],[29.717131783278287,-0.851899984733253],[29.71783464307661,-0.850131352272411],[29.724804897981443,-0.851120652716532],[29.72657428607731,-0.8507856949696231],[29.72789120815118,-0.850884326033037],[29.728311074236352,-0.8504569086225409],[29.728727430022435,-0.850378089511943],[29.73002322578081,-0.850934906077461],[29.732138872543914,-0.851844041033957],[29.736224458031046,-0.851939250985959],[29.736968973711132,-0.8518107706518021],[29.738061907435636,-0.851803246621061],[29.740529145547594,-0.8511963953210463],[29.740533328934575,-0.851195673398095],[29.741842114780177,-0.849743731958697],[29.742770508523314,-0.851165394288411],[29.743574081006976,-0.852397889635744],[29.743575357120704,-0.8523978702076955],[29.743576861159415,-0.852400173363219],[29.746106512949517,-0.85235942226726],[29.750799823881515,-0.850116973126752],[29.75215162412276,-0.850756318443886],[29.753322227072843,-0.850092988385787],[29.756787421812025,-0.8452773349513037],[29.759466916556264,-0.8466850894992551],[29.761571940777426,-0.847791137714806],[29.76157200602832,-0.8477910626624803],[29.761572318923204,-0.847791227051381],[29.761664598218335,-0.847684562065414],[29.76225278294469,-0.8470080252589],[29.768998626611967,-0.8507077599608197],[29.77198590656874,-0.8530055319398454],[29.771996861008517,-0.8530932097787541],[29.770946911469675,-0.854843120834506],[29.77094376190658,-0.854847456603823],[29.770508255104048,-0.85507084640479],[29.76799412287333,-0.856359179891972],[29.767994501363756,-0.8563602566837032],[29.76799385922379,-0.856360586064366],[29.76958571263265,-0.860887876170976],[29.772526439187104,-0.8628837840196081],[29.771159320959484,-0.8641790003986762],[29.771061369041256,-0.864271781374338],[29.771400947518714,-0.8695780609394934],[29.77066324460985,-0.8703594369278839],[29.768570364694536,-0.872575611419219],[29.76903369320023,-0.874984640167948],[29.765460743725182,-0.876269775767554],[29.765440544269786,-0.8762770197728148],[29.759818648159744,-0.875733575771484],[29.75973115830921,-0.879625869281628],[29.760049791999478,-0.8806108746751984],[29.76151281295976,-0.8851339773097309],[29.758878689550503,-0.889924274777595],[29.757595045099777,-0.895449664015972],[29.75577685998749,-0.8962424971863912],[29.755290200838004,-0.896454522460621],[29.755289820356918,-0.8964548744475486],[29.755289346133296,-0.896455081236293],[29.752418883239798,-0.899110676291353],[29.75241883146273,-0.8991108554973206],[29.752418456840143,-0.899111202064488],[29.751299193499047,-0.9029853010900548],[29.749385099406766,-0.9031425789604085],[29.748603531078075,-0.903206674124025],[29.7486034403939,-0.9032068065578827],[29.748602791799282,-0.903206859851804],[29.748602667832664,-0.9032079347951284],[29.748153098011937,-0.903864480053905],[29.748371265021134,-0.9052144822878759],[29.748371232437318,-0.90521476482971],[29.750721230400966,-0.906035490994445],[29.754382213518188,-0.909886788907692],[29.75711385802715,-0.9162477152765193],[29.757041517614386,-0.9169411158301747],[29.756039362201854,-0.926546193859756],[29.753496880151438,-0.929918129264044],[29.753496761000303,-0.9299190258031027],[29.75349674844275,-0.929919042460404],[29.752927004859334,-0.934205982262137],[29.752927017435617,-0.9342059959503461],[29.752926982876723,-0.934206255984777],[29.754186041356242,-0.935576343438631],[29.75415381718933,-0.9371383491024875],[29.754136138788088,-0.9379902756538948],[29.752729538624777,-0.9407068541717778],[29.752225502928287,-0.93891252330662],[29.747220938613918,-0.935692894993735],[29.744707298472136,-0.935000868597306],[29.74449615758711,-0.935081192190869],[29.744283588315888,-0.935033460693708],[29.741652141357772,-0.9361631314072664],[29.741612879806276,-0.9361780675429409],[29.73990313909987,-0.9351580452803812],[29.73762950696309,-0.9338012830581256],[29.737180881156732,-0.9332133756547303],[29.736150871137546,-0.931862664823952],[29.73615035148554,-0.9318629049182544],[29.736150179324937,-0.931862679308196],[29.73549942054103,-0.9321636539001853],[29.7336994605322,-0.9329952876467987],[29.729897787212437,-0.932154903472214],[29.72989750224256,-0.9321551242302458],[29.729896789141122,-0.93215496661018],[29.727901117460746,-0.9336992769500846],[29.727287369525907,-0.932289661039365],[29.727023645032823,-0.9322330437180302],[29.726887950513202,-0.932006034934502],[29.724063704534192,-0.9313213690478582],[29.723644301004466,-0.9305942075457686],[29.721837161066613,-0.924709302955778],[29.721153392101236,-0.917656348797514],[29.728959310571152,-0.914008402206259],[29.729192754734196,-0.9137697248455406],[29.73081851251474,-0.912108380642576],[29.7308180672172,-0.9121079771765233],[29.730819699613967,-0.912106308185761],[29.728929416511384,-0.9103967473178504],[29.728872689095212,-0.9103453489051859],[29.727766064396167,-0.907661134316525],[29.72408967349303,-0.906697204583025],[29.723824369892295,-0.9062735710609027],[29.722555745209686,-0.9042477048855767],[29.724315845777166,-0.90400865249374],[29.72662226964758,-0.900811058793723],[29.7269329037734,-0.9003804771275077],[29.728731049946543,-0.8995917650542499],[29.729588761933442,-0.89921571226657],[29.729588894797484,-0.8992154927572463],[29.729589721284192,-0.899215130239418],[29.731398111385,-0.896226530431392],[29.73107894439273,-0.888432106189385],[29.73103660356854,-0.887395441271012],[29.731036484254552,-0.887395180885864],[29.731036434832628,-0.887393973945746],[29.73103366431911,-0.8873890267934409],[29.729918133361156,-0.884954545311976],[29.729740565651692,-0.8850800122335858],[29.729519366830832,-0.884685029769479],[29.728027675872756,-0.886289137361184],[29.723696091424557,-0.884792026577947],[29.705818362344736,-0.889350527849879],[29.705074129868642,-0.8887897304565503],[29.703766344073646,-0.8878041503004699],[29.700996176883585,-0.8811767383511],[29.700994673224095,-0.8811773257031795],[29.700994597627147,-0.88117714494555],[29.698902048374126,-0.8819947365367241],[29.692255139748973,-0.884591119314009],[29.68594793266353,-0.880046703346071],[29.682071768181164,-0.8826686931916712],[29.681407268557656,-0.8829032242662805],[29.67621093324187,-0.88331022652653],[29.67522378151935,-0.88254860075857],[29.674508754251512,-0.8834860008533486],[29.672791682849546,-0.8816697478247023],[29.67281330748906,-0.8816272618433446],[29.674025942829687,-0.879343375220587],[29.67559050697516,-0.8779800785560556],[29.678250655555566,-0.876128465258332]]]}},{"type":"Feature","properties":{"n":"Kyeshero","c":"414118","d":"Kanungu","od":"Kanungu","dc":"414","k":"KYESHERO","a":["KYESHERO"],"lat":-0.925382,"lon":29.60936},"geometry":{"type":"Polygon","coordinates":[[[29.62835656180748,-0.900870264727144],[29.62892460792304,-0.9001676575274047],[29.6368,-0.9002],[29.635395556229295,-0.8973317697640527],[29.635395782879336,-0.8973322326408968],[29.636752950418753,-0.897867178204706],[29.638357361029847,-0.900343219536502],[29.63973573956791,-0.905349502307993],[29.639733546355366,-0.9053539200515125],[29.63903158394992,-0.9059999917801909],[29.63744319134767,-0.907362340696832],[29.63745081044658,-0.9074549031287558],[29.637263210697053,-0.907627566071296],[29.637555384918787,-0.90872535093086],[29.637556129335486,-0.908734394653866],[29.634584526392292,-0.9125639764145645],[29.63413400027224,-0.913144559337809],[29.63413399224057,-0.9131445914573484],[29.634133913105007,-0.913144693441401],[29.63361904441555,-0.915201368861278],[29.633466561272826,-0.9153560294226681],[29.63012381483368,-0.918743605421416],[29.630124309011546,-0.9187460081561009],[29.630119530835138,-0.918750854563594],[29.63074017857369,-0.921742514027196],[29.62794811431803,-0.929574334648752],[29.620519145254303,-0.934656066799191],[29.620327303102883,-0.9350633729255409],[29.619923584769328,-0.935354120336498],[29.618970477109464,-0.9379440930145503],[29.618969133697995,-0.937946945253843],[29.618969179385406,-0.9379476194470775],[29.618969122925115,-0.937947772872153],[29.619156345352742,-0.94070973891309],[29.61474444742279,-0.9405690151768935],[29.614714404824262,-0.940567839085062],[29.613092747314546,-0.9424016920034851],[29.609208378417858,-0.9417777599595224],[29.60695846847228,-0.933195541220742],[29.60177438102399,-0.933490858448911],[29.60091299509083,-0.940954703048576],[29.596677860006732,-0.947474190419531],[29.59666149967631,-0.9474891061655282],[29.591002223060528,-0.952648663421606],[29.590212613956066,-0.948796999294591],[29.590876945796435,-0.946230486164093],[29.587433512691668,-0.944491271418121],[29.587240944951795,-0.944097260172467],[29.5865,-0.9406],[29.5927,-0.9322],[29.587844225699136,-0.926153186719677],[29.590709546655834,-0.924611140804991],[29.58900851136454,-0.922671356939314],[29.583944015999588,-0.921076585770617],[29.58266441717368,-0.917212678950006],[29.587626054603508,-0.901500827088893],[29.589088231162833,-0.900533258684068],[29.62835656180748,-0.900870264727144]]]}},{"type":"Feature","properties":{"n":"Mpungu","c":"414119","d":"Kanungu","od":"Kanungu","dc":"414","k":"MPUNGU","a":["MPUNGU"],"lat":-1.009304,"lon":29.711317},"geometry":{"type":"Polygon","coordinates":[[[29.700138300149085,-0.973100982492785],[29.703702039938907,-0.9710760731779978],[29.704508692600715,-0.9706178458333344],[29.704810807328638,-0.9705716145590416],[29.7088770763144,-0.96995033046169],[29.708430772255138,-0.972136543916457],[29.71122240601114,-0.973192140229565],[29.710489898219375,-0.97364166188103],[29.711795430067035,-0.975879638530439],[29.713966729988467,-0.9765273620547849],[29.713981911961522,-0.9765430239625803],[29.716037360220774,-0.978666237996409],[29.718582712008853,-0.976803666018226],[29.728136991385995,-0.978324645662513],[29.729784310525204,-0.974450497739492],[29.732239224535906,-0.972718727998924],[29.735326278733275,-0.9717860258497899],[29.73630166334479,-0.971491358612937],[29.73630167178869,-0.9714913270395737],[29.736303299401165,-0.9714908352835],[29.736656835011942,-0.970187075702306],[29.738314387492583,-0.970819862896885],[29.739314817751644,-0.973829203261022],[29.73931525683543,-0.9738296523125255],[29.739315433010173,-0.97383018383413],[29.739565211470886,-0.9740852812132598],[29.741287579982327,-0.975846749523017],[29.74129032542264,-0.9758471306799179],[29.741291056857964,-0.975847877690825],[29.74342814097162,-0.9761439293922556],[29.743652754776942,-0.976175113134101],[29.743673704325282,-0.9761529550659234],[29.744793800292047,-0.9749729209319404],[29.74462635681662,-0.976485556167089],[29.74860956871075,-0.979408719038006],[29.748609828308375,-0.9794083072622786],[29.74861008242148,-0.979408493725262],[29.750923087568548,-0.9757389977928718],[29.752678634412106,-0.972954336009404],[29.752678432699437,-0.9729532075057264],[29.752711307023493,-0.970932463678609],[29.751926658418018,-0.9687473237791695],[29.751926575379986,-0.968746859213781],[29.748149879037754,-0.963913498656422],[29.747967099765432,-0.9629530898076307],[29.746727251502367,-0.9564373291697456],[29.752633536173107,-0.9411214537372239],[29.752756471112086,-0.940802697103509],[29.754751644287683,-0.9394054037310599],[29.756615485597376,-0.941234078157776],[29.7571465457873,-0.9412685627892525],[29.759142808182716,-0.9428222971385085],[29.75923719827886,-0.942947857487847],[29.759296896436243,-0.9429422273705613],[29.75939489992529,-0.943018505613156],[29.760528982942745,-0.9428260296210511],[29.76188215030779,-0.9426984127680951],[29.76168285811243,-0.94396583664315],[29.76168295683421,-0.9439659196599205],[29.761682888639694,-0.943966154064297],[29.761685096799685,-0.9439677191920913],[29.764675101120773,-0.946482063015934],[29.765975782450763,-0.9470089260803672],[29.766757487400525,-0.947562992882539],[29.768136765108054,-0.9478842688094087],[29.76813851959283,-0.947884979493268],[29.768138636074422,-0.9478847046146505],[29.76814042799699,-0.947885122008175],[29.76899862518033,-0.9467099950075666],[29.769621703394336,-0.9466528737374241],[29.770138691713914,-0.9468264529403068],[29.770903467666965,-0.9477593070393109],[29.770971961677034,-0.948006217157423],[29.7693109836426,-0.948829592580801],[29.76941755820858,-0.9489829783261402],[29.76939756665755,-0.948991588425135],[29.7694502129843,-0.9490299761915926],[29.769980982716035,-0.949793878067775],[29.77432905165055,-0.9525874460258752],[29.77433028641248,-0.95258834636889],[29.77500341016153,-0.9521674653002586],[29.77569687731229,-0.9517344883102942],[29.77635077885522,-0.95215660914234],[29.776359727368067,-0.9521506273847306],[29.77635973529342,-0.9521506323768827],[29.776350789359515,-0.952156616175389],[29.776632311042963,-0.9527874892131651],[29.776427205140518,-0.9543082345052412],[29.776241776882447,-0.954640316121372],[29.77635466445509,-0.9548460830241416],[29.776329555409582,-0.955032252521412],[29.77873895053733,-0.9591920632854858],[29.778742205284555,-0.959197995907119],[29.778845735117695,-0.9597496889663524],[29.77934322608793,-0.9624026124063948],[29.77794187163627,-0.964249295414366],[29.776617983027602,-0.964030333081979],[29.775764488204246,-0.963888080878837],[29.775763810055548,-0.9638890585782188],[29.775763454441634,-0.963888999762053],[29.774594702441586,-0.9655745824088281],[29.77324062432635,-0.967526781594326],[29.772011537616695,-0.9675570876447436],[29.770210975899058,-0.967600951480843],[29.770210659867345,-0.9676014925605556],[29.77021000583835,-0.967601508687193],[29.7690083765343,-0.96965974049153],[29.769008387440437,-0.9696599100878792],[29.76900812041436,-0.96966036726476],[29.769020927192727,-0.96985491002507],[29.769117711484835,-0.971359958166576],[29.76838626508617,-0.9726984889268816],[29.768151243722205,-0.973127796549065],[29.768151471646426,-0.9731281557377227],[29.768151097049646,-0.973128841241563],[29.768706103083012,-0.9740022064127666],[29.76892638183111,-0.9743493464697055],[29.76597028214854,-0.97854016202441],[29.766735659214678,-0.978859637527898],[29.767227559052124,-0.980782350649506],[29.765557812903232,-0.982065927756574],[29.765557974282142,-0.9820665677645347],[29.76555778218387,-0.982066715327031],[29.765980772515817,-0.983743331069135],[29.766657172027497,-0.986425844358214],[29.7679780620682,-0.986821839997282],[29.76819154451052,-0.9882183836758339],[29.767176667812777,-0.9891142604690399],[29.7665,-0.9884],[29.748133933437835,-1.0023505313956513],[29.74511742052699,-1.002141115255914],[29.74278178303608,-1.002869677295341],[29.740158547883727,-1.0084084897607934],[29.7378,-1.0102],[29.74018857499332,-1.0130076232377587],[29.740028688552826,-1.013342675986718],[29.7405797282904,-1.013956567408016],[29.74101724343312,-1.0139816721055979],[29.74156855960602,-1.0146297104140922],[29.74159482885459,-1.014964811697469],[29.74178517538402,-1.0148843289601652],[29.743408595082062,-1.016792559131548],[29.743259798549435,-1.017150876731557],[29.74380081596561,-1.0172535906964197],[29.7549,-1.0303],[29.755041097912805,-1.0316717852634059],[29.75475213869874,-1.031769856064084],[29.755100266358603,-1.0322470340419962],[29.756115142747603,-1.0421138878239071],[29.755801985160776,-1.042666045695842],[29.7566014459125,-1.049012985423701],[29.75686875202903,-1.0494406447266718],[29.7585,-1.0653],[29.75169756217514,-1.0779190150953928],[29.750785370638333,-1.077390897171836],[29.750151254765147,-1.0775081345686877],[29.7352,-1.0714],[29.73366948886464,-1.0713769847949568],[29.73310476152692,-1.071201408810114],[29.721082593705667,-1.0702636982446732],[29.719267943109443,-1.0681850984708168],[29.718385978213202,-1.066139243866014],[29.715244417697132,-1.0635763329985333],[29.711703002883883,-1.0595198033033597],[29.71122260219415,-1.05858390879868],[29.704838627471492,-1.057760345537608],[29.70094391504562,-1.058228768765409],[29.697262303048138,-1.060605133852761],[29.69726359661278,-1.0609210899382502],[29.6968,-1.061],[29.69368316343009,-1.0598506665148455],[29.692929174430176,-1.058751050111371],[29.691816316768964,-1.0591622668085556],[29.691382959790364,-1.0590024664226962],[29.6910919628227,-1.057867094593358],[29.690223630646344,-1.0585749638008388],[29.6808,-1.0551],[29.67384969498535,-1.0556121277379218],[29.673583286127172,-1.055369973823413],[29.668911678386316,-1.054408050106185],[29.691420799683442,-0.9855486035407055],[29.694844284139084,-0.982842282307223],[29.695035007620472,-0.977933004988589],[29.693756351882882,-0.974925418176248],[29.69528694196322,-0.973433906891174],[29.694278315144622,-0.972215540756233],[29.695090996163447,-0.971346733412964],[29.700137146027643,-0.973101147845578],[29.700137764861786,-0.9731007963104765],[29.700138300149085,-0.973100982492785]]]}},{"type":"Feature","properties":{"n":"Nyakabungo Town Council","c":"414120","d":"Kanungu","od":"Kanungu","dc":"414","k":"NYAKABUNGOTOWNCOUNCIL","a":["NYAKABUNGO","NYAKABUNGOTOWNCOUNCIL"],"lat":-0.868852,"lon":29.815926},"geometry":{"type":"Polygon","coordinates":[[[29.79127728843175,-0.8700325772820089],[29.79175754906433,-0.870365927500707],[29.791760154992723,-0.8703631239713958],[29.791760219741082,-0.870363168294938],[29.795845982163403,-0.8659674789234852],[29.800906045709837,-0.860523723634566],[29.802571252095326,-0.860082760323398],[29.80460850181375,-0.857893292281059],[29.80460858956759,-0.8578929960679403],[29.804608763528176,-0.857892809116354],[29.804847340269625,-0.8570870929714081],[29.805487743710547,-0.8549254108835069],[29.808628882205422,-0.8525579408148031],[29.809166159824755,-0.8523683980794712],[29.81272008762556,-0.8511152287034055],[29.81276777721325,-0.852465423931731],[29.82145477246743,-0.848771938988124],[29.82583103570311,-0.853496311664648],[29.828599306719855,-0.854816663963362],[29.828737098179147,-0.8548155360800709],[29.828939008631565,-0.854907222084774],[29.829330114720044,-0.8548106819806132],[29.831451103879967,-0.854793320757745],[29.833156312934793,-0.8538663195377123],[29.83326438457983,-0.8538759346740662],[29.83609952305277,-0.85412964357412],[29.836099860588384,-0.8541282070295145],[29.836101576948494,-0.854128359734107],[29.836300977360022,-0.8532722581961895],[29.836596314703648,-0.852015308551207],[29.840844179055736,-0.8515877955122402],[29.840859584196345,-0.851586256773425],[29.8389495853828,-0.853408513336564],[29.838164928307382,-0.855443246510719],[29.839909718315752,-0.858148361858501],[29.8420748300156,-0.859243960078105],[29.840245300462865,-0.862268099839844],[29.840814657120614,-0.863351488050035],[29.840286902392602,-0.866979422076776],[29.838847125556164,-0.86824182982048],[29.837622499217446,-0.872904276979884],[29.836419688643232,-0.873834810337072],[29.835344556475793,-0.872918774158061],[29.834333689225588,-0.876630681845686],[29.831295746535574,-0.880261985853312],[29.831659580811248,-0.882362811323405],[29.832945224726885,-0.882839052892284],[29.830127824941968,-0.884927643608326],[29.83080576229707,-0.88880618507407],[29.826489995038227,-0.886055539728534],[29.824202053019437,-0.88394648749244],[29.823495082206595,-0.88113332407438],[29.821623900043285,-0.880447029180229],[29.820532174008086,-0.882098338882397],[29.816879180728115,-0.88139123861881],[29.816404613766206,-0.884287041295268],[29.817820469153588,-0.886899969790917],[29.81639314904595,-0.887744677795395],[29.810971182003033,-0.887875451680428],[29.8050279682031,-0.882196338358246],[29.80387923805357,-0.886224271941355],[29.799561413185092,-0.886806993345737],[29.796330842381757,-0.88884591077786],[29.793487623684197,-0.887361338167706],[29.790940684208362,-0.884425796147902],[29.795198971984384,-0.8800995498759],[29.79830180917077,-0.878105793884245],[29.797673699795574,-0.877339297820595],[29.79793068980055,-0.875503176518851],[29.792457784650733,-0.87443627519229],[29.790041333830732,-0.870562056750084],[29.790443782963436,-0.869462000448973],[29.79127728843175,-0.8700325772820089]]]}},{"type":"Feature","properties":{"n":"Nyakinoni","c":"414121","d":"Kanungu","od":"Kanungu","dc":"414","k":"NYAKINONI","a":["NYAKINONI"],"lat":-0.735241,"lon":29.733635},"geometry":{"type":"Polygon","coordinates":[[[29.714358585771066,-0.7499999481029189],[29.714237439785876,-0.749594568289796],[29.71465659448728,-0.7491047722343778],[29.715138864371447,-0.748541598944396],[29.71513870061282,-0.7485414153692588],[29.715139007281692,-0.748541057016593],[29.714184534206343,-0.7474703061783248],[29.715081488368916,-0.746919734680184],[29.71507817695797,-0.7469188212020634],[29.715083935665533,-0.74691526916173],[29.714535215677724,-0.746767148184649],[29.715039303507766,-0.7452132322025177],[29.71599800721021,-0.745156800781779],[29.715997640360495,-0.7451562361320676],[29.71599790561579,-0.745156221115029],[29.715280465059102,-0.7440478625853493],[29.716019258745014,-0.744178355280356],[29.717075501953182,-0.7419972147600147],[29.717276781336842,-0.7415819391566028],[29.718565607093677,-0.7419391597087462],[29.718906666541535,-0.74203375569776],[29.718906705039025,-0.7420337009574187],[29.718906904118942,-0.742033756135892],[29.719430380395462,-0.741290177610731],[29.719429859628484,-0.7412898171274744],[29.71943000320244,-0.741289612976835],[29.718767618907695,-0.7408314034759648],[29.71722995324008,-0.739767006631486],[29.717308431265586,-0.7396853706645872],[29.717876525670167,-0.7390963305432353],[29.718207744179697,-0.7392941133568945],[29.71855964564502,-0.739506226667891],[29.718560366340093,-0.7395046770815528],[29.71856187657863,-0.7395055789008],[29.719198381781965,-0.738137389007727],[29.718871775212623,-0.7372771144684698],[29.718496923630333,-0.736288601979327],[29.718586845000207,-0.734938437557774],[29.718976928233285,-0.7349426841821246],[29.719548300339056,-0.73495095128921],[29.7195481894042,-0.7349489031923081],[29.719549353607015,-0.734948915866352],[29.71943598904869,-0.7328774424326878],[29.719418752841598,-0.732559224843521],[29.71941857562993,-0.7325592527366804],[29.71941848306848,-0.732557561391656],[29.718484664284198,-0.732706093083339],[29.71694656173067,-0.7309427036687064],[29.717054573887633,-0.7299197226607572],[29.717211506696152,-0.729309465486722],[29.71713148792949,-0.7291912712875516],[29.717145997111153,-0.729053855114226],[29.71681892825531,-0.7287295953342315],[29.716039650412334,-0.727578538845572],[29.71530038774259,-0.7268831741992893],[29.716200241617884,-0.7263317063217565],[29.716201516433795,-0.726331352349979],[29.716075646679673,-0.724511990154022],[29.717165602037596,-0.7234189941834482],[29.71734511495884,-0.723239561012736],[29.717344964421972,-0.7232391314377226],[29.71734579844625,-0.723238295086796],[29.71644874566312,-0.720674767683916],[29.718001315642987,-0.7196371162266757],[29.718309250943207,-0.719431596034254],[29.71830914252797,-0.7194313818508197],[29.71831019469435,-0.719430678641308],[29.718017194010734,-0.718851829855842],[29.720034509522172,-0.7176819051961645],[29.720214534201197,-0.7177388983792309],[29.720963534299795,-0.717976586257141],[29.722072529544672,-0.716223657610066],[29.723781769319828,-0.716182711749031],[29.723782194425226,-0.7161821921750392],[29.723782312591247,-0.716182189374905],[29.723899574526502,-0.7160387274056536],[29.724861090032746,-0.714863540139126],[29.724676357015298,-0.7127595820241899],[29.726264595900542,-0.7101787067632219],[29.726475076060666,-0.709836695168417],[29.726053652711126,-0.7090561613603374],[29.725890979253784,-0.7087534809812],[29.726556292582256,-0.7082414317649228],[29.726794332166122,-0.708058725295152],[29.7267942390699,-0.7080582995363929],[29.72679487710148,-0.708057808484199],[29.72647592875213,-0.7065981448928439],[29.728438667500253,-0.705239746611567],[29.72843867665702,-0.7052396910254513],[29.728438846991743,-0.705239573149715],[29.728473247431307,-0.7050298292997693],[29.7287080679013,-0.7036043527208693],[29.729772727825075,-0.7044036043109514],[29.72980772755287,-0.704430017273479],[29.729807783297794,-0.7044299208291969],[29.729807992534013,-0.704430077905065],[29.73090289091784,-0.7025362582953586],[29.731356807938674,-0.7025236326010514],[29.732319699529462,-0.70249802320155],[29.734530231190988,-0.6992712286428323],[29.734704182565395,-0.69914516045463],[29.73472658804811,-0.6989845992996874],[29.734894232968998,-0.698739881828355],[29.735475123759155,-0.6939936694631007],[29.737678884040896,-0.6931193664879015],[29.73769626673595,-0.693113359443244],[29.740689854464602,-0.6893367716769548],[29.740935109354666,-0.689027441021196],[29.74093513513384,-0.6890273356227267],[29.740935422181003,-0.689026973495771],[29.742652308330005,-0.6821049580884819],[29.742810504103833,-0.6818497594478213],[29.74420222335272,-0.680430107937062],[29.744786720348884,-0.6786798553119617],[29.745355575663375,-0.679783906064911],[29.744980417195308,-0.682438173381178],[29.74726152380977,-0.68262855528276],[29.74879270793418,-0.68814295233098],[29.748467883208974,-0.694421300904485],[29.74542472307428,-0.702868030083924],[29.745521090148383,-0.708853560120788],[29.7475376625908,-0.71799455937525],[29.746074563046673,-0.728805884216233],[29.74851460249032,-0.729231815429863],[29.749178536664733,-0.732071461883518],[29.748660350427958,-0.735531305402919],[29.749830303975468,-0.737072487691947],[29.754195995623142,-0.739729999330483],[29.75362259651165,-0.745444680831457],[29.75486032734609,-0.7476538827633],[29.75947429492543,-0.748644596339159],[29.766659013778643,-0.748144802599237],[29.76993787281287,-0.748665914568351],[29.76819091179621,-0.751726951580986],[29.767614359376207,-0.7606136453712432],[29.76760318294681,-0.760723978139006],[29.76573915255358,-0.7593352325075919],[29.76572806909457,-0.759326934667642],[29.76572797979241,-0.7593269085428533],[29.76572765310432,-0.759326665152694],[29.761872928726646,-0.758198801749766],[29.761872577797607,-0.7581990348246739],[29.761872471753676,-0.758199003802186],[29.75736977726906,-0.7611896389101368],[29.757045193424638,-0.761405216252515],[29.75378973328825,-0.761688913516349],[29.74389227427311,-0.768171840778804],[29.743406838340285,-0.768489786462169],[29.743406790397625,-0.7684898372107226],[29.743406467947608,-0.768490048418469],[29.74002321722996,-0.77207143719173],[29.737201994885417,-0.77580524226057],[29.735540006098315,-0.781954476661513],[29.73395702246503,-0.783391173118205],[29.73326534422381,-0.7847841767055126],[29.73208148140847,-0.7871680078967049],[29.728495515696956,-0.790054252557613],[29.728039597069927,-0.7903545550911214],[29.72626244139755,-0.7915244084236716],[29.721769114495682,-0.792244782190996],[29.715876123007664,-0.7920498954721014],[29.715804062792046,-0.7920475099570932],[29.715615800514474,-0.791646830725289],[29.71577143508717,-0.7910032035579883],[29.71868959004081,-0.787262351336291],[29.718914238069562,-0.7829643522387076],[29.723139663278797,-0.777454709400898],[29.723139445851363,-0.7774544761703277],[29.72313990033496,-0.777453883511038],[29.720558650706458,-0.774686093077896],[29.71967313924439,-0.7727166394260495],[29.718936271059967,-0.7710776037549252],[29.71930332576325,-0.7689811316455234],[29.719337411321604,-0.7687868369882348],[29.720272138062004,-0.7683096082114672],[29.721239677769617,-0.767816103037796],[29.7212396782947,-0.767815626364404],[29.72124009168176,-0.767815415307855],[29.72124217471199,-0.765566810729713],[29.717566690174383,-0.7587428840352972],[29.71713849430758,-0.7579478586262705],[29.71706191373539,-0.7575304235168941],[29.716745841008873,-0.7558066912536618],[29.717331062181323,-0.754885119128763],[29.717329940841243,-0.7548840358990745],[29.71733035592572,-0.754883380661862],[29.716806362617177,-0.7543782522505557],[29.71648877855369,-0.75407146174828],[29.715367570638165,-0.7543493680889394],[29.71379221431112,-0.7527960012205025],[29.71460007476107,-0.750808020788837],[29.714599852326128,-0.750807276474983],[29.71460008148153,-0.750806713321054],[29.714358585771066,-0.7499999481029189]]]}},{"type":"Feature","properties":{"n":"Nyamirama","c":"414122","d":"Kanungu","od":"Kanungu","dc":"414","k":"NYAMIRAMA","a":["NYAMIRAMA"],"lat":-0.689577,"lon":29.797153},"geometry":{"type":"Polygon","coordinates":[[[29.74654137529435,-0.676052758767172],[29.7461481984323,-0.6739878368511206],[29.74827764256713,-0.673415907068962],[29.74821513762949,-0.6732564826404858],[29.748312918150628,-0.673221927586949],[29.74766249674971,-0.6718469226962587],[29.747659630428668,-0.671839611888323],[29.747938642164268,-0.669717024118779],[29.74869999599051,-0.66954928694974],[29.74869964052964,-0.6695488300735111],[29.748699742606373,-0.669548807671711],[29.748280098501496,-0.6690095899044713],[29.747428134011443,-0.667914554258901],[29.747855287320103,-0.667009210599417],[29.747854554720053,-0.6670078280215784],[29.747854555169667,-0.667007827069284],[29.74785311112743,-0.6670051036439675],[29.74723093916957,-0.6658309279638606],[29.74815671146633,-0.664563407455198],[29.74815540530611,-0.6645628438796878],[29.748158667532497,-0.664558370943354],[29.747594315934883,-0.664320010584533],[29.74878922548792,-0.662494184416145],[29.748332301653303,-0.661359427031216],[29.74968747259352,-0.658056488940686],[29.749687129238193,-0.6580562135221474],[29.74968733988997,-0.658055700573423],[29.74928436663087,-0.6577331421157199],[29.748522206743846,-0.6571217843030839],[29.74879481098871,-0.6568057632834279],[29.74913424236873,-0.65641466722442],[29.748443014525847,-0.654553094668153],[29.748415911121278,-0.654479317812031],[29.750246625432577,-0.6536594062820722],[29.750495929564384,-0.653548371621292],[29.750495793137524,-0.653547812969604],[29.750496426244588,-0.653547529423571],[29.75022273108092,-0.6524296564663934],[29.750211313963135,-0.6523829047328968],[29.7508534091074,-0.652559928215674],[29.75112517844132,-0.6510562781165354],[29.751168352392032,-0.6508188829430318],[29.75277685903135,-0.649074825102872],[29.75281035392085,-0.649038539282677],[29.752810347821153,-0.6490385141639013],[29.752810515590316,-0.649038332256589],[29.752646332740365,-0.6483630938430434],[29.752150375463522,-0.6463207229741641],[29.75354220230118,-0.645695183904989],[29.75354259472618,-0.6456938778579239],[29.753543110218533,-0.645693646090172],[29.75394038581567,-0.644371405224552],[29.75394007938974,-0.6443709915027328],[29.75394074804226,-0.644368766130589],[29.752538754522206,-0.6424789888593516],[29.752216545099532,-0.6420439569166934],[29.752060051688222,-0.640170355613709],[29.7510895725871,-0.639690212226999],[29.75079172003227,-0.6395421020488952],[29.752788940776988,-0.638654991982521],[29.753000027749028,-0.6377439936172621],[29.75301455386933,-0.637682335817485],[29.75301432696255,-0.6376822818023737],[29.753014989375693,-0.637679422993593],[29.75103141347711,-0.637209630760559],[29.751819310673763,-0.635716364290079],[29.751818829922772,-0.635715923657491],[29.751819129895793,-0.635715357022261],[29.75144472033692,-0.6353730333077475],[29.750839093732292,-0.6348179459052166],[29.754029939878183,-0.634390398254246],[29.754030100884822,-0.634390092670325],[29.75403221028299,-0.634389810306366],[29.75482338065439,-0.632884805063253],[29.75482325360901,-0.6328847217001725],[29.754823344203526,-0.632884549755541],[29.754769048992664,-0.6328491543789153],[29.754004167619865,-0.632347263887955],[29.754525623704218,-0.631681059653894],[29.754524600697895,-0.6316789550225848],[29.754525948435703,-0.631677235000509],[29.75352054440975,-0.629612940927885],[29.753520353596404,-0.6296129170662988],[29.753520102894335,-0.629612401296832],[29.75239909519531,-0.6294706916022581],[29.752200881874842,-0.6283567602303639],[29.752177241685295,-0.628222135979628],[29.75217692475419,-0.6282221245347674],[29.752176385919693,-0.628219096359633],[29.751159813873407,-0.628183252840653],[29.75117679503344,-0.6278743706810319],[29.75122619583377,-0.627009905078655],[29.75122433330249,-0.6270096639602349],[29.75122444978436,-0.62700754519025],[29.750243641110952,-0.626882146995023],[29.752104846018927,-0.623717930698585],[29.751564781359185,-0.623443433723435],[29.752218716579783,-0.6218893203422533],[29.75222621339984,-0.621871527840534],[29.752879215265807,-0.6216453415268445],[29.75856909349052,-0.6246992309694893],[29.759095547981012,-0.625297884874169],[29.760224137677223,-0.6255875315216723],[29.76329106102022,-0.6272336203215858],[29.763417522791453,-0.628052825113486],[29.763875943330234,-0.6275475402054913],[29.765086348466774,-0.6281971926799067],[29.76588743666495,-0.628931624326933],[29.7662665427325,-0.6288306302801548],[29.7677,-0.6296],[29.767762066338303,-0.6295157671123028],[29.769197960642554,-0.629890079257284],[29.769953336302056,-0.629006357509543],[29.769431076198497,-0.62877185211546],[29.769830094735585,-0.626940780060311],[29.77054277654044,-0.6257419461236883],[29.772970029164096,-0.6224478175630119],[29.77511551839238,-0.620097909820561],[29.77594553733913,-0.620170893766139],[29.77611577161697,-0.621190688613987],[29.776965455265604,-0.620243999306283],[29.77931463149353,-0.620660149784574],[29.780308486134004,-0.619859093458667],[29.78121174193078,-0.620662624820387],[29.78281093316314,-0.620050831388306],[29.783930046462135,-0.62117108496626],[29.784828036917965,-0.620666164154335],[29.785426513073254,-0.621333974621362],[29.78729232974043,-0.619666895744284],[29.787886659889395,-0.620262060777908],[29.788833548992663,-0.619496723080295],[29.789480685370147,-0.61705586946506],[29.793357888687023,-0.6245459213272025],[29.793291826328975,-0.62473402911682],[29.793717231134206,-0.6252401056001663],[29.79497106041822,-0.627662275807921],[29.794145145109663,-0.629690504141336],[29.792012425421,-0.632301692753839],[29.78863656291573,-0.633559108625671],[29.787173042509384,-0.635445904255673],[29.78218446958336,-0.63584377008623],[29.777873867953417,-0.642424637105813],[29.76943040292674,-0.64858655750208],[29.771378322844633,-0.649805474296755],[29.774618227026235,-0.65501543593843],[29.778795863576413,-0.6553580944847],[29.779977149351147,-0.657769395637456],[29.78339470639399,-0.659143838403296],[29.783196117741436,-0.660102097397968],[29.78452569432507,-0.661219978784107],[29.785122213466607,-0.663384738664153],[29.786223246214934,-0.6628431911888504],[29.7889,-0.6716],[29.8042,-0.688],[29.804022761017183,-0.6915343538338733],[29.80246244643409,-0.692121075271121],[29.80303752577899,-0.694735940836885],[29.803879656164952,-0.6943880329459763],[29.803611649085777,-0.6997324094071472],[29.80258944879345,-0.701502572865611],[29.80248974300269,-0.70488548615033],[29.80308299061309,-0.71027448130368],[29.8025,-0.7219],[29.805289388676616,-0.72933836980431],[29.802581560185654,-0.730210521025544],[29.802581508618765,-0.7302105697356788],[29.802581363764645,-0.730210616391744],[29.79776991925007,-0.734751167900778],[29.796881644320944,-0.732830261604428],[29.796878624760815,-0.7328315358722435],[29.796878202381013,-0.732830620781251],[29.79501677642852,-0.733617186341788],[29.79501675767131,-0.7336172520713411],[29.795015839251334,-0.733617639648658],[29.794336126582262,-0.7359998972778473],[29.791892165448928,-0.737038119909809],[29.791790072616145,-0.737274180260367],[29.791426838804806,-0.737455970733641],[29.790759497568004,-0.7396546712140599],[29.789900291394602,-0.73972197919506],[29.789171107074562,-0.739778327848524],[29.789170324924516,-0.7397791628732276],[29.789170134995818,-0.739779177751749],[29.78838453432416,-0.7406180742405656],[29.785917832872496,-0.7432515288615361],[29.782205726712245,-0.743198978906496],[29.782295935353943,-0.7434636536952488],[29.78205771360735,-0.74347759011151],[29.782746640351185,-0.7447860353173301],[29.78334978403532,-0.7465556764978187],[29.783241495286752,-0.747403698151294],[29.783636692655495,-0.7473974747668863],[29.783693598695738,-0.747564438750558],[29.783210593733507,-0.7508642920609692],[29.783208985390946,-0.750872662529673],[29.78377989626701,-0.754356562813614],[29.781681636140323,-0.759580617935689],[29.78168166611427,-0.759580714277158],[29.781681398269527,-0.759581381103121],[29.782034290528102,-0.7607318396151878],[29.779068012423842,-0.7599833996732742],[29.779051790392813,-0.75607340333672],[29.779040210173623,-0.756067857674918],[29.7790419407594,-0.755944576008091],[29.777068924579403,-0.748338065816912],[29.777705647881636,-0.745481022978819],[29.77705175243364,-0.743620989487641],[29.77924577546702,-0.737453752191824],[29.777282775639044,-0.736609389080351],[29.772747721516687,-0.73137907791425],[29.774415298470426,-0.729480635660348],[29.774475048487478,-0.726922538110659],[29.77665934253792,-0.723144795352965],[29.77231386322568,-0.722286025207542],[29.773239282357302,-0.718020159759449],[29.773790532458445,-0.716362480401316],[29.784362738970934,-0.712614686008057],[29.78702009235208,-0.710567277974039],[29.786604402919657,-0.71242213931526],[29.787645410430553,-0.714712304742273],[29.78928445732714,-0.716257384495693],[29.792118959457277,-0.716526777880216],[29.792180841719567,-0.713632602723181],[29.79322626699325,-0.713429179332409],[29.79422371707148,-0.711395921071844],[29.795139653386208,-0.711617027188917],[29.79461385360781,-0.710418028215563],[29.795206073082774,-0.710048717743542],[29.794190310086393,-0.708528740910588],[29.7955135710867,-0.708092458807913],[29.79584165421821,-0.707043958311421],[29.79725362323806,-0.707619117717242],[29.79763312778796,-0.707120566483811],[29.79698617653302,-0.706099784892557],[29.797886495082167,-0.703816537930379],[29.797488467138773,-0.699588973749348],[29.788011506739835,-0.686598143803633],[29.787457409620885,-0.68716223860354],[29.77891400859038,-0.679981536169337],[29.77610073848578,-0.674808813293444],[29.77234081795065,-0.68179073538536],[29.766467880377984,-0.679530498931031],[29.762912673710545,-0.679781423076706],[29.764237091059872,-0.682476887712072],[29.76323226797355,-0.68476739072689],[29.76052487542665,-0.682242877366006],[29.757035370507474,-0.680977828411154],[29.75598875546999,-0.688120606880456],[29.754389507604156,-0.691010871819378],[29.755027453335195,-0.692184726564564],[29.752292748555252,-0.69590564033914],[29.751095251002422,-0.692473967522271],[29.750210085818072,-0.692294008086381],[29.748542872547965,-0.693857215003318],[29.74861423832412,-0.691592487833617],[29.74879270793418,-0.68814295233098],[29.748730050411552,-0.6879172979159985],[29.74873214577328,-0.687850803541692],[29.74727290384099,-0.6826695392569115],[29.74726152380977,-0.68262855528276],[29.747261357273867,-0.6826285413836194],[29.747261308117167,-0.682628366845147],[29.74697199256757,-0.6826043909109116],[29.744980984582117,-0.6824382207354661],[29.745355544476347,-0.679784368527268],[29.745355517658503,-0.6797843164526461],[29.745355575663375,-0.679783906064911],[29.74481150944354,-0.6787279666997288],[29.744786725176482,-0.6786798408559203],[29.745687593971347,-0.675982225669824],[29.746540849179482,-0.67605548407258],[29.746540314351478,-0.6760526711109166],[29.74654137529435,-0.676052758767172]]]}},{"type":"Feature","properties":{"n":"Nyamirama Town Council","c":"414123","d":"Kanungu","od":"Kanungu","dc":"414","k":"NYAMIRAMATOWNCOUNCIL","a":["NYAMIRAMA","NYAMIRAMATOWNCOUNCIL"],"lat":-0.720153,"lon":29.760011},"geometry":{"type":"Polygon","coordinates":[[[29.748542874748686,-0.69385722967165],[29.75021032055681,-0.6922940558101861],[29.750919424845232,-0.692438221001032],[29.751095310434714,-0.692474137837597],[29.752292748555252,-0.69590564033914],[29.752295744831088,-0.6959015635246657],[29.752296703461578,-0.695904302335109],[29.75230697914604,-0.6958862778098914],[29.754861777894718,-0.6924101490793113],[29.75494731769029,-0.692396796972522],[29.754920547506654,-0.692330185545335],[29.755027453335195,-0.692184726564564],[29.754392680288767,-0.6910167097311356],[29.75438998637626,-0.6910100065512397],[29.75541360060837,-0.6891600642194329],[29.75598812271847,-0.688122337194721],[29.755988239293597,-0.6881215397480657],[29.75598875546999,-0.688120606880456],[29.757035370507474,-0.680977828411154],[29.76052487542665,-0.682242877366006],[29.76323226797355,-0.68476739072689],[29.764237091059872,-0.682476887712072],[29.764237010329538,-0.6824767234090555],[29.764237067289482,-0.682476593821557],[29.764196518918553,-0.6823943149700583],[29.762912673710545,-0.679781423076706],[29.7664325234061,-0.6795329944028261],[29.76646793229128,-0.6795305189101851],[29.77234081795065,-0.68179073538536],[29.77234128426667,-0.6817898694675598],[29.77234140405105,-0.681789915546332],[29.772504064145927,-0.6814875980699359],[29.776100323983744,-0.6748095829961241],[29.77862251898717,-0.679654722659912],[29.778833985369193,-0.6798343985211741],[29.77891400859038,-0.679981536169337],[29.787457409620885,-0.68716223860354],[29.788011506739835,-0.686598143803633],[29.78801336067049,-0.6866006851351207],[29.791798581668864,-0.692612870671663],[29.796376359230166,-0.6980645182157362],[29.797270505383665,-0.6992901960847718],[29.79788624065797,-0.7038138356210364],[29.797886495082167,-0.703816537930379],[29.79698617653302,-0.706099784892557],[29.796986507843943,-0.7061003076461451],[29.796986344478253,-0.706100721816276],[29.797633089464515,-0.7071206168289291],[29.797262705435422,-0.7076071865277507],[29.797253562204205,-0.7076190928553683],[29.796447206326153,-0.7072906273145665],[29.795843549690535,-0.707043590082916],[29.795843231663785,-0.7070446008769767],[29.79584165421821,-0.707043958311421],[29.795518581976875,-0.7080764448153245],[29.79551354028995,-0.7080924689616707],[29.794190310086393,-0.708528740910588],[29.794875819662952,-0.7095545300748428],[29.795206017726347,-0.7100487522640344],[29.79498631139666,-0.7101857620243569],[29.79461406692642,-0.710416787561382],[29.794614447884943,-0.7104176576219273],[29.79461385360781,-0.710418028215563],[29.795102169487297,-0.7115315513896564],[29.79513958844913,-0.7116170115131706],[29.79502562643757,-0.711589501196717],[29.794225547339916,-0.711394700903789],[29.794224818151754,-0.7113961868715292],[29.79422371707148,-0.711395921071844],[29.79322676476798,-0.7134281646404496],[29.792182302414737,-0.713630683690657],[29.79218226640355,-0.7136323255019829],[29.792180841719567,-0.713632602723181],[29.79212590792153,-0.7162018047476534],[29.79211878039429,-0.7165267608619242],[29.78928445732714,-0.716257384495693],[29.787645410430553,-0.714712304742273],[29.786604402919657,-0.71242213931526],[29.78702009235208,-0.710567277974039],[29.787000443539608,-0.7105824167722135],[29.787003147205436,-0.710569865076706],[29.78436265288868,-0.7126147165237859],[29.773790532458445,-0.716362480401316],[29.773725656076074,-0.7165575719571503],[29.77369625848352,-0.716568468821917],[29.7736277538069,-0.7168519765665801],[29.773239282357302,-0.718020159759449],[29.77231386322568,-0.722286025207542],[29.77665934253792,-0.723144795352965],[29.774475048487478,-0.726922538110659],[29.774415298470426,-0.729480635660348],[29.772747721516687,-0.73137907791425],[29.777282775639044,-0.736609389080351],[29.77924577546702,-0.737453752191824],[29.77705175243364,-0.743620989487641],[29.777109267612467,-0.7437845938669043],[29.776977631562918,-0.744167108983648],[29.777436877747327,-0.7447164948684432],[29.777666553562245,-0.7453698175198998],[29.777644064299917,-0.7457573548336004],[29.777068924579403,-0.748338065816912],[29.777416533368516,-0.749678191571447],[29.777377277554894,-0.750354651845535],[29.77904066576122,-0.756035403000354],[29.779040210173623,-0.756067857674918],[29.779048060133633,-0.7560716169494753],[29.779048060133555,-0.7560716169494385],[29.77697316547953,-0.75507796874339],[29.776972249118316,-0.7550839122449333],[29.77697166030537,-0.75508363207814],[29.7766030877016,-0.7574782862311167],[29.776569211767015,-0.75769800490391],[29.77565921226537,-0.7581761238944293],[29.774685247367216,-0.758687553654401],[29.77468516107572,-0.7586878960115222],[29.774684706278247,-0.758688134964739],[29.774006747134024,-0.761372557077619],[29.771594753238933,-0.7596989698830251],[29.77111897462221,-0.7593686644754171],[29.77088644996681,-0.758406574697789],[29.768120659342408,-0.7573489136337141],[29.767951618661083,-0.757284258855127],[29.76819094983448,-0.7517268849300718],[29.76897934786021,-0.7503454485302696],[29.769934269767077,-0.748672435004704],[29.769934154475735,-0.7486724298640496],[29.76993787281287,-0.748665914568351],[29.766659013778643,-0.748144802599237],[29.76331614954259,-0.7483773437261374],[29.756896565210436,-0.7480911048419551],[29.755196005150374,-0.7477259596802046],[29.753625209086238,-0.745449343965528],[29.753622682021174,-0.7454448334557566],[29.754196311685448,-0.739730916413978],[29.754195927100927,-0.7397306822451121],[29.754195995623142,-0.739729999330483],[29.749830303975468,-0.737072487691947],[29.748660350427958,-0.735531305402919],[29.749178536664733,-0.732071461883518],[29.74851460249032,-0.729231815429863],[29.746074563046673,-0.728805884216233],[29.7475376625908,-0.71799455937525],[29.74601909452152,-0.711110983413814],[29.745579721209175,-0.7024378104402548],[29.748467883208974,-0.694421300904485],[29.748489385588076,-0.6940056938995507],[29.748542874748686,-0.69385722967165]]]}},{"type":"Feature","properties":{"n":"Nyanga","c":"414124","d":"Kanungu","od":"Kanungu","dc":"414","k":"NYANGA","a":["NYANGA"],"lat":-0.750335,"lon":29.64923},"geometry":{"type":"Polygon","coordinates":[[[29.630575567851697,-0.736503822442272],[29.630983773930357,-0.734056480692242],[29.631805290128405,-0.733445672630233],[29.629456912022942,-0.731256800399366],[29.629403803757604,-0.730964710068811],[29.630103608918947,-0.730831490490672],[29.63039541468771,-0.730267448895191],[29.629456912830335,-0.730265424868141],[29.6296871285727,-0.729549003320242],[29.628810747356113,-0.729070462794775],[29.629333724143137,-0.728155348247448],[29.62812362380312,-0.727366905907529],[29.633181278415908,-0.7227388025518067],[29.63481326271236,-0.721250236193352],[29.637335251804156,-0.7229453881176705],[29.638012869359496,-0.723401078757096],[29.639786930036006,-0.728421688125292],[29.63978860627518,-0.7284211060891483],[29.639788609995346,-0.72842111660738],[29.639796948460774,-0.728418209453864],[29.659356582532556,-0.721626568875568],[29.659373842799287,-0.7215928483973331],[29.659727280437295,-0.721469624588252],[29.66576085416671,-0.7091148791309225],[29.66586642734976,-0.708908626337924],[29.669064334541627,-0.7129799353297807],[29.669333187895067,-0.713322419023833],[29.669333363320423,-0.713322440355866],[29.66933360232288,-0.713322744633882],[29.67227458049605,-0.7138652865013827],[29.672615389381303,-0.716227132299612],[29.673040585610664,-0.7171032373452236],[29.674763680358932,-0.7206548532348273],[29.672118799013692,-0.7267746559315673],[29.671724077642374,-0.7276877912413174],[29.670964728104053,-0.728045454961397],[29.67096508428795,-0.7280468134657986],[29.670964587022215,-0.728047048083862],[29.671984451165454,-0.731934733181304],[29.67200389230907,-0.732008882741415],[29.671798018657324,-0.7365070177599032],[29.6713042730237,-0.7373763199158705],[29.668778238791354,-0.741823211653113],[29.668249929623407,-0.7477689466128148],[29.668241673014357,-0.7478617663075805],[29.666785188351717,-0.74897684757223],[29.66734196214739,-0.75052692646622],[29.666218218113684,-0.7546472396744673],[29.663659383699567,-0.757172135145861],[29.663659059536844,-0.7571728231621018],[29.66365873662072,-0.757173141715828],[29.66292945610397,-0.7587213633717371],[29.66181394873438,-0.761088961902827],[29.662054559584067,-0.7674054966157153],[29.66197079707763,-0.7675738813299278],[29.66119176394911,-0.7691390172303738],[29.65887080124327,-0.769374852068796],[29.65887065093769,-0.769375173267003],[29.65886905705344,-0.769375335356899],[29.658517938802845,-0.770128854400462],[29.6575364481666,-0.7756044099482379],[29.65740211415327,-0.7758010461071266],[29.655969998668493,-0.777895457485746],[29.65597042731411,-0.7778967283086516],[29.65596975465141,-0.777897712942448],[29.656496317745194,-0.7794558568307566],[29.656878206258128,-0.780588057071683],[29.655627839620895,-0.7832113238348233],[29.654785384878203,-0.784978575011476],[29.654785403270395,-0.7849787536530235],[29.654785061253477,-0.784979471203849],[29.655029473697567,-0.787352728068764],[29.65332731344949,-0.790743341924408],[29.653289738426132,-0.79081816418001],[29.653288566062177,-0.790818289631755],[29.65328376512095,-0.790813640001262],[29.647597827816885,-0.7914272011867536],[29.64226029981016,-0.7896033578337504],[29.640625289593213,-0.788171174438834],[29.6402360304154,-0.7873977744520797],[29.636543830478665,-0.780061297782764],[29.63654356667284,-0.7800613991721366],[29.636542436875,-0.780059154432163],[29.635421339660365,-0.7804879224413934],[29.63498435661032,-0.7786629455831698],[29.634779119954455,-0.777803090518979],[29.632366576997807,-0.7778448254848133],[29.63233763652029,-0.7778283310016367],[29.63070246736037,-0.776895944003669],[29.630691718348658,-0.7768634688417724],[29.63039960326141,-0.775794671580097],[29.631385970345466,-0.775098764635462],[29.630437495546936,-0.7743508550049216],[29.630512825377036,-0.773984249831756],[29.631851858856848,-0.773465080520303],[29.6326040381357,-0.771930269932937],[29.631130160490383,-0.770944959894122],[29.632190830005193,-0.769535297382497],[29.630932062864364,-0.7696632223083336],[29.630951505554215,-0.768185577879682],[29.63167630015803,-0.768588430062131],[29.6314890556073,-0.76745350994384],[29.630960976516576,-0.767465784740171],[29.631083341260922,-0.758166064169884],[29.631386506736266,-0.757750631173428],[29.631089088587927,-0.757729267317598],[29.63118890067332,-0.7501435488276346],[29.632105840023737,-0.748864732151309],[29.63121627386509,-0.748063186253186],[29.631227709979882,-0.7471940415290413],[29.632250395276156,-0.74633627795702],[29.631249439143563,-0.7455426250893077],[29.6313,-0.7417],[29.63003709486503,-0.7383636685240422],[29.63019678682031,-0.738063444231408],[29.62987206483964,-0.7379276936808346],[29.62907526793801,-0.7358227227616123],[29.629505659857195,-0.735269997901776],[29.630575567851697,-0.736503822442272]]]}},{"type":"Feature","properties":{"n":"Rugyeyo","c":"414125","d":"Kanungu","od":"Kanungu","dc":"414","k":"RUGYEYO","a":["RUGYEYO"],"lat":-0.890317,"lon":29.818598},"geometry":{"type":"Polygon","coordinates":[[[29.790041332000207,-0.870562072374784],[29.792457654352997,-0.874436192275564],[29.792457743801847,-0.8744362097005781],[29.792457784650733,-0.87443627519229],[29.79793055865177,-0.8755031509523922],[29.79767371796206,-0.877337719299948],[29.797673891265234,-0.8773379298237325],[29.797673699795574,-0.877339297820595],[29.798301642347642,-0.878105590306213],[29.79574705145835,-0.8797473764715353],[29.795198971984384,-0.8800995498759],[29.7951987933641,-0.8800997313468044],[29.795198726053904,-0.880099774605766],[29.795136079514563,-0.8801634460537564],[29.790940684208362,-0.884425796147902],[29.790941459995814,-0.8844266903021146],[29.79094112968695,-0.884427026014891],[29.79348746018986,-0.887361159381126],[29.793487475502143,-0.8873611673765851],[29.793487623684197,-0.887361338167706],[29.796330842381757,-0.88884591077786],[29.799561251778105,-0.8868070952148928],[29.803878784889978,-0.886224592932448],[29.80387886158598,-0.886224322748354],[29.80387923805357,-0.886224271941355],[29.8050279682031,-0.882196338358246],[29.810863605980334,-0.8877726560475894],[29.810970565696984,-0.887874899553385],[29.81097060325476,-0.8878748986501748],[29.810971182003033,-0.887875451680428],[29.81639314904595,-0.887744677795395],[29.817820469153588,-0.886899969790917],[29.816404613766206,-0.884287041295268],[29.816726787791698,-0.8823211387352864],[29.81687951488585,-0.8813913033008409],[29.820475204238527,-0.8820873113945303],[29.82053161077083,-0.88209824201309],[29.820531617884832,-0.8820982312350873],[29.820532174008086,-0.882098338882397],[29.821623454745836,-0.880447702722831],[29.823495104860598,-0.8811334142187079],[29.824202053019437,-0.88394648749244],[29.826489995038227,-0.886055539728534],[29.83080576229707,-0.88880618507407],[29.830127853644445,-0.8849278078178232],[29.83289826139912,-0.88288996903341],[29.832884460475057,-0.8828840985591847],[29.832945224726885,-0.882839052892284],[29.831659580811248,-0.882362811323405],[29.83131010179572,-0.8803448749546414],[29.834333545809894,-0.87663085845777],[29.834333547897366,-0.8766308507776895],[29.834333689225588,-0.876630681845686],[29.835344556475793,-0.872918774158061],[29.836419688643232,-0.873834810337072],[29.837622499217446,-0.872904276979884],[29.837622574047117,-0.8729039920853198],[29.837622574508575,-0.87290399172851],[29.837626172510866,-0.872890291867905],[29.838847125556164,-0.86824182982048],[29.840286902392602,-0.866979422076776],[29.840814657120614,-0.863351488050035],[29.840245300462865,-0.862268099839844],[29.840290060388213,-0.8621941134591525],[29.84207313381898,-0.859248726683071],[29.842072262682947,-0.8592482037771226],[29.8420748300156,-0.859243960078105],[29.842013442593718,-0.8592128965767964],[29.83970107337196,-0.8578248795844229],[29.838206940364504,-0.8555083818335767],[29.838426893949475,-0.854763930413082],[29.838648821105632,-0.854188440098872],[29.84085882067369,-0.85158700977637],[29.84085882224868,-0.8515869837184477],[29.840859584196345,-0.851586256773425],[29.840858861825485,-0.851586328927267],[29.840858862501502,-0.8515863177427069],[29.840859586605447,-0.851586244867527],[29.840979667933468,-0.849588809994821],[29.844168472425416,-0.849154290979304],[29.844169050862376,-0.8491534893851571],[29.844169501017415,-0.849153428274827],[29.845807430514093,-0.8468831751172241],[29.862632534516965,-0.8661572160908634],[29.859805905284666,-0.86679783801193],[29.855474547043098,-0.870251414649029],[29.85607514744096,-0.873585160111078],[29.852750286753178,-0.878212921546996],[29.844767833308893,-0.880461382585311],[29.843736817756785,-0.883458259479573],[29.845811491649037,-0.888216896203184],[29.83772669514609,-0.893332213941789],[29.83985392137735,-0.89655313650529],[29.83941520354921,-0.898794666207579],[29.840883687590875,-0.900276398663407],[29.84342109864843,-0.91021285861339],[29.84251982923572,-0.917435850365341],[29.841424688182443,-0.91914736105274],[29.84004607354375,-0.92069558504796],[29.832294985837912,-0.925325048348771],[29.824557836232923,-0.924185026685442],[29.81892867406644,-0.92522045867746],[29.820914230825455,-0.927090950636218],[29.818679285875152,-0.927080078303864],[29.812988072631008,-0.933361156250896],[29.807752158890324,-0.934203839057141],[29.807192925446603,-0.9347699639659371],[29.806898683363283,-0.9348605381782524],[29.804436051240856,-0.9311827674620703],[29.804417421300485,-0.931152696681364],[29.80111431044546,-0.9314092644664569],[29.802623087661207,-0.929185980298634],[29.802641290847582,-0.929159189918265],[29.80878027891944,-0.925020808940285],[29.808780318849696,-0.9250206086621633],[29.808780382074886,-0.925020566039596],[29.808867508373492,-0.9245832923231635],[29.810503296141906,-0.916378674530481],[29.80650412435892,-0.913089732812368],[29.80582766495273,-0.912002040824215],[29.806080126608503,-0.909892359946335],[29.80484947779083,-0.9082790816139016],[29.804901912486297,-0.9071034989081765],[29.804942365772373,-0.906200369317559],[29.804942203070805,-0.9062001864367266],[29.804942209792483,-0.906200035737095],[29.803058231159415,-0.9040825525799954],[29.801800354359397,-0.902668666054823],[29.802636224193897,-0.900292715069653],[29.80263620264838,-0.9002924883085434],[29.80263621939846,-0.900292440709336],[29.802606200503497,-0.8999767233497952],[29.80241923042743,-0.898008910762026],[29.800567474071123,-0.895882010648447],[29.8005669640285,-0.8958742716404845],[29.800511673164152,-0.892893555802682],[29.80036883362889,-0.8928679880909373],[29.800357206274857,-0.89269156325543],[29.796784031908846,-0.8922259990257634],[29.79630714445241,-0.8917886428227373],[29.792177831159524,-0.888000491993683],[29.787458248258137,-0.8873060698234236],[29.78667753200177,-0.880881100741704],[29.78667663950034,-0.880873200466805],[29.78667656078817,-0.8808731080589449],[29.786676526840786,-0.880872828686152],[29.785464439242702,-0.8794500808796115],[29.78520617363183,-0.879146877801396],[29.787463175899855,-0.87666457892173],[29.78746417870632,-0.8766619507769341],[29.790041332000207,-0.870562072374784]]]}},{"type":"Feature","properties":{"n":"Rutenga","c":"414126","d":"Kanungu","od":"Kanungu","dc":"414","k":"RUTENGA","a":["RUTENGA"],"lat":-1.03017,"lon":29.860749},"geometry":{"type":"MultiPolygon","coordinates":[[[[29.828016625845873,-1.0233585331301418],[29.828017234424504,-1.023358080767586],[29.828887026132023,-1.0217489030881832],[29.82955350849565,-1.0205163781775213],[29.83089992490782,-1.0202382128002765],[29.830926249955912,-1.020232784935011],[29.837060128781985,-1.023483535739366],[29.84017437942641,-1.023454255856257],[29.843087475689757,-1.021811101595143],[29.8431117276317,-1.020943916641966],[29.848267653812744,-1.016375240507558],[29.84808425862614,-1.015562161583766],[29.850526001129612,-1.016492706187021],[29.851950854524173,-1.015867911495572],[29.851898894575967,-1.013548583876135],[29.85515547662786,-1.013620563851473],[29.857613939489962,-1.014677503271525],[29.863183085243115,-1.011913510533721],[29.86646738388671,-1.011342076254915],[29.870240667276104,-1.008688860331622],[29.870257715337274,-1.006138870580455],[29.872402600056066,-1.006537244762703],[29.874470543511823,-1.005221032068543],[29.875125000003504,-0.998439939256087],[29.876292581092706,-0.995926892744236],[29.876580993979406,-0.9960673937230055],[29.8896,-1.0074],[29.89029772023745,-1.0138026092377677],[29.890067772181872,-1.014048592016121],[29.888606689624545,-1.014159653770189],[29.887707232186045,-1.015901857684118],[29.888419950965314,-1.016903175518149],[29.88687652638092,-1.017717927716066],[29.88652267519311,-1.019170801023672],[29.891203340116103,-1.0221130034183648],[29.8913,-1.023],[29.9002,-1.0414],[29.8878,-1.0501],[29.869964309148052,-1.069478237087792],[29.867578213565473,-1.067033739991905],[29.86686430227378,-1.065128448118037],[29.863526896470585,-1.064426896470587],[29.849936649563844,-1.050836649563843],[29.84980983630387,-1.050552348774841],[29.849364565168315,-1.0502645651683153],[29.836923403765297,-1.037823403765298],[29.836934042921744,-1.037769991753954],[29.836639348454,-1.037539348453999],[29.835400979202845,-1.0363009792028466],[29.83517278746018,-1.035360808494869],[29.83459390973439,-1.0354939097343911],[29.8341,-1.035],[29.83137012895643,-1.0333578119503513],[29.830894474514704,-1.032928423296894],[29.822565278636535,-1.027410587593552],[29.82801658254007,-1.023358613215507],[29.828016625845873,-1.0233585331301418]]],[[[29.803907404101512,-0.944576367194595],[29.805647228662536,-0.9424550733745187],[29.80638680189745,-0.941990696354313],[29.806607340849542,-0.9412844495688251],[29.807082765752092,-0.940704784279413],[29.807327439843004,-0.9389784279134942],[29.807717858160267,-0.937728164960172],[29.807595228511055,-0.9370889811392297],[29.807818552467,-0.9355132657393167],[29.808586920732495,-0.9346343332494699],[29.81146112346726,-0.9336069077796698],[29.812988072631008,-0.933361156250896],[29.81339022557594,-0.9329173222412767],[29.813958590805072,-0.932714151843623],[29.81867778281272,-0.9270817371509129],[29.818679285875152,-0.927080078303864],[29.820914230825455,-0.927090950636218],[29.81892929321285,-0.9252210419437781],[29.818935620664075,-0.9252191809154745],[29.823156919946577,-0.9244427121985119],[29.832294983653693,-0.925325060685177],[29.834051630363835,-0.928128292432009],[29.836280295598332,-0.928789703208782],[29.838703039921658,-0.932602835254099],[29.840310038495495,-0.933690040517594],[29.843447543551235,-0.934013955938632],[29.846477071887584,-0.935439519002369],[29.851082347231635,-0.9353059166101885],[29.851,-0.9358],[29.85178266245508,-0.9385839006313575],[29.851573077584433,-0.939673723344893],[29.85283190419662,-0.942316013661395],[29.85569839491122,-0.9525120122791437],[29.85344031945576,-0.95262440074208],[29.851405816224144,-0.952279372089814],[29.84999001719126,-0.950530498587779],[29.848158072107005,-0.949840522785003],[29.842363862521132,-0.950411494226334],[29.83911590213812,-0.947603733130434],[29.83791105570299,-0.944991401448565],[29.834688084234987,-0.946391858601633],[29.832328315554708,-0.949320870655669],[29.83231908082779,-0.95102123203131],[29.829292261965847,-0.952203512260219],[29.82832816241465,-0.950625700061919],[29.826686758145062,-0.950318980140325],[29.826684335533347,-0.94950041427909],[29.824845055208645,-0.949298191125489],[29.82548627290308,-0.94799344042395],[29.82389921623538,-0.948352354898001],[29.820752933516843,-0.945199217007459],[29.81852469851922,-0.944947755267561],[29.817046349706594,-0.945619962649464],[29.81465745232085,-0.944014906682622],[29.81062836255729,-0.94816321959629],[29.809299650942876,-0.94741625869246],[29.806468784517758,-0.947487655335564],[29.803906089836442,-0.944583923680296],[29.801429757963053,-0.950254825582519],[29.803833168115187,-0.957791611114714],[29.810304209710687,-0.96175026433138],[29.81713781318761,-0.963425596810844],[29.819467281837156,-0.968679261316544],[29.821561404651277,-0.971392229837799],[29.83355632222255,-0.98192285999994],[29.831851682187203,-0.983821664305507],[29.828923304668912,-0.984071806294461],[29.827205672161057,-0.9856656600161002],[29.82686146434745,-0.9831965408258878],[29.826861350031503,-0.983194431066521],[29.826861118008825,-0.9831940564216849],[29.826861028229885,-0.983193412406947],[29.824966282185237,-0.980134433040788],[29.821695416519766,-0.977074225050094],[29.820907591704767,-0.976578276976262],[29.818613454928347,-0.975133835832165],[29.818612972697686,-0.9751337783325578],[29.818612418675503,-0.975133429566908],[29.81461277891868,-0.974656616406382],[29.814144058752696,-0.973182230852912],[29.814142157040873,-0.9731813837569124],[29.814142155047726,-0.973181377494715],[29.81413373433993,-0.9731776319601402],[29.81129427022225,-0.971912824817967],[29.8106587213606,-0.9701643885385692],[29.810520970862296,-0.969785372180173],[29.810520951372624,-0.9697853743356842],[29.810520855773532,-0.969785111336366],[29.808727589950752,-0.9699834520538634],[29.807806137951445,-0.9692551005532496],[29.80777168018138,-0.9691254414577649],[29.807178510076508,-0.966889636671583],[29.807177697888502,-0.9668903807825275],[29.80717724841148,-0.966888689472159],[29.806306007684753,-0.9676884568967759],[29.802562284618038,-0.9664018639350298],[29.801001769744946,-0.965865556511562],[29.798485118461716,-0.964263244983035],[29.795967575384747,-0.9611299760300405],[29.795664051501944,-0.960752162697782],[29.795664012876106,-0.9607521699887777],[29.795663529588605,-0.960751568501662],[29.794026263376708,-0.9610606115538319],[29.790556899413176,-0.9593754172408688],[29.79066979597649,-0.9583297488113945],[29.790821933463203,-0.95785957533345],[29.79089448290547,-0.958348220480732],[29.794225764663476,-0.947340244142311],[29.79618885390906,-0.945579408919573],[29.803906166809078,-0.944577740277964],[29.803906807459608,-0.9445764446889081],[29.803907404101512,-0.944576367194595]]]]}},{"type":"Feature","properties":{"n":"Rutenga Town Council","c":"414127","d":"Kanungu","od":"Kanungu","dc":"414","k":"RUTENGATOWNCOUNCIL","a":["RUTENGA","RUTENGATOWNCOUNCIL"],"lat":-0.982861,"lon":29.848915},"geometry":{"type":"Polygon","coordinates":[[[29.809299718763864,-0.9474162968193396],[29.81062836255729,-0.94816321959629],[29.81465745232085,-0.944014906682622],[29.817016584624227,-0.9455999640411755],[29.817046251583424,-0.945619928536008],[29.81704628368072,-0.9456199182879006],[29.817046349706594,-0.945619962649464],[29.817046832966142,-0.9456197429106368],[29.818987819809166,-0.9450000196317226],[29.820752933516843,-0.945199217007459],[29.820760337571347,-0.9452066371940389],[29.821432756597456,-0.946342509218726],[29.821710853325328,-0.9461592239472153],[29.822643671903712,-0.9470940749659067],[29.822873809385854,-0.947630414289305],[29.82389716419766,-0.9483502983892699],[29.82389921623538,-0.948352354898001],[29.82389987564638,-0.9483522057715351],[29.823900167501677,-0.948352411078616],[29.824176931819245,-0.9482895492372153],[29.82548627290308,-0.94799344042395],[29.824845055208645,-0.949298191125489],[29.825143189503994,-0.9493309700643993],[29.826684338380957,-0.949501376445356],[29.826686758145062,-0.950318980140325],[29.826687394873723,-0.9503190991222044],[29.826687394890342,-0.950319120107177],[29.828328273836107,-0.9506258824104474],[29.828921859703907,-0.9515973246456296],[29.82929205341271,-0.952203445758097],[29.829292188975888,-0.952203392807359],[29.829292261965847,-0.952203512260219],[29.83231908082779,-0.95102123203131],[29.83231908157809,-0.9510210938815243],[29.8323192340016,-0.951021034345169],[29.832328486236744,-0.949320658800267],[29.834688084234987,-0.946391858601633],[29.83791105570299,-0.944991401448565],[29.83911590213812,-0.947603733130434],[29.839116460463842,-0.9476042157857192],[29.839116465356145,-0.947604226415501],[29.8423634327122,-0.950411246124422],[29.842363560912812,-0.9504112334952878],[29.842363862521132,-0.950411494226334],[29.848158072107005,-0.949840522785003],[29.84999001719126,-0.950530498587779],[29.851405816224144,-0.952279372089814],[29.851407029906863,-0.9522795779166252],[29.851407084358147,-0.952279645129481],[29.8514075021971,-0.9522796580116885],[29.85344031945576,-0.95262440074208],[29.85569839491122,-0.9525120122791437],[29.8589,-0.9639],[29.8559,-0.9691],[29.8703,-0.9906],[29.876580993979406,-0.9960673937230055],[29.876292581092706,-0.995926892744236],[29.87621582665106,-0.9960920953872304],[29.876114726789528,-0.996051443821425],[29.87512579902127,-0.9984382194879029],[29.875125000003504,-0.998439939256087],[29.874470543511823,-1.005221032068543],[29.872402676084874,-1.0065371963715912],[29.87234458936135,-1.0065264703080825],[29.870257715337274,-1.006138870580455],[29.870257616919027,-1.0061535916397375],[29.86973181046384,-1.0090466672752432],[29.866467467359847,-1.0113420175600778],[29.866467364321203,-1.0113420796591126],[29.863183085243115,-1.011913510533721],[29.86224660729991,-1.0123782888585964],[29.861699932217523,-1.012512476351419],[29.860894262198556,-1.0130494639732044],[29.857842521213648,-1.0145640571072005],[29.857507001981983,-1.0146315288257],[29.85515547662786,-1.013620563851473],[29.855024042249415,-1.0136176587678092],[29.851934582326543,-1.013542646627789],[29.851934269751908,-1.0135493657708488],[29.851898894575967,-1.013548583876135],[29.85191040488906,-1.0140623678191147],[29.85182381959637,-1.0159236159973983],[29.850526001129612,-1.016492706187021],[29.84808425862614,-1.015562161583766],[29.84808517105545,-1.015566206821008],[29.84808345921468,-1.015565557020542],[29.848140603441337,-1.015811965204838],[29.848267653812744,-1.016375240507558],[29.8431117276317,-1.020943916641966],[29.84308748171875,-1.0218108860143984],[29.84308301158084,-1.0218136196099719],[29.84035846222778,-1.023350422542105],[29.83984481335895,-1.0234573544045222],[29.837521767258124,-1.0234791954590985],[29.835020853991843,-1.0224027882462507],[29.830926307902153,-1.020232815644583],[29.83092625484191,-1.020232773536893],[29.830926482493922,-1.0202073765953608],[29.830956999716697,-1.01697864939836],[29.82399252047308,-1.0092148952623603],[29.82353752289605,-1.0060163771673476],[29.823186937166625,-1.0035504695706554],[29.823523562869806,-1.0032905306610678],[29.825200962252637,-1.001997209850116],[29.82520087821949,-1.0019953249803553],[29.825201294054626,-1.001995003876735],[29.824948229861057,-0.9963284035118881],[29.82493768466719,-0.996091874029207],[29.82635473726841,-0.99355865808752],[29.83027441553626,-0.994449909517972],[29.831839955948077,-0.9933279656733437],[29.832826406343848,-0.9926213341182406],[29.83485260763139,-0.994097482174407],[29.833355959693897,-0.990069116808634],[29.83300903567328,-0.9898753479746948],[29.832760292163382,-0.989304587245418],[29.83034585422695,-0.9883878707959546],[29.82783593567506,-0.9869859961427743],[29.827284799895573,-0.9862332700471504],[29.827205683845126,-0.9856657438298921],[29.82892421023309,-0.9840717289411748],[29.828927841150712,-0.9840714187882145],[29.830058622214793,-0.98447651123944],[29.83185141268962,-0.9838216873259888],[29.831851682187203,-0.983821664305507],[29.831851782921397,-0.9838215520973465],[29.831851851181703,-0.983821527164996],[29.8318726721272,-0.9837982835402918],[29.83355632222255,-0.98192285999994],[29.821968507021612,-0.9717496349199655],[29.821561369075127,-0.9713921837483454],[29.819467281837156,-0.968679261316544],[29.817786206221292,-0.9648879214776604],[29.817138319222025,-0.963426710138508],[29.817138305324256,-0.963426706729552],[29.81713781318761,-0.963425596810844],[29.810304209710687,-0.96175026433138],[29.808007356879106,-0.9603451669114736],[29.803833143138405,-0.957791532790731],[29.801429757963053,-0.950254825582519],[29.803906089836442,-0.944583923680296],[29.806468784517758,-0.947487655335564],[29.808270960596168,-0.9474422030594908],[29.809299718763864,-0.9474162968193396]]]}},{"type":"Feature","properties":{"n":"Kayungwe","c":"414128","d":"Kanungu","od":"Kanungu","dc":"414","k":"KAYUNGWE","a":["KAYUNGWE"],"lat":-0.904007,"lon":29.856142},"geometry":{"type":"Polygon","coordinates":[[[29.842114077063254,-0.918311933277336],[29.84224815631436,-0.9178604268224081],[29.84251982923572,-0.917435850365341],[29.84262533687586,-0.9165902865375305],[29.842726180706226,-0.916250699017646],[29.84275596969743,-0.9155433634095312],[29.84342109864843,-0.91021285861339],[29.843042842259855,-0.9087316128196865],[29.843069806721353,-0.908091345291305],[29.842788906097535,-0.9077372029863854],[29.840883687590875,-0.900276398663407],[29.840883628374378,-0.9002763389126682],[29.84088361688526,-0.900276277184336],[29.840804521762518,-0.9001965186143629],[29.839415447672557,-0.8987949125333687],[29.839659150771055,-0.8975482729486687],[29.83985392137735,-0.89655313650529],[29.83772669514609,-0.893332213941789],[29.843996026984712,-0.8893655557393713],[29.845808566643477,-0.888219208005644],[29.84580840927107,-0.8882188464492669],[29.845811491649037,-0.888216896203184],[29.843736817756785,-0.883458259479573],[29.844767833308893,-0.880461382585311],[29.852750286753178,-0.878212921546996],[29.85607514744096,-0.873585160111078],[29.855474547043098,-0.870251414649029],[29.859805905284666,-0.86679783801193],[29.862632534516965,-0.8661572160908636],[29.8817,-0.888],[29.8808,-0.8977],[29.8547,-0.9136],[29.851082347231635,-0.9353059166101885],[29.846478976403223,-0.9354394637509831],[29.84647699526217,-0.9354394829458123],[29.844857620729922,-0.934677476368144],[29.84344850567195,-0.934014322817061],[29.84344824651744,-0.9340142867236734],[29.843447543551235,-0.934013955938632],[29.843441080721934,-0.9340132887173729],[29.8401000448005,-0.9335479705405468],[29.83983250654987,-0.9333669691389243],[29.836280353424705,-0.9287897942211105],[29.836280295598332,-0.928789703208782],[29.834051630363835,-0.928128292432009],[29.83264861069755,-0.9258893736743276],[29.832294994744988,-0.925325056344087],[29.833117403106467,-0.9248338462482105],[29.84004607354375,-0.92069558504796],[29.841424688182443,-0.91914736105274],[29.841524207131076,-0.9189918306362013],[29.842114077063254,-0.918311933277336]]]}}]}
