{"type":"FeatureCollection","name":"Kasese sub-counties","metadata":{"source":"Uganda Bureau of Statistics NPHC 2024 Map Explorer","retrieved":"2026-07-26","display_only":true,"clipped_to_dashboard_district":true,"positive_area_overlaps_removed":true,"source_gap_ratio":0.00413645},"features":[{"type":"Feature","properties":{"n":"Bwera","c":"406101","d":"Kasese","od":"Kasese","dc":"406","k":"BWERA","a":["BWERA"],"lat":0.027604,"lon":29.780441},"geometry":{"type":"Polygon","coordinates":[[[29.756094893171195,0.053057129391953],[29.757422942143954,0.054934774531669],[29.758966474560204,0.054645194854183],[29.76216044467128,0.055907128965128],[29.76253500666479,0.05808364503561],[29.76455212367035,0.060714166702925],[29.769381787575487,0.056352366779845],[29.76961329123698,0.05467226571594],[29.77173041237391,0.053236276317003],[29.77448218270143,0.049056217802485],[29.779729413320467,0.051794561876896],[29.78139495902723,0.054673713807988],[29.78084778951268,0.056517771328812],[29.782537087594203,0.058110092900148],[29.784956570783173,0.058488989695078],[29.7935640422553,0.057032731960669],[29.796452867487954,0.058283673231312],[29.796941469341544,0.059616499562917],[29.799392311673966,0.06166283551157],[29.804317413046213,0.063054929462882],[29.80490076657714,0.065005979480194],[29.806280743522144,0.065981498175409],[29.808813502099227,0.066008719137951],[29.807906934657353,0.063423318283983],[29.808724989784583,0.062361565972227],[29.80897185780367,0.059157623305101],[29.80710844277656,0.057467093369152],[29.80745530750937,0.055894627789736],[29.806413115848496,0.054906318066621],[29.80719831523865,0.05285713868209],[29.80607194104681,0.05150282854782],[29.806085264871896,0.049811673386499],[29.804531760358277,0.04869911917017],[29.800625066846568,0.048305086307371],[29.79681287250414,0.04618274331639],[29.796224926833187,0.045063755427743],[29.796844752369925,0.043530424432716],[29.795304366121314,0.042154163638942],[29.796233442977353,0.039865624608308],[29.793772232762592,0.039798272199405],[29.79362079855476,0.038121540240805],[29.790682183703836,0.035551705940343],[29.786262905345982,0.028292108522626],[29.784228106842626,0.026533960527175],[29.77985004372737,0.026446178426033],[29.779021047913172,0.018063871140105],[29.773936047176765,-0.003630403177434],[29.770505322669415,-0.005494478239507],[29.769726660335582,-0.008218399102384],[29.767116374835272,-0.009505412568805],[29.76547567787698,-0.008324634533863],[29.769287036123334,-0.002485483034589],[29.76935898897693,0.000184444026099],[29.771100985521233,0.004454222885988],[29.770700972110454,0.012505165674868],[29.7758987049492,0.021073775227517],[29.775184829730886,0.026916847777694],[29.776260133518083,0.03014339372796],[29.775460848068118,0.031742394301425],[29.775725267031426,0.034713353951099],[29.774797541271912,0.039157152707459],[29.778559123715215,0.042352312199319],[29.778388564947026,0.043215957434142],[29.77629797313097,0.049235881102171],[29.775098014400847,0.047957967914082],[29.770027587720882,0.045883531645568],[29.768217854535944,0.042706693064864],[29.765214113133258,0.042480825396765],[29.760166419998875,0.037425035004858],[29.75601659662028,0.035460138306348],[29.756641042100163,0.038078211983629],[29.754490242830812,0.040723990927512],[29.753295271319768,0.043763627455301],[29.75439284989346,0.052361286667592],[29.756094893171195,0.053057129391953]]]}},{"type":"Feature","properties":{"n":"Ihandiro","c":"406102","d":"Kasese","od":"Kasese","dc":"406","k":"IHANDIRO","a":["IHANDIRO"],"lat":0.08323,"lon":29.782545},"geometry":{"type":"Polygon","coordinates":[[[29.75248806170068,0.081369003664357],[29.756271119596192,0.081927987941672],[29.759745604100893,0.086747060602358],[29.759892871939954,0.08822019572234],[29.76167278212062,0.088959482830671],[29.76361229970882,0.087960203104257],[29.766530061687924,0.088249194692213],[29.77070601442132,0.087392588882722],[29.773576399599712,0.085756632690136],[29.774871348993187,0.089849067985618],[29.778987996860266,0.095425265946261],[29.778226390876814,0.096889897767481],[29.778683490732217,0.099515818864824],[29.77691292738305,0.100811252791904],[29.776989066310524,0.102048563781954],[29.77811277211818,0.102353917067428],[29.77905682226185,0.104022329556074],[29.780389279566673,0.103460387782098],[29.78145293354349,0.104459550159448],[29.784351156890747,0.102697235306798],[29.78472927500803,0.104074751688634],[29.78405020395045,0.105733164097206],[29.78605062902302,0.105214682714714],[29.78683511794018,0.106677764844318],[29.789382302107143,0.106976544734897],[29.78980944595379,0.110080395397741],[29.792522273333145,0.110438847255208],[29.79314069074471,0.112293292083583],[29.794506812743805,0.112391126151075],[29.79548506843142,0.115746560958847],[29.798235482045815,0.1178268636134],[29.799101600696808,0.116486622190193],[29.806185922235215,0.085257419539605],[29.80758400954027,0.084334626445844],[29.80817549133353,0.082126238204354],[29.812453462645482,0.07719942633044],[29.813567688834475,0.072231141151434],[29.80904680549715,0.066175379737587],[29.80747667386564,0.0659943515027564],[29.806280743522144,0.065981498175409],[29.806069404216903,0.0658321004307256],[29.806032545594476,0.065827850818004],[29.804932794970437,0.06502862065296922],[29.80490076657714,0.065005979480194],[29.804900523982198,0.06500516811137344],[29.804900095678164,0.065004856846713],[29.804637112340824,0.0641241769795565],[29.804317413046213,0.063054929462882],[29.799392311673966,0.06166283551157],[29.799392134220895,0.06166268734675661],[29.7993921156675,0.061662682102991],[29.79939205831023,0.06166262396498736],[29.796941469341544,0.059616499562917],[29.796686064577134,0.05891979693536501],[29.79576433258755,0.05798551856502827],[29.794752294651822,0.05754727813187636],[29.7932972648683,0.057077866775747],[29.78495920630278,0.05848854380387474],[29.784957477421994,0.058488863550949],[29.78495739380094,0.058488850452561136],[29.784956570783173,0.058488989695078],[29.782537087594203,0.058110092900148],[29.781594091890117,0.05722123117839767],[29.780848811623738,0.05651948547604],[29.780848985332106,0.05651889850055578],[29.78084778951268,0.056517771328812],[29.78139495902723,0.054673713807988],[29.779729413320467,0.051794561876896],[29.779728777927414,0.051794230287734756],[29.77438935688518,0.049197224244665966],[29.77402019908077,0.04975799096567082],[29.773808131902655,0.050685509682871],[29.772745286947035,0.051694637809555195],[29.77173041237391,0.053236276317003],[29.76961329123698,0.05467226571594],[29.769384679405984,0.0563313797791791],[29.769381842812294,0.056352277935425],[29.76938179225488,0.05635233281988728],[29.769381787575487,0.056352366779845],[29.769381629293687,0.05635250972841332],[29.76573128507695,0.06031527535303],[29.764776884884284,0.06051117877976838],[29.76455212367035,0.060714166702925],[29.764448203895476,0.06057864495643688],[29.764343218918565,0.060600194529552],[29.763709769074044,0.05961565233264377],[29.763058556504546,0.05876640622080882],[29.760108540071425,0.061474529906425],[29.758043244656857,0.066319019095304],[29.75837865584846,0.068154066193397],[29.755519767158834,0.069112587011011],[29.754615631060584,0.07177750274564],[29.75501305031322,0.073068731650996],[29.752560390995942,0.073561771861651],[29.75168427520764,0.075045499618471],[29.75097988914463,0.074968152037212],[29.75118083403802,0.078950200570352],[29.749781681276332,0.080593995385695],[29.751786822405233,0.080334354693079],[29.75248806170068,0.081369003664357]]]}},{"type":"Feature","properties":{"n":"Isango","c":"406103","d":"Kasese","od":"Kasese","dc":"406","k":"ISANGO","a":["ISANGO"],"lat":-0.003775,"lon":29.743331},"geometry":{"type":"Polygon","coordinates":[[[29.7284449428,0.001317669],[29.7270051506,0.0023535616],[29.7284485,0.0069815246],[29.7271519192,0.0085602308],[29.7338958895,0.0104023366],[29.7345845439,0.015386137],[29.7369806687,0.0140642664],[29.7402702296,0.0159661338],[29.7417874109,0.0181911465],[29.7463345264,0.0179944163],[29.7491438691,0.0197826481],[29.7499255714,0.0194612841],[29.7510112125,0.0144793146],[29.7593080934,0.0198217307],[29.7621891769,0.0054020966],[29.7607853156,0.0036032203],[29.7597038158,-0.0071893803],[29.7574326176,-0.009814445],[29.7629427354,-0.0109296725],[29.7576442118,-0.0156339092],[29.7578937513,-0.0208452082],[29.7558950893,-0.0268412038],[29.7540383106,-0.0294165203],[29.7335391562,-0.0088440763],[29.73074546883395,-0.009236551935594226],[29.730367675609642,-0.008736738539466103],[29.7305386365,-0.0056891604],[29.727654695438673,-0.005147516325695918],[29.725579311666177,-0.0024018222664331634],[29.7285634308,-0.0008801454],[29.7284449428,0.001317669]]]}},{"type":"Feature","properties":{"n":"Karambi","c":"406104","d":"Kasese","od":"Kasese","dc":"406","k":"KARAMBI","a":["KARAMBI"],"lat":0.064674,"lon":29.739188},"geometry":{"type":"Polygon","coordinates":[[[29.72345466659837,0.075773862796308],[29.72425437408989,0.077867871777954],[29.73000451186379,0.078973308645719],[29.730783618500332,0.081332369473211],[29.733942830488594,0.084928351840324],[29.733219017590482,0.08557765931085162],[29.733254768363683,0.08666358904688243],[29.733539032552013,0.088046728463962],[29.736937436594705,0.088985663342645],[29.7379073926583,0.08804343050963],[29.73909386366681,0.089892808112805],[29.740467756424696,0.088179820556091],[29.742944426298934,0.088513369793506],[29.746390238958934,0.085297104080745],[29.746411835979806,0.083713047454547],[29.747282624709257,0.083433878539656],[29.747669147237637,0.082005288192027],[29.74984562319337,0.0805188732156307],[29.750715746512377,0.07949660871409794],[29.751141584623205,0.07817240984346337],[29.750980106543945,0.07497246015673611],[29.75097926141681,0.074969706322583],[29.750979971496932,0.0749697839814396],[29.75097988914463,0.074968152037212],[29.75168427520764,0.075045499618471],[29.752560390995942,0.073561771861651],[29.7546817559041,0.07313532934930216],[29.75501300722064,0.07306859164171682],[29.754715097876964,0.07210067387431637],[29.75461560002748,0.071778749376851],[29.75461581135131,0.07177808851645101],[29.754615631060584,0.07177750274564],[29.7546220258614,0.0717586542499829],[29.755418724794417,0.069267185231416],[29.755474354157524,0.0692464405558274],[29.755519767158834,0.069112587011011],[29.75837865584846,0.068154066193397],[29.758049561514863,0.06635357886028781],[29.758043260186945,0.066319719078147],[29.758043331054324,0.06631949177906693],[29.758043244656857,0.066319019095304],[29.758044114767472,0.06631697810812434],[29.75906877701572,0.063030490272221],[29.759758947286766,0.06229455713053801],[29.760108540071425,0.061474529906425],[29.763058556504546,0.05876640622080882],[29.76306267212657,0.05877177340222457],[29.76306267212657,0.05877177340222339],[29.76253500666479,0.05808364503561],[29.76216056043847,0.05590780166859445],[29.7621603104397,0.05590707593037694],[29.75935215559188,0.054797577009585985],[29.75896627194549,0.05464523286640952],[29.757422942143954,0.054934774531669],[29.757422792279357,0.054934562647514056],[29.75742276889816,0.054934567035791],[29.757134588024623,0.05452708872957765],[29.75609498964064,0.05305726578404976],[29.756025942634924,0.053028940491216155],[29.75439284989346,0.052361286667592],[29.753295271319768,0.043763627455301],[29.753372995884327,0.04356592029378509],[29.753348066288147,0.043351152387112],[29.753634560326336,0.04290058155980217],[29.754490242830812,0.040723990927512],[29.756237875298375,0.03857416260544715],[29.754600660961163,0.037194763860562],[29.75233219984277,0.037348401294179],[29.75103252457566,0.036607598927934],[29.748280666849528,0.039532721491556],[29.745947936507328,0.040213405235765],[29.743406198801747,0.043911229994604],[29.732307165697176,0.037590093657376],[29.733117837510584,0.039766214206349],[29.732514653343028,0.042250021737042],[29.733146781446287,0.042757583025483],[29.72984049206992,0.045514162142653],[29.730674874781354,0.046805870271895],[29.730509782207847,0.04828858332856],[29.719721072850767,0.047616906501746],[29.719217999267787,0.049400140916279],[29.71899923982202,0.049452774431736034],[29.718639372195405,0.05243308660705745],[29.71883970584716,0.052578317753205],[29.71888954093812,0.056353801398563],[29.720110271285865,0.057674874758923],[29.719760766498137,0.059181730246853],[29.720883429984443,0.060551657602215],[29.72069347949338,0.062418015284717],[29.718543121241215,0.067970271673573],[29.718219226857308,0.0681073245870358],[29.718232864501427,0.06938926313418887],[29.71882798175958,0.06977033272498],[29.718246640732062,0.07068422881373376],[29.718284564867343,0.07424909753014577],[29.71886727416685,0.074955411533969],[29.72345466659837,0.075773862796308]]]}},{"type":"Feature","properties":{"n":"Kinyameseke Town Council","c":"406105","d":"Kasese","od":"Kasese","dc":"406","k":"KINYAMESEKETOWNCOUNCIL","a":["KINYAMESEKE","KINYAMESEKETOWNCOUNCIL"],"lat":-0.010622,"lon":29.848083},"geometry":{"type":"Polygon","coordinates":[[[29.82793319837489,-0.021736301283987],[29.828107087964433,-0.020749916273882],[29.827684512956797,-0.01464958940237],[29.825971611372573,-0.0131630832323],[29.826255999977104,-0.01224149141222],[29.825145641109884,-0.010304162513707],[29.82527027887039,-0.00662801637047],[29.823781485004886,-0.00695362804825],[29.82285095020599,-0.005072720276858],[29.824692368261267,-0.002600131955701],[29.823607222728207,-0.000594576912989],[29.829627670821743,0.000722248367602],[29.83010778553026,0.002514584352606],[29.834717323893816,0.004042428830281],[29.83451638412574,0.008033625290987],[29.847801537837658,0.012920334735783],[29.84950461597414,0.014430892332152],[29.85003660795308,0.01091740249513],[29.849296212871636,0.009328422243822],[29.850379356993834,0.007525879468739],[29.853221889850808,0.00715151223784],[29.859435906161767,0.010661685858407],[29.86136359899562,0.010629325040183],[29.86266765857753,0.012673365997778],[29.867248216537863,0.01472571242514],[29.86981664784811,0.014237798322628],[29.86919916341674,0.01289200513888],[29.870173564721636,0.011203987461149],[29.86947363661976,0.011083516899881],[29.870851102174797,0.00989556911613],[29.871607194897823,0.010136198289246],[29.872212565437316,0.008300451344323],[29.870908846251044,0.006596697733431],[29.871270300207343,0.005150048303414],[29.870432866249008,0.004931401366027],[29.8708808612293,0.001781524888289],[29.870043469789334,0.000534172704112],[29.87141386027298,-0.000245781817015],[29.870900016510156,-0.001359600598795],[29.872318068512794,-0.00441471405783],[29.870815957171498,-0.00578376789566],[29.87050965094721,-0.008012850242406],[29.871213984805582,-0.009287733450925],[29.87074826345789,-0.01093900404641],[29.87178505834933,-0.011143710915516],[29.870255595535102,-0.012447306195567],[29.871306846690832,-0.019263983625069],[29.86122358713641,-0.019600639739989],[29.8479988391082,-0.017991252543807],[29.84563803684723,-0.01842517888836],[29.843279755195955,-0.020840544335821],[29.84194191995297,-0.02574199798773],[29.835602981487284,-0.026399042718008],[29.834981737690185,-0.033956370316792],[29.831097282603707,-0.03536059650246],[29.82100299390833,-0.033447904781271],[29.820815467503294,-0.023360298033225],[29.825380590951266,-0.021766765340792],[29.82793319837489,-0.021736301283987]]]}},{"type":"Feature","properties":{"n":"Kisinga","c":"406106","d":"Kasese","od":"Kasese","dc":"406","k":"KISINGA","a":["KISINGA"],"lat":0.060083,"lon":29.863835},"geometry":{"type":"Polygon","coordinates":[[[29.8398667159,0.0887841696],[29.8482251005,0.091989008],[29.8494740495,0.0944276777],[29.8484035078,0.0971640344],[29.8488793978,0.0984132476],[29.8497716914,0.0989486215],[29.852882436,0.0981668628],[29.8523726199,0.0992255682],[29.8569575999,0.1084965478],[29.8614118995,0.1152921754],[29.8656267999,0.1159447974],[29.8672914279,0.1189408999],[29.8705269463,0.1198924176],[29.8724784509,0.1215581445],[29.8795497564,0.1318204447],[29.8825113206,0.128679843],[29.8878006084,0.1269786621],[29.8896565878,0.1201829235],[29.8893289085,0.1192252228],[29.8908272641,0.1160998863],[29.8901989379,0.1140300276],[29.8937468661,0.1111902533],[29.8943963973,0.1095547054],[29.8964595349,0.10841214],[29.8973755414,0.1059732907],[29.8924239497,0.0993655766],[29.8895181033,0.0906194883],[29.8855150583,0.0865095929],[29.8842532217,0.080502441],[29.8802488522,0.0754106534],[29.877871879,0.0746533788],[29.8783727746,0.0724737979],[29.8772418966,0.0696177411],[29.8761547748,0.0690779102],[29.8773007891,0.0679027432],[29.8754560769,0.0654335831],[29.8756103082,0.0638091036],[29.8771504273,0.063879974],[29.8782319013,0.0624271877],[29.8807159745,0.0543371253],[29.8793835173,0.0484356259],[29.8798117609,0.04146963],[29.8810780923,0.0392552934],[29.8804041319,0.0343430014],[29.8819128206,0.0320945103],[29.8832502716,0.0357779253],[29.8874121577,0.0341904363],[29.8893185619,0.0346328558],[29.8900822352,0.0239117413],[29.8920901651,0.0208785103],[29.8988606381,0.0255427663],[29.9009492894,0.0296471554],[29.9004137021,0.0311038244],[29.9009192825,0.0324421422],[29.902033403,0.0335482535],[29.9022291414,0.0362686921],[29.9000865264,0.0418708869],[29.9003139506,0.043741879],[29.8977229003,0.0466362616],[29.9051380662,0.0497025705],[29.9059458907,0.0488031399],[29.9059154547,0.0469653214],[29.9090035004,0.047260054],[29.9114067515,0.0463082727],[29.9114537519,0.0445011338],[29.9130248823,0.0437383552],[29.9142621097,0.0415968115],[29.912899516,0.035762551],[29.913771837,0.0353128815],[29.91415731,0.0337567194],[29.9120019818,0.0325865233],[29.913514855,0.0281745035],[29.9106345743,0.0255680195],[29.9107308861,0.0238629237],[29.9080269703,0.0229803908],[29.9091889941,0.0218784455],[29.9095173604,0.018509135],[29.9061905794,0.0178521819],[29.9051343955,0.0155823992],[29.9034878128,0.0157673683],[29.9036595224,0.013459124],[29.9016988502,0.0117459173],[29.8998518445,0.011953532],[29.8991195988,0.0095362392],[29.8994578914,0.0059897986],[29.8978560886,0.005674965],[29.8965668506,0.0034199853],[29.895170365,0.0044120435],[29.8942695759,0.004009624],[29.8945205076,0.0015877933],[29.8933365916,0.000815057],[29.8923551993,-0.0027071304],[29.8907421764,-0.0028892223],[29.8901779978,-0.0040158317],[29.888749329,-0.003801617],[29.88857186,-0.0063239094],[29.8840415881,-0.0056267834],[29.8816580245,-0.0061692297],[29.8802722991,-0.0081251612],[29.8745187648,-0.0119798869],[29.871712959765535,-0.01120516214706004],[29.87178505834933,-0.011143710915516],[29.870750919828634,-0.010939528525593125],[29.870748318141057,-0.010938810160724495],[29.871213984805582,-0.009287733450925],[29.871212577551912,-0.009285186244012826],[29.87069331606187,-0.006676264067066939],[29.870753930054292,-0.006235157848012489],[29.872318168,-0.0044166037],[29.872317522324597,-0.004415211864501191],[29.872318068512794,-0.00441471405783],[29.870902474909734,-0.0013648970827206974],[29.87090001718308,-0.0013595991401492275],[29.87141386027298,-0.000245781817015],[29.87141328727625,-0.0002454556972739132],[29.8714134525,-0.0002450972],[29.870043671221698,0.0005344727514826344],[29.8708808612293,0.001781524888289],[29.87088048889718,0.001784142775195],[29.8708805458,0.0017842277],[29.8707459061918,0.0027304009178613373],[29.87043289877017,0.004931172708024982],[29.87059595674386,0.004973982917516816],[29.871270300207343,0.005150048303414],[29.870908846251044,0.006596697733431],[29.872212565437316,0.008300451344323],[29.872212335229108,0.008301149435803063],[29.8722123736,0.0083011996],[29.8716082669,0.0101338541],[29.87160799608836,0.010133768730842995],[29.871607194897823,0.010136198289246],[29.8708512766976,0.009895624658626876],[29.87019106859401,0.01046479237302296],[29.86947363661976,0.011083516899881],[29.870173564721636,0.011203987461149],[29.870167887568364,0.011213822356723033],[29.869367700033447,0.013259326837128979],[29.86981664784811,0.014237798322628],[29.869544465645536,0.014289503631841402],[29.8705067985,0.0153427774],[29.8697333796,0.015915325],[29.8693171382,0.0196506086],[29.8674966859,0.0209954714],[29.8696152479,0.0226304949],[29.8693401931,0.0303108562],[29.867865148,0.0323449815],[29.8665924897,0.0322027373],[29.8666877629,0.0352236604],[29.8651767119,0.0356172559],[29.8661757888,0.0374615474],[29.8644464538,0.0396908968],[29.8647322508,0.0408230224],[29.861181922,0.0423558054],[29.860267877,0.0452589105],[29.8547456116,0.0467059416],[29.8541960482,0.0493397874],[29.8503792513,0.0530577139],[29.8511402104,0.0553184741],[29.8503909535,0.0590888192],[29.8487612191,0.0594465677],[29.8486772228,0.0607202168],[29.847012316,0.0611002921],[29.8468937767,0.0617764749],[29.8450064276,0.0607736721],[29.8451295663,0.0628294272],[29.8438743492,0.0642853154],[29.8417726105,0.0648326643],[29.841868371,0.0662937756],[29.8401657552,0.0682220606],[29.8399296306,0.0727515805],[29.8372735715,0.0746723261],[29.8373592864,0.0760263434],[29.8361818026,0.0770250318],[29.8365502035,0.0791059003],[29.8341424875,0.0802648216],[29.8342553337,0.0833752228],[29.835158016,0.0846851962],[29.8337371482,0.0851633867],[29.8387558574,0.0892947343],[29.8398667159,0.0887841696]]]}},{"type":"Feature","properties":{"n":"Kisinga Town Council","c":"406107","d":"Kasese","od":"Kasese","dc":"406","k":"KISINGATOWNCOUNCIL","a":["KISINGA","KISINGATOWNCOUNCIL"],"lat":0.059481,"lon":29.894645},"geometry":{"type":"Polygon","coordinates":[[[29.877183226563638,0.06802329633199095],[29.876155280694725,0.0690773914361543],[29.87724169075456,0.069617541676338],[29.87724173867067,0.06961766267720122],[29.8772418966,0.0696177411],[29.8783727746,0.0724737979],[29.878372770235476,0.07247381689164545],[29.878372807570084,0.072473911171419],[29.8778720183982,0.07465342321056213],[29.879608112687784,0.07520652162526256],[29.880248370574304,0.07541024778641],[29.880248635215725,0.07541058427146258],[29.8802488522,0.0754106534],[29.882755057958523,0.07859743908606125],[29.884252855341856,0.080501851586338],[29.884252890757026,0.08050202018685051],[29.8842532217,0.080502441],[29.885514996226902,0.0865092973922171],[29.8867899405279,0.08781850464193455],[29.8895181033,0.0906194883],[29.889518353414584,0.09062024110106352],[29.889518357602014,0.090620245401026],[29.889518360941665,0.0906202637562498],[29.891125050434262,0.09545611749337388],[29.892062387188023,0.09679606546867],[29.892641857851736,0.09965636688602592],[29.892667239607697,0.09969023789092761],[29.89353872984741,0.093493331869531],[29.897534568463634,0.088311974115851],[29.8974653688151,0.086656634507943],[29.898865134141033,0.083534364649299],[29.90118746596554,0.080359874044516],[29.900207196879,0.075441052349643],[29.903729381855523,0.073655062787406],[29.90458197321037,0.071357231899295],[29.90584936338302,0.070510749439036],[29.913493144294552,0.069356576008027],[29.912239943456605,0.066553273985191],[29.911795462432295,0.062668517225076],[29.90936864391702,0.060647193316047],[29.910938855535424,0.058314100890564],[29.90999899699454,0.054503563982298],[29.911065510491433,0.051995889120621],[29.91275518279549,0.050734062595725],[29.91163709955151,0.049259567408737],[29.91140675240141,0.04630828502588],[29.911118407650655,0.04642246812626049],[29.9090035004,0.047260054],[29.9059154547,0.0469653214],[29.9059458907,0.0488031399],[29.9051380662,0.0497025705],[29.8977229003,0.0466362616],[29.9003139506,0.043741879],[29.9000865264,0.0418708869],[29.90192378183522,0.037067101411028376],[29.902229138601015,0.036268653198753525],[29.902166106907863,0.035392617371995616],[29.902033187962108,0.03354804000797381],[29.9009192825,0.0324421422],[29.9004137021,0.0311038244],[29.900595177116397,0.030610255880617523],[29.900949051827016,0.029646688547553233],[29.899131377716866,0.026074794184410582],[29.898860606049475,0.02554274422002657],[29.892533481528027,0.021183916038907354],[29.892090161368888,0.020878515936315085],[29.890082316591197,0.023911618348349997],[29.889878330898718,0.026774328431300762],[29.8893185619,0.0346328558],[29.887412204889003,0.03419044725115929],[29.887075225296854,0.034318954109206205],[29.8832502716,0.0357779253],[29.882264399682317,0.033062778793936404],[29.88191235419383,0.032095205413661204],[29.88040440424786,0.03434259550332235],[29.880603642342354,0.03579717222351468],[29.8810780923,0.0392552934],[29.8798117609,0.04146963],[29.8793835173,0.0484356259],[29.880214622487227,0.05211661975388869],[29.880716009276597,0.05433683570756],[29.88071595155914,0.05433702369413521],[29.8807159745,0.0543371253],[29.87998505849147,0.05671755278424043],[29.878232278775606,0.062426381184381],[29.878232057783976,0.06242667806722481],[29.8782319013,0.0624271877],[29.8771504273,0.063879974],[29.875637922063756,0.06381037428456593],[29.875465555363085,0.06533374883179434],[29.8754560769,0.0654335831],[29.8773007891,0.0679027432],[29.877300369124576,0.06790317385890106],[29.8773005138383,0.067903367511712],[29.877183226563638,0.06802329633199095]]]}},{"type":"Feature","properties":{"n":"Kitabu","c":"406108","d":"Kasese","od":"Kasese","dc":"406","k":"KITABU","a":["KITABU"],"lat":0.085324,"lon":29.941538},"geometry":{"type":"Polygon","coordinates":[[[29.91179491819711,0.06266806392558791],[29.911795462432295,0.062668517225076],[29.91179584427431,0.06267185451791749],[29.91335166729012,0.0690401041699151],[29.913493144294552,0.069356576008027],[29.913431266948614,0.06936591918380464],[29.913500513445868,0.069649356938326],[29.914691273759153,0.070436087560794],[29.916876018646366,0.075633401211759],[29.919330642833692,0.07808821024384],[29.920430106489313,0.080643325149667],[29.919775999985212,0.083855318536577],[29.923879583893697,0.085701263672597],[29.93005666932839,0.09127285081629],[29.934525870900497,0.093588032277342],[29.935507182101762,0.09511182729297],[29.93952584366321,0.093265477492803],[29.942214220771053,0.095772881801102],[29.946453939166066,0.095444542669543],[29.949313868200488,0.096522352443776],[29.949088011830273,0.101737717969416],[29.951470345310828,0.10173045406928],[29.951630384597433,0.104039247289843],[29.954776195122026,0.104330813036951],[29.955824217055742,0.10577024911326],[29.959689826104025,0.105092485167943],[29.960694391978574,0.106049952909628],[29.964549719960374,0.105186614760532],[29.967202804553903,0.106127044752462],[29.96923645118899,0.108945917085259],[29.969476412051463,0.114056740724617],[29.973551882562774,0.113510957126894],[29.977131493673706,0.11553868191951],[29.981419217616406,0.119431421389809],[29.982939900941744,0.118058733409247],[29.981687365475086,0.116324279012001],[29.980954935176527,0.112401889953901],[29.987175358213932,0.112459825201632],[29.988714855605505,0.111059009473338],[29.986985300317205,0.109023042051024],[29.988258008781433,0.106927580296125],[29.988495920105198,0.10441710611899],[29.987186988851576,0.103500429694206],[29.985644007953837,0.099598656749802],[29.98684897274177,0.098823930282002],[29.986925113382732,0.097567580146306],[29.98497395712552,0.09568305063717],[29.983745317894787,0.096358815013892],[29.982638649993937,0.095926733330114],[29.983828495426643,0.093017762614744],[29.985619494263663,0.092156052213593],[29.986999143470186,0.089682445760466],[29.98175961637862,0.085731756066139],[29.983675115759745,0.082830013085175],[29.98087744271912,0.081081895592601],[29.97974186864637,0.076848047786989],[29.9783462830669,0.076809787804751],[29.97305997393577,0.080729614262977],[29.969830289367504,0.080729524156461],[29.96727275235463,0.084292460668613],[29.96332259695965,0.08494706413776],[29.96123496969824,0.086743819188125],[29.958432692729957,0.083429891356735],[29.958343432749416,0.080515368036639],[29.956749954874066,0.080016102646676],[29.956755141877355,0.078361955890218],[29.955249762757987,0.077378994237462],[29.95501195242716,0.071115657900448],[29.94526297969358,0.064603207496732],[29.94313014771521,0.060185300032589],[29.943758490169238,0.056816918936661],[29.93959465136674,0.05074230488154],[29.936775229416142,0.054257669148625],[29.93243114859052,0.056615835998892],[29.930067553348643,0.056040267440696],[29.92585484209689,0.05733461795625],[29.92141576000488,0.055935561788308],[29.918602585265663,0.056763392477631],[29.914777136097978,0.055021858140997],[29.91019802906877,0.05531051421129462],[29.910938499498727,0.0583126573850565],[29.910938836536545,0.058313838921142],[29.910938803150213,0.05831388850139657],[29.910938855535424,0.058314100890564],[29.909369090335243,0.060646530007381266],[29.911794775481873,0.062667479767717],[29.91179491819711,0.06266806392558791]]]}},{"type":"Feature","properties":{"n":"Kitholu","c":"406109","d":"Kasese","od":"Kasese","dc":"406","k":"KITHOLU","a":["KITHOLU"],"lat":0.124821,"lon":29.75876},"geometry":{"type":"Polygon","coordinates":[[[29.73644766605789,0.112745447643099],[29.737946301770915,0.112804781782797],[29.736853284824544,0.117096731231402],[29.73817626183242,0.118995536266226],[29.739889421219083,0.118952930657008],[29.739856235973495,0.120183478688023],[29.738402630133198,0.120560849174947],[29.739209047011876,0.121158424275273],[29.73815266966372,0.12123892528319118],[29.7396,0.1254],[29.739931156172073,0.12567478916406],[29.74062246419999,0.125629578766574],[29.7420405049283,0.127142492777113],[29.7435130611796,0.125646263114394],[29.743372811813817,0.128521632948501],[29.744922828675836,0.129558635701136],[29.7448346381499,0.12974363591161847],[29.74678216686737,0.1313596703793056],[29.74952133105594,0.131919498172508],[29.750085663056915,0.131142166240518],[29.751025155447184,0.134498836941379],[29.75555143268586,0.138035358284806],[29.756958410717445,0.13980378761660234],[29.75937765317068,0.1418112441203524],[29.760312074567775,0.141700999629185],[29.762079669634602,0.143278900072923],[29.76241387025542,0.14433065829704894],[29.763118443131134,0.14491530387476972],[29.764517019149185,0.145107072509799],[29.765840307550363,0.146335402761235],[29.76574336148164,0.1470934276124249],[29.766949520745417,0.148094283171728],[29.768389910044682,0.148789584325268],[29.76807865326574,0.15080364967268395],[29.768092395568704,0.15090246337494925],[29.768887820618165,0.150733947909801],[29.7690967100225,0.151889765481208],[29.769759191721075,0.151906543131038],[29.769433904722845,0.154338806554674],[29.770894491956703,0.156019291033551],[29.769445923376384,0.16063497284923658],[29.76986128145267,0.16362159520729075],[29.77135239317686,0.164260852790683],[29.77357886451992,0.162822224007692],[29.77379376712732,0.164041183800079],[29.776214051956533,0.165087229800926],[29.776580240900977,0.16576908294638676],[29.78319392134229,0.1676195427589818],[29.783320365920375,0.16756453561933],[29.783980321638452,0.165837567851642],[29.782639270274295,0.160055206419893],[29.779594065505066,0.152306784782676],[29.781877842020947,0.149091838369242],[29.779236744857542,0.132888150716062],[29.77965031328047,0.12828318955465],[29.777866340537564,0.124241847895131],[29.78714416097722,0.122735652659602],[29.794698946866436,0.123122294970834],[29.796989236587354,0.120921206822698],[29.79823547868321,0.11782687642307],[29.797982998233888,0.11763589497456195],[29.79548506843142,0.115746560958847],[29.795485011618126,0.11574636608821591],[29.79548495579462,0.115746323862157],[29.7953982879322,0.11544890226756095],[29.794506812743805,0.112391126151075],[29.79314069074471,0.112293292083583],[29.793140471236693,0.11229263384612424],[29.793140202951516,0.112292614655816],[29.79282764238341,0.11135455571590919],[29.792522273333145,0.110438847255208],[29.79004445764118,0.11011144800968116],[29.789809638861442,0.110080562028326],[29.78980961902387,0.11008041826587214],[29.78980944595379,0.110080395397741],[29.789746442449296,0.10962257897192355],[29.78938130389799,0.10697642764684903],[29.787222418400845,0.10672319445665619],[29.78683611512649,0.106678096653274],[29.786835991964104,0.1066778673656734],[29.78683511794018,0.106677764844318],[29.786379201158383,0.10582747406080303],[29.786050110943517,0.10521481699346315],[29.78405020395045,0.105733164097206],[29.78405140076685,0.105730241258509],[29.784048329517407,0.10573103398338],[29.784729233355655,0.10407459994550133],[29.784351156890747,0.102697235306798],[29.78145293354349,0.104459550159448],[29.780389279566673,0.103460387782098],[29.77905682226185,0.104022329556074],[29.7790565116337,0.1040217805853586],[29.77905624977388,0.104021890923242],[29.778112572167643,0.10235386273331946],[29.776989066310524,0.102048563781954],[29.776988999991033,0.1020474860436859],[29.776988305804704,0.102047297128171],[29.776912810593966,0.100811523934718],[29.776912938319843,0.10081143052243745],[29.77691292738305,0.100811252791904],[29.77868315998324,0.09951606085754851],[29.77825086606334,0.09703050141872664],[29.778226390876814,0.096889897767481],[29.77825070763293,0.09684313461754074],[29.778987591107015,0.09542471633392655],[29.774871348993187,0.089849067985618],[29.77357641648318,0.08575668604705457],[29.77328671080871,0.08592173881426525],[29.77070601442132,0.087392588882722],[29.766530061687924,0.088249194692213],[29.766529829146883,0.08824917166003786],[29.766529807456337,0.088249176110759],[29.766216903678522,0.08821817775832112],[29.76361229970882,0.087960203104257],[29.76167278212062,0.088959482830671],[29.76080113391191,0.08859744305434],[29.759893391005715,0.088220700307792],[29.759893360732953,0.08822039874289993],[29.759892871939954,0.08822019572234],[29.759780462928333,0.08709575698624573],[29.759745435346524,0.0867468265418649],[29.756543805452488,0.0823062002932444],[29.75551274941016,0.08181593123461504],[29.75528332531747,0.08178203155234928],[29.7547185501702,0.083154190015853],[29.752283533017984,0.084832721176286],[29.752333812735692,0.086809059059395],[29.750227632297403,0.089322874792218],[29.75052607887503,0.092924074259351],[29.74723047997418,0.095557285529939],[29.748203434154835,0.098018980022872],[29.7478845781541,0.0990611698173],[29.74424640645698,0.101240773996268],[29.74274927205379,0.103766480827779],[29.74256304131027,0.107765899904404],[29.741493463764147,0.106621835620987],[29.739295106545015,0.106504712179385],[29.737490609659048,0.10848935045427],[29.734707249169755,0.108424278476872],[29.736079094565795,0.110866153114199],[29.73644766605789,0.112745447643099]]]}},{"type":"Feature","properties":{"n":"Kithoma-Kanyatsi Town Council","c":"406110","d":"Kasese","od":"Kasese","dc":"406","k":"KITHOMAKANYATSITOWNCOUNCIL","a":["KANYATSI","KITHOMA","KITHOMAKANYATSI","KITHOMAKANYATSITOWNCOUNCIL"],"lat":0.094208,"lon":29.741732},"geometry":{"type":"Polygon","coordinates":[[[29.73423691054258,0.097898280437863],[29.735926602623834,0.101262921225206],[29.73415402544973,0.103047285262839],[29.73536407954998,0.106778445965147],[29.734707250327652,0.108424266949333],[29.73479252812265,0.10842627220715471],[29.737490347651363,0.1084893443288119],[29.73783387111641,0.10811182149765446],[29.739295106545015,0.106504712179385],[29.741110348050046,0.10660142409251624],[29.74149294465168,0.106621738731612],[29.741493011924742,0.10662181154801754],[29.741493463764147,0.106621835620987],[29.742559086996348,0.10776167020704339],[29.742748813899393,0.103767701997849],[29.742749249417955,0.10376696694619209],[29.74274927205379,0.103766480827779],[29.74335908861642,0.10273770354838488],[29.744245143742408,0.101242253416753],[29.744245742059235,0.10124189485350041],[29.74424640645698,0.101240773996268],[29.7478845781541,0.0990611698173],[29.748203434154835,0.098018980022872],[29.74723047997418,0.095557285529939],[29.7472316084013,0.09555638390716839],[29.747231586866103,0.095556329337814],[29.747313320575635,0.09549109519186383],[29.75052607887503,0.092924074259351],[29.750281499860613,0.08997286663151949],[29.750227328667254,0.089323675268856],[29.75022766533717,0.08932327346588499],[29.750227632297403,0.089322874792218],[29.752333477923397,0.08680945867207712],[29.752298696236075,0.0854287396845788],[29.752283533017984,0.084832721176286],[29.75228367939405,0.08483262027482413],[29.75228367759668,0.084832548925057],[29.752636775434564,0.0845892204671117],[29.754717961360004,0.08315459590057547],[29.75528329227265,0.08178202666964969],[29.75248806170068,0.081369003664357],[29.752487655854107,0.0813684048548722],[29.752487142104254,0.081368340989965],[29.75178642854983,0.08033440569242674],[29.75177275349469,0.08033617644099741],[29.74957776171318,0.0807018080717241],[29.748115740428183,0.08170028927621784],[29.74758075838475,0.08233197409725602],[29.747282624709257,0.083433878539656],[29.746411835979806,0.083713047454547],[29.74639347199972,0.08505997324158128],[29.746390279578886,0.085296438252137],[29.74639024763021,0.08529646807689],[29.746390238958934,0.085297104080745],[29.742944426298934,0.088513369793506],[29.740468031622818,0.08817985761881185],[29.739095286321206,0.089891622839299],[29.739095050639875,0.08989132817917825],[29.73909386366681,0.089892808112805],[29.739084255233983,0.0898778312441412],[29.737743987991408,0.08820216475336716],[29.736938482673796,0.0889846471625267],[29.73693830172398,0.08898491479516],[29.73693821043406,0.08898491162112263],[29.736937436594705,0.088985663342645],[29.736934212710086,0.08898477262521526],[29.7354956538301,0.088934755716083],[29.73413841711917,0.091626736947329],[29.735043407141248,0.09736788318707],[29.73423691054258,0.097898280437863]]]}},{"type":"Feature","properties":{"n":"Kyarumba","c":"406111","d":"Kasese","od":"Kasese","dc":"406","k":"KYARUMBA","a":["KYARUMBA"],"lat":0.151554,"lon":29.94501},"geometry":{"type":"Polygon","coordinates":[[[29.92861165165334,0.176458063476346],[29.931733119845415,0.17792125655034],[29.93370039091868,0.177395464939464],[29.93557905699658,0.179967819680148],[29.93957323195762,0.181051307594097],[29.942398507646388,0.183638771562203],[29.944303058851325,0.184115265180771],[29.957767328994542,0.192723361799358],[29.959408643634934,0.192466640445872],[29.96180783025811,0.197963492534044],[29.96183621098915,0.19986174763813],[29.964098333293496,0.201903210087919],[29.964904412656992,0.198263701767708],[29.968083929753355,0.194531417690926],[29.96892086221893,0.191810554700782],[29.9703491792095,0.191618955308559],[29.971700711995673,0.190324530648464],[29.97172955445987,0.188052073975228],[29.972709601292625,0.187640495800767],[29.9741059059487,0.185121756599813],[29.974239025444025,0.182428658574137],[29.976171223375104,0.17962056635141],[29.97705638231618,0.177355319621267],[29.976695858508055,0.176402884671584],[29.979680877061124,0.17586539549809],[29.979424734862704,0.17420774461049],[29.981209061073187,0.169703406998992],[29.97994583078056,0.168540149538171],[29.97983137691275,0.16649888528505],[29.981476752350375,0.161544263441864],[29.979360718783155,0.159322621933836],[29.979238865183003,0.153629649757652],[29.97770911835518,0.153905684112185],[29.9764882075083,0.152991957123793],[29.973369009037192,0.153976934989965],[29.965258574921513,0.151266389493028],[29.96612941404499,0.147486460444372],[29.9667635043956,0.147387084118056],[29.964178784718616,0.14328186604276],[29.964013932030745,0.139536423412655],[29.96671828254497,0.141318808280436],[29.968724267480926,0.141690040232537],[29.96972357445922,0.141069259820221],[29.972107858370848,0.141811978861302],[29.97287860060676,0.142822566060093],[29.97369971691904,0.139213026439211],[29.973418938798684,0.136062623925185],[29.972201352338022,0.13455967834781],[29.973343390204953,0.132900517015407],[29.97142064530938,0.131105147683664],[29.974878623724095,0.130598938048318],[29.97807405151792,0.128720667671221],[29.978662565254076,0.126793320836335],[29.980812019099158,0.124536991572749],[29.980253745715807,0.123600299546018],[29.980900490570136,0.123233808687642],[29.981419212730064,0.119431432950997],[29.977131480509403,0.11553867446239224],[29.973552493636852,0.11351130327903663],[29.97301157996439,0.11358331399837329],[29.969476412051463,0.114056740724617],[29.96923645118899,0.108945917085259],[29.968573169490767,0.1080265309954089],[29.96720260346953,0.10612697347476],[29.96519103506935,0.10541393957491238],[29.964549510348963,0.10518666169960622],[29.960694391978574,0.106049952909628],[29.959689826104025,0.105092485167943],[29.955824217055742,0.10577024911326],[29.95574904772326,0.10566700561660353],[29.955528186254494,0.10569921959705],[29.954780224362956,0.10433634711459569],[29.954776195122026,0.104330813036951],[29.951630384597433,0.104039247289843],[29.951630373679578,0.10403908978433837],[29.951630356029447,0.104039088148889],[29.951469712107965,0.10173045599995947],[29.949360940024157,0.10173688579240936],[29.94883272901801,0.102382755435911],[29.950494797246606,0.103362431193284],[29.95179324168671,0.105780946071637],[29.95229362067604,0.109122849205369],[29.955483975694495,0.111663589586008],[29.955886450560712,0.112338151455087],[29.955233553706567,0.112919817380301],[29.956411454984654,0.113574288798516],[29.957160915572214,0.115876294147885],[29.960539345992583,0.118171848430727],[29.959894621250776,0.122808680979989],[29.96082716851605,0.124226610639498],[29.96065598903758,0.126339710159002],[29.96211282639244,0.126754426763689],[29.962927556849827,0.128186152136902],[29.965546111737318,0.128272245676456],[29.96536170793462,0.130984997702575],[29.964195961246784,0.132573339132559],[29.965340562214315,0.13547789418025],[29.963296317254226,0.135914271666003],[29.961135947906115,0.134927126746579],[29.960846365166205,0.13403300473418],[29.959157192414043,0.134280514483843],[29.95828606676356,0.133181158753462],[29.95556927836074,0.132795739666468],[29.954374850023605,0.131419598182436],[29.953464656430832,0.132038359585125],[29.953095554913773,0.133934743412679],[29.9497437896512,0.134902259735792],[29.95109950304558,0.137228552142801],[29.947694657926657,0.141301298969801],[29.942681191581823,0.14340048084669],[29.94084170023049,0.13923379050852],[29.939242705084734,0.137791840141497],[29.935998926244142,0.13826495999636],[29.93523498959947,0.139668324991974],[29.932511595465208,0.138441950194296],[29.931332428915656,0.141719498982223],[29.928790214736203,0.143177032557388],[29.92889972663878,0.145580022395837],[29.927795602462034,0.146822364413871],[29.928845718014934,0.147921850942223],[29.92886704077737,0.149721193799168],[29.926990785971306,0.149545664445556],[29.926652427217725,0.151074128134301],[29.92508126989944,0.15056645191803],[29.92315759522424,0.152175763435435],[29.92201176549464,0.151840652342097],[29.920112231218702,0.154400893722053],[29.918666643995653,0.154302161337771],[29.91588941449216,0.156724496552021],[29.91515274602959,0.160363685542923],[29.911862054308337,0.161218459264942],[29.910678393206922,0.163291803167161],[29.91711916777323,0.169150402670318],[29.92861165165334,0.176458063476346]]]}},{"type":"Feature","properties":{"n":"Kyarumba Town Council","c":"406112","d":"Kasese","od":"Kasese","dc":"406","k":"KYARUMBATOWNCOUNCIL","a":["KYARUMBA","KYARUMBATOWNCOUNCIL"],"lat":0.119628,"lon":29.95582},"geometry":{"type":"Polygon","coordinates":[[[29.935341733308547,0.1394722349289231],[29.935998926244142,0.13826495999636],[29.93600183786824,0.13826453532278085],[29.93600246819558,0.138263382102328],[29.93781453940292,0.13800014458310864],[29.939242705084734,0.137791840141497],[29.939445221045716,0.137974466064435],[29.940841256961257,0.139233250405113],[29.94084135870441,0.13923348252531081],[29.94084170023049,0.13923379050852],[29.942681191581823,0.14340048084669],[29.947694657926657,0.141301298969801],[29.951099412005508,0.1372286610414877],[29.950812015244335,0.1367352467790586],[29.9497437896512,0.134902259735792],[29.94974428100527,0.13490211790214768],[29.94974412705851,0.134901853600186],[29.950101632192105,0.13479896536034855],[29.953095468370343,0.13393476839419657],[29.953464405945315,0.132038904000103],[29.953464572535232,0.13203879062713508],[29.953464656430832,0.132038359585125],[29.9539711944254,0.13169400849045518],[29.954373644473268,0.13142012062634],[29.954373806752596,0.1314203074115914],[29.954374850023605,0.131419598182436],[29.95556927836074,0.132795739666468],[29.95828606676356,0.133181158753462],[29.958286253257857,0.13318139410823],[29.958286483857894,0.133181426839052],[29.958870532818857,0.13391875166757938],[29.95915716183571,0.13428047589415654],[29.96084431096548,0.134032500351168],[29.96084456192499,0.13403326895806206],[29.960846365166205,0.13403300473418],[29.961078317108473,0.13474918463311486],[29.961136499699187,0.13492737887926473],[29.963296317254226,0.135914271666003],[29.963366225661026,0.13589934857440258],[29.965320434585472,0.13542681803439896],[29.964195961246784,0.132573339132559],[29.96536170793462,0.130984997702575],[29.965546097133885,0.12827246050656615],[29.964658525683163,0.12824306338761945],[29.962927556849827,0.128186152136902],[29.96292731331091,0.12818572416609814],[29.962926558150194,0.128185699154535],[29.962719075006262,0.12781978711080239],[29.96211282639244,0.126754426763689],[29.96065598903758,0.126339710159002],[29.96067111983445,0.12615293029562916],[29.960504138223346,0.126083420360736],[29.960826969945572,0.12422906186315116],[29.96082716851605,0.124226610639498],[29.959894621250776,0.122808680979989],[29.960539299745896,0.11817218103490659],[29.958581361220514,0.11684144946730217],[29.957160915572214,0.115876294147885],[29.9566151644559,0.11419999253839976],[29.956411433252093,0.11357427672336236],[29.956359429725758,0.1135453822631337],[29.95523445586279,0.112921158415872],[29.955235035084538,0.11292064047096262],[29.955233553706567,0.112919817380301],[29.955882785147036,0.11234141697279114],[29.95588644584298,0.11233814354800503],[29.955484133261553,0.11166385367387595],[29.954545352695835,0.11091608739860209],[29.95229362067604,0.109122849205369],[29.952293564157806,0.1091224717345469],[29.95229342224955,0.109122358700456],[29.95218819874889,0.10841876315014011],[29.95179324168671,0.105780946071637],[29.950494797246606,0.103362431193284],[29.94883272901801,0.102382755435911],[29.94883541736427,0.10237946826238027],[29.9493107782822,0.09659370333503524],[29.949313868200488,0.096522352443776],[29.946453984536987,0.09544455976829619],[29.94221525225441,0.09577294959222],[29.9422151060424,0.09577281324248592],[29.942214220771053,0.095772881801102],[29.93952584366321,0.093265477492803],[29.939523824753028,0.09326640506889976],[29.935576430258475,0.095276288251503],[29.93808402147133,0.09708111837335],[29.93861766886973,0.099477704648878],[29.94143724547916,0.102814740301107],[29.941671760573296,0.104738779794717],[29.945897293002112,0.108222804950248],[29.946539717261086,0.110250059724196],[29.94893829218293,0.113162594605735],[29.95020911305858,0.113634005881448],[29.951874838276176,0.116741100048843],[29.951014991008268,0.121084672400083],[29.948313532506575,0.125292155294299],[29.94753017152104,0.124890967989797],[29.945315355298778,0.125829391453445],[29.942561128302646,0.128970276581175],[29.942364040393226,0.13023194501566],[29.940681353706342,0.130213548073662],[29.940812941573704,0.132336039456328],[29.937389695435147,0.132945710319074],[29.935369405851272,0.134382959439745],[29.932988407182947,0.138428307797897],[29.935216038646157,0.1396597911660251],[29.93523464034627,0.13966816771935822],[29.935341733308547,0.1394722349289231]]]}},{"type":"Feature","properties":{"n":"Kyondo","c":"406113","d":"Kasese","od":"Kasese","dc":"406","k":"KYONDO","a":["KYONDO"],"lat":0.140134,"lon":29.856119},"geometry":{"type":"Polygon","coordinates":[[[29.782526772275673,0.15976895902679017],[29.782639270274295,0.160055206419893],[29.78390924306875,0.16553109041828593],[29.7855429217282,0.165590570413397],[29.786045558572503,0.167001080521061],[29.787587556072722,0.167090603174628],[29.78940120170018,0.16923501559994192],[29.7932692684239,0.1679857021239583],[29.794131518811618,0.167335801607812],[29.794920531986566,0.1674523747621028],[29.8053,0.1641],[29.805700837740627,0.1641576547435147],[29.80570474486294,0.164154794366985],[29.805707649833632,0.16415863456511137],[29.807823598893496,0.1644629834024893],[29.808289052101397,0.164192314970229],[29.808856033175402,0.16461148422385927],[29.810162102607187,0.16479934352569142],[29.811989451424058,0.164685102897499],[29.815600299221234,0.163117489325324],[29.82025518244079,0.166302708933898],[29.824383305692876,0.172887314351142],[29.833397298494674,0.213077402516923],[29.837442084043868,0.209170069497912],[29.860046449957608,0.200842110170535],[29.87610801403545,0.18329348705002],[29.889194663886887,0.174965620173229],[29.898117928285227,0.17228851926293],[29.910987710749758,0.16395805061466],[29.910893736090895,0.16348768142684145],[29.910678393206922,0.163291803167161],[29.910808922112523,0.16306316398135934],[29.91070243748689,0.162530178946037],[29.911860618827237,0.16122097370592464],[29.911862054308337,0.161218459264942],[29.911876800181144,0.16121462895032954],[29.9151959494662,0.16015025782222844],[29.91588941449216,0.156724496552021],[29.916039182319167,0.15659386713127535],[29.916055696745754,0.156510725994073],[29.918643257993132,0.1543225589092904],[29.918666643995653,0.154302161337771],[29.918667323723263,0.15430220776259157],[29.918668116220836,0.154301537588269],[29.92018882227706,0.1542976623145329],[29.92201176549464,0.151840652342097],[29.922012281427413,0.15184080323257512],[29.92201255746471,0.151840417711241],[29.92261527841648,0.15201715664274199],[29.92315759522424,0.152175763435435],[29.92508126989944,0.15056645191803],[29.92508304166729,0.15056702441601424],[29.925083976315165,0.150566243368822],[29.926652794586815,0.15107246862258192],[29.926990785971306,0.149545664445556],[29.926991571371595,0.14954573792214604],[29.92699161103509,0.149545557762847],[29.926995058764447,0.1495460641783727],[29.928771559149066,0.14971226120193032],[29.92884579160776,0.14792806114724388],[29.928845718014934,0.147921850942223],[29.927795602462034,0.146822364413871],[29.927795936176157,0.14682198892433193],[29.92779580499097,0.14682185150565],[29.928617682621397,0.1458973735970055],[29.928899695764212,0.14558005713538394],[29.928899691387358,0.14557924888348664],[29.928790214736203,0.143177032557388],[29.928886384302604,0.1431218954359477],[29.92888547196035,0.142953417709251],[29.93132156201644,0.14172572932685554],[29.931331810680586,0.14171985343637547],[29.932307298173978,0.138547357981629],[29.933497261882255,0.13756375690596795],[29.935369405851272,0.134382959439745],[29.937389695435147,0.132945710319074],[29.937389952069775,0.13294566461314175],[29.937390095233322,0.132945562773074],[29.937624508953704,0.13290389066759448],[29.940812153301348,0.1323361798454986],[29.9406811964552,0.130214110023014],[29.940681388667727,0.1302141119952688],[29.940681353706342,0.130213548073662],[29.941519647208573,0.1302227132005142],[29.942364128927245,0.13023137826055764],[29.942561128302646,0.128970276581175],[29.945315355298778,0.125829391453445],[29.9453155435102,0.1258293117077697],[29.945315597165834,0.125829250519465],[29.94540804496368,0.12579011859842984],[29.94753017152104,0.124890967989797],[29.94753111517212,0.12489145126741576],[29.947531383816678,0.124891337553753],[29.947555724031027,0.12490405434818534],[29.948313532506575,0.125292155294299],[29.951014795328998,0.12108497716774135],[29.951157636161557,0.12036409147019385],[29.951874838276176,0.116741100048843],[29.950637927911135,0.11443387858145355],[29.950209032455795,0.1136339759818281],[29.949782652204284,0.11347581013630548],[29.948939065201262,0.113163248698746],[29.948938629563123,0.11316271975698948],[29.94893829218293,0.113162594605735],[29.946539717261086,0.110250059724196],[29.945947099384487,0.1083799755817009],[29.945897278049536,0.10822279262158799],[29.945741372297586,0.10809424561104267],[29.941672060274602,0.104739201597251],[29.94167202134377,0.10473899480451805],[29.941671760573296,0.104738779794717],[29.94167135603152,0.10473546080002663],[29.941273212678304,0.10262060359889354],[29.94085173632938,0.1021217763642552],[29.939712335651823,0.101321971226575],[29.93924133227221,0.10021582504685078],[29.93861766886973,0.099477704648878],[29.938278552076856,0.09795474650452839],[29.93782813373621,0.09689694405905779],[29.935576430258475,0.095276288251503],[29.93557672791237,0.09527613669595042],[29.93452548954366,0.09358783472297712],[29.93005666932839,0.09127285081629],[29.92846697958321,0.08983898770392997],[29.92689833085096,0.088868397572605],[29.923880547815596,0.08570213310769126],[29.923879583893697,0.085701263672597],[29.9208776005128,0.08435085955172027],[29.91977648240952,0.083855614690958],[29.91977649716631,0.08385554218718377],[29.919775999985212,0.083855318536577],[29.920430106489313,0.080643325149667],[29.919330642833692,0.07808821024384],[29.916876018646366,0.075633401211759],[29.916875614628292,0.07563244008871711],[29.916875577682653,0.07563240313444],[29.916599502630337,0.0749755942187175],[29.914691425991933,0.07043644970902403],[29.91469033829045,0.07043546950032649],[29.913500513445868,0.069649356938326],[29.91343127041891,0.0693659333883313],[29.910218674224176,0.06985100492999674],[29.90584936338302,0.070510749439036],[29.904582098908637,0.07135714794615933],[29.903729513242457,0.073654942727312],[29.9037294063002,0.07365499690621408],[29.903729381855523,0.073655062787406],[29.900207196879,0.075441052349643],[29.90054224053316,0.07712224378722593],[29.901187971360955,0.080357778793371],[29.90118724605778,0.08035877058520353],[29.90118746596554,0.080359874044516],[29.898865134141033,0.083534364649299],[29.897465547945615,0.0866562349453936],[29.897527745844435,0.08814876878133314],[29.897534568463634,0.088311974115851],[29.89353872984741,0.093493331869531],[29.892667239607697,0.09969023789092761],[29.895619632105593,0.10363009535880009],[29.896938703131184,0.104773603107416],[29.89703215037563,0.1055150482093014],[29.8973755414,0.1059732907],[29.89716167133471,0.10654271554471123],[29.897238430727576,0.107151753041748],[29.89675581230752,0.10762330722650282],[29.8964595349,0.10841214],[29.895279810026732,0.10906547151880668],[29.894153740755034,0.11016572516708346],[29.8937468661,0.1111902533],[29.8901991134789,0.114029887066027],[29.89037683354023,0.1146160589299382],[29.8908272641,0.1160998863],[29.890826925673498,0.1161005922049938],[29.890827035310437,0.116100953819144],[29.889772038398736,0.11830092282290751],[29.8893289085,0.1192252228],[29.8896565878,0.1201829235],[29.8878006084,0.1269786621],[29.884364113142816,0.1280839337954556],[29.882511282162746,0.12867988376092723],[29.882510536723967,0.12868067426423704],[29.87971593363262,0.131913619100373],[29.87960779709736,0.1317588952280017],[29.8795497564,0.1318204447],[29.8724784509,0.1215581445],[29.870527097178165,0.11989254638361699],[29.8700928834133,0.1197647661795631],[29.8672914279,0.1189408999],[29.86729106617166,0.11894024883850886],[29.86729069464841,0.118940139506838],[29.866071702081694,0.11674556041661922],[29.8656267999,0.1159447974],[29.8614118995,0.1152921754],[29.860560377516773,0.11399306514454573],[29.856957766403927,0.10849686909738],[29.856957630928672,0.10849659513837634],[29.8569575999,0.1084965478],[29.8523726199,0.0992255682],[29.852882436,0.0981668628],[29.8497716914,0.0989486215],[29.8488793978,0.0984132476],[29.8484035078,0.0971640344],[29.8494740495,0.0944276777],[29.8482251005,0.091989008],[29.8398667159,0.0887841696],[29.839860858907645,0.0887868615482054],[29.838144500453126,0.090262735074327],[29.835967268256596,0.097332817330337],[29.83452877370546,0.097696445242405],[29.831437206321738,0.100551063595795],[29.828294585957988,0.100504207749191],[29.826248175513214,0.1047392067528],[29.82244042044801,0.106452811479735],[29.821154847043058,0.106404041697529],[29.816397789590972,0.100868236543343],[29.8090506090877,0.095110068079179],[29.80521427602154,0.089559061402563],[29.7991901033639,0.11609648352825247],[29.799101600696808,0.116486622190193],[29.79909947958675,0.11648990441897042],[29.7976241924986,0.11934465649983646],[29.796989236587354,0.120921206822698],[29.79663206905301,0.12126446349435885],[29.796394596668115,0.121723984078775],[29.794706326121695,0.12311520312077669],[29.794698946866436,0.123122294970834],[29.79469779176656,0.12312223585460051],[29.794697550863084,0.123122434371065],[29.787533252888213,0.12275556578460041],[29.78714416097722,0.122735652659602],[29.777866982285662,0.12424174371140226],[29.779087871676545,0.12700905647496805],[29.77965031328047,0.12828318955465],[29.779236744857542,0.132888150716062],[29.781877842020947,0.149091838369242],[29.77959440385198,0.15230630848073012],[29.782526772275673,0.15976895902679017]]]}},{"type":"Feature","properties":{"n":"Mahango","c":"406114","d":"Kasese","od":"Kasese","dc":"406","k":"MAHANGO","a":["MAHANGO"],"lat":0.145332,"lon":29.992795},"geometry":{"type":"Polygon","coordinates":[[[29.966761466728077,0.147382671605088],[29.966760793968138,0.14738277924279045],[29.9667635043956,0.147387084118056],[29.96612941404499,0.147486460444372],[29.965258574921513,0.151266389493028],[29.973369009037192,0.153976934989965],[29.97578138297384,0.15321515757998772],[29.976484686135066,0.152993062831416],[29.97648469532789,0.15299306619716527],[29.9764882075083,0.152991957123793],[29.976494472665635,0.1529966459537415],[29.97855863511843,0.15375239351066608],[29.979238865183003,0.153629649757652],[29.979246886019595,0.15400438139873376],[29.979618976858294,0.154140614252848],[29.9793604246034,0.1593088779233489],[29.979360718783155,0.159322621933836],[29.981412308952486,0.16147660377432183],[29.98147672396712,0.161544133194765],[29.981476699231735,0.161544207672156],[29.981476752350375,0.161544263441864],[29.979831457643385,0.16649864218565688],[29.9805895448692,0.16913291969307942],[29.981209061073187,0.169703406998992],[29.980945318313953,0.17036919693313707],[29.98115153472539,0.171085778397394],[29.984085820287493,0.172133316299551],[29.98792016641066,0.171320527868834],[29.987751512324927,0.173285371771508],[29.988778120672887,0.175192366171738],[29.993995463370478,0.173140971708463],[29.998992310302704,0.172576705153809],[30.001795648439952,0.176441006834758],[30.0037812554491,0.174455254781301],[30.002770279388,0.173264165551416],[30.00421396130825,0.169766161283804],[30.003745939686695,0.16722515393379],[30.000953425607985,0.163978665520064],[30.006730997601935,0.159605244397919],[30.011786297930787,0.153952868105958],[30.015027993848154,0.153082922068764],[30.0166348322117,0.154325828909311],[30.017411776999545,0.151595982000803],[30.02051118639028,0.149187206761283],[30.019930708603233,0.147824886093292],[30.02037900923117,0.141889087579829],[30.02186745027917,0.13734486734144],[30.0206252318259,0.135138997345093],[30.020902642575045,0.133194956764621],[30.018094824985777,0.127074846795033],[30.016876543441494,0.125047547651932],[30.015391790033636,0.124390264022319],[30.01628643211026,0.122182674086087],[30.011934748410358,0.1203028762359],[30.00945310684724,0.118313675179987],[30.00267261401393,0.117832879059969],[30.00004560680513,0.116926375292614],[29.99809038665543,0.115744501475353],[29.997247325961805,0.113908632834274],[29.99469179236816,0.113908630294989],[29.994491360067062,0.115237220834795],[29.993521086849622,0.11589300488399],[29.989732816208022,0.114696395019994],[29.990282005212595,0.111309247696245],[29.988714991700967,0.111059011764112],[29.98828364244769,0.11145137790281318],[29.987175358213932,0.112459825201632],[29.984365825677415,0.11243365801613149],[29.98095495369365,0.11240198911878072],[29.981687365475086,0.116324279012001],[29.982939900941744,0.118058733409247],[29.98293791168899,0.11806052906472632],[29.982938105977414,0.118060798796748],[29.981296755463774,0.12032907830737656],[29.980900490570136,0.123233808687642],[29.980900311717473,0.12323391003806679],[29.98090031565298,0.123234232123641],[29.98056920491862,0.12342153830308222],[29.980253745715807,0.123600299546018],[29.980812019099158,0.124536991572749],[29.98068014815996,0.12467541941562381],[29.98071294555893,0.124758029640269],[29.978665042007766,0.12679072093318391],[29.97866272138561,0.12679315694160792],[29.978637084942545,0.1268767673130537],[29.97807405151792,0.128720667671221],[29.974943273415654,0.13056093700170393],[29.97487911489869,0.13059869130493],[29.974879020046323,0.13059870509037086],[29.974878623724095,0.130598938048318],[29.9714217639031,0.1311049839339668],[29.972746097973243,0.13234279344148475],[29.973343390204953,0.132900517015407],[29.973343161958468,0.132900848613642],[29.97334339093529,0.132901062630403],[29.972201493728246,0.13455985287488986],[29.973418938798684,0.136062623925185],[29.97369971691904,0.139213026439211],[29.97287860060676,0.142822566060093],[29.972107858370848,0.141811978861302],[29.96972357445922,0.141069259820221],[29.968724267480926,0.141690040232537],[29.968723695657335,0.14168993440961478],[29.968723551253827,0.141690024077676],[29.967898398887307,0.1415372031874061],[29.96671828254497,0.141318808280436],[29.966717931270395,0.14131857676219012],[29.966717571637293,0.141318510156975],[29.966640114747204,0.14126728940403432],[29.964013932030745,0.139536423412655],[29.964178771903786,0.14328157489062252],[29.966761466728077,0.147382671605088]]]}},{"type":"Feature","properties":{"n":"Mpondwe - Lhubiriha Town Council","c":"406115","d":"Kasese","od":"Kasese","dc":"406","k":"MPONDWELHUBIRIHATOWNCOUNCIL","a":["LHUBIRIHA","MPONDWE","MPONDWELHUBIRIHA","MPONDWELHUBIRIHATOWNCOUNCIL"],"lat":0.018826,"lon":29.736645},"geometry":{"type":"Polygon","coordinates":[[[29.720216329842152,0.044574386145919],[29.71950805826789,0.04523889772506606],[29.71942204020112,0.045951272700587374],[29.719721075189227,0.04761689562371],[29.71980133697297,0.04762190353606451],[29.730509782207847,0.04828858332856],[29.730674850657973,0.04680608692640945],[29.7306233576672,0.046726116611807235],[29.72984049206992,0.045514162142653],[29.733146781446287,0.042757583025483],[29.732514653343028,0.042250021737042],[29.732588383671683,0.04194641306260013],[29.733117648441713,0.03976570668080343],[29.732307165697176,0.037590093657376],[29.732312715310954,0.03759325428091616],[29.732312341118867,0.037592245704532],[29.739451273570303,0.04165881563058107],[29.74340593485225,0.0439110796697311],[29.745848045569048,0.04035873068926929],[29.745947936507328,0.040213405235765],[29.748280655160222,0.03953272490246008],[29.751030225135047,0.036609686519335],[29.751030443962833,0.03660981054209709],[29.75103252457566,0.036607598927934],[29.75208208828333,0.03720584011774846],[29.75233347336635,0.037348315041479896],[29.754600660961163,0.037194763860562],[29.756237875298375,0.03857416260544715],[29.756316681814152,0.03847721975120083],[29.75602720459354,0.0355046136952448],[29.75601659662028,0.035460138306348],[29.760166419998875,0.037425035004858],[29.765213984100313,0.042480696156831796],[29.766589714769207,0.042584264372392995],[29.768217854535944,0.042706693064864],[29.768217938736914,0.042706840872780795],[29.768217997831087,0.042706845321528],[29.769251965131343,0.04452198963096214],[29.770027587720882,0.045883531645568],[29.775098014400847,0.047957967914082],[29.776030686705134,0.0489512306054503],[29.776341648317246,0.049110117055099795],[29.776795439605944,0.04780341103136994],[29.776947758205605,0.04607047974511],[29.778557183243905,0.04236213801372921],[29.778559123715215,0.042352312199319],[29.77855462133009,0.04234848778797588],[29.775779001415604,0.040513293038297],[29.77504086389833,0.03936383556264004],[29.774797541271912,0.039157152707459],[29.7748246757675,0.03902717869679659],[29.77474408838269,0.038901684774934],[29.77572243751797,0.034726907297278224],[29.775725267031426,0.034713353951099],[29.775460848068118,0.031742394301425],[29.77546117468257,0.031741740896944155],[29.77546111871463,0.031741111751389],[29.77597785838341,0.03070809574053589],[29.776260133518083,0.03014339372796],[29.775184829730886,0.026916847777694],[29.775393019320457,0.02521281485310248],[29.775898665706116,0.021073710534187187],[29.770700972110454,0.012505165674868],[29.77085392758299,0.009426679490518751],[29.771100722710717,0.0044535787154861865],[29.7696813163212,0.0009744952377550549],[29.769359102969855,0.000184824003118],[29.769359100085968,0.00018471636362068957],[29.76935898897693,0.000184444026099],[29.769287036123334,-0.002485483034589],[29.76690822239203,-0.006129919707246092],[29.765475876291227,-0.008323875100463],[29.765476078510677,-0.008324020747206813],[29.76547567787698,-0.008324634533863],[29.767086226862382,-0.009483715652742702],[29.76711636205385,-0.009505420254054],[29.763863675301284,-0.010991658014478],[29.7575993207792,-0.009848185108021193],[29.7574326176,-0.009814445],[29.7597038158,-0.0071893803],[29.7607853156,0.0036032203],[29.761259880122086,0.004211316606665051],[29.762189021854,0.005401867132829],[29.762189016953847,0.005401891648593019],[29.7621891769,0.0054020966],[29.7593080934,0.0198217307],[29.7551049305247,0.01711528652096679],[29.751010918144,0.014480665389516995],[29.7499255714,0.0194612841],[29.749777379898,0.0195222067988958],[29.749733144760306,0.019703691984148],[29.749554492993994,0.019613837368510655],[29.7491438691,0.0197826481],[29.746334625247464,0.017994479219407368],[29.741788468903923,0.018191166939773],[29.741788407006826,0.018191103403602873],[29.7417874109,0.0181911465],[29.741784989472855,0.01818759537123932],[29.738783395058892,0.015106516900088093],[29.7369806687,0.0140642664],[29.7345845439,0.015386137],[29.734584097295922,0.015382904920779037],[29.734582853634425,0.015383590458442],[29.733895251145082,0.010402162234270703],[29.733888997680324,0.01040045410935494],[29.732237602256667,0.010463978432543],[29.730593339850454,0.00950024990720775],[29.72719062568161,0.008570803419851242],[29.72656973128339,0.008555481002911],[29.724987392972974,0.011803438813111],[29.7284052375371,0.01695936888144],[29.727432682876415,0.016954164423702],[29.72479137332231,0.019725652785737],[29.723685033337013,0.019565623404518],[29.723321512543606,0.020523368743923],[29.72245287204107,0.02085086253309738],[29.721561610470854,0.028232014692072715],[29.721759036963746,0.028431157877152],[29.721957418423976,0.030906676195331],[29.721183606245933,0.031362528554813196],[29.720026313250475,0.040946870545367574],[29.720242684003285,0.042804497748545],[29.720216329842152,0.044574386145919]]]}},{"type":"Feature","properties":{"n":"Munkunyu","c":"406116","d":"Kasese","od":"Kasese","dc":"406","k":"MUNKUNYU","a":["MUNKUNYU"],"lat":0.032005,"lon":29.842222},"geometry":{"type":"Polygon","coordinates":[[[29.809756693962164,-0.017369880869523],[29.81570288539035,-0.010042874206681],[29.81349582002467,-0.001589862511949],[29.81323885038364,0.002046077182303],[29.814929597522962,0.010405619783065],[29.81412296694069,0.011292747678293],[29.8139232486801,0.014617365988056],[29.81278808852226,0.017524555771867],[29.812776584202393,0.021546661577116],[29.81453819441689,0.02442027587682],[29.816585275079344,0.025237695749923],[29.81625733582326,0.026811514323076],[29.817125631239342,0.027229981974409],[29.817268453151687,0.030112077951714],[29.81679743703598,0.033656052778447],[29.81790156025237,0.034474686585231],[29.819344597790238,0.034274623072565],[29.819034195654435,0.037695400510218],[29.817656089172335,0.039323154740018],[29.818884703281224,0.040479144284446],[29.817585227015435,0.042064671931107],[29.819004054369987,0.044235564441818],[29.818790070560276,0.046176348140847],[29.820228069465124,0.049270632131865],[29.82421208040831,0.051411153471377],[29.827366453925585,0.055147899207662],[29.830493235919793,0.056197465969222],[29.830024749650363,0.057619726013991],[29.82690281062023,0.059469949124005],[29.825022018667628,0.06723950701014],[29.822912114143612,0.06855009688937],[29.820317594449588,0.064767350895233],[29.81886269290295,0.06930789740434],[29.815950687982948,0.070906354151015],[29.813366592216777,0.074375609110974],[29.81274960581315,0.07587893707491743],[29.812453462645482,0.07719942633044],[29.811987341563835,0.07773624406769723],[29.811829818765144,0.078120058730129],[29.808175428368862,0.08212647329261413],[29.80758400954027,0.084334626445844],[29.806185922235215,0.085257419539605],[29.806184980410553,0.08526157130390309],[29.805214280122847,0.089559048551288],[29.805747253798298,0.09033025700686592],[29.809050543426366,0.09510997307009608],[29.810841075534533,0.09651330125491508],[29.816397789590972,0.100868236543343],[29.816715995456047,0.10123853387225297],[29.82115513428788,0.10640405259450886],[29.82244042044801,0.106452811479735],[29.826248175513214,0.1047392067528],[29.828294585957988,0.100504207749191],[29.82829556788106,0.10050422238946936],[29.828295798486437,0.100503745323446],[29.82956860542045,0.10052320312680398],[29.831436341093497,0.10055105069541347],[29.83387256041179,0.09830236394943694],[29.83452877370546,0.097696445242405],[29.835967268256596,0.097332817330337],[29.838144500453126,0.090262735074327],[29.83842435334061,0.0900220933442962],[29.838682989597487,0.08925194965464],[29.8337385752458,0.085568856576747],[29.83385497378658,0.08526037945947902],[29.8337371482,0.0851633867],[29.83391403535896,0.08510385564511486],[29.83404405671075,0.084759275622769],[29.835157475016068,0.08468537826716864],[29.835158016,0.0846851962],[29.8342553337,0.0833752228],[29.83425532501504,0.08337498341474842],[29.83425531573884,0.083374969965277],[29.834142138748472,0.080266170950909],[29.834142529629823,0.0802659828322984],[29.8341424875,0.0802648216],[29.8365502035,0.0791059003],[29.83642439850951,0.07839530583117406],[29.83618171747165,0.077026720716486],[29.836182051372987,0.07702643696452899],[29.8361818026,0.0770250318],[29.837159705464124,0.07619561890555086],[29.837359266580428,0.07602603031506591],[29.8372735715,0.0746723261],[29.83992955989326,0.07275163163201667],[29.840165405294563,0.068223683572751],[29.84016568724902,0.0682233640868714],[29.8401657552,0.0682220606],[29.841868371,0.0662937756],[29.8417726105,0.0648326643],[29.84387412027173,0.0642853750190364],[29.844139487965897,0.06397778899629336],[29.8451295663,0.0628294272],[29.8450064276,0.0607736721],[29.845006782432016,0.060773860632443784],[29.845006776240897,0.060773757470726],[29.845089173608937,0.060817637431824695],[29.84689369404907,0.06177643098518547],[29.846897459246318,0.0617554685798915],[29.847012316,0.0611002921],[29.84731403167535,0.06103141456533985],[29.848677255223006,0.060719725164876046],[29.8487612191,0.0594465677],[29.84876211559728,0.059446370906854715],[29.848762136518538,0.059446054510696],[29.84919521509147,0.059351299774775254],[29.8503909535,0.0590888192],[29.8511402104,0.0553184741],[29.851136084971607,0.055306217719436244],[29.85032064430812,0.053174972899437],[29.850394214426654,0.05310216838014261],[29.8503792513,0.0530577139],[29.85419595047405,0.04933988259445129],[29.854234743789608,0.047300944515071],[29.854650848320727,0.04716010551467294],[29.8547456116,0.0467059416],[29.860267850455205,0.045258917455685714],[29.860267877715007,0.04525890822905352],[29.861181922,0.0423558054],[29.861182983050636,0.04235534731274389],[29.861183211001322,0.042354623877822],[29.86469728331685,0.040684505960572666],[29.8644464538,0.0396908968],[29.864446595477705,0.0396907141580525],[29.864446584631374,0.039690690473739],[29.864780529966794,0.039260226917069777],[29.8661757888,0.0374615474],[29.8651767119,0.0356172559],[29.865179178014607,0.0356166135314686],[29.865177939556972,0.035614321798799],[29.866283226431612,0.035329033238867165],[29.866687626973135,0.035223695805954164],[29.866592152309057,0.032204487948377],[29.86659254198195,0.03220439505639536],[29.8665924897,0.0322027373],[29.86659725965906,0.03220327043525752],[29.868254364130724,0.03180824240051437],[29.868887031367766,0.030935777935973633],[29.869352558998244,0.029965562948202913],[29.86961480865011,0.022642760084476268],[29.869614501798022,0.02262991908760097],[29.86768373495606,0.021139828564109],[29.867496863392834,0.020996036926319],[29.86749714706312,0.020995827307702983],[29.8674966859,0.0209954714],[29.86931700276175,0.0196507086552788],[29.869347473385115,0.019378385511496257],[29.8697333796,0.015915325],[29.86974979805197,0.01590317072594324],[29.870441767836745,0.015271601308055287],[29.870356100793988,0.015177838688901692],[29.867248713240688,0.014725618068592053],[29.867248216537863,0.01472571242514],[29.86266765857753,0.012673365997778],[29.861364044551927,0.010630023424941942],[29.860663649957704,0.010641075316567418],[29.859435906161767,0.010661685858407],[29.853221889850808,0.00715151223784],[29.852509073427953,0.007245391578480935],[29.85037922326812,0.007526102011901098],[29.849296212871636,0.009328422243822],[29.85003660795308,0.01091740249513],[29.84950461597414,0.014430892332152],[29.84936803367908,0.014309749667635464],[29.84935354978557,0.014383340326107],[29.847800690489457,0.012920023053694399],[29.83451638412574,0.008033625290987],[29.834717323893816,0.004042428830281],[29.83010778553026,0.002514584352606],[29.83010775904695,0.002514485486669056],[29.83010762254276,0.002514440264028],[29.83007453385181,0.0023904511428008333],[29.829627729950346,0.0007224691030287046],[29.823609876431217,-0.000593070760093],[29.82361032282751,-0.0005938988423419679],[29.823607222728207,-0.000594576912989],[29.824545958302558,-0.002329538544912827],[29.82469205470843,-0.0026005529829005508],[29.82285095020599,-0.005072720276858],[29.823781485004886,-0.00695362804825],[29.82527027887039,-0.00662801637047],[29.825145641109884,-0.010304162513707],[29.826255875822653,-0.012241274790357583],[29.826197721470987,-0.012430349171168992],[29.825971611372573,-0.0131630832323],[29.827129241357508,-0.014167708443176332],[29.82768454248923,-0.01465001573493769],[29.828074414155118,-0.020278234528948762],[29.82793819205405,-0.02170797474483452],[29.82793319837489,-0.021736301283987],[29.825380590951266,-0.021766765340792],[29.82538029071776,-0.021766870142318318],[29.82538020819682,-0.021766871101348],[29.82532509166379,-0.021786138295326142],[29.820815467503294,-0.023360298033225],[29.82081719808407,-0.023453391154352528],[29.82100335566934,-0.036625679217809],[29.82476202364262,-0.039995777607568],[29.819526508013393,-0.042523898884039],[29.81167010551354,-0.039744452171241],[29.8084816898637,-0.040053539343824],[29.80456536925282,-0.039009012517542],[29.80730707624214,-0.034350806395275],[29.803983464814422,-0.032125212140719],[29.803566840134803,-0.028103937602255],[29.806178033697957,-0.020215679443204],[29.809756693962164,-0.017369880869523]]]}},{"type":"Feature","properties":{"n":"Nyakatonzi","c":"406117","d":"Kasese","od":"Kasese","dc":"406","k":"NYAKATONZI","a":["NYAKATONZI"],"lat":-0.098367,"lon":29.828612},"geometry":{"type":"Polygon","coordinates":[[[29.72835787415118,-0.07868671033726062],[29.72686433561047,-0.07428682652813638],[29.726651367579965,-0.070120108494421],[29.725129637396655,-0.068305495268066],[29.725415111188397,-0.06547801436140298],[29.726222657981474,-0.06074040650869515],[29.727247030239212,-0.059850271139342],[29.72684687526233,-0.058172801333766],[29.729997788383436,-0.056715280882685],[29.72926188126703,-0.05213019722978],[29.730740591333227,-0.048743464570913],[29.73052179698548,-0.044067945035526],[29.729385717705288,-0.04218378946230029],[29.7294,-0.0421],[29.736226930363344,-0.03774238487446113],[29.73703697385015,-0.037828073888704],[29.737478859051098,-0.03700870015124],[29.738440583241303,-0.037628966890487],[29.739252039346496,-0.036213539220802],[29.738895006851017,-0.035609764648758195],[29.738971075994982,-0.035217247865889145],[29.73965710460239,-0.035544627858336],[29.742319313217585,-0.032115687350188],[29.741034243544757,-0.030874976948499],[29.7448653090253,-0.028140298637247],[29.742676302950183,-0.025113866394518],[29.742151750447345,-0.022696155796147],[29.741235235754292,-0.023114318109717674],[29.730749872645447,-0.009242378096152087],[29.73075757850566,-0.009234850689005536],[29.7335391562,-0.0088440763],[29.7540383106,-0.0294165203],[29.754077382539197,-0.029362328268550023],[29.79645596387607,-0.073758489198689],[29.801003238901103,-0.06507615529649],[29.809753662232815,-0.054457871312885],[29.81833142472196,-0.042272679357944],[29.819521837369702,-0.04252224649857981],[29.819526508013393,-0.042523898884039],[29.82476202364262,-0.039995777607568],[29.824761299045072,-0.03999512791862184],[29.824761755272444,-0.039994907544882],[29.82475460671142,-0.03998912743573175],[29.82116347101999,-0.03676924190789789],[29.82100299402052,-0.033447916730534],[29.8302907355835,-0.035410536369353],[29.830696646144993,-0.03528468287833877],[29.831097282603707,-0.03536059650246],[29.834981737690185,-0.033956370316792],[29.835602981487284,-0.026399042718008],[29.84194191995297,-0.02574199798773],[29.843279755195955,-0.020840544335821],[29.84563786138159,-0.018425358601264784],[29.84762827783227,-0.018059363415503134],[29.8479988391082,-0.017991252543807],[29.85881450452075,-0.019307466160581765],[29.861223457096113,-0.019600630216676],[29.861223497734233,-0.019600628860181005],[29.86122358713641,-0.019600639739989],[29.86300956671148,-0.019541010119049095],[29.871302834200055,-0.019264181970843],[29.87130281151759,-0.01926411834993041],[29.871306846690832,-0.019263983625069],[29.87094873187746,-0.016941842857670072],[29.87121485503144,-0.016204545364647],[29.8707906776308,-0.015916964254730447],[29.870660259252315,-0.015071286214631968],[29.870809457794326,-0.014903445411601],[29.8703759644001,-0.012344713126408889],[29.87136724667677,-0.011499821125738666],[29.871756510320754,-0.011372145542572],[29.87450709389297,-0.011976664387938325],[29.8745187648,-0.0119798869],[29.8802722991,-0.0081251612],[29.8816580245,-0.0061692297],[29.884041565260983,-0.0056267885976543615],[29.8859844669551,-0.006127104845114],[29.888175291329286,-0.007498448452997],[29.88620097055019,-0.009973017408556],[29.88624792800161,-0.012566696433985],[29.884249327294782,-0.013946522157497],[29.88301212782641,-0.016385297474811],[29.883547241151597,-0.017670638227089],[29.880718079256017,-0.016707323112015],[29.882012488365948,-0.019812156825384],[29.88000118621579,-0.020765708917834],[29.880727579547685,-0.022798380302959],[29.87925236662455,-0.023205216329462],[29.879811871730617,-0.02536282020625],[29.877616262708045,-0.024879299995145],[29.87797335426423,-0.025830209064848],[29.87721127057921,-0.026709207055811],[29.878782369508947,-0.027186501610475],[29.875883525924216,-0.027588129840417],[29.876450501576706,-0.02928042340177],[29.87442689183627,-0.028602676756532],[29.874217994095666,-0.032708436040831],[29.875141804529065,-0.031445742660178],[29.876381302487733,-0.031800533798866],[29.87849683095782,-0.030708087058978],[29.886705869427995,-0.024997484091294],[29.92830901438215,0.010286385080822],[29.957893880738585,0.011367858503919],[29.961263301906392,0.009987699609502],[29.96532732816256,0.005105134942826],[29.968249296669985,0.003886866948406],[29.97594902033346,0.004086668908084],[29.976920527686026,0.004744386840877],[29.97791943026839,0.007589276636439],[29.979632450538627,0.008509046135429],[29.985017739488672,-0.015188146928935],[29.987635122793808,-0.053751275121808],[29.988371399134955,-0.055725107936767],[29.969025786646053,-0.068929299153782],[29.952607482322687,-0.086418310074331],[29.927623142866622,-0.101408913365597],[29.90656518322056,-0.104621177610814],[29.888113176278424,-0.113841734654556],[29.88166740351662,-0.110576972743204],[29.876572115226022,-0.112597016175379],[29.863158376577843,-0.111099949740605],[29.860804598428466,-0.11245942712305],[29.85960787979197,-0.114440830455399],[29.859624319555788,-0.120583308234614],[29.857279200356412,-0.125594961661614],[29.857238006395473,-0.131130389824275],[29.854279394700303,-0.133099438948204],[29.853360269460026,-0.135955034441203],[29.84543463298913,-0.132857229909681],[29.844692095598038,-0.130731082143573],[29.845563595168525,-0.131166703794046],[29.84655657856771,-0.129504984511113],[29.845380836759862,-0.128706962276669],[29.846195194469566,-0.126941809962803],[29.845456512305095,-0.127127581885002],[29.845711844203382,-0.126167331971546],[29.844865184718653,-0.126532131809803],[29.84449569037849,-0.125452972459489],[29.845419534345496,-0.125453600502414],[29.842535987945045,-0.123475486065525],[29.807698054449492,-0.134602515109063],[29.765939475747672,-0.154232629447469],[29.75416045611985,-0.164940543734406],[29.740954424345528,-0.182786481076548],[29.730603789898815,-0.192066397693272],[29.71669433156738,-0.210264417133372],[29.699346607240038,-0.21039130136883863],[29.709355291856326,-0.16557425626108951],[29.728853015042276,-0.07922186631735],[29.72835787415118,-0.07868671033726062]],[[29.762608692592,-0.094426630745327],[29.763509387055638,-0.095324473347104],[29.76539743815216,-0.093605525097073],[29.766428119911232,-0.085768806191272],[29.7652462280859,-0.083739599118094],[29.759329664001992,-0.083647013935346],[29.759078699346638,-0.084576353089107],[29.7620046607546,-0.089464807031949],[29.762608692592,-0.094426630745327]]]}},{"type":"Feature","properties":{"n":"Nyakiyumbu","c":"406118","d":"Kasese","od":"Kasese","dc":"406","k":"NYAKIYUMBU","a":["NYAKIYUMBU"],"lat":0.000228,"lon":29.794104},"geometry":{"type":"MultiPolygon","coordinates":[[[[29.75729786576237,-0.02263286767505395],[29.7578937513,-0.0208452082],[29.75785606743053,-0.02005823094276033],[29.758072117346,-0.019061727205656],[29.757644416739627,-0.01563818909029208],[29.7576442118,-0.0156339092],[29.76294253071737,-0.010929854225250783],[29.762942747851326,-0.010929675085161],[29.76312505403746,-0.010856832726359783],[29.763863675301284,-0.010991658014478],[29.76711636205385,-0.009505420254054],[29.767086226862382,-0.009483715652742702],[29.767116374835272,-0.009505412568805],[29.7697192564052,-0.008222049644864478],[29.769724376847,-0.008220003718356],[29.769724514163542,-0.008219457282539507],[29.769726660335582,-0.008218399102384],[29.770490578700066,-0.005546055674243977],[29.77393562355496,-0.00363125101173],[29.773935789468275,-0.0036305432026573718],[29.773936047176765,-0.003630403177434],[29.779014447792974,0.018035712871204878],[29.779021011094372,0.018063712819157],[29.77902101130595,0.01806371496173361],[29.779021047913172,0.018063871140105],[29.77985004372737,0.026446178426033],[29.784228106842626,0.026533960527175],[29.786262905345982,0.028292108522626],[29.790682183703836,0.035551705940343],[29.79362079855476,0.038121540240805],[29.793620821629673,0.03812179573424385],[29.79362083641815,0.038121808667933],[29.79377225769862,0.039798272881793474],[29.794708939580453,0.0398239057110166],[29.796228041606515,0.039864986074138],[29.796227845750746,0.03986547143703768],[29.796233442977353,0.039865624608308],[29.795304366121314,0.042154163638942],[29.796321450162534,0.043062879158290227],[29.796844352830497,0.043529482170948],[29.79684417914527,0.043529912284143414],[29.796844752369925,0.043530424432716],[29.796224926833187,0.045063755427743],[29.79681287250414,0.04618274331639],[29.800625066846568,0.048305086307371],[29.804531760358277,0.04869911917017],[29.806085264871896,0.049811673386499],[29.80607194529364,0.051502289509784714],[29.80719823622043,0.052856598712074],[29.807198119519338,0.052856903356521594],[29.80719831523865,0.05285713868209],[29.806413165011143,0.05490618976407022],[29.807454797811882,0.055893248304062],[29.807454634751885,0.0558939898142199],[29.80745530750937,0.055894627789736],[29.807193084976685,0.05708337910341233],[29.807108661569746,0.05746729186300644],[29.808384556661746,0.05862481115783803],[29.808971788098003,0.059157395044302],[29.80897177621757,0.05915754928845011],[29.80897185780367,0.059157623305101],[29.808729788356107,0.06229928837098753],[29.808725007866126,0.062361353683352],[29.808725005924845,0.06236135649806672],[29.808724989784583,0.062361565972227],[29.8087237658461,0.06236315451983146],[29.807935801896427,0.06350564352654628],[29.80881276701761,0.06600662279017984],[29.80881357636967,0.066008820019957],[29.80893553178523,0.06616255044146441],[29.80904680549715,0.066175379737587],[29.81066069270145,0.06833719527868302],[29.813353689341106,0.071731841647032],[29.813339172175148,0.0719250411562088],[29.813567688834475,0.072231141151434],[29.813189439236673,0.07391773933883816],[29.813107620582233,0.07500661053627111],[29.813366592216777,0.074375609110974],[29.815950687982948,0.070906354151015],[29.81724685061117,0.0701948650035763],[29.818862810553412,0.06930753023351785],[29.820317594449588,0.064767350895233],[29.822276117928766,0.06762283002778799],[29.82291229161452,0.0685499866514068],[29.82338292452899,0.06825764795668791],[29.825024691430748,0.06722846581670171],[29.82690281062023,0.059469949124005],[29.82690293673089,0.059469874384282306],[29.826903003099865,0.059469596251746],[29.830024761641965,0.057619689609134134],[29.83017343510873,0.0571683373597814],[29.830492567940173,0.05619724174853527],[29.82754697624644,0.05520849512641752],[29.827367390851624,0.055148422897342],[29.82736714446649,0.05514813100149375],[29.827366453925585,0.055147899207662],[29.824212314575508,0.05141143087139824],[29.821764609720788,0.050096181371857416],[29.820228069465124,0.049270632131865],[29.818790070560276,0.046176348140847],[29.819004054369987,0.044235564441818],[29.817585227015435,0.042064671931107],[29.818884262223825,0.040479682431019584],[29.818618290178616,0.040228479117175656],[29.817656089172335,0.039323154740018],[29.81765771134261,0.03932123870917653],[29.817657457355313,0.039320998825132],[29.818122545622924,0.03877219843125255],[29.819034195654435,0.037695400510218],[29.81904996700139,0.037521592853610446],[29.81934312118244,0.0342748277902772],[29.81790156025237,0.034474686585231],[29.81679743703598,0.033656052778447],[29.81679747953831,0.03365573298644016],[29.81679718213984,0.033655512398711],[29.81704165411577,0.03181853776745466],[29.817268453151687,0.030112077951714],[29.817125631239342,0.027229981974409],[29.81625733582326,0.026811514323076],[29.81625769651773,0.0268097833084197],[29.81625709061387,0.026809491389653],[29.816584168156673,0.025237253744579947],[29.81453819441689,0.02442027587682],[29.814537815025727,0.024419656997646696],[29.81453769360246,0.024419608605976],[29.814150368486985,0.023787637550361822],[29.812776584202393,0.021546661577116],[29.81278808852226,0.017524555771867],[29.81392318242417,0.014617535672101629],[29.81399369154086,0.013444735984289555],[29.81412296694069,0.011292747678293],[29.814929291473348,0.01040595637475552],[29.813238945100775,0.002046702301425],[29.81323895331329,0.0020465860962561445],[29.81323885038364,0.002046077182303],[29.81349582002467,-0.001589862511949],[29.815702865370525,-0.010042797531194502],[29.810890968261592,-0.015972207173719062],[29.809756693962164,-0.017369880869523],[29.808113886780664,-0.01867626314355618],[29.806178067690738,-0.020215629999396],[29.806178045277477,-0.020215670235015755],[29.806178033697957,-0.020215679443204],[29.80617802425163,-0.02021570797998726],[29.805064180169925,-0.022215247705668],[29.80356774116065,-0.02810121565755274],[29.803566840134803,-0.028103937602255],[29.803983464814422,-0.032125212140719],[29.80730707624214,-0.034350806395275],[29.80456536925282,-0.039009012517542],[29.8084816898637,-0.040053539343824],[29.81167010551354,-0.039744452171241],[29.816935555502617,-0.04160726885659029],[29.818099322466054,-0.04260239360976483],[29.80975379447987,-0.05445768344853742],[29.809753652488425,-0.054457883137305985],[29.8082467751438,-0.056286417708394036],[29.801003330197116,-0.065076031712843],[29.801003311832567,-0.06507606679711424],[29.801003238901103,-0.06507615529649],[29.79645596387607,-0.073758489198689],[29.754077382539197,-0.029362328268550186],[29.7558950893,-0.0268412038],[29.756521948749228,-0.02496062244138128],[29.75696586243661,-0.024164192295721],[29.75729786576237,-0.02263286767505395]]],[[[29.805215314576497,-0.021998912578679],[29.805215309639394,-0.021998909122686],[29.80521531457653,-0.021998912578635],[29.805215314576497,-0.021998912578679]]],[[[29.76524624358318,-0.08373962572559716],[29.76642750177067,-0.08576774489685161],[29.765891801493606,-0.08984666693339975],[29.76539743815216,-0.093605525097073],[29.763509387055638,-0.095324473347104],[29.76349948654604,-0.09531460418541067],[29.762568313788872,-0.0940949387872581],[29.7620046607546,-0.089464807031949],[29.761645563903585,-0.08886485775974624],[29.759078711051917,-0.08457630974366678],[29.759329664001992,-0.083647013935346],[29.764846804429723,-0.08373334874850846],[29.76524624358318,-0.08373962572559716]]]]}},{"type":"Feature","properties":{"n":"Bugoye","c":"406201","d":"Kasese","od":"Kasese","dc":"406","k":"BUGOYE","a":["BUGOYE"],"lat":0.336364,"lon":29.9437},"geometry":{"type":"MultiPolygon","coordinates":[[[[29.9133012996642,0.435719737595707],[29.914938104865154,0.4311912432064098],[29.917164390968882,0.421418428908063],[29.91892133404594,0.42017097580622864],[29.9192,0.4194],[29.934664579492697,0.41066113999081244],[29.9354879628107,0.408838007776693],[29.940915192665607,0.4071289887599668],[29.950823631557103,0.4015298413390338],[29.952271793039493,0.400538757202585],[29.96201925504325,0.386874590771931],[29.97229876781876,0.375833698864446],[29.989430676834754,0.367648356394691],[30.0029461709643,0.362318283431798],[30.014348769678556,0.355303339269918],[30.018084521927115,0.348545671970981],[30.020368840956035,0.341692840281547],[30.026936343796994,0.332008341085273],[30.032670386245165,0.3305093638461],[30.03852409787182,0.332151182876369],[30.043256848999185,0.331675218053018],[30.04404457484275,0.332389117191218],[30.04625732118082,0.329833658379272],[30.04909302687657,0.331230398476823],[30.053934159443518,0.335559717689624],[30.058875505522597,0.335531047778761],[30.05889765727061,0.334381546036235],[30.064946587651406,0.332989825182388],[30.066689726257074,0.331685829105688],[30.066706984776804,0.329080133496253],[30.06810272706887,0.326292251932744],[30.070288928431125,0.327036965271405],[30.071020681452115,0.325725257183384],[30.072834189077675,0.324853934893496],[30.07591471175773,0.319761946244859],[30.078644689010652,0.318358302201318],[30.0798098365244,0.318711340489674],[30.079399726932266,0.317693366082961],[30.08044923126179,0.316701781678436],[30.082711481705257,0.317001767989623],[30.083146692596614,0.31506774342442],[30.083568201216547,0.31579174051514],[30.086175749870062,0.316021466129185],[30.087218668872296,0.314210462057878],[30.08612928162114,0.312825818026048],[30.086794677309967,0.312188324413875],[30.0885284141623,0.312015397225783],[30.088644352604888,0.313613842198257],[30.090764000232824,0.315349641757067],[30.091421690480832,0.318075773890931],[30.096003023210947,0.317310255155695],[30.101486998904477,0.318583992401465],[30.10375714491951,0.312822714785965],[30.100324792840485,0.301924780980089],[30.101009083069517,0.295864082541211],[30.103139933023268,0.292734300442394],[30.10455914147973,0.292590312277124],[30.108984886880844,0.288383395596362],[30.111484079596647,0.278366939362473],[30.114985393035845,0.274408948018815],[30.11674482397445,0.268099997141875],[30.121067141405042,0.261349367970906],[30.11869265982239,0.260376435844876],[30.117635180890034,0.259025039057024],[30.11681465319264,0.251956810999168],[30.115013914869053,0.253845039364897],[30.114005539327408,0.257250370293737],[30.111894439873797,0.259034644152982],[30.112201314083496,0.261747429664724],[30.110152673643483,0.265423497136082],[30.110424057987764,0.266101418564701],[30.10739012014315,0.267871964898146],[30.107212556262944,0.269081499681558],[30.10593056877185,0.269190793240599],[30.105333111228262,0.26878771650748],[30.1058909635755,0.268176535204243],[30.105227095416538,0.265806598304336],[30.101707786425894,0.263735916346394],[30.100791932400675,0.26018089541638],[30.102219472259176,0.257087188432587],[30.100458728528316,0.255088059383077],[30.10097411393772,0.252624713380299],[30.09933740039058,0.249964750743215],[30.10003174173677,0.248947493948249],[30.093641506379466,0.250090233359608],[30.088347390881896,0.249197994384006],[30.079410027408407,0.246925665384904],[30.069873147546417,0.245533680131387],[30.06674903137029,0.247395320708815],[30.06424224261276,0.246171037660803],[30.063336367284048,0.243411994371287],[30.05951493467375,0.242259845672199],[30.05578308816116,0.237881270588997],[30.052075704794735,0.236473487151867],[30.049283021842704,0.239093340336062],[30.04653738150694,0.239064718197118],[30.04546710916495,0.241976288623637],[30.04346688488988,0.243522835116773],[30.044205902886066,0.245142641783153],[30.042745561006154,0.245225082194728],[30.037939971021817,0.241941959064155],[30.034288529129558,0.244867809745117],[30.033240407297612,0.244844926723006],[30.032182714759678,0.246509403964459],[30.029654911727068,0.246720321100302],[30.028600904122413,0.24833106368251],[30.02515594819344,0.248159515066189],[30.02195481495871,0.249598507134617],[30.016892177564024,0.243322168633281],[30.0144649079207,0.242322664423918],[30.007097074750934,0.242016744545827],[30.005143856033506,0.243397249011556],[30.00081557167272,0.243872709604044],[29.992327355855,0.242375825424385],[29.98487890030521,0.255777902139844],[29.97684775837167,0.264701234476046],[29.953946130668225,0.280464693077975],[29.92985389229347,0.293849301356269],[29.91200812675213,0.308125908181419],[29.895946725627233,0.318536104681217],[29.86194990105098,0.337167916113826],[29.87312967314753,0.385305624988393],[29.9133012996642,0.435719737595707]]],[[[30.087028335667668,0.248836476890304],[30.087028334590002,0.248836482817467],[30.087028335667696,0.24883647689031],[30.087028335667668,0.248836476890304]]]]}},{"type":"Feature","properties":{"n":"Buhuhira","c":"406202","d":"Kasese","od":"Kasese","dc":"406","k":"BUHUHIRA","a":["BUHUHIRA"],"lat":0.390637,"lon":30.10432},"geometry":{"type":"Polygon","coordinates":[[[30.069670265295727,0.395821780113699],[30.07095600805358,0.397571112006579],[30.07758181618635,0.400900656457517],[30.078347478731292,0.406907917942356],[30.08007785032031,0.40705084749525],[30.080703965655655,0.410796524183321],[30.083842471873265,0.4140254481122],[30.087056041414606,0.415367462145518],[30.106292664506746,0.413216533109489],[30.109533428105365,0.416091056063535],[30.110134882205195,0.4149901367175],[30.113007380668524,0.415679794245632],[30.11428565167929,0.417079091564632],[30.11800473651498,0.418092772443156],[30.122303579601724,0.420711530760618],[30.123490105965526,0.41901004533761],[30.12582447470988,0.418667093313409],[30.127216494637196,0.416688758712702],[30.129496093961276,0.415830155844821],[30.129225524624303,0.413743718807578],[30.13301359606479,0.405938703900465],[30.132794553714998,0.402846349073289],[30.134136357748357,0.398601579049825],[30.136661873268476,0.398114531546183],[30.1388554401534,0.395077150845807],[30.140197310530677,0.391358767904156],[30.141261570708966,0.390800122290505],[30.142322894833704,0.387826215974409],[30.143537031874157,0.38830162922871],[30.14693347554844,0.386927550842518],[30.151524884558558,0.387682970656468],[30.155638600140648,0.385211479515251],[30.15608542415184,0.387600090492805],[30.15771309373958,0.388161665660486],[30.160387052347264,0.388317535810602],[30.16408846223184,0.386290099559225],[30.165296866792186,0.386504465384385],[30.165203958479644,0.387577635303645],[30.16705494223291,0.38767265500731],[30.16826771632874,0.389866543071639],[30.171626601878003,0.390474242386097],[30.172645181322427,0.388637740685494],[30.171729100878473,0.385494622299804],[30.169844738026605,0.384795168555191],[30.168474211851308,0.383210690814731],[30.16766260451572,0.379793035857038],[30.165212915030803,0.379347816382491],[30.165151676253643,0.377982861330563],[30.16190564950096,0.376373893315353],[30.1606498673386,0.373814149010078],[30.154368140939013,0.37061616195069],[30.148414254382597,0.364644316988946],[30.147904226813896,0.360605086579565],[30.146952448931057,0.360424250354563],[30.145771772460396,0.361727859065186],[30.144496776539647,0.361804420750494],[30.143316639163782,0.363365260476195],[30.143238780899406,0.364954597722482],[30.140642121029973,0.365640028242611],[30.139585295382904,0.366781134626583],[30.138414939702297,0.366144475120498],[30.136083072911656,0.366382420319308],[30.132628094568265,0.367733956932004],[30.131501058551013,0.369088705356736],[30.127835614392755,0.368073025184388],[30.124104102939125,0.368283015877527],[30.12149917319466,0.36997381234505],[30.118195279059243,0.368070831671711],[30.11845639003612,0.369503461181765],[30.11655777219126,0.371634701149896],[30.1151900443523,0.370206929781628],[30.10898123035932,0.373282908824036],[30.100296133290474,0.374214312349313],[30.089994922576434,0.380918148714494],[30.085564833768803,0.382140990958201],[30.075289558321387,0.388140511896894],[30.066564612296453,0.390873747665802],[30.06777932364575,0.395358142358623],[30.069670265295727,0.395821780113699]]]}},{"type":"Feature","properties":{"n":"Bwesumbu","c":"406203","d":"Kasese","od":"Kasese","dc":"406","k":"BWESUMBU","a":["BWESUMBU"],"lat":0.436275,"lon":30.089067},"geometry":{"type":"Polygon","coordinates":[[[30.03373820726829,0.445937539820499],[30.036710193344838,0.447852526178649],[30.037951741078,0.4543195508035874],[30.040472542892918,0.45589299245930376],[30.04180608363138,0.456315621458056],[30.042981842278277,0.45745925449395713],[30.046712538968336,0.45978789197043163],[30.047135974540392,0.459478367343709],[30.047736698663645,0.46042715504822146],[30.04796415870316,0.46056913173955355],[30.05083576987851,0.460035440901741],[30.05449037906792,0.4646426875881457],[30.054663283221558,0.4647506114226061],[30.057852584641036,0.465728217799937],[30.058545197430206,0.466689256153906],[30.059111162921397,0.466359451366196],[30.062130282104107,0.46806529862814],[30.06340805049611,0.467936807993752],[30.064257549359425,0.466587774445873],[30.06580675374929,0.467009019945568],[30.066413317775048,0.47024251047823],[30.067929403404015,0.47303109820315964],[30.0682,0.4732],[30.070578205698094,0.47308519006974725],[30.071424007172382,0.472198524514272],[30.072920860410655,0.4729720963939684],[30.07412767151326,0.4729138365476358],[30.077287738851226,0.470981526411311],[30.079711984369112,0.471727323818693],[30.081246599976577,0.470303324533891],[30.082395550176898,0.470937628000928],[30.082994847255936,0.47248576599454106],[30.0972,0.4718],[30.10057875913018,0.47380835332912846],[30.10254612001583,0.473884296885361],[30.10339100875713,0.47547997024025096],[30.105062502399377,0.4764735154122175],[30.106666907745147,0.476786636545092],[30.108365127285918,0.47843661412100097],[30.1115,0.4803],[30.111719944878534,0.480319874537217],[30.112314631216094,0.47916046125595],[30.114859060332893,0.479555661476984],[30.115620483883,0.477490330404935],[30.11850450112898,0.479185696188924],[30.121942229546917,0.478559771198262],[30.125175895192868,0.480115659286001],[30.12538358154305,0.4815545405008782],[30.1281,0.4818],[30.1397,0.4574],[30.146340711614027,0.4538611997319997],[30.14824567501796,0.452107367628395],[30.150368979869032,0.4517145567803194],[30.151733073895734,0.4509876382529311],[30.15218462567181,0.450263034918916],[30.152912929180484,0.45035889958145225],[30.1549,0.4493],[30.155867739140778,0.4475711177147905],[30.15611024666043,0.446907718120023],[30.15652894917973,0.4463898548362164],[30.1593942756915,0.44127090073091146],[30.159146840628424,0.440876448599934],[30.153921318776934,0.438878299067808],[30.152569195699773,0.436525443365675],[30.149463734344568,0.437002447269397],[30.14953095875133,0.436024919465698],[30.146728762581546,0.43497508033169],[30.14511533736824,0.431725343477327],[30.146612840106645,0.429918050304618],[30.14625361221877,0.428695260955598],[30.14379683532901,0.427844583490989],[30.14237509340806,0.425964830557018],[30.141548168042387,0.425941596875647],[30.141306910756512,0.418723732851077],[30.137409394481338,0.418423843395377],[30.136638411193335,0.416981968493824],[30.13348324808394,0.415175959237209],[30.128008806999134,0.41639033711771717],[30.127399881240255,0.41661968680973466],[30.126452506808683,0.418188941653293],[30.126090299179953,0.41828930436330697],[30.12582447470988,0.418667093313409],[30.123490105965526,0.41901004533761],[30.122303579601724,0.420711530760618],[30.11800473651498,0.418092772443156],[30.11428565167929,0.417079091564632],[30.11300743278691,0.4156798512985728],[30.1129451212445,0.41566484639412843],[30.110134882205195,0.4149901367175],[30.109533428105365,0.416091056063535],[30.106292664506746,0.413216533109489],[30.091804135931756,0.4148365574064778],[30.087056828699097,0.415367402728753],[30.08705677464219,0.4153673801602085],[30.087056041414606,0.415367462145518],[30.083842471873265,0.4140254481122],[30.080703965655655,0.410796524183321],[30.080116698492454,0.40728325306743934],[30.080077778499824,0.407050841562842],[30.078347478731292,0.406907917942356],[30.07758185217989,0.40090093885688466],[30.070957002824386,0.397571707627749],[30.070956891224846,0.3975715558102518],[30.07095600805358,0.397571112006579],[30.069670403393754,0.39582196800453806],[30.06945291832498,0.39576848906604023],[30.06777932364575,0.395358142358623],[30.066581107632917,0.39093464410786055],[30.066564602571404,0.390873754451778],[30.054722061159737,0.403195448870696],[30.051485849770753,0.412142491789816],[30.044442750802748,0.426037907339604],[30.038161008503383,0.429083985481023],[30.027194449731912,0.43734930526488053],[30.029,0.4381],[30.029750713302388,0.43949667591141584],[30.032423292111943,0.44175584716106],[30.03373820726829,0.445937539820499]]]}},{"type":"Feature","properties":{"n":"Hima Town Council","c":"406204","d":"Kasese","od":"Kasese","dc":"406","k":"HIMATOWNCOUNCIL","a":["HIMA","HIMATOWNCOUNCIL"],"lat":0.282976,"lon":30.17551},"geometry":{"type":"Polygon","coordinates":[[[30.151076885087477,0.272220850335697],[30.150004381802862,0.288765849305264],[30.153137231978345,0.28834923459414],[30.15539249015914,0.298012878355182],[30.155376606912228,0.301287746625078],[30.153235173657343,0.309794337031464],[30.15397875586583,0.312054821098001],[30.154633977103618,0.312597613392287],[30.155582514093286,0.31150038943036],[30.15721996893788,0.311881692040616],[30.158856055046098,0.309949344695818],[30.160840593029405,0.30908582388554],[30.166957593141284,0.313773548662407],[30.175249301702642,0.316109184855945],[30.177754201377915,0.318386057162627],[30.184261741000935,0.320874884535378],[30.1992644360887,0.317821415902634],[30.19928483224591,0.315398593086169],[30.205715084903822,0.315564015933248],[30.20715414619813,0.316675420195679],[30.20563735013314,0.31217077729962],[30.201817588915876,0.30689591168522],[30.193965055395722,0.302226804004811],[30.190880421065895,0.302058012887774],[30.19479591232583,0.297093580156077],[30.194829337598843,0.294314421410166],[30.197328008307604,0.293884978882096],[30.197363986813055,0.291814080539671],[30.202632977939007,0.277602725908526],[30.192198926386105,0.270012765411372],[30.192674799821393,0.268447090748087],[30.196978980599546,0.262742783727715],[30.199525278564497,0.261362386333868],[30.204098748437808,0.255208859317682],[30.206196897920897,0.253694193182446],[30.207284657397842,0.24994917793416],[30.209537764639826,0.247231602582207],[30.20912521268446,0.246237352734213],[30.207547733047228,0.247276081050483],[30.206597044505784,0.246980934326597],[30.205649231461624,0.248610981466506],[30.205347822241293,0.247754265715977],[30.203448054858075,0.249032382605782],[30.203206303901673,0.248438353133559],[30.200695984622936,0.248581796635087],[30.200203233916355,0.250407031223911],[30.19611377486515,0.253989649769357],[30.193800778258982,0.25437590173546],[30.19314275887163,0.255960518586823],[30.187361201368347,0.257673727153136],[30.18486352264393,0.25737402386033],[30.184232984852546,0.25827350749391],[30.18327879520766,0.257473962342857],[30.18220662402323,0.258399711685616],[30.18167979625692,0.256917165403752],[30.17448431188293,0.255104019088658],[30.17164109560131,0.256518052823567],[30.169887197867695,0.256503138821581],[30.170229991526202,0.257427289452365],[30.16855790132897,0.258172417441687],[30.16764573567039,0.257088488320216],[30.165760218505664,0.257344625121954],[30.16571836924688,0.256074833968661],[30.1639052234111,0.255061186974112],[30.1621649626738,0.25541894565181],[30.16132252426407,0.253957992030475],[30.158004202007362,0.25191390914957],[30.15430214417881,0.251719710337671],[30.151009160902397,0.250242080585028],[30.14889038681448,0.252622124373836],[30.14999654914741,0.260332799874848],[30.1481684362013,0.262272933957632],[30.149462784048126,0.263961935466446],[30.151076885087477,0.272220850335697]]]}},{"type":"Feature","properties":{"n":"Ibanda-Kyanya Town Council","c":"406205","d":"Kasese","od":"Kasese","dc":"406","k":"IBANDAKYANYATOWNCOUNCIL","a":["IBANDA","IBANDAKYANYA","IBANDAKYANYATOWNCOUNCIL","KYANYA"],"lat":0.344337,"lon":30.051592},"geometry":{"type":"Polygon","coordinates":[[[30.021820278126263,0.358230073576003],[30.02377143304473,0.356968962643816],[30.02422320022476,0.354780399921658],[30.02843696472373,0.349830723974092],[30.03052902531148,0.35087757526496],[30.02964752229159,0.354506943464191],[30.030499355810207,0.356136407538981],[30.0315938317767,0.357635352551028],[30.03330682134296,0.357469442913835],[30.034068470535022,0.358420573684683],[30.03766187023694,0.357754619636413],[30.039954103276134,0.360096702082458],[30.041605743819446,0.358820883245737],[30.044721085832947,0.358222910245182],[30.053291391004855,0.357475559416824],[30.05706019803841,0.358447481908605],[30.060078626382005,0.362250332596295],[30.053380710863042,0.36487243576097],[30.050739371532824,0.369351770340108],[30.05234549726046,0.372849709883477],[30.056172693281113,0.374835267724871],[30.05896525096029,0.369364378340788],[30.061393030987926,0.368609599979172],[30.063733124143017,0.366077857275846],[30.06940565998198,0.362680506123366],[30.071967320355864,0.358238235868762],[30.075585375347273,0.357284207015515],[30.081753532421242,0.349776860069793],[30.083347273559564,0.346374217724718],[30.08404737589141,0.342300388542395],[30.08268988787614,0.338418443231373],[30.083625571402457,0.337474534747392],[30.084496759725965,0.333202699932561],[30.08717321849831,0.327267035793219],[30.084720341326967,0.327609607758844],[30.08487810821581,0.326844540858373],[30.087995324707826,0.322709662735691],[30.088934807218752,0.319854915842394],[30.09142167949071,0.318075781509013],[30.091397970797217,0.31797745558393864],[30.090764114660622,0.31535011606135127],[30.089103055528025,0.3139894783752843],[30.088644352604888,0.313613842198257],[30.088644098366988,0.3136103370166868],[30.088411770883475,0.31202703151399125],[30.087169625298397,0.3121509261770937],[30.086744933604596,0.3122359822135177],[30.08612928162114,0.312825818026048],[30.08636101412709,0.3131203570258399],[30.087218519586816,0.314209169367001],[30.087218152522453,0.3142098057616631],[30.087218668872296,0.314210462057878],[30.086175749870062,0.316021466129185],[30.083568201216547,0.31579174051514],[30.083568045952752,0.31579147382892914],[30.08356779596078,0.315791451878885],[30.083456271492416,0.3155994863338381],[30.083146854131655,0.31506802088232866],[30.083040447551937,0.3155398835532933],[30.082711481705257,0.317001767989623],[30.082710807964304,0.3170016786480279],[30.082710681383247,0.317002239974928],[30.080449063548368,0.3167019401361105],[30.07997831153007,0.3171467123458199],[30.07939985588394,0.31769368616692384],[30.0798098365244,0.318711340489674],[30.07980901016385,0.31871109010342585],[30.07980904164897,0.318711168271775],[30.079647147940875,0.3186620460455065],[30.078644689010652,0.318358302201318],[30.07591471175773,0.319761946244859],[30.074107398431085,0.3227493675040475],[30.072834542788314,0.324853448541368],[30.07283445893015,0.3248534888374612],[30.072834189077675,0.324853934893496],[30.07102081792227,0.325725191614601],[30.07100711958991,0.3257495675775057],[30.070288928431125,0.327036965271405],[30.070284500376474,0.32703545688730956],[30.07028365348671,0.327036963914067],[30.068148946051785,0.3263079960877301],[30.06810272706887,0.326292251932744],[30.066707061316773,0.32907998061390026],[30.066701316359435,0.32993595256323294],[30.066689726257074,0.331685829105688],[30.064946587651406,0.332989825182388],[30.064946102201617,0.3329899368733069],[30.064946006000685,0.332990008860954],[30.0588976560152,0.33438161118207943],[30.058875505522597,0.335531047778761],[30.05793000592779,0.33553653360968044],[30.053935155132457,0.335560039450165],[30.053934791191015,0.33555971402419676],[30.053934159443518,0.335559717689624],[30.04909315480489,0.33123051288032745],[30.046256932041853,0.32983410778849026],[30.04452221677181,0.3318374975791682],[30.04404603298654,0.332388922771067],[30.04404531050644,0.3323882675871638],[30.04404457484275,0.332389117191218],[30.04325714593175,0.33167548715667233],[30.040291945588216,0.33197339340394577],[30.03852409787182,0.332151182876369],[30.0326704394701,0.3305093787743569],[30.02693632241714,0.3320083726122007],[30.020368840956035,0.341692840281547],[30.018084521927115,0.348545671970981],[30.014784902511497,0.35451441099334235],[30.014348779120606,0.355303344212106],[30.01703756515149,0.357968333608787],[30.021820278126263,0.358230073576003]]]}},{"type":"Feature","properties":{"n":"Kabatunda-Kirabaho Town Counci","c":"406206","d":"Kasese","od":"Kasese","dc":"406","k":"KABATUNDAKIRABAHOTOWNCOUNCI","a":["KABATUNDA","KABATUNDAKIRABAHOTOWNCOUNCI","KIRABAHOTOWNCOUNCI"],"lat":0.413693,"lon":30.156215},"geometry":{"type":"Polygon","coordinates":[[[30.134782428134205,0.415761314538923],[30.13514124706793,0.4161249946463865],[30.136638411193335,0.416981968493824],[30.137409394481338,0.418423843395377],[30.13741070472842,0.4184239442106801],[30.141029605867814,0.418418593922078],[30.141049161639344,0.4187039006715561],[30.141306910756512,0.418723732851077],[30.141548168042387,0.425941596875647],[30.14235076645662,0.4259641470556261],[30.14237463795945,0.425964638655847],[30.1423747763947,0.42596482165006255],[30.14237509340806,0.425964830557018],[30.14379683532901,0.427844583490989],[30.144061142750182,0.4279361019222551],[30.146253436815044,0.428695069789388],[30.146253479417354,0.42869521497210844],[30.14625361221877,0.428695260955598],[30.146612840106645,0.429918050304618],[30.146612446639057,0.42991852516938384],[30.146612498167645,0.429918700771625],[30.146562255969346,0.4299790988514031],[30.14511533736824,0.431725343477327],[30.146670334509423,0.4348573953855629],[30.14953028727802,0.436024542600679],[30.149530278601517,0.4360246646484584],[30.14953095875133,0.436024919465698],[30.149463751993046,0.4370021906382501],[30.149918723836066,0.43693256014514326],[30.152569195699773,0.436525443365675],[30.153921318776934,0.438878299067808],[30.15908767320784,0.44085382399762324],[30.15914684639132,0.440876438420094],[30.160680272707683,0.4389734453873965],[30.162642839035705,0.43546728756542535],[30.163053075709453,0.434194240835112],[30.163551483490497,0.4338439789327037],[30.1638,0.4334],[30.169153729135815,0.42978623283332396],[30.169227578320662,0.428562969704742],[30.170602053538115,0.4288086138617711],[30.172430017175937,0.4275747384062414],[30.172767220012254,0.427275003274209],[30.173759260486285,0.425015864338114],[30.17560595467907,0.42543098059162754],[30.1758,0.4253],[30.17604618180208,0.4245488298859635],[30.176232521589245,0.42084791523485],[30.17771550628696,0.4194552500474673],[30.178629694240716,0.4166658047526859],[30.177899331036922,0.415201237346328],[30.17972026073462,0.4133381787841013],[30.183343306198196,0.4022832451901154],[30.182930788654662,0.401354939177972],[30.183330123530055,0.40074557259538235],[30.182894858401873,0.39952880871432833],[30.181385326900525,0.396923431177605],[30.181804359418315,0.3964803683739307],[30.18168409946721,0.39614418714697136],[30.180471910284005,0.395307040196385],[30.18105638260834,0.39438943320058556],[30.18075769006211,0.3935544517645346],[30.18032532204418,0.393142679847261],[30.180501329297755,0.3928378069005406],[30.179267312897316,0.3893881701447694],[30.17910780546571,0.389352726748241],[30.179217225124923,0.38924815205375557],[30.1792,0.3892],[30.179343756626285,0.3891272232079438],[30.18052943210261,0.387994047948704],[30.180491812054395,0.386814220490706],[30.177874413380163,0.386804704993566],[30.176046989518145,0.388137201565693],[30.173420175885155,0.392155256080241],[30.172995132314334,0.394206193702563],[30.174101663024683,0.3971278664221],[30.173462694419353,0.398796778289698],[30.174343034263135,0.401039011848142],[30.172080198615,0.404460735206937],[30.17179661205118,0.406393071964712],[30.166388634526914,0.40846770654676],[30.163500597864793,0.411680997175616],[30.158078110545635,0.412487344744642],[30.155939983033168,0.410551367551271],[30.152208989287384,0.410513298287137],[30.146372718409605,0.413448540192872],[30.145986778476736,0.410568902480555],[30.142874361875332,0.407492175661347],[30.14092544533496,0.407649232068485],[30.136228693068173,0.412747662215632],[30.132235796488544,0.413937538853673],[30.1312110164178,0.415542925501447],[30.13348232356723,0.41517616431981547],[30.13348324808394,0.415175959237209],[30.133487480237573,0.4151783817137555],[30.134782428134205,0.415761314538923]]]}},{"type":"Feature","properties":{"n":"Kahokya","c":"406207","d":"Kasese","od":"Kasese","dc":"406","k":"KAHOKYA","a":["KAHOKYA"],"lat":0.045324,"lon":29.968312},"geometry":{"type":"Polygon","coordinates":[[[29.9437579829202,0.05681617891230445],[29.943758490169238,0.056816918936661],[29.943330336796684,0.05911213823469927],[29.943130365362457,0.060185750862947265],[29.9452627978991,0.06460283093111484],[29.950951942507594,0.06840351437903988],[29.95501195242716,0.071115657900448],[29.95501195951992,0.07111584470616686],[29.9550120604,0.0711159121],[29.955250096793154,0.07737921235112982],[29.95666460308209,0.07830283711894706],[29.9567549888,0.0783617805],[29.956754988536805,0.07836185576402464],[29.956755141877355,0.078361955890218],[29.956749955476827,0.0800159104252968],[29.9583424515,0.0805147621],[29.95834246082766,0.08051506351600303],[29.958343432749416,0.080515368036639],[29.958432692729957,0.083429891356735],[29.95847166276175,0.08347597669177077],[29.961246619686086,0.08673379241040995],[29.96332259695965,0.08494706413776],[29.963322902152377,0.08494701356247934],[29.9633230097,0.0849469185],[29.96452391431734,0.0847479867771856],[29.96727260583249,0.08429248494965781],[29.9698300769,0.0807296955],[29.96983016637779,0.08072969549495873],[29.969830289367504,0.080729524156461],[29.97186412631394,0.08072958089945168],[29.973060109803342,0.08072951351644578],[29.9783462830669,0.076809787804751],[29.978731111774366,0.0768203378847524],[29.9790063399,0.0766306059],[29.9788827428,0.0742410717],[29.9800569309,0.0711003346],[29.9839745533,0.0681116606],[29.9826153079,0.0640368408],[29.9837746037,0.0615299105],[29.9852786962,0.0611914921],[29.9856480863,0.0597009538],[29.989938399,0.0594724677],[29.9946115009,0.06073022],[29.9972163005,0.0557409105],[29.9962577118,0.0521553139],[29.9973536041,0.0492598636],[29.9963267029,0.0463641734],[29.9964749833,0.0442845044],[29.989314995,0.0414920806],[29.9870463265,0.0417237896],[29.9856639284,0.0399775237],[29.9927720153,0.028883873],[29.9865271604,0.0277834374],[29.9798040428,0.0208235178],[29.975987741,0.0194433154],[29.9765817344,0.0120690646],[29.9796324462,0.0085090574],[29.9779196095,0.0075894435],[29.977919568841745,0.0075893510404297536],[29.97791943026839,0.007589276636439],[29.977919010856468,0.007588082144880938],[29.97656169408687,0.0045014537406495424],[29.976434988655182,0.0044156731910887925],[29.967917174372555,0.0040253400237190455],[29.96532732816256,0.005105134942826],[29.9653271585329,0.005105338737712551],[29.9620721903,0.0093786079],[29.961457491106813,0.009754398624503783],[29.961263301906392,0.009987699609502],[29.960695283022623,0.010220367559154269],[29.9597211663,0.0108158849],[29.958777111520575,0.011006075646010888],[29.957893880738585,0.011367858503919],[29.957121472940877,0.011339623172552285],[29.9566594457,0.0114327039],[29.9496495303,0.011148365],[29.9491736396,0.0148365243],[29.9503870781,0.0165743476],[29.9503395763,0.0194764718],[29.9511724487,0.0221415705],[29.9540038769,0.0246879152],[29.9542417908,0.0258772007],[29.9525052409,0.029017532],[29.94991316,0.0310391797],[29.9468416756,0.0311359141],[29.9417259265,0.0376317642],[29.9409296717,0.0392242231],[29.9395946578,0.0507422948],[29.9437580079,0.0568160448],[29.9437579829202,0.05681617891230445]]]}},{"type":"Feature","properties":{"n":"Karusandara","c":"406208","d":"Kasese","od":"Kasese","dc":"406","k":"KARUSANDARA","a":["KARUSANDARA"],"lat":0.182339,"lon":30.215778},"geometry":{"type":"Polygon","coordinates":[[[30.120146279247017,0.2609720492400584],[30.120623054164707,0.2611674054128306],[30.121581279612805,0.258146116505048],[30.125198568564894,0.254487236405186],[30.128483934955767,0.252684408104028],[30.13575795684443,0.246448415584983],[30.137654720128815,0.246037089169703],[30.146686185034376,0.247286104176266],[30.150393664169908,0.250131280799021],[30.15091804517532,0.25034443195015477],[30.151009160902397,0.250242080585028],[30.15430214417881,0.251719710337671],[30.156134406866435,0.2518158253238495],[30.158003429709453,0.251913754995252],[30.158003631397712,0.2519138792171051],[30.158004202007362,0.25191390914957],[30.16132252426407,0.253957992030475],[30.16132254849793,0.25395803405675227],[30.161322636222813,0.2539580880874],[30.16137014711618,0.25404057940712854],[30.16216440945308,0.25541798625845297],[30.1633070748374,0.25518415294019176],[30.1639052234111,0.255061186974112],[30.164882528001627,0.2556075533178433],[30.1657167358783,0.256073283626334],[30.165716758597444,0.25607393352815216],[30.16571836924688,0.256074833968661],[30.165744389249337,0.25686433346974546],[30.16576117465364,0.25734449523468],[30.16764573567039,0.257088488320216],[30.16828400922714,0.2578469506555563],[30.16855835893472,0.2581722135203595],[30.170228653327104,0.2574278857895749],[30.170144979732218,0.25719810288171413],[30.169887197867695,0.256503138821581],[30.169891928817023,0.2565031790504873],[30.169891537817474,0.256502105294625],[30.171642331347968,0.25651743824230094],[30.17448431188293,0.255104019088658],[30.17736347642243,0.2558295222381348],[30.18167841030522,0.256916667752354],[30.181678468452727,0.2569168308184552],[30.18167979625692,0.256917165403752],[30.182027456930843,0.2578955174809157],[30.182207100208565,0.2583993005308788],[30.183081210707975,0.2576445635708882],[30.18327582597511,0.257475757616108],[30.183276279403685,0.25747613457422136],[30.18327879520766,0.257473962342857],[30.183926733213536,0.2580168897300464],[30.18423387740673,0.2582722342349693],[30.18486352264393,0.25737402386033],[30.18486523719204,0.25737422959364115],[30.184865506029826,0.257373845811953],[30.187316974762698,0.25766842028191494],[30.187361201368347,0.257673727153136],[30.19314275887163,0.255960518586823],[30.193800778258982,0.25437590173546],[30.19611377486515,0.253989649769357],[30.200201231394527,0.25040878555663654],[30.200310732576103,0.250008837432601],[30.200695984622936,0.248581796635087],[30.203081944041934,0.24844545924706476],[30.203203659030972,0.24843843958257],[30.203203684619112,0.24843850280338992],[30.203206303901673,0.248438353133559],[30.203447525699964,0.24903108236060828],[30.20384993098883,0.248762010203948],[30.205347822241293,0.247754265715977],[30.205649013005566,0.24861036053411914],[30.205816620905843,0.2483231054064763],[30.206597044505784,0.246980934326597],[30.206600283858304,0.24698194000221174],[30.20832756740499,0.24676258090107536],[30.20912521268446,0.246237352734213],[30.20929231188214,0.24664006165301078],[30.210191474891143,0.246525871027037],[30.210734437670226,0.24448768826391],[30.21287113485301,0.243599871952693],[30.212699881771147,0.241851373111206],[30.213726488854405,0.241792507848058],[30.214181765265046,0.240789098105426],[30.218614181672883,0.241635724262233],[30.219553053930223,0.24052022235929],[30.220552297691327,0.240918843792871],[30.221779656847474,0.24023141071268],[30.22234734931571,0.242985000449017],[30.22627976356839,0.2455680573362],[30.23236522431957,0.24437873970111],[30.245203917573306,0.245399889978396],[30.25061875397492,0.245202795411798],[30.288926482665076,0.239449028551482],[30.289006548726853,0.233698206951993],[30.290684525349064,0.2253798928171289],[30.2907,0.2252],[30.29062151119238,0.22495600218500342],[30.28790347562468,0.218710892872656],[30.288063091199973,0.21700265307817204],[30.286467685108573,0.21204302109838832],[30.267175617229597,0.184931416111949],[30.266838977162546,0.1840333425036553],[30.2666,0.1837],[30.266614347861278,0.18343408630433244],[30.265793249095356,0.18124359502402],[30.265698096980504,0.176191497926472],[30.267167123107726,0.17318931840352667],[30.267383536062578,0.16917846497359285],[30.266963656804695,0.162791592877469],[30.267945197696797,0.15876900268604832],[30.268062830508747,0.15658887457122544],[30.2676402444246,0.155325810436638],[30.265047102589076,0.154040624239736],[30.26633562006644,0.150517957219234],[30.266335798954437,0.148087131101483],[30.2651581301092,0.145005860382239],[30.263779578521884,0.134684601084748],[30.263806504067368,0.1346091839482242],[30.26599327225783,0.10407542069622705],[30.24206891894702,0.105247276695249],[30.216013723872546,0.123093328701981],[30.1978109482381,0.14272378414007],[30.184604730092605,0.164495999202758],[30.16747270460057,0.179843502135662],[30.154127381935435,0.1955552217099],[30.154691258171734,0.195819307671429],[30.152648243228427,0.199402675656233],[30.14995980556349,0.200079163247689],[30.150532321529298,0.20612247980804],[30.1495277928839,0.207400233800802],[30.14997335513136,0.208376265331639],[30.147473015511327,0.215994410484693],[30.14652389580703,0.215942418269524],[30.144542168241756,0.21783125022455],[30.144460252796474,0.219658663078366],[30.14286010964905,0.220889746619342],[30.140137456000815,0.225635535374784],[30.137540992824817,0.227164734438702],[30.134277986208435,0.231076023870178],[30.132518107255684,0.231399727348915],[30.130675196886926,0.23485225356316],[30.127521311270613,0.237549819783338],[30.12515227707,0.238423615218544],[30.120445275707766,0.244187232856261],[30.120024355393014,0.246570747684712],[30.116814662893322,0.251956801271199],[30.116814758616883,0.2519577191496064],[30.117615634271157,0.2588566596587273],[30.120146279247017,0.2609720492400584]]]}},{"type":"Feature","properties":{"n":"Kilembe","c":"406209","d":"Kasese","od":"Kasese","dc":"406","k":"KILEMBE","a":["KILEMBE"],"lat":0.251206,"lon":29.914795},"geometry":{"type":"Polygon","coordinates":[[[29.88327359866178,0.32548155664106826],[29.895946725626523,0.31853610468160637],[29.89594680283411,0.3185360546395824],[29.91200812675213,0.308125908181419],[29.92985389229347,0.293849301356269],[29.953946130667884,0.2804646930781654],[29.976847783043045,0.2647012070638946],[29.98487890030521,0.255777902139844],[29.98996116147939,0.24663334140654142],[29.99232734639927,0.24237581957612],[29.991440217427474,0.241112547807125],[29.989060219748787,0.240826545122946],[29.984183371393858,0.236782346468409],[29.981219694529095,0.232516445184439],[29.98877547155066,0.226429331559565],[29.991359484326207,0.22611750244105],[29.99383758611954,0.223904239548015],[29.990708336436395,0.221652818002922],[29.991354935861107,0.219180630664648],[29.99302493698719,0.218916923675022],[29.99349576079455,0.217097023450488],[29.99650613377336,0.215247906436238],[30.002296110114514,0.213378491248861],[30.003943065142714,0.210370892336682],[30.006524184900734,0.210263569802428],[30.0069455512172,0.209386536060797],[30.00696005924125,0.207605019933355],[30.002552658305767,0.205932593971784],[29.999561590849346,0.206112865211709],[30.00297633650478,0.198862886825637],[30.002105607844026,0.197172212379541],[30.002904921148314,0.194765588413076],[30.002425578608108,0.192098416982671],[30.0043876610606,0.189579134667083],[30.009333829732565,0.188651363049652],[30.008891328911144,0.187559453120428],[30.010197572024424,0.185367707422908],[30.010740089644386,0.181520119742395],[30.01018207134121,0.180307022904885],[30.01478018121493,0.179986316401086],[30.015903288980834,0.178458741634278],[30.01947905451017,0.179850259206019],[30.020055042364305,0.1775398690089],[30.021179031047332,0.176992981458989],[30.024016406433194,0.177813857563413],[30.026079844728642,0.177486389884691],[30.026246346014798,0.178858454240247],[30.026942481779496,0.179083786544406],[30.031003526218445,0.178925764911744],[30.026444222274662,0.172446938104559],[30.024138681879847,0.173757360710644],[30.01962743430621,0.171713557394349],[30.01772942512873,0.174170204085116],[30.013724457805807,0.172466091604238],[30.01221850550276,0.174714495216106],[30.009919698770236,0.173965148147435],[30.005781670982728,0.174645584945307],[30.004709256052635,0.173824704475597],[30.00179923675469,0.1764405812335],[30.00179790592418,0.176438749185624],[30.001795648439952,0.176441006834758],[29.998992343996033,0.17257675159886235],[29.994246917340725,0.17311257638890054],[29.993995463370478,0.173140971708463],[29.988778120672887,0.175192366171738],[29.987751512324927,0.173285371771508],[29.987866649144266,0.17194401157576786],[29.987919549292016,0.17132065868302732],[29.98430894104725,0.17208602010709512],[29.984086366903345,0.172133316299551],[29.984086162865527,0.17213324368131214],[29.984085820287493,0.172133316299551],[29.983907914579564,0.17206980408571793],[29.98114470031508,0.171086360152274],[29.98002134665731,0.1727016629701972],[29.979743967207277,0.17340187724833322],[29.979678985526114,0.17585315423246037],[29.979680877061124,0.17586539549809],[29.977094369065956,0.17633112796167213],[29.97669601708365,0.1764033035979834],[29.97705638231618,0.177355319621267],[29.976171223375104,0.17962056635141],[29.97423906001321,0.1824286083342194],[29.974106159274786,0.185121123286849],[29.974105915517722,0.18512156301198587],[29.9741059059487,0.185121756599813],[29.972709601292625,0.187640495800767],[29.97253325230647,0.1877145549083159],[29.97172955293142,0.18805219439958212],[29.971703105246338,0.19013596983731312],[29.971700767084144,0.190324002609159],[29.971700718102323,0.19032404951423043],[29.971700711995673,0.190324530648464],[29.9703491792095,0.191618955308559],[29.968921143000774,0.19181051703573215],[29.968660978345238,0.19265543579065392],[29.968083929753355,0.194531417690926],[29.96490475522666,0.1982632996414496],[29.96488095114478,0.19836963224150161],[29.964098333293496,0.201903210087919],[29.961914858653056,0.19993272357621947],[29.961836648603388,0.199862414171503],[29.96183664440545,0.19986213877661976],[29.96183621098915,0.19986174763813],[29.961814352755432,0.19839975204451538],[29.96180769808991,0.19796318971931373],[29.959408643634934,0.192466640445872],[29.957767328994542,0.192723361799358],[29.945518372998098,0.18489225060115308],[29.944302996507304,0.18411524958311862],[29.942398507646388,0.183638771562203],[29.942398365885623,0.18363864173385597],[29.942398271654852,0.18363861816795],[29.939573164908804,0.18105128940596524],[29.93557905699658,0.179967819680148],[29.93370039091868,0.177395464939464],[29.931733119845415,0.17792125655034],[29.931732160246735,0.17792080673696595],[29.931731848251104,0.177920890066783],[29.92882517019007,0.17655815062280691],[29.92861165165334,0.176458063476346],[29.921405070665774,0.17187565553236311],[29.917120529315106,0.169151279213427],[29.917120478173683,0.1691512359072523],[29.91711916777323,0.169150402670318],[29.917114767788785,0.16914640039599316],[29.910987717265566,0.163958059799011],[29.90666329632244,0.16675719651383947],[29.898117928285227,0.17228851926293],[29.889194663886887,0.174965620173229],[29.87610801403545,0.18329348705002],[29.860046449957608,0.200842110170535],[29.837442084043868,0.209170069497912],[29.833590071528878,0.21289118042120056],[29.833397302321817,0.213077415086204],[29.86194989814201,0.337167904671203],[29.88327359866178,0.32548155664106826]]]}},{"type":"Feature","properties":{"n":"Kitswamba","c":"406210","d":"Kasese","od":"Kasese","dc":"406","k":"KITSWAMBA","a":["KITSWAMBA"],"lat":0.298516,"lon":30.243335},"geometry":{"type":"MultiPolygon","coordinates":[[[[30.193589658328296,0.3022062622862252],[30.193965055395722,0.302226804004811],[30.199628135111592,0.3055940648930677],[30.200394761345038,0.305622027667727],[30.201373640281275,0.3066319403218112],[30.201817588915876,0.30689591168522],[30.202373232897628,0.3076632233485644],[30.204035717031406,0.309378413758495],[30.2046411335082,0.31079506072455393],[30.20563735013314,0.31217077729962],[30.20715410762281,0.31667530563312263],[30.207154161384558,0.316675431433164],[30.20831752169582,0.317745701635416],[30.210978086337253,0.319891576947598],[30.22058116332265,0.322620965233648],[30.22454952597589,0.327812218325296],[30.22923769328381,0.3307941173511],[30.227234714226523,0.332286276241854],[30.221952109504656,0.332857556399478],[30.21683627043686,0.33952004598742],[30.212243911792218,0.352578522308155],[30.21287139614689,0.353131557159701],[30.21243576387522,0.354272861663463],[30.216977192734262,0.355974208243588],[30.21835271614199,0.357403699057222],[30.21975152725832,0.355543269709182],[30.22146047849469,0.35561599729077875],[30.236285372520477,0.34536597290576415],[30.23695987774023,0.344470875993995],[30.23762192518589,0.34444187203944215],[30.23905437471377,0.34345146748305766],[30.239387848106944,0.34236097786141],[30.241436577118474,0.340976045518151],[30.243784738959736,0.340708516444025],[30.243947561888188,0.34078350645074984],[30.245829273187194,0.3404811987338604],[30.24586604427302,0.340030386339497],[30.24794603763438,0.338617142034079],[30.249232464179247,0.33993445657448185],[30.249648599487458,0.33986760204955596],[30.251860639665964,0.337879124324392],[30.254617131804423,0.337834412147707],[30.255453667226018,0.338500012765538],[30.25612376922041,0.336161304944382],[30.257871089736668,0.337921759305227],[30.259479440793577,0.337476865539585],[30.259780983923527,0.3382397763532697],[30.262055064234513,0.33787443230330766],[30.262308321330476,0.337541313766317],[30.26311971507873,0.337703390036532],[30.263678476378118,0.3376136218277778],[30.263726416253895,0.336896803106433],[30.26601847219239,0.336872463312668],[30.26775600881495,0.334507211083524],[30.27156890588146,0.333253498793348],[30.273950091703906,0.335538226551601],[30.274246109883705,0.3364976299596531],[30.281633045766547,0.33906044444961864],[30.282898301626783,0.33942244095632007],[30.282896930566153,0.33935982918756774],[30.2820007352583,0.337766454678731],[30.282712562428667,0.336618765124153],[30.282213118152608,0.333512578375471],[30.282760337818015,0.33312209368931006],[30.2826,0.3258],[30.28262866847034,0.3257605479765908],[30.282628009000362,0.325758399684148],[30.282647393242108,0.3257347799420504],[30.28482326326914,0.32274046339109325],[30.284613268755116,0.321562674771483],[30.285566371286198,0.32171783767954454],[30.290563351406735,0.3148412595320148],[30.29075391424924,0.314364941704406],[30.290971331281966,0.3142798193367435],[30.2934980352758,0.3108027037489016],[30.29350108705104,0.31079321255937387],[30.293588381510805,0.31024815446913845],[30.293129051210425,0.307148970233133],[30.294031441400165,0.305930834866078],[30.292725746163473,0.304807187650632],[30.293163944907352,0.303982326543767],[30.292333014674362,0.303814960102069],[30.292926145728483,0.302357006325228],[30.291286132048224,0.302806749389197],[30.2918092545726,0.301256673087397],[30.290526097087003,0.299799047387863],[30.29286633808023,0.298927464994347],[30.293234480707458,0.297768701062703],[30.292498252482652,0.296933041542303],[30.293400646212223,0.296478301612706],[30.2931641623411,0.295546012335503],[30.294030292652067,0.296299599128881],[30.2946242540121,0.295798254534429],[30.29300889041472,0.294551107200432],[30.29582380267306,0.292823891181442],[30.294871545070365,0.293323686220663],[30.294065771647038,0.292488198378129],[30.294301564656273,0.290625830484203],[30.29549094002833,0.291126783486476],[30.294172247915544,0.289705963780576],[30.29621548259789,0.289872716677741],[30.297576226528964,0.28534843923377173],[30.2976,0.2852],[30.29756993035604,0.28503051655222716],[30.29718884230802,0.283540363595575],[30.29442702100407,0.280846873736989],[30.293795395649454,0.274882921810231],[30.292167593761615,0.271453195105501],[30.293426507486345,0.270879436947986],[30.2942815698971,0.26655853226847565],[30.293669740664473,0.26518191649506795],[30.29224894370985,0.264986876891867],[30.291631430329193,0.263074970725459],[30.28859080918078,0.262092935791713],[30.287889512768924,0.26102885949272],[30.28948025229349,0.257564490513119],[30.288255976781077,0.253130257552822],[30.288303086795423,0.25306411600320305],[30.289410337650683,0.24019232481080527],[30.28892648317796,0.239449040105255],[30.288170531805363,0.2395625713052127],[30.25061875397492,0.245202795411798],[30.245203917573306,0.245399889978396],[30.23236522431957,0.24437873970111],[30.229019498475765,0.24503261471746615],[30.226281430953417,0.245567884826378],[30.226281250982137,0.24556776664212232],[30.22627976356839,0.2455680573362],[30.22234734931571,0.242985000449017],[30.222320919291878,0.24285680173857413],[30.221778266127966,0.2402321896424579],[30.220552297691327,0.240918843792871],[30.220551775198082,0.24091863535823768],[30.220551354984377,0.240918871185321],[30.22045972875304,0.2408819159036794],[30.219553053930223,0.24052022235929],[30.218614181672883,0.241635724262233],[30.21860858211058,0.24163465470209344],[30.21407339857714,0.24102793365209782],[30.213726488854405,0.241792507848058],[30.213065001079904,0.24183043730768294],[30.21273559808334,0.24221603767555266],[30.21287113485301,0.243599871952693],[30.21286773543273,0.24360128444146142],[30.211393531055464,0.244684812148971],[30.21117348050722,0.24430526213673304],[30.21093595913797,0.24440395433681664],[30.210191760029172,0.246524942626514],[30.210191704920014,0.24652500754081935],[30.210191474891143,0.246525871027037],[30.210190911073827,0.24652594262990715],[30.20728461078391,0.2499493384199099],[30.206196897920897,0.253694193182446],[30.204098748437808,0.255208859317682],[30.199525278564497,0.261362386333868],[30.19697904052882,0.26274275123889645],[30.194098712198603,0.26655998753649907],[30.192674799821393,0.268447090748087],[30.19219894341203,0.2700127093942557],[30.192499801634604,0.2702316287396869],[30.202632977939007,0.277602725908526],[30.197572135740852,0.2912526678976078],[30.19736398657727,0.29181409411129555],[30.197328008307604,0.293884978882096],[30.194829570447794,0.2943143813907904],[30.19482046556703,0.295052090323168],[30.19479591232583,0.297093580156077],[30.194795259063522,0.29709440842424917],[30.19479525581973,0.297094671247359],[30.19399820031111,0.29810499542262514],[30.190880421065895,0.302058012887774],[30.190893435610636,0.30205872504335224],[30.193014655088945,0.301846642984087],[30.193589658328296,0.3022062622862252]]],[[[30.149403248441544,0.325142422756608],[30.150697927106616,0.326346667049402],[30.150122396874846,0.32922414241679],[30.15078119276107,0.332618711047176],[30.152540462770215,0.333458949443007],[30.15206233502138,0.33464720270969],[30.153474634644507,0.335368038435569],[30.154081184110517,0.336749369217381],[30.151593818374135,0.341006549096639],[30.152723784054515,0.344730865242431],[30.149950555331372,0.348464586289646],[30.150284432444526,0.350086225511508],[30.1494566030895,0.352542385810321],[30.15096636853361,0.355534823013873],[30.1474854614936,0.360424241999096],[30.147508718049764,0.3605299405679265],[30.147904226813896,0.360605086579565],[30.148414254382597,0.364644316988946],[30.148445298155952,0.3646754543980572],[30.153330516108603,0.369550034782007],[30.156442781778544,0.366304551230798],[30.15788043820124,0.363543945946631],[30.160414167237974,0.362894808617555],[30.160794880984376,0.361933511507198],[30.159750014532733,0.359012791401788],[30.163690092397363,0.357014606292999],[30.165441375730023,0.354620870091832],[30.16541984409389,0.352548082753886],[30.167587240858524,0.351798658822442],[30.17038793298305,0.348546511344087],[30.17605075222434,0.349211530388552],[30.17850039701628,0.346865479895928],[30.178992876905973,0.344545602930036],[30.177092642236488,0.340443891897067],[30.17456565970429,0.340572381488947],[30.17327196082756,0.341440425058386],[30.172172002434866,0.33873851732767],[30.172305283383473,0.333253409898335],[30.173321082423755,0.330527430171351],[30.178137660109524,0.331348403751784],[30.185430949023228,0.330483605532056],[30.185031238918857,0.32298835737855],[30.18470141071055,0.3207853994355862],[30.184261741000935,0.320874884535378],[30.178655706543285,0.31873084042361766],[30.178010708830662,0.31851431178669],[30.177948972570842,0.3184605479693616],[30.177754201377915,0.318386057162627],[30.175257698409194,0.3161168171890093],[30.1752487586543,0.3161090318882719],[30.17078552847947,0.31485181428839165],[30.166958008285643,0.313773750625598],[30.166957826304582,0.3137736143406247],[30.166957593141284,0.313773548662407],[30.166951349362662,0.31376876378171115],[30.16075054725167,0.3091250049965114],[30.160285451149914,0.3093273796378765],[30.15764674076547,0.311667073746455],[30.15737531120239,0.31169822051619456],[30.15721996893788,0.311881692040616],[30.15674344625004,0.3117707275487893],[30.155195225389665,0.3119483871894604],[30.154671720521147,0.31255395354288684],[30.15204132596704,0.318166563932877],[30.14666000873615,0.321419225276226],[30.147488056308877,0.324845642702817],[30.149403248441544,0.325142422756608]]]]}},{"type":"Feature","properties":{"n":"Kitswamba Town Council","c":"406211","d":"Kasese","od":"Kasese","dc":"406","k":"KITSWAMBATOWNCOUNCIL","a":["KITSWAMBA","KITSWAMBATOWNCOUNCIL"],"lat":0.371236,"lon":30.176779},"geometry":{"type":"Polygon","coordinates":[[[30.161905900630302,0.37637401779340307],[30.165151676253643,0.377982861330563],[30.165212915030803,0.379347816382491],[30.16766260451572,0.379793035857038],[30.16766268271142,0.3797933651368732],[30.167662857791015,0.379793396961015],[30.16875861279116,0.3835394893205022],[30.169235204844234,0.38409048171524174],[30.171306304457328,0.3853376851474476],[30.171729100878473,0.385494622299804],[30.17176362657416,0.3856130817098018],[30.17181420530762,0.385643539911602],[30.17188849623442,0.38604151583648066],[30.172645181322427,0.388637740685494],[30.172441643287307,0.38900472035476125],[30.172514688869985,0.38939602498073],[30.1730870750769,0.389167936220327],[30.173883030873885,0.3914472589259346],[30.176046989518145,0.388137201565693],[30.177874413380163,0.386804704993566],[30.180491812054395,0.386814220490706],[30.180498149277923,0.38701296639030924],[30.18191688006725,0.3871254841987],[30.184522439554556,0.3865055149755076],[30.190220216553175,0.3836210153699563],[30.190266238885545,0.383323217630471],[30.191343849859628,0.382155983578453],[30.19919185837063,0.378840221912715],[30.199380785385696,0.377526448056647],[30.2009586409131,0.376072389956496],[30.20022292825864,0.372922046277992],[30.19903762409665,0.373947716035752],[30.19594269562553,0.369020733534435],[30.18888114887197,0.367113472657496],[30.186080215957734,0.364595967550708],[30.182791678775512,0.363690665695218],[30.18409997506895,0.361273329978873],[30.18213911256244,0.361139976829053],[30.179723582183026,0.359695115786344],[30.180097170165034,0.356338407550407],[30.178008003547863,0.350217246227969],[30.17498484102839,0.3490863540029371],[30.17038793298305,0.348546511344087],[30.167587240858524,0.351798658822442],[30.16541984409389,0.352548082753886],[30.165441375730023,0.354620870091832],[30.163690092397363,0.357014606292999],[30.159750068755407,0.3590127639031075],[30.160085224781042,0.3599498061850992],[30.160794880984376,0.361933511507198],[30.160414167237974,0.362894808617555],[30.16015704791834,0.36296068217624305],[30.15788032946222,0.3635441547486127],[30.156442781778544,0.366304551230798],[30.156442501308348,0.3663048437062815],[30.156442418709894,0.366305002316258],[30.153330524801515,0.369550044829064],[30.160649395028784,0.3738139085601469],[30.1606498673386,0.373814149010078],[30.16064989118192,0.3738141976115026],[30.16064999376345,0.37381425737396],[30.161905900630302,0.37637401779340307]]]}},{"type":"Feature","properties":{"n":"Kyabarungira","c":"406212","d":"Kasese","od":"Kasese","dc":"406","k":"KYABARUNGIRA","a":["KYABARUNGIRA"],"lat":0.400046,"lon":30.15375},"geometry":{"type":"Polygon","coordinates":[[[30.131297360569587,0.41540766160205],[30.132235796488544,0.413937538853673],[30.13223598067499,0.41393748396641306],[30.132235996468875,0.41393745922817],[30.13223697664132,0.41393718717007927],[30.136147195812466,0.4127719482642925],[30.140925304295585,0.40764925062647],[30.14092543812319,0.407649239897026],[30.14092544533496,0.407649232068485],[30.142874361875332,0.407492175661347],[30.145986778476736,0.410568902480555],[30.14598678352115,0.4105689401187387],[30.145987017737973,0.410569171647403],[30.14604566347967,0.4110082648286658],[30.146372718409605,0.413448540192872],[30.15178014592514,0.41072897693437777],[30.152208473258714,0.410513404117817],[30.15220877280003,0.41051340716535145],[30.152208989287384,0.410513298287137],[30.155939983033168,0.410551367551271],[30.158077274363865,0.4124865876200896],[30.16147244955705,0.4119825916951264],[30.163500353637218,0.41168103349332386],[30.164367266263014,0.4107167235987407],[30.166388634526914,0.40846770654676],[30.166389387779855,0.4084674175802107],[30.16638965542219,0.408467119868374],[30.166395849142614,0.40846493884087387],[30.17158101592724,0.4064757799960358],[30.17208012724279,0.404460990456065],[30.172080169068522,0.4044609365343352],[30.172080198615,0.404460735206937],[30.17417508501671,0.40129297455200075],[30.173463460181853,0.3987987286937238],[30.173462694419353,0.398796778289698],[30.17346281434876,0.3987964650479984],[30.17346268736433,0.398796019967429],[30.174101602444622,0.39712770646711193],[30.172995132314334,0.394206193702563],[30.172995188144384,0.39420592430912166],[30.1729951814351,0.394205906595488],[30.17299520945092,0.3942058214999531],[30.173420175885155,0.392155256080241],[30.173883030873885,0.3914472589259346],[30.1730870750769,0.389167936220327],[30.173078711807303,0.3891712688788932],[30.171626844339997,0.3904738052264182],[30.171626601878003,0.390474242386097],[30.16826771632874,0.389866543071639],[30.168226359222608,0.3897917287580506],[30.167653423322594,0.389676758611103],[30.16705547814084,0.387673624455794],[30.16705506115275,0.3876728701313206],[30.16520696524803,0.387578176218536],[30.16520689669591,0.3875777861361081],[30.165203958479644,0.387577635303645],[30.165204919465936,0.38756653509578326],[30.16500930933498,0.3864534539155293],[30.164804215814936,0.3864170711981],[30.160387819612158,0.3883171155435393],[30.160387052347264,0.388317535810602],[30.160386867767244,0.3883175250510803],[30.16038678256743,0.388317561706176],[30.15771427713143,0.38816183146581],[30.157713939400264,0.38816171495566093],[30.15771309373958,0.388161665660486],[30.15608542415184,0.387600090492805],[30.15594987903646,0.3868754997312529],[30.155638194553244,0.3852117231892855],[30.152200867606485,0.387276844836337],[30.15152541266979,0.387682785013067],[30.151525240651857,0.38768275671814],[30.151524884558558,0.387682970656468],[30.146933564466487,0.38692756547211266],[30.144765766857113,0.3878045274527491],[30.143537031874157,0.38830162922871],[30.142323289944986,0.3878263706860552],[30.14168162718104,0.38962309392913724],[30.141261570708966,0.390800122290505],[30.140197310530677,0.391358767904156],[30.1388554401534,0.395077150845807],[30.13885520924731,0.3950774705760604],[30.13885518772381,0.39507753021353],[30.138792459927423,0.39516435808995226],[30.136661873268476,0.398114531546183],[30.134136357748357,0.398601579049825],[30.132794667224648,0.4028459899877984],[30.133013671091547,0.405938419868641],[30.13301358806314,0.40593859093627593],[30.13301359606479,0.405938703900465],[30.129225524624303,0.413743718807578],[30.129454749167547,0.41551133439263227],[30.13121100384198,0.415542923705308],[30.131297360569587,0.41540766160205]]]}},{"type":"Feature","properties":{"n":"Katwe - Kabatoro Town Council","c":"406213","d":"Kasese","od":"Kasese","dc":"406","k":"KATWEKABATOROTOWNCOUNCIL","a":["KABATORO","KATWE","KATWEKABATORO","KATWEKABATOROTOWNCOUNCIL"],"lat":-0.113801,"lon":29.963031},"geometry":{"type":"Polygon","coordinates":[[[29.857447761130892,-0.12523473767670412],[29.859624319555788,-0.120583308234614],[29.85962431678658,-0.12058227355986169],[29.859624328048717,-0.120582249486645],[29.859624316161643,-0.12058204006149582],[29.859609269890758,-0.11496022057594009],[29.860803969799115,-0.11246046794271414],[29.860804598428466,-0.11245942712305],[29.86233214168392,-0.1115771602420166],[29.86365821664429,-0.11115573536502037],[29.876569497563153,-0.11259672402601481],[29.876571419062135,-0.112596974720615],[29.87657149040246,-0.11259694644072803],[29.876572115226022,-0.112597016175379],[29.88166740351662,-0.110576972743204],[29.888113176278424,-0.113841734654556],[29.90656518322056,-0.104621177610814],[29.927623142866622,-0.101408913365597],[29.952607482322687,-0.086418310074331],[29.969025786646053,-0.068929299153782],[29.981827400633737,-0.06019166114533164],[29.98837140279126,-0.055725119238907],[29.99655857312556,-0.077665554798001],[30.017972585293336,-0.089443492219083],[30.043314557915522,-0.088730086314468],[30.08777278466875,-0.103149081778298],[30.08583862498875,-0.10756719486849255],[30.080128293338937,-0.11546088861970547],[30.080127706346143,-0.115461170929248],[30.070191481006315,-0.112033003866632],[30.06597725069062,-0.112330756102292],[30.06185858448155,-0.113760638150652],[30.054823361513222,-0.113660701357096],[30.052919799397365,-0.113375166001982],[30.052068948276894,-0.111572577919882],[30.03778443423233,-0.111451132929945],[30.03854843611495,-0.13316462706444002],[30.01973505532508,-0.13975270625800465],[30.01945004937198,-0.139828846642743],[30.008797555794256,-0.145210028169748],[30.005058534492925,-0.148627446517559],[30.002038220998738,-0.152374490897042],[30.002036083901515,-0.1529985053192982],[30.000666907196365,-0.15496407187760936],[29.994148290492205,-0.162282507007742],[29.991450257391563,-0.16819533601456962],[29.98907130134763,-0.17161052444573585],[29.987966198818004,-0.1719532447935328],[29.981350988927378,-0.1715822984445257],[29.97032570240855,-0.170168588946853],[29.960210225221218,-0.1327975046067],[29.94408830686647,-0.14455893479421],[29.924576729402997,-0.145748665100229],[29.909347767239183,-0.143845118989098],[29.89955861563664,-0.144237902338502],[29.896513216802497,-0.146210701662483],[29.894489558690832,-0.144188346792629],[29.890418788535396,-0.145621543209315],[29.887763506355334,-0.148376779134815],[29.88440846714357,-0.1468636927774],[29.882164567753545,-0.148424224565151],[29.876869340183564,-0.143589641215771],[29.86840525642311,-0.1397780015518],[29.86454481606858,-0.140360965649929],[29.863502865216315,-0.143079988740708],[29.864285115279326,-0.146875990529749],[29.86205477399159,-0.146285844593647],[29.860356715186082,-0.145236479442349],[29.858368986477366,-0.140397861931618],[29.853360279535732,-0.135955039941276],[29.85338796910603,-0.1358689754572647],[29.854279394700303,-0.133099438948204],[29.857238006395473,-0.131130389824275],[29.857279199746998,-0.12559504355173187],[29.857447761130892,-0.12523473767670412]]]}},{"type":"Feature","properties":{"n":"Lake Katwe","c":"406214","d":"Kasese","od":"Kasese","dc":"406","k":"LAKEKATWE","a":["LAKEKATWE"],"lat":-0.167468,"lon":29.860942},"geometry":{"type":"MultiPolygon","coordinates":[[[[29.980189067670615,0.021222104036759348],[29.9865271604,0.0277834374],[29.99232323602249,0.028804791467854866],[29.992772021,0.028883863],[29.9939736802,0.0278013787],[29.9944038561,0.0258593222],[29.996543604,0.0249459476],[29.9983002156,0.0229184086],[30.0036403826,0.020929629],[30.006184653,0.0185035827],[30.0093194471,0.024087384],[30.019435347,0.0134410901],[30.0235907972,0.0108363078],[30.0398564241,0.0163232438],[30.0397043061,0.0244091882],[30.1210599844,0.0243951652],[30.135229888,0.0218808783],[30.144763227,0.0190265521],[30.1407786393,0.010856824],[30.1387425265,0.0014384305],[30.13976602,-0.0107362459],[30.140505263,-0.0141549119],[30.1420926644,-0.0141870014],[30.1442332923,-0.016255732],[30.14673261,-0.0167568177],[30.1475171576,-0.0193254419],[30.1520863972,-0.0217536825],[30.1488745875,-0.0270348594],[30.1503731867,-0.0298914391],[30.1526574975,-0.0391715047],[30.1547275851,-0.0619425223],[30.156617129899626,-0.07257891267948867],[30.1561,-0.0725],[30.138,-0.0793],[30.13784037837775,-0.07941285350363166],[30.1340114258,-0.0809692599],[30.1254425658,-0.0863770326],[30.122722486709968,-0.09010129920505619],[30.106700932438677,-0.1014286401229731],[30.106591596310512,-0.10149687304577172],[30.0937,-0.0967],[30.093686799549243,-0.09671824768192673],[30.0936794618,-0.096714377],[30.0915367367,-0.0979065263],[30.0877727903,-0.1031490716],[30.07056105791096,-0.09756685711102117],[30.043314557915522,-0.088730086314468],[30.017972585293336,-0.089443492219083],[29.99655857312556,-0.077665554798001],[29.988604005629437,-0.05634846129403888],[29.98833218946102,-0.055619993407406594],[29.987635129930936,-0.05375129425524534],[29.98692606488211,-0.04330439441795368],[29.985017739488672,-0.015188146928935],[29.985017717083622,-0.015188048338724678],[29.9850177144,-0.0151880088],[29.9796325978,0.0085085054],[29.979632564624563,0.008508544116596645],[29.979632450538627,0.008509046135429],[29.979632234055416,0.008508929899410742],[29.97963222607314,0.008508939214933309],[29.9796324462,0.0085090574],[29.9765817344,0.0120690646],[29.975987741,0.0194433154],[29.9798040428,0.0208235178],[29.97980435450751,0.020823840486487517],[29.9798044617,0.0208238792],[29.980189067670615,0.021222104036759348]]],[[[30.0618585701,-0.1137606476],[30.0542571256,-0.1202267013],[30.0489441184,-0.1264955977],[30.0474476302,-0.1298934232],[30.046091767411543,-0.13052309949848556],[30.03854843611495,-0.13316462706443952],[30.037794069581032,-0.11172497661058771],[30.038196998131035,-0.11145464049193629],[30.052068948276894,-0.111572577919882],[30.052919799397365,-0.113375166001982],[30.054823361513222,-0.113660701357096],[30.06185823579533,-0.11376063319749234],[30.0618585701,-0.1137606476]]],[[[29.80769807289555,-0.13460250921750166],[29.842535987945045,-0.123475486065525],[29.84541878381145,-0.12545308563563998],[29.845374339655386,-0.12545356977838876],[29.84449569037849,-0.125452972459489],[29.844499159109137,-0.12546310336734368],[29.844496549,-0.1254631318],[29.84479960897946,-0.12634060878925493],[29.844865184718653,-0.126532131809803],[29.845711844203382,-0.126167331971546],[29.845594134647754,-0.12661001301281521],[29.8454554711,-0.1271246361],[29.845457423962973,-0.12712415333023466],[29.845456512305095,-0.127127581885002],[29.846195194469566,-0.126941809962803],[29.845892912139213,-0.1275970187838252],[29.8453818143,-0.1287030285],[29.845382450691126,-0.1287034640172764],[29.845380836759862,-0.128706962276669],[29.846200507799423,-0.12926330526807503],[29.8465557305494,-0.1295064036369323],[29.845563595168525,-0.131166703794046],[29.844692095598038,-0.130731082143573],[29.844695506489323,-0.13074084873441544],[29.8446914357,-0.1307388435],[29.845220911421954,-0.13224526930262345],[29.84543463298913,-0.132857229909681],[29.852952553699104,-0.13579567515991461],[29.853360269,-0.1359550477],[29.85336053673962,-0.13595526808620276],[29.858368986477366,-0.140397861931618],[29.860356715186082,-0.145236479442349],[29.861154747846562,-0.14572964708812644],[29.8612827961,-0.1459747502],[29.861798359596367,-0.1461273858113211],[29.86205477399159,-0.146285844593647],[29.864285115279326,-0.146875990529749],[29.86350286684104,-0.14307999662494986],[29.863502880128756,-0.14307994982594846],[29.864420292804194,-0.1406859153636998],[29.864950093567952,-0.14029976479971096],[29.86840525642311,-0.1397780015518],[29.87686913344595,-0.14358954811540667],[29.87739818145903,-0.14407247735284645],[29.882164567753545,-0.148424224565151],[29.882165103585915,-0.14842385191767327],[29.8821656259,-0.1484243287],[29.88391225933507,-0.14720878314194044],[29.88440846714357,-0.1468636927774],[29.887763506355334,-0.148376779134815],[29.888026117100384,-0.14810428283870788],[29.8884049443,-0.1482342179],[29.890418811192166,-0.14562153523254365],[29.891563215822277,-0.14521862459094825],[29.89448968517179,-0.144188473192134],[29.896513216802497,-0.146210701662483],[29.896514319471812,-0.1462099873569356],[29.8965150345,-0.1462107017],[29.89793445182972,-0.14529003029770513],[29.89955861563664,-0.144237902338502],[29.90934177751115,-0.14384535932304474],[29.909347767306947,-0.14384511899756824],[29.924576729402997,-0.145748665100229],[29.94408830686647,-0.14455893479421],[29.960210225221218,-0.1327975046067],[29.970278701507635,-0.16999494665596424],[29.9703256906,-0.1701685896],[29.9685801996,-0.1701714888],[29.967613188517937,-0.17081195449633288],[29.9674,-0.1708],[29.967181842381695,-0.17109764140171815],[29.9648438825,-0.1726461067],[29.96416436283234,-0.1752145127248734],[29.9550187326907,-0.18769227167780528],[29.94663240103972,-0.18506919168104996],[29.939080262568773,-0.1818719359780212],[29.9320427919,-0.1773802125],[29.9280906571,-0.1763589006],[29.927351416334375,-0.17690643903207087],[29.9271,-0.1768],[29.915692329822853,-0.18189704412170332],[29.9090307852,-0.1817601627],[29.9069326692,-0.1826064232],[29.9042296299,-0.1859537927],[29.904591122276212,-0.18685715813190554],[29.9036,-0.1873],[29.904097379531724,-0.20053029554380722],[29.8978901567,-0.2030062549],[29.89473932237077,-0.2049990069732982],[29.88714524745833,-0.20856780720537393],[29.800124344868788,-0.20984314164709758],[29.754050163586708,-0.21018900681489872],[29.7166943456,-0.2102644179],[29.722459011191336,-0.20272237276593222],[29.730603789898815,-0.192066397693272],[29.740954424345528,-0.182786481076548],[29.75416045611985,-0.164940543734406],[29.765939475747672,-0.154232629447469],[29.77754639799433,-0.14877638026701254],[29.80769807289555,-0.13460250921750166]]],[[[29.874658771480735,-0.028680337803519192],[29.874826658385775,-0.02873656642527161],[29.8749918727,-0.0291131479],[29.876449592,-0.029280631],[29.87644939712641,-0.029280053499675135],[29.876450501576706,-0.02928042340177],[29.8758843390145,-0.02759055673026642],[29.8787118904,-0.0273274731],[29.87853523966938,-0.027220740891460864],[29.878782369508947,-0.027186501610475],[29.878171339534614,-0.027000872765616628],[29.877375360771442,-0.026519943130939878],[29.87771277697471,-0.026130762558485787],[29.8778794534,-0.0260884498],[29.87785339636786,-0.025968570181851468],[29.87797335426423,-0.025830209064848],[29.87761714095927,-0.024881638714838165],[29.87761665121183,-0.024879385552013144],[29.879811871730617,-0.02536282020625],[29.879811492937876,-0.02536135947840348],[29.8798122071,-0.0253615166],[29.879252889826063,-0.023205072040307674],[29.880727579547685,-0.022798380302959],[29.880717996807164,-0.0227715648551933],[29.88000221700569,-0.020765220223548434],[29.881136753457916,-0.02022734002096671],[29.8820121891,-0.0198133432],[29.882011826800262,-0.01981247047161797],[29.882012488365948,-0.019812156825384],[29.88182564605064,-0.019363987606548068],[29.880723545370923,-0.01670918429610536],[29.883234236855774,-0.017564061869715868],[29.8835461311,-0.0176713557],[29.883545600845988,-0.01767007971144263],[29.883547241151597,-0.017670638227089],[29.88301212782641,-0.016385297474811],[29.88424926235127,-0.013946650174554846],[29.8862466696,-0.0125676524],[29.886246668062793,-0.012567566290571765],[29.88624792800161,-0.012566696433985],[29.88620097055019,-0.009973017408556],[29.886204031865343,-0.009969180425463086],[29.888151573,-0.007901761],[29.88798856635735,-0.0077324853043895],[29.888175291329286,-0.007498448452997],[29.88713787928914,-0.006849081764019036],[29.8866207094,-0.0063120221],[29.8885716224,-0.0063239963],[29.888571631040897,-0.006323874167381001],[29.88857186,-0.0063239094],[29.88861362713542,-0.0057302906370412365],[29.888750073095817,-0.0038017285697793386],[29.8901779978,-0.0040158317],[29.890178098453095,-0.004015630705624328],[29.8901781918,-0.0040156448],[29.890220514012817,-0.0039309309876809275],[29.890742054179878,-0.0028894663616088633],[29.8923540099,-0.0027076538],[29.892354121956238,-0.0027072520198308256],[29.8923551993,-0.0027071304],[29.8933365916,0.000815057],[29.893746550442156,0.0010826351717955528],[29.8945202001,0.0015870155],[29.89452014382323,0.0015875558646439697],[29.8945205076,0.0015877933],[29.89426962013081,0.004009197112805304],[29.89458126326056,0.004148867549674946],[29.895170365,0.0044120435],[29.8965668506,0.0034199853],[29.897200657770597,0.004528564401307404],[29.89785690552587,0.0056751255664016865],[29.898752299665958,0.005851114870792785],[29.8994571063,0.005988779],[29.89945702550353,0.005989628408448933],[29.8994578914,0.0059897986],[29.899144470003957,0.0092755055998945],[29.899119652069533,0.009536415053631746],[29.89983053826048,0.011883195746228129],[29.899851860126784,0.011953530243454202],[29.90152069982723,0.011765942487901186],[29.9016983422,0.0117457798],[29.901698539502068,0.011745952224341348],[29.9016988502,0.0117459173],[29.9036595224,0.013459124],[29.903528284517943,0.01522331827456168],[29.90348855323169,0.01576728512350188],[29.9051343955,0.0155823992],[29.9051346417126,0.015582928321018609],[29.9051348762,0.0155829014],[29.90619074259552,0.017852214126888942],[29.9095173604,0.018509135],[29.9091889941,0.0218784455],[29.90802707644066,0.02298029014698082],[29.910042994016923,0.023638402139467315],[29.9107308861,0.0238629237],[29.9106345743,0.0255680195],[29.910634755710383,0.025568183665685598],[29.9133578976,0.0278320926],[29.913411145657523,0.02808065266740212],[29.913514855,0.0281745035],[29.91346339849035,0.028324567060781652],[29.9136292768,0.0290988812],[29.913160354548655,0.02920833965390938],[29.91298154718292,0.02972979884693068],[29.9131721943,0.0306872057],[29.91200293508474,0.03258374321827009],[29.91200205515352,0.032586309377792916],[29.91228283669136,0.032739008336170515],[29.91415731,0.0337567194],[29.914156940199877,0.03375821229039294],[29.9141572712,0.0337583923],[29.913825595184004,0.03509585865140735],[29.913771837,0.0353128815],[29.912899516,0.035762551],[29.9142621097,0.0415968115],[29.914158836718816,0.041775568939606066],[29.9141909628,0.0419289616],[29.913911281183633,0.04220406817650644],[29.9130248823,0.0437383552],[29.91169517408974,0.044383924127334634],[29.91145054195004,0.04462455456751505],[29.91141610917226,0.04594847547359117],[29.911635739773818,0.04924214549599626],[29.911637061095757,0.049259074701151005],[29.9127548665,0.0507334481],[29.912754770954283,0.05073351947169769],[29.91275518279549,0.050734062595725],[29.911065582670517,0.05199583521816842],[29.910147186179856,0.05510437818518064],[29.910198026055674,0.05531050199508523],[29.914383816509552,0.05504665207702907],[29.914777136097978,0.055021858140997],[29.916782251894656,0.05593468637521759],[29.918602733003187,0.05676334900302728],[29.921258743789068,0.05598176682504471],[29.9214156874,0.0559355576],[29.921415729334477,0.055935570813662974],[29.92141576000488,0.055935561788308],[29.921701991307376,0.0560257727059962],[29.92585527780471,0.057334484085540476],[29.925863849022427,0.05733185058910403],[29.9291467072,0.0561616407],[29.929509228459448,0.056211812098040916],[29.930067553348643,0.056040267440696],[29.93243104125937,0.056615809862253015],[29.932431635115087,0.056615571890982576],[29.93560667282564,0.05489201540621051],[29.9395946458,0.050742294],[29.94015542948987,0.045904136537190256],[29.9409296717,0.0392242231],[29.9417259265,0.0376317642],[29.94350667635763,0.035370612623831225],[29.9468408792,0.0311366726],[29.946841083280116,0.03113666621295587],[29.9468416756,0.0311359141],[29.949913155160974,0.03103917985240203],[29.94994514104946,0.031014236645528954],[29.95250515726145,0.029017597232409174],[29.953065550274186,0.028004283221237592],[29.9542417908,0.0258772007],[29.9540038769,0.0246879152],[29.95225120830116,0.02311171475193238],[29.9511729297,0.022142292],[29.951172804070456,0.022141890089838915],[29.9511724487,0.0221415705],[29.9503395763,0.0194764718],[29.9503870781,0.0165743476],[29.949497711356997,0.015300642959642381],[29.9491737538,0.0148370239],[29.949173790385625,0.014836740247303913],[29.9491736396,0.0148365243],[29.949619680533473,0.011379701090460803],[29.9496495185,0.0111483638],[29.928479279620696,0.01029260911875223],[29.92830901438215,0.010286385080822],[29.928308199069615,0.010285693609518106],[29.9283081642,0.0102856922],[29.892757454003213,-0.019865100021021067],[29.886705893854135,-0.02499746337534178],[29.885300704299492,-0.025974984706264397],[29.87849683095782,-0.030708087058978],[29.876381302487733,-0.031800533798866],[29.8754077895916,-0.03152187763284974],[29.8751434478,-0.0314454674],[29.87514310389129,-0.03144611458673104],[29.875141804529065,-0.031445742660178],[29.874377208722322,-0.03249081644279242],[29.874236715045534,-0.03234048704574153],[29.874289133835447,-0.031310227298862583],[29.8747332751,-0.0304773078],[29.874658771480735,-0.028680337803519192]]]]}},{"type":"Feature","properties":{"n":"Maliba","c":"406215","d":"Kasese","od":"Kasese","dc":"406","k":"MALIBA","a":["MALIBA"],"lat":0.363023,"lon":30.106205},"geometry":{"type":"Polygon","coordinates":[[[29.953,0.4003],[29.953476336889487,0.4006521732453087],[29.954718508206103,0.40076913405928],[29.969193482792114,0.411384448632433],[29.97745417506887,0.418756254576545],[29.98218299772662,0.4256224071110289],[30.0011,0.4265],[30.015326824556762,0.4324150955146393],[30.019261746599867,0.432931944129414],[30.020835178718425,0.43470530728077833],[30.027194441186776,0.4373493017120646],[30.030753090616678,0.43466721459984814],[30.038161008503383,0.429083985481023],[30.044442750802748,0.426037907339604],[30.05148584785368,0.4121424955720296],[30.051485849770895,0.41214249178942164],[30.054722061159737,0.403195448870696],[30.066564602571404,0.390873754451778],[30.066564657807515,0.39087395822609894],[30.066564668430523,0.39087395489801796],[30.066564612296453,0.390873747665802],[30.075289558321387,0.388140511896894],[30.085564833768803,0.382140990958201],[30.089994828103205,0.38091817479204254],[30.09367530490437,0.378523024338078],[30.100296133290474,0.374214312349313],[30.108981099421943,0.3732829228659669],[30.115188747118196,0.370207273983241],[30.115188941229647,0.37020747629214784],[30.1151900443523,0.370206929781628],[30.116206029569806,0.3712675169560791],[30.11655804346717,0.37163439663676856],[30.11778458070523,0.3702575818179054],[30.11845635609477,0.3695032749568241],[30.11822404096106,0.36822863870764183],[30.118195356803696,0.368072087991151],[30.11819552789823,0.36807219696887655],[30.118195279059243,0.368070831671711],[30.12135460381535,0.3698905431107748],[30.124093955736456,0.3682896021796963],[30.124104102939125,0.368283015877527],[30.124105345092364,0.3682829459753914],[30.124105382112457,0.368282924339988],[30.124196725500166,0.368277803545732],[30.127835614392755,0.368073025184388],[30.130250406955884,0.3687421547143468],[30.131501308552636,0.36908840484344174],[30.132507138732603,0.3678793513340598],[30.132626103485524,0.367735943878346],[30.13262660485646,0.36773574763318145],[30.132628094568265,0.367733956932004],[30.136083072911656,0.366382420319308],[30.137510500883113,0.36623676464385585],[30.138413282149273,0.36614449492659],[30.13841344836862,0.36614462729715314],[30.138414939702297,0.366144475120498],[30.139465411489677,0.36671591922111785],[30.140639198446628,0.3656431838989109],[30.140642121029973,0.365640028242611],[30.143238780899406,0.364954597722482],[30.143316639163782,0.363365260476195],[30.14434665379736,0.362002971821485],[30.144496289686916,0.361805046706821],[30.14449631087565,0.36180503663376495],[30.144496776539647,0.361804420750494],[30.144497726364484,0.36180436371486807],[30.146613434880862,0.3607985626067663],[30.146952448931057,0.360424250354563],[30.147272778952814,0.36048511252937715],[30.147528763509033,0.3603634182844901],[30.15096636853361,0.355534823013873],[30.1494566030895,0.352542385810321],[30.149456698013612,0.3525421041715637],[30.14945658933653,0.352541888784039],[30.15007525276688,0.35070685924047645],[30.150284432444526,0.350086225511508],[30.150155067824063,0.34945790229258417],[30.1499504527641,0.348465470586408],[30.149950675611375,0.3484651704889316],[30.149950555331372,0.348464586289646],[30.152385654659767,0.3451861038699998],[30.152723761737054,0.34473079168507914],[30.151593818374135,0.341006549096639],[30.151594185661363,0.34100592047666106],[30.15159406713393,0.341005529762579],[30.154080855170236,0.3367486201023297],[30.153474634644507,0.335368038435569],[30.15307403903712,0.33516357500535326],[30.152063133918876,0.334648645028271],[30.15206347894097,0.334647786564628],[30.15206233502138,0.33464720270969],[30.152540427457993,0.3334590372016948],[30.15078190453356,0.332619324711219],[30.150781845974095,0.332619023025815],[30.15078119276107,0.332618711047176],[30.150122396874846,0.32922414241679],[30.150432053621767,0.3276759532645494],[30.15069773070932,0.3263464843706198],[30.149403248441544,0.325142422756608],[30.147488056308877,0.324845642702817],[30.147487804880257,0.3248446023043756],[30.147487346459837,0.324844531076575],[30.147374495990952,0.3243757360632435],[30.14666000873615,0.321419225276226],[30.151527045641817,0.3184774134259903],[30.15242440499165,0.316874819244053],[30.15097218653731,0.316475635133832],[30.150499398539527,0.312874765389782],[30.14702612154739,0.313807605176424],[30.143066095243725,0.30963874648869],[30.135257848585994,0.30914142157473],[30.135653046895367,0.30826320396499],[30.134748923326182,0.305645891924216],[30.13201390889796,0.303678247877339],[30.128872862378717,0.298627662917752],[30.127016928118792,0.297973252034287],[30.125351182122625,0.297985125596139],[30.122031664903115,0.307384150557797],[30.120663402019098,0.308906939559883],[30.11819106571545,0.309946537584485],[30.11898946551167,0.305153522226932],[30.115185334103316,0.304481716597133],[30.115792911879865,0.302540411602878],[30.114793391436127,0.301281022592639],[30.11586522493424,0.299196724967754],[30.111441457344267,0.296914590522885],[30.111956468485904,0.291986965617219],[30.10975341751234,0.292783205063216],[30.10998581510778,0.289239428324379],[30.10911807811585,0.288126537380836],[30.10902613854856,0.2882180639988221],[30.108984886880844,0.288383395596362],[30.106220548011137,0.2910110531428878],[30.104863343782853,0.29236216144801],[30.10478035486909,0.29238003667078977],[30.10455914147973,0.292590312277124],[30.103140115933623,0.29273428188491846],[30.10100906965255,0.29586420137409486],[30.100333679255453,0.3018460747834602],[30.100440941820498,0.3022935612994287],[30.102307613329987,0.30822036078834614],[30.103227483950814,0.309562947084355],[30.103588293375065,0.3122866005086337],[30.10375714491951,0.312822714785965],[30.10368392872774,0.3130085260967528],[30.103721573638236,0.313292697414041],[30.10440491050085,0.313233872385119],[30.105214130374446,0.310556866848511],[30.108606362561176,0.313020812301945],[30.111371261312744,0.313017292579263],[30.11424387586014,0.311855138803651],[30.11784513772381,0.313277205813693],[30.11916174718317,0.318349610154425],[30.11807911312364,0.321880728703512],[30.119619606625523,0.323247922590617],[30.118267609000213,0.324787134408045],[30.119307001066293,0.330233209714999],[30.12381015404203,0.336302027683286],[30.124282601616667,0.339668691513431],[30.12587326523369,0.340182411326481],[30.126187152463874,0.342028163466088],[30.125359750694475,0.344847305539323],[30.1194276560029,0.344630209670391],[30.117696494015426,0.345512852676554],[30.112607692409085,0.343243745924166],[30.110887622049788,0.345006291509029],[30.109081333537127,0.3452067619194],[30.105205017275406,0.343158088781361],[30.103264060823072,0.344856793180199],[30.10062961011411,0.343893326332449],[30.097903601609826,0.345145473267344],[30.096648267017517,0.342609598462047],[30.09014867407498,0.339757803302499],[30.090633069295375,0.330616230419063],[30.09213837654506,0.328642736828087],[30.091011167799376,0.328185896905584],[30.0891837994474,0.325217970572931],[30.087072523817834,0.32749034945308],[30.084496759725965,0.333202699932561],[30.083625571402457,0.337474534747392],[30.08268988787614,0.338418443231373],[30.08270134036037,0.33845119336762264],[30.084047483393686,0.341776440740907],[30.083999527238053,0.3421635579748716],[30.08404737589141,0.342300388542395],[30.083815247742557,0.3436511202623514],[30.083607620482677,0.345327153077689],[30.08348332541003,0.3455825448884498],[30.083347273559564,0.346374217724718],[30.081753532421242,0.349776860069793],[30.080989366793194,0.35070693633486977],[30.080550548464426,0.351608585975438],[30.07558773043839,0.3572813406024385],[30.075585375347273,0.357284207015515],[30.071967320355864,0.358238235868762],[30.0695109104391,0.3624979874024198],[30.069405729583305,0.362680419368239],[30.06940569968382,0.3626804372749335],[30.06940565998198,0.362680506123366],[30.063733124143017,0.366077857275846],[30.061393030987926,0.368609599979172],[30.05896525096029,0.369364378340788],[30.05881937390452,0.3696501655392947],[30.05617526025136,0.374831350536133],[30.056174811353138,0.37483111821782866],[30.056172693281113,0.374835267724871],[30.05234549726046,0.372849709883477],[30.050739371532824,0.369351770340108],[30.050739678721964,0.36935124939116276],[30.050739473439506,0.369350802212526],[30.053380485810298,0.364872618616489],[30.05338063812414,0.3648725591157703],[30.053380710863042,0.36487243576097],[30.060078042939505,0.3622505610026438],[30.060065060168125,0.3622332408253768],[30.05721536020109,0.3586429672638601],[30.05329132096268,0.357475565524667],[30.053243051127883,0.3574797747681298],[30.04458518105453,0.3582489964301944],[30.042581086477387,0.35863367151321723],[30.039959840159824,0.3600922705950472],[30.039954103276134,0.360096702082458],[30.038252864618507,0.3583584664282153],[30.037661751849797,0.3577546415767487],[30.034068470535022,0.358420573684683],[30.03330682134296,0.357469442913835],[30.0315938317767,0.357635352551028],[30.030529630624454,0.3561778705616449],[30.030499915039965,0.35613719046346],[30.03049988394645,0.3561371308506048],[30.030499355810207,0.356136407538981],[30.02964752229159,0.354506943464191],[30.03052902531148,0.35087757526496],[30.030360961995658,0.3507934776531854],[30.028436513627664,0.3498312538516779],[30.024223448146422,0.35478010870180166],[30.02411364663326,0.3553111266256555],[30.02377143304473,0.356968962643816],[30.02377075625975,0.35696940007752553],[30.023770686491993,0.35696973748572],[30.023158867027607,0.35736488902237606],[30.021820278126263,0.358230073576003],[30.01703756515149,0.357968333608787],[30.017037232755545,0.35796800415465546],[30.01703687192618,0.35796798443339],[30.01434876821788,0.355303352464161],[30.009567598660915,0.3582447431163259],[30.0029461709643,0.362318283431798],[29.989430676835074,0.3676483563945643],[29.989430671803543,0.36764835879852004],[29.97229876781876,0.375833698864446],[29.962019255043533,0.3868745907716274],[29.9522718073305,0.400538756717502],[29.95253382861008,0.40056342821146373],[29.953,0.4003]]]}},{"type":"Feature","properties":{"n":"Maliba Town Council","c":"406216","d":"Kasese","od":"Kasese","dc":"406","k":"MALIBATOWNCOUNCIL","a":["MALIBA","MALIBATOWNCOUNCIL"],"lat":0.327894,"lon":30.104846},"geometry":{"type":"MultiPolygon","coordinates":[[[[30.089159472248262,0.32524415408623575],[30.0891837994474,0.325217970572931],[30.091006155228666,0.32817775572233887],[30.09101117905738,0.32818590146827453],[30.09213837654506,0.328642736828087],[30.090633069295375,0.330616230419063],[30.09015617319819,0.3396162788231429],[30.096625603242025,0.34259965438619167],[30.096648267017517,0.342609598462047],[30.096779737781993,0.3428751797670698],[30.097904182274224,0.34514520654875325],[30.10062961011411,0.343893326332449],[30.10062992643078,0.3438934420152448],[30.100630240392793,0.343893297685222],[30.101663320538925,0.3442713731568192],[30.103263870657507,0.34485672363317094],[30.105204845175688,0.343158098904198],[30.10520494526759,0.34315815180183395],[30.105205017275406,0.343158088781361],[30.109081333537127,0.3452067619194],[30.110887622049788,0.345006291509029],[30.112607692409085,0.343243745924166],[30.11260791135549,0.34324384355280285],[30.112607954605416,0.343243799234617],[30.114536121265918,0.34410363618498535],[30.117696310432397,0.34551277081651677],[30.118056758721842,0.34532916962101995],[30.1194276560029,0.344630209670391],[30.11942887830017,0.3446302544025979],[30.119429224525383,0.344630078046196],[30.12424201722379,0.3448064000360111],[30.125359750694475,0.344847305539323],[30.12618713058626,0.3420282380079922],[30.12587317693955,0.3401823828110557],[30.124282601616667,0.339668691513431],[30.123827937321316,0.3364287514223236],[30.123810092429906,0.3363019446497386],[30.12272941259056,0.33484553194017025],[30.1193071530928,0.330233728390004],[30.11930707267584,0.33023330622189706],[30.119307001066293,0.330233209714999],[30.118267609000213,0.324787134408045],[30.119619290578516,0.3232482824013742],[30.119615135873673,0.3232439547812133],[30.11807911312364,0.321880728703512],[30.11813412419149,0.32170130464014945],[30.118049387008018,0.321613040766468],[30.119052790195713,0.3179298395898172],[30.11784513772381,0.313277205813693],[30.114430830836696,0.3119289636224476],[30.11420745896389,0.3118698717351929],[30.111371261312744,0.313017292579263],[30.111371029682267,0.3130172928741291],[30.11137085256554,0.313017366895234],[30.1108856242239,0.313092221029251],[30.108606465482584,0.313020820469606],[30.108606454108852,0.3130208121854046],[30.108606362561176,0.313020812301945],[30.105214130374446,0.310556866848511],[30.10440491050085,0.313233872385119],[30.104402405894856,0.31323408799403485],[30.103360684213992,0.3138288704133964],[30.101486998904477,0.318583992401465],[30.10148642088134,0.31858385814674944],[30.10148637249248,0.318584032636141],[30.09600299967726,0.3173102590880613],[30.091454616213564,0.3180702721588452],[30.08896003676619,0.3198368663612976],[30.088934985561508,0.3198547882541296],[30.087995776188553,0.322708797394309],[30.08799552258839,0.32270906144836353],[30.087995324707826,0.322709662735691],[30.085147156989585,0.32648765711562877],[30.0847294444944,0.3275654633116598],[30.084720341326967,0.327609607758844],[30.086771296336355,0.3273231687568494],[30.089159472248262,0.32524415408623575]]],[[[30.1100514983402,0.313038456250775],[30.110051497878374,0.313038462255292],[30.11005149834024,0.313038456250778],[30.1100514983402,0.313038456250775]]]]}},{"type":"Feature","properties":{"n":"Mbunga","c":"406217","d":"Kasese","od":"Kasese","dc":"406","k":"MBUNGA","a":["MBUNGA"],"lat":0.216462,"lon":30.023659},"geometry":{"type":"Polygon","coordinates":[[[30.00514419678508,0.24339700817367052],[30.007097074750934,0.242016744545827],[30.00866886623949,0.24208200691666026],[30.011455099729783,0.237703216875411],[30.01302472834653,0.233498483567984],[30.016486628076162,0.229667068407198],[30.023542437744478,0.228357715952152],[30.027421331553704,0.228666854509095],[30.02965788371192,0.225799711671762],[30.030538824520267,0.222944117506757],[30.032299083885274,0.223693887320631],[30.034524938805802,0.220184374464262],[30.035606534627455,0.219672599573575],[30.037438053131865,0.21575946229772],[30.04038504820023,0.213681293625618],[30.04085470892857,0.210243437450975],[30.04315750155912,0.209731437947685],[30.04418028900365,0.210516608882399],[30.045590120135543,0.208958066004045],[30.0459951775532,0.207024272275985],[30.04751748221372,0.20673921785754],[30.0476849942466,0.205614217685175],[30.049403207887064,0.205466205126352],[30.050313349142925,0.20454416359251],[30.05149117979254,0.202551368425269],[30.051830128427646,0.199227423058425],[30.05277844172996,0.198693264769017],[30.050873925525355,0.197896980299151],[30.048303926762106,0.194256339335751],[30.046405207953768,0.193456817801274],[30.04219351607393,0.19374226452607],[30.038381026943828,0.196178854284469],[30.035564930911722,0.193948130464356],[30.034012813096457,0.193740059155106],[30.03199564583938,0.191330669653201],[30.02867234833616,0.191288459127387],[30.026563030229305,0.188846508576869],[30.02063358296536,0.190512190140712],[30.01953941003439,0.191652416826523],[30.02089570657305,0.1939607719569],[30.021163384465716,0.199449763703292],[30.020167270722986,0.20026497368823],[30.019880868101225,0.202371899940636],[30.018375625281667,0.203262995436197],[30.01543603121399,0.207324737205314],[30.01593154970104,0.21074541736908],[30.012505030810363,0.21126972715672],[30.012094416418552,0.213494735184983],[30.00976270368411,0.217164839558149],[30.010017780784196,0.221743354780794],[30.009237647514386,0.222237173682141],[30.007601350477227,0.221691805466596],[30.005499640515453,0.222821545197483],[30.003477355299403,0.22188678555817],[30.002544134715574,0.223197382892296],[30.00072574651339,0.223502201420522],[29.99998335657978,0.22492987448583],[30.001340114151986,0.229512091928493],[29.998048851825402,0.22853714116873],[29.994997581343377,0.230381085772626],[29.994593027113634,0.232237282334323],[29.995758700032187,0.236295866044036],[29.993438978780155,0.242373655627044],[30.000814390190516,0.24387250125142207],[30.00081553175189,0.2438727025640648],[30.00514419678508,0.24339700817367052]]]}},{"type":"Feature","properties":{"n":"Mubuku Town Council","c":"406218","d":"Kasese","od":"Kasese","dc":"406","k":"MUBUKUTOWNCOUNCIL","a":["MUBUKU","MUBUKUTOWNCOUNCIL"],"lat":0.283253,"lon":30.130331},"geometry":{"type":"Polygon","coordinates":[[[30.109753681648304,0.292783109597666],[30.111956468485904,0.291986965617219],[30.11195558351949,0.29199543297295427],[30.11195620445704,0.291995208729753],[30.111441695082185,0.29691471316718837],[30.11503759318079,0.29876976607043426],[30.115865102300802,0.299196501809678],[30.115865037337823,0.2991966281904633],[30.11586522493424,0.299196724967754],[30.115300970448594,0.3002939796125595],[30.11479352101496,0.3012811858610943],[30.115792911879865,0.302540411602878],[30.115185334103316,0.304481716597133],[30.11898946551167,0.305153522226932],[30.118989261810725,0.3051547451001995],[30.118989344481815,0.305154759726179],[30.118968725405033,0.305278030837913],[30.11819106571545,0.309946537584485],[30.120663402019098,0.308906939559883],[30.122031664903115,0.307384150557797],[30.125351182122625,0.297985125596139],[30.127016928118792,0.297973252034287],[30.127017167635223,0.29797333648887353],[30.127017317021885,0.297973335369314],[30.127187997612182,0.29803357191776614],[30.128872862378717,0.298627662917752],[30.128873285502138,0.2986283432708645],[30.12887363337683,0.298628466042709],[30.131629700402225,0.30306046726249664],[30.132013856777757,0.3036781640716655],[30.13244525608704,0.3039885708211472],[30.134748923326182,0.305645891924216],[30.134749037005395,0.3056462210097345],[30.13474925257996,0.305646376123104],[30.13565281359728,0.308262256194427],[30.135652760112873,0.30826237376953214],[30.135653046895367,0.30826320396499],[30.135257848585994,0.30914142157473],[30.143066095243725,0.30963874648869],[30.14306623799423,0.3096388967671568],[30.143066494998223,0.309638913051579],[30.144159304393302,0.3107896061323522],[30.147025893578633,0.3138073651857084],[30.147455951333402,0.313692163094844],[30.150499398539527,0.312874765389782],[30.1504996689143,0.31287682463058225],[30.150501278380005,0.312876393493572],[30.15084972683762,0.315542951923722],[30.15097218653731,0.316475635133832],[30.152419195218375,0.3168733871876685],[30.15242440692435,0.31687480666913],[30.15322510565622,0.31564067131628315],[30.15462415781892,0.31265544056744304],[30.15463397311537,0.312597624897331],[30.154633960525963,0.31259759965917927],[30.15397875586583,0.312054821098001],[30.153235173657343,0.309794337031464],[30.153236008363088,0.3097910212615915],[30.15538398552977,0.29976639519084936],[30.155387638800825,0.2990131498674846],[30.153139523795822,0.28835905489226227],[30.153137231978345,0.28834923459414],[30.150004381802862,0.288765849305264],[30.151076885087477,0.272220850335697],[30.149462784048126,0.263961935466446],[30.1481684362013,0.262272933957632],[30.149565179268826,0.2607906027723694],[30.149996433282926,0.26033199222355363],[30.14900297323983,0.25340692545218535],[30.148890375864884,0.252622403803125],[30.148890419817285,0.2526223544249891],[30.14889038681448,0.252622124373836],[30.150883967563384,0.2503827117314154],[30.150918042190735,0.2503444307369761],[30.150393664169908,0.250131280799021],[30.147430705073376,0.24785746032762798],[30.14654374663624,0.24726640552287543],[30.144446754965866,0.2469764000705684],[30.13713733199162,0.24614928841434916],[30.136540377919623,0.24627874208974596],[30.132791222912715,0.24899178579851153],[30.128483934955767,0.252684408104028],[30.125198568564894,0.254487236405186],[30.122091336025314,0.2576301955260365],[30.12158120877295,0.2581463398634081],[30.121580697329826,0.25814795244575295],[30.12105425160408,0.2613440864384876],[30.121067141405042,0.261349367970906],[30.121048615994493,0.26137830110200133],[30.120989382903613,0.261737914422046],[30.1167469290144,0.2680967094740169],[30.11674482397445,0.268099997141875],[30.11674462378291,0.26810071498681154],[30.115930567104794,0.272683447218157],[30.11520962206847,0.27360490966699386],[30.114985393035845,0.274408948018815],[30.111484079596647,0.278366939362473],[30.111480954098955,0.2783794659718247],[30.109118083437796,0.288126524920067],[30.10913450326134,0.2881476029754057],[30.10998581510778,0.289239428324379],[30.109985754625093,0.28924035061077086],[30.109985861259656,0.28924048749709],[30.109753681648304,0.292783109597666]]]}},{"type":"Feature","properties":{"n":"Muhokya","c":"406219","d":"Kasese","od":"Kasese","dc":"406","k":"MUHOKYA","a":["MUHOKYA"],"lat":0.110154,"lon":30.008388},"geometry":{"type":"Polygon","coordinates":[[[29.98102423693408,0.0811736195114626],[29.983675115759745,0.082830013085175],[29.98367483900403,0.08283043233560966],[29.983675096738637,0.082830578259813],[29.983484458306492,0.08311883537987333],[29.98175961637862,0.085731756066139],[29.986999143470186,0.089682445760466],[29.986998814649606,0.08968303531084071],[29.986998892941624,0.089683094331628],[29.986679107300464,0.09025624635478538],[29.985619494263663,0.092156052213593],[29.98561899036975,0.09215629465407736],[29.985618844706284,0.092156555726807],[29.98527966937543,0.09231955351504893],[29.98382882752402,0.0930176028314104],[29.983700572260343,0.0933305131068279],[29.982638649993937,0.095926733330114],[29.98309490539873,0.0961048713274156],[29.983745677209303,0.09635861738716574],[29.98399591979152,0.09622098135994606],[29.98497123879542,0.09568277842764],[29.984972405686463,0.09568390394481245],[29.98497395712552,0.09568305063717],[29.986768768540887,0.09741657406108536],[29.986924857132315,0.097567128297492],[29.986924845422887,0.09756732133657167],[29.986925113382732,0.097567580146306],[29.98684897274177,0.098823930282002],[29.985644007953837,0.099598656749802],[29.987186988851576,0.103500429694206],[29.988495920105198,0.10441710611899],[29.98845898212567,0.10480688094049102],[29.98850784814895,0.104857053572905],[29.988435469084347,0.10505499390182725],[29.988258008781433,0.106927580296125],[29.986985685527348,0.10902240781848473],[29.988714867533215,0.111059005985822],[29.988714978676043,0.11105902361191043],[29.988714991700967,0.111059011764112],[29.98872763815639,0.11106103127290207],[29.99028102782167,0.111307382604113],[29.990280757543857,0.1113090484563871],[29.990282005212595,0.111309247696245],[29.989732816208022,0.114696395019994],[29.993521086849622,0.11589300488399],[29.993690661932437,0.11577839321332643],[29.99449143092649,0.11523675113423032],[29.99469179236816,0.113908630294989],[29.99469339776261,0.11390863029658418],[29.994693492878547,0.113908003666434],[29.997247050353078,0.113908601151648],[29.99724706487761,0.11390863283401459],[29.997247325961805,0.113908632834274],[29.99809038665543,0.115744501475353],[30.0000455788251,0.11692635837949905],[30.000318668122294,0.1170206008097345],[30.00267252955701,0.11783284991634184],[30.002870148538967,0.11784688598181703],[30.00945310684724,0.118313675179987],[30.011934748410358,0.1203028762359],[30.01628643211026,0.122182674086087],[30.015420569472997,0.1243192488058836],[30.015391959789227,0.12439033917120922],[30.016876543441494,0.125047547651932],[30.018094824985777,0.127074846795033],[30.020902642575045,0.133194956764621],[30.02090263077164,0.13319503948058137],[30.020902784372023,0.133195374276005],[30.02086325161962,0.1334710009196661],[30.0206252318259,0.135138997345093],[30.02186745027917,0.13734486734144],[30.021867359122673,0.13734514564282116],[30.021867431532492,0.137345274212745],[30.021246043682485,0.13924202573862166],[30.02037905330136,0.14188895303324833],[30.020145118567743,0.1449859555424556],[30.019930708603233,0.147824886093292],[30.019932358978608,0.14782875935171844],[30.020454050948512,0.148559128385442],[30.02394739296455,0.14768560097351],[30.024917828729915,0.148532850321012],[30.025013199008352,0.150207641848709],[30.026907072462475,0.150778916791427],[30.027525907913276,0.152529996017274],[30.03020101958636,0.152218410778875],[30.033780224248165,0.157863082327634],[30.038390520965006,0.159338426980746],[30.04008585867866,0.156501057864606],[30.039300779095086,0.154412955407182],[30.041327954224098,0.146496951627566],[30.041066446790133,0.14480899213386],[30.03685855610165,0.142373761452501],[30.037413038936364,0.138822165825944],[30.036251857893262,0.134215964315802],[30.03956407367304,0.128809395384399],[30.03374340640621,0.121701774161175],[30.03336235461217,0.118941396415608],[30.030795579396482,0.115114441482762],[30.03328332925663,0.111595738259558],[30.026033078892965,0.109248772512751],[30.019708440095695,0.10836859456538],[30.020541251581626,0.104828423439754],[30.019366503731433,0.103748226819222],[30.019080965930005,0.101977740605175],[30.020515206673913,0.095460930080525],[30.023882531644404,0.092771962578881],[30.023301107262537,0.08835906340641],[30.021790643190325,0.088664351454592],[30.02069689913272,0.089901312209236],[30.017044597733598,0.090765735819039],[30.0151785807784,0.089128858516792],[30.011942627236927,0.088538536442717],[30.011469618005915,0.087673050270591],[30.00967658777229,0.088351374427944],[30.008147369928743,0.081749665152214],[30.004139328356136,0.076522348807531],[30.00519210513303,0.075889117311758],[30.005782213180698,0.074023623633493],[30.003117654688964,0.068542065011656],[30.004049964949314,0.066771030189847],[30.002355798412296,0.066542604712638],[29.998277714152767,0.068685939372122],[29.99461149907829,0.06073023156288],[29.99461113354232,0.06073012112670894],[29.990800370421464,0.05970446489609834],[29.987187913153093,0.05961894834796414],[29.985835761161745,0.059690958934770735],[29.985279380424704,0.061188731162104874],[29.9852786962,0.0611914921],[29.98527832367736,0.06119157591699684],[29.985278233062385,0.061191819851743],[29.985194139169455,0.06121051729624752],[29.9837746037,0.0615299105],[29.98373794511371,0.06160918321083208],[29.982657628854966,0.06416371286095707],[29.983965127212226,0.068083402561312],[29.983974960391244,0.068110125970711],[29.98397422787826,0.06811068503300355],[29.9839745533,0.0681116606],[29.98028688419598,0.07092490793383666],[29.980056890974794,0.07110044139257317],[29.97929857837596,0.07312878805402831],[29.978882749992678,0.07424121075790219],[29.978995101780598,0.07641333647657671],[29.979006351845307,0.076630604814482],[29.979325310723254,0.07683662785045912],[29.97974186864637,0.076848047786989],[29.979825452924292,0.0771596814532955],[29.979905827249404,0.077211597118979],[29.98102423693408,0.0811736195114626]]]}},{"type":"Feature","properties":{"n":"Muhokya Town Council","c":"406220","d":"Kasese","od":"Kasese","dc":"406","k":"MUHOKYATOWNCOUNCIL","a":["MUHOKYA","MUHOKYATOWNCOUNCIL"],"lat":0.034617,"lon":30.11886},"geometry":{"type":"Polygon","coordinates":[[[29.989315393442478,0.041492205123493],[29.989443347835174,0.04154213871416438],[29.9964749833,0.0442845044],[29.9963267029,0.0463641734],[29.996703550101664,0.04742681968842259],[29.997353604145065,0.049258688940908],[29.997353389107225,0.04925925735621718],[29.9973536041,0.0492598636],[29.996401068286936,0.05177655260830284],[29.996257739490005,0.052155417474338876],[29.9972163005,0.0557409105],[29.99463133597465,0.06069222731665569],[29.994619803107685,0.06074825135445951],[29.998277714152767,0.068685939372122],[30.002355798412296,0.066542604712638],[30.002356802640445,0.0665427401133139],[30.00235770246152,0.066542267252561],[30.00320049037443,0.06665649502998794],[30.004049964949314,0.066771030189847],[30.004049670672785,0.06677158920330292],[30.004049922622276,0.066771623351432],[30.003815801788335,0.06721585111450645],[30.003117654688964,0.068542065011656],[30.004503766465643,0.0713935891886867],[30.005782181511517,0.07402341257333],[30.005782153553398,0.07402350096756112],[30.005782213180698,0.074023623633493],[30.00519210513303,0.075889117311758],[30.004139328356136,0.076522348807531],[30.008128764141247,0.0817253993517449],[30.008147337661672,0.0817495964095],[30.00814734647865,0.081749634568437],[30.008147369928743,0.081749665152214],[30.00967658777229,0.088351374427944],[30.011214601028623,0.08776952615425831],[30.011467466367687,0.087673247587946],[30.011467746647092,0.08767375822736242],[30.011469618005915,0.087673050270591],[30.011942627236927,0.088538536442717],[30.0151785807784,0.089128858516792],[30.01517877031988,0.08912902478331383],[30.015178939841086,0.089129055703414],[30.015470457680802,0.08938489406633995],[30.017044597733598,0.090765735819039],[30.020696430280125,0.08990142317687187],[30.021789898155486,0.088664825568447],[30.021790292966074,0.08866474753780124],[30.021790643190325,0.088664351454592],[30.023301107262537,0.08835906340641],[30.023302017151916,0.08836596929170487],[30.023302298771892,0.088365913632132],[30.02356562729505,0.09036671955050156],[30.023882531644404,0.092771962578881],[30.023882217317777,0.09277221358348778],[30.023882271311763,0.092772623837122],[30.021655855243278,0.09455006850324915],[30.020515206673913,0.095460930080525],[30.019080965930005,0.101977740605175],[30.019366503731433,0.103748226819222],[30.020541251581626,0.104828423439754],[30.019708440095695,0.10836859456538],[30.026033078892965,0.109248772512751],[30.026033172430296,0.10924880279155509],[30.026033226082287,0.109248810253606],[30.03327847729093,0.111593881533187],[30.03327831286983,0.11159411441384226],[30.03328332925663,0.111595738259558],[30.030795725898592,0.115114234268422],[30.032307894252362,0.11736923994051168],[30.03336235461217,0.118941396415608],[30.033362406205264,0.11894177016120888],[30.033362707077558,0.118942218833955],[30.03351978011394,0.12008180267658781],[30.03374340640621,0.121701774161175],[30.033743925321744,0.12170240780932767],[30.0364936201562,0.124609432122196],[30.041042490075235,0.125746386401657],[30.048474627170403,0.121303038440421],[30.05733791115838,0.119191307840378],[30.059508753442522,0.117615115961572],[30.065460761173973,0.117649807943753],[30.067895258204572,0.122318759128686],[30.06820016768051,0.138378395792399],[30.0721699588209,0.148641036467149],[30.08359687041354,0.138083771207337],[30.10358425801414,0.117025631968249],[30.12607021702038,0.091684369926983],[30.154623469358796,0.072053964308298],[30.173897655055892,0.062059942837431],[30.253234156851956,0.032810387567881],[30.218076560238952,-0.07560463044756399],[30.216035679604406,-0.0783519697633022],[30.21599264634989,-0.078385610886952],[30.21530927956701,-0.07749090256899],[30.211437166939067,-0.07688966871133],[30.203908598031447,-0.07790138548583278],[30.1869,-0.0772],[30.186723660176913,-0.077173091001022],[30.18687415610485,-0.076851678185857],[30.18486025666212,-0.072222099731418],[30.180353445417392,-0.073943092455826],[30.166280434131593,-0.072869529706255],[30.164406060427996,-0.07376748324712921],[30.1566171406217,-0.07257891431564972],[30.155784991583346,-0.06789474325231694],[30.1547275851,-0.0619425223],[30.154313249547645,-0.057384820415799176],[30.152657521664416,-0.0391716739929],[30.152657507752295,-0.03917161747547957],[30.1526574975,-0.0391715047],[30.1503731867,-0.0298914391],[30.148874722860544,-0.027035117419743165],[30.150160399956395,-0.024920598694439994],[30.1520863972,-0.0217536825],[30.14751754157142,-0.01932564595473899],[30.147288618012052,-0.01857719881536666],[30.14673261,-0.0167568177],[30.14673177658195,-0.016756650608850905],[30.146731677446894,-0.016756326494764],[30.146229416622468,-0.016655932964211657],[30.1442332923,-0.016255732],[30.1420926644,-0.0141870014],[30.140505263,-0.0141549119],[30.139766020093393,-0.010736246331897664],[30.139765703963448,-0.010732486576894563],[30.1387425265,0.0014384305],[30.1407786393,0.010856824],[30.144763227,0.0190265521],[30.135408572716244,0.021827379261823047],[30.135229975138472,0.021880856300996],[30.135229941599317,0.02188086225211475],[30.135229888,0.0218808783],[30.1210599844,0.0243951652],[30.0397043061,0.0244091882],[30.0398564241,0.0163232438],[30.02563380048644,0.011525480639718935],[30.023590736458516,0.010836345874899333],[30.019435347,0.0134410901],[30.0093194471,0.024087384],[30.00618532966806,0.01850478800404378],[30.004488402110894,0.020121014240838824],[30.0036403826,0.020929629],[29.999022503992474,0.0226494146864631],[29.998300141425197,0.02291849421500135],[29.997526023262072,0.023812006910891474],[29.996544983780232,0.024944836087976],[29.996544322327093,0.024945118483196176],[29.996543604,0.0249459476],[29.9944038561,0.0258593222],[29.9939736802,0.0278013787],[29.993973304048914,0.027801717546192525],[29.99039253852057,0.033494058002511],[29.988379302899638,0.03573961599819096],[29.9856639284,0.0399775237],[29.9870463265,0.0417237896],[29.989314995,0.0414920806],[29.98931533079629,0.041492211561882895],[29.989315393442478,0.041492205123493]]]}},{"type":"Feature","properties":{"n":"Nyakabingo","c":"406221","d":"Kasese","od":"Kasese","dc":"406","k":"NYAKABINGO","a":["NYAKABINGO"],"lat":0.164834,"lon":30.027268},"geometry":{"type":"Polygon","coordinates":[[[30.004203862973284,0.17064868281488],[30.00277056140324,0.17326449780984135],[30.003770546478002,0.1744426379245568],[30.003781264056418,0.174455246870013],[30.004292634996172,0.17419921379215791],[30.004709256052635,0.173824704475597],[30.0048402975434,0.17392501024109203],[30.005087869283766,0.173801056082285],[30.00577718467797,0.17464215090140103],[30.005781399523137,0.17464537715644643],[30.00970633001067,0.17400023344965682],[30.009919698770236,0.173965148147435],[30.012218396797465,0.17471445978120376],[30.012516605492117,0.1742694286018376],[30.013724457805807,0.172466091604238],[30.013724875404186,0.1724662692922317],[30.0137249993363,0.172466084342375],[30.017009367740325,0.17386381986682065],[30.01772942512873,0.174170204085116],[30.01962743430621,0.171713557394349],[30.01986011501041,0.17181897249008912],[30.020014775167763,0.171648271295482],[30.024139078306145,0.1737571353899411],[30.024142968650136,0.17375492419697136],[30.025708548986465,0.172461457261646],[30.026344775639217,0.17250346156408364],[30.026444222274662,0.172446938104559],[30.026490782738666,0.1725131010948026],[30.026785860050296,0.172532582385922],[30.031003539148617,0.178925766375331],[30.040474553132796,0.179685917269783],[30.043035066271507,0.178010954366644],[30.045931672288656,0.178675582729556],[30.046487529710973,0.180462919708662],[30.048457635010465,0.182251481449275],[30.052937392829193,0.180109772261673],[30.052908838352792,0.177354359810697],[30.05175707099723,0.175916858284991],[30.049970746482266,0.170223233885408],[30.05138475936852,0.169133279807165],[30.048820693610494,0.165688929990762],[30.053622821285046,0.165785612461543],[30.050942354790184,0.162494877140609],[30.05099206861764,0.160628018824622],[30.049748113401332,0.15827675912544],[30.050089816359197,0.152806459068056],[30.046615928065027,0.150141488175713],[30.045446445899294,0.151849133109966],[30.044169719852892,0.148556146534033],[30.042159075850837,0.146474122259984],[30.04130744593932,0.146326001667773],[30.041303299454576,0.1463378117834428],[30.041327954224098,0.146496951627566],[30.039300779095086,0.154412955407182],[30.04008585867866,0.156501057864606],[30.040085604271333,0.15650148364849642],[30.040085699115636,0.156501736009708],[30.039651808427337,0.15722749765771574],[30.038390520965006,0.159338426980746],[30.03838992126243,0.15933823506945605],[30.038389586861562,0.159338794416155],[30.037018904767248,0.1588994950100353],[30.033780224248165,0.157863082327634],[30.03377897125084,0.15786110625780025],[30.033777508523098,0.157860637458047],[30.031830914775007,0.15478887652982573],[30.03020101958636,0.152218410778875],[30.027525907913276,0.152529996017274],[30.026907072462475,0.150778916791427],[30.025013199008352,0.150207641848709],[30.024917828729915,0.148532850321012],[30.024916058346967,0.1485313046692005],[30.023660591296935,0.1477573171459609],[30.020454122302976,0.14855911054290655],[30.02045405529547,0.148559139493276],[30.02037073041343,0.14885757127052715],[30.02051118639028,0.149187206761283],[30.02021426259924,0.14941796771787608],[30.020159127125137,0.149615437874732],[30.01941524511159,0.15003894200605994],[30.018018710651308,0.15112428995625682],[30.016635764589623,0.15432319713806],[30.01663561429016,0.15432308102490713],[30.0166348322117,0.154325828909311],[30.015027993848154,0.153082922068764],[30.011786297930787,0.153952868105958],[30.006730997601935,0.159605244397919],[30.000953425607985,0.163978665520064],[30.003745939686695,0.16722515393379],[30.00421396130825,0.169766161283804],[30.004117164560807,0.17000069732037412],[30.004203862973284,0.17064868281488]]]}},{"type":"Feature","properties":{"n":"Rugendabara-Kikongo Town Council","c":"406222","d":"Kasese","od":"Kasese","dc":"406","k":"RUGENDABARAKIKONGOTOWNCOUNCIL","a":["KIKONGO","RUGENDABARA","RUGENDABARAKIKONGO","RUGENDABARAKIKONGOTOWNCOUNCIL"],"lat":0.345614,"lon":30.19675},"geometry":{"type":"Polygon","coordinates":[[[30.172198897146437,0.3388045807620576],[30.17327196082756,0.341440425058386],[30.17456565970429,0.340572381488947],[30.17456628435148,0.34057234972748374],[30.17456634426922,0.340572309198057],[30.17484481988126,0.3405581870191588],[30.177092642236488,0.340443891897067],[30.178992876905973,0.344545602930036],[30.17899239791921,0.3445478592462498],[30.178621323103258,0.346680533904997],[30.17851807985208,0.3467821830866162],[30.17850039701628,0.346865479895928],[30.176050833382188,0.34921145266283177],[30.178001297298504,0.3502147375817391],[30.178008003547863,0.350217246227969],[30.180097170165034,0.356338407550407],[30.18009715205261,0.35633857029149785],[30.18009717226826,0.356338629524359],[30.180080837534955,0.35648515711552897],[30.179723582183026,0.359695115786344],[30.182030529672662,0.3610750274545051],[30.1821391476475,0.36113997921509666],[30.182217749125986,0.3611453246968434],[30.184097772535985,0.361271151900123],[30.18409671392344,0.36127310819686437],[30.18409997506895,0.361273329978873],[30.182791678775512,0.363690665695218],[30.185639271392446,0.36447457986037535],[30.186079494924243,0.364595585825797],[30.186079788194288,0.36459584979164933],[30.186080215957734,0.364595967550708],[30.18888114887197,0.367113472657496],[30.19594269562553,0.369020733534435],[30.19903762409665,0.373947716035752],[30.20022292825864,0.372922046277992],[30.200224012908112,0.3729266907796002],[30.200224548807686,0.372926227351568],[30.20095864970309,0.3760723819432],[30.203863217325182,0.375505166460692],[30.20549077475274,0.37413652439143],[30.209949467092073,0.3736330822846378],[30.2112,0.373],[30.21435594324327,0.3652189675209003],[30.214343292487804,0.36503457747528],[30.214471856580452,0.36493318118957524],[30.215531272691784,0.3623211725012913],[30.21540740837948,0.361970130354568],[30.216124734733164,0.36085798160616384],[30.217,0.3587],[30.217932434365935,0.3580553090516764],[30.218352710672235,0.357403709168813],[30.218309916561548,0.3573592202742898],[30.216977322272957,0.35597434286461377],[30.21243916176897,0.354274137675368],[30.21243916278536,0.3542741349904974],[30.21243576387522,0.354272861663463],[30.21287139614689,0.353131557159701],[30.212243911792218,0.352578522308155],[30.21243588474347,0.35203264285227037],[30.212244174376398,0.351550096191641],[30.213192292063827,0.34988178142222837],[30.21683627043686,0.33952004598742],[30.216838157885892,0.33951758791371045],[30.221095564294135,0.333595236847814],[30.221574560349726,0.3333492484328498],[30.221952109504656,0.332857556399478],[30.222686685287343,0.33277811669292906],[30.223736440483847,0.332239014932332],[30.22723305613959,0.3322864555534276],[30.227234714226523,0.332286276241854],[30.22923769328381,0.3307941173511],[30.22456788931693,0.32782389829001596],[30.22454995486466,0.327812495330719],[30.22454994859806,0.32781248713324623],[30.22454952597589,0.327812218325296],[30.22058116332265,0.322620965233648],[30.210978086337253,0.319891576947598],[30.20831752169582,0.317745701635416],[30.207883696199886,0.31734659011615396],[30.205733339037856,0.31557811381945566],[30.20571525994024,0.315564151115969],[30.20154345050473,0.3154566976557272],[30.19928483224591,0.315398593086169],[30.1992644360887,0.317821415902634],[30.199261028492867,0.3178221094438232],[30.199261026985788,0.317822263789745],[30.19917876517253,0.3178388523334712],[30.18470141071055,0.3207853994355862],[30.185031238918857,0.32298835737855],[30.185430949023228,0.330483605532056],[30.178137660109524,0.331348403751784],[30.17813680915562,0.33134825870882667],[30.178136716006563,0.331348269752426],[30.17812188044903,0.3313457141482482],[30.173321082423755,0.330527430171351],[30.17329208824012,0.3306052384322878],[30.17229664849631,0.3336087741437623],[30.1721720033642,0.3387384790814366],[30.172198897146437,0.3388045807620576]]]}},{"type":"Feature","properties":{"n":"Rukoki","c":"406223","d":"Kasese","od":"Kasese","dc":"406","k":"RUKOKI","a":["RUKOKI"],"lat":0.221105,"lon":30.054785},"geometry":{"type":"Polygon","coordinates":[[[30.01416285518955,0.24231012288930925],[30.0144649079207,0.242322664423918],[30.016888129382878,0.24332050166805258],[30.01689130616965,0.243321679442365],[30.01689146353373,0.24332187460897114],[30.016892177564024,0.243322168633281],[30.02195481495871,0.249598507134617],[30.02515594819344,0.248159515066189],[30.025156104838796,0.2481595228666645],[30.025156156402502,0.248159499672537],[30.028601026368893,0.2483308768644913],[30.029654911727068,0.246720321100302],[30.02965590490812,0.24672023823035505],[30.029655913171144,0.24672022561083],[30.029684669206368,0.2467178381685929],[30.032182237696897,0.2465094437700586],[30.033188424741514,0.24492673100778292],[30.033240407297612,0.244844926723006],[30.034288490986153,0.24486780891235468],[30.034402390702077,0.24477657401706354],[30.037939971021817,0.241941959064155],[30.037940628034058,0.24194240792726965],[30.037941468898154,0.241941734386102],[30.042722185550822,0.24520911235578305],[30.042745561006154,0.245225082194728],[30.04323602420311,0.24519739416607123],[30.044205381711286,0.24514149945321428],[30.043476232017195,0.2435433224921995],[30.04346683933058,0.243523049747335],[30.043466945402635,0.24352296775084192],[30.04346688488988,0.243522835116773],[30.04546687215927,0.2419764718732397],[30.045900167083744,0.2407981972352493],[30.04653738150694,0.239064718197118],[30.04653763013493,0.23906472078895963],[30.046537753554233,0.239064385170369],[30.04928310655015,0.23909326087087615],[30.052075704794735,0.236473487151867],[30.055602274031134,0.23781261107572554],[30.055783006398038,0.237881210969956],[30.055783042394992,0.23788125321047182],[30.05578308816116,0.237881270588997],[30.059514840531406,0.2422597352149964],[30.06020396033841,0.24246758452412442],[30.063336367284048,0.243411994371287],[30.063979655903466,0.24537127187048413],[30.064242646632717,0.24617123497889942],[30.06574891330216,0.24690687604304598],[30.0667495069643,0.24739503730542778],[30.069873147546417,0.245533680131387],[30.079410027408407,0.246925665384904],[30.08498133525432,0.248342173107651],[30.094020458188247,0.25002246697187946],[30.100031372368772,0.2489475600008039],[30.100031749125357,0.248947483753315],[30.10640014992175,0.240141507005128],[30.112895554426377,0.235387917508715],[30.113552366612527,0.233360540232471],[30.110123166100845,0.233191539033057],[30.111739216835776,0.230647954218248],[30.11148223497352,0.229753281409648],[30.107978630373537,0.227796800264657],[30.094381145492132,0.226431555599869],[30.08892751408354,0.227212469500051],[30.085880983110222,0.223634578072238],[30.081826859154035,0.222397417097969],[30.078019354700327,0.219123161120262],[30.076686754168307,0.21969418799884],[30.075919066299072,0.221922564991223],[30.075338800758356,0.220287302695961],[30.072148744439367,0.218238205351823],[30.069504462972812,0.214833696732188],[30.06565912103878,0.21431020994828],[30.06351034545211,0.214797180042643],[30.063520060330784,0.208992288972001],[30.065023932943202,0.20710698835762],[30.062016300474845,0.205907743931821],[30.059873442019708,0.206395977005822],[30.059992887036678,0.204890141484738],[30.06025273838097,0.202986610397782],[30.063753600667653,0.198401816459743],[30.06645784173139,0.192085245303348],[30.05928635846278,0.190693189172476],[30.060119226821236,0.193657359198993],[30.05975599465321,0.195188959289198],[30.05457735037767,0.194933730239746],[30.053939658487703,0.195523836241326],[30.05277745346895,0.198690401306022],[30.052774962462145,0.198691810075735],[30.05277844172996,0.198693264769017],[30.051830128427646,0.199227423058425],[30.05149117979254,0.202551368425269],[30.05149106029341,0.20255157060822612],[30.05149105571418,0.20255161550205],[30.05097440143479,0.2034257160355935],[30.050313349142925,0.20454416359251],[30.049403207887064,0.205466205126352],[30.048749795826158,0.20552249218450544],[30.047684909042605,0.2056147899097947],[30.04751748221372,0.20673921785754],[30.04751523303851,0.20673963901983944],[30.047515212813455,0.206739773700059],[30.04599510794384,0.20702460459960426],[30.045697149434268,0.20844709502173223],[30.04559038934683,0.208957415155199],[30.045590216409405,0.20895760638083594],[30.045590120135543,0.208958066004045],[30.044274754249663,0.21041217925739025],[30.044180498530434,0.210516402561449],[30.04418048501615,0.2105163921941154],[30.04418028900365,0.210516608882399],[30.043498745000964,0.20999340286877521],[30.043157315822242,0.20973147924414734],[30.04085494670243,0.2102433845846868],[30.040385328204277,0.213680818256223],[30.04038509021895,0.2136809860539566],[30.04038504820023,0.213681293625618],[30.037438315552922,0.21575927724304342],[30.036659253140197,0.21742341014782351],[30.035606534627455,0.219672599573575],[30.034524938805802,0.220184374464262],[30.032299083885274,0.223693887320631],[30.031762681620396,0.2234654106345852],[30.03053869517898,0.22294453677013945],[30.029822324400328,0.225266672600511],[30.029658175653893,0.225799102896084],[30.02965799946394,0.22579933645837205],[30.02965788371192,0.225799711671762],[30.029652806581055,0.22580622028786687],[30.02761134504061,0.22851243829412],[30.02754379083077,0.22850986812368124],[30.027421331553704,0.228666854509095],[30.023542437744478,0.228357715952152],[30.016486936278397,0.22966701121385358],[30.01499319371114,0.23131990861478913],[30.013025158239742,0.23349800778893148],[30.01238118899219,0.23522240177956213],[30.011455099729783,0.237703216875411],[30.00866886623949,0.24208200691666026],[30.01244424233944,0.24223876434718736],[30.013715494866613,0.242144266779177],[30.01416285518955,0.24231012288930925]]]}},{"type":"Feature","properties":{"n":"Bulembia Division","c":"406301","d":"Kasese","od":"Kasese","dc":"406","k":"BULEMBIADIVISION","a":["BULEMBIA","BULEMBIADIVISION"],"lat":0.204598,"lon":30.008842},"geometry":{"type":"Polygon","coordinates":[[[29.985748670481314,0.23808039389632343],[29.989060219748787,0.240826545122946],[29.991440217427474,0.241112547807125],[29.99229685186282,0.24233239535232703],[29.992327355982574,0.242375814329403],[29.99353398579364,0.24212473234095033],[29.994138813380292,0.24054005280135296],[29.994343424683215,0.239006247667278],[29.995758480687865,0.23629510234156256],[29.994664158010334,0.23248494245750337],[29.994593094776533,0.232237673275188],[29.994593114032565,0.23223758496445734],[29.994593027113634,0.232237282334323],[29.994997581343377,0.230381085772626],[29.99499797262471,0.230380849313385],[29.99499805600855,0.230380466903934],[29.9961315694977,0.22969579374415292],[29.998048851825402,0.22853714116873],[29.99804947564415,0.22853732595878998],[29.998049611323417,0.228537244004801],[29.998506054499735,0.22867257555544176],[30.001339394226434,0.2295118786692946],[30.000235253611642,0.22578061377544822],[29.99998335657978,0.22492987448583],[29.999983452017283,0.2249296909521534],[29.999983447448926,0.224929675514128],[30.00015248255905,0.2246046321915643],[30.00072574651339,0.223502201420522],[30.002544134715574,0.223197382892296],[30.003477355299403,0.22188678555817],[30.00549885721767,0.22282118313423616],[30.006145890545724,0.22247416408944995],[30.007601350477227,0.221691805466596],[30.009237647514386,0.222237173682141],[30.009899970132107,0.22181792809926676],[30.01001777346254,0.22174322336050362],[30.00976270368411,0.217164839558149],[30.00976287971682,0.2171645624835299],[30.00976286927359,0.217164375731696],[30.011938330406153,0.21374041380063621],[30.012094416418552,0.213494735184983],[30.012505030810363,0.21126972715672],[30.01593133178814,0.21074545071308612],[30.015878237974377,0.21037739403460654],[30.01543603121399,0.207324737205314],[30.018375625281667,0.203262995436197],[30.018375833147246,0.20326287238091442],[30.018376095894624,0.203262509137193],[30.01988094886161,0.20237130582537063],[30.020120798890005,0.20060684459814354],[30.02016704805289,0.200265680223439],[30.020167190513643,0.20026556374976046],[30.020167270722986,0.20026497368823],[30.02116331791124,0.1994498181708413],[30.020895703115848,0.19396076607289608],[30.020601789285926,0.19346053807861427],[30.019539803637496,0.191653988036813],[30.01954014606491,0.19165366951704801],[30.01953941003439,0.191652416826523],[30.02063358296536,0.190512190140712],[30.020825159920445,0.19045837294866394],[30.021033334157785,0.190264733050972],[30.026562865330266,0.188846456108672],[30.02656293399393,0.1888465356110062],[30.026563030229305,0.188846508576869],[30.028671920510785,0.1912879638353763],[30.031995161853377,0.1913304276602],[30.031995361420588,0.19133066604068458],[30.03199564583938,0.191330669653201],[30.03401274132417,0.19373997342726326],[30.03428879713883,0.19377705657918293],[30.035564930911722,0.193948130464356],[30.038380982347775,0.19617881895844375],[30.039755917608947,0.19530015157890718],[30.04219351607393,0.19374226452607],[30.042193714151548,0.19374225110139187],[30.04219386961866,0.193742151748438],[30.04467669581211,0.19357396742752472],[30.046405207953768,0.193456817801274],[30.046405334446604,0.19345687106547818],[30.04640537223619,0.193456868505647],[30.046557151751838,0.19352079901747785],[30.048303926762106,0.194256339335751],[30.048304140340225,0.19425664188890987],[30.048304294066256,0.194256706639307],[30.04939838772003,0.19580674451618485],[30.050873884016653,0.19789692149823276],[30.052774974827315,0.1986918030827082],[30.05277745346895,0.198690401306022],[30.053939658487703,0.195523836241326],[30.05457735037767,0.194933730239746],[30.059755472458203,0.1951889335528609],[30.059927721704245,0.1944648572134237],[30.060119129798558,0.19365776830356332],[30.06008075645471,0.19352044355534914],[30.05928635846278,0.190693189172476],[30.066330732952608,0.19206057222692],[30.06645784379955,0.192085233594228],[30.06629193973574,0.189568017214641],[30.06149092496157,0.183007591815328],[30.061058098195705,0.181381698036106],[30.062150665342077,0.177004577996884],[30.060580222631977,0.173813724828412],[30.058352945425597,0.171072503074655],[30.054041464489753,0.168512288746886],[30.05050151418473,0.16981410577383077],[30.05028093421729,0.16998413395209225],[30.05116108427613,0.17401724569576285],[30.0515425999702,0.1752332661032414],[30.052908417217022,0.177353393950812],[30.052908421943336,0.17735384009703759],[30.052908838352792,0.177354359810697],[30.052927304566627,0.17913628831841036],[30.05293759876081,0.180108021314982],[30.052937375786353,0.1801081276841352],[30.052937392829193,0.180109772261673],[30.048457635010465,0.182251481449275],[30.04655830873348,0.18052717650332678],[30.046487762249793,0.180463225546365],[30.046487721110747,0.18046309347110615],[30.046487529710973,0.180462919708662],[30.046399377661192,0.1801794703707011],[30.045930887887437,0.17867540274812424],[30.043035066271507,0.178010954366644],[30.040474553132796,0.179685917269783],[30.04047307424428,0.1796857985730487],[30.036105864787803,0.179600241066344],[30.026942610532213,0.17908378153443502],[30.026942481779496,0.179083786544406],[30.026246346014798,0.178858454240247],[30.026079891249402,0.1774867732419402],[30.02446788947393,0.1777422072002021],[30.024016406433194,0.177813857563413],[30.024016162026598,0.17781378685456908],[30.024016013424838,0.17781381040165],[30.021755908112844,0.17715987675265663],[30.021179031047332,0.176992981458989],[30.021096120505735,0.17703332238380498],[30.02005497986477,0.17754011970569716],[30.019984950514807,0.17782101994083666],[30.01948076948947,0.179849524783186],[30.019479372957573,0.17984898185659282],[30.01947905451017,0.179850259206019],[30.015903288980834,0.178458741634278],[30.01478018121493,0.179986316401086],[30.01018207134121,0.180307022904885],[30.010740089644386,0.181520119742395],[30.010197572024424,0.185367707422908],[30.008891350175777,0.18755941744049695],[30.008929161335143,0.18765280797404785],[30.009333829732565,0.188651363049652],[30.009333474722506,0.18865142964023537],[30.009333477378384,0.188651436200042],[30.00438757786298,0.18957924149149388],[30.002425578608108,0.192098416982671],[30.002904921148314,0.194765588413076],[30.002105739683934,0.19717181542746118],[30.00297645977626,0.198862208833366],[30.002976233736515,0.19886268728278866],[30.00297633650478,0.198862886825637],[29.999563480799235,0.2061088525861055],[30.002266540230927,0.20594983827030552],[30.002552658305767,0.205932593971784],[30.00696005924125,0.207605019933355],[30.0069455512172,0.209386536060797],[30.00662949675795,0.21004437323032035],[30.00661712060531,0.210136172629826],[30.00658399593091,0.21013907885586178],[30.006524184900734,0.210263569802428],[30.003943065142714,0.210370892336682],[30.002296110114514,0.213378491248861],[29.99650613377336,0.215247906436238],[29.99349602118012,0.21709686350904622],[29.993025285808617,0.218916491956635],[29.9930250385469,0.21891653111089293],[29.99302493698719,0.218916923675022],[29.99217548448709,0.21905105925022245],[29.991354836633267,0.21918101004916696],[29.990708336436395,0.221652818002922],[29.99383758611954,0.223904239548015],[29.991372277421924,0.22610607656495577],[29.99136006968759,0.226116987433211],[29.99136005959295,0.22611698865402868],[29.991359484326207,0.22611750244105],[29.98965694968036,0.226322958034335],[29.988775135644598,0.2264296021734762],[29.981219694529095,0.232516445184439],[29.98418335794904,0.23678232711600405],[29.985748670481314,0.23808039389632343]]]}},{"type":"Feature","properties":{"n":"Central Division","c":"406302","d":"Kasese","od":"Kasese","dc":"406","k":"CENTRALDIVISION","a":["CENTRAL","CENTRALDIVISION"],"lat":0.111136,"lon":30.17114},"geometry":{"type":"Polygon","coordinates":[[[30.041307443849938,0.146325989437282],[30.04130746345832,0.1463260047147824],[30.042159075850837,0.146474122259984],[30.04416945189896,0.1485558690674131],[30.044169581993884,0.148555970428423],[30.044169603321507,0.1485560258656439],[30.044169719852892,0.148556146534033],[30.045446445899294,0.151849133109966],[30.046615928065027,0.150141488175713],[30.04661675079319,0.1501421193262934],[30.046617013349035,0.150141734827779],[30.049530576858796,0.1523774421094753],[30.050089816359197,0.152806459068056],[30.049842375824856,0.15676771822031854],[30.049748145666147,0.15827682011071934],[30.05099206861764,0.160628018824622],[30.05094235589089,0.1624948358068647],[30.05098266937169,0.1625443702484596],[30.053622821285046,0.165785612461543],[30.048820693610494,0.165688929990762],[30.05138475936852,0.169133279807165],[30.051283001636275,0.1692117170380649],[30.051384770546274,0.169330655449759],[30.053660996368304,0.168388740274726],[30.053951255643444,0.1685454630578187],[30.054041464489753,0.168512288746886],[30.05556138008615,0.16941483470378615],[30.057116126642637,0.170254305577604],[30.057309198047847,0.170452712095441],[30.058352945425597,0.171072503074655],[30.060580222631977,0.173813724828412],[30.060580620540314,0.1738145333055804],[30.060580654839942,0.173814568553006],[30.062150315970467,0.177003589013471],[30.06215026974981,0.1770037742255503],[30.062150665342077,0.177004577996884],[30.061058098195705,0.181381698036106],[30.06149092496157,0.183007591815328],[30.06629193973574,0.189568017214641],[30.066446885135758,0.19191896082567939],[30.06645785513172,0.192085237370908],[30.069244491600113,0.192700693774029],[30.070289731686593,0.190757424970187],[30.071795777561622,0.189843868563213],[30.072358704662754,0.187817856784184],[30.070901634971456,0.186162359353095],[30.07201868316409,0.183544042566691],[30.076674431068547,0.18117856181994],[30.08629437606649,0.171871227046742],[30.09176383586487,0.171033851790167],[30.09470425760942,0.167013161939723],[30.095753286628305,0.167153194623287],[30.10140808603421,0.174150708173533],[30.15412737132815,0.195555217199653],[30.156691511809342,0.19253641950169406],[30.16747270460057,0.179843502135662],[30.167472958517184,0.1798432746677561],[30.167473068734218,0.179843144907732],[30.17706673174571,0.1712488172972074],[30.184604730092605,0.164495999202758],[30.1978109482381,0.14272378414007],[30.216013723872546,0.123093328701981],[30.24206891894702,0.105247276695249],[30.242084993595803,0.10524648933128708],[30.26602001300885,0.10370204058014218],[30.266495760728667,0.09705919278861293],[30.266170870628464,0.09607965675736811],[30.26185868958608,0.08402152087959638],[30.260896002835864,0.083081753958803],[30.258903590543657,0.079080263937365],[30.258372926411603,0.075683853485958],[30.258771176611678,0.07538791978450293],[30.2557,0.0668],[30.25570340693237,0.0667206184758288],[30.255088348362538,0.064918778845852],[30.254527784247916,0.061303754404112],[30.25535405950398,0.059063108036497],[30.254609113457725,0.054779823781112],[30.256344464456475,0.051783978164086315],[30.25664542976462,0.04477148648427293],[30.25462289197018,0.0370451550989324],[30.253301697107013,0.03293939468426672],[30.25323405251294,0.032810432403551],[30.175454414651604,0.06148600114848161],[30.173897655055892,0.062059942837431],[30.154623469359105,0.07205396430813825],[30.154623425022244,0.07205399478974676],[30.12607021702038,0.091684369926983],[30.10358425801414,0.117025631968249],[30.10234696473942,0.11832920873272178],[30.08359692691567,0.138083711678311],[30.08359692691566,0.13808371167831987],[30.08359687041354,0.138083771207337],[30.0721699588209,0.148641036467149],[30.06820016768051,0.138378395792399],[30.067895259768378,0.12231884149461293],[30.06546073864487,0.11764980781243944],[30.059508909507404,0.11761511687121465],[30.059086768288537,0.11792150835937464],[30.05733791115838,0.119191307840378],[30.057336940562966,0.11919153909056032],[30.05733693777959,0.119191541110745],[30.04847462486337,0.12130303981969408],[30.04648740000623,0.12249111417898244],[30.041044290743805,0.125745508280467],[30.041044056621793,0.12574544983235386],[30.041042490075235,0.125746386401657],[30.036527408059197,0.12461787714295677],[30.036493624884244,0.124609443237837],[30.039554419194324,0.12879760629310127],[30.03956407367304,0.128809395384399],[30.039563599980813,0.12881016859781552],[30.039563937310785,0.128810630175033],[30.03830741472687,0.131646102190703],[30.037361090067687,0.1324053515385287],[30.03635088450997,0.1340543219999376],[30.03630317424997,0.13441952730123918],[30.037413038936364,0.138822165825944],[30.03685855610165,0.142373761452501],[30.041066446790133,0.14480899213386],[30.04108134283932,0.14490514208746832],[30.041307443849938,0.146325989437282]]]}},{"type":"Feature","properties":{"n":"Nyamwamba Division","c":"406303","d":"Kasese","od":"Kasese","dc":"406","k":"NYAMWAMBADIVISION","a":["NYAMWAMBA","NYAMWAMBADIVISION"],"lat":0.218035,"lon":30.108262},"geometry":{"type":"Polygon","coordinates":[[[30.062015843965188,0.20590784794387693],[30.062016300474845,0.205907743931821],[30.064030883708313,0.20671102616077172],[30.0650233617,0.2071066197],[30.065023276451868,0.20710672659240065],[30.065023932943202,0.20710698835762],[30.063520106785056,0.20899223073550632],[30.063520057536973,0.20899395834689738],[30.063510560899505,0.21466844465449467],[30.06401671356604,0.21468242346696637],[30.06565912103878,0.21431020994828],[30.069504462972812,0.214833696732188],[30.069504690125225,0.21483398919059518],[30.0695048353,0.2148339932],[30.072148905679892,0.21823830892288879],[30.07478828925382,0.21993368772836727],[30.075338697,0.2202871888],[30.07533871769254,0.2202872493395541],[30.075338800758356,0.220287302695961],[30.075919066299072,0.221922564991223],[30.076686754168307,0.21969418799884],[30.076687189018273,0.21969400166316633],[30.0766873053,0.2196936625],[30.07750831959068,0.21934214256030637],[30.078019354700327,0.219123161120262],[30.081826813474606,0.22239737781603347],[30.082256050849008,0.22252838971282718],[30.085880983110222,0.223634578072238],[30.085881229335225,0.22363486724255338],[30.0858813324,0.2236348987],[30.086028511365548,0.22380783745634242],[30.08892751408354,0.227212469500051],[30.094071236844865,0.22647593189747797],[30.0943808735,0.2264315531],[30.094381051394524,0.22643156907385095],[30.094381145492132,0.226431555599869],[30.094383211735238,0.22643176305936627],[30.1054417084,0.2274247491],[30.10622087636353,0.22762031437001518],[30.107978630373537,0.227796800264657],[30.108839638103127,0.22827760377445963],[30.1099966842,0.2285680136],[30.111480919179126,0.22975254664439573],[30.11148223497352,0.229753281409648],[30.111739216835776,0.230647954218248],[30.110123166100845,0.233191539033057],[30.110125028358162,0.23319163081063585],[30.1131964469,0.2330041183],[30.113228147466582,0.23334456174875418],[30.113552366612527,0.233360540232471],[30.113301685745675,0.23413431499451257],[30.1133520101,0.2346747658],[30.11305573351815,0.2348934939008157],[30.112895554426377,0.235387917508715],[30.10670384146084,0.23991925373216702],[30.09935449072962,0.2499397122464986],[30.09933740039058,0.249964750743215],[30.100706888281405,0.2521904221980011],[30.1009739572,0.2526240183],[30.100973888475554,0.2526243469625251],[30.10097411393772,0.252624713380299],[30.100458728528316,0.255088059383077],[30.102219472259176,0.257087188432587],[30.102219350062622,0.2570874532520435],[30.1022194764,0.2570875967],[30.101746955519424,0.25811120771234203],[30.100791932400675,0.26018089541638],[30.101707786425894,0.263735916346394],[30.105227095416538,0.265806598304336],[30.105227301836905,0.26580733520252586],[30.1052276713,0.2658075526],[30.1058908115,0.2681757901],[30.105890767923476,0.2681758367478633],[30.1058909635755,0.268176535204243],[30.105333111228262,0.26878771650748],[30.105359411095904,0.26880545980128373],[30.106125847536795,0.26917414509748194],[30.106683313020532,0.26912661937107407],[30.10739000552328,0.2678727456691269],[30.10739012014315,0.267871964898146],[30.107390605068446,0.267871681905301],[30.1073907214,0.2678714755],[30.11039906351753,0.26603898207075666],[30.110154547341885,0.26542817765772947],[30.1101523932,0.2654246862],[30.110152833384277,0.2654238961705444],[30.110152673643483,0.265423497136082],[30.111975754416655,0.2621521725068178],[30.112201306105757,0.2617473591410618],[30.111894439873797,0.259034644152982],[30.114004894114593,0.25725091561923524],[30.114718366348843,0.2548431204123621],[30.115013914869053,0.253845039364897],[30.115014205775015,0.25384473432508076],[30.1150142438,0.253844606],[30.116855534710396,0.2518882159481629],[30.12002421094523,0.24657099007662794],[30.120184715049415,0.24566269073065097],[30.120445275707766,0.244187232856261],[30.12515227707,0.238423615218544],[30.127521311270613,0.237549819783338],[30.13067493431135,0.234852478148033],[30.130977209751737,0.2342864597239825],[30.132518107255684,0.231399727348915],[30.13251891428451,0.23139957890800195],[30.1325189733,0.2313994684],[30.132886962886605,0.2313318818583519],[30.13427782198149,0.2310760540772741],[30.134873649390542,0.23036201639707155],[30.137540992824817,0.227164734438702],[30.140137456000815,0.225635535374784],[30.14286010964905,0.220889746619342],[30.144460252796474,0.219658663078366],[30.144542168241756,0.21783125022455],[30.14652389580703,0.215942418269524],[30.146525388661175,0.2159425000471898],[30.146526876,0.2159410829],[30.147296987325962,0.21598476776497294],[30.147473015511327,0.215994410484693],[30.14997335513136,0.208376265331639],[30.1495277928839,0.207400233800802],[30.149529914250866,0.20739753543563308],[30.1495298133,0.2073973129],[30.149776785504418,0.20708351678482517],[30.15053224419766,0.20612257817338533],[30.1499596069,0.2000802335],[30.149959899974792,0.20008015982669866],[30.14995980556349,0.200079163247689],[30.152648243228427,0.199402675656233],[30.154691258171734,0.195819307671429],[30.15461106297412,0.19578174902910814],[30.101473522299834,0.17417727589216647],[30.10140808603421,0.174150708173533],[30.09795624927956,0.16987924375364813],[30.095752950628,0.16715314977131082],[30.09470425760942,0.167013161939723],[30.09176383586487,0.171033851790167],[30.091763481130876,0.171033906100004],[30.0917631766,0.1710343226],[30.087986434768897,0.1716121725619669],[30.086294383947543,0.17187122584015144],[30.084851679315342,0.17326704185046543],[30.076674431068547,0.18117856181994],[30.07667392702012,0.1811788179156035],[30.07186207799911,0.1839111188799658],[30.070901634971456,0.186162359353095],[30.072358704662754,0.187817856784184],[30.07183742184008,0.189693988057351],[30.0717959524,0.1898435369],[30.071795852947563,0.1898435972442396],[30.071795777561622,0.189843868563213],[30.070485330328715,0.19063877626521136],[30.070289704802185,0.19075747495261028],[30.069244491600113,0.192700693774029],[30.066473038814337,0.19208859083835714],[30.0664578527,0.1920852487],[30.065493202426786,0.19433845153169774],[30.063753600667653,0.198401816459743],[30.06278342009852,0.1996723828596503],[30.060252723685714,0.20298671804732163],[30.060250879054188,0.2030002308250432],[30.059881834920684,0.20629016825185326],[30.059873442019708,0.206395977005822],[30.061989740663826,0.20591379537126495],[30.062015814,0.205907836],[30.062015843965188,0.20590784794387693]]]}}]}
