{"type":"FeatureCollection","name":"Kitgum sub-counties","metadata":{"source":"Uganda Bureau of Statistics NPHC 2024 Map Explorer","retrieved":"2026-07-26","display_only":true,"clipped_to_dashboard_district":true,"positive_area_overlaps_removed":true,"source_gap_ratio":0.02246198},"features":[{"type":"Feature","properties":{"n":"Kiteny","c":"305101","d":"Kitgum","od":"Kitgum","dc":"305","k":"KITENY","a":["KITENY"],"lat":3.572167,"lon":33.385497},"geometry":{"type":"MultiPolygon","coordinates":[[[[33.270918330910185,3.500650577591657],[33.27329089157052,3.505468135768496],[33.272172574310126,3.518518846655394],[33.26973370499685,3.52803649332389],[33.26970369778326,3.5371857569482676],[33.272789527698514,3.5489957232906177],[33.27479184119233,3.551364652072688],[33.27411217939739,3.55405772361964],[33.2759,3.5609],[33.28042124205433,3.5643400754761205],[33.28337524155661,3.565405357681402],[33.28952057325945,3.5712634796539304],[33.2897,3.5714],[33.28977809934299,3.5714273347700445],[33.306458725339546,3.572905907970768],[33.307407736568,3.575185993504568],[33.3076605697571,3.577656110476398],[33.30765472195258,3.5776841526834033],[33.3077,3.5777],[33.30753544663384,3.578256118310438],[33.30564596438513,3.587316826851044],[33.30457320341618,3.588267203053325],[33.299219630511594,3.6063599348403743],[33.29884153133802,3.610299573498679],[33.294025249803255,3.6239146667233],[33.294,3.624],[33.29479510547316,3.6475549996424044],[33.29481696377946,3.647655547705673],[33.297151991705455,3.650695071260106],[33.298534565615306,3.6581198991241783],[33.3029,3.6703],[33.3029162516243,3.670320500414969],[33.307819187715374,3.674140302511613],[33.3121101734665,3.679205030912106],[33.31381502708096,3.683646595031791],[33.3163389778897,3.685672442129864],[33.31823214379223,3.68956093973391],[33.317287956842534,3.694384277524133],[33.31559475357715,3.6971366057232373],[33.31494413407381,3.6990187550007527],[33.31451515307508,3.701477669216379],[33.31375651294621,3.70245437326274],[33.3126,3.7058],[33.31951071887972,3.7136639214838136],[33.320071266826034,3.713744365895482],[33.32098821608401,3.7153452114059458],[33.322189798504716,3.716712529332954],[33.32587373919943,3.716654548719357],[33.32720127253783,3.720552995200665],[33.32966265683756,3.723403119545531],[33.32997803114676,3.72555541865501],[33.32997127065002,3.7255673079810605],[33.33,3.7256],[33.32818301839835,3.7351391534086713],[33.32853183336299,3.736391542809366],[33.327763610365395,3.737341045581681],[33.32764790421864,3.737948502852156],[33.327901990890595,3.739533701005886],[33.326831100924984,3.742446433983282],[33.329105069926854,3.751637049006422],[33.3301148649039,3.753156931995904],[33.32929518450787,3.754170213619412],[33.32980006015527,3.757590480436926],[33.327854905802944,3.758751039945597],[33.32786079879115,3.758842381262793],[33.32879189168924,3.759427476296429],[33.32854146510069,3.76157985924568],[33.32955040453233,3.762214577656978],[33.32823598315652,3.764097115939866],[33.37316217585745,3.7604962689356585],[33.38468648018886,3.759570915860889],[33.38464342633695,3.754879125859667],[33.38223721595285,3.752748584612667],[33.382164758289846,3.749869450046183],[33.383225776998735,3.749477176324712],[33.383826621053885,3.748019677412349],[33.38528800225409,3.74111558047913],[33.38640372027488,3.73943192976959],[33.385938036901365,3.736005164805683],[33.39010180638392,3.728135473892422],[33.392471324732,3.724743097645835],[33.39441050185772,3.723659003803609],[33.39512749693814,3.720771768979966],[33.39973255442454,3.716699643550657],[33.40365891958297,3.716936051808458],[33.40831188631763,3.714148387739227],[33.41018755202665,3.714267273498306],[33.41387449546266,3.710513948001639],[33.419470964376636,3.706859068634625],[33.42358301420311,3.699720337994435],[33.427123644933275,3.696008484119591],[33.440257936386104,3.686129204377175],[33.44294192823745,3.681674969749084],[33.44168564906729,3.677505777495165],[33.44216302688642,3.664376631026224],[33.43904207478411,3.658108066545588],[33.43966065528619,3.648085989658678],[33.441530856778215,3.64683530837632],[33.44579624933197,3.634204987578055],[33.44860587080035,3.632133771479544],[33.44957508008789,3.629126224186468],[33.452566793060484,3.625954706242436],[33.455314196712386,3.620671169731642],[33.45701304527303,3.619775384021146],[33.45757787259489,3.617012193576874],[33.45911431616643,3.615710453593545],[33.46153543667229,3.603720352953921],[33.47131520572771,3.5875414953894],[33.47333361196054,3.579981792734019],[33.47230227417643,3.562418876146047],[33.4774338934449,3.555922393981308],[33.47745801971268,3.554018410437744],[33.480468969600615,3.545900173560346],[33.47544377127267,3.541323614196338],[33.47785499690378,3.535897341637005],[33.48392344757882,3.529814197517555],[33.49209045833408,3.523415849258844],[33.49648693145222,3.517650812268054],[33.497349902900616,3.51536106154375],[33.49750077080416,3.511705995396131],[33.49307104671474,3.501066893064589],[33.49245982079325,3.495731966628557],[33.492511737883646,3.489202758577888],[33.495299315088076,3.475223339818238],[33.49499104645503,3.466854353208441],[33.48939460521651,3.456289667825606],[33.48537927124817,3.454804887491651],[33.48377233450448,3.456089785241792],[33.45786365765724,3.458349116653868],[33.457456482844684,3.453272290560855],[33.45625774047633,3.452638316073557],[33.455720804468264,3.450468636719971],[33.45620773951454,3.449373738099393],[33.45456157034741,3.446898667578969],[33.457996117495306,3.44796333743566],[33.46433731383829,3.446560441803906],[33.47107798037347,3.447026592756213],[33.4722327424851,3.446396609890306],[33.472060208980054,3.440831318104046],[33.471048960901875,3.43427013585033],[33.46676618084387,3.433235101747611],[33.459484908698094,3.429737297414793],[33.45480748366198,3.429795019433763],[33.45442300121979,3.429011773687978],[33.45476119908213,3.417466490285874],[33.45359999580766,3.412790136490976],[33.45443784043548,3.408247979913109],[33.45243206226124,3.397528505533389],[33.44920073580129,3.394162898269584],[33.44927659648997,3.392335972698007],[33.44765935957956,3.392983091992491],[33.44407887830381,3.391153300550342],[33.44360396212116,3.38871919069549],[33.443051928591125,3.387729338028297],[33.441984743884134,3.3877275013703],[33.44095800525446,3.385349876693055],[33.43859758281225,3.384112561080316],[33.43901519696235,3.384914604311766],[33.43835014083818,3.385463999004768],[33.43444863516671,3.383599117961367],[33.43439069008054,3.381009739580093],[33.43273458778864,3.379848563453255],[33.430374107713426,3.379885394954421],[33.42953660076576,3.379068102673572],[33.429404193197826,3.379866802156521],[33.42877592099226,3.379477831308473],[33.42617684230251,3.380734886780909],[33.42509224345646,3.380755406182313],[33.424633484426465,3.379955465673302],[33.423777334694215,3.381459238875431],[33.42269022182028,3.381112916676575],[33.42160681523096,3.379270182435738],[33.42189187504926,3.380508375869637],[33.420883455195245,3.380602676661822],[33.42073149754876,3.38166751678629],[33.42027430870873,3.380678821009298],[33.418637993670345,3.381534507336623],[33.41840881061815,3.380850141845669],[33.416619546417394,3.381668579179771],[33.416066723527585,3.38326717765302],[33.4144686577776,3.383456845090216],[33.413916382994714,3.382430102180615],[33.41210711626334,3.382771021535317],[33.412469667700826,3.382068423349356],[33.41146028389132,3.381838918056157],[33.410813454245876,3.380412327891934],[33.40997600899399,3.380888210089432],[33.41046919950696,3.382410581701678],[33.40784400273845,3.381097607127713],[33.40776696659364,3.382905032259615],[33.40706354104976,3.382353962012719],[33.40408767001899,3.38301516107309],[33.41068155379414,3.402646150619893],[33.408820505711944,3.411049425212538],[33.41883901371715,3.418534069851495],[33.39328876364844,3.434717771516883],[33.39082766631175,3.438297392127268],[33.38406064103841,3.437922589781044],[33.38394125954893,3.439104654925349],[33.38207872923601,3.439418804882316],[33.377010635161696,3.443380448968393],[33.37015653648405,3.447271041656843],[33.36851517606183,3.447342119031472],[33.364803673245035,3.445771802835469],[33.35481031877117,3.438098356319443],[33.35309670299149,3.436527349934667],[33.35083800564537,3.432187161156223],[33.349221618111464,3.44898867643656],[33.349365486174264,3.458449926056258],[33.34494922697602,3.457572678684804],[33.34334766506906,3.456393157271402],[33.33827581418419,3.456247172432505],[33.33487276692398,3.458939564465085],[33.333757839196686,3.461888287649018],[33.33452681700014,3.464817787091307],[33.333258010917206,3.47372337766768],[33.33405798778931,3.476838244997781],[33.31980657936281,3.473386847181038],[33.309218241646434,3.468984947515529],[33.305768046834416,3.469579602498498],[33.302317804140166,3.468152135367955],[33.28923077395084,3.467081348164339],[33.277928822639474,3.463869215054038],[33.27610383582491,3.462425758461051],[33.269500873963906,3.482955175708029],[33.268393051818364,3.491369149190291],[33.27005900620061,3.495376245152117],[33.270918330910185,3.500650577591657]]],[[[33.453087531254276,3.400637469108223],[33.453087527067794,3.400637474140183],[33.453087531254276,3.400637469108225],[33.453087531254276,3.400637469108223]]]]}},{"type":"Feature","properties":{"n":"Mucwini","c":"305102","d":"Kitgum","od":"Kitgum","dc":"305","k":"MUCWINI","a":["MUCWINI"],"lat":3.42618,"lon":33.120617},"geometry":{"type":"Polygon","coordinates":[[[33.00336245297179,3.359845396204264],[33.0061505786636,3.357330639029933],[33.012865058967535,3.358395017626584],[33.02114466509165,3.358445926685625],[33.026580204651296,3.36064092899045],[33.031574768177826,3.361205056972416],[33.03369611037325,3.363540534477226],[33.03366902288707,3.36473495940848],[33.03061514352195,3.367729489340814],[33.03151522803487,3.370916949971094],[33.03131143040397,3.375898577021578],[33.03294353983518,3.377440961378364],[33.027233320466614,3.389940542284178],[33.02613544935246,3.39423388293999],[33.02371720771416,3.39480981876178],[33.02236451745144,3.397784451138445],[33.02188716412602,3.404066508567198],[33.01333582016868,3.409505852777656],[33.01286054681943,3.411246986714972],[33.01358879021522,3.412723816126866],[33.01457846327085,3.412724284308284],[33.014097568801695,3.413120449139385],[33.01485122651837,3.41449703802428],[33.01553517512771,3.41378408087168],[33.016475291821756,3.414627991348526],[33.01737334155822,3.41424813190853],[33.01931040833235,3.417022216594671],[33.0220104226919,3.414585860342016],[33.02481620304923,3.414065162919704],[33.02665891111225,3.412623063017002],[33.028535292621044,3.412958717017041],[33.02950136680145,3.411214687795321],[33.02918012634803,3.409415708214075],[33.02817254567078,3.409148811521677],[33.03116150160557,3.405158151446845],[33.03396926391175,3.403774342761822],[33.03721990926561,3.404854290120848],[33.03385680424757,3.414226775845556],[33.03612207333141,3.414323401863744],[33.036346796671765,3.417052856433074],[33.03790264929205,3.41726701947908],[33.037870701606224,3.417881899909499],[33.03967669369798,3.417695162600713],[33.04129309819336,3.418836933878945],[33.04244475241369,3.419027290933043],[33.04432927819567,3.417076138335286],[33.04313324106247,3.415716382553108],[33.04416658827956,3.414827161530163],[33.04467213060153,3.415259688000031],[33.044978553293255,3.414410736496526],[33.04966165631636,3.416998290055046],[33.05142134057201,3.420035279261893],[33.05206624607427,3.423339086961778],[33.05400509648246,3.439488732043043],[33.05709089673925,3.441560643483668],[33.05716762711612,3.44073338402063],[33.057969165019465,3.441037350928385],[33.05995043145459,3.439907032934806],[33.06146198207095,3.442234822685368],[33.065597005281205,3.440956779959393],[33.068332006605004,3.443533709497113],[33.06978451675142,3.446336725771249],[33.07153258559719,3.44666941727087],[33.07186654194869,3.44775845185639],[33.073233600794154,3.447632753833107],[33.075358549341765,3.452119349644103],[33.07490128124998,3.453274482839929],[33.077068425546685,3.455899967190314],[33.07841862937323,3.455652369609885],[33.079171865398415,3.45644248426168],[33.08278992906743,3.455225198983513],[33.083159846444744,3.456071287821661],[33.084464698243806,3.455719407875744],[33.08826053965703,3.456775210283779],[33.08896573135082,3.457736913179977],[33.091125591208716,3.458184235916968],[33.0925444422241,3.459935534711863],[33.09440122351356,3.459489477891437],[33.095875684517544,3.460354318247048],[33.098159608428816,3.459535991346113],[33.10436353941579,3.463380045584725],[33.10520317727093,3.464675420486067],[33.10963735997598,3.465959994041834],[33.10999065143043,3.467207168054573],[33.111799473119156,3.467217104902959],[33.114787641835925,3.469358198633495],[33.11725269454816,3.469225161857049],[33.117224209633186,3.470157697092434],[33.12013763077326,3.470130850210964],[33.12205984564767,3.471404960077742],[33.12251613346388,3.472965462086164],[33.1247147563122,3.475173603619655],[33.14219901263584,3.486385649698472],[33.144530994804775,3.488812954254264],[33.14610135173294,3.492143920209729],[33.15057473680363,3.496569716148922],[33.15611346434318,3.498954118902596],[33.156817333025025,3.511509307943418],[33.1629,3.5161],[33.1682723774218,3.517702808733576],[33.16829528330291,3.517707478569669],[33.16830746634878,3.5177132772532267],[33.17912848676275,3.5209416479844666],[33.183371534710446,3.5215137879925025],[33.19476926170181,3.5215800538471034],[33.20101352494647,3.520879650462724],[33.2205160071728,3.516053689746296],[33.232778563127916,3.5140755693927033],[33.2391,3.5127],[33.2712,3.5139],[33.27070249315605,3.516241208677413],[33.27221311079971,3.51641933684643],[33.27329080917853,3.5054690972791716],[33.27329089157052,3.505468135768496],[33.270918330910185,3.500650577591657],[33.27091828647267,3.500650304844681],[33.27091819119491,3.500650111413745],[33.27070475506662,3.499339699424788],[33.27005900620061,3.495376245152117],[33.268576974414835,3.4918115355493926],[33.26839322351289,3.491369603105704],[33.26839322541076,3.491369566729578],[33.268393051818364,3.491369149190291],[33.268393375430634,3.4913666913363413],[33.2684937794458,3.489442272714407],[33.26950053477073,3.482957751899878],[33.269500873963906,3.482955175708029],[33.269500991448474,3.4829548104341272],[33.269500996369366,3.482954778738591],[33.27610382456855,3.46242574829837],[33.27317513808018,3.453622985817969],[33.27226501077111,3.444133947153569],[33.26555678196582,3.439612192847573],[33.2621387304369,3.435116914638972],[33.25840048293412,3.433263382965679],[33.25734114372809,3.433543222946585],[33.256545624184206,3.432169202310219],[33.2554027548951,3.432422668234462],[33.251383204384304,3.428271337141755],[33.248349604102344,3.427322200613076],[33.24609666327344,3.427646662692269],[33.244186920657604,3.426662861309252],[33.24347102524988,3.427158782365474],[33.237110820480034,3.420883550107581],[33.23286047770862,3.4199512438796],[33.23301930282423,3.418930478091272],[33.22912531927604,3.419247670759976],[33.228517231033166,3.418135428789718],[33.22555110121357,3.416742904731264],[33.22480311761292,3.417276952831442],[33.2242647861767,3.416489890709937],[33.22218257728945,3.41807698922827],[33.21987432082973,3.418386556166123],[33.21621169826966,3.42197827292521],[33.214972628980924,3.421741597236401],[33.21230635379022,3.424786607601665],[33.2111179018659,3.424549361059541],[33.209783699250636,3.426381996732569],[33.20419367189872,3.42597703764017],[33.202837152604076,3.426976435227634],[33.19955372214165,3.427380919765154],[33.19888669950513,3.428976028503059],[33.197556354851876,3.429736192734329],[33.19653180358673,3.428856186605904],[33.19336723133038,3.429831367499153],[33.19203462103898,3.428285115251882],[33.189133436195874,3.427287022599031],[33.18798973985833,3.4231692397303],[33.188370203711536,3.421741473219809],[33.18351641865101,3.412961878660083],[33.1841110117238,3.410629509118426],[33.183301980412566,3.403919343286053],[33.18180332202796,3.400968774866333],[33.181392242326766,3.397416297405252],[33.17956305378716,3.396990139791553],[33.17949849980293,3.395875695055868],[33.18071978262495,3.394714761994683],[33.177426776060734,3.387900232188147],[33.17664614878057,3.383026849695666],[33.17468587069328,3.380419064315301],[33.17479968375747,3.379124535054572],[33.17360027445693,3.378533880300278],[33.17344815178604,3.37703061016316],[33.17076686601067,3.373622879918347],[33.1712590473827,3.371529294649734],[33.170288298128376,3.370348762255242],[33.170440512458875,3.369035620041532],[33.168994325704496,3.368237418361316],[33.16973619245772,3.36743662430729],[33.16800945362824,3.366419225775849],[33.16693310004049,3.359125412712399],[33.16586185356388,3.358836184221399],[33.16207324108252,3.353327087614784],[33.15882150435798,3.350712086873835],[33.158606977403785,3.34873176607331],[33.157427561577535,3.34794381495814],[33.15647090082809,3.34566051052002],[33.152169257305154,3.351874435552636],[33.15032927782457,3.352669783057093],[33.14882431247607,3.355008038954316],[33.14891536121915,3.35623027414906],[33.146806617363076,3.358464055956274],[33.14084853384319,3.355728426048469],[33.121051910011275,3.353539362546713],[33.11457928257825,3.350065311254017],[33.10809696415699,3.348812936998933],[33.1065629243087,3.357020627172976],[33.09758418585461,3.356314940174048],[33.09107020899117,3.357394028288727],[33.08243307060915,3.357394043000795],[33.08184728787139,3.357318222451334],[33.08268786016843,3.355435833063413],[33.08236593064154,3.350595961214951],[33.077336399778424,3.336543510425381],[33.07263913609601,3.332915048525094],[33.0605068099285,3.332082475844394],[33.05785668500814,3.330736840773825],[33.05728574542744,3.332901898026301],[33.05460580661308,3.332602165042157],[33.052703100574576,3.336313520736748],[33.054685781713694,3.338508019672127],[33.0542669461282,3.339582381457623],[33.05118229635557,3.33929932922899],[33.04876218444075,3.344286302960635],[33.04511857586522,3.343162345155457],[33.04684721029003,3.340743695803004],[33.04844297178416,3.335500677688581],[33.03423286408289,3.335441749593948],[33.02998592393923,3.337354696864881],[33.027045492037075,3.337530415505225],[33.02259042436372,3.336091619244784],[33.02386640260777,3.339890401976027],[33.01536781319074,3.338606026563994],[33.00991981239592,3.335193506639609],[32.99989216143795,3.33582908643582],[32.995296520161624,3.33356128162499],[32.992795553944106,3.333788828052299],[32.992398404663845,3.335018520158738],[32.991142082004565,3.335696329740015],[32.99928651070517,3.343957671203112],[33.00336245297179,3.359845396204264]],[[33.04570296861071,3.402816870913419],[33.06082935005874,3.399969046036894],[33.061691459277796,3.404164324318439],[33.05653791324104,3.406334463436199],[33.05684655408476,3.407770349138168],[33.05111647549809,3.409685324688645],[33.04738388060976,3.411842865805386],[33.04583178997163,3.409989826629307],[33.04570296861071,3.402816870913419]]]}},{"type":"Feature","properties":{"n":"Muchwini East","c":"305103","d":"Kitgum","od":"Kitgum","dc":"305","k":"MUCHWINIEAST","a":["MUCHWINIEAST"],"lat":3.462251,"lon":33.034669},"geometry":{"type":"MultiPolygon","coordinates":[[[[32.9658,3.4572],[32.96643904632078,3.4611214206047904],[32.967372903081994,3.464073595475852],[32.971897650377294,3.473446071856725],[32.98056441928188,3.4795522044940514],[32.98357550758726,3.4799579556179245],[32.99199501482355,3.4798089377907337],[32.993029558669754,3.479296090192912],[32.99820399474889,3.478386587967391],[33.00380347019322,3.479491471755026],[33.00459361559482,3.480817574509347],[33.01835920671448,3.488441758557998],[33.02264088384553,3.495875244015826],[33.02448524902125,3.50053434799236],[33.02911816757939,3.501876296816098],[33.028875926743154,3.501128289163234],[33.02963510818241,3.5016479654878],[33.03076772788187,3.500858556195224],[33.03638032778877,3.506182897831018],[33.03704368444752,3.507934978043775],[33.04244515936344,3.514151575856761],[33.041763575452414,3.5187901047472834],[33.04206704161321,3.5191980758111376],[33.045285501406816,3.520055652527432],[33.048882028883824,3.519926410560801],[33.05279970331628,3.51831286260243],[33.06046040730566,3.514605309375451],[33.06185976596482,3.510190964864574],[33.06476330560723,3.509095446351222],[33.07318574962262,3.509333320394762],[33.07760429573589,3.511078781921138],[33.080403001751264,3.509724444932319],[33.08586340089078,3.506366171283134],[33.09351720206672,3.500949714416361],[33.10129033459191,3.498233104502219],[33.107045899865504,3.4973513667114973],[33.1087,3.4968],[33.110419866455544,3.4972327405920396],[33.111455821364245,3.497223180059085],[33.12197675954939,3.499834281459803],[33.12256987335506,3.500289839102241],[33.1242,3.5007],[33.1333,3.5099],[33.13429547888996,3.5098056914735825],[33.13995518249411,3.50876538985847],[33.141204055479314,3.5091511947440646],[33.14183786348453,3.509091149775149],[33.14233428279382,3.508552255039296],[33.14849556743305,3.507529593888824],[33.15109301904622,3.508214345564042],[33.1523,3.5081],[33.156817333025025,3.5115093079434154],[33.15611346434318,3.498954118902596],[33.15057473680363,3.496569716148922],[33.14610135173294,3.492143920209729],[33.144530994804775,3.488812954254264],[33.14219901263584,3.486385649698472],[33.1247147563122,3.475173603619655],[33.12251613346388,3.472965462086164],[33.122515675589305,3.4729638961574354],[33.1225153770356,3.472963596231351],[33.12205937952039,3.4714046511126115],[33.12013763077326,3.470130850210964],[33.117224209633186,3.470157697092434],[33.117224259912824,3.470156051044589],[33.11722351186692,3.47015605795181],[33.117224411586555,3.4701510855708495],[33.117251327494635,3.469269916267546],[33.11713348930925,3.4692315952613493],[33.114787641835925,3.469358198633495],[33.11478703856609,3.4693577663763566],[33.11478695725226,3.469357790898161],[33.11339087403488,3.4683573813887887],[33.111799473119156,3.467217104902959],[33.11081695996254,3.4672117074199815],[33.10999166100357,3.467207514381578],[33.109991564349734,3.467207173069739],[33.10999065143043,3.467207168054573],[33.10963736643734,3.465960016851443],[33.10954997666909,3.4659346792786163],[33.10520317727093,3.464675420486067],[33.10436353941579,3.463380045584725],[33.098159608428816,3.459535991346113],[33.095875684517544,3.460354318247048],[33.09440122351356,3.459489477891437],[33.0928582996541,3.459860136360919],[33.092545548424305,3.459935565580906],[33.09254534721832,3.4599353173040046],[33.0925444422241,3.459935534711863],[33.091125591208716,3.458184235916968],[33.08896573135082,3.457736913179977],[33.088260671926605,3.4567753906659906],[33.08482019042441,3.455818287006734],[33.084464698243806,3.455719407875744],[33.083159846444744,3.456071287821661],[33.08315958750078,3.456070695555367],[33.083159414362086,3.456070742225987],[33.08278918972479,3.4552254477328423],[33.079171865398415,3.45644248426168],[33.07917144270462,3.456442040872687],[33.07917018587618,3.456442464016587],[33.078732524390006,3.4559816330062025],[33.07841894433769,3.4556526999950816],[33.0781227059491,3.455706635434324],[33.077068425546685,3.455899967190314],[33.07490128124998,3.453274482839929],[33.07490138144011,3.4532742297434593],[33.07490095068523,3.453273707884225],[33.075358402360024,3.452119039308279],[33.073234004044345,3.447633605251655],[33.07241471953956,3.447708048144941],[33.07186654194869,3.44775845185639],[33.071866364589035,3.4477578734850107],[33.07186590498467,3.44775791524618],[33.07173086083216,3.447315994547706],[33.071532678152764,3.4466697190953965],[33.069785398033936,3.446337278278374],[33.06978517678851,3.4463368513891437],[33.06978451675142,3.446336725771249],[33.06833222215102,3.4435341254522016],[33.06796183305852,3.4431849304534934],[33.065597353800115,3.4409571083353514],[33.06464716367786,3.441250354648157],[33.06146198207095,3.442234822685368],[33.05995047460364,3.43990709938439],[33.05990451289688,3.4399332295992715],[33.057969165019465,3.441037350928385],[33.0571679784164,3.440733517244098],[33.057092892837865,3.44156023411001],[33.05709104978923,3.4415589933934134],[33.05709089673925,3.441560643483668],[33.05400509648246,3.439488732043043],[33.05206624607445,3.423339086963321],[33.05206624518493,3.423339082405768],[33.05142134057201,3.420035279261893],[33.05131846267479,3.419857725213506],[33.0496615354671,3.416998223282241],[33.044978553293255,3.414410736496526],[33.04467213060153,3.415259688000031],[33.04416658827956,3.414827161530163],[33.04313324106247,3.415716382553108],[33.04432927819567,3.417076138335286],[33.04244475241369,3.419027290933043],[33.04129309819336,3.418836933878945],[33.03967669369798,3.417695162600713],[33.037870701606224,3.417881899909499],[33.03790264929205,3.41726701947908],[33.036346796671765,3.417052856433074],[33.03612207333141,3.414323401863744],[33.03385680424757,3.414226775845556],[33.03721990926561,3.404854290120848],[33.03396926391175,3.403774342761822],[33.03116150160557,3.405158151446845],[33.02817254567078,3.409148811521677],[33.02918012634803,3.409415708214075],[33.02950136680145,3.411214687795321],[33.029501357351066,3.4112147048558494],[33.02950137431008,3.411214799610903],[33.02936428273104,3.4114621621916776],[33.028535292621044,3.412958717017041],[33.028534910361266,3.4129586486370114],[33.02853488225597,3.412958699349092],[33.02665855903591,3.4126233385512905],[33.02582760629131,3.4132736406236517],[33.02482036555138,3.414062665532578],[33.0248190908773,3.414062902910823],[33.02481620304923,3.414065162919704],[33.022151754832024,3.41455963188801],[33.02201029512605,3.4145859754509758],[33.01931040833235,3.417022216594671],[33.01923809722579,3.416918659434928],[33.01892412559292,3.41718287184297],[33.017375953879466,3.4142518730291016],[33.01737334155822,3.41424813190853],[33.01650361447235,3.414616011359269],[33.016475583711774,3.414627892392634],[33.01647556516323,3.414627875729829],[33.016475291821756,3.414627991348526],[33.01553517512771,3.41378408087168],[33.01485122651837,3.41449703802428],[33.01450134723572,3.4138579681641947],[33.01409793821528,3.413121960799305],[33.01409825412562,3.4131217009136066],[33.014097568801695,3.413120449139385],[33.01457718145756,3.4127253402766478],[33.01411853314048,3.412724066730631],[33.01358879021522,3.412723816126866],[33.0129500702667,3.4114285343414164],[33.012137320632874,3.411491266360838],[33.012116606625426,3.416359619914852],[33.00890052382482,3.420306571321512],[33.00225505530561,3.423844309335208],[32.996847010474895,3.427997065772466],[32.99353402890021,3.427544558189548],[32.984822769976596,3.430421394511838],[32.98258579910673,3.432145026462606],[32.98049221400695,3.437150597461367],[32.9690655115971,3.436620155051714],[32.95486289835899,3.431448781263692],[32.951422380234405,3.433740539253035],[32.94904643370182,3.439756700410794],[32.95046184442385,3.4439399171148093],[32.9658,3.4572]]],[[[33.05101834950441,3.409742044175308],[33.05111647549809,3.409685324688645],[33.05111657338977,3.4096852919735325],[33.05111663400648,3.409685256950156],[33.05393883569716,3.4087421001422245],[33.05684655408476,3.407770349138168],[33.05653791324104,3.406334463436199],[33.061691459277796,3.404164324318439],[33.06082935005874,3.399969046036894],[33.050055929599914,3.4019973444037785],[33.04570298119016,3.4028175713547606],[33.04581701070469,3.40916689612681],[33.045831995120444,3.4099900715562317],[33.04738338210325,3.411842270639058],[33.05101834950441,3.409742044175308]]]]}},{"type":"Feature","properties":{"n":"Muchwini West","c":"305104","d":"Kitgum","od":"Kitgum","dc":"305","k":"MUCHWINIWEST","a":["MUCHWINIWEST"],"lat":3.385812,"lon":32.991551},"geometry":{"type":"Polygon","coordinates":[[[32.95480762236322,3.391310643652734],[32.95597510549309,3.393526302088543],[32.95716174167484,3.398738851847665],[32.95659830017544,3.399886719913334],[32.95705674644677,3.404808546682273],[32.954930687406225,3.409576040062352],[32.95886998403669,3.418859768385685],[32.9597248050254,3.424331840051705],[32.954863047192305,3.431448766084468],[32.9647353292845,3.4350434739907487],[32.96906545327334,3.4366201338152003],[32.97129275594727,3.4367235466355335],[32.98049221400695,3.437150597461367],[32.98258579910673,3.432145026462606],[32.984822769976596,3.430421394511838],[32.99095665715119,3.428395718363828],[32.993533125954954,3.427544780453025],[32.99353328866696,3.427544802646739],[32.99353402890021,3.427544558189548],[32.99537670434016,3.427796242236271],[32.99684731526917,3.4279968317255154],[33.00225505530561,3.423844309335208],[33.00890052382482,3.420306571321512],[33.012116374894326,3.41635990430784],[33.01213072408316,3.413041634454863],[33.012137320632874,3.411491266360838],[33.01215160341318,3.4114901639455133],[33.012864373642564,3.41123296738981],[33.01333582016868,3.409505852777656],[33.01333632930236,3.4095055289275846],[33.01333634844987,3.409505345760056],[33.01574331656146,3.40797449096703],[33.02188716412602,3.404066508567198],[33.02236451745144,3.397784451138445],[33.02371720771416,3.39480981876178],[33.02613498433905,3.394233993689005],[33.027189497218004,3.3901119177147776],[33.027233320466614,3.389940542284178],[33.03294353983518,3.377440961378364],[33.03131143040397,3.375898577021578],[33.03151522803487,3.370916949971094],[33.031165816679724,3.3696795828991015],[33.03061524559603,3.367730313179027],[33.03061534784111,3.3677302128943034],[33.03061514352195,3.367729489340814],[33.03366902288707,3.36473495940848],[33.033685659897344,3.3640013490719762],[33.03369606423413,3.3635404836806697],[33.03157480064143,3.361205092713005],[33.02734695963072,3.3607275327420907],[33.026580204651296,3.36064092899045],[33.02114468789014,3.3584459358922087],[33.01897464381344,3.3584325838116142],[33.012865058967535,3.358395017626584],[33.012864891439584,3.358394991070073],[33.012864877813264,3.358394990986232],[33.01273383597306,3.3583742161735475],[33.0061505786636,3.357330639029933],[33.00336245297179,3.359845396204264],[33.00336093859546,3.359839493276021],[33.00335924407316,3.359841018202571],[32.999408966635336,3.3444349954673034],[32.99928651070517,3.343957671203112],[32.99163270208978,3.3361939926457413],[32.991142071116165,3.335696335672394],[32.98702437439327,3.337255941454974],[32.98247735951307,3.344722471222883],[32.98321967431415,3.346353480990504],[32.9827910596486,3.347247534512606],[32.97891023245731,3.351288942133747],[32.97504089693629,3.353752057361921],[32.97431077938635,3.354614707249763],[32.97461892722004,3.355843905698142],[32.97140097162015,3.35810604133373],[32.969108977136784,3.358713153325211],[32.969028644544395,3.360612643169727],[32.96612007356973,3.360802306896157],[32.96509502786926,3.359996288940573],[32.9641647743504,3.361187507342894],[32.962901608484636,3.361223539904789],[32.96241070788512,3.359900590505945],[32.960955647762496,3.36070540672116],[32.95795990994986,3.367267955148999],[32.95908143391882,3.367945040015221],[32.95848341498176,3.370204033205106],[32.95665596404387,3.370335562997401],[32.956812975463905,3.374104618052444],[32.95339372352656,3.381584457514783],[32.95541527569507,3.383282043162862],[32.952550246793244,3.3883424873893],[32.95303741507152,3.390124776076354],[32.95480762236322,3.391310643652734]]]}},{"type":"Feature","properties":{"n":"Namokora","c":"305105","d":"Kitgum","od":"Kitgum","dc":"305","k":"NAMOKORA","a":["NAMOKORA"],"lat":3.315475,"lon":33.369638},"geometry":{"type":"Polygon","coordinates":[[[33.276844861981644,3.266966846322256],[33.27858804216153,3.267254315925753],[33.28124203910304,3.270367496770282],[33.27980015526707,3.272663283298578],[33.28054103383281,3.273036516422997],[33.279800155041904,3.274619203572513],[33.2805420990478,3.276135125073412],[33.280042859600236,3.277660145422697],[33.28188401366725,3.278802375694695],[33.282112993339005,3.280301349912488],[33.28612475789768,3.28172902110257],[33.28688237113327,3.281001444363383],[33.28932120022948,3.28355362229107],[33.28842332196611,3.284127525399374],[33.28934917933969,3.284433030258007],[33.28820659929506,3.28707153172821],[33.285482304995746,3.287682443915458],[33.285893975880256,3.289121890291059],[33.28461142522863,3.289424200764464],[33.286467916203044,3.290538765243701],[33.287109855602615,3.291879800500695],[33.28952179910033,3.292678798942358],[33.29126439634975,3.294849371897207],[33.292863385512454,3.295777357371305],[33.29403243838007,3.295505259599499],[33.29263497136403,3.296448374879453],[33.2943481790946,3.298532775100789],[33.295247604846665,3.298475668750922],[33.29515032355307,3.29739107120287],[33.29568978855855,3.297747207346515],[33.295632750379106,3.299147082514293],[33.294533780962155,3.299574989966881],[33.294962080764456,3.301687943786109],[33.296232217946326,3.301603374776114],[33.29613277294664,3.302658758993681],[33.29737738440063,3.301061265150725],[33.29845988475115,3.302872908008783],[33.299672895932595,3.302489803534248],[33.29948781177045,3.30431486658924],[33.301815263351465,3.303216086246938],[33.303414122357154,3.304015323799023],[33.30268570770543,3.306296225606383],[33.30300704493484,3.307080927361971],[33.30392560066175,3.306811006500673],[33.303226492079915,3.308745830917704],[33.303924926627154,3.309364150701885],[33.303220207953274,3.31077981011772],[33.30439267127684,3.31151678159819],[33.30448856463968,3.312695232701721],[33.30540124475816,3.311345294423532],[33.30793412476738,3.31208616519296],[33.30820144777466,3.311020370606885],[33.30934276145912,3.311477025322844],[33.30982257300982,3.310792071981412],[33.311075011008874,3.312695307744221],[33.31213751032489,3.311782406278279],[33.312255230131306,3.312504953459869],[33.31415649642569,3.312431093530962],[33.31444433033901,3.313056986282946],[33.31476854637076,3.311479290054026],[33.31543417822973,3.311381848685883],[33.31494204639292,3.310617764801791],[33.31690097730391,3.309327487429382],[33.317661365541035,3.311020168895081],[33.318175324139524,3.311496059860945],[33.31871191306899,3.310890652605869],[33.31929843152043,3.312143274917202],[33.320764177317926,3.310563891757545],[33.322115329954904,3.310487282261346],[33.32224896614749,3.312638203496969],[33.32383104428797,3.312469350586959],[33.32348628699171,3.313989737476022],[33.32502817270136,3.314636950319139],[33.327314209103854,3.313385679196976],[33.32901089918464,3.31536942870795],[33.32804057473476,3.315959938955739],[33.32821189399075,3.316740393200073],[33.32982992018686,3.316473893071456],[33.32987068824821,3.315581072815154],[33.333175140817815,3.316623504077797],[33.332304568314974,3.317083046279878],[33.33270431331552,3.317539892505041],[33.33516419412992,3.317156656323583],[33.33466428240443,3.319611057972259],[33.335197230333016,3.320924405177109],[33.339269998664115,3.323246732254037],[33.33900441800238,3.326311621045749],[33.34033691445314,3.329262149834133],[33.3451741789364,3.329377801620369],[33.345762076352095,3.33080403452556],[33.346047391217084,3.330100829395603],[33.34689208986454,3.330399326724778],[33.34782448672089,3.334547704628109],[33.349231691323,3.334260417058407],[33.348985662783285,3.336660667520334],[33.34995567541437,3.338470128405878],[33.34951825705176,3.338887279667309],[33.348433625360265,3.337993172686261],[33.34793869957011,3.338906880031227],[33.34894698260025,3.340391521367025],[33.34853004614317,3.341662556900125],[33.34746280566388,3.341000813880016],[33.34729028215965,3.342200456436397],[33.34632066042829,3.341800313889975],[33.345978023166495,3.34246655086429],[33.346396804224966,3.343665797186858],[33.3487195021673,3.342259215480806],[33.34927119418078,3.343170868128406],[33.3502037374376,3.342885877999974],[33.34870012760567,3.345835871731147],[33.35016703219286,3.344810429414216],[33.350634624279955,3.347592403623679],[33.355774360870655,3.34495110875237],[33.36270679398515,3.337113138798503],[33.36712330292408,3.337899709743581],[33.36427063746312,3.351397571591624],[33.361229180264374,3.350905808355355],[33.365652734014134,3.361181087923902],[33.35651663281563,3.364626891150376],[33.353590886756805,3.365035867548954],[33.35273926303965,3.366382516911279],[33.35412761450887,3.366630759278683],[33.35258698071583,3.368514514039566],[33.3542421627134,3.368264766425104],[33.3543935939841,3.369253855486019],[33.353100943643724,3.369751843613487],[33.35329129648872,3.370399044184287],[33.35582303545658,3.370741683271429],[33.35664420122309,3.369677075212163],[33.356908076918046,3.371921897366415],[33.35806838479642,3.371541460318144],[33.358793588819275,3.372362242336076],[33.359021032788185,3.374624958262172],[33.36127319478126,3.37538906721133],[33.361945393083126,3.37480555877385],[33.36165867342694,3.376088636434737],[33.362372656776,3.376500690105633],[33.36145879686999,3.37791605814509],[33.362772253046664,3.378515679635982],[33.370994476006544,3.374667102215998],[33.37125145716835,3.372915823244833],[33.37025214192209,3.370630737395446],[33.37082395394083,3.369417893198799],[33.39232421279167,3.364361375170481],[33.39249991303338,3.35821882527267],[33.38792693921347,3.351747939696541],[33.38795350536519,3.334423932911476],[33.40627157255964,3.335993620981327],[33.411901878369946,3.308267356097691],[33.41430546115756,3.304598572461828],[33.41045946843624,3.304105247366089],[33.40765404417997,3.306959198777722],[33.404194851255426,3.308683064721289],[33.39572328004112,3.309419909176785],[33.391819432640986,3.30900656136273],[33.38132072562694,3.296625036990239],[33.38249263896653,3.290200353305786],[33.37838714226643,3.283462293132867],[33.37748458814547,3.278160246795412],[33.376773798504395,3.2775048888250593],[33.356473675612335,3.265362759244762],[33.353161497735556,3.266932382974321],[33.341645140147364,3.269169030118866],[33.33503023960326,3.277687497542658],[33.33144419772509,3.286520052001513],[33.325387581431805,3.275027572601178],[33.322102701684734,3.27337798196289],[33.315063257382924,3.266621605940389],[33.28459430728321,3.252238413961752],[33.275188760929275,3.263711744346062],[33.277358789014194,3.265410992681872],[33.276844861981644,3.266966846322256]]]}},{"type":"Feature","properties":{"n":"Namokora North","c":"305106","d":"Kitgum","od":"Kitgum","dc":"305","k":"NAMOKORANORTH","a":["NAMOKORANORTH"],"lat":3.403283,"lon":33.233595},"geometry":{"type":"Polygon","coordinates":[[[33.18358746797692,3.405584655945431],[33.18410761238357,3.4106013147379066],[33.1841110117238,3.410629509118426],[33.18351642447304,3.4129618558223873],[33.18836953640962,3.421739865627989],[33.18836946450075,3.4217401361249604],[33.188370203711536,3.421741473219809],[33.18798973985833,3.4231692397303],[33.18913322511508,3.4272862626203073],[33.19107676054611,3.4279555831565167],[33.19203462103898,3.428285115251882],[33.19203503622119,3.428285596995442],[33.19203548756575,3.428285752430829],[33.19259313480785,3.4289331690571316],[33.19336723133038,3.429831367499153],[33.19653180358673,3.428856186605904],[33.196534983693674,3.428858918058881],[33.198056439366425,3.4294504424517656],[33.19859676033846,3.4291417008972065],[33.19955327395789,3.427381685531515],[33.19955340888605,3.427381668880282],[33.19955372214165,3.427380919765154],[33.20280490773118,3.426980407461141],[33.20283716409258,3.426976426763633],[33.20419367189872,3.42597703764017],[33.20419446112518,3.425977094814207],[33.204194686375764,3.42597692894843],[33.20978410375024,3.4263814411195064],[33.2111179018659,3.424549361059541],[33.21230635379022,3.424786607601665],[33.214972628980924,3.421741597236401],[33.21621133520208,3.421978203575361],[33.2177485958085,3.4204711286435625],[33.21987432082973,3.418386556166123],[33.22218257728945,3.41807698922827],[33.22238212206978,3.417924892468362],[33.2242619073805,3.416491292162353],[33.22426226468915,3.4164918126348542],[33.2242647861767,3.416489890709937],[33.224802904839805,3.4172766417486202],[33.22480368084758,3.4172765506910774],[33.22555110121357,3.416742904731264],[33.226311037568124,3.4170996759182906],[33.2266577327512,3.41705899435241],[33.22714455807477,3.4174909930316026],[33.228517231033166,3.418135428789718],[33.22912531927604,3.419247670759976],[33.23119259582193,3.419079276375042],[33.23301312059929,3.418930693799559],[33.23301307654817,3.418930985265762],[33.23301930282423,3.418930478091272],[33.23286047770862,3.4199512438796],[33.232894584613206,3.4199587251772914],[33.23653916799801,3.420558095009036],[33.23691639097508,3.42084090229113],[33.237110820480034,3.420883550107581],[33.23754604190251,3.421312956959793],[33.240183737566255,3.42329045988776],[33.24346958155621,3.4271573579595893],[33.24347102524988,3.427158782365474],[33.244186920657604,3.426662861309252],[33.24418822256541,3.4266635319853367],[33.24418877862894,3.426663145884429],[33.24501264297767,3.427088231070459],[33.24609666327344,3.427646662692269],[33.248349604102344,3.427322200613076],[33.24835050117861,3.4273224812854695],[33.24835055957753,3.427322472832185],[33.24937762597199,3.4276438425625977],[33.251383204384304,3.428271337141755],[33.2554027548951,3.432422668234462],[33.256545624184206,3.432169202310219],[33.25654638718409,3.432170520162924],[33.25654761660387,3.432170249039773],[33.25734201108355,3.4335429938219253],[33.25840048293412,3.433263382965679],[33.25850931316831,3.4333173441562983],[33.2619687610082,3.435000113929097],[33.26200994843015,3.4350530607801013],[33.2621387304369,3.435116914638972],[33.26555678196582,3.439612192847573],[33.27226501077111,3.444133947153569],[33.27295996343814,3.45137956286215],[33.27317528215354,3.453623418859734],[33.27578822832524,3.4614771596458693],[33.276103837495704,3.462425743935682],[33.2762062742882,3.462506781224626],[33.277928822639474,3.463869215054038],[33.28923077395084,3.467081348164339],[33.302317804140166,3.468152135367955],[33.305768046834416,3.469579602498498],[33.309218241646434,3.468984947515529],[33.31934363580726,3.4731943872183],[33.31980661780086,3.473386856489941],[33.33405798778931,3.476838244997781],[33.333300629568704,3.4738893217716207],[33.33325834187625,3.473725661845367],[33.3332584330755,3.473725021424042],[33.333258010917206,3.47372337766768],[33.33452680317088,3.4648178841571458],[33.333757839328264,3.46188866373286],[33.333757897516016,3.4618885098224492],[33.333757839196686,3.461888287649018],[33.33487276692398,3.458939564465085],[33.33827581418419,3.456247172432505],[33.34334766506906,3.456393157271402],[33.34494922697602,3.457572678684804],[33.349365486174264,3.458449926056258],[33.349221618111464,3.44898867643656],[33.34922162527216,3.4489886020048375],[33.34922162464175,3.448988560849856],[33.349251567747544,3.448677365406425],[33.35083800564537,3.432187161156223],[33.35309670299149,3.436527349934667],[33.35481031877117,3.438098356319443],[33.364803673245035,3.445771802835469],[33.36851517606183,3.447342119031472],[33.37015653648405,3.447271041656843],[33.377010635161696,3.443380448968393],[33.38207872923601,3.439418804882316],[33.38394125954893,3.439104654925349],[33.38404684371262,3.4380592050802434],[33.384059787563395,3.437923541573304],[33.384060540704475,3.4379235832453356],[33.38406064103841,3.437922589781044],[33.39082766631175,3.438297392127268],[33.39328876364844,3.434717771516883],[33.41883901371715,3.418534069851495],[33.408820505711944,3.411049425212538],[33.41068155379414,3.402646150619893],[33.41067960400177,3.402640345793036],[33.405453503822244,3.388637846704685],[33.40466190759632,3.3847247532136855],[33.40408767001899,3.38301516107309],[33.40430624276482,3.382966597108902],[33.40081983050034,3.36573223356305],[33.39232421531401,3.364361386421665],[33.388750090745056,3.365201951681187],[33.37082395394083,3.369417893198799],[33.37043009177125,3.37025329614767],[33.37025230102208,3.370631101201693],[33.37125145716835,3.372915823244833],[33.37125128822954,3.372916974531515],[33.3712513099522,3.372917024217365],[33.37125126525576,3.3729171310935775],[33.370994476006544,3.374667102215998],[33.37040378617985,3.3749435865123143],[33.37032841416378,3.375123812826729],[33.362852006133366,3.3784783495939528],[33.362772253046664,3.378515679635982],[33.36145879686999,3.37791605814509],[33.36145987553609,3.377914387528491],[33.36145860163545,3.377913803939462],[33.36200473472703,3.3770705204545743],[33.36237168875888,3.3765021893512954],[33.36165920243474,3.376089687130262],[33.361659444230156,3.3760890812802606],[33.36165867342694,3.376088636434737],[33.36190246820905,3.3749976486631437],[33.36174411044497,3.374980284174609],[33.36127319478126,3.37538906721133],[33.360678759596425,3.3751873884485137],[33.360102218724066,3.376773006985131],[33.35969696990113,3.375520750698298],[33.356723793022624,3.376938481912046],[33.35687211662958,3.380057726219439],[33.35383089062529,3.381248150935868],[33.354250732054155,3.381917947816591],[33.34920759910876,3.383637841216296],[33.34100203353212,3.385050282293849],[33.336147165443165,3.386959960171134],[33.33544636517349,3.394563076610999],[33.33604620437335,3.402386155745612],[33.335291828006824,3.408227027281737],[33.3363665397979,3.417187444621304],[33.31860173252686,3.417604723262784],[33.30718792470729,3.414800995152394],[33.29791461000946,3.413570587663598],[33.28584767453534,3.414463679707029],[33.283811338647205,3.400552433319684],[33.284599368443594,3.398966022251937],[33.2832148797549,3.383169426964387],[33.283335938460986,3.364516010648052],[33.28466343220549,3.362258327358635],[33.28595836254861,3.356966772714948],[33.28617775672456,3.350088386270377],[33.28731595401187,3.349545752396754],[33.290255332800356,3.336077378284355],[33.27349030970847,3.329671830626276],[33.26884658300416,3.337391728046966],[33.268638924968364,3.341297093524814],[33.26572534784995,3.344644036545413],[33.253570536568006,3.342640790288748],[33.25127948449049,3.341221880512469],[33.25063117895091,3.33959310154228],[33.24529135391813,3.339540255122786],[33.24376998339702,3.337319228330077],[33.24016063313657,3.33454764029902],[33.23915228494805,3.339745710852355],[33.2324558004931,3.339630754482246],[33.23125612442734,3.337519201527331],[33.23213061577794,3.334602375645637],[33.21915660795899,3.338091911270015],[33.21478628979153,3.337883730830761],[33.20986141407863,3.340743339205451],[33.210490881286475,3.351334523639142],[33.20733277494927,3.351180743382534],[33.19656269549351,3.356835327759315],[33.19832898794674,3.368946720044913],[33.18592843235696,3.372174132816247],[33.184262816173195,3.373601803275848],[33.18849816289523,3.377789712181592],[33.19201978855267,3.386355564633859],[33.194615906548016,3.394048052582067],[33.19362478743082,3.396586457920437],[33.191482988073645,3.397363233556194],[33.19064008290809,3.398690639278301],[33.188413649067826,3.399062039392411],[33.181392253703784,3.397416300945415],[33.181403513965925,3.397513704900544],[33.18180332202796,3.400968774866333],[33.183301980412566,3.403919343286053],[33.18346437730344,3.405266275170255],[33.18358746797692,3.405584655945431]]]}},{"type":"Feature","properties":{"n":"Namokora Town Council","c":"305107","d":"Kitgum","od":"Kitgum","dc":"305","k":"NAMOKORATOWNCOUNCIL","a":["NAMOKORA","NAMOKORATOWNCOUNCIL"],"lat":3.359074,"lon":33.325094},"geometry":{"type":"Polygon","coordinates":[[[33.28731636999274,3.34954389084148],[33.28731635915666,3.3495438960039796],[33.28731595401187,3.349545752396754],[33.28617775672456,3.350088386270377],[33.28595836254861,3.356966772714948],[33.28466343220549,3.362258327358635],[33.283335959337336,3.36451597514341],[33.28321488340804,3.3831694686456117],[33.28333620962281,3.384553763893507],[33.284599337893304,3.398964898532777],[33.284599280144356,3.39896501478446],[33.284599368443594,3.398966022251937],[33.283811338647205,3.400552433319684],[33.28584767453534,3.414463679707029],[33.29759931621198,3.4135939230317596],[33.297914444306485,3.413570587714803],[33.297914503392725,3.413570595554463],[33.29791461000946,3.413570587663598],[33.30718792470729,3.414800995152394],[33.30718804193579,3.4148010239488156],[33.30718804951077,3.414801024953877],[33.30734018318159,3.414838396462384],[33.318601602926215,3.4176046914272242],[33.31927914661162,3.417588811442031],[33.3363665397979,3.417187444621304],[33.335291828006824,3.408227027281737],[33.33529185430722,3.4082268236469897],[33.33529182786013,3.408226603954711],[33.336046190921614,3.4023859803085825],[33.33544636517349,3.394563076610999],[33.33544642315264,3.394562447584061],[33.335446399431476,3.394562138225683],[33.33546434456482,3.394368014748527],[33.336147165443165,3.386959960171134],[33.34100203353212,3.385050282293849],[33.349207561808754,3.3836378476368227],[33.354250559521276,3.381917672565088],[33.35383089062529,3.381248150935868],[33.35687211662958,3.380057726219439],[33.356723793022624,3.376938481912046],[33.356724228270274,3.37693827436833],[33.356724225042754,3.376938206816891],[33.35749254411857,3.3765719102384257],[33.35969696990113,3.375520750698298],[33.35970237138205,3.3755374417731634],[33.36020858124489,3.3764804858600703],[33.360678759596425,3.3751873884485137],[33.360691636554996,3.3751917573168777],[33.360691636554996,3.375191757316877],[33.359021032788185,3.374624958262172],[33.35902036947669,3.3746183593380414],[33.35901711415065,3.374617690664413],[33.35806983424145,3.371543100792242],[33.35806839549743,3.3715414724294943],[33.35804795607612,3.3715481584042255],[33.356908076918046,3.371921897366415],[33.35669338739038,3.3700955078307278],[33.3558260282569,3.3707378032273874],[33.35582303545658,3.370741683271429],[33.355821135805684,3.3707414261775273],[33.35582109241386,3.37074145830997],[33.35329190287661,3.370399244305312],[33.353291867342506,3.3703991214421807],[33.35329129648872,3.370399044184287],[33.353100943643724,3.369751843613487],[33.3543935939841,3.369253855486019],[33.35424250617038,3.36826700975002],[33.35302934427729,3.368447766549343],[33.35258698071583,3.368514514039566],[33.35412761450887,3.366630759278683],[33.35273926303965,3.366382516911279],[33.353590886756805,3.365035867548954],[33.356492948881176,3.364630201817133],[33.356516665890545,3.364626878675727],[33.365652734014134,3.361181087923902],[33.361229180264374,3.350905808355355],[33.361229429514026,3.3509058486557137],[33.361229422765234,3.350905832984168],[33.361240556721896,3.3509076477774484],[33.36427063746312,3.351397571591624],[33.36712330292408,3.337899709743581],[33.36270679398515,3.337113138798503],[33.356103112799055,3.344579414183591],[33.35577446282897,3.344951010715574],[33.35577443488605,3.3449510250688435],[33.355774360870655,3.34495110875237],[33.350634624279955,3.347592403623679],[33.35063443193362,3.3475912592447474],[33.350633588485216,3.347591692493781],[33.35016636162024,3.344810898179223],[33.34927912543086,3.3454311222494506],[33.34870122033511,3.345837254106372],[33.34870291653057,3.3458339221281257],[33.34870012760567,3.345835871731147],[33.350144952323504,3.343001210923707],[33.35020365088003,3.342885904452424],[33.34927119418078,3.343170868128406],[33.3487195021673,3.342259215480806],[33.346407543298646,3.3436592938080496],[33.34639733101735,3.343665488126216],[33.346397328149735,3.3436654799079815],[33.346396804224966,3.343665797186858],[33.345978023166495,3.34246655086429],[33.34597859427294,3.3424654403831084],[33.34597803996078,3.342463851792969],[33.34617966491689,3.3420744709457892],[33.34632066042829,3.341800313889975],[33.34709298720359,3.342119036947166],[33.34729040336299,3.342199613648673],[33.34746280566388,3.341000813880016],[33.34853004614317,3.341662556900125],[33.34894698260025,3.340391521367025],[33.34793869957011,3.338906880031227],[33.34793913708331,3.3389060723161488],[33.347938991394685,3.338905857693782],[33.34843316943392,3.337993739954569],[33.34843327222691,3.3379938246234686],[33.348433625360265,3.337993172686261],[33.34951825705176,3.338887279667309],[33.34984778030234,3.338573024365291],[33.34995556615731,3.3384699245978378],[33.348985662783285,3.336660667520334],[33.34923147713598,3.3342625066634923],[33.34782635178622,3.334548192909063],[33.347826164682495,3.3345473620641983],[33.34782448672089,3.334547704628109],[33.34691795077402,3.3305143859130775],[33.346892035467434,3.3303993075020744],[33.346047391217084,3.330100829395603],[33.345762076352095,3.33080403452556],[33.34575822851492,3.3307946997133175],[33.345756029632554,3.330799980330255],[33.34517254336305,3.329377762516247],[33.34033691445314,3.329262149834133],[33.33900441800238,3.326311621045749],[33.339269998664115,3.323246732254037],[33.335197230333016,3.320924405177109],[33.33466428240443,3.319611057972259],[33.33516419412992,3.317156656323583],[33.33270431331552,3.317539892505041],[33.33270410883746,3.3175396588184953],[33.33270389014163,3.317539694066643],[33.332305146291404,3.317085189662313],[33.3323060356128,3.3170847231725835],[33.332304568314974,3.317083046279878],[33.333173855731026,3.3166241824263665],[33.331449615053835,3.3160791652007884],[33.32987068824821,3.315581072815154],[33.32982992018686,3.316473893071456],[33.32874232209826,3.3166530280145072],[33.32821342044533,3.316740340620994],[33.328213378116864,3.3167401487542163],[33.32821189399075,3.316740393200073],[33.32804057473476,3.315959938955739],[33.32901089918464,3.31536942870795],[33.327314209103854,3.313385679196976],[33.32502817270136,3.314636950319139],[33.32348628699171,3.313989737476022],[33.32349156681187,3.313966453358673],[33.32382830335469,3.3124696431228013],[33.32224896614749,3.312638203496969],[33.322115329954904,3.310487282261346],[33.320764177317926,3.310563891757545],[33.3204124585642,3.310942878808045],[33.319299933433165,3.31214344569787],[33.319299374575806,3.312142258747974],[33.31929843152043,3.312143274917202],[33.31904266567488,3.3115970380446482],[33.31871071254468,3.310892007099203],[33.31817749357111,3.3114936121965366],[33.318176101530746,3.311495203137042],[33.31817609161709,3.311495193953242],[33.318175324139524,3.311496059860945],[33.317661365541035,3.311020168895081],[33.317105619342115,3.309783036013983],[33.31690068593818,3.3093276793415156],[33.31548082647342,3.310262889730561],[33.314942418701186,3.310618342847599],[33.31539239288018,3.311316972752653],[33.315433478318205,3.311380129244978],[33.31543310571453,3.311380183498802],[33.31543417822973,3.311381848685883],[33.31476854637076,3.311479290054026],[33.3146672253467,3.311972337225999],[33.31444695731379,3.313055577970871],[33.314445341804614,3.3130520643009542],[33.31444433033901,3.313056986282946],[33.31415649642569,3.312431093530962],[33.31267882324814,3.312488497817865],[33.31225741273475,3.312505489808935],[33.312257313469026,3.312504872526874],[33.312255230131306,3.312504953459869],[33.31213782282054,3.3117843243314717],[33.31176659267746,3.312101099437871],[33.311075011008874,3.312695307744221],[33.311073294391434,3.3126926991299026],[33.31107244830143,3.312693421108591],[33.30982072415926,3.310794711301713],[33.30934276145912,3.311477025322844],[33.30934156607947,3.311476547035618],[33.309341244575535,3.311477008391003],[33.30820141646819,3.311020495423177],[33.308106897924354,3.3113973329925463],[33.3079362629446,3.312083944189776],[33.30793478977277,3.3120835138717952],[33.30793412476738,3.31208616519296],[33.305401339346176,3.3113453220906535],[33.30530817687253,3.311482950431086],[33.30448856463968,3.312695232701721],[33.304488457550676,3.312693916665305],[33.30448806096447,3.312694502539637],[33.304457804634865,3.3123172173673128],[33.30439267127684,3.31151678159819],[33.303220207953274,3.31077981011772],[33.30322040569385,3.31077941289068],[33.30322020936542,3.310779289763196],[33.303533598868356,3.309017710657761],[33.303226492079915,3.308745830917704],[33.30392560066175,3.306811006500673],[33.30300704493484,3.307080927361971],[33.30300641092871,3.307079379126425],[33.303005456362726,3.307079659357173],[33.30286496137627,3.306733960973881],[33.30268570770543,3.306296225606383],[33.302689804454005,3.306283397361908],[33.30299184125756,3.304594864970129],[33.30325350543035,3.3045182673323112],[33.30336204603538,3.30417839160136],[33.30181777289519,3.30321734071752],[33.301815263351465,3.303216086246938],[33.29948781177045,3.30431486658924],[33.29948792677633,3.3043137325484455],[33.29948703351018,3.304314154101809],[33.29962881003466,3.302924522219124],[33.299672895932595,3.302489803534248],[33.29845988475115,3.302872908008783],[33.297896842591236,3.301930616112699],[33.29737645615047,3.3010624565859503],[33.29663752298221,3.3020108981119085],[33.296137479730234,3.302655934261733],[33.29613780857207,3.3026522956266646],[33.29613277294664,3.302658758993681],[33.296232217946326,3.301603374776114],[33.294962080764456,3.301687943786109],[33.29493370046085,3.3015479337497453],[33.29134533923162,3.303304552777506],[33.28205344293241,3.311478072358881],[33.27894162919417,3.31717263009353],[33.27950106980191,3.317962207940364],[33.27730652269138,3.323444636324195],[33.273490315310255,3.329671820578117],[33.273562230018335,3.3296993097994267],[33.290255332800356,3.336077378284355],[33.28747505088635,3.3488167629130072],[33.28731636999274,3.34954389084148]]]}},{"type":"Feature","properties":{"n":"Omiya Anyima","c":"305108","d":"Kitgum","od":"Kitgum","dc":"305","k":"OMIYAANYIMA","a":["OMIYAANYIMA"],"lat":3.289401,"lon":33.239188},"geometry":{"type":"Polygon","coordinates":[[[33.15006517939443,3.336310554719345],[33.155640507992366,3.343475499221932],[33.15742535049899,3.347938537679383],[33.157427561577535,3.34794381495814],[33.1583194120958,3.348539647738057],[33.15860588352712,3.348730768629382],[33.15860591482945,3.3487310561823533],[33.158606977403785,3.34873176607331],[33.1588090457771,3.350597080407836],[33.158821570935025,3.350712140414155],[33.16207324108252,3.353327087614784],[33.16586185356388,3.358836184221399],[33.16693310004049,3.359125412712399],[33.16800942629119,3.366419040528853],[33.16833090967173,3.366608628423773],[33.16973619245772,3.36743662430729],[33.16899489534595,3.368236803472605],[33.17043910722306,3.369034782626422],[33.17043910055001,3.3690348407590363],[33.170440512458875,3.369035620041532],[33.170288298128376,3.370348762255242],[33.1712590473827,3.371529294649734],[33.17076686601067,3.373622879918347],[33.17344815178604,3.37703061016316],[33.17348197171865,3.377364817381852],[33.17360039910094,3.378533941681807],[33.17479968375747,3.379124535054572],[33.17468587069328,3.380419064315301],[33.17664614878057,3.383026849695666],[33.17664622183444,3.3830273057640734],[33.17664632350732,3.383027441018369],[33.17800756862596,3.3891021211519132],[33.17863914533404,3.3904091025436522],[33.179787496006064,3.391841736736424],[33.180714760691735,3.3947043696335046],[33.18071978262495,3.394714761994683],[33.17949849980293,3.395875695055868],[33.17956305378716,3.396990139791553],[33.181392242326766,3.397416297405252],[33.18139408652548,3.397432234641626],[33.18139409596018,3.397432236902939],[33.181392253703784,3.397416300945415],[33.18809945838882,3.3989883965260983],[33.190631090753755,3.398692139294644],[33.19064008290809,3.398690639278301],[33.191482988073645,3.397363233556194],[33.19148371925109,3.3973629683769073],[33.191483932431304,3.397362632598617],[33.19362529521564,3.39658515740703],[33.194615905349906,3.3940480556505994],[33.1884993392725,3.377792573551615],[33.18849816289523,3.377789712181592],[33.184262816173195,3.373601803275848],[33.18592843235696,3.372174132816247],[33.19832898794674,3.368946720044913],[33.19656269549351,3.356835327759315],[33.20733277494927,3.351180743382534],[33.210490881286475,3.351334523639142],[33.20996234828512,3.3424416211544767],[33.2098611338998,3.340743690272587],[33.209861424900225,3.3407435212856096],[33.20986141407863,3.340743339205451],[33.21277635809929,3.339050789216547],[33.21478539062831,3.337884123101951],[33.21478559729571,3.337884132925551],[33.21478628979153,3.337883730830761],[33.21906379286322,3.338087490015848],[33.21915663778255,3.3380919032485643],[33.23213061577794,3.334602375645637],[33.23125614549007,3.337519131273561],[33.23131572854085,3.3376241108821176],[33.2324558004931,3.339630754482246],[33.23915228494805,3.339745710852355],[33.24016063313657,3.33454764029902],[33.24016358696845,3.3345499085203083],[33.240163655005844,3.334549557776722],[33.24372951625473,3.3372881539706696],[33.24376998339702,3.337319228330077],[33.24529129982257,3.3395401761494687],[33.246489137248076,3.3395521091741696],[33.25063117895091,3.33959310154228],[33.25127941285343,3.34122170053416],[33.25324994918113,3.3424422419528748],[33.253570536568006,3.342640790288748],[33.25412019716436,3.3427313803856693],[33.26572566127254,3.344643676504298],[33.26837837042874,3.341596402986149],[33.26863893184064,3.341296964279864],[33.26884658300416,3.337391728046966],[33.27349030970847,3.329671830626276],[33.2735220157227,3.329683944798983],[33.27352201907874,3.329683939266096],[33.273490315310255,3.329671820578117],[33.27730652269138,3.323444636324195],[33.27950106980191,3.317962207940364],[33.27894162919417,3.31717263009353],[33.27894281708181,3.317170456282592],[33.278942631724796,3.317170194382272],[33.28203772063223,3.3115068438579565],[33.28205344293241,3.311478072358881],[33.29134533923162,3.303304552777506],[33.294199646652466,3.3019072768606637],[33.2949336983829,3.301547923498458],[33.294533780962155,3.299574989966881],[33.295569062854995,3.2991718806258534],[33.29563276176614,3.299146803044779],[33.29568978486082,3.2977472980991074],[33.2951504488328,3.2973924679574234],[33.295247604846665,3.298475668750922],[33.2943481790946,3.298532775100789],[33.29263497136403,3.296448374879453],[33.294029694124106,3.2955071116287105],[33.293746891962826,3.2955717207032116],[33.292863385512454,3.295777357371305],[33.292858699050015,3.295774637547325],[33.29285775913835,3.295774852279852],[33.291374432868764,3.2949132324246224],[33.29126439634975,3.294849371897207],[33.28952205986446,3.292679123749233],[33.28928222841758,3.292599436966273],[33.287109855602615,3.291879800500695],[33.28710862629014,3.291877232421265],[33.287107974358925,3.291877015809548],[33.28646783450457,3.290538716195135],[33.28461142522863,3.289424200764464],[33.28461267313683,3.2894239066195774],[33.28461203898238,3.28942352576534],[33.28480230808554,3.2893792076979036],[33.285893975880256,3.289121890291059],[33.285482304995746,3.287682443915458],[33.285694806674954,3.287634791257054],[33.28820772331287,3.287068936091544],[33.28910135841126,3.2850053104121084],[33.289348880526084,3.2844329316585785],[33.28842332196611,3.284127525399374],[33.288423885372154,3.284127165283203],[33.28842381468993,3.284127142405404],[33.2884395580599,3.284117147662132],[33.28932048061663,3.2835540822510323],[33.28688213820687,3.281001668055131],[33.286231385480576,3.2816266208996354],[33.28612502327242,3.281729000930003],[33.28612484493705,3.2817289375139818],[33.28612475789768,3.28172902110257],[33.285702616447495,3.281578793147325],[33.28211822874404,3.280304185595023],[33.28211806855653,3.2803031560358873],[33.282112993339005,3.280301349912488],[33.28188401366725,3.278802375694695],[33.280042859600236,3.277660145422697],[33.28040952794607,3.2765400883207096],[33.2805418539709,3.2761346243383995],[33.28011300198509,3.2752584046495485],[33.27980104312544,3.274623543524258],[33.27980164639715,3.2746222506723845],[33.279800155041904,3.274619203572513],[33.28054103383281,3.273036516422997],[33.280003709360955,3.272765827944842],[33.27980052560334,3.272664523009742],[33.27980102731427,3.2726637226106563],[33.27980015526707,3.272663283298578],[33.2803857526022,3.2717308874706634],[33.28124107222116,3.2703663626023767],[33.27858804216153,3.267254315925753],[33.276844861981644,3.266966846322256],[33.2768453796218,3.2669652792275707],[33.27684418196644,3.266965081745266],[33.27735873011506,3.2654109465606918],[33.275188760929275,3.263711744346062],[33.2751903160603,3.263709847323662],[33.275189214785414,3.263708983550691],[33.28406941494493,3.252606040972474],[33.284587228439854,3.2522470490697475],[33.28459430728321,3.252238413961752],[33.28460276815023,3.2522424080040233],[33.30759519562819,3.262561541317958],[33.31506298612681,3.2666214778910554],[33.315063257382924,3.266621605940389],[33.322102701684734,3.27337798196289],[33.325387581431805,3.275027572601178],[33.33144419772509,3.286520052001513],[33.33503023960326,3.277687497542658],[33.33777988524775,3.2741465876388216],[33.34164461493554,3.269169556495532],[33.3416447520848,3.269169529854019],[33.341645140147364,3.269169030118866],[33.353063842742415,3.266951349019782],[33.35316151071337,3.2669323768242022],[33.35562268314464,3.2657660401133213],[33.3564736664091,3.265362753740024],[33.35619990606129,3.265199009232924],[33.32827722246277,3.255242691102896],[33.30436721471198,3.235451234036933],[33.3032,3.2345],[33.30320912422205,3.234467350675296],[33.30080875547131,3.228870141449331],[33.30240324687711,3.227314829120417],[33.30259449003849,3.224473363419539],[33.30454507960705,3.222438269196939],[33.30547390577549,3.222464732326182],[33.305783800150984,3.221142947137271],[33.30738482448503,3.219525387083689],[33.31010053481922,3.209807724803516],[33.31106194343488,3.20567285767473],[33.30994234243451,3.201776281152136],[33.30606526901699,3.195820134911093],[33.29922475516945,3.188108495112993],[33.29772402781019,3.184580484236118],[33.29391306075961,3.1847956592241347],[33.2839,3.1855],[33.28355949590695,3.1853802426549356],[33.282786155492985,3.185423907035157],[33.26688267189529,3.179822446955913],[33.26469626076826,3.192977578929631],[33.26112680948944,3.195893811138187],[33.26068068426622,3.2060360256756],[33.26169201023968,3.209129526258386],[33.26770136117733,3.217744826676611],[33.26760044062589,3.218838544850491],[33.26583029731103,3.220665279330446],[33.25969677032851,3.222082830539291],[33.24643171691086,3.217004009895314],[33.244445938963764,3.217150798137696],[33.23950307691699,3.215515148885849],[33.23485203354918,3.215818113260232],[33.23384106480068,3.216986506172727],[33.224829659120346,3.220515246022372],[33.22488850888276,3.22193987148367],[33.229685640051336,3.229235575064592],[33.23221216563369,3.234831041750524],[33.23156991133153,3.238258494246761],[33.23079385943747,3.239504613150982],[33.22930444940524,3.238575430292224],[33.226379813359856,3.242457106865175],[33.21994227463022,3.24660206876474],[33.21176099497838,3.247040688698255],[33.21121457041781,3.247736052516268],[33.21030085715652,3.25043435491321],[33.21121377163684,3.250491697411669],[33.211271675572355,3.251647875332426],[33.212811098722106,3.251832114151965],[33.212056900027385,3.2525473153209],[33.21274187830418,3.252504395642559],[33.21444111744727,3.255431219813109],[33.215469916596355,3.255203758337957],[33.21615432749758,3.256359205989035],[33.217537260519215,3.256443658127544],[33.217310743816014,3.257444241305976],[33.21803965132841,3.256991730226256],[33.217182259921074,3.25807242649625],[33.2181516561244,3.260902010414262],[33.21739338314601,3.261669671328681],[33.20922193795069,3.260576002090676],[33.207254177550894,3.262832065451434],[33.20436343714923,3.263819532681818],[33.20345924478098,3.265944382382783],[33.20619694030564,3.265761510988932],[33.20642852271569,3.269744793459207],[33.204896067713555,3.271185861851579],[33.20360119595227,3.270787533117108],[33.19557712112276,3.280547863046963],[33.193125243100894,3.281536589205698],[33.192980718941676,3.282692788949638],[33.19528258748005,3.283725310540859],[33.19369988575506,3.287839923738973],[33.19349945838224,3.297651196568962],[33.1903101639245,3.297797204735188],[33.186356805910954,3.299826521148962],[33.17934751589128,3.299154945965015],[33.175285679451626,3.300460511686022],[33.16513663781282,3.306066989814978],[33.167277558064164,3.308001814980967],[33.16600794700236,3.310141269459492],[33.16318218424308,3.312818462128133],[33.16172461601932,3.315525111433852],[33.15672781854869,3.317190831645543],[33.15906522341993,3.325929436049567],[33.15546073558525,3.328749035575868],[33.14662581557483,3.333045506499228],[33.14842291804155,3.336022274490313],[33.15006517939443,3.336310554719345]]]}},{"type":"Feature","properties":{"n":"Omiya Anyima West","c":"305109","d":"Kitgum","od":"Kitgum","dc":"305","k":"OMIYAANYIMAWEST","a":["OMIYAANYIMAWEST"],"lat":3.264424,"lon":33.17192},"geometry":{"type":"Polygon","coordinates":[[[33.11024692194488,3.3492283056383747],[33.11457928257825,3.350065311254017],[33.121051910011275,3.353539362546713],[33.14084853384319,3.355728426048469],[33.146806617363076,3.358464055956274],[33.14891536121915,3.35623027414906],[33.14882431247607,3.355008038954316],[33.15032927782457,3.352669783057093],[33.152169257305154,3.351874435552636],[33.15490255382157,3.347926061040805],[33.1564708949969,3.34566049808316],[33.15508899166447,3.3427667367136324],[33.15006587589256,3.3363114498003],[33.14842428539514,3.336022570689725],[33.148424247556264,3.3360225078714416],[33.14842291804155,3.336022274490313],[33.14662581557483,3.333045506499228],[33.15546073558525,3.328749035575868],[33.15906522341993,3.325929436049567],[33.15738654056954,3.3196535248756467],[33.156727970649904,3.317192010960235],[33.156728120611156,3.3171919609340232],[33.15672781854869,3.317190831645543],[33.16172461601932,3.315525111433852],[33.16318218424308,3.312818462128133],[33.1649818918282,3.3111133777445416],[33.167271171065146,3.308012577878408],[33.167277558064164,3.308001814980967],[33.166162782471076,3.306994352946553],[33.16513603144016,3.30606789144073],[33.1651369989123,3.306067316153318],[33.16513663781282,3.306066989814978],[33.1651494545841,3.3060599096442176],[33.17057518177286,3.302833612544501],[33.17223311132643,3.302146794690876],[33.175285679451626,3.300460511686022],[33.17934751589128,3.299154945965015],[33.179434990384,3.299163327084697],[33.179621578305756,3.299086030726928],[33.18635546956874,3.2998263931111342],[33.186356805910954,3.299826521148962],[33.1903101639245,3.297797204735188],[33.19349945838224,3.297651196568962],[33.19369988575506,3.287839923738973],[33.19369989286223,3.2878399052621763],[33.19369989356488,3.287839870632195],[33.19372606566959,3.2877718627644055],[33.19528258748005,3.283725310540859],[33.192980718941676,3.282692788949638],[33.193125243100894,3.281536589205698],[33.195577090156505,3.2805478755341855],[33.20359993614005,3.270788979242768],[33.20359999275883,3.2707889966584096],[33.20360119595227,3.270787533117108],[33.204896067713555,3.271185861851579],[33.20642852271569,3.269744793459207],[33.20619694030564,3.265761510988932],[33.20345924478098,3.265944382382783],[33.203460318054546,3.2659418601927146],[33.20346029003635,3.265941862057607],[33.2043631124875,3.263820135720437],[33.20436319211647,3.263820108508173],[33.20436343714923,3.263819532681818],[33.207254177550894,3.262832065451434],[33.20922193795069,3.260576002090676],[33.21739338314601,3.261669671328681],[33.217944109166034,3.2611121269453585],[33.21815131448744,3.2609010132054523],[33.217182259921074,3.25807242649625],[33.21732655873102,3.257890545520613],[33.218031402065,3.2569968514289163],[33.217310743816014,3.257444241305976],[33.217311457338496,3.257441089491628],[33.21730880798562,3.257442741930267],[33.21742926387074,3.2569207074058655],[33.217537028833156,3.2564446815450956],[33.21714587202217,3.256419757045535],[33.21615432749758,3.256359205989035],[33.215952508032615,3.2560184869468363],[33.2154696430894,3.255203818808745],[33.21444111744727,3.255431219813109],[33.2127419425004,3.2525045062161917],[33.212591031476954,3.252513847471212],[33.212056900027385,3.2525473153209],[33.212057357610774,3.252546881397879],[33.212057257016305,3.252546887624585],[33.21207506429798,3.2525300902744347],[33.21281009568209,3.2518330653275616],[33.21154569446968,3.2516806700309995],[33.211271675572355,3.251647875332426],[33.21121377163684,3.250491697411669],[33.210819459278646,3.2504669296417634],[33.21030114323873,3.250434739225587],[33.21030126474893,3.250434380515134],[33.21030085715652,3.25043435491321],[33.21121457041781,3.247736052516268],[33.21176099497838,3.247040688698255],[33.21994210489914,3.24660207786447],[33.226379880310525,3.242457018005971],[33.22930444940524,3.238575430292224],[33.23079385943747,3.239504613150982],[33.23132023252078,3.2386594074955286],[33.23221016336311,3.234841727062046],[33.23221214349567,3.2348311598922077],[33.22752933355906,3.225956162339689],[33.22488850888276,3.22193987148367],[33.22484419864989,3.2208672165849688],[33.22471761956926,3.220627320230857],[33.224832397330864,3.2205815321765696],[33.224829659120346,3.220515246022372],[33.23384000078842,3.216986922824977],[33.234851581564925,3.215818360383432],[33.234851833936155,3.215818343956231],[33.23485203354918,3.215818113260232],[33.23950307691699,3.215515148885849],[33.244445938963764,3.217150798137696],[33.24643171691086,3.217004009895314],[33.246432437244835,3.2170042856911927],[33.24643245566574,3.217004284329931],[33.259697102104546,3.222082753860812],[33.26502458647909,3.2208514913365303],[33.265830356541144,3.220665218206753],[33.26760044062589,3.218838544850491],[33.26770136117733,3.217744826676611],[33.26177735971275,3.209251887451586],[33.26169217695323,3.209129780715646],[33.26169216744956,3.2091297516421875],[33.26169201023968,3.209129526258386],[33.26068068426622,3.2060360256756],[33.26068070691932,3.2060355106798504],[33.26068068426622,3.206035441379916],[33.26112648425466,3.19589545442867],[33.26112674663634,3.195895240040971],[33.26112680948944,3.195893811138187],[33.26469622557461,3.192977607682749],[33.2668826608814,3.179822442956753],[33.24777788304717,3.172795633407666],[33.24642313063333,3.172319158805422],[33.24419780155741,3.172752968030123],[33.245366721396934,3.176022357169344],[33.244770077534426,3.180870991187115],[33.236949663064685,3.182239183738386],[33.233279442214496,3.182013182771516],[33.23222705075347,3.184642416599764],[33.228435423407525,3.184752676387527],[33.22690374786879,3.186008233305117],[33.222582170487264,3.186162419621137],[33.22248349169833,3.184013138309348],[33.220378834802155,3.18232803013081],[33.22012199158564,3.180986959576768],[33.22066871307569,3.172807960442029],[33.21363084774939,3.1712244407436136],[33.21121672584392,3.1707297977810907],[33.18507496031343,3.180084039760052],[33.17998858242317,3.181945646105131],[33.17939134737144,3.181898368223516],[33.17560546748542,3.181888218411489],[33.175816489550726,3.183768081481947],[33.17352033426288,3.190731575641168],[33.16908847462288,3.190458042874334],[33.1623527367819,3.183327846101428],[33.160676885676075,3.192764657076852],[33.159457526805426,3.195738582922507],[33.15926458371067,3.202374755104384],[33.161059067157204,3.202714347492473],[33.16157405533253,3.204255852293355],[33.16515253363762,3.207233488486381],[33.165651949577985,3.208803915446095],[33.16467030698774,3.21436099401652],[33.165261752392674,3.215100714205005],[33.16364612274591,3.21614488541092],[33.16193392300617,3.215027246524165],[33.16129147072112,3.215479343398651],[33.160363482701314,3.216621480222412],[33.16109717428071,3.218256277544393],[33.15840566605222,3.221200087960094],[33.15816573980686,3.219247329022346],[33.15581284018001,3.219790212217927],[33.155863808230215,3.221543786250288],[33.154816054353894,3.221951841730522],[33.15529115299114,3.223196382021249],[33.1516892327491,3.22361698087748],[33.14936601105196,3.224930021123253],[33.14992604191246,3.223952480946064],[33.14824139621672,3.223688365068379],[33.147277535127756,3.225787183923408],[33.145151643062135,3.226923324341266],[33.14484924220405,3.227980038644142],[33.14578189042194,3.229214846951711],[33.144098880611146,3.23012684638237],[33.14345153276646,3.228461562852083],[33.14264267760165,3.229327301801693],[33.1407246754104,3.227383668786407],[33.139717833055066,3.229402966396226],[33.138101170980896,3.227392495017325],[33.13782228763008,3.228093956409978],[33.13677952675305,3.227390805746087],[33.13570271352242,3.227933031616352],[33.13500920834037,3.227048163355987],[33.13363994971693,3.227380498037532],[33.1315732687191,3.22656275355476],[33.12938402307484,3.227553916966085],[33.12905979593499,3.231193834434347],[33.133959149611954,3.248173563221437],[33.13852092246611,3.248874154629388],[33.13809294197397,3.257246357343307],[33.13987286104139,3.265027944123001],[33.14044370601903,3.273192430496207],[33.13225288072187,3.276936282428343],[33.13110993360026,3.279007107893457],[33.128089020781125,3.28126671994088],[33.124187190545385,3.282034309267716],[33.12477544474121,3.289702185070706],[33.125465467596435,3.291629442755698],[33.12651193217233,3.292033704562084],[33.12043052930402,3.293538970209668],[33.11969289828405,3.296751231810294],[33.1275926777555,3.297586372145414],[33.127830603094715,3.300130372034024],[33.12618899614286,3.307600802695899],[33.125543381562366,3.308807013951244],[33.12445895041657,3.308028698055064],[33.12296133092328,3.308585385778231],[33.12164642832602,3.307057880972339],[33.12016231920147,3.306672734701004],[33.11966195788815,3.30523045399282],[33.118575404478804,3.305651010885926],[33.11936350400954,3.310821143114937],[33.118363156346376,3.314522098999005],[33.114863280847075,3.320321115356051],[33.11400632158308,3.324347149733259],[33.11422127280006,3.330825234276106],[33.113328371470395,3.331720576054114],[33.11163871087956,3.339066811098282],[33.10809696423908,3.348812925355915],[33.11024692194488,3.3492283056383747]]]}},{"type":"Feature","properties":{"n":"Orom","c":"305110","d":"Kitgum","od":"Kitgum","dc":"305","k":"OROM","a":["OROM"],"lat":3.354983,"lon":33.518116},"geometry":{"type":"Polygon","coordinates":[[[33.39235669112382,3.3643666266979806],[33.40081983050034,3.36573223356305],[33.40430624276482,3.382966597108902],[33.40706354104976,3.382353962012719],[33.40776696659364,3.382905032259615],[33.40780164968942,3.382091296069665],[33.407842784686345,3.381099603505601],[33.407843894054096,3.3811001570844423],[33.40784400273845,3.381097607127713],[33.41012959789335,3.3822407322300903],[33.410469049981145,3.3824101201480814],[33.40997600899399,3.380888210089432],[33.410605464437545,3.3805305190773556],[33.4108117971509,3.380412534345932],[33.410812062781595,3.3804131185980464],[33.410813454245876,3.380412327891934],[33.411453063343686,3.3818229930559474],[33.411460305936856,3.381838923068687],[33.412469667700826,3.382068423349356],[33.41226481377321,3.382465415287733],[33.41210906132815,3.382770655027589],[33.412148672770805,3.382763191060428],[33.41372846694484,3.382392537001392],[33.41377328167043,3.3824570667018126],[33.413916382994714,3.382430102180615],[33.4144686577776,3.383456845090216],[33.416066723527585,3.38326717765302],[33.416619546417394,3.381668579179771],[33.41662019427012,3.3816682828418356],[33.41662037998095,3.381667745621139],[33.41805414898147,3.3810123696062835],[33.41840881061815,3.380850141845669],[33.418637993670345,3.381534507336623],[33.42027430870873,3.380678821009298],[33.420275202801434,3.380680754533493],[33.42027663626838,3.380680006577996],[33.420582489996235,3.3813452798351222],[33.42073136758281,3.3816672357278468],[33.42075817919848,3.381480545667247],[33.420883455195245,3.380602676661822],[33.42153557778378,3.3805416944464723],[33.42189168587199,3.380507554154195],[33.42160681523096,3.379270182435738],[33.42161516407533,3.3792843827383243],[33.4216128130736,3.37927400821066],[33.42255166717458,3.3808772531755578],[33.42269022182028,3.381112916676575],[33.423777057239036,3.381459150486368],[33.423907071827024,3.3812313637546496],[33.424633484426465,3.379955465673302],[33.424634404596155,3.3799570701779866],[33.424634444916016,3.379956999537232],[33.42465583920259,3.3799944458128235],[33.425091966688335,3.3807549235802923],[33.425447287841024,3.3807486891382466],[33.42617684230251,3.380734886780909],[33.42877592099226,3.379477831308473],[33.42940355034893,3.379866404161067],[33.42941798669176,3.379783598026688],[33.42953660076576,3.379068102673572],[33.42954183497116,3.379073210542451],[33.42954228431193,3.379070633146482],[33.43153402678254,3.37986729627992],[33.43273458778864,3.379848563453255],[33.43439069008054,3.381009739580093],[33.43444600536365,3.3834816005728503],[33.43471404725474,3.3837259823089636],[33.43835014083818,3.385463999004768],[33.438376050798034,3.385442595105275],[33.4390146200923,3.3849134964117593],[33.43872372220713,3.384354816396282],[33.43859758281495,3.384114624010524],[33.4385990594429,3.3841153970034283],[33.43859758281225,3.384112561080316],[33.44095800525446,3.385349876693055],[33.441256277733864,3.3860405880260815],[33.441985150580614,3.3877275020702373],[33.443051928591125,3.387729338028297],[33.44360396212116,3.38871919069549],[33.44395102392849,3.390498002612871],[33.44407943959881,3.3911535873980307],[33.447659107668436,3.3929829632542616],[33.44927468588283,3.392335606183196],[33.44927463919815,3.392336755886479],[33.44927659648997,3.392335972698007],[33.44920073580129,3.394162898269584],[33.45243206226124,3.397528505533389],[33.452433947161,3.397538578997627],[33.45424370180375,3.405272280497924],[33.454129840194845,3.406601935135666],[33.45443784043548,3.408247979913109],[33.45360000667804,3.4127900775600497],[33.45364672065827,3.4129783050375795],[33.45476119908213,3.417466490285874],[33.45442300176931,3.4290117549286427],[33.45442475346605,3.4290153432643216],[33.45480748366198,3.429795019433763],[33.459484908698094,3.429737297414793],[33.45948516167128,3.4297374189389855],[33.45948527814662,3.429737417485686],[33.46262024059801,3.4312434597013795],[33.46676618084387,3.433235101747611],[33.471048960901875,3.43427013585033],[33.472060208980054,3.440831318104046],[33.4722327424851,3.446396609890306],[33.471100155629145,3.447014494999471],[33.471078404305196,3.447026382582473],[33.4710783699731,3.447026380209329],[33.47107798037347,3.447026592756213],[33.464337371381006,3.446560445783274],[33.46311946048639,3.4468298737935643],[33.457996117495306,3.44796333743566],[33.45799598516964,3.4479632964162357],[33.45799590779268,3.447963313533679],[33.45787441872163,3.4479256122246364],[33.45456157034741,3.446898667578969],[33.45620773951454,3.449373738099393],[33.455720804468264,3.450468636719971],[33.45625774047633,3.452638316073557],[33.457456482844684,3.453272290560855],[33.457863578473464,3.4583481293573786],[33.482133824312996,3.4562326693252383],[33.48377233450448,3.456089785241792],[33.48534181219477,3.4548348395439814],[33.48537926440312,3.454804877801977],[33.48640284891193,3.444106512057105],[33.49076980802442,3.429463578130719],[33.49096806954995,3.42261001233676],[33.49319960143582,3.421781116655734],[33.498575914370065,3.422923191190852],[33.502097514738736,3.422732833635774],[33.50565622547729,3.421136560088059],[33.51309659100815,3.419506218790231],[33.5194395280666,3.420474859971599],[33.52416304292472,3.42252394008118],[33.52780295702778,3.422356873362332],[33.53258554694234,3.421607348928058],[33.54300749639463,3.41718157261332],[33.5468098101835,3.416665240321081],[33.54773920738016,3.41725508614645],[33.54939318356901,3.416589990340163],[33.551643013935674,3.418532519544322],[33.55495093137601,3.419278478749297],[33.55941533800194,3.417647171821597],[33.560796030537766,3.415615455181749],[33.559719414915534,3.400540751817631],[33.55837347244434,3.39286536181237],[33.55975630562447,3.387250539433595],[33.558598231898806,3.378664492945043],[33.56216912715647,3.376797996423561],[33.59143624092161,3.368945876455653],[33.64597320604618,3.360665387347493],[33.64668704961608,3.26943690785272],[33.64588931041592,3.24573274748477],[33.64315980053743,3.2462107261731687],[33.6404970376227,3.247948213764699],[33.63731825484095,3.247233669659189],[33.63635202738207,3.2474028707810207],[33.63649778381691,3.247844886880761],[33.635360498332616,3.249382526093303],[33.63455830028385,3.248127682389153],[33.63278769490814,3.249496293774324],[33.63158715740633,3.248633378293137],[33.62942923944558,3.253027211249364],[33.6298753277659,3.255208937067535],[33.62879062821825,3.258120991482684],[33.625811468561885,3.2603935158197705],[33.6235,3.2651],[33.62298215514503,3.265057392511933],[33.622736283692625,3.265259663176006],[33.61956502646158,3.265163502651424],[33.61809944637447,3.264655650651064],[33.611353942414446,3.2641006408315683],[33.60948830548624,3.265374011775811],[33.60514881788228,3.270455746562487],[33.60309231553205,3.270570756285773],[33.60041178731717,3.273367565285385],[33.600396846964124,3.273356253440561],[33.5983,3.2761],[33.59686303720792,3.27593914595611],[33.59553458107839,3.278232220444812],[33.59402137544252,3.278088624740889],[33.593258762108796,3.275535682325611],[33.586444559118185,3.2747728984087523],[33.58597894541121,3.275306769230117],[33.58535373678571,3.274650791431237],[33.5849,3.2746],[33.57,3.2806],[33.569588144151616,3.2806190087314637],[33.56949312875899,3.280701859253856],[33.56917007174732,3.2806383043808927],[33.56119099518862,3.281006569452833],[33.56092631012722,3.281443795483713],[33.56000255391303,3.281520742290784],[33.55991279212046,3.281065563440594],[33.552977529356546,3.2813856524912364],[33.552910226212575,3.28147041106931],[33.55136773302425,3.281815226324721],[33.550823879674034,3.281485051707352],[33.5505,3.2815],[33.54423481473812,3.280260989481792],[33.54278035738241,3.280625453980588],[33.54217395946477,3.279853432282212],[33.53224750804056,3.277890365396081],[33.5314439388607,3.278579128201721],[33.52660181284543,3.278770961223497],[33.52485835827449,3.277993329030515],[33.523657354549755,3.276248596966373],[33.518128074296975,3.277038494216752],[33.51390699791962,3.2764468824053874],[33.51314843246105,3.2764660059043433],[33.512013829368314,3.277845507298903],[33.510411457169454,3.278308855826578],[33.499793341926534,3.2769177554452655],[33.49897363000755,3.277822755309582],[33.498651704212435,3.278673880784452],[33.498298406460385,3.2785682333298563],[33.49688182998862,3.280132199261121],[33.49684331152566,3.280270373392933],[33.496749542620464,3.280278250632894],[33.49493590367586,3.2822805918954363],[33.49495582452108,3.282529899681078],[33.49436377336434,3.2829122502162438],[33.49236133398706,3.2851230358871155],[33.492319950992496,3.28530232312114],[33.49219063496063,3.285311495505896],[33.48515218347612,3.293082271422317],[33.48513530454199,3.293140284249382],[33.48701725674893,3.294542224650669],[33.48464203571849,3.297635739530195],[33.482987069552806,3.296018206552981],[33.48161791362952,3.296121229437721],[33.482976982578826,3.297539393564875],[33.483136251761536,3.298461982385325],[33.482159636487815,3.298872779305573],[33.483546981348944,3.299926110844961],[33.482978720235565,3.300787577311578],[33.48468358232789,3.302419699765138],[33.44632965128077,3.305333818057311],[33.43127569115209,3.302686207701191],[33.4282,3.3036],[33.42683550363329,3.3035784269349135],[33.42569451275695,3.303951369536724],[33.414305471244525,3.304598577333162],[33.414216153565825,3.3047348898929587],[33.411901878369946,3.308267356097691],[33.40627157255964,3.335993620981327],[33.387953585350715,3.3344239397654922],[33.38792696107714,3.351747970634246],[33.39249991303338,3.35821882527267],[33.3924970585266,3.3583186199580246],[33.39235669112382,3.3643666266979806]]]}},{"type":"Feature","properties":{"n":"Orom East","c":"305111","d":"Kitgum","od":"Kitgum","dc":"305","k":"OROMEAST","a":["OROMEAST"],"lat":3.498399,"lon":33.568524},"geometry":{"type":"Polygon","coordinates":[[[33.383688058258926,3.7540332101784144],[33.38464342633695,3.754879125859667],[33.384643429209845,3.754879438932942],[33.3846435257,3.7548795244],[33.3846864917,3.7595709153],[33.5118144572,3.7491114177],[33.512166998216344,3.749427553836554],[33.6024,3.5912],[33.631418334532206,3.568024283158839],[33.631107819068156,3.5634141025786468],[33.6225,3.532],[33.62282484409906,3.5316109891653324],[33.6228129398,3.5315217088],[33.623147183339896,3.5312249779756866],[33.6323502895057,3.5202039742956415],[33.639781887918915,3.5102333701773683],[33.64048949854856,3.5086854719250278],[33.6421243755,3.502275415],[33.6464647312,3.4944822388],[33.643977172,3.4906154226],[33.64414812958152,3.482522924366022],[33.6439,3.4813],[33.64417500281912,3.481250844906728],[33.644181617,3.4809377541],[33.6460317572,3.4796843185],[33.6445586703,3.4784431543],[33.6482795991,3.4749540388],[33.6570470127,3.4768386601],[33.66506407225856,3.47700626049273],[33.66649427793041,3.475176438530213],[33.6705574009,3.4685449936],[33.6693325751,3.4654645102],[33.6663260382,3.4616929157],[33.6658626248,3.4596222334],[33.6664647283,3.4577052076],[33.6754628056,3.4553187861],[33.68091109464328,3.456731393618158],[33.685,3.4515],[33.69524959386158,3.446554391773084],[33.700084108841,3.4426262087795565],[33.7051,3.43],[33.717694812652404,3.4205736936752444],[33.7192874848,3.4183804141],[33.72103104880413,3.416951194247144],[33.7213,3.407],[33.721387879072424,3.4068401437825377],[33.7214692915,3.4033528992],[33.72479607559321,3.400640472016153],[33.7318,3.3879],[33.73181146743197,3.3878876671014724],[33.731811789,3.3878853794],[33.731816254057094,3.387882519221613],[33.739271945843726,3.3798641337152393],[33.7394959276,3.3789604907],[33.74082850108811,3.3781901026033547],[33.74179364231336,3.37715212053092],[33.74230761419267,3.3757706383631594],[33.74221330841032,3.375026119028801],[33.740674806,3.3727159785],[33.741517383345546,3.3695319737806178],[33.74101675731085,3.3655796629804056],[33.7394843585,3.3634984063],[33.738884310523424,3.3550372420937107],[33.737068020707795,3.3477720828311996],[33.7304325397,3.3408270891],[33.728761607,3.3379688279],[33.7283309342,3.3313660442],[33.72861043247264,3.3298905972241286],[33.7284,3.3296],[33.730966307669924,3.3164018462689673],[33.7279358553,3.306588399],[33.727351505230075,3.296940120559718],[33.7265,3.2929],[33.7152,3.2879],[33.70346009260987,3.2705990838461325],[33.7008549019,3.2682573953],[33.6976045868,3.2624044151],[33.69761765980469,3.2619891828700807],[33.6962,3.2599],[33.6928,3.2458],[33.67982530156525,3.241966566371553],[33.6726169441,3.2412941377],[33.668762030069814,3.2417273864393863],[33.6684094013299,3.2417891370943024],[33.6683090569,3.2431008451],[33.6670548978,3.2431593598],[33.66649420930637,3.242124516342663],[33.662383905387024,3.242844293065866],[33.6624257062,3.2432163543],[33.6614553966,3.2439012689],[33.659960183006376,3.243268723713168],[33.645889321261016,3.245732745585628],[33.64657138852406,3.2660001341890506],[33.64668704961608,3.26943690785272],[33.64668704926711,3.2694369524510325],[33.6466870494,3.2694369564],[33.64668697295325,3.269446705283813],[33.64597320604618,3.360665387347493],[33.591436308120066,3.3689458662527367],[33.59143624091218,3.368945876458182],[33.56226314883957,3.3767727711983757],[33.56216912695303,3.3767979965298984],[33.558598231898806,3.378664492945043],[33.55975630562447,3.387250539433595],[33.559756241646596,3.3872507992077914],[33.5597562427,3.387250807],[33.55974350888458,3.3873024990065335],[33.55837347244434,3.39286536181237],[33.559719414915534,3.400540751817631],[33.560796030537766,3.415615455181749],[33.55941533800194,3.417647171821597],[33.559414674627035,3.417647414220682],[33.557414424,3.41869547],[33.55603157194935,3.4188836095984003],[33.55495093137601,3.419278478749297],[33.554265438987315,3.4191238952790286],[33.5536119329,3.419212806],[33.553015688552236,3.4188420675557607],[33.551643013935674,3.418532519544322],[33.54939318356901,3.416589990340163],[33.54773920738016,3.41725508614645],[33.547640016082546,3.417192133973774],[33.5473600815,3.4172884061],[33.546816435940976,3.4166694453858297],[33.5468098101835,3.416665240321081],[33.54676564270407,3.4166712380101627],[33.54291586800289,3.4172204834493156],[33.53258605813402,3.4216071318458274],[33.5325860387,3.4216071412],[33.532586033737296,3.421607142206122],[33.53258554694234,3.421607348928058],[33.53258319931769,3.421607716846292],[33.5299440984,3.4221427588],[33.528608770511084,3.422230586788322],[33.52780295702778,3.422356873362332],[33.52416304292472,3.42252394008118],[33.519462176868934,3.4204846851149013],[33.51943950163595,3.420474855935327],[33.519097139593136,3.420422573219836],[33.5130963059641,3.4195062812494053],[33.50565622547729,3.421136560088059],[33.502097514738736,3.422732833635774],[33.498575914370065,3.422923191190852],[33.4966693870895,3.4225181931402786],[33.493199277958865,3.421781236810257],[33.49096806954995,3.42261001233676],[33.49077005713964,3.4294549666384904],[33.4907698154,3.4294635309],[33.4907698087452,3.4294635532144646],[33.49076980802442,3.429463578130719],[33.48960741205899,3.4333612302221703],[33.48640284017408,3.444106603383947],[33.48551839717109,3.4533506810785757],[33.4853792757,3.4548048764],[33.48545523794952,3.4548329782719183],[33.48939460521651,3.456289667825606],[33.49499104645503,3.466854353208441],[33.495299315088076,3.475223339818238],[33.492511737883646,3.489202758577888],[33.49245988349405,3.495724081237533],[33.492459820813714,3.4957319668071833],[33.49307104671474,3.501066893064589],[33.49750077080416,3.511705995396131],[33.497349902900616,3.51536106154375],[33.49648693145222,3.517650812268054],[33.49209045833408,3.523415849258844],[33.48392344757882,3.529814197517555],[33.47785499690378,3.535897341637005],[33.47573008981994,3.5406792769529845],[33.475443789465956,3.541323630765361],[33.480468969600615,3.545900173560346],[33.47745801971268,3.554018410437744],[33.4774338934449,3.555922393981308],[33.47743351470157,3.5559228734594486],[33.4774335129,3.5559230153],[33.47670834285945,3.5568409201211852],[33.47230227417643,3.562418876146047],[33.47333361196054,3.579981792734019],[33.471622984527095,3.5863887461711714],[33.4713153277,3.5875411148],[33.4713152912381,3.587541175120323],[33.47131520572771,3.5875414953894],[33.46218208428117,3.602650591541444],[33.46153543283358,3.603720371964355],[33.45911431616643,3.615710453593545],[33.45757787259489,3.617012193576874],[33.45701304527303,3.619775384021146],[33.45531422727202,3.620671153617854],[33.454143916771564,3.6229217370230233],[33.452566793060484,3.625954706242436],[33.44957511557437,3.629126186567216],[33.449548692304916,3.629208107951184],[33.44860587080035,3.632133771479544],[33.44860477614109,3.632134578447993],[33.4486046772,3.6321348852],[33.448039119282726,3.632551573265431],[33.44579624933197,3.634204987578055],[33.441530856778215,3.64683530837632],[33.4396606777903,3.6480859746092484],[33.439042100058714,3.65810811731069],[33.44216302688642,3.664376631026224],[33.44168564906729,3.677505777495165],[33.44294192823745,3.681674969749084],[33.44294141683208,3.6816758184549174],[33.44294148,3.6816760282],[33.44053937227866,3.685662145769093],[33.440257936386104,3.686129204377175],[33.427123644933275,3.696008484119591],[33.42358789205454,3.6997152242525297],[33.42358301405649,3.699720338248975],[33.419470964376636,3.706859068634625],[33.41387449546266,3.710513948001639],[33.41018755202665,3.714267273498306],[33.40831195670258,3.7141483922004532],[33.40758639963907,3.7145830379875178],[33.40365891958297,3.716936051808458],[33.39973255442454,3.716699643550657],[33.3951277068645,3.720771583347868],[33.394996200219076,3.7213004817561965],[33.39441050185772,3.723659003803609],[33.392471324732,3.724743097645835],[33.39010180638392,3.728135473892422],[33.385938036901365,3.736005164805683],[33.38640372027488,3.73943192976959],[33.386403498951196,3.7394322637534185],[33.3864035223,3.7394324352],[33.386162655706066,3.739795703164623],[33.38528814158194,3.74111537022939],[33.3849639441534,3.7426465489484566],[33.383826621053885,3.748019677412349],[33.383225776998735,3.749477176324712],[33.382164758289846,3.749869450046183],[33.38223720381438,3.752748102285584],[33.383688058258926,3.7540332101784144]]]}},{"type":"Feature","properties":{"n":"Akwang","c":"305201","d":"Kitgum","od":"Kitgum","dc":"305","k":"AKWANG","a":["AKWANG"],"lat":3.281458,"lon":32.794275},"geometry":{"type":"Polygon","coordinates":[[[32.705819922092225,3.195563562476743],[32.70646581605286,3.198259551452419],[32.70555359222433,3.200081753482742],[32.706528056279204,3.201221339987898],[32.70628445645314,3.202367738625196],[32.707545654385974,3.20267671122749],[32.70687753678491,3.204541796623024],[32.70741357948078,3.2058365187712643],[32.71324355827227,3.2170219431967912],[32.713384985590594,3.217109014761331],[32.7149834777045,3.22002241179644],[32.71496151655256,3.220545331556415],[32.7193,3.2449],[32.719225310029785,3.245060951625947],[32.719378896813964,3.245396370050655],[32.718756023380834,3.246072231306078],[32.717945850024954,3.2478180978335525],[32.71794458484892,3.250079571922734],[32.71655554976889,3.250814096976887],[32.71574373921957,3.252563491540934],[32.71554448706656,3.254145356152588],[32.71221888507207,3.260292401959737],[32.7178,3.2876],[32.71762932345556,3.2882752854584285],[32.717810493948306,3.289089618532113],[32.71683358689071,3.2914236344758936],[32.7155,3.2967],[32.71443851754866,3.2974921510830906],[32.71658217289026,3.30453495824442],[32.715783503713666,3.310509624480629],[32.71800942875632,3.329308218010554],[32.721084249475,3.3376713351647576],[32.72808656090674,3.3496862301897052],[32.730735596983834,3.352082182016238],[32.73212015332005,3.359221424450337],[32.731189404750694,3.365607340412573],[32.73165864580326,3.372138171866069],[32.73055520660597,3.37593963143375],[32.7301948298981,3.3859747366836004],[32.7302753932843,3.386411694605415],[32.74473143408254,3.386502376627009],[32.7682,3.3787],[32.7976,3.3871],[32.82755658105773,3.388696432219377],[32.83376883330748,3.388522371755209],[32.835909890733234,3.384280305150894],[32.84212435659583,3.380275479775413],[32.844362261314366,3.377919189083935],[32.84075075162209,3.373204360104899],[32.8442571082146,3.368579094116556],[32.84984772288504,3.373120422619873],[32.85572089295566,3.365950494918287],[32.85768866976412,3.358532218781443],[32.85662534994937,3.355773884634027],[32.8572625448952,3.353041153948611],[32.86096154172345,3.350336073720353],[32.86046196436035,3.346449818730324],[32.8621986750258,3.340740009633501],[32.865005565959336,3.33768447878959],[32.86177086990928,3.331506521985908],[32.86326970276478,3.323963908835577],[32.86250830905199,3.321655829021651],[32.86256572763463,3.316083681995025],[32.863075890221644,3.313868363783195],[32.86707682677112,3.307906285687477],[32.867827397361424,3.300074711112873],[32.86566258690229,3.298819904834969],[32.86557807084823,3.296841922440585],[32.86737717179354,3.295308394400219],[32.868373419790366,3.293040542869004],[32.868466904130095,3.289065365419685],[32.87006651449891,3.283434933825172],[32.871624297685045,3.2824836059197],[32.87243533491416,3.280297720977983],[32.8735027153034,3.27994528074684],[32.873611407329165,3.2786029372298],[32.87251623933191,3.276803040296539],[32.86865226140386,3.274997883588778],[32.866281710447794,3.275097518171961],[32.86551751343109,3.277637136595338],[32.863646398916465,3.278873005206629],[32.862749642535924,3.27836699842541],[32.86276736088827,3.27646719999572],[32.859171880826814,3.27507848211395],[32.85482653428967,3.280432430523665],[32.85210250039879,3.279825507393346],[32.84911546641469,3.280289389746141],[32.846077703193174,3.277046297600037],[32.84357316384871,3.27658246261654],[32.84203737894667,3.275147486049168],[32.838959959438256,3.275244053421269],[32.837837631172164,3.273274850349856],[32.83662774842302,3.273893280987455],[32.83522022223095,3.272665709750438],[32.8335165323005,3.272475353112151],[32.8299901731741,3.273127324865988],[32.83021928964151,3.274007210949178],[32.82661207135145,3.272574481696976],[32.822470250598435,3.273247823750234],[32.82209133683348,3.27181169560678],[32.81957780213427,3.271581676942512],[32.8184010428111,3.270155139292852],[32.817770221721695,3.266882889601805],[32.81487890433726,3.26535970718689],[32.814103072725544,3.262936857345027],[32.81315360803383,3.263670592777114],[32.81179747144978,3.263134226784735],[32.81176208124003,3.259494663563874],[32.80989420863739,3.258388216118593],[32.80486072446298,3.258685152280606],[32.80149380814069,3.255638969773308],[32.80142134607168,3.254068987845542],[32.802706421009006,3.252116902355656],[32.802396529627124,3.249501800364067],[32.80346782666465,3.248880955219273],[32.80384854092601,3.247215338614382],[32.79818686153803,3.242955100505558],[32.79785706062113,3.241999564777101],[32.79658203990124,3.241904334300431],[32.794278350277494,3.238972888162088],[32.79170767226076,3.239200779591049],[32.7896531028696,3.236368562333311],[32.78781355622582,3.237574729761144],[32.78710836106202,3.236701130109461],[32.78592803675408,3.236986634230524],[32.784387745455376,3.238908508127661],[32.781968611344865,3.237234100501254],[32.78090410471841,3.237919666522527],[32.77787593197111,3.235044996213694],[32.77597333638555,3.234531153737567],[32.77564875583035,3.233465031455935],[32.77425916022927,3.23327467469287],[32.77406646330201,3.234168390626733],[32.77130944926532,3.233883913359568],[32.76803418311994,3.2310087232254],[32.77077561778469,3.22539389455938],[32.76969061024119,3.224236144165421],[32.768687595270016,3.219190933243076],[32.767288204122586,3.217947522433891],[32.76673204864869,3.216134542930448],[32.767217134496484,3.214593921736871],[32.764718916753395,3.214451217183313],[32.76303438252573,3.212495364321896],[32.76534687739277,3.210282332809308],[32.763849919290934,3.206885469526271],[32.76349002076641,3.206418612774789],[32.752468546930196,3.2039155674346955],[32.75245927278491,3.203916079819854],[32.75245917759958,3.20391343960137],[32.7524,3.2039],[32.746826095571585,3.1937441571855127],[32.74609079597428,3.193375422470521],[32.74437289671982,3.190003309222417],[32.742343520830296,3.187982113636299],[32.74285024083681,3.1865000150840124],[32.7406,3.1824],[32.74052539071885,3.1823579127131967],[32.73959030279069,3.182756322152816],[32.73840623371059,3.181162490811103],[32.733983195010545,3.178667443339281],[32.73287899719188,3.178201523574405],[32.73276190644404,3.1779785113274075],[32.72934405302794,3.1760504914516554],[32.717763437108374,3.184839415596552],[32.71558145222679,3.181875297421929],[32.713862331066586,3.181375161371265],[32.707999255827886,3.184205147290884],[32.707050505475536,3.1837834691531697],[32.702528362576466,3.1854357905970603],[32.70159394412963,3.186813601311502],[32.70689015231929,3.193996730879795],[32.705819922092225,3.195563562476743]]]}},{"type":"Feature","properties":{"n":"Kitgum Matidi Town Council","c":"305202","d":"Kitgum","od":"Kitgum","dc":"305","k":"KITGUMMATIDITOWNCOUNCIL","a":["KITGUMMATIDI","KITGUMMATIDITOWNCOUNCIL","MATIDI","MATIDITOWNCOUNCIL"],"lat":3.261918,"lon":33.040546},"geometry":{"type":"Polygon","coordinates":[[[33.00631199860887,3.259316556020906],[33.01390676797373,3.263184708017743],[33.01702170285342,3.271576079934905],[33.017626983412356,3.274729915476061],[33.014932303961,3.277275187544943],[33.013990037712325,3.279159719565004],[33.014166235921024,3.281574468861702],[33.01331902969829,3.282357714365578],[33.01847395160736,3.301066911121204],[33.01820055700998,3.30246959154388],[33.0114891369703,3.306483980177291],[33.01370242933394,3.310831917387138],[33.015297004886115,3.31198419400501],[33.01826137981956,3.31691848965743],[33.01921013281136,3.317402393346154],[33.02665263956887,3.316664926010098],[33.028595809874304,3.315435422740604],[33.02885125744905,3.313909516911711],[33.02653308830819,3.308014540483936],[33.02886158940516,3.306691170648668],[33.04066883456116,3.316425795082805],[33.04225150089401,3.310529701121042],[33.04329927539664,3.310044460422729],[33.04538513289545,3.310891565469805],[33.04832443449776,3.31083427543171],[33.04852591544813,3.312014648745825],[33.049868681909096,3.311749081471125],[33.05350600958117,3.315538380901434],[33.054600789238144,3.318512980528148],[33.05783121688966,3.318442122819437],[33.05896136752583,3.317271367608639],[33.06050144673927,3.317171521154273],[33.06094402517704,3.315929448531538],[33.05975935629609,3.31470017380592],[33.060016035667104,3.31178918499997],[33.059255157629636,3.309693725211487],[33.06161621215026,3.304579505909178],[33.05808429562745,3.298689513930139],[33.05615941102276,3.292048236583344],[33.06047358544384,3.289924951502939],[33.06008097710095,3.288687638023456],[33.057405085329776,3.287041396395137],[33.05768949914571,3.285927725427737],[33.06200746537371,3.281609742717693],[33.06642674085886,3.279567212580586],[33.06661709594539,3.278710615050132],[33.06480878024301,3.275950985222319],[33.06756883967844,3.272833432016128],[33.06918691316309,3.269525893625274],[33.06847447321402,3.268525451049251],[33.06973419135621,3.267860266037611],[33.07037664433518,3.265338040797915],[33.06921070926858,3.259674928904554],[33.06680746375909,3.259555956541057],[33.06768727114753,3.260626426088754],[33.067022655608355,3.260650768545563],[33.0659281031592,3.259555373556888],[33.06630776652695,3.258294846669124],[33.06554687293341,3.259079744090555],[33.06366728761244,3.2581991249169],[33.06411920255586,3.257439277224455],[33.06509424417409,3.258318624098771],[33.065641517074454,3.256510247100338],[33.06466594237975,3.255915383367769],[33.06416788709894,3.256867323970851],[33.06338122193171,3.256177169223093],[33.06429603066261,3.254681643569214],[33.06560408376867,3.254958860265299],[33.06542647852429,3.253602292063281],[33.067067454711584,3.252281967803636],[33.06746047316999,3.250711238690202],[33.06995669107799,3.248821053755723],[33.07220721169965,3.249640771867304],[33.077025496330364,3.249069700045781],[33.071040919425364,3.243857515973187],[33.059093921901585,3.230765908323158],[33.05557283856855,3.228183062771277],[33.056349177682854,3.227103523403325],[33.053900926372584,3.226238536193876],[33.054486171047074,3.222157413318723],[33.05143130761986,3.219087939022173],[33.048100888177984,3.213515925050852],[33.04399563917932,3.211631202167974],[33.043186112317834,3.209608849074084],[33.0389982629141,3.204945107358064],[33.03659501063188,3.204540602101558],[33.032883011109796,3.205873113409882],[33.03103229438615,3.208890976052664],[33.02771118295275,3.207499972349939],[33.024819058876425,3.207687436500978],[33.02160336195466,3.209522246244776],[33.020858908533725,3.208120580238601],[33.016993012577565,3.208278813700724],[33.01411433646284,3.209849031867068],[33.0102830411063,3.209599390480105],[33.00569649772112,3.211264015925763],[33.00541830331617,3.220986564388034],[33.008703671450725,3.224534018538492],[33.005815508581165,3.227968533836202],[33.00320943143496,3.228278409576881],[33.00231713665395,3.231383600547369],[33.003038581044365,3.235549404255882],[33.006311164051546,3.236802845067238],[33.00322359506455,3.248888595660338],[33.002826622207934,3.254926507821059],[32.99976609610385,3.25748642294619],[33.00401305387053,3.259767164013801],[33.00631199860887,3.259316556020906]]]}},{"type":"Feature","properties":{"n":"Kitgum Matidi","c":"305203","d":"Kitgum","od":"Kitgum","dc":"305","k":"KITGUMMATIDI","a":["KITGUMMATIDI","MATIDI"],"lat":3.286579,"lon":32.984589},"geometry":{"type":"Polygon","coordinates":[[[32.93098185768604,3.257423127999077],[32.93424603942826,3.26534657250858],[32.937408979458695,3.267549475153023],[32.936569715438445,3.269426525044274],[32.94356828449138,3.271092099380022],[32.9443538039072,3.276902834622347],[32.94636556557942,3.277948708680052],[32.946334823036736,3.279200959760541],[32.94795296801534,3.281366350683359],[32.95328606015612,3.283451951089186],[32.956570371302725,3.290735934161171],[32.961676989940905,3.29679995006226],[32.96200939694109,3.298395000606308],[32.95801698431326,3.302709235664717],[32.95719846144473,3.305964240586959],[32.9571603793107,3.307258757741435],[32.960691945620134,3.308893539301887],[32.961145026768115,3.310154828219385],[32.958532563318734,3.312265414463853],[32.95875999136302,3.314587313136304],[32.96301905020616,3.321130625791601],[32.963994804598414,3.324009978358916],[32.96666010192626,3.326606064447303],[32.965894069442136,3.335618854365301],[32.96747915214753,3.338445171030076],[32.9700959313724,3.340654913327104],[32.97128587080904,3.34353424779249],[32.976806218365844,3.348174194273104],[32.980624846153795,3.3495033813451007],[32.982227281330005,3.3478346407868824],[32.98302705823717,3.3467552616477665],[32.98319038706466,3.3464145716872546],[32.982965293475296,3.345794556889493],[32.98247735951307,3.344722471222883],[32.982539207238666,3.3446209127507007],[32.98253251014431,3.344602465767769],[32.98702219285256,3.3372595237037883],[32.98702437439327,3.337255941454974],[32.987027191659685,3.3372548743960615],[32.992183893859675,3.3351342527512227],[32.99231092813421,3.335065715383219],[32.992772734753224,3.3338594830435113],[32.992795553944106,3.333788828052299],[32.99526572527971,3.3335640834482656],[32.99529596703933,3.333561315313778],[32.99529599549994,3.333561329360498],[32.995296520161624,3.33356128162499],[32.99989216143795,3.33582908643582],[33.00991981239592,3.335193506639609],[33.01535741148859,3.338599511143533],[33.015367819329455,3.3386060274917253],[33.023866355938075,3.339890394922926],[33.02386640069772,3.339890396289517],[33.02259042436372,3.336091619244784],[33.02704548539719,3.3375304133608266],[33.02712797922894,3.3375254861146852],[33.029985811017795,3.337354703613005],[33.032924513146696,3.336031069496783],[33.03423286408289,3.335441749593948],[33.034232907290736,3.3354417497731275],[33.03423291688228,3.335441745452955],[33.04843823103318,3.335500004360905],[33.048438032959275,3.335500657207699],[33.04844297178416,3.335500677688581],[33.046873637438004,3.340656867028121],[33.04684750856227,3.340742987170899],[33.046847364560634,3.3407431889330543],[33.04684721029003,3.340743695803004],[33.04669754522331,3.3409531023215338],[33.04512036992753,3.343162898576688],[33.04837640112828,3.344167298913915],[33.04876236404918,3.344285932852727],[33.05118229635557,3.33929932922899],[33.0542669461282,3.339582381457623],[33.054685781713694,3.338508019672127],[33.052703100574576,3.336313520736748],[33.05460580661308,3.332602165042157],[33.05728567319861,3.332901889947996],[33.05729360619905,3.332872089231888],[33.05785668500814,3.330736840773825],[33.05786137850084,3.33073922395521],[33.057861408807156,3.330739110107996],[33.05982728160309,3.3317374365826264],[33.060506800435114,3.332082471024006],[33.06058532841478,3.3320878641224296],[33.07263913609601,3.332915048525094],[33.077336399778424,3.336543510425381],[33.08236593064154,3.350595961214951],[33.08236594567605,3.350596187243069],[33.08236600805561,3.350596361506421],[33.08268786528484,3.355435688898971],[33.08268785248394,3.355435717535271],[33.08268786016843,3.355435833063413],[33.08184728787139,3.357318222451334],[33.08189920134871,3.357324941851073],[33.08332974567027,3.357394041473444],[33.089389216227396,3.357394031152046],[33.09758386186536,3.3563149938452472],[33.09758418585461,3.356314940174048],[33.09758423821376,3.3563149442892337],[33.09758426953146,3.356314940165448],[33.106562996948774,3.3570202385212613],[33.10661137320123,3.356761407375238],[33.10841441342067,3.34665140125934],[33.10976306076004,3.34422819112566],[33.11030979183092,3.342723706467129],[33.111765124979534,3.336481878825145],[33.112760551848595,3.334189318254197],[33.113328371470395,3.331720576054114],[33.114221201974985,3.3308253052947556],[33.11422126996108,3.3308251487164653],[33.1140435133561,3.325468015450092],[33.11400633782884,3.324348622967918],[33.114006366064515,3.3243484902907126],[33.11400632158308,3.324347149733259],[33.114863280847075,3.320321115356051],[33.118363156346376,3.314522098999005],[33.11936350400954,3.310821143114937],[33.11932761716939,3.3105857163678922],[33.118574391561026,3.305656259119308],[33.11857610298197,3.305655593243349],[33.118575404478804,3.305651010885926],[33.11966195788815,3.30523045399282],[33.1196627700926,3.30523279515466],[33.119664192623475,3.305232241679425],[33.12003465584443,3.3063047478241234],[33.12016225706342,3.3066725555894227],[33.12027375374092,3.3067016534622025],[33.12164642832602,3.307057880972339],[33.121648656094706,3.3070604689415046],[33.12164985261736,3.307060781204298],[33.12214659280118,3.307638915370733],[33.12296104508271,3.3085850537210533],[33.12442139277675,3.3080426587954865],[33.12445895041657,3.308028698055064],[33.125543381562366,3.308807013951244],[33.1261889864449,3.307600820814727],[33.127830599840074,3.300130337233977],[33.1275926777555,3.297586372145414],[33.11969289828405,3.296751231810294],[33.12043052930402,3.293538970209668],[33.12651193217233,3.292033704562084],[33.125465467596435,3.291629442755698],[33.125096355273314,3.2905984992790094],[33.124775573977885,3.289702692075894],[33.12477555971545,3.289702506197737],[33.12477544474121,3.289702185070706],[33.124254459742,3.282911161228437],[33.124187179005204,3.282034310879856],[33.119951065180295,3.283456004870332],[33.10703064006828,3.292430165608405],[33.103174676213534,3.28984010200399],[33.101745363578694,3.296732439561601],[33.09877141738081,3.300836380642417],[33.09332832221617,3.303721735507189],[33.08955092999366,3.307439642053868],[33.0868155639406,3.315586935861765],[33.085128045691384,3.315676727478357],[33.08497641630048,3.318681267523623],[33.08168244351622,3.318055214209246],[33.07505802438631,3.319006998167771],[33.07191682881068,3.321005707520102],[33.06937842892117,3.321422078946988],[33.06590836988277,3.313599032959135],[33.0658105772559,3.310274211227195],[33.06395186268783,3.306313395440954],[33.0616162196762,3.304579515077767],[33.06145058705908,3.304938262147495],[33.059255157629636,3.309693725211487],[33.060016035667104,3.31178918499997],[33.05975935629609,3.31470017380592],[33.06094402517704,3.315929448531538],[33.060943597122495,3.315930649843622],[33.0609436089093,3.315930662072972],[33.06093127375037,3.31596523472584],[33.06050144673927,3.317171521154273],[33.05896136752583,3.317271367608639],[33.05783121688966,3.318442122819437],[33.054600789238144,3.318512980528148],[33.054593782269556,3.3184939420613584],[33.05294218368635,3.314950997708426],[33.049868681909096,3.311749081471125],[33.04852591544813,3.312014648745825],[33.04851637133354,3.3119587346847443],[33.048396769043435,3.311977365246793],[33.0483270923524,3.310849846435761],[33.048324473486204,3.3108345038449807],[33.04626877629644,3.310874342343037],[33.04538513289545,3.310891565469805],[33.04538490137771,3.3108914714461988],[33.04538486450146,3.310891472160844],[33.04532786948879,3.310868309748441],[33.043300079954854,3.3100447871685974],[33.04225145704244,3.3105298644864924],[33.04066883456116,3.316425795082805],[33.02886158940516,3.306691170648668],[33.02653308830819,3.308014540483936],[33.02885125744905,3.313909516911711],[33.028595809874304,3.315435422740604],[33.02859490909128,3.3154359926935655],[33.028594870348684,3.315436223745913],[33.02665286997908,3.316664826240411],[33.0266527837523,3.3166648347808385],[33.02665263956887,3.316664926010098],[33.01921013281136,3.317402393346154],[33.01826137981956,3.31691848965743],[33.01807036588627,3.316600540935774],[33.0176428789919,3.316299875627943],[33.01448646062003,3.311398476254422],[33.01370242933394,3.310831917387138],[33.01212112358245,3.307725496278941],[33.01150380009795,3.306766894286512],[33.01159531070769,3.3066925548559536],[33.0114891369703,3.306483980177291],[33.012865440903425,3.3056607536719325],[33.015205906515895,3.303759456310272],[33.01818658449281,3.3024779491066303],[33.01820055700998,3.30246959154388],[33.01847317211408,3.3010709103954343],[33.018473949648005,3.3010669040099385],[33.01356276716295,3.2832423314875405],[33.01331927838666,3.282358657412197],[33.01331928727066,3.282358649194918],[33.01331902969829,3.282357714365578],[33.014166235921024,3.281574468861702],[33.013990037712325,3.279159719565004],[33.014932303961,3.277275187544943],[33.017626609745925,3.274730268424434],[33.0139089018214,3.2631904564234566],[33.01390678012935,3.2631847407639683],[33.0117485274569,3.2620854774863406],[33.00631199860887,3.259316556020906],[33.00440771653435,3.259689807586807],[33.004014357901504,3.259767325874873],[33.004013788307084,3.2597670200595],[33.00401305387053,3.259767164013801],[32.999845089450766,3.2575288446937742],[32.999766085472025,3.25748642743959],[32.97988475755157,3.260963385677276],[32.97159735818056,3.253514889709293],[32.979861985397434,3.247405237361102],[32.97641296513802,3.237838059956503],[32.97258620486817,3.236472005002493],[32.96796987588598,3.233566369511003],[32.968559231248086,3.232397338858827],[32.96151812316138,3.234702083334306],[32.95823586939714,3.234047198396359],[32.95848257406665,3.23082998600044],[32.95633865424107,3.221084408962486],[32.93585764803189,3.2363084833931346],[32.93560370307522,3.236539990680426],[32.935506456210035,3.236519604985921],[32.931136728295584,3.2374354162254773],[32.93010442627045,3.239418368873149],[32.933548395575514,3.242289999831208],[32.93315572879437,3.248507248914672],[32.93221348280271,3.249638857517315],[32.92870063502969,3.249370180117105],[32.92871015288879,3.254138610061749],[32.93098185768604,3.257423127999077]]]}},{"type":"Feature","properties":{"n":"Labongo-Amida","c":"305204","d":"Kitgum","od":"Kitgum","dc":"305","k":"LABONGOAMIDA","a":["AMIDA","LABONGO","LABONGOAMIDA"],"lat":3.282544,"lon":32.931573},"geometry":{"type":"Polygon","coordinates":[[[32.87949525382535,3.270121605251934],[32.88142887120969,3.269644326131953],[32.883535055749384,3.26744266526768],[32.88543498653982,3.267126744937038],[32.88726092684958,3.265610332563765],[32.89001557472109,3.26518912725421],[32.88999268508617,3.264313004065263],[32.89132951756145,3.263525189995708],[32.89971796068346,3.2652713229783],[32.90785718614408,3.26326952329158],[32.913616592991,3.262833649399075],[32.91218751652161,3.266921844182498],[32.9126718162776,3.269052199523723],[32.91209233970566,3.26931082498408],[32.91289158577084,3.269674747746702],[32.91417842183444,3.275695112070765],[32.91300612284837,3.277657899842163],[32.91282006577461,3.280938999638244],[32.91120214266454,3.285007647322884],[32.90915579445346,3.288898010618863],[32.900615505980426,3.294882029208626],[32.90171957888717,3.300777189598378],[32.90064197607403,3.302330801851964],[32.90031360977121,3.304811386834014],[32.902715574772316,3.307173753891421],[32.90145570005129,3.308637445712689],[32.90325461692464,3.311021774754744],[32.90481433237604,3.310475717159971],[32.905953044605376,3.313199058269027],[32.908689304388915,3.313165076052329],[32.911914910619885,3.309197682546995],[32.91327703367283,3.309119921807741],[32.914201369087515,3.307940693339899],[32.9174754480389,3.307930827918843],[32.919277390277045,3.308810066569994],[32.923704421364484,3.305783440980643],[32.9275721909393,3.305155214783059],[32.92843751322938,3.302135375338694],[32.93224499898463,3.300451112829788],[32.933622925412706,3.301489532165058],[32.933958669941916,3.303060101004571],[32.935775389430084,3.304266487979496],[32.939122598758715,3.304416191228551],[32.94024758533821,3.306118897858112],[32.94376176414335,3.307588158766571],[32.944065431773325,3.310122341995305],[32.94618312856977,3.311609526075955],[32.949135270319985,3.316832025968681],[32.95196152139462,3.319190161689014],[32.95253947730911,3.320392970406945],[32.951916862330286,3.320716501778406],[32.95203345512494,3.322116810307595],[32.95331541273155,3.322620320497862],[32.95145254063419,3.327576632058292],[32.951255620748995,3.332233538253694],[32.95007079660295,3.33505255422679],[32.9508631303059,3.336887111746991],[32.94959966160841,3.337900772874519],[32.94947091137375,3.340292742635144],[32.94839327617947,3.340906031059298],[32.947843620469044,3.342697763910179],[32.94870710586208,3.345757532231586],[32.94847597614831,3.347980740598823],[32.947413463196476,3.347921874569559],[32.947348494634504,3.350427944913216],[32.94865737317528,3.350366222920696],[32.94948991137579,3.352486092850381],[32.95132169026441,3.352105344979547],[32.95579081715406,3.35460151631072],[32.95738287999585,3.354620754175555],[32.95892147091365,3.356228180424358],[32.95913880002944,3.358860849792305],[32.96222786391094,3.359195426486282],[32.96289248573246,3.3611989546027665],[32.962901604412856,3.361223528931575],[32.96294862650841,3.361222198687537],[32.96416447347911,3.3611875159254274],[32.96427698287089,3.361043820861955],[32.96509502786926,3.359996288940573],[32.96509635517034,3.359997332629163],[32.96509718180018,3.359996276871719],[32.96723062031129,3.3607298897417492],[32.969028421965874,3.360612657683752],[32.96902864696595,3.360612585911268],[32.969108977136784,3.358713153325211],[32.96925887974425,3.358673446567098],[32.96927265405136,3.358556591472918],[32.971395705081086,3.3581074363541115],[32.97140087712759,3.358106066363268],[32.97185955415129,3.3577836702340247],[32.97461892722004,3.355843905698142],[32.97431077938635,3.354614707249763],[32.97504089693629,3.353752057361921],[32.97504133169382,3.353751780606938],[32.97504145570869,3.353751633694809],[32.979836926582806,3.3503239033632366],[32.98029962689319,3.3498420574915917],[32.97680683633208,3.348174409374649],[32.976806218365844,3.348174194273104],[32.97128587080904,3.34353424779249],[32.97009594870365,3.340654955264092],[32.970063458311245,3.340627491412382],[32.96747915214753,3.338445171030076],[32.965894069442136,3.335618854365301],[32.966089464238806,3.3333199280273944],[32.9666596217249,3.326605596715594],[32.964021123607665,3.3240356139279967],[32.96399496337552,3.324010154468386],[32.96399495252218,3.32401012244146],[32.963994804598414,3.324009978358916],[32.96301905020616,3.321130625791601],[32.961119219597606,3.318211862252124],[32.95876010106607,3.314587534442825],[32.95876009502964,3.314587472402274],[32.95875999136302,3.314587313136304],[32.958532563318734,3.312265414463853],[32.96081742434729,3.310419495333945],[32.960693589887384,3.3088981166189364],[32.96069207306837,3.30889389409274],[32.960279678432244,3.3087026985423797],[32.9571603793107,3.307258757741435],[32.95719846144473,3.305964240586959],[32.95801651160597,3.30271111547115],[32.95801657915346,3.302710756807992],[32.95801661024995,3.3027107231954473],[32.95801698431326,3.302709235664717],[32.961595886819296,3.2988418431626196],[32.962009375654176,3.298394898461339],[32.961676989940905,3.29679995006226],[32.9567065620132,3.290897658130089],[32.956570475981074,3.290736084795905],[32.95657045043307,3.290736028127006],[32.956570371302725,3.290735934161171],[32.95328606015612,3.283451951089186],[32.94864259797401,3.2816360427276177],[32.94795356613683,3.281366749430885],[32.947953392063376,3.281366516514874],[32.94795296801534,3.281366350683359],[32.946334823036736,3.279200959760541],[32.94636556557942,3.277948708680052],[32.9443538039072,3.276902834622347],[32.94356828866037,3.27109213021938],[32.936571924371904,3.26942727861926],[32.93657201639771,3.2694270726446004],[32.936569715438445,3.269426525044274],[32.937408979458695,3.267549475153023],[32.93424603942826,3.26534657250858],[32.93098185768604,3.257423127999077],[32.928718403837465,3.2541505395998422],[32.9287102720318,3.254138792846659],[32.928710272009475,3.2541387822909997],[32.92871015288879,3.254138610061749],[32.92870816575792,3.2531430611416954],[32.9287001913905,3.249373214046807],[32.92870064115351,3.2493732481404782],[32.92870063502969,3.249370180117105],[32.93221348280271,3.249638857517315],[32.93315572879437,3.248507248914672],[32.933548395575514,3.242289999831208],[32.93010442627045,3.239418368873149],[32.930249058389634,3.239140544518746],[32.93112737598629,3.237437376290298],[32.923207303378085,3.239097271747108],[32.92305136916708,3.239254218058521],[32.918908412178865,3.240013645535186],[32.91574944546299,3.243626478534571],[32.91532923718867,3.242881162631485],[32.9137020225079,3.245878901752267],[32.911668772555366,3.246551870736361],[32.91754331648429,3.23812937197259],[32.91828095270387,3.234717083063563],[32.918028981558024,3.229434345835888],[32.91825517503818,3.2290379756491108],[32.9182,3.2281],[32.9262,3.2097],[32.925815235522364,3.2095030288270463],[32.92152939594165,3.208044721916899],[32.918544675308105,3.2057810356164427],[32.916968551364,3.204974175835882],[32.91640527378702,3.205881991019621],[32.91319885245971,3.206688952261037],[32.91286410587837,3.207946116647074],[32.911374267565094,3.20753372887219],[32.90999772920674,3.212612842672351],[32.90910031505582,3.212939194074188],[32.909434764641624,3.214071751193954],[32.90724698909624,3.214552080335109],[32.905299877165824,3.218278964012009],[32.905452213480444,3.219343995446152],[32.90432895967004,3.21966865592806],[32.90413751961341,3.221173783518266],[32.902596811140654,3.222143204157634],[32.90225510800886,3.224976856965956],[32.901378522453804,3.224732065504373],[32.90132212740356,3.225891582004073],[32.90054095753502,3.225645774666614],[32.89953206453236,3.226673699595632],[32.8989800310454,3.228386904268961],[32.900121647357366,3.229337575110515],[32.8984851014414,3.229681341380741],[32.89692417502449,3.23385015143116],[32.89709549513756,3.234916144034008],[32.898350807570175,3.23533411840569],[32.89802862113378,3.236266709224167],[32.89409574855537,3.239874708913124],[32.893395477622256,3.247009202147936],[32.89158109102214,3.246278794984702],[32.889402902241045,3.247242250841588],[32.88027460633241,3.245066935985655],[32.87762321839431,3.258141334580694],[32.878784992764736,3.260157174797186],[32.87949525382535,3.270121605251934]]]}},{"type":"Feature","properties":{"n":"Labongo Amida West","c":"305205","d":"Kitgum","od":"Kitgum","dc":"305","k":"LABONGOAMIDAWEST","a":["LABONGOAMIDAWEST"],"lat":3.220745,"lon":32.836594},"geometry":{"type":"Polygon","coordinates":[[[32.76494190940111,3.214463955090698],[32.767217134496484,3.214593921736871],[32.76721695121352,3.2145945038392356],[32.76721720296355,3.21459451828541],[32.76673209053094,3.2161346794599805],[32.767288204122586,3.217947522433891],[32.768244851829316,3.2187975393153856],[32.768687119247566,3.219189981204166],[32.76868724700443,3.2191906237962176],[32.768687595270016,3.219190933243076],[32.76969061024119,3.224236144165421],[32.76996189916167,3.224525621281449],[32.77077495838901,3.225392227160611],[32.770774613451145,3.225392822891663],[32.77077561778469,3.22539389455938],[32.76823080930987,3.2306060062167092],[32.76887543141214,3.2317472124604043],[32.771309437437324,3.233883902976373],[32.77134461647486,3.233887542021422],[32.77406646330201,3.234168390626733],[32.77425916022927,3.23327467469287],[32.774261331908654,3.2332749721850744],[32.77426156426346,3.233273892856265],[32.77564672680451,3.233464391778168],[32.775646842061434,3.2334647692941547],[32.77564875583035,3.233465031455935],[32.77597333638555,3.234531153737567],[32.77787593197111,3.235044996213694],[32.78090331968694,3.2379189212854325],[32.781169103173944,3.23774900160388],[32.781968611344865,3.237234100501254],[32.78197143724806,3.2372360564547673],[32.78197151546969,3.237236006446414],[32.78210161661171,3.2373261603139722],[32.78438708537808,3.23890805125408],[32.785117414135016,3.2379980756723565],[32.78592803675408,3.236986634230524],[32.78592945221089,3.2369862918511045],[32.785929599815304,3.236986107938837],[32.78593090857883,3.236985939575848],[32.78710836106202,3.236701130109461],[32.78720587019347,3.2368219249583787],[32.78741061799416,3.236795585630337],[32.78780798551333,3.2375678287318452],[32.78781355622582,3.237574729761144],[32.7896531028696,3.236368562333311],[32.791156166385534,3.2384405305265562],[32.79170806468625,3.239200744802404],[32.79400349313586,3.238997254335665],[32.79427806500727,3.23897284946777],[32.794278112011554,3.2389729092844397],[32.794278350277494,3.238972888162088],[32.79658203990124,3.241904334300431],[32.79785706062113,3.241999564777101],[32.79785728875255,3.242000225744713],[32.79785782147634,3.242000265773633],[32.79796258945445,3.2423053145960004],[32.79818686153803,3.242955100505558],[32.8017700502198,3.245651338834701],[32.80384804963935,3.247214501330008],[32.80384795862106,3.247214900447969],[32.80384854092601,3.247215338614382],[32.80355093268693,3.2485173681811004],[32.803468185131,3.248880218724473],[32.80346796604393,3.24888034543794],[32.80346782666465,3.248880955219273],[32.802397241866764,3.249501387602239],[32.80270647021093,3.252116528421507],[32.8027063909612,3.252116648789139],[32.802706421009006,3.252116902355656],[32.801421526599725,3.2540687136154753],[32.8014340586037,3.254344420852053],[32.80149380814069,3.255638969773308],[32.80344993657891,3.257408756622796],[32.80486109119678,3.2586851306461835],[32.80989420863739,3.258388216118593],[32.81176208124003,3.259494663563874],[32.81178228506668,3.2615724445346945],[32.81179777358198,3.263134346281132],[32.81293748159241,3.2635851125426036],[32.81315375102766,3.2636704822731177],[32.814103072725544,3.262936857345027],[32.81476558136115,3.2650058100904094],[32.81487911647644,3.265359818944479],[32.817770221721695,3.266882889601805],[32.817770269838604,3.2668831391980118],[32.81777051024706,3.266883265852485],[32.8181348390466,3.2687742641116637],[32.81840099514487,3.270154892034493],[32.819578069627916,3.271581701421399],[32.82209133683348,3.27181169560678],[32.822091751613684,3.2718132676729823],[32.82209449032307,3.271813519425671],[32.82239922121372,3.272978613951499],[32.822470250598435,3.273247823750234],[32.82661207135145,3.272574481696976],[32.82661301623131,3.272574856988105],[32.82661391094764,3.272574711643241],[32.83021897793211,3.2740060138778246],[32.8299901731741,3.273127324865988],[32.8335165323005,3.272475353112151],[32.83522022223095,3.272665709750438],[32.83522040557382,3.2726658696525663],[32.83522043806576,3.272665873285191],[32.83662823807624,3.27389303070159],[32.837837631172164,3.273274850349856],[32.83783805979354,3.2732756023958993],[32.83783850351243,3.273275375682622],[32.83896017820206,3.275244046556607],[32.84203737894667,3.275147486049168],[32.84357316384871,3.27658246261654],[32.846077703193174,3.277046297600037],[32.846078205521614,3.277046833881929],[32.84607858056247,3.277046903402161],[32.84608215294115,3.277051048116013],[32.84905588601321,3.2802257821776792],[32.85210224703423,3.279825546740521],[32.85210250039879,3.279825507393346],[32.85465711055448,3.2803946823942973],[32.8590088693188,3.275142263509417],[32.85909536365057,3.275172759753396],[32.859171880826814,3.27507848211395],[32.86276736088827,3.27646719999572],[32.862767244296045,3.276479701255751],[32.86284899677139,3.278423060381567],[32.86331943961345,3.2786885140470456],[32.8637956750961,3.278774408491474],[32.86494620403083,3.278014485683059],[32.86568039102741,3.2770958534767938],[32.86610928007934,3.2756705475490717],[32.86613643511505,3.275186553514776],[32.86625253092256,3.275194489055458],[32.866281710447794,3.275097518171961],[32.86865226140386,3.274997883588778],[32.8691964539415,3.275252117134601],[32.86969112612013,3.273609016072812],[32.871756516884176,3.271982009116667],[32.875775809789964,3.27133823274444],[32.87719459786273,3.270224650522755],[32.87925932524836,3.270370532082287],[32.87911095085206,3.2647301225095027],[32.878875088332954,3.261421148107256],[32.87762573604997,3.2581457030636485],[32.87762321839431,3.258141334580694],[32.88027460633241,3.245066935985655],[32.88936256600493,3.2472326385311927],[32.88940293062434,3.2472422382870954],[32.89158109102214,3.246278794984702],[32.89158157688539,3.2462789905758744],[32.89158161280985,3.246278974681864],[32.891592195240165,3.246283265145794],[32.893395477622256,3.247009202147936],[32.89339628247713,3.247001002133707],[32.893053985511315,3.245394132459674],[32.89371077406748,3.243796902095188],[32.89409560954744,3.2398761251523043],[32.89409560069602,3.239875808458334],[32.89409564458423,3.2398757681908354],[32.89409574855537,3.239874708913124],[32.89802856554682,3.2362667602194],[32.89803764239505,3.2362405965624315],[32.89835066107476,3.235334542446756],[32.89779301742236,3.2351483941345793],[32.89709549513756,3.234916144034008],[32.89692417502449,3.23385015143116],[32.8984851014414,3.229681341380741],[32.900120991363245,3.229337712906009],[32.89992976973989,3.229177790729224],[32.8989800310454,3.228386904268961],[32.89953206453236,3.226673699595632],[32.90054095753502,3.225645774666614],[32.9005439908948,3.225646729160792],[32.9005445611073,3.225646150212937],[32.900768682939756,3.2257174320329107],[32.90132149983315,3.2258913845292114],[32.901376995639005,3.224735761753701],[32.90137832471736,3.2247361310857743],[32.901378522453804,3.224732065504373],[32.902254501542224,3.2249766876067256],[32.90240149630076,3.223762897959247],[32.902596811140654,3.222143204157634],[32.90331250595494,3.221692885789992],[32.904137611659934,3.2211730598360635],[32.90424638491844,3.220317869781585],[32.904328097210204,3.219669518392984],[32.90432887867159,3.219669292748808],[32.90432895967004,3.21966865592806],[32.90545202297345,3.21934405050948],[32.905298951344854,3.218282739039517],[32.905300101943325,3.2182805355027257],[32.905299877165824,3.218278964012009],[32.9071795416764,3.2146811785570075],[32.907246742356875,3.214552481035196],[32.9072467845947,3.2145524717627545],[32.90724698909624,3.214552080335109],[32.909434429695686,3.2140718247317963],[32.90910026646625,3.212941690220931],[32.909100975497495,3.2129414305485526],[32.90910031505582,3.212939194074188],[32.90999772920674,3.212612842672351],[32.91127526123829,3.2078990397243956],[32.91137409814178,3.207534203438334],[32.91137413610088,3.207534213945267],[32.911374267565094,3.20753372887219],[32.91286410587837,3.207946116647074],[32.91319885245971,3.206688952261037],[32.91640527378702,3.205881991019621],[32.916968551364,3.204974175835882],[32.91696917246734,3.204974493795206],[32.91696917246734,3.204974493795205],[32.89643631724134,3.194463178918045],[32.88969736764837,3.191126679395949],[32.88971264627617,3.191021152864316],[32.88437123229067,3.1882867409341213],[32.87582052026414,3.191788464464474],[32.868533447770744,3.190509731911837],[32.86225127641749,3.187951566659436],[32.86134758455091,3.187378996401174],[32.86044326858157,3.178743327785825],[32.85661150922854,3.177788839878359],[32.85317669189209,3.162541823745516],[32.8438905193018,3.163665597691431],[32.8435382641413,3.161949485679499],[32.83564662221221,3.161603636830017],[32.83337293820853,3.161998853807527],[32.83095005709138,3.161421870563966],[32.82793686314893,3.163258955115223],[32.82609910508123,3.16259931265384],[32.824955739563926,3.162879109049311],[32.824411372897806,3.163881493475094],[32.8207922911343,3.165962655091289],[32.81832728804009,3.164993223530059],[32.8171845712447,3.166189809529889],[32.81412599539796,3.165529288135243],[32.8130871135772,3.1657835160128314],[32.808172857596674,3.1701955878193],[32.8067888129331,3.169239945722834],[32.80424134932609,3.171345593441576],[32.800286904976865,3.171057397772228],[32.79760688943153,3.1696954070456473],[32.79226758573831,3.1732549428411274],[32.79213202993138,3.173532026341044],[32.79139747601454,3.1738350159903064],[32.788798650943676,3.1755675660375484],[32.78773663495238,3.176943542007692],[32.78547376260939,3.178092409436284],[32.78571204982169,3.178905417508948],[32.78230302163137,3.179897985579085],[32.7823,3.1799],[32.78166958465227,3.1872225167313357],[32.78244674111204,3.188289307287856],[32.78254169073806,3.192190669832171],[32.78378782826143,3.193496447275094],[32.783862611881226,3.194813110900935],[32.78226668877904,3.197612341708543],[32.78250354203938,3.198546800731375],[32.780584245712724,3.199829145952187],[32.780505642516026,3.200742152313814],[32.780610303132086,3.200856037807243],[32.780488396780434,3.2009424681657173],[32.78033258549487,3.202752276175003],[32.780705440279256,3.203680060003459],[32.78025269493897,3.205499141884466],[32.78081184868966,3.207426883520392],[32.78050250033489,3.208550163339186],[32.77981151649822,3.2088046929821745],[32.779707944445704,3.210007722207598],[32.77971608622087,3.210056741977496],[32.779703686371455,3.210057181377688],[32.7797,3.2101],[32.77953740518918,3.210063073705969],[32.77766632163868,3.210129377291081],[32.77742277632554,3.2095828283230166],[32.7725767365411,3.208482262511165],[32.772025435255095,3.208691356762584],[32.77176407418927,3.208297701830531],[32.766917307427896,3.207196970917691],[32.76534370945425,3.210275144195254],[32.76534687739277,3.210282332809308],[32.765333480446834,3.2102951535355078],[32.76466149093547,3.21160965710716],[32.76388252424377,3.2116837022611904],[32.76303438252573,3.212495364321896],[32.76471886412762,3.2144511560813953],[32.76494190940111,3.214463955090698]]]}},{"type":"Feature","properties":{"n":"Labongo Layamo","c":"305206","d":"Kitgum","od":"Kitgum","dc":"305","k":"LABONGOLAYAMO","a":["LABONGOLAYAMO"],"lat":3.369392,"lon":32.905974},"geometry":{"type":"Polygon","coordinates":[[[32.84265978091446,3.3901827306033305],[32.86899456287181,3.392949791026386],[32.87402240305037,3.391652696061408],[32.8799420867882,3.39289009498788],[32.88331779540596,3.394454768357872],[32.8847,3.3946],[32.88536345575368,3.3954029515788067],[32.88593866802715,3.395669567992813],[32.89098384978916,3.401381230163],[32.892180535895655,3.4036533665198645],[32.89973281263094,3.4127935578507738],[32.900627677141784,3.413288637665819],[32.90421585936667,3.4181977343761907],[32.912941442061125,3.416951222562697],[32.91470248346497,3.414603762476636],[32.91598075015104,3.414352858157114],[32.91567256344249,3.418755587145539],[32.91489402957679,3.419612229429168],[32.91962064491902,3.4276545301607233],[32.92543059359851,3.430226264476695],[32.92593914577115,3.43117225712788],[32.9304836685956,3.432586104341329],[32.9335145921011,3.435213405200232],[32.93789763251311,3.4374555545859167],[32.94020779673288,3.438358060418183],[32.943149791448405,3.436996435933755],[32.95052118381178,3.4360224689340946],[32.951422380234405,3.433740539253035],[32.95486289835899,3.431448781263692],[32.95488763418597,3.431457787930643],[32.954887701826216,3.4314577433611126],[32.954863047192305,3.431448766084468],[32.957340879703786,3.427821569644176],[32.95823567975893,3.426077538504563],[32.95896286007541,3.4254472197222436],[32.95967306128967,3.4244075855644436],[32.95886995230414,3.4188596936016884],[32.95660478895878,3.413521390072142],[32.95493106956961,3.409577525317352],[32.95493119665567,3.4095772402089652],[32.954930687406225,3.409576040062352],[32.95705674644677,3.404808546682273],[32.95659830017544,3.399886719913334],[32.95659879835596,3.3998857049978355],[32.95659863971835,3.399884000388696],[32.95699772006106,3.399073003969462],[32.95716174167484,3.398738851847665],[32.95597510549309,3.393526302088543],[32.95505570180541,3.391781450720339],[32.95480743865461,3.3913105205857463],[32.95303741507152,3.390124776076354],[32.952550246793244,3.3883424873893],[32.95472261311966,3.384505479452933],[32.955415087121196,3.3832818848091444],[32.95339372352656,3.381584457514783],[32.95339468810166,3.3815823474430373],[32.95339448126582,3.381582173765735],[32.95656662906799,3.3746435170652394],[32.956812975463905,3.374104618052444],[32.95665596404387,3.370335562997401],[32.95848341498176,3.370204033205106],[32.95908143391882,3.367945040015221],[32.95795990994986,3.367267955148999],[32.960955647762496,3.36070540672116],[32.96218616834243,3.360024786793168],[32.962410706450115,3.359900578377345],[32.96202182326993,3.3591731102121165],[32.96130507923409,3.359095479622676],[32.95941696933649,3.359174682222704],[32.95936843092213,3.358885721128043],[32.95913880002944,3.358860849792305],[32.95892148474627,3.3562283479891644],[32.95738285313187,3.3546207538509414],[32.95579081715406,3.35460151631072],[32.95132191143289,3.3521054685102616],[32.94949096757028,3.352486535227854],[32.94949072745806,3.352485923222054],[32.94948991137579,3.352486092850381],[32.948657400159966,3.350366291631089],[32.94734924746958,3.35042877112287],[32.94734926954706,3.3504279083711337],[32.947348494634504,3.350427944913216],[32.94740841395395,3.348116641954974],[32.947413320426634,3.347924905049832],[32.94741338454566,3.3479249084133196],[32.947413463196476,3.347921874569559],[32.94844478231136,3.347979012377708],[32.94847598564938,3.3479806492091466],[32.948707064156544,3.3457579333919805],[32.9478437417164,3.342698346856172],[32.947843764252866,3.3426982734094617],[32.947843620469044,3.342697763910179],[32.94839327617947,3.340906031059298],[32.948771906388686,3.340690550416517],[32.94947093322654,3.3402923366458617],[32.94952096457357,3.339362835666777],[32.949599281797575,3.337902432342077],[32.94959958541449,3.337902188433568],[32.94959966160841,3.337900772874519],[32.9508631303059,3.336887111746991],[32.95007079660295,3.33505255422679],[32.95066055616996,3.3336493572669474],[32.951255632928905,3.3322332502142524],[32.95145254063419,3.327576632058292],[32.951961849822126,3.3262215765933636],[32.95331471254303,3.322620045487168],[32.95223960966453,3.322197780934798],[32.95203399833307,3.322117435394574],[32.95203396270526,3.322117009668215],[32.95203345512494,3.322116810307595],[32.951937259853615,3.3209614811184465],[32.95191680474052,3.320717057435342],[32.95191690433148,3.3207170062232825],[32.951916862330286,3.320716501778406],[32.95253877185667,3.3203933369834027],[32.952190699980115,3.319667115023491],[32.95196152139462,3.319190161689014],[32.94971692217855,3.3173173381324834],[32.949135976240356,3.316832752984927],[32.94913582855162,3.316832491739738],[32.949135270319985,3.316832025968681],[32.94618312856977,3.311609526075955],[32.944065431773325,3.310122341995305],[32.94376176414335,3.307588158766571],[32.94246487650483,3.3070459364109075],[32.940248197058104,3.306119239648237],[32.94024811853601,3.3061191207854943],[32.94024758533821,3.306118897858112],[32.93912272162079,3.304416377184607],[32.935776303143484,3.304266917026933],[32.93577567647748,3.304266500817632],[32.935775389430084,3.304266487979496],[32.933958669941916,3.303060101004571],[32.93395857242852,3.3030596448497214],[32.933958510082,3.303059603441375],[32.93284707794364,3.300904845641393],[32.93249091318775,3.300636436268058],[32.928437474678454,3.3021355098753977],[32.928145734033016,3.3031536390958385],[32.92757302470632,3.305153882733071],[32.92757255052958,3.3051539598692257],[32.9275721909393,3.305155214783059],[32.923704421364484,3.305783440980643],[32.919277390277045,3.308810066569994],[32.919273601823434,3.3088082180341365],[32.915634660611715,3.307936374560605],[32.91520235759372,3.3079376771716174],[32.91377544238209,3.308484072819108],[32.91327703367283,3.309119921807741],[32.911914910619885,3.309197682546995],[32.91191437432508,3.3091983421726225],[32.90977444805965,3.312364449467265],[32.90918443859362,3.312556076662025],[32.908689304388915,3.313165076052329],[32.907254499155215,3.313182895216527],[32.90718677566941,3.313204890900244],[32.90468637745932,3.316748824260244],[32.898679140172675,3.320743931785246],[32.89513924132441,3.326273249217587],[32.889446367271745,3.329077405663555],[32.88750033808763,3.331079654014445],[32.88406192439229,3.331376723525135],[32.881871803780896,3.332485020550834],[32.8807971453759,3.331973199870252],[32.88030998122511,3.332764931859585],[32.879589749574784,3.331904810147407],[32.875369176389896,3.332877213617874],[32.874351773893444,3.332053730583764],[32.87246595951645,3.333147342617204],[32.871651983634564,3.332188244230954],[32.86992284780655,3.33203382314242],[32.86919482569695,3.333370833335681],[32.86822989892215,3.333310559622936],[32.864877486189,3.337439858807901],[32.865005565959336,3.33768447878959],[32.86219868608198,3.340739997597943],[32.861653595216495,3.3425320765077347],[32.86046196436035,3.346449818730324],[32.86096154172345,3.350336073720353],[32.857262606640035,3.353041108794547],[32.857238783676834,3.3531430584143997],[32.85662534994937,3.355773884634027],[32.85768866976412,3.358532218781443],[32.857688222188216,3.358533906087484],[32.85768827811683,3.358534051238869],[32.85737635402038,3.3597096106579087],[32.85572089295566,3.365950494918287],[32.85571858438145,3.3659533132106185],[32.85445927781734,3.368067477312107],[32.84986841609621,3.3730951604826904],[32.84984772288504,3.373120422619873],[32.8442571082146,3.368579094116556],[32.84075075162209,3.373204360104899],[32.844362261314366,3.377919189083935],[32.84212435659583,3.380275479775413],[32.8413702101839,3.38076147885468],[32.84265978091446,3.3901827306033305]]]}},{"type":"Feature","properties":{"n":"Lagoro","c":"305207","d":"Kitgum","od":"Kitgum","dc":"305","k":"LAGORO","a":["LAGORO"],"lat":3.237526,"lon":33.098075},"geometry":{"type":"Polygon","coordinates":[[[33.06394825719134,3.3063107188762864],[33.06395186268783,3.306313395440954],[33.0658105772559,3.310274211227195],[33.06590836922246,3.313599010509581],[33.065944030540166,3.313679427834173],[33.06937842892117,3.321422078946988],[33.07191682881068,3.321005707520102],[33.07505802438631,3.319006998167771],[33.08168244351622,3.318055214209246],[33.08497641630048,3.318681267523623],[33.085128045691384,3.315676727478357],[33.08681532490122,3.315586948580876],[33.08813356794846,3.3116612580242313],[33.08955092999366,3.307439642053868],[33.09332832221617,3.303721735507189],[33.09877141738081,3.300836380642417],[33.101745363578694,3.296732439561601],[33.103174676213534,3.28984010200399],[33.10703064006828,3.292430165608405],[33.119951065180295,3.283456004870332],[33.124187179005204,3.282034310879856],[33.12420839115481,3.2823107626796144],[33.12420839897982,3.282310760574607],[33.124187190545385,3.282034309267716],[33.128089020781125,3.28126671994088],[33.12847030346795,3.280981524371129],[33.13111003729274,3.279006920020341],[33.13225288072187,3.276936282428343],[33.14044370601903,3.273192430496207],[33.140074694550584,3.267914659431023],[33.13987281673714,3.2650277504302796],[33.13809294197397,3.257246357343307],[33.13852092246611,3.248874154629388],[33.133959149611954,3.248173563221437],[33.12905979593499,3.231193834434347],[33.12938402307484,3.227553916966085],[33.1315732687191,3.22656275355476],[33.131574057006446,3.226563065464352],[33.13157446027244,3.226562882828618],[33.13200572092629,3.2267338662745564],[33.13363994971693,3.227380498037532],[33.13500920834037,3.227048163355987],[33.1350094595509,3.2270484838845532],[33.13500961241902,3.227048446772857],[33.1357034867297,3.2279326422702903],[33.13647725621556,3.227543013111848],[33.136778231839834,3.227391094982614],[33.136778540575136,3.2273913023328347],[33.13677952675305,3.227390805746087],[33.13720801364172,3.2276797414425347],[33.13782280896049,3.228092645133578],[33.138101170980896,3.227392495017325],[33.138102999863555,3.227394769404963],[33.138103714271324,3.227392959984767],[33.13949117364091,3.229121094091432],[33.139717833055066,3.229402966396226],[33.1407246754104,3.227383668786407],[33.140725588164855,3.2273845937382695],[33.140725680505895,3.227384408655469],[33.14138457610466,3.2280523879265814],[33.14264267760165,3.229327301801693],[33.14345153276646,3.228461562852083],[33.144098880611146,3.23012684638237],[33.144627488734976,3.2298404010480137],[33.145781589445264,3.2292144484643805],[33.14484924220405,3.227980038644142],[33.145151643062135,3.226923324341266],[33.14721080508755,3.2258228464563192],[33.14727756614087,3.2257871163919827],[33.14824139621672,3.223688365068379],[33.14826594695846,3.2236922140917788],[33.14992273645829,3.223950939600469],[33.149922199188154,3.223951878490304],[33.14992604191246,3.223952480946064],[33.14936747202849,3.2249274709722613],[33.1512182140598,3.223883191586653],[33.1516892327491,3.22361698087748],[33.15529115299114,3.223196382021249],[33.15527605235806,3.2231568252959515],[33.15478234572708,3.222216911717491],[33.15489135091746,3.222149084155075],[33.154816054353894,3.221951841730522],[33.155863808230215,3.221543786250288],[33.1558637381362,3.2215413746405956],[33.155701209645166,3.219929741466538],[33.15581597121471,3.219897936588727],[33.15581284018001,3.219790212217927],[33.158152717387615,3.2192503336777487],[33.1581630759325,3.219247462923578],[33.15816313386583,3.219247930289642],[33.15816573980686,3.219247329022346],[33.15840566605222,3.221200087960094],[33.16109717428071,3.218256277544393],[33.16053587202375,3.217005594761232],[33.16036356998957,3.216622689740897],[33.160363863353716,3.2166223283847035],[33.160363482701314,3.216621480222412],[33.16129147072112,3.215479343398651],[33.16193392300617,3.215027246524165],[33.161935973249236,3.2150285848209346],[33.1619361701833,3.215028446994092],[33.16194003956154,3.2150312391074984],[33.16351415876011,3.2160587458801393],[33.16383988303103,3.2160196593660912],[33.165261752392674,3.215100714205005],[33.16467030698774,3.21436099401652],[33.16467061377391,3.2143592573000426],[33.164670453773326,3.214359058325646],[33.16562577860254,3.208952069334533],[33.165651949577985,3.208803915446095],[33.16517084326695,3.207291063612038],[33.165152520318905,3.2072334774039377],[33.16157405533253,3.204255852293355],[33.161059067157204,3.202714347492473],[33.15926458371067,3.202374755104384],[33.159457526805426,3.195738582922507],[33.15946032392372,3.1957317609584637],[33.1608990431691,3.190267237896075],[33.15898797519265,3.189737460303456],[33.15767422443903,3.18830929535122],[33.15728545760063,3.181839103103487],[33.1427,3.1818],[33.14268904855664,3.1813345636571677],[33.14075705561112,3.181398765856929],[33.140873502786754,3.178245618181729],[33.14170126547832,3.176794892094862],[33.14106227565904,3.174415234665531],[33.141937652034954,3.173533499140002],[33.14157038631477,3.170796780511469],[33.14239491383258,3.1688338378849035],[33.14230111499315,3.16484738720894],[33.13858499609355,3.162226068083135],[33.13619242941414,3.156548987188646],[33.136168331912415,3.154299407114068],[33.13290410302028,3.148765184737399],[33.11304846113766,3.148653200784429],[33.10265230600971,3.146565359939218],[33.09501572781335,3.166820805392187],[33.09593015955637,3.167437477056783],[33.09491803449502,3.171569394583379],[33.095456439075015,3.178398983636785],[33.09065270393866,3.17810824480807],[33.08838283104803,3.178479424102301],[33.086683901754526,3.179707221311472],[33.089512122344786,3.183284250085208],[33.09014974074966,3.185675372549885],[33.09356472789617,3.18646149470063],[33.09388549364778,3.189363540552513],[33.0959414175909,3.193353124410241],[33.09043352950714,3.195705681697095],[33.090371961648415,3.194754850124832],[33.08085421169364,3.18752137419198],[33.07473252206119,3.185346303954062],[33.07172019747606,3.196229534109329],[33.07420782919578,3.203201222122553],[33.07874191241549,3.207437973025933],[33.08034382201049,3.211914406293906],[33.08040629256374,3.216299955756429],[33.07644098583523,3.217939064938458],[33.074330405199916,3.220345977552777],[33.07137806362059,3.222064880657696],[33.062552355834484,3.224455658379316],[33.06194554872762,3.226780959511435],[33.05925980026636,3.230947679053836],[33.071040897758664,3.2438574922306604],[33.07105281743506,3.243867878379356],[33.077025496330364,3.249069700045781],[33.077023029980666,3.2490699923620148],[33.0770245516315,3.249071318244644],[33.07220780540288,3.249640784773697],[33.072207633169405,3.249640721913945],[33.07220721169965,3.249640771867304],[33.06995685186829,3.248821112321158],[33.06759842992685,3.2506067751405268],[33.06746047316999,3.250711238690202],[33.067067454711584,3.252281967803636],[33.06542647852429,3.253602292063281],[33.06560408376867,3.254958860265299],[33.06560382194459,3.2549588047767215],[33.065603851376174,3.254959028792322],[33.0655324807487,3.2549436853824645],[33.06429603066261,3.254681643569214],[33.06338122193171,3.256177169223093],[33.064166806215596,3.2568663756934892],[33.064663432190606,3.255917009330931],[33.06466469053638,3.2559177760349574],[33.06466594237975,3.255915383367769],[33.065641517074454,3.256510247100338],[33.06509424417409,3.258318624098771],[33.06411920255586,3.257439277224455],[33.06366728761244,3.2581991249169],[33.065546717426415,3.2590796712327603],[33.06562697374739,3.258997116344861],[33.06630776652695,3.258294846669124],[33.0659281031592,3.259555373556888],[33.06702235968406,3.2606504723934795],[33.06735658638186,3.2606385378724108],[33.06768727114753,3.260626426088754],[33.06680746375909,3.259555956541057],[33.06680978597474,3.2595560715020473],[33.06680967182935,3.25955593232322],[33.06811425622438,3.259620649135959],[33.06921070926858,3.259674928904554],[33.07037664433518,3.265338040797915],[33.06973419135621,3.267860266037611],[33.068728341221274,3.2683913978926706],[33.06847464663814,3.2685256945797763],[33.06918691316309,3.269525893625274],[33.06756883967844,3.272833432016128],[33.0675688089883,3.2728334666813734],[33.067568696750364,3.272833696216325],[33.06717393804382,3.273279482866091],[33.06480894995431,3.2759507935293417],[33.06661669647081,3.278709935821298],[33.06661668496903,3.278709987868373],[33.06661709594539,3.278710615050132],[33.066518149370395,3.2791558744510407],[33.06642789903418,3.279564269128246],[33.06642733720379,3.2795645290295212],[33.06642674085886,3.279567212580586],[33.06200746537371,3.281609742717693],[33.057689582800364,3.2859276417727594],[33.05740523634227,3.2870414892998876],[33.06008097710095,3.288687638023456],[33.0600810949418,3.2886880094013726],[33.060081466818886,3.288688238139423],[33.0602484760982,3.2892155146487263],[33.06047358544384,3.289924951502939],[33.05615941102276,3.292048236583344],[33.05808429562745,3.298689513930139],[33.06106641279431,3.303662634353545],[33.06394825719134,3.3063107188762864]]]}},{"type":"Feature","properties":{"n":"Lalano","c":"305208","d":"Kitgum","od":"Kitgum","dc":"305","k":"LALANO","a":["LALANO"],"lat":3.18434,"lon":33.043593},"geometry":{"type":"Polygon","coordinates":[[[32.95647078795579,3.221066255553633],[32.95782048357169,3.2278203333782867],[32.95848257406665,3.23082998600044],[32.95846575230987,3.2310493542213155],[32.95863466386534,3.231894612794935],[32.9582364994838,3.234038981597654],[32.95823588648028,3.2340469756195067],[32.95854426200371,3.2341087297975006],[32.96151719188238,3.234701897522776],[32.968552764821844,3.232399132480705],[32.96855256992693,3.2323995192888044],[32.968559231248086,3.232397338858827],[32.96796987588598,3.233566369511003],[32.97258620486817,3.236472005002493],[32.97641296513802,3.237838059956503],[32.979861985397434,3.247405237361102],[32.97159756651224,3.253514735699429],[32.97988500568476,3.260963342282351],[32.99939261623809,3.2575517418358237],[33.00004925388717,3.2572495813484794],[33.002826622207934,3.254926507821059],[33.00322359506455,3.248888595660338],[33.00322366009164,3.248888341123099],[33.00322366444717,3.248888274868976],[33.00337586321858,3.248292568513843],[33.006311164051546,3.236802845067238],[33.003038581044365,3.235549404255882],[33.00231713665395,3.231383600547369],[33.00320943143496,3.228278409576881],[33.005815370265495,3.2279685502826343],[33.008703651661385,3.224533997170482],[33.00541830331617,3.220986564388034],[33.005419425456274,3.220947346986863],[33.00537412696012,3.213313183498816],[33.00566007082048,3.212537090798913],[33.00569649772112,3.211264015925763],[33.00619590382976,3.2110827630635628],[33.00627278921047,3.210874085099221],[33.0091847726337,3.2099979925409845],[33.0102830411063,3.209599390480105],[33.01046931584397,3.209611527859122],[33.01074680990453,3.209528041641627],[33.01410580423951,3.209848475920354],[33.01411426096574,3.2098490269477917],[33.014223528280546,3.2097894715105184],[33.016993012577565,3.208278813700724],[33.020858908533725,3.208120580238601],[33.02160336195466,3.209522246244776],[33.024819058876425,3.207687436500978],[33.02612469812994,3.207602806468599],[33.02641829518455,3.207478065043433],[33.02670294031338,3.207565325476376],[33.02771118295275,3.207499972349939],[33.03103229438615,3.208890976052664],[33.0328537286794,3.2059208626692075],[33.03288297100111,3.205873134054066],[33.03288300619811,3.205873121419098],[33.032883011109796,3.205873113409882],[33.03426492655909,3.205377041696409],[33.036594736424775,3.204540690004427],[33.036594756400724,3.2045406933639327],[33.03659501063188,3.204540602101558],[33.03756442669589,3.2047037701120633],[33.038997178984815,3.204944726842739],[33.038997388555934,3.204944960189797],[33.0389982629141,3.204945107358064],[33.043186112317834,3.209608849074084],[33.04399563917932,3.211631202167974],[33.048100888177984,3.213515925050852],[33.05143130761986,3.219087939022173],[33.054486171047074,3.222157413318723],[33.05404196170341,3.2252550458009726],[33.053901116103745,3.2262386032274457],[33.056349177682854,3.227103523403325],[33.05557283856855,3.228183062771277],[33.059093921901585,3.230765908323158],[33.059259792215265,3.230947670231385],[33.06194557655644,3.226780852870645],[33.062552355834484,3.224455658379316],[33.07137802744272,3.2220648904578453],[33.07433044296409,3.2203459344863976],[33.07644098583523,3.217939064938458],[33.07644140983963,3.2179388896709287],[33.07644156148725,3.217938716751],[33.07656573658808,3.2178874976528817],[33.08040629256374,3.216299955756429],[33.08034382201049,3.211914406293906],[33.07963904217615,3.2099449444048584],[33.078741861103175,3.2074379250785356],[33.07420782919578,3.203201222122553],[33.07172019747606,3.196229534109329],[33.07473252206119,3.185346303954062],[33.08085421169364,3.18752137419198],[33.082040326454994,3.188422819661826],[33.09037064561149,3.194753739718751],[33.09037065282335,3.1947538554197132],[33.090371961648415,3.194754850124832],[33.09043347534852,3.195704845291072],[33.09594120623311,3.193352714263919],[33.09388549364778,3.189363540552513],[33.093876227544705,3.1892797078619353],[33.09356434684156,3.186461406982739],[33.09014974074966,3.185675372549885],[33.08952505424616,3.1833327457993352],[33.08951208320165,3.1832842005784174],[33.086683901754526,3.179707221311472],[33.08838283104803,3.178479424102301],[33.09065228353171,3.1781083135548074],[33.09065230962628,3.178108309286698],[33.09065230963079,3.178108309286974],[33.09065270393866,3.17810824480807],[33.095456439075015,3.178398983636785],[33.09491803449502,3.171569394583379],[33.09593015955637,3.167437477056783],[33.09501572781335,3.166820805392187],[33.09501706924913,3.1668172473353433],[33.09501694916052,3.166817166063826],[33.102652295998006,3.146565350214001],[33.10092629756403,3.137874162080201],[33.09409136100757,3.123909743495341],[33.082959430142004,3.110270533569479],[33.08080188345719,3.108679159688329],[33.0691,3.1139],[33.06820933312956,3.115681333740876],[33.06915843031003,3.122628836362028],[33.06119919650158,3.130781396885326],[33.059622396047956,3.133800945507373],[33.05943218419998,3.137246436788713],[33.04200797074785,3.133125081934966],[33.039552539512364,3.131297823389548],[33.036582614209955,3.126957541271145],[33.03424113977615,3.125929540000532],[33.03105844262099,3.125690489725823],[33.028023793897795,3.126933400291174],[33.02543363337212,3.129363625067294],[33.02301556204956,3.133703949033213],[33.01987998753297,3.1356321079673335],[33.00530651135549,3.162119918934449],[33.006998819810406,3.161957005593517],[33.01019777758423,3.167437275906734],[33.01215341679922,3.169364573776536],[33.011494908422755,3.171525581299165],[33.00719274777031,3.172426261275051],[33.00315244050306,3.174468612904851],[33.00111791904762,3.176633927345432],[33.00019931118041,3.179992013096029],[32.99803027381227,3.179527925912488],[32.997298456492324,3.182661892215904],[32.99756977617029,3.187501218890747],[32.99638443817638,3.190876709441553],[32.99438480442463,3.19036540450916],[32.99368280203466,3.192420135690243],[32.98944504192799,3.191250563374726],[32.98905761193755,3.191963441755372],[32.98891021235037,3.191920775183088],[32.9843,3.2003],[32.958540914516206,3.219447410564957],[32.95898742385078,3.22031372022458],[32.95647078795579,3.221066255553633]]]}},{"type":"Feature","properties":{"n":"Central Division","c":"305301","d":"Kitgum","od":"Kitgum","dc":"305","k":"CENTRALDIVISION","a":["CENTRAL","CENTRALDIVISION"],"lat":3.290396,"lon":32.873116},"geometry":{"type":"Polygon","coordinates":[[[32.86782739910671,3.300074697260077],[32.86797146097535,3.299044852291398],[32.86937412700727,3.300131953243468],[32.870440047829526,3.299761611206718],[32.87566304383052,3.301930825906671],[32.879777560078324,3.30099700397685],[32.879650486514386,3.299497354745385],[32.882216116220505,3.298590147173023],[32.88335239992986,3.293838575973973],[32.87920242711119,3.292782217020058],[32.878648144348645,3.292310920177526],[32.87921687885297,3.291725926188643],[32.875745794707704,3.288475437909511],[32.876349985640296,3.285949222733326],[32.87794027006009,3.287217897987628],[32.87891610277434,3.286536014537512],[32.87633599883526,3.282029085387645],[32.87383262306129,3.281785809959728],[32.87405318747241,3.280084984716709],[32.872435163229234,3.280298183698415],[32.871624297685045,3.2824836059197],[32.87150654423368,3.2825555171749032],[32.87006603361978,3.2834366264605204],[32.868466904130095,3.289065365419685],[32.868373419790366,3.293040542869004],[32.868372513423346,3.293042606116151],[32.86837250798519,3.293042835468123],[32.868372171558065,3.29304338433573],[32.86737717179354,3.295308394400219],[32.86655349337506,3.2960104861612636],[32.86560842532907,3.2975523274560574],[32.86563425914665,3.2981569325447837],[32.86607027553248,3.2990562166332773],[32.867827291968425,3.300074650023094],[32.86782739910671,3.300074697260077]]]}},{"type":"Feature","properties":{"n":"Pager Division","c":"305302","d":"Kitgum","od":"Kitgum","dc":"305","k":"PAGERDIVISION","a":["PAGER","PAGERDIVISION"],"lat":3.315889,"lon":32.883952},"geometry":{"type":"Polygon","coordinates":[[[32.86992275303841,3.332033942686207],[32.86992278133773,3.332033945212189],[32.86992284780655,3.33203382314242],[32.871651983634564,3.332188244230954],[32.87246584768775,3.3331472108507407],[32.8733113714159,3.332657075580461],[32.874351773893444,3.332053730583764],[32.87435194806239,3.3320538715556745],[32.87435221003146,3.332053719696802],[32.875369330111866,3.332877178200937],[32.875378089359984,3.332875160104604],[32.87823428694419,3.331966825437739],[32.87849220796014,3.3321576794209173],[32.878968342634195,3.3320479798637304],[32.878958151783905,3.33183598055124],[32.87919151399095,3.331996562060434],[32.879589749574784,3.331904810147407],[32.88030958872049,3.332764463119084],[32.88049850552886,3.3324585449429636],[32.8807971453759,3.331973199870252],[32.88079798016029,3.3319735974476696],[32.88079817516111,3.331973281677483],[32.881872297746256,3.33248477058271],[32.88406192439229,3.331376723525135],[32.887499874155765,3.331079694096885],[32.88944618846372,3.329077557586055],[32.88944624822738,3.3290775281470166],[32.889446367271745,3.329077405663555],[32.89300621505828,3.327323920512658],[32.895139277095865,3.326273193342617],[32.89593852673339,3.3250247664403285],[32.89867750729079,3.320745948389371],[32.8986781026551,3.3207455523863665],[32.898679140172675,3.320743931785246],[32.904686250071485,3.316748908979403],[32.90468820272602,3.316746237222901],[32.90709808388039,3.3133305979930525],[32.905957026899415,3.3131990088120347],[32.905953044605376,3.313199058269027],[32.90595282112456,3.3131985237929],[32.90595262855888,3.313198501585806],[32.904694767098746,3.31051757705671],[32.90325461692464,3.311021774754744],[32.903139348019465,3.310868994488838],[32.90307654122101,3.310893542567231],[32.902165791822576,3.3095786189585987],[32.90145570005129,3.308637445712689],[32.901487955904834,3.308599971646228],[32.901381168266454,3.308445793573686],[32.90271306386087,3.30717667100729],[32.902715411234716,3.3071739438854313],[32.90177610679441,3.3062497736496295],[32.90031360977121,3.304811386834014],[32.900313673748435,3.304810903529413],[32.900313595189644,3.304810826236371],[32.90035077586499,3.304530622171823],[32.90064197607403,3.302330801851964],[32.90171947319548,3.300777341977253],[32.90092834258137,3.299018045918737],[32.901186067032796,3.2979285208808253],[32.9008125400704,3.2959340861475694],[32.90047778253744,3.295403003751983],[32.89889663450514,3.294649905022517],[32.89567696669978,3.296038117027966],[32.8945208000008,3.294382215862895],[32.89297177541451,3.294296556665437],[32.887983240684335,3.297444581025101],[32.88756566140286,3.299063484890033],[32.88602112966729,3.300243857471214],[32.884072755829074,3.300839522906404],[32.88222108797679,3.300331061402852],[32.87739834832925,3.301809304935162],[32.8756667596599,3.301929982569873],[32.87566304383052,3.301930825906671],[32.871617305706835,3.3002505499485078],[32.87043989704436,3.299761663595303],[32.86937412700727,3.300131953243468],[32.86797146097535,3.299044852291398],[32.86795181112773,3.299185321777812],[32.867080690577694,3.307865970106629],[32.86707682677112,3.307906285687477],[32.86707661283567,3.307906604487799],[32.86707659655653,3.307906766708145],[32.865412209695826,3.310386849145463],[32.863076108208425,3.3138680389457016],[32.86265557089081,3.31569354871854],[32.86256572763463,3.316083681995025],[32.86250830905199,3.321655829021651],[32.86326970276478,3.323963908835577],[32.86326953783394,3.3239647388210756],[32.863269579996825,3.323964866703179],[32.86282740000601,3.326189719800739],[32.86177086990928,3.331506521985908],[32.864877486189,3.337439858807901],[32.86822989892215,3.333310559622936],[32.86878181781576,3.333345034985959],[32.86992275303841,3.332033942686207]]]}},{"type":"Feature","properties":{"n":"Pandwong Division","c":"305303","d":"Kitgum","od":"Kitgum","dc":"305","k":"PANDWONGDIVISION","a":["PANDWONG","PANDWONGDIVISION"],"lat":3.281851,"lon":32.893743},"geometry":{"type":"Polygon","coordinates":[[[32.87247897725597,3.2767856323590285],[32.87251623933191,3.276803040296539],[32.873611407329165,3.2786029372298],[32.87357269506959,3.279081032566641],[32.87405118624973,3.280085248407837],[32.87405318747241,3.280084984716709],[32.8738470904534,3.2816742484182444],[32.87632236877954,3.2820277608331487],[32.87633599883526,3.282029085387645],[32.876340273024475,3.282036551547318],[32.878062178930875,3.284205401466155],[32.87834947508521,3.2855462285019175],[32.87891610277434,3.286536014537512],[32.8786077258952,3.2867514993098634],[32.87866969386234,3.287040707238486],[32.87827758655899,3.2869821910527297],[32.87794027006009,3.287217897987628],[32.87749920193578,3.2868660287195826],[32.877226576434744,3.286825343416545],[32.87708766950787,3.286537722033605],[32.87657869161707,3.2861316766451143],[32.87575061998946,3.2884552626646504],[32.875745794707704,3.288475437909511],[32.87921687885297,3.291725926188643],[32.878648144348645,3.292310920177526],[32.87865024922417,3.292312709916008],[32.88332420402909,3.2938313988203998],[32.88335239992986,3.293838575973973],[32.882216116220505,3.298590147173023],[32.88216231455056,3.298609171462561],[32.88211780936774,3.298787694912627],[32.87968204377782,3.2994861960858626],[32.879650486514386,3.299497354745385],[32.87977696742721,3.300990009848725],[32.87977757160452,3.300997009615101],[32.88221444158255,3.300333098624435],[32.88222108797679,3.300331061402852],[32.884072755829074,3.300839522906404],[32.88602112966729,3.300243857471214],[32.88756566140286,3.299063484890033],[32.887983240684335,3.297444581025101],[32.88912274141959,3.2967254969119346],[32.89297024163199,3.294297159404073],[32.89297077404946,3.294297188578761],[32.89297177541451,3.294296556665437],[32.89433944080158,3.2943721869171996],[32.89451955193397,3.294382056401968],[32.894519617693646,3.2943821504827304],[32.8945208000008,3.294382215862895],[32.89556429466017,3.2958767443108434],[32.895677061004875,3.2960380763667945],[32.89819807452938,3.29495110048848],[32.89889617735157,3.294650018279695],[32.89889626146691,3.2946500658640034],[32.89889663450514,3.294649905022517],[32.90047778253744,3.295403003751983],[32.900611503088825,3.295615147240259],[32.900704307418195,3.295356181518052],[32.900615505980426,3.294882029208626],[32.90096097413453,3.29463996620773],[32.90108897896007,3.294282775306],[32.90915182494931,3.288900791975334],[32.90915579445346,3.288898010618863],[32.90915671167738,3.2888962668617356],[32.91281954104176,3.280940319202242],[32.91282006577461,3.280938999638244],[32.91300612284837,3.277657899842163],[32.91300618663379,3.277657793045833],[32.91300618689947,3.277657788357781],[32.91301331120764,3.277645864325765],[32.91417842183444,3.275695112070765],[32.91289158577084,3.269674747746702],[32.91245401929457,3.2694755094797747],[32.91209400335536,3.269313517280446],[32.912096143833544,3.2693125571273947],[32.91209233970566,3.26931082498408],[32.9126718162776,3.269052199523723],[32.91218751652161,3.266921844182498],[32.913616592991,3.262833649399075],[32.90789597509904,3.263266587730118],[32.907857141277866,3.263269534326188],[32.90734623396753,3.2633951892916064],[32.899718794867226,3.265271266725321],[32.89971846699926,3.2652711984525915],[32.89971796068346,3.2652713229783],[32.89132951756145,3.263525189995708],[32.88999268508617,3.264313004065263],[32.890008196977476,3.2649067368934777],[32.890015953982434,3.265188677108952],[32.89001556275915,3.265188669399383],[32.89001557472109,3.26518912725421],[32.88777816400185,3.265531243313524],[32.88543554583668,3.2671262804505075],[32.88543498653982,3.267126744937038],[32.883535055749384,3.26744266526768],[32.88142887120969,3.269644326131953],[32.88142823721444,3.2696444826224242],[32.88142805508236,3.269644672979398],[32.881401175636086,3.269651162292563],[32.87949525382535,3.270121605251934],[32.87949453137601,3.2701114698291285],[32.87925403777937,3.2701695304843597],[32.87925932524836,3.270370532082287],[32.87861115797517,3.2703247363741905],[32.876381150688644,3.2708631111418813],[32.875775809789964,3.27133823274444],[32.871756516884176,3.271982009116667],[32.869769917138555,3.2735469486242277],[32.86969110818119,3.2736090756587077],[32.86923580455628,3.2751214102953448],[32.86919645840389,3.2752521192193216],[32.87122184229762,3.276198329417632],[32.87242188521945,3.276665812538177],[32.87247897725597,3.2767856323590285]]]}}]}
