{"type":"FeatureCollection","name":"Kotido sub-counties","metadata":{"source":"Uganda Bureau of Statistics NPHC 2024 Map Explorer","retrieved":"2026-07-26","display_only":true,"clipped_to_dashboard_district":true,"positive_area_overlaps_removed":true,"source_gap_ratio":0.00448383},"features":[{"type":"Feature","properties":{"n":"Kacheri","c":"306101","d":"Kotido","od":"Kotido","dc":"306","k":"KACHERI","a":["KACHERI"],"lat":3.244467,"lon":33.90982},"geometry":{"type":"Polygon","coordinates":[[[33.82016274245634,3.230643281718502],[33.824028941803505,3.233766166695129],[33.82456438193457,3.235787394924982],[33.821768945904324,3.24221353904584],[33.82298841763331,3.249084231294094],[33.82477283481013,3.253604673252436],[33.82438635372401,3.257233883519333],[33.82480275473866,3.258036950369402],[33.827569145508484,3.258543044413722],[33.8304539744382,3.262617414377295],[33.83194016953944,3.263481472216628],[33.8309300718802,3.264818221741353],[33.82768785178989,3.266008153425032],[33.82774739205445,3.267406198488888],[33.830334387244946,3.270468519675787],[33.83012680096375,3.27243269348887],[33.830781149591516,3.273384473359169],[33.833398553162134,3.272640979475795],[33.83536160672169,3.273295243013282],[33.835898347944564,3.272704831558984],[33.836224103102026,3.275555609237621],[33.83818767722951,3.277222807851126],[33.83815748046623,3.280017225197116],[33.839317468019665,3.282723859567236],[33.845088015755486,3.284925972060229],[33.84642603005742,3.289504991094278],[33.84618816220984,3.29173606712493],[33.84818077662161,3.291973868480669],[33.849697867287574,3.29590012373437],[33.85302863506519,3.296613115015578],[33.85221776070708,3.301063640980852],[33.857702517437765,3.3015756068247564],[33.85880690029441,3.301534321484321],[33.86154024032059,3.300237411707005],[33.86187339123117,3.3014196863091154],[33.8624,3.3014],[33.87596149929726,3.3104923688470276],[33.87724636308057,3.309850786430589],[33.87857778791336,3.312085041215157],[33.87853251298868,3.31221611666286],[33.884252118872034,3.316050852425565],[33.886809665095754,3.314943271196302],[33.887572448792824,3.316655011795381],[33.88933260074131,3.316512819355197],[33.88990360778328,3.317225181751545],[33.888165803320184,3.318674799953303],[33.8888,3.3191],[33.9043,3.3106],[33.9022,3.2497],[33.9198,3.2593],[33.9496,3.2554],[33.99953202429402,3.252319777722122],[33.99936139830556,3.251995532798619],[34.00022012863937,3.250213273972345],[33.99898366734648,3.249166632426749],[33.998364150380354,3.245335380821478],[33.99657962267907,3.243598577084191],[33.99800722963423,3.241575829812213],[33.99731718793218,3.239577086774199],[33.99669736946333,3.239711706568946],[33.996674700506766,3.232843082070672],[33.995224182498085,3.230631908320082],[33.99486634188344,3.228155673689942],[33.99210666430233,3.226062260043019],[33.990702761947595,3.223040473292813],[33.99165406939169,3.219423047164099],[33.98967376796853,3.214440111403185],[33.99062516069923,3.211584285644848],[33.98950691044189,3.204254797931099],[33.99071361996217,3.193666436212005],[33.99164087055133,3.191479192396026],[33.994925000028694,3.188444123430016],[33.99617426322735,3.181995693786993],[33.98261543218404,3.181314706596216],[33.948636931324195,3.170749987773856],[33.946809506720484,3.170521563281004],[33.9444500442592,3.171389581763833],[33.94125347670817,3.170846996848538],[33.93909578366725,3.173873449102615],[33.936525161052636,3.174464645786523],[33.9335372074719,3.176672358312165],[33.930642622850634,3.177567371068917],[33.92801620513493,3.175968464700314],[33.925387132636516,3.178844066156702],[33.921615475666385,3.179459114890889],[33.91835532492497,3.182076521869905],[33.909694655470176,3.183432636154702],[33.90698178917399,3.18240964345053],[33.89629585592935,3.1815673333655],[33.89341049600709,3.182340910717036],[33.894986752850095,3.185791862679519],[33.893737673639954,3.192096696419727],[33.894629939996065,3.196347394093632],[33.89070386019454,3.201079163863573],[33.89046584855401,3.204350039346238],[33.8892431156915,3.205741225972773],[33.89046062779601,3.207016400301154],[33.8890717930906,3.208482367142332],[33.889413195412146,3.210311307397355],[33.88376081431791,3.213279115500651],[33.88291373991482,3.212246362707474],[33.88013573389612,3.212436276990058],[33.878897208576646,3.211218434017654],[33.87628932406197,3.211066148889306],[33.87329199659678,3.21648941183617],[33.87354029065564,3.218028253339048],[33.87169309853527,3.219287521116294],[33.87150210966543,3.220810678719346],[33.869408788142664,3.221724126740806],[33.86854913477968,3.224654967064602],[33.867257678903876,3.223970442787573],[33.861636912348885,3.226297261269437],[33.85815861909589,3.22547426146202],[33.85775790635539,3.226807680360387],[33.85536004568923,3.22876741094158],[33.85414209190715,3.228386723088382],[33.853762200384075,3.2295788360568],[33.85189588053838,3.228577075786475],[33.85103906280415,3.230574948301752],[33.84816966359256,3.231525461178561],[33.84763188882172,3.230975573321571],[33.84502289044392,3.232745498411683],[33.84350113605887,3.231318220698347],[33.84205462797567,3.231772441946058],[33.839884361071626,3.230061867612928],[33.83933283815833,3.230823229182904],[33.837600817798034,3.229985113139822],[33.83624870585862,3.22880540731924],[33.83506832669575,3.225854973049557],[33.83249024263265,3.226005695225109],[33.830801427059065,3.22426992306159],[33.828672101932256,3.224507813825587],[33.82668495676798,3.222390149489628],[33.822651770755726,3.220712630176941],[33.82185300982856,3.221032679564374],[33.82103385445883,3.21995124206791],[33.81722897012837,3.221204302881102],[33.81631687353729,3.222410121411549],[33.818675414080765,3.223832336730465],[33.82016274245634,3.230643281718502]]]}},{"type":"Feature","properties":{"n":"Kacheri Town Council","c":"306102","d":"Kotido","od":"Kotido","dc":"306","k":"KACHERITOWNCOUNCIL","a":["KACHERI","KACHERITOWNCOUNCIL"],"lat":3.133782,"lon":33.959776},"geometry":{"type":"Polygon","coordinates":[[[33.921614011035416,3.179459962271841],[33.921614524793455,3.1794598782977497],[33.921615475666385,3.179459114890889],[33.92321782897184,3.179197817169477],[33.92538801739246,3.1788430984369143],[33.92665831469953,3.177453684950422],[33.92801397111138,3.17596976337654],[33.92801468565634,3.1759701266608866],[33.92801620513493,3.175968464700314],[33.92804046147923,3.175983231438727],[33.93096204601883,3.1774686046316774],[33.93217425074639,3.177093787918082],[33.93407535645354,3.1762747355863334],[33.936525161052636,3.174464645786523],[33.93909573389386,3.1738734605495935],[33.939148559496196,3.1737994239639873],[33.94125347670817,3.170846996848538],[33.94125495686032,3.17084724808935],[33.94125509612701,3.170847052903116],[33.9444506529468,3.171389357834825],[33.946809506720484,3.170521563281004],[33.948636931324195,3.170749987773856],[33.98261543218404,3.181314706596216],[33.994124313259384,3.1818927358206714],[33.99617426404586,3.181995681534499],[33.997090353157496,3.180460935271215],[33.99602910661614,3.178055085936257],[33.997566004554876,3.17321939691794],[33.99654257514052,3.171612011820827],[33.99601937921971,3.166973528172644],[33.99813707507464,3.163993035614143],[33.99967896600377,3.15946729889478],[33.99870831148108,3.157254152891218],[34.00077827628593,3.154413325295948],[34.00053607072276,3.152818237609202],[34.00110664257444,3.15289998266845],[34.00029289933626,3.151427164812549],[34.000963869432525,3.150016209029753],[34.000592678111616,3.147417712204731],[33.99879380587744,3.139965238574318],[33.99799430937698,3.13826630784218],[33.996424217528464,3.137253390245702],[33.99616688281584,3.133997555207187],[33.99471102675822,3.133565645185376],[33.99395398281342,3.12583124518027],[33.99193065037251,3.124575185649514],[33.99251202871543,3.1235897905854],[33.99165542911373,3.121790925215203],[33.99060537090499,3.121674016378253],[33.99071315698741,3.119785032376397],[33.989906728714764,3.118656601113138],[33.99058466652501,3.115030868895884],[33.988264053054905,3.112759726610437],[33.9880790960321,3.111418849395424],[33.98508216737273,3.107462739889159],[33.984884507393,3.106238055715535],[33.98560923655663,3.105479841614033],[33.984152946197426,3.102650576590618],[33.98439568557422,3.099783283958416],[33.98372636759384,3.099824682952295],[33.98315371381962,3.09839670510335],[33.98369609027318,3.097170508724012],[33.98131357441115,3.09401871336932],[33.98239058887211,3.090752327511733],[33.97829018764943,3.088641630421006],[33.97510793837751,3.088642800441563],[33.97453658213277,3.087605376171822],[33.97148308209439,3.087382373903103],[33.97131955349942,3.086710698382316],[33.969819444571975,3.086623945740892],[33.96869263131508,3.08491658444316],[33.96716705370437,3.085399874945747],[33.966203720677235,3.084217025394396],[33.96377538992197,3.085849007977513],[33.962210980379936,3.084543011152492],[33.95938758369236,3.085112338356194],[33.959091506416264,3.084485902463863],[33.95710703953737,3.084364550296478],[33.95624160993502,3.085841253715051],[33.95515837794767,3.085156916177499],[33.95347112925481,3.085581742337322],[33.952823916909146,3.086857127464129],[33.953390314617955,3.087144042810814],[33.95191390249268,3.088555271498345],[33.94773781681088,3.089096207816441],[33.945406281128484,3.091039817725785],[33.944021438440714,3.093438311400196],[33.94436114046405,3.096170237926874],[33.94289773749847,3.098320008894579],[33.9445109812576,3.099708097914741],[33.944517070393765,3.101318515606676],[33.943640126922155,3.101303860964845],[33.942840664635014,3.102709999377986],[33.94331169397673,3.103737997134906],[33.9389504817023,3.107906414744262],[33.93780807132096,3.107806928761899],[33.937662292597274,3.109635208209961],[33.935916399492235,3.109584382110153],[33.93552280948811,3.11179106045234],[33.934067554526635,3.111961466950778],[33.93261991320473,3.114922670661698],[33.930758067382165,3.11505991625026],[33.9293074537929,3.11376973935021],[33.9262046415443,3.115425841372116],[33.9253492727999,3.118908317804039],[33.92423641703772,3.119963931073676],[33.925121472287366,3.120634978829882],[33.92446484274234,3.12097758298885],[33.92460760944309,3.122333867431938],[33.92584902928196,3.124261667998677],[33.923720667003415,3.127167749149559],[33.9242912497296,3.128560009187714],[33.923661181291564,3.128940448147808],[33.92386343620545,3.130058790584627],[33.924565288953595,3.130795453072899],[33.923736402912574,3.131105552503511],[33.92345891955039,3.130427617314565],[33.92279267647813,3.131177144698226],[33.92411319667212,3.133402219021283],[33.924113277127866,3.135234119706602],[33.925361087406785,3.135458805780421],[33.92485090940382,3.136292979095573],[33.92621867996596,3.137790487592922],[33.92531490583281,3.139172133923276],[33.92500448374948,3.142775284829863],[33.922376271351666,3.143502751705248],[33.92213240830482,3.144709025339926],[33.91916272921039,3.147036529192269],[33.91814855974884,3.146722759066585],[33.91665548699231,3.148193156708635],[33.91570009477532,3.147622196673513],[33.91490765208588,3.148969004043056],[33.91467929752777,3.148043358267069],[33.91400403499835,3.148245738948015],[33.91216422137678,3.150064705247691],[33.91212137404782,3.151463527676533],[33.911207750165545,3.151692172525137],[33.911519037859804,3.152551063662695],[33.910365348074485,3.153505405408431],[33.91009653344877,3.158367566150046],[33.90736008748013,3.160509353862365],[33.90718146858436,3.162145455568392],[33.90429652998994,3.167201585825687],[33.90379095284435,3.170056407236846],[33.89882376944676,3.17547021475229],[33.89873316619605,3.178326888230066],[33.896295865810444,3.181567327160653],[33.89815709174004,3.181714043779843],[33.90698178917399,3.18240964345053],[33.909694655470176,3.183432636154702],[33.91835532492497,3.182076521869905],[33.91964689459661,3.1810395871571964],[33.921614011035416,3.179459962271841]]]}},{"type":"Feature","properties":{"n":"Kamor","c":"306103","d":"Kotido","od":"Kotido","dc":"306","k":"KAMOR","a":["KAMOR"],"lat":2.786519,"lon":34.030995},"geometry":{"type":"Polygon","coordinates":[[[33.88473492738046,2.7182831951605326],[33.88594917574458,2.724501429759168],[33.886120934103495,2.7335978877337586],[33.887127321921014,2.737232385451897],[33.892426758788936,2.753657166146939],[33.895569407933294,2.767720376079099],[33.90166184720845,2.7897227853470974],[33.904297318394484,2.79070671183512],[33.90342128744623,2.796023157803715],[33.90210815846415,2.7977034016711597],[33.90015739713636,2.8002756444839108],[33.89902434905243,2.8039958117943],[33.89631204262784,2.80637773488252],[33.89540008445151,2.806548561209956],[33.8921,2.8109],[33.89210791029258,2.81094196849676],[33.89360492972258,2.81561571340831],[33.894929982376844,2.816582820388541],[33.89387939151408,2.8203406605330716],[33.89441829326651,2.8231998337195674],[33.89506017287727,2.824171739097881],[33.89498227252971,2.826192057032618],[33.89511113638972,2.8268757514010474],[33.914022563897674,2.824531091425095],[33.92651467292778,2.819593740536698],[33.92969733828934,2.817630738542068],[33.93442718533546,2.816887325834736],[33.93658866286565,2.817621422838882],[33.936438682132355,2.818890389994044],[33.93731791932746,2.818687796243846],[33.93716441815934,2.819580433734554],[33.93826965511312,2.820480560735609],[33.937594039909364,2.821649577776101],[33.93656955594774,2.821365037309851],[33.93677180837698,2.822911682232035],[33.93804366525687,2.823320265992536],[33.93643868473141,2.825493402013751],[33.9377815052908,2.82608818990019],[33.93684319329997,2.827159023997141],[33.93891236308849,2.830048335384229],[33.93863968709919,2.831501538261421],[33.94053127035629,2.83087158092393],[33.940840685479145,2.832441422918476],[33.94164992345253,2.831906600708675],[33.94248308755571,2.832549787931817],[33.941994726519674,2.833607360336454],[33.94264871454268,2.833870240599574],[33.942589588305665,2.835023136869089],[33.94313609160389,2.834405132739898],[33.94439842968496,2.834833752864283],[33.94454074631462,2.836843424322808],[33.94757334671025,2.837377472380334],[33.94772922803339,2.840567283691209],[33.94874013774406,2.840663083429807],[33.94866911636694,2.843755763748486],[33.950334230193796,2.843732741223192],[33.94985884543482,2.844838418922639],[33.95102587776901,2.845258655154029],[33.95083145044579,2.847127655581965],[33.9522829190439,2.849554704265008],[33.95509067987906,2.851553452616654],[33.96101553248339,2.854123267292138],[33.96231739413687,2.850261017920705],[33.97597100029251,2.850873250083504],[33.99149414837263,2.84958447883754],[33.99695722313408,2.850412261893987],[34.00356639106818,2.858085986360705],[34.00677932057605,2.856577633420028],[34.00731034016822,2.857881320249825],[34.006526355898984,2.859096272221741],[34.008773454739924,2.859131753558275],[34.00941556584601,2.8599505829531],[34.00759711458143,2.861915935363752],[34.011022974793214,2.865948170002971],[34.013736121685525,2.875907162654794],[34.02158565546795,2.88185404871678],[34.02260542960315,2.886880638131192],[34.026832340109344,2.889832256934333],[34.0276035303518,2.891174876532993],[34.02720849699309,2.892806688438367],[34.02975782625565,2.896682037075797],[34.03109986634041,2.901448885901885],[34.03258281367832,2.901078240138653],[34.033020088513794,2.902041369768408],[34.03710750082966,2.901646781943847],[34.039913524448075,2.904405162882743],[34.04061701793871,2.909878372551811],[34.043918683240214,2.911204988841929],[34.04445188604076,2.912241617013894],[34.04441395465808,2.918894852176423],[34.06137164022493,2.927916966004809],[34.05935813556132,2.931324311968181],[34.06340266283226,2.93589230444828],[34.06309388802861,2.939533451361805],[34.069899138168886,2.944054422970691],[34.071397805497156,2.940941269798103],[34.074901583211286,2.940704242169529],[34.07827211581874,2.942374913735222],[34.080558698997685,2.945817737807493],[34.081058254409456,2.944492161118848],[34.08277243987935,2.943762223039013],[34.08855179293932,2.944833647731286],[34.09031245061725,2.948021362728819],[34.08951341085785,2.948459905192765],[34.08955148256897,2.949640112167578],[34.09127420651464,2.950601411475332],[34.09146806518506,2.949584215472901],[34.09296674711063,2.950321949019618],[34.091521675222076,2.951134417291669],[34.09269992888153,2.95175033384396],[34.09220453566403,2.953491523206655],[34.09694988384223,2.950264043969542],[34.09993544878066,2.949288647358066],[34.09878552934021,2.945603486466267],[34.100426860838425,2.94308223342398],[34.10152063977493,2.939109869569172],[34.106746200170406,2.936860070207541],[34.10834564748218,2.937537862426628],[34.114694348407035,2.931757359618207],[34.115220991612425,2.932730672123927],[34.117919292615994,2.930605819097782],[34.11876162217862,2.926950973549745],[34.11774798754152,2.926764156878539],[34.11766697402796,2.92463391009726],[34.121001826479194,2.92341865428772],[34.121806395851166,2.920252179799365],[34.12278898472683,2.921216537077535],[34.12484483143037,2.918089937447053],[34.1226254500137,2.916840397447781],[34.12441315020979,2.914652589289393],[34.121672016802165,2.913196362137075],[34.118389487878964,2.914329562286584],[34.119643591790094,2.915612954065303],[34.11884522541851,2.918945133451693],[34.11954540406792,2.92055498192813],[34.11901301356806,2.921859960998867],[34.1173353534177,2.921773626217847],[34.11632298848977,2.919915960634451],[34.11492682503601,2.920518849062796],[34.11222281817851,2.918139534668519],[34.10864027685074,2.919909950726327],[34.107327524301965,2.918270585830401],[34.10961611192593,2.91562439910953],[34.107970725959625,2.914548889094588],[34.105171484006064,2.916449619077286],[34.103544212586165,2.91592493106582],[34.10055641643649,2.917347931773949],[34.09830613518191,2.917213762530696],[34.096525674012746,2.913580273529617],[34.09516340796192,2.914026423350618],[34.092947811329005,2.911371041980775],[34.09789240552487,2.910404026197956],[34.099891390931106,2.910960508235957],[34.103651368814084,2.909426437320363],[34.10611288365359,2.909283140189615],[34.10744209863145,2.912690774489695],[34.10926868455786,2.912538327631531],[34.110563948805776,2.913395093891908],[34.11217622845805,2.912895814699412],[34.11096659755841,2.909730280242761],[34.10985440432345,2.909138039777967],[34.11139174377175,2.908353180020789],[34.11327832903018,2.912146336511363],[34.11682658887825,2.911234621308864],[34.11686578167281,2.900138067526733],[34.122481197991675,2.898504826117001],[34.12441988137419,2.89561759332786],[34.129662839155614,2.893448715939129],[34.132079044602385,2.888577887700071],[34.13368541662531,2.88086796583285],[34.125457039988895,2.869702300153474],[34.116712786814794,2.852364607307751],[34.11234281094843,2.848291681699747],[34.16375073106507,2.783315310243003],[34.14860450509057,2.759626514554431],[34.117748520284195,2.758145515427625],[34.1034198640088,2.755429525908505],[34.1031,2.7554],[34.10242449178953,2.755103027350195],[34.09439540455627,2.751880695284562],[34.092833812666505,2.750886691636668],[34.0708,2.7412],[34.070508384252406,2.741004327095771],[34.062153841581825,2.736025948213963],[34.058046620737755,2.7326425377244687],[34.04776238188967,2.725741857977918],[34.047652436923705,2.725690364531471],[34.04163436944622,2.7200803716928204],[34.040218169368536,2.7187683039737887],[34.031138198624134,2.711864977168656],[34.023163089648925,2.702967274233563],[33.9865,2.669],[33.98646777195591,2.6688933995464623],[33.98286610597573,2.662641968311996],[33.982612159536835,2.656140220006453],[33.9826,2.6561],[33.9867,2.6442],[33.96932113819146,2.6213330765677085],[33.965792328115576,2.616704861571051],[33.880909642142775,2.6704938899024566],[33.880922987144565,2.67078641982129],[33.88473492738046,2.7182831951605326]]]}},{"type":"Feature","properties":{"n":"Kanair","c":"306104","d":"Kotido","od":"Kotido","dc":"306","k":"KANAIR","a":["KANAIR"],"lat":2.975563,"lon":34.209077},"geometry":{"type":"Polygon","coordinates":[[[34.18146346020985,2.989649355263709],[34.18152487917362,2.991581328297626],[34.182631166641066,2.993223788466566],[34.188618069461356,2.995270254302346],[34.19035965416329,2.996869119922591],[34.19254847306118,2.996412311149443],[34.195147001986406,2.997116599145151],[34.201001962659376,2.996022478005738],[34.20405543468828,2.997382899126259],[34.20660661015426,2.999838688722217],[34.21271515963995,2.996605477775275],[34.224016139598454,2.986330181139453],[34.23491937851565,2.979903035508647],[34.23755115796986,2.971257355103688],[34.221379614142435,2.965932154535185],[34.21275841808974,2.964586814378641],[34.20210344781747,2.959641790653725],[34.20583990177833,2.955197780026928],[34.20458740602256,2.954304874208734],[34.203031816368345,2.954874383392792],[34.202531550777884,2.953919402225054],[34.20120658969364,2.954162654996502],[34.19552166384168,2.952406062401872],[34.193537190142784,2.952363236135921],[34.19109661472752,2.953705111724661],[34.187612334678555,2.95250600031727],[34.1861148464766,2.954022553692027],[34.18501446842773,2.967569477876599],[34.18408034552017,2.970916548994671],[34.18288373853553,2.970969343401624],[34.18271699005124,2.97321838083836],[34.18146793393449,2.974812282607647],[34.182359272161214,2.976313219862217],[34.18009275308181,2.977889247106395],[34.179600071693855,2.977155948610561],[34.17913608570922,2.977524755884673],[34.176925568698124,2.982612041572585],[34.17845318258505,2.987694566516079],[34.18146346020985,2.989649355263709]]]}},{"type":"Feature","properties":{"n":"Kapeta","c":"306105","d":"Kotido","od":"Kotido","dc":"306","k":"KAPETA","a":["KAPETA"],"lat":3.194901,"lon":33.724803},"geometry":{"type":"Polygon","coordinates":[[[33.552977873795264,3.281385636594065],[33.55402522329308,3.28006804634528],[33.558529011323365,3.279803851559379],[33.55973489983601,3.280166055632614],[33.559909562439145,3.2810657125028087],[33.56119174727228,3.2810065347412793],[33.56224192790369,3.279275060137133],[33.569166725885644,3.2806384588052784],[33.56958771240752,3.2806190286581147],[33.57171981779645,3.278761018159384],[33.57508843135148,3.278075565295243],[33.577943781924176,3.275962605049315],[33.57870588923726,3.274251494800787],[33.58222681264717,3.275619959582878],[33.58273214377368,3.272127730809887],[33.58490972429688,3.27259393681984],[33.58502506934315,3.274306502156698],[33.58535275272548,3.27465068127524],[33.58644692100646,3.274773162799231],[33.588479689600064,3.272440728615021],[33.592633951153196,3.273450358131525],[33.59325768719208,3.275535561999113],[33.59686432684044,3.2759392903179596],[33.598980234942594,3.272285818294745],[33.60039488138568,3.2733588254208654],[33.6077,3.2638],[33.61135382275539,3.2641006309862024],[33.61308443918675,3.262919335774152],[33.61809826388459,3.2646555533575925],[33.6229828368021,3.2650574485976414],[33.62370786836373,3.264460370487154],[33.62542091467086,3.260691991587888],[33.6258110527477,3.260394362477573],[33.62942952296729,3.2530266339581653],[33.629361844609505,3.252695473863017],[33.63136014552398,3.24847299550481],[33.63158620605631,3.2486353153793095],[33.6318,3.2482],[33.636354334185874,3.2474024668245933],[33.63621733545801,3.24698877117681],[33.637312993326006,3.247234591030469],[33.64335604903934,3.2461763600760603],[33.64757871638371,3.243559129983121],[33.65271834828793,3.244472816674574],[33.655879865798596,3.24268394306889],[33.65802961847416,3.242452878342792],[33.659959228607754,3.2432688908428817],[33.66238539926924,3.242844031464372],[33.66229986304736,3.242069774757348],[33.66590705629003,3.241048031149074],[33.66649127364311,3.242125030421943],[33.66841397803286,3.2417883356440154],[33.66841570407839,3.24176681947718],[33.668754529510935,3.2417286999013113],[33.6752,3.2406],[33.679825448533265,3.2419666097939213],[33.68137834037707,3.242111462591533],[33.687284620325904,3.241592410702196],[33.69364556305586,3.246292402347827],[33.69456038166859,3.249936662159489],[33.69783270603239,3.25515189627495],[33.69761757636772,3.261989059910323],[33.703460089209266,3.270599078834712],[33.707274145290754,3.274027375185317],[33.711847564373286,3.27612271591968],[33.71353795741523,3.277803795926499],[33.71492381355094,3.284579042626282],[33.71808275792891,3.288050568056108],[33.72350229619179,3.290064260191282],[33.7271253770501,3.293209848400861],[33.727351289939534,3.2969390990748053],[33.7312,3.3152],[33.73096628328728,3.31640197166543],[33.7310897151757,3.316801683417096],[33.72861039878898,3.329890550708593],[33.7347,3.3383],[33.737068453893244,3.3477738155729857],[33.73846386495596,3.349234576672193],[33.738864223074025,3.3549568922960993],[33.7405,3.3615],[33.8235,3.3128],[33.82477510860432,3.312302617211083],[33.82539105320874,3.311938565420715],[33.852518053071094,3.30128529967784],[33.852342458004465,3.3010752806506174],[33.85221776070708,3.301063640980852],[33.85223833091822,3.3009507403102734],[33.852018019633796,3.30068723882058],[33.85302676065057,3.2966234028374153],[33.85302850305504,3.29661383956014],[33.84969952351275,3.295900684441948],[33.849699436582476,3.2959004596609964],[33.849697867287574,3.29590012373437],[33.848180829948426,3.291974006491339],[33.84780316817588,3.2919288041672714],[33.84618816220984,3.29173606712493],[33.846188221474414,3.29173551125425],[33.846188018362895,3.29173548694384],[33.846376218659096,3.289972195964537],[33.846426026694054,3.289505022640944],[33.84508796866814,3.284925954091115],[33.839317468019665,3.282723859567236],[33.8393173935534,3.2827236858128317],[33.839317336080256,3.282723663888521],[33.838157556336384,3.280017419700564],[33.838157556517515,3.280017402649896],[33.83815748046623,3.280017225197116],[33.838162078626176,3.2795917101248673],[33.83818724722531,3.2772224427503636],[33.836224103102026,3.275555609237621],[33.83622405460862,3.275555184857801],[33.83622379458689,3.275554964161373],[33.83589758894184,3.2727056664564813],[33.83536160672169,3.273295243013282],[33.83535973425318,3.2732946189407173],[33.83535918563265,3.273295225743733],[33.83357551711826,3.2726999595598496],[33.833398553162134,3.272640979475795],[33.830781149591516,3.273384473359169],[33.83031765249387,3.2727102957285297],[33.83012689349086,3.272432930117754],[33.83012690285961,3.272432841701045],[33.83012680096375,3.27243269348887],[33.830334353643906,3.2704688376076096],[33.827747565872336,3.267406546123921],[33.827747559491634,3.2674063966904305],[33.82774739205445,3.267406198488888],[33.82768785178989,3.266008153425032],[33.8309299785631,3.264818255989792],[33.831940049156024,3.263481402227004],[33.83048041294523,3.262632785440785],[33.83045414326478,3.262617549467699],[33.8304540988134,3.2626174866876982],[33.8304539744382,3.262617414377295],[33.827569145508484,3.258543044413722],[33.82573505475109,3.258207508877967],[33.82480422587641,3.258037422311102],[33.82480410932907,3.2580371981833216],[33.82480275473866,3.258036950369402],[33.82438635372401,3.257233883519333],[33.82477282511058,3.253604764335086],[33.82420974149185,3.252178195915473],[33.82298841763331,3.249084231294094],[33.821768945904324,3.24221353904584],[33.824564381931644,3.2357873949317186],[33.824564375677674,3.235787371305873],[33.824028941803505,3.233766166695129],[33.82016274245634,3.230643281718502],[33.820162710243615,3.2306431342062885],[33.82016270768744,3.230643132141546],[33.82015014597214,3.230585598450769],[33.818675414080765,3.223832336730465],[33.81631687353729,3.222410121411549],[33.816534456226044,3.222122470694974],[33.816437609545794,3.22204513831644],[33.81667456093681,3.2219372481449797],[33.81722897012837,3.221204302881102],[33.82103385445883,3.21995124206791],[33.82103447716077,3.2199520641503323],[33.821035157969696,3.219951754160208],[33.821853595563304,3.2210324448708123],[33.82253457994843,3.2207595864623735],[33.822650255790585,3.220712926836458],[33.822650635878404,3.2207130849022283],[33.822651770755726,3.220712630176941],[33.82668495676798,3.222390149489628],[33.828672101932256,3.224507813825587],[33.830801427059065,3.22426992306159],[33.83080175077424,3.22427025577749],[33.830801820891075,3.224270247955697],[33.83099939982395,3.2244734003505275],[33.83249024263265,3.226005695225109],[33.83463427623339,3.2258803488823014],[33.835067297588786,3.225854778986306],[33.83506739703528,3.2258550274001694],[33.83506832669575,3.225854973049557],[33.83624870585862,3.22880540731924],[33.837600817798034,3.229985113139822],[33.839332485935515,3.2308230587440345],[33.83936085840637,3.2307845480338027],[33.839884361071626,3.230061867612928],[33.84205462797567,3.231772441946058],[33.84350113605887,3.231318220698347],[33.8448698603003,3.232601968998787],[33.84502329307423,3.2327452252702797],[33.84763188882172,3.230975573321571],[33.84763293703944,3.230976645149832],[33.847633988810415,3.23097593189942],[33.84774182657667,3.2310879873650546],[33.84816966359256,3.231525461178561],[33.85103906280415,3.230574948301752],[33.85189588053838,3.228577075786475],[33.85189651530664,3.2285774165027945],[33.85189667282228,3.228577049305618],[33.85200186554965,3.228633963984812],[33.853762200384075,3.2295788360568],[33.85414209190715,3.228386723088382],[33.85532717307463,3.2287571361632867],[33.85536012474508,3.228767346330581],[33.85692059245331,3.2274920027161964],[33.8577579652315,3.2268074844431847],[33.85791389240188,3.2262886183959174],[33.85815714675583,3.225475619943992],[33.858158140238594,3.22547585491615],[33.85815861909589,3.22547426146202],[33.861636912348885,3.226297261269437],[33.867257678903876,3.223970442787573],[33.86825889304953,3.2245011271121777],[33.86854934219965,3.2246542599018704],[33.869408788142664,3.221724126740806],[33.86940993961691,3.22172362428007],[33.86941038402893,3.221722105283194],[33.87141786164779,3.220847441435528],[33.87150210966543,3.220810678719346],[33.87169309853527,3.219287521116294],[33.8716931947153,3.2192874555484456],[33.871693203377184,3.219287386319043],[33.87173939413211,3.21925596048289],[33.87353909397563,3.2180290691397215],[33.873313102072345,3.2166202163422875],[33.87329199659678,3.21648941183617],[33.87628932406197,3.211066148889306],[33.878897208576646,3.211218434017654],[33.88013573389612,3.212436276990058],[33.88291373991482,3.212246362707474],[33.88291445922953,3.2122472396957],[33.8829146224794,3.212247228569368],[33.88332910452538,3.2127527750842098],[33.88376081431791,3.213279115500651],[33.88905519188919,3.210499278756456],[33.88907295756869,3.2084886054152464],[33.8890717930906,3.208482367142332],[33.89046062779601,3.207016400301154],[33.8892431156915,3.205741225972773],[33.89046584855401,3.204350039346238],[33.89070386019454,3.201079163863573],[33.8946295226978,3.196347897027706],[33.89402275313722,3.193454796215377],[33.893737673639954,3.192096696419727],[33.894945504878045,3.186000065332949],[33.89498673858864,3.1857918314564353],[33.89452803873311,3.184787584481284],[33.89341027467358,3.182342893754579],[33.89341121668204,3.182342488514866],[33.89341049600709,3.182340910717036],[33.89342214329312,3.182337788029773],[33.89681377969702,3.180878750434263],[33.897256410598075,3.1802902639218344],[33.89733730490233,3.179425269536984],[33.89873317438829,3.178326629932945],[33.89881341542711,3.1757966716187336],[33.898823585056256,3.175470664095605],[33.89882376128696,3.175470472026406],[33.89882376944676,3.17547021475229],[33.90379095284435,3.170056407236846],[33.90429652998994,3.167201585825687],[33.90429670567342,3.167201277923633],[33.904296722796985,3.167201181250869],[33.90628376249241,3.163718771181575],[33.90718146858436,3.162145455568392],[33.90736008748013,3.160509353862365],[33.91009651649872,3.1583675794166757],[33.91009953129459,3.158313342879191],[33.910365348074485,3.153505405408431],[33.91036685492168,3.1535041589319466],[33.91036694474337,3.153502543029065],[33.91148981810671,3.152575234484466],[33.911519037859804,3.152551063662695],[33.911207750165545,3.151692172525137],[33.91120959373276,3.1516917111513107],[33.91120919715052,3.15169062217061],[33.911937896634306,3.1515094450023042],[33.91212137404782,3.151463527676533],[33.91216422137678,3.150064705247691],[33.91216788133204,3.1500610867641647],[33.91216790108139,3.150060491040048],[33.91400273782041,3.148246532999253],[33.91400344893775,3.148246318367835],[33.91400403499835,3.148245738948015],[33.91419425715882,3.1481887280986207],[33.91467795194695,3.148042737989229],[33.91467818773616,3.1480436908790117],[33.91467929752777,3.148043358267069],[33.91490765208588,3.148969004043056],[33.91570009477532,3.147622196673513],[33.916303692306904,3.1479829177069316],[33.916655857168536,3.1481927921542323],[33.91814855974884,3.146722759066585],[33.91916266343317,3.1470365088416985],[33.92000436702238,3.146376890494825],[33.92213189730559,3.1447094258386423],[33.92217559790119,3.144495387102961],[33.922376271351666,3.143502751705248],[33.922378385150715,3.14350216662362],[33.92237850263556,3.143501591201075],[33.922934717759034,3.143348178481496],[33.92500448374948,3.142775284829863],[33.92531490583281,3.139172133923276],[33.9262182587547,3.1377911315203906],[33.92529667837327,3.1367810308478807],[33.92485090940382,3.136292979095573],[33.92485110512371,3.136292659081177],[33.92485109360605,3.136292646457218],[33.92485546943864,3.1362855231501263],[33.92536047344653,3.135459809644279],[33.924114466898146,3.135235027592002],[33.92411446644333,3.1352343338598483],[33.924113277127866,3.135234119706602],[33.92411319667212,3.133402219021283],[33.92397279789375,3.1331656473140432],[33.92279303647259,3.131181079326657],[33.92279421850321,3.1311797430079147],[33.92279267647813,3.131177144698226],[33.92345891955039,3.130427617314565],[33.923735966416835,3.131104486076256],[33.924194097485724,3.1309343216955314],[33.92456466645666,3.1307956859588866],[33.92442060342428,3.1306435915858266],[33.92386343620545,3.130058790584627],[33.923661181291564,3.128940448147808],[33.9242912497296,3.128560009187714],[33.923720667003415,3.127167749149559],[33.92584902928196,3.124261667998677],[33.92460760944309,3.122333867431938],[33.92446484274234,3.12097758298885],[33.925121472287366,3.120634978829882],[33.92423641703772,3.119963931073676],[33.92529645847425,3.118958415494032],[33.92534933314095,3.1189080721365388],[33.92608362592054,3.115918534214113],[33.92620431170673,3.115426847434834],[33.92620440691394,3.1154267966264677],[33.9262046415443,3.115425841372116],[33.9293074537929,3.11376973935021],[33.93075722444906,3.1150591665448757],[33.93273208648289,3.1146932160844334],[33.93406535571411,3.1119659647028795],[33.934066505417256,3.111963100854254],[33.934066771182174,3.111963069310761],[33.934067554526635,3.111961466950778],[33.93501559828003,3.111850453540305],[33.93552295663743,3.111790235453738],[33.935916399492235,3.109584382110153],[33.935917653007415,3.109584418602243],[33.93591782622818,3.109583448562284],[33.93766236824215,3.1096342595120476],[33.93780807132096,3.107806928761899],[33.93895034184303,3.1079064025647187],[33.93922874611439,3.107008020734014],[33.940936337896844,3.106008346636107],[33.943079350980625,3.103960069021218],[33.943293703836126,3.1036987345613274],[33.942840664635014,3.102709999377986],[33.943201628040406,3.102075117009899],[33.94316938796137,3.101817756725085],[33.943395592090184,3.1017339623293734],[33.943640126922155,3.101303860964845],[33.944517070393765,3.101318515606676],[33.9445109812576,3.099708097914741],[33.94289773749847,3.098320008894579],[33.942898434271,3.0983189853204864],[33.94289824051274,3.098318818800231],[33.94333813038162,3.097673062115839],[33.94436098441587,3.096170467165065],[33.94425583312702,3.0953233430374696],[33.944021438440714,3.093438311400196],[33.945175650956514,3.091439260213719],[33.94540508585948,3.091041643511512],[33.94540535986123,3.091041413324828],[33.945406281128484,3.091039817725785],[33.94553319489276,3.090934020138495],[33.94797575089092,3.088882048403421],[33.944787665276216,3.084289634716519],[33.94388372747377,3.079363722760536],[33.94539312263594,3.074874343325851],[33.94289794749131,3.073685153123583],[33.93998452389733,3.073446586018067],[33.939923553810054,3.072227630171769],[33.93302318289083,3.063512954776374],[33.925773461851115,3.06220042121861],[33.92002544180167,3.058932434458339],[33.91938561755303,3.057092716570835],[33.920408639513326,3.05704681555348],[33.92362783244542,3.051787053529333],[33.91868323920349,3.039853513288296],[33.914757127780945,3.036736421266506],[33.910569390927904,3.034809086406474],[33.88889347675014,3.029360414928511],[33.886013241378954,3.02669509445245],[33.88161137137278,3.02552916512252],[33.87644781446268,3.025600542616195],[33.871160185473,3.033150105425243],[33.8658659084252,3.03886082988769],[33.865327504006885,3.043382045898461],[33.85771603230062,3.044452524582288],[33.850531973893325,3.043291997833431],[33.83852217110996,3.047270299846824],[33.82104765490344,3.045328790066587],[33.814366126357285,3.046528008834837],[33.79814772473806,3.047099109109457],[33.79569204888209,3.049840147318002],[33.7900954774175,3.052524382293976],[33.7829572352186,3.058292077081104],[33.77717761662285,3.060923445642939],[33.76759330900781,3.060632816941575],[33.75966706711299,3.058364569160853],[33.75277213410235,3.058465556536811],[33.746982536654265,3.06093981339261],[33.73830973049416,3.067806287493796],[33.731517175648996,3.06968143193635],[33.72342233043135,3.070406137305206],[33.71082145525856,3.067089266093111],[33.706503032902,3.063736893869244],[33.701310019311336,3.057546201791134],[33.6923949150048,3.055471812154126],[33.68737600079682,3.053347769368495],[33.687,3.0537],[33.66070812879024,3.061297650995976],[33.66079886478538,3.061444457768924],[33.68123364099291,3.0913030385381837],[33.68133947790501,3.09144299926827],[33.68876878517469,3.107223783412838],[33.68970450083635,3.117105394838089],[33.69958774173174,3.1289517452264],[33.706276184690275,3.130118020431201],[33.70721775677507,3.130859424402695],[33.70688526628638,3.132541736463234],[33.704339941827236,3.134642489312463],[33.699839520929544,3.136717066158277],[33.696404749390965,3.137541367873954],[33.6941,3.1384],[33.69271671692957,3.1384264490070826],[33.6914857037072,3.138721876606799],[33.687693198582714,3.138522500983122],[33.642444429182895,3.1393876782183003],[33.641801501743714,3.139414163714951],[33.62834156572522,3.137468321843852],[33.61829568428065,3.132091237514832],[33.61723910159006,3.1317626888336565],[33.61352240960469,3.130619879398753],[33.61332483037421,3.1306997119408337],[33.59636355679922,3.1403545907450607],[33.59170913299797,3.143334062176465],[33.580994603150074,3.149120648871725],[33.57342836861144,3.149640651190779],[33.56758329123218,3.1489751934068106],[33.5595,3.1489],[33.5545,3.2034],[33.55448667914765,3.203660089642096],[33.55395911377529,3.221282966362012],[33.55301540325285,3.2323867514881024],[33.55052583920126,3.280995489595379],[33.5505204058896,3.281463080587785],[33.551248937738066,3.2814654336428584],[33.552977873795264,3.281385636594065]]]}},{"type":"Feature","properties":{"n":"Kotido","c":"306106","d":"Kotido","od":"Kotido","dc":"306","k":"KOTIDO","a":["KOTIDO"],"lat":2.919853,"lon":33.985807},"geometry":{"type":"Polygon","coordinates":[[[33.94775445701496,2.932190410258091],[33.94597879066396,2.938408585431739],[33.94469389351591,2.939184825866978],[33.945050381491775,2.941147694777551],[33.94376590236661,2.942325716013295],[33.9445488049001,2.944429987799889],[33.94323052293454,2.944895536862072],[33.94233822638022,2.946501669054727],[33.94280195839804,2.949070834416817],[33.94094624200543,2.950820390471481],[33.941338275946656,2.951998035296368],[33.94030378888034,2.953033289113003],[33.940660705650416,2.957780308500278],[33.94490730209478,2.959064883599138],[33.953938096404116,2.967345741858326],[33.95640027159321,2.968338060041392],[33.95868514258991,2.974584314416362],[33.96011279792183,2.984649186297722],[33.96185886590087,2.989000574614532],[33.95855662697545,2.989193367926444],[33.955653686999945,2.99043068667425],[33.9509778650907,2.997282308983078],[33.94125898747472,2.993905489226286],[33.93315201298375,2.992441713385405],[33.92921100844551,2.993792856125848],[33.925734579412406,3.00660606081361],[33.92961762358381,3.008945855464769],[33.93304384108085,3.009803265363651],[33.93420998651314,3.012253310074062],[33.9363751358852,3.01389505464737],[33.93963527708907,3.015227664633651],[33.944656499407415,3.01589442238865],[33.946963894698555,3.017511916457913],[33.94979493372118,3.016679862821972],[33.94970027735873,3.017916426964024],[33.95215111977098,3.019201333990617],[33.95812356538743,3.021580797187269],[33.96246158868649,3.022243985812779],[33.96642371502561,3.017550939492978],[33.97052414895146,3.016271981133834],[33.97247593760455,3.014527056274643],[33.97823820650809,3.014498290620382],[33.980941276242426,3.008414001666763],[33.97634108240082,3.005084656170997],[33.97793799810965,3.004607963738188],[33.97913724140375,3.003142221827657],[33.978261783027854,3.000800081377921],[33.97972734892589,2.996403588946402],[33.974915564451635,2.993778055326154],[33.97900782914685,2.980763769733435],[33.97867445656354,2.978290942193041],[33.97988822893721,2.977099395386121],[33.9795085025617,2.970628227789106],[33.98090240992297,2.962960576594327],[33.98993749778074,2.973018618852792],[33.995470042156896,2.978179845574009],[33.99737106035666,2.978946368278432],[34.00072847259658,2.978025519853416],[34.00062645685964,2.97470944842892],[34.00165869420166,2.97306781991155],[33.99979602132374,2.972204048290145],[33.998674239130175,2.969832252178484],[33.99945919739075,2.966521025998012],[34.00124371285299,2.965135819850472],[34.00347239522748,2.963937039999183],[34.0137997877073,2.967887616609059],[34.01272499879297,2.972109575970307],[34.013309050626944,2.973530024788466],[34.0121439486799,2.975526197183093],[34.014375475508956,2.97892996543542],[34.01341461504075,2.979947131728968],[34.011053557353144,2.98847458317155],[34.0093123894621,2.989065331638794],[34.00945512365161,2.992291041030798],[34.00873180144405,2.99296765142573],[34.011177908036544,2.995394941567737],[34.01047659335513,2.99914063746824],[34.01609196527454,2.999759296971901],[34.02936669370361,2.998959345088824],[34.03257361935845,2.986978538356584],[34.0325925377742,2.986426478264308],[34.03137570829315,2.986673234673217],[34.03046158810602,2.985288862090033],[34.0306879171185,2.983630419161395],[34.031697976066596,2.98336175589061],[34.03070826938232,2.981953339133004],[34.03124111830311,2.980392069541758],[34.03061481339847,2.978468278962548],[34.031469546813604,2.978279228246863],[34.0302514959189,2.977611381811712],[34.03107786306771,2.976878780431087],[34.03149896576889,2.972804219252311],[34.03844601124509,2.974905882913986],[34.043513208004185,2.975500512313939],[34.045761538705335,2.976673189775141],[34.04668376171271,2.967698681270203],[34.04796860207358,2.963273180223022],[34.04155584067629,2.960602204004984],[34.03908208649649,2.958173115558902],[34.04160382952972,2.95170333637972],[34.04621995738486,2.947824800927525],[34.04712415392511,2.94387489813062],[34.04648169752966,2.94120990254057],[34.04405503356585,2.938878424415122],[34.04357886833386,2.935618743269127],[34.04824249965608,2.932239328538536],[34.047886012782136,2.931025951426284],[34.04934134747237,2.930129309228116],[34.04979820186113,2.927616603890868],[34.045600980980204,2.921848997704376],[34.043966515063374,2.917856375763704],[34.044451879382336,2.9122427849136434],[34.04445188604076,2.912241617013894],[34.043918683240214,2.911204988841929],[34.04173089636313,2.9103259313223417],[34.04061729234375,2.909878829894696],[34.04061724533047,2.909878463918316],[34.04061701793871,2.909878372551811],[34.039913524448075,2.904405162882743],[34.03710750082966,2.901646781943847],[34.033020088513794,2.902041369768408],[34.03258281367832,2.901078240138653],[34.03109986634041,2.901448885901885],[34.02975782625565,2.896682037075797],[34.02720849699309,2.892806688438367],[34.02751550331313,2.891538500430867],[34.027603409076285,2.8911746653958885],[34.026832340109344,2.889832256934333],[34.02260542960315,2.886880638131192],[34.02260535521126,2.886880271444596],[34.02260517855219,2.886880148072841],[34.02158502040508,2.881853567586731],[34.013736121685525,2.875907162654794],[34.01102309765483,2.8659486209840628],[34.00974862348175,2.8644482595620957],[34.00759711458143,2.861915935363752],[34.00941556584601,2.8599505829531],[34.00877360883796,2.859131950066327],[34.006527487285,2.859096774249076],[34.00652779682422,2.8590962949737233],[34.006526355898984,2.859096272221741],[34.00731034016822,2.857881320249825],[34.00677932057605,2.856577633420028],[34.00356639106818,2.858085986360705],[34.003564662490135,2.8580839793559236],[34.00356462948503,2.858083994837402],[34.00286743903061,2.8572744522303455],[33.99695722313408,2.850412261893987],[33.99149414837263,2.84958447883754],[33.97597100029251,2.850873250083504],[33.97597086110553,2.8508732438423148],[33.97597083438476,2.850873246060743],[33.97576546297314,2.8508640337229223],[33.96231739413687,2.850261017920705],[33.96101553248339,2.854123267292138],[33.96101271769577,2.854122046420836],[33.96101246358236,2.854122800227391],[33.95518434695184,2.851594079284404],[33.95509067987906,2.851553452616654],[33.9522829190439,2.849554704265008],[33.95083145044579,2.847127655581965],[33.95093003967474,2.8461799322473795],[33.9510244316843,2.845258134433933],[33.950049482537814,2.8449070653648825],[33.94986035792204,2.844839627538511],[33.949860604289135,2.8448390522678246],[33.94985884543482,2.844838418922639],[33.950334230193796,2.843732741223192],[33.949884378108344,2.8437389610568444],[33.94867195761559,2.843757770194551],[33.948672002920176,2.8437557238378544],[33.94866911636694,2.843755763748486],[33.94874013774406,2.840663083429807],[33.94772922803339,2.840567283691209],[33.94772918810604,2.8405664666548063],[33.947729091204856,2.840566457456214],[33.94771625716845,2.8403018599005403],[33.94757339826193,2.8373785272863197],[33.946108174661305,2.8371194521387593],[33.94454074631462,2.836843424322808],[33.94454066608278,2.836842291358581],[33.944540354043575,2.836842236185021],[33.944398028916666,2.8348336167855597],[33.943136244246496,2.8344051845688756],[33.943095632664516,2.8344508850558956],[33.942589588305665,2.835023136869089],[33.94258974051786,2.8350201688994896],[33.942588477381,2.835021590315916],[33.94263712240164,2.834096274537027],[33.94264871454268,2.833870240599574],[33.941994726519674,2.833607360336454],[33.94199547117816,2.83360574773797],[33.94199517290098,2.833605627549627],[33.94248229408483,2.8325491753870318],[33.94164992345253,2.831906600708675],[33.9413274608992,2.832119714948269],[33.94084179943035,2.832441732221044],[33.94084161666295,2.832440807502745],[33.940840685479145,2.832441422918476],[33.94053127035629,2.83087158092393],[33.94005743990916,2.831029381520744],[33.93864093552555,2.831502816714758],[33.93864127432865,2.8315010096635698],[33.93863968709919,2.831501538261421],[33.938912301980025,2.8300486610564577],[33.9368435333952,2.82715976163363],[33.93684363696607,2.8271596435159],[33.93684319329997,2.827159023997141],[33.9377815052908,2.82608818990019],[33.937336809495854,2.8258912166932078],[33.93643935236515,2.825494931846725],[33.93644003797477,2.825494001418305],[33.93643868473141,2.825493402013751],[33.9372278428174,2.8244248857072294],[33.93804216485587,2.8233197839890245],[33.93680134938488,2.8229211722747327],[33.93677200128742,2.822911848863719],[33.93677198707948,2.8229117396401757],[33.93677180837698,2.822911682232035],[33.93656955594774,2.821365037309851],[33.93657083625636,2.8213653929031293],[33.936570653663495,2.821363989220687],[33.93708125188107,2.821507155883592],[33.93759339424216,2.8216493984483075],[33.93771136696104,2.821446566769303],[33.93826844432098,2.820482655769339],[33.937718137811345,2.8200313940540376],[33.93716441815934,2.819580433734554],[33.93716488540007,2.8195777166438503],[33.93716349501843,2.819576576504683],[33.937251617864156,2.819073351432534],[33.93731781011233,2.8186884313498997],[33.9372016632904,2.81871458394876],[33.936438682132355,2.818890389994044],[33.936439168644426,2.8188862736797184],[33.93643788314895,2.818886563132732],[33.936492408459614,2.8184358186423806],[33.93658866286565,2.817621422838882],[33.93442718533546,2.816887325834736],[33.92969733828934,2.817630738542068],[33.92651467292778,2.819593740536698],[33.92105681762338,2.8217508900357124],[33.9168485251316,2.823757625369624],[33.91439743863953,2.824382926840932],[33.914022563897674,2.824531091425095],[33.913621975014436,2.8245807568837673],[33.911018836490506,2.825244848646463],[33.89511176615869,2.8268790926752976],[33.89562603621136,2.8296075810102956],[33.89572025892594,2.829988488987458],[33.89570077690786,2.8301095440081228],[33.895899233717564,2.858091954177393],[33.89593505401653,2.858174430006965],[33.89538513199629,2.861026613728692],[33.89431470177614,2.8624924998061387],[33.893720725776035,2.8641008040525753],[33.89380136696248,2.866383593040545],[33.889406702915636,2.875829281468611],[33.88934331983453,2.8758678303619547],[33.88609649148882,2.879753379037971],[33.88405876170067,2.883097083723707],[33.88169892334539,2.8850160425538802],[33.88013574942544,2.8868867260974236],[33.87996822502208,2.887614582137682],[33.87836254824622,2.88900875373813],[33.87830041898157,2.889083105153212],[33.88470011709109,2.895011212770383],[33.94775445701496,2.932190410258091]]]}},{"type":"Feature","properties":{"n":"Lokitelaebu Town Council","c":"306107","d":"Kotido","od":"Kotido","dc":"306","k":"LOKITELAEBUTOWNCOUNCIL","a":["LOKITELAEBU","LOKITELAEBUTOWNCOUNCIL"],"lat":2.993375,"lon":33.992091},"geometry":{"type":"Polygon","coordinates":[[[33.97826182586538,3.0008001959824715],[33.97913724140375,3.003142221827657],[33.97913596720241,3.0031437791849642],[33.979136044802985,3.003143987126177],[33.97811416041272,3.0043926542409958],[33.97793799810965,3.004607963738188],[33.97634108240082,3.005084656170997],[33.980941276242426,3.008414001666763],[33.97886014700067,3.013098376433665],[33.982025677937294,3.015262734923859],[33.98453087251548,3.015676656979871],[33.984051661727385,3.017631230976572],[33.98507948956796,3.018487793738308],[33.992312024465726,3.020219711533049],[33.99754796035219,3.02309446833456],[34.003182519671974,3.023456146928419],[34.00496271944019,3.020605277953652],[34.003738347985454,3.019248975002329],[34.004938953698634,3.017803343063711],[34.0043329187584,3.015964920746513],[34.005593306861336,3.014180617803948],[34.00480857295954,3.012754030625982],[34.00559330521723,3.012443608796271],[34.00408855551556,3.009744940023509],[34.005230412433775,3.008499774258862],[34.00470713768229,3.007017123389689],[34.00859752254956,3.003185553207447],[34.00978079632684,3.007852160768003],[34.01661357313421,3.00960306350148],[34.01766051838842,3.011005647318328],[34.01704211802333,3.012347762817618],[34.01733955155256,3.01476291178783],[34.01856714515532,3.015164243929962],[34.01973181855047,3.014176650739225],[34.02039904282017,3.015834540223252],[34.02230273257851,3.016025130437197],[34.02240720171769,3.017690435815369],[34.02586733888017,3.013388036404058],[34.030231110444035,3.010354979608944],[34.03483887450127,3.0129812815258],[34.036361600571695,3.012810002062414],[34.03769421768018,3.011458433413416],[34.03701256179095,3.009116835168907],[34.04201532273394,3.008032004043068],[34.04606465941222,3.005439447147415],[34.04502366991884,3.002942945858277],[34.04556497306791,3.002248594451836],[34.04474432557217,3.001598431370049],[34.04476547417854,2.998458112532618],[34.04390857108829,2.998435695791829],[34.044387141764496,2.997822795893755],[34.04297481489536,2.995370684129464],[34.043366353245105,2.994225052215973],[34.03988309228876,2.991570307614799],[34.04119628425886,2.989442330625951],[34.04170310623227,2.986280028641392],[34.040299640618926,2.982101448703546],[34.04280023743091,2.979070178734781],[34.045489212206114,2.978213334905369],[34.04610786744072,2.977094994335151],[34.04351748076916,2.975502740889646],[34.04351351631232,2.9755006731203557],[34.04064734344226,2.9751642065800543],[34.03844601124509,2.974905882913986],[34.03149896576889,2.972804219252311],[34.03107786306771,2.976878780431087],[34.0310777500707,2.976878880606615],[34.03107770255261,2.976879342239992],[34.03025247209076,2.9776119170380326],[34.03081546654384,2.97792060187225],[34.031468637415834,2.978276741111487],[34.031466067139895,2.978277320372822],[34.031469546813604,2.978279228246863],[34.03082679980381,2.9784213916162305],[34.0306150826977,2.9784691061559956],[34.031185248460666,2.9802204568404025],[34.03124106097516,2.980391209636173],[34.03124094705268,2.9803915435200783],[34.03124111830311,2.980392069541758],[34.03070827562465,2.981953320842739],[34.03169795789995,2.983360177356395],[34.03169703849819,2.9833604216699965],[34.031697976066596,2.98336175589061],[34.03068883059216,2.9836301761886226],[34.030605544128385,2.9842340134663106],[34.03046193824376,2.9852862964293188],[34.03094618115408,2.986022745160529],[34.03137570829315,2.986673234673217],[34.031638578797185,2.9866199281232078],[34.032588548139415,2.986425638338585],[34.03258850333822,2.986427296392854],[34.0325925377742,2.986426478264308],[34.03257361935845,2.986978538356584],[34.02936669370361,2.998959345088824],[34.01609196527454,2.999759296971901],[34.01609188184116,2.999759287779838],[34.01609181722969,2.999759291684533],[34.01569993453268,2.999716105969121],[34.01047659335513,2.99914063746824],[34.01116944511192,2.9954401417366667],[34.01117784270841,2.9953948767421386],[34.011055690128025,2.995273663809264],[34.0087316752651,2.992971525763633],[34.00873374570551,2.992969580731141],[34.00873180144405,2.99296765142573],[34.00945510896899,2.992291054765223],[34.009449104537474,2.992155012563679],[34.0093123894621,2.989065331638794],[34.009312731600886,2.9890652155569604],[34.00931273093728,2.989065200521707],[34.00934393743606,2.98905462795114],[34.011053557353144,2.98847458317155],[34.01341461504075,2.979947131728968],[34.01341469493564,2.97994704715229],[34.013414816533,2.979946607846828],[34.01437519685346,2.9789295403996445],[34.0121439486799,2.975526197183093],[34.01241569152335,2.975060619416348],[34.01330876983297,2.973529341880807],[34.01272499879297,2.972109575970307],[34.01272509598103,2.9721091941985414],[34.01272506555653,2.972109120410062],[34.012738060604484,2.9720582668837725],[34.0137997877073,2.967887616609059],[34.00347239522748,2.963937039999183],[34.001243749442274,2.9651358001695636],[34.001205381592825,2.965165573976088],[33.99945925408749,2.9665209819879275],[33.99867424803925,2.969832271015043],[33.99979602132374,2.972204048290145],[34.00165869420166,2.97306781991155],[34.001658014135906,2.9730689014606115],[34.00165890738587,2.973069316248283],[34.00125645371333,2.973707526914583],[34.00062645685964,2.97470944842892],[34.00072847259658,2.978025519853416],[33.99744693655235,2.9789255574663236],[33.99737132536696,2.97894635596777],[33.99737123628954,2.9789463200247472],[33.99737106035666,2.978946368278432],[33.995470042156896,2.978179845574009],[33.98993749778074,2.973018618852792],[33.98090240992297,2.962960576594327],[33.9795085025617,2.970628227789106],[33.97988822893721,2.977099395386121],[33.9786749015733,2.9782905053319184],[33.978756129195936,2.978896757862354],[33.97900782914685,2.980763769733435],[33.974915564451635,2.993778055326154],[33.97972734892589,2.996403588946402],[33.97835180643281,3.000530023771443],[33.97826182586538,3.0008001959824715]]]}},{"type":"Feature","properties":{"n":"Lokwakial","c":"306108","d":"Kotido","od":"Kotido","dc":"306","k":"LOKWAKIAL","a":["LOKWAKIAL"],"lat":3.064932,"lon":34.190296},"geometry":{"type":"Polygon","coordinates":[[[34.14935653615244,3.012643461028119],[34.150655037049106,3.014736369735461],[34.14921374781203,3.016383853689301],[34.15026335606887,3.016991344453332],[34.15002752351592,3.018703830827462],[34.150612863892604,3.019120429912004],[34.14993472493991,3.020003018477703],[34.150612901481814,3.020467569608825],[34.150562455158735,3.022217552540051],[34.14974198972053,3.022801265593174],[34.15055486916773,3.023964030877033],[34.149042427207355,3.025492434287305],[34.149770323807275,3.025486197642649],[34.14950642190114,3.02725561032493],[34.15094837354383,3.029585101927901],[34.15318541195883,3.030594609062715],[34.15312796076667,3.031964564737603],[34.154574734269964,3.031983881854535],[34.154136851970534,3.032678400698177],[34.15487892981818,3.032640587894943],[34.15574519909466,3.034704835824509],[34.155050612604484,3.03496279431502],[34.15663802829331,3.036302792111905],[34.1557739205262,3.03729455876779],[34.15676293059192,3.038398246559371],[34.156317389152306,3.039723512440804],[34.15757244516545,3.04017835655097],[34.158206479447706,3.042880030068459],[34.1650048716539,3.039244072533398],[34.16757426692241,3.036101361779381],[34.16871247779672,3.036178315157628],[34.17405777101485,3.041802540246512],[34.17405148909039,3.045278459856174],[34.17576433161672,3.048525708513574],[34.17484385006302,3.050967750625575],[34.17541338096983,3.053426479540719],[34.17393584651215,3.055926071170321],[34.17413572146533,3.058651339307583],[34.1720084829731,3.061144231818689],[34.17143741146796,3.063409476004493],[34.173740730056494,3.066455181860575],[34.175871587100815,3.066799656890329],[34.17530165614766,3.068320378921873],[34.17214144401278,3.071014308767947],[34.1580888740894,3.076140865344262],[34.162238273490495,3.083050668800283],[34.16182938653485,3.084402341024057],[34.162560223322686,3.085104724572588],[34.16201022768819,3.085620633797924],[34.162705494710416,3.086032388987605],[34.1632657578526,3.089168439972767],[34.16147722631666,3.092559143759653],[34.16212463175957,3.095908356753979],[34.16077290596777,3.097584564470498],[34.162524017875484,3.101887648635439],[34.16277134188372,3.105276013156983],[34.16180083321667,3.107102406903848],[34.163247484004735,3.108854019799998],[34.16381822579382,3.111649758029357],[34.16317140445511,3.11269890021522],[34.16408477414839,3.1140882849167],[34.16395186601214,3.11751492839511],[34.164922714379415,3.118848774282036],[34.164732327985604,3.124672344505982],[34.1659697664652,3.125814502712899],[34.19665749666871,3.128964890442649],[34.214625438803495,3.130006071974217],[34.2140192628791,3.122384876060657],[34.2110305029596,3.121373499908997],[34.21260120945833,3.11780637435023],[34.21027884442002,3.109965968790373],[34.211488626576916,3.103091160395806],[34.2097049065861,3.099609036239829],[34.207414226697736,3.091095126579715],[34.209400730709696,3.089499526969181],[34.20935317260722,3.088414615186207],[34.2077160750135,3.087491274412156],[34.2059749353145,3.088928031010794],[34.20504460745893,3.088833824857584],[34.204308774756264,3.086014657470512],[34.20554126110037,3.084107684911186],[34.2064835143564,3.084336094273567],[34.20706885704883,3.083436664892302],[34.20581244162893,3.082808044782038],[34.206911811577065,3.080167285047902],[34.205370195349836,3.076726084683263],[34.20719742723864,3.075784228757778],[34.20895338951567,3.072671984315709],[34.207725628987106,3.06706121726813],[34.20943879924482,3.053926588866424],[34.209082037265986,3.048186633873603],[34.210994966594086,3.041534358625286],[34.20924711961203,3.041249706920373],[34.2089544740017,3.039731151266269],[34.20734438097233,3.039805035671274],[34.20540219627385,3.038147696646786],[34.20404016991677,3.038706955071235],[34.204158927724805,3.037130475726764],[34.202446916031604,3.036792970769091],[34.20076224783907,3.035022669437624],[34.19999154101462,3.035464906390379],[34.19834947349172,3.032802634310543],[34.19585117716672,3.032787485089734],[34.19578203180533,3.030059708249238],[34.194045558305426,3.028418862126693],[34.192986165136006,3.024122952659216],[34.19008478494042,3.021649613796491],[34.1885365772472,3.017829279444978],[34.18726070867318,3.02078181811325],[34.186334406298116,3.021004307144553],[34.185419489760214,3.018983318995675],[34.18326488803783,3.021552577721041],[34.18169078957647,3.018442826813186],[34.18206206149305,3.017082127898731],[34.18075780684468,3.017489844135924],[34.180187046734886,3.016511057425834],[34.175961126542305,3.014198221545594],[34.174048736576246,3.014198034810561],[34.172605185393444,3.012865593858543],[34.17216350243778,3.008458957698273],[34.17120305860195,3.00802248770837],[34.17148773508648,3.00586058780198],[34.170079081323884,3.003271028979],[34.170583539257116,3.002082001552801],[34.16952411134267,3.000627945127165],[34.167237994671616,3.003025207483441],[34.15437039770092,3.003437030831971],[34.15358792971604,3.003399499387994],[34.15260447397686,3.000850740836779],[34.15151944461632,3.003620432366509],[34.15200382956977,3.004406212441985],[34.1507387919115,3.005341157238549],[34.1494493122055,3.004991003263595],[34.15047668265184,3.006183778612066],[34.14877116804472,3.007382358280822],[34.149328070252544,3.008094116515009],[34.1485284633732,3.009952174835147],[34.149862689628115,3.011021848948944],[34.14935653615244,3.012643461028119]]]}},{"type":"Feature","properties":{"n":"Loletio","c":"306109","d":"Kotido","od":"Kotido","dc":"306","k":"LOLETIO","a":["LOLETIO"],"lat":2.975261,"lon":34.165859},"geometry":{"type":"Polygon","coordinates":[[[34.1462605138,2.9601022399],[34.1481041962,2.9606095596],[34.1473015606,2.9657531897],[34.1447547513,2.9696065174],[34.1479825973,2.9699177129],[34.1502536567,2.9759788219],[34.1524254106,2.9757120835],[34.1611086642,2.9873985111],[34.1600558298,2.9901756316],[34.1630288878,2.9927697785],[34.1626789836,2.9935730475],[34.1646491729,2.9958573252],[34.1661338077,2.9964426834],[34.1672791466,2.9956581846],[34.1679328249,2.99681386],[34.168218555,2.996400315],[34.1690177894,2.9985141925],[34.1684325193,2.9991267115],[34.1695241184,3.0006279224],[34.1696204212,2.9937507454],[34.1813533269,2.9905906579],[34.181463931712926,2.989664186696514],[34.18146346020985,2.989649355263709],[34.17845318258505,2.987694566516079],[34.176925568698124,2.982612041572585],[34.17692565077265,2.9826118526861918],[34.1769256362,2.9826118042],[34.17763150883999,2.9809873903429436],[34.17913608570922,2.977524755884673],[34.179600071693855,2.977155948610561],[34.18007333682329,2.977860348281488],[34.18009295443134,2.977889107097714],[34.18084754608172,2.977364400727477],[34.182359154472536,2.97631302168456],[34.18200019003345,2.975708556304819],[34.1814678084,2.9748131256],[34.18146816452836,2.974812670907976],[34.18146793393449,2.974812282607647],[34.18247275016339,2.9735300516945813],[34.182717003641365,2.973218197540125],[34.18288373853553,2.970969343401624],[34.18408034552017,2.970916548994671],[34.18501419050323,2.9675704737124304],[34.18610318340041,2.95416613962504],[34.1861148464766,2.954022553692027],[34.18611484877645,2.9540225513628977],[34.1861148581,2.9540224366],[34.1844424218,2.9537506549],[34.181326767,2.9549525225],[34.1801059614,2.9536733032],[34.1770777913,2.9535419879],[34.176382105,2.9517042977],[34.1750971995,2.9513414314],[34.1731522503,2.9520730899],[34.1716588777,2.9512165077],[34.1705751994,2.9517979778],[34.1698802272,2.9506692336],[34.1680598232,2.9502409378],[34.1640921957,2.9514663517],[34.1621236601,2.9537682584],[34.159458191,2.9528464403],[34.1587867883,2.9534583282],[34.1582089719,2.9526560837],[34.1555439806,2.9530605905],[34.1548825824,2.9539826836],[34.1532656462,2.9534532034],[34.1525922045,2.9546434573],[34.1500652717,2.9545120628],[34.1477752906,2.9566058966],[34.1443307703,2.952965413],[34.1417823726,2.9583580924],[34.1440302127,2.95813957],[34.1462605138,2.9601022399]]]}},{"type":"Feature","properties":{"n":"Longaroe","c":"306110","d":"Kotido","od":"Kotido","dc":"306","k":"LONGAROE","a":["LONGAROE"],"lat":3.105594,"lon":34.034819},"geometry":{"type":"Polygon","coordinates":[[[33.983695528095204,3.0971697650270023],[33.98369609027318,3.097170508724012],[33.98338638157373,3.097870693408317],[33.983154032300334,3.0983974992715284],[33.98372636759384,3.099824682952295],[33.98439568557422,3.099783283958416],[33.98417432530967,3.1023980416627874],[33.98415315565597,3.1026509835243834],[33.984156274015675,3.102657041839613],[33.9853073048405,3.10410831088155],[33.98558190212241,3.105426736573434],[33.98560923655663,3.105479841614033],[33.98559587429534,3.105493821256971],[33.985637585082266,3.105694087525905],[33.98489697474673,3.106225012327901],[33.984884507393,3.106238055715535],[33.98488851403908,3.1062628805488033],[33.98530632269458,3.107758637156148],[33.9880790960321,3.111418849395424],[33.98815904380852,3.1119984443205997],[33.99058122171272,3.1150274975206216],[33.99058466652501,3.115030868895884],[33.989906728714764,3.118656601113138],[33.99071315698741,3.119785032376397],[33.99066923971873,3.120554695918185],[33.9906062377028,3.121674112883688],[33.99165542911373,3.121790925215203],[33.99165741911661,3.121795104235681],[33.99165765374981,3.12179513066156],[33.99206343724061,3.1226477452379373],[33.99251202871543,3.1235897905854],[33.991931768061,3.1245732912467745],[33.99255769575422,3.124376830147324],[33.992960161883296,3.1252142935484413],[33.99395398281342,3.12583124518027],[33.99471102675822,3.133565645185376],[33.99616688281584,3.133997555207187],[33.996166938143354,3.133998255218643],[33.99616717728238,3.133998325668082],[33.996293149129286,3.135595094393817],[33.99642418200975,3.137252940857866],[33.99701033842686,3.1376315160045327],[33.99799430937698,3.13826630784218],[33.99879380587744,3.139965238574318],[33.99885448582625,3.140216627033045],[33.99955029370829,3.141792701126649],[34.0003300722172,3.14632977306923],[34.000592678111616,3.147417712204731],[34.000963869432525,3.150016209029753],[34.000963710770975,3.1500165426726823],[34.000963726464946,3.150016633986645],[34.00029347920583,3.1514282143355676],[34.000564182198616,3.1519181676558627],[34.00110662309727,3.152895250178755],[34.001103807401705,3.152894851205797],[34.00110664257444,3.15289998266845],[34.00053617679361,3.152818252805829],[34.00056986594919,3.1530408020657714],[34.00077827628593,3.154413325295948],[33.998805700751895,3.1571204954844063],[33.99967899477261,3.159465662480478],[33.99967864519435,3.159466567431554],[33.99967896600377,3.15946729889478],[33.99823570341002,3.1637035431016836],[34.03317330825271,3.16836761016249],[34.05113832683386,3.169438400415853],[34.06184589472528,3.172055812005419],[34.06676294090406,3.174404449856207],[34.06760016711542,3.172843874538742],[34.06958021895977,3.17244377861605],[34.06756511279554,3.170620866865291],[34.06985623466309,3.170140460201924],[34.068789955915335,3.169844836115133],[34.06879223079583,3.168113512988107],[34.09687135524376,3.173299528492501],[34.09980164431468,3.151848524345069],[34.10236167520357,3.142936952127579],[34.1033253585036,3.13451366070074],[34.10330156146773,3.13177728387796],[34.10008925556403,3.119278764609785],[34.09834038927671,3.116530593694357],[34.096551704856175,3.116951904868534],[34.09626181575209,3.116049706546426],[34.09273100768096,3.115771163680991],[34.092115487663726,3.114687423053573],[34.089548083104,3.114833455279989],[34.08849881844389,3.112986147805004],[34.086690245853305,3.112571428383954],[34.08512713618109,3.110355087394457],[34.085488997550264,3.108167639606707],[34.08361366869036,3.107033177524386],[34.084422999051625,3.104179662060624],[34.082597538918755,3.104208551862746],[34.08098718461679,3.102836800599689],[34.08059682546695,3.100981666313839],[34.07963635871679,3.100733989065712],[34.0797307042503,3.09943978015677],[34.07833629096274,3.098759958470714],[34.077849024963896,3.097218315168792],[34.07654984131352,3.096790013724991],[34.0755078960086,3.097899282787992],[34.07465102831502,3.09586202085874],[34.07246828856942,3.095435288087259],[34.07235246977031,3.093520629385789],[34.07125696702326,3.093012777892096],[34.0703406045046,3.089312555275405],[34.06868701407186,3.088217711214148],[34.070935468290514,3.085898025970931],[34.070304914787975,3.08470830026608],[34.06884119893477,3.084957548187393],[34.06815931068871,3.083925683996144],[34.0691824030161,3.081117608197949],[34.06907532522509,3.078309846481091],[34.067088605788015,3.073681055129517],[34.06824251512756,3.07010070701075],[34.06452324187407,3.06801397498881],[34.06084883901123,3.068584603805145],[34.059345607791904,3.066814715050176],[34.06060121687645,3.06631973261069],[34.061934258674206,3.06749998009863],[34.06124897143157,3.064892100645682],[34.05582420087366,3.064111673295257],[34.057441832974554,3.063388276726283],[34.054911182777005,3.061942445368653],[34.054548583144474,3.060153050188182],[34.054677813885235,3.056035762495004],[34.05574837121679,3.053059017275253],[34.05479162375356,3.052257845939315],[34.05519871763179,3.050974610849783],[34.05205947929553,3.050156120618229],[34.05273882020726,3.049283686676251],[34.051206051175996,3.04862000565081],[34.05181322089014,3.046586647477308],[34.05111128293651,3.045414767221873],[34.04974284635318,3.046747137941936],[34.04942781359648,3.045105438034054],[34.0463097608778,3.045508760404916],[34.04617282552551,3.04414657020369],[34.04283586711298,3.043694728468487],[34.043097074157956,3.042843884516286],[34.044596317270916,3.042956775618232],[34.04395370688703,3.041054332763975],[34.04523282517035,3.038602370360203],[34.04299063364605,3.039482722932723],[34.041782611312414,3.038513141928495],[34.04128187924732,3.040297484795685],[34.03782675204363,3.036871312992762],[34.03635780056236,3.037729315088299],[34.038232685677166,3.044549242520676],[34.03839532238995,3.048709929446394],[34.027495785109494,3.052634636687604],[34.01379042510961,3.055202686751986],[34.0138962451454,3.056238669811169],[34.0124701217491,3.057629413383204],[34.00886494157722,3.059485716834998],[34.007401570860964,3.062590911784643],[34.00558125342024,3.067552230275186],[34.00322563391776,3.081114727095903],[33.999132393459476,3.088405855870297],[33.993649413340165,3.088782137607813],[33.9837223034784,3.090933173421927],[33.98200733155981,3.0919146761245875],[33.98131381649646,3.0940179791693123],[33.98369570709388,3.097169359183034],[33.983695528095204,3.0971697650270023]]]}},{"type":"Feature","properties":{"n":"Maaru","c":"306111","d":"Kotido","od":"Kotido","dc":"306","k":"MAARU","a":["MAARU"],"lat":2.990665,"lon":33.838193},"geometry":{"type":"MultiPolygon","coordinates":[[[[33.710821519525474,3.0670892830097993],[33.72342233043135,3.070406137305206],[33.731517175648996,3.06968143193635],[33.73830973049416,3.067806287493796],[33.746982536654265,3.06093981339261],[33.74698295129028,3.0609396361927255],[33.74698342258395,3.060939263065632],[33.74986047674232,3.05970988971358],[33.75277213410235,3.058465556536811],[33.75277255522555,3.0584655503687848],[33.75277281046147,3.058465441305756],[33.75966692281149,3.05836455533937],[33.75966697578266,3.058364570498533],[33.75966706711299,3.058364569160853],[33.76759330900781,3.060632816941575],[33.77717744278086,3.06092344037146],[33.78227654438201,3.0586019848091097],[33.7829572352186,3.058292077081104],[33.78659713170848,3.0553510432207505],[33.790095328422716,3.052524489901393],[33.79009536734031,3.0525244712362753],[33.7900954774175,3.052524382293976],[33.79569204888209,3.049840147318002],[33.79814772473806,3.047099109109457],[33.79814915329387,3.0470990588055713],[33.79814921568759,3.04709898919648],[33.81072763334383,3.0466561314703453],[33.814366126357285,3.046528008834837],[33.82104765490344,3.045328790066587],[33.83852217110996,3.047270299846824],[33.850531973893325,3.043291997833431],[33.857692219756956,3.044448677857733],[33.85771604191235,3.044452523230493],[33.865327504006885,3.043382045898461],[33.8658659084252,3.03886082988769],[33.871160185473,3.033150105425243],[33.87644781446268,3.025600542616195],[33.88161137137278,3.02552916512252],[33.881881141150444,3.025600619412554],[33.88246713448205,3.025600477666762],[33.886010828757726,3.026694455418166],[33.886013241378954,3.02669509445245],[33.886013412894286,3.0266952531698],[33.88601342746222,3.026695257667082],[33.88605531124564,3.0267340251864536],[33.88889341224892,3.0293603552401875],[33.888899053088856,3.029361816651984],[33.910569390927904,3.034809086406474],[33.911399671742444,3.0351912090692967],[33.91313862741557,3.035641732460276],[33.914306911730435,3.0365292169651985],[33.914757127780945,3.036736421266506],[33.91868323920349,3.039853513288296],[33.92362783244542,3.051787053529333],[33.920408639513326,3.05704681555348],[33.91938622207882,3.057092689446932],[33.9199329798819,3.0586665741879955],[33.92002544180167,3.058932434458339],[33.921084349998495,3.059534467495418],[33.92577373063927,3.0622004698816507],[33.93302318289083,3.063512954776374],[33.93637043545471,3.0677402955819755],[33.93992277799637,3.072226536075308],[33.939922784022265,3.0722266579848],[33.939923553810054,3.072227630171769],[33.93998452389733,3.073446586018067],[33.94289794749131,3.073685153123583],[33.9428985338741,3.0736854325912075],[33.942898629886194,3.07368544043693],[33.94301891701255,3.0737428066994235],[33.94539312263594,3.074874343325851],[33.94388372747377,3.079363722760536],[33.944787665276216,3.084289634716519],[33.94797575089092,3.088882048403421],[33.94773204824776,3.0890867810424694],[33.94773782695953,3.089096194707183],[33.94774999291392,3.0890946306226645],[33.95191390249268,3.088555271498345],[33.953390314617955,3.087144042810814],[33.952823916909146,3.086857127464129],[33.95282473871255,3.086855508032972],[33.95282473582037,3.086855506576542],[33.95282571363419,3.0868535868697475],[33.95347112925481,3.085581742337322],[33.953483860458896,3.08557853679414],[33.95446503918098,3.085299944320981],[33.95454233205042,3.0853120281144117],[33.95515837794767,3.085156916177499],[33.955159491043524,3.0851576193816945],[33.95515997363994,3.08515707060226],[33.956241666845635,3.0858411566070965],[33.95710703953737,3.084364550296478],[33.95894609175319,3.0844770102093633],[33.959090778879506,3.084485774423741],[33.95909081904409,3.084485860430356],[33.959091506416264,3.084485902463863],[33.95938758369236,3.085112338356194],[33.962210980379936,3.084543011152492],[33.96377510758156,3.0858487722747356],[33.96408899642812,3.0856382457677634],[33.966203720677235,3.084217025394396],[33.96620523041244,3.084218879155827],[33.96620619473313,3.084218232382076],[33.96647918594655,3.0845552614571443],[33.96716705370437,3.085399874945747],[33.96869263131508,3.08491658444316],[33.96907535271414,3.0854964886114624],[33.969819801548084,3.08662396638514],[33.971033805961355,3.086694173346531],[33.97131673019575,3.08671029736652],[33.97131682347003,3.0867105405022737],[33.97131955349942,3.086710698382316],[33.97132419024056,3.0867297432809835],[33.97157719602303,3.0873892472023794],[33.97453658213277,3.087605376171822],[33.97510786097341,3.0886426598972028],[33.97652555852889,3.08818120180889],[33.977762874914895,3.0886418242985707],[33.97829018764943,3.088641630421006],[33.979669340565025,3.0893515546183057],[33.98151553917663,3.090038849000357],[33.981826394956826,3.0904619065526817],[33.98239058887211,3.090752327511733],[33.982281931183614,3.0910818662039885],[33.982456896194115,3.091319983922231],[33.98208462169257,3.0916802694329903],[33.98200733155981,3.0919146761245875],[33.9837223034784,3.090933173421927],[33.98990932954645,3.0895925501347317],[33.99064190308384,3.089372215299509],[33.99123970914772,3.0893042795092875],[33.993649413340165,3.088782137607813],[33.999132393459476,3.088405855870297],[34.00322563391776,3.081114727095903],[34.00557764178394,3.067573024298071],[34.005581228243955,3.067552375039147],[34.005581228306184,3.0675523748695332],[34.00558125342024,3.067552230275186],[34.007401570860964,3.062590911784643],[34.00886494157722,3.059485716834998],[34.0124701217491,3.057629413383204],[34.0138962451454,3.056238669811169],[34.01379042510961,3.055202686751986],[34.013792240320214,3.0552023466258094],[34.01379223129267,3.055202257816005],[34.025759463085954,3.0529599810699755],[34.027495785109494,3.052634636687604],[34.03839532238995,3.048709929446394],[34.03838790783195,3.048520245001738],[34.03811280488509,3.0441131740405094],[34.037829051398404,3.0430810157644803],[34.036238848316145,3.038514004124763],[34.03640607658322,3.0379049199594617],[34.03635780056236,3.037729315088299],[34.03647271919773,3.037662192088511],[34.03690506580172,3.036087485401574],[34.03550120919651,3.035254671810475],[34.037069477874184,3.032485561739548],[34.035725417012316,3.025546335897117],[34.03662451016712,3.021155413866159],[34.035782183821084,3.019270884953952],[34.03239862186989,3.017557643050399],[34.03101397814493,3.015445968444534],[34.032077361114844,3.014638068892937],[34.031713304414794,3.013367441301196],[34.028754746094194,3.0113811325268514],[34.026932164026114,3.012647925447918],[34.02586720705719,3.0133882003152213],[34.02240720171769,3.017690435815369],[34.02231357892244,3.0161980281468055],[34.02230257570738,3.0160251147318533],[34.021695602126755,3.015964346834099],[34.02039979818218,3.015835073416013],[34.02039960650095,3.015834596656838],[34.02039904282017,3.015834540223252],[34.01973217736436,3.0141775423041843],[34.01915132417762,3.0146688851220778],[34.01856714515532,3.015164243929962],[34.018566119706975,3.0151639086843396],[34.018565675004005,3.0151642848579],[34.017385931464844,3.014809151243642],[34.01738138124788,3.014776586998576],[34.01733955155256,3.01476291178783],[34.017042990918284,3.0123548506914837],[34.01704213392173,3.012348717479353],[34.017042214115364,3.0123485430812598],[34.01704211802333,3.012347762817618],[34.01726641225394,3.0118609766184212],[34.01766002380062,3.0110049847231912],[34.0176554211058,3.010998818531359],[34.01575824629781,3.0093838855394166],[34.01434750368334,3.009022381985365],[34.01410171101076,3.0091732556082],[34.00979966696129,3.007856996378237],[34.00978079632684,3.007852160768003],[34.00864354403526,3.0033670532264947],[34.00472697743653,3.0069975835720655],[34.00470713768229,3.007017123389689],[34.005230412433775,3.008499774258862],[34.00523003088609,3.008500190326858],[34.00523018787181,3.008500635091599],[34.00497656163956,3.008776592057345],[34.00408906602335,3.009744383327819],[34.005591888436406,3.012440708598628],[34.00559172450906,3.0124407739010257],[34.00559330521723,3.012443608796271],[34.00480867266318,3.0127539911855403],[34.00489101671115,3.012903907162069],[34.005593306861336,3.014180617803948],[34.00559272525543,3.014181441170279],[34.00559307572356,3.01418207923427],[34.005409636097376,3.0144406363520697],[34.00433369761885,3.0159638181313833],[34.00468565540972,3.017034956298651],[34.004938953698634,3.017803343063711],[34.003738347985454,3.019248975002329],[34.00496271944019,3.020605277953652],[34.00496180112059,3.0206067485801076],[34.00496214842234,3.020607133723924],[34.00458306267444,3.021213272468574],[34.003182519671974,3.023456146928419],[34.00318042859625,3.0234560127036674],[34.00318028965172,3.023456234868876],[33.99754819928837,3.023094499618935],[33.99754816639914,3.0230944815605754],[33.99754796035219,3.02309446833456],[33.992312330600654,3.020219879614455],[33.98803018453861,3.019194373270762],[33.98507948956796,3.018487793738308],[33.985079379605004,3.018487702098277],[33.98507921072269,3.018487661653631],[33.98479316349217,3.018249177654418],[33.984051661727385,3.017631230976572],[33.98453087251548,3.015676656979871],[33.982025677937294,3.015262734923859],[33.978862062328055,3.013099685994422],[33.978860146382885,3.013098377824209],[33.97823820650809,3.014498290620382],[33.97823428134386,3.01449831021508],[33.97716601235552,3.014742764178451],[33.97249081173338,3.014526982021939],[33.97247617558535,3.014527055086626],[33.97166321926487,3.0152536372147396],[33.97052414895146,3.016271981133834],[33.970523639468006,3.016272140045826],[33.97052344538607,3.016272313507133],[33.96946882145194,3.0166011462786835],[33.96642399768312,3.0175508513298244],[33.96567319376179,3.0184399144406875],[33.96246158868649,3.022243985812779],[33.96245087304238,3.022242347625799],[33.96016966461576,3.022127978773328],[33.959229964553785,3.021749941355434],[33.95812356538743,3.021580797187269],[33.95215111977098,3.019201333990617],[33.94970027735873,3.017916426964024],[33.94979493372118,3.016679862821972],[33.946963894698555,3.017511916457913],[33.944656499407415,3.01589442238865],[33.939911226019056,3.0152643073228993],[33.93963565356351,3.015227739928695],[33.939635561863334,3.015227702448239],[33.93963527708907,3.015227664633651],[33.937022743057405,3.0141597694958686],[33.93637561986933,3.013895271944329],[33.93637556416155,3.0138952297089117],[33.9363751358852,3.01389505464737],[33.93486529811859,3.012750206170912],[33.93421036763214,3.012253663971455],[33.934210319313244,3.0122535624228246],[33.93420998651314,3.012253310074062],[33.93304384108085,3.009803265363651],[33.92961762358381,3.008945855464769],[33.92906951109102,3.0086155809115476],[33.92573691274273,3.006607580935197],[33.92573693935275,3.006607482836011],[33.925734579412406,3.00660606081361],[33.92921100844551,2.993792856125848],[33.93315201298375,2.992441713385405],[33.93315316756381,2.992441921853607],[33.933153167568314,2.992441921852063],[33.93315431984211,2.99244212990621],[33.94125898747472,2.993905489226286],[33.941259086846756,2.993905523753056],[33.94125912450284,2.993905530552226],[33.94131871450722,2.993926241357481],[33.9509778650907,2.997282308983078],[33.955653686999945,2.99043068667425],[33.95855662697545,2.989193367926444],[33.96185886590087,2.989000574614532],[33.96011279792183,2.984649186297722],[33.95868514258991,2.974584314416362],[33.95640027159321,2.968338060041392],[33.953938096404116,2.967345741858326],[33.9449074998574,2.9590650649391383],[33.94470088925448,2.9590024447029037],[33.940660705650416,2.957780308500278],[33.94066052282127,2.957777876859146],[33.94066044734977,2.95777785398499],[33.94064814858639,2.957613298621859],[33.94030378888034,2.953033289113003],[33.941338275946656,2.951998035296368],[33.94094624200543,2.950820390471481],[33.940948397669004,2.9508183581273846],[33.94094828158283,2.950818007331042],[33.94158306461591,2.950219998699147],[33.94280195839804,2.949070834416817],[33.94233822638022,2.946501669054727],[33.94233921881949,2.946499882665828],[33.94233921718982,2.946499873614067],[33.942362566286896,2.946457857266501],[33.94323052293454,2.944895536862072],[33.9445488049001,2.944429987799889],[33.94376590236661,2.942325716013295],[33.945050381491775,2.941147694777551],[33.94469389351591,2.939184825866978],[33.944694610725016,2.939184392581944],[33.94469450760563,2.939183824135746],[33.94497430725287,2.939015420493517],[33.94597879066396,2.938408585431739],[33.94775445701496,2.932190410258091],[33.88470011709109,2.895011212770383],[33.87894130150349,2.8896767613686887],[33.8783004120062,2.8890831135007824],[33.87823936260789,2.8891561726167856],[33.877074086367735,2.891116739137528],[33.874060224703804,2.9082725670706395],[33.87406574688558,2.908515883730169],[33.873506218164756,2.9114261427544625],[33.8733,2.9126],[33.8732749401427,2.912629081809703],[33.873274433731,2.912631715792874],[33.87326462336899,2.9126410543619152],[33.86522047001331,2.921976244675909],[33.86520257297613,2.92202846749927],[33.8685462889316,2.937097031871661],[33.86579605474934,2.943656655892602],[33.8658,2.9438],[33.865724712803285,2.9438268146180078],[33.86564401043266,2.944019299029814],[33.86173315094381,2.946057601765418],[33.8541628818954,2.9479447269961585],[33.85298044704023,2.948365868177452],[33.80406890358403,2.983434293219221],[33.77417379072989,2.973156028365232],[33.75210069178489,2.9656002368032883],[33.75209457046947,2.9656043608610316],[33.74805041636579,2.968852522728426],[33.74727093891908,2.969932103889335],[33.74647353317599,2.9701190352586497],[33.744492375631,2.9717102506836737],[33.74380258566603,2.973336196329083],[33.74038010580363,2.9750131213704183],[33.73989267959179,2.975404609724688],[33.73798022092227,2.978796329481687],[33.73449844016826,2.9797371258331116],[33.7206,2.9909],[33.7209313121641,2.9992380227964266],[33.72171031785969,3.002300070644578],[33.72276020068277,3.014982081558778],[33.722266403272315,3.020293040472665],[33.72178607460935,3.0207495443352284],[33.7218,3.0211],[33.68737600079682,3.053347769368496],[33.68934561566854,3.054181325409781],[33.701307938628325,3.0575457176524035],[33.701310019311336,3.057546201791134],[33.706503032902,3.063736893869244],[33.710821438342464,3.067089252961217],[33.710821519525474,3.0670892830097993]]],[[[33.95409930117735,3.08541041657503],[33.954099301141866,3.085410416457592],[33.954099301174146,3.085410416575948],[33.95409930117735,3.08541041657503]]]]}},{"type":"Feature","properties":{"n":"Nakapelimoru","c":"306112","d":"Kotido","od":"Kotido","dc":"306","k":"NAKAPELIMORU","a":["NAKAPELIMORU"],"lat":2.994511,"lon":34.282563},"geometry":{"type":"Polygon","coordinates":[[[34.170583043593375,3.0020813212582365],[34.170583539257116,3.002082001552801],[34.170225521298654,3.002925864130116],[34.17007926158153,3.0032713603505403],[34.17148773508648,3.00586058780198],[34.171487617634064,3.0058614797631207],[34.17148775262831,3.005861727969007],[34.1714475477628,3.00616577975148],[34.171203178707344,3.008021575599851],[34.17216322148218,3.008458298951462],[34.17216327677012,3.008458855144476],[34.17216350243778,3.008458957698273],[34.172605185393444,3.012865593858543],[34.174048736576246,3.014198034810561],[34.175961126542305,3.014198221545594],[34.17596131626972,3.0141983253829476],[34.175961320001186,3.014198325383171],[34.17602407835728,3.014232674921371],[34.180187046734886,3.016511057425834],[34.18075780684468,3.017489844135924],[34.181717161760325,3.017189945203741],[34.18206139803054,3.017081747397832],[34.1820612231021,3.0170823899837473],[34.18206206149305,3.017082127898731],[34.18172883741682,3.0183033827756813],[34.18169084652909,3.018442939327401],[34.18176981267392,3.018598942936195],[34.18326545432109,3.021551902455547],[34.185419489760214,3.018983318995675],[34.18542051960172,3.018985593845236],[34.1854223245418,3.018983442833511],[34.1863348378914,3.0210042034799462],[34.18688125241786,3.020872959901223],[34.18726132109486,3.020780400883672],[34.1885365772472,3.017829279444978],[34.18853732097148,3.017831114647989],[34.188537663824455,3.017830321000889],[34.189147421005345,3.0193365884467847],[34.19008478494042,3.021649613796491],[34.192986165136006,3.024122952659216],[34.194045420439835,3.0284183030725873],[34.19440297304857,3.0287565940848555],[34.19578203180533,3.030059708249238],[34.195782074756494,3.0300614026679984],[34.195782155713545,3.030061479263837],[34.19580566447986,3.030992014639244],[34.19585117716672,3.032787485089734],[34.19834947349172,3.032802634310543],[34.19999154101462,3.035464906390379],[34.20039485806576,3.0352334802526655],[34.200762022656946,3.035022618025663],[34.20076213384122,3.0350227348503855],[34.20076224783907,3.035022669437624],[34.202446916031604,3.036792970769091],[34.204158927724805,3.037130475726764],[34.204158878260984,3.037131132346226],[34.20415955813234,3.037131266635897],[34.20406847476353,3.0383312155135886],[34.20404018406659,3.038706767236063],[34.20452455235656,3.038508063942074],[34.20540219627385,3.038147696646786],[34.20734438097233,3.039805035671274],[34.2089544740017,3.039731151266269],[34.20924711961203,3.041249706920373],[34.210994966594086,3.041534358625286],[34.20920095080212,3.047773108103721],[34.20908204716502,3.0481867931394158],[34.20943879924482,3.053926588866424],[34.207725628987106,3.06706121726813],[34.20895338951567,3.072671984315709],[34.208952643208995,3.0726733070598375],[34.208952681351285,3.072673481510448],[34.207198422746,3.075783012023068],[34.207197986807515,3.0757832369852602],[34.20719742723864,3.075784228757778],[34.20599790409806,3.0764025290318875],[34.205370329211725,3.0767263834901755],[34.2062827963911,3.0787631954638193],[34.20691145369001,3.080165740084645],[34.20691129279188,3.080166127014062],[34.206911811577065,3.080167285047902],[34.20603494038206,3.0822735879787064],[34.20581265174093,3.082808149907004],[34.20706885704883,3.083436664892302],[34.207053974180944,3.08345953369861],[34.20648495584167,3.084335014483434],[34.20648431720053,3.084334860634531],[34.2064835143564,3.084336094273567],[34.20554126110037,3.084107684911186],[34.205518724833496,3.0841425542975514],[34.20430900100539,3.086015524290051],[34.205044544077495,3.088833582026741],[34.2053481542184,3.0888645623791557],[34.205974835169386,3.088928020869975],[34.206276836357254,3.0886789077982444],[34.2077160750135,3.087491274412156],[34.20935317260722,3.088414615186207],[34.20935320694689,3.0884153985546248],[34.209353349874014,3.088415478984272],[34.20940178802882,3.089497731961225],[34.20940069062849,3.0894986126230433],[34.209400730709696,3.089499526969181],[34.207414226697736,3.091095126579715],[34.20965380717652,3.099419111947472],[34.20970493844498,3.0996090984337683],[34.211488626576916,3.103091160395806],[34.21027884442002,3.109965968790373],[34.21260120945833,3.11780637435023],[34.21224974573536,3.1186045598993255],[34.211031597651235,3.121373870345245],[34.2140192628791,3.122384876060657],[34.21458781469418,3.1295330398120655],[34.21462545114831,3.130006072588321],[34.21798079749122,3.130204464032671],[34.215555537804164,3.13726516923959],[34.21429672313668,3.144527402526187],[34.22998950032786,3.136261747327867],[34.23262852400481,3.134042560141585],[34.24379486006985,3.129000227601159],[34.32279869560246,3.087424597722354],[34.3320186783948,3.0897284732193353],[34.34249833125038,3.084500832434401],[34.34250548552976,3.084496099703433],[34.35017250737815,3.0855304274881723],[34.39753901146522,3.0918918091622984],[34.38899031828686,3.0742256533937615],[34.367812477929625,3.030750818514066],[34.36310642737183,3.022541518019213],[34.349073187899876,2.9922819507700673],[34.34842504276629,2.99095140893079],[34.34719625801291,2.9894468986444993],[34.299266718098444,2.9315885866762166],[34.28445074097288,2.915529209644274],[34.28154807073681,2.910575552166208],[34.281365399977965,2.9099789478124425],[34.2813,2.9099],[34.2812733865312,2.909678431061464],[34.28031328496275,2.906542730638455],[34.27695105925265,2.873693138275022],[34.27358735675095,2.8456888221810104],[34.26776382288863,2.847123009594973],[34.261643243158225,2.850060328261141],[34.25842811137895,2.8539170188317],[34.25641156910123,2.85957269216714],[34.24664361692699,2.87003016051292],[34.242337890928376,2.878166118494208],[34.23896490645604,2.887016095574697],[34.23645253456784,2.897103732175772],[34.23502305412984,2.910935522208044],[34.23377206807013,2.915667218465648],[34.22727641276133,2.924565621664806],[34.22143960487432,2.93733497302603],[34.214373248814695,2.948747944027239],[34.21111820021731,2.952143780936408],[34.20583991461371,2.95519778222603],[34.20583312712218,2.9552058375713948],[34.20210362049713,2.9596415852744484],[34.21275855973839,2.9645868364829537],[34.221379614142435,2.965932154535185],[34.22137969153227,2.9659321800192333],[34.22137972624323,2.96593218543503],[34.237548065412305,2.971255824073352],[34.237547923750235,2.9712562900929265],[34.23755115796986,2.971257355103688],[34.23497781242257,2.979711073798769],[34.23492005884677,2.979901063230894],[34.23491996139443,2.979901120688746],[34.23491937851565,2.979903035508647],[34.224016139598454,2.986330181139453],[34.21271515963995,2.996605477775275],[34.20660661015426,2.999838688722217],[34.20660636169937,2.9998384495568025],[34.20660627865368,2.999838493507558],[34.20557421702184,2.9988448957246976],[34.204055474763855,2.997382937703454],[34.20100168932235,2.9960225290844456],[34.195147001986406,2.997116599145151],[34.195146632778076,2.9971164990773804],[34.19514556885661,2.997116697987485],[34.193024022739316,2.9965412009710737],[34.19254852857335,2.9964123261950912],[34.19241159337919,2.996440878080978],[34.19035965416329,2.996869119922591],[34.188752437363995,2.9953936110473602],[34.188617986764626,2.995270226034635],[34.182631166641066,2.993223788466566],[34.18152487917362,2.991581328297626],[34.18150319970895,2.9908993867838465],[34.181353333324225,2.990590667561372],[34.16962041917711,2.9937508898589984],[34.16952422979895,3.000619967176314],[34.169524120309205,3.000627936973381],[34.17058307572477,3.002081245357113],[34.170583043593375,3.0020813212582365]]]}},{"type":"Feature","properties":{"n":"Napumpum","c":"306113","d":"Kotido","od":"Kotido","dc":"306","k":"NAPUMPUM","a":["NAPUMPUM"],"lat":2.911303,"lon":34.135723},"geometry":{"type":"Polygon","coordinates":[[[34.09652753377534,2.913583035307491],[34.09692614019782,2.914397527791593],[34.09830613518191,2.917213762530696],[34.10047797368319,2.9173432547564304],[34.10055657508186,2.9173478562157573],[34.103544212586165,2.91592493106582],[34.10505744010578,2.916412847419818],[34.105171604221816,2.9164495374488726],[34.107970725959625,2.914548889094588],[34.10797409064216,2.914551088426439],[34.10797421831197,2.914551001933757],[34.10813761323648,2.9146579753158766],[34.10961611192593,2.91562439910953],[34.107327524301965,2.918270585830401],[34.10864027685074,2.919909950726327],[34.11222281817851,2.918139534668519],[34.11492682503601,2.920518849062796],[34.11632298848977,2.919915960634451],[34.1163239195946,2.9199176691896898],[34.116324293438915,2.919917507727947],[34.11649288222268,2.9202277115967368],[34.1173353534177,2.921773626217847],[34.11758358255831,2.9217864004430036],[34.119013271139536,2.9218593296476603],[34.11954130356579,2.920565032951691],[34.11954539909338,2.920554970490691],[34.11884522541851,2.918945133451693],[34.119643591790094,2.915612954065303],[34.118389487878964,2.914329562286584],[34.121672016802165,2.913196362137075],[34.12441315020979,2.914652589289393],[34.1226254500137,2.916840397447781],[34.12484483143037,2.918089937447053],[34.12278898472683,2.921216537077535],[34.121806395851166,2.920252179799365],[34.121001826479194,2.92341865428772],[34.117667100609246,2.92463386396969],[34.11772513440161,2.92616323456822],[34.11774798754152,2.926764156878539],[34.11876162217862,2.926950973549745],[34.11876082845723,2.926954417485705],[34.1187614812207,2.926954539326041],[34.11846798770016,2.928225045734759],[34.117919292615994,2.930605819097782],[34.116993566204776,2.931334808400182],[34.1152242787298,2.932728470858054],[34.11522413314257,2.9327281982376476],[34.115220991612425,2.932730672123927],[34.114694348407035,2.931757359618207],[34.11318140991039,2.9331348926493486],[34.1087525446001,2.937230919470722],[34.11460721060239,2.938460085359948],[34.114377677679926,2.939001325294337],[34.1179953151016,2.941730473564164],[34.119820672334875,2.94082513438909],[34.12067934510097,2.941402107159206],[34.12162223588859,2.940488733410227],[34.122620983080715,2.941145125817266],[34.12217546342006,2.935201842941551],[34.1252926039761,2.928526721899157],[34.12292250882744,2.927650698673118],[34.12332672560005,2.925878356602124],[34.127014568347086,2.925765350991273],[34.13167285626402,2.923789275335317],[34.13138378985619,2.92714909310525],[34.13209029094528,2.927126644085012],[34.13233980548195,2.928844375955467],[34.13429072323371,2.929997991208479],[34.13309033664115,2.931558476987288],[34.134230774939994,2.934690141557524],[34.132888624081126,2.940423739551141],[34.136553627424654,2.941767573875337],[34.138350829152984,2.937616353069179],[34.13765603179561,2.936945040497093],[34.137450877855954,2.925760600854302],[34.134452773795616,2.924741271441088],[34.13052226515845,2.920265727056833],[34.130237039958836,2.917789441854744],[34.13279510092801,2.913720016100139],[34.14367186304279,2.912211061056427],[34.15360369095681,2.913887204657796],[34.155504216341846,2.910055962395071],[34.16343098298195,2.901663652444959],[34.16743035443764,2.896265321557925],[34.146877351156284,2.891943637472191],[34.13664920777154,2.885057698669713],[34.13368542503068,2.880867977497777],[34.13298168605452,2.8842455817517947],[34.132079044602385,2.888577887700071],[34.129662839155614,2.893448715939129],[34.12441988137419,2.89561759332786],[34.122481197991675,2.898504826117001],[34.12247977907713,2.8985052388076826],[34.12247957216299,2.898505546842622],[34.11997709229231,2.8992331441775523],[34.11686578167281,2.900138067526733],[34.11682658887825,2.911234621308864],[34.11682544288501,2.911234915768544],[34.11682544106868,2.911235429993771],[34.11460188807606,2.911806251806409],[34.11327832903018,2.912146336511363],[34.11139208541329,2.90835386692314],[34.11071588230618,2.908698228387521],[34.10985440432345,2.909138039777967],[34.11096659755841,2.909730280242761],[34.11096709005758,2.9097315690847503],[34.11096750288745,2.909731789141391],[34.11102732931054,2.909889211743291],[34.11217622845805,2.912895814699412],[34.110563948805776,2.913395093891908],[34.109268950050605,2.912538503244521],[34.10908093259974,2.9125539974096215],[34.10744209863145,2.912690774489695],[34.10744144715157,2.9126891043270735],[34.10744080117062,2.912689157561151],[34.10685824279402,2.9111939758445713],[34.10611288365359,2.909283140189615],[34.103651368814084,2.909426437320363],[34.099891390931106,2.910960508235957],[34.09789240552487,2.910404026197956],[34.092947811329005,2.911371041980775],[34.09510127305234,2.913951954975441],[34.09516359195369,2.914026363092273],[34.096525674012746,2.913580273529617],[34.096527097117054,2.9135831777400263],[34.09652753377534,2.913583035307491]]]}},{"type":"Feature","properties":{"n":"Panyangara","c":"306114","d":"Kotido","od":"Kotido","dc":"306","k":"PANYANGARA","a":["PANYANGARA"],"lat":2.84283,"lon":34.194954},"geometry":{"type":"Polygon","coordinates":[[[34.133665372601776,2.880964219387807],[34.13368542503068,2.880867977497777],[34.13664912646938,2.8850575837377472],[34.14687735133298,2.8919436375093457],[34.16743035443764,2.896265321557925],[34.16343098298195,2.901663652444959],[34.1634308804052,2.901663761045638],[34.155504216341846,2.910055962395071],[34.15360369095681,2.913887204657796],[34.14367186304279,2.912211061056427],[34.13279522183515,2.9137199993264478],[34.13145410003523,2.9158533130136175],[34.130237039958836,2.917789441854744],[34.130522223450065,2.920265364950487],[34.131523302395294,2.9214055761189717],[34.134452773795616,2.924741271441088],[34.137450877855954,2.925760600854302],[34.1376553448361,2.9369075893167933],[34.13765603308312,2.936945041741086],[34.138350829152984,2.937616353069179],[34.138324841808135,2.9376763792782223],[34.137479929042435,2.940171872642336],[34.13656137050392,2.9417496887201855],[34.136553627424654,2.941767573875337],[34.132888624081126,2.940423739551141],[34.13414303787981,2.935064949671622],[34.13423073225759,2.934690024350866],[34.13309634587472,2.931574978453316],[34.13309066682896,2.931559386017189],[34.13309066740401,2.931559385268198],[34.13309033664115,2.931558476987288],[34.13362841522045,2.9308589823610784],[34.13428985288813,2.9299974765563697],[34.13233980548195,2.928844375955467],[34.13209029094528,2.927126644085012],[34.13138378985619,2.92714909310525],[34.13167285626402,2.923789275335317],[34.12742491974116,2.9255912772940973],[34.127015853775546,2.925764931582856],[34.127015534774124,2.9257649410267166],[34.127014568347086,2.925765350991273],[34.12332672560005,2.925878356602124],[34.12292250882744,2.927650698673118],[34.1252926039761,2.928526721899157],[34.122175562820814,2.935201630082339],[34.12255674691725,2.940024400159855],[34.123427420549625,2.93938058368763],[34.12512764858752,2.939837522015209],[34.12540638790566,2.940971900903555],[34.1263908035396,2.940914749768633],[34.12697683208278,2.942599454683481],[34.1283258673069,2.943363217422091],[34.13044793104082,2.942829810875338],[34.13046446327949,2.943971040692172],[34.13146383630026,2.944399342294577],[34.13553758595189,2.944845215735235],[34.13597291447381,2.945850814302873],[34.137964864483294,2.946754739306223],[34.137769408480246,2.94778412641318],[34.13957786893331,2.948801639612018],[34.14086865573594,2.950829837340834],[34.14214095204482,2.951025465504769],[34.142813868190274,2.953007041669548],[34.144327549615994,2.9529722283084263],[34.1443307703,2.952965413],[34.144337012817914,2.9529720106629824],[34.14459865452208,2.95296599313051],[34.146630349231565,2.9553958180079927],[34.14770513289429,2.956531747529934],[34.15005643872583,2.9545201391897513],[34.1500652717,2.9545120628],[34.151054731020004,2.9545635123330554],[34.15259253386513,2.9546428751736973],[34.1532656462,2.9534532034],[34.154364646537076,2.953813080875856],[34.154882826717376,2.9539823429831564],[34.1555439806,2.9530605905],[34.1555441866594,2.9530605592231898],[34.155544207694376,2.953060529858782],[34.1582073364682,2.952656245432152],[34.15820739266464,2.9526563234048875],[34.1582089719,2.9526560837],[34.1587867883,2.9534583282],[34.159458191,2.9528464403],[34.1621234333586,2.9537681799844133],[34.16289951780825,2.9528610093480343],[34.1640921957,2.9514663517],[34.1680598232,2.9502409378],[34.16839508324398,2.950319816152687],[34.168934689734655,2.950176027158517],[34.16929391061275,2.95053128788477],[34.1698802272,2.9506692336],[34.1705751994,2.9517979778],[34.1716588777,2.9512165077],[34.173152160945364,2.9520730386471556],[34.17509694603253,2.951341508158029],[34.17509697426781,2.9513415161287146],[34.1750971995,2.9513414314],[34.176382105,2.9517042977],[34.17694332536517,2.953186789399367],[34.17707794190777,2.953541994431041],[34.179787901495864,2.9536595106684214],[34.18010542211328,2.9536732307314],[34.18010547780505,2.953673282229112],[34.1801059614,2.9536733032],[34.18010942207041,2.9536769294582483],[34.181441174420755,2.954908389699345],[34.18443767827107,2.9537524847220125],[34.184441412988384,2.953750888217044],[34.184441697348646,2.953750934357984],[34.1844424218,2.9537506549],[34.18606823217875,2.9540148595866675],[34.186114863647255,2.954022426114456],[34.18629382266589,2.953841298879125],[34.187612334678555,2.95250600031727],[34.19109629416727,2.953705001404177],[34.191347792307845,2.9535670094306816],[34.193537190142784,2.952363236135921],[34.19552166384168,2.952406062401872],[34.19637758719104,2.952670535265054],[34.19884558283731,2.952934734442413],[34.20120242139901,2.9541613670297515],[34.20120442017863,2.954161984635252],[34.20191867041927,2.9540319223945692],[34.202531550777884,2.953919402225054],[34.203031816368345,2.954874383392792],[34.20458740602256,2.954304874208734],[34.20582670160359,2.9551883696055588],[34.20583991146832,2.955197771985064],[34.207823193119154,2.954050262828981],[34.21111820021731,2.952143780936408],[34.21111832151024,2.9521436543972723],[34.21655148126056,2.945229850185268],[34.22143913564976,2.9373357308772166],[34.22143968553793,2.9373347965559375],[34.22468939588404,2.930225312393543],[34.22727628858323,2.924565837844449],[34.227276356430494,2.9245657449013778],[34.22727641276133,2.924565621664806],[34.23377206807013,2.915667218465648],[34.234916073946295,2.9113401611967866],[34.235023059156866,2.9109354735660613],[34.23645253456784,2.897103732175772],[34.23645257479875,2.89710357064126],[34.236452575243725,2.897103566335646],[34.23896486484771,2.887016255459947],[34.23896487000791,2.887016241920648],[34.23896490645604,2.887016095574697],[34.242337890928376,2.878166118494208],[34.24233791986458,2.878166063817307],[34.242337933778316,2.878166027310574],[34.2466433865422,2.870030555783845],[34.246643435453564,2.870030503419128],[34.24664361692699,2.87003016051292],[34.25641156910123,2.85957269216714],[34.25842811137895,2.8539170188317],[34.261643243158225,2.850060328261141],[34.26776382288863,2.847123009594973],[34.27155216412972,2.8461900380597815],[34.27358735557096,2.8456888123570625],[34.272900615974415,2.839971400449675],[34.2719389505261,2.835377795438499],[34.27112688268867,2.825204283686135],[34.2644,2.7692],[34.26421837187,2.767015273064826],[34.261842365123975,2.74453287518218],[34.26188992505521,2.7390073842354865],[34.2609,2.7271],[34.260839968320994,2.7271161689909067],[34.257636685687,2.728654068128177],[34.25298812182821,2.729230992974637],[34.23397434568593,2.7343521819642485],[34.2269461205527,2.736989331993396],[34.21556205778296,2.7393113655255057],[34.20036472100654,2.743404631018296],[34.19110594133223,2.745935254207686],[34.14860451761764,2.75962651207639],[34.148690841268284,2.759761544896504],[34.16375073106507,2.783315310243003],[34.11234281094843,2.848291681699747],[34.116712786814794,2.852364607307751],[34.125457039988895,2.869702300153474],[34.13368541662531,2.88086796583285],[34.13366536441503,2.880964208155521],[34.133665372601776,2.880964219387807]]]}},{"type":"Feature","properties":{"n":"Rengen","c":"306115","d":"Kotido","od":"Kotido","dc":"306","k":"RENGEN","a":["RENGEN"],"lat":3.128714,"lon":34.115958},"geometry":{"type":"Polygon","coordinates":[[[33.993346866981724,3.227003042847423],[33.99486634188344,3.228155673689942],[33.994866371811845,3.228155880792628],[33.99486645390759,3.228155943078112],[33.99490117203408,3.228396696149872],[33.99522414278911,3.2306316335364977],[33.99667458646394,3.232842705729498],[33.996674587172286,3.232842909303266],[33.996674700506766,3.232843082070672],[33.99667677697548,3.233472245737563],[33.996698486603535,3.2397114639347016],[33.99731718793218,3.239577086774199],[33.99800722963423,3.241575829812213],[33.99800686727374,3.241576343233433],[33.99800695748592,3.241576604457667],[33.998005942559516,3.241577653442209],[33.99664885764443,3.2435004794693025],[33.996666412007535,3.243683045389122],[33.998364150380354,3.245335380821478],[33.99836424856223,3.245335988003357],[33.99836440065866,3.245336087248179],[33.99845497747721,3.2458970788534214],[33.99898366734648,3.249166632426749],[34.00022012863937,3.250213273972345],[34.0000563374861,3.250553215647971],[34.0001113441583,3.250624280432903],[34.002641985649106,3.250075648494223],[34.011096639249594,3.251585617255119],[34.02011946609591,3.24901665559915],[34.03518654081683,3.248277550919108],[34.03724024573312,3.248452277988304],[34.0385,3.2483],[34.04092541651052,3.2487658084689075],[34.04946985947423,3.249492760751643],[34.05361888848837,3.251198160349663],[34.070993074582795,3.249940577935023],[34.0823189852109,3.250605814099085],[34.0826,3.2506],[34.08573258364111,3.2490791678365047],[34.11380501023227,3.235059456008614],[34.114914075366634,3.234911900085855],[34.14623606188444,3.2197054475284013],[34.148468128673045,3.21825830909088],[34.14911809064368,3.218306256785126],[34.15734447397969,3.214312445350228],[34.15734296527858,3.214295882297587],[34.15546319494193,3.211309661786437],[34.1546461063024,3.212170664972801],[34.153188813270184,3.211033479763319],[34.15271372370775,3.208360315676941],[34.15067690597554,3.205552552800672],[34.14362403207859,3.203829530707694],[34.14240599546041,3.201298152553311],[34.1389040958756,3.199747009526472],[34.13820367875697,3.197654560643832],[34.13742569519927,3.197383390577282],[34.13720529751654,3.198097042439795],[34.13522039998364,3.19663429292867],[34.136539338190616,3.19517048349376],[34.13593266887016,3.193742806719146],[34.136474005536144,3.190186161046578],[34.13737215372833,3.190619760257091],[34.138270394255265,3.190007053283899],[34.13829181333751,3.189023151377773],[34.137292676868384,3.18854292831797],[34.13890571142696,3.186160656179359],[34.13879378107588,3.183760475413051],[34.13982894347199,3.182201232916007],[34.13924603394687,3.181154538236345],[34.14052461233426,3.180795772549639],[34.140106942482966,3.177859513280054],[34.138136971058984,3.175973753678514],[34.1376801671428,3.174004551291918],[34.1382224099365,3.172362956798248],[34.13699476454125,3.170252257969109],[34.13777983058157,3.169322008642443],[34.13640978381548,3.167422819340993],[34.13756567841478,3.165838472318699],[34.1375514049338,3.164439357272437],[34.13643797672986,3.164123998968911],[34.136494919734155,3.161255630289898],[34.135835944572385,3.16051349977619],[34.13708502704814,3.15783872484631],[34.13715215880255,3.152463726479788],[34.13430317820171,3.14891661834613],[34.13590889108942,3.146788707408052],[34.1349334981195,3.144783480780669],[34.13559239284222,3.142322355794952],[34.133899568288605,3.141380869533093],[34.1346882272534,3.140647326316969],[34.13313682199786,3.138953153563804],[34.13262654221384,3.139520709665064],[34.13187836665929,3.13899606161027],[34.13108198123773,3.137151102390166],[34.131785284455425,3.134727228576727],[34.13053850685955,3.133108604523272],[34.130177039303476,3.131919069572851],[34.13082576833692,3.13122495641927],[34.13006909931676,3.129261903817397],[34.12943419901136,3.129386048976122],[34.12937662267911,3.128166052770457],[34.12845992211017,3.127563369943164],[34.12906258642571,3.125764095844656],[34.12805192422739,3.125519844456743],[34.128202411286544,3.123511937608876],[34.12709344370533,3.12372691175432],[34.12759921742461,3.123179997293255],[34.12697104628252,3.122205615261017],[34.12613618742594,3.122862028597857],[34.12637934928108,3.121284564915678],[34.123953039294825,3.119942916656601],[34.124102302186614,3.118978941117033],[34.122452435097664,3.118998806327291],[34.12278874258918,3.116987258189598],[34.12137531095058,3.115893973875317],[34.122538898450436,3.111155193844997],[34.12119813880775,3.11061092364883],[34.12168208940076,3.109294507512809],[34.122274778436676,3.110048740074551],[34.12301802599037,3.106364185001998],[34.12394516168517,3.106565208220356],[34.12362404283112,3.103860337802304],[34.125087301031314,3.101261391367474],[34.12401679271889,3.099926449807613],[34.124387740189185,3.098655887303615],[34.123288315426834,3.098154729127305],[34.123688178561736,3.093637605742352],[34.122546483040416,3.093766435767219],[34.122089237251785,3.09162469720966],[34.12099317712583,3.090586811567924],[34.12406065542895,3.090290012837963],[34.12466014052667,3.086988400282605],[34.125907113413724,3.086359147009018],[34.12456563434307,3.085191162122744],[34.12559310165282,3.084722175040653],[34.1241370156439,3.084045995847463],[34.12501243725924,3.083503793675017],[34.12527893696136,3.08175251138003],[34.12407968643374,3.078554518724807],[34.12305286348035,3.078232390184302],[34.123708491771055,3.077155395423954],[34.12348006476508,3.074928220987636],[34.1224811163606,3.07489988607692],[34.121833587361415,3.073652873628012],[34.12047275943258,3.073690879843523],[34.120453385380046,3.073024660019709],[34.11542778364477,3.076501012121095],[34.11166212102133,3.076259313619798],[34.11170133587539,3.075687373384048],[34.106699138053976,3.073501657455026],[34.10620977885145,3.065109073935308],[34.0911198089489,3.064758407256369],[34.0896749156178,3.063160933014953],[34.08749983530086,3.063079255164875],[34.08571073706788,3.061519106016673],[34.08420331291869,3.061691169725638],[34.083878775521335,3.060821351301598],[34.09347936116351,3.059441339902398],[34.09538352719738,3.058370930966674],[34.10016564233919,3.059976716820427],[34.1003699796468,3.058632389209424],[34.097510346024144,3.055503574374388],[34.0924657077912,3.047603531697644],[34.08887748412346,3.04692776499599],[34.08539314440636,3.049585225143181],[34.07897158111132,3.047899320905095],[34.078474368335236,3.046913421937642],[34.07355793327385,3.045321406097043],[34.06453353674578,3.039280788166709],[34.067170090436164,3.033894827519968],[34.064073624543774,3.032923455497712],[34.063971550150576,3.031914788288463],[34.06233009103661,3.03088621805629],[34.062101288883476,3.029330695491625],[34.05846678257065,3.026865459041296],[34.05826662518627,3.025500803919207],[34.05478220860283,3.022553058772276],[34.05481849940723,3.020275133334977],[34.05381873986823,3.019453217050805],[34.052704585750114,3.016061108596585],[34.050958063555484,3.013838694511743],[34.04882768381931,3.012957078950286],[34.0475517192101,3.008711156534523],[34.04817762023024,3.008380462046238],[34.047849089794184,3.007181946559867],[34.04842746565759,3.007202631666985],[34.04658576798214,3.005303825586943],[34.04202955232261,3.008022893657548],[34.04201532273394,3.008032004043068],[34.03701256179095,3.009116835168907],[34.03769421768018,3.011458433413416],[34.036361600571695,3.012810002062414],[34.036361024459914,3.012810066864691],[34.03636093764798,3.012810154948963],[34.03593378405544,3.012858123773045],[34.03483887450127,3.0129812815258],[34.030467324617305,3.0104896153516494],[34.02875539167587,3.0113806838127335],[34.02875475867248,3.0113811237842674],[34.029587650904425,3.0119403258749236],[34.031713304414794,3.013367441301196],[34.032077361114844,3.014638068892937],[34.032077054567026,3.014638301791011],[34.03207713050883,3.014638566935059],[34.03186480404021,3.0147995579990656],[34.03101433760369,3.015445695347649],[34.03226380158606,3.017352033069599],[34.0323985882015,3.017557591703847],[34.03559682896962,3.019106908783319],[34.035646400079166,3.0192021318470696],[34.035782183821084,3.019270884953952],[34.0363893528747,3.0206292986394807],[34.03658191364337,3.02099919607605],[34.036571920607784,3.021037755733389],[34.03662451016712,3.021155413866159],[34.03578528431781,3.0252539605528854],[34.037069450487195,3.03248459078304],[34.03706933305686,3.0324848140650063],[34.037069477874184,3.032485561739548],[34.0370619382929,3.0324988744650754],[34.03558610030602,3.035305031989355],[34.036902308244386,3.0360858495284955],[34.03690455206307,3.036086932272582],[34.03690449622958,3.0360871475127778],[34.03690506580172,3.036087485401574],[34.03689316003357,3.03613084897271],[34.03651246620947,3.03759843791391],[34.03780215732573,3.0368856785587908],[34.03782675204363,3.036871312992762],[34.041192536114316,3.040208890395238],[34.04178231047245,3.0385142139621863],[34.041782611312414,3.038513141928495],[34.04299051814015,3.0394826302255566],[34.043198501915704,3.039401107529242],[34.04523282517035,3.038602370360203],[34.04523193965201,3.0386040678245516],[34.045233974137034,3.038603270374345],[34.0441990591211,3.040584013121559],[34.043954002165336,3.0410537667402466],[34.044596381610454,3.042956563319692],[34.04459624201216,3.04295655281529],[34.044596317270916,3.042956775618232],[34.043097220766725,3.04284389555574],[34.04303083287592,3.043059655856639],[34.04283594788154,3.0436944653766447],[34.0450526280225,3.04399488956493],[34.04617282552551,3.04414657020369],[34.04617283963861,3.044146710596417],[34.046173160944974,3.04414675414271],[34.04625287371514,3.0449428646427705],[34.046309756466734,3.045508716525048],[34.04942750679616,3.045105474967912],[34.04942750731213,3.045105477652155],[34.04942781359648,3.045105438034054],[34.04961015635211,3.046055663300317],[34.049743038765214,3.046746950601028],[34.05111128293651,3.045414767221873],[34.05181322089014,3.046586647477308],[34.05181299154297,3.0465874155408863],[34.051813148273574,3.046587677421287],[34.0512066382839,3.048620259865483],[34.05261564579189,3.0492303527944755],[34.05273880327814,3.049283608378311],[34.052738761856645,3.0492836614107395],[34.05273882020726,3.049283686676251],[34.052060291064265,3.0501550781157336],[34.055012894234245,3.050667473741961],[34.05497823073916,3.0509171235396537],[34.05519871763179,3.050974610849783],[34.05479242350167,3.05225532498558],[34.05479202662862,3.0522581833031057],[34.05551017100121,3.0528595506529004],[34.05574829051232,3.053058456828523],[34.05574815429236,3.053058835624775],[34.05574837121679,3.053059017275253],[34.054677813885235,3.056035762495004],[34.0545485833697,3.0601530430124733],[34.05454925354108,3.060156358532569],[34.054911121781046,3.0619421443593198],[34.05744112047333,3.063387763327225],[34.057441016118744,3.0633878100336736],[34.057441832974554,3.063388276726283],[34.05582420087366,3.064111673295257],[34.056859145876146,3.064260564271844],[34.06124800837563,3.064891909054909],[34.06124802290033,3.0648919641865056],[34.06124897143157,3.064892100645682],[34.06160193560118,3.0662353155025825],[34.061934908220415,3.067499184262282],[34.061933789470025,3.0674981945291977],[34.061934258674206,3.06749998009863],[34.06060142103247,3.0663199133661876],[34.05967016548665,3.0666867688912336],[34.059345607791904,3.066814715050176],[34.06055724832118,3.068241287968747],[34.06084887770456,3.0685845977961335],[34.06452324187407,3.06801397498881],[34.06452369593987,3.068014229746547],[34.06452413611849,3.068014161370189],[34.06656467970301,3.0691593422146393],[34.06824251512756,3.07010070701075],[34.06824244436082,3.070100926585684],[34.068242527823195,3.070100973425906],[34.067088673988,3.0736812140264],[34.06907532522509,3.078309846481091],[34.0691824030161,3.081117608197949],[34.06815933444819,3.0839256187836455],[34.068617460206966,3.084618976606566],[34.06884119893477,3.084957548187393],[34.070304914787975,3.08470830026608],[34.07030515730765,3.084708757851184],[34.070305212964676,3.084708748368152],[34.070343590509914,3.084781273456073],[34.070935468290514,3.085898025970931],[34.06926900708573,3.0876172806629163],[34.06868710963222,3.088217774484769],[34.07002947647757,3.089106557063308],[34.07034043719979,3.089312359221066],[34.07034046245886,3.0893124612267617],[34.0703406045046,3.089312555275405],[34.07125695407821,3.0930127256206874],[34.07127855179923,3.0930227841296403],[34.07235246977031,3.093520629385789],[34.072468211194526,3.0954340089640766],[34.07370051042312,3.095676191496734],[34.07465102831502,3.09586202085874],[34.0755078960086,3.097899282787992],[34.07627055850875,3.0970873419759966],[34.07654596202602,3.096792689216935],[34.07654700616994,3.0967930320571893],[34.07654984131352,3.096790013724991],[34.077849024963896,3.097218315168792],[34.07833629096274,3.098759958470714],[34.0797307042503,3.09943978015677],[34.07973048734839,3.0994427555640134],[34.079732211438454,3.099443598515628],[34.07966568095162,3.1003317538338937],[34.07963635871679,3.100733989065712],[34.08059682546695,3.100981666313839],[34.08098718461679,3.102836800599689],[34.082597106269695,3.104208183318452],[34.08442159628328,3.104179336682342],[34.08442149754384,3.1041796858235435],[34.084422999051625,3.104179662060624],[34.08390541499004,3.106004546179905],[34.08361438816739,3.1070336127650653],[34.085488997550264,3.108167639606707],[34.085427283617776,3.1085406996142186],[34.08512751499885,3.1103556245220405],[34.08668958338005,3.1125704890598307],[34.08769960418313,3.112802881909434],[34.08849881844389,3.112986147805004],[34.089548083104,3.114833455279989],[34.091409453918416,3.114727581773149],[34.09211276005151,3.114686604774033],[34.092113295762665,3.1146875477274154],[34.092115487663726,3.114687423053573],[34.092730507642486,3.115770283267684],[34.093875332587196,3.115861438635605],[34.09626181575209,3.116049706546426],[34.09626239382568,3.1160515056379436],[34.096263593967436,3.116051601197849],[34.09655259447399,3.1169516953257426],[34.098130184861944,3.116580105764671],[34.09833953556839,3.11653048168854],[34.09833971119779,3.116530753410751],[34.09834038927671,3.116530593694357],[34.098390200850254,3.1166088676702883],[34.10004416379919,3.119167770034117],[34.100061617339186,3.119235333864838],[34.10008925556403,3.119278764609785],[34.10330156146773,3.13177728387796],[34.1033253585036,3.13451366070074],[34.10236167520357,3.142936952127579],[34.09980164431468,3.151848524345069],[34.099300646162924,3.1555160510535667],[34.09687232465535,3.173294587501808],[34.096872037441116,3.173294534507961],[34.09687135524376,3.173299528492501],[34.068908810517854,3.1681350444374603],[34.06879223076779,3.168113534328325],[34.06879020063813,3.1696585871082856],[34.06879019523004,3.1698449024647535],[34.06962518892819,3.1700764031394257],[34.069855636802934,3.170140180667217],[34.06985540215751,3.170140229391076],[34.06985623466309,3.170140460201924],[34.06756699181997,3.170620472867979],[34.06948534949799,3.1723579575016405],[34.06958021895977,3.17244377861605],[34.0676003524505,3.1728438370893155],[34.06755104052224,3.1729354456669614],[34.06676294090406,3.174404449856207],[34.06184589472528,3.172055812005419],[34.05113832683386,3.169438400415853],[34.03317330825271,3.16836761016249],[34.033173217511504,3.168367598048807],[34.03317321751128,3.168367598048794],[33.998235699513046,3.1637035545400116],[33.99813707507464,3.163993035614143],[33.99601938847883,3.166973515141156],[33.996542713272426,3.1716122287690145],[33.997566004554876,3.17321939691794],[33.99602910661614,3.178055085936257],[33.997090353157496,3.180460935271215],[33.99708959758231,3.180462201104613],[33.99492517635649,3.188443213263627],[33.994925000028694,3.188444123430016],[33.99492490594174,3.188444210381641],[33.9949248503871,3.188444415231901],[33.994427223781614,3.188904149519101],[33.99164087055133,3.191479192396026],[33.99071361996217,3.193666436212005],[33.98950691044189,3.204254797931099],[33.99062516069923,3.211584285644848],[33.98967376796853,3.214440111403185],[33.99165406939169,3.219423047164099],[33.990702761947595,3.223040473292813],[33.99210655631479,3.2260620276085445],[33.993346866981724,3.227003042847423]]]}},{"type":"Feature","properties":{"n":"Central Division","c":"306201","d":"Kotido","od":"Kotido","dc":"306","k":"CENTRALDIVISION","a":["CENTRAL","CENTRALDIVISION"],"lat":2.996837,"lon":34.121803},"geometry":{"type":"MultiPolygon","coordinates":[[[[34.09419229551688,2.988351208882322],[34.095130853080136,2.988875112714297],[34.094882003934764,2.9898372975269],[34.09296552959538,2.990992354543847],[34.09352450144543,2.992289594985814],[34.09204470445802,2.994215016845977],[34.09264410042487,2.994787122229215],[34.09206133592585,2.996048704090212],[34.09355123110631,2.997624355199437],[34.09333692290404,2.998965722896737],[34.094643363738264,2.999522497014824],[34.095308586997135,2.998294351394878],[34.09600624799425,2.998494291969426],[34.095114327394064,3.000793048588212],[34.09713347843977,3.001848440650134],[34.09689887487953,3.003277232494785],[34.0980757932053,3.003033392639328],[34.0993348305933,3.006410817641047],[34.10128358730888,3.006896241664389],[34.09992017795609,3.007238876701872],[34.100191437488874,3.008666549158584],[34.101818986482314,3.01063674149763],[34.103516731953036,3.011342490927648],[34.103539339566645,3.012485582371617],[34.104452536309736,3.013055808070499],[34.10445305257488,3.015026848627569],[34.106458766862694,3.017139603710769],[34.10565943991553,3.017846512713091],[34.10640179549296,3.019195947179866],[34.10603751251347,3.020368276364167],[34.1086925516788,3.02069435797534],[34.108785573051975,3.022072908355314],[34.10995616024624,3.022834601106509],[34.10928050405808,3.02466176094757],[34.110737263670046,3.025319412374253],[34.11419170792823,3.030144037983178],[34.11708912843832,3.032499640404132],[34.12134693479705,3.032139322050076],[34.12596029418855,3.029349597988532],[34.12939508680349,3.029577362636412],[34.1310240256554,3.031871765181565],[34.13385512218702,3.028159132560178],[34.133391130541966,3.026029517410029],[34.13258221869411,3.025538053431579],[34.132605906818846,3.021698896057097],[34.13193973013826,3.021591520865602],[34.13237985630818,3.02050916271504],[34.132272783647565,3.019557383888982],[34.13120204153693,3.019068714061771],[34.13159099670284,3.018287266573048],[34.14315919466034,3.021362463752117],[34.15049665359781,3.02205505991904],[34.15061282032968,3.020467514019586],[34.15037260845664,3.020302968815749],[34.14993486596332,3.020004071651985],[34.14993560934114,3.020003624292805],[34.14993472493991,3.020003018477703],[34.15042526724787,3.0193645843776156],[34.150029192745215,3.018705018853141],[34.15002752351592,3.018703830827462],[34.150214582618226,3.017345510443584],[34.149223794605994,3.016389668558327],[34.14921374781203,3.016383853689301],[34.14921558744548,3.016381750872932],[34.149214887927755,3.016381076027924],[34.1506547706808,3.014735940406117],[34.14972356054435,3.013235026692499],[34.14935690135454,3.012645043570081],[34.1493571077816,3.012644382373374],[34.14935653615244,3.012643461028119],[34.14986254676407,3.011022306656079],[34.14852900109753,3.00995407991412],[34.148529472430035,3.009952983814863],[34.1485284633732,3.009952174835147],[34.14932743227207,3.0080955989996645],[34.148742702645755,3.007574450655809],[34.1488525342071,3.007486349673289],[34.14877116804472,3.007382358280822],[34.15047433172194,3.006185430768412],[34.15047656364206,3.0061836404419084],[34.15019245070285,3.005853785800607],[34.149448576626305,3.004993563878879],[34.149452402868114,3.004994591517656],[34.1494493122055,3.004991003263595],[34.15037793592811,3.0052431679825866],[34.15073985558887,3.0053403711120557],[34.15200382956977,3.004406212441985],[34.15181717716645,3.0041034207501203],[34.15151914984977,3.003623463923365],[34.15151989912752,3.003621169684715],[34.15151944461632,3.003620432366509],[34.15152362493604,3.003609761506759],[34.15235474206808,3.001064936112849],[34.15254266118278,3.0010085267718067],[34.15260447397686,3.000850740836779],[34.15265262058615,3.0009755192861376],[34.15363191793384,3.000681554948583],[34.15096194671845,2.997668853959199],[34.150529104858904,2.995458404455103],[34.14950505090674,2.995640372600772],[34.15031953957668,2.994551426045727],[34.148809545279114,2.994052491079988],[34.148866024622286,2.993237388602522],[34.14728646451792,2.99341553361994],[34.14772584778114,2.992576349627917],[34.14642912297744,2.992076790083866],[34.146061257747746,2.993324625885668],[34.14493016739634,2.99338542503649],[34.14458468884894,2.994223854873554],[34.14431140340508,2.992844166016789],[34.14284384809438,2.9929283789963],[34.14107563831611,2.991047763377903],[34.14127749956607,2.99003631283885],[34.13966545243972,2.98982198375705],[34.14005811423527,2.988864514275927],[34.13783329219808,2.989518467932861],[34.134431937545024,2.98904334816048],[34.13437715251227,2.988114987085692],[34.13222152107802,2.987573918985239],[34.13217496245537,2.98567128059203],[34.131511521837304,2.987005987759605],[34.128705709411406,2.985542790523094],[34.1271786904417,2.986968832424364],[34.126614950841216,2.985095030377039],[34.120440469090404,2.983357699554336],[34.118124125125696,2.979903341958992],[34.11791839327643,2.97735887424831],[34.11623826218923,2.973680360488549],[34.11315463361911,2.971606882462775],[34.113139729569056,2.970026027332205],[34.112665936444685,2.97064751493488],[34.1116500833573,2.969993920474946],[34.11233824608945,2.968377056539542],[34.11074995804344,2.966408054720239],[34.10979817927283,2.966425900706955],[34.10929340326575,2.967442916768551],[34.10815141086143,2.966427203168183],[34.10801357582433,2.964742431057926],[34.10754923419283,2.965658258531734],[34.106764226277434,2.965105091357808],[34.10550346035242,2.96304020932017],[34.105866114511024,2.962315381704903],[34.10442615497854,2.962309075187428],[34.10446817986595,2.961625338368507],[34.10382505837455,2.961969915825937],[34.10285610964695,2.961155413296697],[34.1021000680641,2.964334961829462],[34.10102891765333,2.963110278336481],[34.10030319223828,2.963705143360102],[34.10048165179844,2.965204195447201],[34.10158790514048,2.965929074910796],[34.10104082707596,2.967298123197949],[34.10281261023724,2.970559326883651],[34.09908966750139,2.974888607807261],[34.09986342946627,2.97511667424112],[34.099411082060925,2.975840240899223],[34.09789982151143,2.975757181420289],[34.09736454705993,2.977149061678761],[34.09630569144568,2.975864190615559],[34.0946400744116,2.976459054297627],[34.093259988554806,2.978945587315559],[34.09370000104374,2.98089636716615],[34.09228441041589,2.981265562959859],[34.09292686258479,2.982990663869464],[34.093830586287794,2.983240068860315],[34.092450971146285,2.98406143105485],[34.09135055061905,2.987331112196824],[34.093500904923054,2.989041187988091],[34.09419229551688,2.988351208882322]]],[[[34.11978552105742,2.982327963804216],[34.11978551608877,2.982327966962146],[34.11978552105743,2.982327963804225],[34.11978552105742,2.982327963804216]]]]}},{"type":"Feature","properties":{"n":"North Division","c":"306202","d":"Kotido","od":"Kotido","dc":"306","k":"NORTHDIVISION","a":["NORTH","NORTHDIVISION"],"lat":3.114634,"lon":34.142701},"geometry":{"type":"Polygon","coordinates":[[[34.05826596143127,3.0255002423960535],[34.05826662518627,3.025500803919207],[34.05846678257065,3.026865459041296],[34.061862643393496,3.029168825485091],[34.0621010431633,3.029330435316893],[34.062101058427544,3.0293305391764846],[34.062101288883476,3.029330695491625],[34.06233009103661,3.03088621805629],[34.063671918020376,3.031727032963272],[34.0639711690963,3.031914347067914],[34.06397119046314,3.031914562901316],[34.063971550150576,3.031914788288463],[34.064073624543774,3.032923455497712],[34.066736113409185,3.033758687430925],[34.06716863435502,3.033893444367167],[34.06716830348855,3.033894266948344],[34.067170090436164,3.033894827519968],[34.06715880522016,3.0339178809967478],[34.06490237889558,3.039527678304643],[34.07355793327385,3.045321406097043],[34.078474368335236,3.046913421937642],[34.07869717685108,3.0473552180786005],[34.08224163075102,3.0487578331229193],[34.08539314440636,3.049585225143181],[34.08855413681462,3.047174377742362],[34.08887704346186,3.046927998671666],[34.088877151151614,3.0469280189492403],[34.08887748412346,3.04692776499599],[34.0924657077912,3.047603531697644],[34.09751030183521,3.055503505173288],[34.0975404815141,3.0555365465591064],[34.1003699796468,3.058632389209424],[34.10016564233919,3.059976716820427],[34.100162562179484,3.059975682533978],[34.10016255338324,3.059975739557497],[34.098704698582246,3.0594861466964405],[34.09538352719738,3.058370930966674],[34.09354873708877,3.0594023408818303],[34.09347958858893,3.059441237361372],[34.09347952810938,3.0594412460553566],[34.09347936116351,3.059441339902398],[34.085164296623105,3.0606365673894],[34.08387877934532,3.0608213615505666],[34.08420299642424,3.061690321463756],[34.08567615811925,3.061523053002766],[34.08571073706788,3.061519106016673],[34.08749983530086,3.063079255164875],[34.0896749156178,3.063160933014953],[34.0911198089489,3.064758407256369],[34.10620977885145,3.065109073935308],[34.106699138053976,3.073501657455026],[34.11170133587539,3.075687373384048],[34.11166216534366,3.0762586671881644],[34.114766724841864,3.076458582159118],[34.11542775781343,3.0765010104631143],[34.12044292930855,3.073031415216165],[34.12044295003384,3.073031878446401],[34.120453385380046,3.073024660019709],[34.12047275943258,3.073690879843523],[34.121833587361415,3.073652873628012],[34.12183393837032,3.0736535496015627],[34.121834998754395,3.073653520518502],[34.122340191837566,3.0746284933905597],[34.12248100347178,3.0748996686754424],[34.12266344032054,3.0749050576484476],[34.12348006476508,3.074928220987636],[34.123708491771055,3.077155395423954],[34.123707455744544,3.0771570972954843],[34.12370757265397,3.077158242268233],[34.12351726001758,3.0774695301241004],[34.12305344386221,3.0782314367961847],[34.123596200497055,3.0784028425097163],[34.12407968643374,3.078554518724807],[34.12526589127406,3.081717722975769],[34.12527887818179,3.081752267956814],[34.12527886878693,3.0817523295820513],[34.12527893696136,3.08175251138003],[34.12501243725924,3.083503793675017],[34.12501179482662,3.083504191572848],[34.125011694929164,3.083504846846588],[34.12413718680724,3.0840460753325263],[34.12559310165282,3.084722175040653],[34.12559217057173,3.084722600032281],[34.12559405571897,3.084723476037054],[34.12520160565381,3.0849008732478707],[34.12456724832328,3.0851904254220592],[34.1259067333657,3.086358565688234],[34.12590655125404,3.0863586575537374],[34.125907113413724,3.086359147009018],[34.12466014052667,3.086988400282605],[34.12406065542895,3.090290012837963],[34.12226517409098,3.0904637374834603],[34.12099410804937,3.090587693081769],[34.122089237251785,3.09162469720966],[34.122089495926204,3.0916259088402187],[34.122089934353795,3.091626323781016],[34.1223143248685,3.092679007253693],[34.12254640054334,3.0937660493510464],[34.12284996013341,3.0937321911190563],[34.123688178561736,3.093637605742352],[34.12368808086823,3.093638709354013],[34.12368849086307,3.093638663624276],[34.12328855891514,3.0981548401182177],[34.12415416253946,3.0985494140341645],[34.12438730086872,3.09865530743716],[34.124387203148196,3.0986556425006127],[34.124387740189185,3.098655887303615],[34.12401679271889,3.099926449807613],[34.124153789574436,3.1000972871508736],[34.125086976762404,3.101258538360511],[34.12508616729197,3.101259977575769],[34.125087301031314,3.101261391367474],[34.12362404283112,3.103860337802304],[34.123630989027674,3.103918847482907],[34.12394615874814,3.106561909517671],[34.12394473426362,3.1065616079337253],[34.12394516168517,3.106565208220356],[34.12325795626979,3.1064162071139942],[34.12301778892592,3.1063653602188035],[34.122424270805396,3.109307650698946],[34.12227512476042,3.110047730520654],[34.12227501126575,3.1100475858540912],[34.122274778436676,3.110048740074551],[34.12168208940076,3.109294507512809],[34.12119813880775,3.11061092364883],[34.122538898450436,3.111155193844997],[34.12210471437225,3.112923434599965],[34.121375575705166,3.115894178662039],[34.12278874258918,3.116987258189598],[34.122788418016704,3.1169891995473766],[34.12278945579487,3.116990003089624],[34.122453493923615,3.1189987935785064],[34.124102302186614,3.118978941117033],[34.124102160645336,3.118979855224563],[34.12410335144375,3.118979840480296],[34.12401257523849,3.119558419259255],[34.123953039294825,3.119942916656601],[34.12637934928108,3.121284564915678],[34.126378916777966,3.1212873706927353],[34.126379258432074,3.121287560038182],[34.12624041819044,3.12218585245391],[34.12613618742594,3.122862028597857],[34.12697104628252,3.122205615261017],[34.12697162671468,3.122206515593152],[34.126971967102676,3.122206248492928],[34.12737213669634,3.1228277630585475],[34.12759921742461,3.123179997293255],[34.12709460209396,3.123725659139816],[34.127805041359636,3.123588968048637],[34.128202411286544,3.123511937608876],[34.12820236755948,3.1235125210468526],[34.12820259437798,3.123512477406151],[34.128052567630206,3.1255199999508645],[34.12906258642571,3.125764095844656],[34.128459940652064,3.127563314585723],[34.12937632214638,3.128165518493784],[34.12937633849627,3.128165865935058],[34.12937662267911,3.128166052770457],[34.12943419901136,3.129386048976122],[34.13006909931676,3.129261903817397],[34.13082576833692,3.13122495641927],[34.13054474215153,3.1315256427794034],[34.13017726032846,3.1319197969325727],[34.13053850685955,3.133108604523272],[34.131785284455425,3.134727228576727],[34.13178460063503,3.1347295853046684],[34.1317847462488,3.134729774650925],[34.13128962414605,3.136435479035459],[34.13108198123773,3.137151102390166],[34.13185081131856,3.138932225082663],[34.131878488856536,3.138996147299442],[34.13262621998594,3.1395204837070763],[34.13304416415469,3.1390562117798413],[34.13313682199786,3.138953153563804],[34.1346882272534,3.140647326316969],[34.133899568288605,3.141380869533093],[34.134031410816995,3.141454195459836],[34.13559213399446,3.142321579253541],[34.13559198667281,3.1423221298985817],[34.13559239284222,3.142322355794952],[34.1349334981195,3.144783480780669],[34.135183829552076,3.1452981156711664],[34.13590827296541,3.146784857034985],[34.13590751081385,3.146785869818069],[34.13590889108942,3.146788707408052],[34.134623592525145,3.1484920012500326],[34.134303630680904,3.148917181702938],[34.13655685036113,3.151722540873271],[34.13715198684126,3.152462925975364],[34.13715197959103,3.1524635033534447],[34.13715215880255,3.152463726479788],[34.13708502704814,3.15783872484631],[34.13683094769657,3.158382808277912],[34.135836511166254,3.1605141378679167],[34.13637889761814,3.161124967470481],[34.13649440883904,3.161254575211585],[34.136494399588905,3.161255044508092],[34.136494919734155,3.161255630289898],[34.13643797672986,3.164123998968911],[34.1375514049338,3.164439357272437],[34.13755143847404,3.164442644953282],[34.13755271672634,3.164443009264158],[34.137565189044764,3.1657905032947466],[34.13756567841478,3.165838472318699],[34.13640978381548,3.167422819340993],[34.13777983058157,3.169322008642443],[34.137778858205415,3.1693231608413877],[34.13778004599126,3.169324808606665],[34.1373332246573,3.169851205982539],[34.1369954181022,3.170251483544276],[34.13789455082678,3.1717992664673917],[34.1382224099365,3.172362956798248],[34.13822226419113,3.1723633980301273],[34.13822244799966,3.172363714441375],[34.13789266312816,3.1733612375520983],[34.1376801671428,3.174004551291918],[34.138136971058984,3.175973753678514],[34.140106942482966,3.177859513280054],[34.140107005224955,3.17785995436226],[34.140107095892496,3.177860041106126],[34.14013249275624,3.1780391341612217],[34.14052461233426,3.180795772549639],[34.13924612008933,3.1811545140649997],[34.13982880887902,3.182200714357284],[34.1398287250298,3.1822008406728446],[34.13982894347199,3.182201232916007],[34.13879391052701,3.18376028042364],[34.138813573998476,3.184184905352396],[34.13890571142696,3.186160656179359],[34.138905108055326,3.1861615472919658],[34.13890510997112,3.186161588662806],[34.13729344681703,3.188543298384631],[34.13829181333751,3.189023151377773],[34.13829179930678,3.189023795890178],[34.13829224460516,3.189024009343901],[34.13828717052874,3.1892364223454055],[34.138270394255265,3.190007053283899],[34.13737215372833,3.190619760257091],[34.137371475446606,3.190619432802868],[34.137371311791206,3.190619544621047],[34.13715433691636,3.1905146047843878],[34.136474005536144,3.190186161046578],[34.13593266887016,3.193742806719146],[34.13603506288145,3.1939837708603087],[34.13653941156077,3.195169691217097],[34.136539146109676,3.1951700314690887],[34.136539338190616,3.19517048349376],[34.13653527749008,3.1951749902187294],[34.13533239693688,3.196716827913923],[34.13720461616902,3.1980965403278554],[34.137352667573275,3.1976198554105744],[34.13742569519927,3.197383390577282],[34.13779755578508,3.1975130044473974],[34.13820255645179,3.197653625399329],[34.13820276275111,3.1976542413654006],[34.13820367875697,3.197654560643832],[34.13890392872055,3.199746510162038],[34.14047967404144,3.200444901349465],[34.14240599546041,3.201298152553311],[34.14240631346744,3.201298813449747],[34.14240721498549,3.201299213014481],[34.14362405979492,3.203829537478812],[34.145518744275755,3.204292410240669],[34.150675771267395,3.205551613711044],[34.15067635495338,3.2055524181855697],[34.15067690597554,3.205552552800672],[34.15271372370775,3.208360315676941],[34.152836541136004,3.2090513667215417],[34.15318947920223,3.211033999417264],[34.154438832578265,3.2120089208292475],[34.15464617047621,3.2121705973499557],[34.15546319494193,3.211309661786437],[34.15546402203498,3.2113109757140923],[34.15546424736999,3.211310737829179],[34.156380813738835,3.212767399478806],[34.15734296527858,3.214295882297587],[34.15734447397969,3.214312445350228],[34.1573443012826,3.2143125291926156],[34.1573443012826,3.2143125291926182],[34.1584,3.2138],[34.1865,3.1937],[34.1878,3.1751],[34.203,3.1665],[34.2142,3.1503],[34.216223026883775,3.14920479159247],[34.214296919117146,3.144527389980575],[34.21429693641199,3.144527290190419],[34.21429672313668,3.144527402526187],[34.215555537804164,3.13726516923959],[34.21798079749122,3.130204464032671],[34.21463391057132,3.130006572768326],[34.20025206077851,3.129173183286486],[34.19665749666871,3.128964890442649],[34.1659697664652,3.125814502712899],[34.164732327985604,3.124672344505982],[34.16474455709773,3.12429827841971],[34.1644471781727,3.123930971199259],[34.164922567239806,3.1188485721273356],[34.16395186601214,3.11751492839511],[34.163951882583525,3.117514501150878],[34.16395183093377,3.117514430234026],[34.16361511651565,3.113373858836364],[34.16317140445511,3.11269890021522],[34.16351491820872,3.112141721982582],[34.16324760992335,3.1088546366034158],[34.163247484004735,3.108854019799998],[34.16180083321667,3.107102406903848],[34.16248601240597,3.105812972786139],[34.16277131174147,3.105275600205066],[34.162524017875484,3.101887648635439],[34.16105313531649,3.0982731843512434],[34.160772998870435,3.097585061045304],[34.16077307143282,3.097584971075035],[34.16077290596777,3.097584564470498],[34.16212430185982,3.0959087658461972],[34.16166663050406,3.093538985638592],[34.16147722631666,3.092559143759653],[34.1632657578526,3.089168439972767],[34.162750125619375,3.086282208751708],[34.16270545692207,3.086032366608365],[34.162140995632896,3.08569807797139],[34.16201106996597,3.085621639302614],[34.16201140188454,3.0856213291875014],[34.16201022768819,3.085620633797924],[34.162560223322686,3.085104724572588],[34.16182938653485,3.084402341024057],[34.16183101550141,3.0843969560910542],[34.161829116475076,3.08439511294962],[34.16217962705739,3.083244538410337],[34.162238273490495,3.083050668800283],[34.16147418246987,3.081778263262835],[34.1580889828316,3.076143106152442],[34.158089997360676,3.0761427358761066],[34.1580888740894,3.076140865344262],[34.17214144401278,3.071014308767947],[34.17214244372965,3.071013456557084],[34.17572915410042,3.0671797046847593],[34.1757945132777,3.067005309628108],[34.17374125466196,3.066455374122198],[34.17374116203682,3.0664552516946517],[34.173740730056494,3.066455181860575],[34.172844576920326,3.0652701877966315],[34.17143752281303,3.063410410075095],[34.17143767155813,3.063409819924847],[34.17143741146796,3.063409476004493],[34.1720084829731,3.061144231818689],[34.17200879711575,3.061143863677616],[34.172008804570844,3.061143834099323],[34.172036541923674,3.0611113497755973],[34.174135603489546,3.0586514775623987],[34.17410349272875,3.0582119048135556],[34.17393584651215,3.055926071170321],[34.175413259712435,3.0534266846756806],[34.17506593103163,3.0519264991192934],[34.17484385006302,3.050967750625575],[34.17567081952168,3.0487737965639594],[34.17405514268566,3.045285386431238],[34.17405148909039,3.045278459856174],[34.17405777101485,3.041802540246512],[34.17203326107222,3.039672385894382],[34.17159538521232,3.039745612757622],[34.17128278634408,3.0388827493632564],[34.170335548992576,3.0378860826024154],[34.16960332502422,3.037638899746583],[34.168713253105885,3.0361791309245305],[34.16871247779672,3.036178315157628],[34.167574615310365,3.0361013853335668],[34.16500537343858,3.039243704558566],[34.165005016506946,3.039243895358936],[34.1650048716539,3.039244072533398],[34.158206479447706,3.042880030068459],[34.15757282061378,3.0401799563679397],[34.15631770515306,3.039723891590686],[34.15631778453858,3.03972365573251],[34.156317389152306,3.039723512440804],[34.15676293059192,3.038398246559371],[34.1557739205262,3.03729455876779],[34.155774693115376,3.0372936720402164],[34.155774157414726,3.037293073571885],[34.1559678735495,3.0370719521108023],[34.15663791615732,3.0363029208142875],[34.155052487870954,3.034966546606095],[34.15505426487627,3.034965877336174],[34.155050612604484,3.03496279431502],[34.15574504612215,3.0347048926360927],[34.15548334962007,3.0340808702165165],[34.15487892981818,3.032640587894943],[34.154136851970534,3.032678400698177],[34.15413834070654,3.032676039435323],[34.15413683586017,3.03267611195002],[34.15457448849141,3.0319838785729343],[34.15439151570635,3.031981435545967],[34.15313051402355,3.031966486510303],[34.153130589001975,3.0319645998294322],[34.15312796076667,3.031964564737603],[34.15317818692181,3.030766894094656],[34.1531850403507,3.0305944413673114],[34.15094837354383,3.029585101927901],[34.15039709770104,3.0286945086453865],[34.14987323692324,3.028337591748466],[34.14985452614527,3.027817977251575],[34.14950642190114,3.02725561032493],[34.149770323807275,3.025486197642649],[34.14921323854994,3.0254909707694826],[34.149042448800955,3.025492709295803],[34.14904272369917,3.0254924317469523],[34.149042427207355,3.025492434287305],[34.15055486916773,3.023964030877033],[34.14990609115498,3.0230360008318],[34.14974348762244,3.022803526939521],[34.14974353659013,3.0228034782783073],[34.14974198972053,3.022801265593174],[34.14975527302018,3.0227918153043087],[34.150496657790924,3.022055070717975],[34.14909111778029,3.0219223888229574],[34.14315919466034,3.021362463752117],[34.14315893855249,3.0213623956704554],[34.14315888079301,3.021362390218005],[34.142997010813545,3.0213193500960416],[34.13159099670284,3.018287266573048],[34.13121826713207,3.019036115315992],[34.13120238520856,3.0190688709080864],[34.132272783647565,3.019557383888982],[34.13230442644018,3.019838659611782],[34.13230828547689,3.019841351830151],[34.13230596758123,3.019852358957786],[34.13237985630818,3.02050916271504],[34.131939735122316,3.0215915086088048],[34.13193973246238,3.021591521240207],[34.1322554154843,3.0216424034249467],[34.1326052457327,3.021698449240211],[34.13260524368768,3.021698789172785],[34.132605906818846,3.021698896057097],[34.13258221869411,3.025538053431579],[34.133391130541966,3.026029517410029],[34.13339117661025,3.0260297288528992],[34.13339120692892,3.026029747140687],[34.13339925739715,3.0260668178099603],[34.13385512218702,3.028159132560178],[34.1310240256554,3.031871765181565],[34.1293954422608,3.029577863307239],[34.12635520220975,3.029375784747524],[34.12596039427555,3.0293496046254043],[34.12596010146541,3.0293497145292854],[34.12240618992207,3.031498784589456],[34.122030708874696,3.031889578657105],[34.121588154825254,3.031993454958507],[34.12134693479705,3.032139322050076],[34.12075232400662,3.0321896411964304],[34.11833113142081,3.03275794360178],[34.11782363946768,3.03243748215107],[34.11708912843832,3.032499640404132],[34.11419170792823,3.030144037983178],[34.110737263670046,3.025319412374253],[34.11073462305244,3.0253182202723283],[34.109660790199946,3.025175098229171],[34.10970159162912,3.02485186015102],[34.10928050405808,3.02466176094757],[34.10995616024624,3.022834601106509],[34.10994803884558,3.022829316568934],[34.10924797689238,3.022401546021712],[34.10682840528755,3.026256753293446],[34.102711322388004,3.029041326082625],[34.09307390053334,3.032442847536043],[34.08720064009105,3.032126397804061],[34.08100978854075,3.030475564151793],[34.080487928589925,3.028840441131284],[34.07911752970619,3.027933470989572],[34.07947427890282,3.027170059952546],[34.078246587872584,3.026727417260694],[34.0777963991588,3.025646083127957],[34.078410653266985,3.025342634459758],[34.07675798538392,3.024843116632066],[34.07518410871701,3.022166051500899],[34.07332008586178,3.02138711672543],[34.07268577653355,3.020010328092142],[34.070717168674264,3.019782755493326],[34.069087935721434,3.017404754463362],[34.0632198902281,3.021301703624294],[34.0547841714529,3.022429853288862],[34.054782965889515,3.0225055248959016],[34.05826594762109,3.025500148305287],[34.05826596143127,3.0255002423960535]]]}},{"type":"Feature","properties":{"n":"South Division","c":"306203","d":"Kotido","od":"Kotido","dc":"306","k":"SOUTHDIVISION","a":["SOUTH","SOUTHDIVISION"],"lat":2.970257,"lon":34.130626},"geometry":{"type":"Polygon","coordinates":[[[34.08221935586084,2.954101636146766],[34.08666830709091,2.953082410237751],[34.086643084717544,2.954351465007777],[34.085054245395696,2.955356333029635],[34.08444510303228,2.958592395485525],[34.08592274812658,2.962539915945158],[34.08789709595878,2.963087740160552],[34.08839738563908,2.963979488033928],[34.09780344791325,2.95875820560657],[34.09843247202033,2.956854417669234],[34.099935322636995,2.95718778454598],[34.100629970129106,2.956435871471237],[34.100544597785714,2.95716872310228],[34.10230499589838,2.958520728004918],[34.10290077573023,2.961192959801236],[34.10297990677339,2.9612594777014745],[34.1042489685527,2.961742789391321],[34.10446817986595,2.961625338368507],[34.104456112117745,2.961821678306025],[34.10575113783596,2.9623148781474113],[34.105866114511024,2.962315381704903],[34.10584792410808,2.9623517383992106],[34.105936036226765,2.962385295171363],[34.10592267867504,2.9637268049578287],[34.106442085394896,2.964577489121148],[34.10728334230565,2.965470893970287],[34.10748061183967,2.965609902798728],[34.10801313448451,2.964742862254199],[34.10801322573394,2.9647431215460767],[34.10801357582433,2.964742431057926],[34.10801375546399,2.9647446268123816],[34.10881294739597,2.9670155885661287],[34.10913771566409,2.967304444731596],[34.10933285066022,2.967363438676879],[34.10979817927283,2.966425900706955],[34.11074995804344,2.966408054720239],[34.1107578282917,2.966417811472598],[34.11186092494136,2.967518657007832],[34.112016059723835,2.967977641873139],[34.11233824608945,2.968377056539542],[34.112233913770055,2.968622189204598],[34.112378170734175,2.969048990739295],[34.11165126716728,2.969991139069357],[34.11165018709751,2.969993676733457],[34.111825878396346,2.9701070260657354],[34.1126646051148,2.97064665836433],[34.11285001749769,2.9704060507040855],[34.113139729569056,2.970026027332205],[34.11313976744981,2.970030045299556],[34.11314072151323,2.970028807221689],[34.11314488112707,2.970572447056159],[34.113154625350596,2.9716060054307634],[34.11575569100491,2.9733558723980384],[34.11623826218923,2.973680360488549],[34.11791839327643,2.97735887424831],[34.118124125125696,2.979903341958992],[34.11812831977077,2.979909597422035],[34.12061746265653,2.983407500718267],[34.126614950841216,2.985095030377039],[34.12717832594724,2.986967620888989],[34.12868583630112,2.98556134948571],[34.128705709411406,2.985542790523094],[34.1315112447019,2.987005843236842],[34.131721537891075,2.9865834783071525],[34.13217496245537,2.98567128059203],[34.13217499776253,2.98567272343453],[34.13217517342159,2.985672370630791],[34.132333731181866,2.9876020839612987],[34.13437715251227,2.988114987085692],[34.134431937545024,2.98904334816048],[34.1366911569643,2.989358928253041],[34.13989908163429,2.988787936865539],[34.13986925255783,2.9889200273832914],[34.14005811423527,2.988864514275927],[34.139665714211525,2.9898213454507183],[34.13966556663855,2.989821998940309],[34.13983886618107,2.9898450399117666],[34.14127480194649,2.990033899175834],[34.14127440792998,2.990035901791608],[34.14127749956607,2.99003631283885],[34.14107563831611,2.991047763377903],[34.142842977623,2.9929274531886887],[34.143237594787145,2.9929057845619176],[34.14431140340508,2.992844166016789],[34.14431192367685,2.9928467926227524],[34.14431347213188,2.992846707596309],[34.14458487827714,2.9942233951568498],[34.14493016739634,2.99338542503649],[34.144930894500554,2.9933853859526813],[34.144931108850486,2.993384866049249],[34.14526277658262,2.993367546397479],[34.14606047559101,2.993324667928698],[34.14615059122802,2.99212413486722],[34.14639811515469,2.9921819717325864],[34.14642912297744,2.992076790083866],[34.14717079703773,2.9923625179070217],[34.14765416374923,2.992475462202114],[34.14762920743169,2.9925391192080393],[34.14772584778114,2.992576349627917],[34.14728668251523,2.9934151172639547],[34.14886506651812,2.993237102418011],[34.148865038971906,2.993237499765563],[34.148866024622286,2.993237388602522],[34.148809575302394,2.99405205778793],[34.14942286465715,2.994255145145211],[34.15031953957668,2.994551426045727],[34.15031915110821,2.994551945416247],[34.15031981397893,2.994552164922199],[34.14988619206615,2.9951307984742774],[34.149505424096915,2.9956398736568675],[34.150094562285844,2.9955356200217897],[34.150529104858904,2.995458404455103],[34.150549408387995,2.995562091112973],[34.15096236829983,2.9976693296567],[34.15097247222927,2.9976807305729487],[34.15358417163042,3.000491292061703],[34.15358434706178,3.000627877660792],[34.15363191793384,3.000681554948583],[34.1535844343126,3.00069580852672],[34.15358790687332,3.003399440188004],[34.15358792971604,3.003399499387994],[34.15361691655102,3.0034008897551328],[34.16721008578168,3.003026100698587],[34.167237994671616,3.003025207483441],[34.16949326372792,3.000660292481328],[34.16952410616855,3.000627933078392],[34.16843340923005,2.99912864626272],[34.168433701906196,2.9991283378675164],[34.1684325193,2.9991267115],[34.16883425531769,2.9987062715290866],[34.16901743458774,2.9985132540648363],[34.168247174331675,2.9964760096413823],[34.16821854090651,2.9964003353979023],[34.1679328249,2.99681386],[34.16728086101756,2.9956612156172397],[34.16727800576393,2.995658966014589],[34.1661338077,2.9964426834],[34.16613354011711,2.99644257789807],[34.16613336713785,2.996442696761701],[34.165776158887205,2.9963016704954875],[34.1646491729,2.9958573252],[34.1626789836,2.9935730475],[34.1630288878,2.9927697785],[34.16057410555742,2.9906278540085323],[34.16005782492745,2.990177713701757],[34.16005792208184,2.9901774572241404],[34.1600558298,2.9901756316],[34.161108659454726,2.987398523616877],[34.16052206590376,2.986609033003998],[34.1524254106,2.9757120835],[34.1502536567,2.9759788219],[34.1479825973,2.9699177129],[34.1447547513,2.9696065174],[34.1473015606,2.9657531897],[34.1481041962,2.9606095596],[34.1462943815899,2.960111559182437],[34.14626070578812,2.960102325907474],[34.14626065092815,2.960102277633077],[34.1462605138,2.9601022399],[34.144442435125335,2.9585023266458625],[34.1440301934567,2.958139571870726],[34.1417823726,2.9583580924],[34.141821748316765,2.9582747692135714],[34.14418798747382,2.953084388328823],[34.142814134833955,2.9530070355369746],[34.142813868190274,2.953007041669548],[34.14214115778866,2.9510260713708822],[34.14086911298486,2.950830023179405],[34.14086903146589,2.950829895113036],[34.14086865573594,2.950829837340834],[34.13957786893331,2.948801639612018],[34.137769408480246,2.94778412641318],[34.13776965610764,2.9477828222606135],[34.137769449963685,2.947782706138558],[34.13780939431375,2.947573537324972],[34.137964864483294,2.946754739306223],[34.13597291447381,2.945850814302873],[34.135537662111915,2.944845391663091],[34.13440611695069,2.944721376024967],[34.13146383630026,2.944399342294577],[34.13046446327949,2.943971040692172],[34.130464446724,2.9439698978573143],[34.130463808361604,2.943969623921175],[34.13044663203298,2.942830137396769],[34.1283258673069,2.943363217422091],[34.128135476454375,2.9432554267311373],[34.1280910965104,2.943263616984077],[34.12699002012493,2.9426069211565635],[34.12697683208278,2.942599454683481],[34.126390835256316,2.9409148409473205],[34.12632706629751,2.940918450091542],[34.12540638790566,2.940971900903555],[34.1254060624311,2.9409705763273264],[34.12540570155038,2.940970596752163],[34.12528633524228,2.9404833253852556],[34.12512764858752,2.939837522015209],[34.12342802876024,2.939380747144963],[34.122556693039385,2.940024514181294],[34.122614933214145,2.941064419910023],[34.122620983080715,2.941145125817266],[34.122619394703996,2.9411440819110353],[34.122619412284095,2.941144395811948],[34.12162218557003,2.94048878215357],[34.12067934510097,2.941402107159206],[34.119820672334875,2.94082513438909],[34.1179953151016,2.941730473564164],[34.11580508832837,2.9400781649129764],[34.11437897804732,2.939002517304611],[34.11437904504353,2.939002356834419],[34.114377677679926,2.939001325294337],[34.114493425042994,2.938728392355046],[34.11460558549131,2.938459744173773],[34.11443574519509,2.9384240868196816],[34.10866237101579,2.9372494851196493],[34.10834564748218,2.937537862426628],[34.106746200170406,2.936860070207541],[34.10152063977493,2.939109869569172],[34.10042737284933,2.9430803739133045],[34.10042722502518,2.943081203267082],[34.10042708542876,2.943081417761412],[34.100426860838425,2.94308223342398],[34.099331238669855,2.9447652211255595],[34.09878557877523,2.9456036448912726],[34.098787748217546,2.945610597329601],[34.10028554151744,2.949008447659694],[34.099894003489325,2.9491558271261358],[34.09993544878066,2.949288647358066],[34.09694988384223,2.950264043969542],[34.09220453566403,2.953491523206655],[34.09220503658101,2.9534897626026027],[34.09220465829544,2.953490019794407],[34.09225470719442,2.9533151822073522],[34.09269950326477,2.951751829785659],[34.091994556459085,2.9513816097181924],[34.091521675222076,2.951134417291669],[34.091522735291356,2.9511338212848814],[34.091522161613625,2.951133520003983],[34.091703010110805,2.9510324646864907],[34.09296424083415,2.9503233581329886],[34.09146797346739,2.9495846967247688],[34.09127420651464,2.950601411475332],[34.09033360880024,2.9500765473878494],[34.08955225049489,2.949640892976983],[34.08955223882347,2.949640534166081],[34.08955148256897,2.949640112167578],[34.08951341085785,2.948459905192765],[34.08951382782024,2.9484596763484365],[34.08951381484978,2.948459277601407],[34.08975036904743,2.9483298538065976],[34.09031245061725,2.948021362728819],[34.088615058865464,2.9449481922813874],[34.08278101721792,2.943763813177605],[34.08277243987935,2.943762223039013],[34.081058254409456,2.944492161118848],[34.080566949206705,2.9457958457720945],[34.08055870636663,2.945817748175267],[34.083527721470674,2.950031242341522],[34.08221935586084,2.954101636146766]]]}},{"type":"Feature","properties":{"n":"West Division","c":"306204","d":"Kotido","od":"Kotido","dc":"306","k":"WESTDIVISION","a":["WEST","WESTDIVISION"],"lat":2.976162,"lon":34.07077},"geometry":{"type":"Polygon","coordinates":[[[34.04668375417713,2.967698754601828],[34.04668369867724,2.967699294692665],[34.04600326930234,2.977030700170864],[34.04610786744072,2.977094994335151],[34.04598198848431,2.9773225452165124],[34.04594138791619,2.977879341230507],[34.045603021482385,2.978007602336082],[34.045489212206114,2.978213334905369],[34.04280024276547,2.9790701770349175],[34.04275999974646,2.9791189556043265],[34.040299640618926,2.982101448703546],[34.04170310623227,2.986280028641392],[34.04119628425886,2.989442330625951],[34.03988331800974,2.991569941842642],[34.043249055733796,2.994135654683379],[34.043366353245105,2.994225052215973],[34.043341735824846,2.9942970822030603],[34.042974929896545,2.9953708837969497],[34.044387141764496,2.997822795893755],[34.044248041453535,2.998000940043925],[34.043909634200446,2.9984357236030363],[34.04464213695847,2.9984548860084947],[34.04476507310373,2.998457936329199],[34.0447650940288,2.998458102587832],[34.04476547417854,2.998458112532618],[34.04476545493391,2.9984609701337024],[34.0452064062783,3.0019645176829775],[34.04556497306791,3.002248594451836],[34.04528703168155,3.0026051210910314],[34.04546178904002,3.0039936432551086],[34.04598031957613,3.0052371833293337],[34.04650201311069,3.0053538089972385],[34.04658576798214,3.005303825586943],[34.04667085861545,3.005391554758802],[34.046920728474845,3.00544741368231],[34.048426523359666,3.007201354308619],[34.04842621632904,3.007201343598552],[34.04842746565759,3.007202631666985],[34.047849468821695,3.007181960115455],[34.04789880140641,3.0073633000375515],[34.04817762023024,3.008380462046238],[34.0475517192101,3.008711156534523],[34.04877271062508,3.0127741491762294],[34.050939565902056,3.0138310396233505],[34.050958063555484,3.013838694511743],[34.052704585750114,3.016061108596585],[34.05376880808101,3.0193011967559436],[34.05381883629018,3.019453296320641],[34.05481849940723,3.020275133334977],[34.054787069057404,3.022247974514988],[34.06321993184227,3.0213016759884637],[34.069087935721434,3.017404754463362],[34.0690888071932,3.017406026448895],[34.069089630597695,3.017405479853636],[34.0699602191574,3.0186779247031015],[34.07071662225963,3.019781957955711],[34.071307701354925,3.0198510215302563],[34.07268577653355,3.020010328092142],[34.07268661023125,3.020012137659603],[34.07268855379202,3.020012364751468],[34.07332066584176,3.0213873590865012],[34.07427953644848,3.021788050343399],[34.0751833804432,3.022165348299256],[34.0751836905343,3.022165876751403],[34.07518410871701,3.022166051500899],[34.07675798538392,3.024843116632066],[34.078410653266985,3.025342634459758],[34.07779790264666,3.025645340387482],[34.07821796942369,3.026658676964304],[34.078246587872584,3.026727417260694],[34.07947427890282,3.027170059952546],[34.07947394539623,3.0271707736265014],[34.07947442727613,3.027170947659463],[34.07911754572176,3.0279334815891468],[34.080487928589925,3.028840441131284],[34.081009704545146,3.0304753009717205],[34.08496611572807,3.031530546331087],[34.08720064009105,3.032126397804061],[34.09307390053334,3.032442847536043],[34.093078881154575,3.0324410896291845],[34.09457411158365,3.031444309214958],[34.09740916113509,3.0309127202711594],[34.10200767895637,3.0292896765506607],[34.10682318824289,3.0262602818210365],[34.10682840528755,3.026256753293446],[34.108968319479295,3.022847136179224],[34.10924796584387,3.022401541740676],[34.10923810832253,3.022367369833218],[34.108785573051975,3.022072908355314],[34.108709756947775,3.020949335184044],[34.106038168232494,3.020368517940038],[34.106038216333204,3.020368362804577],[34.10603751251347,3.020368276364167],[34.10637227003088,3.0192909655112667],[34.1064017542804,3.0191958722647567],[34.105796973087415,3.018096516899917],[34.10565956052311,3.017846804737642],[34.10565958745924,3.017846780914181],[34.10565943991553,3.017846512713091],[34.10645874683443,3.0171396214233717],[34.104453722520404,3.015027949307997],[34.10445372238377,3.015027554182761],[34.10445305257488,3.015026848627569],[34.10445253644944,3.0130563414493867],[34.103887740498834,3.0127031337005636],[34.103539339566645,3.012485582371617],[34.10351674122875,3.0113429599286254],[34.10181916349927,3.010636853558037],[34.10181911509247,3.0106367949606163],[34.101818986482314,3.01063674149763],[34.100191437488874,3.008666549158584],[34.09992017795609,3.007238876701872],[34.10126361376957,3.0069012611652286],[34.101283579397084,3.0068962396936065],[34.0993348305933,3.006410817641047],[34.098076245249274,3.0030346052678296],[34.09737738935887,3.003178091459319],[34.09689887487953,3.003277232494785],[34.0968990268659,3.003276306861391],[34.09689798518642,3.003276520734699],[34.09700352105332,3.002639912244709],[34.097133381273586,3.001849032415469],[34.095919368404736,3.001213836272218],[34.095114327394064,3.000793048588212],[34.095114464819694,3.000792694399653],[34.09511410047413,3.000792503766667],[34.095514807860184,2.9997608859472806],[34.09600618388288,2.9984944572043584],[34.09530821636333,2.998295035664833],[34.09530443921878,2.998302009088364],[34.09487166015995,2.999479656989777],[34.09469077130279,2.999434972425235],[34.094643363738264,2.999522497014824],[34.0940894348043,2.9992864256324787],[34.093484629722376,2.999137022003412],[34.09348929901071,2.999030661981759],[34.09333692290404,2.998965722896737],[34.093550963429315,2.9976260306055615],[34.09355104559386,2.9976241590091965],[34.09206133592585,2.996048704090212],[34.09264410042487,2.994787122229215],[34.09204470445802,2.994215016845977],[34.09233761134096,2.9938339042202604],[34.09221589027405,2.993455386908736],[34.093524417413306,2.9922893999672886],[34.093096813773656,2.991297033832145],[34.09296554328224,2.99099265665728],[34.09296563246676,2.9909925932837993],[34.09296552959538,2.990992354543847],[34.09296841995435,2.9909906125276113],[34.094947421781455,2.9895843569011085],[34.09504145628706,2.9892207688605654],[34.09480336599738,2.9886923090757187],[34.0944400232214,2.988489490750975],[34.093501402966815,2.989041165654936],[34.09350113825863,2.989040955128872],[34.093500904923054,2.989041187988091],[34.09135055061905,2.987331112196824],[34.092450971146285,2.98406143105485],[34.09383022682999,2.983240282865686],[34.09360681684806,2.9831783141283266],[34.09292686258479,2.982990663869464],[34.0929264666836,2.9829896008027696],[34.09292615402673,2.982989514079019],[34.092284921842705,2.981268670105676],[34.09228550999812,2.981268515538117],[34.09228441041589,2.981265562959859],[34.09370000104374,2.98089636716615],[34.093259988554806,2.978945587315559],[34.0946400744116,2.976459054297627],[34.09630569144568,2.975864190615559],[34.0963059245423,2.9758644734672544],[34.0963061751053,2.975864383842866],[34.097316041935215,2.9770902030106567],[34.09736454705993,2.977149061678761],[34.097371939584825,2.9771298388120133],[34.09789856784139,2.97575801719242],[34.09789950803864,2.975757996547175],[34.09789982151143,2.975757181420289],[34.09791032925936,2.975757758930281],[34.09948425296565,2.9757231980547667],[34.09985677521874,2.975127318254088],[34.09986217425278,2.9751163042667903],[34.09908966750139,2.974888607807261],[34.10030319723986,2.973477436183158],[34.10281251273191,2.9705591474120605],[34.10104082707596,2.967298123197949],[34.1010497333114,2.9672758355809536],[34.10149297196277,2.965866869348726],[34.10048463540006,2.965206150470935],[34.10048257374309,2.965205155368474],[34.10048251114779,2.9652047585412684],[34.10048165179844,2.965204195447201],[34.10047928097582,2.96518428064636],[34.10027965378228,2.963918730474413],[34.10032302515792,2.9638717389717506],[34.10030319223828,2.963705143360102],[34.10101621268638,2.963120692386074],[34.101026311110644,2.963109751065363],[34.10102766893111,2.963111301893268],[34.10102891765333,2.963110278336481],[34.102099995095244,2.964334878401638],[34.10210022988875,2.9643342812725306],[34.10280428270709,2.9613733725654954],[34.10218369030247,2.960148166968621],[34.10253964208429,2.9595731788690802],[34.10244136168504,2.9591323650083297],[34.100585724831724,2.9572003091210557],[34.100544597785714,2.95716872310228],[34.10060631860297,2.9566389004477616],[34.10042586484901,2.956656802850783],[34.099935322636995,2.95718778454598],[34.09843292403874,2.9568545179373285],[34.098432422449555,2.956854567698841],[34.097938165681654,2.9583504723264835],[34.09780373059506,2.958757982983098],[34.0978034744993,2.95875812514193],[34.09780344791325,2.95875820560657],[34.08839738563908,2.963979488033928],[34.08789709595878,2.963087740160552],[34.08592274812658,2.962539915945158],[34.08592268607587,2.9625397501770356],[34.085922553425114,2.962539713407526],[34.08556731363491,2.961590374723569],[34.08444510303228,2.958592395485525],[34.08444522868546,2.958591727954322],[34.084445218219074,2.958591699984075],[34.084470319930226,2.9584584309780593],[34.085054245395696,2.955356333029635],[34.086643084717544,2.954351465007777],[34.08666830709091,2.953082410237751],[34.0830538715527,2.9539104540072825],[34.08222012225026,2.954102334481828],[34.08222037891711,2.954101401771202],[34.08221935586084,2.954101636146766],[34.082226017669576,2.9540809109115576],[34.0833930240281,2.9498400857227085],[34.08055870636663,2.945817748175267],[34.080566949206705,2.9457958457720945],[34.080558698997685,2.945817737807493],[34.07827211581874,2.942374913735222],[34.07490180652926,2.9407043528615286],[34.07468302997935,2.9407190271126704],[34.071397805497156,2.940941269798103],[34.069899138168886,2.944054422970691],[34.0698963176131,2.944052549174376],[34.06989594050932,2.944053330913399],[34.06530679756174,2.94150838422477],[34.0630986898781,2.9395366414025497],[34.06309388802861,2.939533451361805],[34.06340266283226,2.93589230444828],[34.05935813556132,2.931324311968181],[34.06137164022493,2.927916966004809],[34.06127696442965,2.9278665949917144],[34.045118273515286,2.9194088219531],[34.04617230749519,2.9226340853697224],[34.04710554624782,2.923916494315032],[34.04782663994216,2.924446419977301],[34.048665248500335,2.926059757349285],[34.04979820186113,2.927616603890868],[34.049714315468485,2.928077980188685],[34.049741207102116,2.928129715026246],[34.049341711035105,2.9301273096281615],[34.04934134747237,2.930129309228116],[34.047886012782136,2.931025951426284],[34.04824249965608,2.932239328538536],[34.04357886833386,2.935618743269127],[34.0440550268864,2.938878378689655],[34.04419996552615,2.939017671422598],[34.04648169752966,2.94120990254057],[34.04712415392511,2.94387489813062],[34.04707274911803,2.9440994554942392],[34.047124049956736,2.944349909123429],[34.04696809527858,2.9445566265568823],[34.04621995738486,2.947824800927525],[34.045993963915926,2.948014683813942],[34.04595825473453,2.948371768317067],[34.04487849496063,2.948951916495691],[34.04160382952972,2.95170333637972],[34.041372455014084,2.952296950401492],[34.03908238482587,2.958173408501687],[34.041490410228164,2.9605379549592006],[34.04155597686906,2.9606022607305733],[34.04796860207358,2.963273180223022],[34.04668719890765,2.9676868422042118],[34.04668375417713,2.967698754601828]]]}}]}
