{"type":"FeatureCollection","name":"Kyegegwa sub-counties","metadata":{"source":"Uganda Bureau of Statistics NPHC 2024 Map Explorer","retrieved":"2026-07-26","display_only":true,"clipped_to_dashboard_district":true,"positive_area_overlaps_removed":true,"source_gap_ratio":0.00628016},"features":[{"type":"Feature","properties":{"n":"Kakabara Town Council","c":"422101","d":"Kyegegwa","od":"Kyegegwa","dc":"422","k":"KAKABARATOWNCOUNCIL","a":["KAKABARA","KAKABARATOWNCOUNCIL"],"lat":0.523141,"lon":30.950698},"geometry":{"type":"Polygon","coordinates":[[[30.916575403428716,0.509715571165691],[30.917146391984087,0.512608315913843],[30.91594721331815,0.516511424095837],[30.916118496586517,0.52937941063476],[30.916336304788135,0.529846948697073],[30.917401712568935,0.528754738404581],[30.91994795397555,0.528160941029112],[30.925301043882836,0.533823244571184],[30.925585844688428,0.53748813156633],[30.924658197039015,0.538534220161255],[30.920707327742264,0.539893621320279],[30.922716723429875,0.548663198810424],[30.922174261026022,0.552023289150024],[30.92398256971174,0.554992774777221],[30.92595310671138,0.55594595033945],[30.926048022954717,0.559142637412863],[30.930226149337802,0.563607011286068],[30.933494958085657,0.570716467926388],[30.93298903144221,0.572230359549758],[30.93471985308505,0.57373003954517],[30.93870649789821,0.575061688061972],[30.939413341019847,0.577520522889325],[30.94379323667956,0.58095514493631],[30.946062501960427,0.579431727813844],[30.945991476499906,0.577052513744662],[30.94683590864438,0.575386412236147],[30.94626486181149,0.571531826759098],[30.947228542005007,0.569069098912694],[30.949864319928768,0.566818101144814],[30.950916700609614,0.561264296512573],[30.949517109545035,0.552495074106898],[30.95356536313924,0.55625720423622],[30.95787232158857,0.558803287437642],[30.96253583211001,0.55992156638883],[30.96581997738132,0.559596075962901],[30.96681113468488,0.564903734316451],[30.965973581896783,0.568494587254883],[30.968585382851003,0.572905584018709],[30.9745900523646,0.574234877634055],[30.97700278958409,0.577667799637982],[30.97944861603169,0.577988618413935],[30.98389935695416,0.576630226356894],[30.98626688753776,0.573822439278632],[30.98691318243176,0.571152539821595],[30.988722683821443,0.570627568012423],[30.989032781337812,0.568028602727928],[30.98829038461904,0.559881436945993],[30.984540433111704,0.549582604287894],[30.985387699460958,0.54503191189853],[30.988485440206457,0.542705349515789],[30.98719580621148,0.533197119096336],[30.984854552054614,0.530778884310776],[30.985692009415565,0.518120943166919],[30.984332582618205,0.509664882844694],[30.98262091268803,0.505204874240987],[30.98400532713901,0.495910717921984],[30.986263633271633,0.493527997990452],[30.98517317411234,0.484284520198666],[30.981186592140993,0.484491957991875],[30.97881730508449,0.483520687747274],[30.977642067982348,0.48661195055959],[30.975985902885572,0.488325203922621],[30.973263049178218,0.490229079746097],[30.968858295152554,0.491070262484428],[30.96842042427134,0.495331886653749],[30.956787597393575,0.486560982236308],[30.952489387338016,0.478686749361705],[30.950292541224727,0.46882805099544],[30.94865095002957,0.467697829207427],[30.947767333238115,0.46417401761426],[30.94258217132202,0.462398563304878],[30.940991036127677,0.462587966210153],[30.935612466586647,0.465280732473152],[30.933553614453487,0.467321152672432],[30.933909356954437,0.468241548476691],[30.930764915520612,0.473371449536244],[30.92739887132509,0.478366351946406],[30.925194767210506,0.479460232398555],[30.92431926214352,0.481324571228092],[30.923111686700285,0.489468274245145],[30.92509054497999,0.493330250881854],[30.9282575635021,0.495894414803226],[30.92840592034958,0.499700238467956],[30.927097133071445,0.503061176282981],[30.926442321920646,0.504101924431616],[30.92448013502689,0.504637151408521],[30.920568584583656,0.503379058805067],[30.918678018530386,0.503733170484315],[30.916454197420787,0.502632769013975],[30.91754605639191,0.507164078058239],[30.916575403428716,0.509715571165691]]]}},{"type":"Feature","properties":{"n":"Kyatega","c":"422102","d":"Kyegegwa","od":"Kyegegwa","dc":"422","k":"KYATEGA","a":["KYATEGA"],"lat":0.52431,"lon":31.003877},"geometry":{"type":"Polygon","coordinates":[[[30.950293242834498,0.468830264962392],[30.95162537762539,0.4748093675593309],[30.952489387338016,0.478686749361705],[30.956787597393575,0.486560982236308],[30.96842042427134,0.495331886653749],[30.968858295152554,0.491070262484428],[30.973038008732143,0.4902720560706686],[30.973263262865487,0.4902289303315233],[30.975985902885572,0.488325203922621],[30.977642056867015,0.48661196205807117],[30.97765511311752,0.48657763753358596],[30.97881730508449,0.483520687747274],[30.9811865329251,0.4844919337167946],[30.981204685097804,0.48449101654301974],[30.98517317411234,0.484284520198666],[30.986263633271633,0.493527997990452],[30.984005407432864,0.49591063320460915],[30.983770769183273,0.49748540410425346],[30.98262091268803,0.505204874240987],[30.984332582618205,0.509664882844694],[30.985692009415565,0.518120943166919],[30.984854552054614,0.530778884310776],[30.986817557606212,0.5328064336459052],[30.987195713873078,0.533196851800642],[30.987195740945108,0.533197051683997],[30.98719580621148,0.533197119096336],[30.988485440206457,0.542705349515789],[30.985387699460958,0.54503191189853],[30.98498327490917,0.5472040880170816],[30.98454045246103,0.549582657428703],[30.98829038461904,0.559881436945993],[30.989032781337812,0.568028602727928],[30.98897750466337,0.5684918833101185],[30.988722774269924,0.570627032170113],[30.98872274680624,0.5706270401291434],[30.988722683821443,0.570627568012423],[30.986913939076434,0.5711523203041488],[30.986267191264,0.573821867559526],[30.986266959347983,0.5738221426244651],[30.98626688753776,0.573822439278632],[30.984110593386266,0.5763797092448304],[30.983899450895517,0.576630135654851],[30.98389942887118,0.5766301410664769],[30.98389935695416,0.576630226356894],[30.97944861603169,0.577988618413935],[30.97874584001589,0.5778964353641607],[30.97837057414753,0.577988642376121],[30.97930880149353,0.581434372280765],[30.978738401377203,0.589015865512875],[30.979249253982694,0.593229240610661],[30.975195780556593,0.60127584265253],[30.97543231668175,0.60424234589452],[30.97854129910253,0.609439316182182],[30.981833192817945,0.60372249863988],[30.9867914502698,0.601527527082872],[30.99354837131379,0.600245953950794],[30.999174438017466,0.597562600567354],[31.005662476602517,0.595729520363144],[31.00715675892707,0.591055731898243],[31.018347977803288,0.593175295633498],[31.02434363487937,0.587978546457052],[31.03214304345159,0.583360777777615],[31.032912298055898,0.580214852322049],[31.03446022166037,0.578397462906221],[31.033155682854566,0.567501427074091],[31.030620988222683,0.559752235415205],[31.03264198395244,0.55341385321145],[31.027030632355345,0.551983699301716],[31.02579795752135,0.550635623319794],[31.025517731671645,0.547997430567667],[31.02419896193074,0.545405187177383],[31.02414782856583,0.540164562323675],[31.022196451476006,0.536945000109756],[31.017610281604625,0.533365081316308],[31.021529142034368,0.52755937082293],[31.023412573488272,0.521060494079595],[31.024884478887948,0.519687035048331],[31.0229762622289,0.518060544314885],[31.023372473106676,0.515769189871374],[31.020206005446873,0.511012174936327],[31.02278467472676,0.509875024408616],[31.023515836557774,0.507864251629467],[31.019002456734746,0.506111654621844],[31.017195332867477,0.499461891124017],[31.009944264841877,0.4997325533111],[31.007149293082524,0.498274421792649],[31.00771649064065,0.496915559181948],[31.01263560267033,0.495729020497799],[31.011581018413267,0.494244992542561],[31.0123158491018,0.491244157541147],[31.011881872966374,0.485918632149131],[31.01321250130861,0.483052491385373],[31.010259787574924,0.478366992283107],[31.008792683592315,0.47753419477273],[31.008559665092985,0.476053448060196],[31.010120260725802,0.471487041313719],[31.009571081902404,0.467282540282717],[31.00576717333341,0.465067505968189],[31.005725393507344,0.463755007082131],[31.00062972742251,0.457190078822723],[30.99900238184116,0.450741171646657],[31.00010356520958,0.444177905540507],[30.9962182696896,0.441346264727009],[30.995076689747133,0.438019076675887],[30.994161261307585,0.438587820340269],[30.992830798805542,0.437989796640512],[30.99128256656403,0.43382268211623],[30.981810368471333,0.439543514567718],[30.976361778304387,0.444198129536353],[30.972490788362006,0.446041809593545],[30.969202326645416,0.450308924910821],[30.95428908213079,0.456199493956188],[30.951821433570842,0.462392479808326],[30.947749319335127,0.463955213544382],[30.948645023046673,0.46767419274957195],[30.94865095002957,0.467697829207427],[30.950292541224727,0.46882805099544],[30.950292996761537,0.46883009528975306],[30.950293242834498,0.468830264962392]]]}},{"type":"Feature","properties":{"n":"Kyegegwa","c":"422103","d":"Kyegegwa","od":"Kyegegwa","dc":"422","k":"KYEGEGWA","a":["KYEGEGWA"],"lat":0.462225,"lon":31.111452},"geometry":{"type":"MultiPolygon","coordinates":[[[[30.99507595690097,0.438018790491523],[30.995076166702354,0.4380194016367364],[30.995076689747133,0.438019076675887],[30.9962182696896,0.441346264727009],[31.00010356520958,0.444177905540507],[30.999106280723435,0.45012191418957537],[30.999415792667886,0.4523794518482921],[31.00062971962324,0.4571900479154852],[31.001232183636088,0.4579662446380891],[31.005725393507344,0.463755007082131],[31.005767164856344,0.46506723966408864],[31.007215391572824,0.4659108104370131],[31.009571081902404,0.467282540282717],[31.010120260725802,0.471487041313719],[31.009002733496036,0.47475700040758717],[31.00879248460764,0.4775329302984277],[31.008792683592315,0.47753419477273],[31.010259787574924,0.478366992283107],[31.012500222318206,0.4819222150121367],[31.01973380593245,0.47769040208931],[31.023600187387167,0.470761836379983],[31.028724986339487,0.466594500758756],[31.031740892232065,0.470335577111399],[31.03603652084117,0.459181916409745],[31.03874011048205,0.455169983256865],[31.039753992703762,0.4549675839156],[31.044848605543272,0.459763386140882],[31.048465206043527,0.460279758779372],[31.047998619328496,0.46594000489641],[31.053053292888055,0.465839702786127],[31.058609371423856,0.463101586416413],[31.06541245413207,0.457327871949176],[31.068641544399952,0.456623838970564],[31.075440201648277,0.453109311804786],[31.07686553014968,0.453636396572718],[31.082603481689166,0.461348674968344],[31.082118115910777,0.463388662960526],[31.082861257642328,0.465732123307345],[31.081350080988386,0.467929501402499],[31.08111180627371,0.470369582550741],[31.086588158717653,0.470132215792986],[31.08915512896513,0.470791298852932],[31.098433491994385,0.482378422294313],[31.09780583515003,0.485787499765517],[31.096049856913144,0.489013854579891],[31.09115322528058,0.493639339402944],[31.088654464131753,0.495009995658585],[31.086723807047747,0.495064521979496],[31.08590385080783,0.496983868905177],[31.086467785003176,0.49985349534374],[31.09117949425251,0.507016135670971],[31.09490418589669,0.514814851228791],[31.09452369082465,0.515532864391552],[31.098091701606457,0.516681212274128],[31.099325530227773,0.522349483034481],[31.113795421163427,0.515870718540752],[31.115321370107264,0.516496999861399],[31.11667789839127,0.521535161870953],[31.116254392408546,0.525849923292048],[31.117016388762536,0.528125843736107],[31.126231548270606,0.528604828741039],[31.13015994731703,0.527575184131917],[31.13120799435285,0.525965940570093],[31.13172865146492,0.518704058209722],[31.1360037870337,0.514447186024889],[31.138617313045323,0.513616067765967],[31.142656076966986,0.507567786803919],[31.142736274522687,0.49912366490403],[31.14410753452239,0.491807013223187],[31.139816867968687,0.481370542482563],[31.138139063566996,0.473294100275176],[31.138110721496215,0.464827873608589],[31.13872177309285,0.46417142837381],[31.140220358965898,0.464390518454523],[31.140960505270936,0.458846150560961],[31.140197387818592,0.457065308373776],[31.1417664824277,0.45522016338985],[31.141741634727786,0.45442257832573457],[31.134484774026213,0.44629248542355826],[31.13423229312904,0.446121931256395],[31.1340995912459,0.44586095284810195],[31.12447207577146,0.4350749396609754],[31.122774617547602,0.433947439980971],[31.117824880383402,0.427633848764009],[31.117825723955484,0.42762881936921604],[31.1178,0.4276],[31.11571152679409,0.4189783542012482],[31.11477028960187,0.417972470228896],[31.114718579577108,0.416044736286108],[31.113588520708884,0.414447528101936],[31.113683441186453,0.411917029558243],[31.115535521736106,0.406670775735139],[31.11582901730523,0.40631998150203524],[31.117353749710873,0.4022255951819939],[31.11698248078286,0.400507842247813],[31.1182580052498,0.399797384504033],[31.118274489132425,0.39975312009194885],[31.119352233045802,0.394553559669526],[31.11449482101565,0.395036593331584],[31.1099870637003,0.397209640323834],[31.110739724239323,0.398664029877191],[31.109958444239656,0.398978285611251],[31.109401717813597,0.401718878084022],[31.10742575610068,0.399344109303993],[31.100409664739747,0.400796392220229],[31.09781480833522,0.39948562958276],[31.092143295336513,0.399406436674019],[31.091606981595017,0.396822888154366],[31.09018164961865,0.394931629731751],[31.085632062196694,0.397748513590228],[31.084277375361086,0.401744657350817],[31.08306215226705,0.401365403859299],[31.07868638705493,0.40350566375828],[31.07658536522829,0.403631886414658],[31.07523624169507,0.406579950540541],[31.075593091017215,0.410349807970046],[31.075021069878098,0.411677021725318],[31.07004891181267,0.41206087109085],[31.062278729432226,0.414888325633183],[31.052736842743812,0.412038483340014],[31.043403852754,0.413500910351855],[31.037287716906683,0.412332995619413],[31.035751826882485,0.416428541703245],[31.029183401843827,0.419846422278758],[31.02302990767138,0.420881727396829],[31.01971639289236,0.418894535207957],[31.018514153059762,0.425103478234484],[31.01526197468121,0.427226342099293],[31.01335355449665,0.429538527667371],[31.006754456507004,0.429224496002618],[30.99909286591585,0.427192307439829],[30.994848516923426,0.427898322992117],[30.991282575757182,0.433822674820867],[30.9928314228312,0.4379900771310415],[30.994161261307585,0.438587820340269],[30.994749265891585,0.4382225008162842],[30.99507595690097,0.438018790491523]]],[[[31.116536070303642,0.374641610001858],[31.115794895588635,0.378538615962942],[31.117069239305057,0.380179902736687],[31.117105186043066,0.383871350896236],[31.12271332342195,0.387118740251183],[31.123220046158536,0.3864727431826741],[31.124261209513385,0.38367689193608684],[31.123104475909944,0.381264328363835],[31.124561768867768,0.38133867180758],[31.125429033264652,0.38037131921263],[31.126734860970828,0.375952638093119],[31.127708184865973,0.3744206784018635],[31.1282,0.3731],[31.138122502210695,0.3598699970524065],[31.138699274102397,0.358645224800966],[31.13921193504494,0.3584174199400805],[31.143071802472075,0.35327093003723464],[31.142802785738244,0.3519083572147312],[31.13652465408087,0.33307396224260427],[31.133780805645486,0.333107278880112],[31.13084333125118,0.330865599594964],[31.127565840388495,0.336887438338695],[31.128893119015995,0.340947671501722],[31.127279430767654,0.342592972217116],[31.124977321081882,0.343449276666221],[31.121863114025054,0.341918264704387],[31.11740176584028,0.343230177888682],[31.11548080450794,0.358647570847698],[31.11332039588681,0.365341218700134],[31.11508119575741,0.372669957632655],[31.116536070303642,0.374641610001858]]]]}},{"type":"Feature","properties":{"n":"Kyegegwa Town Council","c":"422104","d":"Kyegegwa","od":"Kyegegwa","dc":"422","k":"KYEGEGWATOWNCOUNCIL","a":["KYEGEGWA","KYEGEGWATOWNCOUNCIL","TOWNCOUNCIL"],"lat":0.518535,"lon":31.061014},"geometry":{"type":"Polygon","coordinates":[[[31.0105410097173,0.49971027848585453],[31.017195332867477,0.499461891124017],[31.019002338702915,0.5061112202942433],[31.023515584540764,0.507863595846755],[31.023515406946682,0.507864084806566],[31.023515836557774,0.507864251629467],[31.023085669102638,0.5090472578704598],[31.02278543066161,0.509873887503137],[31.022785022863538,0.5098740669954624],[31.02278467472676,0.509875024408616],[31.020206673374265,0.5110118803913885],[31.02287651110693,0.5150241013710383],[31.023372473106676,0.515769189871374],[31.022976514394728,0.5180590859973161],[31.024090993800524,0.5190106987760816],[31.024884478887948,0.519687035048331],[31.023412588270585,0.5210604802859788],[31.022869687481844,0.5229337500635782],[31.021529142034368,0.52755937082293],[31.0215290953668,0.5275594399599639],[31.021529085090773,0.527559475417218],[31.021500458732966,0.5276018645393863],[31.017611112091124,0.5333638509677756],[31.022115642816562,0.5368819216702903],[31.022196451476006,0.536945000109756],[31.023904618924,0.5397632925860194],[31.024147451950594,0.540163933688844],[31.024147452023144,0.5401639410687608],[31.02414782856583,0.540164562323675],[31.024196935920276,0.5451975427010027],[31.024198977514846,0.5454052178103225],[31.025517731671645,0.547997430567667],[31.025517804412953,0.5479981153923897],[31.02551783354887,0.547998172650227],[31.02559471900164,0.5487222295689328],[31.02579795752135,0.550635623319794],[31.027030511333063,0.5519835669495134],[31.02722852465312,0.5520341357141328],[31.03264198395244,0.55341385321145],[31.030621049424788,0.5597520434690689],[31.032597103822127,0.5657937120994448],[31.033155682854566,0.567501427074091],[31.033155900370428,0.5675032438545483],[31.034677363753037,0.576896849637157],[31.034373386331986,0.5776721791159755],[31.03446022166037,0.578397462906221],[31.033772430562493,0.5792049861315107],[31.032143137754897,0.583360685390296],[31.037767968163383,0.584447717459007],[31.03959973013352,0.582974714506147],[31.043707502278906,0.583030218571709],[31.047760547127734,0.581141779848297],[31.049997833972387,0.578800905845981],[31.053703915499298,0.578114826398889],[31.063943209294518,0.566535871178791],[31.069197803762684,0.563553233932995],[31.073547977919254,0.559802094123403],[31.081296522954947,0.555545858375826],[31.086174877496987,0.551749966481479],[31.09166158065499,0.551503157992429],[31.09345376255996,0.549618448328954],[31.09565592068628,0.549428908077406],[31.099480675837512,0.544357125302351],[31.102756614328868,0.542396246341779],[31.102826771502713,0.539691612385683],[31.104663463288855,0.539421912119075],[31.106604952403167,0.537858195203334],[31.106462599055348,0.53511639260773],[31.11061875558445,0.533636880661902],[31.11432850101012,0.533529295410146],[31.11701637804959,0.528125848935446],[31.116254441947273,0.52585017252619],[31.116254449636564,0.5258500942199185],[31.116254392408546,0.525849923292048],[31.11667789839127,0.521535161870953],[31.115321370107264,0.516496999861399],[31.113795421163427,0.515870718540752],[31.111837400967673,0.5167474046041552],[31.11053755848512,0.517807506626768],[31.099334481438913,0.5223454752096016],[31.099325530227773,0.522349483034481],[31.098091701606457,0.516681212274128],[31.09452369082465,0.515532864391552],[31.09490418589669,0.514814851228791],[31.09117949425251,0.507016135670971],[31.086492201325,0.49989061251759087],[31.086467936266036,0.499853730910313],[31.086467934691413,0.49985372289661834],[31.086467785003176,0.49985349534374],[31.08590385080783,0.496983868905177],[31.086723807047747,0.495064521979496],[31.088654464131753,0.495009995658585],[31.091153129801928,0.4936393917762602],[31.094702125447355,0.4902869565627116],[31.096049856913144,0.489013854579891],[31.096875752130234,0.48749639214564244],[31.097805841832063,0.4857874634724816],[31.098433491994385,0.482378422294313],[31.08915512896513,0.470791298852932],[31.086588158717653,0.470132215792986],[31.08111180627371,0.470369582550741],[31.08111207995641,0.4703667798698587],[31.081111555419188,0.470366802353748],[31.08134988306504,0.467930114321442],[31.08135004397884,0.4679298804032568],[31.081350080988386,0.467929501402499],[31.082861257642328,0.465732123307345],[31.082118115910777,0.463388662960526],[31.082603481689166,0.461348674968344],[31.07686553014968,0.453636396572718],[31.075440201648277,0.453109311804786],[31.068641544399952,0.456623838970564],[31.06541245413207,0.457327871949176],[31.058930690567763,0.4628288857791646],[31.058609493450682,0.46310149827094],[31.058609450124422,0.4631015196239591],[31.058609371423856,0.463101586416413],[31.05760400115575,0.4635970475174383],[31.053053785620467,0.465839586710701],[31.053053517909536,0.4658395918922664],[31.053053292888055,0.465839702786127],[31.047998619328496,0.46594000489641],[31.048465206043527,0.460279758779372],[31.044848605543272,0.459763386140882],[31.039753992703762,0.4549675839156],[31.03874011048205,0.455169983256865],[31.03603654779769,0.4591818764082035],[31.03174399971407,0.470330468711058],[31.031743228124817,0.4703295119326914],[31.031740892232065,0.470335577111399],[31.028724986339487,0.466594500758756],[31.023600187387167,0.470761836379983],[31.01973380593245,0.47769040208931],[31.015434026574574,0.48020587198947645],[31.01433614786345,0.481146376329128],[31.013809716931636,0.48115613052027123],[31.012500222318206,0.4819222150121367],[31.01321250130861,0.483052491385373],[31.013211858454124,0.483053876078149],[31.01321195740802,0.483053995655231],[31.012577517111616,0.484420231748013],[31.011881872966374,0.485918632149131],[31.0123158491018,0.491244157541147],[31.01168606035366,0.49381603178157435],[31.01262468324638,0.49571365450851085],[31.01263560267033,0.495729020497799],[31.012632637512592,0.4957297357232987],[31.01263273082255,0.495729924368916],[31.01096091917968,0.4961329707907321],[31.00771649064065,0.496915559181948],[31.00728337770853,0.4979531887719197],[31.00994134254703,0.49973102875536657],[31.009944050094767,0.4997324412779362],[31.0105410097173,0.49971027848585453]]]}},{"type":"Feature","properties":{"n":"Nkanja","c":"422105","d":"Kyegegwa","od":"Kyegegwa","dc":"422","k":"NKANJA","a":["NKANJA"],"lat":0.377421,"lon":31.062911},"geometry":{"type":"Polygon","coordinates":[[[31.020596010734135,0.41942206256815884],[31.02296523126668,0.42084293944663353],[31.02314365508821,0.420862589768758],[31.029183401843827,0.419846422278758],[31.035411625815826,0.4166055653597026],[31.035792856120064,0.41631913469451665],[31.03625620502955,0.4150835860668171],[31.036725411196915,0.41264962900295],[31.037239475576424,0.4124616341209356],[31.037287716906683,0.412332995619413],[31.03748711445947,0.4123710718403028],[31.03805963165144,0.412161700589842],[31.043401835490023,0.4135005251425697],[31.043403852754,0.413500910351855],[31.052736842743812,0.412038483340014],[31.062278729432226,0.414888325633183],[31.069815089326937,0.4121459556380352],[31.070048487884037,0.412060991311188],[31.070048606654495,0.41206098213339987],[31.07004891181267,0.41206087109085],[31.071237693973274,0.4119690974038315],[31.075021193979836,0.41167673378222386],[31.07502233117871,0.4116740952329045],[31.075261737800414,0.407995562410953],[31.058092092782214,0.407686128960047],[31.056851383705663,0.40418320536949],[31.057442794227274,0.403914193273937],[31.055272831683297,0.388932815017601],[31.05831619116043,0.388057978664982],[31.059529284093486,0.389277729312009],[31.061361363784624,0.38959624290432],[31.063737305265825,0.388118598970128],[31.06677929926117,0.389147594289172],[31.069248157411007,0.391229572643891],[31.07234154691098,0.391051393551806],[31.07704077212824,0.392627463523263],[31.080817739373078,0.389921030861582],[31.085497094835336,0.389077233428622],[31.088281420251707,0.385960225809957],[31.091534628655626,0.37957713066639],[31.0956130739395,0.375264836273291],[31.093483319487667,0.373962274449546],[31.09255506708642,0.371463729163142],[31.08886793346917,0.368862585721193],[31.08979650367512,0.366389858191282],[31.085446673247404,0.363522644423489],[31.07987081806124,0.364320149737133],[31.079594996832782,0.362834998950574],[31.07972260852219,0.361914006385867],[31.08246791439063,0.360806813266547],[31.08562168882977,0.356163001234204],[31.084395728168914,0.356092188663047],[31.085229451427008,0.354763022921796],[31.088484244257003,0.35166983225396],[31.083480916149828,0.348180069965198],[31.081243349455704,0.348202957558601],[31.079852608140143,0.347022874423387],[31.089614897315325,0.342532582525528],[31.089518652599484,0.340256850558719],[31.08829394938857,0.337936794617115],[31.089325949417194,0.336335626165011],[31.089042628855367,0.335424236169109],[31.074388871598288,0.340383438901171],[31.07094392655796,0.336584251068503],[31.069409593998678,0.338191402776705],[31.069545945761043,0.341011684764499],[31.067470115120656,0.341841138303653],[31.063915192630226,0.354612996183752],[31.05802519738288,0.351688749641963],[31.056455014326588,0.345074038363631],[31.057463879103462,0.3423138652059],[31.05626463345679,0.336945811273703],[31.03977060560251,0.348190771668096],[31.03532502422788,0.347581713571579],[31.034121929868707,0.348687107793297],[31.03277970747069,0.359226244888397],[31.033733751871928,0.361808704094092],[31.03287259718668,0.364999774670776],[31.0328926695678,0.371934691187765],[31.03183324331757,0.380961820666088],[31.03040361404697,0.385195301077034],[31.031601978709038,0.395169166952439],[31.02455134314287,0.399245901090355],[31.018518861441255,0.406270218474868],[31.014787781715704,0.414360496601364],[31.014597426161984,0.417996300987216],[31.018101518880293,0.417429297525917],[31.020596010734135,0.41942206256815884]]]}},{"type":"Feature","properties":{"n":"Kyaka Ii Refugee Camp","c":"422106","d":"Kyegegwa","od":"Kyegegwa","dc":"422","k":"KYAKAIIREFUGEECAMP","a":["KYAKAIIREFUGEECAMP"],"lat":0.360628,"lon":31.098715},"geometry":{"type":"Polygon","coordinates":[[[31.057442285895785,0.4039106837634404],[31.057442794227274,0.403914193273937],[31.056851383705663,0.40418320536949],[31.056852338670346,0.4041859015441019],[31.05852184576783,0.40769387402112633],[31.075259200249242,0.4079955166788942],[31.075261737247267,0.407995550913595],[31.07534443263383,0.40772291029690433],[31.07523624169507,0.406579950540541],[31.07658514957621,0.4036323576510914],[31.07658518564202,0.403632238744761],[31.07658520450691,0.40363223761818223],[31.07658536522829,0.403631886414658],[31.07868638705493,0.40350566375828],[31.08306215226705,0.401365403859299],[31.08427628202978,0.4017443161379833],[31.085572554214508,0.3979240541251144],[31.085632062196694,0.397748513590228],[31.085632132525333,0.3977484700461451],[31.085632153098448,0.397748409414833],[31.090180992216794,0.394931897874883],[31.090181063606714,0.3949319925619182],[31.09018164961865,0.394931629731751],[31.091606981595017,0.396822888154366],[31.092143295336513,0.399406436674019],[31.09781480833522,0.39948562958276],[31.09886835345163,0.4000178160933772],[31.100409959085592,0.4007963312926527],[31.10742575610068,0.399344109303993],[31.109401717813597,0.401718878084022],[31.109740695719008,0.400050194413688],[31.109958081341368,0.398979168115746],[31.109958281335746,0.398979087536956],[31.109958444239656,0.398978285611251],[31.110739724239323,0.398664029877191],[31.1099870637003,0.397209640323834],[31.11449482101565,0.395036593331584],[31.114495325279556,0.3950365431862723],[31.114495681985304,0.395036370110682],[31.119352231066742,0.394553548345869],[31.120399971102298,0.391085794759286],[31.12290202791268,0.3873267222484689],[31.122968338838813,0.38714865654472735],[31.12277472832752,0.38704045801491227],[31.12271332342195,0.387118740251183],[31.117140034066598,0.38389152962814227],[31.117105663639023,0.383872321839743],[31.117105656792877,0.3838716234836958],[31.117105186043066,0.383871350896236],[31.117069239305057,0.380179902736687],[31.115794895588635,0.378538615962942],[31.11579531937903,0.3785363877249079],[31.115795214656476,0.378536252669245],[31.115837983098736,0.37831206710703824],[31.116536070303642,0.374641610001858],[31.11510043028443,0.37269602434807525],[31.115081317542263,0.372670175368157],[31.115081298779515,0.37267009724866745],[31.11508119575741,0.372669957632655],[31.11332039588681,0.365341218700134],[31.113320769788302,0.3653400602318266],[31.11332068185417,0.365339694114344],[31.11548082748929,0.3586473864022848],[31.115729836510237,0.3566488714599713],[31.11740132145894,0.343231147776011],[31.11740165730756,0.3432310489585831],[31.11740176584028,0.343230177888682],[31.121863114025054,0.341918264704387],[31.121867576498452,0.34192045855342457],[31.12521247205927,0.3433618087104605],[31.126234154404095,0.3429817785395044],[31.128883950908413,0.3409570192143163],[31.128893119015995,0.340947671501722],[31.127565840388495,0.336887438338695],[31.12760014425138,0.33682441075471825],[31.130798347824573,0.330908582286687],[31.129785124712697,0.329029414891182],[31.128191828649232,0.328848362026011],[31.127577655713534,0.327644834979548],[31.12505279226164,0.326306059204232],[31.12138149123747,0.321621629790101],[31.11704398405623,0.31776105155143175],[31.1162,0.3171],[31.116198807651724,0.3170970122767357],[31.115340590067927,0.320764538897492],[31.102656202820942,0.320810000960809],[31.100790711234882,0.321742748550823],[31.101152149282747,0.323761404820001],[31.100025273542997,0.325136498094377],[31.09724515947212,0.323026346795251],[31.09724530117757,0.321247027010848],[31.095693895627978,0.319095997355401],[31.094228150494107,0.318686731034954],[31.09354287297404,0.320057053865301],[31.0909415353163,0.319203429977013],[31.089720844498785,0.320422472774515],[31.086270455011807,0.318007035488997],[31.086193200490495,0.316704934302342],[31.083811798508933,0.314474758554428],[31.0820363285052,0.314524451256626],[31.07739358440445,0.316653629505229],[31.074230981770167,0.316171153342566],[31.073716695991752,0.314836859304306],[31.07177149112249,0.313450825847295],[31.067390995157957,0.315450681179314],[31.065706759198775,0.318536339467901],[31.063564734631733,0.318513127355329],[31.063695479396127,0.321189441661256],[31.062715319643836,0.322371066948919],[31.056073883300787,0.323472223154837],[31.05810677310583,0.324971498437767],[31.058873502605472,0.329214074344376],[31.056264644293737,0.33694580233752],[31.057463697073292,0.342312820589367],[31.057463665214794,0.3423129077991219],[31.057463879103462,0.3423138652059],[31.056455014326588,0.345074038363631],[31.05802519738288,0.351688749641963],[31.063914239834894,0.35461252314288527],[31.067469760762904,0.341842135760737],[31.067469847070587,0.34184210133375525],[31.067470115120656,0.341841138303653],[31.069545945761043,0.341011684764499],[31.069409593998678,0.338191402776705],[31.070021981858545,0.33754995109850355],[31.070941290600963,0.336586504128864],[31.070941526931296,0.33658676458101644],[31.07094392655796,0.336584251068503],[31.074388871598288,0.340383438901171],[31.089042628855367,0.335424236169109],[31.08904337855861,0.3354266478261764],[31.089043388987356,0.335426644298115],[31.089044549277194,0.33543041381195526],[31.089325949417194,0.336335626165011],[31.08932407625029,0.33633853242050643],[31.089324187588197,0.336338894131668],[31.089158511315826,0.3365954096903554],[31.08829394938857,0.337936794617115],[31.089518652599484,0.340256850558719],[31.089614897315325,0.342532582525528],[31.079852608140143,0.347022874423387],[31.081243349455704,0.348202957558601],[31.083480916149828,0.348180069965198],[31.083767427935147,0.34837990855308804],[31.088482950405318,0.35166860883355],[31.088482755709695,0.3516687940097853],[31.088484244257003,0.35166983225396],[31.08524176071145,0.35475132479974864],[31.08522943694191,0.35476304601471065],[31.084395728168914,0.356092188663047],[31.08562168882977,0.356163001234204],[31.085617260372036,0.3561695219685554],[31.085618590805577,0.35616960225746],[31.082710735483776,0.36044926850999526],[31.08246791439063,0.360806813266547],[31.07972260852219,0.361914006385867],[31.079594996832782,0.362834998950574],[31.07987081806124,0.364320149737133],[31.085446673247404,0.363522644423489],[31.08979650367512,0.366389858191282],[31.08886793346917,0.368862585721193],[31.092499445898458,0.37142449036593156],[31.092554393933654,0.371463226319114],[31.092554408015676,0.37146326421184983],[31.09255506708642,0.371463729163142],[31.093483319487667,0.373962274449546],[31.09348517595781,0.37396340987017274],[31.09562223034457,0.375234295440627],[31.095600641221374,0.37525723239952785],[31.0956130739395,0.375264836273291],[31.091534628655626,0.37957713066639],[31.088281420251707,0.385960225809957],[31.085497094835336,0.389077233428622],[31.08081789047901,0.38992100361364135],[31.080300035916146,0.39029199768604156],[31.07704077212824,0.392627463523263],[31.07234154691098,0.391051393551806],[31.070749868753992,0.39114307414001065],[31.0692489929392,0.391229830004224],[31.069248653797125,0.39122954405207366],[31.069248157411007,0.391229572643891],[31.06677929926117,0.389147594289172],[31.063737305265825,0.388118598970128],[31.061361363784624,0.38959624290432],[31.059529284093486,0.389277729312009],[31.059529050422896,0.3892774943589854],[31.05952889834306,0.389277467935487],[31.05947385014702,0.3892219911321648],[31.05831619116043,0.388057978664982],[31.05527317398131,0.3889327166214872],[31.0574423591442,0.403910650487261],[31.057442285895785,0.4039106837634404]]]}},{"type":"Feature","properties":{"n":"Bugogo Town Council","c":"422201","d":"Kyegegwa","od":"Kyegegwa","dc":"422","k":"BUGOGOTOWNCOUNCIL","a":["BUGOGO","BUGOGOTOWNCOUNCIL"],"lat":0.608432,"lon":31.206839},"geometry":{"type":"Polygon","coordinates":[[[31.153404834246885,0.606698042267066],[31.161638319117422,0.604485089986387],[31.165735554036726,0.60473907314106],[31.16752149098705,0.606642314806167],[31.167896485594927,0.609575317832575],[31.170993415626487,0.612644910812849],[31.175930535176562,0.612478310214935],[31.180005673507168,0.616397509014306],[31.183780355818616,0.624754227127007],[31.180818234778283,0.634385320651199],[31.181266691037735,0.636329672228556],[31.184572060136187,0.63850205418975],[31.189546575279973,0.645899891748576],[31.20788789890823,0.6388411935098867],[31.2155,0.6318],[31.216056333538937,0.6313114431358553],[31.227127621095793,0.620340341862885],[31.235203857448365,0.614491980429738],[31.247951820481966,0.607288380305727],[31.246336180108223,0.605207618882016],[31.243986924058767,0.598338068259184],[31.24461132939607,0.594589952066717],[31.242671304915337,0.590579727954081],[31.242560209689906,0.587829452772695],[31.24065583466264,0.586261592527914],[31.24014009457137,0.583962604094672],[31.23743784874131,0.582229594020352],[31.2352656455442,0.577119733582595],[31.230656519910337,0.578013035005114],[31.227056862186423,0.577180306686066],[31.224536399173306,0.578265611768643],[31.21863432836177,0.577070969636513],[31.21719272739982,0.576556177994995],[31.216142743011833,0.572825217107618],[31.213506560472993,0.569505622048649],[31.2106416497352,0.569985482767792],[31.207075113288877,0.57292720654382],[31.202560141285982,0.57232767832222],[31.200017011466294,0.572924985075872],[31.197948365282365,0.57462315946309],[31.191541474874256,0.576930191601765],[31.186557444400627,0.57761015939466],[31.183514508916257,0.57918815173374],[31.17845180878022,0.579729440824898],[31.173844580944156,0.58228036781423],[31.166111727849238,0.58254393533831],[31.158704707359572,0.590003438862478],[31.151180745010496,0.593993907306368],[31.145611890871468,0.599007501550772],[31.1504212307836,0.60290220275088],[31.153404834246885,0.606698042267066]]]}},{"type":"Feature","properties":{"n":"Hapuuyo","c":"422202","d":"Kyegegwa","od":"Kyegegwa","dc":"422","k":"HAPUUYO","a":["HAPUUYO"],"lat":0.565922,"lon":31.13489},"geometry":{"type":"Polygon","coordinates":[[[31.087517148441194,0.561719265940039],[31.092960802133348,0.566591986607669],[31.09792898087532,0.568229029874999],[31.100193914872168,0.568158233874527],[31.098141117305516,0.570613801287168],[31.097891274429553,0.572660134342638],[31.104729987111437,0.58132586588543],[31.105203170474134,0.583776419238305],[31.10255201151444,0.583426682327756],[31.101029163454356,0.584259491207781],[31.10299218209926,0.589933957542284],[31.102456666613296,0.593468446888111],[31.100958968749644,0.595856983343003],[31.10164424926922,0.598826547812973],[31.109720873973338,0.605524316918365],[31.111060423309937,0.608393508115702],[31.113407581331465,0.609345784808792],[31.115686568908725,0.612010619454177],[31.120911861817266,0.611703670080388],[31.12509455816642,0.608225059288647],[31.132856638996095,0.607199822068214],[31.138031516987738,0.603937866244915],[31.140794519993282,0.6033379563807],[31.1499390259561,0.594885946913757],[31.150596978793487,0.5945194672999689],[31.151180745010496,0.593993907306368],[31.158704707359572,0.590003438862478],[31.15956896316654,0.589133059302055],[31.166110635901727,0.582544800072682],[31.16611087740012,0.5825447918133538],[31.166111727849238,0.58254393533831],[31.173230874792235,0.5823012854508369],[31.173844718245395,0.5822802917933675],[31.17845180878022,0.579729440824898],[31.178905070426918,0.5796809794153329],[31.17930799319246,0.579474004675833],[31.177311262626755,0.575182329427144],[31.176987747029848,0.568044707238651],[31.1777500928061,0.565252180720499],[31.175240279975093,0.564754080362842],[31.17244582158849,0.561249288386205],[31.173221842233982,0.558215872993705],[31.172465172904364,0.554957045025623],[31.170490301624376,0.550959658304452],[31.168824637369386,0.549650517281587],[31.167509383771577,0.544410752331272],[31.161571094549558,0.54582675243101],[31.15789721469802,0.543897239769846],[31.148810788600205,0.533107262559118],[31.144743767762655,0.530775674883967],[31.143009644285378,0.525845910102839],[31.138502190421846,0.52265854280422],[31.136746315567994,0.51984582775591],[31.134860209617532,0.519203250409834],[31.131728579425705,0.5187050629790461],[31.13120799435285,0.525965940570093],[31.13120787202243,0.5259661284046419],[31.13120785440411,0.525966374339098],[31.130962616126265,0.5263427111899652],[31.13015994731703,0.527575184131917],[31.126231548270606,0.528604828741039],[31.126230849564855,0.5286047924237536],[31.12623081442464,0.528604801635875],[31.11694183516001,0.5282757027077769],[31.11432850101012,0.533529295410146],[31.11061875558445,0.533636880661902],[31.108397208348613,0.5344277088346686],[31.106462652346,0.535117419014554],[31.10659182690095,0.5376053909201838],[31.10660519128626,0.537857775159521],[31.106604941057956,0.5378579766884187],[31.106604952403167,0.537858195203334],[31.104663463288855,0.539421912119075],[31.104104232086456,0.5395040297642459],[31.102826749731978,0.53969245167073],[31.102756614328868,0.542396246341779],[31.100107802737018,0.5439817458664751],[31.099480605604658,0.5443572184340054],[31.098130716315527,0.5461472271990473],[31.095657231181665,0.549427571683044],[31.095656907320965,0.5494275997591969],[31.09565592068628,0.549428908077406],[31.093689515304384,0.5495981570365409],[31.093453610632945,0.5496186080997425],[31.092242912816435,0.5508918124926631],[31.091661787752166,0.551503075656929],[31.091661653196677,0.5515030817055174],[31.09166158065499,0.551503157992429],[31.086174877496987,0.551749966481479],[31.081296522954947,0.555545858375826],[31.080427162162007,0.5560233937669752],[31.08526543441955,0.561021543547882],[31.087517148441194,0.561719265940039]]]}},{"type":"Feature","properties":{"n":"Hapuuyo Town Council","c":"422203","d":"Kyegegwa","od":"Kyegegwa","dc":"422","k":"HAPUUYOTOWNCOUNCIL","a":["HAPUUYO","HAPUUYOTOWNCOUNCIL"],"lat":0.60659,"lon":31.058243},"geometry":{"type":"Polygon","coordinates":[[[31.00476606885614,0.605447718511065],[31.007667413694282,0.607656510631481],[31.0126417844121,0.614109136995052],[31.012865076352043,0.619914863864482],[31.01483523465214,0.625139884749985],[31.01430702953939,0.630479668560617],[31.01720521288084,0.636504462827735],[31.022168068461237,0.639271998021132],[31.025855642189953,0.647864199433761],[31.027818694635947,0.649024273441205],[31.032151072131384,0.648635109649423],[31.03523970923629,0.649874187555588],[31.03570229243772,0.648855105817489],[31.036514196083758,0.651241835597524],[31.040448980218247,0.654051431802891],[31.042640113542216,0.6589824823604505],[31.0462,0.6573],[31.056675812547343,0.659195623222853],[31.058075733959225,0.6582219391383622],[31.0695,0.6501],[31.0779169160928,0.6467284512241918],[31.07953510371963,0.645094217110463],[31.08096354771426,0.6455080675349139],[31.092698665005717,0.640807352938052],[31.09259688856619,0.638858848520812],[31.095495677235995,0.636580605181059],[31.099397115770795,0.635714433389505],[31.10198736786289,0.626642560606877],[31.10074888340632,0.62375245360202],[31.10539304095895,0.620251759188378],[31.105376246157025,0.616906235504463],[31.1063177577957,0.615543778289032],[31.107833392900265,0.615345167605994],[31.109503770600522,0.613810417498375],[31.109682345120767,0.609845911665683],[31.111060412477183,0.608393510711895],[31.11099865446144,0.6082612049361698],[31.109720931835476,0.6055244408537316],[31.102007861702234,0.599613208771651],[31.10173254743191,0.5988997715577671],[31.10164424926922,0.598826547812973],[31.101554933437,0.5984395105130801],[31.101473004262147,0.598227202875792],[31.100960503580318,0.5958636343107585],[31.100958968749644,0.595856983343003],[31.10179075188301,0.5945304512133759],[31.102456693601614,0.5934682687608175],[31.10299214549922,0.589934199108524],[31.10277194288694,0.5892973156035498],[31.101029163454356,0.584259491207781],[31.10255201151444,0.583426682327756],[31.105203170474134,0.583776419238305],[31.10473000435363,0.5813259551804357],[31.100772603713164,0.5763112346621925],[31.097891274429553,0.572660134342638],[31.098141117305516,0.570613801287168],[31.09814136610615,0.5706135036705207],[31.098141373415597,0.570613443800683],[31.09815215690592,0.5706005956582089],[31.100193914872168,0.568158233874527],[31.09792898087532,0.568229029874999],[31.097928501127694,0.5682288717954166],[31.097928303408555,0.568228878029105],[31.095513539642624,0.5674331281949304],[31.092960802133348,0.566591986607669],[31.089808640599077,0.5637704252952929],[31.08751702620495,0.5617192280635745],[31.08526543441955,0.561021543547882],[31.08526481407731,0.56102090270684],[31.08526465589776,0.561020853675376],[31.080427150969015,0.5560233999152274],[31.078862225758975,0.5568830052463669],[31.071136037188662,0.5618819020959734],[31.069197803762684,0.563553233932995],[31.063943355608806,0.566535788127197],[31.060074745627585,0.5709104665821282],[31.053703915499298,0.578114826398889],[31.04999790132179,0.5788008933780844],[31.04776134916814,0.581141231312362],[31.047760848382502,0.5811414646453267],[31.047760547127734,0.581141779848297],[31.043707502278906,0.583030218571709],[31.0437071625204,0.5830302139809046],[31.04370703754409,0.583030272211592],[31.042700040606245,0.5830166057867854],[31.03959973013352,0.582974714506147],[31.037767968163383,0.584447717459007],[31.032143137754897,0.583360685390296],[31.03215086770603,0.5833409692582142],[31.03214738062106,0.5833430405918316],[31.03214304345159,0.583360777777615],[31.02434363487937,0.587978546457052],[31.018347977803288,0.593175295633498],[31.0071572665179,0.5910558280335371],[31.00607933862405,0.5944256670847602],[31.005662476602517,0.595729520363144],[30.999174438017466,0.597562600567354],[30.994148681499887,0.5999596359147976],[30.993548384553616,0.600245958144458],[30.998118106551363,0.603490862049343],[31.00476606885614,0.605447718511065]]]}},{"type":"Feature","properties":{"n":"Kakabara","c":"422204","d":"Kyegegwa","od":"Kyegegwa","dc":"422","k":"KAKABARA","a":["KAKABARA"],"lat":0.617315,"lon":30.939854},"geometry":{"type":"Polygon","coordinates":[[[30.900232422439345,0.605552984867638],[30.903342793892385,0.612970129753549],[30.90535560749695,0.61549225789558],[30.9031214926144,0.618067465736415],[30.902607519060474,0.620708546550999],[30.903491688313746,0.62523570556468],[30.900962094167458,0.6293941886528506],[30.901,0.6294],[30.904642871503157,0.6318467047409261],[30.90508871816663,0.631884163383949],[30.906789685071338,0.6332885944508985],[30.910084651541798,0.6355016316325518],[30.91631300983534,0.638442405793856],[30.916343667354905,0.6397054482234431],[30.921028342522224,0.6428518718432853],[30.921111797611317,0.642883761095539],[30.92274619198476,0.645921967918865],[30.92246632407474,0.650597549403422],[30.925638281555507,0.65777819565481],[30.925421385087837,0.666791867368471],[30.924892916619825,0.6685627124490309],[30.9258,0.6747],[30.925685895549854,0.6750656197913089],[30.92579938107333,0.675678319192769],[30.925326871698832,0.6762160238756508],[30.924003459337474,0.6804565749739644],[30.924067108039146,0.680569819311401],[30.923904614565934,0.682939105300125],[30.930929364035798,0.678774081563741],[30.931426258293218,0.676577769455342],[30.93317690124813,0.676850889271714],[30.93393897421066,0.678232897108097],[30.93586614481743,0.678061943218584],[30.938528683944654,0.675839288593051],[30.941740106898873,0.674682961539913],[30.942533356051257,0.671764464293215],[30.947013180731588,0.665653427168403],[30.952340255972544,0.661612891221903],[30.959771110520087,0.657412205893857],[30.960941649816792,0.650188469896304],[30.96092925486595,0.638253666402139],[30.967052080560947,0.634169309802769],[30.967502915924246,0.632424086919149],[30.970176459143886,0.629640607556911],[30.970958507911337,0.626893061817825],[30.972516090514624,0.625518541263369],[30.97322633806403,0.622246012476693],[30.97535342967688,0.619723945150008],[30.975352023937056,0.617888654569434],[30.97651628719966,0.616740643604764],[30.97837859403619,0.611497191272351],[30.978541296263963,0.609439334122826],[30.978142134508754,0.6087720732541183],[30.97543231668175,0.60424234589452],[30.975195780556593,0.60127584265253],[30.979249133013738,0.5932294807476818],[30.978912253581953,0.5904497518086769],[30.978738401377203,0.589015865512875],[30.97888512079837,0.5870657391598985],[30.979308732610832,0.5814341193024529],[30.97843964791207,0.5782423224005993],[30.97837056220522,0.577988641464812],[30.977010296858744,0.5776687843663412],[30.97700278958409,0.577667799637982],[30.97700213237884,0.5776668645446981],[30.97700191459802,0.577666813335027],[30.977001313129104,0.5776656988891828],[30.97489113753874,0.5746632715391254],[30.968586334309357,0.572905899760136],[30.968586169786892,0.5729057582279388],[30.968585382851003,0.572905584018709],[30.96858477609988,0.5729045592938999],[30.967495286053204,0.571967313920297],[30.96597400924473,0.5684953089907417],[30.965973581896783,0.568494587254883],[30.96681112476004,0.5649037768673728],[30.96581855188604,0.5595962172432117],[30.96253583211001,0.55992156638883],[30.9625356450267,0.5599215215274912],[30.962535543146497,0.559921531713082],[30.957872735717554,0.55880345658891],[30.95787253693212,0.5588033390755988],[30.95787232158857,0.558803287437642],[30.95356536313924,0.55625720423622],[30.949517109545035,0.552495074106898],[30.950902763240187,0.5611769710820598],[30.950916718393344,0.56126414534996],[30.950916695642533,0.5612642653910372],[30.950916700609614,0.561264296512573],[30.949864319928768,0.566818101144814],[30.947228542005007,0.569069098912694],[30.94626488620051,0.5715317644318634],[30.946491201265047,0.5730596257421507],[30.94683590864438,0.575386412236147],[30.946835869020664,0.5753864904154711],[30.946835877041902,0.575386544567143],[30.946773503102126,0.5755095410970903],[30.945991476499906,0.577052513744662],[30.946062501960427,0.579431727813844],[30.946061024404337,0.5794327197358843],[30.945087866095484,0.580477745084185],[30.943803228843137,0.5809484369356136],[30.94379323667956,0.58095514493631],[30.939413341019847,0.577520522889325],[30.939413225588034,0.5775201213465339],[30.93941289972701,0.577519865842666],[30.939278940422593,0.5770529950048061],[30.938706630916293,0.5750621507806231],[30.934827577533333,0.5737660224602542],[30.93471985308505,0.57373003954517],[30.933149664884787,0.5723695412854499],[30.932989026701797,0.572230370785072],[30.93219615439037,0.574114208087912],[30.934023472928473,0.579167144954138],[30.93129584739402,0.583965139108686],[30.926343195921707,0.582894660477031],[30.919930499192343,0.57824197238083],[30.919120176863707,0.579078597783992],[30.912754142132098,0.578119697043885],[30.90184864586375,0.579952335591527],[30.89935937859646,0.581770630426642],[30.89347517192872,0.58386832696342],[30.89537802040237,0.595190688263529],[30.89522171627688,0.5980614789041],[30.891115974265723,0.600552446759198],[30.896882919311487,0.602896404549878],[30.900232422439345,0.605552984867638]]]}},{"type":"Feature","properties":{"n":"Kasule","c":"422205","d":"Kyegegwa","od":"Kyegegwa","dc":"422","k":"KASULE","a":["KASULE"],"lat":0.556103,"lon":31.21247},"geometry":{"type":"Polygon","coordinates":[[[31.14530487982245,0.5310973555478371],[31.148810788600205,0.533107262559118],[31.14881373988479,0.5331107671596157],[31.148814456682196,0.533111178463627],[31.15189588186402,0.536770758597185],[31.157897146362405,0.543897158622458],[31.158153294371758,0.5440317321845972],[31.161571094549558,0.54582675243101],[31.167509383771577,0.544410752331272],[31.168824637369386,0.549650517281587],[31.170490301624376,0.550959658304452],[31.170490596797958,0.5509602557727332],[31.17049083852988,0.550960445766442],[31.171243778420184,0.5524847896731601],[31.172465172904364,0.554957045025623],[31.17316957510166,0.5579907685974286],[31.173221808781328,0.558215657631684],[31.173221800097785,0.5582156915212757],[31.173221842233982,0.558215872993705],[31.172445827485856,0.5612492653337803],[31.172732605531515,0.5616089709878006],[31.175240279975093,0.564754080362842],[31.1777500928061,0.565252180720499],[31.176995106806938,0.5680177478544303],[31.176987749009566,0.5680447509165251],[31.17702969414828,0.568970173232034],[31.17731130686205,0.5751824245043342],[31.17922421775308,0.5792939418342005],[31.17930800434004,0.579474001711752],[31.183511274414442,0.5791884975572139],[31.183514508916257,0.57918815173374],[31.186557444400627,0.57761015939466],[31.191541474874256,0.576930191601765],[31.197948365282365,0.57462315946309],[31.200017011466294,0.572924985075872],[31.20001810458331,0.5729247283346819],[31.200018104588107,0.572924728330745],[31.200018176310074,0.5729247114881646],[31.202560141285982,0.57232767832222],[31.206699241751952,0.572877295803745],[31.207075150725235,0.5729271756658453],[31.2106416497352,0.569985482767792],[31.213506560472993,0.569505622048649],[31.216142743011833,0.572825217107618],[31.21719272739982,0.576556177994995],[31.21863432608088,0.5770709688220148],[31.21863432837149,0.5770709696384803],[31.22453610428458,0.5782655520800176],[31.225436836601222,0.5778778856596006],[31.227056862186423,0.577180306686066],[31.227057369545722,0.577180424056241],[31.2270573824554,0.577180418500042],[31.22718176228461,0.5772092005023085],[31.230656358454247,0.5780129976546023],[31.230785161466937,0.5779881027957028],[31.2352656455442,0.577119733582595],[31.23743784874131,0.582229594020352],[31.24014009457137,0.583962604094672],[31.24065583466264,0.586261592527914],[31.242560209689906,0.587829452772695],[31.242671304915337,0.590579727954081],[31.24461132939607,0.594589952066717],[31.243986924058767,0.598338068259184],[31.24470839727632,0.6004477560440232],[31.24633631147333,0.6052077880653611],[31.247866891952466,0.6071790019992496],[31.247951830157668,0.607288374020005],[31.25070296980485,0.605399233530881],[31.25417505051955,0.6043549234845988],[31.2552465329049,0.6037820517142127],[31.255633448941822,0.593029575589799],[31.258249999592554,0.582079638156614],[31.256563472894353,0.574736088566222],[31.256577993534165,0.5741017331258079],[31.252949614723644,0.5572488683874597],[31.250427961861945,0.55335041760228],[31.250790076064245,0.547460240013345],[31.246136551847435,0.546171135563279],[31.243533482198963,0.544509664527744],[31.24128039846837,0.537872548885185],[31.241591420131506,0.536723301528554],[31.24310397541261,0.53282285489549],[31.244635943253463,0.532423078240585],[31.247991404634647,0.5269141117938637],[31.247843893626058,0.5267894246517906],[31.239564096434123,0.5209245683075046],[31.23693960741129,0.5199078430804331],[31.2194,0.5176],[31.21856337692296,0.5172286417974349],[31.21829524508844,0.517192985973192],[31.215639504319526,0.5159308003867279],[31.1998,0.5089],[31.19938739355582,0.5088873691904844],[31.194836133344268,0.50910189688478],[31.193845534534,0.5087177204449184],[31.17853983303891,0.5082491785624157],[31.176075443164518,0.508868532521184],[31.171031889430232,0.508868598828002],[31.1655969247248,0.506706323890601],[31.159591341511074,0.50569166152659],[31.15620499101192,0.5039560730208378],[31.153589114158994,0.5032108522894816],[31.142656088447136,0.507567793815655],[31.142618264302957,0.5076244134402904],[31.138617313045323,0.513616067765967],[31.1360037870337,0.514447186024889],[31.13406287426678,0.5163798072102901],[31.13172862734977,0.5187043945565382],[31.131728579425705,0.5187050629790461],[31.134860209617532,0.519203250409834],[31.136746315567994,0.51984582775591],[31.138502190421846,0.52265854280422],[31.143009644285378,0.525845910102839],[31.144743640011214,0.5307753117122718],[31.14530487982245,0.5310973555478371]]]}},{"type":"Feature","properties":{"n":"Kigambo","c":"422206","d":"Kyegegwa","od":"Kyegegwa","dc":"422","k":"KIGAMBO","a":["KIGAMBO"],"lat":0.681242,"lon":30.960988},"geometry":{"type":"Polygon","coordinates":[[[30.92011601526784,0.746788115386859],[30.923188725470037,0.7425492266516452],[30.92702751079107,0.7288149058363824],[30.926727223376407,0.727308168216497],[30.928264938032395,0.7243876661507637],[30.92829776421424,0.724270221366824],[30.927879008210276,0.722867289455856],[30.92908652668276,0.7214482045350108],[30.9291,0.7214],[30.934732725702514,0.715470815049986],[30.935026803564224,0.714481909026839],[30.938573521037753,0.711390277719473],[30.9388151380278,0.7113027990838269],[30.94816544848161,0.7070782612281884],[30.948445167850046,0.706593321190225],[30.95078504630476,0.7058947079948384],[30.956706244207226,0.703219467978664],[30.956725121458256,0.703197764323971],[30.961881103899536,0.700658905375982],[30.962882994852475,0.699466721580539],[30.96451433883334,0.699376206564863],[30.967604018624012,0.697099353299899],[30.97175687901993,0.696413719627137],[30.97305878110663,0.692979879380629],[30.975411520725753,0.6918494838855528],[30.9768,0.6901],[30.97681998442368,0.6900905549121515],[30.976832286698162,0.690059252258653],[30.978497800175617,0.689297581473195],[30.98706280419538,0.6852495680459892],[30.99129105413223,0.68223570621293],[30.996179723537814,0.68083626420901],[30.99874474011855,0.678168421226186],[31.0012851878195,0.677771181194541],[31.007029394712003,0.674731236082282],[31.00962072105601,0.6745881894720872],[31.014241610850394,0.6724042530851156],[31.014651696523813,0.671601276420168],[31.017406295491277,0.670671874975101],[31.018298359583234,0.669613207326778],[31.021858181552545,0.6688044905630621],[31.023160923908684,0.6681887852420049],[31.024152988259818,0.667404354396767],[31.024847702021574,0.6673915759898039],[31.04264007363707,0.6589825012205194],[31.040448755024297,0.6540512710052331],[31.036514196083758,0.651241835597524],[31.036514176797297,0.6512417789016753],[31.036514110937073,0.651241731883525],[31.03651112262422,0.6512328006369805],[31.03570229243772,0.648855105817489],[31.03523970923629,0.649874187555588],[31.032151072131384,0.648635109649423],[31.027818694635947,0.649024273441205],[31.0273903113377,0.6487711185494272],[31.026866868097336,0.648786091797276],[31.026105293927543,0.6480117321664101],[31.025855642189953,0.647864199433761],[31.025774690423816,0.6476755784242499],[31.025082276069234,0.646971539677551],[31.02216881640279,0.6392737407563078],[31.022168068461237,0.639271998021132],[31.01720521288084,0.636504462827735],[31.01430702953939,0.630479668560617],[31.014307078622497,0.6304791723647613],[31.01430685982303,0.630478717492533],[31.014783034054663,0.6256675962366566],[31.014835227040155,0.6251399617018268],[31.01286531039208,0.619915537059844],[31.01286530814466,0.6199154785974609],[31.012865076352043,0.619914863864482],[31.0126417844121,0.614109136995052],[31.007667413694282,0.607656510631481],[31.00476606885614,0.605447718511065],[30.998118106551363,0.603490862049343],[30.995927618492967,0.6019354231719243],[30.993548371751828,0.60024596502113],[30.992882525381102,0.6003722437582194],[30.9867914502698,0.601527527082872],[30.986790848682386,0.6015277933996719],[30.98163759353336,0.604062183185631],[30.97854129910253,0.609439316182182],[30.97853838166114,0.6094344393915885],[30.978538377399992,0.6094344547883657],[30.978541296263963,0.609439334122826],[30.97837859403619,0.611497191272351],[30.97651628719966,0.616740643604764],[30.975352023937056,0.617888654569434],[30.97535342967688,0.619723945150008],[30.97322633806403,0.622246012476693],[30.972516090514624,0.625518541263369],[30.970958740239364,0.6268928567952163],[30.97017654060895,0.629640399785032],[30.9701765088809,0.629640432817529],[30.970176459143886,0.629640607556911],[30.967502915924246,0.632424086919149],[30.967052080560947,0.634169309802769],[30.96705113433709,0.6341699410008202],[30.967051058447794,0.63417023448545],[30.96391780818917,0.6362600905441429],[30.96092925486595,0.638253666402139],[30.960941649816792,0.650188469896304],[30.959771110520087,0.657412205893857],[30.959770769230833,0.6574123988257398],[30.959770738928732,0.657412585789946],[30.952340093247074,0.6616130146476272],[30.947013180731588,0.665653427168403],[30.942534048681992,0.6717635194588887],[30.94218258119468,0.6730550240751727],[30.941740106898873,0.674682961539913],[30.938528683944654,0.675839288593051],[30.93586614481743,0.678061943218584],[30.935677268882717,0.678078697872044],[30.933940312219114,0.678232974683481],[30.933940208890643,0.6782327875831048],[30.93393897421066,0.678232897108097],[30.93317690124813,0.676850889271714],[30.931426681093637,0.6765778354169204],[30.93092997353964,0.678773140382334],[30.930929506855318,0.6787734502901203],[30.930929364035798,0.678774081563741],[30.930921825202553,0.6787785513913898],[30.926602446115005,0.681646891165281],[30.92598540890501,0.6817053875924729],[30.923904614565934,0.682939105300125],[30.923910786077467,0.6828491196809252],[30.923153255304445,0.683589762879469],[30.923024758312945,0.686826507028079],[30.921616083494488,0.6881063367176615],[30.9213703069083,0.6888938676512704],[30.921614080163632,0.691111193390711],[30.920148250670213,0.6928096478524675],[30.919733982399542,0.6941370691623105],[30.921325838151137,0.700523992277289],[30.921138437703064,0.703679483856642],[30.91407740221841,0.7122621962958995],[30.913037992440835,0.7155927306044731],[30.912884589437258,0.718530600846584],[30.910928082807953,0.7223534197685588],[30.91042239971745,0.7239737575011058],[30.909885548596147,0.729522693180718],[30.90850940491519,0.733508803524614],[30.906448706374487,0.7367064855319612],[30.905901833253715,0.7384588066380995],[30.9046902303702,0.745929868613105],[30.902301631666102,0.7499947717252133],[30.9023,0.75],[30.9085,0.7623],[30.917912091345137,0.755240931491149],[30.919932657556334,0.752600903282179],[30.92011601526784,0.746788115386859]]]}},{"type":"Feature","properties":{"n":"Migongwe","c":"422207","d":"Kyegegwa","od":"Kyegegwa","dc":"422","k":"MIGONGWE","a":["MIGONGWE"],"lat":0.539214,"lon":30.899983},"geometry":{"type":"Polygon","coordinates":[[[30.847380466378866,0.6023322314651153],[30.864494888402806,0.6179001695712282],[30.86896548739977,0.616269736995658],[30.87612697507277,0.617506899249457],[30.88048117528608,0.621551459607823],[30.880648429833244,0.62281322690639],[30.888400485567985,0.624692383990498],[30.886978497632164,0.626270984609415],[30.89111525827188,0.627420917049546],[30.891753682222962,0.6279824460550884],[30.90097847744462,0.6293967003747853],[30.90097847744462,0.6293967003747851],[30.900962094167458,0.6293941886528506],[30.903181762319118,0.6257452031096242],[30.903410836372736,0.6248217242006281],[30.902607519060474,0.620708546550999],[30.902656313829944,0.6204578119976061],[30.902593416227234,0.620232341503043],[30.9029773830814,0.6188079803405228],[30.9031214926144,0.618067465736415],[30.903202029663827,0.6179746327121237],[30.903244691398612,0.617816374994054],[30.903756734640677,0.617213312738488],[30.90445372700651,0.616492525352888],[30.905271951926387,0.6155886855604809],[30.90535560749695,0.61549225789558],[30.905348046136776,0.6154827832381908],[30.904801643621266,0.615583192666841],[30.903343008115606,0.612970513493114],[30.903342906227426,0.6129702705134144],[30.903342793892385,0.612970129753549],[30.900232422439345,0.605552984867638],[30.896882919311487,0.602896404549878],[30.891115974265723,0.600552446759198],[30.89522171627688,0.5980614789041],[30.895378018706623,0.5951907194087689],[30.895369217105305,0.5951383067358543],[30.89347517192872,0.58386832696342],[30.899359208508493,0.5817706910623343],[30.89979052568882,0.5814556973772614],[30.90184864586375,0.579952335591527],[30.901849185664666,0.5799522448794733],[30.901849307332583,0.579952156024618],[30.905361229283812,0.5793620556428652],[30.912754142132098,0.578119697043885],[30.912754594052604,0.578119765115601],[30.912754624651864,0.578119759974076],[30.915265873985362,0.5784980332664453],[30.919120176863707,0.579078597783992],[30.919930499192343,0.57824197238083],[30.926343005913335,0.5828945226177621],[30.931295904216157,0.5839650391564455],[30.934023302318998,0.5791674450625133],[30.933082313640245,0.5765646329315748],[30.93219615439037,0.574114208087912],[30.93220301274186,0.5740979128809985],[30.933492417669996,0.5707240696489656],[30.933494958085657,0.570716467926388],[30.930226149337802,0.563607011286068],[30.926048022954717,0.559142637412863],[30.92597261571816,0.5566029947777399],[30.9259528703192,0.5559458359933364],[30.92398256971174,0.554992774777221],[30.923982362948788,0.5549924352446978],[30.923982190656137,0.554992351985862],[30.92364639959557,0.5544407383156669],[30.922174261026022,0.552023289150024],[30.92217437272444,0.5520225972739207],[30.922174148083407,0.55202222824961],[30.9226383285065,0.5491487882684875],[30.922716719506997,0.5486632231092937],[30.922703777451904,0.54860669885986],[30.920707327742264,0.539893621320279],[30.924658197039015,0.538534220161255],[30.925585844688428,0.53748813156633],[30.92531357388638,0.5339844837465498],[30.92530100674336,0.5338232052864005],[30.91994795397555,0.528160941029112],[30.917401712568935,0.528754738404581],[30.916336304788135,0.529846948697073],[30.916118496586517,0.52937941063476],[30.916113653059,0.5290155312699175],[30.915718753822265,0.527551713928047],[30.915947222924114,0.5165121457624365],[30.91594721331815,0.516511424095837],[30.917146330920705,0.5126085146640327],[30.917048160712163,0.512110656208951],[30.916575403428716,0.509715571165691],[30.916575721207156,0.5097147358419106],[30.916575639357305,0.509714320750186],[30.916912475562864,0.5088295312939758],[30.917546020096776,0.5071641734649299],[30.916453078802277,0.502639086190103],[30.916456074790524,0.5026405602605476],[30.916454197420787,0.502632769013975],[30.918678018530386,0.503733170484315],[30.920568584583656,0.503379058805067],[30.92448013502689,0.504637151408521],[30.926442321920646,0.504101924431616],[30.926444430871754,0.5040985724927279],[30.92840591778928,0.49970017278818707],[30.928386545743106,0.49920321836364245],[30.928257313475648,0.4958942123703038],[30.92510873725984,0.4933449801887136],[30.92509076327687,0.493330435303541],[30.925090756553477,0.49333042218148243],[30.92509054497999,0.493330250881854],[30.923111686700285,0.489468274245145],[30.92431926214352,0.481324571228092],[30.9251947418855,0.47946028632672755],[30.92519475156529,0.479460239816294],[30.914067386577177,0.483396967518506],[30.91104593773559,0.474841371139701],[30.900736646113565,0.47830024759557],[30.889903560339768,0.475460129074013],[30.884907723002886,0.470147528501837],[30.877961008413784,0.469967195326543],[30.8783268901135,0.466902600810987],[30.880584536340272,0.462077889159593],[30.875595849852377,0.460015427155029],[30.876499958492204,0.454142929193982],[30.865930334158527,0.448391160023078],[30.864803552623233,0.449558072384694],[30.863975969224644,0.4511718600119453],[30.862314252006932,0.455765723816085],[30.85956852426297,0.4597663776872124],[30.8595,0.4599],[30.862098625870853,0.47905283512219615],[30.86242003827348,0.48018092647343974],[30.864476420616164,0.4837409002064728],[30.867495322246867,0.487790304618916],[30.86776824374081,0.48943964776634385],[30.8715,0.4959],[30.87150483778692,0.49641522430663965],[30.87181018313176,0.496859844567202],[30.872714988872826,0.502103591107451],[30.871628995136046,0.509637981988736],[30.871667579067175,0.513747170654254],[30.872241110425936,0.5180259053869557],[30.8793,0.5288],[30.879298458965927,0.5288079537242448],[30.879325032853128,0.528839991926302],[30.877938320709223,0.535910546174882],[30.877909879333412,0.535974816343678],[30.876238036752916,0.5446036812752838],[30.87625746616034,0.544780045407704],[30.876184328885234,0.5448808831729975],[30.87453200932868,0.5534089841100421],[30.874904757456232,0.553858431605974],[30.874188154641065,0.5551837179816004],[30.8731,0.5608],[30.87309239547712,0.5608043454416467],[30.87309140084188,0.560815801681185],[30.873074290280773,0.5608146912681299],[30.86191347396264,0.5671923005927766],[30.86153169741752,0.569816741015876],[30.857626233788608,0.570024057192424],[30.854181740157276,0.571641090711177],[30.854157300691135,0.571665604236136],[30.852730944260227,0.5738570922624322],[30.852804962252687,0.574408174131431],[30.852034671379887,0.5749268625156709],[30.851124340951205,0.5763255158895344],[30.851449135346783,0.578971540597121],[30.84891596545382,0.579718516653734],[30.839400563480083,0.5943382071034479],[30.83924396783079,0.5949309586894531],[30.840651062771844,0.5962109064972824],[30.846217632058256,0.598994756866594],[30.847380466378866,0.6023322314651153]]]}},{"type":"Feature","properties":{"n":"Nkaakwa","c":"422208","d":"Kyegegwa","od":"Kyegegwa","dc":"422","k":"NKAAKWA","a":["NKAAKWA"],"lat":0.630514,"lon":31.141445},"geometry":{"type":"Polygon","coordinates":[[[31.1047,0.636],[31.10472577155371,0.6363930161940632],[31.105079867675535,0.636438109027894],[31.105412101922035,0.6468595543110328],[31.1055,0.6482],[31.108263095506857,0.6499512577156125],[31.11051481282483,0.648552575253748],[31.11247750851805,0.650093586444019],[31.11448212239221,0.65016463131836],[31.115511429798833,0.652806213659882],[31.116774360202857,0.652805693595015],[31.11901808824911,0.656767802411406],[31.119540115706705,0.6570986648845298],[31.122341719138593,0.656700189772883],[31.12258489882985,0.656781898720312],[31.125822376919707,0.6563126989971441],[31.126257150936816,0.655015827421829],[31.128453311191482,0.655815041400484],[31.129484002557767,0.653559712688533],[31.13048062027043,0.655272524428052],[31.131256516394593,0.6555251425515084],[31.132816197575508,0.6552991018006513],[31.133452496836476,0.654560806650553],[31.13392961665076,0.6553391372107575],[31.15004541392322,0.6605584579183152],[31.154303466780867,0.6600379762116942],[31.164414559880175,0.657317172977698],[31.16925851138418,0.655477746880655],[31.178258641521392,0.653437457607969],[31.18558596737466,0.649877287887608],[31.189546565888094,0.645899898641485],[31.184571860447253,0.6385019229485402],[31.181266691037735,0.636329672228556],[31.180818234778283,0.634385320651199],[31.183780262774967,0.624754529650801],[31.180420296254592,0.6173154367066112],[31.180005673507168,0.616397509014306],[31.175930535176562,0.612478310214935],[31.170993415626487,0.612644910812849],[31.167896485594927,0.609575317832575],[31.16789644801343,0.6095750238906162],[31.167896080587703,0.609574659695596],[31.16767761446659,0.6078634273991769],[31.167521507587004,0.606642444641959],[31.16740770502646,0.606521055104889],[31.165735554036726,0.60473907314106],[31.16504058696493,0.6046959928850422],[31.161638107378167,0.6044851468965382],[31.153404834246885,0.606698042267066],[31.153404628911872,0.6066977810330341],[31.153404388469124,0.606697845650671],[31.151405471319325,0.6041543862816051],[31.1504212307836,0.60290220275088],[31.145836426843903,0.5991893353444507],[31.14561188220585,0.599007509203828],[31.1407947082754,0.603337811328022],[31.140794667307944,0.6033378202219041],[31.140794519993282,0.6033379563807],[31.138031542964764,0.6039378606047201],[31.132856829425158,0.607199721530367],[31.132856790294593,0.6071997266980391],[31.132856638996095,0.607199822068214],[31.12509455816642,0.608225059288647],[31.120911861817266,0.611703670080388],[31.115686568908725,0.612010619454177],[31.115686378442916,0.6120103967412958],[31.115686102558712,0.612010412939653],[31.112985618422535,0.609174588221328],[31.111984999358217,0.6087686222808715],[31.11059377369294,0.6088853202102847],[31.110050630894577,0.6094577603850816],[31.109504090155074,0.6138033231162885],[31.109503770600522,0.613810417498375],[31.10950312306832,0.613811012453708],[31.109503099657278,0.613811198595623],[31.109502608265398,0.6138114854568109],[31.107833392900265,0.615345167605994],[31.106598136059258,0.6155070371774899],[31.106170725780462,0.6157565476503783],[31.105832678594375,0.6162457341977587],[31.10537941926033,0.6175383175207051],[31.10539304095895,0.620251759188378],[31.105390601070116,0.6202535983389916],[31.105390816116795,0.620254488658072],[31.10366995678927,0.6215505934890432],[31.10074888340632,0.62375245360202],[31.10198736786289,0.626642560606877],[31.099689912723008,0.6346889669070209],[31.099397127295738,0.635714433020574],[31.10396174732977,0.6362957205298371],[31.1047,0.636]]]}},{"type":"Feature","properties":{"n":"Kazinga Town Council","c":"422301","d":"Kyegegwa","od":"Kyegegwa","dc":"422","k":"KAZINGATOWNCOUNCIL","a":["KAZINGA","KAZINGATOWNCOUNCIL"],"lat":0.267787,"lon":30.844241},"geometry":{"type":"Polygon","coordinates":[[[30.821074823918632,0.303931495801219],[30.823095478587444,0.30749379111881],[30.823537738080393,0.312475536830216],[30.82196049708104,0.316245208429552],[30.822104003740023,0.31820451704002806],[30.82620011091428,0.32282576615969943],[30.831180776570164,0.326950927127801],[30.831080485101495,0.3283318293452746],[30.8338,0.3314],[30.834013703425175,0.33147981694193324],[30.843119955441015,0.333102025163228],[30.846497983718212,0.334727194652217],[30.849240574165528,0.331858335608888],[30.85195560917162,0.334863055402022],[30.853181026039067,0.335243768115581],[30.85438265042889,0.334452600317406],[30.854419373931393,0.332478596436405],[30.856040532932806,0.332364955688277],[30.858345288739798,0.333930346922252],[30.85876681564628,0.335719659441292],[30.86084454613033,0.336773252195554],[30.861823378100304,0.334576342370692],[30.864837991790573,0.333863351175154],[30.8669009821807,0.331750396130903],[30.866419140171065,0.329572523751928],[30.864000199378467,0.328963344265705],[30.864918261295674,0.328317847239574],[30.87325987759092,0.327481529418905],[30.880009941565675,0.324543632985538],[30.884299591337662,0.324204329102394],[30.890892319440177,0.320978681692031],[30.89348295772217,0.317989037376952],[30.89481450106606,0.312878751360957],[30.900369882002124,0.306835777180169],[30.89870410298564,0.301620820308524],[30.898954880750516,0.296715455252933],[30.89820601333374,0.292439162172865],[30.894397154917073,0.285332640972408],[30.890025875320497,0.281433428505926],[30.887277789943173,0.277532976907047],[30.88715427693797,0.275898924880445],[30.88977668262174,0.275144649458155],[30.890401698063737,0.27313263057062],[30.886780726274203,0.262441829196804],[30.88028569045754,0.255020158640549],[30.87285529774273,0.239109694181599],[30.86535704907279,0.2290506642293],[30.863362095170896,0.22350067096325],[30.863066489746043,0.21272029852726],[30.85796553904637,0.199313852558429],[30.84324560441821,0.199802896791764],[30.840815791963593,0.19899633646999332],[30.828856711960714,0.19880092666602475],[30.828834330636273,0.198806586403169],[30.8176839822562,0.204202235605081],[30.810355744785646,0.206624237352194],[30.801307871128937,0.20786732482554907],[30.7909,0.2113],[30.79073098669122,0.2112358654855076],[30.778886740767522,0.208590787211658],[30.775940531414363,0.20562341593848577],[30.77523291719338,0.20535490161356015],[30.770461095623677,0.20448453698048],[30.768581973728708,0.20283110610241145],[30.7685,0.2028],[30.7728,0.2255],[30.787,0.2365],[30.7899,0.254],[30.7976,0.2622],[30.8058,0.2822],[30.820113640051595,0.2994347910825348],[30.820514268721382,0.299881164029668],[30.821074823918632,0.303931495801219]]]}},{"type":"Feature","properties":{"n":"Migamba","c":"422302","d":"Kyegegwa","od":"Kyegegwa","dc":"422","k":"MIGAMBA","a":["MIGAMBA"],"lat":0.431574,"lon":30.881943},"geometry":{"type":"Polygon","coordinates":[[[30.855421233267176,0.4244669632658617],[30.858713717107527,0.427763906426695],[30.860286851386114,0.4324561880784372],[30.861959991233427,0.4352034423956259],[30.865845311252453,0.439601073211354],[30.867534052123926,0.444257876474442],[30.86593034209408,0.448391150524716],[30.867366748711557,0.44917282687157967],[30.876499958492204,0.454142929193982],[30.875595849852377,0.460015427155029],[30.880584536340272,0.462077889159593],[30.878326985508355,0.4669023969470385],[30.878319675133138,0.46696303288306346],[30.877961008413784,0.469967195326543],[30.88265666866616,0.4700890922769001],[30.884907325484278,0.470147383297237],[30.884907455498503,0.4701475215575593],[30.884907723002886,0.470147528501837],[30.88990350899794,0.4754600744768325],[30.896007226222167,0.4770603319048562],[30.900736646113565,0.47830024759557],[30.91078430577709,0.4749291514309706],[30.91104593539526,0.474841359841921],[30.91080444421633,0.473211573583854],[30.905161381249023,0.463987578872377],[30.911285077127257,0.456317735022485],[30.913658413306084,0.455312678247526],[30.914970980690985,0.453197995985025],[30.920604992046304,0.45021368406957],[30.922298719312355,0.445039150843584],[30.92119467346474,0.442098260881209],[30.919918860239882,0.441187280751334],[30.916214763384808,0.440762500405245],[30.91486757554676,0.443218257672809],[30.911778859520993,0.443042624919386],[30.908403303971816,0.435672042885013],[30.908837766599227,0.432276676249973],[30.906192750999065,0.43281921064599],[30.902599219469877,0.430870360982437],[30.9035083782666,0.423520323978117],[30.902405013374064,0.417049150022812],[30.903004726357548,0.413524897600791],[30.90113446846501,0.411040239406936],[30.900583214352693,0.406405005973435],[30.898427857769548,0.406633949819167],[30.897526914360604,0.405062812463718],[30.896026882092187,0.399267553513874],[30.896398045044172,0.397097490381184],[30.89466973308354,0.395385187765858],[30.89345718090747,0.392444749388246],[30.888682801911333,0.396612009536344],[30.883734020063073,0.397849287318673],[30.878972953254504,0.397682380532289],[30.876166782541663,0.395719457449631],[30.875821806370016,0.394364212855808],[30.876722635080935,0.392357278122515],[30.873070945116336,0.391340286892658],[30.87169728398277,0.387950910485609],[30.865191181478266,0.384521201524699],[30.85858080855386,0.385033300890869],[30.85608911978177,0.38461087850978964],[30.852895708012014,0.39673658696886605],[30.852590427015254,0.39997813565715046],[30.85184303528205,0.4102423154598149],[30.851683900365902,0.41833035492179],[30.855421233267176,0.4244669632658617]]]}},{"type":"Feature","properties":{"n":"Mpara","c":"422303","d":"Kyegegwa","od":"Kyegegwa","dc":"422","k":"MPARA","a":["MPARA"],"lat":0.426093,"lon":30.952999},"geometry":{"type":"Polygon","coordinates":[[[30.911067129248313,0.4749013774608474],[30.914067386577177,0.483396967518506],[30.925194664126384,0.47946027075112535],[30.925253895299498,0.4794308875684757],[30.92739887132509,0.478366351946406],[30.92739894390241,0.4783662442482836],[30.933909350910124,0.4682415328385201],[30.933553614453487,0.467321152672432],[30.935612466586647,0.465280732473152],[30.940991036127677,0.462587966210153],[30.940991552355584,0.4625879047602739],[30.940991571035234,0.462587895408399],[30.941018298619603,0.4625847209829756],[30.94258217132202,0.462398563304878],[30.94773506446254,0.46416296844403593],[30.94779359505069,0.4641390471752495],[30.947749319335127,0.463955213544382],[30.95159227475518,0.46248042287461083],[30.95428010307194,0.45622202843914395],[30.95428908213079,0.456199493956188],[30.966785909452337,0.4512633833658052],[30.969202438729223,0.45030877947061887],[30.972490788362006,0.446041809593545],[30.972490888574665,0.44604176186413097],[30.97249091906345,0.44604172229919],[30.973208143292837,0.44570014686654463],[30.976361593865988,0.44419821738091037],[30.978936846290487,0.441998303594942],[30.981810368471333,0.439543514567718],[30.981810679277217,0.439543326853276],[30.981810738268948,0.439543276459488],[30.98181118824616,0.43954301945619567],[30.990640223178826,0.43421063207748767],[30.994500996021166,0.428475684198276],[30.994835309299877,0.42792026575703673],[30.994975591946723,0.424265815930274],[30.993092628678795,0.421492452131245],[30.98707676363475,0.420883171504293],[30.980471969975877,0.419036846764911],[30.976246928446717,0.421073846017656],[30.975703527797297,0.419819095208413],[30.973793073969404,0.41888212467953],[30.97420361105472,0.417872125742845],[30.973126624399626,0.417722758139414],[30.971259974778924,0.415639735309339],[30.969946689183608,0.412556300474267],[30.96616490084145,0.407940523622519],[30.965857439814027,0.406277480674737],[30.960933464068567,0.406590916915787],[30.959596434981684,0.409429323212768],[30.957585125646087,0.410394556908963],[30.95739541817967,0.406855702033707],[30.9584781742572,0.403935219877142],[30.957643070137625,0.400529812980166],[30.955894770253018,0.39991604285522],[30.95378822364104,0.396444175591156],[30.95042223452508,0.394992999814246],[30.949888633026845,0.394045261920401],[30.952478039790563,0.391735395901824],[30.95334807873346,0.388383082572049],[30.95321958799015,0.386669874333351],[30.94967136851336,0.385269748064897],[30.950729318712348,0.377990616103788],[30.952178680096274,0.377110390307672],[30.945475302416288,0.371448728335008],[30.94092636300049,0.371410687838959],[30.938070308028024,0.370249435479984],[30.93383654114374,0.372057373993164],[30.9350721919316,0.373993009597946],[30.936397105951627,0.37452370145597],[30.93658170227476,0.377553486640472],[30.927546212563097,0.378974439894379],[30.922653252312482,0.377373215765472],[30.92190361117171,0.383798868580869],[30.92307427248309,0.386187043679268],[30.92205750595624,0.388152495988912],[30.92435915150309,0.395676798741712],[30.92415049644486,0.400891652192683],[30.926898199986734,0.406377327194088],[30.9262878402318,0.413686579612851],[30.926037945588607,0.414431268347796],[30.921707340777584,0.414283645720884],[30.916127487363077,0.417424706525224],[30.913669382891797,0.419987109673483],[30.909814727732577,0.429123966248228],[30.90840397644881,0.43566678741354226],[30.908403309351183,0.435672000844745],[30.909927330867312,0.4389997811171954],[30.911778859520993,0.443042624919386],[30.91463234868126,0.4432048820365502],[30.914867693082122,0.44321804342034504],[30.915344829571588,0.4423482824497248],[30.91621385423445,0.440762724578532],[30.916214593847094,0.4407628094515851],[30.916214763384808,0.440762500405245],[30.919918860239882,0.441187280751334],[30.92119467346474,0.442098260881209],[30.921194955340933,0.44209901172581806],[30.92119499039648,0.442099036757976],[30.92119507638366,0.4420993341520459],[30.922298719312355,0.445039150843584],[30.922164045147476,0.4454505960359869],[30.922213042396812,0.445620057240783],[30.920605123409075,0.450213490710197],[30.920605041058657,0.4502135343311489],[30.920604992046304,0.45021368406957],[30.91497141894946,0.4531977638413694],[30.91472256825571,0.4535982141960706],[30.913658413306084,0.455312678247526],[30.911625747066115,0.45617346863783714],[30.911284914631807,0.4563179385457741],[30.905161381249023,0.463987578872377],[30.91080444421633,0.473211573583854],[30.91080818289693,0.47323680535544543],[30.911067129248313,0.4749013774608474]]]}},{"type":"Feature","properties":{"n":"Mpara Town Council","c":"422304","d":"Kyegegwa","od":"Kyegegwa","dc":"422","k":"MPARATOWNCOUNCIL","a":["MPARA","MPARATOWNCOUNCIL"],"lat":0.37435,"lon":30.990919},"geometry":{"type":"Polygon","coordinates":[[[30.914436528333212,0.343756784876908],[30.916058762675974,0.351302481181898],[30.92255404943375,0.355957414082739],[30.925926431821754,0.357341730016843],[30.928924012045655,0.360109692156557],[30.928548652432994,0.365140112647845],[30.932545013657435,0.371555338620973],[30.93329430683837,0.372309999028569],[30.933845905051054,0.3720720424679265],[30.93383654114374,0.372057373993164],[30.938070308028024,0.370249435479984],[30.940926204471246,0.37141062338205594],[30.94547493867539,0.371448667302396],[30.94547501453491,0.37144872592760064],[30.945475302416288,0.371448728335008],[30.945478368084743,0.3714513175936402],[30.951869088615087,0.376390147843913],[30.952174874590817,0.37710717618390244],[30.952178680096274,0.377110390307672],[30.952176746178687,0.37711156481402197],[30.952176940408158,0.377112020256871],[30.950729289672275,0.3779908159114241],[30.94967136851336,0.385269748064897],[30.9529910976435,0.38657971211578646],[30.95321817964524,0.38666913556308],[30.953218193936138,0.38666932424008416],[30.95321958799015,0.386669874333351],[30.95334807873346,0.388383082572049],[30.952478039790563,0.391735395901824],[30.949888633026845,0.394045261920401],[30.95042223452508,0.394992999814246],[30.9530005378347,0.3961045813374017],[30.953788099375082,0.396444074995009],[30.953788138001055,0.3964441386692678],[30.95378822364104,0.396444175591156],[30.955894770253018,0.39991604285522],[30.957643070137625,0.400529812980166],[30.958056465333513,0.40221556547288284],[30.958478162602773,0.40393483916903],[30.958478113431077,0.40393497183897303],[30.9584781742572,0.403935219877142],[30.957980841960357,0.4052766578325203],[30.957395440901113,0.40685612588575853],[30.957396118989998,0.4068687751409207],[30.957749570822916,0.41031563914974895],[30.95869133231689,0.40986368483736546],[30.959793214805632,0.409011575314168],[30.960933464068567,0.406590916915787],[30.965857439814027,0.406277480674737],[30.966123045190482,0.40771412827821035],[30.966165544404376,0.4079413091087999],[30.969857532934178,0.4124474828157725],[30.969946543665163,0.412556082614685],[30.96994657937496,0.412556166449787],[30.969946689183608,0.412556300474267],[30.97056413742437,0.41400599383967013],[30.971260088018585,0.4156398616752056],[30.973126192082532,0.4177222757101646],[30.973357139696642,0.4177547283753556],[30.97420361105472,0.417872125742845],[30.974203015661324,0.4178735905232974],[30.974205080804726,0.417873880716412],[30.97407699604024,0.4181836226442676],[30.97379367766138,0.4188806394830003],[30.975324961518847,0.4196334296660387],[30.975703527797297,0.419819095208413],[30.97570377009597,0.41981965469330385],[30.975704161378076,0.419819847050409],[30.975793220747093,0.42002620261886275],[30.976246928446717,0.421073846017656],[30.980471969975877,0.419036846764911],[30.980472164402396,0.41903690111551],[30.980472186439318,0.419036890485618],[30.987076900565953,0.42088318537254427],[30.988863364433058,0.4210641165964012],[30.99309157883811,0.421492216480423],[30.993091673150275,0.42149235535629886],[30.993092628678795,0.421492452131245],[30.994975591946723,0.424265815930274],[30.994971638784946,0.4243687982426996],[30.99484840655839,0.427898334455296],[30.994937113014903,0.4278835856982314],[30.99909286591585,0.427192307439829],[30.999093614521346,0.42719250600271413],[30.99909362884896,0.427192503620537],[31.000734912151387,0.4276278498431631],[31.006754456507004,0.429224496002618],[31.013353136229526,0.4295385077632688],[31.014794726011687,0.42779244679631806],[31.01526197468121,0.427226342099293],[31.015262280351294,0.4272261425727289],[31.015262437165173,0.427225952638951],[31.01565911492545,0.42696710826411144],[31.018513680227638,0.4251037868762975],[31.019716381495098,0.418894528490259],[31.018105891924545,0.417432791002834],[31.018101518880293,0.417429297525917],[31.014597426161984,0.417996300987216],[31.014787781715704,0.414360496601364],[31.018518861441255,0.406270218474868],[31.018519711051667,0.40626922917502833],[31.021848414637866,0.402196266671202],[31.024548666906814,0.3992490173420733],[31.02455134314287,0.399245901090355],[31.024551723484137,0.39924568117397946],[31.024551834645283,0.399245559844717],[31.02457260243901,0.3992336087945027],[31.03160096377221,0.3951697537970683],[31.030403580334337,0.38519593038068],[31.03040366096615,0.38519569158055095],[31.03040361404697,0.385195301077034],[31.03183324331757,0.380961820666088],[31.0328926695678,0.371934691187765],[31.03287259718668,0.364999774670776],[31.032875545491805,0.36498884951424787],[31.032875541124767,0.364987079371334],[31.03338265064675,0.3631097349173529],[31.033733751871928,0.361808704094092],[31.033382246790804,0.3608572310479484],[31.032779704423167,0.359226354604199],[31.03277971559516,0.35922626688015447],[31.03277970747069,0.359226244888397],[31.033426596699478,0.3541468673742152],[31.034121916691067,0.348687119055408],[31.031622551056365,0.350573244129569],[31.022252227047684,0.352709281183995],[31.01975333335895,0.352080046732656],[31.015380377980055,0.35283375490417],[31.008508303720866,0.355347753371865],[31.005259291068203,0.357485310530608],[31.000031026313646,0.358112993174554],[30.991827631814854,0.361443749879701],[30.989829955259477,0.361066429749733],[30.986456687012005,0.357418203315759],[30.976837325540156,0.353768491447722],[30.971216167629596,0.350623051427109],[30.967719297417002,0.349867761468369],[30.96584444888074,0.34835770740573],[30.96259705946603,0.344835323618745],[30.95955460294431,0.332504849755639],[30.957698390904746,0.330691303335999],[30.955685663102575,0.326722842616378],[30.949172148029643,0.319112421782497],[30.94405049836604,0.316344392774409],[30.93702237906306,0.316151470088125],[30.9386759700791,0.328543311968813],[30.938256008245986,0.332946945432276],[30.936193039731855,0.335551099253398],[30.93559622609572,0.337647234198041],[30.93170021110597,0.340301591071734],[30.928359216605717,0.340801518005976],[30.922048869126446,0.339273948178505],[30.910586501872164,0.333870340878548],[30.912188307967952,0.340108042588218],[30.914436528333212,0.343756784876908]]]}},{"type":"Feature","properties":{"n":"Ruyonza","c":"422305","d":"Kyegegwa","od":"Kyegegwa","dc":"422","k":"RUYONZA","a":["RUYONZA"],"lat":0.277238,"lon":30.983319},"geometry":{"type":"MultiPolygon","coordinates":[[[[30.863362135063014,0.22350078194374762],[30.86535701304537,0.22905056400044413],[30.865357049077453,0.22905066423555526],[30.87146227593008,0.2372409313871847],[30.8728550768989,0.239109338392397],[30.87285515132733,0.23910949776280863],[30.87285529774273,0.239109694181599],[30.88028569045754,0.255020158640549],[30.88575008535376,0.2612641486436495],[30.886780654816487,0.262441721533798],[30.886780669187093,0.26244176396518265],[30.886780726274203,0.262441829196804],[30.890401698063737,0.27313263057062],[30.890401573750207,0.27313303075461076],[30.890401697949127,0.273133397470656],[30.88977728241285,0.275143794929589],[30.889776915256526,0.27514390057172344],[30.88977668262174,0.275144649458155],[30.88715427693797,0.275898924880445],[30.887277789943173,0.277532976907047],[30.890025875320497,0.281433428505926],[30.893688937819665,0.28470090628827843],[30.894396952691093,0.285332449712517],[30.894396965339606,0.2853324718679614],[30.894397154917073,0.285332640972408],[30.894398582379385,0.2853353043140374],[30.89727008888332,0.290365104720382],[30.897442328703033,0.29101428877908253],[30.89820601333374,0.292439162172865],[30.898954751525263,0.2967147173318482],[30.89895475752118,0.296714739930891],[30.898954757758016,0.29671475292302857],[30.898954880750516,0.296715455252933],[30.898954799523754,0.2967170440976117],[30.899064773136043,0.30274994923897514],[30.899659892906357,0.30461305587252824],[30.903574181838767,0.312060043302779],[30.908570348843813,0.316966049286906],[30.91431814958611,0.313948656083612],[30.92181291176695,0.312692702732185],[30.926061113135944,0.313070955211086],[30.934930619796877,0.316090998791093],[30.943726472965864,0.31633549823976453],[30.94405049836604,0.316344392774409],[30.944052080162056,0.31634524766639727],[30.947048533430817,0.317728546353032],[30.94760458440197,0.3182652217828064],[30.949172148029643,0.319112421782497],[30.952447639937326,0.3229395215245462],[30.95304410915815,0.323515206834056],[30.953614696633068,0.32430311591131594],[30.955685663102575,0.326722842616378],[30.9564304310153,0.32819128867435615],[30.959553303253493,0.33250357993862745],[30.95955460294431,0.332504849755639],[30.96259705946603,0.344835323618745],[30.96584444888074,0.34835770740573],[30.967719297417002,0.349867761468369],[30.971216167629596,0.350623051427109],[30.976837325540156,0.353768491447722],[30.98621085340965,0.35732493082374345],[30.986456277482187,0.357418046488284],[30.98645627954197,0.35741804871628524],[30.986456687012005,0.357418203315759],[30.989829955259477,0.361066429749733],[30.991827631814854,0.361443749879701],[31.000031026313646,0.358112993174554],[31.004797440351453,0.3575407583115846],[31.005259321328552,0.357485290622029],[31.008508303720866,0.355347753371865],[31.015380377980055,0.35283375490417],[31.01975333335895,0.352080046732656],[31.022252227047684,0.352709281183995],[31.031622551056365,0.350573244129569],[31.031625973560228,0.35057066136606096],[31.035322752177628,0.3475838011145884],[31.03532502422788,0.347581713571579],[31.039770601654386,0.348190771127191],[31.039770632413322,0.3481907533895703],[31.056264372876036,0.33694598892711203],[31.056264632170247,0.336945797724172],[31.05663996309054,0.3358334909350454],[31.058873502605472,0.329214074344376],[31.05810684181949,0.3249718786539035],[31.058020429490757,0.32490781921246126],[31.056073883300787,0.323472223154837],[31.056082066619343,0.3234708663531529],[31.056080849015483,0.323469963715481],[31.060556043961853,0.32272907682730795],[31.062715319643836,0.322371066948919],[31.063695479396127,0.321189441661256],[31.063633452306146,0.3199197618462326],[31.063564650286484,0.318513393766021],[31.063564747698834,0.31851339483577024],[31.063564734631733,0.318513127355329],[31.06570655751826,0.3185363372823841],[31.066325640708005,0.3174024978299809],[31.067390995157957,0.315450681179314],[31.067391460347306,0.3154504688034999],[31.067391637908138,0.315450143604107],[31.06739258136469,0.3154499570183926],[31.07080570148952,0.31389174385355434],[31.071236356755474,0.313534078209616],[31.071400420234095,0.3136202331702829],[31.07177149112249,0.313450825847295],[31.073716695991752,0.314836859304306],[31.074230981770167,0.316171153342566],[31.07739358440445,0.316653629505229],[31.0820363285052,0.314524451256626],[31.083811798508933,0.314474758554428],[31.086193200490495,0.316704934302342],[31.086258707253307,0.3178090306340972],[31.0862705074599,0.31800707220516605],[31.089720844498785,0.320422472774515],[31.0909415353163,0.319203429977013],[31.09354287297404,0.320057053865301],[31.09358441244526,0.3199739889987214],[31.09422582634721,0.318687958321954],[31.094227327898714,0.318688375947001],[31.094228150494107,0.318686731034954],[31.095693895627978,0.319095997355401],[31.097240388714702,0.32124021586252594],[31.09724513678144,0.321246796990143],[31.097245136781645,0.3212467990752776],[31.09724530117757,0.321247027010848],[31.097245227802404,0.3221683598412072],[31.09724531255558,0.32302646298805854],[31.100025273542997,0.325136498094377],[31.100765476508307,0.32423325021764227],[31.101152073147162,0.3237609795975348],[31.100790711234882,0.321742748550823],[31.102656202820942,0.320810000960809],[31.115340590067927,0.320764538897492],[31.116198807651724,0.3170970122767357],[31.1162,0.3171],[31.1075,0.2953],[31.07892298550357,0.276943237215834],[31.078669141139542,0.27683603153044],[31.07588062677573,0.27338005023091416],[31.07202090395987,0.268698137939488],[31.06856227682916,0.267394405624073],[31.062950366427636,0.262149553455715],[31.06173990737996,0.259815828885165],[31.061800984136262,0.25630119377475186],[31.0618,0.2563],[31.038007945224074,0.24033918582429806],[31.034940384550843,0.238590435343941],[31.03046405834933,0.23527839651020843],[31.0299,0.2349],[31.028727426421064,0.23365945114112363],[31.0231994748363,0.22800092274742],[31.023229225032836,0.22784251344053635],[31.023,0.2276],[31.02359292936939,0.22590591608745497],[31.02416738731356,0.222847130083759],[31.027629636533682,0.21309071067972699],[31.019320625361516,0.19743885242517864],[31.018709889054776,0.19748001504342055],[31.0134,0.1982],[31.01235521737034,0.19790830941811513],[31.010084929936774,0.198061323041009],[31.00462699145265,0.19575068289287204],[30.9937,0.1927],[30.97760157134824,0.19347582788683168],[30.977089616056407,0.193536390705432],[30.971465186106705,0.195949879216178],[30.956054215403785,0.1994854983714006],[30.9553,0.1997],[30.92533388917051,0.2009648033791667],[30.92283450591525,0.2019675727539954],[30.920017054986236,0.20360437757942576],[30.917030286972757,0.205897567428444],[30.915173819675843,0.2064180666645115],[30.914,0.2071],[30.913467484655424,0.20689647319291019],[30.912034510566983,0.207298237295934],[30.90504641238975,0.206085736885889],[30.895165815250795,0.19990159431051377],[30.8949,0.1998],[30.893904398405596,0.20028131732709578],[30.89146908950896,0.204825924845267],[30.886050888242345,0.20407804740601837],[30.88038580930169,0.20681679417865337],[30.879822795704698,0.207130767309986],[30.87474527552911,0.206135741233992],[30.87410784466847,0.2049235876673552],[30.861121396210265,0.19995818090392461],[30.85796555128357,0.19931385232954],[30.860687530966814,0.20646785967545397],[30.863066489746043,0.21272029852726],[30.863311688192898,0.22166238942130045],[30.863362135063014,0.22350078194374762]]],[[[31.116389879393086,0.3172487232684762],[31.1162,0.3171],[31.116389879393086,0.3172487232684767],[31.116389879393086,0.3172487232684762]]]]}},{"type":"Feature","properties":{"n":"Rwentuha","c":"422306","d":"Kyegegwa","od":"Kyegegwa","dc":"422","k":"RWENTUHA","a":["RWENTUHA"],"lat":0.36875,"lon":30.894498},"geometry":{"type":"Polygon","coordinates":[[[30.851114891571584,0.339259971564947],[30.853179000186664,0.35468068407411246],[30.85439559664301,0.36215830131799503],[30.85974200631531,0.370852273715975],[30.85858246087568,0.379051421235563],[30.856631726949328,0.38255054404747474],[30.85608912158594,0.3846108716591859],[30.857004263125848,0.3847660251054496],[30.85858080855386,0.385033300890869],[30.859255360479747,0.38498104398832433],[30.865190352010824,0.384521158118717],[30.865190529981653,0.3845212519955281],[30.865191181478266,0.384521201524699],[30.87169728398277,0.387950910485609],[30.873070945116336,0.391340286892658],[30.876722635080935,0.392357278122515],[30.875821946437814,0.3943639008021115],[30.876166497306176,0.3957183368972989],[30.876166782541663,0.395719457449631],[30.876844798223924,0.39619373103071687],[30.878974006247017,0.39768241744662003],[30.883733862439875,0.39784928179294055],[30.88732212351826,0.39695220176874907],[30.888682801911333,0.396612009536344],[30.89345718090747,0.392444749388246],[30.89466973308354,0.395385187765858],[30.896398045044172,0.397097490381184],[30.89639799441915,0.39709778636842274],[30.89639799604497,0.397097787979341],[30.89636579251074,0.397286059939025],[30.896026882092187,0.399267553513874],[30.896301019274414,0.4003266613692435],[30.897527084952063,0.4050631099547824],[30.898427801571547,0.4066338518165859],[30.898486755846115,0.4066276936143881],[30.900583214352693,0.406405005973435],[30.90113446846501,0.411040239406936],[30.903004726357548,0.413524897600791],[30.902914295276055,0.4140563217432518],[30.90240522655936,0.4170504003427526],[30.9035083782666,0.423520323978117],[30.903508347741035,0.42352057076014626],[30.90350836009812,0.423520643222169],[30.903504345504214,0.4235529265915116],[30.902599219469877,0.430870360982437],[30.90619266580837,0.43281916444523877],[30.908837767833155,0.432276664649909],[30.909495839563565,0.4306029145827744],[30.909814727732577,0.429123966248228],[30.913669382891797,0.419987109673483],[30.91366988167947,0.4199865897219833],[30.913669887350355,0.419986575298566],[30.913806934539686,0.4198437216361907],[30.916127487363077,0.417424706525224],[30.921707340777584,0.414283645720884],[30.926037945588607,0.414431268347796],[30.9262878402318,0.413686579612851],[30.926898197095912,0.40637736181260353],[30.924150778898433,0.400892669915977],[30.924150795691716,0.4008922496264961],[30.92415049644486,0.400891652192683],[30.92435914876001,0.3956768672986134],[30.922057703162405,0.388153258571415],[30.922057725824175,0.3881532147585419],[30.92205750595624,0.388152495988912],[30.923074080632382,0.3861874145347219],[30.922525120282554,0.385066760982814],[30.92190361117171,0.383798868580869],[30.921903692483838,0.3837981716027155],[30.921903651350068,0.383798087631795],[30.921912773333155,0.38372033384568127],[30.922653252312482,0.377373215765472],[30.927546161599157,0.37897442321639957],[30.927883785327317,0.37892135200063404],[30.93658170227476,0.377553486640472],[30.936397105951627,0.37452370145597],[30.9350721919316,0.373993009597946],[30.934455961007448,0.373027689517812],[30.933441849089448,0.37224635007937334],[30.93329430683837,0.372309999028569],[30.932545138899247,0.37155546475989903],[30.932545138894223,0.371555464756028],[30.932545138891218,0.37155546475181306],[30.932545013657435,0.371555338620973],[30.932544768547405,0.37155494515398235],[30.929047749670058,0.36664857610053],[30.928814379276968,0.36556667512692953],[30.928548652432994,0.365140112647845],[30.928593300450956,0.3645417576387415],[30.928424074249463,0.363757227991562],[30.928923446933407,0.36011726556654866],[30.928924012045655,0.360109692156557],[30.925926431821754,0.357341730016843],[30.92255404943375,0.355957414082739],[30.916058762675974,0.351302481181898],[30.914683156858636,0.34490395819455605],[30.914436455614393,0.3437566668581242],[30.912188307967952,0.340108042588218],[30.912188275634172,0.3401079166750528],[30.912188246662364,0.340107869659203],[30.912161956395465,0.34000542514333315],[30.910586501872164,0.333870340878548],[30.922048869126446,0.339273948178505],[30.928359103740156,0.34080149068418014],[30.933017893687904,0.3394038532991886],[30.9343013510168,0.3385294332078869],[30.935919021122647,0.3365135102096298],[30.936193039731855,0.335551099253398],[30.938036338275797,0.33322424214734],[30.93832457826188,0.33222793433941294],[30.938514300108046,0.3302385500557916],[30.937031541625032,0.316220133390061],[30.93702237906306,0.316151470088125],[30.93702428449027,0.3161515223923219],[30.937024037766527,0.3161491897965117],[30.934930619796877,0.316090998791093],[30.933161648181105,0.31548866863050457],[30.930058789642967,0.314958050834207],[30.926063160848233,0.31307165245170887],[30.926061113135944,0.313070955211086],[30.921813062162002,0.31269271612309957],[30.914318086521757,0.31394868919017827],[30.908570348843813,0.316966049286906],[30.908569345943153,0.31696506448463],[30.908568968146223,0.316965262725263],[30.90375964543619,0.3122421600170278],[30.903574181838767,0.312060043302779],[30.90357407225282,0.31205983481403804],[30.900369887239602,0.306835787566622],[30.894814482179896,0.3128788238435467],[30.89348295772217,0.317989037376952],[30.890892319440177,0.320978681692031],[30.884299591337662,0.324204329102394],[30.880010107363752,0.3245436198711966],[30.877794767457516,0.3255077649013224],[30.87325987759092,0.327481529418905],[30.864918261295674,0.328317847239574],[30.864001144548382,0.32896267970881893],[30.86521148723878,0.3292683917140233],[30.866419140171065,0.329572523751928],[30.8664193512129,0.32957347763759753],[30.866419399154136,0.329573489746739],[30.86647696372883,0.3298338798121902],[30.8669009821807,0.331750396130903],[30.866900710547768,0.33175067434265715],[30.866900731221076,0.331750767857193],[30.864838225365208,0.333863171994042],[30.864838149110188,0.3338631900453333],[30.864837991790573,0.333863351175154],[30.864250920983874,0.3340022002481492],[30.861823122941864,0.3345769150533413],[30.86084454613033,0.336773252195554],[30.85876681564628,0.335719659441292],[30.858766692458534,0.3357191365295334],[30.85876609667686,0.335718835204129],[30.85834463742431,0.3339299045484633],[30.856040532932806,0.332364955688277],[30.854419373931393,0.332478596436405],[30.85438265042889,0.334452600317406],[30.853181026039067,0.335243768115581],[30.85318040719671,0.3352435758535357],[30.853180289567106,0.335243653270242],[30.851955841247673,0.334863198106932],[30.851955752613897,0.3348630999666924],[30.85195560917162,0.334863055402022],[30.849240574165528,0.331858335608888],[30.84651243288927,0.3347120802427367],[30.84649799413036,0.334727200273315],[30.85044853580081,0.337560253927816],[30.851114891571584,0.339259971564947]]]}}]}
