{"type":"FeatureCollection","name":"Kyenjojo sub-counties","metadata":{"source":"Uganda Bureau of Statistics NPHC 2024 Map Explorer","retrieved":"2026-07-26","display_only":true,"clipped_to_dashboard_district":true,"positive_area_overlaps_removed":true,"source_gap_ratio":0.00487353},"features":[{"type":"Feature","properties":{"n":"Batalika","c":"415101","d":"Kyenjojo","od":"Kyenjojo","dc":"415","k":"BATALIKA","a":["BATALIKA"],"lat":0.812126,"lon":30.799361},"geometry":{"type":"Polygon","coordinates":[[[30.763659756521225,0.839673782491906],[30.762844155147455,0.847770403596119],[30.764185816877067,0.850381499452212],[30.76755297546609,0.849139751257257],[30.77364645579234,0.844786098801133],[30.776888958271236,0.846505760175034],[30.777637222075274,0.8464625813812736],[30.7799,0.8458],[30.78372855342889,0.8400067941536563],[30.783738839520385,0.839802965577267],[30.784101928822107,0.8394418182297082],[30.7875,0.8343],[30.8289,0.8393],[30.829540396617183,0.8335364304453703],[30.826730264702523,0.831865683421441],[30.8233519278118,0.828248464930684],[30.822590508634022,0.821300721061036],[30.823684949012996,0.817446372469484],[30.82197203480774,0.81340066099127],[30.82387531257131,0.809641863695777],[30.823542189447977,0.807785888165628],[30.82244753123096,0.806262976883649],[30.81792636018783,0.804833795613358],[30.817974247953448,0.800504736575094],[30.817165234374947,0.799029472593167],[30.81320918232767,0.795407965445412],[30.813362962353022,0.794079453348163],[30.810347023888376,0.791606553738461],[30.80870670457183,0.79148947284639],[30.804256527711644,0.785467394798709],[30.802403562304942,0.784891681568655],[30.801265020523115,0.780370642410307],[30.798107258932507,0.777413540279826],[30.79778513289187,0.775781570776632],[30.792886219805276,0.774488030937346],[30.787776764327482,0.775920463008863],[30.772282656483345,0.777645495256971],[30.765265188827538,0.780229646242644],[30.766874058795665,0.782691995169657],[30.767102229061273,0.786374638372168],[30.768106361602413,0.787678580878136],[30.772692474899735,0.789789916827825],[30.77092784862666,0.793706314552216],[30.77326307165776,0.799458400621819],[30.783408563508345,0.800492502927024],[30.786304195115115,0.802186124321068],[30.783968993742146,0.806767053324203],[30.778627570957376,0.807935701305986],[30.77551463166134,0.807757578657531],[30.77627998639392,0.810957202290192],[30.775928093675006,0.813295511367182],[30.773866571977226,0.815434736416711],[30.770986357865812,0.822579781316947],[30.76878756168356,0.823171387914256],[30.76688386629621,0.825322507888587],[30.769488730887304,0.830733598917098],[30.76637011960158,0.828841064342223],[30.76243983420876,0.828163153045765],[30.76122734723874,0.829750018511738],[30.760050764899827,0.828929678409978],[30.75857411403843,0.830368616388578],[30.764690386257605,0.837423569407607],[30.763659756521225,0.839673782491906]]]}},{"type":"Feature","properties":{"n":"Bufunjo","c":"415102","d":"Kyenjojo","od":"Kyenjojo","dc":"415","k":"BUFUNJO","a":["BUFUNJO"],"lat":0.758755,"lon":30.807236},"geometry":{"type":"Polygon","coordinates":[[[30.793705517623323,0.766834247345671],[30.79258249598828,0.769544467916792],[30.793927265713638,0.770221976978392],[30.794286682234937,0.771623436469996],[30.79738158695548,0.771082985002674],[30.798101063077752,0.771807057408442],[30.797428042669974,0.773566718050356],[30.795048437001434,0.774108596998157],[30.795003160076007,0.774876566797387],[30.797756185441457,0.7757739273096642],[30.79778513289187,0.775781570776632],[30.798107258932507,0.777413540279826],[30.799130523728138,0.7783717818760901],[30.80126473147522,0.780370077932401],[30.801264828267772,0.7803704623718009],[30.801265020523115,0.780370642410307],[30.802403562304942,0.784891681568655],[30.804256527711644,0.785467394798709],[30.804257206253453,0.7854683130165402],[30.80425746517934,0.785468393474286],[30.80766142584911,0.7900749784908685],[30.80870670457183,0.79148947284639],[30.810347023888376,0.791606553738461],[30.813362962353022,0.794079453348163],[30.81320918232767,0.795407965445412],[30.817165234374947,0.799029472593167],[30.817974247953448,0.800504736575094],[30.817970076294767,0.8008818549577427],[30.81792668666734,0.8048338988163559],[30.821957612141272,0.8061081092220939],[30.822446513016335,0.806262478607841],[30.82244667721121,0.8062627069206199],[30.82244753123096,0.806262976883649],[30.823542189447977,0.807785888165628],[30.82387531257131,0.809641863695777],[30.82249000104506,0.8123777256482152],[30.82197208151917,0.8134007713184356],[30.82302647738101,0.8158911362343989],[30.82368483494508,0.817445222802995],[30.823684685375344,0.8174457497868849],[30.823684949012996,0.817446372469484],[30.822702616798576,0.8209059038060644],[30.822590522633927,0.8213008488063659],[30.8233519278118,0.828248464930684],[30.826496897826836,0.831615815215524],[30.82673040450211,0.831865766538445],[30.829540396617183,0.8335364304453693],[30.8301,0.8285],[30.830822496882092,0.8284311907731341],[30.831497622428472,0.826417979621902],[30.833495958290236,0.825895393001871],[30.83608853736213,0.8279296631083685],[30.843839291562624,0.8271914960416547],[30.844499112959326,0.8220601420687125],[30.844409344697723,0.8205565236868648],[30.84392978124205,0.817269286519576],[30.844111935849092,0.8155749254722736],[30.844,0.8137],[30.84436135108619,0.813254921223109],[30.844462925281142,0.812310100984228],[30.845662066183056,0.810197611147087],[30.847491561268757,0.8093994184372632],[30.8522,0.8036],[30.852716326140676,0.8032620033697584],[30.85053527088047,0.802167414309534],[30.848173105167625,0.797956621652047],[30.845961306340293,0.796979730393535],[30.845433291115565,0.794783280931475],[30.840406814128954,0.79100246822208],[30.839556477512744,0.776985567627095],[30.833165648701193,0.777396222384888],[30.824912492729382,0.780074431263337],[30.824807308325592,0.768694804092822],[30.822368952006723,0.762557723815587],[30.824749250015945,0.754617456417821],[30.825938082118338,0.752847994123724],[30.826486419920684,0.747563955130824],[30.830276185901006,0.743538312242343],[30.832847381097636,0.738149146567629],[30.831957106507264,0.733017263792125],[30.830042188670483,0.732282961060018],[30.829127995715087,0.729017136746535],[30.826581582356543,0.728005490317252],[30.825083143750657,0.72597233308248],[30.82643920900233,0.721831281446986],[30.824921198062672,0.719808250296561],[30.82585484865906,0.71971046217005],[30.82668289776883,0.717808086490764],[30.826397373832382,0.713025585785323],[30.828010638109838,0.709299139783871],[30.827279623526028,0.709022178436265],[30.826406462338795,0.705509962422412],[30.827631312458866,0.701429663845031],[30.824875844927178,0.695761350805902],[30.824333338735148,0.689122970433305],[30.82194302063446,0.685856575220049],[30.815587356408923,0.68475034484634],[30.813353086993146,0.681660452629352],[30.80710340695235,0.678593327243255],[30.80129545160141,0.688273777711229],[30.797435993267605,0.692111346922971],[30.797084635972794,0.693611403802705],[30.799272896009427,0.700893057157848],[30.79900739688594,0.706715787557282],[30.795631021273586,0.708570056924764],[30.79506029820887,0.710379005328414],[30.796154776976632,0.71271916523791],[30.795978768336525,0.714659810318036],[30.794221899624738,0.722072053610571],[30.792435539428606,0.725820638189171],[30.793499000621278,0.727719618964988],[30.79268045559525,0.728909948508218],[30.79315986857768,0.730157871857907],[30.792215646002997,0.733532636023644],[30.794708896979767,0.735508085555037],[30.794295709499536,0.737488046758171],[30.793024726069618,0.738826223400016],[30.793927015354978,0.741054042408352],[30.79331097882414,0.744220568432132],[30.79380475674079,0.748222003349407],[30.790301181626628,0.754951302338124],[30.791912070402944,0.76421329983046],[30.793705517623323,0.766834247345671]]]}},{"type":"Feature","properties":{"n":"Butiiti","c":"415103","d":"Kyenjojo","od":"Kyenjojo","dc":"415","k":"BUTIITI","a":["BUTIITI"],"lat":0.647527,"lon":30.582881},"geometry":{"type":"Polygon","coordinates":[[[30.55348974133633,0.646145546531718],[30.5587847519414,0.648699220212384],[30.565781022810018,0.649596686616929],[30.571739547758575,0.649273797822216],[30.579769440791598,0.661750239841529],[30.590488504142538,0.670326057511694],[30.592371648104276,0.673292798317697],[30.595271871676864,0.680958372562502],[30.599219192057934,0.685371349631536],[30.60092009437688,0.688734978325635],[30.602846152623243,0.689657972163046],[30.60563129465983,0.689108085712049],[30.612450148463438,0.691298955330082],[30.615458961672136,0.694066590803354],[30.61591563250645,0.692710914694257],[30.614403352581327,0.686599472709423],[30.6146847240397,0.675173752456832],[30.612599059067318,0.669008028093585],[30.61166122077342,0.660618895908245],[30.609003444865767,0.657254320955456],[30.607695917827357,0.652254974641706],[30.607883967955548,0.64995072074157],[30.610146628089865,0.64635381935351],[30.610210395672265,0.644112076225922],[30.60532556891188,0.636281646594317],[30.599005459596455,0.632472178423954],[30.59627588723081,0.627789346328225],[30.59413435042794,0.620056269274657],[30.590844197718507,0.616129721131913],[30.58997280996553,0.611815893263663],[30.590454395072644,0.610789949592763],[30.587612613370016,0.610455505300854],[30.586707681074028,0.60895743419377],[30.586865773499273,0.606163141538445],[30.58596846351833,0.603094659767175],[30.580548245623042,0.609594969203073],[30.576704477419685,0.608282769452362],[30.570420189706073,0.608424534231277],[30.570602496432983,0.610675772149641],[30.567685116583434,0.612635592709966],[30.562543307821386,0.613177058998425],[30.560608945906225,0.612420449332165],[30.55642718242205,0.612575132705203],[30.554871306591483,0.61361489751847],[30.55516516222449,0.618552691003271],[30.54496559618886,0.630383953790407],[30.545901134583453,0.637157121266535],[30.55348974133633,0.646145546531718]]]}},{"type":"Feature","properties":{"n":"Butiiti Town Council","c":"415104","d":"Kyenjojo","od":"Kyenjojo","dc":"415","k":"BUTIITITOWNCOUNCIL","a":["BUTIITI","BUTIITITOWNCOUNCIL"],"lat":0.659404,"lon":30.54244},"geometry":{"type":"Polygon","coordinates":[[[30.484131165799887,0.640950268415533],[30.482599014883856,0.646499375614472],[30.48329972322893,0.649138981834496],[30.48503362694724,0.649600821684075],[30.487766086260322,0.6481921238656],[30.49288466445548,0.647986944051726],[30.495616182877917,0.650284091703713],[30.49932135485683,0.650710894472774],[30.50333858049179,0.653189362521408],[30.50600248458831,0.657131310594043],[30.507444598181145,0.662440714820075],[30.508844202004084,0.661677055470878],[30.519824849752414,0.670652512670775],[30.5251497512425,0.671737505838451],[30.526406878330267,0.674636190918657],[30.535673751318786,0.683025014143391],[30.54751064094085,0.697683211315006],[30.549718684184047,0.693128593286763],[30.55027631424387,0.689277749593256],[30.552175805980383,0.687779135692295],[30.560318040663613,0.691217961278986],[30.565199407663567,0.69007252672071],[30.567334766435298,0.687723592865323],[30.57018770221324,0.688936171565321],[30.571205919382752,0.688557053377876],[30.574488953436514,0.685566775200758],[30.577638885349227,0.674676159109354],[30.580798146087215,0.670592431366844],[30.589074203906428,0.672458180888525],[30.593131976348033,0.675916479810587],[30.59237151428677,0.6732925874990536],[30.592371011551496,0.6732917954803408],[30.589870726935185,0.6698318030682231],[30.579769440791598,0.661750239841529],[30.579769392427046,0.6617501646951324],[30.57976938785976,0.661750161201428],[30.571739385399766,0.6492738066203397],[30.565781022810018,0.649596686616929],[30.565780882284177,0.6495966685905799],[30.56578085690159,0.649596669971699],[30.558785058966944,0.648699271378523],[30.558785025661777,0.6486992553246386],[30.5587847519414,0.648699220212384],[30.558405616130276,0.6485163708822365],[30.553501956983002,0.646152690230006],[30.55350017102923,0.6461505765560631],[30.55348974133633,0.646145546531718],[30.545906981682464,0.6371640469400063],[30.545901301986316,0.637157325027078],[30.545901301081493,0.637157318477331],[30.545901134583453,0.637157121266535],[30.545036815733386,0.630899573358179],[30.54496558405435,0.630383949012664],[30.53673851258133,0.62722419421183],[30.53217473552107,0.621640604189548],[30.530615068475072,0.621683476455944],[30.526537450263216,0.6243378586839],[30.524762162366663,0.623641447155408],[30.521368297978096,0.624424600963743],[30.516715833891716,0.627575558651528],[30.513791730282733,0.627595758604033],[30.509038782797568,0.62589576972564],[30.49903114186166,0.628912811632987],[30.49428510670363,0.629227358433976],[30.48028882265748,0.636097598830591],[30.48234995862231,0.637695930017844],[30.484131165799887,0.640950268415533]]]}},{"type":"Feature","properties":{"n":"Butunduzi","c":"415105","d":"Kyenjojo","od":"Kyenjojo","dc":"415","k":"BUTUNDUZI","a":["BUTUNDUZI"],"lat":0.447016,"lon":30.824901},"geometry":{"type":"Polygon","coordinates":[[[30.7895473512961,0.456219118414418],[30.79427092049642,0.460398660285924],[30.794483989449027,0.462012838222031],[30.792558123566288,0.46696266530597],[30.794160846314202,0.470944380162062],[30.79138335512477,0.472357345402016],[30.791610820634016,0.473370877503503],[30.79586196947381,0.474993294140146],[30.7950167207784,0.480885893235977],[30.796173217456342,0.482942111892083],[30.797879211734053,0.491629157361826],[30.80247632512213,0.492828403228493],[30.804044114263004,0.492638577026497],[30.804474185960423,0.486503155725548],[30.808690555460036,0.480999057902679],[30.810601149634223,0.47967797775546],[30.816717535828683,0.477275056641887],[30.823932327333647,0.476459651694552],[30.83922222065444,0.476584776096434],[30.847820472400556,0.478337137458984],[30.848676806856588,0.470547266937953],[30.851500810634082,0.467061598070993],[30.857164035064308,0.470130200103778],[30.859191641998372,0.470061711880749],[30.858613887193375,0.465619116083197],[30.859454367666505,0.459933158140566],[30.859567649848223,0.4597680827959659],[30.86397594467894,0.45117190787606704],[30.86441348603328,0.449962267955896],[30.86482177905168,0.44952253084922217],[30.8675,0.4443],[30.861708751998478,0.4347909137752768],[30.86074798828446,0.433831607364013],[30.860287049808395,0.4324565138829222],[30.855421259348187,0.42446700609023713],[30.85269067244731,0.421732677310025],[30.851656240472643,0.419733956649477],[30.851440640743427,0.41793092862810083],[30.8513,0.4177],[30.851342777918692,0.41711251658327486],[30.851250846175244,0.416343705276811],[30.852362780110766,0.400614085827686],[30.83586655488239,0.40364229823697706],[30.835806633630963,0.4037180809961317],[30.83275551589759,0.408119783052095],[30.831963790899295,0.4085781468038298],[30.822642409111495,0.420366953182522],[30.822551401169225,0.420709473090455],[30.819575672849044,0.42424547257326595],[30.8189,0.4251],[30.7959,0.4308],[30.790123042762538,0.43713931590659666],[30.788567771001546,0.439373737824966],[30.7846292218083,0.443237426653868],[30.78447640344053,0.44327708857575404],[30.781918997127942,0.4448721718944284],[30.78546877012783,0.449159047994346],[30.7895473512961,0.456219118414418]]]}},{"type":"Feature","properties":{"n":"Butunduzi Town Council","c":"415106","d":"Kyenjojo","od":"Kyenjojo","dc":"415","k":"BUTUNDUZITOWNCOUNCIL","a":["BUTUNDUZI","BUTUNDUZITOWNCOUNCIL"],"lat":0.538855,"lon":30.831885},"geometry":{"type":"Polygon","coordinates":[[[30.78181089513144,0.576415669703403],[30.794488625740293,0.598915733246889],[30.796582545874507,0.60013401621946],[30.798221186458413,0.59971652945789],[30.80206482222105,0.602779976381478],[30.805205946773302,0.600647959606347],[30.809241276765007,0.601066763968848],[30.816875546597778,0.59896383692054],[30.818266675349907,0.601568945916481],[30.823441992678518,0.606423167439423],[30.82483315338907,0.609205900891627],[30.824012978942584,0.611027189104951],[30.82768857053126,0.612204719514494],[30.828789846796887,0.613707329700178],[30.82938427287828,0.613327864470538],[30.83267483372005,0.608609902554985],[30.8310377684535,0.601458029507789],[30.832356569469724,0.599604847665713],[30.83647075529641,0.598069805597817],[30.839109484054447,0.595439966439657],[30.839243965604688,0.5949309566645057],[30.8391,0.5948],[30.839400576809037,0.5943381866245225],[30.841103875382647,0.587891238158944],[30.84262817608611,0.586328146539294],[30.84292106240257,0.583796937546245],[30.846561735188317,0.581709769175042],[30.847895901800296,0.580019195547275],[30.848915872563925,0.57971865937198],[30.85112389649839,0.5763261987574396],[30.851034817718393,0.575601331111387],[30.852034166053127,0.5749276389117486],[30.85273151724381,0.5738562119167908],[30.852640643953876,0.573187142924311],[30.854157278838585,0.5716656378109138],[30.8542,0.5716],[30.86191403068326,0.5671919824667089],[30.862200528756997,0.565224302548976],[30.86925281694199,0.562207904981658],[30.870727678334056,0.560663190772735],[30.87307240653261,0.560815767695652],[30.873092383709086,0.5608043521662373],[30.8734640079425,0.556523285215477],[30.874188281050557,0.5551830655455156],[30.87453232140616,0.553407373387556],[30.873755873583267,0.552473684075265],[30.873901777110046,0.551442057406327],[30.874750227660023,0.546858739854713],[30.876184414094283,0.5448804433843447],[30.876238268910434,0.5446024830429294],[30.87581027986431,0.540720512633168],[30.877909861494434,0.5359749084158344],[30.87929837026525,0.5288084115342041],[30.872604651013365,0.520737757898335],[30.87224114342534,0.5180259557544705],[30.8717,0.5172],[30.87166757845041,0.5137471049686183],[30.87136359019587,0.51147932287125],[30.87162899874887,0.5096383667545616],[30.871504837043314,0.4964151451129779],[30.868103052876084,0.491461950812476],[30.867768432367516,0.4894399743136566],[30.86447662498098,0.4837412539993291],[30.862789891410994,0.481478802288833],[30.862333791773995,0.4800316180173462],[30.8622,0.4798],[30.86215404373902,0.4794612853357479],[30.85919164494067,0.470061723049164],[30.859170923312398,0.470062411713622],[30.857164035064308,0.470130200103778],[30.851501333599163,0.4670618814381322],[30.848676794196955,0.4705473820996281],[30.847820472400556,0.478337137458984],[30.83928496992883,0.47659756467336956],[30.839222184091874,0.4765847757972253],[30.83922164325363,0.47658477137129107],[30.822673130285168,0.47660196426204526],[30.816717545878337,0.47727505550609],[30.81671753476009,0.47727505706170037],[30.81671690467275,0.4772753046016905],[30.808689879084277,0.4809999408514669],[30.804474185960423,0.486503155725548],[30.80405869117835,0.492430622126249],[30.80404412651691,0.492638579405266],[30.805857339014104,0.495082786492203],[30.80927089677862,0.495015115477451],[30.81266622800489,0.497659775165479],[30.801461493695466,0.507436125843089],[30.800573690600668,0.512098007075782],[30.80059968411525,0.518631508208657],[30.79539376994124,0.528154803050206],[30.792046030020668,0.53698882402173],[30.78776413043831,0.53354902608617],[30.78584093505961,0.549765072728334],[30.78348986619964,0.558801952946892],[30.781291430091056,0.562685546228577],[30.785088553972994,0.567040801829391],[30.78181089513144,0.576415669703403]]]}},{"type":"Feature","properties":{"n":"Kanyegaramire","c":"415107","d":"Kyenjojo","od":"Kyenjojo","dc":"415","k":"KANYEGARAMIRE","a":["KANYEGARAMIRE"],"lat":0.636624,"lon":30.861238},"geometry":{"type":"Polygon","coordinates":[[[30.82654661923522,0.668396163370393],[30.832545042203705,0.665309387498446],[30.8340308358933,0.665679251367154],[30.834298894257323,0.666783520369535],[30.83334950276893,0.670231125118268],[30.835367282726132,0.671104387657125],[30.8404312679937,0.670504953907727],[30.842570118609526,0.671188221599853],[30.844223000462502,0.674048617246718],[30.847478100513797,0.675547677136475],[30.852479154985193,0.674509889067771],[30.85662400343711,0.676914364000797],[30.859700375944875,0.674899991927855],[30.861000577619503,0.675720504762393],[30.863009006798347,0.675453964744808],[30.870213502358858,0.672247325343734],[30.872402954400275,0.674511739257559],[30.87698463054022,0.674628756456024],[30.877788593926358,0.676445655790598],[30.880807850884473,0.672052273164077],[30.887055033522618,0.667289594219347],[30.888456074800306,0.664139685881521],[30.88806114373282,0.66160663523171],[30.888996326255533,0.655678013145492],[30.887781433145282,0.650177267198643],[30.88982203273388,0.647329618973783],[30.893369931084308,0.644957804186871],[30.893049629807553,0.640956106258301],[30.895276715198865,0.638762693049378],[30.896139257385016,0.635600745964875],[30.900865821846704,0.629552435011775],[30.897618082402598,0.631220763704923],[30.89466327293026,0.630541550619407],[30.891753740169584,0.6279824549388909],[30.8723,0.625],[30.864494418033342,0.6178997417050281],[30.86425064723274,0.6179886178179],[30.848029996521127,0.604195360874035],[30.84738129255049,0.6023329829826778],[30.840010987167275,0.5956286690497524],[30.838952577093515,0.5955963447975283],[30.83647210668457,0.5980684587623403],[30.836471392304087,0.598069307920903],[30.836471199589557,0.5980693628014486],[30.83647075529641,0.598069805597817],[30.833031478762795,0.5993530325556226],[30.831038565907107,0.6014569089243735],[30.8310377684535,0.601458029507789],[30.83267483372005,0.608609902554985],[30.832674589316884,0.6086102529769594],[30.83267460706965,0.608610330540921],[30.829384707986886,0.613327404105022],[30.82938452749996,0.6133274993973935],[30.82938427287828,0.613327864470538],[30.828789846796887,0.613707329700178],[30.828755047356758,0.6136598484324647],[30.82712526660993,0.61452032999719],[30.824691765296965,0.619645448616196],[30.824502760447054,0.620983401475351],[30.82581176988409,0.622458002000682],[30.82522058626501,0.624916441896267],[30.826878065704065,0.628624764322732],[30.826830463264425,0.629582520895243],[30.824109631823937,0.632012989470062],[30.82632463405348,0.634680052856916],[30.826767969017084,0.637647840163084],[30.826341027821414,0.63876655027697],[30.824961019118273,0.638604085249708],[30.823560589593697,0.641876241433173],[30.824646506561933,0.646235611961651],[30.820168168403967,0.651837692314617],[30.819159906236024,0.65507425518248],[30.816903198600077,0.658345587012364],[30.815064250441736,0.667679521526155],[30.82502285735478,0.667723931673572],[30.82654661923522,0.668396163370393]]]}},{"type":"Feature","properties":{"n":"Kifuka Town Council","c":"415108","d":"Kyenjojo","od":"Kyenjojo","dc":"415","k":"KIFUKATOWNCOUNCIL","a":["KIFUKA","KIFUKATOWNCOUNCIL"],"lat":0.744015,"lon":30.849742},"geometry":{"type":"Polygon","coordinates":[[[30.824807168886156,0.7686944531387792],[30.824807308325592,0.768694804092822],[30.824912492729382,0.780074431263337],[30.833165648701193,0.777396222384888],[30.839556477512744,0.776985567627095],[30.840406794233914,0.7910021402733649],[30.842187216611926,0.7923416503875197],[30.845433291115565,0.794783280931475],[30.845961306340293,0.796979730393535],[30.848173105167625,0.797956621652047],[30.848173531392273,0.7979573814393932],[30.848173634903148,0.797957427151749],[30.849758825573613,0.8007833242013456],[30.85053527088047,0.802167414309534],[30.852716326140676,0.8032620033697582],[30.876497763765325,0.7876942349648671],[30.88085064559859,0.782790657498818],[30.88066447473941,0.780724851335846],[30.87812694563777,0.775681005570609],[30.8797402272307,0.762447270617213],[30.879298394303536,0.759850793907547],[30.877301252600088,0.756828523219047],[30.8717688610328,0.752444175188615],[30.869183798740195,0.748930840016085],[30.869369456948725,0.744492671181832],[30.871872155811904,0.740344552056197],[30.86910957304162,0.737278059815394],[30.864813831386368,0.737054988478818],[30.862513637126366,0.733810700611177],[30.859559120875815,0.731501001333747],[30.857743631860163,0.727645388326516],[30.85541586310408,0.725455586772775],[30.854380840845796,0.71916150931094],[30.851945083590554,0.716942887781929],[30.85139274196647,0.715267954747391],[30.852206888790292,0.708759717287848],[30.854766400283594,0.708245082835811],[30.85240157477139,0.704404778169125],[30.854988995697457,0.700831475615433],[30.854772530441817,0.694961764571848],[30.855756136164533,0.692116257527228],[30.85329734376814,0.69082197235225],[30.853509933536397,0.688944153297796],[30.851106573064218,0.685589074728543],[30.842940993398372,0.685336599876647],[30.837151047063504,0.69032065212345],[30.834828978578706,0.689745814177105],[30.832811526672362,0.690406621445161],[30.829174206903293,0.689919509565446],[30.825974762637177,0.68846200884539],[30.824141843211166,0.688637675429655],[30.82416866026703,0.688897935547853],[30.824333338735148,0.689122970433305],[30.824875776767314,0.695760516767291],[30.82487586748833,0.695761397216787],[30.827631312458866,0.701429663845031],[30.826406462338795,0.705509962422412],[30.827279623526028,0.709022178436265],[30.828010638109838,0.709299139783871],[30.828009398610227,0.709302002878548],[30.828009950444788,0.709302212769409],[30.8265995291813,0.712558631299207],[30.82639738459875,0.7130255609163094],[30.826411427795314,0.7132609884225731],[30.82668289776883,0.717808086490764],[30.82585484865906,0.71971046217005],[30.824921198062672,0.719808250296561],[30.82643920900233,0.721831281446986],[30.826438713075373,0.7218327958719999],[30.82643920900233,0.721833457187105],[30.825655128395546,0.7242256487350436],[30.825083281436154,0.7259719126287116],[30.826581763590085,0.728005562318235],[30.82835244773016,0.7287090248105624],[30.829127819838302,0.729016975650166],[30.829127848513668,0.7290170782659319],[30.829127995715087,0.729017136746535],[30.830041774716943,0.7322814822698743],[30.830591802844495,0.732493718504452],[30.831957106507264,0.733017263792125],[30.83195771572616,0.7330207755625285],[30.83195828541177,0.733020995383884],[30.832718834799472,0.7374081566073047],[30.832847381097636,0.738149146567629],[30.830276185901006,0.743538312242343],[30.826487034847563,0.7475633019305935],[30.82593828403288,0.752847137835071],[30.825938137449793,0.7528474609240117],[30.825938082118338,0.752847994123724],[30.82593750754279,0.75284884932419],[30.8239977454933,0.7571243470833224],[30.822877648273444,0.7608607999991754],[30.822445069855245,0.7627493042434772],[30.824806744501345,0.7686933850079034],[30.82480716728507,0.768694277578572],[30.824807168886156,0.7686944531387792]]]}},{"type":"Feature","properties":{"n":"Kigaraale","c":"415109","d":"Kyenjojo","od":"Kyenjojo","dc":"415","k":"KIGARAALE","a":["KIGARAALE"],"lat":0.448939,"lon":30.595355},"geometry":{"type":"Polygon","coordinates":[[[30.544084632515776,0.4477220270379309],[30.545790057943627,0.4510608176642814],[30.546373173552464,0.450402640658933],[30.547273384811323,0.450620599122145],[30.547213803652472,0.4538481508125859],[30.5477,0.4548],[30.54750882578871,0.45513810976211505],[30.54862305432749,0.455356784498664],[30.55111729333181,0.459355489928046],[30.554416720009325,0.460291429719648],[30.556405216725526,0.462023425921376],[30.557449086546665,0.463864548087857],[30.55649284158097,0.466962328529915],[30.55694017707649,0.467847486479207],[30.56199483341437,0.47497473775119],[30.574680835868453,0.489479623196406],[30.57626477981257,0.491043422863542],[30.580617437691018,0.489603823275001],[30.58273583221036,0.487819182810435],[30.583404087937527,0.488265356168406],[30.590703539773692,0.494869491658418],[30.592368976234166,0.498652344822448],[30.592559550236587,0.502031651861187],[30.596247713729415,0.506505034245625],[30.603295525566075,0.510314545238029],[30.604863316259877,0.512025368755458],[30.609828173204452,0.513342672886203],[30.617537521261063,0.513477131460319],[30.6247248694426,0.511901309920934],[30.62629286768154,0.510456970730793],[30.62705992836074,0.511276748785748],[30.63587344837724,0.511638427242292],[30.643544826089293,0.508269111476764],[30.644458425540485,0.506120570052422],[30.650993690518987,0.500598005358699],[30.651909039984833,0.498625233407041],[30.651910380503516,0.495204807875186],[30.65590166844146,0.485405243118218],[30.65582130657858,0.482500403565718],[30.65281260034718,0.47550486682676],[30.652589490775256,0.47100360909029],[30.651736324366027,0.469158953357888],[30.653007884358658,0.464278208172902],[30.652096264258635,0.460255457113595],[30.65257256893454,0.456449679312714],[30.651517774249054,0.453836860660831],[30.646228327677672,0.450156147810829],[30.64413333254262,0.438846688915855],[30.64273423917131,0.437508516693337],[30.642094755953877,0.435312730949353],[30.64255839060012,0.432265452266427],[30.641966020842457,0.430475292383179],[30.636855623159143,0.423703031068745],[30.63434083328145,0.423539424861838],[30.632846470598356,0.421559323238955],[30.61602839787108,0.41087852194033],[30.615234208453455,0.408907336190606],[30.6152601600301,0.403800467231852],[30.610267872542803,0.398655529105478],[30.603771067589967,0.387761140450634],[30.600200851017224,0.383757489797698],[30.597522476963974,0.388323174147856],[30.59294030005079,0.391463917295737],[30.590448375237404,0.394547438846843],[30.58105245401299,0.408294449776553],[30.569481677727648,0.418322147017008],[30.567190231625013,0.420915690229093],[30.566587828585373,0.423739868695254],[30.563666956877114,0.425468936437739],[30.56355090710808,0.433758170658669],[30.551925224285178,0.432584906225734],[30.54602514419939,0.440220775875227],[30.541581276345713,0.4428210903106165],[30.543580236681066,0.44673454786856875],[30.544393544308516,0.446381340362224],[30.544084632515776,0.4477220270379309]]]}},{"type":"Feature","properties":{"n":"Kigoyera","c":"415110","d":"Kyenjojo","od":"Kyenjojo","dc":"415","k":"KIGOYERA","a":["KIGOYERA"],"lat":0.858521,"lon":30.533004},"geometry":{"type":"Polygon","coordinates":[[[30.479581588520244,0.8442045000130437],[30.479998492939874,0.8457604468648775],[30.481143044417227,0.847281358318146],[30.482142541939723,0.850346068263133],[30.48188977838563,0.8528189943320734],[30.484814143851427,0.8637331440169321],[30.48745445524864,0.868137059150841],[30.48734831561271,0.8687623780105206],[30.487979098309662,0.869874054446731],[30.491300072438847,0.873129621805554],[30.491051926070067,0.874529674075536],[30.492574949620625,0.875616064069064],[30.494597910459643,0.8815388917011568],[30.495199999728676,0.8825999995218303],[30.502943659763815,0.89428723533938],[30.504320728895593,0.8986741558754058],[30.5053,0.9004],[30.505971626588927,0.9002842023122536],[30.507760062304204,0.898014993385129],[30.51067741345853,0.8994728597485291],[30.5111,0.8994],[30.517192962017397,0.9080683377154752],[30.51840693757099,0.908940441115941],[30.520206519694856,0.9123556671947438],[30.52785751751796,0.9232405919327651],[30.529316560644304,0.924295652167545],[30.530652847230446,0.9269951010503062],[30.5461,0.9265],[30.546158793785494,0.9265541521708494],[30.546176248411285,0.926550435816437],[30.546583437543013,0.9269452714211971],[30.561081142466175,0.9402984206925304],[30.561518591259205,0.932124458107208],[30.56537808596298,0.92871681433021],[30.56734846296941,0.928216937118561],[30.56817178130886,0.92626581050099],[30.569807688944028,0.9260232067162082],[30.57313036501166,0.9203692982462865],[30.573189113847228,0.919554053223949],[30.57401043172843,0.9192690204999642],[30.58469802789661,0.9147596360702009],[30.586030688871478,0.913380061897979],[30.594282838561835,0.910339387663161],[30.595602471189817,0.909092920317119],[30.600053588837028,0.907677443530061],[30.600431729441897,0.9081211639896312],[30.602667584394446,0.9071777966176262],[30.6029592796623,0.906928599001047],[30.603322413203443,0.9069015067214707],[30.6038,0.9067],[30.60585422369958,0.906635300040958],[30.60322303369918,0.901166740704747],[30.602006838655306,0.900172121760779],[30.602066428009753,0.896942784897035],[30.60338465147604,0.89486838392352],[30.603256527657713,0.893758617817252],[30.600181863048658,0.888306550351237],[30.6017298487801,0.885441232823902],[30.602003918016113,0.88229939535892],[30.600559202507764,0.880237494528806],[30.59693910397492,0.877640852707431],[30.597081951090964,0.875279365383614],[30.597970544257077,0.875522704916348],[30.598302386256798,0.871559375951448],[30.592552808094847,0.864898853033574],[30.59186495474232,0.862590446002818],[30.590318855297,0.862214725237338],[30.587795764341163,0.863970332480197],[30.585422719832078,0.862788393689706],[30.582761204015736,0.859155074552892],[30.58241889631149,0.857886284471317],[30.583764351349295,0.857223596230445],[30.58304960095231,0.85534950318723],[30.580025775429835,0.851961505756299],[30.58011821212231,0.849490148133805],[30.575209076402786,0.845716428807531],[30.57303547562357,0.84202587354616],[30.569115412486116,0.838564152957204],[30.568571815621592,0.836661755756345],[30.56496583802513,0.833200390814038],[30.561302270105326,0.831613026652232],[30.56009935319846,0.830314397050234],[30.559471992549636,0.826538389394946],[30.55575027979044,0.825210098238441],[30.554863302841092,0.824027763046336],[30.552004371128074,0.823605056514183],[30.547944916457727,0.820003132224094],[30.544955092099084,0.825030338517239],[30.545755634444532,0.826817810063608],[30.545381838056212,0.829037740748616],[30.543090756726716,0.829958311533746],[30.541342218085,0.832897317039019],[30.54082906905892,0.837690621537845],[30.539916723926627,0.838071579536142],[30.538277880344314,0.834125936594871],[30.53109369487285,0.828423060623189],[30.528115583868267,0.828853561154475],[30.522787526449434,0.832049476152532],[30.520811861955792,0.832019599272835],[30.518777237064974,0.834381700183796],[30.51505486234584,0.835503238698952],[30.5036959815797,0.834732082579929],[30.509904221930118,0.821052405140878],[30.512971185526034,0.805606316818421],[30.514862296154867,0.78968587832831],[30.502948519835428,0.776082489814086],[30.502946335587158,0.779260094473075],[30.502030307672968,0.781756752748204],[30.50020115168919,0.781888255818887],[30.499282782369228,0.78820101204545],[30.497715893951323,0.791350457386178],[30.496930346819774,0.788988707410869],[30.49654342528281,0.780439206772455],[30.494976797889773,0.778202233476082],[30.493539588898653,0.778069841703228],[30.484783804280386,0.780432117794622],[30.481385320959745,0.782534501146392],[30.476942220882766,0.783978580468116],[30.46399752881025,0.7870191633615018],[30.4772,0.8063],[30.4926,0.8371],[30.484882726595526,0.8411059129122468],[30.48708111759671,0.841709216750367],[30.479581588520244,0.8442045000130437]]]}},{"type":"Feature","properties":{"n":"Kihuura","c":"415111","d":"Kyenjojo","od":"Kyenjojo","dc":"415","k":"KIHUURA","a":["KIHUURA"],"lat":0.561134,"lon":30.767679},"geometry":{"type":"Polygon","coordinates":[[[30.692408626001537,0.601508907087686],[30.693933971627068,0.603964273821501],[30.69388042167355,0.605373831322939],[30.697980579442376,0.607511055345018],[30.706025663985958,0.607539526061531],[30.707189182249067,0.609777728681648],[30.709235482898514,0.610366480976983],[30.712031118797018,0.613838593039162],[30.71381322741076,0.618938283232675],[30.717193376090634,0.622221131114061],[30.719230037047012,0.628414701086949],[30.72412641237387,0.637963173495252],[30.7277438169496,0.639565024761788],[30.730734083963867,0.642133978061812],[30.731883323930443,0.644285838533462],[30.733948276899234,0.644494711210188],[30.73791333943154,0.647452662203368],[30.74409458946344,0.649941862610289],[30.74627561443253,0.652156784443294],[30.747528290951163,0.655954854164004],[30.757256866755558,0.663480857730412],[30.761434095903216,0.664468515279236],[30.767016115416663,0.667363382170937],[30.766104540841425,0.674530415891329],[30.77185451899668,0.673803965036],[30.796223936798956,0.666418892321117],[30.799007772096573,0.667387371138937],[30.80523562845869,0.673312044518335],[30.80592989431821,0.677678697237709],[30.806912813537576,0.6789110001590707],[30.80710340695235,0.678593327243255],[30.80714350260015,0.6786130047912954],[30.80938886495139,0.674461572049749],[30.813204637159387,0.671525199503757],[30.815205610438166,0.6669620217186915],[30.816903198600077,0.658345587012364],[30.816903371829245,0.6583453358987132],[30.81690340116207,0.658345175663387],[30.81911519837849,0.655139063859984],[30.819159906236024,0.65507425518248],[30.820168168403967,0.651837692314617],[30.824646506561933,0.646235611961651],[30.823560589593697,0.641876241433173],[30.824961019118273,0.638604085249708],[30.826341027821414,0.63876655027697],[30.82662995060649,0.6380094885432359],[30.826767904731696,0.6376474098217472],[30.8263246920837,0.6346804413246865],[30.82597867050466,0.6342634813962021],[30.824109631823937,0.632012989470062],[30.826830463264425,0.629582520895243],[30.826877809992187,0.6286299092214703],[30.826878061236933,0.6286247543282996],[30.82522058626501,0.624916441896267],[30.82522073470012,0.6249158246281559],[30.82522066753736,0.624915674364699],[30.825273686548464,0.6246956241146321],[30.82581176988409,0.622458002000682],[30.824502760447054,0.620983401475351],[30.82456360028825,0.6205527202546398],[30.824502160855065,0.620459041439127],[30.824611942444108,0.6202105093236788],[30.824691765296965,0.619645448616196],[30.82712526660993,0.61452032999719],[30.828755047289338,0.6136598484680602],[30.82875481852894,0.6136595362137943],[30.827688665350994,0.612204848889022],[30.827580340378553,0.6121700463760424],[30.824012978942584,0.611027189104951],[30.82483315338907,0.609205900891627],[30.823441992678518,0.606423167439423],[30.819338635410666,0.6025743976150475],[30.81826698377768,0.601569270577058],[30.818266945892976,0.6015691996740599],[30.818266675349907,0.601568945916481],[30.818039433948638,0.6011434003889442],[30.816874944061528,0.5989640028944716],[30.809301397515434,0.60105020317718],[30.80924207297408,0.601066550650687],[30.809242057137176,0.601066549008442],[30.809241276765007,0.601066763968848],[30.80584255562415,0.6007140296835128],[30.805205875941915,0.6006480076826646],[30.80206482222105,0.602779976381478],[30.798221186458413,0.59971652945789],[30.796582545874507,0.60013401621946],[30.79658197500524,0.6001336840767488],[30.796581790840712,0.600133731133489],[30.79483666158082,0.5991182271870499],[30.794488625740293,0.598915733246889],[30.793347296457572,0.5968901355924241],[30.781811600589016,0.576417486790271],[30.78181172247439,0.5764171380473463],[30.78181089513144,0.576415669703403],[30.785088553972994,0.567040801829391],[30.781291430091056,0.562685546228577],[30.781292508211326,0.5626836417017093],[30.781291663224525,0.562682672122752],[30.783046422534305,0.55958530745639],[30.78348986619964,0.558801952946892],[30.78584093505961,0.549765072728334],[30.785914190365034,0.549147396821502],[30.78776288433044,0.533556472158532],[30.787763215788267,0.5335567382551363],[30.78776413043831,0.53354902608617],[30.792045789911597,0.5369886311338149],[30.795178390678494,0.5287231461619928],[30.79539376994124,0.528154803050206],[30.79739016963195,0.5245027445950105],[30.800599683847796,0.5186314409833321],[30.800573690600668,0.512098007075782],[30.801461493695466,0.507436125843089],[30.81266622800489,0.497659775165479],[30.80927089677862,0.495015115477451],[30.805857339014104,0.495082786492203],[30.804061695851313,0.4926622628354921],[30.804044118815785,0.492638587889025],[30.804044016038908,0.4926385889193637],[30.80247632512213,0.492828403228493],[30.80183364573992,0.4926607478918404],[30.800777395866167,0.492671336801713],[30.79789203082966,0.49163250147064474],[30.797879211734053,0.491629157361826],[30.796205593014044,0.48310697055869317],[30.796173201505876,0.48294208353260265],[30.7950167207784,0.480885893235977],[30.79501690151605,0.48088463323459285],[30.79501673837541,0.4808843429743],[30.795163155008417,0.47986503604200487],[30.79586196947381,0.474993294140146],[30.795823621182816,0.4749786588244611],[30.791992786633678,0.473707421774161],[30.791888543555384,0.47347686821448104],[30.791610820634016,0.473370877503503],[30.79138335512477,0.472357345402016],[30.794160235619575,0.4709446908346158],[30.79255838923102,0.466963772181141],[30.792558477622993,0.46696354490467235],[30.792558123566288,0.46696266530597],[30.79426038171299,0.46258755094628123],[30.794483966277006,0.462012662674332],[30.79427092049642,0.460398660285924],[30.7895473512961,0.456219118414418],[30.78954662402741,0.4562178595040359],[30.78954592862321,0.456217244318647],[30.787984693657677,0.4535141402579063],[30.78546877012783,0.449159047994346],[30.781918997127942,0.4448721718944284],[30.78040935907926,0.44581375026499837],[30.779574588908094,0.44744365836159],[30.775548061177496,0.450390487100948],[30.771498251204306,0.451689590677],[30.770538401757648,0.457737095790374],[30.777243144737955,0.478248010188691],[30.780200350785588,0.48209151234879],[30.78031446999644,0.482655099286657],[30.778507595512714,0.482799981911967],[30.777791122246217,0.487080573861245],[30.7806811342409,0.489600058739818],[30.776892458436524,0.493310665227706],[30.771696862022054,0.493115646236666],[30.769955087034987,0.494419562647945],[30.76522443548846,0.495057226870107],[30.764447353411565,0.494997063178569],[30.764302988340802,0.493609688771348],[30.75873511765964,0.499075510832722],[30.75570130360703,0.503251463701924],[30.753131439616254,0.5076059982298],[30.75174891293223,0.514829336436042],[30.750552499297587,0.516020908129856],[30.752620921320673,0.517459244506092],[30.753038181824053,0.519315542764261],[30.756442072943948,0.519049580253271],[30.76037666016182,0.521609427567535],[30.76220492996337,0.525984424381573],[30.765405424724978,0.528402946497693],[30.766205187287042,0.530705527317338],[30.76397257960174,0.537842134956806],[30.758882289915885,0.542387091941053],[30.7568245376841,0.542673768618927],[30.751725287031952,0.545316877937817],[30.75378900869639,0.567609463795835],[30.75029742541989,0.569650344132835],[30.734881072521908,0.571359731325096],[30.73016438298824,0.573750461266274],[30.72485464352059,0.571116350298979],[30.719665169565207,0.57031718288277],[30.716969701912873,0.567363033297649],[30.708370119292354,0.567040431257432],[30.704444683580057,0.570629818585068],[30.701630857440826,0.57246333650495],[30.698173968715945,0.57318856025562],[30.697114489897494,0.574761168374853],[30.689853820162526,0.575343606853919],[30.689082630909475,0.57966250981209],[30.690724409674708,0.586836908122017],[30.68861797873589,0.590785921664005],[30.692067420732915,0.59549722915278],[30.692408626001537,0.601508907087686]]]}},{"type":"Feature","properties":{"n":"Kisojo","c":"415112","d":"Kyenjojo","od":"Kyenjojo","dc":"415","k":"KISOJO","a":["KISOJO"],"lat":0.456048,"lon":30.670901},"geometry":{"type":"Polygon","coordinates":[[[30.6001935979702,0.3837698536881116],[30.600200851017224,0.383757489797698],[30.60033771452391,0.3839109689093267],[30.602727826380722,0.386251304940989],[30.6033769245797,0.3873191473983185],[30.603771067589967,0.387761140450634],[30.610267872542803,0.398655529105478],[30.6152601600301,0.403800467231852],[30.61526015925867,0.4038006190373113],[30.61526024101738,0.40380070329807],[30.615234236342435,0.40890740541132],[30.61602839787108,0.41087852194033],[30.63095857934489,0.42036036354371187],[30.63284610674895,0.421559077345996],[30.632846128221193,0.4215591058024812],[30.632846470598356,0.421559323238955],[30.63434083328145,0.423539424861838],[30.636855623159143,0.423703031068745],[30.636856292434718,0.4237039179878],[30.6368563257757,0.423703920166372],[30.63806840253204,0.4253101973479596],[30.641966020842457,0.430475292383179],[30.64255839060012,0.432265452266427],[30.64255832325851,0.4322658948749647],[30.64255839031178,0.432266097581497],[30.642495887462417,0.4326762595274416],[30.642094755953877,0.435312730949353],[30.64273423917131,0.437508516693337],[30.64413333254262,0.438846688915855],[30.64622832132302,0.4501561135063668],[30.65151701793727,0.453836257499128],[30.651517091357686,0.45383638546423066],[30.651517774249054,0.453836860660831],[30.65151874815509,0.453839273111225],[30.65226478084921,0.455139540159057],[30.652248086597396,0.4556459081955793],[30.65257256893454,0.456449679312714],[30.652096264258635,0.460255457113595],[30.65262234169008,0.4625769049892723],[30.65300784498237,0.464277741631878],[30.653007809498327,0.4642778778330224],[30.653007884358658,0.464278208172902],[30.651736324366027,0.469158953357888],[30.652589490775256,0.47100360909029],[30.652743100758222,0.4741027057281738],[30.65281269735281,0.4755050923743607],[30.65582130657858,0.482500403565718],[30.65590166844146,0.485405243118218],[30.655741871721865,0.4857975822142597],[30.65572281568002,0.486591985035932],[30.651910593455113,0.4952042850281743],[30.651910380503516,0.495204807875186],[30.651909039984833,0.498625233407041],[30.650993690518987,0.500598005358699],[30.649435232822984,0.5019149654937388],[30.648944986549772,0.502566840195925],[30.653147396700714,0.50726344441806],[30.659676300904714,0.511831843892766],[30.660990187653532,0.51371662227629],[30.66563488045744,0.516191282395465],[30.67069832499496,0.520322058158913],[30.672622459568142,0.523668520979604],[30.67088271274372,0.525519463046482],[30.67476475428359,0.529984878039647],[30.675673924643956,0.536224946306055],[30.681556252324718,0.54307903549553],[30.683743445065147,0.547961331497493],[30.689210142359105,0.545668141138871],[30.6933741668707,0.545715612278673],[30.693207604222096,0.54309821436113],[30.69040002532329,0.540124155574055],[30.688734936918124,0.536221700434447],[30.695483423123488,0.536467844736573],[30.699958713232625,0.535471478146038],[30.700754066449164,0.535087750799176],[30.702800178016417,0.530210329741696],[30.708011419453438,0.527568656407255],[30.705893703680346,0.52449915793154],[30.69951700508445,0.522167404070777],[30.696612336758324,0.518353709451367],[30.699902153855657,0.514209338366649],[30.707565274227733,0.510115308611737],[30.71059611223123,0.501883395360899],[30.71047034819125,0.49955797426313],[30.701836528210904,0.48490105115261],[30.699370859932518,0.477350397462916],[30.69551311554544,0.469098493609547],[30.69539641331407,0.46467778623626005],[30.693973449407085,0.4631891470720287],[30.689863512397988,0.459579959379108],[30.6895860614331,0.4585992642684747],[30.6893,0.4583],[30.689335045812843,0.45771200914006616],[30.689318841847523,0.457654733615476],[30.689702305510462,0.449238693585482],[30.68989325233389,0.4483465441758979],[30.690178364855328,0.4435629896495299],[30.689917282488235,0.4429768019643966],[30.675084000886407,0.4312663164892698],[30.67238924664893,0.430475998383124],[30.670680522929906,0.429037171601652],[30.669575554154996,0.4269175427539432],[30.6674,0.4252],[30.66248695302954,0.40824517123919973],[30.65877977143579,0.405485744511477],[30.658451854984946,0.4046699403438677],[30.6426,0.3926],[30.63945574281304,0.3855716604056222],[30.639213336277162,0.385341593990472],[30.63923627148352,0.38508107743374526],[30.637921153648747,0.38214140227366894],[30.6363197843892,0.381316542712993],[30.635608137534177,0.379978495694573],[30.63579875973099,0.377410931907716],[30.63005750275115,0.375122132909699],[30.629425056980285,0.3745764958251778],[30.622672973391552,0.37158595361286767],[30.618552750180978,0.371540183962077],[30.6157756734734,0.369558394624407],[30.61519555845499,0.3682741573779883],[30.61211040528115,0.36690772275428113],[30.610747340151033,0.366538401879567],[30.610210529457554,0.3660662552614767],[30.607150801011517,0.36471108141686553],[30.602038232224537,0.36853389573819],[30.60031521560166,0.3690996026721969],[30.59559092501169,0.3723278679086772],[30.595274847668282,0.372590431555082],[30.595195072808398,0.3725983669142613],[30.5949,0.3728],[30.594712850913613,0.37264633445622575],[30.594184277124597,0.372698912710511],[30.594841847113813,0.378529556952212],[30.6001935979702,0.3837698536881116]]]}},{"type":"Feature","properties":{"n":"Kisojo Town Council","c":"415113","d":"Kyenjojo","od":"Kyenjojo","dc":"415","k":"KISOJOTOWNCOUNCIL","a":["KISOJO","KISOJOTOWNCOUNCIL"],"lat":0.520462,"lon":30.728416},"geometry":{"type":"Polygon","coordinates":[[[30.67311504077498,0.575185549120601],[30.67465495275525,0.575576095344816],[30.675897998831264,0.579281609134761],[30.675849358216837,0.581885314642421],[30.688617970225994,0.590785912631473],[30.69072439017795,0.5868368229232751],[30.689082630909475,0.57966250981209],[30.689853820162526,0.575343606853919],[30.697114489897494,0.574761168374853],[30.698173968715945,0.57318856025562],[30.701630857440826,0.57246333650495],[30.704444647388872,0.5706298421676139],[30.70444468358475,0.5706298185807755],[30.70765604897741,0.5676933714983027],[30.70836972899578,0.567040756287538],[30.708369762460322,0.5670407575418166],[30.708370119292354,0.567040431257432],[30.716969701912873,0.567363033297649],[30.719664617365545,0.5703165776889363],[30.724807546056763,0.5711090973945806],[30.72485464352059,0.571116350298979],[30.73016438298824,0.573750461266274],[30.734881072521908,0.571359731325096],[30.75029742541989,0.569650344132835],[30.75378900869639,0.567609463795835],[30.751725287031952,0.545316877937817],[30.7568245376841,0.542673768618927],[30.758275007904764,0.5424716957076248],[30.758882572564715,0.5423868395729436],[30.763037324657212,0.5386771942077554],[30.763972595571968,0.5378420839074218],[30.766205187287042,0.530705527317338],[30.765405424724978,0.528402946497693],[30.76220492996337,0.525984424381573],[30.76037666016182,0.521609427567535],[30.756442072943948,0.519049580253271],[30.753038181824053,0.519315542764261],[30.752620921320673,0.517459244506092],[30.750552499297587,0.516020908129856],[30.751657181525722,0.514920696601341],[30.751749026944754,0.5148287407505987],[30.751751867142975,0.5148139014620864],[30.752203667836792,0.510282260142636],[30.75287904259169,0.5089247062820469],[30.753131439616254,0.5076059982298],[30.75570130360703,0.503251463701924],[30.75873511765964,0.499075510832722],[30.764302988340802,0.493609688771348],[30.764447353411565,0.494997063178569],[30.76522443548846,0.495057226870107],[30.769955087034987,0.494419562647945],[30.771696862022054,0.493115646236666],[30.771697919227158,0.4931156859193235],[30.771698063570692,0.493115577928861],[30.77547034992837,0.4932572857608873],[30.776892458436524,0.493310665227706],[30.7806811342409,0.489600058739818],[30.777791122246217,0.487080573861245],[30.777925005788212,0.4862806824503444],[30.778506725576996,0.482802618510059],[30.778507160130722,0.48280258311529733],[30.778507595512714,0.482799981911967],[30.78031446999644,0.482655099286657],[30.780200351556374,0.4820915161553758],[30.780200350745865,0.48209151229716346],[30.777243144737955,0.478248010188691],[30.770538401757648,0.457737095790374],[30.771465393630287,0.4518966089209549],[30.771498237285876,0.451689599657952],[30.769614442623684,0.45386200384879],[30.76819050400414,0.45343478873968696],[30.766434543869845,0.45453000098839524],[30.765234803949433,0.455301756505079],[30.764683116933103,0.460192173280817],[30.76356421168024,0.462235335422208],[30.759060925086867,0.4661456990132017],[30.7562,0.4712],[30.73704308050384,0.4728961855803889],[30.737005556954873,0.47292065678624],[30.73693542668403,0.47286291829380084],[30.730315015962987,0.4690610982757737],[30.729257673924987,0.468751090508945],[30.726911610049562,0.4671066671571731],[30.7269086713299,0.46710497957558417],[30.726877952142658,0.4670985821313607],[30.696915807072404,0.4651717560818268],[30.696646592192963,0.465205683543071],[30.69655351593197,0.46514845761620405],[30.6958,0.4651],[30.69539641761464,0.4646777907353153],[30.695400768542022,0.46484276327302343],[30.69551311554544,0.469098493609547],[30.699370859932518,0.477350397462916],[30.69937090965525,0.47735054972960383],[30.699370980688307,0.477350701673412],[30.700969104739496,0.4822447269859203],[30.701836528210904,0.48490105115261],[30.71047034819125,0.49955797426313],[30.7105960732585,0.501882674741498],[30.710596073888254,0.501882686350856],[30.710596073886602,0.5018826863553415],[30.71059611223123,0.501883395360899],[30.707565274227733,0.510115308611737],[30.70756512489637,0.5101153883921677],[30.70756510282253,0.510115448349406],[30.705368137083145,0.5112891313378338],[30.699902153855657,0.514209338366649],[30.696612336758324,0.518353709451367],[30.69951696660422,0.5221673535480241],[30.700454254966886,0.5225101262488763],[30.705893703680346,0.52449915793154],[30.708011419453438,0.527568656407255],[30.702800225189236,0.5302103058289339],[30.701947869944327,0.5322420201953344],[30.700754066449164,0.535087750799176],[30.69995922463673,0.5354712314132211],[30.699959221979217,0.535471232699155],[30.69995922196464,0.5354712327024002],[30.699958713232625,0.535471478146038],[30.695483423123488,0.536467844736573],[30.695483090535507,0.5364678326057583],[30.695482995153096,0.536467853842423],[30.69542863602648,0.5364658464318648],[30.688734936918124,0.536221700434447],[30.69039999374183,0.5401240815568286],[30.6905313865699,0.5402633060962149],[30.693207604222096,0.54309821436113],[30.693265022732504,0.5440005000225784],[30.693374214981894,0.545711446307119],[30.69337390155395,0.5457114430395661],[30.6933741668707,0.545715612278673],[30.689210142359105,0.545668141138871],[30.684236728611957,0.5477544070945518],[30.683743448073045,0.54796134183449],[30.684914506225493,0.553922106114227],[30.687060024008947,0.559343878948505],[30.683987571640202,0.561146392797295],[30.680647441820515,0.561447256768503],[30.679829395571844,0.565460331211984],[30.678247739809326,0.567938232486408],[30.6724576309057,0.570620271811101],[30.67387424512218,0.573431465581045],[30.67311504077498,0.575185549120601]]]}},{"type":"Feature","properties":{"n":"Kitega","c":"415114","d":"Kyenjojo","od":"Kyenjojo","dc":"415","k":"KITEGA","a":["KITEGA"],"lat":0.706325,"lon":30.884757},"geometry":{"type":"Polygon","coordinates":[[[30.820935448120018,0.685326808638319],[30.82133348217089,0.6857504824595729],[30.82194302063446,0.685856575220049],[30.823739509691734,0.6883114967033701],[30.82404589622714,0.688637619440738],[30.82594492178619,0.6884648687858164],[30.825974762637177,0.68846200884539],[30.82597502864278,0.6884621300237344],[30.825975030265244,0.688462129876142],[30.825987401761132,0.688467766574149],[30.829174206903293,0.689919509565446],[30.82917664662409,0.6899198362942076],[30.833616640378658,0.6901429100837856],[30.834828978578706,0.689745814177105],[30.837150202317456,0.6903204430029671],[30.837151230015266,0.6903204946364733],[30.842940993398372,0.685336599876647],[30.843450441828548,0.6853523517181843],[30.843861056397056,0.6850284504249],[30.84991673079366,0.685184608010233],[30.850574278616513,0.6855726165017729],[30.851106573064218,0.685589074728543],[30.85147589469532,0.6861046457816621],[30.852296625321095,0.686588945844715],[30.853509576677197,0.6889436551242304],[30.853509933536397,0.688944153297796],[30.8532973705934,0.6908217354030297],[30.853464133455965,0.6909097688740746],[30.855756136164533,0.692116257527228],[30.854871571026205,0.694675246636795],[30.854772537829948,0.6949619649097064],[30.854849450792045,0.6970475507082095],[30.85498905956616,0.700830983442849],[30.85498898152127,0.700831091211346],[30.854988995697457,0.700831475615433],[30.85240157477139,0.704404778169125],[30.854766400283594,0.708245082835811],[30.85220705615784,0.7087596836356818],[30.85189901908884,0.7112208079228862],[30.85139274196704,0.715267954742855],[30.85139274505603,0.715267964116245],[30.8519450760677,0.7169428649694659],[30.85199109151604,0.7169847943281451],[30.854380840845796,0.71916150931094],[30.855384024968387,0.7252619757748521],[30.855415903042243,0.7254556243437943],[30.857743631860163,0.727645388326516],[30.85774365889148,0.7276454457338031],[30.85774369036447,0.727645475339829],[30.857888650048945,0.7279533681656272],[30.859559068564458,0.7315008902384148],[30.860739722891292,0.7324239394362442],[30.862513637126366,0.733810700611177],[30.864813831386368,0.737054988478818],[30.868845758119576,0.7372643603073714],[30.8691090562814,0.737278010411354],[30.869109077614315,0.7372780340886068],[30.86910957304162,0.737278059815394],[30.871872155811904,0.740344552056197],[30.869481565112732,0.7443068565694148],[30.869369448098386,0.7444928827496289],[30.86922913050185,0.7478471819684721],[30.869183884088702,0.7489309560124814],[30.8717688610328,0.752444175188615],[30.877301252600088,0.756828523219047],[30.87730129404383,0.7568285859357825],[30.8773013321845,0.756828616161249],[30.879298293016696,0.759850518701907],[30.879298320958043,0.7598506829139555],[30.879298394303536,0.759850793907547],[30.8797402272307,0.762447270617213],[30.879740191205787,0.7624475661292396],[30.879740200456745,0.762447620497357],[30.878127044515153,0.7756812021091528],[30.88066447473941,0.780724851335846],[30.88084066722452,0.7826799345492648],[30.880850656147878,0.782790648840219],[30.890579323708458,0.775114860909508],[30.892824252850026,0.7747806904060308],[30.89906529139178,0.7698117106753353],[30.899107095072342,0.769654399009948],[30.901029728498283,0.767488945601759],[30.90349025147279,0.7662886532859973],[30.90659594504254,0.7638159673228188],[30.904709559303488,0.76042300356272],[30.902276208693582,0.7500378658346],[30.902301742426314,0.749994416821212],[30.905901775600604,0.7384589913733787],[30.90609753061464,0.73725186605049],[30.906448456569485,0.7367072859709695],[30.91042280300394,0.7239724652682288],[30.910498209448203,0.723193439509168],[30.910928062019824,0.7223534863790312],[30.913038737134503,0.7155903444158277],[30.913154070211224,0.713387705391418],[30.914075999880566,0.7122666897443978],[30.919734028915926,0.694136920111949],[30.919570136548785,0.693479422467368],[30.92014822901931,0.692809717227478],[30.921370941168917,0.6888918353183251],[30.92131491380041,0.688380494284414],[30.921615836730574,0.6881071274122424],[30.922775698329037,0.6843906347158898],[30.92276126503305,0.684249916850514],[30.922852122995046,0.6841457505733217],[30.924003427902445,0.6804566756998236],[30.923066450454435,0.678788890467595],[30.925326241943075,0.676218041773887],[30.925685782436567,0.675065982235171],[30.92463901713946,0.669413542566258],[30.924892930628765,0.6685628072329294],[30.9211,0.6429],[30.92102898220193,0.6428523014789078],[30.91637848865113,0.641075544888642],[30.91634521824273,0.6397064898645202],[30.910084869284578,0.6355017778777018],[30.908649441644624,0.634823961640444],[30.90679055313449,0.6332891774783885],[30.904642388059862,0.6318463800402074],[30.902922188366038,0.631701607298308],[30.900865843228846,0.629552420081606],[30.898398708095026,0.6327094576754365],[30.896139257385016,0.635600745964875],[30.895276715198865,0.638762693049378],[30.895276538661285,0.6387628669178167],[30.89527653100369,0.638762894988555],[30.89524507859959,0.6387938513224292],[30.893049766864383,0.6409559712736863],[30.893370253766555,0.644957194664894],[30.89336990116832,0.6449574304301904],[30.893369931084308,0.644957804186871],[30.890532469310134,0.6468546831638209],[30.889821897094603,0.6473298082578267],[30.887781579017506,0.6501770636345616],[30.888853642610293,0.6550319756656315],[30.888996326255533,0.655678013145492],[30.88806114373282,0.66160663523171],[30.888456074800306,0.664139685881521],[30.887055033522618,0.667289594219347],[30.88080798810269,0.6720521685527117],[30.877793597710735,0.676440703715992],[30.877792968142042,0.6764392907797834],[30.877788593926358,0.676445655790598],[30.87698463054022,0.674628756456024],[30.872402954400275,0.674511739257559],[30.870213502358858,0.672247325343734],[30.863295958092213,0.6753262459729149],[30.863009174406674,0.675453917784471],[30.863009085951298,0.6754539295147257],[30.863009006798347,0.675453964744808],[30.861000577619503,0.675720504762393],[30.859700375944875,0.674899991927855],[30.85662400343711,0.676914364000797],[30.85247917029632,0.6745098979499338],[30.852248489424277,0.6745577553664388],[30.847478100513797,0.675547677136475],[30.844223000462502,0.674048617246718],[30.844222822228843,0.6740483088043551],[30.844222634698752,0.674048222435189],[30.844119829241507,0.6738700742305371],[30.842570118609526,0.671188221599853],[30.8404312679937,0.670504953907727],[30.837339493241352,0.6708709332765777],[30.83536849854569,0.671104395776026],[30.835368222643446,0.6711042763972912],[30.835367282726132,0.671104387657125],[30.83334950276893,0.670231125118268],[30.83425643748723,0.6669376971911878],[30.83429886662568,0.6667834065407211],[30.8340308358933,0.665679251367154],[30.832545042203705,0.665309387498446],[30.82752725695829,0.6678915292559602],[30.826548047797974,0.668395756860974],[30.826547703791697,0.6683956052599056],[30.82654661923522,0.668396163370393],[30.825022929523776,0.6677239635120679],[30.815064247318833,0.667679533030705],[30.8132049493078,0.671524650806044],[30.813204841322335,0.6715247339144137],[30.813204637159387,0.671525199503757],[30.809775003822,0.6741644244432389],[30.809388832772846,0.6744616315444084],[30.807143507293247,0.6786129961142662],[30.807318891537907,0.6786990795759124],[30.813353086993146,0.681660452629352],[30.815587356408923,0.68475034484634],[30.815588784441662,0.6847505934015083],[30.820935448120018,0.685326808638319]]]}},{"type":"Feature","properties":{"n":"Kyakatwire Town Council","c":"415115","d":"Kyenjojo","od":"Kyenjojo","dc":"415","k":"KYAKATWIRETOWNCOUNCIL","a":["KYAKATWIRE","KYAKATWIRETOWNCOUNCIL"],"lat":0.395429,"lon":30.56909},"geometry":{"type":"Polygon","coordinates":[[[30.53179025978937,0.4325420413386356],[30.53322300086182,0.433332682090684],[30.53355117264112,0.4342126509672148],[30.53504720540177,0.43563196409911487],[30.537956482630836,0.434257254478839],[30.537365401171932,0.43783127803491095],[30.540325245845988,0.44063933580260173],[30.54038626166886,0.440621530231645],[30.540418468629476,0.44072777793052664],[30.5406,0.4409],[30.54158128150924,0.4428211004195018],[30.541581281509245,0.4428211004195004],[30.541581276345713,0.4428210903106165],[30.546024881086645,0.4402209298347714],[30.55192439599894,0.43258557885253],[30.55192468215686,0.4325856078469185],[30.551925224285178,0.432584906225734],[30.56355090710808,0.433758170658669],[30.563666956877114,0.425468936437739],[30.566587828585373,0.423739868695254],[30.567190231625013,0.420915690229093],[30.569481677727648,0.418322147017008],[30.58105245401299,0.408294449776553],[30.590448375237404,0.394547438846843],[30.59044890450792,0.3945467839245773],[30.590448904517366,0.394546783910758],[30.590448939596328,0.39454674050598626],[30.59294030005079,0.391463917295737],[30.597522476963974,0.388323174147856],[30.599878721455138,0.3843066072365216],[30.600193589732054,0.3837698456215315],[30.594879126896576,0.3785660603562703],[30.594842256421227,0.378530092593857],[30.59484224921826,0.37852995068254136],[30.594841847113813,0.378529556952212],[30.59420670066392,0.37289774124981534],[30.59172519841221,0.370926809437949],[30.591249305461986,0.3698024648681499],[30.583707004298294,0.36360958499891927],[30.5802921545397,0.361820834194981],[30.563618234039637,0.347136802642364],[30.56358707814216,0.34711949613639],[30.557945365034943,0.3556315545086814],[30.557954346820907,0.3558095170784932],[30.559479256494477,0.3588824411176606],[30.55955257779644,0.358970882145378],[30.559562741215416,0.35905067547955277],[30.56239712575048,0.3647623897699029],[30.563754984830943,0.36468009598768],[30.565704583918432,0.368674136916719],[30.563579806479478,0.370436057404451],[30.562233853964912,0.374356356097466],[30.55373129900268,0.38325079593058314],[30.55320884008401,0.383942193661279],[30.552621854636328,0.386756219590537],[30.551260056027804,0.387601507536336],[30.550370743325246,0.390094742790906],[30.54754020805149,0.391384922319064],[30.547448178974932,0.392509726253237],[30.548631843730284,0.393837256228776],[30.548055576562824,0.394800252398651],[30.548614286701035,0.396057711142155],[30.54675271376965,0.399285306471141],[30.54757217694325,0.398822993165929],[30.547529216480868,0.39999150327745],[30.548494311865763,0.400283090111404],[30.548203416566587,0.401133684848858],[30.547129781396137,0.401221772169732],[30.547982392765462,0.402264773899666],[30.546449141929084,0.402685305946223],[30.545940530461188,0.404932250296812],[30.544847203861888,0.403699472842091],[30.543539099537448,0.404952565774107],[30.5440574820639,0.406060510984176],[30.543161898484506,0.406157152621365],[30.541565257784026,0.40264833596983],[30.537882045323233,0.400621026058962],[30.537786495174963,0.40065134306388034],[30.5283,0.4097],[30.527541378515785,0.4134701188912457],[30.528095304119038,0.41399365661478],[30.52842531640974,0.417554614493907],[30.527237095189932,0.418748202189711],[30.527669604806427,0.420580998914419],[30.525815845575032,0.422906446810329],[30.525352353436787,0.4264342840297737],[30.53179025978937,0.4325420413386356]]]}},{"type":"Feature","properties":{"n":"Kyamutunzi Town Council","c":"415116","d":"Kyenjojo","od":"Kyenjojo","dc":"415","k":"KYAMUTUNZITOWNCOUNCIL","a":["KYAMUTUNZI","KYAMUTUNZITOWNCOUNCIL"],"lat":0.85543,"lon":30.736901},"geometry":{"type":"Polygon","coordinates":[[[30.68502412854063,0.883243591129303],[30.68550731534634,0.8836547135034213],[30.702879317978102,0.8826211389761313],[30.70296955756833,0.8825590955474],[30.702988441517775,0.8826146465000866],[30.710488823338004,0.8821683995268007],[30.71381790486255,0.881435897896048],[30.71493731375865,0.8819037296161901],[30.715,0.8819],[30.728932507031704,0.8747226478927581],[30.72819716259308,0.87135567581137],[30.729763427701663,0.871229709148286],[30.73100750956659,0.872089447353344],[30.732971909007805,0.871105320724245],[30.734805485892394,0.871675907929745],[30.734814464345025,0.8716656892280806],[30.736189750848027,0.8684033817093341],[30.735741898579246,0.867384551819606],[30.736458194278306,0.866560145456177],[30.73611579920498,0.865375871743661],[30.73756786771983,0.8651343602924965],[30.73785776159469,0.8644467050544595],[30.73874524707263,0.861769408093247],[30.73899714503855,0.8617439815364653],[30.7391,0.8615],[30.741094066329143,0.8612353009297599],[30.743786501824896,0.858373899046055],[30.745846193279753,0.857697455494405],[30.74732379616485,0.858159058111921],[30.75023917556184,0.8600213483767469],[30.7617,0.8585],[30.761724831065468,0.8566625011553831],[30.761041282401248,0.854695254755114],[30.761774895607754,0.8529577250262348],[30.7618,0.8511],[30.762666368393482,0.8508463120173786],[30.762692928825974,0.850783404833241],[30.761495436640185,0.849071469469412],[30.754707222681922,0.845519671889849],[30.754156383200165,0.843530089839971],[30.754683616860003,0.840793801321142],[30.752644503706236,0.842337035882236],[30.75287826218457,0.845236785462231],[30.75105173224146,0.847448975560054],[30.75239325501592,0.849577981152912],[30.750810389034903,0.851930533830414],[30.744332310957393,0.850428922567442],[30.735568405791994,0.843322801483952],[30.73616335581619,0.840694748179359],[30.733446974814505,0.838464878908214],[30.729632512861038,0.839742012122641],[30.72639372806973,0.838323479063785],[30.726554771612342,0.837169703071876],[30.725034644148217,0.834713812154691],[30.726438786523318,0.826881024236033],[30.72226875016513,0.828158681538642],[30.718925621264752,0.827801849134204],[30.717700201102815,0.829574544072732],[30.717538196458406,0.831727244813527],[30.716188287163774,0.833210131513531],[30.71464118919203,0.839204294028033],[30.710670366336768,0.846040902636106],[30.711898031672323,0.846817003828009],[30.712487108764254,0.849460873769627],[30.71156641139864,0.850409923276516],[30.71263941418267,0.85160255331495],[30.71059930363842,0.855020269857281],[30.714413054973626,0.855839718381601],[30.71513329968682,0.859854691373051],[30.716731484851138,0.86184185988744],[30.713377061452363,0.864619132138065],[30.71414195201791,0.868017419846786],[30.71179386423791,0.873398801815718],[30.708198962176766,0.877412530527625],[30.70697029360706,0.875955036376177],[30.705767452382233,0.871740640452041],[30.702021045107603,0.86937766617845],[30.698187050502735,0.868691646922305],[30.69724912900195,0.866503923084962],[30.692990578866723,0.869681048896069],[30.690141158385806,0.870009811326308],[30.68799460767837,0.868596843438164],[30.68202925867309,0.875035250950878],[30.68176390868926,0.878719149137384],[30.68031626485799,0.880659981152317],[30.680976810809447,0.8835302501831],[30.68502412854063,0.883243591129303]]]}},{"type":"Feature","properties":{"n":"Kyembogo","c":"415117","d":"Kyenjojo","od":"Kyenjojo","dc":"415","k":"KYEMBOGO","a":["KYEMBOGO"],"lat":0.841779,"lon":30.611252},"geometry":{"type":"Polygon","coordinates":[[[30.552539502686802,0.8236841782380091],[30.554863302841092,0.824027763046336],[30.55575027979044,0.825210098238441],[30.559471992549636,0.826538389394946],[30.55997663888853,0.8295757945022745],[30.560099628504794,0.8303146942619145],[30.561302270105326,0.831613026652232],[30.56496583802513,0.833200390814038],[30.568571815621592,0.836661755756345],[30.56857193206359,0.836662163262258],[30.568572447545435,0.836662658109309],[30.568737665411618,0.8372421714962076],[30.569115412486116,0.838564152957204],[30.572823528973597,0.8418387081724801],[30.573035284829732,0.842025649193953],[30.573035353404762,0.84202576561745],[30.57303547562357,0.84202587354616],[30.573718161091765,0.8431850047309647],[30.575209310459314,0.8457166087299647],[30.58011821212231,0.849490148133805],[30.580025775429835,0.851961505756299],[30.58100502928233,0.853058695230966],[30.58304909218376,0.855348807220942],[30.583049176127275,0.8553490271987455],[30.58304960095231,0.85534950318723],[30.583480498468198,0.8564793270254083],[30.58376358816832,0.857221176469833],[30.583763453804117,0.857221242845011],[30.583764351349295,0.857223596230445],[30.58241889631149,0.857886284471317],[30.582761094345546,0.8591546680518232],[30.583300913865056,0.8598918494808567],[30.585422719832078,0.862788393689706],[30.587795764341163,0.863970332480197],[30.590318855297,0.862214725237338],[30.59186495474232,0.862590446002818],[30.592552808094847,0.864898853033574],[30.59746635789989,0.8705908899383297],[30.598301519988173,0.87155829780348],[30.59830151428861,0.8715583658314142],[30.598302386256798,0.871559375951448],[30.597970544257077,0.875522704916348],[30.597082787888837,0.8752795945391053],[30.59700881565785,0.8764884090310914],[30.59693910397492,0.877640852707431],[30.600559202507764,0.880237494528806],[30.600559385305058,0.8802377554174664],[30.600559648933157,0.880237944490344],[30.602003819526104,0.882299199378351],[30.602003815227615,0.8822992486589752],[30.602003918016113,0.88229939535892],[30.6017298487801,0.885441232823902],[30.601378680519822,0.8860912443522866],[30.600182259691554,0.8883072536877342],[30.603256527657713,0.893758617817252],[30.60325659405054,0.8937591928899402],[30.603256594054116,0.89375919289628],[30.603256594725817,0.893759198738961],[30.60338465147604,0.89486838392352],[30.603384194193815,0.8948691035182776],[30.603384211908025,0.894869257602675],[30.60299097238358,0.895487890641115],[30.602066428009753,0.896942784897035],[30.602006848264168,0.9001716010260463],[30.602578952471166,0.900640003324863],[30.60322303369918,0.901166740704747],[30.605724368289348,0.9063654137857385],[30.605854232856295,0.9066352997525576],[30.606671399730942,0.9066095622131987],[30.611112793446896,0.906038922169582],[30.612235027371426,0.9064343298465691],[30.616471204161815,0.9063009069555333],[30.61789578815186,0.903240270399588],[30.619281291283055,0.9025073300685592],[30.623826113529283,0.8963098451873379],[30.623696638604642,0.895870001047713],[30.624072869753512,0.8959733594270288],[30.6242,0.8958],[30.626138732037443,0.895550460232804],[30.626153189209536,0.895355070237755],[30.62930739096346,0.894905207151414],[30.63077916008722,0.892167463140989],[30.634331855396773,0.8944958998004152],[30.63779967051371,0.894049547359621],[30.637981787104096,0.893844189963634],[30.638682785616613,0.889858544253476],[30.64099365703274,0.890601083468544],[30.643150999876372,0.8933607623921498],[30.645248715449334,0.8930907593976103],[30.645237444412754,0.890883895781196],[30.643970737590163,0.889661841634326],[30.64597700976213,0.8887425273565],[30.64786171958296,0.88943923615044],[30.650823384979137,0.885997750725963],[30.65204832369952,0.888673582396885],[30.65193187378407,0.8922305508990804],[30.663195885212193,0.8907807276459551],[30.66503367278204,0.890082930300985],[30.664482988327492,0.888221065721277],[30.665318338833714,0.886033408654963],[30.663538235355187,0.88093384765215],[30.661978551529934,0.879146410671244],[30.663077110682075,0.878528973544001],[30.662903758521704,0.87509388942011],[30.661200390416937,0.871946853745398],[30.659233470086804,0.872442190984467],[30.657167234513516,0.869855951942443],[30.658054411051037,0.868211463176837],[30.656709130167823,0.865172097142576],[30.657398596421185,0.862635323962393],[30.65832237887236,0.862344840983224],[30.66037142379722,0.859019554131611],[30.667922207859096,0.855869315795432],[30.668320075013963,0.855083730642529],[30.66931843006699,0.855237331949267],[30.671906286870602,0.852477296257396],[30.6674310002783,0.852239603357028],[30.664247792813363,0.850655096033279],[30.658137293836067,0.84965570731016],[30.653440691953303,0.847714208157908],[30.64898635436646,0.843982008425024],[30.649768489370665,0.841720142615781],[30.64946806941072,0.838700587482697],[30.648087111770568,0.838311069110342],[30.647219442326254,0.837017840329086],[30.64478490844893,0.838551268396918],[30.64432253183926,0.837178799892801],[30.641242997052114,0.83550490389826],[30.640120201487633,0.83348900065919],[30.641460840995375,0.829402979799557],[30.640149511508497,0.827547969499888],[30.64145264493547,0.824530618711749],[30.63985580654153,0.818951937279087],[30.641754042116716,0.811839164185357],[30.641177080294515,0.801877161220218],[30.63970789497961,0.795711291529197],[30.636817347694468,0.793964979422228],[30.634356502833178,0.795030959037864],[30.635058884242174,0.792617059502703],[30.634037269718497,0.789967309713281],[30.63382706766397,0.78248286513914],[30.632709055127552,0.776828317697462],[30.629285520948653,0.777547396477797],[30.623013313892972,0.781867463839947],[30.61891855881175,0.779040395930358],[30.61605463075905,0.779644105816475],[30.612989535453064,0.781516047865794],[30.609664386440272,0.785405208114154],[30.60431181415129,0.78338434935401],[30.60394101141017,0.780847844172197],[30.600506121907014,0.778424497303144],[30.596953549289776,0.7818814169901],[30.595520638005414,0.782082287949658],[30.593431628212546,0.781101207988097],[30.59122651372058,0.781445840428531],[30.59102468674037,0.782915774867256],[30.588618374963577,0.785422135940672],[30.586442688334042,0.784440921704497],[30.582892052891008,0.784208248073873],[30.58157591898208,0.785728664151835],[30.579178718132628,0.791864624624947],[30.579479556224385,0.792680910295158],[30.58168349606552,0.79455593253336],[30.584602754730394,0.795162800388169],[30.587723838321992,0.797182637150215],[30.59047105958006,0.800326180721641],[30.59509078920959,0.801320863272857],[30.587004137510384,0.803783200280391],[30.58094042506083,0.808853420187837],[30.578555522198233,0.806542407818191],[30.57497680876481,0.804611933549089],[30.568047075324234,0.804924821506723],[30.55839586681815,0.806734984385867],[30.552952644604673,0.811084226461425],[30.5517749484861,0.817481468424658],[30.547944923394393,0.820003123014273],[30.548064232069674,0.8201090000895488],[30.552004053148035,0.8236047743728317],[30.552539502686802,0.8236841782380091]]]}},{"type":"Feature","properties":{"n":"Kyenjojo Town Council","c":"415118","d":"Kyenjojo","od":"Kyenjojo","dc":"415","k":"KYENJOJOTOWNCOUNCIL","a":["KYENJOJO","KYENJOJOTOWNCOUNCIL","TOWNCOUNCIL"],"lat":0.630443,"lon":30.659047},"geometry":{"type":"Polygon","coordinates":[[[30.594134287691894,0.620056149684016],[30.59413430618975,0.6200562164797293],[30.59413435042794,0.620056269274657],[30.59627588723081,0.627789346328225],[30.599005459596455,0.632472178423954],[30.60532556891188,0.636281646594317],[30.610210395672265,0.644112076225922],[30.610146628089865,0.64635381935351],[30.60788401522028,0.6499506456058607],[30.60769595870085,0.6522551309220388],[30.608507862892594,0.6553594569580359],[30.60900349262653,0.6572543814175397],[30.61166122077342,0.660618895908245],[30.61166127990852,0.6606194248823472],[30.611661386271777,0.660619559538219],[30.61247272829037,0.6678779765764008],[30.612599054422578,0.6690079865455589],[30.612777950923466,0.6695368751953179],[30.6146847240397,0.675173752456832],[30.61460653518776,0.6783487864644981],[30.61440365770314,0.686597032743948],[30.621408173551647,0.680180949613009],[30.62873567729475,0.677841491741837],[30.63758045521468,0.673156866354012],[30.651329558213455,0.663991116168699],[30.657799963092003,0.65594948955537],[30.660000026858857,0.654721133503407],[30.665227287450943,0.653973082836442],[30.668838120038096,0.657247255775509],[30.669929931977244,0.657329133576769],[30.678938279115986,0.653581950240938],[30.682439376446858,0.653238477039681],[30.683801154740365,0.654793983445037],[30.68687839364969,0.655544505708473],[30.693927702510404,0.653283989770235],[30.69555185211215,0.649143717498509],[30.697810333592372,0.650842451722377],[30.70429283400521,0.649698180196585],[30.70807779060597,0.652148985151567],[30.711397611074773,0.649366138334931],[30.71199435107549,0.642830893164289],[30.713310182381104,0.640037284633415],[30.724126482233384,0.637963263683694],[30.72412644292393,0.637963187023363],[30.72412641237387,0.637963173495252],[30.719230037047012,0.628414701086949],[30.71719340337656,0.6222212140916841],[30.716799321233403,0.6218384195011326],[30.71381322741076,0.618938283232675],[30.712031139510806,0.6138386523138336],[30.711792717636133,0.6135425045725665],[30.709235482898514,0.610366480976983],[30.707189182249067,0.609777728681648],[30.707188818667642,0.6097770292780154],[30.70718827689878,0.609776873301789],[30.70702107748559,0.6094543538503296],[30.706025663985958,0.607539526061531],[30.697980579442376,0.607511055345018],[30.69798035216573,0.6075109368761354],[30.69798000859616,0.607510935807484],[30.696871603906448,0.6069329973070311],[30.69388042167355,0.605373831322939],[30.693880439570002,0.6053733602473388],[30.6938799990597,0.605373130558791],[30.693895323627146,0.6049815777523081],[30.693933971627068,0.603964273821501],[30.692408626001537,0.601508907087686],[30.692067420732915,0.59549722915278],[30.688874715530794,0.5911365772151099],[30.6778460937781,0.583277176225224],[30.675849358216837,0.581885314642421],[30.6758499313055,0.5818546375195762],[30.675702548801194,0.581749607333013],[30.66882659356631,0.579550102464012],[30.667410811130726,0.578198162302037],[30.666634737214775,0.574475696174837],[30.66173789126064,0.576807180732926],[30.657213337016454,0.576791663355905],[30.646704699697867,0.580283713467987],[30.64829382032139,0.583772551341427],[30.63744754435914,0.584534738784125],[30.637424042618626,0.588448311411978],[30.636704358660324,0.587431966184502],[30.630824297711825,0.593089029361878],[30.62626904182948,0.589501894148498],[30.62029296157742,0.597379647118546],[30.61512403744,0.601721246848464],[30.6116146195635,0.60764674615342],[30.610269259183987,0.608614531419932],[30.60420983191728,0.608118568152907],[30.5976841747388,0.611019761872662],[30.590454407182225,0.610789951185208],[30.590445267548397,0.6108093943920221],[30.58997280996553,0.611815893263663],[30.590844197718507,0.616129721131913],[30.593987074184668,0.6198805062294234],[30.594134287691894,0.620056149684016]]]}},{"type":"Feature","properties":{"n":"Mabira Town Council","c":"415119","d":"Kyenjojo","od":"Kyenjojo","dc":"415","k":"MABIRATOWNCOUNCIL","a":["MABIRA","MABIRATOWNCOUNCIL"],"lat":0.815626,"lon":30.744016},"geometry":{"type":"MultiPolygon","coordinates":[[[[30.715385432451153,0.822567870316441],[30.714683374041535,0.823407154416844],[30.715734385889537,0.824862338368859],[30.7146586089636,0.828327210271987],[30.714579626277242,0.832496925845592],[30.715740665916467,0.833291773913623],[30.716497219084005,0.8328707672039888],[30.717156599282827,0.8321464325164883],[30.717586008461453,0.8310919239265507],[30.717700201102815,0.829574544072732],[30.718925621264752,0.827801849134204],[30.72226875016513,0.828158681538642],[30.726438786523318,0.826881024236033],[30.725034644148217,0.834713812154691],[30.726455595809593,0.8370094764073875],[30.726554226792217,0.83716876540329],[30.726554220208342,0.8371688122333738],[30.726554771612342,0.837169703071876],[30.72639372806973,0.838323479063785],[30.729632512861038,0.839742012122641],[30.733446974814505,0.838464878908214],[30.733447780984037,0.8384655406904404],[30.733447842398387,0.838465520139956],[30.733547121354775,0.8385470889121212],[30.73616335581619,0.840694748179359],[30.735574538581638,0.843295711312621],[30.736604216707057,0.844162677959464],[30.7439182784167,0.850093208600764],[30.750761759918618,0.8519192616555726],[30.750809980625217,0.8519304391615051],[30.752392911546284,0.849577436064307],[30.75105173224146,0.847448975560054],[30.752647676880997,0.8455160573828433],[30.752878236134553,0.8452364623144585],[30.752693427128275,0.8429439258377037],[30.752644326259194,0.842338103370714],[30.752644574577037,0.8423379150271497],[30.752644503706236,0.842337035882236],[30.753206074618372,0.8419120297277161],[30.754680383204107,0.840793799438719],[30.754679834223342,0.8407966640831315],[30.754683616860003,0.840793801321142],[30.754156383200165,0.843530089839971],[30.75424994572704,0.84386802916745],[30.75470735855318,0.8455197429817742],[30.761495436640185,0.849071469469412],[30.762625550682714,0.8506870810095309],[30.762692937892815,0.850783397543468],[30.764185804643784,0.850381503080998],[30.763959082475402,0.8499402367676226],[30.762844155147455,0.847770403596119],[30.762844166510853,0.8477702907896333],[30.76284416336436,0.847770284665656],[30.76301995935673,0.8460251636825982],[30.763659756521225,0.839673782491906],[30.764690386257605,0.837423569407607],[30.76468289671127,0.8374149304203902],[30.759127737427423,0.831375753663484],[30.759088883161713,0.8309623885181117],[30.75857411403843,0.830368616388578],[30.758994560939886,0.8299589074788394],[30.75895388805074,0.829526194250936],[30.760049253667603,0.8289311510461305],[30.760050764899827,0.828929678409978],[30.76122729034547,0.8297499788444501],[30.761329986605258,0.8296156872816275],[30.76243983420876,0.828163153045765],[30.76558876424058,0.828706293053925],[30.76636935976543,0.828840798596708],[30.766369668515928,0.8288409865371715],[30.76637011960158,0.828841064342223],[30.769488730887304,0.830733598917098],[30.76688386629621,0.825322507888587],[30.76878756168356,0.823171387914256],[30.768787635427795,0.8231713680726822],[30.76878769453654,0.823171301270925],[30.7688673506584,0.8231499199472434],[30.770986357865812,0.822579781316947],[30.773866571977226,0.815434736416711],[30.7759280560091,0.8132955504527999],[30.77617425794219,0.8116597624316271],[30.77627998639392,0.810957202290192],[30.77551463166134,0.807757578657531],[30.775515507221517,0.8077576287571578],[30.775515381295566,0.807757101729199],[30.778045237517976,0.8079023801375834],[30.778627428545335,0.807935693157157],[30.77901434414686,0.8078510793381112],[30.783968993742146,0.806767053324203],[30.786304195115115,0.802186124321068],[30.783408563508345,0.800492502927024],[30.77326307165776,0.799458400621819],[30.77092784862666,0.793706314552216],[30.772692474899735,0.789789916827825],[30.768106361602413,0.787678580878136],[30.767102229061273,0.786374638372168],[30.767102154491056,0.7863734348169767],[30.76710211772285,0.786373387033671],[30.766873858949168,0.7826916893078915],[30.765376922548793,0.7804006528585268],[30.76526517522895,0.780229647613904],[30.76215942178182,0.779469897513658],[30.75154879968279,0.781359762570196],[30.748442410699198,0.780539802773868],[30.748155085946095,0.782963062941854],[30.747283845465514,0.783729993289695],[30.742789200143285,0.781787198170586],[30.74114349964502,0.78251670980129],[30.739243873875886,0.780314178788877],[30.7393996481166,0.782860143170262],[30.73805760681929,0.783004612973893],[30.73436415655509,0.786949661641513],[30.730639193822338,0.787272985353482],[30.727370134598917,0.783403985843964],[30.72110948071192,0.787249691940935],[30.71860942194975,0.797695152313407],[30.719339328437233,0.801577004542301],[30.718532768534633,0.802047780975432],[30.71580561284676,0.801250968815492],[30.716093620771083,0.806838148927555],[30.714823362061697,0.808426788970894],[30.71422743373637,0.81581739159433],[30.715650158835466,0.81870784666627],[30.715385432451153,0.822567870316441]]],[[[30.7574040937255,0.780310903149382],[30.757404094823187,0.780310908921365],[30.757404093725505,0.780310903149382],[30.7574040937255,0.780310903149382]]]]}},{"type":"Feature","properties":{"n":"Mbale Town Council","c":"415120","d":"Kyenjojo","od":"Kyenjojo","dc":"415","k":"MBALETOWNCOUNCIL","a":["MBALE","MBALETOWNCOUNCIL"],"lat":0.538268,"lon":30.537164},"geometry":{"type":"Polygon","coordinates":[[[30.500135120662986,0.558575901653711],[30.501141671351547,0.561204150936347],[30.500934004281703,0.565400153755398],[30.5033109541847,0.576074740760015],[30.506101210161365,0.584052282694695],[30.510187224825653,0.585964476291179],[30.50862686033877,0.587011391612861],[30.50928199797276,0.589194523770144],[30.513609515986104,0.590764102959136],[30.521418469418666,0.59076783228618],[30.53000314834981,0.596811455740155],[30.5498299966963,0.597744887137345],[30.546714758259156,0.592342340967367],[30.543904649183084,0.591273020246659],[30.540596915120414,0.586130669912595],[30.540143848742137,0.581701498020707],[30.54260309319953,0.576604358347048],[30.55043637460488,0.566293655282644],[30.549884599475643,0.564096100586406],[30.551130556742855,0.559939837791731],[30.559157339515426,0.553986028804152],[30.563147090974603,0.54738865692878],[30.56831717459248,0.540910202441614],[30.56657025071982,0.535838542421941],[30.561349833055257,0.532157753342118],[30.558143873769552,0.528070583801596],[30.555727137818167,0.526822248062651],[30.55095229590196,0.526115463441654],[30.54942781480441,0.523909161838757],[30.545092659976735,0.522831229186646],[30.538142806031853,0.512542811927216],[30.53329759030055,0.510092094859325],[30.53203788433339,0.504060696365646],[30.53304322875255,0.501052294789131],[30.531848629137812,0.498223221195867],[30.534178338685194,0.494671252172319],[30.534370026351855,0.490847986970346],[30.532484248335937,0.489907121497103],[30.52833235218542,0.49021269263025],[30.527289033833487,0.488712032160501],[30.530824898845996,0.487131553495985],[30.53064789634842,0.484925899791014],[30.528039185428966,0.482468465039153],[30.53118604592466,0.480196286609897],[30.530239577339607,0.479871853835304],[30.528154684857753,0.48110962413021],[30.52565363208033,0.48018676730664334],[30.52556402539459,0.4802226840360524],[30.525097375262575,0.481381764713877],[30.52345426649711,0.481415489176309],[30.52298448954601,0.482765154927856],[30.52114161098872,0.482474228924738],[30.521350241160306,0.483327602955614],[30.51812231318762,0.485597507308572],[30.51942520459673,0.487181409975705],[30.51525051867459,0.489050206389203],[30.513714533820004,0.489255049386744],[30.51137564243445,0.486601675166672],[30.510612680397735,0.48669825459673965],[30.509398484668505,0.4879293141555399],[30.509406153694385,0.488474106093093],[30.506954471124782,0.4904072723318179],[30.505814907225794,0.4915626635071806],[30.505695237119134,0.492997875641044],[30.503797558637796,0.493981849820524],[30.497039250388895,0.5005638650395597],[30.5022366174761,0.5090205979272138],[30.503501119248465,0.508760812328669],[30.50292963684679,0.509654729720677],[30.50343511134682,0.512393440333785],[30.50535212491398,0.512459879919656],[30.50371968997956,0.515231805957269],[30.504406457990207,0.515352469711453],[30.503883002290312,0.515909778369036],[30.50475137348945,0.517573629016155],[30.504370193302368,0.519923153203673],[30.505284872605866,0.520925494460032],[30.50461936729214,0.5227753356187927],[30.504743279304012,0.5236888264970292],[30.506516086951173,0.523820399840667],[30.506820582703416,0.525490338651342],[30.505549033221968,0.527028059898184],[30.506811166005644,0.528574186346081],[30.507425175072374,0.528234259607918],[30.50659233307789,0.531601953902155],[30.507773795962745,0.531738159208638],[30.508600023998973,0.534723456581701],[30.506929178587015,0.537531617183817],[30.506911885690013,0.539004916512377],[30.508141780040628,0.539079804866895],[30.50735670918669,0.539429932342503],[30.50804842970297,0.540161802780601],[30.507220396853967,0.541770041361038],[30.50719690500949,0.5417771834420515],[30.5072,0.5418],[30.503469544587997,0.54569033207252],[30.50363661258235,0.545900967990212],[30.502687992718144,0.5465053790225081],[30.49975370980038,0.5495654169224622],[30.499288146681778,0.551817990502011],[30.498030009317233,0.551700562433853],[30.49591673567875,0.554048538759187],[30.497480061520534,0.556477387770884],[30.500135120662986,0.558575901653711]]]}},{"type":"Feature","properties":{"n":"Nyabirongo","c":"415121","d":"Kyenjojo","od":"Kyenjojo","dc":"415","k":"NYABIRONGO","a":["NYABIRONGO"],"lat":0.723561,"lon":30.777986},"geometry":{"type":"Polygon","coordinates":[[[30.750511584270928,0.767665935460183],[30.752727035830922,0.767994258662733],[30.754545868708664,0.769687656030494],[30.761494692821554,0.771096392408838],[30.761328164640815,0.773393413360322],[30.763346616176992,0.775212163535559],[30.763094482751466,0.779468072347175],[30.763809182901966,0.7798734730703628],[30.76511592606918,0.7801931372900712],[30.765399580028713,0.7801801572856557],[30.772282656483345,0.777645495256971],[30.78777667994711,0.7759204724033284],[30.791911606715544,0.774559287572414],[30.7923675831338,0.7746334303453483],[30.792886219805276,0.774488030937346],[30.79473033855123,0.7749749636557058],[30.795048092941844,0.7741144328046171],[30.795048437001434,0.774108596998157],[30.79505210046779,0.7741077627610735],[30.79764412102189,0.7730017655362215],[30.7978630236947,0.772429428630387],[30.79738482173436,0.7710862404465374],[30.79738189965545,0.7710832997002862],[30.796401817344993,0.771254078451888],[30.794286682234937,0.771623436469996],[30.794286486580532,0.7716226735620385],[30.794285438891393,0.771622856121239],[30.794098507867407,0.7708896951480941],[30.793927335454825,0.7702222489176117],[30.793788396236426,0.770152013082406],[30.79258249598828,0.769544467916792],[30.792583200134203,0.7695427685810868],[30.792582086599367,0.769542205672715],[30.79344385013438,0.7674657370598503],[30.793705517623323,0.766834247345671],[30.791912070402944,0.76421329983046],[30.791650133512643,0.7627072623828177],[30.79030120233421,0.754952212810229],[30.790301305510376,0.7549520146225244],[30.790301181626628,0.754951302338124],[30.79380475674079,0.748222003349407],[30.79331097882414,0.744220568432132],[30.793311069190683,0.7442201039337041],[30.79331101035131,0.744219627274447],[30.793926961450946,0.7410539093153135],[30.793024726069618,0.738826223400016],[30.794295709499536,0.737488046758171],[30.794708896979767,0.735508085555037],[30.792215646002997,0.733532636023644],[30.79315986857768,0.730157871857907],[30.792712366558547,0.7289930135015957],[30.792680769472817,0.728910876922181],[30.792680796940925,0.728910837039093],[30.79268045559525,0.728909948508218],[30.793499000621278,0.727719618964988],[30.792435539428606,0.725820638189171],[30.794221881736977,0.7220720911471125],[30.79473192807655,0.7199202394507612],[30.795978768336525,0.714659810318036],[30.796154776976632,0.71271916523791],[30.79506029820887,0.710379005328414],[30.795631021273586,0.708570056924764],[30.79900734473751,0.7067158161966419],[30.799106890607472,0.7045337648473702],[30.799272888563312,0.7008932204605063],[30.799103609491652,0.700329739398757],[30.797084635972794,0.693611403802705],[30.797084931209053,0.6936101433445112],[30.797084931205998,0.69361014333434],[30.797084935888538,0.6936101233662889],[30.797435993267605,0.692111346922971],[30.801295383755633,0.6882738451722138],[30.80129571816344,0.6882733334170823],[30.805111967014316,0.6819125737792969],[30.806594931874443,0.678665786914965],[30.806537829915925,0.6784408766704669],[30.80592989431821,0.677678697237709],[30.80523562845869,0.673312044518335],[30.799007772096573,0.667387371138937],[30.797875029442533,0.6669932970831126],[30.796223731312825,0.6664189545930195],[30.77185451899668,0.673803965036],[30.768708028736278,0.6742014918577091],[30.766104537547413,0.67453042823526],[30.76415049494163,0.678590543254909],[30.766770265383165,0.681737072263013],[30.76718879994916,0.683491879042358],[30.76652810130684,0.701328316365],[30.771172100656447,0.706022477923462],[30.774302070506387,0.707335012999603],[30.77570820873317,0.709578364093196],[30.77580681103166,0.712286764807107],[30.76854462241967,0.713597720009793],[30.76507666480817,0.715122403642535],[30.764858448891278,0.717279335154373],[30.762326983738856,0.720952942715254],[30.763738386603542,0.722144772134384],[30.763430928046315,0.723046580139262],[30.76148948568008,0.724074831780844],[30.751805534087865,0.733525177073786],[30.75070330970935,0.733140671632215],[30.755582494132362,0.741559500463587],[30.749181674687833,0.743898975591576],[30.74681074026355,0.745733992553083],[30.746840579416034,0.748757615486815],[30.74897794668118,0.753048656366189],[30.74498888195909,0.756973184197231],[30.744761885822392,0.763379239573996],[30.74833342546673,0.764628311737018],[30.750511584270928,0.767665935460183]]]}},{"type":"Feature","properties":{"n":"Nyabuharwa","c":"415122","d":"Kyenjojo","od":"Kyenjojo","dc":"415","k":"NYABUHARWA","a":["NYABUHARWA"],"lat":0.595468,"lon":30.487492},"geometry":{"type":"Polygon","coordinates":[[[30.445334861428613,0.602534307648965],[30.448305383042204,0.603661424966488],[30.450468151630513,0.606027406497919],[30.453577160002023,0.61569637338798],[30.45519654825614,0.61774765616326],[30.46005754523468,0.618920895252857],[30.463975665473296,0.617992241091617],[30.464855207635544,0.61860645972549],[30.468169264822276,0.626580399077442],[30.471067691817158,0.62906812873991],[30.474736857671846,0.634501332853698],[30.48028881331532,0.636097590437179],[30.484742627954137,0.6339113961951733],[30.49428510670363,0.629227358433976],[30.49903114186166,0.628912811632987],[30.509038782797568,0.62589576972564],[30.513791730282733,0.627595758604033],[30.51569788410356,0.6275825907338763],[30.516715922315452,0.6275754987651018],[30.521368297978096,0.624424600963743],[30.524762162366663,0.623641447155408],[30.526537425524054,0.6243378489792001],[30.526537748588698,0.6243376644847833],[30.530615068475072,0.621683476455944],[30.53121428924836,0.6216670050220643],[30.531394739070645,0.621563954485247],[30.531590358269806,0.6216566676033749],[30.53217473552107,0.621640604189548],[30.53256569328792,0.6221189246371298],[30.53323474788681,0.622436021007665],[30.53673632478026,0.6272215175288871],[30.53673851258133,0.62722419421183],[30.544478532983334,0.6301968882869927],[30.54496560438393,0.6303839442843135],[30.55497495961048,0.6187733216753323],[30.555165157174173,0.6185526061404033],[30.55516370077338,0.6185281335575088],[30.553926732327,0.605876688610061],[30.55435737381823,0.603437135524423],[30.555908306180875,0.601123371770204],[30.555655823285612,0.599839648925708],[30.549830009610606,0.597744899666224],[30.54086733697242,0.5973229326318987],[30.53000314834981,0.596811455740155],[30.521418469418666,0.59076783228618],[30.514067679922512,0.5907643217647894],[30.513609656121467,0.590764115847896],[30.513609620726868,0.590764103009157],[30.513609515986104,0.590764102959136],[30.50928199797276,0.589194523770144],[30.50862686033877,0.587011391612861],[30.510187224825653,0.585964476291179],[30.506101210161365,0.584052282694695],[30.506101123459164,0.5840520348068869],[30.506101107470233,0.584052027326273],[30.50553467975859,0.5824325316456138],[30.5033109541847,0.576074740760015],[30.500934004281703,0.565400153755398],[30.500934015573346,0.5653999256028422],[30.500933954664447,0.565399652070983],[30.500991203781005,0.564244413172664],[30.501141671351547,0.561204150936347],[30.50013517740381,0.5585760498121957],[30.497480452307574,0.556477796092183],[30.497480321987286,0.5564775936394033],[30.497480061520534,0.556477387770884],[30.4960661896029,0.5542807366838063],[30.495916726266802,0.554048545148459],[30.493758901282256,0.5558171458056483],[30.4932,0.5564],[30.493131897901293,0.5564379392314609],[30.49291134990205,0.558015540381121],[30.49142329741454,0.5573897893296184],[30.484585254558574,0.5611992180486854],[30.484373004446784,0.561509476298749],[30.4816576848081,0.5628301479096767],[30.480889088309446,0.5632583279660187],[30.481069433699986,0.564283685545852],[30.479835165411448,0.564545589660644],[30.477553512313044,0.567335877219675],[30.47565658014415,0.5661733238643324],[30.474497616476835,0.5668189749039083],[30.474788231910335,0.568690805156125],[30.469849320389475,0.572394271297106],[30.469514295121986,0.571121125168458],[30.468826295860037,0.574083316892683],[30.465880356171112,0.572104479801865],[30.465766861018572,0.5716828213702771],[30.4643,0.5725],[30.464193949132387,0.5725670137384304],[30.46473810377183,0.575755360575127],[30.456911652893716,0.581572223183495],[30.454449479612467,0.5787245619626751],[30.453111315971253,0.579570150030436],[30.45224391505862,0.581299538425202],[30.452884309338803,0.582582111774572],[30.448728491259814,0.582536188922995],[30.447879564925177,0.5835956014033811],[30.44757411327593,0.5856134335105155],[30.448074920966366,0.58579995316409],[30.44776624584252,0.587660289778088],[30.447183146164235,0.5881961859453659],[30.447016315557985,0.5892982790411978],[30.447578326227422,0.590670225222285],[30.446681718080157,0.5915086502583613],[30.446630551935943,0.5918466569080159],[30.446707386691234,0.592575009513419],[30.446508141892053,0.5926553050767389],[30.446352311586146,0.5936847295218173],[30.447184544230417,0.594124127239521],[30.445334861428613,0.602534307648965]]]}},{"type":"Feature","properties":{"n":"Nyankwanzi","c":"415123","d":"Kyenjojo","od":"Kyenjojo","dc":"415","k":"NYANKWANZI","a":["NYANKWANZI"],"lat":0.84281,"lon":30.695501},"geometry":{"type":"Polygon","coordinates":[[[30.65805408538628,0.8682107274090016],[30.658054411051037,0.868211463176837],[30.657167234513516,0.869855951942443],[30.659233470086804,0.872442190984467],[30.661200390416937,0.871946853745398],[30.662903758521704,0.87509388942011],[30.662903775297615,0.8750942218455302],[30.6629039622041,0.875094567091537],[30.663033774926106,0.8776702477744122],[30.663077110682075,0.878528973544001],[30.661980031613382,0.8791455788011802],[30.663272784770562,0.8806296345905796],[30.663538235355187,0.88093384765215],[30.665318338833714,0.886033408654963],[30.66531819187341,0.8860337935218442],[30.665318324019367,0.886034172137808],[30.6650421184068,0.8867567883193076],[30.664482988327492,0.888221065721277],[30.66448306111348,0.8882213118107559],[30.66524082685305,0.889694456450486],[30.666225033347605,0.889120492026806],[30.669647500067676,0.8860045148637574],[30.670942975844017,0.884247776273772],[30.67112092960402,0.8846630342411163],[30.6713,0.8845],[30.67895873917382,0.8840443313077361],[30.680396513654014,0.883090491782438],[30.68031666079371,0.8806617016110294],[30.68031626485799,0.880659981152317],[30.680316589901672,0.8806595453716543],[30.68031658773252,0.880659479395076],[30.680545533011916,0.8803526051503394],[30.68176390868926,0.878719149137384],[30.68202925867309,0.875035250950878],[30.68799460767837,0.868596843438164],[30.68799630071303,0.8685979578789291],[30.687996733447502,0.86859749098992],[30.69006772990093,0.8699614769958659],[30.690141158385806,0.870009811326308],[30.692826649419704,0.8696999628625232],[30.69299061496696,0.869681021963196],[30.69724912900195,0.866503923084962],[30.698187009925583,0.8686915522751452],[30.70201947754904,0.869377308754685],[30.70201964791082,0.8693774161770818],[30.702021045107603,0.86937766617845],[30.705602310960675,0.8716364806792136],[30.705767060331144,0.871740364145059],[30.705767070438093,0.871740399548127],[30.705767452382233,0.871740640452041],[30.70697029360706,0.875955036376177],[30.70819784303163,0.8774112029544028],[30.70821271303578,0.87739717761489],[30.71161349535114,0.8736001847093966],[30.71185127297108,0.873267231640117],[30.71414195201791,0.868017419846786],[30.71346682217819,0.8650179248347472],[30.713377100712297,0.864619429196166],[30.713377123978194,0.8646194099304305],[30.713377061452363,0.864619132138065],[30.716027001011376,0.8624251325356985],[30.716731442554693,0.8618418072964329],[30.71513329968682,0.859854691373051],[30.714908052936455,0.8585990631087225],[30.714412540249118,0.8558396077843956],[30.71059930363842,0.855020269857281],[30.710600522378478,0.8550182281502479],[30.710599112790106,0.855017924680842],[30.712639276289078,0.8516024000478336],[30.71234526681237,0.8512756119549028],[30.711566965177077,0.850413093216312],[30.711568156002762,0.8504118623835824],[30.71156641139864,0.850409923276516],[30.712487108764254,0.849460873769627],[30.71204397196598,0.8474720066467543],[30.71189796223676,0.8468169599324766],[30.710670366336768,0.846040902636106],[30.714422994255607,0.8395799626073079],[30.714949679392628,0.8380090624200193],[30.716114851668962,0.8334946540830649],[30.71578450000884,0.8332673811177281],[30.715740665916467,0.833291773913623],[30.714579626277242,0.832496925845592],[30.714580719476412,0.8324392128224094],[30.714243985489183,0.832207548989453],[30.71462021873967,0.8303539369125177],[30.7146586089636,0.828327210271987],[30.715734099164838,0.8248632618543246],[30.715449391663114,0.8244677481218565],[30.714683374041535,0.823407154416844],[30.71538528694776,0.8225680442602074],[30.715473136370445,0.8212890434871501],[30.715650154140846,0.8187079151193848],[30.71422760100528,0.815818406736295],[30.714227656453566,0.8158178440739101],[30.71422743373637,0.81581739159433],[30.714823362061697,0.808426788970894],[30.71497466497257,0.8082375630587929],[30.71500635738575,0.807915963784041],[30.71428668975086,0.80669225153282],[30.71168777784483,0.805669187611631],[30.711847562785184,0.802324502894103],[30.70997744169298,0.800470238515933],[30.70215250605755,0.803512179894717],[30.700033843900243,0.803059095841446],[30.695103942151427,0.804319213180979],[30.692363851617955,0.807390297793234],[30.69255977510818,0.809514409538934],[30.690297880560692,0.816432213047515],[30.689890450518927,0.820712417570979],[30.69014956319161,0.82283822393466],[30.69220775406956,0.825221368125334],[30.68933630362085,0.823679205905675],[30.68357964603913,0.829072516590811],[30.6755482743636,0.828171721216083],[30.672873598157768,0.829405607745817],[30.67271922486584,0.831038084499027],[30.67409861864647,0.833156736091459],[30.680277285178185,0.836690653148949],[30.68078381101479,0.838159865003488],[30.67595128348061,0.847810998449166],[30.673311105596632,0.848586475180263],[30.671655252129735,0.8524639632172836],[30.671906286870602,0.852477296257396],[30.67143483138643,0.8529801192735781],[30.671238621963802,0.853439580031553],[30.66931970214513,0.85523646374177],[30.669319301685093,0.8552364023394589],[30.66931843006699,0.855237331949267],[30.668320075013963,0.855083730642529],[30.667922207859096,0.855869315795432],[30.66792057856096,0.8558699955496678],[30.66792053480498,0.855870081933355],[30.66340385939422,0.8577544014280803],[30.66037149431816,0.8590195247097965],[30.658720325729853,0.8616990340334562],[30.65832237887236,0.862344840983224],[30.657398596421185,0.862635323962393],[30.656709130167823,0.865172097142576],[30.657782853566708,0.8675979388158536],[30.658054237447164,0.868210445573329],[30.65805408538628,0.8682107274090016]]]}},{"type":"Feature","properties":{"n":"Nyantungo","c":"415124","d":"Kyenjojo","od":"Kyenjojo","dc":"415","k":"NYANTUNGO","a":["NYANTUNGO"],"lat":0.534428,"lon":30.619991},"geometry":{"type":"Polygon","coordinates":[[[30.532484770287336,0.489907245920125],[30.532674840290497,0.49000221295962376],[30.534370026351855,0.490847986970346],[30.534369967027438,0.4908491702127719],[30.5343703798677,0.490849376485286],[30.534292131113332,0.4924016297269801],[30.534178338685194,0.494671252172319],[30.531848660723398,0.4982231730392113],[30.53204455117464,0.49868720750047124],[30.53304322875255,0.501052294789131],[30.53203788433339,0.504060696365646],[30.532044113609963,0.504090521777544],[30.53348804534645,0.5101884272947691],[30.538142806031853,0.512542811927216],[30.538143142906556,0.5125433106294246],[30.538143322488477,0.512543389519772],[30.545092935894402,0.5228312977933454],[30.5494258076256,0.5239086627554104],[30.54942623355434,0.523908768621682],[30.549426233588193,0.5239087686706564],[30.54942781480441,0.523909161838757],[30.55095223850656,0.5261153803763006],[30.555129379077112,0.5267337662463608],[30.555727137818167,0.526822248062651],[30.555727166776517,0.5268222630207366],[30.555727208317233,0.526822269170444],[30.556682277460943,0.527315613898119],[30.558143873769552,0.528070583801596],[30.561349786971107,0.5321576945909857],[30.562570477455097,0.5330183999160083],[30.56657025071982,0.535838542421941],[30.56831717459248,0.540910202441614],[30.563206982756498,0.5473136085907201],[30.563147054482055,0.5473887172721154],[30.559157339515426,0.553986028804152],[30.559157045449894,0.5539862469251674],[30.559157001512464,0.55398631957733],[30.558154459710824,0.5547299077608002],[30.551130657178586,0.5599397632942416],[30.549884633494237,0.5640962360722526],[30.55043637460488,0.566293655282644],[30.550435607413558,0.5662946651125649],[30.55043568680528,0.566294981706887],[30.544326480686156,0.5743359173553381],[30.54260331720649,0.5766040634937032],[30.540167144947223,0.5819292414634003],[30.540596915120414,0.586130669912595],[30.543904649183084,0.591273020246659],[30.5462400572447,0.5921617046941268],[30.546714160221512,0.592341864367696],[30.546714359905376,0.5923421893832335],[30.546714758259156,0.592342340967367],[30.546719419447562,0.5923504245494334],[30.55009144400812,0.5978389019019881],[30.551406648519727,0.5983118012823063],[30.553633951775517,0.598763241577012],[30.554745615165242,0.5995123714169371],[30.555655823285612,0.599839648925708],[30.555720689945247,0.6001694566646927],[30.555928713683038,0.600309640096865],[30.5558077569365,0.6006121396652864],[30.555908306180875,0.601123371770204],[30.555152442173405,0.6022510100771519],[30.554103820142824,0.6048734988656432],[30.553981762682703,0.6055649456015658],[30.55487130541175,0.613614885349624],[30.554871588169505,0.6136147093447648],[30.55642718242205,0.612575132705203],[30.55654893861444,0.6125706289453422],[30.556933506752074,0.612331251386552],[30.55813261247617,0.6125120488712534],[30.560608945906225,0.612420449332165],[30.562543307821386,0.613177058998425],[30.566732493394934,0.6127359101986255],[30.567685153299763,0.6126355680448833],[30.570602496432983,0.610675772149641],[30.570420189706073,0.608424534231277],[30.576704477419685,0.608282769452362],[30.576704504141276,0.6082827785746776],[30.576704544283484,0.6082827776672],[30.576977257729002,0.6083758921993505],[30.580548245623042,0.609594969203073],[30.58367128629909,0.6058495974915684],[30.585965429218824,0.603098067564841],[30.585965479423432,0.6030982385052609],[30.58596846351833,0.603094659767175],[30.586865773499273,0.606163141538445],[30.586865750456884,0.6061635488140169],[30.586865777670532,0.606163641473091],[30.586857973175967,0.6063010126988738],[30.586707710842067,0.6089569080420151],[30.587989807964806,0.6104998966694979],[30.589536921965248,0.6106819737959363],[30.597666776447358,0.6110192088378258],[30.59768410696114,0.6110197597182317],[30.604209597680416,0.608118662912389],[30.60420961549454,0.6081186643706952],[30.60420983191728,0.608118568152907],[30.610269259183987,0.608614531419932],[30.611614528433496,0.6076468117078079],[30.6151239762365,0.601721321057736],[30.615124010567545,0.6017212922214384],[30.61512403744,0.601721246848464],[30.619230558702338,0.5982720045826712],[30.62029297391157,0.5973796308594955],[30.62626904182948,0.589501894148498],[30.630823984747412,0.5930887829112506],[30.63147704548601,0.5924610366540118],[30.636704358660324,0.587431966184502],[30.63742124603093,0.588444362041526],[30.63743454379318,0.5866996277658182],[30.63744754435914,0.584534738784125],[30.64829382032139,0.583772551341427],[30.646704699697867,0.580283713467987],[30.64670783214582,0.5802826725466093],[30.646707811460466,0.5802826271807],[30.657211997958026,0.576792040659638],[30.657212199562345,0.576792041335145],[30.657213337016454,0.576791663355905],[30.66173789126064,0.576807180732926],[30.661738183654762,0.5768070415183395],[30.66596315154062,0.574366723237671],[30.666427183562742,0.5745745165459937],[30.666634737214775,0.574475696174837],[30.66667883342825,0.5746872052303941],[30.667132356671324,0.574890292712693],[30.667410239464513,0.5781954202847311],[30.667410811130726,0.578198162302037],[30.66882659356631,0.579550102464012],[30.675702548801194,0.581749607333013],[30.67584343569965,0.5818500085122369],[30.674931368783074,0.5764000900644204],[30.67476260350365,0.5758970016574501],[30.67394553904648,0.5753961767202992],[30.67311504077498,0.575185549120601],[30.673217125241678,0.5749496907731895],[30.67296851639692,0.574797304375815],[30.673871602178583,0.5734375718999585],[30.67387424512218,0.573431465581045],[30.6724576309057,0.570620271811101],[30.672714505548722,0.5705012847755262],[30.67261151168469,0.570241193984624],[30.678247878255647,0.5679380155894539],[30.679829384209306,0.565460349013103],[30.679840764555735,0.5654045585967058],[30.680647441820515,0.561447256768503],[30.683987541766456,0.5611463954881887],[30.687060001918077,0.5593438231243706],[30.685019381069047,0.5541871272583891],[30.684914868366736,0.553923277622425],[30.684914727862772,0.5539226661967386],[30.684914506225493,0.553922106114227],[30.684913958548083,0.5539193183996043],[30.683335644932964,0.5470510317702892],[30.68233176855724,0.5448101585609602],[30.680484064999643,0.5418297226464809],[30.675673924643956,0.536224946306055],[30.67476475428359,0.529984878039647],[30.67088271274372,0.525519463046482],[30.672622459568142,0.523668520979604],[30.67069832499496,0.520322058158913],[30.66563488045744,0.516191282395465],[30.660990187653532,0.51371662227629],[30.659676300904714,0.511831843892766],[30.653147396700714,0.50726344441806],[30.653147215214425,0.5072632415893863],[30.653147144139762,0.507263191856677],[30.648944977737266,0.502566847580262],[30.644461195745293,0.5061182291166942],[30.644458425540485,0.506120570052422],[30.643544826089293,0.508269111476764],[30.643543650783485,0.5082696276782256],[30.643543623713526,0.508269691291493],[30.64079330763231,0.5094775951239303],[30.63587344837724,0.511638427242292],[30.62705992836074,0.511276748785748],[30.62629286768154,0.510456970730793],[30.6247248694426,0.511901309920934],[30.624724183396786,0.511901460336044],[30.624724152667238,0.511901488662581],[30.617537750945548,0.513477082383053],[30.617537745533838,0.513477082288655],[30.617537521261063,0.513477131460319],[30.609828173204452,0.513342672886203],[30.60797185170796,0.5128501430907592],[30.604864100581107,0.512025594175063],[30.604864079605452,0.5120255712906547],[30.604863316259877,0.512025368755458],[30.603295525566075,0.510314545238029],[30.596247713729415,0.506505034245625],[30.592559550236587,0.502031651861187],[30.59236897658236,0.49865235099669614],[30.592227841202973,0.4983317723407179],[30.590703539773692,0.494869491658418],[30.583404087937527,0.488265356168406],[30.58273583221036,0.487819182810435],[30.580617437691018,0.489603823275001],[30.580617323991472,0.4896038608800291],[30.580617286719942,0.489603892291498],[30.57626696081033,0.491042902282085],[30.57626680829395,0.4910427519629001],[30.57626477981257,0.491043422863542],[30.574683380084913,0.48948213505604005],[30.57468337189466,0.489482126983778],[30.574683371806213,0.4894821268826264],[30.574680835868453,0.489479623196406],[30.56199483341437,0.47497473775119],[30.55694017707649,0.467847486479207],[30.55649284158097,0.466962328529915],[30.557449086546665,0.463864548087857],[30.556405216725526,0.462023425921376],[30.555362008008114,0.4611147829643878],[30.554415930275418,0.4602912056978828],[30.552769614066822,0.4598241994571672],[30.551118200167757,0.459356118022674],[30.551117919102733,0.4593556674388573],[30.55111729333181,0.459355489928046],[30.54862305432749,0.455356784498664],[30.54750882578871,0.45513810976211505],[30.547509008475007,0.45513778666403526],[30.547509008475007,0.45513778666403504],[30.546131718943503,0.4575736540999191],[30.546191459994127,0.457868008560559],[30.545946497245367,0.4579012362767855],[30.543821132644048,0.4616601455716834],[30.543827639661213,0.46169949090797],[30.54379025540448,0.46171475490446967],[30.542291659283105,0.46436516457367844],[30.542034311023983,0.465487755899281],[30.5414896178266,0.4657836511165897],[30.54035554514763,0.467789366433115],[30.5403028597863,0.468368423811641],[30.53998704583784,0.46844109248513754],[30.53953260562998,0.4692448131833408],[30.539562595895582,0.469581017244293],[30.539208699232514,0.46981767243174904],[30.5356,0.4762],[30.53548638768692,0.4762455388197055],[30.532744920437455,0.478319340669015],[30.53256098375063,0.479602161292181],[30.528061019238873,0.48245270002129803],[30.52804011364423,0.4824677948249174],[30.528042436276117,0.4824715273733897],[30.530282845259986,0.4845820175983844],[30.530482510180285,0.484664475423757],[30.530507569991098,0.4847937107989275],[30.53064789634842,0.484925899791014],[30.530728876548256,0.48593500576548254],[30.530896092741095,0.486797352555663],[30.530806752527216,0.48690542959490973],[30.530824898845996,0.487131553495985],[30.530499655465956,0.4872769324120655],[30.529850797337538,0.488061871941138],[30.528793620198527,0.4880395046062947],[30.527289033833487,0.488712032160501],[30.52833235218542,0.49021269263025],[30.532484248335937,0.489907121497103],[30.53248453275626,0.48990726340206686],[30.532484770287336,0.489907245920125]]]}},{"type":"Feature","properties":{"n":"Bugaaki","c":"415201","d":"Kyenjojo","od":"Kyenjojo","dc":"415","k":"BUGAAKI","a":["BUGAAKI"],"lat":0.693927,"lon":30.464473},"geometry":{"type":"Polygon","coordinates":[[[30.40007398242069,0.6548213815451499],[30.40389752048494,0.656997614527912],[30.40432843087213,0.6588775294331741],[30.40522371330771,0.6597310826026905],[30.40835964211273,0.660063475861703],[30.408848130421486,0.660760407789806],[30.409346674956115,0.662956514678639],[30.41040350554403,0.663662784120302],[30.409921880026026,0.6642102669739643],[30.42020368976635,0.6740128398196134],[30.420432866546744,0.674169368480238],[30.421984311042504,0.676204258155438],[30.424632056833758,0.681329295200732],[30.425010130559958,0.68656338060812],[30.428137892342857,0.691129619026123],[30.430034612766867,0.700367562116717],[30.43486110561123,0.714009098057348],[30.434863499064658,0.7141700751178788],[30.4352,0.7151],[30.43490579804063,0.7170149872991625],[30.434996554474196,0.72311901410962],[30.433704947449986,0.7248314329619093],[30.43236270343649,0.7335682212679422],[30.433118568027147,0.737118680784311],[30.43134301965955,0.740205435670565],[30.430175237980297,0.7478066327827891],[30.430281520768155,0.74855845378608],[30.42976791910395,0.7504579083779376],[30.4297,0.7509],[30.430999756589713,0.7641975097255241],[30.436058404719848,0.764497013857472],[30.44147952541228,0.765867477452021],[30.441108001718835,0.7660179859206534],[30.4449,0.7667],[30.457,0.7768],[30.463997535336613,0.7870191728925796],[30.463997535336613,0.7870191728925793],[30.46399752881025,0.7870191633615018],[30.476942220879938,0.7839785804687803],[30.476942260835113,0.7839785674829571],[30.481385320959745,0.782534501146392],[30.484783804280386,0.780432117794622],[30.493539588898653,0.778069841703228],[30.494976797889773,0.778202233476082],[30.49654342528281,0.780439206772455],[30.496930346819774,0.788988707410869],[30.497715893951323,0.791350457386178],[30.499282768583708,0.7882010397543404],[30.499296812050076,0.7881045737681679],[30.50020115168919,0.781888255818887],[30.502030307672968,0.781756752748204],[30.50293853213076,0.7792813629995976],[30.50294633559671,0.7792600805751029],[30.502948519835428,0.776082489814086],[30.502994800593363,0.776135334110808],[30.503082504103716,0.770446947335828],[30.504114257417893,0.767348912714891],[30.503151681466647,0.767189953801433],[30.5036742846075,0.756004821567453],[30.501984018268253,0.753564529188088],[30.499104204023556,0.75255031626465],[30.49615520849946,0.753400127150249],[30.492428130709794,0.752153907073786],[30.489619435276122,0.748678763627511],[30.48801872292071,0.749271022816131],[30.48788293240476,0.747158951835483],[30.485417835915996,0.743738787203513],[30.487233895846582,0.742993293121879],[30.489395556583954,0.74035972726376],[30.489707063544753,0.735274330315188],[30.48734051006263,0.734546991878073],[30.486885055530102,0.73307495741257],[30.485375243530545,0.733614653776812],[30.484005282541844,0.73310791066139],[30.481973374335837,0.727894719143346],[30.484142606382523,0.719511970625046],[30.485830049997332,0.718852783148306],[30.488140516751702,0.715724502884531],[30.488419013704576,0.709464656064073],[30.490408245454994,0.708223904915421],[30.49344784956828,0.708685688490389],[30.496329135325375,0.706961343852815],[30.499623677405665,0.701831490942356],[30.500403900837338,0.696308841885775],[30.500063528091356,0.691545208063844],[30.496272705646444,0.68507749009061],[30.49652552624525,0.683239039495924],[30.489872698666712,0.67938308807238],[30.48690355159955,0.678545437729725],[30.48392805253036,0.671797638595846],[30.488956646799686,0.66870161542666],[30.48734351284992,0.665689623087154],[30.48553734927223,0.656927762670691],[30.486584144464196,0.651939525608477],[30.48575714720764,0.649369695239006],[30.48545767392113,0.6493822076157182],[30.48503362694724,0.649600821684075],[30.484381660170907,0.6494271648456174],[30.483703753780684,0.649455488641135],[30.483479526418733,0.6491868739274966],[30.48329972322893,0.649138981834496],[30.483234523524082,0.6488933710212776],[30.482812661858695,0.648387998931732],[30.482599336761435,0.6465005881447171],[30.482599014883856,0.646499375614472],[30.484131165799887,0.640950268415533],[30.48234995862231,0.637695930017844],[30.48028882265748,0.636097598830591],[30.480291915372973,0.6360960807348711],[30.48029190514568,0.6360960727849455],[30.48028881331532,0.636097590437179],[30.474736857671846,0.634501332853698],[30.47158500901157,0.6298341584098991],[30.471067551338187,0.6290680081663355],[30.468169264822276,0.626580399077442],[30.464855207637783,0.6186064597308744],[30.464855204980275,0.6186064578712126],[30.463975665473296,0.617992241091617],[30.46005754523468,0.618920895252857],[30.460056851923124,0.6189207279167693],[30.46005661788574,0.618920783372597],[30.459264831147387,0.6187295675976063],[30.45519654825614,0.61774765616326],[30.453577160002023,0.61569637338798],[30.453576999642877,0.6156958746735699],[30.45357693344289,0.615695790807311],[30.453131271256407,0.6143096664374534],[30.450468151630513,0.606027406497919],[30.448305383042204,0.603661424966488],[30.44550101772912,0.6025973530221622],[30.445334859111686,0.602534318729895],[30.44470227923985,0.604605246955717],[30.441848338601456,0.604414677633385],[30.441383066097966,0.605261310469245],[30.440645125841925,0.604368914506906],[30.437705528084102,0.604393557303579],[30.436743555836212,0.6024578804174421],[30.436127484794557,0.6022920151369963],[30.43554191085041,0.602566170637336],[30.43526698977637,0.6020603434013303],[30.43186767576659,0.6011451434756203],[30.431685833095052,0.601110884779218],[30.428930433058422,0.603070851816068],[30.428557956177535,0.604607158429797],[30.429527997754754,0.605340656835607],[30.428801853228116,0.605988488586932],[30.42702944139217,0.604552206688042],[30.425225617328252,0.606313245241618],[30.421305905699832,0.607739914151771],[30.420390373269473,0.609575081634431],[30.416923223930425,0.611678054429672],[30.41490014854113,0.6110146664347421],[30.41381398724629,0.611655679657927],[30.413482032741843,0.61333972397713],[30.414929439625773,0.620270975877162],[30.412805216780985,0.6226060979422573],[30.4126,0.6263],[30.40505077059869,0.6327143779226804],[30.406331337738177,0.634954480853955],[30.404108869932752,0.635125753284072],[30.403527998287526,0.636435081801471],[30.4021752065847,0.636272593564135],[30.401510308419176,0.637681835749618],[30.39736514673091,0.640057039653051],[30.39724619252302,0.643084686894523],[30.398564050537782,0.646970683774935],[30.396866580289853,0.6500488088116513],[30.396834342108193,0.650848315716826],[30.397676600683884,0.6525357421774316],[30.40007398242069,0.6548213815451499]]]}},{"type":"Feature","properties":{"n":"Katooke","c":"415202","d":"Kyenjojo","od":"Kyenjojo","dc":"415","k":"KATOOKE","a":["KATOOKE"],"lat":0.689671,"lon":30.691053},"geometry":{"type":"Polygon","coordinates":[[[30.616024602065725,0.714306028478035],[30.615265455276113,0.716628981508724],[30.616518653797318,0.723156395375856],[30.61627876397411,0.729989835428748],[30.616948534840436,0.731156280234608],[30.619010700252304,0.730759685229833],[30.621008381610736,0.731818206016922],[30.621538384136105,0.733481107413995],[30.620787103820195,0.735081478129049],[30.622489018904965,0.737323558807316],[30.62211466286999,0.738318338620854],[30.62462563656223,0.739983257117156],[30.62535111611495,0.742857922422381],[30.62666603345778,0.743236880716065],[30.63087222649835,0.739288582607402],[30.63683400419136,0.729303204804554],[30.64300748548875,0.724089157373835],[30.645569740354485,0.723441923309758],[30.646664656985603,0.724207725171015],[30.64654751640139,0.717158573303086],[30.6494990933615,0.713296867448127],[30.649874958604045,0.711336094181832],[30.65351696810485,0.70948712726896],[30.65518652658784,0.709778216852361],[30.658634924807448,0.712868425486981],[30.662425726127307,0.713275457790268],[30.665937480950703,0.715660722610493],[30.666293053489273,0.712254502647292],[30.675843179709776,0.71195947241307],[30.676226513209176,0.705180468997008],[30.687417321392584,0.708406136583414],[30.687138038217928,0.709854328550339],[30.69064869145433,0.715826166462494],[30.691506728972772,0.719048165941201],[30.694458901666597,0.719262579606943],[30.69784891445713,0.720951507883578],[30.69814724706318,0.723081545114597],[30.70036295907468,0.726171359195754],[30.70342460727305,0.726874108686444],[30.703771834928386,0.728912200831431],[30.70649393303119,0.729350020755001],[30.709269652383,0.728171489766679],[30.708959819712014,0.729198048497017],[30.712143614774018,0.729304959651841],[30.719231283815787,0.728061858378262],[30.7188735038314,0.723710134497919],[30.725523482282817,0.7174069475965],[30.728627722411307,0.711703611334593],[30.73055190872523,0.711059173049309],[30.736645999355407,0.712138473899309],[30.740388178467935,0.710741269989614],[30.74669598987626,0.714080926081804],[30.749262010388605,0.714189813395984],[30.75364644510437,0.712685382797826],[30.755346314020617,0.713070916816531],[30.754613451731885,0.70731965756214],[30.75506308756734,0.702686783694514],[30.75817787562399,0.700976455475516],[30.761633317418493,0.701247395282745],[30.76653478023704,0.699864047150182],[30.767188477481067,0.6835005844967574],[30.76718879994916,0.683491879042358],[30.766770305146633,0.6817372389809139],[30.76648622353182,0.6813959179730815],[30.76415049494163,0.678590543254909],[30.76415379504395,0.678583686293372],[30.766135512178757,0.6742869112729991],[30.767016115416663,0.667363382170937],[30.761784954144463,0.6646504723476101],[30.761433896625462,0.6644684681623146],[30.76143267224229,0.6644681786710658],[30.758636548215797,0.664267446795177],[30.757594884378868,0.6635607780904156],[30.757256866755558,0.663480857730412],[30.755687521161377,0.6622668156366667],[30.750488084618897,0.658739498131053],[30.74753034986006,0.6559564469311284],[30.747528290951163,0.655954854164004],[30.747528126178853,0.655954354580339],[30.74752756745831,0.655953828857784],[30.746594684882243,0.6531241944616014],[30.74627570722366,0.6521570657826306],[30.7440944975776,0.6499418256076963],[30.738113744785448,0.6475333657966414],[30.73791338210958,0.647452684083613],[30.737913368439305,0.647452673884847],[30.73791333943154,0.647452662203368],[30.733948276899234,0.644494711210188],[30.733294888146876,0.6444286200886418],[30.731883851069597,0.644285970592517],[30.731883806597352,0.6442858873558474],[30.731883323930443,0.644285838533462],[30.73076785312398,0.6421972081294391],[30.73073405841392,0.6421339561117233],[30.730732301561975,0.6421324467914621],[30.72720146611187,0.639324862137416],[30.725153683079927,0.6384180672864],[30.723880631723457,0.6380104054156222],[30.71331065100893,0.6400371947742265],[30.713310138875805,0.640037376998425],[30.71199435107549,0.642830893164289],[30.711397611074773,0.649366138334931],[30.7113972143526,0.6493664708881638],[30.71139720907567,0.649366528645499],[30.70807790468979,0.652148932760027],[30.708077875593474,0.6521489139106051],[30.70807779060597,0.652148985151567],[30.70429283400521,0.649698180196585],[30.697810333592372,0.650842451722377],[30.69601867743458,0.6494948437568935],[30.69555155624967,0.6491444717093429],[30.693927702510404,0.653283989770235],[30.69392729484487,0.6532841204971555],[30.69392724034306,0.653284259781806],[30.688210018396195,0.6551174909439474],[30.68687839364969,0.655544505708473],[30.686878343395556,0.6555444934517564],[30.686878233865237,0.655544528572729],[30.685495499174124,0.6552072250739573],[30.683801154740365,0.654793983445037],[30.682439376446858,0.653238477039681],[30.682364628936217,0.6532458101025296],[30.678668915014683,0.6536939970633052],[30.676096393241057,0.654764083570044],[30.67080735950595,0.657329522573057],[30.67000965099944,0.6572959730216842],[30.669929931977244,0.657329133576769],[30.668838120038096,0.657247255775509],[30.668836798176283,0.6572460571588272],[30.664704075601307,0.6540479574225067],[30.660396874220435,0.6546643423929809],[30.657803362742275,0.6559475914372118],[30.657799963092003,0.65594948955537],[30.651329558213455,0.663991116168699],[30.63758045521468,0.673156866354012],[30.62873567729475,0.677841491741837],[30.621408173551647,0.680180949613009],[30.61451583353687,0.6864942805352195],[30.614403655156238,0.686597049882633],[30.614411129193485,0.6866308996385545],[30.61591563250645,0.692710914694257],[30.615817754530706,0.693001475911119],[30.61589501474605,0.69335138578525],[30.615122191697576,0.699227731072218],[30.61356712368579,0.703936707614634],[30.614014389592597,0.710562851890014],[30.616024602065725,0.714306028478035]]]}},{"type":"Feature","properties":{"n":"Katooke Town Council","c":"415203","d":"Kyenjojo","od":"Kyenjojo","dc":"415","k":"KATOOKETOWNCOUNCIL","a":["KATOOKE","KATOOKETOWNCOUNCIL"],"lat":0.753704,"lon":30.716818},"geometry":{"type":"Polygon","coordinates":[[[30.68354298594203,0.743345981512623],[30.682039945259973,0.745077949305094],[30.682343774128455,0.746465746328791],[30.681404188281792,0.746957177140019],[30.68132919858046,0.748014137644549],[30.685783157868116,0.754358471637646],[30.687813484530473,0.756404469756112],[30.693800529187325,0.757376422743446],[30.700321675702536,0.760718010761578],[30.703631568805672,0.768145810795074],[30.702874814287437,0.783536073017111],[30.705651893395146,0.78891949953959],[30.708157929201242,0.79799564770413],[30.71184712549085,0.802323531226442],[30.711847100999897,0.8023240450242837],[30.711847562785184,0.802324502894103],[30.711687778182387,0.8056691805457226],[30.711724576454063,0.8056836734160059],[30.71428668975086,0.80669225153282],[30.71428707337685,0.8066929038448009],[30.714287215961164,0.806692960001134],[30.714287458048425,0.8066935579346856],[30.71497804323877,0.8078678188253605],[30.71609361668683,0.806838069695497],[30.71580561284676,0.801250968815492],[30.715806683173412,0.8012512815403191],[30.71580667253197,0.80125107447378],[30.717640538828586,0.801787091979054],[30.718532768534633,0.802047780975432],[30.71923464407041,0.8016381071741792],[30.71933931492156,0.8015769326620602],[30.71860942194975,0.797695152313407],[30.718609595804512,0.7976944259332777],[30.718609556860763,0.797694218899499],[30.721108961141905,0.787251068252041],[30.72110919464256,0.7872508871633083],[30.72110948071192,0.787249691940935],[30.721115516237383,0.7872459845235482],[30.72420414551857,0.784850633802695],[30.727365732067405,0.7834066901688767],[30.727370134598917,0.783403985843964],[30.730639193822338,0.787272985353482],[30.733896968338197,0.7869902131958],[30.734529099044455,0.786773483244254],[30.73805760681929,0.783004612973893],[30.7393996481166,0.782860143170262],[30.739243873875886,0.780314178788877],[30.739250825557978,0.7803222389529625],[30.739250805914786,0.780321904528461],[30.739728039578438,0.780875547239624],[30.74114349964502,0.78251670980129],[30.742789200143285,0.781787198170586],[30.742790515894956,0.7817877668997609],[30.74279068017024,0.781787694081047],[30.74363327038937,0.7821520446571748],[30.74728379480269,0.7837299713908621],[30.74815511448772,0.782962822225459],[30.748442410699198,0.780539802773868],[30.748443691949436,0.7805401409715923],[30.748443700432333,0.780540069659507],[30.75154883669631,0.7813597559776935],[30.76215942178182,0.779469897513658],[30.76253001590723,0.7795605547176909],[30.763094471428765,0.779468069850468],[30.76310334686818,0.7793184496926124],[30.763346616176992,0.775212163535559],[30.762911944424854,0.774820497294778],[30.761329001515456,0.773394423688307],[30.761329018958683,0.7733941831537721],[30.761328164640815,0.773393413360322],[30.76149465090184,0.7710969706320302],[30.756474614809697,0.7700786710789357],[30.754545868708664,0.769687656030494],[30.752727035830922,0.767994258662733],[30.750511584270928,0.767665935460183],[30.74888219445053,0.765393615754577],[30.748332773920602,0.7646280838722284],[30.744761885822392,0.763379239573996],[30.744960934004787,0.7577619030958833],[30.74498877629396,0.756973667992626],[30.744988868012484,0.7569735777843071],[30.74498888195909,0.756973184197231],[30.74897794668118,0.753048656366189],[30.746858979687786,0.748794556409214],[30.746840936356573,0.748758340479719],[30.746840936271983,0.7487583319212309],[30.746840579416034,0.748757615486815],[30.74681074026355,0.745733992553083],[30.749181674687833,0.743898975591576],[30.749543812943344,0.7437666154384729],[30.755582331005584,0.7415592189951478],[30.75070330970935,0.733140671632215],[30.751805534087865,0.733525177073786],[30.76148948568008,0.724074831780844],[30.761489704579667,0.7240747158444344],[30.76149017621832,0.724074255584458],[30.762106796060557,0.7237478839284991],[30.763430928046315,0.723046580139262],[30.763738386603542,0.722144772134384],[30.762326983738856,0.720952942715254],[30.762327946330164,0.7209515458235358],[30.762327397358984,0.720951081438108],[30.764516292636504,0.7177758649222559],[30.764858448891278,0.717279335154373],[30.76507666480817,0.715122403642535],[30.765083509700624,0.7151193942933269],[30.765083536615904,0.715119135716136],[30.767245503985237,0.7141688759568571],[30.76854462241967,0.713597720009793],[30.768545194844034,0.713597616676936],[30.76854529224252,0.713597573866918],[30.768605603484655,0.7135867118346167],[30.775806315554295,0.7122868542496515],[30.775708117841972,0.7095782190854986],[30.774302070506387,0.707335012999603],[30.771172100656447,0.706022477923462],[30.77034904309113,0.7051905300930149],[30.769648537998016,0.704810538654574],[30.766529318237797,0.7013295464406493],[30.76652810130684,0.701328316365],[30.766528584707753,0.7013152663152921],[30.7665347792452,0.699864058948163],[30.763232142157104,0.7007961562754671],[30.761633317418493,0.701247395282745],[30.75817787562399,0.700976455475516],[30.75506308756734,0.702686783694514],[30.754804867631144,0.7053473821169853],[30.75534144713403,0.7130327231108899],[30.755346314020617,0.713070916816531],[30.75364644510437,0.712685382797826],[30.749262010388605,0.714189813395984],[30.747798979435082,0.7141277306845151],[30.7475509123453,0.714188930273113],[30.747042782993883,0.7140956420090432],[30.74669598987626,0.714080926081804],[30.746554450190995,0.714005988224347],[30.745198898499016,0.713757120364521],[30.74039546745402,0.7107451291263598],[30.74038830485485,0.7107413369048727],[30.739728321288,0.7109876384834575],[30.736645999355407,0.712138473899309],[30.73664503097481,0.7121383023931622],[30.73664455883728,0.71213847859182],[30.730074198990632,0.7112191650625562],[30.72938688953811,0.7114493551028025],[30.728151251478923,0.7125790184661055],[30.725523482282817,0.7174069475965],[30.7188735038314,0.723710134497919],[30.719231283815787,0.728061858378262],[30.719191635352168,0.7280688122943282],[30.714160807452227,0.729171748831543],[30.71286580189607,0.7291782957619369],[30.712143614774018,0.729304959651841],[30.708959819712014,0.729198048497017],[30.709268988550185,0.7281736892228177],[30.706570386500317,0.7293175596985649],[30.70649393303119,0.729350020755001],[30.705817771734186,0.7292412675520686],[30.703773984806347,0.728913080400243],[30.703773891228238,0.728912531564935],[30.703771834928386,0.728912200831431],[30.70342460727305,0.726874108686444],[30.70036295907468,0.726171359195754],[30.69814724706318,0.723081545114597],[30.698147200010144,0.7230812091649967],[30.698146978210865,0.723080899871809],[30.698096378787397,0.7227183554427473],[30.69784892646971,0.7209515936510895],[30.695361228241698,0.719712125069339],[30.69445895025149,0.7192626038122796],[30.691506731084317,0.719048178493157],[30.693053155697122,0.72328761068422],[30.688501515161573,0.72226771708589],[30.6857794133592,0.724218873819365],[30.679965813602387,0.736111726214735],[30.68352444220426,0.741728212374695],[30.68354298594203,0.743345981512623]]]}},{"type":"Feature","properties":{"n":"Kyarusozi","c":"415204","d":"Kyenjojo","od":"Kyenjojo","dc":"415","k":"KYARUSOZI","a":["KYARUSOZI"],"lat":0.726978,"lon":30.572513},"geometry":{"type":"Polygon","coordinates":[[[30.53281558951332,0.730016473508259],[30.532390277526613,0.737762843450577],[30.534080226845987,0.744153145122345],[30.545813213845644,0.743997127880851],[30.558319863057754,0.746335988074209],[30.56434007120533,0.751469223626828],[30.565884350810254,0.751781080564087],[30.568509690886913,0.751471634155295],[30.572681644535873,0.747121234723949],[30.577146837763806,0.738463393512352],[30.576217256057195,0.730573400278037],[30.576977551787678,0.728424850158537],[30.580274805453207,0.728055254652885],[30.583222025819694,0.731717991434567],[30.58290161267225,0.741604193230067],[30.583725041057104,0.743619444532114],[30.57951873961172,0.747172359884043],[30.57881446682036,0.752445347131113],[30.579880516042685,0.753891993837348],[30.586043855381064,0.755442184424814],[30.59423514117978,0.753458016659347],[30.595725651672595,0.754245078159036],[30.598125423396624,0.758850702301597],[30.60576185898536,0.759038714747335],[30.602483104525497,0.77354814275665],[30.600653416482295,0.7785284150121439],[30.60394101141017,0.780847844172197],[30.60431181415129,0.78338434935401],[30.609513159241725,0.7853481124239967],[30.609664393438965,0.7854051999283416],[30.612989535453064,0.781516047865794],[30.61605463075905,0.779644105816475],[30.61891855881175,0.779040395930358],[30.618919194011017,0.7790408344795345],[30.618919234045542,0.779040826047288],[30.61891982332361,0.7790412689644769],[30.62262808736744,0.781601498836752],[30.623330424081328,0.7816490499127976],[30.62928468378128,0.7775479730881375],[30.629285134202778,0.777547618652509],[30.629285229922736,0.7775475969258299],[30.629285520948653,0.777547396477797],[30.629293453425834,0.7775457303410743],[30.632753677974424,0.776760322672898],[30.632423512741635,0.774321992705629],[30.633756935748522,0.773425288060855],[30.6344661942718,0.770406472161292],[30.631986271389685,0.762830431075448],[30.631279889534998,0.756972350708284],[30.632018212246862,0.753229930090068],[30.629590786430477,0.750128626857963],[30.629548043648374,0.748066989961024],[30.62782741375628,0.746963008677563],[30.626638500413392,0.7432289457111929],[30.62535111611495,0.742857922422381],[30.62535052564827,0.7428555827367642],[30.625350472978624,0.74285557088944],[30.62497598883904,0.7413715051125448],[30.62462563656223,0.739983257117156],[30.622978461156496,0.7388910860569267],[30.622115632438774,0.738319078504016],[30.62211566162215,0.7383190008503915],[30.62211466286999,0.738318338620854],[30.622489018904965,0.737323558807316],[30.620787103820195,0.735081478129049],[30.620788245629882,0.7350790458561042],[30.62078689334019,0.735077261257551],[30.621413412237544,0.7337473214521226],[30.62153827322563,0.7334813436745117],[30.6212179966989,0.7324758806623671],[30.62100840303351,0.7318182732316232],[30.619585124864432,0.731064058292127],[30.619010700252304,0.730759685229833],[30.616948534840436,0.731156280234608],[30.61627876397411,0.729989835428748],[30.61647261888433,0.7244677341146931],[30.616518641555455,0.7231563316128433],[30.615265455276113,0.716628981508724],[30.616024602065725,0.714306028478035],[30.614051527813544,0.7106320062311752],[30.614014519324922,0.710563108501255],[30.61401451816356,0.7105630912994433],[30.614014389592597,0.710562851890014],[30.61356712368579,0.703936707614634],[30.613569372369543,0.7039298982667668],[30.615180392641374,0.6987851862458834],[30.615400468961347,0.6971117831968915],[30.615608137189206,0.694274587556241],[30.61245691642732,0.6913051807936188],[30.612450148463438,0.691298955330082],[30.60563129465983,0.689108085712049],[30.602846152623243,0.689657972163046],[30.60284572920171,0.6896577692535729],[30.60284567608181,0.689657779738404],[30.600920773248205,0.688735406540719],[30.600920704564487,0.6887352707360017],[30.60092009437688,0.688734978325635],[30.599219192057934,0.685371349631536],[30.596657843452352,0.6825078443745403],[30.59527202762045,0.680958635382733],[30.595271980873058,0.6809584946403296],[30.595271871676864,0.680958372562502],[30.59360917719806,0.6765637086151606],[30.589077698408904,0.6724611591319637],[30.589074203906428,0.672458180888525],[30.580798146087215,0.670592431366844],[30.577638885349227,0.674676159109354],[30.574488953436514,0.685566775200758],[30.571205919382752,0.688557053377876],[30.571067879626177,0.6886084504509902],[30.570780545894166,0.688863920689434],[30.570569427603374,0.6887940417306037],[30.57018770221324,0.688936171565321],[30.56733486163317,0.6877236333271217],[30.566962640810832,0.688132937884689],[30.565199407663567,0.69007252672071],[30.565198612573187,0.6900727132922172],[30.565198517988716,0.69007281729998],[30.560318702534026,0.691217962435069],[30.560318484463092,0.6912178571394573],[30.560318040663613,0.691217961278986],[30.55240551551673,0.6878761521824635],[30.551647457486617,0.6881959789888937],[30.550594179676878,0.6890269680039595],[30.549972712530334,0.6913743416318658],[30.549718684184047,0.693128593286763],[30.5492551139659,0.6940848178894456],[30.548945926359963,0.695252665355375],[30.546183673895843,0.700366632438142],[30.53256054528767,0.706497282998168],[30.526431335405782,0.712061923885411],[30.52313463213349,0.719607557714404],[30.527161964890148,0.725900808910629],[30.53281558951332,0.730016473508259]]]}},{"type":"Feature","properties":{"n":"Kyarusozi Town Council","c":"415205","d":"Kyenjojo","od":"Kyenjojo","dc":"415","k":"KYARUSOZITOWNCOUNCIL","a":["KYARUSOZI","KYARUSOZITOWNCOUNCIL"],"lat":0.783562,"lon":30.549952},"geometry":{"type":"Polygon","coordinates":[[[30.512971190776806,0.805606280382182],[30.512971188480197,0.8056062919485945],[30.512971185526034,0.805606316818421],[30.512527939691346,0.8078386270813406],[30.509904312993314,0.821052005663555],[30.50990429212248,0.8210520516324586],[30.509904221930118,0.821052405140878],[30.5036959815797,0.834732082579929],[30.51505486234584,0.835503238698952],[30.518777237064974,0.834381700183796],[30.520811861955792,0.832019599272835],[30.522787526449434,0.832049476152532],[30.527906243835677,0.8289791290485973],[30.52811509561233,0.828853844421533],[30.5281151167096,0.8288538413690576],[30.528115583868267,0.828853561154475],[30.52974012410705,0.8286187259066231],[30.53109275330415,0.828423019696499],[30.531092941983644,0.8284231694570111],[30.53109369487285,0.828423060623189],[30.538277880344314,0.834125936594871],[30.539916723926627,0.838071579536142],[30.54082906905892,0.837690621537845],[30.541342218085,0.832897317039019],[30.543090756726716,0.829958311533746],[30.544903442198432,0.8292299631916741],[30.54538188944718,0.8290374355439863],[30.545382102433944,0.829036170641847],[30.545400218215747,0.8260242275633422],[30.544955092099084,0.825030338517239],[30.545410804853436,0.8242640854696541],[30.545414345010897,0.823675496311703],[30.54785144540577,0.820160298065381],[30.547944916457727,0.820003132224094],[30.547954508445322,0.8200116431241818],[30.547954514510376,0.820011634376137],[30.547944923394393,0.820003123014273],[30.547973425843182,0.819984357254498],[30.548050780166722,0.819872783770276],[30.55171469779981,0.8175211369427402],[30.551774939552605,0.8174814743063914],[30.55178968452199,0.8174014223196526],[30.552952644604673,0.811084226461425],[30.557392005150593,0.807537089688819],[30.55839531165316,0.806735348305652],[30.5583954419497,0.8067353238641509],[30.55839586681815,0.806734984385867],[30.568047075324234,0.804924821506723],[30.568047171383792,0.8049248171694885],[30.568047226801564,0.80492480677402],[30.57052036000993,0.8048131489581911],[30.57497680876481,0.804611933549089],[30.578555522198233,0.806542407818191],[30.578555950301755,0.8065428226579523],[30.578556073432416,0.806542889084434],[30.578606050724236,0.8065913708390533],[30.58094042506083,0.808853420187837],[30.587004137510384,0.803783200280391],[30.59509078920959,0.801320863272857],[30.59047105958006,0.800326180721641],[30.587723838321992,0.797182637150215],[30.584602754730394,0.795162800388169],[30.58168349606552,0.79455593253336],[30.581683393042834,0.7945558448858573],[30.58168338588241,0.794555843397355],[30.58168336532407,0.794555821303861],[30.579479556224385,0.792680910295158],[30.579178718132628,0.791864624624947],[30.58157591898208,0.785728664151835],[30.582892052891008,0.784208248073873],[30.586442688334042,0.784440921704497],[30.586442989852312,0.7844410576864047],[30.586443157180017,0.784441068628453],[30.58730879903598,0.7848315294966799],[30.588618374963577,0.785422135940672],[30.59102468674037,0.782915774867256],[30.59122651372058,0.781445840428531],[30.591844205547485,0.7813493027464661],[30.59342984554866,0.781101223677848],[30.593430265919473,0.7811014208978518],[30.593431628212546,0.781101207988097],[30.595201055576382,0.7819321996550689],[30.595520890556596,0.7820822525460718],[30.596953474725275,0.7818814274428354],[30.59695385609077,0.7818811184497139],[30.600265115239463,0.7786590148721027],[30.602482352716898,0.7735501891227121],[30.602483084593832,0.7735481970091355],[30.602501263336283,0.7734677848155324],[30.60576185898536,0.759038714747335],[30.598125423396624,0.758850702301597],[30.595725651672595,0.754245078159036],[30.594474655252416,0.7535844916530573],[30.59423504053471,0.7534580410385121],[30.586043855381064,0.755442184424814],[30.58604349648264,0.7554420941554117],[30.586043411378192,0.755442114771772],[30.586042686887907,0.7554418905277892],[30.579880516042685,0.753891993837348],[30.57953930623587,0.7534289663965605],[30.579252632865398,0.753340235354034],[30.579177584138204,0.7529381034324494],[30.57881446682036,0.752445347131113],[30.5789275754354,0.7515984873745657],[30.578833444664884,0.751094108565707],[30.579518464470286,0.74717402117538],[30.579518524497136,0.7471739704765182],[30.57951873961172,0.747172359884043],[30.583724813673395,0.7436196365951588],[30.583402139088818,0.7428291771281806],[30.58290161267225,0.741604193230067],[30.583083939987183,0.735978566932731],[30.583221915435853,0.7317178542521016],[30.580274805453207,0.728055254652885],[30.576977558002046,0.7284248494619566],[30.576959460825474,0.7284759741323341],[30.576217256057195,0.730573400278037],[30.577146837763806,0.738463393512352],[30.577145153860453,0.7384666585374268],[30.5762369709923,0.740749537121102],[30.572684078784043,0.7471165148085835],[30.572681644535873,0.747121234723949],[30.568509690886913,0.751471634155295],[30.56850916801807,0.7514716957853622],[30.568509144484903,0.751471720323283],[30.568508960826215,0.751471720206875],[30.565884350810254,0.751781080564087],[30.56434007120533,0.751469223626828],[30.558319863057754,0.746335988074209],[30.545813213845644,0.743997127880851],[30.53911637783356,0.7440861778287776],[30.534080228796814,0.744153156557069],[30.532942980719273,0.746666342952645],[30.529137625771583,0.749240281510455],[30.528430972942314,0.75653459354527],[30.523663224035218,0.761231691742272],[30.522213574506406,0.763706531498569],[30.513743753790763,0.765040283944855],[30.510584382328467,0.767749981411325],[30.50411426847545,0.767348915072605],[30.50400132938883,0.7676880004976959],[30.503082504103716,0.770446947335828],[30.50299480081952,0.7761353194426607],[30.50308651558707,0.7762400561282874],[30.514862296154867,0.78968587832831],[30.51486209569753,0.7896875658915041],[30.514862160613998,0.789687640024992],[30.512971190776806,0.805606280382182]]]}},{"type":"Feature","properties":{"n":"Nyakisi","c":"415206","d":"Kyenjojo","od":"Kyenjojo","dc":"415","k":"NYAKISI","a":["NYAKISI"],"lat":0.778406,"lon":30.668126},"geometry":{"type":"Polygon","coordinates":[[[30.629717226083418,0.7502901674091444],[30.632018212246862,0.753229930090068],[30.632017767117162,0.7532321863697963],[30.632018474256164,0.75323309068592],[30.631377878135094,0.7564756647043825],[30.631279894562105,0.7569723252268179],[30.631475310622065,0.7585929931779166],[30.631986237738133,0.7628301520004684],[30.63293729035556,0.7657357467249167],[30.6344661942718,0.770406472161292],[30.6341045636675,0.7719456799144572],[30.633757482220155,0.773423918303903],[30.633757215524756,0.7734240972497217],[30.633756935748522,0.773425288060855],[30.632423512741635,0.774321992705629],[30.63242455246463,0.7743296712480141],[30.633826975460526,0.78248202223803],[30.633826987789853,0.7824824611615693],[30.63382706766397,0.78248286513914],[30.634037269718497,0.789967309713281],[30.635058884242174,0.792617059502703],[30.6343568068671,0.7950299141535191],[30.63595504114305,0.7943385101639259],[30.636817347694468,0.793964979422228],[30.636817822925963,0.7939652665313562],[30.636817835415776,0.793965261128201],[30.63970752684061,0.795710977928371],[30.63970755222651,0.7957110844563415],[30.63970789497961,0.795711291529197],[30.641177080294515,0.801877161220218],[30.641754042116716,0.811839164185357],[30.63985580654153,0.818951937279087],[30.641353994028165,0.8241859739518446],[30.641452547741306,0.82453013349357],[30.64145252267067,0.8245301915699859],[30.64145264493547,0.824530618711749],[30.640778313571538,0.8260920046990252],[30.640149689044485,0.8275482206427868],[30.641460840995375,0.829402979799557],[30.64012020253992,0.8334889974520212],[30.6401311855273,0.8335087217569906],[30.641242947122354,0.8355048142527634],[30.64432173450729,0.837178090563908],[30.644321848707833,0.8371784285734165],[30.64432253183926,0.837178799892801],[30.644516666022195,0.8377550467142872],[30.64478554380347,0.8385508682092312],[30.64692158571943,0.8372054498281155],[30.64721884611353,0.837017839966301],[30.647219023396428,0.8370181041983878],[30.647219442326254,0.837017840329086],[30.648087111770568,0.838311069110342],[30.64946806941072,0.838700587482697],[30.649468122173257,0.8387011178049365],[30.64946851036046,0.838701227404869],[30.64946895454549,0.8387094840727928],[30.649768489370665,0.841720142615781],[30.649649440541115,0.842064421385737],[30.64968195163545,0.842668749068281],[30.648994520702434,0.8439583920978873],[30.64898635436646,0.843982008425024],[30.653440691953303,0.847714208157908],[30.65559677708123,0.8486054988298759],[30.658137350423647,0.8496557165652125],[30.6607851352071,0.8500887689662787],[30.664247631490532,0.850655054550266],[30.664247676670552,0.8506550770378066],[30.664247792813363,0.850655096033279],[30.665250669042933,0.851154298409521],[30.667431190061738,0.8522396134368686],[30.671655252129735,0.8524639632172836],[30.673311105596632,0.848586475180263],[30.67523352462995,0.8480218195800467],[30.675951406209833,0.8478107533442822],[30.68078381101479,0.838159865003488],[30.68033826638987,0.8368675332064661],[30.6802771504561,0.8366905760940253],[30.67409861864647,0.833156736091459],[30.67409843426017,0.8331564528870999],[30.674098331557687,0.833156394144657],[30.673032218485965,0.8315188206318196],[30.67271922486584,0.831038084499027],[30.672724518020175,0.8309821101054535],[30.672873084976118,0.829406564488218],[30.67287352697676,0.8294063604754093],[30.672873598157768,0.829405607745817],[30.6755482743636,0.828171721216083],[30.67554838720419,0.828171733872238],[30.675548420331733,0.828171718581666],[30.683579847522783,0.8290723278243416],[30.68933630362085,0.823679205905675],[30.69220775406956,0.825221368125334],[30.69014956319161,0.82283822393466],[30.689890450518927,0.820712417570979],[30.690297880560692,0.816432213047515],[30.69255977510818,0.809514409538934],[30.692374701100086,0.8075079228539228],[30.692363827940273,0.807390330941629],[30.69236385217051,0.8073903037837447],[30.692363851617955,0.807390297793234],[30.692587324645743,0.8071398299460919],[30.695103832165355,0.804319262020429],[30.69510391819734,0.8043192400286402],[30.695103942151427,0.804319213180979],[30.696366841731447,0.8039964072225736],[30.70003252898548,0.803059371788182],[30.700032657180028,0.8030593991754261],[30.700033843900243,0.803059095841446],[30.70215250605755,0.803512179894717],[30.702285826315702,0.803460351684392],[30.70994700655826,0.80047523532789],[30.70815882779813,0.7979967018694183],[30.708157929201242,0.79799564770413],[30.705651893395146,0.78891949953959],[30.704054516997974,0.7858229516454216],[30.702874977431872,0.783536483852571],[30.70287498167656,0.7835363975044605],[30.702874814287437,0.783536073017111],[30.70356038144748,0.7695935617936466],[30.703631551659626,0.7681457723172769],[30.700566217931662,0.7612667930699741],[30.700321634768347,0.7607179897859421],[30.693800529187325,0.757376422743446],[30.687813484530473,0.756404469756112],[30.685783157868116,0.754358471637646],[30.68132919858046,0.748014137644549],[30.681404188281792,0.746957177140019],[30.681404750499436,0.7469568830837889],[30.681404791026594,0.746956315220188],[30.681592924572616,0.7468584625533352],[30.682343774128455,0.746465746328791],[30.682039945259973,0.745077949305094],[30.68354298594203,0.743345981512623],[30.68352444220426,0.741728212374695],[30.679965813602387,0.736111726214735],[30.6857794133592,0.724218873819365],[30.688501515161573,0.72226771708589],[30.688501863489446,0.7222677951362908],[30.688501996423568,0.722267699857462],[30.690566121798728,0.7227303368986494],[30.693053155697122,0.72328761068422],[30.691506731084317,0.719048178493157],[30.691755959251385,0.7190662804111488],[30.691755955117973,0.7190662670135072],[30.691506728972772,0.719048165941201],[30.690712298966435,0.7160650177556319],[30.68713838969515,0.709854969881755],[30.68713839605627,0.7098549372554528],[30.687138038217928,0.709854328550339],[30.687417298267356,0.7084062564967202],[30.676226506325936,0.7051805907226268],[30.675871575411904,0.7114573129043563],[30.675843495920503,0.711959069244321],[30.67584320200664,0.7119590781075364],[30.675843179709776,0.71195947241307],[30.666293726826563,0.712254481846011],[30.66625543320146,0.7126148875518197],[30.665937480950703,0.715660722610493],[30.66593219063527,0.7156571293063114],[30.665931885877004,0.71565999758053],[30.662425655708898,0.7132754502291839],[30.658634924807448,0.712868425486981],[30.657963373159983,0.7122666287780666],[30.655186378956053,0.7097781911125763],[30.65351696810485,0.70948712726896],[30.649874958604045,0.711336094181832],[30.64951503159425,0.713213722594181],[30.649499299037405,0.713296355247109],[30.64949915556285,0.713296542962828],[30.6494990933615,0.713296867448127],[30.6465475868868,0.7171584810832577],[30.646566436984717,0.7182971544889384],[30.646664656985603,0.724207725171015],[30.64556996138259,0.7234420779002807],[30.643248521832124,0.7240282707952986],[30.64300748548875,0.724089157373835],[30.63934018091402,0.7271865183399432],[30.636833980804045,0.7293032439759561],[30.631676073599046,0.7379422195912887],[30.6308723208475,0.739288452543347],[30.6308722828669,0.739288488195756],[30.63087222649835,0.739288582607402],[30.627819859833895,0.7421537990660799],[30.62666603972771,0.743236890517332],[30.627807513200246,0.7469005062843173],[30.62782741375628,0.746963008677563],[30.629548043648374,0.748066989961024],[30.629590783123817,0.7501284673659236],[30.629717226083418,0.7502901674091444]]]}},{"type":"Feature","properties":{"n":"Rugombe Town Council","c":"415207","d":"Kyenjojo","od":"Kyenjojo","dc":"415","k":"RUGOMBETOWNCOUNCIL","a":["RUGOMBE","RUGOMBETOWNCOUNCIL"],"lat":0.707593,"lon":30.513314},"geometry":{"type":"Polygon","coordinates":[[[30.485375322577987,0.7336146255205678],[30.486307520720246,0.7332814026105114],[30.486884251802703,0.733074941154496],[30.486884336608362,0.7330752143978438],[30.486885055530102,0.73307495741257],[30.48714193901233,0.7339052078820484],[30.48734119254459,0.7345472016326239],[30.489707063544753,0.735274330315188],[30.48970699118711,0.7352755115643484],[30.4897073909811,0.735275634521406],[30.489515489427976,0.7384018059464864],[30.489395556583954,0.74035972726376],[30.48939528085506,0.7403600631861311],[30.489395277633612,0.74036011566512],[30.4872348131267,0.742992502564683],[30.48723440805781,0.7429926690914872],[30.487233895846582,0.742993293121879],[30.48655224061988,0.7432731131480041],[30.485418218487087,0.7437393179965764],[30.48788293240476,0.747158951835483],[30.48801872292071,0.749271022816131],[30.489619435276122,0.748678763627511],[30.48961994490499,0.7486793941812537],[30.489620074498614,0.748679345879205],[30.492428202827806,0.7521539311878291],[30.496154869604354,0.7534000138341581],[30.496949861745602,0.7531711322354282],[30.499104204023556,0.75255031626465],[30.501984018268253,0.753564529188088],[30.5036742846075,0.756004821567453],[30.503151681466647,0.767189953801433],[30.504114257417893,0.767348912714891],[30.504102579748494,0.7673839771276613],[30.504102589703788,0.7673839791179474],[30.50411426847545,0.767348915072605],[30.510584382328467,0.767749981411325],[30.513743753790763,0.765040283944855],[30.522213165314813,0.7637065959344417],[30.522930657131923,0.7624823289896825],[30.523663224035218,0.761231691742272],[30.528430972942314,0.75653459354527],[30.529137625771583,0.749240281510455],[30.532942980719273,0.746666342952645],[30.534059614641343,0.7441987114505962],[30.53239031914495,0.737763176312869],[30.532390327126674,0.7377630310061158],[30.532390277526613,0.737762843450577],[30.53281558951332,0.730016473508259],[30.527161964890148,0.725900808910629],[30.52313463213349,0.719607557714404],[30.526431335405782,0.712061923885411],[30.53256054528767,0.706497282998168],[30.53256144468108,0.7064968782551118],[30.53693732856612,0.704050099835277],[30.541821156418887,0.7023298430179183],[30.545080784674695,0.700862952234846],[30.546924834264743,0.6989944661431191],[30.547361128348168,0.6981867218800499],[30.542349990781663,0.6912925267701343],[30.536839363151202,0.6844684480699251],[30.5345736261883,0.6820291274773957],[30.526406878330267,0.674636190918657],[30.5251497512425,0.671737505838451],[30.519824849752414,0.670652512670775],[30.508844202004084,0.661677055470878],[30.507444598181145,0.662440714820075],[30.506002492959695,0.6571313414148183],[30.505618602486813,0.6565632558686137],[30.503338582112672,0.6531893649199316],[30.503323833974758,0.6531802645083488],[30.49932135485683,0.650710894472774],[30.49736643027143,0.6504857045946517],[30.495616744332963,0.650284344456066],[30.49561648515526,0.6502841265233671],[30.495616182877917,0.650284091703713],[30.493728649278776,0.6486967169528428],[30.492884553119552,0.6479869485146615],[30.48917687158664,0.6481355720928941],[30.487766015416277,0.6481921603886875],[30.487761135557744,0.6481946761612156],[30.485757158365658,0.649369692299307],[30.48575719246127,0.6493698358611836],[30.486584144464196,0.651939525608477],[30.48648251051015,0.6524238364461972],[30.486584150538192,0.652851798642333],[30.485538873051027,0.6569205014892044],[30.48553735880866,0.656927717227266],[30.48561600240293,0.6573093160144791],[30.48734351284992,0.665689623087154],[30.488956646799686,0.66870161542666],[30.48392805253036,0.671797638595846],[30.48690355159955,0.678545437729725],[30.489872698666712,0.67938308807238],[30.49652552624525,0.683239039495924],[30.496272705646444,0.68507749009061],[30.500063528091356,0.691545208063844],[30.500403900837338,0.696308841885775],[30.50005973275766,0.6987449639546341],[30.500059259138535,0.69964521584571],[30.499624073904613,0.7018286844071353],[30.499623677405665,0.701831490942356],[30.499623441247202,0.7018318586590697],[30.4996234111831,0.701832009500621],[30.498175447404883,0.7040864953415967],[30.496329135325375,0.706961343852815],[30.49344784956828,0.708685688490389],[30.490408245454994,0.708223904915421],[30.489097525684244,0.7090414451848128],[30.48841900342233,0.7094648871807361],[30.488140516751702,0.715724502884531],[30.48814028988684,0.7157248100505477],[30.48814028367357,0.715724949967237],[30.485830688340098,0.718852160425214],[30.48583043775315,0.718852258142323],[30.485830049997332,0.718852783148306],[30.484142606382523,0.719511970625046],[30.481973374335837,0.727894719143346],[30.484005282541844,0.73310791066139],[30.48497484539121,0.7334665480991988],[30.485375322577987,0.7336146255205678]]]}}]}
