{"type":"FeatureCollection","name":"Lamwo sub-counties","metadata":{"source":"Uganda Bureau of Statistics NPHC 2024 Map Explorer","retrieved":"2026-07-26","display_only":true,"clipped_to_dashboard_district":true,"positive_area_overlaps_removed":true,"source_gap_ratio":0.00221027},"features":[{"type":"Feature","properties":{"n":"Aceba","c":"326101","d":"Lamwo","od":"Lamwo","dc":"326","k":"ACEBA","a":["ACEBA"],"lat":3.507703,"lon":32.747843},"geometry":{"type":"Polygon","coordinates":[[[32.69229419952553,3.519032021166967],[32.69447695607876,3.520145608010741],[32.696409575975515,3.519637141066564],[32.69560757923536,3.523913640130031],[32.69310936693996,3.526471410168789],[32.69337705498631,3.529475472050223],[32.70043888887181,3.527441076259274],[32.706417452623704,3.520510833945697],[32.714090597389244,3.516106730554319],[32.750616497126636,3.540446408866548],[32.75952406383516,3.549558837867424],[32.76919792525919,3.555875367070278],[32.77233653972432,3.561828070604439],[32.77252074383596,3.5679094917408],[32.770910932476156,3.575459155317394],[32.77187566906858,3.582616643969674],[32.77582579016717,3.583447479273513],[32.78080648413193,3.58297223834861],[32.78647652429713,3.585278060291201],[32.78552177297522,3.581947900393436],[32.7858955808328,3.57997809876451],[32.790660113694095,3.576318019155575],[32.79393043066078,3.570781860148905],[32.79458493688613,3.567778926693856],[32.79506907601124,3.542473398938505],[32.80086954853857,3.529067250482943],[32.80744117285464,3.519849473972921],[32.79867781321632,3.515337925930558],[32.79767944053376,3.512710284689665],[32.793935794306236,3.509199563223306],[32.79367195372702,3.507233522982281],[32.788796549004424,3.507321836729273],[32.78865111146703,3.499974974664961],[32.789921968139886,3.492693854358189],[32.79150383530957,3.489894992529938],[32.80631094946777,3.472039864253819],[32.809882585365386,3.471185771072686],[32.811474010876594,3.453106546072453],[32.808797106088505,3.446979305104811],[32.80558250723749,3.443553047429265],[32.80200231409927,3.442213945377306],[32.78622324876258,3.442521392822271],[32.784342716102124,3.441438066240363],[32.78353332498089,3.446187018415924],[32.78145823350646,3.447082128561072],[32.7796485049637,3.450586091885839],[32.77627128152265,3.454209838165085],[32.76693305932962,3.450150378432823],[32.76206892344254,3.454683596590661],[32.755365269598194,3.457063501228136],[32.74905441554616,3.461754438921022],[32.73729760810485,3.461475092079778],[32.72484792227974,3.463676888946003],[32.71985026669086,3.463783927665645],[32.71613908820003,3.46314150302497],[32.714363563269295,3.461697742006665],[32.71389236353411,3.458428542635569],[32.71182211102862,3.453559001670492],[32.71143698719615,3.451133307005986],[32.71294078274022,3.445347946300299],[32.710318765996966,3.437250287421033],[32.71082319086333,3.434176206169887],[32.71192677047424,3.433661706406045],[32.71028483351678,3.432448324558233],[32.70732831692108,3.432136233614508],[32.70510750472525,3.429745633484886],[32.70364474327595,3.432277246767008],[32.69969785407817,3.435065248136095],[32.698555422651424,3.444943047353549],[32.6945342882516,3.451863905352226],[32.69464538502395,3.461859897676573],[32.69321992988735,3.468232113730403],[32.6926395082578,3.47731264155763],[32.696523075922876,3.489780249423917],[32.70047465746869,3.496291647985765],[32.694963725344955,3.500016431535244],[32.70086458129799,3.502847820692781],[32.70203669281422,3.508084415092907],[32.70184712511559,3.509214559989528],[32.699313541687665,3.511712705433928],[32.692353686974656,3.51374724724425],[32.69111874927629,3.515788818469903],[32.69220387908451,3.516531770777094],[32.69229419952553,3.519032021166967]]]}},{"type":"Feature","properties":{"n":"Agoro","c":"326102","d":"Lamwo","od":"Lamwo","dc":"326","k":"AGORO","a":["AGORO"],"lat":3.76379,"lon":33.052007},"geometry":{"type":"Polygon","coordinates":[[[33.0285,3.8909],[33.06424889193904,3.8637157003057907],[33.07182397755907,3.856363895497734],[33.081010593573005,3.8509697074683085],[33.17358857525429,3.780571229009143],[33.14596128403704,3.747009419994427],[33.139804415536666,3.742252489360676],[33.125633543883254,3.722363293048335],[33.117740719358494,3.713546082160176],[33.10840350686764,3.69971659173168],[33.09982580718247,3.688700864574281],[33.08899966593003,3.685434109077055],[33.06791299005638,3.680804222088537],[33.050131990500084,3.675293894901114],[33.027866673036094,3.670519571191997],[33.0179420982027,3.666125050080149],[32.99948363326623,3.678675808619821],[32.99414219258857,3.677095201210481],[32.97794589817393,3.680527531927567],[32.9831027793788,3.691582586357867],[32.96784329357704,3.698828697218114],[32.954065563645266,3.709564372501814],[32.95020262648197,3.713962013364778],[32.94852846992231,3.71654911196669],[32.94775551783518,3.72236992861105],[32.94260422945559,3.735434239895163],[32.9453044950394,3.782259652650269],[32.91426963275686,3.802953872999466],[32.902348769595626,3.813164300724317],[32.98122714741802,3.8617745458025707],[33.0285,3.8909]]]}},{"type":"Feature","properties":{"n":"Katum","c":"326103","d":"Lamwo","od":"Lamwo","dc":"326","k":"KATUM","a":["KATUM"],"lat":3.563563,"lon":32.839182},"geometry":{"type":"MultiPolygon","coordinates":[[[[32.77165914043436,3.619513145526122],[32.777205628203205,3.622534373887763],[32.78677340177778,3.625957067642941],[32.7952357845761,3.62636673849609],[32.80802936841373,3.623422173925299],[32.8136447660243,3.623136621114319],[32.837971468885975,3.623566696607103],[32.83853681777743,3.615671788214639],[32.83705645919567,3.609258487186881],[32.83842399859185,3.606625503440017],[32.84355410265968,3.605136498721757],[32.849817304039505,3.601803239690814],[32.85104478890049,3.597770404287032],[32.85058812229055,3.59331582072689],[32.85195913738261,3.58966052762042],[32.85521366151726,3.586177741106987],[32.85983883041106,3.583950712611969],[32.869685376081,3.582038291890642],[32.87809578054998,3.569983511830457],[32.89408171332411,3.551666716546724],[32.86146668077116,3.516606835543529],[32.85166540557801,3.510854390777954],[32.84724218368443,3.498482412876736],[32.845597799868074,3.498430500498393],[32.84618225254061,3.499327375319278],[32.84549171085887,3.501769082342893],[32.84025439773111,3.504748149799088],[32.84024002835024,3.512757640552731],[32.837799001682924,3.516934912579649],[32.83237069123902,3.531399261077691],[32.82728701708265,3.541855133885901],[32.826307085675694,3.543310083221776],[32.82141588233057,3.543898746630884],[32.814370371044724,3.546453543052331],[32.81014242741064,3.549992183174192],[32.80665742001609,3.55435708706409],[32.79585528853079,3.559348461521421],[32.79474851769769,3.5592287010407184],[32.79458495751261,3.5677778485659197],[32.79458496554341,3.567778257770272],[32.79458494815741,3.5677783375541066],[32.79458493688613,3.567778926693856],[32.79397451421673,3.5705796008275312],[32.79393050468513,3.570781559264527],[32.793930491302284,3.5707815819202113],[32.79393043066078,3.570781860148905],[32.790660113694095,3.576318019155575],[32.7858955808328,3.57997809876451],[32.78552177297522,3.581947900393436],[32.78647652429713,3.585278060291201],[32.78622272609662,3.585174848771938],[32.78649405377727,3.586423769424653],[32.7847210891189,3.588654483344967],[32.78144636298128,3.59083166733727],[32.77531213156596,3.598072139813479],[32.775055468260994,3.601766117355274],[32.77399448820188,3.60435953644156],[32.76751695548221,3.615418897019594],[32.76896766619178,3.617743349132843],[32.77165914043436,3.619513145526122]]],[[[32.87597416732135,3.531760695954049],[32.87597416727408,3.531760695999367],[32.87597416732259,3.531760695955378],[32.87597416732135,3.531760695954049]]]]}},{"type":"Feature","properties":{"n":"Lamwo Town Council","c":"326104","d":"Lamwo","od":"Lamwo","dc":"326","k":"LAMWOTOWNCOUNCIL","a":["LAMWO","LAMWOTOWNCOUNCIL","TOWNCOUNCIL"],"lat":3.579999,"lon":32.72242},"geometry":{"type":"Polygon","coordinates":[[[32.665348822801036,3.555438644903622],[32.663882931228336,3.558598409597935],[32.664398311263106,3.566228375608568],[32.67191761745966,3.57378885429623],[32.67359559947855,3.578565312365774],[32.67368394148564,3.58143242553102],[32.677430072144496,3.582814103916149],[32.679943019839925,3.584908086640784],[32.68504264539228,3.587356986913469],[32.67643495454394,3.594878757154683],[32.6755685594372,3.598685697196832],[32.674428058792245,3.600339239958056],[32.6748488943304,3.60247198804227],[32.67710720027187,3.603305129313928],[32.67757783659497,3.606126220421024],[32.681182609266344,3.611315281442047],[32.68546574439256,3.612419410539788],[32.690465917508185,3.611131408876191],[32.698713709574726,3.617829290316906],[32.70341145584142,3.615563960073101],[32.704088280708575,3.613769291611758],[32.70833502566176,3.611612860392803],[32.71219859955495,3.612511468270474],[32.71613310714428,3.614937400038601],[32.7209699323726,3.615477819774938],[32.725812051458576,3.617802640688621],[32.73260950662309,3.625239511459003],[32.73641409651768,3.627416886292279],[32.74640799028833,3.630391668487437],[32.75000577131801,3.634673204314299],[32.75057176986298,3.637648525698701],[32.75325209891504,3.641117203344258],[32.76135864696703,3.633444807642987],[32.76626048128083,3.625164421429596],[32.77298360894118,3.620234605037156],[32.772983502774835,3.6202345391775443],[32.77165914043436,3.619513145526122],[32.76896766619178,3.617743349132843],[32.76751695548221,3.615418897019594],[32.76751813004476,3.6154168916401743],[32.76751806847594,3.615416792844512],[32.77299559649384,3.606064985731541],[32.77399448820094,3.604359536443166],[32.77399449083094,3.6043595300151914],[32.775055468260994,3.601766117355274],[32.77531213156596,3.598072139813479],[32.780856221886594,3.5915282338773693],[32.781446055725084,3.590832001470528],[32.78144611957075,3.5908319546442033],[32.78144636298128,3.59083166733727],[32.78144794906882,3.5908306128355307],[32.78514888932175,3.5881162324198215],[32.78592486533708,3.5871399126206347],[32.78617041916563,3.585153577234927],[32.780806517543766,3.5829722519361225],[32.78058030301515,3.582993819783626],[32.77582579016717,3.583447479273513],[32.775820727090824,3.5834464143485483],[32.772279975140435,3.582904887847032],[32.772081087958995,3.582659850054241],[32.77187566906858,3.582616643969674],[32.7718417468498,3.582364971235518],[32.77130914813356,3.581708786091119],[32.770911012174814,3.5754597466106444],[32.770910932476156,3.575459155317394],[32.770910976442785,3.575458949123493],[32.77243918223752,3.5652167699320474],[32.772352168934354,3.5623440623887594],[32.76920176059806,3.5558826411829396],[32.769197948375115,3.5558754109119914],[32.76797722136746,3.5550783108129917],[32.75952406383516,3.549558837867424],[32.750616497126636,3.540446408866548],[32.714090597389244,3.516106730554319],[32.706417452623704,3.520510833945697],[32.70442688858574,3.5228182595576394],[32.70043957434344,3.527440619278338],[32.700439186763674,3.527440730948441],[32.70043888887181,3.527441076259274],[32.69367975627137,3.5293882688916343],[32.69337705129462,3.52947548473452],[32.68879668586869,3.531854884449153],[32.685227597027385,3.536405457716869],[32.678613421901844,3.539095640177019],[32.67793366593513,3.540747185328204],[32.67459239551128,3.542953659972014],[32.66976760505737,3.544029437653065],[32.66905196214892,3.545357801780062],[32.66712262134743,3.545931440862514],[32.66165771089981,3.550522572497276],[32.66395604698878,3.552602402830026],[32.665348822801036,3.555438644903622]]]}},{"type":"Feature","properties":{"n":"Lokung","c":"326105","d":"Lamwo","od":"Lamwo","dc":"326","k":"LOKUNG","a":["LOKUNG"],"lat":3.65219,"lon":32.582711},"geometry":{"type":"Polygon","coordinates":[[[32.461098481424735,3.7456575008366206],[32.4666549417362,3.745950403119986],[32.47573166464302,3.7472968544102794],[32.4862,3.7488],[32.600143814369545,3.756710068885109],[32.59884815946158,3.74200542944878],[32.59956174605657,3.736533869040196],[32.60241731555007,3.733676827015436],[32.60686686515427,3.721873335788362],[32.60783058937556,3.712628906498807],[32.607299014581244,3.699468927831515],[32.60522894636621,3.694305603219609],[32.59987106564142,3.685084377979951],[32.603334390276295,3.685780738044666],[32.60818850565867,3.685281055825268],[32.62034994326496,3.682838761651349],[32.62972476742752,3.685075282551624],[32.63557806559147,3.681125539036638],[32.63890957378157,3.679888004352871],[32.642603933926964,3.676593659352781],[32.64660731199098,3.679555933539881],[32.64903185879486,3.678870617516472],[32.64884401050252,3.681102587096978],[32.65091347189315,3.683599456268757],[32.6504382487894,3.685266646450006],[32.65129159075961,3.687551508650175],[32.65206461497538,3.686922034164994],[32.65380223710121,3.687576746595953],[32.65544515590939,3.686195412733987],[32.65712854743608,3.686219843098407],[32.65696474648925,3.687480971856855],[32.66024742482376,3.68876762648195],[32.66012891144511,3.687213552328041],[32.66407200721649,3.685049097897285],[32.66663154007917,3.68031954562641],[32.66922116303734,3.67975717665103],[32.669726070163044,3.678634009149318],[32.671381714919875,3.679186105724146],[32.671211451869354,3.678586387755574],[32.67234584884854,3.678464777580631],[32.67497398293565,3.673024250252641],[32.68021977727822,3.667700913923078],[32.68155154972023,3.667508563615525],[32.68386409084602,3.669713704368097],[32.68470896000134,3.669061281599556],[32.68787133938422,3.670224351040145],[32.69258096230217,3.663653464403567],[32.69685785278887,3.654559380259931],[32.70221601993781,3.65111866868141],[32.705326954489834,3.650487800431153],[32.705695769631525,3.636061137249115],[32.69761556691004,3.631740260328109],[32.6954001515445,3.628882189876376],[32.695974101355596,3.623468373728351],[32.69766450777848,3.621382663122446],[32.69871370679142,3.617829301512054],[32.698545101643155,3.617692366892248],[32.690465917508185,3.611131408876191],[32.68546574439256,3.612419410539788],[32.681182609266344,3.611315281442047],[32.68118243287355,3.6113150275250723],[32.681182073755316,3.61131493493456],[32.67757809739709,3.606126615189987],[32.67757809314339,3.6061265897218124],[32.67757783659497,3.606126220421024],[32.67740894097195,3.6051138252514736],[32.67710682927048,3.603304992442938],[32.6748488943304,3.60247198804227],[32.674483038820284,3.600617872675214],[32.674428124373286,3.60034088542438],[32.674428292943425,3.600340426610392],[32.674428058792245,3.600339239958056],[32.674429492772575,3.60033716091689],[32.67643436986973,3.594880288907742],[32.67643466447449,3.5948800317198195],[32.67643495454394,3.594878757154683],[32.68504264539228,3.587356986913469],[32.679943019839925,3.584908086640784],[32.677430072144496,3.582814103916149],[32.67368394148564,3.58143242553102],[32.67359559947855,3.578565312365774],[32.6719176373447,3.573788910899962],[32.67152960875897,3.573398721026551],[32.664398311263106,3.566228375608568],[32.664398262504015,3.5662276537525464],[32.6643981632066,3.566227553902048],[32.66425143318573,3.564053912760894],[32.663882931228336,3.558598409597935],[32.66534880734897,3.5554386782109213],[32.66356762242851,3.5522509062902836],[32.6621139955544,3.550935477585239],[32.66110297448732,3.550278569584165],[32.654170968282955,3.548837853605943],[32.64821413415937,3.55197726507061],[32.644481104831904,3.556283663012889],[32.630670750451266,3.560265402052896],[32.628809910972066,3.561248120911231],[32.627790249846214,3.563312156648748],[32.62403598516457,3.565537412169747],[32.618712439437516,3.567401588515188],[32.61625654355075,3.566828139510431],[32.614298453271985,3.565164837046995],[32.6134009361753,3.565662215760005],[32.6114204674694,3.57005046696112],[32.60919343483329,3.572020806446515],[32.60432236263564,3.573801003772736],[32.598347445072115,3.573535757956223],[32.59534931730125,3.572631604441515],[32.59201807658826,3.573250265124766],[32.588591697251346,3.57938915769679],[32.58821094171117,3.582482566822845],[32.58887718941908,3.584814436850088],[32.590780755903026,3.587336665021617],[32.595924630844124,3.590820141465205],[32.587321476557534,3.604978855884219],[32.5869235808715,3.60705201883056],[32.569167444328244,3.641074208456661],[32.55051272039716,3.641235620711475],[32.5408051060045,3.642417040661466],[32.52982195046393,3.641267339370398],[32.52060857248372,3.641897682604648],[32.52220768096975,3.639261661969115],[32.51995097155595,3.63894679854071],[32.519295224266365,3.637557966739701],[32.51636417890197,3.635974373575543],[32.51940523118239,3.632907027745905],[32.51870592898211,3.63070868234389],[32.51985495094511,3.628245668265283],[32.51648506238607,3.626118996385388],[32.51829283377905,3.623998363510493],[32.51914575148653,3.620827019488031],[32.518717451796306,3.619675364843322],[32.51581953126684,3.619665827622387],[32.51535289293815,3.618347626764728],[32.513573059329445,3.61742915583553],[32.5118129742785,3.617396556312305],[32.51104486309408,3.618181554540356],[32.50952868827309,3.616349592596086],[32.50773792484937,3.616700018323492],[32.50772782985071,3.613097662046837],[32.50610716990529,3.612431773890121],[32.50704254305608,3.610613501329466],[32.50644292293752,3.60842202156242],[32.50211118603601,3.60670122213612],[32.48753971124139,3.605951645621763],[32.48682515882001,3.602233540250616],[32.48390015513596,3.602859609948467],[32.48370884000457,3.601574728420602],[32.477259780777196,3.6013835457903],[32.47808617025819,3.600022123187239],[32.47724182136559,3.599415499663739],[32.477286470950084,3.597894171357128],[32.47426159320517,3.596340329560114],[32.472946536053634,3.593086000037897],[32.47101904764837,3.592157984727794],[32.46917992611743,3.592847986858406],[32.466912456145245,3.592135132691225],[32.46450303304354,3.605515110062453],[32.46556132992693,3.613811954857164],[32.46456447248055,3.615933151849744],[32.464427069739,3.61980164128488],[32.461771703060975,3.626502193372149],[32.46078865637458,3.62755381121949],[32.459068865079445,3.627790105676787],[32.46173317912951,3.634544951478342],[32.460870534870814,3.636800880421303],[32.46151111048059,3.638803736895902],[32.461121085436304,3.641467067866092],[32.463921815559445,3.645744374579922],[32.46449482288091,3.648086059040192],[32.46400329744449,3.65108932218875],[32.46572440794809,3.653262197166834],[32.46389116850268,3.669244393747978],[32.46495087401889,3.676354161037994],[32.46445293935832,3.69018220100673],[32.46152736063998,3.696102497968517],[32.457860543834855,3.700629348843186],[32.4557309801663,3.701681078549579],[32.4548514384967,3.703682599550237],[32.45314562898937,3.703732542709868],[32.451588811652485,3.706411568324756],[32.449020755173635,3.708072557310424],[32.446386809963904,3.708580980771687],[32.44504718341749,3.711651686744563],[32.44437496629591,3.711752602137636],[32.44271494577467,3.717214907157784],[32.44057108450945,3.717637860798384],[32.43698897578601,3.720112681645912],[32.43641245408954,3.722827902306164],[32.4353313718592,3.723742743800213],[32.43502443604493,3.727611055013826],[32.43215280661659,3.729440987569373],[32.43066654794603,3.728762050070703],[32.43051257532969,3.731799090526468],[32.43166018299872,3.733872108697927],[32.431388955457884,3.734751969069433],[32.43263834738776,3.734888120285464],[32.432856433923504,3.737248725059971],[32.42974542999461,3.742776420592973],[32.4299713253214,3.743754262494997],[32.461098481424735,3.7456575008366206]]]}},{"type":"Feature","properties":{"n":"Lokung East","c":"326106","d":"Lamwo","od":"Lamwo","dc":"326","k":"LOKUNGEAST","a":["LOKUNGEAST"],"lat":3.698872,"lon":32.716302},"geometry":{"type":"Polygon","coordinates":[[[32.60014382605383,3.7567100696962417],[32.721,3.7651],[32.7213696084904,3.765204535734658],[32.79753433262438,3.78559002479917],[32.799189850503154,3.776924620996484],[32.79842852734482,3.767597147294253],[32.80042679473279,3.76065033840037],[32.80290181099154,3.758269644926318],[32.80492050246925,3.753990108081599],[32.805833519428795,3.754917039356745],[32.80743250994734,3.7540604368992],[32.807946472566485,3.748349734031021],[32.80737542554424,3.740012104020751],[32.80837184938556,3.734679026064948],[32.81430271038965,3.737253484602637],[32.82043717610357,3.734537408072016],[32.82018428254006,3.731146941803622],[32.81837583343441,3.726863524370555],[32.81837583906469,3.723533136017842],[32.82489558858963,3.70306941805169],[32.82624399484392,3.694357650142459],[32.81816631869543,3.694318080035482],[32.81007619628624,3.692117016183134],[32.79821566344849,3.683260955849071],[32.7958830369434,3.677311918818683],[32.79231384740475,3.673599959996341],[32.78060680111534,3.665938029464069],[32.77094307734701,3.66159461556656],[32.756495014430826,3.657254492035698],[32.75331046561298,3.657001844712539],[32.754842068050785,3.653147093840981],[32.75421721671913,3.642863688425],[32.75057218390575,3.637649159466052],[32.750572159210776,3.6376490295629518],[32.75057176986298,3.637648525698701],[32.75000577131801,3.634673204314299],[32.74640799028833,3.630391668487437],[32.73661109119513,3.627475523723541],[32.73641447503969,3.627417007097131],[32.73641444542025,3.627416990146611],[32.73641409651768,3.627416886292279],[32.73261021790112,3.625239918524921],[32.73261004067574,3.625239817102924],[32.73261004066542,3.625239817092555],[32.73260950662309,3.625239511459003],[32.73260691406837,3.625236675030669],[32.72465820618251,3.6172486510858635],[32.7209699323726,3.615477819774938],[32.717719021186,3.61511459462551],[32.716134715086554,3.614937726869512],[32.71613442360383,3.6149375471269685],[32.71613310714428,3.614937400038601],[32.71219859955495,3.612511468270474],[32.70833575795158,3.611613030712155],[32.70408828033555,3.61376929260088],[32.70341145584142,3.615563960073101],[32.70340936734772,3.615564967178992],[32.70340923503638,3.61556531723044],[32.70340515996221,3.615566996049242],[32.69871371014086,3.6178292900439066],[32.69871370676153,3.6178293014877765],[32.69871370679142,3.617829301512054],[32.69766450777848,3.621382663122446],[32.695974101355596,3.623468373728351],[32.6954001515445,3.628882189876376],[32.69761556691004,3.631740260328109],[32.705695769631525,3.636061137249115],[32.7055134344187,3.643193405977652],[32.70532711206714,3.650485734143651],[32.705327006766694,3.6504857555567924],[32.705326954489834,3.650487800431153],[32.702216324851015,3.651118606847881],[32.69685771900144,3.6545596647362606],[32.69309415294488,3.66256225131288],[32.69258194351036,3.663651558048309],[32.69258169722262,3.6636519017195597],[32.69258096230217,3.663653464403567],[32.689908589911525,3.667381970132288],[32.68787222026639,3.670223531358957],[32.6878719881304,3.6702234459066245],[32.68787133938422,3.670224351040145],[32.68470896000134,3.669061281599556],[32.68386409084602,3.669713704368097],[32.682631796639484,3.6685386410822187],[32.68155036279925,3.6675087350446742],[32.68021977727822,3.667700913923078],[32.67497402931242,3.673024203190332],[32.674921910342434,3.6731320462619093],[32.67234584884854,3.678464777580631],[32.671211451869354,3.678586387755574],[32.671231452555446,3.678656836222212],[32.67138196448775,3.679185947709504],[32.671381639298396,3.6791858393624204],[32.671381714919875,3.679186105724146],[32.67052550057016,3.6789005897595355],[32.66972598212562,3.678634204988844],[32.66959507446818,3.6789254094878197],[32.669222949699886,3.679755903523315],[32.66922160392019,3.6797561959057354],[32.66922116303734,3.67975717665103],[32.666631924018304,3.680319462249231],[32.66407267752569,3.685048254156814],[32.66407237343499,3.68504842119195],[32.66407200721649,3.685049097897285],[32.662790882423295,3.6857523362652467],[32.66012898376813,3.6872145007048385],[32.66024742482376,3.68876762648195],[32.65696474648925,3.687480971856855],[32.65712854743608,3.686219843098407],[32.65544515590939,3.686195412733987],[32.65380223710121,3.687576746595953],[32.65206461497538,3.686922034164994],[32.65129159075961,3.687551508650175],[32.65047776381781,3.685372449747996],[32.65043839542832,3.685267382099144],[32.65043845092568,3.6852671876791527],[32.6504382487894,3.685266646450006],[32.6509133204041,3.6835999877266086],[32.649843851154,3.6823089257659065],[32.64884401050252,3.681102587096978],[32.64903185879486,3.678870617516472],[32.64660731199098,3.679555933539881],[32.64660654109287,3.679555363118722],[32.64660636921037,3.679555411930516],[32.6464028606376,3.6794046510586997],[32.642603933926964,3.676593659352781],[32.639000916461605,3.679806552006749],[32.63890999980124,3.679887711464304],[32.63890983256647,3.6798877735884883],[32.63890957378157,3.679888004352871],[32.63557806559147,3.681125539036638],[32.62972476742752,3.685075282551624],[32.62034994326496,3.682838761651349],[32.60826629396033,3.685265434159303],[32.608188521610685,3.685281053975759],[32.60818850777818,3.685281055399622],[32.60818850565867,3.685281055825268],[32.603334390276295,3.685780738044666],[32.59987106564142,3.685084377979951],[32.60522894636621,3.694305603219609],[32.60522906184531,3.694305891256515],[32.605229339472245,3.694306368742179],[32.60682001372576,3.6982741667660073],[32.607299014581244,3.699468927831515],[32.60778408750045,3.711477678692261],[32.60783057904957,3.712628594134903],[32.607830577398,3.7126286099752868],[32.60783058937556,3.712628906498807],[32.60686686515427,3.721873335788362],[32.60241731555007,3.733676827015436],[32.59956175232928,3.736533862764258],[32.59951081848456,3.7369243658469875],[32.59884816463392,3.742005389788868],[32.60014382605383,3.7567100696962417]]]}},{"type":"Feature","properties":{"n":"Madi-Opei","c":"326107","d":"Lamwo","od":"Lamwo","dc":"326","k":"MADIOPEI","a":["MADI","MADIOPEI","OPEI"],"lat":3.693369,"lon":33.210179},"geometry":{"type":"MultiPolygon","coordinates":[[[[33.108403542103,3.699716641793367],[33.11361114405249,3.7074297040415374],[33.117740714696886,3.713546075255798],[33.11851088138175,3.714406443486574],[33.125633543883254,3.722363293048335],[33.13478305620294,3.7352048776127247],[33.13980443133562,3.7422525015672923],[33.14596128403704,3.747009419994427],[33.14596159539263,3.747009798231168],[33.14596164850377,3.747009839266918],[33.173588584000065,3.780571222358655],[33.1796,3.776],[33.30517619654496,3.7659437635337483],[33.32818735296109,3.7639039708968087],[33.32786073434874,3.7588413824053926],[33.327787508816165,3.75879540494232],[33.32785515518016,3.7587549052924882],[33.3268,3.7424],[33.32764811530042,3.7379473946727866],[33.327586091922264,3.737560431782666],[33.32776351328124,3.7373415552734954],[33.328182931636995,3.7351396089057753],[33.32777414658805,3.733671457373106],[33.32853034946517,3.731833844046385],[33.327961806504064,3.729101964480053],[33.32997132495409,3.7255673697753404],[33.322189532173375,3.7167122262662535],[33.32177537970032,3.716718743985373],[33.320989200570686,3.715346331683882],[33.31950984839334,3.713662930930348],[33.31786295200417,3.713427099198878],[33.315717661375096,3.711022443402208],[33.315338008264405,3.709112986633948],[33.312561687038496,3.705757493547833],[33.312371821647304,3.704237421934942],[33.313756365280994,3.7024548004371325],[33.31494415133291,3.6990187050726524],[33.31514479767495,3.697868328624596],[33.31559456734189,3.697137144475253],[33.3182,3.6896],[33.302915546165586,3.6703196105226032],[33.30289775156857,3.670305745843194],[33.29866789316393,3.658835974062084],[33.29853454121538,3.6581198310453757],[33.2948,3.6477],[33.2947960743198,3.6475837017239527],[33.294059160796046,3.645059338491747],[33.293800772020866,3.62553556482406],[33.29402705009594,3.6248013590924355],[33.294,3.624],[33.29741602647071,3.6124553265989863],[33.27000088051737,3.612601909636868],[33.24212518693232,3.609378352037075],[33.21603705533244,3.60758969499748],[33.18905415966206,3.607315701786627],[33.1772780840587,3.601392989671361],[33.17315819776269,3.601005727520591],[33.16316405794459,3.601832468357567],[33.1572804880137,3.614137422503978],[33.15389061843076,3.61728937419512],[33.14990576729561,3.619252166889542],[33.14568131365376,3.619490567777218],[33.14205263627833,3.621275162230809],[33.13402207524409,3.627104748732785],[33.12896566238341,3.632458548066722],[33.12646672908406,3.636623116036303],[33.11918201708292,3.642810442259124],[33.1186169315852,3.640184598944976],[33.116713364949995,3.638585602385515],[33.11530410754773,3.63843282493785],[33.11329734230144,3.636808746809475],[33.11315368723352,3.635558926685279],[33.10915611943901,3.633203195552615],[33.101222405855175,3.626610286104637],[33.0990805658056,3.623290665778803],[33.096830739743844,3.622717265867697],[33.092656755590575,3.617616650395874],[33.09249766789877,3.616226667804852],[33.09090365152563,3.615664171991068],[33.09191382275662,3.61872869417077],[33.091191871073754,3.63339393091101],[33.093286345037534,3.63577031932983],[33.09511401635887,3.641309838551466],[33.097339441719335,3.644792874908754],[33.08984261207258,3.650532122896813],[33.08915563797043,3.653882314802619],[33.08865004016961,3.674490244811798],[33.08601299292003,3.6847783414923105],[33.08899966593003,3.685434109077055],[33.09982580718247,3.688700864574281],[33.10840350686764,3.69971659173168],[33.10840353130758,3.6997166279300555],[33.108403542103,3.699716641793367]]],[[[32.993757343247324,3.661013550265315],[33.012613699473,3.663558993710962],[33.0130547743209,3.66467712540558],[33.01749545310207,3.6664287446089308],[33.0179420982027,3.666125050080149],[33.02786662780475,3.670519551163923],[33.03421573977121,3.6718809934979344],[33.050131990500084,3.675293894901114],[33.050133894217,3.6752944848624955],[33.07112810250259,3.681510146880597],[33.07159526985181,3.681612720280244],[33.071179200939135,3.676139238876895],[33.07189283880173,3.673712449023594],[33.070941055547905,3.666193354739073],[33.06746696705437,3.660482559109213],[33.059519966959854,3.653581968946059],[33.05928169639737,3.650488912095066],[33.05742581414444,3.647491008676434],[33.05860354902237,3.643600370304495],[33.05778274781568,3.64031721949186],[33.059495846707826,3.636569065488149],[33.058674866131504,3.634714198506969],[33.06070937213904,3.630786974172452],[33.060048078628846,3.626718096464445],[33.056716808006726,3.617390314015396],[33.05605060633624,3.611441954368652],[33.056387087625176,3.603348853512893],[33.055084661281136,3.601707947922142],[33.05577907689756,3.600699026858152],[33.052314009267995,3.598718124765679],[33.052281268461854,3.595868718461916],[33.04898447279284,3.594940239026328],[33.04888715174978,3.593292086770937],[33.047213690558586,3.592644800696767],[33.04605453035534,3.590381524349754],[33.0461511365805,3.589023574923381],[33.04486195485609,3.588630581975282],[33.04373810998107,3.586274322648641],[33.04457653101851,3.584431146536507],[33.04605429807662,3.583429056606562],[33.045120742075774,3.579871892635454],[33.0418054295839,3.575150666115333],[33.04087269881022,3.574924386638295],[33.04088353443527,3.573670611116098],[33.038971211805986,3.572738965148971],[33.038951409837956,3.570613004128667],[33.03797562986834,3.570631185764744],[33.037571324858895,3.569209122222314],[33.035863351744,3.568898577131142],[33.03484108739082,3.566889594485619],[33.035411960251025,3.565842180841349],[33.03428681024097,3.560430608440898],[33.03571547676375,3.55671274703245],[33.03461189030558,3.55575374648878],[33.03481127898393,3.554464159832801],[33.033211098535205,3.552054958410497],[33.02940995462253,3.55085628866382],[33.02894704580746,3.547887219130053],[33.02759012062738,3.547536234977254],[33.02781061229316,3.546571191015044],[33.02645610040884,3.546167038514092],[33.02653632750159,3.545212934919086],[33.096631741632244,3.54439976473311],[33.09979245257855,3.54650193727953],[33.09980733256654,3.547504768959693],[33.10269015455831,3.549691059840757],[33.10314768613078,3.551013519863359],[33.10887039182363,3.55439590265732],[33.109135306524514,3.555343595330043],[33.11215659300949,3.556568571298575],[33.119917452623554,3.555606759951745],[33.12189955122714,3.554255792643834],[33.129673692809966,3.555494228761454],[33.132571287204264,3.560283846489209],[33.13940454685358,3.565588279654735],[33.14889766235018,3.563651201896487],[33.154384426546216,3.561144290466973],[33.158654143688835,3.562201360728979],[33.16195323081797,3.561226104563843],[33.1637817249841,3.56153225129926],[33.167413526677784,3.565040514358969],[33.17057364276704,3.566488136020322],[33.18199395021727,3.568936742529532],[33.18512620113959,3.566345743818196],[33.190494259132514,3.564069447589087],[33.228653225756446,3.565098817998027],[33.26248269424141,3.567244045049768],[33.28968366077376,3.571418964733446],[33.28952046023845,3.5712633936596885],[33.28042109285414,3.5643399619542375],[33.27933845199992,3.563949621776947],[33.27586905109967,3.560911492693521],[33.273974003909565,3.554605343486267],[33.27411232067569,3.5540582643143708],[33.27275731183625,3.548872428015289],[33.26993517807761,3.545414538998562],[33.26984614792004,3.5377309364841163],[33.2678,3.5299],[33.270702490894486,3.5162412193200665],[33.24605964470134,3.513335384804247],[33.23802998655121,3.513228448685866],[33.232778538876616,3.51407557466988],[33.1982,3.5216],[33.19663454393265,3.5215908985112363],[33.19646961077753,3.521629140283325],[33.184013156637086,3.521932207950802],[33.18143074043611,3.5215025043048613],[33.181,3.5215],[33.18047577897592,3.5213436025674008],[33.17349402357398,3.520181866612465],[33.16830766397784,3.517713336214385],[33.16827088774704,3.517702364300223],[33.16210784898873,3.516445935517431],[33.15657363467954,3.512978469256983],[33.1524214565817,3.508564591070829],[33.15109296735267,3.5082143504613263],[33.14183702441772,3.5090912292656897],[33.14165382894625,3.509290292392639],[33.141204975647966,3.509151107570193],[33.13429075095565,3.509806139383149],[33.13282770958302,3.510075456145634],[33.12953382013022,3.508438100306642],[33.12435650536629,3.501661774859124],[33.12257025173297,3.5002899343070046],[33.11041921848587,3.4972325775545103],[33.107653591958226,3.497258256101499],[33.10704598060806,3.497351339797311],[33.0928,3.5021],[33.08586333176778,3.5063662137954004],[33.08266422550433,3.50863017414998],[33.08040350563334,3.5097241350330166],[33.0715,3.5152],[33.0443,3.5222],[33.04206583052806,3.519196447663555],[33.04171857893303,3.519103789315488],[33.041764464357726,3.518791299765682],[33.0292,3.5019],[33.02911845207134,3.501876379220663],[33.02913064529562,3.501912960458899],[33.02801695951072,3.502028705321917],[33.02766326735988,3.503152087699321],[33.02573267211917,3.503427827282286],[33.026065179803645,3.504753191595],[33.024762986597366,3.505127913970368],[33.02491392607508,3.506066923326409],[33.02399468720865,3.505893742401853],[33.02283580292671,3.507092897491956],[33.02085346857004,3.506289479483565],[33.01976487069597,3.507027109195967],[33.019829780254604,3.50879838393366],[33.017914936651884,3.508702181487347],[33.01719785946228,3.511442419332965],[33.01527782267487,3.511839306729911],[33.014822010543305,3.514676944642673],[33.01234404912879,3.514939087710221],[33.00947569393431,3.517830215017568],[33.0082035598718,3.518228184263686],[33.007668020546234,3.5174069959998],[33.006195115182685,3.518334301893798],[33.00574700716873,3.517657984742907],[33.00472012826101,3.519594005715943],[33.00173064627148,3.52142172619251],[32.99871567518191,3.521660066670673],[32.997479963679936,3.520528805182053],[32.995403848030996,3.521367147263177],[32.99414872652882,3.520897617699172],[32.99311217198503,3.527428895156253],[32.99294561116484,3.536980727499764],[32.991462693576224,3.542054675488211],[32.99234422685611,3.544431302373244],[32.992157593831976,3.561357299872705],[32.993128628086424,3.576644230402719],[32.99018724465989,3.607251892345646],[32.99394345548502,3.618881482950504],[32.997255205534046,3.621270002924675],[32.99891105557917,3.623757875282184],[33.00036238142073,3.631644612275945],[32.99532909035495,3.645603949384056],[32.99214365880263,3.651703797202566],[32.9892296679438,3.655014767881245],[32.98935706671277,3.659378366539538],[32.993757343247324,3.661013550265315]]]]}},{"type":"Feature","properties":{"n":"Madi-Opei Town Council","c":"326108","d":"Lamwo","od":"Lamwo","dc":"326","k":"MADIOPEITOWNCOUNCIL","a":["MADI","MADIOPEI","MADIOPEITOWNCOUNCIL","OPEI"],"lat":3.614901,"lon":33.106449},"geometry":{"type":"Polygon","coordinates":[[[33.027810170444745,3.5465710591785182],[33.02781061229316,3.546571191015044],[33.027739680344766,3.5468816446926614],[33.02759106019445,3.5475364780069785],[33.02760596269394,3.547540332708207],[33.0288845283783,3.547776075380725],[33.02890149159955,3.5478754360153273],[33.02894704580746,3.547887219130053],[33.02940533044344,3.5508266294548876],[33.02941041897435,3.550856435094604],[33.033211098535205,3.552054958410497],[33.03481127898393,3.554464159832801],[33.03461189030558,3.55575374648878],[33.03571547676375,3.55671274703245],[33.03428684330946,3.5604305223857797],[33.03457690207042,3.561825847230214],[33.035411960251025,3.565842180841349],[33.03541185406488,3.5658423756672435],[33.03541192755571,3.565842729194142],[33.03519428793767,3.566241556896644],[33.034841110346484,3.5668895523675213],[33.03586346555794,3.5688985978248873],[33.037571324858895,3.569209122222314],[33.03797553084416,3.5706308374666045],[33.038205063091944,3.570626910752441],[33.038951409837956,3.570613004128667],[33.03896040873183,3.5715791352515023],[33.0389713476137,3.5727390313118206],[33.04088353443527,3.573670611116098],[33.040883529694625,3.573671159649305],[33.04088404950586,3.573671412250825],[33.040872765040234,3.574924402705625],[33.0418054295839,3.575150666115333],[33.045120742075774,3.579871892635454],[33.04605429807662,3.583429056606562],[33.04605324924321,3.583429767831916],[33.046053470629346,3.583430611481789],[33.04542910392932,3.583853007564076],[33.04457653101851,3.584431146536507],[33.04373810998107,3.586274322648641],[33.04486195485609,3.588630581975282],[33.04586443384603,3.5889361767306247],[33.046149274584245,3.589021738657606],[33.04614918809154,3.589022980947834],[33.0461511365805,3.589023574923381],[33.04605786168178,3.5903346974209063],[33.046054592918054,3.5903816465043192],[33.047213690558586,3.592644800696767],[33.04888715174978,3.593292086770937],[33.04898447279284,3.594940239026328],[33.05079579740713,3.595450363955013],[33.05227957794123,3.595867201059952],[33.05227959078166,3.5958682459753817],[33.052281268461854,3.595868718461916],[33.05230533892584,3.5979635517878816],[33.05231461574877,3.59871847147725],[33.05577907689756,3.600699026858152],[33.05577843460174,3.6006999600540133],[33.05577941811823,3.600700522570105],[33.0557142846585,3.6007931639328663],[33.055084661281136,3.601707947922142],[33.056387087625176,3.603348853512893],[33.05605060633624,3.611441954368652],[33.05671680223406,3.617390262472561],[33.05671680800687,3.6173903140157866],[33.060048078628846,3.626718096464445],[33.06070937213904,3.630786974172452],[33.05867517425252,3.634713603738341],[33.05889419124966,3.63520972657613],[33.059495846707826,3.636569065488149],[33.05949505036619,3.6365708078342074],[33.05949545415623,3.636571722509614],[33.058275129454415,3.639239919040003],[33.05778276362894,3.640317184893418],[33.057884174638026,3.640722920106681],[33.05860354902237,3.643600370304495],[33.05754667055002,3.64709176044336],[33.0577125086517,3.6479541212699553],[33.05928169639737,3.650488912095066],[33.059519966959854,3.653581968946059],[33.06671503858285,3.659829639749419],[33.06746672339228,3.660482294259123],[33.067466792088716,3.6604824071819104],[33.06746696705437,3.660482559109213],[33.070941055547905,3.666193354739073],[33.07189283880173,3.673712449023594],[33.071179200939135,3.676139238876895],[33.07157670966732,3.6813685568217935],[33.07159527966781,3.68161272243549],[33.086012873271926,3.684778315221825],[33.08778982602076,3.677846258372334],[33.088650022942474,3.6744903120212378],[33.08902127599256,3.659358846210472],[33.08915563797043,3.653882314802619],[33.08984261207258,3.650532122896813],[33.097339441719335,3.644792874908754],[33.09511401635887,3.641309838551466],[33.093286345037534,3.63577031932983],[33.091191871073754,3.63339393091101],[33.09188349575906,3.6193447362262874],[33.09191381441101,3.618728668852971],[33.09090365152563,3.615664171991068],[33.09090896725266,3.61566604780254],[33.09090817422283,3.615663630905833],[33.09188731431149,3.6160112864928675],[33.09249766789877,3.616226667804852],[33.092656742196084,3.6176165333654184],[33.09312402773567,3.61818765772252],[33.096830739743844,3.622717265867697],[33.0990805658056,3.623290665778803],[33.099081121369956,3.623291526843445],[33.0990811746785,3.623291540399519],[33.09971108802874,3.6242679070010184],[33.10122239462335,3.6266102686965187],[33.1091561289069,3.6332032011319613],[33.10932279763733,3.6333014175318574],[33.113152324892724,3.635557956026338],[33.11315234565514,3.635558136105073],[33.11315368723352,3.635558926685279],[33.11329734230144,3.636808746809475],[33.11509947181284,3.6382672129302],[33.1153041236212,3.6384328266803734],[33.116713364949995,3.638585602385515],[33.1186169315852,3.640184598944976],[33.11918201708292,3.642810442259124],[33.12591840346566,3.637088840621821],[33.12646678932491,3.6366230156426207],[33.12896566238341,3.632458548066722],[33.128965815783765,3.6324583856443216],[33.12896585639939,3.632458317954797],[33.13087624300681,3.6304355990807795],[33.13402207524409,3.627104748732785],[33.13402219735878,3.627104660086656],[33.13402219735905,3.627104660086369],[33.13402224024528,3.627104628954266],[33.14205263627833,3.621275162230809],[33.14568131365376,3.619490567777218],[33.1499057672926,3.6192521668897117],[33.14990582041327,3.6192521407257163],[33.15389061843076,3.61728937419512],[33.157280286308236,3.6141376100527465],[33.15728048801493,3.6141374225013876],[33.16316405794459,3.601832468357567],[33.17315819776269,3.601005727520591],[33.1772780840587,3.601392989671361],[33.18905415966206,3.607315701786627],[33.21603705533244,3.60758969499748],[33.216037128074916,3.6075896999848567],[33.21603712807505,3.607589699984858],[33.216037202532455,3.607589705089822],[33.24212518693232,3.609378352037075],[33.270000880517095,3.6126019096368354],[33.29741602989779,3.612455315016958],[33.2992197453439,3.606359546757473],[33.29978454776472,3.60047408227918],[33.304132413343545,3.588658240138281],[33.30457290337665,3.5882682170555347],[33.30753536579357,3.5782563915151617],[33.307654689231846,3.5776841412311478],[33.290537434367124,3.571693102028492],[33.26248493822442,3.567244389465795],[33.26248269424141,3.567244045049768],[33.228653225756446,3.565098817998027],[33.190494259132514,3.564069447589087],[33.18567701241511,3.5661121752481333],[33.18512608323156,3.566345841351748],[33.18199395021727,3.568936742529532],[33.181991740120914,3.5689362686669543],[33.181991736730346,3.568936271469315],[33.17057385201855,3.566488189945576],[33.17057381484282,3.566488172914765],[33.17057364276704,3.566488136020322],[33.167413526677784,3.565040514358969],[33.1637817249841,3.56153225129926],[33.16246517962835,3.561311820701144],[33.16195306201318,3.561226154464892],[33.158654143688835,3.562201360728979],[33.15865353901993,3.5622012110287775],[33.15865332778374,3.562201273471487],[33.15807627741569,3.5620582961576366],[33.154384426546216,3.561144290466973],[33.14889766235018,3.563651201896487],[33.13940454685358,3.565588279654735],[33.132571287204264,3.560283846489209],[33.129673692809966,3.555494228761454],[33.1233778686152,3.5544912915252445],[33.121899482771205,3.554255839302324],[33.12025597172889,3.555376030641115],[33.11991813904381,3.555606358851013],[33.119918019334804,3.5556063736902486],[33.119917452623554,3.555606759951745],[33.11215659300949,3.556568571298575],[33.11002494749058,3.555704298894393],[33.109136926454255,3.55534455961021],[33.109136829438086,3.5553442127930124],[33.109135306524514,3.555343595330043],[33.10887039182363,3.55439590265732],[33.10314768613078,3.551013519863359],[33.10269015455831,3.549691059840757],[33.10118858500964,3.5485522910160037],[33.09980833753417,3.547505890808933],[33.099808332103656,3.5475055269943168],[33.09980733256654,3.547504768959693],[33.09979245257855,3.54650193727953],[33.096631828989004,3.544399822833642],[33.09662603844413,3.544399830895249],[33.046333663021905,3.5449832679257947],[33.03755357615155,3.545573806657391],[33.03103017730741,3.545160802197885],[33.02707430604679,3.5452066938815077],[33.02649226631932,3.545736934118856],[33.02647768229905,3.545910375106158],[33.02781020408243,3.546570910967967],[33.027810170444745,3.5465710591785182]]]}},{"type":"Feature","properties":{"n":"Padibe East","c":"326109","d":"Lamwo","od":"Lamwo","dc":"326","k":"PADIBEEAST","a":["PADIBEEAST"],"lat":3.469587,"lon":32.912793},"geometry":{"type":"Polygon","coordinates":[[[32.8082217191836,3.396271837527726],[32.80886077717716,3.399227081420281],[32.810559090689694,3.40034785990373],[32.81017527633354,3.401980553763765],[32.81154435533552,3.405486341704161],[32.810575358593624,3.410845960187725],[32.811238608865494,3.412814174784096],[32.831778332459045,3.413624981574899],[32.840356587602834,3.417632968194716],[32.843578641183115,3.415644502819178],[32.84687955027071,3.415911921913031],[32.86062586496796,3.423413342708925],[32.861089910042296,3.426731996057308],[32.859776566707446,3.431878566507863],[32.854746571948624,3.435087807863161],[32.853288960437524,3.44123322532671],[32.85470118916099,3.443007583546872],[32.8551194428375,3.442021387801429],[32.855834524293705,3.443123643227286],[32.85783209572797,3.443747961051379],[32.85794887671511,3.44681259387921],[32.859493636483826,3.447763621832006],[32.85871458259111,3.448531516774485],[32.86198582159462,3.450137354411174],[32.86195054844797,3.451393829165204],[32.86308546464581,3.452344442972604],[32.862664428487975,3.453321269479772],[32.86462929913181,3.454553637417677],[32.86578310192555,3.458022271543101],[32.86544435432877,3.460097738000012],[32.866283082391355,3.461003387727187],[32.85983780866047,3.463685293591024],[32.85488970410625,3.467267615712378],[32.85496108937779,3.468709562852178],[32.860575630463316,3.470464074553048],[32.861299384027454,3.478652109269488],[32.853117006010976,3.483202650883613],[32.856724380962746,3.489368308968402],[32.85933106229411,3.496010676118294],[32.8553786405839,3.496494066117374],[32.85279833103452,3.497716752284001],[32.845002799163005,3.492173911368472],[32.851503957567694,3.5104028124344167],[32.85166540557801,3.510854390777954],[32.86109030302058,3.516385936509626],[32.86146659483775,3.516606775158011],[32.86146661657995,3.5166067978692124],[32.86146668077116,3.516606835543529],[32.86146764735703,3.5166078745854357],[32.875820178820625,3.531600062397952],[32.8806874506572,3.524756405168871],[32.88237028725037,3.519268297766879],[32.88441688314142,3.516552359656348],[32.88653184811843,3.517098961633193],[32.89564542013162,3.522143494484565],[32.90009899967594,3.522959042846113],[32.90287022807544,3.540271536334],[32.9065461261734,3.54866499909105],[32.911650946323455,3.546540265347725],[32.91750350766306,3.546575851245167],[32.9232577619788,3.549141960154171],[32.927185620746684,3.545645741627648],[32.935038139090764,3.533415157892894],[32.9394158081825,3.52994166709033],[32.944466266111135,3.529016712207087],[32.94502801761867,3.527544014836107],[32.94360034128943,3.522785097068767],[32.93384481519188,3.516479632093546],[32.932059812796254,3.514515988035262],[32.93110840217115,3.511897749428568],[32.932000455075205,3.50672400085005],[32.93378531438753,3.503332916470232],[32.94092298903578,3.499050412569363],[32.947883378965734,3.502321721281096],[32.95109564925345,3.502916588141287],[32.966859913300624,3.498336080788059],[32.97239138449703,3.497503406117454],[32.97530665877396,3.498098178298735],[32.97566403909315,3.487599865228562],[32.974772777686916,3.479401447734228],[32.971612407777904,3.473245105479884],[32.968,3.4707],[32.96627424531931,3.4601101417321085],[32.96502429564874,3.456648264851299],[32.95571046199234,3.45066758499736],[32.95063461151336,3.444451097344245],[32.95046158344369,3.4439396914932563],[32.9503,3.4438],[32.937889802911506,3.437451549344171],[32.93462732516816,3.436177929017622],[32.93351630329839,3.435214280565181],[32.92,3.4283],[32.91961996600798,3.427653374998652],[32.91844781365644,3.427135192761502],[32.91682953411977,3.427073951319561],[32.91431297310046,3.425117968817442],[32.915298187474335,3.423632340056519],[32.91434863369321,3.420212136187908],[32.914894190735886,3.4196125036401694],[32.9133,3.4169],[32.91294172621005,3.416951181969993],[32.912717624604284,3.417251012497645],[32.90475643486055,3.418548258660208],[32.90445453251576,3.418163638212035],[32.9042,3.4182],[32.899731633347194,3.41279213061506],[32.89759218598051,3.411606008923413],[32.894981542642206,3.408971559780104],[32.89218101411096,3.403653945283006],[32.88536316988423,3.395402605603474],[32.88331828940199,3.3944548202632525],[32.86899449551796,3.3929497839493505],[32.86803445266612,3.393197464732066],[32.860111375009666,3.392519358893232],[32.85989853023439,3.394607035250276],[32.84708448825664,3.398144911389883],[32.84340412539397,3.395620790468606],[32.842659769432345,3.390182729396876],[32.830662369332316,3.3889221330095545],[32.80472578496343,3.389448832629286],[32.80533678438561,3.39405034440399],[32.8082217191836,3.396271837527726]]]}},{"type":"Feature","properties":{"n":"Padibe Town Council","c":"326110","d":"Lamwo","od":"Lamwo","dc":"326","k":"PADIBETOWNCOUNCIL","a":["PADIBE","PADIBETOWNCOUNCIL"],"lat":3.497105,"lon":32.818018},"geometry":{"type":"Polygon","coordinates":[[[32.79637253907429,3.511484696925936],[32.79767944053376,3.512710284689665],[32.79867779610277,3.515337880888988],[32.79885062722257,3.5154268939432574],[32.80744117285464,3.519849473972921],[32.80086954853857,3.529067250482943],[32.79506907601124,3.542473398938505],[32.79474851769769,3.5592287010407184],[32.79585528853079,3.559348461521421],[32.80027827431654,3.5573047187373064],[32.80665747200477,3.5543570219492704],[32.81014242741064,3.549992183174192],[32.814370371044724,3.546453543052331],[32.814370677900044,3.546453431782498],[32.8143707767887,3.546453349016462],[32.815957118254914,3.5458781673372304],[32.82141588233057,3.543898746630884],[32.822793054135786,3.5437330020088385],[32.826307268354256,3.543309811990497],[32.82631207545746,3.5433026746627503],[32.832369210854715,3.5314023058656794],[32.83237069123902,3.531399261077691],[32.832371127194804,3.5313980994240888],[32.83564768702861,3.522005387411717],[32.83666469882083,3.5199573911333584],[32.837799001682924,3.516934912579649],[32.84023992975535,3.512757809275866],[32.84024002840393,3.512757610623369],[32.84025439773111,3.504748149799088],[32.84549171085887,3.501769082342893],[32.84618225254061,3.499327375319278],[32.845597799868074,3.498430500498393],[32.84723425400216,3.498482162540615],[32.847242179772465,3.498482401602614],[32.84707569093431,3.4979861892222597],[32.845002799163005,3.492173911368472],[32.845164021145195,3.492288544701267],[32.84504501486329,3.491933851911798],[32.85279918570597,3.497716347295788],[32.8553786405839,3.496494066117374],[32.85933106229411,3.496010676118294],[32.856799121891164,3.489558764426727],[32.85672433226952,3.4893682257428518],[32.853117006010976,3.483202650883613],[32.861299384027454,3.478652109269488],[32.860575630463316,3.470464074553048],[32.85496108937779,3.468709562852178],[32.85488970410625,3.467267615712378],[32.85983780866047,3.463685293591024],[32.866283082391355,3.461003387727187],[32.86544435432877,3.460097738000012],[32.86544445554467,3.4600971178621744],[32.86544429483188,3.460096945657059],[32.865603521573426,3.459122539119019],[32.86578310192555,3.458022271543101],[32.86462929913181,3.454553637417677],[32.862664428487975,3.453321269479772],[32.86266471864805,3.453320596292815],[32.86266418689314,3.453320262568119],[32.863085194312625,3.4523442165396188],[32.86195054844797,3.451393829165204],[32.86195054981928,3.451393780317442],[32.86195051152141,3.451393748278467],[32.861953336771954,3.451294505486315],[32.86198582159462,3.450137354411174],[32.86192529087072,3.450107640130283],[32.85871545690539,3.448532849057813],[32.858716067652004,3.448532245784708],[32.85871458259111,3.448531516774485],[32.85949343171006,3.447763823672653],[32.85800050096854,3.446844376237247],[32.85794887671511,3.44681259387921],[32.85783209572797,3.443747961051379],[32.855834524293705,3.443123643227286],[32.855834023814744,3.4431228717688067],[32.85583381506079,3.443122806467698],[32.855732675053005,3.442966648695811],[32.8551194428375,3.442021387801429],[32.85470118916099,3.443007583546872],[32.8546030770075,3.4428843130715263],[32.85457386812338,3.442933312718827],[32.8524159464684,3.440396494986841],[32.850696173639626,3.440026787259204],[32.851083352023835,3.439027035875853],[32.8487886196924,3.438532284390942],[32.848638553951474,3.437158345777148],[32.84712424253121,3.437913180703158],[32.84629064216557,3.437536939949247],[32.846269513784854,3.436402162227894],[32.8452706315404,3.437413601872964],[32.84310034658466,3.437457042920427],[32.84221467429831,3.439799314194762],[32.841172841069785,3.439298385114243],[32.83892678968423,3.440036006647965],[32.835984820319915,3.442811083534537],[32.83322202623248,3.441480102739957],[32.83273484025493,3.441879862758307],[32.827404231452896,3.437412952025259],[32.82170304392301,3.434862168385297],[32.813669986027456,3.436070935296559],[32.80936439526677,3.438616395453668],[32.80558251164829,3.443553035664446],[32.80595002618336,3.4439447649242205],[32.808797106088505,3.446979305104811],[32.811474010876594,3.453106546072453],[32.81147314093345,3.4531164289715592],[32.80990489901963,3.471125365045538],[32.8098873125409,3.4711320684839118],[32.809882585365386,3.471185771072686],[32.80951718454509,3.471273150177931],[32.805758725891124,3.472705761922522],[32.802739494872036,3.476346495462164],[32.79068929199882,3.4913361970909924],[32.7902601060407,3.4920955732373646],[32.78865644441745,3.5002443717669287],[32.78879654252357,3.5073215093452315],[32.78928682697825,3.507312955767097],[32.79367195372702,3.507233522982281],[32.79393578542166,3.50919949701881],[32.79637253907429,3.511484696925936]]]}},{"type":"Feature","properties":{"n":"Padibe West","c":"326111","d":"Lamwo","od":"Lamwo","dc":"326","k":"PADIBEWEST","a":["PADIBEWEST"],"lat":3.421678,"lon":32.780045},"geometry":{"type":"Polygon","coordinates":[[[32.707323133186804,3.4321306535677802],[32.70732831692108,3.432136233614508],[32.71028483351678,3.432448324558233],[32.710285188793456,3.4324485871056267],[32.7102855161054,3.432448621654958],[32.711923254083544,3.433655296988669],[32.71192011146231,3.433656785435015],[32.71192677047424,3.433661706406045],[32.71083883182164,3.4341689141999385],[32.710823170208904,3.434176332042732],[32.710318765996966,3.437250287421033],[32.71294078274022,3.445347946300299],[32.71294074087916,3.445348107346999],[32.71294076280436,3.445348175036195],[32.7127788689546,3.445970856546782],[32.71143698719615,3.451133307005986],[32.711437237405406,3.4511348829439092],[32.71253830015463,3.4552435847243035],[32.71389236353411,3.458428542635569],[32.71432360060168,3.4614204796949912],[32.71613661846142,3.4631394947668643],[32.71613908820003,3.46314150302497],[32.719642895032635,3.4637480305339516],[32.7198502968876,3.463783927018898],[32.72484789352322,3.463676889561904],[32.72564032385178,3.463536748277186],[32.73729760810485,3.461475092079778],[32.74905441554616,3.461754438921022],[32.75517444589,3.4572053429056795],[32.755365136552776,3.457063579365926],[32.75536519000549,3.4570635603903996],[32.755365269598194,3.457063501228136],[32.76206874938958,3.454683658382256],[32.76217518660758,3.454584562739546],[32.76693305932962,3.450150378432823],[32.77627128152265,3.454209838165085],[32.7796485049637,3.450586091885839],[32.78145823350646,3.447082128561072],[32.78353317606943,3.4461870826502743],[32.78355624309242,3.446052550650256],[32.784342716102124,3.441438066240363],[32.78622324876258,3.442521392822271],[32.795799888143826,3.4423347966426943],[32.80200158565264,3.44221394376357],[32.802001618032726,3.4422139589398255],[32.80200231409927,3.442213945377306],[32.80558250723749,3.443553047429265],[32.80567189505791,3.4436483208117328],[32.80567190018902,3.443648313819597],[32.80558251164829,3.443553035664446],[32.80936439526677,3.438616395453668],[32.813669986027456,3.436070935296559],[32.81502443661159,3.435867125605365],[32.81587841575675,3.435452302149608],[32.818127102750005,3.43540025480553],[32.82170304392301,3.434862168385297],[32.82267065804403,3.4352950912205427],[32.82326489775349,3.435281337150405],[32.82405761456743,3.4359156331674026],[32.827404231452896,3.437412952025259],[32.832613163009725,3.4417779004097744],[32.833218816914204,3.441482736143193],[32.83322202623248,3.441480102739957],[32.83590651952387,3.442773361991619],[32.83601751622814,3.442780242404677],[32.83608919754569,3.4427126274356272],[32.83654145128859,3.441642144896658],[32.838646426402164,3.4403004654398703],[32.83892678968423,3.440036006647965],[32.839204349196194,3.4399448538478867],[32.8397931378265,3.439569568836403],[32.84022148710488,3.4396108174901103],[32.841172841069785,3.439298385114243],[32.84221467429831,3.439799314194762],[32.84310034658466,3.437457042920427],[32.845270607135696,3.4374136023614557],[32.846077982206154,3.436402149433756],[32.84610858745124,3.436565111639256],[32.846269513784854,3.436402162227894],[32.846290591513515,3.437534219493658],[32.84629114505858,3.437537166927127],[32.84712424253121,3.437913180703158],[32.848638553951474,3.437158345777148],[32.848638673534445,3.437159440628366],[32.848639301331794,3.437159128075585],[32.84875744896024,3.438246898317677],[32.8487886196924,3.438532284390942],[32.84880355769574,3.438535505071294],[32.85101956377612,3.438980676019583],[32.851010138117765,3.43901125072817],[32.851083352023835,3.439027035875853],[32.85070054676819,3.4400154951997672],[32.85069701017985,3.440026967094226],[32.8524159464684,3.440396494986841],[32.85302214247004,3.44110912918395],[32.85328895262475,3.441233215993665],[32.853315418031706,3.4411216777983786],[32.854746571948624,3.435087807863161],[32.859540948681364,3.432028895712886],[32.861089416245875,3.4267339310867886],[32.861089910042296,3.426731996057308],[32.86062586496796,3.423413342708925],[32.84687955027071,3.415911921913031],[32.843578641183115,3.415644502819178],[32.840356587602834,3.417632968194716],[32.831778332459045,3.413624981574899],[32.811238608865494,3.412814174784096],[32.810575358593624,3.410845960187725],[32.81154434596313,3.4054863935438067],[32.81017577796834,3.401982077275369],[32.81017581298028,3.4019819279501187],[32.81017527633354,3.401980553763765],[32.81050476778598,3.4005789421181585],[32.81055896806617,3.4003477789800316],[32.80886077717716,3.399227081420281],[32.8082217191836,3.396271837527726],[32.80533678438561,3.39405034440399],[32.805336627794375,3.394049165096149],[32.805336175549705,3.394048816730386],[32.80472577231259,3.389448832353937],[32.79693134479226,3.389554280422121],[32.785377932498804,3.385581453509187],[32.7720728096485,3.382319728926618],[32.767078262288805,3.379921088056413],[32.76029415995965,3.38175485827295],[32.751571501315915,3.385685623933061],[32.74496558518958,3.386503799947628],[32.744731566149795,3.3865023327198323],[32.73,3.3914],[32.73015899741039,3.386972533649054],[32.724263364507955,3.387711268582451],[32.717184129147164,3.386878523715837],[32.706776201501576,3.387122114185161],[32.70589406883755,3.393726315448402],[32.7066919750607,3.396057917159976],[32.70586071305498,3.400613758567677],[32.705896510466005,3.410467289832561],[32.70231048820749,3.419942216842709],[32.703950645249435,3.428439784178227],[32.707323133186804,3.4321306535677802]]]}},{"type":"Feature","properties":{"n":"Paloga","c":"326112","d":"Lamwo","od":"Lamwo","dc":"326","k":"PALOGA","a":["PALOGA"],"lat":3.587909,"lon":32.922821},"geometry":{"type":"Polygon","coordinates":[[[32.77751337543691,3.664034478904107],[32.779727625403005,3.665542879095656],[32.78060680111534,3.665938029464069],[32.78661883852089,3.669872737828586],[32.79074924386141,3.66726100678965],[32.80597553853997,3.661833811533861],[32.82572565168605,3.65670780092016],[32.83534306209956,3.650787739013207],[32.847729827821816,3.668142519981801],[32.847576632659205,3.669654816554185],[32.84155865329909,3.677536893608666],[32.84536420558751,3.678659390490296],[32.85587213411955,3.683829456322271],[32.879092890157224,3.682967472092094],[32.88199820216277,3.68400480895325],[32.88809243739884,3.684604295173679],[32.89329339299191,3.687558280277759],[32.89938775855677,3.688528576913967],[32.89650837004932,3.690635666780937],[32.89662258256019,3.691349499488529],[32.9012392878407,3.697026492807432],[32.9025240924638,3.69694327463916],[32.9035486341326,3.695693737859342],[32.904261289979004,3.696062741624621],[32.90667293395417,3.692138386993427],[32.90822865394969,3.691769518377797],[32.90884864799777,3.690742642962684],[32.90961195938873,3.691033474581447],[32.90959216573894,3.690287066643576],[32.912529282111414,3.691004852400882],[32.91263574759361,3.689633143067406],[32.913804568194756,3.689334541735418],[32.91463127176604,3.687126476995045],[32.91657343009388,3.687241875532659],[32.916764538788996,3.685988911986072],[32.91770495729881,3.685425393719366],[32.91921758874827,3.686410941008341],[32.919600391589945,3.685094211965315],[32.92184002579316,3.684249195018009],[32.92282509467579,3.682537293412237],[32.92216556734314,3.680961368929112],[32.92343712948097,3.676663279409541],[32.92175446059906,3.674842106254373],[32.922490006877695,3.671813985161329],[32.924031806561274,3.670462416592619],[32.92841438785786,3.669642453400949],[32.932019606761145,3.665547541258367],[32.93581388358214,3.664207159811723],[32.93754576004294,3.660996401048177],[32.94143544057773,3.656927170990496],[32.94230627964391,3.65186463451324],[32.95828241125435,3.651097147841021],[32.96660204146615,3.652341922458296],[32.98296454978044,3.662212449711498],[32.98697171140503,3.659624368345351],[32.9893570553032,3.659378368169961],[32.98935365337315,3.6592614545449256],[32.9892296679438,3.655014767881245],[32.99214365880263,3.651703797202566],[32.99532907194455,3.6456039846384978],[32.99532909035534,3.6456039493829624],[33.00036238142073,3.631644612275945],[32.999014800125295,3.624321639756288],[32.99891104700892,3.6237578624055957],[32.997255205534046,3.621270002924675],[32.99394345548502,3.618881482950504],[32.991059236677145,3.6099516636427094],[32.99018728622315,3.607252114328515],[32.9901872931331,3.607252042423351],[32.99018724465989,3.607251892345646],[32.9931286213145,3.5766443008705506],[32.99267355071329,3.5694799762510607],[32.992157593831976,3.561357299872705],[32.99234422685611,3.544431302373244],[32.991462693576224,3.542054675488211],[32.991462855203615,3.5420541224642315],[32.991462746254236,3.542053828732778],[32.992857651950885,3.5372816885782044],[32.99294561116484,3.536980727499764],[32.99309555606951,3.5283817749455753],[32.99311216807687,3.527429044337352],[32.993112169544894,3.527429035092075],[32.99311217198503,3.527428895156253],[32.99414872652882,3.520897617699172],[32.995403848030996,3.521367147263177],[32.997479963679936,3.520528805182053],[32.9987153875165,3.521659803320525],[33.000240091820714,3.521539557989224],[33.00173064627148,3.52142172619251],[33.00371060853467,3.5202112095933384],[33.00472030493402,3.519593672626388],[33.00545843057197,3.5182020511751353],[33.00574620658448,3.5176589239665],[33.00574637469442,3.5176591771751675],[33.00574700716873,3.517657984742907],[33.006195115182685,3.518334301893798],[33.007668020546234,3.5174069959998],[33.00766950950477,3.5174092791473055],[33.00767018545297,3.517408854997433],[33.008094994853366,3.518061712233055],[33.0082035598718,3.518228184263686],[33.00947569393431,3.517830215017568],[33.01234404912879,3.514939087710221],[33.01234533005002,3.514938952201808],[33.012346547950116,3.514937724710528],[33.01428373655029,3.5147338885461914],[33.014822010543305,3.514676944642673],[33.01527782267487,3.511839306729911],[33.015278071158164,3.511839255366369],[33.01527808238022,3.51183918548978],[33.016503326252575,3.511585985060195],[33.01719785946228,3.511442419332965],[33.017914936651884,3.508702181487347],[33.017915359152646,3.5087022027139403],[33.01791544957165,3.50870185622088],[33.018301955175964,3.5087216254402276],[33.019829780254604,3.50879838393366],[33.01982889547673,3.5087742398056037],[33.01973654657132,3.507089471910248],[33.01976625237012,3.5070648128032884],[33.01976487069597,3.507027109195967],[33.020019603761995,3.5068545030548863],[33.020691813331304,3.506296494573678],[33.02078542761343,3.5063355837728056],[33.02085346857004,3.506289479483565],[33.02273937860471,3.5070538177895454],[33.02399354919048,3.505894311425276],[33.02399407805663,3.5058943727216794],[33.02399468720865,3.505893742401853],[33.02400435583055,3.505895563931534],[33.02490312563724,3.5059997327389114],[33.024762986597366,3.505127913970368],[33.02478392174995,3.505121889618478],[33.02598436895875,3.5044310823178173],[33.0257811550869,3.5036210787414386],[33.02453565781745,3.5005489491609167],[33.0147,3.4977],[33.0038,3.4796],[32.99199448405251,3.479808947184911],[32.9899596995882,3.480818133561074],[32.98357477646631,3.4799579685581183],[32.9812,3.48],[32.98056479540725,3.4795524694914666],[32.980238285282496,3.479508482652932],[32.97515837478011,3.481552850414321],[32.97517170913792,3.4830710855801756],[32.97566403909315,3.487599865228562],[32.97530665877396,3.498098178298735],[32.97239138449703,3.497503406117454],[32.96685996884709,3.4983360724264254],[32.96685991329958,3.4983360807883632],[32.95791339105779,3.5009356065760375],[32.95109614134862,3.502916463081449],[32.951096103669485,3.502916456104931],[32.95109564925345,3.502916588141287],[32.947883378965734,3.502321721281096],[32.94092298903578,3.499050412569363],[32.93378531438753,3.503332916470232],[32.932000455075205,3.50672400085005],[32.9313269661652,3.510630117039947],[32.93110840675653,3.511897762047327],[32.932059812796254,3.514515988035262],[32.93384481519188,3.516479632093546],[32.94360034128943,3.522785097068767],[32.94502801761867,3.527544014836107],[32.944466266111135,3.529016712207087],[32.9394158081825,3.52994166709033],[32.935038139090764,3.533415157892894],[32.927851018350836,3.5446093605893725],[32.92718587654863,3.545645371826999],[32.92718583368365,3.545645409970549],[32.927185620746684,3.545645741627648],[32.9232577619788,3.549141960154171],[32.917503507664954,3.546575851246009],[32.91750345579946,3.5465758509298158],[32.911650946323455,3.546540265347725],[32.9065461261734,3.54866499909105],[32.90287022807544,3.540271536334],[32.902870219444885,3.5402714824169528],[32.90287020957701,3.540271459885314],[32.90009891904527,3.522959028080864],[32.89564542013162,3.522143494484565],[32.887391599560466,3.5175748501637374],[32.88442535237578,3.516554548487035],[32.88441688314142,3.516552359656348],[32.88237028725037,3.519268297766879],[32.88236833866055,3.5192746525551275],[32.88140900277992,3.52332867259437],[32.880720929658324,3.524647222640621],[32.8806874506572,3.524756405168871],[32.88059920362501,3.5248804854462956],[32.879485049765535,3.527015531238424],[32.875820187266164,3.531600070791481],[32.89389742491444,3.5514686137331557],[32.89408171332411,3.551666716546724],[32.87809578054998,3.569983511830457],[32.869685376081,3.582038291890642],[32.85983883041256,3.583950712611676],[32.85983880783837,3.583950723480764],[32.85521366151726,3.586177741106987],[32.851978264017134,3.5896400595021856],[32.851959136948565,3.5896605287776353],[32.85058812229055,3.59331582072689],[32.85100720007164,3.5974037416596554],[32.85104478161268,3.59777015670409],[32.851044768076456,3.5977702011576524],[32.85104478890049,3.597770404287032],[32.849817304039505,3.601803239690814],[32.84981657998507,3.6018036250306493],[32.84981657764881,3.601803632703028],[32.84355426003291,3.605136428479958],[32.843554204227594,3.6051364446675866],[32.84355410265968,3.605136498721757],[32.83842399859185,3.606625503440017],[32.83705645919567,3.609258487186881],[32.83853681777743,3.615671788214639],[32.83853679859775,3.615672056052479],[32.83853682608006,3.615672175101321],[32.83850652865284,3.6160947657202733],[32.837971468885975,3.623566696607103],[32.837889827039554,3.6235652532484393],[32.808029895746095,3.623422147109524],[32.80802936841373,3.623422173925299],[32.7952357845761,3.62636673849609],[32.79340532713057,3.626278124558239],[32.79280630220787,3.626395109271176],[32.78677749758516,3.6259572659243173],[32.78677340177778,3.625957067642941],[32.777205628203205,3.622534373887763],[32.77430160632248,3.620952523600784],[32.77298361935284,3.620234611371027],[32.77259461980551,3.6205198361251822],[32.76626048128083,3.625164421429596],[32.76135864696703,3.633444807642987],[32.75572038107166,3.638781111917116],[32.753252105028494,3.641117212936042],[32.75421547496182,3.6428611966932682],[32.75421721671913,3.642863688425],[32.754842068050785,3.653147093840981],[32.75331046561298,3.657001844712539],[32.756495014430826,3.657254492035698],[32.77094307734701,3.66159461556656],[32.7734687272896,3.6627297828502967],[32.77751337543691,3.664034478904107]]]}},{"type":"Feature","properties":{"n":"Potika","c":"326113","d":"Lamwo","od":"Lamwo","dc":"326","k":"POTIKA","a":["POTIKA"],"lat":3.732871,"lon":32.881964},"geometry":{"type":"Polygon","coordinates":[[[32.79588250417917,3.677311355295968],[32.795882510433145,3.677311371247767],[32.7958830369434,3.677311918818683],[32.79821566344849,3.683260955849071],[32.81007619628624,3.692117016183134],[32.81816631869543,3.694318080035482],[32.82624399484392,3.694357650142459],[32.82624324736536,3.6943624794435173],[32.826243433485246,3.694362480466046],[32.82499194162334,3.7024469014589556],[32.82489558858963,3.70306941805169],[32.824895560689704,3.703069505621938],[32.824895555903865,3.703069536537651],[32.8244464022943,3.7044792914872753],[32.81837588325436,3.7235329973185047],[32.81837588183665,3.7268636390140872],[32.82018428254006,3.731146941803622],[32.82018430187473,3.7311472010176288],[32.820184303553475,3.73114720499386],[32.82018853328638,3.7312039302528657],[32.82043717610357,3.734537408072016],[32.81430271038965,3.737253484602637],[32.80837255538623,3.7346793325245753],[32.807391876230604,3.739924056355524],[32.80737542554424,3.740012104020751],[32.807946472566485,3.748349734031021],[32.80743250994734,3.7540604368992],[32.805833519428795,3.754917039356745],[32.80492050246925,3.753990108081599],[32.80290181099154,3.758269644926318],[32.800426829509895,3.7606503049486224],[32.800011561882414,3.7620938605613254],[32.79842852734482,3.767597147294253],[32.799189850503154,3.776924620996484],[32.79776362655805,3.784389841732453],[32.79753434393939,3.785590027818517],[32.84328904718457,3.797627040073228],[32.9019,3.8129],[32.90231422467631,3.813155209516211],[32.90234875939947,3.813164294809229],[32.90824177071197,3.808116842233518],[32.91426963275686,3.802953872999466],[32.91426971173804,3.802953820334375],[32.9142697199885,3.802953813267728],[32.91431959603196,3.802920557207222],[32.9453044950394,3.782259652650269],[32.94260422945559,3.735434239895163],[32.94775551783518,3.72236992861105],[32.94852846992231,3.71654911196669],[32.95020262648197,3.713962013364778],[32.9502027476466,3.713961875428663],[32.95020274764741,3.713961875427414],[32.950202786537915,3.7139618311540525],[32.954065563645266,3.709564372501814],[32.96784329357704,3.698828697218114],[32.9831027793788,3.691582586357867],[32.97794589817393,3.680527531927567],[32.99414219258857,3.677095201210481],[32.99948363326623,3.678675808619821],[33.00001569593994,3.6783140347578698],[33.017486433853236,3.666425186979515],[33.0130547743209,3.66467712540558],[33.012613699473,3.663558993710962],[33.0125128005785,3.6635453732412055],[32.99438763356461,3.661155470077989],[32.99417665123909,3.6610701531830037],[32.993757343247324,3.661013550265315],[32.989357536599584,3.6593785411538535],[32.988181787622324,3.6594995733579627],[32.98697171140503,3.659624368345351],[32.98296454978044,3.662212449711498],[32.96660204146615,3.652341922458296],[32.95828241125435,3.651097147841021],[32.94252627963518,3.651854065805789],[32.94143552198978,3.656926909665435],[32.94143547752992,3.6569269561725637],[32.94143544057773,3.656927170990496],[32.93754576004294,3.660996401048177],[32.93596223448373,3.6639321292491243],[32.935814195370504,3.664206725087963],[32.935814099870825,3.6642067588300145],[32.93581388358214,3.664207159811723],[32.932019606761145,3.665547541258367],[32.92841438785786,3.669642453400949],[32.92841420729825,3.6696424871829203],[32.92841416920295,3.669642530452496],[32.92768203391174,3.6697794738549816],[32.924031806561274,3.670462416592619],[32.92249004709713,3.671813949904269],[32.92175462788127,3.6748422873059567],[32.92343712948097,3.676663279409541],[32.92343705199141,3.676663541337053],[32.92343707264707,3.676663563687292],[32.92324237213861,3.677321591313587],[32.922165708063176,3.680960893272221],[32.922825397973966,3.682535668712088],[32.92282482889906,3.6825366583452324],[32.92282509467579,3.682537293412237],[32.921888262329354,3.68416536717082],[32.92184028708846,3.684248797116731],[32.92184024583206,3.6842488126234842],[32.92184002579316,3.684249195018009],[32.919600391589945,3.685094211965315],[32.919562035513835,3.685226145571585],[32.9192202648813,3.686408724625307],[32.91921855569917,3.686407614982013],[32.91921758874827,3.686410941008341],[32.917705083712,3.685425476083235],[32.917141341461104,3.685763124013523],[32.916764538788996,3.685988911986072],[32.91657343009388,3.687241875532659],[32.9165728563521,3.6872418414422548],[32.91657279989434,3.68724221163908],[32.91634682134506,3.687228410967052],[32.914632775817466,3.687126566362288],[32.91432702860912,3.6879390882025227],[32.913804568194756,3.689334541735418],[32.91263618306727,3.6896330318159327],[32.91253022793792,3.691004008576019],[32.91252936398883,3.691003797486087],[32.912529282111414,3.691004852400882],[32.9095929517214,3.6902872587255167],[32.90959658443815,3.690453693425382],[32.90961195938873,3.691033474581447],[32.909609216323254,3.691032429437643],[32.90960922083612,3.69103263619653],[32.9094915802621,3.6909876085604805],[32.90884864799777,3.690742642962684],[32.90822865394969,3.691769518377797],[32.90667316837747,3.692138331410546],[32.90462949240518,3.695742024300685],[32.904444393986076,3.695764785099722],[32.904261289979004,3.696062741624621],[32.903831419026886,3.69584016013495],[32.90338340649781,3.695895250411732],[32.9025240924638,3.69694327463916],[32.9024123909742,3.696950509663996],[32.902369255805866,3.697025921951134],[32.902087621996145,3.6969715452977256],[32.9012392878407,3.697026492807432],[32.90102826829916,3.69676700980934],[32.900875944396766,3.696737599760687],[32.90062363102077,3.6962694421747546],[32.89662258256019,3.691349499488529],[32.89650837004932,3.690635666780937],[32.896510136377096,3.69063437421088],[32.89651010799522,3.690634193849223],[32.89670934350811,3.6904885976593342],[32.89938775855677,3.688528576913967],[32.89329339299191,3.687558280277759],[32.888092452506534,3.684604303754391],[32.8819993100311,3.684004973316167],[32.8819990958717,3.6840048968668544],[32.88199820216277,3.68400480895325],[32.879092890157224,3.682967472092094],[32.85587213411955,3.683829456322271],[32.84572103790433,3.678834957593112],[32.845364192905926,3.6786593867497],[32.84155865329909,3.677536893608666],[32.847576632659205,3.669654816554185],[32.847729827821816,3.668142519981801],[32.83534306209956,3.650787739013207],[32.82572565168605,3.65670780092016],[32.80597553853997,3.661833811533861],[32.79074924386141,3.66726100678965],[32.78683561809427,3.6697356641290946],[32.78661884319152,3.6698727408853826],[32.79231384740475,3.673599959996341],[32.79560471981963,3.67702246887723],[32.79588250417917,3.677311355295968]]]}},{"type":"Feature","properties":{"n":"Ogili","c":"326201","d":"Lamwo","od":"Lamwo","dc":"326","k":"OGILI","a":["OGILI"],"lat":3.359676,"lon":32.377813},"geometry":{"type":"MultiPolygon","coordinates":[[[[32.485679032065896,3.424144867242688],[32.49077443788486,3.424815648479228],[32.497965755438685,3.430241299662895],[32.49765871650429,3.427757624822465],[32.50541392043495,3.423975224706587],[32.51723091400204,3.425284349953023],[32.5195139487861,3.433485507298093],[32.51877634913263,3.437149605117634],[32.52424910500614,3.440076338221897],[32.531458747118435,3.440409474526546],[32.533228387856305,3.439609996466705],[32.537315940417635,3.442272692242906],[32.539293269532045,3.442251276753356],[32.54329507437677,3.439708782542971],[32.547519062657095,3.438964944770417],[32.55093835027438,3.435974061766716],[32.54935163373745,3.429235986673581],[32.54611886441662,3.428843359138126],[32.54449039306801,3.423889338569588],[32.5414922749451,3.420220210397465],[32.537120814705155,3.420925596797082],[32.53603593532301,3.422218724586048],[32.535013987807524,3.421623765105161],[32.53313267409907,3.423825349488432],[32.52777573140674,3.425146086644735],[32.52713314975786,3.422287200396818],[32.528694992197124,3.420073304906951],[32.52860417566389,3.417859158916229],[32.52989019714978,3.41702875524972],[32.52951382564121,3.412486386703958],[32.527672118808404,3.410718636605258],[32.52801529725829,3.409167224782949],[32.52653002277461,3.407098401351669],[32.52343031198044,3.404152103671117],[32.52211732155726,3.400446728356638],[32.519074410085466,3.398075470137692],[32.51305941300217,3.395214512384966],[32.50410068470071,3.393156084147231],[32.50028160496829,3.389774322878012],[32.499386393656366,3.399810656796055],[32.48744595799909,3.407290368347911],[32.481678876286495,3.40780401672666],[32.48025120505255,3.409174581769295],[32.47864753409338,3.422891699983518],[32.48243008245596,3.422287863804128],[32.485679032065896,3.424144867242688]]],[[[32.30221955259465,3.340658453779062],[32.309643670361936,3.343247344441732],[32.312727711756416,3.349319774517445],[32.31447896053072,3.350195739750542],[32.31426960289807,3.353564735187084],[32.316210894197425,3.355258356819201],[32.31611606515998,3.356819837384521],[32.31800023074432,3.357124375788032],[32.318038666324604,3.358951830681462],[32.31999966919138,3.358895144684112],[32.32317829961098,3.361731042216898],[32.32721432746131,3.358989792456202],[32.33005029283404,3.359104092146431],[32.33279094913893,3.357581456706177],[32.33370503935372,3.359389654489442],[32.33534171463841,3.35996218179452],[32.33566571432332,3.363596540826311],[32.338197938721166,3.36466414877592],[32.338331084529806,3.365841639587095],[32.33713143892749,3.366052276573773],[32.33770253318931,3.367632107109627],[32.34046280493024,3.366738040752964],[32.34168098981493,3.36841256780483],[32.343470600979444,3.368946382966981],[32.343127705811405,3.370487459855305],[32.3461158341316,3.369764051364749],[32.348438658705426,3.372200672409238],[32.349696949444045,3.371553374964754],[32.352162157838855,3.371936529475461],[32.35174528245546,3.372789274147892],[32.35301534507,3.373290873890011],[32.35303019042578,3.374216943754426],[32.35457249895821,3.373803621922392],[32.35525736281204,3.375444747666835],[32.35685632673821,3.375901908424803],[32.360218541997256,3.38520292105558],[32.36513938581981,3.38804641472348],[32.36940336865162,3.389340818761674],[32.37136378731423,3.388826998001636],[32.37408565356391,3.39457447733821],[32.37372436233059,3.397088329262925],[32.37551220030158,3.397221207784857],[32.37602767894001,3.399258396204624],[32.38048129609606,3.402855355602767],[32.38120538444091,3.40751988468452],[32.38800277780868,3.411077849099486],[32.38872377758619,3.412802783402277],[32.393333980181666,3.416937095610709],[32.39836058857303,3.418216055456472],[32.40234619154457,3.416937137502497],[32.4059448498385,3.417145419911343],[32.4214116176831,3.420922692932698],[32.427717185489826,3.418810922360481],[32.4308401979263,3.415360738754295],[32.43544882067746,3.411972444957122],[32.448170019029334,3.416177685845672],[32.45099448508615,3.419949196708489],[32.45576288135399,3.422003719756993],[32.45751773197766,3.421527829355226],[32.46061107837397,3.418285894022785],[32.4633643621816,3.417320753400756],[32.47260256080982,3.416956328603626],[32.477895564605376,3.410005363456211],[32.47384260021619,3.40550580824602],[32.475349747645375,3.404040713899755],[32.4757423552748,3.402234708292116],[32.4739439235631,3.398943236884285],[32.47440748365507,3.39698086318762],[32.4716016684171,3.396730875999803],[32.468989453548026,3.395289066879996],[32.46366413999013,3.397030917960004],[32.462771927270936,3.399165205084573],[32.46303959621097,3.401979000312448],[32.45697082209967,3.400606826370415],[32.45778026549804,3.398339222577004],[32.46172003618476,3.393778872805228],[32.462683667145484,3.389246127728044],[32.46235881354214,3.386168377266531],[32.46681777120454,3.384559861989716],[32.469294376470046,3.378535544195761],[32.46614996824967,3.375693851430517],[32.46819508470256,3.374074587887821],[32.470603095633535,3.368344852119405],[32.46938957511915,3.365113546966796],[32.4665894253107,3.365740907165709],[32.46247962508685,3.36437115903532],[32.4610096534881,3.368638777424842],[32.45804159880412,3.371564913337802],[32.45744825580138,3.368551893616748],[32.45540844957074,3.36745595087877],[32.45424992013711,3.368577567036826],[32.45009223105537,3.369075361971379],[32.453729511853965,3.371352433769519],[32.45529618867081,3.373995718676345],[32.4541503847096,3.380012114630701],[32.45116180334366,3.385170794038687],[32.450990142223525,3.388692764223353],[32.44792655970045,3.392251178508295],[32.44682284085941,3.392423206204547],[32.44377571518655,3.390900141332454],[32.443528500254494,3.387722052302343],[32.43741334476086,3.381012074773025],[32.43258304105887,3.377181143311729],[32.42871030150625,3.375912308931593],[32.43074501593664,3.370182995427193],[32.432306728373106,3.368137506539041],[32.426610303987204,3.36637373519217],[32.424602316481824,3.369525672322631],[32.42183221994983,3.370992921732473],[32.421518465875465,3.368141384535785],[32.42319646121897,3.366334657796472],[32.42251884208781,3.364865828910529],[32.42367150821805,3.362409705325371],[32.421792306369966,3.363258859468012],[32.42112165987115,3.360971382265893],[32.42099299425176,3.351815795300064],[32.42349937036645,3.351431833857023],[32.423776843259226,3.353858409966685],[32.42513817656869,3.354725892920501],[32.42486901889316,3.35593567940314],[32.42892579356696,3.358463455039779],[32.43037937352126,3.357144146320632],[32.43082936450024,3.358168400013304],[32.43345627767802,3.355827022403045],[32.43209167031913,3.355414124617263],[32.43321105886018,3.354228517967894],[32.440478044639576,3.351115919779446],[32.438758130509676,3.345123215735641],[32.4407183300347,3.341489381858082],[32.44291408035904,3.340580285584363],[32.44476289028302,3.343969364830082],[32.45155853039153,3.338706080689895],[32.44836866115107,3.335455280586254],[32.45577599756493,3.33176118193478],[32.45648074298224,3.328791540283472],[32.45798413760094,3.32738297536845],[32.458217331103356,3.319312386996557],[32.459264208801855,3.314362697878129],[32.460701283793604,3.31224969586041],[32.46065376490665,3.303949903201307],[32.46143951060642,3.301325592953888],[32.45474216664016,3.298015171286147],[32.4506732663786,3.300656249450729],[32.44439246694655,3.300983786054219],[32.43677778924728,3.303363276961199],[32.432242938871916,3.302796938102227],[32.42208108632916,3.307434724382452],[32.42229745583368,3.308433558651389],[32.424372319421856,3.309461517738552],[32.42648542578256,3.312203960771469],[32.423763206954895,3.316809263905253],[32.42490535463129,3.318732129511532],[32.42501934086751,3.321054139791335],[32.42311669932786,3.324650874434678],[32.421688315289245,3.325146900301071],[32.42085072660767,3.329791597377691],[32.41820478315522,3.33150481967273],[32.4172149839578,3.335063083767849],[32.41165267737265,3.336902022590436],[32.40394881842054,3.331691425791887],[32.40055687663554,3.331845192156381],[32.39619799333493,3.328871088316212],[32.399849519204004,3.32696652177531],[32.401962426118445,3.322455167647749],[32.403904926871185,3.313888490377708],[32.407960050905345,3.310634722321473],[32.41618208833811,3.314802814921232],[32.418409257855735,3.312861180668385],[32.416827446678774,3.308665542832814],[32.41502470087071,3.30887853794328],[32.41358796441429,3.307853054131562],[32.4124308633098,3.308937673545461],[32.4109610367888,3.306254059405399],[32.40971929884409,3.307566312342689],[32.40810568316954,3.306411098463323],[32.40567863661906,3.306154118634636],[32.40233787414894,3.30649676078512],[32.39595749112679,3.31012169653888],[32.39575627905446,3.30913796110086],[32.393626995323785,3.309051518575719],[32.392030047189635,3.307753116394553],[32.38871986467234,3.308951927679213],[32.38783267565842,3.307881607548855],[32.38480757367898,3.308139014612809],[32.3842063751751,3.307053555177728],[32.383436517141185,3.307581789168296],[32.379737751836004,3.306710913512886],[32.37748260977864,3.307010518744285],[32.37588302107078,3.304969146660627],[32.374813221907644,3.305127160254311],[32.373065394432075,3.297630181284436],[32.3700842877203,3.298862769726477],[32.36374733539741,3.2989734532305808],[32.363158291003174,3.2990886047662977],[32.363069502529385,3.299140722056143],[32.356810382542726,3.3074982753331197],[32.35675307398843,3.307775378890842],[32.356078618118644,3.308475371182622],[32.347089150041434,3.320478649366641],[32.345831866287526,3.322656064050934],[32.34398544538736,3.3231072773063173],[32.3352,3.3275],[32.33508716381493,3.32746776108998],[32.33476741619187,3.327667150278284],[32.33088819945888,3.326430015973503],[32.330594023407436,3.3261840066878383],[32.315096568834925,3.3217561625242635],[32.31386469653764,3.3231342277322584],[32.31194627431841,3.325791858513033],[32.311024129698716,3.328492371585254],[32.3037106769472,3.33716579602439],[32.30272049290145,3.337394403306515],[32.30252453586373,3.337275427332797],[32.29594329829029,3.3393960483286844],[32.29650930526095,3.340353965175006],[32.30221955259465,3.340658453779062]]]]}},{"type":"Feature","properties":{"n":"Palabek-Gem","c":"326202","d":"Lamwo","od":"Lamwo","dc":"326","k":"PALABEKGEM","a":["GEM","PALABEK","PALABEKGEM"],"lat":3.342316,"lon":32.63317},"geometry":{"type":"Polygon","coordinates":[[[32.37502644454681,3.3050956664219813],[32.37588302107078,3.304969146660627],[32.37588360177753,3.304969887750224],[32.37588378449579,3.30496986093827],[32.37622952092864,3.305411344791532],[32.37748260977864,3.307010518744285],[32.379737751836004,3.306710913512886],[32.38343580984896,3.3075816226360812],[32.38420470289865,3.307053378857876],[32.38420523433327,3.3070543379602704],[32.3842063751751,3.307053555177728],[32.384807272289116,3.308138470455654],[32.38619558856132,3.3080209079049965],[32.38783267565842,3.307881607548855],[32.38871966824995,3.308951690711848],[32.38933972704058,3.3087274391508315],[32.392030047189635,3.307753116394553],[32.39237530643232,3.3080338301786667],[32.39362807740841,3.309051562505105],[32.39494988853707,3.3091052240674768],[32.39575542433446,3.309137528092499],[32.39575550614027,3.3091379297228647],[32.39575627905446,3.30913796110086],[32.39595749112679,3.31012169653888],[32.40233787414894,3.30649676078512],[32.40567863661906,3.306154118634636],[32.40791267342162,3.306390662261988],[32.408105461886365,3.306411064205974],[32.40810547961178,3.30641107691028],[32.40810568316954,3.306411098463323],[32.40971929884409,3.307566312342689],[32.4109610367888,3.306254059405399],[32.411896026900955,3.3079611674551885],[32.41243116855824,3.308937387418016],[32.41358796441429,3.307853054131562],[32.413588715065465,3.307853589915715],[32.413589011690824,3.307853311921698],[32.41502474655361,3.3088785325458274],[32.416827446678774,3.308665542832814],[32.41692983979462,3.3089371330435733],[32.41782340347945,3.308964486914096],[32.42209242404039,3.3074870630636384],[32.42208108632916,3.307434724382452],[32.43224146787425,3.302797609453516],[32.43224192140663,3.302797375698071],[32.43224196746612,3.3027973814438782],[32.432242938871916,3.302796938102227],[32.43632270196867,3.3033064429779877],[32.436777933268296,3.3033632319564457],[32.44439246694655,3.300983786054219],[32.4506732663786,3.300656249450729],[32.45067418569379,3.3006556527334032],[32.454076477515585,3.297967720617522],[32.45454174303752,3.2981452640302718],[32.45474216664016,3.298015171286147],[32.4565752340157,3.298921235837857],[32.45769246530803,3.299347566711559],[32.46136159650171,3.301287080889741],[32.46143951060642,3.301325592953888],[32.460658642343006,3.3039336130628962],[32.460653765137096,3.3039499434508053],[32.460701283793604,3.31224969586041],[32.459264208801855,3.314362697878129],[32.4585680787618,3.317654034859702],[32.458217322116965,3.3193126980062586],[32.4582172275321,3.3193159714916365],[32.458102413677665,3.326469292506673],[32.46013133146731,3.327646748088022],[32.45988591632489,3.336132441489822],[32.46784454334042,3.333083289301809],[32.466941450481094,3.328561221864891],[32.46847289025785,3.328587004573041],[32.47264462700948,3.330157376374075],[32.47331263612298,3.33282242276856],[32.47495446389055,3.334392864662542],[32.48308727212933,3.340778899131765],[32.486440628912916,3.341875725524538],[32.48607608981859,3.343048248792123],[32.48409336842267,3.343352361567435],[32.47656297854808,3.339474018423042],[32.475221784271106,3.342725811310647],[32.47201777047088,3.346556589618477],[32.47261738528913,3.350796890735945],[32.4736459277488,3.350856688803117],[32.47460190595337,3.354851809892156],[32.47753256754375,3.353151116263907],[32.480214147571736,3.35570175365567],[32.48680331072197,3.357508199223664],[32.487721406409584,3.352363344379694],[32.49013877754131,3.348537377815267],[32.49369433850442,3.345419232449437],[32.49550455450942,3.345810550650941],[32.495695325286135,3.336292083208084],[32.498185340242664,3.335614067072469],[32.49900639057658,3.345247089838365],[32.500401147771925,3.345041555213769],[32.50077581412348,3.347485684112377],[32.49867734431593,3.354620278509331],[32.505821566644684,3.35737485183027],[32.5100094398754,3.361753025002964],[32.51457819011668,3.36372809121697],[32.51688470824102,3.365615756785125],[32.522091380377915,3.36054800748778],[32.52098804737552,3.357167247348054],[32.52080957351554,3.348185007984746],[32.519471354106166,3.344195478955477],[32.52640065914771,3.33692524828901],[32.527457140207126,3.335288177571906],[32.527500383406924,3.333355528407617],[32.52937969210307,3.332913279744874],[32.53315553792642,3.334223190091686],[32.53465017937211,3.335954854701605],[32.53451759393602,3.337525873388579],[32.53527912610353,3.338258827595319],[32.540970167443525,3.33957217104586],[32.542093702460974,3.341504253269099],[32.54243847406477,3.341030114322021],[32.543455675086555,3.341905348146705],[32.54397833004455,3.34419788392786],[32.54652667064248,3.347087322468165],[32.544891174346894,3.352589764350732],[32.54569424072459,3.355236910756112],[32.54883298388204,3.357675857709814],[32.552963908612114,3.358370826328793],[32.553972621813884,3.360236158781952],[32.55527715613128,3.360779608796939],[32.557211275382315,3.367236350422861],[32.562441290539034,3.371470065024129],[32.569231026752966,3.381564014384692],[32.56721260815804,3.383968140690301],[32.56563149283069,3.383852453050308],[32.564508481159756,3.386155682701264],[32.56501292408309,3.390638584519149],[32.567392495172065,3.394683798670757],[32.570009790389754,3.397634196147048],[32.58095518958261,3.399014282831803],[32.58146594159153,3.397851583763516],[32.58295142245198,3.397968988663189],[32.58556881369894,3.399009982390303],[32.586996552495094,3.400675415055495],[32.587413923606995,3.401816360434519],[32.58465341932363,3.40507159598747],[32.582549739494986,3.410369790810404],[32.58100647287012,3.411231245154775],[32.579633420017,3.413729598501008],[32.58586368658439,3.415541903959948],[32.58659664735056,3.414579911447581],[32.58906927810598,3.41400922539643],[32.59123500091209,3.414984161193559],[32.59306833250475,3.416722194486796],[32.59504291652643,3.421528022596454],[32.596304027085345,3.422146679905326],[32.60039669458157,3.421504226063396],[32.60173015914895,3.42027089650104],[32.603982019187924,3.424602139562307],[32.60870208497385,3.427152744111782],[32.610644422924565,3.432006916749609],[32.61557484115587,3.435852146654554],[32.62048850328773,3.435071422743865],[32.62084463665156,3.436149371207128],[32.62210230579584,3.433386723937458],[32.63085610233093,3.427453893767971],[32.63178739465949,3.425694876746325],[32.634030437279236,3.424541759095412],[32.63560254632505,3.425396156194153],[32.64205045817169,3.421213212997347],[32.643882201553005,3.420999196090966],[32.64689106130015,3.418399693326201],[32.65284833794335,3.424795385266239],[32.651078317841595,3.43063944612421],[32.652672555015414,3.436285308272784],[32.65887139964882,3.439001017757472],[32.65408903246542,3.440345159979471],[32.649376856091834,3.440453092257545],[32.648703949996374,3.444635352273573],[32.64203989289803,3.453169672139169],[32.64227975153294,3.457147213706515],[32.643485167022,3.459330614321211],[32.638744176193875,3.472070036693063],[32.63930627472654,3.471358978962666],[32.645291402670814,3.471117938301536],[32.6461377572058,3.47043927064693],[32.65260446305036,3.470926645610366],[32.65764916882676,3.469788853270053],[32.660279722140096,3.470274621429643],[32.67227572227026,3.46809614909612],[32.683697343327395,3.467987753448753],[32.68890360667458,3.469596248005942],[32.69304460069458,3.46988260881295],[32.69314734437829,3.4693676929392536],[32.69321992988735,3.468232113730403],[32.69464538502395,3.461859897676573],[32.6945342882516,3.451863905352226],[32.69453440794939,3.4518636993378777],[32.69453440758295,3.451863666338774],[32.69487743014706,3.4512733167034204],[32.698555422651424,3.444943047353549],[32.69878179646873,3.4429857525320826],[32.69969733214839,3.435066828973544],[32.69969770142593,3.435066568012356],[32.69969785407817,3.435065248136095],[32.70364474327595,3.432277246767008],[32.703645857675895,3.432275318065848],[32.70510344769204,3.4297014175262523],[32.703950645249435,3.428439784178227],[32.70231048820749,3.419942216842709],[32.70235950142443,3.419812714954646],[32.70231060504089,3.419547618778359],[32.705894504326416,3.4104725904204596],[32.7058965067742,3.4104672995869723],[32.70586071291469,3.400614218720614],[32.705860714691326,3.400614208984797],[32.70586071305498,3.400613758567677],[32.70669190503563,3.396058300941633],[32.706426938917666,3.3952834417807893],[32.70589406883755,3.393726315448402],[32.706776201501576,3.387122114185161],[32.71717151514094,3.3868788189380754],[32.71718404996999,3.386878522507025],[32.71718407167819,3.3868785250608595],[32.717184129147164,3.386878523715837],[32.724263364507955,3.387711268582451],[32.72499736990356,3.387619296196108],[32.73015900445244,3.386972337554982],[32.730191989170415,3.386053840023847],[32.72920333035253,3.380596915607534],[32.73055512453447,3.3759419168093725],[32.7313,3.3552],[32.72808643183323,3.349686008719316],[32.72751406626817,3.349168412576495],[32.72322392978326,3.343490979953334],[32.721084306839906,3.3376714335941577],[32.713,3.3238],[32.70406562174475,3.3176576149495154],[32.69612668937764,3.315621551093784],[32.691037879911356,3.315732381794545],[32.68743791937382,3.31748626048392],[32.68401551243919,3.312062941854418],[32.68072726992324,3.310030437202737],[32.679866710375194,3.310354620402832],[32.67850075690023,3.308755696986041],[32.67642886133412,3.308462569788601],[32.67389387243647,3.305310890566472],[32.66981806160221,3.303002481793038],[32.6683969387797,3.300040904173936],[32.66586219655915,3.298335540592098],[32.66044677941589,3.299366844466867],[32.65771864949649,3.299007629905654],[32.65279641125861,3.301313172718063],[32.65203649435851,3.300335368022811],[32.650356421853644,3.300856463754826],[32.648895488070515,3.299865425027147],[32.64569334695997,3.300155744224071],[32.64358929085544,3.298413954007516],[32.641643761291256,3.299417909743842],[32.64018653816505,3.298606678279175],[32.63945451112457,3.299222869186495],[32.638744176003804,3.297301407637783],[32.64107364545727,3.293566146464461],[32.64001391698651,3.293293155425876],[32.640238452325505,3.291618555252281],[32.63713206681586,3.285386748362774],[32.63642762826944,3.284515832140074],[32.634752751492556,3.284729873776097],[32.632925182069684,3.281360701575557],[32.63107991635674,3.281252439273872],[32.62972385808226,3.282424267022646],[32.62336916960056,3.281715931218],[32.62112777394336,3.280656916120622],[32.62043776915172,3.278331646926767],[32.61830320209744,3.277850376561076],[32.615006651642815,3.274863583446564],[32.61300780370162,3.274042658344187],[32.6118432659943,3.274548901053768],[32.61095918803533,3.272993326623669],[32.6066964976311,3.271571358928432],[32.60546263568134,3.267796330769006],[32.6053412770401,3.263392197721056],[32.60417088689296,3.260606193921376],[32.60547690774107,3.259554719482643],[32.60519209418042,3.257535221788179],[32.602777095128964,3.254668961239167],[32.60013619277548,3.254787845408876],[32.598638465002274,3.253731661804661],[32.59585439375044,3.255657609646999],[32.59446028850056,3.255638589944478],[32.59424174299259,3.256376077326519],[32.5907819779811,3.256554776806389],[32.590206953939095,3.25880700779775],[32.587531084252,3.260209422199521],[32.58690782597598,3.259350489917729],[32.58727550056865,3.256931828533068],[32.58319376398863,3.256089814984409],[32.581166803959384,3.25698837148744],[32.57915689991375,3.25530301018951],[32.57867297368877,3.253935731944064],[32.580925907139765,3.25164079034025],[32.58183961941181,3.248618878908148],[32.58139704241673,3.247952632931464],[32.57979307866426,3.249612032687439],[32.57907994854854,3.249657894115909],[32.57862140429634,3.248597058261756],[32.57530503047841,3.248092723083761],[32.57129905233205,3.250186259816361],[32.565892824375666,3.251086321989999],[32.56479256893065,3.249610820342147],[32.56010608439558,3.248980820861511],[32.55961055024421,3.247815828178681],[32.55729637442019,3.24630823930315],[32.558195531848874,3.243935981037041],[32.55668601978732,3.242343589596385],[32.55648922769149,3.240435287372013],[32.55370863483554,3.241003983617162],[32.5501939591831,3.238342830958629],[32.548474434165165,3.239338508539248],[32.54560867374294,3.239238527863532],[32.5451049057356,3.237634992653236],[32.54337266254245,3.236792664781817],[32.54209920422916,3.239194964069143],[32.540494334903315,3.239741803543585],[32.537946663526824,3.23897429271968],[32.535976008816824,3.240298902305159],[32.52909399420903,3.239594679071659],[32.52719440746729,3.240294034419673],[32.524997112826306,3.239570837401665],[32.523135293010874,3.241384926233201],[32.52206754468475,3.240774585580654],[32.51942205184363,3.241172323089361],[32.51830075616547,3.239309143617183],[32.51644115812444,3.238903286136437],[32.5149503627328,3.23648463427571],[32.513210892320714,3.236603223711417],[32.509849235059754,3.232570904592776],[32.50979180137619,3.230978649757468],[32.504593425837655,3.228238589682451],[32.50377176740475,3.226803389536262],[32.49752662550157,3.225217722561254],[32.49686894982337,3.222920108732497],[32.49482794176296,3.223390946934914],[32.494028100071766,3.222035746075245],[32.49451328579705,3.220350291899063],[32.49187189273114,3.220421414243851],[32.48938792809699,3.218451481937528],[32.487888172508,3.219664604567872],[32.48372056138435,3.217951556094325],[32.48310614750878,3.215738897253928],[32.480052570868345,3.216795597783477],[32.481050291691005,3.21426838643189],[32.478203085995226,3.212227881215764],[32.477633881018356,3.2124506909141552],[32.46793704861975,3.221421712504479],[32.46822030759534,3.222609292377202],[32.46543687760314,3.223734744971947],[32.45863508251908,3.230027423657499],[32.45849762876252,3.230663509175694],[32.45795720256977,3.2306545640896394],[32.4578,3.2308],[32.44779106138814,3.234708252219869],[32.447503102495865,3.236150639621559],[32.44610624130644,3.237065922803342],[32.44009204402975,3.238222863756099],[32.43796483348285,3.240541346937204],[32.43505020074133,3.241394212954257],[32.43207314668955,3.240904500045774],[32.4275162363587,3.243832163462415],[32.42617847938642,3.245541043055686],[32.42235183369756,3.247491894970276],[32.415489843977205,3.2473982440558062],[32.412519742180635,3.249296659637118],[32.403760954178075,3.255142829826274],[32.40302950922321,3.257218397501767],[32.39695577125695,3.259290014158263],[32.39533957747514,3.2623615169918256],[32.38860780215045,3.279892181899869],[32.38862199263485,3.280162591029994],[32.38788072298816,3.2817856172183406],[32.3868,3.2846],[32.386371300291785,3.285090531396902],[32.38594601281936,3.286021707667773],[32.38473448361555,3.286963427401435],[32.38386773930524,3.287955182910351],[32.38241919659514,3.291453347129824],[32.37713293883553,3.296241399484154],[32.37640681188258,3.2964922056343524],[32.3764,3.2965],[32.37636370234028,3.2965070957831024],[32.37307626419153,3.297642585524604],[32.37476180614831,3.30490662197359],[32.3748131755406,3.3051269613715735],[32.37502644454681,3.3050956664219813]]]}},{"type":"Feature","properties":{"n":"Palabek-Kal","c":"326203","d":"Lamwo","od":"Lamwo","dc":"326","k":"PALABEKKAL","a":["KAL","PALABEK","PALABEKKAL"],"lat":3.487822,"lon":32.634877},"geometry":{"type":"Polygon","coordinates":[[[32.47101758314744,3.592157760313947],[32.471018486647885,3.5921581952041124],[32.47101904764837,3.592157984727794],[32.472946536053634,3.593086000037897],[32.47426151074149,3.5963401254899003],[32.475721260149534,3.59709014218037],[32.477286470950084,3.597894171357128],[32.47724182136559,3.599415499663739],[32.47735394887364,3.599496057812882],[32.47808610055629,3.600021356218255],[32.478085796310786,3.6000218545242597],[32.47808617025819,3.600022123187239],[32.477259780777196,3.6013835457903],[32.4835347695836,3.601569568095698],[32.48370830892987,3.601574684352371],[32.483708313156384,3.6015747128021656],[32.48370884000457,3.601574728420602],[32.48390012796081,3.6028594274388155],[32.48544279135526,3.6025294230851213],[32.48682515882001,3.602233540250616],[32.48753967796234,3.6059514724574058],[32.49973253712942,3.6065788611958984],[32.50211118603601,3.60670122213612],[32.50644292293752,3.60842202156242],[32.50704254305608,3.610613501329466],[32.50704023966284,3.6106179788972868],[32.50610816975408,3.612432184702685],[32.50772782985071,3.613097662046837],[32.5077278340751,3.6130991695030548],[32.50772809844801,3.613099278079448],[32.50773814905918,3.6166999744489723],[32.50952868827309,3.616349592596086],[32.509528856963755,3.6163497964214457],[32.509528857452885,3.616349796325637],[32.511045165734735,3.618181245246099],[32.5118129742785,3.617396556312305],[32.513573059329445,3.61742915583553],[32.51535289293815,3.618347626764728],[32.51581953126684,3.619665827622387],[32.518717451796306,3.619675364843322],[32.518717643330355,3.619675879859055],[32.5187179180915,3.619675880810944],[32.51903756215305,3.6205361092883392],[32.51914575148653,3.620827019488031],[32.51829283377905,3.623998363510493],[32.51648506238607,3.626118996385388],[32.51985495094511,3.628245668265283],[32.51985450299803,3.6282466284731876],[32.51985540160283,3.628247195629873],[32.51898565891375,3.6301090604201804],[32.51870592898211,3.63070868234389],[32.51940523118239,3.632907027745905],[32.51940486859933,3.632907393463929],[32.5194049106728,3.632907525787832],[32.51636555653599,3.6359751178873965],[32.519295224266365,3.637557966739701],[32.51945319844714,3.637892546187428],[32.51995164378594,3.6389468923324215],[32.52220768096975,3.639261661969115],[32.52100548568648,3.641243398419338],[32.52060895742904,3.641897656268197],[32.52982195046393,3.641267339370398],[32.52982287136931,3.6412674357694796],[32.52982335824072,3.641267402445951],[32.536491401898026,3.6419654881761923],[32.54080496969992,3.6424170263932942],[32.546934284835025,3.641671117527877],[32.55051272039716,3.641235620711475],[32.569167444328244,3.641074208456661],[32.5869235808715,3.60705201883056],[32.587321476557534,3.604978855884219],[32.595924630844124,3.590820141465205],[32.590780755903026,3.587336665021617],[32.58887718941908,3.584814436850088],[32.58821094171117,3.582482566822845],[32.588591697251346,3.57938915769679],[32.58859192143792,3.5793887560316127],[32.588591940561656,3.57938860064445],[32.59201724976129,3.573251317008077],[32.59201751725009,3.5732512672662646],[32.59201807658826,3.573250265124766],[32.59534931730125,3.572631604441515],[32.598347445072115,3.573535757956223],[32.598348251322626,3.5735357937482775],[32.60528118740908,3.573450588663138],[32.60666195123895,3.57294597038233],[32.60944509541537,3.571798152869847],[32.609988471766265,3.57131740738716],[32.61240800667807,3.5678623131641545],[32.6134009361753,3.565662215760005],[32.614298453271985,3.565164837046995],[32.61625654355075,3.566828139510431],[32.6162569839983,3.5668282423544517],[32.619167820768666,3.5672421250392987],[32.62090030858579,3.5666354499071544],[32.62778797484018,3.563313505107145],[32.627790249846214,3.563312156648748],[32.628809910972066,3.561248120911231],[32.630670584608296,3.5602654896354173],[32.63067058914242,3.560265487240329],[32.6306705891449,3.560265487239614],[32.630670750451266,3.560265402052896],[32.644480940158516,3.556283710490778],[32.64661915991567,3.5538172168091346],[32.64821413415937,3.55197726507061],[32.654170968282955,3.548837853605943],[32.66110297448732,3.550278569584165],[32.66156684491026,3.5505799680438166],[32.667003697030395,3.5460313504949452],[32.66712262134743,3.545931440862514],[32.66904892928579,3.545358703522677],[32.6690519626773,3.5453578007992914],[32.66976760505737,3.544029437653065],[32.66980086780923,3.5440220210975903],[32.67543375757256,3.5423980497342926],[32.67793366593513,3.540747185328204],[32.678613421901844,3.539095640177019],[32.685227518992775,3.5364054894558747],[32.687113994460006,3.534000308920953],[32.68879668586869,3.531854884449153],[32.692797301705674,3.529776651972987],[32.69337704323578,3.52947547513454],[32.693374353164124,3.5294451515292526],[32.69310936693996,3.526471410168789],[32.69311044803748,3.526470303297748],[32.69311044079872,3.526470221699467],[32.694583710719115,3.5249619178201574],[32.69560757923536,3.523913640130031],[32.69569265949196,3.5234599654210785],[32.69640796616434,3.5196375646034275],[32.69447695607876,3.520145608010741],[32.69229419952553,3.519032021166967],[32.69226167493317,3.518131675422482],[32.69220378675694,3.516531707563475],[32.69111874927629,3.515788818469903],[32.692353686974656,3.51374724724425],[32.699313541687665,3.511712705433928],[32.70184712511559,3.509214559989528],[32.701847596661835,3.509211748774422],[32.70172127674876,3.506675243713573],[32.700864600798795,3.5028479078157018],[32.69496645779783,3.500018839975824],[32.69496740695862,3.5000181980723517],[32.694963725344955,3.500016431535244],[32.70047465746869,3.496291647985765],[32.696523075922876,3.489780249423917],[32.69652286776589,3.4897795811673284],[32.69401008935493,3.482196572391017],[32.69264285583772,3.4773233884577412],[32.6926395082578,3.47731264155763],[32.69263966021577,3.477310264219295],[32.69304459967363,3.469882620297105],[32.69125683382756,3.4697589799546833],[32.68890360667458,3.469596248005942],[32.683697343327395,3.467987753448753],[32.67227572227026,3.46809614909612],[32.660279722140096,3.470274621429643],[32.65764916882676,3.469788853270053],[32.65260446305036,3.470926645610366],[32.64891401381247,3.4706485082394063],[32.64613773031874,3.470439292206899],[32.645291402670814,3.471117938301536],[32.63930627472654,3.471358978962666],[32.638744176193875,3.472070036693063],[32.638753018410206,3.472046276949033],[32.63875266960048,3.472046711153673],[32.64019253198414,3.468178188590872],[32.643485167022,3.459330614321211],[32.64227975153294,3.457147213706515],[32.64203989289803,3.453169672139169],[32.648703949996374,3.444635352273573],[32.64934685727796,3.4406395415119517],[32.64937684458664,3.440453091600097],[32.640800985387436,3.442413105480227],[32.62735400893552,3.453079022172426],[32.62648437626686,3.454533296879807],[32.62519713044191,3.454673276586286],[32.62511302764649,3.456550066793486],[32.62163675869952,3.462532405410995],[32.61295126955308,3.469403610417195],[32.61033386793665,3.473150884767472],[32.60376050110765,3.476869242483929],[32.59996145040858,3.480475345735412],[32.593765010139336,3.475814477732956],[32.59233897649451,3.47349487687513],[32.59319479468082,3.472636924851844],[32.590032491177645,3.474283396639269],[32.58856031704809,3.473944612563871],[32.58650683581712,3.478309259339274],[32.58479333754326,3.48065934355571],[32.58368211495203,3.480733108945096],[32.58293318524452,3.48334992265757],[32.58189510394711,3.482987807641241],[32.5808113614734,3.484851549415502],[32.578370880503975,3.48400483601544],[32.575497452530456,3.48761635208927],[32.57226269542211,3.488028048445774],[32.570618309708,3.490379541867856],[32.565294191708745,3.485974108154422],[32.563913929107315,3.482619380060143],[32.5652699753676,3.479882271754107],[32.564843783675634,3.47368223213314],[32.56617943187821,3.471806361893575],[32.566255445563314,3.469394023493936],[32.567880369657246,3.467094169514886],[32.56832450640305,3.46494199444961],[32.56336631718882,3.461258423435319],[32.561067490475956,3.457331274924746],[32.56120963495793,3.455053736216469],[32.55637988354898,3.454182401342992],[32.55269139768483,3.452170494423883],[32.55082370912752,3.449703130574228],[32.56263581940021,3.44297120601871],[32.5647901786299,3.437087059762678],[32.562083606721885,3.434899539330245],[32.55971463777563,3.430873289829133],[32.55490312512356,3.426732529790305],[32.554446507124084,3.42289257482781],[32.552733188352796,3.419137662037944],[32.54913591199418,3.416518361947832],[32.54738152034136,3.41690394395415],[32.54578117975265,3.416031385507746],[32.54608241136427,3.414362018092378],[32.550247887068075,3.412664794097009],[32.55113498242599,3.413259234471461],[32.5543470485797,3.410960881644459],[32.555090446433226,3.409475350007266],[32.55977221832033,3.40673495789106],[32.5668538016304,3.393875810541602],[32.56671509316432,3.3935322313985092],[32.56501292408309,3.390638584519149],[32.564806584630695,3.3888048795280388],[32.56439441084254,3.38778393018772],[32.564579417008495,3.3867860779958887],[32.564508481159756,3.386155682701264],[32.56481153059686,3.3855341464632],[32.56500321098922,3.384500296057999],[32.56535706822482,3.3844152814745736],[32.56563149283069,3.383852453050308],[32.56721260815804,3.383968140690301],[32.569231026752966,3.381564014384692],[32.562441290539034,3.371470065024129],[32.557211275382315,3.367236350422861],[32.55638649469021,3.364482954620551],[32.55527678870378,3.360779455731987],[32.553972621813884,3.360236158781952],[32.55397233720287,3.360235632473627],[32.55397218445418,3.36023556887191],[32.552963797549694,3.35837080764414],[32.54883298388204,3.357675857709814],[32.54883284413251,3.35767574911804],[32.548832781008535,3.357675738498934],[32.54848267857511,3.35740365446847],[32.54569424072459,3.355236910756112],[32.544891174346894,3.352589764350732],[32.544891484651174,3.3525887203671623],[32.54489147598497,3.35258869178754],[32.544967685138914,3.3523323524644253],[32.54652667064248,3.347087322468165],[32.54397833004455,3.34419788392786],[32.54394019727095,3.344030621096825],[32.543454993489796,3.341904761678024],[32.54258319247554,3.3411546348891976],[32.54243843401439,3.341030169400346],[32.542093702460974,3.341504253269099],[32.54209011406091,3.3414980824921603],[32.54208889807626,3.341499731433989],[32.541175852669134,3.3399258767709195],[32.540970167443525,3.33957217104586],[32.53563632094804,3.3383412588203933],[32.53545907174827,3.338381947593168],[32.53540727923284,3.3382884019847836],[32.53527912610353,3.338258827595319],[32.53451759393602,3.337525873388579],[32.53457942986886,3.33679317295866],[32.53315830958646,3.334226401287002],[32.53315553792642,3.334223190091686],[32.52937969210307,3.332913279744874],[32.527500383406924,3.333355528407617],[32.5274641714914,3.3349739314996745],[32.52745733583352,3.335286161143305],[32.52745717991623,3.33528640287049],[32.527457140207126,3.335288177571906],[32.52640065914771,3.33692524828901],[32.519471354106166,3.344195478955477],[32.52080957351554,3.348185007984746],[32.52098804737552,3.357167247348054],[32.52193954949959,3.360082777334862],[32.5219897176467,3.360236486962099],[32.531111854770664,3.363145521423087],[32.53434744751953,3.364907048096998],[32.53351524925839,3.373995135286734],[32.53163642118837,3.378250329169013],[32.530111089111244,3.380241920540682],[32.529348499615075,3.379910966600506],[32.528028221192294,3.378720853982597],[32.527599774569936,3.374343236831693],[32.52650522581145,3.37310591784194],[32.51858821648296,3.369131110306874],[32.51717482168576,3.370658718626542],[32.51720771278291,3.373780808277673],[32.51202262850069,3.374685162940501],[32.5027993212428,3.378527324474742],[32.495485745738925,3.380245976124388],[32.48964490194012,3.386030592419813],[32.49019788656906,3.38665433620546],[32.49575955131291,3.386886125551729],[32.49732303511702,3.388994238851246],[32.50028100265746,3.3897810754654345],[32.50028160496829,3.389774322878012],[32.500292763918324,3.389784204029407],[32.50071709279925,3.389897077986069],[32.504090930919844,3.3931474472606826],[32.50410068470071,3.393156084147231],[32.51305941300217,3.395214512384966],[32.51755150581353,3.3973511198640147],[32.51907413418524,3.398075321111655],[32.51907419280473,3.3980753667908425],[32.519074410085466,3.398075470137692],[32.521853559883176,3.400241186051741],[32.52211642781558,3.400446025648313],[32.5221164308714,3.4004460342693497],[32.52211732155726,3.400446728356638],[32.52343031198044,3.404152103671117],[32.52653002277461,3.407098401351669],[32.52801529725829,3.409167224782949],[32.527672118808404,3.410718636605258],[32.52951382564121,3.412486386703958],[32.52951388136839,3.412487059266477],[32.529513964566526,3.412487139150893],[32.529890206728716,3.417027050753518],[32.52989006358826,3.4170271433166977],[32.52989019714978,3.41702875524972],[32.5286042793354,3.4178590919739533],[32.52862213508114,3.418297017203616],[32.528694992197124,3.420073304906951],[32.52869458413766,3.420073883327014],[32.528694595987865,3.420074173961908],[32.52799885599365,3.4210600707691556],[32.52713314975786,3.422287200396818],[32.52777573140674,3.425146086644735],[32.53254579371477,3.42397004297768],[32.53313289003304,3.4238250967943427],[32.535013987807524,3.421623765105161],[32.53501415140184,3.4216238603468314],[32.53501432662306,3.421623655219227],[32.53603633384827,3.422218249561723],[32.537120814705155,3.420925596797082],[32.54134704916788,3.420243644280539],[32.54149138710569,3.420220255581127],[32.541491457921836,3.420220342233754],[32.5414922749451,3.420220210397465],[32.54449039306801,3.423889338569588],[32.54449071459841,3.423890316706668],[32.544490762733645,3.423890375606291],[32.544540584877986,3.424042028550412],[32.54611886441662,3.428843359138126],[32.54935163373745,3.429235986673581],[32.54935186836646,3.429236983037974],[32.54935193342561,3.429236990956642],[32.5495917729268,3.430255750350964],[32.55093835027438,3.435974061766716],[32.547519062657095,3.438964944770417],[32.54329520805517,3.4397087590024134],[32.53993446963463,3.442073170893832],[32.53952435571008,3.4421044591816474],[32.539293269532045,3.442251276753356],[32.53731977004635,3.4422726507660606],[32.537316979274294,3.442272863678801],[32.53731675136508,3.4422726834599287],[32.537315940417635,3.442272692242906],[32.5349513856362,3.440732384213916],[32.53215941795719,3.442966780703016],[32.528912098299884,3.450156711541689],[32.53195148187266,3.45210822150973],[32.533664508826114,3.455438923973306],[32.53518748407034,3.465432778883121],[32.53854536532926,3.470796472481925],[32.53872696262407,3.47653108421963],[32.539666323404035,3.477804208267812],[32.53502957454563,3.481264506823144],[32.531388606079176,3.486309208026093],[32.524669226733224,3.491152781052353],[32.52512409320315,3.491899600031683],[32.524555104165216,3.492386948840423],[32.52269595174951,3.492961349086403],[32.52226666646467,3.494655419892581],[32.51749168387242,3.496520384298619],[32.516739031208026,3.50038132133994],[32.51516690550181,3.500778154610015],[32.5137361352157,3.503075274898304],[32.51150320062568,3.5031638754152],[32.510642820255775,3.507077544732182],[32.50764132559483,3.508655182558385],[32.50606727996279,3.510916586588816],[32.50465659688543,3.510789900896492],[32.502976537923104,3.512763468617743],[32.502119050170386,3.511901577594606],[32.49898989581495,3.513125424237094],[32.49632344982997,3.519245915122891],[32.49446631245471,3.519639570842013],[32.493681661716025,3.520893965823663],[32.49153529638709,3.52146907808658],[32.491571288625224,3.522186747802905],[32.490499213703885,3.521181281885241],[32.48860546112105,3.521108434065891],[32.48774599284779,3.522970551798572],[32.48571092967056,3.521537683448974],[32.47992052662765,3.524801713989559],[32.4797286211908,3.525587891897879],[32.47800791435775,3.525148014271188],[32.4771629958869,3.526233452027272],[32.47753335595233,3.527963805944466],[32.476790249520676,3.530405576413207],[32.473783534285936,3.530134064024965],[32.4701346208628,3.532711039192183],[32.47033667809987,3.533729197457599],[32.47612537755208,3.539790141961386],[32.4779931782647,3.551481173346744],[32.47427171345617,3.562711910787557],[32.474094784075476,3.576828748372458],[32.47328163201527,3.581307685045022],[32.47175962029335,3.58507356793639],[32.46746840283356,3.58826096885852],[32.46691245916878,3.592135121875875],[32.46918029359745,3.5928478489871485],[32.46982885951504,3.5926045198447008],[32.47101758314744,3.592157760313947]]]}},{"type":"Feature","properties":{"n":"Palabek Abera","c":"326204","d":"Lamwo","od":"Lamwo","dc":"326","k":"PALABEKABERA","a":["PALABEKABERA"],"lat":3.235465,"lon":32.613579},"geometry":{"type":"Polygon","coordinates":[[[32.480992688235304,3.214414295090736],[32.4800529366289,3.2167946713176616],[32.48257710049535,3.2159219757631905],[32.48310614750878,3.215738897253928],[32.48372056138435,3.217951556094325],[32.487888172508,3.219664604567872],[32.48938792809699,3.218451481937528],[32.48938840514832,3.2184518602677215],[32.489388667381085,3.21845164811969],[32.491418648608786,3.220061964585429],[32.49187189273114,3.220421414243851],[32.49451328579705,3.220350291899063],[32.494513135342096,3.2203508145544255],[32.49451386873873,3.220350794880291],[32.49421260968292,3.221394790502044],[32.4940281844425,3.222035452985413],[32.494236574538895,3.2223889719450423],[32.49482794176296,3.223390946934914],[32.495609703970125,3.2232106029571135],[32.49686720142761,3.222920263039026],[32.49686726835118,3.2229204966297127],[32.49686894982337,3.222920108732497],[32.49752662550157,3.225217722561254],[32.50377176740475,3.226803389536262],[32.50459341955655,3.2282385787111734],[32.504650821460295,3.228268842874609],[32.50979180137619,3.230978649757468],[32.50984923416731,3.2325708798512816],[32.51017836504768,3.232965697113191],[32.513210892320714,3.236603223711417],[32.51409890520707,3.2365426829017765],[32.51494977994038,3.236484217996695],[32.5149500496504,3.2364846556202895],[32.5149503627328,3.23648463427571],[32.51644059407204,3.2389023710233356],[32.517362103999474,3.239104282676817],[32.51830075616547,3.239309143617183],[32.51942196345591,3.2411721762216086],[32.52106317510529,3.2409255878620233],[32.52206754468475,3.240774585580654],[32.52313508133092,3.241384805233824],[32.5238737839901,3.2406653677525723],[32.524997112826306,3.239570837401665],[32.52654652758193,3.2400807972905312],[32.52719449715476,3.240294001400171],[32.52909399420903,3.239594679071659],[32.535976008816824,3.240298902305159],[32.53696972107134,3.2396309614574537],[32.53794615275798,3.238974350855099],[32.53794644571104,3.2389744391283166],[32.537946663526824,3.23897429271968],[32.54049422834884,3.239741771443011],[32.54209926352243,3.2391948522161016],[32.54337266254245,3.236792664781817],[32.5451049057356,3.237634992653236],[32.54518517202513,3.237890486887846],[32.54560919239847,3.239238545958391],[32.548474434165165,3.239338508539248],[32.54857512945747,3.2392802017138305],[32.55019225579573,3.238343044595239],[32.550192834260486,3.238343482336313],[32.5501939591831,3.238342830958629],[32.55370863483554,3.241003983617162],[32.55648922769149,3.240435287372013],[32.556685841204455,3.242341857869935],[32.55805071528852,3.2437832133599573],[32.558195531848874,3.243935981037041],[32.55819548752385,3.2439360979803213],[32.558195547528406,3.24393616134727],[32.55729733304169,3.2463088638050084],[32.559029406694485,3.2474372374330853],[32.55961002855838,3.247815337231633],[32.559610117356,3.2478155461700986],[32.55961055024421,3.247815828178681],[32.56010591279856,3.2489804174397277],[32.56479153766225,3.249610604199531],[32.564791601912624,3.249610690346871],[32.56479256893065,3.249610820342147],[32.565892592898194,3.251086011566277],[32.569412577624966,3.25050033176062],[32.571298670190906,3.2501863234375756],[32.57341224423512,3.2490818991058252],[32.57530503047841,3.248092723083761],[32.575305211131685,3.248092750556479],[32.57530524646532,3.248092732093287],[32.57555650856915,3.248130966434667],[32.57862140429634,3.248597058261756],[32.57894152988331,3.249337664427585],[32.5790803370773,3.2496578691296074],[32.579787617797265,3.2496123838760305],[32.579793091960845,3.249612018931301],[32.58139704241673,3.247952632931464],[32.58183961941181,3.248618878908148],[32.58183920838909,3.248620238279458],[32.581839305477985,3.248620384824891],[32.58137755300488,3.2501470665009213],[32.580925907139765,3.25164079034025],[32.57867297368877,3.253935731944064],[32.579094088244794,3.2551255429970145],[32.57915699254709,3.2553030878651863],[32.58116622400047,3.256987885175515],[32.58310219076319,3.25613040962665],[32.58319376398863,3.256089814984409],[32.58727550056865,3.256931828533068],[32.58727548082181,3.2569319584330687],[32.58727570771892,3.256932005235443],[32.58723023627947,3.257229589081506],[32.586908070841645,3.259348879126158],[32.587531185038664,3.2602093693775664],[32.58818554795925,3.259866419947616],[32.59020714933925,3.2588062424622906],[32.5907819779811,3.256554776806389],[32.59078220756182,3.256554764948371],[32.59078221674547,3.256554728940549],[32.59174870853397,3.256504844442081],[32.5942414953557,3.256376090117151],[32.594460059352556,3.255639178517952],[32.59446011387029,3.255639179238754],[32.59446028850056,3.255638589944478],[32.59585439375044,3.255657609646999],[32.598638465002274,3.253731661804661],[32.60013619277548,3.254787845408876],[32.602777095128964,3.254668961239167],[32.6027777573494,3.254669747200679],[32.60277784744521,3.254669743170537],[32.60303043362626,3.254969638019929],[32.60519209418042,3.257535221788179],[32.60547690774107,3.259554719482643],[32.60417127889715,3.260605878319686],[32.60492281153074,3.2623960798863694],[32.6053412770401,3.263392197721056],[32.60546263568134,3.267796330769006],[32.60560665990759,3.2682369761020214],[32.606697139202936,3.27157157294689],[32.610660097674895,3.272893554697921],[32.610958565186245,3.272993044128849],[32.610958617676374,3.2729931363607294],[32.61095918803533,3.272993326623669],[32.611295192073584,3.273584540650685],[32.61184387022678,3.2745486383844833],[32.61277683302542,3.2741430649005547],[32.61300728363659,3.274042623672506],[32.61300759210127,3.2740427503301617],[32.61300780370162,3.274042658344187],[32.614942599194045,3.2748372771618373],[32.61500643296363,3.274863487733827],[32.61500644487612,3.274863498527663],[32.615006651642815,3.274863583446564],[32.618302738017114,3.2778499560876333],[32.62043687052316,3.278331115947003],[32.6204369750482,3.2783314678841404],[32.62043776915172,3.278331646926767],[32.62112777394336,3.280656916120622],[32.62305360754334,3.2815668343900137],[32.623369452114034,3.2817159627088293],[32.629723693084955,3.28242424863095],[32.63107967648389,3.281252589562626],[32.6310797382538,3.28125259318021],[32.63107991635674,3.281252439273872],[32.63264752223637,3.2813444111885253],[32.63292489481619,3.281360655644473],[32.6329249111081,3.281360685678158],[32.632925182069684,3.281360701575557],[32.634752751492556,3.284729873776097],[32.63512026475107,3.284682907252828],[32.63642648424897,3.284515554803963],[32.63642679507486,3.284515938618552],[32.63642762826944,3.284515832140074],[32.63713206681586,3.285386748362774],[32.640238452325505,3.291618555252281],[32.64001397845794,3.293292696967712],[32.64018265801406,3.2933366239082598],[32.64107364545727,3.293566146464461],[32.6410723013493,3.293568301716724],[32.64107419577939,3.293568795057588],[32.63874440327113,3.297302022397523],[32.63919531280145,3.2985217358808017],[32.63945515772297,3.2992223249059793],[32.640032803776165,3.298736085701763],[32.64018616730258,3.298606661795383],[32.64018640227521,3.2986067926657725],[32.64018653816505,3.298606678279175],[32.64164353397103,3.2994177831953957],[32.64196132736788,3.299254035449582],[32.64358929085544,3.298413954007516],[32.64359022094084,3.298414723955449],[32.64359057154764,3.29841454330011],[32.645693686406005,3.3001557134485067],[32.648895488070515,3.299865425027147],[32.64889573848309,3.29986559489697],[32.648896008767785,3.29986557029746],[32.64898963685624,3.2999292917772336],[32.650355024352926,3.30085551574654],[32.65203574550345,3.300335308329278],[32.65203592784279,3.3003355437348265],[32.65203649435851,3.300335368022811],[32.65279565831489,3.3013122038859346],[32.65771790749819,3.299007944484319],[32.65771796246681,3.2990079517056676],[32.65771864949649,3.299007629905654],[32.65909939228986,3.29918943316698],[32.66044802891524,3.299366606514095],[32.66586219655915,3.298335540592098],[32.6683969387797,3.300040904173936],[32.66839707597907,3.3000411900933373],[32.66839730114932,3.30004134150914],[32.66879005572803,3.3008601481811524],[32.66981806160221,3.303002481793038],[32.67389387243647,3.305310890566472],[32.67642873806528,3.308462416531987],[32.67663163041611,3.3084912571093836],[32.67850075690023,3.308755696986041],[32.67911086770786,3.3094698651294205],[32.679867947826565,3.3103541542399184],[32.68072726992324,3.310030437202737],[32.68383669829849,3.3119524145526773],[32.68401540166706,3.312062846366683],[32.68401542963967,3.312062890674979],[32.68401551243919,3.312062941854418],[32.68413636934741,3.3122544578063042],[32.687438974190975,3.3174857465834724],[32.691037879911356,3.315732381794545],[32.69574189212434,3.315629931708055],[32.69612529802207,3.315621551093784],[32.69612540695202,3.3156215790241146],[32.69612668937764,3.315621551093784],[32.70213658676053,3.3171628836397877],[32.70406535612014,3.3176574323325965],[32.6954,3.3117],[32.7144385515921,3.297492125677535],[32.71437761266294,3.297291930681537],[32.71683285746386,3.2914265204690665],[32.71762953125999,3.2882744632756897],[32.71624231745344,3.282040841233223],[32.71350391787059,3.275933313576798],[32.711962948369745,3.263175317525443],[32.71222043088041,3.2602999653791165],[32.7122,3.2602],[32.7154505777459,3.25319523387152],[32.71536913525796,3.252374214976964],[32.71597871976212,3.251052615277139],[32.716583960382856,3.250752874104547],[32.717946143225745,3.24781746600649],[32.71794640703962,3.246951371916734],[32.718754694516385,3.24607509491539],[32.71922573119291,3.245060044049074],[32.71786120384863,3.242081739346244],[32.71490420472259,3.238622934291973],[32.714894736427894,3.234445670249326],[32.71330633823182,3.228499013612322],[32.71450443065416,3.227401734410377],[32.71446264178974,3.225179888607307],[32.713678365052345,3.224349037982145],[32.71486617164522,3.222824960946949],[32.71496163931016,3.2205460206729426],[32.7149,3.2202],[32.7132430863336,3.2170210377330664],[32.70983290599562,3.214921914163335],[32.70907028989894,3.212576849799984],[32.7094625360287,3.210872263833393],[32.707380455128586,3.2057729662350742],[32.6977035941781,3.1872068958068227],[32.69769109813235,3.1871961054329048],[32.695206321325706,3.1861090155799983],[32.69043636801869,3.18527520473849],[32.686492845289635,3.182343306643094],[32.686453983156866,3.1822233052614455],[32.67930083017322,3.1703013836220353],[32.67719207826453,3.172122646583468],[32.67230797863137,3.174161183453323],[32.67130790479,3.173437097601168],[32.67142799860117,3.171625077116284],[32.66910590478661,3.170376564321237],[32.66893893493043,3.1699222528360056],[32.664135708764405,3.1697471352153688],[32.6634582294073,3.170374446127866],[32.66209628252551,3.170575004832375],[32.660094291136524,3.169648303969237],[32.65989234247826,3.169399848171817],[32.65186388925268,3.1616615800025842],[32.651755414206455,3.1615954465572544],[32.6283,3.1592],[32.6145,3.1524],[32.61424680546672,3.15239513087436],[32.60948334571868,3.153006342476311],[32.6075209924716,3.1522657883167615],[32.60528089505018,3.152222709520196],[32.60429633102858,3.152479924256217],[32.60376989105786,3.1521936517511127],[32.59410975613614,3.152007879925695],[32.59373665606806,3.152043848593463],[32.58633795738964,3.154725180235476],[32.58369218557962,3.1545425258257183],[32.57829631746084,3.1559133679964355],[32.57777296500128,3.156171612238125],[32.57699870234356,3.156243032377582],[32.56478519460106,3.159345923533785],[32.56420351827967,3.159591536684387],[32.56229778381097,3.161402794797596],[32.554068287533376,3.1620236082902],[32.55299919166581,3.160634588260106],[32.554380422012414,3.159895785754328],[32.5543529196792,3.1598622577208544],[32.5504414748523,3.157299586972195],[32.549427938649636,3.157743453042937],[32.54741991423097,3.1557644539743364],[32.54658685212124,3.155857016430974],[32.54370318682846,3.156774626879605],[32.53950478665199,3.1566439125942236],[32.53761568988224,3.156853812235307],[32.53544294095347,3.158396144709259],[32.533255091880974,3.157943831489383],[32.53133331229388,3.158921549661029],[32.52893100188834,3.157954128388539],[32.52632502910458,3.1581083300994908],[32.5235915123044,3.1584120541883993],[32.520365166194495,3.161112944332423],[32.51874714222653,3.160321682359249],[32.514987836708904,3.161637058945813],[32.514793551255536,3.1614934020080643],[32.50860699283898,3.163806394569211],[32.508414977730475,3.164005874173875],[32.50802464177194,3.164024120418598],[32.50101559832674,3.166644618643605],[32.50032187418525,3.1673363854998637],[32.50020876122553,3.1675545319221885],[32.49864993956748,3.172600528859656],[32.49499759342039,3.177614122822409],[32.49487124869092,3.1783555668927423],[32.49640859562384,3.185934163665378],[32.493481386380346,3.186511864136365],[32.491829599664726,3.19620524407279],[32.4919972536804,3.196514299822595],[32.49172037260932,3.198561033834791],[32.49133397764807,3.1991137627494775],[32.4912,3.1999],[32.4900233646735,3.200988563820028],[32.4878000135817,3.204169015324767],[32.48570037627701,3.2049879752407278],[32.47971870574657,3.210521915941047],[32.478202766851076,3.212227441305246],[32.4788640768589,3.2127015931457237],[32.481050291691005,3.21426838643189],[32.48105007686808,3.2142689305750274],[32.4810501593536,3.214268989716219],[32.480992688235304,3.214414295090736]]]}},{"type":"Feature","properties":{"n":"Palabek Kal Town Council","c":"326205","d":"Lamwo","od":"Lamwo","dc":"326","k":"PALABEKKALTOWNCOUNCIL","a":["PALABEKKAL","PALABEKKALTOWNCOUNCIL"],"lat":3.441649,"lon":32.603296},"geometry":{"type":"Polygon","coordinates":[[[32.54770100942515,3.416833726313907],[32.54913591199418,3.416518361947832],[32.552677230245706,3.419096917024127],[32.55273307344856,3.419137539720305],[32.55273309981243,3.419137597568673],[32.552733188352796,3.419137662037944],[32.554446507124084,3.42289257482781],[32.55486532991443,3.4264146888356417],[32.55490333978718,3.426732714528578],[32.55971463777563,3.430873289829133],[32.561693995267674,3.4342373639456225],[32.562083639211316,3.4348995655890313],[32.5647901786299,3.437087059762678],[32.56263581940021,3.44297120601871],[32.56263522025889,3.4429715474796363],[32.562635124972836,3.442971807855228],[32.562028613774665,3.4433172629354214],[32.55082370912752,3.449703130574228],[32.55269126121635,3.452170314138265],[32.553000081191044,3.452338867708977],[32.55637988354898,3.454182401342992],[32.56120963495793,3.455053736216469],[32.56111717890941,3.456535131951229],[32.561067897551254,3.4573319703426018],[32.56327715812278,3.461106110565693],[32.56336633769286,3.4612584386683145],[32.56832450640305,3.46494199444961],[32.567880369657246,3.467094169514886],[32.566255445563314,3.469394023493936],[32.56617943187821,3.471806361893575],[32.56617915265961,3.471806754046139],[32.566179149589765,3.471806852458525],[32.56610324830832,3.4719133589989615],[32.564843783675634,3.47368223213314],[32.5652699753676,3.479882271754107],[32.56391396349567,3.48261931064904],[32.56420430848763,3.4833251471106643],[32.565294117202754,3.4859739270676156],[32.56883910901384,3.488519779495716],[32.56937101122223,3.4893474665455755],[32.570328882711536,3.4901400559195737],[32.572260700062344,3.48802919297283],[32.57226201184575,3.488029025969049],[32.57226269542211,3.488028048445774],[32.575497452530456,3.48761635208927],[32.57701145140829,3.4857134572426154],[32.57836988461864,3.484005713235263],[32.578370117925374,3.4840057944751273],[32.578370880503975,3.48400483601544],[32.58081027356256,3.48485117196995],[32.58124877734515,3.4840993132960496],[32.58189510394711,3.482987807641241],[32.58293318524452,3.48334992265757],[32.58368081962106,3.4807376349237336],[32.58368174473552,3.480734401727571],[32.58368174496318,3.480734401712491],[32.58368211495203,3.480733108945096],[32.58479333754326,3.48065934355571],[32.58650683581712,3.478309259339274],[32.58856031704809,3.473944612563871],[32.58856094017349,3.473944755960604],[32.588560976586784,3.473944678587424],[32.58865181839003,3.4739656693104215],[32.590032491177645,3.474283396639269],[32.59096139611742,3.4737997568573813],[32.593182778860786,3.472640056531225],[32.59317638498528,3.472646509967343],[32.59319479468082,3.472636924851844],[32.59233897649451,3.47349487687513],[32.59376481364985,3.475814158121158],[32.594081700911,3.4760526877083895],[32.59996145040858,3.480475345735412],[32.60370165082003,3.476925103863613],[32.60376040272072,3.476869319384019],[32.60376044570879,3.4768692950691777],[32.60376050110765,3.476869242483929],[32.61033386793665,3.473150884767472],[32.61295126955308,3.469403610417195],[32.6129519289749,3.469403088739893],[32.62186405943212,3.4621412417895554],[32.625112759621956,3.4565505280390156],[32.62512999642676,3.456171401132283],[32.62519713044191,3.454673276586286],[32.62648437626686,3.454533296879807],[32.62735400893552,3.453079022172426],[32.62735454027251,3.453078600724816],[32.627354562041994,3.453078564311723],[32.63114964446018,3.4500683875926184],[32.640800985387436,3.442413105480227],[32.64080676150098,3.442411785348627],[32.64613580800304,3.440887098380957],[32.648352100875535,3.440687296925848],[32.64937684458664,3.440453091600097],[32.64935369909424,3.440597001647631],[32.64935370178236,3.440597001405294],[32.649376856091834,3.440453092257545],[32.65148584828922,3.4404047858457605],[32.65500597481314,3.440087442226433],[32.65887139964882,3.439001017757472],[32.652672555015414,3.436285308272784],[32.651078317841595,3.43063944612421],[32.65280433736012,3.4249406616311493],[32.652125810168954,3.424019684331077],[32.64689106130015,3.418399693326201],[32.64487525644895,3.4201412468462364],[32.643885630383494,3.420996710376999],[32.643884991414666,3.4209967857914823],[32.643882201553005,3.420999196090966],[32.64212971596535,3.4212039526893916],[32.642050280829004,3.4212133280445753],[32.63977149467924,3.4226916412177166],[32.63560621391867,3.425394032056237],[32.635605999413336,3.425393916077896],[32.63560254632505,3.425396156194153],[32.63413244836197,3.424597199252923],[32.63403016708035,3.4245418980009785],[32.63178739465949,3.425694876746325],[32.63085610233093,3.427453893767971],[32.62255270454519,3.433081469037173],[32.62210228991565,3.433386758820526],[32.62084463665156,3.436149371207128],[32.62048850328773,3.435071422743865],[32.61557484115587,3.435852146654554],[32.61526962655648,3.435614109991144],[32.6148130239674,3.435661614518871],[32.6106453711331,3.4320076562568165],[32.610644422924565,3.432006916749609],[32.60870208497385,3.427152744111782],[32.60564333572046,3.42549987313175],[32.60398229981165,3.42460244896799],[32.60398218580986,3.4246022296006005],[32.603982019187924,3.424602139562307],[32.60173015914895,3.42027089650104],[32.60039669458157,3.421504226063396],[32.60039594438577,3.421504343826731],[32.60039589669282,3.421504388091716],[32.59934413316892,3.4216694537844483],[32.596304027085345,3.422146679905326],[32.59504291652643,3.421528022596454],[32.59391087925297,3.41877282125264],[32.593068201440126,3.416722070235034],[32.591235000915574,3.414984161196859],[32.59123499635931,3.4149841591440495],[32.58906927810598,3.41400922539643],[32.58659664735056,3.414579911447581],[32.58586368658439,3.415541903959948],[32.579633420017,3.413729598501008],[32.57963356076238,3.4137293424062003],[32.57963337885552,3.413729289523288],[32.580396438765796,3.412341239385802],[32.58100647287012,3.411231245154775],[32.582549739494986,3.410369790810404],[32.58465341932363,3.40507159598747],[32.58465394435562,3.4050709768604404],[32.584653996983356,3.405070844287498],[32.5848229182665,3.404871719831389],[32.587413923606995,3.401816360434519],[32.58741128141218,3.4018091376060178],[32.5855699192723,3.399011272022548],[32.58556881369894,3.399009982390303],[32.58295142245198,3.397968988663189],[32.58146594159153,3.397851583763516],[32.58095518958261,3.399014282831803],[32.58095106864887,3.3990137632303083],[32.58095093053403,3.399014075072473],[32.57001096369571,3.397634426117992],[32.57001088662916,3.3976343343700024],[32.570009790389754,3.397634196147048],[32.567392495172065,3.394683798670757],[32.567065355837954,3.3941276695977356],[32.56685380909357,3.39387582245412],[32.566613064150765,3.3943129555397764],[32.55977221832033,3.40673495789106],[32.55828610291443,3.4076048291791774],[32.55509034118154,3.4094755603316735],[32.5543470485797,3.410960881644459],[32.55113498242599,3.413259234471461],[32.550247887068075,3.412664794097009],[32.54608241136427,3.414362018092378],[32.54578117975265,3.416031385507746],[32.54738088874621,3.4169035995876516],[32.54770100942515,3.416833726313907]]]}},{"type":"Feature","properties":{"n":"Palabek Nyimur","c":"326206","d":"Lamwo","od":"Lamwo","dc":"326","k":"PALABEKNYIMUR","a":["PALABEKNYIMUR"],"lat":3.541001,"lon":32.342657},"geometry":{"type":"Polygon","coordinates":[[[32.2525,3.6332],[32.41401586719312,3.7415687500372203],[32.41700636584899,3.7429615332175916],[32.4299713253214,3.7437542624949964],[32.42974542999461,3.742776420592973],[32.42979620523058,3.742686202113195],[32.429746042382476,3.742403300595558],[32.432856350266185,3.737247819539318],[32.432638380694605,3.7348884808042824],[32.43226176487023,3.734847082588268],[32.431388955457884,3.734751969069433],[32.431534639258274,3.7342793717722116],[32.43165946367001,3.733870809315285],[32.43061724820328,3.7319881697517725],[32.430512740581506,3.731799537751675],[32.430512747534706,3.731799401594553],[32.43051257532969,3.731799090526468],[32.43066654794603,3.728762050070703],[32.43215280661659,3.729440987569373],[32.43502443604493,3.727611055013826],[32.4353313718592,3.723742743800213],[32.43568434252156,3.7234440503252424],[32.436412540155025,3.722827496967068],[32.43692817117672,3.7203990506280338],[32.436988913565415,3.720112815411654],[32.43698895319526,3.7201127880406184],[32.43698897578601,3.720112681645912],[32.44057108450945,3.717637860798384],[32.44271494577467,3.717214907157784],[32.44437496629591,3.711752602137636],[32.44437635030999,3.711752394364998],[32.44437640700486,3.711752207797598],[32.44489941856146,3.711673869679288],[32.44504718341749,3.711651686744563],[32.446386809963904,3.708580980771687],[32.44638823771936,3.7085807051758364],[32.44638877612249,3.708579469281359],[32.44763288529625,3.708340454153621],[32.449020755173635,3.708072557310424],[32.451588811652485,3.706411568324756],[32.45314562898937,3.703732542709868],[32.4548514384967,3.703682599550237],[32.4557309801663,3.701681078549579],[32.457860402706736,3.70062941854227],[32.46273814080742,3.693652323546016],[32.46407041948936,3.6909562807482237],[32.46447364458976,3.6896072003277465],[32.46495087401889,3.676354161037994],[32.46389116850268,3.669244393747978],[32.46572440794809,3.653262197166834],[32.46400329744449,3.65108932218875],[32.464494810998325,3.6480861316437942],[32.464403755138115,3.6477138963990923],[32.463921815559445,3.645744374579922],[32.461121085436304,3.641467067866092],[32.461483018620164,3.6389955654027974],[32.461511090626416,3.638803674818819],[32.460870534870814,3.636800880421303],[32.461472913457854,3.635225580666599],[32.4617331326748,3.6345448337015305],[32.459068865079445,3.627790105676787],[32.46078865637458,3.62755381121949],[32.461771703060975,3.626502193372149],[32.46442706375995,3.6198016563724305],[32.46442891535127,3.6197496792099804],[32.46456447248055,3.615933151849744],[32.4645649049373,3.6159322316319704],[32.46456491764954,3.61593187477871],[32.464681412781005,3.6156843164575525],[32.46556132992693,3.613811954857164],[32.46450303304354,3.605515110062453],[32.464503117645634,3.6055146402511955],[32.46591084090626,3.594945695874523],[32.46746780958463,3.588265102977278],[32.46746840283356,3.58826096885852],[32.47175962029335,3.58507356793639],[32.47328163201527,3.581307685045022],[32.474094784075476,3.576828748372458],[32.47427171345617,3.562711910787557],[32.47427177885522,3.562711713424527],[32.474271779189905,3.562711686728123],[32.47427185563101,3.5627114817284737],[32.477724237672966,3.552292789559262],[32.477905140542184,3.5509301232427166],[32.47753107914999,3.5485887795187234],[32.47691488772324,3.547239048140552],[32.47612533433398,3.5397900967107208],[32.47033667809987,3.533729197457599],[32.4701346208628,3.532711039192183],[32.4733154822787,3.5304646167840326],[32.47378217805821,3.530134763591075],[32.47378250214061,3.530134792957821],[32.473783534285936,3.530134064024965],[32.47678967556845,3.530405524584175],[32.47727123114762,3.528825120797902],[32.47753335595233,3.527963805944466],[32.4771629958869,3.526233452027272],[32.47800791435775,3.525148014271188],[32.4797286211908,3.525587891897879],[32.47992052662765,3.524801713989559],[32.48571092967056,3.521537683448974],[32.48774599284779,3.522970551798572],[32.48860546112105,3.521108434065891],[32.490499213703885,3.521181281885241],[32.49157058442521,3.5221860873554895],[32.491567026182686,3.5221017565356934],[32.49153529638709,3.52146907808658],[32.493680458951886,3.5208942881007683],[32.494096873470646,3.520230180631548],[32.49446631245471,3.519639570842013],[32.49593433563208,3.5193283953052585],[32.4963234716114,3.5192458651263667],[32.49898989581495,3.513125424237094],[32.50048356832894,3.5125412325087297],[32.50211373758098,3.511902824809182],[32.502114335414895,3.5119034215872706],[32.502119050170386,3.511901577594606],[32.50297645373472,3.5127633839970422],[32.503387005524516,3.5122812917257855],[32.50465659688543,3.510789900896492],[32.50528906175489,3.510846699089611],[32.50606750135024,3.510916268525313],[32.50764132559483,3.508655182558385],[32.50954642415684,3.5076538296014133],[32.5106428591691,3.5070773677245413],[32.51150320062568,3.5031638754152],[32.51150381687775,3.503163850962961],[32.51150389465617,3.503163497149304],[32.51364446154943,3.50307891241382],[32.5137361352157,3.503075274898304],[32.51516690550181,3.500778154610015],[32.515167260762254,3.500778064935784],[32.515167461651345,3.500777742401793],[32.51530848774939,3.5007424166622996],[32.516739031208026,3.50038132133994],[32.51749168387242,3.496520384298619],[32.52226638146783,3.494655531203762],[32.52245305139535,3.4939198967313256],[32.52269595174951,3.492961349086403],[32.524555104165216,3.492386948840423],[32.52512409320315,3.491899600031683],[32.524669226733224,3.491152781052353],[32.531388606079176,3.486309208026093],[32.53502957454563,3.481264506823144],[32.53589210739474,3.4806208184839997],[32.5396659160977,3.477803656241896],[32.53872696262407,3.47653108421963],[32.53872691175301,3.476529477776262],[32.53872690269199,3.476529465537398],[32.5387257677245,3.476493350810211],[32.53854536532926,3.470796472481925],[32.53518748407034,3.465432778883121],[32.53518741837026,3.4654323477552578],[32.5351873576165,3.465432250752988],[32.53472147229895,3.462374781685059],[32.533664508826114,3.455438923973306],[32.53195148187266,3.45210822150973],[32.528912098299884,3.450156711541689],[32.53215941795719,3.442966780703016],[32.53215984378214,3.4429664399176363],[32.53216003166242,3.442966023821456],[32.53495136330518,3.4407323696671432],[32.533228639339306,3.439610160286671],[32.53265346676948,3.4398697309909045],[32.531458747118435,3.440409474526546],[32.53145758878231,3.440409421003249],[32.53145733404485,3.440409535964192],[32.525393923310574,3.440129236900291],[32.52424910500614,3.440076338221897],[32.524247775603435,3.4400756272808297],[32.51984660215758,3.438148515059639],[32.51919778218536,3.4373749800649467],[32.51877634913263,3.437149605117634],[32.51882132860173,3.436926165242227],[32.51860996668969,3.436674175718919],[32.51951392131102,3.4334854086016167],[32.51723091400204,3.425284349953023],[32.506297345188464,3.4240730933938797],[32.50541383280908,3.4239752674438346],[32.49765871650429,3.427757624822465],[32.497965755438685,3.430241299662895],[32.49077443788486,3.424815648479228],[32.485679032065896,3.424144867242688],[32.48243008245596,3.422287863804128],[32.47864753409338,3.422891699983518],[32.480041558067256,3.4109678127709757],[32.4799534464965,3.410540815982489],[32.47789557216527,3.410005372122205],[32.47785828713276,3.4100543175894287],[32.47260256080982,3.416956328603626],[32.4633643621816,3.417320753400756],[32.46061107837397,3.418285894022785],[32.45751773197766,3.421527829355226],[32.45576288135399,3.422003719756993],[32.45099448508615,3.419949196708489],[32.448170019029334,3.416177685845672],[32.43544882067746,3.411972444957122],[32.43084020775747,3.4153607315263446],[32.43080229729765,3.4154026099060397],[32.427717185489826,3.418810922360481],[32.42337850276269,3.420263971917031],[32.421412108490614,3.42092256156661],[32.42141205149348,3.4209225476471286],[32.4214116176831,3.420922692932698],[32.4059448498385,3.417145419911343],[32.40234619154457,3.416937137502497],[32.39836058857303,3.418216055456472],[32.393333980181666,3.416937095610709],[32.39333383407687,3.4169369645876504],[32.39333376531727,3.416936947092299],[32.39277500352061,3.4164358195851605],[32.38872377758619,3.412802783402277],[32.38800277780868,3.411077849099486],[32.38120538444091,3.40751988468452],[32.381205362009126,3.407519740180464],[32.38120527051132,3.407519692303651],[32.38111641617967,3.4069467570477707],[32.3804813329819,3.4028555932189266],[32.377581767264964,3.400513554070716],[32.37602767894001,3.399258396204624],[32.37551226884501,3.3972214786707213],[32.37372591195456,3.397089099507337],[32.373726004808226,3.3970884513377464],[32.37372436233059,3.397088329262925],[32.37408561992901,3.3945747113686897],[32.37298073786263,3.392241342797707],[32.37136378731423,3.388826998001636],[32.37083029923975,3.388966823873082],[32.36940417683679,3.389340911125849],[32.369403639058035,3.3893407478888378],[32.36940336865162,3.389340818761674],[32.36513938581981,3.38804641472348],[32.36240652368101,3.3864672391862864],[32.360220533450125,3.385204536554979],[32.36022032098939,3.3852039490404264],[32.360218541997256,3.38520292105558],[32.35685632673821,3.375901908424803],[32.35525736281204,3.375444747666835],[32.35468037298241,3.3740621183188266],[32.35457237378954,3.3738036554662294],[32.35303019042578,3.374216943754426],[32.35301534507,3.373290873890011],[32.35174528245546,3.372789274147892],[32.352162157838855,3.371936529475461],[32.34992878991473,3.3715894087225062],[32.349696406125275,3.3715536544620424],[32.34863838492573,3.372097928052921],[32.34843886555784,3.372200727301121],[32.348438762392554,3.3722006190698854],[32.348438658705426,3.372200672409238],[32.34611596960093,3.369764193470797],[32.34312997453622,3.370488082281835],[32.34313024766281,3.37048684448786],[32.343127705811405,3.370487459855305],[32.3434174541125,3.3691852414169534],[32.34347018690233,3.368946259453759],[32.34168098981493,3.36841256780483],[32.34046280493024,3.366738040752964],[32.33887794950424,3.367251383658864],[32.33770326995007,3.36763233790527],[32.33770311759825,3.367631917816534],[32.33770253318931,3.367632107109627],[32.33750161250447,3.367076295828686],[32.3371310868894,3.366054623498098],[32.337132215276675,3.3660544242054766],[32.33713143892749,3.366052276573773],[32.33833058536263,3.3658417272322043],[32.338197615928294,3.3646640126836225],[32.33566571432332,3.363596540826311],[32.33566568204889,3.3635961787985806],[32.335665479717946,3.363596093577696],[32.33557632873759,3.362593887657379],[32.33534171463841,3.35996218179452],[32.33370503935372,3.359389654489442],[32.33279095803271,3.357581474299302],[32.33005131132799,3.359103811182237],[32.3300508331056,3.359103791985981],[32.33005029283404,3.359104092146431],[32.328072987260654,3.359024399560372],[32.327214133164496,3.3589899244216186],[32.32542474896536,3.3602052651451166],[32.32317923958141,3.361730644505838],[32.32317908636089,3.3617305078603295],[32.32317829961098,3.361731042216898],[32.31999966919138,3.358895144684112],[32.318038666324604,3.358951830681462],[32.31800023074432,3.357124375788032],[32.317947786076246,3.3571158991362875],[32.31611850488038,3.356820900504493],[32.31611854418145,3.3568202380697088],[32.31611606515998,3.356819837384521],[32.31621088178534,3.3552585611999692],[32.314956756069854,3.3541642214551683],[32.31426960289807,3.353564735187084],[32.31447896053072,3.350195739750542],[32.312727711756416,3.349319774517445],[32.309643670361936,3.343247344441732],[32.30221971292692,3.340658509689102],[32.29651255697651,3.340354487944189],[32.29651234287657,3.3403541271503614],[32.29650930526095,3.340353965175006],[32.29594329829029,3.3393960483286853],[32.295539374855366,3.3395262014354934],[32.29479658140828,3.34040772718371],[32.29098309690794,3.3536754753411397],[32.291264648775574,3.354321670768986],[32.29050486711058,3.3553393165111145],[32.2902,3.3564],[32.284632481344666,3.363204745023183],[32.27818982525215,3.371833989242413],[32.27871538826784,3.374921752156678],[32.27677404416038,3.377639876438749],[32.27628612489721,3.381399636428209],[32.2739065805283,3.3864019951328737],[32.272976179783086,3.3895824466598703],[32.272657394503696,3.398031266186164],[32.26866465644316,3.4046830286102674],[32.26835821213743,3.4088711007885104],[32.269690009160605,3.411394730727931],[32.26941913012529,3.413350821158158],[32.27068859547889,3.415106556944642],[32.270474840747376,3.418148940080274],[32.26750378368353,3.4205482896584236],[32.2675,3.4206],[32.267383319924825,3.4206455731041547],[32.26602124601693,3.421745549101273],[32.26295377486123,3.422496345625052],[32.261794672496514,3.423601700161861],[32.25946571057287,3.423738046562951],[32.257984227107116,3.4243166869193815],[32.25691333393914,3.425699771302211],[32.25560025003507,3.425247824778545],[32.24983110199052,3.427501148530016],[32.24713238533702,3.430111963828065],[32.23253890136067,3.4342551659505407],[32.2314,3.4347],[32.226461789404986,3.444664603522076],[32.22631872739655,3.445300853465379],[32.22519261627256,3.447225613592876],[32.22039683948954,3.4569028060300337],[32.220416291084724,3.457596522455431],[32.22311346711046,3.464705347091304],[32.21900555043269,3.470211431037124],[32.2184204751827,3.4765358158822557],[32.218355357430255,3.479056887538955],[32.21815070709549,3.4794518804440213],[32.2181,3.48],[32.21778515864304,3.4801574206784798],[32.217299246202806,3.481095273854205],[32.214435779847186,3.482758429092696],[32.213077667232966,3.4825111663835173],[32.200841627393984,3.4886291863030063],[32.200714069653145,3.48942224219507],[32.201,3.5041],[32.201029647175105,3.504507648657696],[32.202482920139715,3.504995159230142],[32.203486159585744,3.506184663592224],[32.20523751192476,3.512847312840236],[32.20300486979108,3.518189255028382],[32.20272470933123,3.522407965847824],[32.20513110233167,3.5306995591210835],[32.20628872498489,3.531981382356999],[32.20709752414827,3.535035944202272],[32.209305216782575,3.536006427415991],[32.210599966459135,3.537824712401],[32.20847241095819,3.542212546453765],[32.2114,3.5523],[32.21625535587036,3.558419078631144],[32.21756709438477,3.559306514579718],[32.21862453053962,3.561002617937015],[32.21859731377411,3.561370587222173],[32.2187,3.5615],[32.21855401368759,3.5619560021893246],[32.218537344791756,3.562181364813048],[32.218462376573385,3.5622422394674],[32.21515193318917,3.572582725543935],[32.21609173495448,3.574830485599831],[32.21291638956635,3.579565659556778],[32.2098,3.5893],[32.20899776935387,3.589873021890095],[32.208268333857276,3.592047315256212],[32.20693977783988,3.592590098578299],[32.20604160683543,3.591984566546121],[32.19791567951601,3.5977888003457044],[32.19866522233829,3.5982961331643892],[32.2525,3.6332]]]}},{"type":"Feature","properties":{"n":"Palabek Refugee Settlement Camp","c":"326207","d":"Lamwo","od":"Lamwo","dc":"326","k":"PALABEKREFUGEESETTLEMENTCAMP","a":["PALABEKREFUGEESETTLEMENTCAMP"],"lat":3.368448,"lon":32.502223},"geometry":{"type":"MultiPolygon","coordinates":[[[[32.4225192818683,3.3648667821927694],[32.42319646121897,3.366334657796472],[32.42151849790213,3.368141350052123],[32.421652651532995,3.3693609237385274],[32.42183221994983,3.370992921732473],[32.424602316481824,3.369525672322631],[32.426610303987204,3.36637373519217],[32.432306728373106,3.368137506539041],[32.43074501593664,3.370182995427193],[32.42871030150625,3.375912308931593],[32.43258304105887,3.377181143311729],[32.43741334476086,3.381012074773025],[32.439034168431114,3.3827905561898386],[32.44352762661742,3.387720741844245],[32.44352765666988,3.3877211266621363],[32.443528500254494,3.387722052302343],[32.443723295877945,3.3902262612061396],[32.44377593117265,3.3909002492902105],[32.4468228310732,3.392423201313041],[32.44683213362136,3.3924217578171763],[32.44792647664155,3.3922511914540117],[32.450686150955875,3.389045856350348],[32.450990142223525,3.388692764223353],[32.45116180334366,3.385170794038687],[32.45116192577761,3.3851705827017855],[32.4511619274449,3.385170548454583],[32.4528918415794,3.3821845234544354],[32.4541503847096,3.380012114630701],[32.45529618867081,3.373995718676345],[32.45405557775409,3.3719025696132165],[32.45372932850015,3.371352318983275],[32.45009223105537,3.369075361971379],[32.453414283732165,3.3686776167426435],[32.45425000816984,3.3685774818090066],[32.45540844957074,3.36745595087877],[32.456864246177986,3.368238118172761],[32.457447554227436,3.368550903155742],[32.457447688456185,3.3685515887947313],[32.45744825580138,3.368551893616748],[32.45804159880412,3.371564913337802],[32.46100941802921,3.3686390095582763],[32.46140235376224,3.3674986908320785],[32.46247962508685,3.36437115903532],[32.4665894253107,3.365740907165709],[32.46938957511915,3.365113546966796],[32.46939019422884,3.3651151955028635],[32.46939104293244,3.365115005523192],[32.46969056996968,3.365915021849084],[32.470603095633535,3.368344852119405],[32.46847234137356,3.37341487017456],[32.468195508421466,3.374073686294506],[32.46819544129785,3.3740737393880122],[32.46819508470256,3.374074587887821],[32.466150044884486,3.375693790753305],[32.466244402171384,3.3757791941002124],[32.469294376470046,3.378535544195761],[32.46681777120454,3.384559861989716],[32.466815848236266,3.384560555677362],[32.46681577980385,3.384560722090913],[32.46646226502624,3.3846881065621255],[32.46235881354214,3.386168377266531],[32.46268308039718,3.389240568716648],[32.462683612459266,3.389245595533191],[32.462683611466055,3.389245600206139],[32.462683667145484,3.389246127728044],[32.4619432406031,3.392728959747549],[32.46172016975323,3.39377848237492],[32.461720102682776,3.393778560010613],[32.46172003618476,3.393778872805228],[32.45778026549804,3.398339222577004],[32.45697082209967,3.400606826370415],[32.46303959621097,3.401979000312448],[32.462771927270936,3.399165205084573],[32.46320504397569,3.3981291344407656],[32.46366341159141,3.397031750415437],[32.463663852268795,3.397031606226288],[32.46366413999013,3.397030917960004],[32.468989453548026,3.395289066879996],[32.47117657747116,3.3964962475204032],[32.471601829696624,3.396730890369179],[32.47440748365507,3.39698086318762],[32.4739439235631,3.398943236884285],[32.4757423552748,3.402234708292116],[32.475349747645375,3.404040713899755],[32.47384260021619,3.40550580824602],[32.47386680377593,3.40553267876421],[32.478055836615425,3.410047071760787],[32.479953417029044,3.4105408083152717],[32.479953448943434,3.41054080439215],[32.48012292348974,3.4102718476090943],[32.48025120505255,3.409174581769295],[32.48167652792424,3.4078062711555037],[32.481677250571515,3.407805124311392],[32.48167777094167,3.407805077858202],[32.481678876286495,3.40780401672666],[32.48639795480709,3.407383709342078],[32.4874463559159,3.407290119085402],[32.499386393656366,3.399810656796055],[32.500270500905664,3.3898988120113853],[32.50028099205577,3.3897810726453237],[32.49732303511702,3.388994238851246],[32.496003915336885,3.3872156122068007],[32.49546713479493,3.386873938726981],[32.49019989393964,3.386654419865144],[32.490199654448375,3.386654427573155],[32.49019963811284,3.3866544092032416],[32.49019788656906,3.38665433620546],[32.48964490194012,3.386030592419813],[32.4951881624614,3.3805406946848757],[32.49548478814327,3.38024671722437],[32.495485062546436,3.3802466527400488],[32.495485745738925,3.380245976124388],[32.5027993212428,3.378527324474742],[32.511896206661916,3.374737826601425],[32.51202255518026,3.374685186984328],[32.51202258200889,3.3746851823076325],[32.51202262850069,3.374685162940501],[32.51720771278291,3.373780808277673],[32.51717482168576,3.370658718626542],[32.51858821648296,3.369131110306874],[32.52650522581145,3.37310591784194],[32.527599774569936,3.374343236831693],[32.52759984388084,3.374343945009996],[32.5275999196658,3.374344030722166],[32.52771216859657,3.375491613299135],[32.528028221192294,3.378720853982597],[32.52803223479117,3.378724471882113],[32.53010071708539,3.380237419216127],[32.530111089111244,3.380241920540682],[32.53011217415031,3.3802405038298695],[32.53351435380364,3.3739971633241352],[32.53351516885851,3.3739953173774264],[32.53413048905315,3.364788931215387],[32.533840086680975,3.364630829882971],[32.52198972062712,3.360236499710636],[32.521989718518654,3.360236501930715],[32.522091380377915,3.36054800748778],[32.51688470824102,3.365615756785125],[32.51460874367701,3.36375309639825],[32.51457813305729,3.363728066550252],[32.5100094398754,3.361753025002964],[32.505821566644684,3.35737485183027],[32.49867734431593,3.354620278509331],[32.50077581412348,3.347485684112377],[32.500401147771925,3.345041555213769],[32.49900639057658,3.345247089838365],[32.498185340242664,3.335614067072469],[32.49569567128013,3.336291988995993],[32.49566043031902,3.3380331601911237],[32.49550455450942,3.345810550650941],[32.49369445846409,3.3454192583813716],[32.49254816774947,3.346424397897334],[32.49013877754131,3.348537377815267],[32.487721434734155,3.3523632995504697],[32.48769522513484,3.3525100598691395],[32.48680331072197,3.357508199223664],[32.480214147571736,3.35570175365567],[32.47753256754375,3.353151116263907],[32.47460190595337,3.354851809892156],[32.4736459277488,3.350856688803117],[32.47261738528913,3.350796890735945],[32.47201777047088,3.346556589618477],[32.472017798585796,3.346556556003759],[32.472017788241,3.346556483003001],[32.47325130414027,3.3450817538913813],[32.475221784271106,3.342725811310647],[32.47656297854808,3.339474018423042],[32.48384586645351,3.343224891731038],[32.484093539999186,3.343352335250772],[32.48607606771279,3.3430482521827436],[32.48607902619841,3.3430388040611816],[32.486440628912916,3.341875725524538],[32.48337984233419,3.3408745939066242],[32.4830912017567,3.340780746348687],[32.48308997486184,3.340779783149942],[32.48308727212933,3.340778899131765],[32.47495446389055,3.334392864662542],[32.47331263612298,3.33282242276856],[32.47264462700948,3.330157376374075],[32.4685175776639,3.3286038263061717],[32.46847287216875,3.3285870042685],[32.466941450481094,3.328561221864891],[32.46784454334042,3.333083289301809],[32.46784326588271,3.333083778728307],[32.467843367988415,3.333084290525344],[32.46045087072715,3.3359159931063993],[32.45988591632489,3.336132441489822],[32.46013133146731,3.327646748088022],[32.45811344675283,3.326475695405795],[32.45810241256867,3.326469304878749],[32.458006572755274,3.3266065176462383],[32.45798413760094,3.32738297536845],[32.45648074298224,3.328791540283472],[32.45577599756493,3.33176118193478],[32.45577533647233,3.331761511627014],[32.45577531018405,3.331761622370247],[32.44836875874776,3.335455380047174],[32.45155853039153,3.338706080689895],[32.44476289028302,3.343969364830082],[32.44291408035904,3.340580285584363],[32.4407183300347,3.341489381858082],[32.44046805174836,3.341953349787931],[32.43875828861803,3.345123766633246],[32.440478044639576,3.351115919779446],[32.440476382426006,3.3511166317394125],[32.44047662598675,3.351117481159446],[32.43449466641237,3.353678722679599],[32.43321105886018,3.354228517967894],[32.43209167031913,3.355414124617263],[32.43345627767802,3.355827022403045],[32.43082936450024,3.358168400013304],[32.43037937352126,3.357144146320632],[32.42892579356696,3.358463455039779],[32.42486901889316,3.35593567940314],[32.42510654649947,3.354868061001371],[32.42513765943229,3.3547255633854736],[32.423776843259226,3.353858409966685],[32.42349937036645,3.351431833857023],[32.42099299425176,3.351815795300064],[32.42099309927515,3.351823268553674],[32.42142742122689,3.3620142895676817],[32.421792306369966,3.363258859468012],[32.42367150821805,3.362409705325371],[32.42315852245307,3.3635027854490667],[32.4225192818683,3.3648667821927694]]],[[[32.40395255747507,3.331693596853312],[32.40400760896725,3.331731189478678],[32.41161213814721,3.336874603402263],[32.417031859150434,3.3351236261548034],[32.4172149839578,3.335063083767849],[32.41781387695816,3.3329101021676],[32.41820433785963,3.331505659404816],[32.41820459609325,3.331505492148409],[32.41820478315522,3.33150481967273],[32.42085072660767,3.329791597377691],[32.420959419243545,3.3291888619549046],[32.42168799632004,3.325148252848639],[32.421688076400216,3.3251482250171307],[32.421688315289245,3.325146900301071],[32.42311652718348,3.324650934214166],[32.4238001249842,3.323358933371121],[32.42501934086751,3.321054139791335],[32.42490915351443,3.3188095164486837],[32.424905346956365,3.318732116590388],[32.423763206954895,3.316809263905253],[32.4242230579494,3.316031312770484],[32.42648490840543,3.3122032893063],[32.424372319421856,3.309461517738552],[32.42229745583368,3.308433558651389],[32.42209576761735,3.3075024981373327],[32.42209242146181,3.3074870639560348],[32.41782340347945,3.308964486914096],[32.41692983979462,3.3089371330435733],[32.418409257855735,3.312861180668385],[32.41618208833811,3.314802814921232],[32.407960050905345,3.310634722321473],[32.403904926871185,3.313888490377708],[32.401962426118445,3.322455167647749],[32.399849519204004,3.32696652177531],[32.39619799333493,3.328871088316212],[32.40055687663554,3.331845192156381],[32.40394881842054,3.331691425791887],[32.40395206127359,3.3316936191341915],[32.40395255747507,3.331693596853312]]]]}}]}
