{"type":"FeatureCollection","name":"Masindi sub-counties","metadata":{"source":"Uganda Bureau of Statistics NPHC 2024 Map Explorer","retrieved":"2026-07-26","display_only":true,"clipped_to_dashboard_district":true,"positive_area_overlaps_removed":true,"source_gap_ratio":0.35621764},"features":[{"type":"Feature","properties":{"n":"Bikonzi","c":"409101","d":"Masindi","od":"Masindi","dc":"409","k":"BIKONZI","a":["BIKONZI"],"lat":1.577952,"lon":31.673561},"geometry":{"type":"Polygon","coordinates":[[[31.589564603387366,1.576460120255551],[31.5894588215421,1.580937260258044],[31.58839228820757,1.584454955193876],[31.58888526444293,1.588730026771513],[31.59321600430739,1.588979851804355],[31.599525909123376,1.586986014579902],[31.601509144203387,1.590751006738617],[31.600925338947555,1.592938107657833],[31.6034790372885,1.593059310302096],[31.60413047345807,1.596949877622627],[31.614569827685713,1.603755465490118],[31.615570445575496,1.607472568915914],[31.61778687666845,1.607147085521349],[31.61919601489663,1.607889467218478],[31.620128777515504,1.611030334951766],[31.627337958738487,1.609763376929314],[31.627758506009606,1.616311741710704],[31.62619588693259,1.616426975097617],[31.623297732766666,1.619760185711592],[31.6223146848471,1.622236484259184],[31.62231245007467,1.625231743620764],[31.620122662910024,1.628095967795746],[31.625153003266266,1.627171010888467],[31.6271233615196,1.628176391207238],[31.6293743454063,1.631189849496605],[31.630321287411093,1.637612099133223],[31.63257600626411,1.641473999524672],[31.628764749051363,1.645724005227041],[31.628990987406517,1.655346841826768],[31.628368899672918,1.656921036563034],[31.63226546594825,1.657710644275581],[31.641632589584578,1.652462362683883],[31.64585655726282,1.653636667404299],[31.648282306946985,1.651027749569032],[31.651078583431236,1.643821862582799],[31.653747125020807,1.641309064872077],[31.65862491901431,1.639123860340614],[31.667720868017096,1.637709769336393],[31.67108514833773,1.637829976564964],[31.672579056651927,1.63906973496569],[31.675289295606476,1.638963003784954],[31.682794366382232,1.63673390651285],[31.685745678088132,1.635044799634173],[31.688729990366085,1.634802217206026],[31.69118724497037,1.631185766958991],[31.69180383785757,1.626889687272215],[31.69478011380103,1.624748234975727],[31.69636112274745,1.619905234764853],[31.70097832976762,1.616643609345038],[31.705225209270452,1.615919017071113],[31.70484885585857,1.609994949664584],[31.70560465502419,1.608608486701351],[31.711469455578293,1.605845671412193],[31.714932660408135,1.602266258721022],[31.717046385967024,1.598187860745888],[31.72243368852895,1.591787828199884],[31.724336291914174,1.590939311257504],[31.731837172773,1.591043039993379],[31.733546542865177,1.591767648122923],[31.73552521708321,1.589381154554217],[31.738082996998802,1.588288148128977],[31.743503450279515,1.588110541634878],[31.748261119102516,1.586648119188895],[31.756559292371804,1.579443190571813],[31.761585269814212,1.572190249773179],[31.7667925872234,1.570060322614097],[31.771337884925742,1.57091722091334],[31.77186607341643,1.565631491929751],[31.773293234683354,1.564176852276299],[31.771866134527293,1.561227276958196],[31.76519342618789,1.558145146425876],[31.760981923705973,1.556788907176366],[31.752130351600588,1.557074338949014],[31.74106682865037,1.551721119282398],[31.73540465863888,1.540748910921898],[31.727322142557846,1.541286861197351],[31.72726011749931,1.556147665997126],[31.733784557562323,1.561631992545909],[31.737696365491892,1.563256679899416],[31.737385177037726,1.564960886306424],[31.734839826954804,1.566957299871857],[31.72643193839823,1.569154005414452],[31.720449487058513,1.571711019986324],[31.715933023149166,1.57133301750969],[31.71320380109358,1.569458924520424],[31.70938177206314,1.562474347424379],[31.70746921106743,1.555271390881029],[31.710580669086365,1.538402645421074],[31.709279519233675,1.53503359817285],[31.709732214542072,1.53098752369964],[31.71238875246145,1.528090031086464],[31.71462838657447,1.522554160692535],[31.716720761864394,1.520806865180754],[31.716306063098184,1.517975409702642],[31.718396208307745,1.514667679245977],[31.72517674843939,1.511949150950792],[31.729610275459777,1.511897352327243],[31.733464948983652,1.510271535254128],[31.737020874579574,1.506195414159097],[31.734781332129657,1.498769176596236],[31.730332082137434,1.498004547033569],[31.721762045379634,1.498614589450835],[31.71443218312492,1.497036430626176],[31.703927098077497,1.504908701442372],[31.697717190621344,1.507632954119082],[31.689365289841124,1.509274801738715],[31.687758887796782,1.510238413448153],[31.67958570504715,1.510131373329809],[31.671662263298924,1.508382530967237],[31.666284391396353,1.508465528669406],[31.66586869527176,1.515341054868215],[31.66316213313483,1.518583160555988],[31.66194256228318,1.521646867378382],[31.664292191855104,1.530509914393005],[31.66283559712224,1.53627920772575],[31.65507186637591,1.537767721317703],[31.64789102933581,1.542393258453939],[31.64466811558702,1.538336845745361],[31.644848718597288,1.537103442849409],[31.63938330323932,1.53432017961128],[31.636403115298187,1.542512228823459],[31.63626212150741,1.549760959331548],[31.631913390276765,1.558372263199587],[31.631138017498248,1.56306681973629],[31.62914191049142,1.564943842902501],[31.626245957383812,1.565621924118989],[31.61078496178291,1.565353591491031],[31.59799461981995,1.566801149732014],[31.591558152917578,1.568739617177602],[31.587585743405356,1.572042756693295],[31.589002502994767,1.573141267957458],[31.589564603387366,1.576460120255551]]]}},{"type":"Feature","properties":{"n":"Budongo","c":"409102","d":"Masindi","od":"Masindi","dc":"409","k":"BUDONGO","a":["BUDONGO"],"lat":1.638523,"lon":31.546358},"geometry":{"type":"MultiPolygon","coordinates":[[[[31.455394499514274,1.6930199123976502],[31.465538846882,1.6951574713072792],[31.46853836622442,1.695221742870478],[31.469403595739557,1.6959718291022639],[31.482859157582986,1.6988071082049867],[31.48428744148926,1.698228064784711],[31.487477004689794,1.694549443013726],[31.492567734614884,1.693622166283123],[31.497972070073025,1.69387108487364],[31.500725567622496,1.695315311803373],[31.5008,1.6953],[31.500851806780492,1.695462136035243],[31.50252334979273,1.697971164143681],[31.502799541320115,1.7015578237611004],[31.504631913677457,1.7072924705831471],[31.505849848014222,1.708041310434818],[31.506162646005887,1.7120830958332391],[31.5062,1.7122],[31.507941767123317,1.713755481869485],[31.513719092337865,1.716167941992685],[31.515206013059558,1.718357464436889],[31.515509847542212,1.7205141419227257],[31.5249,1.7289],[31.525239479726693,1.7290910907895536],[31.526899101396996,1.728731719071401],[31.52963629099448,1.731555484156787],[31.529815431856775,1.7316668625860463],[31.537370498830185,1.7359195575176198],[31.542539917283033,1.736413544680899],[31.546065570629008,1.739382570553402],[31.547811404715308,1.725145844892342],[31.548168316756566,1.710274517034187],[31.547118948228466,1.70165339419958],[31.54893557792648,1.697506998354773],[31.546818872995857,1.693760036754437],[31.54818583533946,1.692197285363942],[31.548482430119158,1.689081486660519],[31.55039179924797,1.687091373094257],[31.55060501530279,1.685503528874373],[31.548795639155696,1.680761155734654],[31.550867725183235,1.677466217557832],[31.55225815031488,1.679696113669287],[31.554899952158568,1.6806300748012],[31.555368306811946,1.685768091119728],[31.557824900418588,1.687151202293831],[31.561673976487306,1.687140023467671],[31.56101586076026,1.685250496121649],[31.562244069906793,1.680392429684],[31.559915637181152,1.675744749774849],[31.559658468271685,1.673280982496516],[31.562679400609557,1.666283962665114],[31.56149444417373,1.654863137558439],[31.56329312896966,1.652002222992857],[31.567647643158484,1.656623736114105],[31.570720444067025,1.657159150265773],[31.572104255998674,1.655411057444573],[31.575176089842834,1.647251997288924],[31.57047639551431,1.64547720238684],[31.565442112317477,1.647096267516631],[31.566584010472425,1.64417682675643],[31.56651286158321,1.642120958394524],[31.565251754281036,1.636445319528385],[31.562872482234507,1.63221989391549],[31.56398318517827,1.630080247002119],[31.557533175936772,1.630527688484887],[31.557748701600282,1.626989306384822],[31.5553816742186,1.610396902756564],[31.558262139425562,1.60146260323926],[31.563400227830268,1.594937055695671],[31.564874734086477,1.588659319617674],[31.56760833388698,1.589393638973194],[31.573756106483078,1.588307663105427],[31.575594242064973,1.586768324886922],[31.5757601443137,1.58525152516181],[31.574443150656446,1.582405661472073],[31.575105929069725,1.577571675950663],[31.573930128575146,1.575152116716416],[31.578484759071696,1.565007758973212],[31.574600967177293,1.559356198972562],[31.570389230497575,1.556305084252574],[31.568759675012018,1.552035237430463],[31.56226459754946,1.546675932780353],[31.560883343836817,1.541013734069317],[31.55936116858708,1.53847121674283],[31.557501384949607,1.538071997366614],[31.556825244275714,1.542864813581986],[31.55562620749523,1.544861085594232],[31.553099649587875,1.544716623018514],[31.547646791024174,1.546232328059839],[31.54325159344983,1.550154448792453],[31.534169271225593,1.5546975160755],[31.531188682247066,1.55857536748146],[31.52928287709111,1.560066537979033],[31.525087923761557,1.560162901807181],[31.520452336575435,1.558459666226476],[31.5207744395065,1.557855605812533],[31.519515693718734,1.556029679929357],[31.518159538452835,1.555729879420691],[31.517559602689158,1.558114202349749],[31.512576070317426,1.560926598637161],[31.502897554804353,1.557614407795024],[31.503578120535963,1.561136836570073],[31.50246021995078,1.56311214051357],[31.49709618185823,1.567369683237277],[31.50079108616948,1.573759949307677],[31.49785666492494,1.578746035863529],[31.49737133904094,1.590451611095065],[31.496382252990344,1.591763745955664],[31.499654697215565,1.599965280876343],[31.500911102554767,1.600346090785427],[31.503537961934942,1.598118999769317],[31.5058606410337,1.594387857551026],[31.50913286793778,1.592379655131024],[31.516575116733783,1.591555648758097],[31.520131660888243,1.592127255482235],[31.52274399079159,1.594238355704145],[31.523189652043538,1.596798135588932],[31.521702544646686,1.601490173958678],[31.523584370931005,1.604500813379702],[31.523297889954325,1.610094901664068],[31.527110706582054,1.613866707791104],[31.52980866888306,1.62827911138775],[31.52730640596732,1.636145583541639],[31.526737918728312,1.64060076765366],[31.525441344918463,1.642116848492022],[31.520022782384903,1.644222308195499],[31.517334079843543,1.649363203373735],[31.51398868203614,1.650546005194344],[31.51099304565119,1.656255840904391],[31.508754774901753,1.657581252470314],[31.505221518677583,1.658123727942742],[31.500743293888164,1.662457601754693],[31.4906759164745,1.676137057137759],[31.488260317287608,1.677415070212982],[31.48180844924243,1.675999885605188],[31.474000046923294,1.67723806142554],[31.47166549658129,1.679974179132218],[31.465505964522425,1.683318821698277],[31.46086154695209,1.684338678602011],[31.4553503495234,1.684085103233038],[31.45072174261337,1.688844942876001],[31.45523536070482,1.692941335765716],[31.45530766034974,1.692995695030443],[31.455394499514274,1.6930199123976502]]],[[[31.529927624557143,1.559540646324796],[31.529927628357427,1.559540650980296],[31.529927624557168,1.559540646324775],[31.529927624557143,1.559540646324796]]]]}},{"type":"Feature","properties":{"n":"Bulima Town Council","c":"409103","d":"Masindi","od":"Masindi","dc":"409","k":"BULIMATOWNCOUNCIL","a":["BULIMA","BULIMATOWNCOUNCIL"],"lat":1.498216,"lon":31.543478},"geometry":{"type":"Polygon","coordinates":[[[31.48312542255739,1.558831141940459],[31.489802569457332,1.558379740830153],[31.494823370623994,1.555255460869153],[31.49757924595435,1.554948202550974],[31.508291090329127,1.5594601886844344],[31.512139519259513,1.560777201716301],[31.517559604479384,1.5581141952348554],[31.518159538452835,1.555729879420691],[31.519515693718734,1.556029679929357],[31.5207744395065,1.557855605812533],[31.520452336575435,1.558459666226476],[31.525087923761557,1.560162901807181],[31.525571942906108,1.5601517832239689],[31.529283046521336,1.5600664054107298],[31.529284809143018,1.5600650262721332],[31.534169090916816,1.554697716427508],[31.534169133667817,1.5546976950430182],[31.534169271225593,1.5546975160755],[31.54325159344983,1.550154448792453],[31.547646791024174,1.546232328059839],[31.553099649587875,1.544716623018514],[31.553099837707833,1.5447166337747662],[31.55309989060781,1.544716619070311],[31.55312219256052,1.544717911972107],[31.555625621182134,1.5448610520702428],[31.556603109311162,1.5432346452834789],[31.556825244275714,1.542864813581986],[31.557501384949607,1.538071997366614],[31.557866389370204,1.5381503488663104],[31.5578914493263,1.538036869026048],[31.557480825345735,1.533268090338755],[31.5597963799151,1.526993446664747],[31.564414829277435,1.526068872596087],[31.56425599496315,1.523057466102635],[31.56651161424934,1.517845837414487],[31.566966850385278,1.510560706609227],[31.564974685062193,1.507030452747915],[31.565844126578025,1.505411584605379],[31.56500924165118,1.503565421448616],[31.568009384120256,1.490680233516281],[31.56801325428667,1.484689983194699],[31.56714620398703,1.482324756186377],[31.567888469663053,1.478505656641576],[31.57220604257461,1.468470809749165],[31.58090200987903,1.454423120705064],[31.586604894324868,1.441312821798159],[31.586445808315467,1.4405666788300489],[31.58311337304648,1.442186868353093],[31.583040930263333,1.442226409381838],[31.58303045083611,1.4422271841238803],[31.57709148844196,1.445114635453634],[31.57685852452271,1.445381968798483],[31.574188845770113,1.446525865039945],[31.5691,1.449],[31.568077336785866,1.449144506758519],[31.567834461861082,1.449248573104829],[31.567586251306267,1.4492138992719403],[31.550741117156978,1.4515941899669484],[31.55034217641303,1.4523111177614454],[31.5428,1.4673],[31.541051100433027,1.4690079097333713],[31.540469045365,1.470053908324705],[31.530874127647586,1.478946359719157],[31.53,1.4798],[31.529989116204458,1.4798393491069646],[31.52960541989533,1.486581863045242],[31.526096341166237,1.493923579223424],[31.515305482279143,1.502508076175211],[31.510420495606667,1.50525130786809],[31.507110075617426,1.5076479140061347],[31.506075827458393,1.509915376190128],[31.5039,1.5155],[31.503504788424024,1.515552063800428],[31.503377792204844,1.515830487428246],[31.498889050234375,1.517003578376204],[31.496766507707868,1.519154636179105],[31.494607457684214,1.517452744718658],[31.488325863448615,1.517551682659464],[31.487899171498565,1.5176078935750397],[31.487123593345984,1.517959236861843],[31.48476235727332,1.5259705735369626],[31.485721080323238,1.528778977365773],[31.483903707979206,1.532946873354927],[31.4836454341178,1.537432692481774],[31.480334284038026,1.5409943934424104],[31.478819179414767,1.546134926985612],[31.478807754539034,1.546228931967025],[31.483684320171385,1.552788892314299],[31.48312542255739,1.558831141940459]]]}},{"type":"Feature","properties":{"n":"Bwijanga","c":"409104","d":"Masindi","od":"Masindi","dc":"409","k":"BWIJANGA","a":["BWIJANGA"],"lat":1.455775,"lon":31.64224},"geometry":{"type":"Polygon","coordinates":[[[31.558193984867227,1.5382206702022647],[31.55936116858708,1.53847121674283],[31.55979268034508,1.5391919787716977],[31.560156470394517,1.539413004224881],[31.560374333171183,1.5401635241891023],[31.560883343836817,1.541013734069317],[31.562263683851622,1.5466721872420246],[31.56226482578243,1.5466761211029754],[31.568759675012018,1.552035237430463],[31.569878613758764,1.5549671394701778],[31.57038940175254,1.556305208315065],[31.574600967177293,1.559356198972562],[31.57460293347304,1.559359060258312],[31.58150543399528,1.569309737713526],[31.583450772382726,1.570912059855775],[31.58758573070897,1.572042754530569],[31.587848858026263,1.5718239715205164],[31.591558152917578,1.568739617177602],[31.59155849105235,1.5687395153417256],[31.591558597006244,1.568739427244024],[31.591560145547454,1.5687390170582816],[31.59799461981995,1.566801149732014],[31.599533548595595,1.5666269801095034],[31.60021505085622,1.566446460205213],[31.610555353209538,1.5653795776439854],[31.61078496178291,1.565353591491031],[31.611019056180798,1.5653576543060397],[31.62682888964064,1.5654854317797997],[31.62830593547041,1.5651395846628593],[31.631136539898495,1.5630682091853318],[31.631138017498248,1.56306681973629],[31.631913390276765,1.558372263199587],[31.63191345799709,1.558372129100632],[31.631913462996824,1.558372098828031],[31.63195752205141,1.558284874004538],[31.63626212150741,1.549760959331548],[31.636377146440037,1.5438473319744974],[31.63640299123133,1.542512849158331],[31.63640310955856,1.5425125239074045],[31.636403115298187,1.542512228823459],[31.63938330323932,1.53432017961128],[31.644848718597288,1.537103442849409],[31.64466811558702,1.538336845745361],[31.64789102933581,1.542393258453939],[31.65507186637591,1.537767721317703],[31.662835169067463,1.5362792897952309],[31.66382976789182,1.5323414873268422],[31.66429217203358,1.5305099929022785],[31.663757596259295,1.528493364228637],[31.66194256228318,1.521646867378382],[31.66194264509347,1.5216466593491067],[31.661942640169485,1.521646640773925],[31.66221816714954,1.5209545152217088],[31.66316213313483,1.518583160555988],[31.663162213809844,1.5185830639179227],[31.663162235336156,1.518583009843692],[31.663500264866904,1.5181781231852156],[31.665868674549102,1.5153410796912348],[31.66587290511793,1.5152714249007504],[31.666284391396353,1.508465528669406],[31.67126008468085,1.5083887378650147],[31.671661760245026,1.508382479474493],[31.671662011176466,1.50838253485829],[31.671662263298924,1.508382530967237],[31.67958570504715,1.510131373329809],[31.687758887796782,1.510238413448153],[31.689365289841124,1.509274801738715],[31.697717190621344,1.507632954119082],[31.7039269749697,1.5049087554490934],[31.7039270980783,1.5049087014417695],[31.713210817773756,1.4979516939264232],[31.714432174335276,1.497036422142752],[31.712772764475645,1.493381257131354],[31.713766134326004,1.487756998848253],[31.700703100761118,1.486758234255325],[31.69708896161942,1.484069428095217],[31.698402086860636,1.482989428240016],[31.699770580734004,1.479479642014061],[31.702173532028116,1.478468451899346],[31.701843639446427,1.475671179771924],[31.704728089683297,1.474329189963961],[31.706123338996058,1.474934953054557],[31.709621281987562,1.473935786556228],[31.712864291998816,1.474147818328265],[31.711721449386783,1.46905524693217],[31.70723594894364,1.463808190166166],[31.70384705079033,1.457126478365098],[31.70504921904937,1.45426850753351],[31.707434244724574,1.452360239368403],[31.69942614329056,1.443707458891166],[31.691437959142934,1.419408514908076],[31.690677471771036,1.407685657827242],[31.68692966699267,1.394423526916426],[31.6884796054677,1.383262965903469],[31.685168680569383,1.378322128220557],[31.683801198120864,1.374776233373973],[31.68119522591129,1.372278393151277],[31.679040389193137,1.37161642814386],[31.67863173134432,1.370169506851133],[31.67409660870875,1.365274103413976],[31.672795139759604,1.360300074260696],[31.671462662103472,1.358253706362917],[31.66832251384485,1.356018114010372],[31.670368025744335,1.350972506997349],[31.672160308623084,1.340930071993187],[31.667461841513564,1.341979521445545],[31.66623500639575,1.343072871927391],[31.664552841089176,1.342656283692941],[31.662143916597106,1.344219169733699],[31.660790276565518,1.34403806496909],[31.654740159689123,1.346721018452397],[31.652218678180855,1.3463253639761688],[31.651761706041974,1.3465203387554248],[31.65139370918498,1.347144467636227],[31.649762115488077,1.3473734973917533],[31.6497,1.3474],[31.640173662826,1.3452710079800532],[31.63615667755229,1.346276411947813],[31.634060681258454,1.344764752027333],[31.62843857534867,1.343865868612431],[31.62746986995864,1.342536125897786],[31.624538679721088,1.3417768261497887],[31.623629470606417,1.341573631688555],[31.622377525965305,1.342804911950513],[31.616783434794165,1.34358809085721],[31.61635650027788,1.343286631507446],[31.6062,1.3459],[31.590585549254442,1.3534380107047526],[31.589264177358178,1.354579442893616],[31.582995580021883,1.3571577359641167],[31.582522211711538,1.3633411095180337],[31.583955876464014,1.36401174441469],[31.583957241233747,1.36536784036552],[31.582042572278105,1.369606399617215],[31.58170325678315,1.3740387082700594],[31.58188688466201,1.374364886126054],[31.581620833543546,1.3751153618373964],[31.580968221209996,1.3836401104444174],[31.58124464656437,1.384571334619746],[31.580703681005314,1.3870956668680727],[31.5798,1.3989],[31.574130697798395,1.4049536616728995],[31.573979902427702,1.4054102695465862],[31.58143975160602,1.4250414515947905],[31.58745478377654,1.433061424121114],[31.588080865176615,1.438428033602261],[31.587005529287943,1.4396882349682765],[31.5872,1.4402],[31.586445813328595,1.440566676392726],[31.58648632356274,1.440756702874079],[31.586604894324868,1.441312821798159],[31.58090200987903,1.454423120705064],[31.572206143173446,1.4684706472392182],[31.569778341311906,1.4741132414974591],[31.56788848780334,1.4785056144801592],[31.567146251599468,1.4823248860683715],[31.56801325428667,1.484689983194699],[31.568009384120256,1.490680233516281],[31.56500924165118,1.503565421448616],[31.565844126578025,1.505411584605379],[31.565843633479865,1.5054125027360248],[31.565843915997185,1.505413127835851],[31.565387212820696,1.5062623412257594],[31.564974685062193,1.507030452747915],[31.566966850385278,1.510560706609227],[31.56651161424934,1.517845837414487],[31.56425599496315,1.523057466102635],[31.564414829277435,1.526068872596087],[31.5597963799151,1.526993446664747],[31.557480825345735,1.533268090338755],[31.557845595861973,1.5375043501431864],[31.5578914618095,1.538036868319734],[31.558193984867227,1.5382206702022647]]]}},{"type":"Feature","properties":{"n":"Kabango Town Council","c":"409105","d":"Masindi","od":"Masindi","dc":"409","k":"KABANGOTOWNCOUNCIL","a":["KABANGO","KABANGOTOWNCOUNCIL"],"lat":1.629189,"lon":31.592747},"geometry":{"type":"Polygon","coordinates":[[[31.563152177998056,1.6327166146014869],[31.565251754281036,1.636445319528385],[31.56651286158321,1.642120958394524],[31.566584010472425,1.64417682675643],[31.56581907524493,1.646132502989357],[31.565664745435633,1.6470246669522106],[31.57047639551431,1.64547720238684],[31.57047697341046,1.6454774206238298],[31.570477187021314,1.645477341258985],[31.571130693240494,1.6457242917053585],[31.575176089842834,1.647251997288924],[31.573069715455233,1.6528467124365016],[31.572105060975854,1.655409045003696],[31.572104970805203,1.6554091588557263],[31.572104255998674,1.655411057444573],[31.570720444067025,1.657159150265773],[31.567647643158484,1.656623736114105],[31.567062861344123,1.6560030981483205],[31.56329282805121,1.6520027016214538],[31.561494492427297,1.6548630608082862],[31.56267939544448,1.666283752703635],[31.562679382045026,1.6662837837367939],[31.562679400609557,1.666283962665114],[31.55965850980353,1.6732808863013302],[31.559915683568953,1.67574484236745],[31.56100670656919,1.6779225843407495],[31.56224396050925,1.680391803161832],[31.562243891934138,1.6803920744407825],[31.562244069906793,1.680392429684],[31.56101586076026,1.685250496121649],[31.561019184228762,1.6852600381890332],[31.56172090937551,1.687218241393114],[31.56919338436997,1.684871456938591],[31.56986434161282,1.682173356933345],[31.571392675216728,1.68019016739595],[31.57293390607963,1.684386045571053],[31.576162180391357,1.685755699302253],[31.57884248664775,1.694068194592019],[31.5908231224527,1.692051359961726],[31.59226507261096,1.687796890894806],[31.590252678631728,1.68622625222986],[31.59095459884394,1.682757185542202],[31.596603624220613,1.68334166483692],[31.596234621993297,1.684995268219569],[31.601206444265546,1.685530320510039],[31.603706126597384,1.688540662341443],[31.60585953044397,1.688612048806329],[31.606692339324223,1.68716058105002],[31.60553853170491,1.682032895117335],[31.60742997297679,1.681521257371756],[31.607061483935972,1.670318497359575],[31.609883749387844,1.667788848954093],[31.614400127706677,1.667972820592042],[31.617331218910408,1.66499938623068],[31.619937066117593,1.663825248783339],[31.623136408650332,1.658499370624221],[31.62490882994504,1.657398102360464],[31.627452684777076,1.657426868183829],[31.62899026919254,1.6553486592692321],[31.628990958599672,1.6553469147225708],[31.628764703205455,1.645724447269362],[31.62876475800861,1.6457243862151505],[31.628764749051363,1.645724005227041],[31.63257600626411,1.641473999524672],[31.630356152532308,1.6376718163902482],[31.630321324232938,1.637612203570862],[31.630321316071857,1.63761214822361],[31.630321287411093,1.637612099133223],[31.62971562669082,1.6335044512297727],[31.629374330366268,1.63118982936207],[31.62721350645715,1.628297070884647],[31.627123352931772,1.6281763868252763],[31.625179279770837,1.62718441854187],[31.625153000960278,1.6271710113124818],[31.623203551921925,1.6275294674458078],[31.620122725513713,1.628096224833993],[31.620122964406978,1.6280959123578096],[31.620122662910024,1.628095967795746],[31.62231245007467,1.625231743620764],[31.6223146848471,1.622236484259184],[31.62231475900784,1.6222362974482225],[31.622314759153543,1.622236093132219],[31.623116467422722,1.6202167932675486],[31.623297732766666,1.619760185711592],[31.62619588693259,1.616426975097617],[31.627758506009606,1.616311741710704],[31.627337958738487,1.609763376929314],[31.620128777515504,1.611030334951766],[31.61919601489663,1.607889467218478],[31.61778696026348,1.6071471295620383],[31.615572430543725,1.607473872119842],[31.615572017530454,1.6074723380739822],[31.615570445575496,1.607472568915914],[31.614569827685713,1.603755465490118],[31.60890465466048,1.6000622453955575],[31.604132258178723,1.596951162307804],[31.60413223540833,1.5969510262671738],[31.60413047345807,1.596949877622627],[31.60347904906151,1.5930593806139361],[31.600926467997986,1.592939211006412],[31.600926745100722,1.5929381743961315],[31.600925338947555,1.592938107657833],[31.601509144203387,1.590751006738617],[31.599525909123376,1.586986014579902],[31.5934241463793,1.5889140819674008],[31.593216377595255,1.588979775232078],[31.5932162669134,1.5889797688247136],[31.59321600430739,1.588979851804355],[31.58888526444293,1.588730026771513],[31.588885150749903,1.588729040829821],[31.588884668658448,1.588729012921582],[31.58842059617049,1.5847004407954495],[31.58839228820757,1.584454955193876],[31.588392309353864,1.5844548854480776],[31.588392300653265,1.584454809918939],[31.588697569429534,1.5834480610127504],[31.5894588215421,1.580937260258044],[31.58956459965973,1.5764602780249655],[31.589002425235538,1.5731412076653728],[31.587585743405356,1.572042756693295],[31.587620131352462,1.57201416241403],[31.5876201217274,1.572014159359956],[31.58758573070897,1.572042754530569],[31.583450772382726,1.570912059855775],[31.583014620746788,1.5705528136556544],[31.582548956741242,1.570405056419901],[31.582081417918573,1.5697841599527762],[31.58150543399528,1.569309737713526],[31.578948169874778,1.5656231736417197],[31.57848476699307,1.565007769747636],[31.573930300364182,1.5751524702234563],[31.575105929069725,1.577571675950663],[31.574803135895483,1.5797801030674028],[31.57444322881543,1.5824058303641666],[31.5757601443137,1.58525152516181],[31.575594242064973,1.586768324886922],[31.573756106483078,1.588307663105427],[31.56760833388698,1.589393638973194],[31.564875950494365,1.5886596463779612],[31.564849420119987,1.5887670942710823],[31.563400227830268,1.594937055695671],[31.56329204669062,1.5950744494332794],[31.563235512128266,1.59530341414848],[31.558277475169017,1.6014431263219429],[31.558262139425562,1.60146260323926],[31.55826116022276,1.6014656404191896],[31.55811846305682,1.603454179296233],[31.55654265253842,1.606795912188343],[31.555520981475947,1.6099648153426809],[31.555472546650517,1.6110339009090588],[31.557045224096573,1.622058065295133],[31.557397534886746,1.624097994715614],[31.557408145029555,1.6246020707645292],[31.557748701600282,1.626989306384822],[31.557533175936772,1.630527688484887],[31.56398318517827,1.630080247002119],[31.562872533499792,1.6322197951585644],[31.563152177998056,1.6327166146014869]]]}},{"type":"Feature","properties":{"n":"Nyantonzi","c":"409106","d":"Masindi","od":"Masindi","dc":"409","k":"NYANTONZI","a":["NYANTONZI"],"lat":1.631411,"lon":31.451243},"geometry":{"type":"MultiPolygon","coordinates":[[[[31.374651057914058,1.623411055920078],[31.374972526161493,1.626675616629602],[31.37339780587274,1.630136513051054],[31.373384324864958,1.6305656584655144],[31.375484749085416,1.636723500950135],[31.37304894464293,1.642808138044775],[31.374490249947808,1.6463340213047974],[31.376786714944448,1.6517799240111195],[31.379341289464705,1.655971544686706],[31.379650813183698,1.6585719284070546],[31.38,1.6594],[31.38041764011793,1.6691101327418345],[31.380813745044644,1.670099223755604],[31.38079116538955,1.6777945953069806],[31.3808,1.678],[31.380829229172356,1.6780601004330489],[31.38373975494788,1.680285363556801],[31.385645772105974,1.685513409005639],[31.385916256826814,1.688489228724278],[31.38870411466736,1.690282226976079],[31.38968076861455,1.696251855954786],[31.39260761600494,1.69360424615355],[31.39635895841115,1.692350744141792],[31.40018455116193,1.692914458592911],[31.40530006466131,1.6923884902869097],[31.405364099247272,1.68099033398577],[31.404243328620822,1.68040035622658],[31.402698041304067,1.677460517884012],[31.402967265723632,1.675093572907299],[31.403653622427427,1.674739371639284],[31.40539806321036,1.6749447485561715],[31.4054,1.6746],[31.409593338545402,1.675438667709081],[31.41185449026187,1.675704878160411],[31.412583106727382,1.6760366213454763],[31.417552235128756,1.6770304470257515],[31.42106806190283,1.676670997404597],[31.424819889380064,1.6784839778760126],[31.44099085689368,1.6817181713787361],[31.442589072495235,1.681897727295036],[31.44272119029219,1.6820642380584376],[31.4434,1.6822],[31.450721712481055,1.6888449155290237],[31.455349252527444,1.684085698212911],[31.455349748799144,1.6840857209893472],[31.4553503495234,1.684085103233038],[31.460861517546665,1.6843386772490396],[31.465506076851177,1.6833187607034612],[31.468320270709786,1.6817906458274134],[31.471665668497835,1.6799739776442115],[31.474000046923294,1.67723806142554],[31.474000570189517,1.6772379784513851],[31.47400058290697,1.677237963547641],[31.481808297220663,1.675999887526165],[31.481808344612876,1.6759999021962622],[31.48180844924243,1.675999885605188],[31.487170868946638,1.6771761052322458],[31.488849271176637,1.6771034743261453],[31.489205848246876,1.6769148212745295],[31.49269080343376,1.673399248160446],[31.496623271108778,1.668055848991489],[31.49845704038028,1.664754908490333],[31.50059487592693,1.6626592706497103],[31.500743293888164,1.662457601754693],[31.505221518677583,1.658123727942742],[31.508754774901753,1.657581252470314],[31.51071917609056,1.6564180151557883],[31.510993048529684,1.6562558354178354],[31.513216799839228,1.6520172520232355],[31.51398827719744,1.650546682389156],[31.513988338037827,1.650546660872667],[31.51398868203614,1.650546005194344],[31.517334079843543,1.649363203373735],[31.520022782384903,1.644222308195499],[31.520026768434146,1.6442207593592524],[31.525816657155325,1.6416779967379722],[31.526304748269073,1.6411072728969467],[31.52719654811766,1.6370065297736747],[31.52730640596732,1.636145583541639],[31.527551013047475,1.6353766016842233],[31.527873484128055,1.633893790189879],[31.528543770298796,1.6322556277753768],[31.529728573987803,1.628530909174159],[31.527110683074092,1.6138666845359932],[31.52506700447361,1.6118449876594816],[31.523298061338586,1.610095418876522],[31.52329807828316,1.610095087967246],[31.523297889954325,1.610094901664068],[31.52358434970972,1.6045012277658706],[31.523254182347213,1.6039725612370794],[31.521702544646686,1.601490173958678],[31.52170298762944,1.601488776284186],[31.521702705349146,1.601488324294801],[31.522989181055067,1.5974306504778477],[31.52318964328943,1.5967981632093988],[31.522365884122994,1.593932796643264],[31.520132479221132,1.5921279168009854],[31.520131537062095,1.5921272355809335],[31.51657517347638,1.5915556578777503],[31.509132783881867,1.5923797067170828],[31.5058606410337,1.594387857551026],[31.503537961934942,1.598118999769317],[31.502724794946634,1.5988084150109265],[31.50195839736709,1.599888864857452],[31.50143011400647,1.5999060650459174],[31.500911102554767,1.600346090785427],[31.499654697215565,1.599965280876343],[31.49965414157041,1.5999638882954963],[31.499654028486862,1.599963891977343],[31.498751285248307,1.597701112478873],[31.496382252990344,1.591763745955664],[31.49737130684439,1.590451653807439],[31.497856610584247,1.578746528441781],[31.497856647072325,1.578746466450763],[31.49785666492494,1.578746035863529],[31.50079108616948,1.573759949307677],[31.49713785000651,1.5674417474997726],[31.497096171176043,1.567369689133778],[31.488410862512637,1.570321214516012],[31.48742861136111,1.573160596133015],[31.487504546207273,1.5788420482772698],[31.4892,1.5852],[31.484,1.5964],[31.471512574526436,1.599301119049414],[31.470488454760336,1.599917391941277],[31.463916594266134,1.6015472662447074],[31.4584,1.6122],[31.458158444553003,1.6121136042561828],[31.45778497436428,1.613464672666422],[31.457015505521326,1.613545586905895],[31.456715318051646,1.6135092501661],[31.453501779812132,1.612882436083355],[31.448677231895577,1.6087225135976877],[31.44644669954737,1.6079247319548975],[31.445079116157252,1.607685028531805],[31.444035976552424,1.6080236152954355],[31.44192169716222,1.610327637707842],[31.438018059771668,1.615059068733806],[31.4370651573788,1.615620020805155],[31.4369,1.6158],[31.436793436261244,1.6157799768771126],[31.436513723607433,1.615944637385589],[31.433770529275193,1.615851926567349],[31.42931029823357,1.6143739095407024],[31.428348848829277,1.6141932550348004],[31.421615235673965,1.614196536390769],[31.418803371371247,1.6123996780602021],[31.4055,1.6099],[31.396977396223296,1.6054357789741067],[31.39596485771233,1.605240925224379],[31.388161146387542,1.6012300681133516],[31.384617982551887,1.6020853145564407],[31.383316644461335,1.602761918378841],[31.38244429456656,1.6026099978632442],[31.374396550048104,1.60455255688494],[31.374182135924766,1.6051686730615162],[31.37367422965789,1.6213370225571118],[31.373774281745824,1.621429762363199],[31.374651057914058,1.623411055920078]]],[[[31.45757921116251,1.613482743192965],[31.45757921121168,1.613482743633767],[31.45757921117335,1.613482743191856],[31.45757921116251,1.613482743192965]]]]}},{"type":"Feature","properties":{"n":"Kijunjubwa","c":"409201","d":"Masindi","od":"Masindi","dc":"409","k":"KIJUNJUBWA","a":["KIJUNJUBWA"],"lat":1.447614,"lon":31.854092},"geometry":{"type":"MultiPolygon","coordinates":[[[[31.67036801083178,1.350972565291925],[31.6703542857266,1.3510063991149432],[31.66832271433995,1.3560176194547116],[31.67024257069533,1.3573850763503172],[31.671462662103472,1.358253706362917],[31.671463153923046,1.3582544616804906],[31.671463153950956,1.358254461700369],[31.67146331693678,1.358254712030706],[31.672795139759604,1.360300074260696],[31.672795221912896,1.3603003882388964],[31.672795288323726,1.360300490239456],[31.67302144179386,1.3611649684378329],[31.674096576611543,1.365273980743012],[31.674682884415855,1.365906954241241],[31.67863173134432,1.370169506851133],[31.678631972235216,1.3701703597655375],[31.67863212500074,1.370170524690047],[31.67904057586076,1.3716164854880817],[31.68119522591129,1.372278393151277],[31.68119539094064,1.372278551332915],[31.68119541068987,1.37227855739733],[31.68128819853145,1.37236750797353],[31.683801198120864,1.374776233373973],[31.6850086896239,1.3779072701946191],[31.685168799642838,1.3783223059118783],[31.687472166064353,1.381759580982283],[31.68847950285797,1.383262780614871],[31.688479499157946,1.3832628072592097],[31.6884796054677,1.383262965903469],[31.68692966699267,1.394423526916426],[31.690677471771036,1.407685657827242],[31.690677477263048,1.407685742486215],[31.69067749698431,1.407685812272517],[31.690903465774923,1.411169338827882],[31.691437956663744,1.4194084766915507],[31.693649642997215,1.4261361492603009],[31.69942614329056,1.443707458891166],[31.707434244724574,1.452360239368403],[31.70504921904937,1.45426850753351],[31.70384705079033,1.457126478365098],[31.706991456901438,1.463326138097988],[31.707236037697776,1.463808293989137],[31.711721449386783,1.46905524693217],[31.712864291998816,1.474147818328265],[31.709621281987562,1.473935786556228],[31.706123338996058,1.474934953054557],[31.70612320836643,1.4749348963402449],[31.706123025953218,1.474934948451405],[31.70605228701848,1.4749041050439997],[31.704728728588226,1.4743294673516798],[31.702217495975656,1.4754972431078575],[31.701843639446427,1.475671179771924],[31.702173532028116,1.478468451899346],[31.699770580734004,1.479479642014061],[31.698402086860636,1.482989428240016],[31.69708896161942,1.484069428095217],[31.700703067161488,1.4867582092582552],[31.701016699895625,1.4867822112060358],[31.713766134326004,1.487756998848253],[31.712780870592013,1.4933353619472913],[31.71277278221269,1.4933812962005562],[31.714432129075625,1.49703632244979],[31.71443246632451,1.4970364916005732],[31.721761993200435,1.4986145782163725],[31.7292328793077,1.4980827917798014],[31.730332082137434,1.498004547033569],[31.732258729025368,1.4983356525389708],[31.734779619116487,1.498768550769334],[31.73477972460611,1.498768900333938],[31.734781332129657,1.498769176596236],[31.737020874579574,1.506195414159097],[31.733464948983652,1.510271535254128],[31.729610275459777,1.511897352327243],[31.729610232733137,1.511897352826435],[31.729610195643517,1.511897368469876],[31.729215328608532,1.5119019666451834],[31.725176756463014,1.511949150857049],[31.724989840988364,1.5120240879299018],[31.718396245614763,1.5146676642884396],[31.71835397932139,1.5147345081455579],[31.716306063098184,1.517975409702642],[31.716720761864394,1.520806865180754],[31.716720144454378,1.5208073807659628],[31.716720216299592,1.52080787034211],[31.71495042824578,1.5222852309409773],[31.71462838657447,1.522554160692535],[31.71238875246145,1.528090031086464],[31.709732382518617,1.5309873404871988],[31.70927957112542,1.5350337325353431],[31.710580669086365,1.538402645421074],[31.710580594835733,1.5384030479702975],[31.71058060885668,1.538403084278435],[31.71049683454984,1.538857153709086],[31.70746921106743,1.555271390881029],[31.707470549571763,1.5552764318645937],[31.70982347839299,1.5632815448292332],[31.711527051403294,1.5663947438485122],[31.71363540959894,1.5697552999920894],[31.71548851349193,1.5710277831186006],[31.71609530243677,1.5713465993679427],[31.717393043776006,1.5714552129758688],[31.72082780195884,1.5715493209338853],[31.72643193839823,1.569154005414452],[31.726432011718078,1.5691539862583797],[31.726432036922706,1.569153974972694],[31.727005909524042,1.5690040455826961],[31.734839799075267,1.566957307155866],[31.737500565798545,1.5643289661215654],[31.737696061201635,1.5632583463282208],[31.737695612214424,1.563256367041423],[31.733784557562323,1.561631992545909],[31.72726011749931,1.556147665997126],[31.727322142557846,1.541286861197351],[31.73540465863888,1.540748910921898],[31.74106682865037,1.551721119282398],[31.752130351600588,1.557074338949014],[31.760981923705973,1.556788907176366],[31.76519342618789,1.558145146425876],[31.771865896549357,1.5612271670359543],[31.771866137322192,1.561227265218637],[31.77253219023163,1.56010607725823],[31.78007268432989,1.559748637439578],[31.79429674742899,1.556934861095343],[31.81116149700051,1.549816852805107],[31.835971508041037,1.541762112709431],[31.841002823887358,1.538408858178803],[31.847889349970846,1.535192489559378],[31.856036014736848,1.53365030248338],[31.857343812226965,1.53432021021728],[31.858596339015968,1.53685823178609],[31.86025890066796,1.526858706421667],[31.85902424370108,1.5231723822206],[31.8583619732548,1.51647083655082],[31.85940924997509,1.514604492135948],[31.860221837911663,1.506899531865749],[31.86384045920303,1.499289902182434],[31.863461430998594,1.496704405783444],[31.864941922761588,1.485362043193368],[31.870889929385633,1.479094146015873],[31.87526893368589,1.47158201645935],[31.880407958946382,1.468376860953804],[31.88197780751079,1.467660130150058],[31.886591170978583,1.467853680159227],[31.892772014184125,1.469005206367337],[31.89505559071145,1.470442600093035],[31.898860978322926,1.469535034577462],[31.901287590461326,1.467573717108281],[31.90200260570381,1.464319156131551],[31.900008463545063,1.457665239436542],[31.901151799319308,1.453405180721284],[31.900916050520195,1.449192819892903],[31.901678407074836,1.446034423526228],[31.903867942548732,1.444168062155873],[31.908841588461893,1.4429499523922615],[31.905023753972554,1.4372071593368685],[31.903579915444134,1.436181451960894],[31.9025891123332,1.4335449672911158],[31.90005180486146,1.4297283451277416],[31.899154702990945,1.429802168740837],[31.89773468555173,1.431592479359258],[31.894749967734885,1.431310577730759],[31.89371401053799,1.4274101386952678],[31.8851,1.4245],[31.883961693692857,1.423352207806965],[31.883908051028648,1.423308461070073],[31.88389729476649,1.4232872722228758],[31.879920428381062,1.4192772652842354],[31.87766383247924,1.418322481041432],[31.877948863553485,1.4172892707497629],[31.8731,1.4124],[31.8728929644183,1.4119529913576883],[31.87218180218534,1.411381653485207],[31.867981429538776,1.401900162509596],[31.868085456604774,1.4015731449421256],[31.865537361642488,1.3960715762735518],[31.86292551098483,1.394678339909135],[31.862056469811442,1.392814422487027],[31.863298677375816,1.3912380534250557],[31.861719971793875,1.3878294845549586],[31.86155638740102,1.387829288571524],[31.859735182797635,1.3837588933425369],[31.8594103837908,1.383480819806858],[31.852939713236726,1.381096197364769],[31.851134911164642,1.377640313440174],[31.848963346027567,1.377095655303349],[31.846785082762747,1.372671790154774],[31.840518057307015,1.3673063367821476],[31.83972899775675,1.366916148987165],[31.83932271697491,1.3662829576907989],[31.835379433371898,1.3629069534833116],[31.834934160093116,1.363005134499762],[31.831666477465337,1.3597281421106744],[31.8314,1.3595],[31.83128629162106,1.359495405722063],[31.825193489109765,1.360386913296467],[31.823059811706624,1.359163022695217],[31.8215,1.3591],[31.7935,1.3547],[31.78232455795522,1.346206664045968],[31.782047695139724,1.346181413780146],[31.78025271144587,1.346854141673538],[31.778050471205866,1.343310760882522],[31.776256547314585,1.343619764969332],[31.775150378429505,1.34266135117007],[31.775309252892868,1.341169282235755],[31.774861402156446,1.340534665638898],[31.7535,1.3243],[31.747237762484,1.3238407692488268],[31.74547388018874,1.325250086322455],[31.7385788171353,1.3232057799232553],[31.7385,1.3232],[31.72290999122932,1.3309573473593248],[31.72251889143656,1.331996592454582],[31.721133351409506,1.3318413758687],[31.7178,1.3335],[31.711500418481634,1.3336818776816326],[31.71134802986081,1.33377193877448],[31.711180232936243,1.3336911218837304],[31.708227922656054,1.3337763591884078],[31.707252479559376,1.334195198942718],[31.705621080418428,1.333851622350124],[31.70370777391944,1.3339068621703047],[31.700589592044995,1.335565802204398],[31.695592673634597,1.3341411564042505],[31.695183149134632,1.3341529799462442],[31.69152175320968,1.335507338422553],[31.690936700819254,1.336537835423979],[31.68884030997295,1.336844602379892],[31.685136897048764,1.334744191422668],[31.682230243502346,1.335221886493519],[31.679663334263783,1.3346156440474537],[31.679644466395363,1.3346236943379792],[31.66819238886801,1.3418163464135242],[31.672160308623084,1.340930071993187],[31.670368025744335,1.350972506997349],[31.670368017689217,1.3509725268666795],[31.67036801083178,1.350972565291925]],[[31.743325887813473,1.412662017099167],[31.74835958012026,1.41077431830448],[31.75759255876944,1.409537226893748],[31.7712975777596,1.414962131614003],[31.7748383530393,1.415009574850116],[31.77529047082609,1.41862142118614],[31.774148381458104,1.424402961619764],[31.779609138352335,1.42815055877231],[31.78289300322633,1.428007821699893],[31.78972261150509,1.425914377367049],[31.807859321337013,1.436223708191643],[31.806649353992064,1.442799848742286],[31.807077668013033,1.451508541762427],[31.810004219487496,1.454934793879255],[31.812431455347156,1.460431518400778],[31.81842745642474,1.469354558135822],[31.81682382395786,1.480828962062414],[31.809740518229205,1.485274413811968],[31.79976582911587,1.489828720337592],[31.794112230487315,1.497252636847536],[31.792570342797024,1.502792018767694],[31.793826695531422,1.50484787073669],[31.79736733224832,1.507531899593043],[31.813928300805514,1.515698280430197],[31.815584336609597,1.519809388380073],[31.815698579290814,1.522493667905631],[31.812476757324156,1.528225825897515],[31.80902674880603,1.525935113867977],[31.808486477467742,1.528786563415812],[31.802447176098784,1.53068670150165],[31.80265832868024,1.525002962460156],[31.80135626570916,1.521622700489871],[31.791960398322832,1.51588254367347],[31.781150129103676,1.512430571110302],[31.78271785659905,1.50907589835902],[31.783039079561014,1.506327723603774],[31.782575091677984,1.498332636757709],[31.774324553689304,1.496088810617905],[31.768918601180463,1.497458033668938],[31.76903262590736,1.495308341426626],[31.763927886186128,1.490161296350729],[31.762844638284697,1.483562381239466],[31.764684990281097,1.475921497922994],[31.76383322500669,1.475866564852385],[31.763442362892924,1.472012265252475],[31.759403043205506,1.466781380788882],[31.76039288701916,1.460810462570448],[31.75943134004591,1.460114727409642],[31.76001360621235,1.458596428289848],[31.758766618895493,1.457374360702023],[31.75776927355055,1.453461881640953],[31.756556419441047,1.453305139625658],[31.75539349560844,1.44969012945478],[31.756193690915538,1.442859015941985],[31.754923201823363,1.439783178152501],[31.752475802866034,1.437401180512645],[31.75135951625839,1.4338700222381],[31.750406860961,1.433747820509171],[31.74860301503548,1.430386412121477],[31.747427139748254,1.43057782302911],[31.74607090842033,1.42916396364786],[31.745608794388545,1.426783014856993],[31.74305493003042,1.423695341903835],[31.742093458265096,1.419457928950821],[31.74408085869332,1.416036754852788],[31.743325887813473,1.412662017099167]]],[[[31.747628615646246,1.602801920048044],[31.7464634338975,1.60803887733711],[31.74702827169597,1.610372711774248],[31.751224997979115,1.615521767120365],[31.7603033603985,1.621975988783694],[31.763401527562966,1.622675613430466],[31.764629323646272,1.620419892525534],[31.7631630745704,1.618023170121546],[31.7666836384638,1.615240623588794],[31.76882510820427,1.611362215691133],[31.76965789206972,1.606008665296086],[31.77187086226997,1.601130421845145],[31.772180698810793,1.597275384806146],[31.776890956465873,1.595514971061576],[31.781652316825987,1.596111440180257],[31.78701672385443,1.590144775626495],[31.777466795586644,1.581066722967138],[31.771337887587862,1.570917232130928],[31.77120338371399,1.570891864189282],[31.766792755226067,1.5700603542866542],[31.761585146572965,1.5721904276214649],[31.756559292371804,1.579443190571813],[31.748261171425494,1.5866480737592186],[31.748261126201104,1.58664812868187],[31.746402611273144,1.593539369739905],[31.746566609583432,1.599581485991184],[31.747628615646246,1.602801920048044]]]]}},{"type":"Feature","properties":{"n":"Kijunjubwa Town Council","c":"409202","d":"Masindi","od":"Masindi","dc":"409","k":"KIJUNJUBWATOWNCOUNCIL","a":["KIJUNJUBWA","KIJUNJUBWATOWNCOUNCIL"],"lat":1.470683,"lon":31.790329},"geometry":{"type":"Polygon","coordinates":[[[31.743623925220433,1.4243832684388102],[31.745608794388545,1.426783014856993],[31.74560888280835,1.4267834704221038],[31.745609128130738,1.426783767064855],[31.74607108692693,1.4291641497394392],[31.747426515592895,1.4305771723525709],[31.748601919374245,1.430385638656071],[31.748602389389603,1.430386513965139],[31.74860301503548,1.430386412121477],[31.749687100380648,1.4324065700078414],[31.75040734607115,1.4337478827366092],[31.751098485270006,1.4338365385235057],[31.75135881577633,1.433869279085672],[31.751359031045762,1.433869959997516],[31.75135951625839,1.4338700222381],[31.752475786793845,1.4374011296713598],[31.752731475577427,1.4376500209370031],[31.754923201823363,1.439783178152501],[31.754923410253074,1.4397836827581552],[31.75492342217571,1.439783694363828],[31.756193397853572,1.442858178814498],[31.756193386211166,1.4428582782566064],[31.756193690915538,1.442859015941985],[31.755461472351683,1.4491098250650905],[31.755393522226672,1.44969021219896],[31.756481468870152,1.453072151816391],[31.756556452779897,1.453305143934172],[31.75776927355055,1.453461881640953],[31.757769457114307,1.4534626017419194],[31.757769524873417,1.453462610510889],[31.757832072614402,1.4537082356482356],[31.758766618895493,1.457374360702023],[31.759512935971777,1.4581057634170622],[31.760013218669524,1.458594929780487],[31.760012906948432,1.458595742999982],[31.76001360621235,1.458596428289848],[31.75943134004591,1.460114727409642],[31.76039288701916,1.460810462570448],[31.759403051768427,1.4667813291357763],[31.76344230680391,1.472012176439713],[31.763442308690188,1.4720121950603964],[31.763442362892924,1.472012265252475],[31.76383313380483,1.4758656655089057],[31.763965824836575,1.4758751166401096],[31.764684990281097,1.475921497922994],[31.764683843625054,1.4759262586780253],[31.764683866629827,1.475926260316577],[31.764291963591592,1.4775532896023211],[31.762844647380035,1.4835623434769025],[31.7632055520701,1.485760991021425],[31.763927886186128,1.490161296350729],[31.76903262590736,1.495308341426626],[31.768918601180463,1.497458033668938],[31.774324553689304,1.496088810617905],[31.782575091677984,1.498332636757709],[31.783039079561014,1.506327723603774],[31.78303902020743,1.5063282313944475],[31.78303902050678,1.506328236538859],[31.783036340346285,1.506351158543551],[31.78271785659905,1.50907589835902],[31.781150129103676,1.512430571110302],[31.791960398322832,1.51588254367347],[31.80135626570916,1.521622700489871],[31.802577836818042,1.5247939990023578],[31.802658263383595,1.525002729004151],[31.80265826119102,1.525002787252622],[31.80265832868024,1.525002962460156],[31.802447176098784,1.53068670150165],[31.808486477467742,1.528786563415812],[31.80902674880603,1.525935113867977],[31.812476010274263,1.5282253298766593],[31.815021073309556,1.5236990639098844],[31.815698579290814,1.522493667905631],[31.815584342918616,1.519809536618641],[31.814996990676057,1.5183513024312405],[31.813928300805514,1.515698280430197],[31.79736733224832,1.507531899593043],[31.793826695531422,1.50484787073669],[31.792570342797024,1.502792018767694],[31.794112230487315,1.497252636847536],[31.794112498814883,1.4972522844982448],[31.794112498834952,1.497252284426144],[31.794114698174784,1.497249396450234],[31.79976582911587,1.489828720337592],[31.809740518229205,1.485274413811968],[31.81682382395786,1.480828962062414],[31.81842745642474,1.469354558135822],[31.812431455347156,1.460431518400778],[31.810004219487496,1.454934793879255],[31.807077668013033,1.451508541762427],[31.80681224885961,1.4461119079478666],[31.80664933835322,1.442800246631876],[31.806649366140455,1.4428000957494218],[31.806649353992064,1.442799848742286],[31.807859321337013,1.436223708191643],[31.78972261150509,1.425914377367049],[31.78315765013468,1.4279267008584229],[31.78289333172653,1.428007747396191],[31.782893231478454,1.4280077517349563],[31.78289300322633,1.428007821699893],[31.779609138352335,1.42815055877231],[31.77960821923473,1.4281499280021472],[31.779608009723272,1.428149937069863],[31.77784187825299,1.4269377270999974],[31.774148381458104,1.424402961619764],[31.775209194596492,1.4190328616748389],[31.77529045230193,1.418621273201673],[31.7748383530393,1.415009574850116],[31.7712975777596,1.414962131614003],[31.760244207019884,1.4105868379246131],[31.757592530918767,1.4095372306253529],[31.74835958012026,1.41077431830448],[31.743325887813473,1.412662017099167],[31.74408085869332,1.416036754852788],[31.742093458265096,1.419457928950821],[31.74305489877804,1.423695204167868],[31.743623925220433,1.4243832684388102]]]}},{"type":"Feature","properties":{"n":"Kimengo","c":"409203","d":"Masindi","od":"Masindi","dc":"409","k":"KIMENGO","a":["KIMENGO"],"lat":1.555773,"lon":31.958778},"geometry":{"type":"Polygon","coordinates":[[[31.858596343266044,1.53685824604005],[31.859972400482263,1.541440456395146],[31.88048878804669,1.577036967858832],[31.88308149869991,1.585929507770422],[31.88418763259718,1.595003225481894],[31.88936118824019,1.602884446316645],[31.894879850614906,1.616284295290891],[31.89512965420812,1.620237349093195],[31.890823781091136,1.635684953322275],[31.89024086246306,1.640913033588712],[31.890704538549944,1.646204898800617],[31.89253622501833,1.650321557505898],[31.903538089707848,1.665922346605733],[31.90492979031869,1.66299221990485],[31.909628104562973,1.659421912785416],[31.911704834760314,1.6589951652396837],[31.9121,1.6586],[31.937045830063095,1.652049977581199],[31.93997115720788,1.65071833374081],[31.947053431506145,1.6494222833475491],[31.9479,1.6492],[31.9681,1.6387],[31.9759,1.6162],[31.983,1.613],[31.99863605573704,1.617556793386223],[32.00017936279372,1.61784982619946],[32.00030018763316,1.6180417689673767],[32.0005,1.6181],[32.00730960194794,1.6231522853162081],[32.00773269253528,1.623019186592087],[32.008844880379435,1.623897332844854],[32.00876317842227,1.6242307452810385],[32.01236144999139,1.6269004306387693],[32.01340068441359,1.6273155768484227],[32.028656024552795,1.6277901874305314],[32.03024345582723,1.627195038917276],[32.03327479934107,1.6279338826461665],[32.0354,1.628],[32.03874739328634,1.6267734742156925],[32.040058925361286,1.625338162869531],[32.04455070090893,1.6246470714226822],[32.0485,1.6232],[32.071363753904556,1.6257623172479243],[32.071823302787955,1.625766581445909],[32.074018730280564,1.6272423597808219],[32.074531180616574,1.6275611281000737],[32.07817667124572,1.627982981509317],[32.08192757964488,1.632154559113653],[32.08234200527172,1.6324198300509105],[32.08437693113147,1.633685650073906],[32.090364230914076,1.6243426410622],[32.09039442780261,1.623992600443598],[32.09023143467802,1.6150008130707671],[32.08604207123212,1.613557157175025],[32.08416568866452,1.611086777287245],[32.08440037225572,1.609965814599875],[32.08967399162885,1.606892288771971],[32.09007367327675,1.6062976424338136],[32.089971051017244,1.6006363144513],[32.08923494586219,1.596706772863173],[32.08977191149648,1.591186649950799],[32.07966446367891,1.5863827298854134],[32.0759795588124,1.588168075297823],[32.07405474132444,1.587211585187573],[32.073074445338676,1.584937497079968],[32.07402306762849,1.5837014579983313],[32.0638735688887,1.5788775517531874],[32.06375225180615,1.578883121145314],[32.063713643120764,1.5788015414072083],[32.0635,1.5787],[32.05907933694919,1.5719389859222965],[32.05717735364154,1.572126662104512],[32.05752749106927,1.569565574576539],[32.05026969182151,1.5584654110211371],[32.04990614923584,1.558362739498847],[32.04991202769996,1.5579183953058244],[32.0499,1.5579],[32.04874725934383,1.5536458380545994],[32.047184335565625,1.55122515701516],[32.047670558788056,1.5496723002892563],[32.045851410307165,1.5429587761335963],[32.042060713682154,1.542480515184023],[32.03925212016771,1.542542652208679],[32.03901471512246,1.542687465064468],[32.03819817905834,1.545513543701045],[32.036524242970465,1.544263611690214],[32.033458923422494,1.544428635789897],[32.03127248752113,1.5427191927539572],[32.02363850431257,1.542888086187775],[32.023064610020455,1.543064693408188],[32.0227091074549,1.5427968202419033],[32.003796101421045,1.53780455468982],[32.00349848612562,1.537967889528138],[32.00330987122131,1.541711325380517],[32.00193504486535,1.543342577133738],[32.00084249803003,1.542867641623992],[31.99970415840196,1.538260990141543],[32.00125217008064,1.5362774113521114],[31.99332205373247,1.5310249966280007],[31.993281945161904,1.531095164674144],[31.989826220611327,1.529853519931696],[31.988547587565655,1.5278626878681625],[31.988,1.5275],[31.988981856601033,1.5212623227699154],[31.987225867070496,1.519204081774611],[31.989692187083822,1.5167496349968954],[31.9897,1.5167],[31.98694961166608,1.514751153409108],[31.98664020953774,1.514836992691514],[31.985911462753418,1.514156298551648],[31.98591692491658,1.5140194210837474],[31.9722,1.5043],[31.972191241868668,1.5042582836375895],[31.97184254543785,1.504246341235846],[31.972117766321603,1.503908308005523],[31.9684,1.4862],[31.96926807493836,1.483634072608668],[31.969051001900695,1.482977943535129],[31.969702323321357,1.4823504854765701],[31.972227961907176,1.4748849949508436],[31.97202756660135,1.473835941765541],[31.972920688345763,1.472837377095616],[31.975096490096636,1.4664059630967121],[31.975152572126614,1.466102563847201],[31.970764525079954,1.465249939545322],[31.96985369165368,1.4642709997762582],[31.95881388522691,1.4604942238934167],[31.959311776559503,1.462639577741215],[31.957800184202462,1.464384510649444],[31.955986392757556,1.460340398679764],[31.952738660854664,1.4584158576608057],[31.948498610918637,1.4569653142616388],[31.94595132585771,1.458092217067702],[31.93841301861378,1.453972946301808],[31.935016294048623,1.45327480208779],[31.932225219455297,1.45368940485539],[31.92964526744939,1.4505154862326857],[31.9296,1.4505],[31.925807586147705,1.449839523430218],[31.925094459168484,1.450665069319851],[31.92082445324277,1.451467040851513],[31.91906799971241,1.448665775230813],[31.915942812795286,1.4481215011047972],[31.913400158767157,1.448424974687357],[31.9119207664276,1.447728342430001],[31.911980376273497,1.4474314138453843],[31.9118,1.4474],[31.9088416063372,1.4429499792803275],[31.903867852331295,1.44416813905727],[31.901678455070222,1.446034382614932],[31.90108660671306,1.4484862160648322],[31.900916050520195,1.449192819892903],[31.901151799319308,1.453405180721284],[31.900008463545063,1.457665239436542],[31.90200260570381,1.464319156131551],[31.902002441280548,1.4643199045429112],[31.90200247401451,1.464320013786186],[31.90191174042687,1.4647327509291146],[31.901287590461326,1.467573717108281],[31.898860978322926,1.469535034577462],[31.89505559071145,1.470442600093035],[31.8927720818508,1.4690052489600214],[31.889639366291988,1.4684215762656476],[31.886591170978583,1.467853680159227],[31.88197780751079,1.467660130150058],[31.880407958946382,1.468376860953804],[31.87526910815465,1.4715819076450367],[31.870890337071256,1.479093465364523],[31.870890308772758,1.4790934951817962],[31.870889929385633,1.479094146015873],[31.864941922761588,1.485362043193368],[31.863461430998594,1.496704405783444],[31.86384045920303,1.499289902182434],[31.860221837911663,1.506899531865749],[31.859724512602288,1.5116151713401336],[31.859409477319335,1.514603010164597],[31.859409389813877,1.5146031661843296],[31.85940924997509,1.514604492135948],[31.8583619732548,1.51647083655082],[31.85902424370108,1.5231723822206],[31.86025890066796,1.526858706421667],[31.858596343179965,1.5368582067416021],[31.858596343266044,1.53685824604005]]]}},{"type":"Feature","properties":{"n":"Kiruli","c":"409204","d":"Masindi","od":"Masindi","dc":"409","k":"KIRULI","a":["KIRULI"],"lat":1.841938,"lon":31.851922},"geometry":{"type":"Polygon","coordinates":[[[31.81971489981138,1.870869432617601],[31.822124027988686,1.871166625465838],[31.830237955003646,1.87379865518571],[31.828991169794183,1.877395891222859],[31.829883847321376,1.880029341591672],[31.825359817375745,1.885321158502048],[31.8216047246864,1.886656358104425],[31.819030166777548,1.898095403886169],[31.816374802427525,1.90505852933366],[31.90430400604591,1.904130116065994],[31.90462174999024,1.896547192313759],[31.902209643178466,1.893561334055657],[31.89836716976921,1.892243818872413],[31.896955714432824,1.886156208649542],[31.89531485920347,1.885468986358365],[31.89485499502167,1.886441880630113],[31.892158018796287,1.885443713815095],[31.88641001453495,1.885391549559338],[31.885186136835518,1.886411130108064],[31.884343865151514,1.885431367305371],[31.882898371531258,1.877757412826415],[31.88562901320129,1.866000909144937],[31.884831904976167,1.862491325466438],[31.883236548783227,1.8594738223030445],[31.8772,1.852],[31.884749429792066,1.8334546615977472],[31.884229794056036,1.830529690787174],[31.88426181140265,1.82700885255429],[31.8854521255287,1.824339788841839],[31.88519849095883,1.818555314554147],[31.888609826832326,1.816961847822548],[31.89046885010124,1.8169491752193587],[31.8862,1.8077],[31.888125125006223,1.8057255128141279],[31.88810809918186,1.80563258975937],[31.88144443853508,1.805296097970395],[31.87895376940018,1.806905960151782],[31.87663198089529,1.806599722122635],[31.877297180499028,1.809479275236732],[31.87526280581672,1.811941959446211],[31.8710162736016,1.813155332119702],[31.863520729505773,1.813512352492863],[31.85773801949069,1.816116157944035],[31.856382581817744,1.813940840174714],[31.856203842032215,1.81062115950282],[31.853491295179797,1.80416106880306],[31.85210746023816,1.802249193319436],[31.848585706568734,1.800440561337377],[31.84725366891762,1.797991032424715],[31.851060509321268,1.78939997754296],[31.851165155783782,1.787546127445982],[31.847386319939815,1.788090573537894],[31.845994046350505,1.786234851242634],[31.848527956364308,1.781344828863436],[31.848958897544847,1.778158271641715],[31.841518515736976,1.773717033922419],[31.830591447807517,1.776515121889074],[31.824389874058763,1.775593890288339],[31.823914957236305,1.782917242648727],[31.824378953326573,1.786058127738968],[31.825378179650844,1.787129988489691],[31.825594380703834,1.791902086626062],[31.82679362829907,1.794357688538893],[31.832512150013994,1.79917013700142],[31.83313054559979,1.79890174958091],[31.83340924811574,1.800150945606913],[31.832754516198086,1.808606878736839],[31.82988399928039,1.816831759583657],[31.829919726201453,1.820675647019677],[31.832831236429193,1.825583509954261],[31.822746872656914,1.832559683631648],[31.818758984775396,1.836262062042797],[31.826337228879616,1.847614649408105],[31.82451636734573,1.855859154196195],[31.82283817859745,1.856455648161293],[31.820375437893883,1.859322896552223],[31.820077783040755,1.863201806593669],[31.81760416405879,1.866900425512246],[31.815711691124772,1.867198914962363],[31.81349879734885,1.869054889333166],[31.817008496238156,1.871821008285762],[31.81971489981138,1.870869432617601]]]}},{"type":"Feature","properties":{"n":"Kyatiri Town Council","c":"409205","d":"Masindi","od":"Masindi","dc":"409","k":"KYATIRITOWNCOUNCIL","a":["KYATIRI","KYATIRITOWNCOUNCIL"],"lat":1.78689,"lon":31.876488},"geometry":{"type":"Polygon","coordinates":[[[31.847417782229382,1.7880860405226204],[31.851165155783782,1.787546127445982],[31.851060509321268,1.78939997754296],[31.850712073515233,1.790186307101078],[31.85041813827428,1.791898101619287],[31.84725807180214,1.7979810962523122],[31.847253779610476,1.7979907826195491],[31.848585754946974,1.8004405861825084],[31.85210746023816,1.802249193319436],[31.853491295179797,1.80416106880306],[31.85417795288877,1.8057963847334317],[31.856203711445552,1.810620726934937],[31.856203718948407,1.810620866371455],[31.856203842032215,1.81062115950282],[31.856382581817744,1.813940840174714],[31.85773801949069,1.816116157944035],[31.863520729505773,1.813512352492863],[31.863521109981274,1.8135123343704287],[31.86352116736964,1.813512308511881],[31.865227342307595,1.813431064792923],[31.8710162736016,1.813155332119702],[31.87526280581672,1.811941959446211],[31.877297180499028,1.809479275236732],[31.87663198089529,1.806599722122635],[31.87663664541681,1.8066003373612212],[31.87663663317923,1.806600284075924],[31.876651360174133,1.8066022782004807],[31.87895376940018,1.806905960151782],[31.88144443853508,1.805296097970395],[31.888085442921955,1.8056314456966946],[31.88810809872977,1.805632578238275],[31.888130861704813,1.80465562645861],[31.890155250062783,1.8036433332689392],[31.89073710884937,1.8030465550262893],[31.892714164966463,1.799510468015848],[31.897326153681334,1.795062898252008],[31.900440206378907,1.790415308448598],[31.90541754303403,1.7879896994522773],[31.90959363693263,1.7837065262229446],[31.906255733426,1.778098587891258],[31.905968537504712,1.774323014535649],[31.89651733942848,1.772329348848037],[31.894178918908384,1.773557342301471],[31.896983585820028,1.776793925728736],[31.897951416103833,1.781877240094452],[31.8947182364212,1.781972112038061],[31.88789112710171,1.780129689409195],[31.884743915588093,1.781017544436667],[31.88613409083469,1.778253770883856],[31.88383901073246,1.77391801361733],[31.885920799504543,1.772016566269447],[31.885949335707828,1.768883399252348],[31.876493901665,1.766927467711902],[31.867491527746935,1.760988139195872],[31.858207873250148,1.758838679914974],[31.85235730782621,1.758572739503901],[31.850444452473667,1.759349536929294],[31.848145505651686,1.761790192266173],[31.847799675881642,1.76724448766103],[31.848696826223403,1.770030934882584],[31.851064507533398,1.77215819935757],[31.85819735090696,1.774776469959074],[31.859893634041153,1.779056352931378],[31.86320016528365,1.781927238107663],[31.861861054044162,1.782820440461065],[31.858531169935624,1.782203030691126],[31.85359803561478,1.779061663721546],[31.852310013391165,1.779419022513716],[31.848958907859096,1.778158278616117],[31.848915033914885,1.7784826174530217],[31.848527956364308,1.781344828863436],[31.845994046350505,1.786234851242634],[31.847386288514414,1.7880905316518618],[31.847417782229382,1.7880860405226204]]]}},{"type":"Feature","properties":{"n":"Labongo","c":"409206","d":"Masindi","od":"Masindi","dc":"409","k":"LABONGO","a":["LABONGO"],"lat":1.801977,"lon":31.70086},"geometry":{"type":"MultiPolygon","coordinates":[[[[31.658591047698646,1.78943762279834],[31.659589264280555,1.788691061851578],[31.66076825576531,1.790294232117315],[31.66308766620882,1.790008715613804],[31.666871573973438,1.791150836359712],[31.66876324150848,1.79065114869908],[31.670618891403866,1.788224523272524],[31.672583985356333,1.787976865913023],[31.67499774572211,1.795390109962353],[31.673412985274084,1.799660494795252],[31.67082385893779,1.800689156507936],[31.67067157872751,1.801412505681404],[31.671433007561987,1.805314820161642],[31.67358403598152,1.809731096714092],[31.689273863424496,1.808771029310692],[31.693948695896673,1.819691756644132],[31.69126293704536,1.821608887551461],[31.692920676301853,1.822805759375368],[31.69394350685948,1.826279136925504],[31.696823638211598,1.826495543245789],[31.703533909616166,1.841906780067053],[31.704004935442256,1.853613351805531],[31.705375500560624,1.854398571289233],[31.70867344253863,1.852514064537155],[31.712112134676165,1.851836663528257],[31.716833042152427,1.852835728037094],[31.719717710398225,1.852336437858329],[31.722610536959692,1.85517789972008],[31.72451426288325,1.858813901749669],[31.728987755206816,1.862297502703309],[31.745562023152385,1.870221990422628],[31.747731302474946,1.869879384120472],[31.750653971988946,1.871476655915716],[31.752545704117086,1.871574619399875],[31.760391309739898,1.877480095157037],[31.76050698579791,1.875961851565293],[31.759457960861315,1.875209982573304],[31.760278745586408,1.874577879548883],[31.760089194913366,1.872502041845889],[31.759096576138763,1.871827985782634],[31.758640172004107,1.86871476718954],[31.75547217587321,1.865406800830668],[31.754575748337803,1.862888379984572],[31.752366962170065,1.861236263757029],[31.75262936637241,1.860157832498637],[31.75052941498754,1.859212361336996],[31.751828285837043,1.858504383694314],[31.7512190553921,1.857847470178512],[31.752804230742594,1.855948893864335],[31.750820840650064,1.854487056307776],[31.75173634572636,1.853430392568199],[31.750799543227703,1.853235285645382],[31.75013323992174,1.851488095920306],[31.746273534852797,1.850830351863747],[31.74314593346564,1.846216483495802],[31.74308361170057,1.838013667296255],[31.744358838007837,1.835386200991037],[31.743250367187795,1.833800924332106],[31.74451262228721,1.831303611898686],[31.74360688734808,1.830631232677368],[31.743811563903055,1.828900741329506],[31.74216890275512,1.823210727629767],[31.739859072558474,1.821439563368339],[31.74039533361107,1.820287870964025],[31.74308804659446,1.819867194974256],[31.743301688167723,1.815792461043066],[31.744313728760176,1.815140220948084],[31.744009229379422,1.813563889467822],[31.742272825076636,1.811064160064429],[31.732627279005126,1.810634357089342],[31.728849749012277,1.807113429945624],[31.730513005998723,1.802542357836238],[31.732654132788575,1.799698791060942],[31.734876484039738,1.790476841702177],[31.737550702327212,1.789631276356848],[31.738437892162626,1.786516056638897],[31.74788535537808,1.784472952743651],[31.748891021542303,1.77927527006518],[31.752390572869043,1.780285184153208],[31.755313336103374,1.777951104981377],[31.76179422487587,1.776188259953363],[31.76563416200981,1.776541536152945],[31.766580991246762,1.778758846097242],[31.7699536918301,1.776122880394634],[31.775413933857177,1.765624894076691],[31.771694928708893,1.763524476583635],[31.76647593193716,1.756715126448859],[31.753027313285777,1.745290473765426],[31.74923301857214,1.739011075208881],[31.739736773188937,1.729505750489551],[31.738594676782466,1.726647996485619],[31.737231253836626,1.727295047149136],[31.734506821053852,1.730752627837848],[31.73380169275656,1.733323206941233],[31.73587946565586,1.737594137510737],[31.734494490137443,1.740399052421733],[31.732080669354794,1.74207754113628],[31.731800692707065,1.744634443806848],[31.729680294313496,1.747295455681605],[31.7271097134675,1.748010096604831],[31.717354133674874,1.754220354693866],[31.71153383290518,1.758602187319333],[31.70663633598281,1.763932494521603],[31.702151838357043,1.766496938564699],[31.702161383183583,1.768644576595159],[31.698355632587585,1.770499992539027],[31.694881425072897,1.769048716452845],[31.690240479958195,1.763114277873214],[31.684165904454765,1.757818705506445],[31.682786246611688,1.757717742296433],[31.67890396258983,1.753517208561806],[31.66635924423533,1.747692180561721],[31.662034044899706,1.747471311241949],[31.659992980352506,1.745986738761142],[31.65298742242497,1.785939823217786],[31.654572209242506,1.787594950281914],[31.658591047698646,1.78943762279834]]],[[[31.69132081096242,1.813572575962002],[31.691320811706134,1.813572575613932],[31.69132081095422,1.813572575943956],[31.69132081096242,1.813572575962002]]]]}},{"type":"Feature","properties":{"n":"Miirya","c":"409207","d":"Masindi","od":"Masindi","dc":"409","k":"MIIRYA","a":["MIIRYA"],"lat":1.65937,"lon":31.854811},"geometry":{"type":"Polygon","coordinates":[[[31.76244378124203,1.632480552777357],[31.76465852048061,1.634438068823427],[31.764143946013583,1.635635994505609],[31.76481027501375,1.63610241251952],[31.77073028958435,1.63749197029876],[31.77569309727231,1.637531658977726],[31.779527609310087,1.639441776847088],[31.781152124486518,1.641303094981505],[31.78762367837501,1.639542927552226],[31.79312166168736,1.64010759881557],[31.799334733959643,1.643158186377653],[31.801952395528687,1.645790432369072],[31.80367982420207,1.642002880595673],[31.804320681094374,1.642311840161475],[31.807564892647225,1.65281771913234],[31.814144993858477,1.666551244410161],[31.810777446261213,1.668470526168454],[31.81087954869949,1.670051390906223],[31.80771837552861,1.669597861544643],[31.804412275237024,1.671796109288785],[31.803448306914888,1.671401561312992],[31.803065907258244,1.672238245706241],[31.801878226126163,1.672381333369313],[31.798690406349,1.675225575542901],[31.799283619133448,1.676780906462993],[31.794277203854648,1.682193922565553],[31.793509108037618,1.684372708695315],[31.7933606476616,1.692599224674052],[31.792095750906256,1.702044732135684],[31.790499863655857,1.705284180614985],[31.790863401040806,1.710079748211408],[31.79016059396591,1.712580346401707],[31.786874463422592,1.717262201799012],[31.78741436910117,1.71970153968889],[31.782897627131057,1.734856493824797],[31.78578546279631,1.742250769879404],[31.785889191594606,1.747486423213481],[31.784515492049675,1.751164173091823],[31.77517866891114,1.749826123785958],[31.77165263556332,1.753144437499542],[31.767197167831334,1.755728887230937],[31.766468023020444,1.756708407794037],[31.76647593193716,1.756715126448859],[31.771694830635038,1.7635243486243246],[31.771695236748375,1.7635246505579887],[31.77495751615357,1.7653671187602895],[31.778943021257742,1.766672311782117],[31.788887183863324,1.763562370453277],[31.80166432331363,1.76592987550354],[31.810370337416302,1.770237300472964],[31.81856782630608,1.770951233220154],[31.823395544086786,1.77520163752024],[31.826036996426694,1.7758385670812127],[31.82968387348768,1.776380303506302],[31.831392366463696,1.7763100311118785],[31.835116907611607,1.7753562900136661],[31.8408709452896,1.773545739025179],[31.84127654191099,1.7737789960201298],[31.841518515736976,1.773717033922419],[31.848958897544847,1.778158271641715],[31.848954026933697,1.7781942869538532],[31.84895403621899,1.7781942922937888],[31.848958907859096,1.778158278616117],[31.852310013391165,1.779419022513716],[31.85359803561478,1.779061663721546],[31.858531169935624,1.782203030691126],[31.861860830938312,1.7828203990939402],[31.86237013589703,1.7824808771031848],[31.86320016528365,1.781927238107663],[31.859893634041153,1.779056352931378],[31.858197371331578,1.7747765214923212],[31.85747484449387,1.7745112577285902],[31.851064507533398,1.77215819935757],[31.848696826223403,1.770030934882584],[31.847799675881642,1.76724448766103],[31.847983773716585,1.7643409667374421],[31.848145474505547,1.761790546814974],[31.848145483796976,1.7617905369503286],[31.848145505651686,1.761790192266173],[31.850444452473667,1.759349536929294],[31.850444759601533,1.7593494122067768],[31.8504447772574,1.759349393461666],[31.850570093466793,1.7592985149846116],[31.85235730782621,1.758572739503901],[31.85262076633745,1.7585847151438099],[31.858207252714376,1.758838625344482],[31.858207399009014,1.7588386583581033],[31.858207873250148,1.758838679914974],[31.85822244169207,1.7588420529694873],[31.866688683954365,1.760752589956258],[31.866902860968384,1.760851844241019],[31.867491527746935,1.760988139195872],[31.868186817755998,1.761446857731152],[31.871144531325722,1.762817526503586],[31.87649130279267,1.7669257531023241],[31.876493901665,1.766927467711902],[31.885949335707828,1.768883399252348],[31.885920799504543,1.772016566269447],[31.88383901073246,1.77391801361733],[31.88613409083469,1.778253770883856],[31.884743915588093,1.781017544436667],[31.88789112710171,1.780129689409195],[31.892262600386037,1.7813094129090858],[31.894718290852722,1.7819721104408641],[31.89535348422237,1.7819534718140442],[31.897951387243435,1.7818770885115962],[31.896983631173587,1.77679416393826],[31.896927032670124,1.7767286634378834],[31.894178918908384,1.773557342301471],[31.894184283145226,1.7735545253369145],[31.894183950673003,1.773554140572379],[31.895259710261726,1.7729897777017654],[31.89651733942848,1.772329348848037],[31.90492871699861,1.7741036715012986],[31.905968535605357,1.7743230021298],[31.907359324219563,1.769885899029043],[31.907604527620325,1.765634602569532],[31.905824684760542,1.760434455605891],[31.90957870721961,1.753625024862047],[31.911211188489222,1.7456190403247582],[31.9102,1.7388],[31.9196,1.7284],[31.91944570494561,1.7280091191955425],[31.91458658970335,1.717181515169561],[31.91357546604055,1.713227656870033],[31.91448508750942,1.6887712196778415],[31.9036,1.6671],[31.903913471260662,1.6667865287393406],[31.90353808740586,1.665922359748195],[31.90353784363188,1.6659219976667683],[31.89253622501833,1.650321557505898],[31.891564711960708,1.648138111946311],[31.891085210307327,1.647425900401272],[31.89098966608037,1.6468457141096242],[31.890704538549944,1.646204898800617],[31.89050032142243,1.6438741995402302],[31.890288260820853,1.642586474913097],[31.890324921346775,1.6418723849442387],[31.89024086246306,1.640913033588712],[31.890487939111946,1.6386970526779727],[31.890526499549214,1.637945955393972],[31.89060562398478,1.6376415606561232],[31.890823781091136,1.635684953322275],[31.89512965420812,1.620237349093195],[31.89495881705772,1.6175339114113199],[31.894879838264462,1.6162842653028109],[31.889361221801042,1.6028845278056532],[31.88418774210209,1.595003441278943],[31.88418773476887,1.5950033811268136],[31.88418763259718,1.595003225481894],[31.883081515730066,1.5859296474703601],[31.880488757648504,1.5770369151171202],[31.864187180813232,1.5487532192242335],[31.861256915095332,1.544616178956734],[31.860200252969147,1.541835786890632],[31.859972400482263,1.541440456395146],[31.85968010183432,1.540467114679705],[31.85734475074054,1.5343221119472215],[31.857343836192722,1.534320258779601],[31.855150639466487,1.5338179065690494],[31.84788998795202,1.5351923687877063],[31.84788927782917,1.5351925232533201],[31.84162555212957,1.538118011451092],[31.841002774131876,1.5384088913396698],[31.835971508041037,1.541762112709431],[31.81116149700051,1.549816852805107],[31.79429674742899,1.556934861095343],[31.793769812284946,1.5570390983750095],[31.793107864335738,1.557313985562076],[31.78007591732273,1.559747997895257],[31.78007268432989,1.559748637439578],[31.78007242810967,1.5597486495851096],[31.780072185834268,1.559748694835548],[31.772496696507222,1.5601658249688284],[31.772029034522106,1.5609530552020778],[31.771913188512233,1.5613245296086213],[31.773293234683354,1.564176852276299],[31.773292822480855,1.5641772724152956],[31.77329315797894,1.564177936792933],[31.77328894688423,1.5641812226321794],[31.77189168705453,1.565605385129828],[31.771855576446956,1.5657365380198591],[31.771532695526712,1.5689676971012507],[31.771609925868034,1.5713677283746734],[31.777466795586644,1.581066722967138],[31.78701672385443,1.590144775626495],[31.787016253538983,1.5901452987438638],[31.787016447388883,1.590145483034504],[31.781652740166273,1.596111018459823],[31.781652700449683,1.5961110134874477],[31.781652316825987,1.596111440180257],[31.77689116562335,1.5955149972633267],[31.77218068799908,1.5972755193272656],[31.77187086226997,1.601130421845145],[31.769657909652583,1.6060086265366462],[31.769618670199165,1.6062608030587242],[31.76882510820427,1.611362215691133],[31.76882478277006,1.6113628050838207],[31.76882475362486,1.611362992388552],[31.76822542539446,1.6124482990019133],[31.7666836384638,1.615240623588794],[31.766236378616394,1.6155941241572598],[31.763163328445373,1.6180235851041331],[31.764629323646272,1.620419892525534],[31.76462767830442,1.6204229153662622],[31.76367374897979,1.622588178119435],[31.76345879027639,1.622570409723191],[31.763401527562966,1.622675613430466],[31.76263359269866,1.6225021992376016],[31.76110273516501,1.622375659196094],[31.760688511448556,1.6220629631633987],[31.7603033603985,1.621975988783694],[31.75841002387845,1.620629929547552],[31.758533705021343,1.625954122093521],[31.754539009475124,1.628473774859152],[31.76218146975844,1.631067776595944],[31.76244378124203,1.632480552777357]]]}},{"type":"Feature","properties":{"n":"Pakanyi","c":"409208","d":"Masindi","od":"Masindi","dc":"409","k":"PAKANYI","a":["PAKANYI"],"lat":1.834266,"lon":31.782242},"geometry":{"type":"MultiPolygon","coordinates":[[[[31.744313499454424,1.815141427733979],[31.743366393895222,1.8157507594846856],[31.743301688167723,1.815792461043066],[31.74308804659446,1.819867194974256],[31.741112290208953,1.8201758625812912],[31.74039525793876,1.8202880334804359],[31.740095172235353,1.8209325077035494],[31.73985942839684,1.821439836223114],[31.74216890275512,1.823210727629767],[31.742169153968852,1.8232115978089758],[31.742169230108946,1.823211656172722],[31.74291150792066,1.825783037549395],[31.743811563903055,1.828900741329506],[31.74381154300917,1.828900917982319],[31.74381156211218,1.828900984158528],[31.743804712060747,1.8289586720184117],[31.74360688734808,1.830631232677368],[31.744012398565282,1.8309322670138803],[31.74451216997079,1.831300403600075],[31.744511115542696,1.831302493355436],[31.74451262228721,1.831303611898686],[31.743316637340968,1.8336698119463732],[31.743250433847674,1.833801019665558],[31.744358838007837,1.835386200991037],[31.744358152321627,1.8353876137735392],[31.74435831731794,1.835387850011494],[31.743845072843495,1.8364447587155845],[31.74308361170057,1.838013667296255],[31.743143946185555,1.8459549168783904],[31.74434708639244,1.8479884361227539],[31.74602993053714,1.8504709843781955],[31.75012635840129,1.8514869232195175],[31.75013323992174,1.851488095920306],[31.75013346482111,1.8514886856545363],[31.750133565745685,1.85148871068444],[31.75079970659716,1.853235319670176],[31.751590302240732,1.853399976236988],[31.751734580980713,1.853429654301017],[31.75173430891021,1.8534299683625286],[31.75173634572636,1.853430392568199],[31.750820840650064,1.854487056307776],[31.752804230742594,1.855948893864335],[31.752803611812638,1.8559496351613514],[31.752803912358406,1.855949856664678],[31.75121957892023,1.8578480346819914],[31.751828285837043,1.858504383694314],[31.751701112345753,1.8585737023556792],[31.750531370561067,1.859213241804224],[31.75262936637241,1.860157832498637],[31.75262922960424,1.8601583945897602],[31.752629404930996,1.860158473377239],[31.752621397458615,1.860190583215492],[31.752366962170065,1.861236263757029],[31.754575748337803,1.862888379984572],[31.75547217587321,1.865406800830668],[31.75547242734879,1.8654070634170872],[31.75665496613716,1.865926348912611],[31.758162279564395,1.8682157602310698],[31.758640172004107,1.86871476718954],[31.758682954968634,1.869006597851283],[31.75921222299213,1.869810486532688],[31.759096492888222,1.8718274179150112],[31.759096576138763,1.871827985782634],[31.75961828521301,1.8721822619395516],[31.760088103839696,1.872500610645882],[31.760088171300062,1.8725013467424192],[31.760089194913366,1.872502041845889],[31.760278745586408,1.874577879548883],[31.759756104210737,1.8749803763110064],[31.75945848405617,1.8752103575634258],[31.76050698579791,1.875961851565293],[31.76050688898361,1.8759631222490636],[31.760507036942393,1.875963228164854],[31.762866300948364,1.888341214598803],[31.761680655819955,1.890973111400245],[31.76271321739769,1.891187358628938],[31.762615327385703,1.892799637381705],[31.76370292189843,1.894261383408052],[31.763011601107944,1.898315869831586],[31.76175076975931,1.899814136245332],[31.763104278513516,1.900517800995887],[31.76373109123319,1.902037366685281],[31.763448104279053,1.904867927399367],[31.767185482897634,1.904728269196763],[31.769198018053277,1.905698927806249],[31.79908316004631,1.904663788360292],[31.801814085364065,1.905425130531442],[31.816374790598356,1.905058530720013],[31.81683050419211,1.903863548858222],[31.819030166777548,1.898095403886169],[31.8216047246864,1.886656358104425],[31.821685358554088,1.8866276870922867],[31.821736400911295,1.886407234331126],[31.82535578789182,1.8853225912670366],[31.82535975788333,1.8853211796557858],[31.829864298020933,1.8799716700239473],[31.828991169794183,1.877395891222859],[31.83014333921882,1.8740716415094758],[31.830106204143302,1.8737559172883385],[31.829191305862807,1.8734591387419595],[31.828726601420232,1.873545848110093],[31.81971659744746,1.8708696420399582],[31.81971489981138,1.870869432617601],[31.817008496238156,1.871821008285762],[31.81349879734885,1.869054889333166],[31.81568830446934,1.8672185295654555],[31.815711498247975,1.867199053246601],[31.81571153271288,1.867199047823875],[31.815711691124772,1.867198914962363],[31.81760406232783,1.866900441557716],[31.820077789547792,1.863201721796786],[31.820375437893883,1.859322896552223],[31.82037559222037,1.859322716877453],[31.820375592950764,1.859322707357929],[31.820515119713246,1.859160271850717],[31.82283817859745,1.856455648161293],[31.824516022072864,1.855859276919685],[31.82469112266579,1.8550678962964833],[31.826337228879616,1.847614649408105],[31.818758984775396,1.836262062042797],[31.8204086037273,1.8347305461688257],[31.822746627914743,1.832559871665189],[31.82274679336668,1.8325597572451668],[31.822746872656914,1.832559683631648],[31.832831236429193,1.825583509954261],[31.829919726201453,1.820675647019677],[31.82988400568128,1.8168324482602585],[31.829884005503096,1.816832429205663],[31.829884005504148,1.8168324292026485],[31.82988399928039,1.816831759583657],[31.832754471736457,1.808607006132568],[31.83322890178615,1.8024801378489983],[31.83340924811574,1.800150945606913],[31.83313054559979,1.79890174958091],[31.832512150013994,1.79917013700142],[31.828305576979147,1.7956300759606043],[31.82679395794905,1.794357986993513],[31.82679394050294,1.7943579512755083],[31.82679362829907,1.794357688538893],[31.825594380703834,1.791902086626062],[31.825378179650844,1.787129988489691],[31.824378953326573,1.786058127738968],[31.823914957236305,1.782917242648727],[31.824187814530067,1.7787097056405257],[31.82438986290215,1.775593886866939],[31.824123435112003,1.7753771528245004],[31.823395544086786,1.77520163752024],[31.818660690233344,1.7710329921906856],[31.810374949390116,1.7702377021373248],[31.810370337416302,1.770237300472964],[31.8103702345865,1.7702372495964487],[31.81037018420609,1.770237244760787],[31.807769681350795,1.7689505886963293],[31.801664352806025,1.7659298900953244],[31.793640153849044,1.764912763348641],[31.790338814183684,1.76383134631661],[31.789270619804594,1.7636334181655553],[31.78037650439475,1.766624770318437],[31.7792849817152,1.766565366934003],[31.778943021257742,1.766672311782117],[31.77848321737284,1.7665217329203933],[31.77775376052995,1.766482034061104],[31.776932668506344,1.766208383942501],[31.77541394467527,1.765624898063551],[31.774756498467674,1.7668888944066559],[31.7699536918301,1.776122880394634],[31.766580991246762,1.778758846097242],[31.76563416200981,1.776541536152945],[31.76179422487587,1.776188259953363],[31.757989981999092,1.7772230394220596],[31.755313251358032,1.7779511726578607],[31.752390572869043,1.780285184153208],[31.748891021542303,1.77927527006518],[31.74788535537808,1.784472952743651],[31.738437892162626,1.786516056638897],[31.737550702327212,1.789631276356848],[31.734876484039738,1.790476841702177],[31.732654132788575,1.799698791060942],[31.730513005998723,1.802542357836238],[31.728849749012277,1.807113429945624],[31.732627279005126,1.810634357089342],[31.742272825076636,1.811064160064429],[31.744009229379422,1.813563889467822],[31.744313728760176,1.815140220948084],[31.744313317668606,1.815140485888449],[31.744313499454424,1.815141427733979]]],[[[31.776867998926566,1.766182185063433],[31.77686799666077,1.766182190655627],[31.776867998926633,1.76618218506346],[31.776867998926566,1.766182185063433]]]]}},{"type":"Feature","properties":{"n":"Central Division","c":"409301","d":"Masindi","od":"Masindi","dc":"409","k":"CENTRALDIVISION","a":["CENTRAL","CENTRALDIVISION"],"lat":1.682191,"lon":31.718042},"geometry":{"type":"Polygon","coordinates":[[[31.692880216628346,1.702578180203708],[31.693610787683692,1.705301549632734],[31.699821980321467,1.7075037077584],[31.707826829272406,1.705293130834894],[31.709230887014712,1.704127579436352],[31.711299092168485,1.704589965998534],[31.720015530437273,1.702958713654424],[31.725852700808733,1.699085261706168],[31.741989960742117,1.700922960852526],[31.743144532379986,1.701699609296562],[31.746786890874198,1.698969436392832],[31.745388751859473,1.697059991129084],[31.74348825627257,1.689550992133851],[31.741473583290386,1.687415221434774],[31.741792125040078,1.685962392372658],[31.74093561690277,1.683784284776654],[31.741756468649747,1.680596722482737],[31.74548024462035,1.67474335311498],[31.745848183255728,1.671743051803824],[31.744545665929493,1.669743339547127],[31.743666214876733,1.669588917103629],[31.736600209066825,1.672935036189918],[31.728531936731642,1.67408042278215],[31.727504157860515,1.671653867289449],[31.723762959451754,1.667546673600191],[31.7228451958747,1.663075211908191],[31.715335852477125,1.659774358569168],[31.713900105917194,1.658348626493163],[31.710069450786875,1.65770098580342],[31.704678426441845,1.655100232574859],[31.70317341866353,1.656914566635944],[31.70316206863837,1.661644323867012],[31.702226993870426,1.661181841237719],[31.70117920028621,1.663932600221026],[31.69539423989942,1.666165183379787],[31.691375678577277,1.666388815354017],[31.691786475191574,1.673426120652725],[31.692497205123278,1.674493800492737],[31.696050288178252,1.675370974611045],[31.69637966787844,1.676791324752529],[31.697017180177287,1.676721914574726],[31.696818674288316,1.679591415961222],[31.688084143187947,1.690500415022676],[31.684635687477094,1.697365850081979],[31.687411547173944,1.698305625103281],[31.692880216628346,1.702578180203708]]]}},{"type":"Feature","properties":{"n":"Karujubu Division","c":"409302","d":"Masindi","od":"Masindi","dc":"409","k":"KARUJUBUDIVISION","a":["KARUJUBU","KARUJUBUDIVISION"],"lat":1.711227,"lon":31.697553},"geometry":{"type":"Polygon","coordinates":[[[31.611173863824803,1.683302754305084],[31.613053726404807,1.682612628813201],[31.61825285321004,1.676711850350005],[31.62145230938132,1.67785388392448],[31.62143562863897,1.679866890026599],[31.61894324433368,1.679677969234825],[31.618162821617815,1.68241899327593],[31.61873389051654,1.685674093253937],[31.62023784188357,1.686454547774274],[31.62317028834206,1.685483949732937],[31.627091097696148,1.687045511623965],[31.63676068648265,1.705509277199613],[31.646412616156244,1.695383559174933],[31.664741715382252,1.70701161117641],[31.664712087511926,1.71891138963403],[31.65999298195221,1.745986726723067],[31.660047614103426,1.7460264767318254],[31.662033776211448,1.7474711158109943],[31.66635873706229,1.747691985494412],[31.66635912821522,1.747692174637073],[31.66635924423533,1.747692180561721],[31.67890396258983,1.753517208561806],[31.67930675774322,1.753953022793952],[31.680254877812747,1.754411487857149],[31.682785636199394,1.7577170818456747],[31.682786246611688,1.757717742296433],[31.684165904454765,1.757818705506445],[31.690240479958195,1.763114277873214],[31.694139819128047,1.7681004150139719],[31.695272794628305,1.7692122027369035],[31.698355632587585,1.770499992539027],[31.702161383183583,1.768644576595159],[31.702151838357043,1.766496938564699],[31.702153070862195,1.7664962337610048],[31.70215307036697,1.766496121584795],[31.704144935093346,1.7653571932734184],[31.706636317590714,1.7639325050390575],[31.70666203769532,1.7639045214517957],[31.71153383290518,1.758602187319333],[31.717354133674874,1.754220354693866],[31.718154756623928,1.7537106899428894],[31.72068543785922,1.751840869444207],[31.727109170521516,1.748010437353376],[31.72710918413344,1.7480104335710795],[31.7271097134675,1.748010096604831],[31.72968019995294,1.7472954819145534],[31.7318007854173,1.7446335971253666],[31.732080669354794,1.74207754113628],[31.732081196736893,1.7420771744127406],[31.7320812402515,1.742076774547689],[31.732081766013778,1.742076778556994],[31.73399928702414,1.7407433997912896],[31.734863793627465,1.7396511223305027],[31.735546686942453,1.7382680959763446],[31.735693958801576,1.7372128220671317],[31.73380169275656,1.733323206941233],[31.733882362524977,1.7330291214226716],[31.733779420109595,1.732824884968384],[31.73450527065602,1.7307582798876706],[31.734506821053852,1.730752627837848],[31.737231253836626,1.727295047149136],[31.73851102257023,1.726687696942251],[31.738594673782377,1.726647985080929],[31.73835199482608,1.725553521281595],[31.731904120572324,1.714950165434342],[31.725562943950095,1.6995162406927],[31.72001757185706,1.7029573590012372],[31.720015530437273,1.702958713654424],[31.720015327680713,1.7029587515996376],[31.720015251381355,1.702958798946347],[31.71767779945014,1.7033962122100343],[31.711299092168485,1.704589965998534],[31.70923146384876,1.7041277083985642],[31.708011950111388,1.7051394563482452],[31.707826829272406,1.705293130834894],[31.699821980321467,1.7075037077584],[31.69982077509727,1.707503280450085],[31.69982042345824,1.70750337752692],[31.69410284376893,1.7054760065155885],[31.693610787683692,1.705301549632734],[31.69288022447132,1.7025782094401767],[31.690542910785283,1.7007520928740019],[31.687411547173944,1.698305625103281],[31.684635687477094,1.697365850081979],[31.68801681159136,1.6906344636353212],[31.688083933410095,1.690500732818668],[31.6880840679773,1.690500564757469],[31.688084143187947,1.690500415022676],[31.696818674288316,1.679591415961222],[31.696819587956735,1.6795782084296333],[31.697016048120403,1.6767220378292418],[31.69637966787844,1.676791324752529],[31.696126371261165,1.6756990598498038],[31.696049996585764,1.6753709026235963],[31.692497205123278,1.674493800492737],[31.692404914111975,1.6743551581649185],[31.691786599407955,1.673426395182003],[31.691786593780094,1.673426298799959],[31.691786475191574,1.673426120652725],[31.69141606035421,1.6670805905121013],[31.691375666832048,1.666388816193062],[31.686491337644867,1.666096102488411],[31.68299474919963,1.666943931766917],[31.680291958571832,1.668904535242571],[31.6775819419419,1.668948236903731],[31.66909762770654,1.673084961915376],[31.661488097208956,1.669045799122616],[31.656688572085635,1.668237550735621],[31.65223389199714,1.668772173749847],[31.651130721115045,1.661350514306097],[31.649334193568674,1.657242990915977],[31.646263961069497,1.653885322693298],[31.641635973375468,1.652463303411161],[31.641632589584578,1.652462362683883],[31.64161559904368,1.6524718822703115],[31.632859711882446,1.657575475779625],[31.632596481868784,1.6575251802174837],[31.63226546594825,1.657710644275581],[31.628458822293858,1.6569392586565412],[31.62748108005115,1.6573884889500645],[31.627452684777076,1.657426868183829],[31.62739887269035,1.6574262596785942],[31.626572793324062,1.657805807436666],[31.624576721588234,1.6576044530709695],[31.623137761778363,1.6584985298777453],[31.623136273184755,1.658499596130913],[31.619937066117593,1.663825248783339],[31.617331264991446,1.6649993654675783],[31.614400307775284,1.667972653129244],[31.614400294063106,1.6679726518323936],[31.614400127706677,1.667972820592042],[31.610174390463932,1.6678006880231544],[31.609711737800723,1.6679430261016754],[31.607391282639863,1.6700228927186727],[31.607067098517703,1.6704891912058812],[31.607295466797332,1.6774320164942347],[31.609114468496223,1.682161687305987],[31.611173863824803,1.683302754305084]]]}},{"type":"Feature","properties":{"n":"Kigulya Division","c":"409303","d":"Masindi","od":"Masindi","dc":"409","k":"KIGULYADIVISION","a":["KIGULYA","KIGULYADIVISION"],"lat":1.69483,"lon":31.768943},"geometry":{"type":"Polygon","coordinates":[[[31.737837530721738,1.724248799494219],[31.73824576049631,1.7253788217825927],[31.73835199482608,1.725553521281595],[31.73842052547404,1.7258625893379487],[31.739735461353657,1.7295024680148827],[31.739736706777112,1.7295055843138636],[31.747127993552624,1.736904037580282],[31.74923301857214,1.739011075208881],[31.749233220757652,1.7390114098174185],[31.754089259349097,1.7461926009843236],[31.766468023020444,1.756708407794037],[31.767197167831334,1.755728887230937],[31.769161485432896,1.75458946026095],[31.77517675817095,1.7498279219638933],[31.77517866891114,1.749826123785958],[31.784515492049675,1.751164173091823],[31.785889191594606,1.747486423213481],[31.78580300978511,1.7431364443683193],[31.782897618208864,1.734856969581142],[31.782897702491486,1.734856686784465],[31.782897627131057,1.734856493824797],[31.78741436910117,1.71970153968889],[31.786874463422592,1.717262201799012],[31.786875312302016,1.7172609923733198],[31.786875265489552,1.717260780706939],[31.787676103596286,1.7161200793773885],[31.79016059396591,1.712580346401707],[31.790863401040806,1.710079748211408],[31.790646126816892,1.7072135966933724],[31.790499912378138,1.705284964691755],[31.790499921665095,1.7052849458381423],[31.790499863655857,1.705284180614985],[31.792095750906256,1.702044732135684],[31.7933606117821,1.692599492601128],[31.793399980825168,1.6904196875661957],[31.793509108037618,1.684372708695315],[31.794277203854648,1.682193922565553],[31.794352159065795,1.682112879794964],[31.79449102094591,1.681740591700241],[31.799272371977263,1.6767930670677655],[31.799283619133448,1.676780906462993],[31.798690406349,1.675225575542901],[31.79869625497606,1.6752203572705675],[31.801045042334152,1.673074936791701],[31.80117917246588,1.673005044256743],[31.801878226126163,1.672381333369313],[31.802525868858105,1.6723033076412654],[31.80319569354631,1.6719542753631815],[31.803448306914888,1.671401561312992],[31.803900900741464,1.6715868059668166],[31.80771710845442,1.669598256283376],[31.807717662120595,1.6695983358943054],[31.80771837552861,1.669597861544643],[31.81087954869949,1.670051390906223],[31.810777446261213,1.668470526168454],[31.814144993858477,1.666551244410161],[31.807564892647225,1.65281771913234],[31.807564869198245,1.6528176431964385],[31.807564853276066,1.652817609967056],[31.80756480342365,1.6528174301955434],[31.804345076946227,1.6423908423667168],[31.803742891303,1.6420332854869268],[31.80368030287823,1.6420031113672853],[31.803209600085896,1.643033891723688],[31.801952395528687,1.645790432369072],[31.799334832563268,1.6431582855306526],[31.795041443739056,1.6410502022478435],[31.79312166168736,1.64010759881557],[31.78762367837501,1.639542927552226],[31.781152124486518,1.641303094981505],[31.779527609310087,1.639441776847088],[31.77569309727231,1.637531658977726],[31.77073028958435,1.63749197029876],[31.77072185792484,1.6374899912026073],[31.765266695199607,1.636321114195513],[31.764969921285346,1.636139885014896],[31.76481027501375,1.63610241251952],[31.764143946013583,1.635635994505609],[31.764168035333345,1.6355799147413441],[31.76465766073068,1.6344373089261661],[31.76464276027584,1.634424139032874],[31.762961188498785,1.633023240343685],[31.75863073380251,1.642591954588233],[31.756591066923807,1.659499099507624],[31.756975644809014,1.669885362268187],[31.754532460125915,1.671033445917936],[31.747555781027852,1.668305687881156],[31.74273849904882,1.6697989585438],[31.743255595620514,1.6697833665517887],[31.743666214876733,1.669588917103629],[31.744545665929493,1.669743339547127],[31.744546386226045,1.6697444453948689],[31.74454670971966,1.669744435640579],[31.744547359923796,1.6697459402811867],[31.745848183255728,1.671743051803824],[31.74575140393658,1.6725322244815843],[31.74592034215973,1.672923165258678],[31.74559486036238,1.6738087359586717],[31.74548024462035,1.67474335311498],[31.744938190450288,1.6755954031039586],[31.744302694485903,1.677324460183653],[31.74175660649294,1.680596505808283],[31.741756468649747,1.680596722482737],[31.741637187940952,1.6810599178053387],[31.740935704952292,1.6837845086873446],[31.741792125040078,1.685962392372658],[31.741473583290386,1.687415221434774],[31.74348825627257,1.689550992133851],[31.745388751859473,1.697059991129084],[31.746786890874198,1.698969436392832],[31.746702036785443,1.6990330397790046],[31.746785945417486,1.699159099477216],[31.743164251828176,1.7016848283508612],[31.743144532379986,1.701699609296562],[31.741989960742117,1.700922960852526],[31.741900508788177,1.7009127741306123],[31.725562953514846,1.699516234622916],[31.731904142417545,1.7149502013582196],[31.73190451578421,1.71495081534966],[31.737837530721738,1.724248799494219]]]}},{"type":"Feature","properties":{"n":"Nyangahya Division","c":"409304","d":"Masindi","od":"Masindi","dc":"409","k":"NYANGAHYADIVISION","a":["NYANGAHYA","NYANGAHYADIVISION"],"lat":1.629509,"lon":31.724561},"geometry":{"type":"Polygon","coordinates":[[[31.648965609838758,1.6568399003104057],[31.649334193568674,1.657242990915977],[31.650458067261006,1.6598125799479508],[31.650989407322072,1.660870904129664],[31.651027825941718,1.6611152580574373],[31.651130721115045,1.661350514306097],[31.65223389199714,1.668772173749847],[31.656688572085635,1.668237550735621],[31.660947118471512,1.6689546973613574],[31.661487674642093,1.669045705674826],[31.661487736137794,1.6690457383176036],[31.661488097208956,1.669045799122616],[31.669097547933138,1.6730849195714008],[31.67666655382708,1.6693945556992043],[31.6775819419419,1.668948236903731],[31.67758196278247,1.6689482365676565],[31.677582022317143,1.668948207540779],[31.67779261798266,1.6689448395471074],[31.680291958571832,1.668904535242571],[31.68299474919963,1.666943931766917],[31.684476822824912,1.6665845685098173],[31.68470743023514,1.666456712045075],[31.685041710790696,1.6664475982704061],[31.686491337644867,1.666096102488411],[31.69006930113696,1.6663105268051883],[31.69538842371147,1.6661655070492523],[31.69539423989942,1.666165183379787],[31.701179087586688,1.6639326437150237],[31.70117921598082,1.6639325590181715],[31.702226993870426,1.661181841237719],[31.703161521340217,1.6616440531764778],[31.703171803804512,1.6575875070924195],[31.70317341866353,1.656914566635944],[31.704678426441845,1.655100232574859],[31.704681797026055,1.655101858621637],[31.704682505159944,1.655101007426475],[31.71006948769083,1.6577009920426928],[31.713900105917194,1.658348626493163],[31.715335852477125,1.659774358569168],[31.722201979893015,1.6627924759207076],[31.722844016760817,1.663074490926494],[31.722844062542638,1.6630747137337534],[31.7228451958747,1.663075211908191],[31.723762959451754,1.667546673600191],[31.727504157860515,1.671653867289449],[31.727562766861986,1.6717922414071043],[31.728532232954574,1.6740803807298044],[31.736107412474162,1.6730049944891032],[31.736600375622693,1.6729349573171035],[31.73660428500997,1.672933106020099],[31.740430927078222,1.670636020058186],[31.743015761714155,1.6697905982538666],[31.74273849904882,1.6697989585438],[31.747555781027852,1.668305687881156],[31.754532460125915,1.671033445917936],[31.756975644809014,1.669885362268187],[31.756591066923807,1.659499099507624],[31.756591128156717,1.6594985919376286],[31.75659112532158,1.659498515526214],[31.757554152605486,1.6515159188422142],[31.75863073380251,1.642591954588233],[31.758631804610957,1.6425895884948882],[31.762947092189574,1.6329254084239346],[31.76244378124203,1.632480552777357],[31.76218146975844,1.631067776595944],[31.754539009475124,1.628473774859152],[31.75815725367415,1.6261915686441049],[31.7585336941329,1.625953653370852],[31.75841002387845,1.620629929547552],[31.751224997979115,1.615521767120365],[31.74702827169597,1.610372711774248],[31.74683443922299,1.609571821852043],[31.746437459572263,1.609033863317664],[31.746555184769456,1.608417979700983],[31.7464634338975,1.60803887733711],[31.74762858045714,1.6028020782069323],[31.74721133750051,1.601536563098808],[31.746566609583432,1.599581485991184],[31.74656659747813,1.5995810400008785],[31.746566543191694,1.599580875347884],[31.74651584807851,1.5977113026137069],[31.746402611273144,1.593539369739905],[31.74814539560769,1.5870772494841885],[31.748261113477895,1.586648129415927],[31.74780368310687,1.586788726846242],[31.743503450279515,1.588110541634878],[31.743503159346286,1.588110551167592],[31.743503027924202,1.588110591561953],[31.74018701088976,1.58821920804014],[31.738083004983576,1.588288147867348],[31.738048099349996,1.5883030608093593],[31.73552521708321,1.589381154554217],[31.733546542865177,1.591767648122923],[31.733546063840624,1.5917674450626929],[31.733545828979977,1.591767728275861],[31.731836928789207,1.591043036619358],[31.724336291914174,1.590939311257504],[31.72243368852895,1.591787828199884],[31.717046385967024,1.598187860745888],[31.71510275306884,1.6019380677881452],[31.71493271890419,1.602266178558473],[31.71493268240593,1.6022662162766452],[31.714932660408135,1.602266258721022],[31.711469455578293,1.605845671412193],[31.70560465502419,1.608608486701351],[31.70484885585857,1.609994949664584],[31.705225209270452,1.615919017071113],[31.70114369289011,1.6166153954904021],[31.70097821112158,1.6166436931573804],[31.696361195253726,1.6199051835459444],[31.695828677361664,1.6215362395238562],[31.69478011380103,1.624748234975727],[31.6947799702136,1.624748338287933],[31.694779945956526,1.624748412585239],[31.691803825491082,1.6268897734351035],[31.69180363393301,1.6268911081062634],[31.691426223435634,1.630544223718222],[31.691228491954575,1.6308983806873305],[31.69118724497037,1.631185766958991],[31.69051868532363,1.632169715751024],[31.689300910977757,1.634350872080205],[31.688960539823373,1.634462907376139],[31.688729990366085,1.634802217206026],[31.687667245289127,1.6348886033671441],[31.683786950479973,1.6361658266913217],[31.682794366382232,1.63673390651285],[31.675289295606476,1.638963003784954],[31.672579056651927,1.63906973496569],[31.671471012093647,1.6381501955692932],[31.67108493136586,1.637829968812463],[31.67106048510231,1.6378290953366195],[31.667445787400524,1.6377525344206307],[31.65862491901431,1.639123860340614],[31.654040608584495,1.6411775870740943],[31.650942002156654,1.644173826787557],[31.649191149781995,1.6486856997773809],[31.648848449658892,1.649913913458404],[31.648589503613564,1.650236116669212],[31.648282306946985,1.651027749569032],[31.645856669938375,1.653636546220622],[31.645856567568995,1.653636673597518],[31.646056368129766,1.653821536619814],[31.646263961069497,1.653885322693298],[31.647025838391116,1.6547185271079685],[31.64865937096665,1.656229933120882],[31.648965609838758,1.6568399003104057]]]}}]}
