{"type":"FeatureCollection","name":"Mukono sub-counties","metadata":{"source":"Uganda Bureau of Statistics NPHC 2024 Map Explorer","retrieved":"2026-07-26","display_only":true,"clipped_to_dashboard_district":true,"positive_area_overlaps_removed":true,"source_gap_ratio":0.00183449},"features":[{"type":"Feature","properties":{"n":"Katosi Town Council","c":"108101","d":"Mukono","od":"Mukono","dc":"108","k":"KATOSITOWNCOUNCIL","a":["KATOSI","KATOSITOWNCOUNCIL"],"lat":0.166292,"lon":32.799499},"geometry":{"type":"Polygon","coordinates":[[[32.763882009042874,0.170690748493439],[32.76582082314106,0.171573767192431],[32.76725173969504,0.171945547185667],[32.768313570033506,0.171806363113637],[32.76914452057817,0.172177961617019],[32.77066545357309,0.172365424851403],[32.76992921433556,0.175198743063223],[32.76942205763676,0.176266342927543],[32.76840586229995,0.176918256173064],[32.767667253073675,0.177615345808021],[32.76605152077926,0.181007886527989],[32.76577454870135,0.182355391011682],[32.76537624665572,0.183157513891059],[32.76972432637727,0.18461495782157],[32.77136560608178,0.185863741295662],[32.77200843950572,0.187077550654352],[32.77346354355368,0.184180697678242],[32.77637397207886,0.181591333979143],[32.783250978699684,0.184567345110729],[32.786082806336196,0.185074956000786],[32.78659506906079,0.185467686904278],[32.78914584930206,0.186518115979031],[32.79305915679479,0.187155626895102],[32.79434106647827,0.188471812786512],[32.79510461933839,0.190543061275274],[32.79560393687044,0.191452694294551],[32.79634338762905,0.191617557496435],[32.79798193864476,0.191572434918854],[32.801638128476185,0.191845125207306],[32.80336019835064,0.189539544585021],[32.80503549381654,0.187980377876648],[32.80637951964212,0.188199255045409],[32.81046947701724,0.18977921600686],[32.81222354468112,0.190740677649875],[32.814475690071056,0.193590404939964],[32.816497718378415,0.194563540916255],[32.818164243182615,0.196140623234592],[32.81964209518533,0.196879055160267],[32.82106814453712,0.19796800640665],[32.822934169811006,0.198974521718043],[32.824104869440575,0.2008294418628],[32.82894644966011,0.19744584295848],[32.83071714559688,0.196646074031104],[32.83354395603692,0.1902208318289],[32.83736110696694,0.185025146744652],[32.83784794163617,0.183888095480058],[32.83817920036503,0.178888315919633],[32.83864663768192,0.177810054402357],[32.84051611503324,0.175280940740371],[32.84069136206533,0.174516419746458],[32.84026293000854,0.173065571137816],[32.83847114185185,0.172830281717137],[32.83640704787059,0.173085112162181],[32.83510207951832,0.173496859712329],[32.83369988214696,0.174241878489293],[32.83311563275916,0.174810446671696],[32.83270550476595,0.175595179167411],[32.83206449416837,0.175888116955545],[32.831578683917016,0.175595600934285],[32.831460466470645,0.174869004800918],[32.83190818602132,0.173692885120352],[32.83200557341614,0.17230085928041],[32.8316355573744,0.17147740207862],[32.83081782346378,0.17071264111532],[32.83072067770192,0.17028282435164],[32.83132397528307,0.169575604399163],[32.83147959111342,0.169125863605986],[32.8318309486484,0.169027272910243],[32.833057360830644,0.169614855550628],[32.83516053463207,0.169810907235073],[32.836192841795636,0.169595191602776],[32.83854917596998,0.16832087528737],[32.83967872988529,0.167242552932323],[32.83999033270599,0.166693588362505],[32.839931912640765,0.165948559844169],[32.83909442664991,0.163987255649134],[32.83895851766758,0.162930069841454],[32.839387324407774,0.162458913839812],[32.83977724004598,0.16245924940871],[32.8408273691372,0.163144615356113],[32.84187942158935,0.165105509027107],[32.84258065145436,0.165497800482873],[32.84363215121926,0.166634797096432],[32.84433324113223,0.167066135384477],[32.845229082951114,0.167183779495049],[32.848925277234706,0.165068398943418],[32.85072102939938,0.164360546883143],[32.852473780331486,0.163086167243467],[32.85292174847107,0.162243002030553],[32.853544896766266,0.160008142918212],[32.853272279749916,0.158968901304742],[32.852590665080214,0.158361107990328],[32.85175324790049,0.157949376894823],[32.84828683693775,0.157478814850298],[32.847235075040395,0.15753761629513],[32.84497584487944,0.158105117843254],[32.84466443027573,0.157713753268285],[32.844274920698766,0.1560279953041],[32.8436715844328,0.154361853073991],[32.84411687540474,0.153225885341128],[32.84496908312889,0.152585453788303],[32.84780929114933,0.151405602935341],[32.848419993974254,0.150729315055044],[32.848603195379994,0.150114377234731],[32.84811471727886,0.147471021270467],[32.84829788548954,0.145934029192236],[32.8486643920547,0.145073103313705],[32.849580433529674,0.144150938537946],[32.8519518692753,0.143163408414609],[32.85342083044145,0.143144048518351],[32.85495930669761,0.144112857923646],[32.85572070832139,0.14439836481016],[32.8572554130904,0.144621171872084],[32.85790927910723,0.145064585458011],[32.85810009930182,0.145788121022241],[32.85825223058437,0.146587444802094],[32.858004882541785,0.147558393279269],[32.85810014543608,0.148434016924665],[32.85843546456684,0.148884946868445],[32.859046159901844,0.149192354931685],[32.85966348096012,0.14923513733458],[32.86017718147183,0.149001453502417],[32.8606339767479,0.148024229355239],[32.85996225507385,0.145872376036075],[32.8599204692606,0.1437313864955],[32.85949442292051,0.141404985327059],[32.858810349456135,0.139828586416697],[32.85793355446733,0.136721914370946],[32.85809114431839,0.134638531122124],[32.85956461903147,0.132034669700351],[32.85757551515783,0.131425554977209],[32.85663706973496,0.131416289609757],[32.85645229801195,0.131758648477789],[32.85655699029207,0.131920447141657],[32.857439806625244,0.131981676623644],[32.85731194901217,0.133504430542751],[32.85665448362921,0.13410473730091],[32.85601236836754,0.134047575840059],[32.85465627235427,0.133433794086018],[32.85427067211863,0.133462399853613],[32.85294328013946,0.134161749246232],[32.85130123389299,0.133890651839141],[32.85110136615082,0.134019138638434],[32.85197196101646,0.135090745323789],[32.85191506020459,0.135718052248646],[32.85158727898282,0.136416547549576],[32.85094387280201,0.136917437734241],[32.84888846385534,0.137488396822939],[32.84683229654193,0.141691460473143],[32.846098742382715,0.143905419379177],[32.84260060623998,0.146939897074172],[32.8406644196499,0.147593640161679],[32.83779387131269,0.148147012133835],[32.83445760330907,0.148171441247997],[32.83057292610407,0.147638631431323],[32.82771267095696,0.145816096634977],[32.826927189983394,0.144600948086592],[32.82714129597417,0.143138442534806],[32.827509310613976,0.142137261096691],[32.82821039036626,0.14092167935402],[32.8282298726639,0.139823749703289],[32.82735174591681,0.140137023908407],[32.826593846663535,0.139960753953784],[32.82575740464609,0.13935369652654],[32.82544497514112,0.138666967667963],[32.82491925404989,0.138098329466298],[32.824334924138384,0.136804383606361],[32.823614535083415,0.136157506699504],[32.823146968406334,0.135451558938147],[32.82207572058892,0.135137854533333],[32.821627935177176,0.135157457203421],[32.821004858322794,0.135451480626422],[32.820595767394174,0.135765235178969],[32.81952896988433,0.137450936987026],[32.81719730923291,0.139235305420327],[32.81300948968071,0.140425084718115],[32.81097514883055,0.140588247585134],[32.81078040058757,0.140862728181168],[32.81076090776894,0.14307820599665],[32.81175387963339,0.145645893996111],[32.811754061308996,0.146411239370707],[32.81144252747053,0.147606987823502],[32.811033132229696,0.148274077157486],[32.81025446802804,0.148881521029184],[32.80820964354705,0.149528578443282],[32.807917522146774,0.149822662886128],[32.808540707789675,0.150999024516366],[32.809611946529486,0.152195438780873],[32.81041014623465,0.154175022533723],[32.810546313340005,0.155153656089665],[32.81019602781912,0.15568489099873],[32.80993698013133,0.156689994352218],[32.80863807767472,0.157294331793066],[32.80776156396541,0.156410100506224],[32.80657979304801,0.154402431333082],[32.80436319873073,0.154489861135691],[32.80397630826213,0.154364845991531],[32.8037651763426,0.153871223942857],[32.80363303345759,0.152316956336108],[32.803354637630584,0.151910070387139],[32.80212721039867,0.151452796318662],[32.80259797984097,0.15056340026018],[32.80242188673134,0.150077885805049],[32.80197533679795,0.149862889637264],[32.802007887290266,0.149654343285042],[32.80238864520288,0.148840606898471],[32.80315740432808,0.148093876955857],[32.80334093550561,0.147724772509892],[32.803282528347026,0.145999445705574],[32.80287395260009,0.145665933984128],[32.80283469045692,0.145176527883728],[32.803633110069406,0.143607385164072],[32.8035552325509,0.141921481739215],[32.80304245178111,0.140112485932289],[32.8033750129567,0.139705796683845],[32.802078421691604,0.138884995666603],[32.80144833242648,0.138124267885076],[32.80111452808366,0.136767160298471],[32.79999618284911,0.135256208232993],[32.79930614296976,0.135161028298165],[32.796605458745255,0.13685044576423],[32.79594990575465,0.137850271068657],[32.79527241413849,0.138123404134542],[32.79386907501571,0.138052073845529],[32.79330990448299,0.138373300712181],[32.79252441570383,0.139777534735624],[32.791644252465254,0.140978781587708],[32.79116807241153,0.141383147311917],[32.790038373730845,0.141300059181257],[32.78918178446877,0.140859929736683],[32.78839655400508,0.140074730892513],[32.788114053501175,0.139237139945781],[32.787799350898844,0.139453616458432],[32.787106708272354,0.140499397034402],[32.78534117233394,0.142032874861864],[32.78392998415985,0.143799646474975],[32.78264743551944,0.144334404619872],[32.781324188418054,0.143014786744684],[32.779504016855725,0.142872017259813],[32.77424344989348,0.144329221480162],[32.77381793923988,0.143815712777167],[32.772996479405805,0.143298840092988],[32.77055593110067,0.142484260521022],[32.77014611121743,0.143543487898897],[32.770231358766814,0.14417171170872],[32.76808304684671,0.146132595430466],[32.768001192421174,0.147707259183753],[32.766148724486484,0.149167054181204],[32.76481714754697,0.151034153207349],[32.762962509249945,0.15299702859996],[32.7626534425277,0.153930337679463],[32.76227685615265,0.154461277147781],[32.76288438866032,0.154760975674364],[32.761411673482264,0.156707307955767],[32.760389200853076,0.159525358887482],[32.76028131832051,0.160652680682536],[32.758527232140224,0.16488150733992],[32.758527220221,0.165764499954745],[32.7623124086325,0.169668234452952],[32.763882009042874,0.170690748493439]]]}},{"type":"Feature","properties":{"n":"Koome Islands","c":"108102","d":"Mukono","od":"Mukono","dc":"108","k":"KOOMEISLANDS","a":["KOOMEISLAND","KOOMEISLANDS"],"lat":0.059087,"lon":32.733666},"geometry":{"type":"Polygon","coordinates":[[[32.599209349550044,-0.028480804598430113],[32.62009689822479,-0.0021039169352860517],[32.62010006766832,-0.002103873202502],[32.62010002192552,-0.002063187044244304],[32.6202,0.1658],[32.6343,0.2143],[32.634405888783164,0.2147072645506271],[32.63674899742096,0.220570966739563],[32.63815015860782,0.228622892070399],[32.63943175605167,0.23403752327567817],[32.6395,0.2343],[32.6501,0.2529],[32.6688,0.2746],[32.67402971244569,0.27894380487292364],[32.674136189111735,0.278805859165794],[32.674112329069736,0.278017201147072],[32.67444533203662,0.277513250336076],[32.67406549954954,0.276507123862904],[32.674635600255925,0.275717948485658],[32.674825860733975,0.274185964321929],[32.674564334158,0.273324215214944],[32.67420700354179,0.273273502408251],[32.67416014042481,0.272510331037567],[32.67354218860723,0.271983810378691],[32.67335173866031,0.27140918924769],[32.672591251324015,0.271192971480342],[32.6723769286472,0.270259344348147],[32.67244819261536,0.269039259392268],[32.672139165431446,0.268620451223321],[32.67120168544781,0.267946171103001],[32.671134598836204,0.267555211902129],[32.67034908039443,0.267499241215843],[32.670052992221315,0.2658748844844],[32.67043323059713,0.265071682016163],[32.670385614740404,0.263229044482528],[32.67056590348337,0.263109039431301],[32.67138438029406,0.263300336499861],[32.67196692428725,0.263192634772493],[32.6720263688054,0.263037048962505],[32.670326660909915,0.261828300029828],[32.67033253409666,0.261426733045046],[32.67084946791335,0.260014920856436],[32.67076626313952,0.259691772993024],[32.67033211614469,0.260739192818229],[32.66950601431207,0.261690505460318],[32.669464337105815,0.263383795620627],[32.669292325340784,0.263790214685263],[32.6690544832596,0.26394647642658],[32.668733264790916,0.263671254080882],[32.668019851148685,0.261971287673921],[32.667901051923316,0.260786827014164],[32.66752045790775,0.260079927865833],[32.667449325233,0.259218917347971],[32.666961857765216,0.258309024237331],[32.66690249396509,0.257387691918433],[32.664655799554346,0.251810215413398],[32.664703707544305,0.251462309163676],[32.664953330885105,0.251236195838075],[32.66617742745373,0.252205223279304],[32.666795561051906,0.252253294279106],[32.667461387328586,0.252791721686431],[32.66785452911105,0.252565175498533],[32.668305361692425,0.252815711015189],[32.66818776568458,0.251906186264783],[32.669102123208106,0.251176107860467],[32.66967272340309,0.251020414726906],[32.669851055389245,0.250840893209351],[32.66982728466664,0.250613492556876],[32.668674108955116,0.249715815189575],[32.66841256239544,0.249727775557874],[32.66819822839968,0.250086863352988],[32.66774699233216,0.250326038420736],[32.666974243526106,0.250457708131562],[32.6666646423139,0.250361643058954],[32.66604671239837,0.249691809566804],[32.6656434110034,0.249846742879277],[32.66540560310009,0.249608887792952],[32.66532156139038,0.248794141289078],[32.66618942884304,0.247477598511449],[32.66617755061918,0.246998855182034],[32.666011118367855,0.246867200311954],[32.66574956874445,0.246986877677031],[32.66552322524702,0.247477826487869],[32.66491632273004,0.247920385650046],[32.664382855259426,0.247765090723602],[32.663887902587916,0.247304394636696],[32.664061505061305,0.246420601749345],[32.663905725535514,0.245754004952229],[32.66275725856159,0.245205154325292],[32.66236745010306,0.24455817678793],[32.662289731297584,0.243773335378174],[32.662815212319884,0.24281310387749],[32.66225046037255,0.242499402296918],[32.661315662602114,0.243087547794491],[32.66102352091005,0.243891376922134],[32.6611204505637,0.24493007962302],[32.66059525445467,0.245457089773924],[32.659816065261616,0.244518734976593],[32.656662591810594,0.24365643639119],[32.65646643881212,0.24342072483944],[32.65385683965137,0.243008933862488],[32.652493627216025,0.242969604890587],[32.65089670064297,0.242244230073294],[32.64994194714385,0.242243941055872],[32.64793937346239,0.241010324887161],[32.64834535739408,0.238913354574109],[32.648851943101405,0.238852367026886],[32.64912459736262,0.238479868021551],[32.64931962408568,0.237755010550085],[32.650098361448585,0.237342755114053],[32.65064367506092,0.235578356464258],[32.650507390320016,0.23399551106669],[32.64983778519639,0.232246381758827],[32.64947427115405,0.231723553915907],[32.64404918492031,0.231095576273611],[32.64260956133609,0.230616152526391],[32.64124376905658,0.229502012838488],[32.641035626957986,0.228683920618802],[32.6413222072137,0.227801740042245],[32.64215191127922,0.227436267153165],[32.643008886348376,0.227279366208531],[32.64498224724495,0.2261031103083],[32.645112098148985,0.22531888584827],[32.644748613938226,0.223515150286311],[32.64378787408864,0.222938347496512],[32.64384040939926,0.221345200754427],[32.64430836951868,0.220953034611395],[32.645787331208574,0.220901063633995],[32.64633262601409,0.220613525482616],[32.64817622067257,0.218052032889053],[32.6498120870455,0.217084639650231],[32.650409417562024,0.216509483141399],[32.649994606601425,0.215856146114901],[32.65025397130818,0.215177061282784],[32.65209726485483,0.214888772816226],[32.65287629950751,0.214392200073016],[32.65355181518185,0.214261418746664],[32.65474630626494,0.214235526804424],[32.65547281722131,0.214522984083152],[32.655914421117,0.214993399127399],[32.65695295561523,0.214705898117763],[32.657524222958294,0.214156950662471],[32.657687818683534,0.213675917138107],[32.65816381370667,0.213125604889856],[32.65869222060889,0.213061320015733],[32.65879658889427,0.213791001027864],[32.65944551945236,0.213555934941215],[32.660016014324924,0.213635959012374],[32.659913039235676,0.218182731844837],[32.660328485026184,0.218731699973614],[32.66180855097421,0.219071567180911],[32.662769304454365,0.218940885520604],[32.66352236036539,0.218601186083296],[32.66443115375929,0.218601089112652],[32.66572947887206,0.217921449761241],[32.666118988745005,0.217137230651186],[32.66614272165644,0.215360172747452],[32.666430624083596,0.215281218587087],[32.66645660249411,0.21470611893913],[32.66604146765856,0.213712487313388],[32.66640425984963,0.212888125388307],[32.667263212319945,0.212773580626852],[32.66772858827714,0.213320547051233],[32.66796777121364,0.214681735751909],[32.66863937922799,0.214294384495637],[32.66912833188853,0.213664240947879],[32.66957367211787,0.213532192530409],[32.66991021927883,0.214131184547194],[32.67071500759961,0.214993810879398],[32.670974075725276,0.215569610475178],[32.670766503373954,0.215961165966201],[32.67009255159716,0.21635268378611],[32.66876756946297,0.216797460454592],[32.66887139590965,0.218339253374846],[32.668612630229475,0.220622901390627],[32.67189628463731,0.226214632055152],[32.674680252456156,0.228736860254927],[32.67641737810775,0.229093796555533],[32.679543300333066,0.229423848006447],[32.681488135308875,0.228980249955416],[32.6843645386842,0.227142703978163],[32.68567335634497,0.226048070819289],[32.686173042780794,0.22492972510902],[32.6864969615269,0.223651793551273],[32.685602368519405,0.222105955725471],[32.686196837185655,0.221860217974261],[32.68636339641452,0.221550893579782],[32.68586371392948,0.221003621572849],[32.68448349504199,0.220573749689023],[32.68287372163114,0.217010554776778],[32.682815408626325,0.216379272365053],[32.68299712008877,0.215438429610536],[32.6827894021949,0.214784900276094],[32.682036348498755,0.214104690019579],[32.68159499932046,0.212562877868301],[32.68066027765556,0.212039972871697],[32.68014592070163,0.211443668851392],[32.6811016237381,0.211317522262059],[32.681392986993814,0.211066371564288],[32.68188628056365,0.210988398405017],[32.68211436267798,0.21075914461999],[32.68227018221586,0.209765787851155],[32.681951503814915,0.207774216856211],[32.68026401738599,0.204454778380154],[32.68000459917182,0.20330303234443],[32.680395049626576,0.20241499192052],[32.68140633062956,0.202153879863609],[32.682599778855064,0.202137556054407],[32.68271866385722,0.201981971063281],[32.681957673354255,0.201682748678818],[32.680964908435854,0.201761739135834],[32.67975193009072,0.202227155603276],[32.67930055546823,0.202107522199121],[32.678267679072256,0.201639831130879],[32.67779695637608,0.200219264942755],[32.6771738687846,0.199696516297256],[32.676212316289906,0.19961736936342],[32.67427483964828,0.197682051838917],[32.67281510517138,0.197558677495913],[32.672377180732184,0.197383171609792],[32.67242789087322,0.197044412750967],[32.67266747205827,0.197027449913017],[32.67268175891527,0.196768623067306],[32.67169430918239,0.197108054909157],[32.67030405794427,0.196473134081003],[32.66896927102402,0.196294233593416],[32.67021728872476,0.192776278730252],[32.67065781695295,0.192607242977904],[32.670479503916646,0.191937008765329],[32.67015882629972,0.192570524470247],[32.66915985547139,0.192876519174286],[32.66914635993213,0.193206361689052],[32.668840195946196,0.193186939682682],[32.668397795540756,0.191748467361456],[32.66860517570072,0.19114928399315],[32.669410125424264,0.190991362468775],[32.66943609928033,0.190625397273781],[32.668579223637686,0.190390112107266],[32.66803405720335,0.190834074770898],[32.667438198978225,0.190808203212651],[32.66699552229567,0.189946084963575],[32.666917398626325,0.189213726762878],[32.666683714497054,0.188821610584441],[32.6658782459178,0.189212438443512],[32.66494398696432,0.18829875380542],[32.66432110881525,0.188194117337354],[32.663931312014746,0.187880477262113],[32.66304824416313,0.187723457554982],[32.66156840390423,0.186939354635617],[32.66073749224959,0.186730204906022],[32.65915543574386,0.186832974847241],[32.659491029922755,0.185136344989365],[32.65980309719015,0.184900796741371],[32.66032206186275,0.18503101562367],[32.660425922891484,0.184403758370046],[32.66008847536735,0.183802360655406],[32.65998453762976,0.183070439025883],[32.6596211290356,0.182835229482795],[32.65912766435763,0.182965858203283],[32.65873810389621,0.184952561607482],[32.65803701944817,0.186416455613689],[32.658113947290666,0.187330503755709],[32.65769903520385,0.187487475202123],[32.65715422171828,0.187096037312351],[32.65614144702967,0.185501270472416],[32.65570025862142,0.183775938971963],[32.655882246015075,0.18314874894373],[32.65647875636719,0.182704766262824],[32.65775145019025,0.182782833893143],[32.65801112902945,0.181946330795707],[32.65827082721742,0.179985758257202],[32.65793380874798,0.179541470274687],[32.658037149040744,0.179018533729842],[32.657803357927015,0.178730928895234],[32.65617050539663,0.178156216098535],[32.65676484282308,0.177057926924266],[32.6565571364979,0.175777016532445],[32.65588227177267,0.17520199596872],[32.655648270893465,0.174678981856325],[32.65466168790125,0.173633445372744],[32.65424619543494,0.173267433924768],[32.65336335048002,0.17316285273341],[32.652271590462554,0.17349893161274],[32.65198724770227,0.172666128374413],[32.65203906023206,0.171778056526659],[32.65229877026297,0.171045400546167],[32.652298920320646,0.169216114413946],[32.65258372189409,0.168824448923865],[32.653518789055845,0.168562168363209],[32.654089718299566,0.168614246530756],[32.65673901750079,0.169686140600781],[32.65749203695969,0.169477028971548],[32.658434638478546,0.168386691043915],[32.658849676609776,0.167554667012225],[32.66009610993881,0.166264790229441],[32.66082272099179,0.165010727684144],[32.66203495129196,0.164487230489707],[32.66251965685305,0.16403412764335],[32.66231374508422,0.162603452910087],[32.66276190213858,0.162187112750214],[32.66335071927368,0.162047364465826],[32.66483935589631,0.161036655867463],[32.66508171607954,0.160374422584982],[32.665012485429884,0.159677330581426],[32.664217397229784,0.159050839597552],[32.66418985061124,0.158866976095436],[32.664466859894034,0.158801769973645],[32.664700907518935,0.159015073507268],[32.665462751858264,0.158422945576975],[32.666729244132334,0.158343808711681],[32.66740219372311,0.157935570831342],[32.66899398230233,0.158527206102096],[32.66965126133914,0.158945236190878],[32.67051572429295,0.160755560844957],[32.66992873289359,0.161385295449187],[32.669617329504916,0.162115797802661],[32.66906318122291,0.162117236221009],[32.66895930820245,0.162674904297593],[32.66909744996768,0.16316309824348],[32.6688554278395,0.163720547450139],[32.669374719378396,0.165533001588257],[32.67017121513753,0.166195753362302],[32.67100189389173,0.167938009662705],[32.67162507343144,0.168356277500804],[32.67419936002577,0.168600296228278],[32.67512185156218,0.168495755158882],[32.67581429295881,0.167903236670819],[32.676195141859765,0.167206151411303],[32.676333750710576,0.166299967034251],[32.67688760148431,0.165428568066161],[32.67654136861749,0.164800937756036],[32.67610353582859,0.163131671436567],[32.67657606029373,0.162047642739014],[32.67613922940696,0.161091533634188],[32.67621033463905,0.160205793140002],[32.676406848249286,0.159887878668881],[32.67775285383852,0.158981002383428],[32.67827257522277,0.159085005000183],[32.68014347093038,0.158946442801042],[32.68059282787244,0.159225380509405],[32.68204222945429,0.161546233595557],[32.68294656296461,0.162236362681941],[32.68590885164006,0.163818613959608],[32.68740931905678,0.163982971071672],[32.68922778360438,0.162664874518725],[32.68990578265058,0.162710399139912],[32.690355601151595,0.163023988154612],[32.69159566608653,0.164508716898217],[32.691911398785464,0.166038074172565],[32.69244038776674,0.166959388943902],[32.695378869704925,0.169802790783],[32.69569969153281,0.170420630113919],[32.69513315265063,0.17177218038437],[32.693817486107356,0.173096917088974],[32.693817474862094,0.173724303775888],[32.69423290621267,0.175223749572545],[32.69423285489574,0.176442700506334],[32.69387874059499,0.177406538592858],[32.693917487375046,0.177718601997539],[32.69428579802363,0.178077775206236],[32.694369238608424,0.178765873888238],[32.69451049023375,0.178884387127083],[32.694596294525105,0.178718773537502],[32.69658093532599,0.179783418086247],[32.69773499013211,0.179922858763672],[32.69875043703999,0.179690543001632],[32.70008987730966,0.177831485447149],[32.702998317012,0.176577264809902],[32.704428761420296,0.177088280068132],[32.70530563358282,0.177738762512932],[32.70627504362807,0.178761169391781],[32.70793661606047,0.179458222423066],[32.70886011066148,0.180248354324877],[32.71098356644893,0.180945488201927],[32.71264535346727,0.180945717960498],[32.71338338818197,0.18141035006166],[32.71352238558373,0.182711512196103],[32.71319940823176,0.183965818930098],[32.71126044930537,0.186708182450376],[32.711075785305574,0.187684114561284],[32.71190666568172,0.19024015602829],[32.71278346967153,0.19130890168308],[32.7129681478912,0.19228400849745],[32.71236823161427,0.193725662306356],[32.71187343674829,0.196865559494804],[32.713384741556126,0.200914788248994],[32.715276554158244,0.201161566613147],[32.71716897403896,0.202044452117377],[32.72072338509331,0.201765690909399],[32.72228185007245,0.201482986170695],[32.724093348932364,0.20153336653107],[32.72529358127606,0.201115129705798],[32.725986519677775,0.200650335157465],[32.727786366902436,0.200278649825254],[32.72865042669239,0.199756744753214],[32.728854449102656,0.199245206808451],[32.729770128705745,0.199518463661174],[32.7308170874804,0.199363800569874],[32.730936056939576,0.199161550092467],[32.73046378727079,0.198373050661551],[32.73009449126662,0.196932469358446],[32.729081727183456,0.194888800090448],[32.72977249976872,0.194655784645195],[32.73129480035102,0.195259589384741],[32.73314122907818,0.193447261965046],[32.73364915861743,0.192471254010518],[32.734203087640175,0.191820615034957],[32.73420312325222,0.189496952484644],[32.73244901390954,0.187173242215121],[32.73198737615077,0.186243784811352],[32.7307410055141,0.185267829442269],[32.729772177083106,0.18522117201752],[32.72940446147042,0.184848572330756],[32.73033885212066,0.183913314695042],[32.73110987945785,0.183595003999051],[32.73175660660148,0.183594791736074],[32.73244918207112,0.183362378501644],[32.734526272298055,0.182107767171459],[32.73466486504342,0.18117849915813],[32.73489645547456,0.180713729589307],[32.736142295389115,0.180434986810021],[32.73697309751298,0.180806503758326],[32.73965054845732,0.181503617999638],[32.74061983086149,0.181503627903958],[32.74200431702193,0.180806776000538],[32.74266322006382,0.180735940109177],[32.74324724820388,0.181658486950553],[32.74430891307744,0.184911343527871],[32.745370625282476,0.186352030855055],[32.746847820202895,0.186212634471721],[32.74708154645618,0.184957348433616],[32.74832561138306,0.184725536563866],[32.75118687453429,0.18491145694223],[32.751971882985764,0.185190675839954],[32.75280279137174,0.186491561778474],[32.75409532488517,0.187606939852813],[32.75488008164379,0.187467534227724],[32.753356878395415,0.182634491724605],[32.75331235961232,0.181331468014906],[32.75428083298144,0.180449885235134],[32.755803444006034,0.180078302216041],[32.75691132527899,0.180031925370474],[32.75788073466038,0.180403651280796],[32.75931177846535,0.181379577115175],[32.760558147756484,0.181797883619735],[32.76166533608387,0.182448113174408],[32.76258928565809,0.184075079426428],[32.763466369576776,0.184168038952042],[32.76475892573371,0.183656847610362],[32.765312880215966,0.183285069713221],[32.765427740557286,0.18305381259942058],[32.76577453311422,0.18235542240191785],[32.765802137966936,0.1822211657159014],[32.76605152077926,0.181007886527989],[32.767667253073675,0.177615345808021],[32.76840586229995,0.176918256173064],[32.76942205763676,0.176266342927543],[32.76992921433556,0.175198743063223],[32.77066545357309,0.172365424851403],[32.76914452057817,0.172177961617019],[32.768313570033506,0.171806363113637],[32.76725173969504,0.171945547185667],[32.767250913471244,0.17194533251663013],[32.76725091346411,0.171945332517564],[32.76725063917239,0.17194526124844436],[32.76582082314106,0.171573767192431],[32.763882009042874,0.170690748493439],[32.7623124086325,0.169668234452952],[32.7623122005789,0.16966801988343394],[32.7623121533083,0.16966798908707],[32.7600053319925,0.16728890383833453],[32.758527220221,0.165764499954745],[32.758527232140224,0.16488150733992],[32.76028131832051,0.160652680682536],[32.760389200853076,0.159525358887482],[32.761411673482264,0.156707307955767],[32.76288438866032,0.154760975674364],[32.76227841992651,0.15446204856447893],[32.7614355901454,0.154053239051313],[32.759866015777,0.155075529937207],[32.75825138991969,0.155354182109347],[32.756865915652305,0.154424974417373],[32.75598862027881,0.15163713448136],[32.75594233203996,0.150661409849845],[32.756496258241704,0.148662256159615],[32.75654244183832,0.146942745830434],[32.755342227916195,0.146710367036766],[32.75395730262766,0.148104671732118],[32.75331102631637,0.150474783708347],[32.75289548437935,0.155633222486008],[32.75220302458648,0.158142774427033],[32.75137210687255,0.159815816659783],[32.7510489582067,0.16167465675589],[32.750910439926535,0.163068947854498],[32.75107427835845,0.165992624190995],[32.75070770875619,0.166818102670735],[32.7492233784396,0.171967175618508],[32.74534175160939,0.172681562930065],[32.74485806678052,0.171746829412695],[32.74080467384767,0.167561630051582],[32.73812396755236,0.166038901635747],[32.73494233806887,0.164633799017882],[32.732587821884366,0.163053605132343],[32.729448267301734,0.161426518565155],[32.726954904105426,0.158898153488467],[32.7262276937687,0.158340091426837],[32.72536224845666,0.156597573615023],[32.72511987259657,0.155447369484933],[32.72262435314355,0.153987333681299],[32.720066096652005,0.152798779804158],[32.71961506065244,0.151961803902206],[32.71691536163668,0.152414526589275],[32.716023133424926,0.151730243902347],[32.71723399132262,0.150840817199918],[32.71792242640927,0.150551336442711],[32.71787497330032,0.148469461300088],[32.718255247045356,0.14650749751023],[32.71862391717845,0.145920342038275],[32.71851692772089,0.145752784574335],[32.71820721514076,0.145931242627103],[32.71802941813638,0.145716178482033],[32.718041378462864,0.144305863502581],[32.71824350276118,0.144077148416167],[32.71784436513324,0.143165777505074],[32.71797008183038,0.142569085432469],[32.7176265039888,0.141955413713783],[32.717565887451066,0.141156769750953],[32.71670992696934,0.139038295469167],[32.71528752664408,0.137531794395154],[32.711756380201315,0.135161778132692],[32.70993415725256,0.133698498203845],[32.70635536362263,0.132652033761202],[32.703118854261405,0.132313605717138],[32.697595880670185,0.134394612162273],[32.69465290577236,0.135161448367205],[32.691294910291994,0.136450893185497],[32.68824800034483,0.137322288424995],[32.686517492775366,0.137322300952817],[32.685028084568714,0.1363460785118],[32.68353953200722,0.134324719043951],[32.68315910195828,0.133489090854098],[32.68326279663428,0.132721007657968],[32.68409348654153,0.13118780381111],[32.68405887279107,0.130525563805179],[32.68340102669803,0.128294731270569],[32.68270867296501,0.127179482857831],[32.68201624980935,0.126412671257683],[32.677965564346664,0.123449961195765],[32.67429553535581,0.122473957633126],[32.67197586743325,0.122229967932111],[32.66913719778675,0.122473892126724],[32.66629754962421,0.124078424295207],[32.665693907491956,0.124725234149517],[32.66475842836948,0.125372719435299],[32.663123071230466,0.125921392369977],[32.66259719711484,0.126332997117854],[32.66211017441319,0.126450422290576],[32.66140935889709,0.126136945565375],[32.66080595351905,0.125490411107379],[32.65979314826911,0.124137411863065],[32.65952029420313,0.123470616481155],[32.65768970417848,0.12182370741238],[32.656345969073314,0.120921823742572],[32.654593268328426,0.120255204991781],[32.65299568939226,0.120784345665381],[32.649023179489674,0.119627360646383],[32.64873207540067,0.119353042325661],[32.64881043497123,0.118902311236872],[32.6523926740433,0.117373114546396],[32.65358058395432,0.115824379755906],[32.65340530137103,0.11531440098412],[32.65233458258683,0.11366801263071],[32.65221773313579,0.113119945004935],[32.65233577462493,0.112746414697431],[32.65303505076337,0.112687611221334],[32.65476815914332,0.114039828372522],[32.65500155265782,0.114528792664154],[32.654632285896014,0.115432175392876],[32.65465181232695,0.117118368355208],[32.65506069368204,0.117608418487528],[32.656034299128166,0.117824306100609],[32.65655933774985,0.118391748999614],[32.65661864491283,0.119255328079086],[32.65819605726657,0.121411983902588],[32.659520317003434,0.12211780834165],[32.66039667201481,0.121980575831766],[32.66277258521786,0.121078743614301],[32.66376580130546,0.120255313026649],[32.6643503125177,0.119451440906734],[32.665129037085464,0.11903976810499],[32.66616130684869,0.1178437390761],[32.66945244781514,0.114981417732598],[32.669978271365046,0.114079558107105],[32.6703288575275,0.113001142341708],[32.670582011793336,0.11192292714887],[32.67046517322432,0.111060269658921],[32.66999779573374,0.109785886983533],[32.66877095303622,0.107825273173282],[32.667979488930634,0.105936800460975],[32.667173999199264,0.104746915618135],[32.66690143902917,0.103178915832349],[32.66686247077352,0.101767070769826],[32.66609859694,0.099494809226414],[32.66434382848802,0.096788284176585],[32.662812058913936,0.094963950263186],[32.662305502740026,0.093356132074315],[32.6597348847301,0.090591690532393],[32.65829409493313,0.089944691576446],[32.65786630895504,0.0893969128589],[32.65784587568112,0.087925279526023],[32.657261653633796,0.086396023462244],[32.65656078834905,0.085788382909476],[32.6562297617153,0.085259067733932],[32.65621023465172,0.084827343892681],[32.656502190701964,0.08418056897813],[32.657670826608566,0.082435446183526],[32.6582353301186,0.08173013575088],[32.658897566003624,0.081455368501082],[32.65978120608565,0.080677046166349],[32.660080718731685,0.080705317471826],[32.660523091894994,0.081085670894804],[32.660652021418535,0.081857047781705],[32.661364498222206,0.082320172060444],[32.6630141167899,0.083932250519919],[32.66363835880381,0.084177627174089],[32.66535858883962,0.08402124706477],[32.66603672433215,0.084228209218961],[32.66665722295917,0.084748673562042],[32.666957550872255,0.085791390437608],[32.66720936769182,0.086136113688822],[32.66842186936685,0.086626825060695],[32.66901944774838,0.087082788382785],[32.669545242329605,0.089557524409914],[32.66922435343423,0.090450759327753],[32.66981750194423,0.091307160806755],[32.66987481368476,0.091935257155753],[32.67031263390594,0.092868003586246],[32.67286073466053,0.094277699792305],[32.673561850311,0.094454547537662],[32.675158634683285,0.096356004639997],[32.67591828051167,0.097708829065031],[32.67611569735556,0.097917035250296],[32.676755411421375,0.098037233924764],[32.679134993475564,0.096400183399079],[32.67955997850297,0.095787420324229],[32.679443138334285,0.094963975034712],[32.67850842538498,0.091983981566084],[32.677846355944176,0.090925111243821],[32.677729789553254,0.090454400245901],[32.67868369192249,0.088278667140607],[32.67913160797239,0.087866654738247],[32.67928741243572,0.087180453495977],[32.679151884861284,0.08619993035529],[32.68020276504001,0.085298174757945],[32.68033906074792,0.084572885487446],[32.68024169432988,0.083925893802696],[32.67952201913549,0.082238630609851],[32.67977445619495,0.081847813915596],[32.68022236226043,0.081631911878086],[32.681543510400836,0.080459108487077],[32.681760603641536,0.080828725653504],[32.68170237735039,0.081552536294916],[32.68123492841937,0.082122164345166],[32.68115693127999,0.083396292906805],[32.68082594312553,0.084082744674317],[32.68082589932088,0.084827470947146],[32.68055328543098,0.085592393380638],[32.68041696273909,0.086905871775907],[32.6804948969367,0.087474691536106],[32.68113749463305,0.088984206190163],[32.68185813033929,0.089846957257874],[32.683299097461614,0.091140922298476],[32.68388352934317,0.092003792077773],[32.684155912499556,0.092493715771642],[32.68421444900886,0.093258308460934],[32.684623451705775,0.093612036671434],[32.684837622483364,0.094846386903486],[32.68553847627199,0.095845893373906],[32.68590870572085,0.097042255072929],[32.68625924319181,0.097434372700774],[32.687505612636336,0.09796374312437],[32.68814827217022,0.098140201795019],[32.68925801456374,0.097947921875831],[32.69009567081155,0.097022774904526],[32.69103048017691,0.093945018905864],[32.69142005040151,0.093336797155206],[32.69165418431867,0.09200329455535],[32.69309491143493,0.09076846752383],[32.69498394370886,0.089827376393977],[32.695470814692065,0.088984330620176],[32.695452242274214,0.087925195346361],[32.69650298732153,0.08735705070013],[32.6974180233521,0.086436021398909],[32.69792527053623,0.086299075179814],[32.699132071691274,0.087062981563375],[32.69967911104858,0.08690702727241],[32.70026126426667,0.087200520871537],[32.70069003858765,0.088023683707863],[32.701682525339116,0.087907324479186],[32.701818623752935,0.088258772363707],[32.70144954670339,0.088631481970082],[32.701196370312125,0.089278471442579],[32.70119633565048,0.090239156655003],[32.700943184492495,0.09137629775336],[32.70121558496306,0.096905105404235],[32.700125575514754,0.09837512985333],[32.699151444912,0.099120608065413],[32.698664574055606,0.099826412319433],[32.69905293440324,0.100648757382484],[32.6988593078549,0.100885132798837],[32.69878140693885,0.101414487918752],[32.69907351610546,0.102512417252246],[32.69948265398079,0.102905031228874],[32.699949857457625,0.104276954804035],[32.7007288361613,0.104708291258364],[32.70185836398343,0.105002389459071],[32.70248154983901,0.10504160658644],[32.703182637439156,0.10466910070281],[32.70559736567499,0.101944144456745],[32.70624026064649,0.101571305429427],[32.70659073970147,0.101022443080934],[32.70680499113558,0.099710085661359],[32.70744764259601,0.099414764752759],[32.707914968385495,0.098728679585628],[32.707954089197834,0.098061989748001],[32.708284683322816,0.097356992446268],[32.70875246608168,0.096905222730793],[32.70914213278772,0.096179975788813],[32.71165291377844,0.095239260893879],[32.7122953643095,0.095493127462853],[32.71258895843777,0.097551963135281],[32.71245252090882,0.099375824677485],[32.7122570156686,0.09984691115043],[32.71029093637722,0.101453811367678],[32.71027135503994,0.103335962066597],[32.70980401616438,0.104963255979148],[32.70900555645337,0.106923841989467],[32.709099573592134,0.108051673867529],[32.709531351918244,0.108766797476702],[32.70999873839416,0.109139312890644],[32.71097286586917,0.109433807631969],[32.71210198874695,0.110747017806921],[32.71278359810815,0.110805842664473],[32.7143609536535,0.109492369321435],[32.7147310827454,0.108923699099947],[32.71478951001633,0.108394342715119],[32.714614626993104,0.107845133835067],[32.71494566109784,0.106688842633528],[32.71667850787617,0.105414335061968],[32.717029415354524,0.104748002167797],[32.71884018734656,0.104081124083741],[32.71950318051084,0.103649705630172],[32.72030146397505,0.103571411769423],[32.72106038963496,0.10366945196496],[32.7214689578196,0.103884845942149],[32.72384505601333,0.105747440779119],[32.724506934752114,0.106452939904606],[32.725675681316034,0.108727560892201],[32.72577309035932,0.110021452779974],[32.72546163712492,0.110747156190124],[32.725383731347776,0.111433359180245],[32.725558998118075,0.111903901448673],[32.72610410610584,0.112531380967753],[32.72618204812325,0.112982000862861],[32.72532526249463,0.117315030541109],[32.72534132760872,0.119146327458504],[32.72566140343485,0.120032643152355],[32.72688636043835,0.120624883605269],[32.7283560626117,0.120640845333583],[32.729440018345514,0.119122711008666],[32.730191721881944,0.118765916774171],[32.73014088597191,0.118144076476543],[32.73053964822526,0.117119306936077],[32.73091506439918,0.117276397814159],[32.73144030452875,0.118079825314276],[32.731824038440095,0.11836616596607],[32.73286160505029,0.118109128447941],[32.73442240474204,0.117328722059917],[32.73517439959231,0.116748044814578],[32.73567875809142,0.116167547231303],[32.735754900494335,0.115777320825768],[32.73466065068511,0.115196745630154],[32.73439378034463,0.114872897691299],[32.73354356731928,0.113315316658646],[32.73321271945249,0.11219851241971],[32.73325171973643,0.11159035893329],[32.733816278210625,0.110845259035812],[32.73428438718357,0.109590079644871],[32.73757492698456,0.10827691472757],[32.738159173100925,0.107708347870781],[32.738354163802775,0.106884999522614],[32.73868388419787,0.106494146395168],[32.73930919923307,0.106473962127142],[32.739834136218114,0.106865506139082],[32.74065192409507,0.10792404982441],[32.74156723625932,0.110472817253637],[32.74294985358631,0.112550964742917],[32.74511151633413,0.115021483259482],[32.7465721755015,0.118158397344897],[32.74764327570343,0.118981855753436],[32.74879201536409,0.119099505169974],[32.74924074628725,0.119297081792413],[32.749434943509144,0.120393503846351],[32.74980436561404,0.120824986305167],[32.749668626198776,0.121942377775127],[32.750058104350394,0.122354881741219],[32.75017495462205,0.123648101418638],[32.75040864395608,0.124216675745632],[32.750914748065014,0.12466745486007],[32.751245916299354,0.125255574957559],[32.751518551475435,0.126274363369058],[32.75122655706978,0.127451670684565],[32.7508564470515,0.135960654073114],[32.75426367339389,0.138083598158618],[32.75757495689264,0.137196000699687],[32.76074960826391,0.137274353423237],[32.76064507115181,0.13568956860174],[32.7590163785425,0.135647017063815],[32.757497900126396,0.135274621157088],[32.75574463304561,0.133804057780767],[32.755413561962065,0.134098139399025],[32.755337445094995,0.134388130492705],[32.755036005876725,0.134252231474544],[32.75488780661765,0.133235749047982],[32.755179883054204,0.131314086899011],[32.754790436167006,0.129431907112455],[32.75477097829809,0.128432007379886],[32.75488788432023,0.127098811006088],[32.755160456735545,0.126275350170225],[32.75510252772445,0.122862990762362],[32.7555501590505,0.12221725891317],[32.7569131043242,0.122020905651689],[32.75761432406052,0.121569937068455],[32.75876335605404,0.11886432422985],[32.75905523721503,0.117571336077912],[32.76016555905779,0.116982161692604],[32.760632873920855,0.116433305037696],[32.76187928307667,0.114081186983391],[32.76273625679103,0.113923648292175],[32.763437029909824,0.113335862852595],[32.76408139846614,0.113238711354165],[32.76441097311926,0.113532900053343],[32.76441107316915,0.116766536037654],[32.76478108108353,0.117766442318181],[32.76557954013533,0.118531082607238],[32.76655327396904,0.119060449868254],[32.76853969539945,0.119334951565465],[32.77017557744871,0.118844816831663],[32.771012998949246,0.117844917704969],[32.77146082541254,0.116767221862542],[32.77278522196759,0.116394089462394],[32.77403156037947,0.114747490308192],[32.774946646353165,0.114218018604225],[32.77742003975576,0.11345330650805],[32.77959866454621,0.113444886221834],[32.781561556367386,0.11493192925299],[32.782474029830844,0.115947747557652],[32.78319703692141,0.11740016704622],[32.783583695979345,0.117667853447318],[32.78635051152955,0.116955766769807],[32.78783911799774,0.119158510206924],[32.78858279346298,0.11997028436566],[32.789035217246344,0.123400739068787],[32.78813933685886,0.124479626215798],[32.78786773096881,0.12599307653699],[32.78716851545062,0.126978180556652],[32.78722562585759,0.129519319402675],[32.788443948905886,0.133388432412313],[32.78937726982227,0.135196691217937],[32.78901495715783,0.13655300267032],[32.78812268039006,0.138599344605032],[32.78811406523089,0.139237129945884],[32.78813441210261,0.13929750153810763],[32.78839655400508,0.140074730892513],[32.78918178446877,0.140859929736683],[32.79003825156704,0.1412999964115136],[32.790354333121975,0.14132329765681],[32.79116807241153,0.141383147311917],[32.791644252465254,0.140978781587708],[32.79252435032,0.13977762397147955],[32.79252441571146,0.1397775347219826],[32.79330990448299,0.138373300712181],[32.79386907501571,0.138052073845529],[32.79527241413849,0.138123404134542],[32.79594990575465,0.137850271068657],[32.796605458745255,0.13685044576423],[32.799010840071766,0.13534575551252198],[32.79930506062886,0.135161694801086],[32.79930507445358,0.13516169671022388],[32.79930614296976,0.135161028298165],[32.79999618284911,0.135256208232993],[32.79999694772141,0.1352572416217424],[32.7999970625887,0.135257257484453],[32.80111427762929,0.136766783264525],[32.80111429185284,0.13676684113634688],[32.80111452808366,0.136767160298471],[32.80144833242405,0.13812426787520646],[32.80144836680795,0.13812430939497514],[32.802078421691604,0.138884995666603],[32.8033750129567,0.139705796683845],[32.80337402083848,0.1397070099457702],[32.80337425963919,0.139707161454942],[32.80332955873973,0.13976138267130642],[32.803042502634845,0.1401124237432267],[32.80339144621024,0.14134367379294996],[32.8035552325509,0.141921481739215],[32.80355523880918,0.14192161721934082],[32.8035552787117,0.141921758015683],[32.80363318360698,0.143606236373059],[32.80363306754204,0.14360646452562775],[32.803633110069406,0.143607385164072],[32.80283469045692,0.145176527883728],[32.80287395260009,0.145665933984128],[32.803282528347026,0.145999445705574],[32.80334093550561,0.147724772509892],[32.80315740432808,0.148093876955857],[32.80238864520288,0.148840606898471],[32.802007887290266,0.149654343285042],[32.80197533679795,0.149862889637264],[32.80240076849428,0.1500677182074338],[32.8024216632729,0.150077718930203],[32.80242168933735,0.1500777907676355],[32.80242188673134,0.150077885805049],[32.80259797984097,0.15056340026018],[32.80259792109242,0.15056351125023143],[32.80259800007041,0.150563728925114],[32.80233020271337,0.1510692952916757],[32.80212721039867,0.151452796318662],[32.803354637630584,0.151910070387139],[32.80363303345759,0.152316956336108],[32.80376515942835,0.1538710249970921],[32.80384480517757,0.15405739450740177],[32.80397630826213,0.154364845991531],[32.80436317764493,0.15448985432228085],[32.80438212170925,0.15448911475090388],[32.80657979304801,0.154402431333082],[32.80776156396541,0.156410100506224],[32.80863807767472,0.157294331793066],[32.80993698013133,0.156689994352218],[32.81019602781912,0.15568489099873],[32.81054631333222,0.15515365610147291],[32.81054629674334,0.15515353680934954],[32.81041014623465,0.154175022533723],[32.809611946529486,0.152195438780873],[32.808540707789675,0.150999024516366],[32.807917522146774,0.149822662886128],[32.80820964354705,0.149528578443282],[32.81025446802804,0.148881521029184],[32.811033132229696,0.148274077157486],[32.81144252747053,0.147606987823502],[32.811754061308996,0.146411239370707],[32.8117538796633,0.14564601997491042],[32.810760988774035,0.143078438516436],[32.810760988976014,0.14307841598692783],[32.81076090776894,0.14307820599665],[32.81078040058757,0.140862728181168],[32.81097514883055,0.140588247585134],[32.81300948968071,0.140425084718115],[32.81719730923291,0.139235305420327],[32.81952896988433,0.137450936987026],[32.820595767394174,0.135765235178969],[32.821004858322794,0.135451480626422],[32.82100522196708,0.13545130902650607],[32.82100522198042,0.135451309016266],[32.82100524606566,0.13545129765463512],[32.821627935177176,0.135157457203421],[32.82207572058892,0.135137854533333],[32.823146968406334,0.135451558938147],[32.823614535083415,0.136157506699504],[32.824334924138384,0.136804383606361],[32.82433510206441,0.13680477760748516],[32.824335122167604,0.136804795665298],[32.82439368773449,0.13693451028719628],[32.82491925404989,0.138098329466298],[32.82544497514112,0.138666967667963],[32.82575740464609,0.13935369652654],[32.826593846663535,0.139960753953784],[32.82735174591681,0.140137023908407],[32.8282298726639,0.139823749703289],[32.82821039036626,0.14092167935402],[32.827509310613976,0.142137261096691],[32.827141345245096,0.14313830849357104],[32.82714129597276,0.14313844254447455],[32.826927189983394,0.144600948086592],[32.82771267095696,0.145816096634977],[32.83057292610407,0.147638631431323],[32.83445753738246,0.14817143220571563],[32.834457603311655,0.14817144124797804],[32.83779387131269,0.148147012133835],[32.84066439430767,0.14759364504704398],[32.84260073383849,0.14693978638812977],[32.846098742382715,0.143905419379177],[32.84683229654193,0.141691460473143],[32.84683233777054,0.1416913761966914],[32.846832347936704,0.141691345494824],[32.84888768606552,0.137489844443281],[32.84888776664324,0.13748982201184876],[32.84888846385534,0.137488396822939],[32.85094387280201,0.136917437734241],[32.85158727897136,0.13641654755849686],[32.851587309420744,0.1364164826869591],[32.85191506020459,0.135718052248646],[32.85197196101646,0.135090745323789],[32.85110136615082,0.134019138638434],[32.85130123389299,0.133890651839141],[32.85294328013946,0.134161749246232],[32.85343837207636,0.1339009052372329],[32.854270018648656,0.133462685744316],[32.85427014781569,0.13346267608772353],[32.85427067211863,0.133462399853613],[32.85465627235427,0.133433794086018],[32.85601236836754,0.134047575840059],[32.85665448362921,0.13410473730091],[32.857311796969974,0.13350456936672628],[32.857391812703035,0.13255327288126156],[32.857439806625244,0.131981676623644],[32.85655699029207,0.131920447141657],[32.85645229801195,0.131758648477789],[32.85663706973496,0.131416289609757],[32.857565124137096,0.1314254523856006],[32.857575392341495,0.131425547665561],[32.85757541292184,0.13142555396782263],[32.85757551515783,0.131425554977209],[32.85956461903147,0.132034669700351],[32.85809114431839,0.134638531122124],[32.85793355446733,0.136721914370946],[32.858810349456135,0.139828586416697],[32.85949442292051,0.141404985327059],[32.8599203304956,0.1437306287772956],[32.85992036510169,0.143730817730805],[32.85992036510193,0.14373081774314606],[32.8599204692606,0.1437313864955],[32.85996225507385,0.145872376036075],[32.8606339767479,0.148024229355239],[32.86017718147183,0.149001453502417],[32.85966348096012,0.14923513733458],[32.859046159901844,0.149192354931685],[32.85843546456684,0.148884946868445],[32.85810014543608,0.148434016924665],[32.8580243497241,0.1477373289001667],[32.858004863044485,0.147558763720251],[32.85800490495016,0.1475585992492909],[32.858004882541785,0.147558393279269],[32.85825223058437,0.146587444802094],[32.85825160691145,0.14658416791790932],[32.85791159182877,0.14507335463614723],[32.85790927910723,0.145064585458011],[32.8572554130904,0.144621171872084],[32.855815765844355,0.14441216517608887],[32.85572101732213,0.144398424691587],[32.85572095193472,0.1443984001777243],[32.85572070832139,0.14439836481016],[32.85495981880323,0.14411304995066254],[32.85495969071636,0.144113001930657],[32.85495969067942,0.14411300190738527],[32.85495930669761,0.144112857923646],[32.85342083044145,0.143144048518351],[32.8519518692753,0.143163408414609],[32.849580433529674,0.144150938537946],[32.8486643920547,0.145073103313705],[32.84829788548954,0.145934029192236],[32.84811471727886,0.147471021270467],[32.84813689422499,0.14759102984954975],[32.848603072311526,0.150113447948855],[32.84860304228553,0.15011354877760694],[32.848603195379994,0.150114377234731],[32.848419993974254,0.150729315055044],[32.84780929114933,0.151405602935341],[32.847808842884056,0.1514057891492239],[32.84780883077507,0.151405802552918],[32.847130624353376,0.1516875279184129],[32.84496908312889,0.152585453788303],[32.844116939130046,0.15322583745174617],[32.844116875400395,0.15322588535220555],[32.8436715844328,0.154361853073991],[32.844274920698766,0.1560279953041],[32.84427493413574,0.15602805345795964],[32.844274940741435,0.156028071693392],[32.84428352309193,0.15606522558969468],[32.84466443027573,0.157713753268285],[32.84497584487944,0.158105117843254],[32.847235075040395,0.15753761629513],[32.84828683693775,0.157478814850298],[32.84828719282482,0.15747886316163426],[32.84828719282898,0.157478863161402],[32.84828731929367,0.15747888032966229],[32.85175324790049,0.157949376894823],[32.852590665080214,0.158361107990328],[32.853272279749916,0.158968901304742],[32.853544896766266,0.160008142918212],[32.85354460726971,0.16000918116868212],[32.85354462613275,0.1600092530668],[32.852921852354,0.162242670858773],[32.85292182806546,0.16224271657322073],[32.85292174847107,0.162243002030553],[32.852473780331486,0.163086167243467],[32.85072102939938,0.164360546883143],[32.84916080445845,0.16497555849813905],[32.84892521388174,0.165068435201151],[32.845229082951114,0.167183779495049],[32.84433324113223,0.167066135384477],[32.84363215121926,0.166634797096432],[32.84258751454407,0.1655052216065073],[32.8425806498285,0.16549779957330985],[32.84187942158935,0.165105509027107],[32.84187906742586,0.16510484891082858],[32.841879023479095,0.165104824301269],[32.84176751830509,0.16489693535626732],[32.8408273834979,0.16314464212265803],[32.83977704771662,0.16245924924318766],[32.839387324407774,0.162458913839812],[32.83895851766758,0.162930069841454],[32.83909442664991,0.163987255649134],[32.839931912640765,0.165948559844169],[32.83999033270599,0.166693588362505],[32.83967872988529,0.167242552932323],[32.83891161330537,0.16797487650346188],[32.83854958644599,0.168320495058601],[32.838549558338336,0.16832051026154837],[32.83854917596998,0.16832087528737],[32.836526053397584,0.16941498924206372],[32.83619324881684,0.169594997509356],[32.83619317036746,0.16959501390962997],[32.836192841795636,0.169595191602776],[32.83516053463207,0.169810907235073],[32.833057360830644,0.169614855550628],[32.83305728303562,0.16961481827848843],[32.83305725311027,0.169614815488716],[32.83300293008727,0.16958877740139572],[32.8318309486484,0.169027272910243],[32.83147959111342,0.169125863605986],[32.83132397528307,0.169575604399163],[32.83072067770192,0.17028282435164],[32.83081782346378,0.17071264111532],[32.8316355573744,0.17147740207862],[32.83200557341614,0.17230085928041],[32.83190818602132,0.173692885120352],[32.831460466470645,0.174869004800918],[32.831578683917016,0.175595600934285],[32.83206449416837,0.175888116955545],[32.83270550476595,0.175595179167411],[32.83311563275916,0.174810446671696],[32.83369988214696,0.174241878489293],[32.833700494531165,0.17424155311588801],[32.8337005087495,0.17424153928216],[32.83379303462967,0.17419238449496846],[32.83510207951832,0.173496859712329],[32.83510249131496,0.17349672978101158],[32.83510251530007,0.173496717038814],[32.835102601748574,0.1734966949366646],[32.83640704787059,0.173085112162181],[32.83699760338526,0.17301220292161684],[32.837555570483765,0.17286954837259],[32.83815326372738,0.17286952655030033],[32.83847114185185,0.172830281717137],[32.838769829704034,0.1728695040389511],[32.839502875236796,0.172869477274834],[32.840261563843704,0.173065311716235],[32.84026158850698,0.1730653949779703],[32.84026293000854,0.173065571137816],[32.84067846075135,0.1744727305473424],[32.840691251950815,0.174515912865731],[32.84069123466116,0.1745159883030979],[32.84069136206533,0.174516419746458],[32.84051611503324,0.175280940740371],[32.840515822925255,0.17528133591728243],[32.84051579927751,0.175281439095933],[32.83936172957869,0.1768426456854666],[32.83864663768192,0.177810054402357],[32.83817920036503,0.178888315919633],[32.83784794163617,0.183888095480058],[32.83736224596342,0.18502248650398248],[32.837361319362394,0.185024651578477],[32.83736131843389,0.18502465284233885],[32.83736110696694,0.185025146744652],[32.83354395603692,0.1902208318289],[32.83190582502397,0.19394424687223744],[32.83602810386539,0.194361787959492],[32.83774162052522,0.192134596973916],[32.84048351169158,0.190935618152786],[32.84446932158679,0.191769876820095],[32.845520995113105,0.192436413286576],[32.846202751797016,0.192579184096266],[32.84702040637594,0.19367145178171],[32.847371097950365,0.194534281279978],[32.84781890466007,0.194828309207852],[32.8488127529147,0.194887352622138],[32.85068182332268,0.195514613050923],[32.852512478436516,0.193691265862521],[32.853310996825954,0.191201310188564],[32.85471319861103,0.18798591619323],[32.85508325719293,0.186280101554807],[32.855258521193846,0.185260550953018],[32.85521957939313,0.183966674765963],[32.8550054034823,0.183025730885904],[32.85442108091308,0.181064845051839],[32.85403164055316,0.180221904759373],[32.85259109569458,0.178223047071402],[32.85253212585611,0.17755546257995],[32.85262988672439,0.176790754150135],[32.853272082953154,0.176203198581788],[32.85395402558783,0.176281234724191],[32.85459644865823,0.176594772279489],[32.855862315525144,0.176183058925006],[32.85595971574323,0.173026485041864],[32.85504450916237,0.171711792062002],[32.855083476506515,0.171144063267995],[32.85541458246736,0.170281461388921],[32.85576549494725,0.169791361018577],[32.856933491464076,0.169360147943584],[32.85759570851076,0.168302081925385],[32.858861515432025,0.168183795929026],[32.859445620594485,0.165753219218025],[32.8596797655904,0.165342223602401],[32.86135448124435,0.165831115851912],[32.863204441717535,0.166066365994047],[32.863808165875746,0.165889917175249],[32.86452873789374,0.165380163810047],[32.86509412442549,0.164732786933126],[32.86676794677191,0.163831516450918],[32.86752787215547,0.163792218119006],[32.8686760385164,0.16426229360344],[32.87001992046704,0.165459160293225],[32.86968958619391,0.166948817565229],[32.869786985506714,0.168791803794586],[32.87004012349508,0.16983079147363],[32.8706048170041,0.171144253722864],[32.87150065201299,0.172517138936043],[32.87161756286054,0.174457843539062],[32.87196806554569,0.175830141554331],[32.872921908072065,0.177299893525535],[32.8729998076829,0.177984830570362],[32.87229914527415,0.178320227499096],[32.87005953306374,0.178888817337057],[32.86875470870181,0.179496596790371],[32.86772244439475,0.18045740606758],[32.86628123925975,0.182946397471201],[32.864587041353296,0.182770785236623],[32.864061222338144,0.182947233215925],[32.86396384491159,0.18361383450944],[32.86441179068323,0.185261161547805],[32.86472329494476,0.189789634552972],[32.86503491169329,0.190299514800739],[32.86579442985192,0.19002503890015],[32.866690305762376,0.189103584576006],[32.86795588996625,0.188260696607063],[32.87068337110442,0.187005650992047],[32.871889636960816,0.186849047510583],[32.872551852483156,0.187143061526969],[32.87288324081195,0.187829474178646],[32.87286373251955,0.188731064841705],[32.87204556198571,0.190594018605068],[32.870585260260526,0.192024905970548],[32.86914341506681,0.194025001705144],[32.867995263007856,0.194553956981007],[32.86684575881255,0.194750037632477],[32.865833376301715,0.194573580853958],[32.86503518144398,0.194103723615803],[32.86470604277258,0.194259583446727],[32.86414785611047,0.193913475693279],[32.863309820816795,0.194724055474928],[32.863104418909714,0.195228602186002],[32.862969000274205,0.196863111353103],[32.863163723526895,0.199098351886598],[32.86378691643395,0.199647323577347],[32.86516982790124,0.199804285334775],[32.86655281685167,0.200334097293794],[32.867136942940085,0.20096193669479],[32.8674870078508,0.201941007696268],[32.86748702644281,0.202822979859068],[32.865617518982575,0.205254691694452],[32.865500532226854,0.208646512224294],[32.8640403706622,0.211331981334875],[32.86333982636322,0.211939530334431],[32.862053527906625,0.212234347254657],[32.86072978905514,0.212058006016466],[32.85854592889427,0.210513752032691],[32.858266548023614,0.210573592941246],[32.858239338905335,0.21103624094988],[32.8591625680054,0.212012209646674],[32.85985487762111,0.213035394278154],[32.859808018435864,0.213755500968205],[32.8585963461564,0.214696052093153],[32.85864014007393,0.215034134268572],[32.85890306876403,0.21528423045978],[32.85989703370499,0.215652574892701],[32.86271502416823,0.218563123645201],[32.86397101065057,0.220239625415621],[32.864000592751914,0.221401382179026],[32.86413204327391,0.221577835233717],[32.86467243213998,0.221680869999039],[32.86522661134352,0.222047805282143],[32.86553423446677,0.222533644385783],[32.86594488887136,0.22257350641462],[32.86597680376702,0.222410449555195],[32.866453615452755,0.222210888165905],[32.866878007272945,0.222533655807563],[32.86809046894632,0.222018903833587],[32.8687622157436,0.2214896509784],[32.8690802640399,0.220996352093885],[32.86874765904277,0.219828033552053],[32.868718432978426,0.219122469111724],[32.868835332399996,0.217136849247971],[32.86911274947161,0.215666975609733],[32.86993074961103,0.213858057936411],[32.87121633606068,0.211990403474743],[32.87276443630981,0.210931836226814],[32.87340683869698,0.210726149204554],[32.873917068331934,0.21084329980838],[32.875305831762724,0.212343379897793],[32.876006990799766,0.213608060764021],[32.876342926852814,0.21382862893211],[32.8769417823696,0.213372793577435],[32.877453074518876,0.212769790922493],[32.87796423306276,0.211578848937768],[32.87758448535009,0.210343421153635],[32.87751145843797,0.209093772726331],[32.877306976617795,0.208608521295079],[32.87681037119894,0.208108564647771],[32.87371247488497,0.208696204782001],[32.87320251550012,0.208505318216701],[32.872794151012606,0.20807946899499],[32.87254538939927,0.206917448311178],[32.872502178204094,0.206328026153203],[32.87345076127192,0.204432763737057],[32.87485312778729,0.202315036991542],[32.875028456078255,0.201594415848203],[32.875043067818034,0.201138575269837],[32.87486779604013,0.200888600635783],[32.87393445668637,0.200844039074113],[32.87375812176529,0.200433434263885],[32.874137494228535,0.199197562452746],[32.874152631144035,0.198020575841155],[32.87445948830517,0.197623735021009],[32.87700035333107,0.195933181237744],[32.880403605612315,0.194595073198089],[32.88135301337683,0.194080418764052],[32.88316410526793,0.192639460336593],[32.883659146421834,0.192063880023628],[32.88608774934389,0.190759900407505],[32.8879773491331,0.189944726584969],[32.88940998671165,0.18992142603588819],[32.8894,0.1899],[32.887005933674736,0.18228144410777491],[32.88696195162039,0.182256697083742],[32.88368659015203,0.180149642053661],[32.88334409179572,0.17826603710767],[32.88387314338399,0.172379602968282],[32.882017347767444,0.1664064367377695],[32.87331396182673,0.13870994748800314],[32.86979665671681,0.127971756204293],[32.86907452649837,0.12532969670197],[32.87386244780538,0.11309169764404657],[32.84527756930546,0.10677191158113995],[32.84447000032876,0.106639139307894],[32.845364123680355,0.066105017181881],[32.845480677412795,0.0657849739119299],[32.84891110497288,0.052389971058297194],[32.852518822879176,0.035046704091348],[32.857343132349136,0.019464911779576814],[32.859849197649616,0.009679323463422729],[32.860093971417406,0.008660603525204],[32.86454448638487,-0.000524501321303],[32.868999642142214,-0.008827107869864],[32.87212902203959,-0.016600749090671],[32.873268232911194,-0.018184248728],[32.87559863040946,-0.020797393359951375],[32.87559984652238,-0.02079970789743165],[32.87560005952391,-0.020812787720572976],[32.87568721052303,-0.039535727365248075],[32.87549097367698,-0.053084512005874],[32.87550527897092,-0.054876775529813],[32.87565962329555,-0.055046129897403],[32.87571006346689,-0.083939518234676],[32.87618323211035,-0.149678308478817],[32.84391551547736,-0.152465059362139],[32.760608836262854,-0.15185647003735095],[32.7533,-0.1518],[32.75222669188007,-0.15180297786636524],[32.745006828812784,-0.151802894790108],[32.74475940649923,-0.1518236956617144],[32.7293391812073,-0.15186647868868366],[32.72725354494295,-0.151802680988287],[32.5010109379008,-0.15248618757111101],[32.59414917618777,-0.03487081361342859],[32.598219824934645,-0.029926809324239],[32.599209349550044,-0.028480804598430113]],[[32.85005947716195,0.183533965028457],[32.85013922827845,0.184069838255619],[32.849899755311895,0.18502080833406],[32.849873159822195,0.185931927513982],[32.851336998585175,0.191974143228696],[32.85120338541395,0.192417368076285],[32.85053802673903,0.192926052574774],[32.849141331091325,0.193059920630239],[32.84776987303223,0.192630982348089],[32.84602694375897,0.19162637575163],[32.84481577173273,0.190701840423294],[32.84344458825426,0.189186848612646],[32.84331171956656,0.188691247722613],[32.84339146992141,0.187580602680123],[32.84380434453294,0.186735433626671],[32.84585382429988,0.183707613518294],[32.84678530680796,0.18274307635069],[32.84738436272553,0.182381132379702],[32.847971598114746,0.18163220289123],[32.85005947716195,0.183533965028457]],[[32.784422518855884,0.102415768106924],[32.78512388681111,0.10210208323332],[32.785884197521405,0.102024394133111],[32.78633097217896,0.10231811295435],[32.786798438746935,0.103572544133834],[32.78732437326471,0.104062730578493],[32.78864853491714,0.104258763201716],[32.78989632535211,0.103396057156297],[32.79038133642817,0.103377311121778],[32.79061497588268,0.103826509262089],[32.79036252248743,0.104963833967991],[32.789972821469554,0.10533711340801],[32.78956384318931,0.106670317025488],[32.789563609475906,0.107160667674173],[32.788901707270355,0.108924892341338],[32.78907681399276,0.10978744081015],[32.78888207778193,0.111042679485772],[32.78771346678283,0.113570291983569],[32.787284885940494,0.113433562436057],[32.7856886661657,0.111532989057407],[32.785766423592406,0.110434724695797],[32.786350466667145,0.109689619526081],[32.785902565590476,0.106846747745579],[32.78430566328373,0.105611536940971],[32.782630896188586,0.103690114698448],[32.78222195639977,0.102572592271752],[32.78224141084941,0.101828336708454],[32.78270791583584,0.101242780853497],[32.78303981692036,0.101709945736383],[32.783779854919196,0.102219704244265],[32.784422518855884,0.102415768106924]],[[32.655007901882456,0.074129805644294],[32.65615103423983,0.072254409170604],[32.65668266796854,0.072731398390576],[32.6559049975641,0.074379358163892],[32.65576223120712,0.075357315662457],[32.65590396917273,0.076385346496414],[32.655205409044015,0.077356176497777],[32.65506980714205,0.078519492731484],[32.655205723384164,0.079362220689725],[32.654731841950536,0.07895482660368],[32.65431318488028,0.0776513287576],[32.65496034026306,0.075738027903556],[32.654846189544614,0.075081036824759],[32.655007901882456,0.074129805644294]],[[32.644307879086185,0.156414637585752],[32.64463304338298,0.155769344299539],[32.64510102580247,0.155928785424464],[32.64548511492946,0.157355672871784],[32.64607367088146,0.157808791062024],[32.64728556832475,0.158157370657457],[32.64825481582058,0.158192228099267],[32.64981190954461,0.157976391004613],[32.652894121417916,0.156763268598875],[32.65324034914033,0.155926763893276],[32.65272462565588,0.155159008540936],[32.653275020450145,0.154916170348551],[32.6537943120236,0.154985690253367],[32.65403829009063,0.154325470748025],[32.65462459177343,0.154602024708409],[32.65517896626886,0.15529973797353],[32.65517892810526,0.156344703240571],[32.65417511256296,0.157739230188902],[32.65365598413284,0.159132697636073],[32.653136434441635,0.159621368961538],[32.652928679085264,0.160318599041579],[32.65296328171152,0.162270318697525],[32.65382198035709,0.163036444949456],[32.65320571609718,0.163141263120836],[32.652513188561834,0.162618867994566],[32.65157924618685,0.162723113494012],[32.651197571728254,0.162374859972022],[32.64905106534962,0.162200449078744],[32.64815088982678,0.161782276233809],[32.64624670834756,0.161712532518959],[32.64378753630186,0.162790894837509],[32.64340780523133,0.162270116508116],[32.64320028139753,0.1615382102183],[32.64358089265189,0.160527428474524],[32.644134825968365,0.159621206329325],[32.644100228762845,0.158261873277969],[32.64382331323594,0.157355763649492],[32.6417487455993,0.156620788078694],[32.64208160879142,0.156079462579614],[32.642817041010716,0.155961822972615],[32.64330397279947,0.156519120033544],[32.64382058816387,0.156666600819166],[32.644307879086185,0.156414637585752]],[[32.642745163640875,0.070192406344611],[32.643301140283974,0.070108521137677],[32.64400351181238,0.070625496489659],[32.64463296639614,0.071587238976841],[32.64456950779556,0.073381185793787],[32.64381918465548,0.073504956088915],[32.64266626349892,0.07270845482278],[32.64227243321614,0.071874661960151],[32.6421671634962,0.070443338078544],[32.642745163640875,0.070192406344611]],[[32.631526779869056,0.150738334690681],[32.63199877749677,0.150581606471697],[32.632509361495075,0.150875458408718],[32.63482549765141,0.150500598067227],[32.63608069207384,0.15086209889778],[32.63632067523371,0.151314919782101],[32.63592938057701,0.152821829506441],[32.63485421906586,0.152896331343408],[32.633511724902085,0.152549620261759],[32.63232996125225,0.152535693900093],[32.63202470515989,0.152373804794936],[32.63185587005848,0.151964341715275],[32.631608819832934,0.151849294322578],[32.631526779869056,0.150738334690681]],[[32.6339672645352,0.147632527889498],[32.634518497255684,0.147355342256118],[32.63548535734435,0.147668176392517],[32.635451148255314,0.149027924098175],[32.63518122976122,0.149101185521074],[32.634955283101206,0.148851123293652],[32.6348872091777,0.148424411554942],[32.63422574782258,0.147993829388159],[32.6339672645352,0.147632527889498]]]}},{"type":"Feature","properties":{"n":"Kyampisi","c":"108103","d":"Mukono","od":"Mukono","dc":"108","k":"KYAMPISI","a":["KYAMPISI"],"lat":0.503122,"lon":32.706684},"geometry":{"type":"Polygon","coordinates":[[[32.66335822981528,0.5137754750751766],[32.66662156161519,0.5215192732381932],[32.668842775396094,0.524422072656702],[32.66957756525997,0.528420714383085],[32.670156324417285,0.5299071698334425],[32.670956296287216,0.5318054814599238],[32.672556499554155,0.535007549112231],[32.67314540587639,0.5370001793499156],[32.6817,0.5573],[32.6985704712774,0.5692391027501581],[32.701427165172234,0.570582420568308],[32.70460629643947,0.572880434020566],[32.705156113823804,0.573595318250049],[32.706142126386176,0.574301047873254],[32.70696282891461,0.572150859423807],[32.70696299280979,0.569021487611904],[32.70689252957038,0.565252062500547],[32.70566822167404,0.560510556280042],[32.705644761502356,0.55854261588625],[32.70588045579486,0.555839898159382],[32.70724654318153,0.550529922381806],[32.70915413748417,0.546760726129441],[32.71014349759819,0.543204419633439],[32.711650728053435,0.538747973475969],[32.713181437197925,0.535879641039442],[32.71417108843832,0.534741125899571],[32.71624335848582,0.533508488618157],[32.718221363938284,0.532038897942875],[32.71916362763666,0.530901059655686],[32.720105513425665,0.530569040492879],[32.722130840761096,0.529099287053287],[32.72410901038212,0.527108340531747],[32.72827738134708,0.526610297861765],[32.730255738528385,0.525662001130376],[32.73209260127133,0.524429304676556],[32.733882403292675,0.522532806314985],[32.73477729406879,0.520873428544792],[32.7355780818021,0.518218530685512],[32.73623750356424,0.517649301706262],[32.73748559865431,0.51568185833679],[32.73844668755312,0.514903970714937],[32.740034503121656,0.513047588241105],[32.7401230867141,0.511497477948508],[32.74102818164214,0.510644110458826],[32.742626760211785,0.508582704397044],[32.74366944801074,0.508723596293152],[32.744699685630614,0.506620440857432],[32.74528490173559,0.504783955421359],[32.74560606780999,0.504411132591819],[32.746599691674916,0.5045050978275],[32.74772767726322,0.504312321208174],[32.74885539174413,0.503773187967782],[32.74900841812442,0.503898139555327],[32.74942681949749,0.502966822152368],[32.75203463163792,0.50305826995213],[32.75201373219264,0.502856148524727],[32.75247997140572,0.502237730032729],[32.75642764100792,0.50183058294441],[32.757324387885994,0.501590914962726],[32.759283691374925,0.501780557474564],[32.760564566631764,0.50147730232694],[32.7635602576996,0.502179039789292],[32.76608472022315,0.503468795952731],[32.768157036050816,0.505099908783798],[32.769965626804975,0.505441359797705],[32.77356402481896,0.50458802291532],[32.77431861118724,0.503980868809772],[32.77850017575017,0.502957118022781],[32.78004548255755,0.502691695354844],[32.78187515476127,0.502784478388978],[32.78305924734079,0.50318487326152],[32.78247532199071,0.500814125697118],[32.7823246984524,0.49888020218224],[32.78266396520823,0.496793155413623],[32.784491172446415,0.493133450220576],[32.78564773039069,0.491670536882186],[32.78735134683457,0.488368420083374],[32.78912644678467,0.485355973218597],[32.78961556007294,0.483831704788748],[32.791587211217596,0.484619226934397],[32.7918207961142,0.484425229787996],[32.79194449343398,0.483790780729317],[32.79253392032814,0.483053954403087],[32.793301302310795,0.482522037850352],[32.79423808880023,0.483039469103132],[32.79643003893678,0.485337915119127],[32.7977042753286,0.48571553057681],[32.80048649013922,0.48469368916872],[32.802106731750705,0.483479922422373],[32.80297354672108,0.482076642154968],[32.80421632665723,0.48150779596082],[32.80672262967843,0.481526558184692],[32.81140232281505,0.481102231894203],[32.81152665032506,0.480634346803077],[32.812477295240036,0.479581645732685],[32.81295293608023,0.478384621073743],[32.81328584687859,0.477068058427694],[32.813619065213636,0.474147402191705],[32.815521138507066,0.470988113711576],[32.81611556215749,0.469671763238087],[32.81699547264131,0.468570470055564],[32.81804171576444,0.467684783827858],[32.81949224986617,0.465889513838688],[32.82135128681134,0.464295940107386],[32.81871242061663,0.463374691493545],[32.81352383377119,0.461012293396727],[32.80981411349192,0.458735281049758],[32.809171002044295,0.457925833150538],[32.80538749650838,0.45578407700599],[32.80296099066865,0.453024570714542],[32.80241129770465,0.452000739359323],[32.80075885185025,0.450394502294373],[32.79867665105227,0.447144978247511],[32.797892060549565,0.445445560017093],[32.79663192081236,0.443482729037607],[32.79232865673355,0.440610273988857],[32.790758875472804,0.438240228471594],[32.788666859629714,0.436469141229783],[32.78804169804164,0.435591511136101],[32.7867972412463,0.436372938538299],[32.78550293909959,0.437476870102753],[32.78434142874738,0.43812423535728],[32.78261908815678,0.438772773576211],[32.78007756820651,0.438597019917998],[32.77654628792218,0.437815567865442],[32.77286113936199,0.436487671849589],[32.77149278059799,0.434909400114381],[32.77147415704928,0.434580473976964],[32.77108086812577,0.4339971503842],[32.77049892099514,0.433736743734385],[32.76709267396083,0.433996905860823],[32.76633989032357,0.433823779662783],[32.76541052706831,0.432698150202253],[32.763800137000246,0.431975449824282],[32.76248788308831,0.432098302764466],[32.76170834757072,0.432547841641103],[32.761384404053,0.433004712808269],[32.760014128963384,0.433804108314859],[32.75872484533582,0.434051150259409],[32.74992123262286,0.43748349567163],[32.75024112014468,0.437939741462502],[32.75104953844572,0.438442478829425],[32.75352238085813,0.440644809860518],[32.75692243184674,0.444786018862629],[32.75757993926062,0.445108900731396],[32.75678524363396,0.447822787170236],[32.757127340618275,0.449341050378942],[32.75665675330955,0.449688287462285],[32.75648069467303,0.451077756517158],[32.75609675649376,0.45207343773756],[32.75485501160854,0.453323000740494],[32.7531871539613,0.453908633167645],[32.752023093397185,0.454025819407104],[32.750897771328574,0.454728817637606],[32.74975365542302,0.454943504777605],[32.74886071095475,0.454553020747547],[32.74754133232587,0.453576398636336],[32.744476262952595,0.45271698849318],[32.74280685582846,0.452560005711216],[32.7386559122931,0.44924019771686],[32.736598823474814,0.448380210615125],[32.735435390860154,0.447364803503346],[32.73479522523184,0.445783031935904],[32.73343731747613,0.44504065561643],[32.73262238571503,0.44363452158731],[32.731225542314455,0.442814161557801],[32.72986672945928,0.44238378129868],[32.72812147271901,0.44019686317793],[32.72656944616573,0.438751499781526],[32.72460833888606,0.437436098169312],[32.722694541070254,0.436813750236895],[32.72113575949239,0.436606619083926],[32.71950968259113,0.438162601033995],[32.716577736768265,0.441631690212574],[32.71374429492277,0.444271546627959],[32.71289972066997,0.445880364998309],[32.71109147343969,0.447882600854511],[32.70833337595432,0.450294870668622],[32.707247770612376,0.451903233132212],[32.70435430320502,0.45332930975133],[32.70230446852587,0.455544405685323],[32.70100807728108,0.456515542693159],[32.699802528027796,0.457243620481658],[32.69745135215311,0.458032527248933],[32.69589895087119,0.458927644570554],[32.6933064844779,0.462235131903142],[32.69173915989469,0.463539779483943],[32.686448797660276,0.466073515901822],[32.68494127177139,0.467287436044676],[32.67734960913112,0.472093250305292],[32.677349590145425,0.4724538455227637],[32.6774,0.4725],[32.677349569435194,0.47284719504233036],[32.67734940192153,0.476028781760855],[32.67703833169894,0.480570104476149],[32.675671425331046,0.488404898069843],[32.675287365650156,0.489572330471968],[32.67480036373404,0.49039749583099795],[32.6748,0.4904],[32.674798224538605,0.4904011204368012],[32.67478559590633,0.490422518114185],[32.673950382097345,0.491210081812943],[32.6714494073797,0.492829208200447],[32.66528464251095,0.49640483725036944],[32.6645,0.4969],[32.66323324570577,0.5129780352729422],[32.66324027537399,0.513374895018627],[32.66335822981528,0.5137754750751766]]]}},{"type":"Feature","properties":{"n":"Mpatta","c":"108104","d":"Mukono","od":"Mukono","dc":"108","k":"MPATTA","a":["MPATTA"],"lat":0.224079,"lon":32.723475},"geometry":{"type":"MultiPolygon","coordinates":[[[[32.64163986744218,0.22982512854087575],[32.64260956133609,0.230616152526391],[32.64404918492031,0.231095576273611],[32.644418709909274,0.23113835041974248],[32.64947263431592,0.231723332600633],[32.64947265850001,0.2317233672440943],[32.64947427115405,0.231723553915907],[32.64983778519639,0.232246381758827],[32.650507390320016,0.23399551106669],[32.65064367506092,0.235578356464258],[32.6506434813236,0.23557898331430693],[32.65064349111167,0.235579097138192],[32.65053179240529,0.23594036027650192],[32.650098361448585,0.237342755114053],[32.64931962408568,0.237755010550085],[32.64912459736262,0.238479868021551],[32.648851943101405,0.238852367026886],[32.64834535739408,0.238913354574109],[32.64793937346239,0.241010324887161],[32.64969292838069,0.2420905416701753],[32.64994203332192,0.24224394108195932],[32.65089670064297,0.242244230073294],[32.652493627216025,0.242969604890587],[32.65385683965137,0.243008933862488],[32.65646643881212,0.24342072483944],[32.65666253439685,0.24365636739870408],[32.658199330048454,0.24407664833501178],[32.659816065261616,0.244518734976593],[32.66059525445467,0.245457089773924],[32.6611204505637,0.24493007962302],[32.66102352091005,0.243891376922134],[32.661315662602114,0.243087547794491],[32.66225046037255,0.242499402296918],[32.662815212319884,0.24281310387749],[32.662289731297584,0.243773335378174],[32.66236745010306,0.24455817678793],[32.66275725856159,0.245205154325292],[32.663905725535514,0.245754004952229],[32.664061505061305,0.246420601749345],[32.663887902587916,0.247304394636696],[32.66438268963446,0.24776493656184073],[32.66491659323404,0.24792018839592406],[32.66552322524702,0.247477826487869],[32.66574956874445,0.246986877677031],[32.666011118367855,0.246867200311954],[32.66617755061918,0.246998855182034],[32.66618942884304,0.247477598511449],[32.66532156139038,0.248794141289078],[32.665405603097,0.2496088877630205],[32.665405607200356,0.2496088918940305],[32.6656434110034,0.249846742879277],[32.66604671239837,0.249691809566804],[32.66604836068001,0.24969359629733864],[32.6660487449493,0.249693450697536],[32.666551517881025,0.25023901663803777],[32.6666646423139,0.250361643058954],[32.666974243526106,0.250457708131562],[32.66774699233216,0.250326038420736],[32.66819822839968,0.250086863352988],[32.66841256239544,0.249727775557874],[32.668674108955116,0.249715815189575],[32.66982728466664,0.250613492556876],[32.669851055389245,0.250840893209351],[32.66967272340309,0.251020414726906],[32.669102123208106,0.251176107860467],[32.66818776568458,0.251906186264783],[32.668305361692425,0.252815711015189],[32.668302580305024,0.2528141653497719],[32.66830283668132,0.25281617314209],[32.66793053335015,0.252607412377806],[32.66785452911105,0.252565175498533],[32.667461387328586,0.252791721686431],[32.666795561051906,0.252253294279106],[32.66617742745373,0.252205223279304],[32.66617688007471,0.2522047899594916],[32.66617675030234,0.252204779821995],[32.66565855752887,0.251794472029356],[32.664953330885105,0.251236195838075],[32.664778221874585,0.2513948127389828],[32.6647036516635,0.2514627149682628],[32.664655799554346,0.251810215413398],[32.66690249396509,0.257387691918433],[32.66695809106248,0.25825056462127627],[32.666961883345586,0.2583090719849384],[32.667449325233,0.259218917347971],[32.66744939161131,0.25921972081019157],[32.66744953114933,0.259219981442143],[32.667520577874434,0.2600801506868545],[32.667901051923316,0.260786827014164],[32.66799790418263,0.26175247043994715],[32.66801988327471,0.26197136422581035],[32.668733264790916,0.263671254080882],[32.66905442146853,0.2639464234835364],[32.66909324983258,0.26392100687061226],[32.66929228334964,0.26379024227335457],[32.669325622524894,0.26371154209900866],[32.669464337105815,0.263383795620627],[32.66950601431207,0.261690505460318],[32.67033211614469,0.260739192818229],[32.67076626313952,0.259691772993024],[32.67084946791335,0.260014920856436],[32.67033253409666,0.261426733045046],[32.670326660909915,0.261828300029828],[32.67057829079907,0.26200724687167054],[32.672025762329895,0.263036051858554],[32.672025590805895,0.2630364956873969],[32.6720263688054,0.263037048962505],[32.67196692428725,0.263192634772493],[32.67138438029406,0.263300336499861],[32.6708061962141,0.2631652014317208],[32.670565685427604,0.2631091845751014],[32.670385747427254,0.26322895616258013],[32.67042745474329,0.264848168131985],[32.67043323059713,0.265071682016163],[32.67005301360973,0.26587483930424655],[32.67034958302352,0.2674992770297639],[32.671134598836204,0.267555211902129],[32.67120168544781,0.267946171103001],[32.672139165431446,0.268620451223321],[32.67244712561209,0.2690378133392648],[32.67244719762631,0.2690379108986],[32.6724471976243,0.2690379109335976],[32.67244819261536,0.269039259392268],[32.67237863231275,0.2702301764986046],[32.67237694965335,0.2702594358545974],[32.672591251324015,0.271192971480342],[32.67335173866031,0.27140918924769],[32.67354218860723,0.271983810378691],[32.67416014042481,0.272510331037567],[32.67418523928686,0.2729190689573761],[32.67420751122582,0.2732735744594027],[32.674564334158,0.273324215214944],[32.674825860733975,0.274185964321929],[32.674635600255925,0.275717948485658],[32.67406549954954,0.276507123862904],[32.67444533203662,0.277513250336076],[32.67411247528868,0.2780169798662967],[32.674117762559746,0.2781967970364552],[32.674136189111735,0.278805859165794],[32.67402971244569,0.27894380487292364],[32.67402960666678,0.2789437170128462],[32.67402960666678,0.2789437170128465],[32.6841660777568,0.2873630809783261],[32.68483814318522,0.287783951051884],[32.68630889986492,0.288887837258378],[32.686998549734255,0.2897157352983947],[32.68706533876693,0.2897712103419258],[32.689781936127275,0.28664399848338],[32.69617277827752,0.279979366852084],[32.705490751678305,0.269790183600851],[32.706887561994776,0.269115686128815],[32.71714403353946,0.269154133599071],[32.72431947874071,0.268942410866545],[32.74331957059724,0.269039144587986],[32.74961474248504,0.268904432240039],[32.74983577186167,0.263791546574],[32.74976674951613,0.26309679109752],[32.74898997908341,0.260627091728623],[32.7488031071011,0.259218028256064],[32.75101121044984,0.258329056993229],[32.752984557205394,0.257012672696724],[32.7546491082308,0.255648190762782],[32.757716493916504,0.251363428538009],[32.75985713554171,0.247078022282721],[32.76016638496946,0.246743296492435],[32.76349454709801,0.245427016345831],[32.763733248396946,0.244974694453739],[32.76339508565424,0.243805357928254],[32.76330013932922,0.242443519159375],[32.764574701613846,0.240014950913946],[32.76469747441505,0.237123804062524],[32.76374132069966,0.236651186238778],[32.76444747174828,0.234064645200699],[32.764907199538165,0.233066446247156],[32.76247263256231,0.231369205183396],[32.76090820746447,0.230975233992517],[32.759996233932625,0.230371806825348],[32.759103546290895,0.229453290553538],[32.75885760763758,0.228639766201211],[32.76058143615452,0.22450553083169],[32.760533879441844,0.223517939529046],[32.76040301243281,0.223279996091487],[32.75912990407703,0.22301806403361],[32.759076311935225,0.222533195109888],[32.75920133913412,0.222482762668213],[32.758404184583966,0.220698137199851],[32.75789259067099,0.2199903138072],[32.756554029667655,0.219222868023115],[32.75542984206001,0.218342556124292],[32.75434675947505,0.217979448905657],[32.752411245996235,0.216867199019398],[32.752771374584135,0.216948605624014],[32.75236180592085,0.209854874310697],[32.75165564908385,0.205063406141142],[32.74978001054662,0.202620468470751],[32.74853704281356,0.201891668173054],[32.74670412348223,0.199136527913505],[32.74477806759868,0.196646851573715],[32.73890328575876,0.191197394519436],[32.734702263059084,0.187044864905553],[32.73164729649314,0.185045689440133],[32.730338535270185,0.18391363183951256],[32.72940446147042,0.184848572330756],[32.729772177083106,0.18522117201752],[32.7307410055141,0.185267829442269],[32.73198737615077,0.186243784811352],[32.73244901390954,0.187173242215121],[32.73420312325222,0.189496952484644],[32.73420312308233,0.18950803755408208],[32.73424926094277,0.190937413403366],[32.73420308773892,0.19181417200062814],[32.734203087640175,0.191820615034957],[32.73364915861743,0.192471254010518],[32.73333246006907,0.19307980357989235],[32.73314143336195,0.193446900593867],[32.7331414002027,0.19344693314208602],[32.73314122907818,0.193447261965046],[32.73129480035102,0.195259589384741],[32.729798360770985,0.1946660421435606],[32.72977242343953,0.1946558103930046],[32.729081727183456,0.194888800090448],[32.730087765754945,0.19691889786460368],[32.73009443239059,0.196932321170503],[32.7300944479945,0.19693238203909724],[32.73009449126662,0.196932469358446],[32.73046378727079,0.198373050661551],[32.730936056939576,0.199161550092467],[32.7308170874804,0.199363800569874],[32.730816856397745,0.19936383470680424],[32.730816714398266,0.199364079081822],[32.72977086658459,0.199518399108128],[32.729770766942394,0.1995183693769909],[32.729770128705745,0.199518463661174],[32.728854449102656,0.199245206808451],[32.72865042669239,0.199756744753214],[32.727786366902436,0.200278649825254],[32.725986519677775,0.200650335157465],[32.72529358127606,0.201115129705798],[32.724093348932364,0.20153336653107],[32.72228185007245,0.201482986170695],[32.72072338509331,0.201765690909399],[32.72072330300545,0.2017656973472901],[32.72072328349982,0.201765700885762],[32.71844478151492,0.20194439457543636],[32.71716897403896,0.202044452117377],[32.715276554158244,0.201161566613147],[32.713384741556126,0.200914788248994],[32.71187343674829,0.196865559494804],[32.71236823161427,0.193725662306356],[32.7129681478912,0.19228400849745],[32.71278346967153,0.19130890168308],[32.71190666568172,0.19024015602829],[32.711075785305574,0.187684114561284],[32.71126044930537,0.186708182450376],[32.71319940823176,0.183965818930098],[32.71352238558373,0.182711512196103],[32.71338338818197,0.18141035006166],[32.71264535346727,0.180945717960498],[32.71098356644893,0.180945488201927],[32.70886011066148,0.180248354324877],[32.70793661606047,0.179458222423066],[32.70627504362807,0.178761169391781],[32.70530563358282,0.177738762512932],[32.704428761420296,0.177088280068132],[32.702998317012,0.176577264809902],[32.70008987730966,0.177831485447149],[32.69875043703999,0.179690543001632],[32.698748975904394,0.17969087728285066],[32.698748975899996,0.17969087728895],[32.6987489047233,0.17969089356778817],[32.69773499013211,0.179922858763672],[32.69658093532599,0.179783418086247],[32.69485552448471,0.1788578353582801],[32.69459628113926,0.1787187993739425],[32.69451049023375,0.178884387127083],[32.694369238608424,0.178765873888238],[32.69428579802363,0.178077775206236],[32.693917487375046,0.177718601997539],[32.69387944610549,0.17741222071684626],[32.69387935009326,0.17741145533829],[32.69387935082483,0.17741145333420386],[32.69387874059499,0.177406538592858],[32.69423285489574,0.176442700506334],[32.69423290620288,0.17522398213212223],[32.69423290620831,0.1752237495568292],[32.693817474862094,0.173724303775888],[32.693817486107356,0.173096917088974],[32.69513315265063,0.17177218038437],[32.69569969153281,0.170420630113919],[32.695378869704925,0.169802790783],[32.69244038776674,0.166959388943902],[32.69226613008938,0.1666558926937835],[32.69208349890118,0.166471260246325],[32.69202502480105,0.16623597116148459],[32.691911398785464,0.166038074172565],[32.69159566608653,0.164508716898217],[32.690355601151595,0.163023988154612],[32.6903550605816,0.16302361129859094],[32.68966371545408,0.16269414540403412],[32.6893781540957,0.16267497122858535],[32.68891317230982,0.1628929174923593],[32.68740931905678,0.163982971071672],[32.68590885164006,0.163818613959608],[32.685908395818075,0.16381837049079417],[32.68590833245598,0.163818363552693],[32.68294670630034,0.162236444762889],[32.68294668219156,0.16223642636479577],[32.68294656296461,0.162236362681941],[32.68204222945429,0.161546233595557],[32.68076690801624,0.1595041261959242],[32.680592779668494,0.15922535058687265],[32.680150506704344,0.15895081024812485],[32.68014346008443,0.15894644360431454],[32.67827257522277,0.159085005000183],[32.67775285383852,0.158981002383428],[32.676406848249286,0.159887878668881],[32.67621038795836,0.16020570688144173],[32.67619743383796,0.16036649526552277],[32.67613924846428,0.1610912962417578],[32.67618758773907,0.1611973774355972],[32.67657606029373,0.162047642739014],[32.67610353582859,0.163131671436567],[32.67654136861749,0.164800937756036],[32.67688760148431,0.165428568066161],[32.676333750710576,0.166299967034251],[32.676195141859765,0.167206151411303],[32.67581429295881,0.167903236670819],[32.67512185156218,0.168495755158882],[32.67419936002577,0.168600296228278],[32.674199261226704,0.1686002868630342],[32.67419924723749,0.168600288451305],[32.674185748849716,0.1685990060137903],[32.67162507343144,0.168356277500804],[32.6716241139113,0.16835563348669702],[32.67162410357239,0.168355632504431],[32.67160756436561,0.1683445257043354],[32.67100189389173,0.167938009662705],[32.67017121513753,0.166195753362302],[32.669374719378396,0.165533001588257],[32.6688554278395,0.163720547450139],[32.66909744996768,0.16316309824348],[32.66895930820245,0.162674904297593],[32.66906318122291,0.162117236221009],[32.669617329504916,0.162115797802661],[32.66992873289359,0.161385295449187],[32.67051572429295,0.160755560844957],[32.66965126133914,0.158945236190878],[32.66899398230233,0.158527206102096],[32.66740219372311,0.157935570831342],[32.666729244132334,0.158343808711681],[32.665462751858264,0.158422945576975],[32.66475566529527,0.1589725141456053],[32.664702754030706,0.159013675773624],[32.66470273173116,0.15901365567562495],[32.664700907518935,0.159015073507268],[32.664466859894034,0.158801769973645],[32.66418985061124,0.158866976095436],[32.664217397229784,0.159050839597552],[32.665012485429884,0.159677330581426],[32.66508171607954,0.160374422584982],[32.66508132693631,0.1603754858933097],[32.665081328005144,0.160375496670968],[32.66507506922218,0.1603925846861445],[32.66483935589631,0.161036655867463],[32.66483755832606,0.16103787632628988],[32.66414723259156,0.161594073298646],[32.66335095484454,0.1620472045251881],[32.66335071927368,0.162047364465826],[32.66276190213858,0.162187112750214],[32.66231374508422,0.162603452910087],[32.66251965685305,0.16403412764335],[32.66203495129196,0.164487230489707],[32.66082281988805,0.16501068497615856],[32.660493164880975,0.16557951062992188],[32.66009610993881,0.166264790229441],[32.658849676609776,0.167554667012225],[32.658434638478546,0.168386691043915],[32.65749203695969,0.169477028971548],[32.65673901750079,0.169686140600781],[32.6567380075541,0.16968573198107206],[32.65673799391135,0.169685735758711],[32.656620689047834,0.16963826546195962],[32.65408971831805,0.16861424653823284],[32.65408970002454,0.168614244863772],[32.653518789055845,0.168562168363209],[32.65258372189409,0.168824448923865],[32.652298920320646,0.169216114413946],[32.65229877026297,0.171045400546167],[32.65203906684375,0.17177803787474558],[32.652035997813826,0.17183054667589354],[32.65198724770227,0.172666128374413],[32.652271590462554,0.17349893161274],[32.65336335048002,0.17316285273341],[32.65424619543494,0.173267433924768],[32.65466168790125,0.173633445372744],[32.65480085719988,0.1737809307645013],[32.65520674115667,0.174156059145389],[32.65531924570109,0.17433029568864716],[32.655648270893465,0.174678981856325],[32.65588227177267,0.17520199596872],[32.6565571364979,0.175777016532445],[32.65655745972525,0.17577900985292547],[32.65676467966068,0.176534457775089],[32.65676449093885,0.17705575687881714],[32.65676484282308,0.177057926924266],[32.65617050539663,0.178156216098535],[32.65759392426725,0.1786572148260922],[32.65780237765921,0.178730490261446],[32.65780248447906,0.17873062146899413],[32.657803357927015,0.178730928895234],[32.658037149040744,0.179018533729842],[32.65793380874798,0.179541470274687],[32.65827082721742,0.179985758257202],[32.65801112902945,0.181946330795707],[32.65775145019025,0.182782833893143],[32.65647875636719,0.182704766262824],[32.655882246015075,0.18314874894373],[32.65570025862142,0.183775938971963],[32.656137633099505,0.18548635554325565],[32.65614145001379,0.1855012751713739],[32.65715422171828,0.187096037312351],[32.65769903520385,0.187487475202123],[32.658113947290666,0.187330503755709],[32.65803701944817,0.186416455613689],[32.65873810389621,0.184952561607482],[32.65879033893555,0.18468617027478557],[32.65912707166337,0.182968229868792],[32.65912720633576,0.18296819405018444],[32.65912766435763,0.182965858203283],[32.6596211290356,0.182835229482795],[32.65962287751545,0.18283636115429144],[32.65962287755017,0.182836361145058],[32.65962288979734,0.18283636910351583],[32.65998453762976,0.183070439025883],[32.66008847536735,0.183802360655406],[32.660425922891484,0.184403758370046],[32.66032206186275,0.18503101562367],[32.65980309719015,0.184900796741371],[32.659491029922755,0.185136344989365],[32.65915543574386,0.186832974847241],[32.66073647637995,0.18673027089662503],[32.660737283867455,0.186730217611456],[32.660737286492036,0.1867302182719743],[32.66073749224959,0.186730204906022],[32.66156840390423,0.186939354635617],[32.66304824416313,0.187723457554982],[32.663931312014746,0.187880477262113],[32.66432110881525,0.188194117337354],[32.66494398696432,0.18829875380542],[32.6658782459178,0.189212438443512],[32.666683714497054,0.188821610584441],[32.666917398626325,0.189213726762878],[32.66699552229567,0.189946084963575],[32.667438198978225,0.190808203212651],[32.66803405720335,0.190834074770898],[32.668579223637686,0.190390112107266],[32.66943609928033,0.190625397273781],[32.669410125424264,0.190991362468775],[32.66860517570072,0.19114928399315],[32.668397795540756,0.191748467361456],[32.668840195946196,0.193186939682682],[32.66914635993213,0.193206361689052],[32.66915985547139,0.192876519174286],[32.67015882629972,0.192570524470247],[32.670479503916646,0.191937008765329],[32.670481346839985,0.19194393585432779],[32.670481605038844,0.191943434097425],[32.670657607472904,0.192603700154244],[32.67065694321289,0.19260395880703488],[32.67065781695295,0.192607242977904],[32.670217421724395,0.19277622769675976],[32.670190903743155,0.1928506536163476],[32.66896927102402,0.196294233593416],[32.670296342599634,0.19647209999916118],[32.67030382905221,0.196473097014527],[32.670303848852,0.1964731060565228],[32.67030405794427,0.196473134081003],[32.67169430918239,0.197108054909157],[32.67268175891527,0.196768623067306],[32.67266747205827,0.197027449913017],[32.67242868913758,0.1970443562322178],[32.672411129079165,0.1971563865319372],[32.672377180732184,0.197383171609792],[32.67281505370926,0.19755865687156715],[32.67284660407643,0.19756133973125647],[32.67427483964828,0.197682051838917],[32.675314069566824,0.1987201236433155],[32.67621244108808,0.19961737963575904],[32.6771738687846,0.199696516297256],[32.67779398458289,0.20021677171245575],[32.677795868042914,0.200218350958382],[32.677795868461985,0.20021835222097295],[32.67779695637608,0.200219264942755],[32.67826702188189,0.2016378478349314],[32.67826768036382,0.20163983171570382],[32.679295646564604,0.2021052994255233],[32.67930057218533,0.20210752662986153],[32.67940604242455,0.20213548071306867],[32.6797519735859,0.20222713891429375],[32.680964908435854,0.201761739135834],[32.681944151683204,0.20168382454577924],[32.681957278967545,0.201682779158018],[32.68195728088094,0.20168277990639868],[32.681957673354255,0.201682748678818],[32.682046751374585,0.201717774263951],[32.6827162029776,0.201979615098896],[32.68271540191075,0.20198068846198874],[32.68271866385722,0.201981971063281],[32.682599778855064,0.202137556054407],[32.68140633062956,0.202153879863609],[32.680395049626576,0.20241499192052],[32.68000459917182,0.20330303234443],[32.68026401021934,0.20445474656220952],[32.680486528903145,0.20489247866547472],[32.681951503814915,0.207774216856211],[32.68195153105841,0.20777438711359492],[32.68195155178717,0.2077744278906],[32.68227014983316,0.209765581707732],[32.68227014953468,0.20976558361109948],[32.68227018221586,0.209765787851155],[32.68211436267798,0.21075914461999],[32.68188628056365,0.210988398405017],[32.681392986993814,0.211066371564288],[32.6811016237381,0.211317522262059],[32.68014592070163,0.211443668851392],[32.68066027765556,0.212039972871697],[32.68159499932046,0.212562877868301],[32.682036348498755,0.214104690019579],[32.6827894021949,0.214784900276094],[32.68299712008877,0.215438429610536],[32.682815408626325,0.216379272365053],[32.68287372163114,0.217010554776778],[32.68448349504199,0.220573749689023],[32.68584749369993,0.2209985697504944],[32.68586300407886,0.221003383247396],[32.68586302607708,0.2210034073398674],[32.68586371392948,0.221003621572849],[32.68636339641452,0.221550893579782],[32.686196837185655,0.221860217974261],[32.685602368519405,0.222105955725471],[32.6864969615269,0.223651793551273],[32.686173042780794,0.22492972510902],[32.68567335634497,0.226048070819289],[32.6843645386842,0.227142703978163],[32.684364429451676,0.22714277375967892],[32.68436442097893,0.227142780848456],[32.68435015596506,0.22715189215667633],[32.681488135308875,0.228980249955416],[32.68148731636908,0.22898043674766436],[32.68148720460967,0.228980508130311],[32.68093717482151,0.22910591871468414],[32.679543300333066,0.229423848006447],[32.67641737810775,0.229093796555533],[32.674680252456156,0.228736860254927],[32.67189628463731,0.226214632055152],[32.668612630229475,0.220622901390627],[32.66887137920309,0.21833940081287667],[32.66886853985557,0.21829684179189598],[32.66876756946297,0.216797460454592],[32.67009254791015,0.21635268502378222],[32.67009901212778,0.21634893067950708],[32.670766503373954,0.215961165966201],[32.670974075725276,0.215569610475178],[32.67071500759961,0.214993810879398],[32.67004506391856,0.21427572011509455],[32.66991046399861,0.214131468829961],[32.669910432991664,0.21413141361899993],[32.66991021927883,0.214131184547194],[32.66957367211787,0.213532192530409],[32.66912833188853,0.213664240947879],[32.66876040119658,0.21413841599643826],[32.66863988501749,0.214293938969045],[32.66863959618958,0.21429410488381337],[32.66863937922799,0.214294384495637],[32.66796777121364,0.214681735751909],[32.66772858827714,0.213320547051233],[32.66726325521838,0.21277363104630817],[32.66726321229597,0.21277358063004856],[32.66640425984963,0.212888125388307],[32.66604146765856,0.213712487313388],[32.66645660249411,0.21470611893913],[32.666430624083596,0.215281218587087],[32.66614272165644,0.215360172747452],[32.666118988745005,0.217137230651186],[32.66572947887206,0.217921449761241],[32.66443115375929,0.218601089112652],[32.66352236036539,0.218601186083296],[32.662769304454365,0.218940885520604],[32.66180855097421,0.219071567180911],[32.660328485026184,0.218731699973614],[32.659913039235676,0.218182731844837],[32.660016014324924,0.213635959012374],[32.65944551945236,0.213555934941215],[32.65879658889427,0.213791001027864],[32.65869222060889,0.213061320015733],[32.65816530229113,0.21312542379179616],[32.6581638076941,0.2131256118411734],[32.657687818683534,0.213675917138107],[32.657524222958294,0.214156950662471],[32.65695295561523,0.214705898117763],[32.65591729409056,0.21499260379243312],[32.65591721480412,0.214992625758499],[32.65591721479143,0.2149926257450795],[32.655914421117,0.214993399127399],[32.65547281722131,0.214522984083152],[32.65474630626494,0.214235526804424],[32.653551822468216,0.21426141858872377],[32.65355181517416,0.21426141874815244],[32.65287629950751,0.214392200073016],[32.65209726485483,0.214888772816226],[32.65025397130818,0.215177061282784],[32.649994606601425,0.215856146114901],[32.650409417562024,0.216509483141399],[32.6498120870455,0.217084639650231],[32.649811826546284,0.21708479370020894],[32.64981178337135,0.217084835274423],[32.649705227277614,0.217147832719457],[32.64817622067257,0.218052032889053],[32.64633262601409,0.220613525482616],[32.645787331208574,0.220901063633995],[32.645259839886116,0.22091959977308886],[32.64430809895779,0.220953261350425],[32.64384040939926,0.221345200754427],[32.64379385817738,0.22275687847362896],[32.6437879425892,0.2229383886224354],[32.644748613938226,0.223515150286311],[32.645112098148985,0.22531888584827],[32.64498224724495,0.2261031103083],[32.64309526708201,0.22722787747791764],[32.643009373077,0.227279137821162],[32.643009223541476,0.22727916521874875],[32.643008886348376,0.227279366208531],[32.64215191127922,0.227436267153165],[32.6413222072137,0.227801740042245],[32.641035626957986,0.228683920618802],[32.64124374848412,0.2295019319794639],[32.64163986744218,0.22982512854087575]]],[[[32.643824947453126,0.15736111105613887],[32.644100228762845,0.158261873277969],[32.644134825968365,0.159621206329325],[32.64358089265189,0.160527428474524],[32.64320028139753,0.1615382102183],[32.64340780523133,0.162270116508116],[32.64378753630186,0.162790894837509],[32.64624670834756,0.161712532518959],[32.64815088982678,0.161782276233809],[32.64905106534962,0.162200449078744],[32.65074413821665,0.1623380169676928],[32.65119649473642,0.162374748341542],[32.65119652374002,0.16237477481943835],[32.651197571728254,0.162374859972022],[32.65157924618685,0.162723113494012],[32.652513188561834,0.162618867994566],[32.65320571609718,0.163141263120836],[32.65382198035709,0.163036444949456],[32.65296328171152,0.162270318697525],[32.65296058739563,0.16211834903938654],[32.65292865307179,0.160319031033683],[32.65292868485323,0.16031892437695117],[32.652928679085264,0.160318599041579],[32.653136434441635,0.159621368961538],[32.65365598413284,0.159132697636073],[32.65417511256296,0.157739230188902],[32.65517892810526,0.156344703240571],[32.65517896626886,0.15529973797353],[32.65462459177343,0.154602024708409],[32.65403829009063,0.154325470748025],[32.6537943120236,0.154985690253367],[32.653275020450145,0.154916170348551],[32.65272462565588,0.155159008540936],[32.65324034914033,0.155926763893276],[32.652894121417916,0.156763268598875],[32.64981190954461,0.157976391004613],[32.64825481582058,0.158192228099267],[32.64728615715011,0.15815739183362298],[32.647286028791086,0.158157387221176],[32.64728602877606,0.1581573872168547],[32.64728556832475,0.158157370657457],[32.64607367088146,0.157808791062024],[32.64548511492946,0.157355672871784],[32.64510102580247,0.155928785424464],[32.64463304338298,0.155769344299539],[32.644307879086185,0.156414637585752],[32.64382058816387,0.156666600819166],[32.64330397279947,0.156519120033544],[32.642817041010716,0.155961822972615],[32.64208160879142,0.156079462579614],[32.6417487455993,0.156620788078694],[32.64382331323594,0.157355763649492],[32.64382396065163,0.15735788209187337],[32.64382396097276,0.157357882205342],[32.643824947453126,0.15736111105613887]]],[[[32.63232965073345,0.15253552921997007],[32.63232996125225,0.152535693900093],[32.633511724902085,0.152549620261759],[32.63351201528454,0.152549695255616],[32.633512268191375,0.152549698187031],[32.633955280174874,0.15266417236377172],[32.6348542117207,0.1528963294464554],[32.63592940985488,0.15282171675481832],[32.63632067523371,0.151314919782101],[32.63608069207384,0.15086209889778],[32.635191470057975,0.1506059995305923],[32.63482545431668,0.15050060508083501],[32.63274517676509,0.15083729234822774],[32.63251055441278,0.150875300008463],[32.632510507435455,0.1508752729413823],[32.632509361495075,0.150875458408718],[32.63199877749677,0.150581606471697],[32.631527086756776,0.15073823278769902],[32.63160904405888,0.15184939874106096],[32.63185587005848,0.151964341715275],[32.63193806075724,0.15216367263848174],[32.63232965073345,0.15253552921997007]]],[[[32.63518123642519,0.149101183712337],[32.635451148255314,0.149027924098175],[32.63548535165414,0.14766840256777355],[32.63451828344057,0.1473554497723743],[32.6339672645352,0.147632527889498],[32.63422574782258,0.147993829388159],[32.6348872091777,0.148424411554942],[32.634955283101206,0.148851123293652],[32.635174529579764,0.1490937702209356],[32.63518123642519,0.149101183712337]]]]}},{"type":"Feature","properties":{"n":"Mpunge","c":"108105","d":"Mukono","od":"Mukono","dc":"108","k":"MPUNGE","a":["MPUNGE"],"lat":0.126714,"lon":32.716849},"geometry":{"type":"MultiPolygon","coordinates":[[[[32.78888207899492,0.11104267166703635],[32.78907681399276,0.10978744081015],[32.788901707270355,0.108924892341338],[32.78890202106312,0.10892405596258808],[32.788901982683136,0.108923866470244],[32.78919103522548,0.10815372174989163],[32.789563609475906,0.107160667674173],[32.78956384318931,0.106670317025488],[32.789972821469554,0.10533711340801],[32.790362465478644,0.10496388857448423],[32.79037897598397,0.10488970952178184],[32.79061497588268,0.103826509262089],[32.79038133642817,0.103377311121778],[32.78989633427144,0.10339605681155833],[32.78989632533019,0.10339605717145348],[32.78864853491714,0.104258763201716],[32.78864800349179,0.1042586845280094],[32.78864798850158,0.104258694896715],[32.7873250173779,0.104062866553173],[32.787324965538815,0.10406281826042103],[32.78732437326471,0.104062730578493],[32.786798438746935,0.103572544133834],[32.78633097217896,0.10231811295435],[32.785884197521405,0.102024394133111],[32.78512388681111,0.10210208323332],[32.784422518855884,0.102415768106924],[32.783779854919196,0.102219704244265],[32.78377923541466,0.10221927751251793],[32.783779214820235,0.102219271222609],[32.78371908691873,0.10217784557580234],[32.78303981692036,0.101709945736383],[32.78270791583584,0.101242780853497],[32.78224141084941,0.101828336708454],[32.78222195639977,0.102572592271752],[32.782630896188586,0.103690114698448],[32.78430566328373,0.105611536940971],[32.785902565590476,0.106846747745579],[32.786350466667145,0.109689619526081],[32.785766423592406,0.110434724695797],[32.7856886661657,0.111532989057407],[32.787284885940494,0.113433562436057],[32.78771346678283,0.113570291983569],[32.78887867026666,0.11105004966984415],[32.78888207899492,0.11104267166703635]]],[[[32.66080597129696,0.12549043015598402],[32.66140935889709,0.126136945565375],[32.66211017441319,0.126450422290576],[32.66259719711484,0.126332997117854],[32.663123071230466,0.125921392369977],[32.66358729192296,0.12576564331454973],[32.6647586388657,0.12537257374182495],[32.665693907491956,0.124725234149517],[32.66629754962421,0.124078424295207],[32.66629799391896,0.12407817324818611],[32.66629803845605,0.124078125540232],[32.666472124443004,0.12397978147168684],[32.66913719778675,0.122473892126724],[32.669137918267026,0.1224738302165366],[32.669138027762266,0.122473768360854],[32.671975683615585,0.12222997474142],[32.67197573063772,0.12222997968682087],[32.67197586743325,0.122229967932111],[32.67429520410682,0.12247392279135355],[32.67429537760461,0.122473941038421],[32.67429537761677,0.12247394104165588],[32.67429553535581,0.122473957633126],[32.677965564346664,0.123449961195765],[32.68201624980935,0.126412671257683],[32.68270867296501,0.127179482857831],[32.68340102669803,0.128294731270569],[32.68405887279107,0.130525563805179],[32.68409348654153,0.13118780381111],[32.68326279663428,0.132721007657968],[32.68315910195828,0.133489090854098],[32.68353953200722,0.134324719043951],[32.685028084568714,0.1363460785118],[32.68651746526053,0.13732228291840692],[32.68736287886602,0.13732229483273603],[32.68824800034483,0.137322288424995],[32.691294910291994,0.136450893185497],[32.694444652787816,0.13524141593517394],[32.69465277513163,0.135161497633705],[32.69465278241169,0.13516149573676745],[32.69465290577236,0.135161448367205],[32.697595880670185,0.134394612162273],[32.703118854261405,0.132313605717138],[32.70635536362263,0.132652033761202],[32.706355494450584,0.13265207201621762],[32.706355536746194,0.132652076436886],[32.70663729730919,0.13273447315522183],[32.70993415725256,0.133698498203845],[32.70993433936894,0.13369864444678936],[32.709934479678104,0.133698685478132],[32.71151399387882,0.13496713727330514],[32.711756345425094,0.1351617502067198],[32.7119361172093,0.1352824130706072],[32.71528752664408,0.137531794395154],[32.71670992696934,0.139038295469167],[32.717565887451066,0.141156769750953],[32.7176265039888,0.141955413713783],[32.71797008183038,0.142569085432469],[32.71784436513324,0.143165777505074],[32.71789892229394,0.14329035059910847],[32.71824320426678,0.14407531387655],[32.718242867075304,0.14407569692279798],[32.71824350276118,0.144077148416167],[32.7180413939512,0.14430584597665885],[32.718029502476625,0.1457162805004139],[32.71820721514076,0.145931242627103],[32.71849597654313,0.1457648567555334],[32.718516667016544,0.145752833916381],[32.71851671393964,0.14575290775623956],[32.71851692772089,0.145752784574335],[32.71862391717845,0.145920342038275],[32.718623517794875,0.1459209781089221],[32.718623557039145,0.145921039865103],[32.71854904714241,0.14603958237645098],[32.718255247045356,0.14650749751023],[32.71787497330032,0.148469461300088],[32.71792242640927,0.150551336442711],[32.71792200205121,0.15055151488145446],[32.71792201357388,0.150552024268509],[32.717579878671735,0.1506953746830102],[32.71723399132262,0.150840817199918],[32.716023133424926,0.151730243902347],[32.71691536163668,0.152414526589275],[32.71961506065244,0.151961803902206],[32.720066083537056,0.15279875546709],[32.72157567894622,0.1535001246046437],[32.72262435314355,0.153987333681299],[32.72511987259657,0.155447369484933],[32.72536224845666,0.156597573615023],[32.7262276937687,0.158340091426837],[32.726954904105426,0.158898153488467],[32.72695501934946,0.15889827035029744],[32.72695502284635,0.158898273032921],[32.729448386167924,0.16142658016802885],[32.732587821884366,0.163053605132343],[32.73494233806887,0.164633799017882],[32.73812396755236,0.166038901635747],[32.74080467384767,0.167561630051582],[32.74426201645514,0.1711313969879829],[32.74485768455034,0.171746414607248],[32.744857706748334,0.1717464576731411],[32.74485806678052,0.171746829412695],[32.74534175160939,0.172681562930065],[32.7492233784396,0.171967175618508],[32.75070770875619,0.166818102670735],[32.75107427835845,0.165992624190995],[32.750910439926535,0.163068947854498],[32.7510489582067,0.16167465675589],[32.751048973868414,0.16167456666541266],[32.75104897386891,0.161674566660403],[32.751048981062766,0.16167452528152676],[32.75137210687255,0.159815816659783],[32.75220302458648,0.158142774427033],[32.75289548437935,0.155633222486008],[32.75331102631637,0.150474783708347],[32.753311134401365,0.15047438732441779],[32.75331114127992,0.150474301946929],[32.753395204128,0.15016607544225788],[32.75395730262766,0.148104671732118],[32.755342227916195,0.146710367036766],[32.75654244183832,0.146942745830434],[32.756496258241704,0.148662256159615],[32.755942332060656,0.1506614097751328],[32.75594234216705,0.15066162332207594],[32.75598861914941,0.15163711067430072],[32.75600209142737,0.15167994264731174],[32.756865915652305,0.154424974417373],[32.75825138991969,0.155354182109347],[32.759866015777,0.155075529937207],[32.7614355901454,0.154053239051313],[32.76226809491004,0.1544570404773773],[32.76227684592979,0.154461270689839],[32.76232062664668,0.15439956625125592],[32.7626534425277,0.153930337679463],[32.762962509249945,0.15299702859996],[32.76481714754697,0.151034153207349],[32.76520312885786,0.15049294127412563],[32.76614834454333,0.149167527385213],[32.766148441484155,0.14916745099896148],[32.766148724486484,0.149167054181204],[32.768001192421174,0.147707259183753],[32.76808304684671,0.146132595430466],[32.768083399005924,0.14613227399517706],[32.76808341984409,0.14613187274658],[32.769259349495705,0.1450589186079017],[32.770231358766814,0.14417171170872],[32.77014611121743,0.143543487898897],[32.77055593110067,0.142484260521022],[32.772996479405805,0.143298840092988],[32.77381793923988,0.143815712777167],[32.77424344989348,0.144329221480162],[32.779504016855725,0.142872017259813],[32.781324188418054,0.143014786744684],[32.78264743551944,0.144334404619872],[32.78392998415985,0.143799646474975],[32.78534117233394,0.142032874861864],[32.787106708272354,0.140499397034402],[32.787799350898844,0.139453616458432],[32.788097415610096,0.13924858475943044],[32.78811405089307,0.139237128235137],[32.78811406662767,0.13923702654165243],[32.78812268039006,0.138599344605032],[32.78826226285045,0.13827922706709758],[32.78830104908776,0.138028549708324],[32.78901483422496,0.1365532846037979],[32.78901495715783,0.13655300267032],[32.78937726982227,0.135196691217937],[32.78846213110275,0.13342365943551932],[32.78844399529882,0.133388540332065],[32.7884439807407,0.13338849409054496],[32.788443948905886,0.133388432412313],[32.78722562585759,0.129519319402675],[32.78722560811069,0.12951852975096706],[32.78722560397726,0.1295185166218],[32.78722462172636,0.1294746403851199],[32.78716851545062,0.126978180556652],[32.78786773096881,0.12599307653699],[32.78813933685886,0.124479626215798],[32.789035217246344,0.123400739068787],[32.78858279346298,0.11997028436566],[32.78783911799774,0.119158510206924],[32.7878390156846,0.11915835881055602],[32.78783901481425,0.119158357861089],[32.78783830290148,0.11915730408026265],[32.78635051152955,0.116955766769807],[32.783583695979345,0.117667853447318],[32.78319703692141,0.11740016704622],[32.7831968583771,0.11739980837584567],[32.783196783148306,0.117399756269696],[32.78297170155489,0.11694750000869913],[32.782474029830844,0.115947747557652],[32.781561654576095,0.11493203858460865],[32.78156155635701,0.11493192924512906],[32.77959866454621,0.113444886221834],[32.77742003975576,0.11345330650805],[32.775299854800785,0.11410881528376632],[32.77403489819237,0.11474555903885392],[32.77403156037947,0.114747490308192],[32.77338687160635,0.11559922044699524],[32.7727858714644,0.116393413809184],[32.77278569596474,0.11639346324137552],[32.77278522196759,0.116394089462394],[32.77146082541254,0.116767221862542],[32.771012998949246,0.117844917704969],[32.77017557744871,0.118844816831663],[32.76853969539945,0.119334951565465],[32.76853674969808,0.11933454450178098],[32.76765842306635,0.119270937775082],[32.76655775805402,0.11906106951971356],[32.76655327396904,0.119060449868254],[32.76655260721162,0.11906008738773317],[32.76655258587975,0.119060083320299],[32.76626249583002,0.11890236926995834],[32.76557954013533,0.118531082607238],[32.76478108108353,0.117766442318181],[32.76441107316915,0.116766536037654],[32.76441097311926,0.113532900053343],[32.76408139846614,0.113238711354165],[32.763437029909824,0.113335862852595],[32.76273625679103,0.113923648292175],[32.76187928307667,0.114081186983391],[32.760632873920855,0.116433305037696],[32.7606327867759,0.11643340738858146],[32.760632786773655,0.116433407392813],[32.76063278427939,0.11643341032070784],[32.76016555905779,0.116982161692604],[32.75905528030751,0.11757131321158264],[32.75888046653447,0.11834554301370054],[32.75876335605404,0.11886432422985],[32.75761432406052,0.121569937068455],[32.7569131043242,0.122020905651689],[32.756912609405006,0.12202097695242256],[32.75691246038642,0.122021072818381],[32.756677856586485,0.12205479671206229],[32.7555501590505,0.12221725891317],[32.75524730974453,0.12265413504535978],[32.75510253221704,0.12286325540213845],[32.755160456735545,0.126275350170225],[32.75488788432023,0.127098811006088],[32.75477097829809,0.128432007379886],[32.754790436167006,0.129431907112455],[32.755179883054204,0.131314086899011],[32.75488780661765,0.133235749047982],[32.75503599226834,0.13425213813614187],[32.75506317546445,0.13426448044572045],[32.755337445094995,0.134388130492705],[32.755413561962065,0.134098139399025],[32.75574463304561,0.133804057780767],[32.75574638683665,0.13380552878361554],[32.755746737296015,0.133805220544918],[32.756854738411306,0.13473516537557598],[32.757497900126396,0.135274621157088],[32.7590163785425,0.135647017063815],[32.76064507115181,0.13568956860174],[32.76074960826391,0.137274353423237],[32.75757495689264,0.137196000699687],[32.75426367339389,0.138083598158618],[32.754261927075355,0.13808251007809777],[32.75426180559536,0.138082542584827],[32.75408037750328,0.13796939179609075],[32.7508564470515,0.135960654073114],[32.7508565284707,0.13595878221177057],[32.75085647843495,0.135958751006103],[32.75109627642031,0.13044687704862568],[32.75122655706978,0.127451670684565],[32.75151849911997,0.12627457446378088],[32.75131058775182,0.12549724049489155],[32.75124591630088,0.12525557496327075],[32.75124591200655,0.1252555673339893],[32.750914748065014,0.12466745486007],[32.75040864395608,0.124216675745632],[32.75017495462205,0.123648101418638],[32.750058104350394,0.122354881741219],[32.749668626198776,0.121942377775127],[32.7496687674863,0.12194121471228306],[32.749668587379325,0.121941023708552],[32.749704640749734,0.1216459100766379],[32.74980436561404,0.120824986305167],[32.749434943509144,0.120393503846351],[32.749348282261764,0.11990422134312705],[32.749240439714725,0.11929694680826054],[32.74879201536409,0.119099505169974],[32.74764327570343,0.118981855753436],[32.74680138242414,0.11833461089373418],[32.746572346667044,0.118158548236271],[32.74657233266942,0.1181585181750947],[32.7465721755015,0.118158397344897],[32.74511151633413,0.115021483259482],[32.74344057878816,0.11311180417031927],[32.74295006767664,0.11255124753446],[32.74294996185803,0.11255108848437313],[32.74294985358631,0.112550964742917],[32.74156723625932,0.110472817253637],[32.740759368062584,0.10822323702584663],[32.73983406183067,0.10686545065440516],[32.73930919923307,0.106473962127142],[32.73868388419787,0.106494146395168],[32.738354163802775,0.106884999522614],[32.73820719696774,0.1075055670661556],[32.73815935476262,0.107707922983706],[32.738159249447726,0.10770802549637794],[32.738159173100925,0.107708347870781],[32.73757492698456,0.10827691472757],[32.73627961367777,0.10879383903004101],[32.73428432778439,0.10959023891682243],[32.733816278210625,0.110845259035812],[32.73325171973643,0.11159035893329],[32.73321271945249,0.11219851241971],[32.73354356731928,0.113315316658646],[32.73439378034463,0.114872897691299],[32.73466065068511,0.115196745630154],[32.735754900494335,0.115777320825768],[32.73567875809142,0.116167547231303],[32.73517439959231,0.116748044814578],[32.73442240474204,0.117328722059917],[32.73286210090639,0.11810888051781455],[32.732861977375705,0.118108942285232],[32.732861977369524,0.1181089422867639],[32.73286160505029,0.118109128447941],[32.731824038440095,0.11836616596607],[32.73144030452875,0.118079825314276],[32.73091506439918,0.117276397814159],[32.73088729226323,0.11726477671329932],[32.730539565064134,0.11711952064985637],[32.73015320649303,0.11811241426515216],[32.7301408887694,0.1181441106962336],[32.73017078243007,0.1185097790365523],[32.73019202894905,0.118765176747498],[32.73019167513745,0.1187653449812913],[32.730191721881944,0.118765916774171],[32.72948642067598,0.11910068625665039],[32.729439976098526,0.11912277017768749],[32.7283560626117,0.120640845333583],[32.72835591638133,0.12064084374544533],[32.72835591350701,0.120640847770916],[32.726959910311635,0.120646445385854],[32.7269057220226,0.12062509388212178],[32.72688636043835,0.120624883605269],[32.72680342800408,0.12058478755104869],[32.72603045076718,0.120280215720996],[32.72566415873296,0.12003397527992901],[32.72566140343485,0.120032643152355],[32.72534132760872,0.119146327458504],[32.72534132059296,0.11914552771699523],[32.725341307652336,0.119145491864208],[32.725338496869526,0.11882364540812758],[32.72532526249463,0.117315030541109],[32.725325319174516,0.11731474389340056],[32.72532531886193,0.117314708100569],[32.725361674185194,0.11713088537039586],[32.72618204812325,0.112982000862861],[32.72610410610584,0.112531380967753],[32.725558998118075,0.111903901448673],[32.725383731347776,0.111433359180245],[32.72546163712492,0.110747156190124],[32.72577309035932,0.110021452779974],[32.725675681316034,0.108727560892201],[32.72450693476814,0.1064529399357841],[32.72450656916643,0.10645255022540331],[32.72384507663651,0.10574746276144631],[32.72373947675285,0.10566467846483697],[32.7214689578196,0.103884845942149],[32.72106038963496,0.10366945196496],[32.720301492017164,0.10357141539198401],[32.720301463962834,0.10357141177062093],[32.71950318051084,0.103649705630172],[32.71884018734656,0.104081124083741],[32.71883992418969,0.10408122100016778],[32.718839870043695,0.104081256262572],[32.71877795921237,0.10410404170069393],[32.717029415354524,0.104748002167797],[32.71667850787617,0.105414335061968],[32.716678011090664,0.10541470044735038],[32.716677928747075,0.105414856871614],[32.716373548507626,0.10563863246037825],[32.71494566109784,0.106688842633528],[32.714614626993104,0.107845133835067],[32.71478951001633,0.108394342715119],[32.7147310827454,0.108923699099947],[32.7143609536535,0.109492369321435],[32.71436067428435,0.10949260195378425],[32.71436062420605,0.109492678872061],[32.714159650254835,0.10965999585863616],[32.71278359810815,0.110805842664473],[32.71210198874695,0.110747017806921],[32.711486258552114,0.1100309016314411],[32.710972770558364,0.1094337788179478],[32.70999873839416,0.109139312890644],[32.709531351918244,0.108766797476702],[32.70910030613771,0.10805288713044599],[32.709100285839966,0.108052853528318],[32.70910028583845,0.10805285351025147],[32.709099573592134,0.108051673867529],[32.70900555645337,0.106923841989467],[32.70900582554386,0.10692318124848317],[32.709005817329285,0.106923083008469],[32.70964966888936,0.10534224956386333],[32.70980401616438,0.104963255979148],[32.71027135503994,0.103335962066597],[32.71029093637722,0.101453811367678],[32.71215237461153,0.09993243554310428],[32.7122570467998,0.09984683613715115],[32.71245252090882,0.099375824677485],[32.71258895440286,0.09755201707286679],[32.71258658312305,0.09753530618537959],[32.7122953643095,0.095493127462853],[32.71165291377844,0.095239260893879],[32.70914213278772,0.096179975788813],[32.70875246608168,0.096905222730793],[32.70828468333454,0.09735699243494796],[32.708284660610374,0.09735704088090974],[32.707954089197834,0.098061989748001],[32.707914968385495,0.098728679585628],[32.70791426596764,0.09872971081155821],[32.70791426596676,0.098729710826387],[32.707914246050755,0.09872974005170862],[32.70744764259601,0.099414764752759],[32.70680499113558,0.099710085661359],[32.70659073970147,0.101022443080934],[32.70624086776468,0.10157035466130335],[32.70624085095896,0.101570380999839],[32.70624085093846,0.10157038101174692],[32.70624026064649,0.101571305429427],[32.70559736567499,0.101944144456745],[32.703182637439156,0.10466910070281],[32.70248154983901,0.10504160658644],[32.70185836398343,0.105002389459071],[32.7007288361613,0.104708291258364],[32.699949857457625,0.104276954804035],[32.69950482687346,0.10297014100586287],[32.699482623836985,0.10290500230249455],[32.69907351610546,0.102512417252246],[32.69878140693885,0.101414487918752],[32.6988593078549,0.100885132798837],[32.69905293440324,0.100648757382484],[32.698664574055606,0.099826412319433],[32.699151444912,0.099120608065413],[32.69915181933287,0.0991203215303219],[32.699151849716415,0.099120277378601],[32.699299249862335,0.09900749656906815],[32.70012547911472,0.09837520362590645],[32.700296801191215,0.0981442089827821],[32.70121558496306,0.096905105404235],[32.700943184492495,0.09137629775336],[32.70119633565048,0.090239156655003],[32.701196370312125,0.089278471442579],[32.70144954670339,0.088631481970082],[32.701818623752935,0.088258772363707],[32.701682525339116,0.087907324479186],[32.70069003858765,0.088023683707863],[32.70026126426667,0.087200520871537],[32.69967913688486,0.08690704029781537],[32.69967911102362,0.0869070272795266],[32.699132071691274,0.087062981563375],[32.69792527053623,0.086299075179814],[32.6974180233521,0.086436021398909],[32.6965567933068,0.08730289229832242],[32.696503328740334,0.087356716011319],[32.69650330948925,0.08735672642228469],[32.69650298732153,0.08735705070013],[32.695452242274214,0.087925195346361],[32.695470814692065,0.088984330620176],[32.69498394370886,0.089827376393977],[32.69309491143493,0.09076846752383],[32.69165418431867,0.09200329455535],[32.69142005040151,0.093336797155206],[32.69103048017691,0.093945018905864],[32.690763213447724,0.09482496492426491],[32.69009608111811,0.097021836805443],[32.69009589240534,0.09702204533159767],[32.69009567081155,0.097022774904526],[32.68925801456374,0.097947921875831],[32.68814827217022,0.098140201795019],[32.687505612636336,0.09796374312437],[32.68625924319181,0.097434372700774],[32.68590870572085,0.097042255072929],[32.68590824363444,0.09704076188406882],[32.68537324902587,0.09561025834665153],[32.684837622483364,0.094846386903486],[32.684623451705775,0.093612036671434],[32.68421444900886,0.093258308460934],[32.684155912499556,0.092493715771642],[32.683883534097205,0.09200380062864934],[32.683883529331034,0.09200379205985099],[32.683299097461614,0.091140922298476],[32.681971547293344,0.08994880383804996],[32.68185821656995,0.089847042982784],[32.68185818886167,0.08984700981001748],[32.68185813033929,0.089846957257874],[32.68113749463305,0.088984206190163],[32.6804948969367,0.087474691536106],[32.68041696273909,0.086905871775907],[32.68055328543098,0.085592393380638],[32.68082589932088,0.084827470947146],[32.68082594312553,0.084082744674317],[32.68115693127999,0.083396292906805],[32.68123492841937,0.082122164345166],[32.68170237735039,0.081552536294916],[32.681760603641536,0.080828725653504],[32.681543510400836,0.080459108487077],[32.68025980328761,0.08159867490616621],[32.68022271390384,0.081631621410506],[32.680222660459364,0.08163164716233627],[32.68022236226043,0.081631911878086],[32.67977445619495,0.081847813915596],[32.67952201913549,0.082238630609851],[32.68024169432988,0.083925893802696],[32.68033906074792,0.084572885487446],[32.68020276504001,0.085298174757945],[32.679151884861284,0.08619993035529],[32.67928741243572,0.087180453495977],[32.67913160797239,0.087866654738247],[32.67868369192249,0.088278667140607],[32.677729789553254,0.090454400245901],[32.677846355944176,0.090925111243821],[32.67850842538498,0.091983981566084],[32.67850851888851,0.091984279668207],[32.678508529930866,0.091984297328046],[32.67871866197493,0.09265424473660741],[32.679443138334285,0.094963975034712],[32.67955997850297,0.095787420324229],[32.679134993475564,0.096400183399079],[32.676755411421375,0.098037233924764],[32.67611569735556,0.097917035250296],[32.675918489905484,0.09770904990276286],[32.67591848703207,0.09770904688125],[32.675918487019764,0.0977090468593272],[32.67591828051167,0.097708829065031],[32.675158634683285,0.096356004639997],[32.673561850311,0.094454547537662],[32.67286073466053,0.094277699792305],[32.67031263390594,0.092868003586246],[32.66987481368476,0.091935257155753],[32.66981750194423,0.091307160806755],[32.66943439326348,0.09075401967046152],[32.669224516873825,0.090451191653664],[32.66922456334823,0.0904510624064216],[32.66922435343423,0.090450759327753],[32.66954511127026,0.08955788923022195],[32.669452197657215,0.08911959482463508],[32.66901944774838,0.087082788382785],[32.66842186936685,0.086626825060695],[32.66799022502449,0.08645213434334346],[32.66720964821433,0.086136369589783],[32.667209569716874,0.08613619545035217],[32.66720936769182,0.086136113688822],[32.666957550872255,0.085791390437608],[32.666786611561434,0.08519790146663413],[32.666539661170304,0.08465006461023156],[32.66603672433215,0.084228209218961],[32.66535858883962,0.08402124706477],[32.66535769000169,0.08402132877498872],[32.66401810765246,0.084201524017422],[32.663855442322,0.08415789286902536],[32.66363835880381,0.084177627174089],[32.6630141167899,0.083932250519919],[32.661364498222206,0.082320172060444],[32.660652021418535,0.081857047781705],[32.6605297610984,0.08112557230157409],[32.66004293105124,0.08070175065395895],[32.65978120608565,0.080677046166349],[32.658897566003624,0.081455368501082],[32.6582353301186,0.08173013575088],[32.65823436987089,0.08173133551796233],[32.65650254644889,0.08418003774161309],[32.656502190701964,0.08418056897813],[32.65621023465172,0.084827343892681],[32.6562297617153,0.085259067733932],[32.65656078834905,0.085788382909476],[32.657261653633796,0.086396023462244],[32.65784587568112,0.087925279526023],[32.65784587890883,0.08792551199051664],[32.65784589100746,0.087925543656847],[32.657846128637196,0.0879434977812961],[32.65786630895504,0.0893969128589],[32.65829409493313,0.089944691576446],[32.6597348847301,0.090591690532393],[32.662305502740026,0.093356132074315],[32.662812058913936,0.094963950263186],[32.66434382848802,0.096788284176585],[32.66434389341829,0.09678838432392876],[32.66434390523136,0.096788398392515],[32.664487850797926,0.09701042174068758],[32.66609859694,0.099494809226414],[32.66686247077352,0.101767070769826],[32.66690143786218,0.10317887355172835],[32.66717400476135,0.10474692383455114],[32.667979488930634,0.105936800460975],[32.66877095303622,0.107825273173282],[32.66999779573374,0.109785886983533],[32.67046517322432,0.111060269658921],[32.670582011793336,0.11192292714887],[32.6703288575275,0.113001142341708],[32.669978271365046,0.114079558107105],[32.66945244781514,0.114981417732598],[32.666232661657105,0.11778168145135588],[32.66616129553194,0.11784375218814203],[32.665129037085464,0.11903976810499],[32.6643503125177,0.119451440906734],[32.66376580130546,0.120255313026649],[32.66277258521786,0.121078743614301],[32.66039667201481,0.121980575831766],[32.659520317003434,0.12211780834165],[32.65885604177139,0.12176375265303228],[32.65819648360324,0.121412253178624],[32.65819643319482,0.12141218427064089],[32.65819605726657,0.121411983902588],[32.656755893155804,0.11944297541288272],[32.65661910509885,0.119255987029287],[32.656619102858755,0.11925595418787477],[32.65661864491283,0.119255328079086],[32.65655933774985,0.118391748999614],[32.656034299128166,0.117824306100609],[32.65506069368204,0.117608418487528],[32.6546527375068,0.1171194771964493],[32.65465272477893,0.117119461958646],[32.65465272477872,0.11711946194166648],[32.65465181232695,0.117118368355208],[32.65463229427128,0.11543289863407168],[32.654632288851154,0.115432451195842],[32.65463228908331,0.11543245062981357],[32.654632285896014,0.115432175392876],[32.65500155265782,0.114528792664154],[32.65476815914332,0.114039828372522],[32.65303505076337,0.112687611221334],[32.65233577462493,0.112746414697431],[32.652217737114945,0.11311993241329954],[32.65222158256324,0.11313800025933783],[32.65233458258683,0.11366801263071],[32.653202692296944,0.11500285959268015],[32.653405062435965,0.115314024825878],[32.65340506883786,0.11531404343000999],[32.65340530137103,0.11531440098412],[32.65349802548416,0.11558417866790248],[32.653579895367294,0.115822095387554],[32.65357983448146,0.11582219918987384],[32.65358058395432,0.115824379755906],[32.65357196231252,0.11583562020140835],[32.65321086665319,0.116451240755307],[32.65239572240214,0.11736914025562588],[32.6523926740433,0.117373114546396],[32.64881043497123,0.118902311236872],[32.64873207540067,0.119353042325661],[32.649023179489674,0.119627360646383],[32.65299568939226,0.120784345665381],[32.654593268328426,0.120255204991781],[32.656345969073314,0.120921823742572],[32.65768970417848,0.12182370741238],[32.65952029420313,0.123470616481155],[32.65979314826911,0.124137411863065],[32.660805953503825,0.125490411087041],[32.66080597129696,0.12549043015598402]]],[[[32.65520510834822,0.0793584072530487],[32.65506980714205,0.078519492731484],[32.65506983890798,0.07851922021452386],[32.65506982073813,0.07851911204794],[32.6552051974873,0.077357221059745],[32.65520530465701,0.07735707202431802],[32.655205409044015,0.077356176497777],[32.65590396917273,0.076385346496414],[32.65576223120712,0.075357315662457],[32.6559049975641,0.074379358163892],[32.6560368802652,0.07409988580006167],[32.65668261688219,0.07273135255519399],[32.65634729144807,0.07243049388385375],[32.65615071864095,0.07225492693481239],[32.655007901882456,0.074129805644294],[32.654846189544614,0.075081036824759],[32.65496034026306,0.075738027903556],[32.654361820371406,0.07750753898286869],[32.654378743096615,0.0778554456825381],[32.654731841950536,0.07895482660368],[32.654753981684074,0.0789738600493258],[32.65520510834822,0.0793584072530487]]],[[[32.64227224832321,0.07187214802098471],[32.64227243321614,0.071874661960151],[32.64266621161938,0.07270834498665718],[32.64381940082616,0.07350492043026652],[32.64456950779556,0.073381185793787],[32.644626080092735,0.07178191175488385],[32.64463290949907,0.07158715204392395],[32.64400351181238,0.070625496489659],[32.643301140283974,0.070108521137677],[32.64329361285368,0.07010965686892649],[32.64251895248497,0.07029061316706477],[32.64228562272961,0.0703919104429046],[32.642177927991376,0.07058970000516693],[32.64218831679976,0.0707309538201286],[32.64228516788856,0.070941949810258],[32.64227224832321,0.07187214802098471]]]]}},{"type":"Feature","properties":{"n":"Nakisunga","c":"108106","d":"Mukono","od":"Mukono","dc":"108","k":"NAKISUNGA","a":["NAKISUNGA"],"lat":0.283314,"lon":32.792161},"geometry":{"type":"Polygon","coordinates":[[[32.695483338520326,0.288454975933365],[32.69988405136526,0.28907142016326],[32.703462455554536,0.290400659751611],[32.70537616728565,0.291286899340001],[32.70843302659629,0.291948590636384],[32.709454810874725,0.291537982057795],[32.71173768607825,0.291716352554761],[32.71361217671349,0.292415324811491],[32.71555598907811,0.292365996747971],[32.71917200835319,0.293194359554009],[32.72326648818563,0.294850988698678],[32.72659571529569,0.295698606043324],[32.72866266900131,0.295737288259386],[32.73030741028244,0.296083894660666],[32.73160819528756,0.29654609366034],[32.732565747480855,0.297509750265446],[32.73445970807151,0.300032885269361],[32.736143629782134,0.301959385065948],[32.73744463060579,0.303153619837181],[32.73993182297696,0.304694584114087],[32.74188382681693,0.306197528545792],[32.743395213028876,0.308489612989487],[32.745729472786635,0.314884940456337],[32.74752803082159,0.317312112647943],[32.75085995478979,0.319448495059516],[32.75578391829305,0.320187871834646],[32.75697247078626,0.320885013961626],[32.75973011697069,0.322057784567278],[32.761211593409506,0.32320744977309],[32.76137560166628,0.323124321949295],[32.76445026820303,0.32683700029441],[32.76355467982685,0.328566467549159],[32.76242599056451,0.329546747907993],[32.76277985953018,0.329782040572559],[32.76386775539447,0.331513463139334],[32.76582172819504,0.332889385995679],[32.76908891569529,0.334663397032922],[32.77030998122546,0.335120137329055],[32.771496263914436,0.336279165345563],[32.773135750564535,0.336665619222191],[32.7742176241719,0.337649075722698],[32.775801707421174,0.338492002632604],[32.77578888582778,0.338983603784259],[32.7769368752327,0.342104227561371],[32.77768308535207,0.343221498051836],[32.77868775713031,0.343944124969035],[32.77959655663495,0.34519607984566],[32.78128499165613,0.346790927948931],[32.78222323455324,0.34711114173698],[32.78422031832788,0.347274298622878],[32.78540667937262,0.348020545543335],[32.785717603358265,0.347986854091051],[32.78606797179681,0.34951206670738],[32.78696738555303,0.35146085422491],[32.78762000713112,0.353794653824159],[32.788962485403864,0.354131898310166],[32.794554079485515,0.356530227780381],[32.79497308877734,0.355530504816631],[32.79554391905291,0.355505165803505],[32.79506863260942,0.353350771783919],[32.79559111581928,0.352130798785969],[32.79609096514903,0.35169899997328],[32.796661922645804,0.350597677295345],[32.79735124094277,0.350119154757041],[32.79813604393583,0.349041934637801],[32.79906318855168,0.348730894723731],[32.79939876442462,0.348188979007115],[32.80053123080827,0.348371086743148],[32.803015098038806,0.348085583935318],[32.8038813819859,0.347857124279762],[32.80430021236607,0.34749552517478],[32.80565195435984,0.346819653328122],[32.80880151627257,0.346296293387995],[32.81152922866608,0.346469862595569],[32.81358743597381,0.346840086206151],[32.81504482610899,0.346731429459587],[32.81991511126961,0.345458811464321],[32.82124588580905,0.345761041806166],[32.82219654677462,0.346695251152246],[32.823874196991376,0.349158237619352],[32.82424269481951,0.349871667191145],[32.82445310148111,0.351568880857024],[32.82285994771821,0.352887286037084],[32.82075548944704,0.353936852385889],[32.820919764862055,0.354165841257917],[32.82166927694181,0.354508506075882],[32.822698560032755,0.355448195806894],[32.823226350749344,0.355228135501559],[32.824017821638066,0.355879053157273],[32.82548118993679,0.356671410825934],[32.82634488619412,0.356946834378146],[32.8273122978411,0.358259235677006],[32.82835925802277,0.358913586058594],[32.831797578049525,0.3593894763793],[32.833803605197744,0.359313045078795],[32.83640500924822,0.360974201309359],[32.838751955521666,0.361894668158499],[32.84188621933682,0.36371400411939],[32.84197327951133,0.363444210261385],[32.842273063659725,0.363515607318428],[32.8473142775317,0.365738191676687],[32.84588835547788,0.369042959495387],[32.84649507628739,0.369692523404802],[32.84907207104428,0.371327232718863],[32.850761292554836,0.371728487237193],[32.85128611261576,0.371613382616991],[32.852727086413346,0.372390918429671],[32.8560386430382,0.373604208096674],[32.85682424919813,0.374225358303228],[32.85951486641666,0.375643990815019],[32.860174157846885,0.375372480405749],[32.86109284107984,0.373850402226263],[32.862711433870295,0.37309009238863],[32.86445701357341,0.372995114663995],[32.86413076468953,0.370489246866531],[32.864334363772045,0.369467980930649],[32.86467197690081,0.3690445312813775],[32.86477511735195,0.3666723009052904],[32.86470251165591,0.366508681524428],[32.86453898774266,0.365721302572354],[32.86480427485484,0.364680513137868],[32.8650492230102,0.360193166367511],[32.8644370231041,0.357895139392527],[32.863947161070726,0.357361072244896],[32.86341685933399,0.356166593931598],[32.86415119009327,0.35452713626761],[32.86486562983316,0.353848740988205],[32.86555967339851,0.348422734416427],[32.86576349905172,0.343125133188614],[32.86579856864995,0.3431329210511558],[32.8658,0.3431],[32.87104325825931,0.33927158920748496],[32.87190509363136,0.338255476774125],[32.872283167518525,0.3383662586372665],[32.87837583051203,0.33391764756264486],[32.87831581953355,0.33374752217397957],[32.87402809511553,0.3259810779451106],[32.87364192640296,0.325533141847788],[32.87304997346394,0.324283518964643],[32.872927637864564,0.32189625223528],[32.873131663068925,0.319680862567283],[32.87284612821782,0.318447429918536],[32.87309088477121,0.317336106791293],[32.87378482142547,0.315897576824175],[32.874254123114696,0.312224926518027],[32.874703260563166,0.311482384625539],[32.8755602675017,0.307990742250523],[32.875703468105186,0.30781708317118606],[32.8868,0.2882],[32.886917443399,0.2880875424056738],[32.88903737551518,0.285426616693655],[32.89365688808951,0.281201533768707],[32.89509583820593,0.2802563436046953],[32.89581689812398,0.27956589472090804],[32.898969519298745,0.275709674596996],[32.90119415626794,0.273266850933746],[32.90610639302701,0.26971321799772413],[32.908,0.2679],[32.9028,0.2532],[32.90280567315772,0.25318493067480385],[32.90279525649968,0.253171707811134],[32.902903290212436,0.25192339792811],[32.904927376880906,0.247283432161846],[32.9050894038052,0.24711877114243883],[32.90521299005215,0.2467904951739777],[32.90439627755217,0.245207935600927],[32.904475938164374,0.243305888702989],[32.90390241061443,0.243340206697949],[32.90106755672655,0.242208618340244],[32.901943931653676,0.241944957596374],[32.901763714903204,0.24179246286074],[32.90127357156642,0.240096536758025],[32.901501758075455,0.23813834434860462],[32.89661487518924,0.23100977206504833],[32.895535381233685,0.230063073449467],[32.895159550451936,0.22888686717301288],[32.8951,0.2288],[32.89509664902598,0.22834594302085975],[32.89493676704237,0.226032352503634],[32.89506350783659,0.22385531185819377],[32.89503016331661,0.21933712940054784],[32.89499488547174,0.219236649185956],[32.89502287926255,0.21835014007565612],[32.89499721989381,0.2148732956110641],[32.89472498247391,0.212443602679675],[32.894860005009136,0.201656215079985],[32.89484709285138,0.20158649011750537],[32.88940998671165,0.18992142603588819],[32.8879773491331,0.189944726584969],[32.88608774934389,0.190759900407505],[32.883659146421834,0.192063880023628],[32.88316410526793,0.192639460336593],[32.88316382733275,0.19263968147006774],[32.88316382733019,0.192639681473039],[32.883163808818125,0.19263969620085314],[32.88135301337683,0.194080418764052],[32.88135265117528,0.19408061510606803],[32.881352629688244,0.194080632200701],[32.881118237502236,0.19420768593984383],[32.880403605612315,0.194595073198089],[32.87700035333107,0.195933181237744],[32.87615880189229,0.19649310392318697],[32.874459448700925,0.19762378623891194],[32.874152631144035,0.198020575841155],[32.874137494228535,0.199197562452746],[32.87375812176529,0.200433434263885],[32.87393445668637,0.200844039074113],[32.87486779604013,0.200888600635783],[32.875043067818034,0.201138575269837],[32.875028456078255,0.201594415848203],[32.87502834120656,0.20159488798519],[32.875028340173884,0.201594920387936],[32.87502085660011,0.20162565065121726],[32.87485312778729,0.202315036991542],[32.87485288470221,0.20231540407659504],[32.87485285416201,0.202315529485701],[32.87399892248716,0.20360498037682428],[32.87345081069854,0.2044326890974486],[32.87288641032116,0.2055603330378081],[32.872502178204094,0.206328026153203],[32.87254538939927,0.206917448311178],[32.872794151012606,0.20807946899499],[32.87320251550012,0.208505318216701],[32.87371091666477,0.20869562151339047],[32.87371247590263,0.20869620458896074],[32.87658806589478,0.20815073375400972],[32.87680832404673,0.208108898659728],[32.87680836961544,0.2081089443282643],[32.87681037119894,0.208108564647771],[32.877306976617795,0.208608521295079],[32.87751145843797,0.209093772726331],[32.87758448535009,0.210343421153635],[32.87796423306276,0.211578848937768],[32.87762212510877,0.21237592203883962],[32.877453269862166,0.212769414000685],[32.877453201869315,0.21276949421028035],[32.877453074518876,0.212769790922493],[32.8769756332252,0.21333287089168587],[32.876942138566,0.213372383766283],[32.876942114022526,0.213372402435901],[32.8769417823696,0.213372793577435],[32.876342926852814,0.21382862893211],[32.876006990799766,0.213608060764021],[32.875305842051084,0.21234339845490857],[32.875295129799454,0.21233182011614446],[32.873917068350785,0.2108432998287448],[32.8739170363833,0.21084329247285558],[32.87340683869698,0.210726149204554],[32.87276443630981,0.210931836226814],[32.87121633606068,0.211990403474743],[32.869930760120276,0.21385804266894526],[32.8698600828149,0.21401432981250407],[32.86911275851934,0.21566695560166918],[32.86883533089879,0.21713687474700158],[32.86871843297921,0.21912246909844196],[32.86871843469265,0.2191225104959438],[32.86874765904277,0.219828033552053],[32.86876474776221,0.21988805991350768],[32.869080291516234,0.220994923797421],[32.869079990607,0.22099539162506948],[32.8690802640399,0.220996352093885],[32.8687622157436,0.2214896509784],[32.86809046894632,0.222018903833587],[32.86784476724278,0.22212321676956212],[32.86750586661301,0.222357254861943],[32.866880968997485,0.22253239840406258],[32.866878007272945,0.222533655807563],[32.866453615452755,0.222210888165905],[32.86597680376702,0.222410449555195],[32.86594488887136,0.22257350641462],[32.86590398514164,0.2225695359089214],[32.86476438461986,0.225106407399667],[32.862875080838336,0.227008421794908],[32.859610204651666,0.229914885712462],[32.857341961454196,0.229970118222046],[32.855128678379,0.230404862752152],[32.85329323872415,0.232524316373018],[32.850540462057864,0.234860848496304],[32.84789496840583,0.235785022739659],[32.8456815935898,0.238176290832212],[32.83858286466712,0.246789942038899],[32.83766498202666,0.249235655334874],[32.83345492616542,0.255158054422322],[32.829891717768696,0.255159077431597],[32.82719247598641,0.255484896157583],[32.82373758393207,0.25369166476137],[32.82206403254031,0.255213393531638],[32.81838350944222,0.259181677715384],[32.8185220617699,0.260082614927318],[32.81780359488541,0.260553743552149],[32.817470538398005,0.261143712783275],[32.81711810398854,0.262667192191702],[32.81614647384164,0.264808432791147],[32.815267129084376,0.264847925082542],[32.81465318383985,0.262114674274017],[32.81337800967419,0.263066307792505],[32.81110302911967,0.264227632232322],[32.809924270534054,0.265167885780658],[32.80915244088134,0.266153329367563],[32.808777424351675,0.266268344917449],[32.80673210704973,0.266571026428042],[32.80575250199883,0.266310613562899],[32.79774116336352,0.266132389813247],[32.794169741383094,0.266625587225064],[32.79460579344398,0.26765132966124],[32.793077411211755,0.268188212796149],[32.78852825309874,0.269120918075702],[32.785310859447634,0.269254243072763],[32.783177805666185,0.269728559629161],[32.780551013378414,0.271788011032262],[32.77823007855107,0.272114113810866],[32.77480217526638,0.273282480033999],[32.77366852700676,0.274315021539148],[32.77301784225951,0.276974293055442],[32.7709693977844,0.275401860753948],[32.7694039222565,0.273608447788894],[32.767838452169265,0.272793235116681],[32.76513968717809,0.273010529208767],[32.76341192916301,0.272901714426715],[32.76163049441163,0.271923585662671],[32.759632987384606,0.271597424143889],[32.75612478267277,0.270727992205959],[32.752912404908386,0.269124611519761],[32.75096915907546,0.268852851915224],[32.74961554723295,0.26888581668716943],[32.74961474248504,0.268904432240039],[32.74331957059724,0.269039144587986],[32.7433195447955,0.2690391444566236],[32.74331954157368,0.269039144535085],[32.73729295344445,0.26900846173080345],[32.72431947874071,0.268942410866545],[32.71714403353946,0.269154133599071],[32.706887561994776,0.269115686128815],[32.70549079350197,0.2697901634048673],[32.69667225624068,0.27943318880695367],[32.69617277827752,0.279979366852084],[32.689781936127275,0.28664399848338],[32.68978162168845,0.2866443604497274],[32.68744741145115,0.289379352106295],[32.69268984342899,0.288531994010427],[32.695483338520326,0.288454975933365]]]}},{"type":"Feature","properties":{"n":"Nama","c":"108107","d":"Mukono","od":"Mukono","dc":"108","k":"NAMA","a":["NAMA"],"lat":0.404887,"lon":32.79151},"geometry":{"type":"MultiPolygon","coordinates":[[[[32.72460792792437,0.43743594433308],[32.7246079863777,0.437435983537114],[32.72460833888606,0.437436098169312],[32.72656944616573,0.438751499781526],[32.72812147271901,0.44019686317793],[32.728251085768015,0.4403592766034238],[32.72986702390327,0.44238387455867484],[32.731225542314455,0.442814161557801],[32.73262238571503,0.44363452158731],[32.73343731747613,0.44504065561643],[32.73479522523184,0.445783031935904],[32.735435390860154,0.447364803503346],[32.73659881141918,0.44838020009334806],[32.7365988234806,0.4483802106175424],[32.7386559122931,0.44924019771686],[32.74280685582846,0.452560005711216],[32.744476262952595,0.45271698849318],[32.744476361285066,0.45271701606447207],[32.74447641099507,0.452717020722706],[32.74754070711436,0.453576188809989],[32.74754078222325,0.4535762443938974],[32.74754133232587,0.453576398636336],[32.74886071095475,0.454553020747547],[32.74975365542302,0.454943504777605],[32.750897771328574,0.454728817637606],[32.752023093397185,0.454025819407104],[32.7531871539613,0.453908633167645],[32.75485501160854,0.453323000740494],[32.75609675649376,0.45207343773756],[32.75648068654175,0.4510777776043081],[32.75648219991023,0.4510658770629402],[32.75665675330955,0.449688287462285],[32.757127340618275,0.449341050378942],[32.75678524363396,0.447822787170236],[32.75743164238536,0.44561533472345555],[32.7575798302146,0.4451088471822153],[32.75692243184674,0.444786018862629],[32.75692193471231,0.4447854133606587],[32.75692185656191,0.444785375326633],[32.7543515755696,0.4416547560687243],[32.75352238085813,0.440644809860518],[32.75104953844572,0.438442478829425],[32.75024112014468,0.437939741462502],[32.74992123262286,0.43748349567163],[32.75872484533582,0.434051150259409],[32.760014128963384,0.433804108314859],[32.761384404053,0.433004712808269],[32.76170834757072,0.432547841641103],[32.76248788308831,0.432098302764466],[32.76379892007703,0.43197556375238244],[32.76379895371443,0.431975560597792],[32.76379895372451,0.4319755606023122],[32.763800137000246,0.431975449824282],[32.76541052706831,0.432698150202253],[32.76633989030776,0.43382377964363306],[32.766339997152635,0.43382380423147565],[32.76709267396083,0.433996905860823],[32.77049892099514,0.433736743734385],[32.77049985812276,0.43373716307533905],[32.770499858140674,0.433737163073973],[32.77049986765495,0.4337371673407523],[32.77108086812577,0.4339971503842],[32.77147415704928,0.434580473976964],[32.77149278059799,0.434909400114381],[32.77286113936199,0.436487671849589],[32.77654622333337,0.43781554459169264],[32.776546287924546,0.43781556786596554],[32.78007756820651,0.438597019917998],[32.78261908815678,0.438772773576211],[32.784323068768295,0.4381311487100767],[32.78434143560223,0.4381242315367467],[32.78550293909959,0.437476870102753],[32.78674895923602,0.4364141190580694],[32.78679710242892,0.436373056041985],[32.786797106385855,0.4363730535629867],[32.7867972412463,0.436372938538299],[32.78804169804164,0.435591511136101],[32.788666827438604,0.43646909603844986],[32.78888828574593,0.4366565991645384],[32.790758875472804,0.438240228471594],[32.79232865673355,0.440610273988857],[32.79663192081236,0.443482729037607],[32.79663213725373,0.4434830661730938],[32.79663217178221,0.443483089221523],[32.79789201212698,0.445445473766107],[32.79789202992183,0.4454455123104301],[32.797892060549565,0.445445560017093],[32.79867665105227,0.447144978247511],[32.80075885185025,0.450394502294373],[32.80241129770465,0.452000739359323],[32.80296099066677,0.4530245707110354],[32.802961084427466,0.4530246773403039],[32.80538749650838,0.45578407700599],[32.809171002044295,0.457925833150538],[32.809814068766826,0.45873522475682266],[32.81352400205574,0.46101237001780193],[32.81871242061663,0.463374691493545],[32.820058340276695,0.46384456246451733],[32.82135130243211,0.464295933281583],[32.824443578998306,0.463433106287123],[32.82805880544393,0.46300497238888],[32.828292384797194,0.463127916446217],[32.835622176858784,0.460376029393729],[32.83709699998004,0.460063439961343],[32.84553664413261,0.4546925115947],[32.84774853888817,0.452114271915381],[32.849430313773865,0.449334331712785],[32.85103986598142,0.449059462900832],[32.8517514761822,0.448235798781768],[32.852746697751606,0.447591724022955],[32.85438337224683,0.447018509511354],[32.856802105451976,0.445514724034442],[32.85790493551375,0.445335795512074],[32.8588918252766,0.44574300224833],[32.85890835841105,0.445087290412276],[32.859265083541445,0.444922759501459],[32.859401799137316,0.444443635575415],[32.85990656015806,0.444137967160038],[32.860278732970585,0.444230332997475],[32.85977178713834,0.443866254737242],[32.858451302515455,0.443773093399128],[32.85832281391251,0.443023955210082],[32.857994522725036,0.442403028584351],[32.85781599296564,0.442160213576654],[32.85725222225599,0.441995878161345],[32.85716639826957,0.441574865371994],[32.85678807366864,0.441624834355477],[32.85674540393517,0.442287771647583],[32.85658725526493,0.442352007106779],[32.85631011745697,0.441961508992765],[32.8563668766982,0.441574737341223],[32.855956496845835,0.440035451443706],[32.85577799150803,0.439971110749982],[32.85564390053163,0.440166481874254],[32.85510756249887,0.439586799642194],[32.855442445842804,0.439136017216364],[32.8554424071358,0.438657548853461],[32.85534968437637,0.438543437525912],[32.85508003011631,0.438700461226641],[32.85498562281071,0.438436359798496],[32.85435165327397,0.438586197855017],[32.85395770373711,0.43846491223046],[32.85367455631878,0.438919823768464],[32.8532884224591,0.438713755240323],[32.85343611286323,0.43832283226389],[32.85374353955496,0.438100848042916],[32.853293795033984,0.437793570073945],[32.85316534030812,0.437401294179987],[32.85302971691081,0.437515502432887],[32.8531141351774,0.43787360330284],[32.852801457258735,0.437972236139435],[32.85263794508974,0.43726811839265],[32.85302970696953,0.437051512273819],[32.85255857836297,0.437058651592333],[32.85228537942534,0.437308109038194],[32.85176233132441,0.436978700448198],[32.85178551999951,0.436827556483305],[32.85213304519293,0.436807013640816],[32.85216874575712,0.436357423777078],[32.851677641040986,0.436179043402989],[32.85171152264207,0.435930593479468],[32.85213297929176,0.43560767269797],[32.85179040735215,0.435393622829622],[32.851312004347115,0.435514192143157],[32.85119791677624,0.434865380246659],[32.85063362834493,0.434764951988922],[32.85000606718581,0.434180491351286],[32.84987020947853,0.432832923444626],[32.850091466515565,0.432645338501012],[32.84933574111011,0.43163319508451],[32.849513256492884,0.43105348117361],[32.84917223892694,0.430694100613006],[32.84939808985089,0.430497049619318],[32.84944914077245,0.430653747573339],[32.85002722439042,0.430582340031795],[32.85012142738132,0.430267582053223],[32.85044777394077,0.430061724724572],[32.8510551518185,0.430082653903894],[32.85114794646969,0.429975585226291],[32.85074808221516,0.429603809027233],[32.85074133751442,0.429361567562263],[32.85110525791246,0.429311647708473],[32.85137282995267,0.429076173700354],[32.851768986927624,0.429147528252432],[32.85203310635535,0.428369446188253],[32.85192609927888,0.42806261380969],[32.85146918152674,0.427719862725964],[32.85136673741471,0.427818149629133],[32.85077701908305,0.427483903007481],[32.850676959730855,0.427241817337931],[32.85083420577312,0.426370320413125],[32.85095498147989,0.426226075562814],[32.8512550284413,0.426427799248011],[32.85149772833424,0.426063749085648],[32.851305452319046,0.425690511139862],[32.85166904738835,0.425071519344061],[32.850526400622115,0.42429841424767],[32.85092665683529,0.422330378399801],[32.8506268528361,0.422166198078656],[32.850319981181016,0.422473054034673],[32.85039792316723,0.423287592983959],[32.849998404633105,0.423407729846854],[32.84979950644284,0.423052441628714],[32.849991534781566,0.422658854787847],[32.849798793968425,0.42179500134449],[32.84944085769537,0.421979781926334],[32.84862810640175,0.421587991587954],[32.848387280552714,0.422064459712637],[32.84813567525234,0.422016071637248],[32.847857878686405,0.421567929968263],[32.848042751559994,0.421116852223445],[32.84779302339557,0.420988373959778],[32.84753412972083,0.421072298749725],[32.84723603422626,0.4205450111786],[32.8472105680929,0.420254210926422],[32.847657279884565,0.420317346193261],[32.84760730970145,0.419803393386597],[32.846187410148175,0.419552291766777],[32.84630097962274,0.418841827430182],[32.846864919558584,0.418832564230219],[32.8465589913035,0.418512833060806],[32.84668008890008,0.418282680849396],[32.84726178498115,0.418083790769568],[32.847507375787615,0.418282905812823],[32.84826969357516,0.417997440962493],[32.848435206164126,0.418336358988939],[32.84899929364928,0.417804639546254],[32.848362587173106,0.417710538694656],[32.84799992234647,0.416862382465527],[32.84767053291044,0.416960798389526],[32.847521650880026,0.416455491880901],[32.8470143499394,0.41620447043962],[32.846952014485325,0.416047094699554],[32.84737835437195,0.415478446754395],[32.84800705632935,0.415234826418561],[32.847238358284216,0.415106638363501],[32.847550199064415,0.414856487063221],[32.8470299427378,0.414625458418082],[32.847393159030254,0.414221176858311],[32.8470295271039,0.414284969678485],[32.84660075319252,0.413956503868695],[32.84672961241947,0.413735799726902],[32.847236116064394,0.413750034176247],[32.847321771909165,0.413600134652708],[32.846758201715254,0.413314680617176],[32.84658115810694,0.412844367788373],[32.8466793215916,0.412457998989004],[32.8460608133452,0.412613955585748],[32.84576322980124,0.41234140499544],[32.845333689557,0.412292569689582],[32.8453587182877,0.411853611579385],[32.844503679950044,0.41100095754213],[32.84451639102964,0.410261752066736],[32.844214054259666,0.410359439461628],[32.843959597509574,0.40975493013973],[32.843604189203454,0.409855339119683],[32.843396405506894,0.409470564805035],[32.84348759901555,0.409228101897405],[32.84377399741085,0.409105329034568],[32.84377399788576,0.408834077057211],[32.84328210358701,0.408784354485876],[32.843079759121075,0.4085353991211],[32.84325192368643,0.407900412116163],[32.84370261571992,0.407806140936591],[32.84377399643068,0.40749919845034],[32.8432756458143,0.407583139780074],[32.843331418906104,0.407220800324439],[32.8430748193662,0.406707846382141],[32.84317437295261,0.406414165693606],[32.842668416167015,0.405851108104102],[32.84337424797857,0.405429061116805],[32.84334569801538,0.405307717962805],[32.84286221053638,0.405407762345894],[32.842810490051086,0.405237423896931],[32.84321720504613,0.404850851856452],[32.843245757134625,0.404536770757195],[32.842659619498896,0.404750174486945],[32.842297245265186,0.404103266672516],[32.8428245935874,0.403887170531811],[32.84278176227054,0.403665887220432],[32.84209035621645,0.403687414820117],[32.84183254824964,0.403286803384255],[32.84238201194123,0.402687924211525],[32.84240342752131,0.402166825888221],[32.842060271663996,0.401966004076624],[32.84191767555934,0.401433817010004],[32.84235345941808,0.401281659504984],[32.842712337795064,0.400333746114285],[32.842553715981964,0.399958657355981],[32.84208981970718,0.399712340881643],[32.84212252923769,0.398929435649007],[32.84231298974252,0.398294776088441],[32.84278452305392,0.398197845978062],[32.84278172142152,0.397900858549427],[32.84322710140845,0.397423332828554],[32.843052212553154,0.397016451673282],[32.84283279788556,0.396894788381036],[32.843419840032034,0.396559589158772],[32.843205920355565,0.396329893679462],[32.84323070376504,0.395974960518979],[32.843692080022294,0.39556429311597],[32.84458595922111,0.395842178796078],[32.844813755361116,0.39537252307971],[32.845108808758674,0.395375677142874],[32.84526512031762,0.395595902020686],[32.84578621267298,0.395424587157348],[32.84556099442435,0.395095126473022],[32.84555758339645,0.394747130522571],[32.84586473747334,0.394871356203766],[32.84634710098433,0.393532673493165],[32.84719961247737,0.393143871003242],[32.84717863235029,0.392876057183187],[32.84770643857104,0.391776874289145],[32.8474208377362,0.391567960454114],[32.84761006953727,0.391355707866001],[32.84763813006933,0.390336699661928],[32.848020527043666,0.390070797876453],[32.84815342302086,0.389694990785148],[32.848338190406274,0.389835227268497],[32.84850593805174,0.389692464154186],[32.84847843251129,0.388472540136148],[32.849309004549234,0.387947128479316],[32.84970974971431,0.386598573364067],[32.85108493992745,0.385196498935561],[32.85205960069433,0.38351071361127],[32.85542607028368,0.37990633373127],[32.85729426031577,0.377490864448589],[32.85894543921873,0.375841125653626],[32.85951485361043,0.37564399684099],[32.859514435651995,0.37564376369361663],[32.85682424919813,0.374225358303228],[32.85647101839878,0.3739460715624055],[32.85551277614656,0.3734115407386561],[32.852727086413346,0.372390918429671],[32.8518285416255,0.3719060721729139],[32.85128608888352,0.37161338782199455],[32.850761292554836,0.371728487237193],[32.84907207104428,0.371327232718863],[32.84649507628739,0.369692523404802],[32.846407798446805,0.36959908250999884],[32.846166941047,0.369442855521658],[32.8458902899818,0.3690450306027357],[32.84588835547788,0.369042959495387],[32.84731420785018,0.36573835317305414],[32.8423092349385,0.3635315546121655],[32.842273063659725,0.363515607318428],[32.84197327951133,0.363444210261385],[32.84188621933682,0.36371400411939],[32.84188016317157,0.3637104887167669],[32.84188011964397,0.363710613690158],[32.83921585842205,0.36216394837190957],[32.838751955521666,0.361894668158499],[32.83640500924822,0.360974201309359],[32.833803605197744,0.359313045078795],[32.831797578049525,0.3593894763793],[32.82835925802277,0.358913586058594],[32.8273122978411,0.358259235677006],[32.82634488619412,0.356946834378146],[32.82548118993679,0.356671410825934],[32.824017821638066,0.355879053157273],[32.823226350749344,0.355228135501559],[32.822698560032755,0.355448195806894],[32.82166927694181,0.354508506075882],[32.820919764862055,0.354165841257917],[32.82075548944704,0.353936852385889],[32.82285994771821,0.352887286037084],[32.82445310148111,0.351568880857024],[32.82424269481951,0.349871667191145],[32.8238742082017,0.3491582593230762],[32.82387419697859,0.34915823760058906],[32.82219654677462,0.346695251152246],[32.82124588580905,0.345761041806166],[32.819915115143374,0.3454588123440869],[32.81943879450936,0.3455832742545987],[32.81504482610899,0.346731429459587],[32.813588039172636,0.34684004123423834],[32.81358788885365,0.346840052443122],[32.81358788884678,0.34684005244188776],[32.81358743597381,0.346840086206151],[32.81152922866608,0.346469862595569],[32.80880154246981,0.34629629505497206],[32.80713357237352,0.34657345416251734],[32.80565195435984,0.346819653328122],[32.80430021236607,0.34749552517478],[32.8038813819859,0.347857124279762],[32.803015098038806,0.348085583935318],[32.8030149934646,0.3480855959553761],[32.803014935982944,0.34808561112603],[32.80053161613147,0.348371069541475],[32.80053151812076,0.3483710537186277],[32.80053123080827,0.348371086743148],[32.79939876442462,0.348188979007115],[32.79906318855168,0.348730894723731],[32.79870087125971,0.3488524454909286],[32.798135971780276,0.34904203367846276],[32.79783977106779,0.3494485985994018],[32.797351998553836,0.350118315821487],[32.797351702077464,0.35011852180383357],[32.79735124094277,0.350119154757041],[32.79680420625877,0.35049890447017223],[32.796661856769965,0.35059780436356436],[32.796245392564046,0.3514011241853035],[32.79609129371978,0.351698485449689],[32.796091181779765,0.35169858211320104],[32.79609096514903,0.35169899997328],[32.79559123290485,0.35213069764067095],[32.79545478445964,0.35244912590996497],[32.79506863260942,0.353350771783919],[32.79554391905291,0.355505165803505],[32.79497308877734,0.355530504816631],[32.794554079485515,0.356530227780381],[32.788984197833166,0.3541412111390842],[32.78896246366475,0.35413189284907576],[32.78896037818692,0.3541313689553829],[32.78418756356187,0.352992997955554],[32.783614738170336,0.35405181654674],[32.782619532146434,0.354298063321646],[32.77638671126494,0.357178085964989],[32.77342031086524,0.35796118761444],[32.773579725102074,0.359002987844549],[32.772180969371625,0.360168834156772],[32.77185736535598,0.360915983728028],[32.77182632073835,0.361125524673033],[32.77203355623544,0.361402578138217],[32.77202493095019,0.36222173585313],[32.77143261180661,0.36428410325616],[32.770697879971856,0.365616868975682],[32.769729025662706,0.369463370770966],[32.769552417240526,0.372987986208642],[32.76911288802832,0.374107924713982],[32.768011544910635,0.375415605725703],[32.76757979973356,0.376218430020396],[32.767180543332636,0.378678145844718],[32.76700226100546,0.378795520578999],[32.76726979538475,0.379421406572248],[32.76679918270686,0.379525069580672],[32.76399890128453,0.379170971812164],[32.761755226515895,0.378827850648558],[32.76135864831004,0.378573283538424],[32.76016725011322,0.379355760149826],[32.75939633564783,0.379505803112008],[32.75676236163848,0.379049009335545],[32.75594822896734,0.378527835043777],[32.75430649189137,0.37956639372676],[32.75342206979514,0.380587444530273],[32.75457296326388,0.382501954422345],[32.754733997709664,0.383188000631508],[32.75504799328517,0.383452168794094],[32.75511589992028,0.384076726345785],[32.755445047111124,0.384124897659399],[32.75699258476839,0.3871639646681],[32.7573496269907,0.387569126737829],[32.76098584429847,0.394230766200396],[32.76176706696752,0.394768712010602],[32.76029249696869,0.395192357727674],[32.757779325569,0.395335190666572],[32.750291299114835,0.395021106593467],[32.74860081518973,0.395494175969093],[32.74597164164596,0.396529163006733],[32.74339576921927,0.396571878978454],[32.74190275473071,0.396767122112334],[32.74090813174879,0.398849747937096],[32.73982158118332,0.402833949713921],[32.739840861586714,0.404923643550109],[32.73914239116671,0.406798894089375],[32.739025928119354,0.408556696387032],[32.740131547292854,0.412521299909883],[32.74005402089774,0.413459064912752],[32.74040314894292,0.416115319882789],[32.74199371792691,0.418537067934462],[32.74214837439924,0.420140150589687],[32.74108195773843,0.422111409309622],[32.73937489355485,0.424103102766391],[32.73669726291131,0.424923774843514],[32.734912439683924,0.426642205562366],[32.733748239126754,0.426993979539733],[32.73134247744388,0.428204832307912],[32.72845164253102,0.430646125166839],[32.72693828045943,0.432989429299679],[32.7234460482702,0.434395929333768],[32.72113576930059,0.436606608821926],[32.72163291702562,0.43667268145887855],[32.722694541070254,0.436813750236895],[32.72269466950832,0.4368137920036722],[32.722694710107056,0.436813797399383],[32.72460792792437,0.43743594433308]]],[[[32.787420127362545,0.353744455291606],[32.78742012693738,0.353744457141033],[32.78742012739968,0.353744455300432],[32.787420127362545,0.353744455291606]]]]}},{"type":"Feature","properties":{"n":"Ntenjeru-Kisoga Town Council","c":"108108","d":"Mukono","od":"Mukono","dc":"108","k":"NTENJERUKISOGATOWNCOUNCIL","a":["KISOGA","NTENJERU","NTENJERUKISOGA","NTENJERUKISOGATOWNCOUNCIL"],"lat":0.220338,"lon":32.811071},"geometry":{"type":"MultiPolygon","coordinates":[[[[32.74477785284487,0.196646649315824],[32.74477786120641,0.19664666012391135],[32.74477806759868,0.196646851573715],[32.74670412348223,0.199136527913505],[32.74853704281356,0.201891668173054],[32.74978001054662,0.202620468470751],[32.751240854849634,0.20452315468004084],[32.75165494328531,0.20506247839717],[32.751654944832026,0.20506248888374964],[32.75165564908385,0.205063406141142],[32.75236180592085,0.209854874310697],[32.752771374584135,0.216948605624014],[32.752411245996235,0.216867199019398],[32.75434453866643,0.21797817270987682],[32.75434678787991,0.21797945842848568],[32.754983951433,0.21819306973457542],[32.75542954048647,0.218342394168287],[32.755429712476165,0.2183425126808556],[32.75542984206001,0.218342556124292],[32.75543032982633,0.21834293807699445],[32.75746669925857,0.21974613474616206],[32.75789259067099,0.2199903138072],[32.757963561466525,0.22008850651043577],[32.758089092900875,0.22017500618371],[32.758215250913324,0.22043673520044074],[32.758404184583966,0.220698137199851],[32.75920133913412,0.222482762668213],[32.75907675079804,0.22253301808502052],[32.759129937765124,0.22301807096467133],[32.76040301243281,0.223279996091487],[32.760533879441844,0.223517939529046],[32.76053936079751,0.2236317686579969],[32.760652753879086,0.223922455042253],[32.76056873647417,0.22424180163015955],[32.76058143615452,0.22450553083169],[32.760359003216266,0.22503898883615167],[32.76017705082779,0.225730582137269],[32.7588588449901,0.22863679867485237],[32.75885760763758,0.228639766201211],[32.759103546290895,0.229453290553538],[32.759996233932625,0.230371806825348],[32.76090820746447,0.230975233992517],[32.76247263256231,0.231369205183396],[32.764907199538165,0.233066446247156],[32.76444747174828,0.234064645200699],[32.76374132069966,0.236651186238778],[32.76469747441505,0.237123804062524],[32.76469733614345,0.23712706018681315],[32.76469734166467,0.237127062915534],[32.76469188326299,0.23725546874329811],[32.764574701613846,0.240014950913946],[32.76330013932922,0.242443519159375],[32.76338166547264,0.24361286892377865],[32.76339510052139,0.24380540933754646],[32.763733248396946,0.244974694453739],[32.76349454709801,0.245427016345831],[32.76016638496946,0.246743296492435],[32.75985714321069,0.24707801398195756],[32.759857135527305,0.2470780223115545],[32.757716493916504,0.251363428538009],[32.7546491082308,0.255648190762782],[32.752984557205394,0.257012672696724],[32.752984465489035,0.25701273387906676],[32.75298445566931,0.25701274192871],[32.75101154888904,0.258328831226838],[32.75101154888775,0.2583288312273556],[32.75101121044984,0.258329056993229],[32.7488031071011,0.259218028256064],[32.74898997908341,0.260627091728623],[32.74976674951613,0.26309679109752],[32.74983575554114,0.2637913822971096],[32.74983575961412,0.263791423247169],[32.7498357596127,0.2637914232800486],[32.74983577186167,0.263791546574],[32.74970283802429,0.2668665926245673],[32.74961555878784,0.26888581640577097],[32.75096915907546,0.268852851915224],[32.752912404908386,0.269124611519761],[32.75612470142876,0.2707279516549761],[32.75963299960191,0.2715974261387833],[32.76163049441163,0.271923585662671],[32.76341192916301,0.272901714426715],[32.76513968717809,0.273010529208767],[32.767838452169265,0.272793235116681],[32.7694039222565,0.273608447788894],[32.7709693977844,0.275401860753948],[32.77301784225951,0.276974293055442],[32.77366852700676,0.274315021539148],[32.77480217526638,0.273282480033999],[32.77823007855107,0.272114113810866],[32.780551013378414,0.271788011032262],[32.783177805666185,0.269728559629161],[32.785310859447634,0.269254243072763],[32.7885282355481,0.2691209188029798],[32.7890480813556,0.26901433867186625],[32.793077411211755,0.268188212796149],[32.79460579344398,0.26765132966124],[32.794169741383094,0.266625587225064],[32.79774116336352,0.266132389813247],[32.80575250199883,0.266310613562899],[32.80673210704973,0.266571026428042],[32.808777424351675,0.266268344917449],[32.80915244088134,0.266153329367563],[32.809924270534054,0.265167885780658],[32.81110302911967,0.264227632232322],[32.81337796602437,0.263066330074717],[32.813380597349834,0.2630643766689437],[32.81465318383985,0.262114674274017],[32.81466690760339,0.26217577172224144],[32.81526755466165,0.2648479059694221],[32.81608301818215,0.26481128265108483],[32.8161465547691,0.2648082544463728],[32.81709970467946,0.2627077398710168],[32.81711812220654,0.2626671134402042],[32.817470538398005,0.261143712783275],[32.817470762678774,0.2611433154970565],[32.81747076268319,0.261143315477956],[32.81747077961597,0.26114328549487126],[32.81780359488541,0.260553743552149],[32.81780379359101,0.26055361325262105],[32.81780381548914,0.260553574477311],[32.81781674945574,0.2605451175531501],[32.8185220617699,0.260082614927318],[32.81838350944222,0.259181677715384],[32.82206394555538,0.25521348731747323],[32.82206396014018,0.255213471592249],[32.82206396014086,0.25521347159162816],[32.82206403254031,0.255213393531638],[32.82373758393207,0.25369166476137],[32.82719247598641,0.255484896157583],[32.829891717768696,0.255159077431597],[32.83345492616542,0.255158054422322],[32.83766498202666,0.249235655334874],[32.83858286466712,0.246789942038899],[32.8456815935898,0.238176290832212],[32.84789496840583,0.235785022739659],[32.850540462057864,0.234860848496304],[32.85329323872415,0.232524316373018],[32.855128678379,0.230404862752152],[32.857341961454196,0.229970118222046],[32.859610204651666,0.229914885712462],[32.86216357356315,0.22764182107382727],[32.86287514175398,0.22700836046944364],[32.86476438461986,0.225106407399667],[32.86590398514164,0.2225695359089214],[32.86553423446677,0.222533644385783],[32.8652266210013,0.22204782053497932],[32.86518573967264,0.2220207431729364],[32.86467243213998,0.221680869999039],[32.86413204327391,0.221577835233717],[32.864000592751914,0.221401382179026],[32.86397101065057,0.220239625415621],[32.86271505712808,0.2185631676402905],[32.859896958425004,0.21565254699537534],[32.85890306876403,0.21528423045978],[32.85864014007393,0.215034134268572],[32.8585963461564,0.214696052093153],[32.858598034208434,0.21469474175597292],[32.85859802036949,0.214694631745018],[32.859808021004135,0.21375546150040764],[32.85985487762111,0.213035394278154],[32.8591625680054,0.212012209646674],[32.858239338905335,0.21103624094988],[32.858266548023614,0.210573592941246],[32.85854592889427,0.210513752032691],[32.86072978905514,0.212058006016466],[32.862053527906625,0.212234347254657],[32.86333981400447,0.2119395331670313],[32.863365180177965,0.21191754216779277],[32.86404026668153,0.2113320715124039],[32.86452191257951,0.21044634924066322],[32.865500532226854,0.208646512224294],[32.865617518982575,0.205254691694452],[32.86748702644281,0.202822979859068],[32.8674870078508,0.201941007696268],[32.8672104320841,0.20116747311853078],[32.867136931911666,0.20096192484105824],[32.86655281685167,0.200334097293794],[32.86516982790124,0.199804285334775],[32.86378691643395,0.199647323577347],[32.863163723526895,0.199098351886598],[32.86298894319113,0.19709203735777941],[32.862968998833466,0.196863554789161],[32.86296901837967,0.19686331918690203],[32.862969000274205,0.196863111353103],[32.863104418909714,0.195228602186002],[32.863104695281635,0.1952279233094269],[32.86310469698767,0.195227902745548],[32.86310472019316,0.19522786211706372],[32.863309820816795,0.194724055474928],[32.86349450468179,0.1945454221785856],[32.86367081671847,0.194236732687407],[32.86414641141636,0.19391487305667088],[32.86414785611047,0.193913475693279],[32.86470604277258,0.194259583446727],[32.86503518144398,0.194103723615803],[32.865833376301715,0.194573580853958],[32.86684575881255,0.194750037632477],[32.867995263007856,0.194553956981007],[32.86914341506681,0.194025001705144],[32.870585260260526,0.192024905970548],[32.87158556327219,0.19104475172135552],[32.872045589246035,0.19059395653399377],[32.87286373251955,0.188731064841705],[32.87288324081195,0.187829474178646],[32.872551852483156,0.187143061526969],[32.871889636960816,0.186849047510583],[32.870749580765754,0.18699705532185032],[32.87068335713057,0.1870056574220903],[32.86795588996625,0.188260696607063],[32.866690305762376,0.189103584576006],[32.86579442985192,0.19002503890015],[32.86503491169329,0.190299514800739],[32.86472329494476,0.189789634552972],[32.8647232682789,0.1897892468998294],[32.86472326396687,0.189789239854944],[32.86454809893206,0.188574536404871],[32.86454806599821,0.18724225510373543],[32.86441179986633,0.18526129504663022],[32.86441178390095,0.18526113660587695],[32.86396384491159,0.18361383450944],[32.864061222338144,0.182947233215925],[32.864587041353296,0.182770785236623],[32.86628123925975,0.182946397471201],[32.86765235788545,0.18057844693464434],[32.86772219822546,0.180457777800866],[32.86772226530763,0.18045771535479058],[32.86772244439475,0.18045740606758],[32.86875470870181,0.179496596790371],[32.87005953306374,0.178888817337057],[32.87229914527415,0.178320227499096],[32.8729998076829,0.177984830570362],[32.87292192596351,0.17730005083715683],[32.87275275478642,0.1770392494798536],[32.87196806554569,0.175830141554331],[32.87161756286054,0.174457843539062],[32.87150065201299,0.172517138936043],[32.8706048170041,0.171144253722864],[32.870604751960684,0.17114410243359068],[32.870604751958474,0.171144102430204],[32.87060472003835,0.1711440281830742],[32.87004012349508,0.16983079147363],[32.86978703565424,0.16879200962169894],[32.869787018959755,0.168791941103724],[32.86978701895953,0.16879194109937826],[32.869786985506714,0.168791803794586],[32.86973949124774,0.16789311916589714],[32.86968957833318,0.16694918938928],[32.86968960055676,0.1669490893386738],[32.86968958619391,0.166948817565229],[32.87001992046704,0.165459160293225],[32.868676050633425,0.1642623043949114],[32.86862416388965,0.16424105540039716],[32.86752787215547,0.163792218119006],[32.86676794677191,0.163831516450918],[32.8650941909415,0.16473275111754668],[32.86509411130108,0.16473280196078882],[32.86452873789374,0.165380163810047],[32.863965617844116,0.16577853112537494],[32.86380885172235,0.165889441253626],[32.86380882938099,0.16588944779256057],[32.863808165875746,0.165889917175249],[32.863204441717535,0.166066365994047],[32.86146393819091,0.16584503493970254],[32.86135463514845,0.165831144024181],[32.861354583170396,0.16583112881333362],[32.86135448124435,0.165831115851912],[32.8596797655904,0.165342223602401],[32.85944565549337,0.16575315795987672],[32.85941270675194,0.1658901802043235],[32.858861515432025,0.168183795929026],[32.85759570851076,0.168302081925385],[32.856933491464076,0.169360147943584],[32.85576549494725,0.169791361018577],[32.855764024741326,0.16979341437521042],[32.8550835189962,0.17114395257326548],[32.855083476506515,0.171144063267995],[32.85504450916237,0.171711792062002],[32.85595971574323,0.173026485041864],[32.855862315525144,0.176183058925006],[32.85459644865823,0.176594772279489],[32.85395402558783,0.176281234724191],[32.853272082953154,0.176203198581788],[32.85262988672439,0.176790754150135],[32.8526293755479,0.17679475269244468],[32.85259063667946,0.17821785066284315],[32.85259107726899,0.178222838479428],[32.8537262905417,0.17979821006198465],[32.85403164055316,0.180221904759373],[32.85442108091308,0.181064845051839],[32.8550054034823,0.183025730885904],[32.855219442739255,0.18396607440141638],[32.85521947738405,0.183966200298555],[32.85521947829888,0.1839662306262978],[32.85521957939313,0.183966674765963],[32.85525850908776,0.18526014871749952],[32.8552585098449,0.185260173817622],[32.855258509843424,0.1852601738250152],[32.855258521193846,0.185260550953018],[32.85508325719293,0.186280101554807],[32.85471319861103,0.18798591619323],[32.853310996825954,0.191201310188564],[32.852512478436516,0.193691265862521],[32.85068182332268,0.195514613050923],[32.84892774917739,0.19492594539250135],[32.848812678878744,0.19488734822374493],[32.84781890466007,0.194828309207852],[32.84781789780065,0.19482764810835745],[32.84781789777628,0.194827648106897],[32.84781788399617,0.1948276390443967],[32.847371097950365,0.194534281279978],[32.84702040637594,0.19367145178171],[32.846202751797016,0.192579184096266],[32.845520995113105,0.192436413286576],[32.84446932158679,0.191769876820095],[32.84048351169158,0.190935618152786],[32.83774162052522,0.192134596973916],[32.83602810386539,0.194361787959492],[32.83200646906293,0.19395444099618406],[32.8319058207746,0.19394425653092168],[32.83071714559688,0.196646074031104],[32.82894644966011,0.19744584295848],[32.824104869440575,0.2008294418628],[32.822934169811006,0.198974521718043],[32.82106814453712,0.19796800640665],[32.81964209518533,0.196879055160267],[32.818164243182615,0.196140623234592],[32.816497718378415,0.194563540916255],[32.814475690071056,0.193590404939964],[32.81222354468112,0.190740677649875],[32.81046947701724,0.18977921600686],[32.80637951964212,0.188199255045409],[32.805035575483686,0.18798039117629847],[32.80336017236089,0.18953957938120894],[32.801638128476185,0.191845125207306],[32.79798193864476,0.191572434918854],[32.79697796037681,0.1916000825702551],[32.79634369690313,0.191617557196874],[32.79634366408532,0.19161754988335528],[32.79634338762905,0.191617557496435],[32.79566107503611,0.1914654334537611],[32.79560614027329,0.191453191124368],[32.795606136772136,0.1914531847705335],[32.79560393687044,0.191452694294551],[32.79510461933839,0.190543061275274],[32.79434106647827,0.188471812786512],[32.79305915679479,0.187155626895102],[32.78914584930206,0.186518115979031],[32.78659506906079,0.185467686904278],[32.78608281846996,0.18507496530324488],[32.78553219744968,0.18497625823283118],[32.783250978699684,0.184567345110729],[32.77637397207886,0.181591333979143],[32.77346354355368,0.184180697678242],[32.77200843950572,0.187077550654352],[32.771365618804204,0.18586376531836737],[32.769975456763234,0.18480603279494154],[32.76972432637727,0.18461495782157],[32.76561184248829,0.183236483859003],[32.765376359895725,0.183157556175974],[32.765376115068655,0.18315775414584307],[32.765312880215966,0.183285069713221],[32.76475892573371,0.183656847610362],[32.763466369576776,0.184168038952042],[32.76258928565809,0.184075079426428],[32.76166533608387,0.182448113174408],[32.760558147756484,0.181797883619735],[32.75931177846535,0.181379577115175],[32.75788073466038,0.180403651280796],[32.75691132527899,0.180031925370474],[32.755803444006034,0.180078302216041],[32.75428083298144,0.180449885235134],[32.75332474779305,0.18132019129098867],[32.753312359837416,0.18133147460310675],[32.753356878395415,0.182634491724605],[32.75345339647553,0.18294073843463088],[32.75487879886129,0.187462761510966],[32.75487858959196,0.18746280002701035],[32.75488008164379,0.187467534227724],[32.75409846675421,0.18760638172545413],[32.754097664151985,0.187606529444486],[32.75409765920042,0.1876065251807854],[32.75409532488517,0.187606939852813],[32.75280279137174,0.186491561778474],[32.751971882985764,0.185190675839954],[32.75118687453429,0.18491145694223],[32.74929685087054,0.18478864617785518],[32.748325569829525,0.18472554430671115],[32.74708154645618,0.184957348433616],[32.746847820202895,0.186212634471721],[32.745370625282476,0.186352030855055],[32.74430891307744,0.184911343527871],[32.74324724820388,0.181658486950553],[32.74266322006382,0.180735940109177],[32.74200431702193,0.180806776000538],[32.74061983086149,0.181503627903958],[32.73965120305762,0.18150361800632683],[32.73965118849209,0.181503618009034],[32.73965118848112,0.18150361800617787],[32.73965054845732,0.181503617999638],[32.737057497824985,0.18082847863693027],[32.7369733645776,0.180806578697769],[32.73697333567484,0.18080656576731394],[32.73697309751298,0.180806503758326],[32.736142295389115,0.180434986810021],[32.73489645547456,0.180713729589307],[32.73466486504342,0.18117849915813],[32.734526272298055,0.182107767171459],[32.73452463345848,0.1821087570690942],[32.73452460796117,0.182108926236723],[32.73244931639336,0.183362314868203],[32.732449251203455,0.1833623367440898],[32.73244918207112,0.183362378501644],[32.73175660660148,0.183594791736074],[32.73110987945785,0.183595003999051],[32.73033885212066,0.183913314695042],[32.73033854384355,0.18391362325818972],[32.73079068499621,0.18430473414677997],[32.73164729649314,0.185045689440133],[32.734702263059084,0.187044864905553],[32.73890328575876,0.191197394519436],[32.73940842051009,0.1916659583246958],[32.74477785284487,0.196646649315824]]],[[[32.84367376239203,0.1894400583014919],[32.84481576169301,0.19070182933061877],[32.846562323762505,0.19193496330674048],[32.847769761026086,0.19263091778889413],[32.84776989510521,0.19263098925165165],[32.849141328883796,0.19305991993981061],[32.85053807795548,0.19292601341843407],[32.85106492707404,0.19252322317948634],[32.85120341673065,0.19241726419179755],[32.851336998585175,0.191974143228696],[32.849873159822195,0.185931927513982],[32.84987316230401,0.18593184249101338],[32.84987315736,0.185931823007521],[32.84989972267882,0.185021103990454],[32.84989974982953,0.18502099615101025],[32.849899755311895,0.18502080833406],[32.8501108395466,0.1841825726278591],[32.850139226189725,0.1840698242208257],[32.85005947716195,0.183533965028457],[32.8483032659817,0.18193430534891317],[32.84797155346551,0.18163225983454223],[32.84738436272553,0.182381132379702],[32.84678530680796,0.18274307635069],[32.84585382429988,0.183707613518294],[32.84412033595468,0.1862686004350284],[32.843804334654855,0.18673545384747137],[32.843391546045815,0.18758044685074815],[32.84331176059883,0.18869140077319413],[32.843312109308854,0.1886927014633823],[32.84367376239203,0.1894400583014919]]]]}},{"type":"Feature","properties":{"n":"Goma Division","c":"108201","d":"Mukono","od":"Mukono","dc":"108","k":"GOMADIVISION","a":["GOMA","GOMADIVISION"],"lat":0.380066,"lon":32.703215},"geometry":{"type":"Polygon","coordinates":[[[32.66541605217693,0.436329734115746],[32.66545579075287,0.438862210721493],[32.665822005033334,0.439659557204839],[32.66578630254448,0.4436479496690455],[32.6658,0.4437],[32.66527734850882,0.4457218360316457],[32.665267521664475,0.446063882703338],[32.66496292616205,0.4469381540573197],[32.66227650880852,0.4573303475038965],[32.66221125034799,0.458187097324402],[32.6624758478609,0.4588356788856299],[32.67142665214144,0.4670308957918421],[32.67365109974284,0.468591824767081],[32.677029922377166,0.471495820500458],[32.67734960548528,0.472093239446707],[32.6822360874808,0.46899992168284743],[32.68494127177139,0.467287436044676],[32.686448797660276,0.466073515901822],[32.69173915989469,0.463539779483943],[32.6933064844779,0.462235131903142],[32.69589895087119,0.458927644570554],[32.69745135215311,0.458032527248933],[32.699802528027796,0.457243620481658],[32.70100804191589,0.4565155640515646],[32.70100807728642,0.45651554268915906],[32.70230446852587,0.455544405685323],[32.70435430320502,0.45332930975133],[32.707247770612376,0.451903233132212],[32.70833337595432,0.450294870668622],[32.70833353382169,0.4502947325956605],[32.708333595953725,0.450294640526237],[32.71029646484731,0.44857792625164583],[32.71109147343969,0.447882600854511],[32.712899603223114,0.44588049504484845],[32.71289972067136,0.44588036499565287],[32.71374429492277,0.444271546627959],[32.71374467278949,0.44427119457771747],[32.71374471527984,0.44427111364275],[32.7154870960184,0.44264781658375063],[32.716577736768265,0.441631690212574],[32.71950968259113,0.438162601033995],[32.71950987132773,0.43816242043322207],[32.7195099524655,0.438162324431084],[32.723445407810466,0.434396535623502],[32.72344541964647,0.43439653085661867],[32.7234460482702,0.434395929333768],[32.72693828045943,0.432989429299679],[32.72845164253102,0.430646125166839],[32.73042412863348,0.4289803724063339],[32.73134202161056,0.428205206086046],[32.73134205435612,0.42820518960300724],[32.73134247744388,0.428204832307912],[32.733748239126754,0.426993979539733],[32.734912439683924,0.426642205562366],[32.73669726291131,0.424923774843514],[32.73937489355485,0.424103102766391],[32.74108195773843,0.422111409309622],[32.74111302216673,0.4220539870773751],[32.742148373362625,0.42014013984467596],[32.74199371792691,0.418537067934462],[32.74040314894292,0.416115319882789],[32.74005402089774,0.413459064912752],[32.740131547292854,0.412521299909883],[32.739025928119354,0.408556696387032],[32.739025986297314,0.40855581829429244],[32.73902598235741,0.408555804162677],[32.73903217186562,0.40846245815626],[32.73914239116671,0.406798894089375],[32.739840861586714,0.404923643550109],[32.73982158118332,0.402833949713921],[32.739821757766464,0.4028333022126389],[32.73982175772901,0.402833298116083],[32.73983705857159,0.4027771966829996],[32.74090813174879,0.398849747937096],[32.74190275473071,0.396767122112334],[32.74339576921927,0.396571878978454],[32.74597164164596,0.396529163006733],[32.74860081518973,0.395494175969093],[32.748600873721536,0.3954941595894033],[32.74860093847777,0.395494134097637],[32.748734841508515,0.3954566696988464],[32.750291299114835,0.395021106593467],[32.75634521295717,0.3952750370422266],[32.757779354636355,0.3953351890145653],[32.760292435573945,0.39519236121696716],[32.76176673803846,0.394768485511786],[32.76098584429847,0.394230766200396],[32.7573496269907,0.387569126737829],[32.75699258476839,0.3871639646681],[32.755445047111124,0.384124897659399],[32.75511589992028,0.384076726345785],[32.75504799328517,0.383452168794094],[32.754733997709664,0.383188000631508],[32.754733876650754,0.383187484890885],[32.75449032533262,0.384083754943196],[32.75365133763151,0.383812617808977],[32.7529295201419,0.384301444806533],[32.7523859362488,0.38392314281538],[32.75209326521964,0.383894589374378],[32.75110816836629,0.384065909008141],[32.749644568428785,0.384701220684956],[32.745525955177925,0.385008175404116],[32.7442160739895,0.386179457698521],[32.74294372344812,0.388169232881265],[32.742260550798775,0.391210301413693],[32.742461288062465,0.392157835327567],[32.742341458414245,0.39255176085954],[32.742440947745244,0.393479099400892],[32.74230061116515,0.395796936716372],[32.738864957662166,0.394957571961198],[32.73860118322689,0.3954672880878],[32.73811097126494,0.395183851485334],[32.738210372183616,0.39489982881955],[32.73806528850705,0.39475906426343],[32.73718987804191,0.394518986184635],[32.73660746038247,0.394151685718767],[32.73559756416496,0.393868326521858],[32.73543317916873,0.394072147296468],[32.73220637440238,0.392974157784588],[32.731503408318005,0.39286890045676],[32.73122164505181,0.390276793663858],[32.73070443308875,0.38995278932698],[32.72977766997294,0.388765890935027],[32.72732902457451,0.387386284364463],[32.72789126802657,0.384833053685534],[32.72901872036153,0.382733184774158],[32.72980797673377,0.379668870607795],[32.728920015105764,0.378355272595381],[32.72816545860599,0.376797577446771],[32.72964649961881,0.375457608576912],[32.729769915859436,0.375096938788712],[32.72994705081769,0.371261894908517],[32.72986514054002,0.368739133537468],[32.73121545666727,0.3642591762531],[32.731446582884516,0.362557813274758],[32.732309070594916,0.360531842786049],[32.734220341402235,0.353219017689377],[32.734718380493256,0.350632569579664],[32.73632257372046,0.347812429553916],[32.7362214418987,0.346599101331244],[32.73644460083332,0.34600942530358],[32.737094238911446,0.346272182234228],[32.73705925423093,0.344692546143834],[32.738899365682016,0.339440303676962],[32.739497280907074,0.338328231040012],[32.74031887024995,0.333986701468608],[32.74064743459031,0.333118389816421],[32.740607607074594,0.332618823386722],[32.7397199624729,0.330370641657838],[32.74001366507603,0.329569788400474],[32.73812140982724,0.328442328259746],[32.73577549230062,0.329615521210815],[32.734432809857694,0.329360474350479],[32.73136373372001,0.328111371476793],[32.72910333937926,0.326398265722984],[32.72728894960044,0.325310903627639],[32.72699115102293,0.32478589658099],[32.726744859299075,0.323173979115591],[32.72688867103621,0.321664849718235],[32.72894689213307,0.318501685127208],[32.7303402276018,0.314360531910102],[32.72597899449128,0.309776463970583],[32.71994687185895,0.306528366408828],[32.71387964886404,0.302495421093706],[32.710375027678275,0.29838767840524],[32.7114524931197,0.294821605535409],[32.71361216623514,0.292415333745591],[32.713380679547186,0.292329002642835],[32.71173772455142,0.29171636690088526],[32.70945479986093,0.2915379864837372],[32.70843302659629,0.291948590636384],[32.70537616728565,0.291286899340001],[32.703462455554536,0.290400659751611],[32.69988408263713,0.28907143177955924],[32.69944170423479,0.2890094569437099],[32.69548336975043,0.28845498030802347],[32.6949460896119,0.28846978815836544],[32.6926898445144,0.28853199398050167],[32.68744740059905,0.289379364391437],[32.68706603916855,0.28977179209628157],[32.6871,0.2898],[32.68595521016591,0.31458315289489264],[32.685905435856576,0.316137953613765],[32.685813982437985,0.3176405423560608],[32.68435270530055,0.3492752176827776],[32.6845587734332,0.352597712691672],[32.684239717965255,0.356272790334468],[32.68628763498088,0.357290333041441],[32.684206959657075,0.36245068408956],[32.683802763997264,0.363294242014793],[32.68370400393719,0.3633187255759605],[32.68355579779073,0.36652718836816656],[32.68365788523254,0.367498393029544],[32.68348218338907,0.36812084068534195],[32.6834,0.3699],[32.68318581676482,0.37022618731229223],[32.68293470293489,0.370737926931676],[32.681992640456016,0.3720433182046011],[32.67646356724709,0.38046374162369706],[32.67608828906074,0.382344524934414],[32.67572904228268,0.383204170637371],[32.675084673420514,0.383991474313159],[32.6729870442418,0.385773715321918],[32.67249417677052,0.3865228575362709],[32.67249345709869,0.38652568241635493],[32.67291030754394,0.387556002534022],[32.67415323474956,0.389120657338507],[32.67415152669385,0.389908326188857],[32.67486069349354,0.391083775863289],[32.674544435342554,0.393563830638356],[32.67438825876066,0.394124512390213],[32.6725962371548,0.39710079168851],[32.67214105703233,0.398168515228859],[32.670338246520245,0.400827904387624],[32.669432120599566,0.401651406232435],[32.66885832115319,0.402755138857424],[32.66832935136173,0.404682131085708],[32.667618279987934,0.4056618916361335],[32.66656313503849,0.409803582091931],[32.666715243694064,0.411567238903859],[32.666176448554445,0.412915025137801],[32.666197475189456,0.413819742169011],[32.66670964807821,0.415346310042158],[32.6666116547707,0.415897851358073],[32.66382355237012,0.422928811274657],[32.661835618825414,0.428512126548209],[32.66182254947742,0.42858568801420766],[32.66264244415503,0.43170128778913325],[32.66520436469474,0.435542277401666],[32.66541605217693,0.436329734115746]]]}},{"type":"Feature","properties":{"n":"Mukono Central Division","c":"108202","d":"Mukono","od":"Mukono","dc":"108","k":"MUKONOCENTRALDIVISION","a":["CENTRAL","CENTRALDIVISION","MUKONO","MUKONOCENTRAL","MUKONOCENTRALDIVISION"],"lat":0.344318,"lon":32.758075},"geometry":{"type":"Polygon","coordinates":[[[32.71994687185972,0.30652836640924247],[32.72597899449128,0.309776463970583],[32.7303402276018,0.314360531910102],[32.72894689213307,0.318501685127208],[32.72688867103621,0.321664849718235],[32.726744859299075,0.323173979115591],[32.72699115102293,0.32478589658099],[32.72728894960044,0.325310903627639],[32.72910333937926,0.326398265722984],[32.73136373372001,0.328111371476793],[32.73410382784857,0.3292265798641412],[32.73576056912269,0.3296126865050391],[32.73577549230062,0.329615521210815],[32.73812140982724,0.328442328259746],[32.74001366507603,0.329569788400474],[32.7397199624729,0.330370641657838],[32.740607607074594,0.332618823386722],[32.74064743459031,0.333118389816421],[32.74031887024995,0.333986701468608],[32.740036077770384,0.33548106349176227],[32.73949743594032,0.338327624495441],[32.73949737381853,0.338327740067427],[32.739497280907074,0.338328231040012],[32.738899365682016,0.339440303676962],[32.73705929284872,0.34469243591680554],[32.73706068910396,0.34475733385094126],[32.737094238911446,0.346272182234228],[32.73644498327515,0.34600957998854015],[32.73629799630746,0.34639681366692593],[32.7362214418987,0.346599101331244],[32.73632257372046,0.347812429553916],[32.734718380493256,0.350632569579664],[32.734220341402235,0.353219017689377],[32.73422033225977,0.353219052669904],[32.73422033011534,0.353219063808332],[32.733743989814485,0.35504161437864323],[32.732309070594916,0.360531842786049],[32.731446582884516,0.362557813274758],[32.73123203473942,0.3641371419873894],[32.73121547440239,0.364259097504304],[32.73121546159109,0.3642591400079248],[32.73121545666727,0.3642591762531],[32.72986514054002,0.368739133537468],[32.72994705081769,0.371261894908517],[32.729769915859436,0.375096938788712],[32.72964649961881,0.375457608576912],[32.72816545860599,0.376797577446771],[32.728920015105764,0.378355272595381],[32.72980797673377,0.379668870607795],[32.7298075619413,0.37967048105338275],[32.72980757184411,0.379670495727497],[32.72952979863272,0.38074890635511294],[32.72901872036153,0.382733184774158],[32.72789126802657,0.384833053685534],[32.72732902457451,0.387386284364463],[32.729739642236616,0.38874446549101327],[32.72977725335578,0.388765641411452],[32.72977727399014,0.38876566783188715],[32.72977766997294,0.388765890935027],[32.73070443308875,0.38995278932698],[32.73122164505181,0.390276793663858],[32.731503408318005,0.39286890045676],[32.73220637440238,0.392974157784588],[32.732206600877504,0.39297423484760524],[32.732206643257825,0.392974241173274],[32.7322868537977,0.39300154262451054],[32.73543317916873,0.394072147296468],[32.73559756416496,0.393868326521858],[32.73559993255152,0.393868991049661],[32.735600032236185,0.393868866843068],[32.73660665176043,0.394151399588436],[32.73660682118316,0.39415150637063057],[32.73660746038247,0.394151685718767],[32.73718987804191,0.394518986184635],[32.73806528850705,0.39475906426343],[32.738065859352886,0.3947596181152664],[32.73806588347224,0.39475962473888],[32.73820995772721,0.394899342059943],[32.73820993544332,0.3948994050809543],[32.738210372183616,0.39489982881955],[32.73811097126494,0.395183851485334],[32.738470658496965,0.39539181974173715],[32.738601249163395,0.39546716067249693],[32.738864957662166,0.394957571961198],[32.742133162000044,0.3957560271987657],[32.74230061343312,0.3957968992579076],[32.74244078166411,0.3934818424423024],[32.742440945660455,0.3934790799686061],[32.742341458414245,0.39255176085954],[32.74246127778391,0.39215786911707334],[32.74245430040587,0.3921248517076557],[32.742260550798775,0.391210301413693],[32.74294372344812,0.388169232881265],[32.74414949014428,0.38628358535712126],[32.74421599332858,0.386179573881705],[32.74421600820087,0.386179560582574],[32.7442160739895,0.386179457698521],[32.745525955177925,0.385008175404116],[32.749644568428785,0.384701220684956],[32.75110816836629,0.384065909008141],[32.75209326521964,0.383894589374378],[32.7523859362488,0.38392314281538],[32.752929011392894,0.3843010907475492],[32.75315993430348,0.3841454044439437],[32.75365133763151,0.383812617808977],[32.75399904450432,0.38392498685195253],[32.754490666211815,0.38408250050607845],[32.75473113055218,0.3831975905471792],[32.754733862773925,0.3831874257721919],[32.75457299535741,0.38250209114861455],[32.754541684981696,0.38244992303779163],[32.75342206979514,0.380587444530273],[32.75430649189137,0.37956639372676],[32.75430710319622,0.3795660070168716],[32.754307315331715,0.37956576178204],[32.7545048210043,0.3794409312362411],[32.75594822896734,0.378527835043777],[32.75676234254574,0.37904899711315887],[32.75773565806839,0.37921780209897304],[32.75939624328274,0.3795057870937034],[32.75976295737022,0.37943444758335],[32.7601672133225,0.3793557673103982],[32.76018045903156,0.37934708490615887],[32.76135864831004,0.378573283538424],[32.76167082454787,0.3787736722676694],[32.76175587032064,0.3788279491044652],[32.76399890128453,0.379170971812164],[32.76679912532907,0.3795250623252054],[32.767269444671136,0.3794205860917586],[32.76700226100546,0.378795520578999],[32.76716492087024,0.37868843111752876],[32.76718059821534,0.37867780772653487],[32.76757979973356,0.376218430020396],[32.76757984216604,0.37621835111777086],[32.76757985064112,0.37621829889602],[32.76801131719742,0.375415947297185],[32.768011438992914,0.37541580267826963],[32.768011544910635,0.375415605725703],[32.76911288802832,0.374107924713982],[32.76955235486264,0.3729881451500564],[32.76967751992908,0.37049128269953935],[32.769729025662706,0.369463370770966],[32.76972905362987,0.369463259737008],[32.769729054975706,0.369463232889429],[32.770697707043965,0.365617450007833],[32.770697755988614,0.36561736120836175],[32.770697879971856,0.365616868975682],[32.77143261180661,0.36428410325616],[32.77202493095019,0.36222173585313],[32.77203355623544,0.361402578138217],[32.77182632073835,0.361125524673033],[32.77185736535598,0.360915983728028],[32.772180969371625,0.360168834156772],[32.772181333691826,0.3601685305002046],[32.77218134136466,0.36016851279643],[32.77225538866919,0.3601068065548603],[32.773579725102074,0.359002987844549],[32.77342031086524,0.35796118761444],[32.77638668314569,0.35717809338820533],[32.77658627684272,0.3570858719588812],[32.782619532146434,0.354298063321646],[32.783614738170336,0.35405181654674],[32.78418756356187,0.352992997955554],[32.78429443185556,0.3530184872686516],[32.787619994172275,0.35379465156551],[32.787289356839196,0.35261223579710227],[32.78696738555303,0.35146085422491],[32.78606797179681,0.34951206670738],[32.785717603358265,0.347986854091051],[32.78540667937262,0.348020545543335],[32.78422031832788,0.347274298622878],[32.78222323455324,0.34711114173698],[32.78128499165613,0.346790927948931],[32.77959655663495,0.34519607984566],[32.77868775713031,0.343944124969035],[32.77768308535207,0.343221498051836],[32.7769368752327,0.342104227561371],[32.77693668308488,0.34210370523855094],[32.776936662493085,0.342103674401561],[32.77655038843464,0.3410536256251715],[32.77578888582778,0.338983603784259],[32.775801707421174,0.338492002632604],[32.7742176241719,0.337649075722698],[32.773135750564535,0.336665619222191],[32.771496263914436,0.336279165345563],[32.77030998122546,0.335120137329055],[32.76908891569529,0.334663397032922],[32.766018808060544,0.3329963960330857],[32.76582183635005,0.332889445682652],[32.7658218303865,0.3328894414833958],[32.76582172819504,0.332889385995679],[32.76454578122336,0.331990906446061],[32.76386798315985,0.331513632273643],[32.76386797329845,0.33151361658009365],[32.76386775539447,0.331513463139334],[32.76277985953018,0.329782040572559],[32.7626928159731,0.329724164035012],[32.7624265875282,0.32954768496077],[32.76242693950311,0.32954737887118196],[32.76242599056451,0.329546747907993],[32.7635545055024,0.3285666189520683],[32.76363443586305,0.3284124509756564],[32.76445026820303,0.32683700029441],[32.76179624685831,0.323632253549933],[32.7613755489611,0.3231243486629949],[32.761211593409506,0.32320744977309],[32.75973014960268,0.32205780989057814],[32.75895746617648,0.32172919196356065],[32.75697247078626,0.320885013961626],[32.75578391829305,0.320187871834646],[32.75085995478979,0.319448495059516],[32.74752803082159,0.317312112647943],[32.745729472786635,0.314884940456337],[32.743395213028876,0.308489612989487],[32.74188382681693,0.306197528545792],[32.73993182297696,0.304694584114087],[32.73744463060579,0.303153619837181],[32.73614375567436,0.30195950062688864],[32.73614373111687,0.301959478085134],[32.736143731114915,0.3019594780829006],[32.736143629782134,0.301959385065948],[32.73445970807151,0.300032885269361],[32.73445965219734,0.30003281083376915],[32.734459652197316,0.300032810833741],[32.73256574748084,0.2975097502654298],[32.73160819528756,0.29654609366034],[32.73030741028244,0.296083894660666],[32.72866266900131,0.295737288259386],[32.72659571529569,0.295698606043324],[32.723321761598186,0.29486506124513795],[32.72326679494369,0.294851067220771],[32.72326679213102,0.29485106608282036],[32.72326648818563,0.294850988698678],[32.72104084352269,0.293950491452338],[32.71917179024403,0.2931943095892556],[32.7159147373261,0.29244817930363776],[32.71555597154041,0.2923659971930247],[32.71375449295925,0.2924117132567245],[32.713612178652646,0.292415336768014],[32.71341074103511,0.29263975834629546],[32.7114524931197,0.294821605535409],[32.71037502976135,0.2983876715109181],[32.7106212667422,0.2986762935396122],[32.71387964886404,0.302495421093706],[32.719946841465536,0.3065283462060151],[32.71994687185972,0.30652836640924247]],[[32.78742012739968,0.353744455300432],[32.78742012693738,0.353744457141033],[32.787420127362545,0.353744455291606],[32.78742012739968,0.353744455300432]]]}},{"type":"Feature","properties":{"n":"Kasawo","c":"108301","d":"Mukono","od":"Mukono","dc":"108","k":"KASAWO","a":["KASAWO"],"lat":0.617528,"lon":32.828589},"geometry":{"type":"Polygon","coordinates":[[[32.76098057658156,0.629289690359385],[32.76366006505417,0.630742322300619],[32.764814318210696,0.631655336838563],[32.76625704131193,0.631904386111169],[32.76918405604651,0.63227802707079],[32.7705008253934,0.631727379451325],[32.77144548029392,0.630606757213609],[32.77215416498486,0.630029369867442],[32.774076542162994,0.629418301733802],[32.77498829195992,0.629350460493161],[32.77851731196897,0.629902405657477],[32.780345513704255,0.629326002592373],[32.7818203200781,0.629254194453283],[32.7855054742442,0.6295415784935],[32.78747857789369,0.630259605946457],[32.789143338367076,0.632820574574355],[32.78927458365429,0.633258317792805],[32.790739420035976,0.634009841600583],[32.791418523720985,0.633146816036865],[32.79205623223713,0.632670519888862],[32.79313057415684,0.634370320008532],[32.793663177098395,0.634865671223318],[32.79353985665335,0.637383291036178],[32.79480005345016,0.63972102785467],[32.795757240598455,0.640524199312042],[32.796069550419645,0.641264670635846],[32.79282811907105,0.641427790793192],[32.78763579807575,0.641149575559354],[32.78707510015817,0.642155517957966],[32.78418917978012,0.64456255357102],[32.784518993101436,0.645351871053965],[32.784786721649276,0.649023561697389],[32.78474539761031,0.651887246469827],[32.785392462608044,0.653539097972242],[32.78571623245346,0.658765797904463],[32.78585862666623,0.659244164035582],[32.78569241557967,0.659723545265072],[32.78564480336232,0.661279373400956],[32.78590635260359,0.661686321122933],[32.78628667946848,0.661901710532727],[32.78916400375693,0.663170592603022],[32.79211261219896,0.662715904897417],[32.79282386474442,0.662300714569136],[32.79819747426553,0.666985894182227],[32.79748344561779,0.668105445800688],[32.798254933820836,0.667958621108765],[32.79933432958593,0.667268714145465],[32.80499564370906,0.655880711653615],[32.8048748348523,0.6558438001942],[32.80964248344973,0.646105985088636],[32.80954751150124,0.642203299716413],[32.81001841476821,0.640021433612961],[32.81245899848555,0.641816155557005],[32.81272845805571,0.639738096835359],[32.812467937831784,0.638274677130279],[32.814633709053304,0.638733078119074],[32.81958015874313,0.639397191222459],[32.8230427261624,0.640393176957869],[32.82630617853613,0.642323211344067],[32.82842309405585,0.641368774643414],[32.83007219381655,0.638546878124524],[32.831473922225705,0.637052791218479],[32.833225516909415,0.634005841615342],[32.83820391904123,0.638664060225236],[32.839490247035606,0.637370942171155],[32.841759365968514,0.636700737898339],[32.84221282339368,0.636825006630574],[32.84373873589844,0.636783694986186],[32.84485065649107,0.637032566426282],[32.845222195458625,0.637406093310601],[32.84619114757805,0.637468596082148],[32.847015443142695,0.637966392576243],[32.84821094296677,0.638090930437064],[32.84994240745641,0.636762991032725],[32.85167431089942,0.634314200186199],[32.85299299767586,0.633111336193223],[32.8546421141218,0.632613155936258],[32.855302363007425,0.631617255306787],[32.861547254943865,0.63018585267823],[32.86282521285539,0.630725505642515],[32.863649676436864,0.632136155130812],[32.865587211685224,0.63242672957703],[32.86880268897088,0.633505800855844],[32.87710905325556,0.63788407303369],[32.88164379808044,0.641038198465379],[32.884621379333694,0.643457441687228],[32.88605446705341,0.641936874674085],[32.8866102593514,0.639698929246308],[32.88588361188465,0.634792677080286],[32.885734054574634,0.632361471942925],[32.88496458270212,0.631027358805885],[32.883169346955164,0.629090947131139],[32.88240023429641,0.628015619457792],[32.882100643209334,0.626724646754006],[32.88267774198337,0.62226924617741],[32.883361602576514,0.61960194978195],[32.88400225763173,0.618827639066291],[32.88686725173296,0.617406651910648],[32.88876970451492,0.61338287490053],[32.88936820582325,0.610284686438669],[32.88966724554751,0.60942454199373],[32.890779052148446,0.608519903203862],[32.89129206717702,0.607573132547988],[32.89129213620936,0.605464395752541],[32.891612701888675,0.603721860764152],[32.893034028044156,0.599292922144237],[32.892899726655855,0.598220361501003],[32.89344185975447,0.597492144801076],[32.893384755082565,0.596863970223607],[32.89262804469209,0.594793119364407],[32.892485354585624,0.592181418151952],[32.8930278352918,0.590439424175373],[32.89292815215019,0.589967212918542],[32.89305658913256,0.589411610244242],[32.89345145135153,0.589040555006724],[32.89561360848174,0.589057787343965],[32.89684778407013,0.588732414556876],[32.89713723667625,0.58848684378067],[32.89642248232707,0.586571892435599],[32.89614469972368,0.584528167805448],[32.89674786983091,0.581848551911317],[32.889489658908566,0.578777997791846],[32.8845119149032,0.576946204059996],[32.881303125536874,0.575369419376744],[32.87509773592784,0.572913911923892],[32.87329146919976,0.572055752775549],[32.87307094425375,0.572182582334182],[32.87010801750493,0.571330248195954],[32.86867827990642,0.571436750495806],[32.86595207205066,0.57095709224379],[32.86252276035839,0.569824066617731],[32.85592038806991,0.572419759854387],[32.853671047622434,0.572349319311925],[32.852743089731774,0.572061902560759],[32.84891529312303,0.570194913463607],[32.843391705837206,0.567224165089852],[32.84334982922285,0.567425925343655],[32.841810145661356,0.567174239264726],[32.840507327623335,0.569806092100849],[32.84030104637469,0.570527578318516],[32.83325405280653,0.571332352936952],[32.830938483165156,0.570445656820565],[32.83008508543551,0.56996006367614],[32.82926075632877,0.570156579903532],[32.82318508022694,0.577045338266895],[32.82159699574789,0.581500717864791],[32.822676721714586,0.581880892087129],[32.82256306016016,0.58326867811838],[32.82328647737996,0.585343840307704],[32.82370517851715,0.587608716368951],[32.82373380929901,0.589450802041838],[32.82310319978651,0.591319190659591],[32.82316742543446,0.591819648321825],[32.82152604109015,0.591731416255128],[32.821386942372044,0.591894117293592],[32.81945160366617,0.590563576326739],[32.81898050960499,0.590537220478822],[32.81793103468176,0.590935850101665],[32.81726510864809,0.591438563551561],[32.81638065085021,0.594438962955751],[32.814669474186715,0.598591213184677],[32.81405800190052,0.599362621302843],[32.81130983344743,0.601652620236178],[32.81067906212805,0.602526309346033],[32.80992105243077,0.603116542534858],[32.809468588162396,0.603146705799471],[32.80964152707285,0.604000249907258],[32.80875164191348,0.604138470128491],[32.80768181195304,0.604723630492786],[32.80354623081136,0.607588162970934],[32.80230027751596,0.608267697139576],[32.80145109320125,0.608538877213337],[32.7994164909051,0.608638907456886],[32.79748976759738,0.609008989587798],[32.793972056725636,0.609067240407114],[32.79220185043551,0.60968585898401],[32.7889469565464,0.610399674139368],[32.786822356533484,0.610568636481023],[32.78392371829994,0.610197444092204],[32.78038675626144,0.608930501016205],[32.77829529546228,0.611155277888527],[32.775286067714106,0.613064025971862],[32.77472944289706,0.614703217918966],[32.77365755181972,0.616487245673472],[32.77019469203887,0.617649505891277],[32.766484489345416,0.621716082621102],[32.76376339583448,0.623376208559233],[32.76217628612638,0.624724808549889],[32.76193221432629,0.625274721420639],[32.761224081575214,0.626055416391232],[32.75845331803794,0.62804186103063],[32.75966156059414,0.628086550551457],[32.76098057658156,0.629289690359385]]]}},{"type":"Feature","properties":{"n":"Kasawo Town Council","c":"108302","d":"Mukono","od":"Mukono","dc":"108","k":"KASAWOTOWNCOUNCIL","a":["KASAWO","KASAWOTOWNCOUNCIL"],"lat":0.672709,"lon":32.838734},"geometry":{"type":"Polygon","coordinates":[[[32.79856418022805,0.668866746117827],[32.79827996093894,0.67003462336466],[32.79883675116678,0.670429287071711],[32.80017779789567,0.671855734434213],[32.80285945707831,0.673562216696528],[32.805819817901614,0.674581235209146],[32.80802075665461,0.675854712816439],[32.8087294330336,0.676593476677775],[32.80903722489226,0.676369430153757],[32.810323198200244,0.682858124626135],[32.810859912351596,0.683938322884473],[32.8120055939847,0.683301464783106],[32.8135726769566,0.684513351148095],[32.81243681916494,0.686127824646846],[32.81110831776774,0.690669771946988],[32.810105215996,0.692477555899427],[32.80989106970816,0.695268496538463],[32.810026678791246,0.69768845258659],[32.81024857632479,0.697663033013978],[32.811010468653336,0.703484248782341],[32.81289395988796,0.70409305521428],[32.8179901896718,0.705025488327649],[32.81844347505767,0.704262213930192],[32.8266831078576,0.702252034246044],[32.82813348620936,0.704448494145288],[32.828822882655146,0.706099920640894],[32.83055883280731,0.707536518266192],[32.83250848953358,0.710959398781087],[32.834125198849826,0.712443377416201],[32.835124108362024,0.7137123242361],[32.836312775285734,0.714071446361876],[32.83682805335133,0.714569155293856],[32.83709777305425,0.713890435776397],[32.83719310023153,0.711257331245821],[32.83835824055826,0.709079008627521],[32.8388242060081,0.707337994516534],[32.83832973551772,0.703798468801683],[32.83757826110365,0.701256946165412],[32.83745732600352,0.697334744191606],[32.84108251129383,0.696908760690727],[32.842146625967644,0.696928917627441],[32.84325533517718,0.696719539628926],[32.84450924959463,0.69617509071811],[32.84668141131305,0.6959853860953],[32.84565899540182,0.693269931058157],[32.844446114583725,0.691426016028008],[32.8441848216303,0.690588570826015],[32.84432670837545,0.689467158091088],[32.8448744056912,0.68953561900819],[32.844968945221396,0.688420809727376],[32.84879352909286,0.686744246633399],[32.85142061443138,0.684002974317818],[32.854623551221074,0.681176215847778],[32.85598079700633,0.6816867686327],[32.85874257253837,0.683180708311646],[32.865503204737614,0.687040299691523],[32.87049403542192,0.6901701771096083],[32.8694,0.6847],[32.8694592023536,0.6845967958970951],[32.86981145171592,0.681956758390669],[32.87030610106728,0.680338526146309],[32.87146849775383,0.677588758137713],[32.87679839374901,0.671783209993191],[32.87560129002565,0.669457575574714],[32.873891556426884,0.665025307658979],[32.87203230464548,0.659108598823486],[32.872160508944795,0.656525394627275],[32.873784851857536,0.653556257735549],[32.874896396209785,0.651060351494481],[32.876072128674856,0.649618474984416],[32.87735519258644,0.647164971451532],[32.87859460029978,0.645874661439021],[32.882591644266775,0.644863205955744],[32.884621371718104,0.643457450343388],[32.882764299981034,0.6419485906251606],[32.881643798083765,0.6410381984680809],[32.88164372106424,0.6410381448970417],[32.87710905325601,0.6378840730340001],[32.8771090080203,0.6378840491902518],[32.86880268897088,0.633505800855844],[32.865587211685224,0.63242672957703],[32.863649676436864,0.632136155130812],[32.86282521285539,0.630725505642515],[32.861547254943865,0.63018585267823],[32.855302363007425,0.631617255306787],[32.8546421141218,0.632613155936258],[32.85299299767586,0.633111336193223],[32.851674330594754,0.6343141822207442],[32.85167431089641,0.6343142001904476],[32.84994240745641,0.636762991032725],[32.84821094296677,0.638090930437064],[32.847015443142695,0.637966392576243],[32.84619114757805,0.637468596082148],[32.845222195458625,0.637406093310601],[32.84485065649107,0.637032566426282],[32.84373876925227,0.6367837024514804],[32.843738735888145,0.6367836949864648],[32.84221282339368,0.636825006630574],[32.841759365968514,0.636700737898339],[32.839490247035606,0.637370942171155],[32.83820391904123,0.638664060225236],[32.833225516909415,0.634005841615342],[32.831473922225705,0.637052791218479],[32.83007219381655,0.638546878124524],[32.82842309405585,0.641368774643414],[32.82630617853613,0.642323211344067],[32.82304272617596,0.640393176965893],[32.823042215734645,0.6403930301365363],[32.81958015874313,0.639397191222459],[32.81661086091972,0.6389985316350711],[32.81463380252405,0.638733090668509],[32.81463380252404,0.6387330906685079],[32.814633709053304,0.638733078119074],[32.812467937831784,0.638274677130279],[32.81272845805571,0.639738096835359],[32.812722880403555,0.63978111140967],[32.81246042902226,0.641810031722275],[32.8124598479393,0.6418096046121928],[32.81245899848555,0.641816155557005],[32.81001841476821,0.640021433612961],[32.80954751150124,0.642203299716413],[32.80964248344973,0.646105985088636],[32.80964207179543,0.6461068258832808],[32.80964207276806,0.646106865971037],[32.80513137210828,0.655546963971944],[32.80487546678422,0.6558425094874546],[32.8048748348523,0.6558438001942],[32.80499564370906,0.655880711653615],[32.79933432958593,0.667268714145465],[32.798254933820836,0.667958621108765],[32.79757116529218,0.6680887515542725],[32.79748344261967,0.668105457361614],[32.797771641786596,0.668695118960172],[32.79856418022805,0.668866746117827]]]}},{"type":"Feature","properties":{"n":"Kimenyedde","c":"108303","d":"Mukono","od":"Mukono","dc":"108","k":"KIMENYEDDE","a":["KIMENYEDDE"],"lat":0.527749,"lon":32.851373},"geometry":{"type":"Polygon","coordinates":[[[32.7823247065119,0.4988803056617718],[32.78247532199071,0.500814125697118],[32.782790369867534,0.5020932258193335],[32.783059260327605,0.503184878759051],[32.78658913509548,0.507555144838267],[32.7886537262212,0.508914204793565],[32.78973925769803,0.509900418137776],[32.79151288185643,0.51030024067169],[32.79533808998199,0.511779401194804],[32.799626839828505,0.512552464762847],[32.80153234684028,0.513138689511872],[32.802670834157084,0.513858340757598],[32.803835694684686,0.515057791744856],[32.80649592675133,0.519671578629272],[32.808300755929885,0.521209107925855],[32.81089221861365,0.52451688479363],[32.81283622409952,0.526380927099194],[32.81737112123031,0.531878205003334],[32.819569277163346,0.534929802566902],[32.82016370367102,0.535996761321632],[32.82075938468931,0.539057231151084],[32.822950688477995,0.53831492422305],[32.82288137821434,0.541933476293151],[32.8234841962086,0.542934173514719],[32.824227581611325,0.544969782734585],[32.82473435564241,0.544962514575679],[32.82523573995626,0.546404104788684],[32.8258640708965,0.547076555485904],[32.82574972984004,0.5492597490646],[32.82506425991861,0.550027093178641],[32.8244168026695,0.551215564765714],[32.82445481308563,0.553592549108616],[32.82494979174429,0.556237779539764],[32.82645400528521,0.559669263073444],[32.827634542050575,0.56423172386307],[32.82940500804368,0.568429205778624],[32.82939790136972,0.570123873581484],[32.82940785243402,0.570121512875775],[32.83008508543551,0.56996006367614],[32.830938483165156,0.570445656820565],[32.83325405280653,0.571332352936952],[32.84030104637469,0.570527578318516],[32.840507327623335,0.569806092100849],[32.84050748187169,0.5698057805001795],[32.840507481872685,0.569805780496659],[32.840507482213745,0.5698057798091907],[32.841810145661356,0.567174239264726],[32.84181279874007,0.5671746729531768],[32.84181293539135,0.567174397507243],[32.84235058567882,0.5672625828908411],[32.84334982922285,0.567425925343655],[32.843391705837206,0.567224165089852],[32.84339722261275,0.567227132174671],[32.843397240894,0.567227047352367],[32.8486845420795,0.5700708087374903],[32.848915288996594,0.5701949112442901],[32.85274309280662,0.5720619035131317],[32.853671047622434,0.572349319311925],[32.8547044692742,0.572381682034884],[32.85592046241099,0.5724197306275236],[32.86252276035839,0.569824066617731],[32.86595207205066,0.57095709224379],[32.86867827990642,0.571436750495806],[32.87010801750493,0.571330248195954],[32.871988471357255,0.5718711913746322],[32.873071003536715,0.5721825482390263],[32.87329146919976,0.572055752775549],[32.87509773580269,0.5729139118644341],[32.876758371796555,0.5735710348459029],[32.881303125536874,0.575369419376744],[32.8845119149032,0.576946204059996],[32.88767877024182,0.5781115966058376],[32.88948956679433,0.578777962676484],[32.88948958891417,0.5787779720341324],[32.889489658908566,0.578777997791846],[32.89120644739998,0.5795042775915066],[32.896747871698004,0.581848540264682],[32.89704243288458,0.580267206892011],[32.89652950209558,0.578459701322712],[32.89646542895705,0.575512941833457],[32.89834640901843,0.574005558495917],[32.899030420950744,0.572843611902463],[32.89943975789402,0.570984388905169],[32.89938709859345,0.570424092844609],[32.90052519785559,0.567573239179146],[32.90012827798314,0.565067620991356],[32.90033999588518,0.563735676836788],[32.900909162339495,0.561776808869893],[32.90096211510035,0.560444431808046],[32.900485833344696,0.558072873513336],[32.9012666383212,0.555420953787073],[32.901028439670206,0.554195199006491],[32.899863671227465,0.551823203292992],[32.89944010602321,0.550623966721423],[32.89871218914917,0.54949141602982],[32.89696505401196,0.547785654705355],[32.896462007643024,0.546826322551527],[32.89556159269473,0.546212394453358],[32.89516490411311,0.545227303250249],[32.89427810697702,0.541696202366687],[32.89345755098652,0.540417098033138],[32.8918427804203,0.539271090175976],[32.890466873582476,0.538578382940893],[32.890016092282615,0.537591810405275],[32.88950000507067,0.531875801020094],[32.88893086503905,0.529117285556666],[32.88842800997527,0.524506718457037],[32.88865304801256,0.522841391438255],[32.88926177805272,0.521242866204392],[32.8909031612887,0.519457002822751],[32.89122092469857,0.518923793407218],[32.89078423504739,0.512727840122766],[32.890307665124126,0.511581500182322],[32.88878486425666,0.505556517787799],[32.88816443440309,0.504515504137421],[32.88696486717685,0.503473943537673],[32.88597222573692,0.499976574859302],[32.8850209500581,0.497977928005819],[32.88357327774291,0.496145730934375],[32.88034691249997,0.495063001546786],[32.87683125233934,0.494105261408629],[32.87644707491478,0.494180024738286],[32.87545837063799,0.492099675883653],[32.874677820707596,0.489283844722181],[32.87383211835793,0.487843095401918],[32.873376889583355,0.487515747775772],[32.87175068922285,0.487319267481623],[32.86667691049315,0.487908522206355],[32.86348952798914,0.488890722206854],[32.861146951306374,0.490528003798347],[32.859782458544316,0.490920415795054],[32.85887105752535,0.490724187046043],[32.856659527876566,0.491182496407131],[32.85587875573747,0.491837238336837],[32.854904240458374,0.492098951346473],[32.85366717143481,0.491837302894529],[32.85181575565684,0.492477809355736],[32.85105463752426,0.490975370001629],[32.848080695999286,0.486138033601257],[32.845373259845104,0.48393215235502],[32.84483726223034,0.484838664801915],[32.84290750181041,0.483877413314302],[32.8394456959656,0.482961395916298],[32.837676116760996,0.482251688118322],[32.83832247893395,0.481029379322341],[32.83770701704432,0.479649151122398],[32.835974343149175,0.479525859191339],[32.835214706121725,0.480430531655764],[32.833145162141975,0.477798700136614],[32.83201266301263,0.476961242364899],[32.83098457678052,0.476627967544875],[32.829990955679115,0.475852053580582],[32.82877533666095,0.47670550752507],[32.82627285350067,0.47900134650575],[32.825747545671554,0.478644712124796],[32.821761840874856,0.479810663491648],[32.81939426508155,0.480120003821859],[32.81653903333074,0.480869506725824],[32.81583621403938,0.481452145401506],[32.81140241899021,0.481102239572245],[32.80707625076479,0.4814944939617972],[32.80672262967843,0.481526558184692],[32.80421632665723,0.48150779596082],[32.80297354672108,0.482076642154968],[32.802106731750705,0.483479922422373],[32.80048649013922,0.48469368916872],[32.7977042753286,0.48571553057681],[32.79643003893678,0.485337915119127],[32.79423808880023,0.483039469103132],[32.793301302310795,0.482522037850352],[32.79253392032814,0.483053954403087],[32.79194449343398,0.483790780729317],[32.7918207961142,0.484425229787996],[32.79174491138225,0.48448825364642045],[32.79158954733974,0.484617826138497],[32.79158910903881,0.48461765075415153],[32.791587211217596,0.484619226934397],[32.78961556007294,0.483831704788748],[32.78912644678467,0.485355973218597],[32.78735135155789,0.48836841206763315],[32.78730766487286,0.4884530887539948],[32.78564773039069,0.491670536882186],[32.78449118468122,0.49313343474494553],[32.78411811416504,0.49388064698135686],[32.78266396520823,0.496793155413623],[32.78232469845288,0.498880202179248],[32.7823247065119,0.4988803056617718]]]}},{"type":"Feature","properties":{"n":"Nagojje","c":"108304","d":"Mukono","od":"Mukono","dc":"108","k":"NAGOJJE","a":["NAGOJJE"],"lat":0.463281,"lon":32.887768},"geometry":{"type":"Polygon","coordinates":[[[32.82176186729065,0.4798106557641493],[32.825747545671554,0.478644712124796],[32.82627285350067,0.47900134650575],[32.82875888235773,0.47672060310345915],[32.82877526342986,0.476705571276147],[32.82877527923968,0.4767055602047375],[32.82877533666095,0.47670550752507],[32.829990955679115,0.475852053580582],[32.83098457678052,0.476627967544875],[32.83201266301263,0.476961242364899],[32.833041487556685,0.4777220351000327],[32.833145034578415,0.477798592866878],[32.83314505886879,0.4777986237684007],[32.833145162141975,0.477798700136614],[32.835214706121725,0.480430531655764],[32.835974343149175,0.479525859191339],[32.83770701704432,0.479649151122398],[32.83832247893395,0.481029379322341],[32.837676116760996,0.482251688118322],[32.8394456959656,0.482961395916298],[32.84290750181041,0.483877413314302],[32.84483726223034,0.484838664801915],[32.845373259845104,0.48393215235502],[32.848080695999286,0.486138033601257],[32.85105463752426,0.490975370001629],[32.85181575565684,0.492477809355736],[32.85366717143481,0.491837302894529],[32.854904240441414,0.49209895134288634],[32.854904309546036,0.4920989327924891],[32.85587875573747,0.491837238336837],[32.856659527876566,0.491182496407131],[32.8566606406144,0.49118226580738994],[32.85666064061987,0.491182265802803],[32.856661006689926,0.49118218994322876],[32.85887105752535,0.490724187046043],[32.859782458544316,0.490920415795054],[32.861146732002055,0.4905280668676784],[32.86114695131379,0.49052800379316114],[32.86348952798914,0.488890722206854],[32.86667691049315,0.487908522206355],[32.869952577010984,0.48752809529475477],[32.871750100798565,0.487319327117549],[32.87175013749718,0.4873193315575266],[32.87175068922285,0.487319267481623],[32.873376889583355,0.487515747775772],[32.87383211835793,0.487843095401918],[32.87383242119096,0.48784361131213466],[32.873832472548,0.48784364827316],[32.87437636797003,0.48877028598971306],[32.874677820707596,0.489283844722181],[32.87545837063799,0.492099675883653],[32.87644707491478,0.494180024738286],[32.87683125233934,0.494105261408629],[32.87683228158852,0.49410554179785937],[32.87683228158852,0.494105541797859],[32.88034684274315,0.495062982543555],[32.88034684274315,0.49506298254355513],[32.88034691249997,0.495063001546786],[32.88357327774291,0.496145730934375],[32.88357419343644,0.49614688985064237],[32.88357420337943,0.496146893190002],[32.88385665946018,0.49650438333591024],[32.8850209500581,0.497977928005819],[32.88597203945072,0.499976183468733],[32.88597208590417,0.499976281065562],[32.88597208590606,0.49997628107221265],[32.88597222573692,0.499976574859302],[32.88696486717685,0.503473943537673],[32.88816443440309,0.504515504137421],[32.88878486425666,0.505556517787799],[32.890307665124126,0.511581500182322],[32.89078423504739,0.512727840122766],[32.89122092469857,0.518923793407218],[32.8909031612887,0.519457002822751],[32.88926177805272,0.521242866204392],[32.88865304801256,0.522841391438255],[32.88859778294261,0.5232503641403201],[32.88842802656748,0.5245068705873639],[32.88880349789641,0.5279494843357252],[32.889738823066054,0.527381000940782],[32.89007166188415,0.52692629393278],[32.89045219589734,0.52611231800927],[32.89078551710553,0.524627610850872],[32.89218832780748,0.5230003443512],[32.89327795258253,0.522411470703893],[32.89475278737718,0.522501281105674],[32.89606888452505,0.521176446416363],[32.89727825812223,0.520317107901571],[32.90055062459903,0.519028055228341],[32.90275619552215,0.51723756571744],[32.90677530005506,0.514802873396647],[32.90819810462112,0.513334808604712],[32.9100296774233,0.512028022976074],[32.91259091945953,0.5106313876373],[32.914902833332114,0.508662110826379],[32.91739287773851,0.505976401546546],[32.920540689003374,0.501196326233373],[32.92217713957618,0.498152370633402],[32.923831992486726,0.495806915367945],[32.92660586016465,0.494840530258311],[32.93336361453384,0.495341853918523],[32.94056616303988,0.495216600721292],[32.944620977485066,0.494930184731963],[32.950969995623986,0.493086223085684],[32.956092168687654,0.49301814249145],[32.9551318711158,0.486605228736676],[32.95493622546925,0.483400245600167],[32.95354927864074,0.47971255308381],[32.95337120607534,0.477846320320128],[32.953851426216225,0.474434766516837],[32.95402115065973,0.4703306429084849],[32.954,0.4701],[32.95165935008734,0.46696140125347985],[32.95027677156245,0.466033269031133],[32.94967234330523,0.464817743118806],[32.949565739066415,0.464209092402378],[32.9496210114148,0.4641054486333996],[32.95146247850265,0.4558188467380723],[32.95004563857945,0.453697180146876],[32.94985016414035,0.450776300301069],[32.95056163193383,0.449274338280848],[32.95258890766424,0.447989488921347],[32.95339956311694,0.44710196597378493],[32.9534,0.4471],[32.95342841820354,0.44704720343558235],[32.95518537077484,0.443221565660057],[32.95676820867631,0.440805924411867],[32.95698164668182,0.439557643264261],[32.95737239799123,0.438771259471952],[32.958274216787565,0.4380444697917269],[32.959077288509064,0.43655248850522604],[32.96105444343584,0.432337795536929],[32.96269064471359,0.429442238221014],[32.96343252838911,0.4284611359829744],[32.97377605599602,0.4092444842034644],[32.96051178757676,0.411162062108133],[32.95298180189782,0.410818802038871],[32.94966700319451,0.411040916218933],[32.94962101371658,0.4109438421221939],[32.94003807718835,0.40413054042871055],[32.93962298698708,0.403964920068868],[32.937745522045155,0.403014964765024],[32.936469126968625,0.40159307871179456],[32.9327399923307,0.39894172865130767],[32.93237801643553,0.398726555127381],[32.93225444177015,0.3987074327606732],[32.923210408824666,0.3991692557195915],[32.920316030142025,0.402399051247305],[32.91526003719475,0.400667077819961],[32.91563384899615,0.401852941152006],[32.915598334509106,0.402571499308902],[32.9161808099949,0.404558623257598],[32.916097608893395,0.405311853008017],[32.91547954149036,0.406616562581366],[32.91444503905379,0.408101109398646],[32.914397471036196,0.409190274485339],[32.91473601681047,0.410680400355304],[32.9131637550504,0.4109939031815],[32.910919343339984,0.415842480202865],[32.9101096786754,0.415288411235621],[32.90943738964193,0.415325069437781],[32.90729124069609,0.4150061790437],[32.90456930387626,0.414149603648663],[32.9019045241638,0.413036090409178],[32.900809899163995,0.412369599250543],[32.90006757018353,0.411027840766734],[32.899536740902185,0.410519763310866],[32.89840088614665,0.411041762800848],[32.898584047338986,0.410551175708428],[32.89695412509074,0.410337027774243],[32.8954610157761,0.410824814891889],[32.894505099897366,0.411641038953665],[32.89286898122022,0.411390362265862],[32.888672234301765,0.407738085336747],[32.88785410868244,0.405947648311017],[32.88694284497215,0.402394964529961],[32.88401462018002,0.402690626664021],[32.88369147600724,0.403511089596188],[32.88265832260934,0.403392571030697],[32.88115926449579,0.4035591320877],[32.87934816582214,0.405204446029109],[32.87487151547933,0.407839600240508],[32.87344888717436,0.408060414889097],[32.87129356787875,0.409709342557725],[32.871190746944194,0.410432990646979],[32.870833779656074,0.411151764294015],[32.87123047489129,0.413348530102915],[32.87087999367102,0.416170198467639],[32.8709699329325,0.421984778811763],[32.869459680334685,0.422094160528193],[32.86718660190264,0.421636478996522],[32.862333447229744,0.422329476753284],[32.86123081147682,0.422902374262832],[32.86062595798295,0.423940593514178],[32.859772469788474,0.424334642330547],[32.85856263760862,0.426053098159612],[32.85770932619381,0.426196652624526],[32.854491208587454,0.428040289568345],[32.853423388867746,0.428112206318776],[32.85191230725835,0.4287253140301307],[32.851768986927624,0.429147528252432],[32.8517670075928,0.4291471717408499],[32.85176685142064,0.429148721778644],[32.85137240728222,0.42907654566711545],[32.85111527307621,0.42930283396714125],[32.8511053930676,0.429311580130476],[32.8511053238912,0.4293115896445683],[32.85110525791246,0.429311647708473],[32.850969674849935,0.4293302459697793],[32.85074133980281,0.42936164975160396],[32.85074613153469,0.42953374873656286],[32.85074819520673,0.4296039140818189],[32.85094511283112,0.4297869994291496],[32.85114721721536,0.429974437879003],[32.85114699489784,0.4299747004966313],[32.85114794646969,0.429975585226291],[32.8510747634004,0.4300600255938276],[32.85105638236736,0.430081738606656],[32.85105595749975,0.43008172428968555],[32.8510551518185,0.430082653903894],[32.85044777394077,0.430061724724572],[32.85012142738132,0.430267582053223],[32.85004323849285,0.4305288325320786],[32.850027603105296,0.430581885299115],[32.85002735099049,0.4305819170263203],[32.85002722439042,0.430582340031795],[32.84985173793587,0.43060401692403755],[32.84945274409788,0.430654228014713],[32.849452441380194,0.4306533398671228],[32.84944914077245,0.430653747573339],[32.849398211901054,0.4304974242454911],[32.84917275364738,0.430694643049934],[32.849513256492884,0.43105348117361],[32.84933579777744,0.43163301002539206],[32.85009058633209,0.43264275204716],[32.85008994450886,0.43264330007666096],[32.850091466515565,0.432645338501012],[32.84987020947853,0.432832923444626],[32.84995757861915,0.4336995349331234],[32.85010459139495,0.43427224897723116],[32.85063362834493,0.434764951988922],[32.85097535799646,0.4348257707326991],[32.851196510391524,0.434864860921093],[32.851196559805246,0.43486513874209276],[32.85119791677624,0.434865380246659],[32.851312004347115,0.435514192143157],[32.85179040735215,0.435393622829622],[32.85183636917526,0.4354223412418706],[32.85213042090274,0.435604337714811],[32.85212939059494,0.43560543036579824],[32.85213297929176,0.43560767269797],[32.85211242875971,0.43562341854958964],[32.85169271163412,0.43606853245923244],[32.85168933036405,0.4360933269276808],[32.85215848174253,0.4363536956541305],[32.85216874575712,0.436357423777078],[32.852168596066655,0.4363593088822079],[32.85216870197944,0.436359367661481],[32.85216268449162,0.4364337554428219],[32.85213304519293,0.436807013640816],[32.85213248766444,0.4368070465973328],[32.85213247590119,0.43680719201382],[32.85178540491258,0.43682830662080124],[32.85178467765938,0.43683304686283186],[32.85184481850529,0.4370306497543865],[32.85228537942534,0.437308109038194],[32.85255857836297,0.437058651592333],[32.85302970696953,0.437051512273819],[32.853027639665704,0.43705265529125126],[32.85303038315473,0.437052618929285],[32.852898072789884,0.4371242931395174],[32.85263794508974,0.43726811839265],[32.8528014444767,0.4379721810972892],[32.85311396122403,0.437872865395589],[32.85302971691081,0.437515502432887],[32.85316534030812,0.437401294179987],[32.85317719907904,0.43743750857331154],[32.853206419241026,0.437421926974694],[32.85329367296683,0.4377931973044559],[32.853293795033984,0.437793570073945],[32.853621163896854,0.43801723758871297],[32.85374079534145,0.438098865514764],[32.85374072998824,0.43809892846876797],[32.85374353955496,0.438100848042916],[32.85372436177747,0.4381146957799878],[32.853394814693985,0.43843214473641356],[32.8532884224591,0.438713755240323],[32.85367368073188,0.4389193564929354],[32.85375676951663,0.438787738042591],[32.85395770373711,0.43846491223046],[32.85396009913095,0.4384656497026765],[32.85396013275843,0.438465596434394],[32.854010662459615,0.4384812166835286],[32.854351230639494,0.43858606773813197],[32.85451058308451,0.4385486349556115],[32.85498562281071,0.438436359798496],[32.85498836739939,0.4384440376978521],[32.855146789240344,0.4386615863922113],[32.85534968437637,0.438543437525912],[32.8554424071358,0.438657548853461],[32.855442445842804,0.439136017216364],[32.85544229336524,0.4391362224645686],[32.855442309782966,0.439136330241554],[32.85542129431409,0.43916448903378147],[32.855107787590335,0.4395864966492939],[32.85564456826562,0.4401655089829862],[32.85577799150803,0.439971110749982],[32.85577884512075,0.43997141842725024],[32.855779121907254,0.439971002179814],[32.855851088639064,0.439997457973981],[32.855956496845835,0.440035451443706],[32.85595672023725,0.4400362893582716],[32.85595694992706,0.440036373794875],[32.85636673737912,0.44157411040678],[32.8563667349101,0.4415742055109381],[32.8563668766982,0.441574737341223],[32.856366687661264,0.4415760254861659],[32.856355036856506,0.4420248022003276],[32.856515043870715,0.44225025840111726],[32.85662210291488,0.44233785298968403],[32.856676162994596,0.44231589533402477],[32.85678774883812,0.441625487437651],[32.85678803414912,0.4416254483495169],[32.85678807366864,0.441624834355477],[32.85691171367973,0.4416085040252342],[32.85716418363136,0.441573915175237],[32.85716443544324,0.44157512462142223],[32.85716639826957,0.441574865371994],[32.85725222225599,0.441995878161345],[32.85781599296564,0.442160213576654],[32.857994522725036,0.442403028584351],[32.85799456749383,0.44240311325959936],[32.85799458956446,0.442403143166259],[32.858322690323035,0.443023708955813],[32.858322693497044,0.44302372745749735],[32.85832281391251,0.443023955210082],[32.858451302515455,0.443773093399128],[32.85950448268624,0.44384739617576374],[32.85977115220379,0.443866112587252],[32.859771303856164,0.44386622064126424],[32.85977178713834,0.443866254737242],[32.85982651787529,0.44390556124736796],[32.86027835677305,0.444227501515105],[32.8602729712952,0.4442261950785555],[32.860278732970585,0.444230332997475],[32.85990676588507,0.4441380182173615],[32.859401727287334,0.4444438873758309],[32.8592695447073,0.4449071252112622],[32.85926533990998,0.444921954371203],[32.85926530923827,0.4449219685401524],[32.859265083541445,0.444922759501459],[32.85890835841105,0.445087290412276],[32.8588918252766,0.44574300224833],[32.85790493551375,0.445335795512074],[32.856802105451976,0.445514724034442],[32.85438337224683,0.447018509511354],[32.85274669776004,0.4475917240200008],[32.852746573344014,0.44759180453546965],[32.8517514761822,0.448235798781768],[32.85103986598142,0.449059462900832],[32.849430313773865,0.449334331712785],[32.84775518355098,0.4521032884208395],[32.84774863680019,0.452114116676724],[32.847748623241266,0.45211413248140664],[32.84774853888817,0.452114271915381],[32.84553664413261,0.4546925115947],[32.83709699998004,0.460063439961343],[32.83562219085502,0.46037602642722036],[32.83542069010905,0.460451675301987],[32.828292384797194,0.463127916446217],[32.82805880544621,0.46300497239008204],[32.82805833152035,0.46300502851337194],[32.824443578998306,0.463433106287123],[32.82443981576748,0.4634341563281136],[32.82133475742358,0.4643101091631459],[32.81949224986617,0.465889513838688],[32.81804171576444,0.467684783827858],[32.81699547264131,0.468570470055564],[32.81611556215749,0.469671763238087],[32.815521138507066,0.470988113711576],[32.813964302648536,0.47357397284240055],[32.813619064282854,0.4741474103500099],[32.813287180795676,0.4770563666543485],[32.81328586601816,0.477067897898566],[32.81328586451525,0.4770679038425228],[32.81328584687859,0.477068058427694],[32.812956506259496,0.47837050208244425],[32.81295297618616,0.478384463376071],[32.81295297555398,0.47838446496686476],[32.81295293608023,0.478384621073743],[32.812477295240036,0.479581645732685],[32.81152665032506,0.480634346803077],[32.81140637237277,0.48108699208375766],[32.81140233490088,0.481102232538378],[32.81140941202164,0.4811027914476548],[32.81583621403938,0.481452145401506],[32.81653903333074,0.480869506725824],[32.81939426508155,0.480120003821859],[32.82158379384408,0.47983392658102864],[32.82176186729065,0.4798106557641493]]]}},{"type":"Feature","properties":{"n":"Nakifuma-Naggalama Town Council","c":"108305","d":"Mukono","od":"Mukono","dc":"108","k":"NAKIFUMANAGGALAMATOWNCOUNCIL","a":["NAGGALAMA","NAKIFUMA","NAKIFUMANAGGALAMA","NAKIFUMANAGGALAMATOWNCOUNCIL"],"lat":0.569535,"lon":32.768182},"geometry":{"type":"Polygon","coordinates":[[[32.71769623299003,0.584362188575407],[32.718330560485846,0.5856274842629995],[32.7318,0.603],[32.73182136964307,0.6031167111275549],[32.733213135672166,0.606917727749833],[32.733939337283616,0.61452634323141],[32.73443716732685,0.617204500315517],[32.73470836800908,0.6177145658946707],[32.74628630871103,0.6370343826081619],[32.74781616340338,0.635034257804005],[32.74957640184638,0.633584583107188],[32.7518185067782,0.633422818584043],[32.75470127283855,0.628265179107885],[32.75666853561871,0.626814257716995],[32.75739413254824,0.628003036979606],[32.758453301657326,0.628041859320082],[32.758881873813166,0.6277346163628923],[32.761224081575214,0.626055416391232],[32.76193221432629,0.625274721420639],[32.76217628612638,0.624724808549889],[32.76376339583448,0.623376208559233],[32.766484489345416,0.621716082621102],[32.77019469203887,0.617649505891277],[32.77365755181972,0.616487245673472],[32.77472944289706,0.614703217918966],[32.775286067714106,0.613064025971862],[32.77829529546228,0.611155277888527],[32.78038675626144,0.608930501016205],[32.78392371829994,0.610197444092204],[32.78682231177712,0.6105686307496343],[32.78766244239272,0.6105018272590019],[32.7889469565464,0.610399674139368],[32.79220185043551,0.60968585898401],[32.792584807931945,0.6095520301626034],[32.793971699990806,0.609067298929203],[32.7939718986819,0.6090672956372816],[32.793972056725636,0.609067240407114],[32.79748976759738,0.609008989587798],[32.7994164909051,0.608638907456886],[32.79941656449976,0.6086389038386402],[32.799416600351094,0.608638896952149],[32.79953698611244,0.6086329833679573],[32.80145109320125,0.608538877213337],[32.80230027751596,0.608267697139576],[32.80338537307747,0.6076758936482162],[32.80354625454765,0.6075881465298656],[32.8068681985183,0.6052871842059432],[32.80768178925602,0.604723643185436],[32.80768181001017,0.60472363183852],[32.80768181195304,0.604723630492786],[32.80875164191348,0.604138470128491],[32.808752287362296,0.6041383698750179],[32.80875243712595,0.60413828799475],[32.80885091587796,0.6041230505328397],[32.80964152707285,0.604000249907258],[32.809468588162396,0.603146705799471],[32.80992105243077,0.603116542534858],[32.81067906212805,0.602526309346033],[32.81130983344743,0.601652620236178],[32.81405800190052,0.599362621302843],[32.814669474186715,0.598591213184677],[32.81638060578974,0.5944390722970976],[32.81639817309799,0.594379521180348],[32.81726510864809,0.591438563551561],[32.81793103468176,0.590935850101665],[32.81793159157366,0.5909356385734016],[32.81793159158395,0.590935638565639],[32.81793177488195,0.5909355689460953],[32.81898050960499,0.590537220478822],[32.81945038012412,0.5905635078744048],[32.81945041400344,0.590563509752652],[32.81945041403063,0.5905635097713398],[32.81945160366617,0.590563576326739],[32.821386942372044,0.591894117293592],[32.82152604109015,0.591731416255128],[32.82316742543446,0.591819648321825],[32.82310319978651,0.591319190659591],[32.82373375970252,0.5894509489877864],[32.82370876926543,0.5878397427511626],[32.82370517860877,0.5876087222636519],[32.823286458523114,0.5853437862158055],[32.82256306016016,0.58326867811838],[32.822676721714586,0.581880892087129],[32.82159699574789,0.581500717864791],[32.82318508022694,0.577045338266895],[32.82926075632877,0.570156579903532],[32.82939787728878,0.5701238909040337],[32.82939788995317,0.570123876794799],[32.829398219643195,0.5700479776246455],[32.829405007867926,0.5684292476892456],[32.82763460378721,0.564231876425155],[32.82763459964043,0.5642318603990896],[32.827634542050575,0.56423172386307],[32.82645400528521,0.559669263073444],[32.82494979174429,0.556237779539764],[32.82494971261062,0.5562373566391271],[32.824949712609005,0.556237356635445],[32.82494967900501,0.5562371770463559],[32.82445481308563,0.553592549108616],[32.8244168026695,0.551215564765714],[32.82506425991861,0.550027093178641],[32.82574972984004,0.5492597490646],[32.82581192264089,0.5480722585196661],[32.82586401227221,0.5470764927451709],[32.82523573995626,0.546404104788684],[32.82473435564241,0.544962514575679],[32.824227581611325,0.544969782734585],[32.82422662800385,0.5449671714751124],[32.82422645723317,0.544967173763194],[32.82358101549164,0.5431992933630498],[32.8234841962086,0.542934173514719],[32.82288137821434,0.541933476293151],[32.822950688477995,0.53831492422305],[32.82075938468931,0.539057231151084],[32.82016370367102,0.535996761321632],[32.81956927716469,0.5349298025693187],[32.819569191515754,0.5349296836663344],[32.81737112123031,0.531878205003334],[32.81283622409952,0.526380927099194],[32.81089221861365,0.52451688479363],[32.808300755929885,0.521209107925855],[32.80649592675133,0.519671578629272],[32.803835694684686,0.515057791744856],[32.802670834157084,0.513858340757598],[32.80153234684028,0.513138689511872],[32.799626882355966,0.5125524778463207],[32.799626839825805,0.5125524647623606],[32.79533808998199,0.511779401194804],[32.79151288185643,0.51030024067169],[32.78973925769803,0.509900418137776],[32.78865375971512,0.5089142352230345],[32.78859152430962,0.5088732590943839],[32.78658913509548,0.507555144838267],[32.783700289913774,0.5039785244378457],[32.78305925122967,0.503184887250391],[32.78290421850161,0.5031324510494611],[32.78187515476127,0.502784478388978],[32.781209457861124,0.5027507207693982],[32.78004535052406,0.5026917180329806],[32.78004030570745,0.5026925845331981],[32.77756275346574,0.503186622263833],[32.77431877428231,0.5039808288800527],[32.77431859875817,0.503980878810428],[32.77356402481896,0.50458802291532],[32.769965626804975,0.505441359797705],[32.768157036050816,0.505099908783798],[32.76608472022315,0.503468795952731],[32.7635602576996,0.502179039789292],[32.760564566631764,0.50147730232694],[32.759283691374925,0.501780557474564],[32.757324387885994,0.501590914962726],[32.75642764100792,0.50183058294441],[32.75272535777857,0.5022124218490942],[32.75247391474205,0.5022457635758294],[32.75227358451622,0.502511481071669],[32.752033742171555,0.5030496677998516],[32.75203463163792,0.50305826995213],[32.75202998130465,0.5030581068795149],[32.75202997981088,0.503058110231427],[32.751996314260744,0.5030569262817863],[32.74942681949749,0.502966822152368],[32.74900841812442,0.503898139555327],[32.74885539174413,0.503773187967782],[32.74778239011098,0.5042861643081767],[32.747728286867165,0.504312089977632],[32.747728090817446,0.5043121234978201],[32.74772767726322,0.504312321208174],[32.746599691674916,0.5045050978275],[32.74560606780999,0.504411132591819],[32.74528490173559,0.504783955421359],[32.744699685630614,0.506620440857432],[32.74366944801074,0.508723596293152],[32.742626760211785,0.508582704397044],[32.74102818164214,0.510644110458826],[32.7401230867141,0.511497477948508],[32.740034503121656,0.513047588241105],[32.740033634279484,0.5130486040413094],[32.740033617146395,0.513048902517649],[32.73844680623732,0.514903843778809],[32.73844677338149,0.5149038703693578],[32.73844668755312,0.514903970714937],[32.73748559865431,0.51568185833679],[32.73623750356424,0.517649301706262],[32.7355780818021,0.518218530685512],[32.73477729406879,0.520873428544792],[32.73388275041021,0.5225321626619973],[32.733882664048004,0.522532322807413],[32.73388266404079,0.5225323228150575],[32.733882403292675,0.522532806314985],[32.732092947586686,0.5244289377161357],[32.73209289019104,0.524428998539982],[32.73209289017394,0.5244289985514627],[32.73209260127133,0.524429304676556],[32.73025593833743,0.525661867040936],[32.730255888521434,0.525661900474892],[32.73025588850556,0.5256619004825014],[32.730255738528385,0.525662001130376],[32.72827738134708,0.526610297861765],[32.72410901038212,0.527108340531747],[32.722130840761096,0.529099287053287],[32.720105513425665,0.530569040492879],[32.71916362763666,0.530901059655686],[32.718221363938284,0.532038897942875],[32.718220999961446,0.5320391683652653],[32.71822099996114,0.532039168365638],[32.716243461382305,0.533508412169885],[32.716243461380195,0.5335084121711382],[32.71624335848582,0.533508488618157],[32.71417108843832,0.534741125899571],[32.71318146038609,0.5358796143632979],[32.71281171035169,0.5365724568559065],[32.711650739865206,0.5387479513423836],[32.710143494649465,0.5432044302327699],[32.70915413748417,0.546760726129441],[32.70915407533752,0.5467608489243647],[32.70915406266937,0.546760894459538],[32.70864661302375,0.5477635385678865],[32.70724654318153,0.550529922381806],[32.70604405539693,0.5552039872120539],[32.7058804539688,0.5558399190989298],[32.705644771898854,0.5585424966690942],[32.7056447615025,0.5585426158981467],[32.70566822167404,0.560510556280042],[32.70689252957038,0.565252062500547],[32.70696299234061,0.5690214625127813],[32.70696299237196,0.569021464188654],[32.70696299237196,0.569021464190254],[32.70696299280979,0.569021487611904],[32.70696282891461,0.572150859423807],[32.70624964843799,0.5740193469330735],[32.706142136438466,0.574301054382491],[32.7141702022423,0.580263997418644],[32.71769623299003,0.584362188575407]]]}},{"type":"Feature","properties":{"n":"Namataba Town Council","c":"108306","d":"Mukono","od":"Mukono","dc":"108","k":"NAMATABATOWNCOUNCIL","a":["NAMATABA","NAMATABATOWNCOUNCIL"],"lat":0.397662,"lon":32.875952},"geometry":{"type":"MultiPolygon","coordinates":[[[[32.842781591243245,0.403665691350935],[32.84278162843632,0.4036658913874906],[32.84278176227054,0.403665887220432],[32.8428245935874,0.403887170531811],[32.842297412461384,0.4041031981590658],[32.8426598962558,0.40475007372399646],[32.843245757134625,0.404536770757195],[32.84324556421689,0.40453889290712375],[32.84324566232132,0.404538857380836],[32.84321742375654,0.404850059723732],[32.84321726320224,0.404850212122718],[32.84321720504613,0.404850851856452],[32.84281059454571,0.40523732457750233],[32.842813916707314,0.4052487093924789],[32.84286206417104,0.40540728030002965],[32.8433440187217,0.405308019789849],[32.84334402961818,0.40530806319153695],[32.84334569801538,0.405307717962805],[32.84337186937012,0.40541895154678304],[32.84337426304478,0.405428485778505],[32.843374131133245,0.40542856450037484],[32.84337424797857,0.405429061116805],[32.842668416167015,0.405851108104102],[32.84317437295261,0.406414165693606],[32.84307487365665,0.40670768622662123],[32.843176391100044,0.4069108928151932],[32.843331418906104,0.407220800324439],[32.843331370625094,0.4072211139903076],[32.843331544132255,0.407221461298094],[32.84332144715963,0.40728558348550514],[32.8432756458143,0.407583139780074],[32.84377399643068,0.40749919845034],[32.84370261571992,0.407806140936591],[32.84325249556349,0.4079002924967314],[32.84312374939748,0.4083731517166922],[32.843079759121075,0.4085353991211],[32.843281969369244,0.4087841893504861],[32.843313688015044,0.40878754716157933],[32.84377399788576,0.408834077057211],[32.84377399741085,0.409105329034568],[32.843487995782965,0.409227931811706],[32.84346758607884,0.4092813117683457],[32.843396405506894,0.409470564805035],[32.843603767122325,0.4098545575089073],[32.843771984293184,0.40980793411110294],[32.843959597509574,0.40975493013973],[32.84399095521959,0.4098294262103178],[32.84421544405551,0.4103589904076294],[32.844479685010256,0.41027361207109914],[32.84451598950104,0.410261460036638],[32.844515982054936,0.4102618842096891],[32.84451639102964,0.410261752066736],[32.844503679950044,0.41100095754213],[32.8452817495655,0.4117768574868079],[32.845358199230105,0.411852969245811],[32.845358192952965,0.4118530877095643],[32.8453587182877,0.411853611579385],[32.845350894097415,0.4119908335513248],[32.845334898466334,0.4122927071329481],[32.84576322980124,0.41234140499544],[32.8460608133452,0.412613955585748],[32.8466793215916,0.412457998989004],[32.84667861516108,0.41246077948025767],[32.84668046093891,0.412460318744177],[32.84663349399821,0.41263837514718443],[32.84658115810694,0.412844367788373],[32.846758201715254,0.413314680617176],[32.847321771909165,0.413600134652708],[32.847236116064394,0.413750034176247],[32.84672961241947,0.413735799726902],[32.84666880549961,0.4138399470152234],[32.8466010105885,0.4139567010490194],[32.8470295271039,0.414284969678485],[32.847393159030254,0.414221176858311],[32.847392562092246,0.4142218412861852],[32.84739325903533,0.414221719385072],[32.84703101619061,0.41462593510301043],[32.84735510899015,0.41476985400710653],[32.847547212221855,0.414853410479825],[32.84754581992909,0.4148545424339101],[32.847550199064415,0.414856487063221],[32.847238358284216,0.415106638363501],[32.84800705632935,0.415234826418561],[32.8480038920877,0.41523605255377966],[32.8480048110978,0.415236207832426],[32.84774172057651,0.4153376433168638],[32.84737835437195,0.415478446754395],[32.846952014485325,0.416047094699554],[32.84701434837955,0.41620446650154547],[32.84701435000337,0.41620447047127423],[32.847521650880026,0.416455491880901],[32.84752198455975,0.4164566243918889],[32.84752224808004,0.416456754850295],[32.84767107017245,0.4169606378648347],[32.84799992234647,0.416862382465527],[32.848101292904985,0.41709945555435113],[32.84836348659554,0.4177106716231241],[32.84859702682209,0.41774518726733934],[32.8489982628446,0.417802610092007],[32.84899655441681,0.41780423470647654],[32.84899929364928,0.417804639546254],[32.84863766084401,0.4181455214107423],[32.848439694735866,0.418333775549925],[32.848439134121726,0.4183326564224351],[32.848435206164126,0.418336358988939],[32.848269899392726,0.4179978624124992],[32.84780490199273,0.41817149128859044],[32.847507375787615,0.418282905812823],[32.847507106417034,0.418282687418106],[32.84750679470769,0.418282803809602],[32.84748092072712,0.41826145712510365],[32.84726199213564,0.4180839587220116],[32.84673167161261,0.41826504399374703],[32.84668008890008,0.418282680849396],[32.84655914359007,0.41851254363235757],[32.84686585116815,0.418829787248205],[32.8468623218018,0.41882984926748],[32.846864919558584,0.418832564230219],[32.84630097962274,0.418841827430182],[32.846187410148175,0.419552291766777],[32.84760730970145,0.419803393386597],[32.84763194905214,0.42005681377961374],[32.84765815714946,0.420314657254217],[32.84765700312107,0.4203144996282347],[32.847657279884565,0.420317346193261],[32.8472105680929,0.420254210926422],[32.84723589463813,0.4205434172081771],[32.84723605347452,0.4205450452259615],[32.8473234119618,0.4206995696834535],[32.847534830471986,0.42107207158931326],[32.84779302339557,0.420988373959778],[32.847793570828166,0.42098865559877624],[32.84779403808216,0.420988500792272],[32.84804186927234,0.421115676185107],[32.84804162495091,0.42111627261409423],[32.848042751559994,0.421116852223445],[32.847857929856254,0.4215678051171755],[32.847953326492004,0.42172190645374313],[32.84813567525234,0.422016071637248],[32.84838640105283,0.42206429056951245],[32.848456655744926,0.42192720257073835],[32.84862810640175,0.421587991587954],[32.84944085769537,0.421979781926334],[32.849664395904334,0.4218643828359748],[32.84979814140114,0.421794536854237],[32.849798302009575,0.4217952553127224],[32.849798793968425,0.42179500134449],[32.849991534781566,0.422658854787847],[32.84999141225671,0.4226591059183267],[32.849991534781566,0.422659654015426],[32.84994517006487,0.42275388525310786],[32.84979950644284,0.423052441628714],[32.849998404633105,0.423407729846854],[32.85021465066679,0.4233427037770186],[32.85039787435697,0.42328708288849226],[32.850319981181016,0.422473054034673],[32.85032108319001,0.4224719520820573],[32.85032107267506,0.422471841271997],[32.85036256140188,0.42243047599214245],[32.8506268528361,0.422166198078656],[32.8508458006454,0.42228609948671714],[32.85092567012,0.422329769571991],[32.850925657645305,0.4223298312178644],[32.85092665683529,0.422330378399801],[32.850704903626216,0.4234207256585564],[32.85052718646977,0.4242989459455151],[32.85166904738835,0.425071519344061],[32.85166727612243,0.42507453478394663],[32.85166812147479,0.425075108604419],[32.851305780805276,0.4256911487832351],[32.85149772833424,0.426063749085648],[32.851497191854925,0.4260645538053339],[32.8514971969167,0.426064563607177],[32.85149171482624,0.4260727693556503],[32.8512550284413,0.426427799248011],[32.85096245480749,0.42623109993358926],[32.85095492812545,0.42622613928509706],[32.85083420577312,0.426370320413125],[32.850676959730855,0.427241817337931],[32.85077701908305,0.427483903007481],[32.85136673741471,0.427818149629133],[32.85146918152674,0.427719862725964],[32.85192609927888,0.42806261380969],[32.85192635368749,0.4280633433016189],[32.85192653890022,0.428063482323179],[32.851978837909265,0.4282138367001578],[32.85203310635535,0.428369446188253],[32.8519123113171,0.42872530207327303],[32.85239549159482,0.42852926635087063],[32.853423388867746,0.428112206318776],[32.85449100819291,0.4280403030647472],[32.85770870465254,0.426196994493257],[32.85770873975226,0.4261969885927654],[32.85770932619381,0.426196652624526],[32.85856263760862,0.426053098159612],[32.85974596183432,0.42437229445212576],[32.85977202679488,0.424335251322002],[32.85977204791091,0.4243352415689993],[32.859772469788474,0.424334642330547],[32.86062595798295,0.423940593514178],[32.86123081147682,0.422902374262832],[32.862333447229744,0.422329476753284],[32.86718660190264,0.421636478996522],[32.869459680334685,0.422094160528193],[32.8709699329325,0.421984778811763],[32.87087999367102,0.416170198467639],[32.87087999718185,0.4161701702024601],[32.87087999652415,0.416170128564958],[32.870906010789035,0.4159607388030298],[32.87123047489129,0.413348530102915],[32.870833779656074,0.411151764294015],[32.871190746944194,0.410432990646979],[32.87129356787875,0.409709342557725],[32.87344888717436,0.408060414889097],[32.87487151547933,0.407839600240508],[32.87906296251117,0.4053723293008515],[32.879348170100926,0.4052044421419935],[32.88115926449579,0.4035591320877],[32.88265832260934,0.403392571030697],[32.88369147600724,0.403511089596188],[32.88401462018002,0.402690626664021],[32.88401692882777,0.402690393560428],[32.884016957171966,0.402690321624739],[32.884362767220594,0.4026554743433179],[32.88694284497215,0.402394964529961],[32.88785139323257,0.40593706176556316],[32.88785412369417,0.40594768116361823],[32.888672234301765,0.407738085336747],[32.89286898122022,0.411390362265862],[32.894505099897366,0.411641038953665],[32.8954610157761,0.410824814891889],[32.89695412509074,0.410337027774243],[32.89695439192917,0.41033706283290877],[32.89695441120489,0.410337056536045],[32.898579613649524,0.410549950775802],[32.898579383012176,0.410550562884134],[32.898584047338986,0.410551175708428],[32.89840088614665,0.411041762800848],[32.899536740902185,0.410519763310866],[32.90006757018353,0.411027840766734],[32.900809899163995,0.412369599250543],[32.9019045241638,0.413036090409178],[32.90437728887233,0.41406936765465285],[32.904569312594326,0.4141496063921818],[32.907065014540294,0.41493498717864363],[32.90729124611711,0.4150061798491943],[32.90943725222116,0.4153250490188052],[32.90943738965643,0.4153250694369903],[32.9101096786754,0.415288411235621],[32.910919343339984,0.415842480202865],[32.91303926861679,0.41126282980429213],[32.91316283343219,0.410995402046466],[32.91316308431294,0.41099535216797567],[32.9131637550504,0.4109939031815],[32.91473601681047,0.410680400355304],[32.914397471036196,0.409190274485339],[32.91444503905379,0.408101109398646],[32.91547954149036,0.406616562581366],[32.916097608893395,0.405311853008017],[32.9161808099949,0.404558623257598],[32.915598334509106,0.402571499308902],[32.91563384899615,0.401852941152006],[32.915426879219375,0.40119635977014745],[32.915260023144036,0.400667072908573],[32.91268328737896,0.39981205489487],[32.911499556889105,0.39989324049147],[32.91015260462045,0.400300331224085],[32.90894636353481,0.3998976325003503],[32.9089,0.3999],[32.9089,0.3834],[32.89815971706797,0.37921311004344666],[32.89386648673591,0.378071091169726],[32.8916585681409,0.378003088500822],[32.89137324996906,0.377667970349325],[32.89120685453816,0.376543738682195],[32.89120767688209,0.37650299268284887],[32.8912,0.3765],[32.88371233043622,0.3696249579459796],[32.88243510458836,0.368531946169637],[32.88127445787863,0.367901767582367],[32.88018883079377,0.36640469533510356],[32.87844856489327,0.3671362720830862],[32.87784482761964,0.367530933998914],[32.877760496408655,0.367560234694997],[32.877010593388235,0.36780512329046],[32.87634814793006,0.3680192499147514],[32.8645,0.373],[32.86452611092802,0.37239944865564495],[32.864402549908185,0.37257678757825385],[32.86445701357341,0.372995114663995],[32.862711433870295,0.37309009238863],[32.86109284107984,0.373850402226263],[32.860174157846885,0.375372480405749],[32.85951486641666,0.375643990815019],[32.859514435651995,0.37564376369361663],[32.85951485361043,0.37564399684099],[32.85894543921873,0.375841125653626],[32.85729426031577,0.377490864448589],[32.85542607028368,0.37990633373127],[32.8546673092657,0.38071871681519465],[32.852059596530665,0.3835107208127994],[32.85108493992745,0.385196498935561],[32.84970974971431,0.386598573364067],[32.849309004549234,0.387947128479316],[32.84930882839533,0.3879472399125332],[32.84930880579326,0.387947316104379],[32.84927334484746,0.3879696864539822],[32.84847843251129,0.388472540136148],[32.8485038709377,0.3896007836410293],[32.84850600873476,0.389691943628066],[32.848505927856415,0.38969201197189346],[32.84850593805174,0.389692464154186],[32.848338190406274,0.389835227268497],[32.848154864135765,0.38969608457605576],[32.84804328659371,0.3900064377620061],[32.848020527043666,0.390070797876453],[32.847638591517004,0.39033637879181454],[32.847628319409445,0.3906929702731519],[32.84761006953727,0.391355707866001],[32.84742124677886,0.3915675016498204],[32.847421141859805,0.39156818291714834],[32.84770643857104,0.391776874289145],[32.84717863235029,0.392876057183187],[32.84719961247737,0.393143871003242],[32.84635312087968,0.39352992801663234],[32.84634709545526,0.3935326888377665],[32.84586473747334,0.394871356203766],[32.845557802227034,0.3947472190266172],[32.84556131902602,0.3950956013168126],[32.84578621267298,0.395424587157348],[32.84578422658783,0.39542524010476093],[32.8457848291723,0.395426129844775],[32.84548902852509,0.39552228972611303],[32.84526512031762,0.395595902020686],[32.845108808758674,0.395375677142874],[32.844813755361116,0.39537252307971],[32.84458595922111,0.395842178796078],[32.8445843785275,0.395841687396213],[32.84458414889711,0.395842162526999],[32.843926603350084,0.3956372008137106],[32.843692080022294,0.39556429311597],[32.84323070376504,0.395974960518979],[32.843205920355565,0.396329893679462],[32.843419840032034,0.396559589158772],[32.84283279788556,0.396894788381036],[32.84304066802942,0.3970100503475138],[32.84305179456782,0.397016148814055],[32.84305183479491,0.3970162422100219],[32.843052212553154,0.397016451673282],[32.84319145031616,0.39734039010705424],[32.84322704341079,0.397423027242743],[32.843226993209385,0.3974230811020389],[32.84322710140845,0.397423332828554],[32.84278172142152,0.397900858549427],[32.84278452305392,0.398197845978062],[32.84231320092671,0.3982947326766467],[32.842234928551385,0.39855489448571996],[32.84212252923769,0.398929435649007],[32.84208981970718,0.399712340881643],[32.842553715981964,0.399958657355981],[32.842712337795064,0.400333746114285],[32.84271210928245,0.4003343496896994],[32.84271217117141,0.400334496285335],[32.842660853222064,0.4004697334550953],[32.84235345941808,0.401281659504984],[32.8419185465775,0.4014335128868753],[32.842060597028336,0.40196619448647625],[32.84240342752131,0.402166825888221],[32.84238201194123,0.402687924211525],[32.8420458981285,0.403054266092157],[32.84183275606926,0.40328712631809127],[32.84209026021303,0.4036872656390399],[32.842781591243245,0.403665691350935]]],[[[32.87757717277412,0.367620093952897],[32.877577174646945,0.367620099687883],[32.87757717277414,0.367620093952889],[32.87757717277412,0.367620093952897]]]]}},{"type":"Feature","properties":{"n":"Seeta - Namuganga","c":"108307","d":"Mukono","od":"Mukono","dc":"108","k":"SEETANAMUGANGA","a":["NAMUGANGA","SEETA","SEETANAMUGANGA"],"lat":0.741528,"lon":32.807946},"geometry":{"type":"Polygon","coordinates":[[[32.75060595933797,0.643686416919879],[32.751016375712645,0.644862787407725],[32.75109718707744,0.645607191074177],[32.75529146279323,0.6761272398996903],[32.75542245682162,0.676609502886341],[32.75573519630143,0.679124238011749],[32.75567377628936,0.6794702170912708],[32.754008038713884,0.70298651227456],[32.75401350558469,0.7031353222984269],[32.75680055994983,0.7104245414072446],[32.75948751224325,0.71699695087428],[32.76183334137125,0.723457139735506],[32.76152043803896,0.725655552228645],[32.76015144336198,0.7315929144048291],[32.75887516435059,0.7378582840971034],[32.75854770200879,0.7396695054487],[32.75854767263859,0.7402424817495289],[32.75924438537626,0.7481705922126844],[32.759842663572776,0.750607850822097],[32.759722385684555,0.753609906065598],[32.75987059686392,0.7552964470721938],[32.76030597239254,0.758162664307937],[32.76022584515018,0.7593389275710046],[32.761359269095436,0.7722365103963015],[32.76142268420492,0.772692053635889],[32.761172899146764,0.774854328501932],[32.760673443314204,0.77626566609956],[32.75962607303201,0.7780217809039627],[32.7589,0.7802],[32.7611,0.8184],[32.77169861792109,0.8371146766894962],[32.773199456027285,0.8390586343446891],[32.783159206885976,0.8496081072937025],[32.78317684601982,0.849622202310252],[32.78322007249091,0.8496725767831393],[32.7874,0.8541],[32.7946,0.8557],[32.7946415356158,0.855640194959204],[32.79459324217523,0.855429698669062],[32.79536015901901,0.854445257673497],[32.7955866710091,0.8542793421184816],[32.82082603302582,0.8179384562071857],[32.821155588968786,0.817397772715891],[32.82122506703423,0.8172633137190193],[32.823665145417465,0.8039579806481718],[32.82346729476993,0.801854548486414],[32.82411595866912,0.79687876272735],[32.825088730535526,0.792310064495716],[32.826489054029246,0.7885596865197888],[32.8265,0.7885],[32.82679045110187,0.7880867407141203],[32.832668720048346,0.779290921961556],[32.84381551047295,0.763666746660625],[32.845994061427504,0.7607634830695886],[32.8563,0.7461],[32.8571568668164,0.7432306236213829],[32.85723208541442,0.742813237290951],[32.857232243715536,0.740044300999637],[32.85763758711034,0.737185717487272],[32.859096675616804,0.732861411707759],[32.8613261410335,0.728084074455481],[32.863109652085384,0.72212694893671],[32.863848742831124,0.7208216440720836],[32.8715,0.6952],[32.87049403816117,0.6901701908058498],[32.86636900940049,0.6875832679134944],[32.865503204737614,0.687040299691523],[32.85889170567267,0.683265847236919],[32.85874257253837,0.683180708311646],[32.85598094954964,0.6816868511486393],[32.85598079700633,0.6816867686327],[32.854623551221074,0.681176215847778],[32.851420639534176,0.6840029521632937],[32.85142061443138,0.684002974317818],[32.84879352909286,0.686744246633399],[32.844968945221396,0.688420809727376],[32.8448744056912,0.68953561900819],[32.84432706483361,0.689467202647546],[32.844184823413876,0.6905885765423894],[32.844446102986424,0.6914259788586047],[32.844446114583725,0.691426016028008],[32.84565899540182,0.693269931058157],[32.84668141131305,0.6959853860953],[32.84450924959463,0.69617509071811],[32.84325533517718,0.696719539628926],[32.842155026201105,0.6969273312565023],[32.842146980750535,0.696928850799596],[32.842146979920976,0.6969288507839085],[32.842146625967644,0.696928917627441],[32.84108251129383,0.696908760690727],[32.83745732600352,0.697334744191606],[32.83757826110365,0.701256946165412],[32.83832973551772,0.703798468801683],[32.838329754505125,0.703798604717587],[32.83832976093843,0.703798626475102],[32.83833041454574,0.703803329429721],[32.8388242060081,0.707337994516534],[32.83835824055826,0.709079008627521],[32.83719310023153,0.711257331245821],[32.83709777305425,0.713890435776397],[32.83682805335133,0.714569155293856],[32.836312775285734,0.714071446361876],[32.835124108362024,0.7137123242361],[32.83412522084404,0.7124434053561549],[32.83406603597857,0.7123890717744572],[32.83250848953358,0.710959398781087],[32.83250824599022,0.7109589712084722],[32.83250822282005,0.710958949937525],[32.83184587926243,0.7097960987213802],[32.83055883280731,0.707536518266192],[32.828822882655146,0.706099920640894],[32.828168617066595,0.7045326489575234],[32.82813345466766,0.7044484463783808],[32.8266831078576,0.702252034246044],[32.81844347505767,0.704262213930192],[32.8179901896718,0.705025488327649],[32.81350548391536,0.7042049428796625],[32.81289406700962,0.704093078583027],[32.812894040167855,0.7040930699027141],[32.81289395988796,0.70409305521428],[32.811010468653336,0.703484248782341],[32.81024857632479,0.697663033013978],[32.810026678791246,0.69768845258659],[32.810026382645454,0.6976831678387768],[32.810026382597826,0.697683167844103],[32.81002608839163,0.6976779168534298],[32.80989106970816,0.695268496538463],[32.80989108241749,0.695268330893831],[32.809891086647475,0.6952682757705081],[32.810105215996,0.692477555899427],[32.81110831776774,0.690669771946988],[32.81243681916494,0.686127824646846],[32.8135726769566,0.684513351148095],[32.8120055939847,0.683301464783106],[32.810859912351596,0.683938322884473],[32.81085763619697,0.6839337418644718],[32.81085763609685,0.683933741919737],[32.81085718593914,0.6839328356693912],[32.810323198200244,0.682858124626135],[32.810323097760865,0.6828576178345515],[32.81032308880256,0.68285759979984],[32.810318998271455,0.6828369328529148],[32.80903722489226,0.676369430153757],[32.8087294330336,0.676593476677775],[32.80802075665461,0.675854712816439],[32.805819817901614,0.674581235209146],[32.80285945707831,0.673562216696528],[32.80285939291446,0.6735621758656621],[32.802859325934726,0.673562152809859],[32.80194860809102,0.6729825950762527],[32.80017779789567,0.671855734434213],[32.79883675116678,0.670429287071711],[32.79827996093894,0.67003462336466],[32.79856418022805,0.668866746117827],[32.797771641786596,0.668695118960172],[32.79748344261967,0.668105457361614],[32.79748610542658,0.6681049502596538],[32.79748611318521,0.6681049381263479],[32.79748344561779,0.668105445800688],[32.79819738905905,0.6669860277805768],[32.792823713955826,0.6623008025912684],[32.79211261219896,0.662715904897417],[32.78916400375693,0.663170592603022],[32.78628667946848,0.661901710532727],[32.786286555643585,0.661901640409502],[32.7862865521209,0.661901638412338],[32.78590635260359,0.661686321122933],[32.78564480336232,0.661279373400956],[32.7856907109672,0.6597792470193591],[32.785692377380585,0.659724102486208],[32.78569240057057,0.6597240357184984],[32.78569241557967,0.659723545265072],[32.78585862666623,0.659244164035582],[32.78571623245346,0.658765797904463],[32.785716209139196,0.6587654215363378],[32.78571620183708,0.658765397008179],[32.78567750663667,0.6581406370783988],[32.785392462608044,0.653539097972242],[32.78474539761031,0.651887246469827],[32.784786721649276,0.649023561697389],[32.784518993101436,0.645351871053965],[32.78418917978012,0.64456255357102],[32.78707505564583,0.6421555550840055],[32.787101719024655,0.64210776132188],[32.78763579807575,0.641149575559354],[32.79282811907105,0.641427790793192],[32.796069550419645,0.641264670635846],[32.795757240598455,0.640524199312042],[32.79480005345016,0.63972102785467],[32.79353985665335,0.637383291036178],[32.793663177098395,0.634865671223318],[32.79313057415684,0.634370320008532],[32.79205623223713,0.632670519888862],[32.791418523720985,0.633146816036865],[32.790739420035976,0.634009841600583],[32.78927458365429,0.633258317792805],[32.789143338367076,0.632820574574355],[32.78914333503898,0.6328205694546103],[32.78747857789369,0.630259605946457],[32.7855054742442,0.6295415784935],[32.781820371750385,0.6292541984829086],[32.7818203200781,0.629254194453283],[32.780345513704255,0.629326002592373],[32.77851731196897,0.629902405657477],[32.77498829195992,0.629350460493161],[32.774076615232595,0.6294182962968584],[32.77215416065423,0.6300293733957383],[32.77144548029392,0.630606757213609],[32.7705008253934,0.631727379451325],[32.76918405604651,0.63227802707079],[32.76625704131193,0.631904386111169],[32.76625692966415,0.631904366838514],[32.76625692789235,0.6319043665321769],[32.764814318210696,0.631655336838563],[32.76366006505417,0.630742322300619],[32.76098057658156,0.629289690359385],[32.75966156059414,0.628086550551457],[32.75845331803794,0.62804186103063],[32.758453737931774,0.6280415599959689],[32.75845372010186,0.6280415593376046],[32.758453301657326,0.628041859320082],[32.75739413254824,0.628003036979606],[32.75666853561871,0.626814257716995],[32.75471697224817,0.6282536002738474],[32.754701264566506,0.6282651939076462],[32.7518185067782,0.633422818584043],[32.74957640184638,0.633584583107188],[32.74781616340338,0.635034257804005],[32.746739598447746,0.6364417537458189],[32.74628631443258,0.6370343921555695],[32.74820382672035,0.6402340963948017],[32.749513619629006,0.642320309085732],[32.75060595933797,0.643686416919879]]]}},{"type":"Feature","properties":{"n":"Ntunda","c":"108308","d":"Mukono","od":"Mukono","dc":"108","k":"NTUNDA","a":["NTUNDA"],"lat":0.583188,"lon":32.936443},"geometry":{"type":"Polygon","coordinates":[[[32.87679840403113,0.671783204100458],[32.8772692314097,0.67161126763479],[32.877862865859356,0.6715627938854665],[32.90009615172075,0.666600858843437],[32.900108494153855,0.666592899758573],[32.90017013366051,0.6665413754530121],[32.90300431042091,0.663605086104775],[32.905270377472306,0.660890878981101],[32.907963186936286,0.658575095708259],[32.913371543236956,0.655408267739003],[32.914166764048204,0.6548416280007315],[32.919585272665906,0.6503123105408092],[32.9240806376822,0.644026970030537],[32.92646363619917,0.6415418007821727],[32.93118126400393,0.6355219706293673],[32.932438454949406,0.632898862559935],[32.934832499454934,0.629415673150626],[32.940635542587366,0.6234580364563163],[32.95563423264628,0.6043192721438523],[32.95697065110708,0.602401225671281],[32.95792801239183,0.601171649589464],[32.95844374812897,0.6007342487555332],[32.96068917493737,0.5978690189055801],[32.96093163228548,0.59755119558298],[32.96366745665451,0.594882477732991],[32.96507818785994,0.593841981157346],[32.972547628551844,0.5897806130001597],[32.97463122523298,0.5883818348086283],[32.97518884428242,0.587970129286652],[32.97521685641532,0.5879345574463887],[32.97940512486847,0.571674221098871],[32.97860887480246,0.566410324689101],[32.97865156451287,0.562619729740039],[32.97954960128945,0.560303093361733],[32.98078893332978,0.558014807202597],[32.98211446524655,0.556856339266858],[32.9836641984673,0.554983544571185],[32.9819541403214,0.551274121830117],[32.97996501371111,0.545141887192962],[32.979784959363535,0.544525258716446],[32.97967152340773,0.5432468157153416],[32.974,0.5267],[32.97395717660282,0.5266354250360074],[32.97173766319454,0.523837290306319],[32.968168450522846,0.518623400475189],[32.961740514086266,0.5082134736221512],[32.9614,0.5077],[32.956134877541245,0.4930967358219397],[32.95609217211585,0.493018153440963],[32.95544030519755,0.4930268066371581],[32.950969995623986,0.493086223085684],[32.944620977485066,0.494930184731963],[32.94056616303988,0.495216600721292],[32.93336361453384,0.495341853918523],[32.92660586016465,0.494840530258311],[32.923831992486726,0.495806915367945],[32.92217714032389,0.4981523695736593],[32.92217713957503,0.4981523706355434],[32.920540689003374,0.501196326233373],[32.91739287773851,0.505976401546546],[32.914902833332114,0.508662110826379],[32.91259091945953,0.5106313876373],[32.91002967742582,0.5120280229747023],[32.910029636521195,0.5120280521587977],[32.90819810462112,0.513334808604712],[32.90677530005506,0.514802873396647],[32.90321077412166,0.5169621911865298],[32.90275617897408,0.5172375791512152],[32.90055062459903,0.519028055228341],[32.89727825812223,0.520317107901571],[32.89606888452505,0.521176446416363],[32.89475278737718,0.522501281105674],[32.89327795258253,0.522411470703893],[32.89218832780748,0.5230003443512],[32.89140403632563,0.5239101258724093],[32.8907854766696,0.5246277909639596],[32.89045219589734,0.52611231800927],[32.89007166188415,0.52692629393278],[32.89007144552116,0.5269265895165961],[32.89007144551265,0.526926589534789],[32.890071439339636,0.5269265979614726],[32.889738823066054,0.527381000940782],[32.88914480834405,0.5277420384887631],[32.88880349914318,0.5279494957670507],[32.88885341328357,0.5284071475042919],[32.88949990168138,0.5318752999115106],[32.88950000507067,0.531875801020094],[32.88950001444436,0.5318759048398981],[32.88950001862737,0.531875927280107],[32.88955782852713,0.532516234288294],[32.890016092282615,0.537591810405275],[32.890466873582476,0.538578382940893],[32.8918427804203,0.539271090175976],[32.891842841965484,0.5392711338547924],[32.8918428813591,0.539271153687511],[32.89188876849198,0.5393037280581554],[32.89345755098652,0.540417098033138],[32.89345787819025,0.5404176080869445],[32.89345787819586,0.54041760809093],[32.893457899931725,0.5404176419781372],[32.89427810697702,0.541696202366687],[32.89516490411311,0.545227303250249],[32.89556159269473,0.546212394453358],[32.896462007643024,0.546826322551527],[32.89696505401196,0.547785654705355],[32.89871218914917,0.54949141602982],[32.8987123470201,0.5494916616579095],[32.89871234702587,0.549491661663541],[32.89871239925867,0.5494917429348055],[32.89944010602321,0.550623966721423],[32.899863671227465,0.551823203292992],[32.900686910841856,0.5534996917389893],[32.901028381499415,0.55419506914867],[32.90102838515634,0.5541950879915846],[32.901028439670206,0.554195199006491],[32.9012666383212,0.555420953787073],[32.900485833344696,0.558072873513336],[32.90096211510035,0.560444431808046],[32.90090918094472,0.5617763407322723],[32.900909175607865,0.56177647507813],[32.900909175605015,0.5617764750879335],[32.900909162339495,0.561776808869893],[32.90033999588518,0.563735676836788],[32.90012827798314,0.565067620991356],[32.90052519785559,0.567573239179146],[32.89938709859345,0.570424092844609],[32.89943975789402,0.570984388905169],[32.899030420950744,0.572843611902463],[32.89834640901843,0.574005558495917],[32.896465435143554,0.5755129368757057],[32.89648009272355,0.5761873366589495],[32.89652950209558,0.578459701322712],[32.89704243288458,0.580267206892011],[32.896747871698004,0.581848540264682],[32.89671232179464,0.5818335011146349],[32.89671231940404,0.5818335124600179],[32.89674786983091,0.581848551911317],[32.89614469972368,0.584528167805448],[32.89642248232707,0.586571892435599],[32.89713723667625,0.58848684378067],[32.89684778407013,0.588732414556876],[32.89561360848174,0.589057787343965],[32.89345145135153,0.589040555006724],[32.89305658913256,0.589411610244242],[32.892932374366424,0.5899489481275965],[32.89292815574218,0.5899672299342372],[32.8930278352918,0.590439424175373],[32.892485354585624,0.592181418151952],[32.89262801198003,0.5947925206254412],[32.89262805157019,0.5947931381873724],[32.893384755082565,0.596863970223607],[32.89344185975447,0.597492144801076],[32.892899726655855,0.598220361501003],[32.893034028044156,0.599292922144237],[32.89303377278046,0.5992937175614076],[32.893033781174005,0.599293784592117],[32.89243363175621,0.6011637934404994],[32.891612701890786,0.6037218607575844],[32.891612683614895,0.6037219600970007],[32.89129213620936,0.605464395752541],[32.89129206717702,0.607573132547988],[32.890779052148446,0.608519903203862],[32.88966724554751,0.60942454199373],[32.88936820582325,0.610284686438669],[32.88876970451492,0.61338287490053],[32.88686725173296,0.617406651910648],[32.884002257648525,0.6188276390579597],[32.88400223904862,0.618827661526273],[32.883361602576514,0.61960194978195],[32.88267775593057,0.6222691917784183],[32.88267774198288,0.6222692461811935],[32.882100645159596,0.626724631697329],[32.88210531880664,0.6267447944444935],[32.88240023428861,0.6280156194241656],[32.88240074037789,0.6280163270308821],[32.883169346955164,0.629090947131139],[32.88496458270212,0.631027358805885],[32.885734054574634,0.632361471942925],[32.88588361188465,0.634792677080286],[32.8866102593514,0.639698929246308],[32.88605446705341,0.641936874674085],[32.884621379333694,0.643457441687228],[32.88462133139816,0.6434574027402737],[32.884621323476985,0.6434574111477651],[32.884621371718104,0.643457450343388],[32.884621126610305,0.643457620100992],[32.88447265928637,0.643615202512168],[32.882592272194266,0.644862796704209],[32.88259221385748,0.6448628114666591],[32.882591644266775,0.644863205955744],[32.87859460029978,0.645874661439021],[32.8773854521516,0.647133469130322],[32.877355183393604,0.6471649890302883],[32.876072128674856,0.649618474984416],[32.874896396209785,0.651060351494481],[32.873784851857536,0.653556257735549],[32.872160508944795,0.656525394627275],[32.87203230464548,0.659108598823486],[32.873891556426884,0.665025307658979],[32.874196986997816,0.6658170977489638],[32.87560129002565,0.669457575574714],[32.87560129002566,0.6694575755747337],[32.876257602815116,0.6707326059523557],[32.87679840403113,0.671783204100458]]]}}]}
