{"type":"FeatureCollection","name":"Ntungamo sub-counties","metadata":{"source":"Uganda Bureau of Statistics NPHC 2024 Map Explorer","retrieved":"2026-07-26","display_only":true,"clipped_to_dashboard_district":true,"positive_area_overlaps_removed":true,"source_gap_ratio":0.00657541},"features":[{"type":"Feature","properties":{"n":"Bwongyera","c":"411101","d":"Ntungamo","od":"Ntungamo","dc":"411","k":"BWONGYERA","a":["BWONGYERA"],"lat":-0.787314,"lon":30.085014},"geometry":{"type":"Polygon","coordinates":[[[30.053006524666905,-0.77929249356762],[30.053055291110365,-0.778890518252229],[30.053133297885648,-0.7788076491110049],[30.062181548307798,-0.7791043130592721],[30.06294498802201,-0.780256562786844],[30.064259950240988,-0.78045773483027],[30.064839574401926,-0.7791914614558008],[30.0651,-0.7792],[30.07529676857257,-0.757412032964587],[30.075367127490598,-0.757338264379784],[30.07698722139692,-0.7542],[30.09382295089391,-0.7542],[30.098171716613834,-0.758313367306976],[30.099102878369973,-0.761468145010197],[30.100537899499816,-0.761725061927233],[30.10244425531722,-0.760854551050449],[30.105813253447486,-0.7626625179661453],[30.1084,-0.7645],[30.11108572814737,-0.7639865519718266],[30.11145077778433,-0.765327336109624],[30.11173665150836,-0.777582287552462],[30.11410434460085,-0.782693658273154],[30.114456423736673,-0.785488790709457],[30.11644375850702,-0.785712107798303],[30.115608593466618,-0.788915489430303],[30.12343208554818,-0.799051852397859],[30.124781566094125,-0.803398660330343],[30.127125603925087,-0.804830669150026],[30.129823557819613,-0.804924582715075],[30.13727993457901,-0.809649883686119],[30.1342150681637,-0.815980968181547],[30.132498838190834,-0.815653523186707],[30.128911073864398,-0.81885379335138],[30.122824092909184,-0.817784721084963],[30.12168649255936,-0.818608899426716],[30.116516017208326,-0.81674113362491],[30.11281910954239,-0.81765949126786],[30.110228309545157,-0.816233298716973],[30.10815840063649,-0.813217502495269],[30.105701379707188,-0.814353523756947],[30.103048370841595,-0.813931192713985],[30.10121837734574,-0.812598845465379],[30.1009889356578,-0.811324153672046],[30.098739845922974,-0.811664663778266],[30.094442333089255,-0.810346722467384],[30.092564745730826,-0.808153262888625],[30.093033416229602,-0.80309741556693],[30.091619030263267,-0.80230502893158],[30.085493743850087,-0.80359861736464],[30.078915537639084,-0.801617976925093],[30.073856952652516,-0.803518612843796],[30.072855340977057,-0.805919797126331],[30.07091996385349,-0.805345514663664],[30.06879211594003,-0.806362790431436],[30.06590969759372,-0.803382004164458],[30.06233148190581,-0.803480030673202],[30.059416809813158,-0.801237642556834],[30.056585084110676,-0.801320668854486],[30.055705509922007,-0.8004959433968504],[30.055656280210254,-0.8001152336259671],[30.05753207566151,-0.79964647032728],[30.05660995555927,-0.796732955265584],[30.057561781220276,-0.793901931626015],[30.05528334209999,-0.792039366491602],[30.054320725231122,-0.7897869417873252],[30.053278520261557,-0.7817272233560363],[30.05360590605303,-0.780694354298409],[30.053006524666905,-0.77929249356762]]]}},{"type":"Feature","properties":{"n":"Ihunga","c":"411102","d":"Ntungamo","od":"Ntungamo","dc":"411","k":"IHUNGA","a":["IHUNGA"],"lat":-0.805649,"lon":30.190364},"geometry":{"type":"Polygon","coordinates":[[[30.144005455637192,-0.79925523466406],[30.14709516880855,-0.799322223310987],[30.14752486890869,-0.794975526789303],[30.14297000705423,-0.787743311650689],[30.146531866886278,-0.783741671337875],[30.14941444766695,-0.776939396249659],[30.151627220378476,-0.7757829784921],[30.155523933074104,-0.77842269452875],[30.15641005752637,-0.777810280833951],[30.15869445313165,-0.779009595980585],[30.159534433105875,-0.780507465259325],[30.16119288175804,-0.780180293543863],[30.162689587309938,-0.782962522207564],[30.165947091288523,-0.781722133520287],[30.16814555736215,-0.782136139823321],[30.172499405557367,-0.784677175881994],[30.174713674845083,-0.784644647774569],[30.185336271969476,-0.797070483872322],[30.19330263414354,-0.802504312819796],[30.198080877752222,-0.796287249017793],[30.198355148931476,-0.791586358768669],[30.196594268598123,-0.787720491111823],[30.201072324047814,-0.785734427707153],[30.201104989444634,-0.78221567581077],[30.20322461878896,-0.781031510461409],[30.201968544462176,-0.778366550550507],[30.202025769173353,-0.7757923055277],[30.20050023622261,-0.773014422019923],[30.20058107279652,-0.764114110359834],[30.203713934406338,-0.764375936571063],[30.2053472847091,-0.765330311746447],[30.207194812398647,-0.770585425333124],[30.21177563833139,-0.774966121997296],[30.21298307213932,-0.777139204304899],[30.21752842416936,-0.779573096608987],[30.21810945215207,-0.781687522048724],[30.22106789498231,-0.783524687244282],[30.222619274911466,-0.787836323106616],[30.226809553558663,-0.792754780109144],[30.227863407389666,-0.796349530347453],[30.233840958172078,-0.802298913376578],[30.234726121113624,-0.805568185346923],[30.229669817234548,-0.812950519705875],[30.223754073404002,-0.815284725832219],[30.222162463833037,-0.814496606854251],[30.221627182866186,-0.816821948667861],[30.216766100200783,-0.821993883149604],[30.214965494714082,-0.827107447287198],[30.208470200112043,-0.831497724517476],[30.206068460820184,-0.836696240058127],[30.2061397605159,-0.83800973526456],[30.20756083359215,-0.841831582338007],[30.211383049014316,-0.845783970072737],[30.208675796664213,-0.845863856373387],[30.20565910955156,-0.84712863428261],[30.20421091042273,-0.846410320455242],[30.202146588050073,-0.843515839070707],[30.200250132656976,-0.838254542890886],[30.19289513525151,-0.828088738307403],[30.184416558442734,-0.82626487299936],[30.183206650738455,-0.824279600970301],[30.183409209278405,-0.822094911115069],[30.1740626573446,-0.814607010673725],[30.17317066224249,-0.815559269086908],[30.16991656885119,-0.811697179632543],[30.16709162980718,-0.812099431399257],[30.162617974588457,-0.809919632963255],[30.1593043143701,-0.809371277708927],[30.157632068400076,-0.811538571393014],[30.154165371859705,-0.809801402206671],[30.153790153121715,-0.807683410332125],[30.1519103196031,-0.807921648625306],[30.151929134060833,-0.805830642117187],[30.146151378487076,-0.805730452123738],[30.142896355123476,-0.802916623922254],[30.144011875980983,-0.802309103581679],[30.144005455637192,-0.79925523466406]]]}},{"type":"Feature","properties":{"n":"Kagarama Town Council","c":"411103","d":"Ntungamo","od":"Ntungamo","dc":"411","k":"KAGARAMATOWNCOUNCIL","a":["KAGARAMA","KAGARAMATOWNCOUNCIL"],"lat":-0.858384,"lon":30.204179},"geometry":{"type":"Polygon","coordinates":[[[30.12734474600677,-0.801284631127502],[30.14289634234931,-0.802916625420181],[30.142932531301412,-0.8029478966777243],[30.146151378487076,-0.805730452123738],[30.14932781290824,-0.8057855335372358],[30.151929130525378,-0.8058310350416659],[30.15191202132247,-0.8077325224580585],[30.151910061901724,-0.80792073384813],[30.15191032813615,-0.8079207002768798],[30.1519103196031,-0.807921648625306],[30.15339707523962,-0.8077332265540352],[30.153790196520664,-0.8076836553055593],[30.153998775092226,-0.8088610158023724],[30.15416499026375,-0.809800603828601],[30.154165253819944,-0.8098007359093133],[30.154165371859705,-0.809801402206671],[30.157632068400076,-0.811538571393014],[30.1593043143701,-0.809371277708927],[30.162617974588457,-0.809919632963255],[30.164023737884204,-0.8106045942496385],[30.16708976488851,-0.812098813967982],[30.167090227776693,-0.8120987482567888],[30.16709162980718,-0.812099431399257],[30.16912442069294,-0.8118099760473301],[30.16991682755823,-0.8116974866765071],[30.169919805090498,-0.811701020532049],[30.172282063588092,-0.815002007075035],[30.173167384745792,-0.8155553792214641],[30.17317066224249,-0.815559269086908],[30.17406248615944,-0.8146071934241798],[30.176106974296076,-0.8162447955928722],[30.183409209278405,-0.822094911115069],[30.183206650738455,-0.824279600970301],[30.184416558442734,-0.82626487299936],[30.184416925479567,-0.8262649519543264],[30.184417006321514,-0.826265084581741],[30.185903784346163,-0.8265847969431611],[30.192894993447695,-0.8280887078033377],[30.197084146609225,-0.833878634416527],[30.200250132656976,-0.838254542890886],[30.200250854430923,-0.8382565452931129],[30.201672459796065,-0.842655311017611],[30.201999444297027,-0.843107621261518],[30.202146588050073,-0.843515839070707],[30.20421091042273,-0.846410320455242],[30.204485491540822,-0.8465465140283026],[30.204732730069686,-0.846888513477712],[30.205064055550004,-0.8468334845971559],[30.20565910955156,-0.84712863428261],[30.2072152775606,-0.8464761944214736],[30.211383052459126,-0.845783980871052],[30.213134399921877,-0.851206078401119],[30.21352572272581,-0.85654592991977],[30.215585006153855,-0.860222943943142],[30.217774996956763,-0.860807670326405],[30.21945590434572,-0.863219682621317],[30.221030922472735,-0.870494179580349],[30.22336282421632,-0.874470591733645],[30.22294907440494,-0.880336407357685],[30.220700562359827,-0.884232636169015],[30.22006988424506,-0.887158219491182],[30.221411937869615,-0.889422779186238],[30.22182074067175,-0.896849465650151],[30.21986311505513,-0.903375614483229],[30.2211384181617,-0.908356840141609],[30.219346582928175,-0.912931795792899],[30.22014603854509,-0.918771042238049],[30.21967482301904,-0.920341727950439],[30.21817206091793,-0.921087246525861],[30.21423118856565,-0.916947356453487],[30.21337624303048,-0.907090350231534],[30.208770851153226,-0.889854619262049],[30.208530936625632,-0.883501397948584],[30.206877448703143,-0.877256034442084],[30.201719964319658,-0.869001772956093],[30.19875524024959,-0.862169838363171],[30.190150515985476,-0.855593610827365],[30.18417310981255,-0.847964449619912],[30.180717176617268,-0.844932685294778],[30.170597119412324,-0.840053259345032],[30.168848355399298,-0.839710523157699],[30.16679197439597,-0.840859578784412],[30.164461017983847,-0.840931202630356],[30.161912363082923,-0.83986615261042],[30.15915624462457,-0.837286899016618],[30.15817664756741,-0.837325438875972],[30.156110531492136,-0.840847973569018],[30.154193641496185,-0.846584091676812],[30.148980385735904,-0.84092789152237],[30.147985337897516,-0.834691093298724],[30.153348981766744,-0.831430488510367],[30.152370915497883,-0.829236911696671],[30.149348142418546,-0.826505109511145],[30.14309964998416,-0.825249474810824],[30.141169265599835,-0.822960235228719],[30.140862233377213,-0.819813638722416],[30.143791225631134,-0.819762297459116],[30.142396160891384,-0.813119536034179],[30.138214864912236,-0.811057588669205],[30.13712101646902,-0.809978160304363],[30.13727993457901,-0.809649883686119],[30.135906068398242,-0.8087792287544346],[30.134321134990927,-0.807215189342161],[30.131926320551052,-0.8062571584549243],[30.129823557819613,-0.804924582715075],[30.12847818088647,-0.8048777512460931],[30.124782906957748,-0.8033994794845853],[30.124781782076145,-0.8033987922770862],[30.124652875352186,-0.8029841349490172],[30.12343208554818,-0.799051852397859],[30.12342930644008,-0.7990482516977944],[30.12342900961364,-0.799047296889123],[30.12417554460827,-0.798453111465927],[30.12734474600677,-0.801284631127502]]]}},{"type":"Feature","properties":{"n":"Kibatsi","c":"411104","d":"Ntungamo","od":"Ntungamo","dc":"411","k":"KIBATSI","a":["KIBATSI"],"lat":-0.781377,"lon":30.130514},"geometry":{"type":"Polygon","coordinates":[[[30.12851769038033,-0.763565226055342],[30.13913395045092,-0.763094154117502],[30.14329615502877,-0.767353609891441],[30.145688213882952,-0.773741382314378],[30.157080953090997,-0.775911436163012],[30.160934157061938,-0.777924052635745],[30.162490727424533,-0.776925860557533],[30.16216314160302,-0.778665823446669],[30.163733887670382,-0.779794535735413],[30.167231845253205,-0.780008900715683],[30.173027854022713,-0.782264614454477],[30.17478402460636,-0.781779316688268],[30.176367001774928,-0.779869730538987],[30.18151556834124,-0.779636913183993],[30.180601049528917,-0.777594222971709],[30.18482250129976,-0.771512598507718],[30.18472625545153,-0.768023928924366],[30.193004977952967,-0.764729444636515],[30.199887820082694,-0.763550564822771],[30.20058106116357,-0.764114105430699],[30.200569444608522,-0.7653944033289963],[30.20050023622261,-0.773014422019923],[30.202025655869242,-0.7757920992092304],[30.202006202866396,-0.7766724929023663],[30.201968544462176,-0.778366550550507],[30.20196876114941,-0.7783670102866667],[30.201968752183262,-0.778367416071739],[30.202077267019064,-0.7785972226129311],[30.20322461878896,-0.781031510461409],[30.201292819381923,-0.7821107415665325],[30.201105911586694,-0.782214568553308],[30.201105905936256,-0.7822151637978451],[30.201104989444634,-0.78221567581077],[30.201072324047814,-0.785734427707153],[30.196594268598123,-0.787720491111823],[30.198355148931476,-0.791586358768669],[30.198080877752222,-0.796287249017793],[30.19330263414354,-0.802504312819796],[30.185416088388475,-0.7971249263842942],[30.185336222460705,-0.7970704259591914],[30.184008434111114,-0.7955172388984995],[30.174716189384345,-0.784647401392987],[30.174716030690785,-0.7846474035368575],[30.174713674845083,-0.784644647774569],[30.172499540794096,-0.7846771738953364],[30.16864750007807,-0.7824290886087066],[30.16814555736215,-0.782136139823321],[30.16602846523512,-0.7817374575351522],[30.16594724597825,-0.781722159302059],[30.16594724010156,-0.7817221615441604],[30.165947091288523,-0.781722133520287],[30.162690711026062,-0.7829620943202066],[30.161193646406847,-0.780180828796904],[30.161193215535555,-0.7801809140034875],[30.16119288175804,-0.780180293543863],[30.159536244307372,-0.7805071079531765],[30.159293268287822,-0.779394652241938],[30.158717349848178,-0.7790504258685902],[30.15869445313165,-0.779009595980585],[30.15832105846049,-0.7788135625598607],[30.15681018839894,-0.777910515728768],[30.15669140187278,-0.7779579875338285],[30.15641005752637,-0.777810280833951],[30.155523933074104,-0.77842269452875],[30.151627220378476,-0.7757829784921],[30.15139958282735,-0.7759019442155292],[30.15122847356197,-0.775797327768199],[30.149415621526263,-0.7769387827787183],[30.14941444766695,-0.776939396249659],[30.146531866886278,-0.783741671337875],[30.14297000705423,-0.787743311650689],[30.14752486890869,-0.794975526789303],[30.14709516880855,-0.799322223310987],[30.144005455637192,-0.79925523466406],[30.144005461034975,-0.7992578021470885],[30.144003651723175,-0.799257762972832],[30.14401130923339,-0.8020395272305506],[30.144011875980983,-0.802309103581679],[30.143024507271505,-0.8028468313799706],[30.140081013277985,-0.8026211830183069],[30.12734474600677,-0.801284631127502],[30.12417554460827,-0.798453111465927],[30.12346314131045,-0.7990201306385675],[30.123428998332468,-0.799047282369945],[30.120540962621174,-0.79530602239427],[30.115608593466618,-0.788915489430303],[30.11644375850702,-0.785712107798303],[30.114456423736673,-0.785488790709457],[30.11410434460085,-0.782693658273154],[30.11173670848463,-0.777582410552719],[30.111481089065002,-0.7666267324569681],[30.11145077778433,-0.765327336109624],[30.11145077076549,-0.7653273103302465],[30.111450769237205,-0.765327244829038],[30.111085741511634,-0.7639865494168938],[30.122,-0.7619],[30.124730057326435,-0.759238194106728],[30.127068700508765,-0.763061421714116],[30.12851769038033,-0.763565226055342]]]}},{"type":"Feature","properties":{"n":"Nyabihoko","c":"411105","d":"Ntungamo","od":"Ntungamo","dc":"411","k":"NYABIHOKO","a":["NYABIHOKO"],"lat":-0.878443,"lon":30.129892},"geometry":{"type":"Polygon","coordinates":[[[30.086097128557324,-0.879963275221533],[30.08848333361817,-0.877109874680777],[30.091711019002656,-0.874922612610678],[30.091930667294935,-0.873692301794642],[30.09382450066034,-0.872986190324728],[30.095903448682908,-0.870898427098349],[30.096723300806797,-0.864720740000172],[30.098124335999323,-0.862187880605393],[30.097051620915295,-0.860468433056534],[30.097336007959584,-0.858694755783907],[30.098737856130068,-0.857070266116328],[30.100709424371306,-0.856553619021243],[30.10243568814397,-0.853572679252724],[30.105348738812783,-0.853330997743052],[30.109488582547378,-0.850008588820042],[30.120381616314763,-0.849580765892626],[30.12170302267877,-0.850624361248319],[30.126234243752524,-0.859619714756868],[30.1284743972555,-0.862023693599965],[30.127250922326304,-0.866001390952289],[30.127592741677518,-0.868377464332272],[30.135585958700428,-0.866095845004936],[30.1383903224226,-0.863802766337395],[30.1420223484229,-0.858658467631569],[30.146380688513748,-0.855421353557256],[30.148286465330255,-0.852182289933068],[30.1541934609519,-0.8465838957925761],[30.154193641496185,-0.846584091676812],[30.15419382098701,-0.8465835545669176],[30.154416621644582,-0.846372393771188],[30.15610915059846,-0.8408521057671257],[30.156110531492136,-0.840847973569018],[30.158176522828075,-0.8373256515448678],[30.158577421124516,-0.8373096714168817],[30.15915624462457,-0.837286899016618],[30.161912363082923,-0.83986615261042],[30.163736397006566,-0.8406283928674424],[30.164460317048093,-0.840930953693877],[30.16446041510832,-0.840930950696447],[30.164461017983847,-0.840931202630356],[30.166150789586094,-0.8408792806208794],[30.16679100881599,-0.840859710888596],[30.166791241772902,-0.8408596012958933],[30.16679197439597,-0.840859578784412],[30.16679562130704,-0.8408575409793184],[30.169120440536147,-0.8397638484901851],[30.169370272391877,-0.8398128124539154],[30.177330038644136,-0.843371890737196],[30.173269314062996,-0.846906214927169],[30.174958394781324,-0.850421203049383],[30.174595203632943,-0.851684592070217],[30.17321795422855,-0.851827136924542],[30.171886512869147,-0.853522250991756],[30.17171771124636,-0.856870012039114],[30.173138328081855,-0.862705289601007],[30.17012034145844,-0.86437741258334],[30.169264079931903,-0.866456510382155],[30.17001923034051,-0.87303107100987],[30.170469994732482,-0.874370824875085],[30.172226137929563,-0.875710770180104],[30.172508109858153,-0.879775543764026],[30.170843085160232,-0.88302618134515],[30.171905880544777,-0.887340633863504],[30.171527527190094,-0.889681867093105],[30.169343214108856,-0.894321590454179],[30.170881501814037,-0.898772598655782],[30.17147830962561,-0.904175706678567],[30.17972909833411,-0.916930342803193],[30.174742636622074,-0.918977236821074],[30.170979126993338,-0.919194538812001],[30.163084719887465,-0.915484208390428],[30.154137398048032,-0.913865014338147],[30.149959390516127,-0.911609789250685],[30.146455361167973,-0.906546419863961],[30.14381641538921,-0.905222740330903],[30.124170953535963,-0.905879589107559],[30.104702773764412,-0.904995326576653],[30.09212232462688,-0.889821142240734],[30.087376350722437,-0.887327349385854],[30.08344378250583,-0.8869942324703],[30.083857895962932,-0.884282400349026],[30.086097128557324,-0.879963275221533]]]}},{"type":"Feature","properties":{"n":"Nyabushenyi","c":"411106","d":"Ntungamo","od":"Ntungamo","dc":"411","k":"NYABUSHENYI","a":["NYABUSHENYI"],"lat":-0.885188,"lon":30.189935},"geometry":{"type":"Polygon","coordinates":[[[30.17313823605657,-0.862704464745936],[30.172751743093443,-0.8611173662058489],[30.17171771124636,-0.856870012039114],[30.17188646596087,-0.8535231813009424],[30.17266616156906,-0.8525296473976299],[30.17321795422855,-0.851827136924542],[30.174595203632943,-0.851684592070217],[30.174958394781324,-0.850421203049383],[30.174633582993387,-0.8497452675750371],[30.173270033640897,-0.8469055886296861],[30.17729041606357,-0.8434063769581083],[30.177330049130443,-0.84337189619908],[30.18270533070698,-0.8466768204679604],[30.183246477581577,-0.8471515489121589],[30.1901483943275,-0.8555909028851166],[30.190150515985476,-0.855593610827365],[30.191702467684728,-0.8567797020007251],[30.198755295161142,-0.862169964901805],[30.201719964319658,-0.869001772956093],[30.20172014635682,-0.8690020642962567],[30.20172017069735,-0.869002120387398],[30.201884275520577,-0.8692647437218025],[30.206877426348886,-0.8772559986653617],[30.206877982040194,-0.8772580489011556],[30.20835477910689,-0.8828360361252603],[30.208770778535577,-0.889854235967178],[30.208770846574634,-0.8898544980155372],[30.208770851153226,-0.889854619262049],[30.208771802345904,-0.889858179111363],[30.21344156725041,-0.9078434990764661],[30.214230398551827,-0.9169382480707526],[30.2142309793537,-0.916946409238759],[30.214231119148888,-0.9169465561201371],[30.21423118856565,-0.916947356453487],[30.218082594468022,-0.920993261937],[30.218172050718128,-0.921087252706163],[30.215361861571242,-0.926018151328179],[30.208762805441282,-0.930026538849739],[30.202189396875447,-0.924611083019657],[30.186175763678087,-0.916796299525846],[30.183453346689525,-0.916176689013861],[30.179729109499686,-0.916930339344052],[30.179181053956388,-0.9160831381461616],[30.17147830962561,-0.904175706678567],[30.170881501814037,-0.898772598655782],[30.169390669482947,-0.8944589017377382],[30.169380204140786,-0.8942430195218588],[30.171527527190094,-0.889681867093105],[30.171836518796013,-0.8877698411879683],[30.17190588574089,-0.887597197578106],[30.171881423253478,-0.8874919744618773],[30.171905880544777,-0.887340633863504],[30.17084524204505,-0.8830349372893995],[30.17084316858193,-0.8830260184804769],[30.17214907584259,-0.8804764879994765],[30.172508109754723,-0.879775681426004],[30.172508101355046,-0.8797755603646938],[30.172508109858153,-0.879775543764026],[30.172226137929563,-0.875710770180104],[30.17048749350844,-0.8743841765213086],[30.170469992369082,-0.8743708178506274],[30.17046911503738,-0.8743682102610323],[30.16966564857957,-0.8699526846412076],[30.16930505947679,-0.8668132903021416],[30.17012048847639,-0.8643773311276789],[30.173138328081855,-0.862705289601007],[30.173138140200276,-0.8627045178650086],[30.17313823605657,-0.862704464745936]]]}},{"type":"Feature","properties":{"n":"Nyamunuka Town Council","c":"411107","d":"Ntungamo","od":"Ntungamo","dc":"411","k":"NYAMUNUKATOWNCOUNCIL","a":["NYAMUNUKA","NYAMUNUKATOWNCOUNCIL"],"lat":-0.843482,"lon":30.088104},"geometry":{"type":"Polygon","coordinates":[[[30.052361941218894,-0.819126229735771],[30.055817229339397,-0.81521897040052],[30.055816088355186,-0.8151548490458268],[30.056890261787206,-0.8141003852180662],[30.057218194965287,-0.8140557360889],[30.05794749586823,-0.812654257014209],[30.058256754301226,-0.8109386589815],[30.057652391040495,-0.81019187041846],[30.056962928257306,-0.8102199785231468],[30.05570550992201,-0.8004959433968527],[30.056578166953454,-0.8013141830392717],[30.05658436457391,-0.801320400167743],[30.05658478443255,-0.8013203878637729],[30.056585084110676,-0.801320668854486],[30.059416809813158,-0.801237642556834],[30.061368424227453,-0.8027391071577319],[30.062331277832026,-0.803479928346887],[30.06233134646816,-0.8034799264749335],[30.06233148190581,-0.803480030673202],[30.063217487101177,-0.8034557582414634],[30.06591000646909,-0.8033823235807767],[30.06879211594003,-0.806362790431436],[30.068792682739847,-0.8063625194573153],[30.068792925123915,-0.806362770094932],[30.07024041354005,-0.8056703922371383],[30.070919726389953,-0.8053456281895887],[30.07102930697043,-0.8053779599342565],[30.072855340977057,-0.805919797126331],[30.073856952652516,-0.803518612843796],[30.078915279990838,-0.8016180737299325],[30.082402741914777,-0.8026679436770999],[30.085493743850087,-0.80359861736464],[30.08549404558327,-0.8035985536421414],[30.08549418217419,-0.803598594761645],[30.091619170853928,-0.8023051076952017],[30.093033416229602,-0.80309741556693],[30.092564745730826,-0.808153262888625],[30.094442333089255,-0.810346722467384],[30.09444252725097,-0.8103467820119986],[30.094442533590623,-0.810346789419734],[30.09873940093447,-0.811664574756043],[30.098739504425204,-0.8116645590493133],[30.098739845922974,-0.811664663778266],[30.1009889356578,-0.811324153672046],[30.10121837734574,-0.812598845465379],[30.101220787810277,-0.812600600431066],[30.10122091092414,-0.812601282100658],[30.102911884736184,-0.8138318224771885],[30.103048370841595,-0.813931192713985],[30.103048454894374,-0.8139312060943013],[30.103048459788756,-0.813931209655997],[30.105700873615504,-0.814353505459349],[30.105700973795248,-0.8143534591400451],[30.105701379707188,-0.814353523756947],[30.108158309932456,-0.8132175444329303],[30.11022733410563,-0.816232036789893],[30.110227509561625,-0.816232133164564],[30.110228309545157,-0.816233298716973],[30.11281910954239,-0.81765949126786],[30.11651564759624,-0.8167412254411285],[30.120574999168557,-0.818465246338638],[30.121146242186043,-0.818413741128265],[30.12168649255936,-0.818608899426716],[30.122070947021463,-0.8183303666000462],[30.12421386472701,-0.818137153862459],[30.122436274870655,-0.819936372752447],[30.123070828812494,-0.822410278751137],[30.120782131690785,-0.826189095742489],[30.12320418728961,-0.829353465284429],[30.122387259604313,-0.832605485728196],[30.123575396528576,-0.83657760057136],[30.122978986231008,-0.837908979670493],[30.126126790989595,-0.837146829736496],[30.128711841826053,-0.83777851468742],[30.12583095159087,-0.841857932422262],[30.124134732511976,-0.842510655163549],[30.125246329375962,-0.843782645066578],[30.121557224505008,-0.845586706427739],[30.12008303978514,-0.849590585841646],[30.109844392744392,-0.8499946144063625],[30.109488582547378,-0.850008588820042],[30.109488495717862,-0.8500086585045957],[30.10948848266876,-0.850008659019528],[30.109487925469494,-0.8500091161542999],[30.10548210051218,-0.8532239690413731],[30.10243804727414,-0.8535724835272781],[30.10243568814397,-0.853572679252724],[30.100709486823483,-0.85655351117783],[30.100545379072134,-0.8565966068953157],[30.098737856130068,-0.857070266116328],[30.097336007959584,-0.858694755783907],[30.09729374673272,-0.858958332409856],[30.096870060565422,-0.859512274901228],[30.097119540166663,-0.8600448313667055],[30.097051620915295,-0.860468433056534],[30.09812084269318,-0.8621822812092665],[30.098123864813754,-0.8621887324375215],[30.096723300806797,-0.864720740000172],[30.0959035329181,-0.8708977923757448],[30.094162490051364,-0.8726467677832183],[30.09382454028534,-0.8729861505317105],[30.093581837938203,-0.8730766665696563],[30.091930667294935,-0.873692301794642],[30.091930634739462,-0.8736924841468543],[30.09193049822435,-0.873692535060276],[30.091710706672608,-0.8749228242631735],[30.08848333361817,-0.877109874680777],[30.08848320973458,-0.8771100228195582],[30.0884830826746,-0.877110108896126],[30.087728652715683,-0.8780123146808377],[30.086097128557324,-0.879963275221533],[30.086096934237602,-0.8799636500335077],[30.08609685264805,-0.879963747604613],[30.08385804456865,-0.884282026970146],[30.08385802578542,-0.8842821499419973],[30.083857895962932,-0.884282400349026],[30.083489577668793,-0.8866943417234826],[30.08344377099153,-0.886994233310507],[30.066520878073405,-0.88657443806814],[30.056982494361673,-0.883976289198518],[30.052533648763198,-0.883919593133816],[30.052031126201705,-0.883475577608102],[30.05302014622687,-0.88348474465275],[30.052771229832363,-0.88120450900946],[30.052063244237605,-0.881608883146344],[30.052016025223633,-0.88020201016771],[30.051106699682666,-0.880577387649405],[30.051030560535523,-0.879817266893685],[30.0502002328697,-0.8799117961335534],[30.050204952706686,-0.8798506130614756],[30.05075326058255,-0.879139017673341],[30.05027632399559,-0.8789254296868099],[30.050594188883192,-0.8748049589215701],[30.05081519862131,-0.874807487601461],[30.050720043231298,-0.873498796778236],[30.051410017042482,-0.873302728133634],[30.050904450998424,-0.872606497953736],[30.051576633443325,-0.872618102922771],[30.05378619243517,-0.866918335580526],[30.052726656811572,-0.865529004124226],[30.051335831746798,-0.8651910699489345],[30.05160796924839,-0.8616633615949496],[30.053082704923703,-0.860152859997143],[30.051806547862014,-0.8590891943812929],[30.052410410977473,-0.8512613391809071],[30.052824034080082,-0.850543739976125],[30.052499540406174,-0.8501059576977267],[30.0525,-0.8501],[30.05180082457355,-0.8470935456662709],[30.052249992462567,-0.844750056239318],[30.050979989771225,-0.843182020630412],[30.050166263370176,-0.838377187123078],[30.050635533756182,-0.83013669660597],[30.047091928460304,-0.825968717885458],[30.046622016918455,-0.8241802219240886],[30.05026944191077,-0.8205997221609884],[30.052086917421725,-0.820489789494443],[30.052361941218894,-0.819126229735771]]]}},{"type":"Feature","properties":{"n":"Rwamabondo Town Council","c":"411108","d":"Ntungamo","od":"Ntungamo","dc":"411","k":"RWAMABONDOTOWNCOUNCIL","a":["RWAMABONDO","RWAMABONDOTOWNCOUNCIL"],"lat":-0.758391,"lon":30.161253},"geometry":{"type":"Polygon","coordinates":[[[30.132079646064064,-0.754781309818913],[30.13464892479896,-0.751184389907161],[30.135025128934444,-0.749242312751213],[30.13787111748659,-0.74701471032959],[30.137974411463457,-0.7463249488231309],[30.138,-0.7463],[30.138008233819203,-0.7460990948115245],[30.1392415439653,-0.737863475561443],[30.138475069255378,-0.7347083101688128],[30.1385,-0.7341],[30.1685,-0.7333],[30.168566659499476,-0.7333286322682305],[30.17260893670809,-0.736348385672566],[30.182982849298195,-0.7395208211750637],[30.1834,-0.7397],[30.192244818808316,-0.7521992649027706],[30.192102152887205,-0.753500265138293],[30.199887811618456,-0.763550556029277],[30.195908267747317,-0.7642321748070611],[30.193004977952967,-0.764729444636515],[30.18472625545153,-0.768023928924366],[30.184821350112056,-0.7714708708530339],[30.184822442846585,-0.7715126827181431],[30.180601049528917,-0.777594222971709],[30.181515405275405,-0.7796365489564028],[30.18014471595437,-0.7796989029092276],[30.176367001774928,-0.779869730538987],[30.174784040764113,-0.7817792971967538],[30.17282968239484,-0.7821874892323784],[30.167232512341574,-0.7800091603357863],[30.167232274887272,-0.78000905985194],[30.16723225027619,-0.7800090583441388],[30.167231845253205,-0.780008900715683],[30.163733887670382,-0.779794535735413],[30.162163658342685,-0.778666194767292],[30.1622405388009,-0.7782547304041917],[30.162490727424533,-0.776925860557533],[30.162488574856383,-0.7769272409490187],[30.162488624296202,-0.776926976347009],[30.162277156436893,-0.7770628186245244],[30.160934521161927,-0.7779238191469577],[30.15808729434414,-0.7764370711925981],[30.157080953090997,-0.775911436163012],[30.157080501645158,-0.7759113501730003],[30.157080389643415,-0.775911291688596],[30.151636102777854,-0.7748743178579662],[30.145688280141492,-0.7737413949351007],[30.143296196108793,-0.767353703159448],[30.14329618539547,-0.767353690982914],[30.14329615502877,-0.767353609891441],[30.14329574361791,-0.7673531888678358],[30.1398223757321,-0.763405432059419],[30.139227799018514,-0.7631901954858765],[30.13913395045092,-0.763094154117502],[30.13898121314553,-0.7631009314814655],[30.137970068720765,-0.762734897534339],[30.128518077277448,-0.7635652088876792],[30.12851769038033,-0.763565226055342],[30.1270688445331,-0.7630614717904394],[30.12473006660266,-0.7592381850624087],[30.124853512461133,-0.7591178253503947],[30.128375210023584,-0.757664277508255],[30.132079646064064,-0.754781309818913]]]}},{"type":"Feature","properties":{"n":"Rwashameire Town Council","c":"411109","d":"Ntungamo","od":"Ntungamo","dc":"411","k":"RWASHAMEIRETOWNCOUNCIL","a":["RWASHAMEIRE","RWASHAMEIRETOWNCOUNCIL"],"lat":-0.839418,"lon":30.138147},"geometry":{"type":"Polygon","coordinates":[[[30.125240595643366,-0.843786031058238],[30.12524023905857,-0.8437856233788423],[30.125246329375962,-0.843782645066578],[30.124134732511976,-0.842510655163549],[30.12583095159087,-0.841857932422262],[30.125831115869754,-0.8418576997989612],[30.125831118813313,-0.841857698668098],[30.12583605325204,-0.8418507083334043],[30.128711841826053,-0.83777851468742],[30.126126790989595,-0.837146829736496],[30.122978986231008,-0.837908979670493],[30.12353007104805,-0.8366787815832786],[30.123575377012372,-0.836577861394091],[30.123575338048852,-0.8365777311168651],[30.123575396528576,-0.83657760057136],[30.12280528537752,-0.8340030067922005],[30.12238728377001,-0.8326053895295474],[30.12320418728961,-0.829353465284429],[30.123204091274076,-0.8293533398419607],[30.12320412829691,-0.829353192445593],[30.123150630469457,-0.829283494318225],[30.120782131690785,-0.826189095742489],[30.12304600511603,-0.822451264605098],[30.123070723108277,-0.822410527116],[30.123070709802253,-0.8224104752463054],[30.123070828812494,-0.822410278751137],[30.122436274870655,-0.819936372752447],[30.123587118995317,-0.8187715255965525],[30.12421388132326,-0.818137157396379],[30.128899805138676,-0.8188518141958292],[30.128911073864398,-0.81885379335138],[30.132498838190834,-0.815653523186707],[30.1342150681637,-0.815980968181547],[30.13436823819285,-0.8156645653550308],[30.137138636153388,-0.8099955477104563],[30.138214864912236,-0.811057588669205],[30.142396160891384,-0.813119536034179],[30.143791225631134,-0.819762297459116],[30.140862233377213,-0.819813638722416],[30.141169265599835,-0.822960235228719],[30.141170796828,-0.8229620511096161],[30.142458273983987,-0.824770208968952],[30.142832672555855,-0.824932866729363],[30.14309964998416,-0.825249474810824],[30.143958831366547,-0.8254221273296394],[30.14571202839088,-0.826183805185714],[30.14934821435309,-0.8265051745212989],[30.15013542670694,-0.8272166101376279],[30.152371081336177,-0.8292372836336749],[30.153348981766744,-0.831430488510367],[30.147985337897516,-0.834691093298724],[30.148980385735904,-0.84092789152237],[30.153912429544107,-0.8462789865448355],[30.1541934526112,-0.8465839036975287],[30.148286465330255,-0.852182289933068],[30.146380801106748,-0.8554211621938759],[30.146285947819308,-0.855491721272715],[30.1420223484229,-0.858658467631569],[30.13865448392753,-0.8634286154673759],[30.13783790230455,-0.8642544705076527],[30.136067123871292,-0.865702404746047],[30.127614033976524,-0.8683713865639848],[30.127592741677518,-0.868377464332272],[30.127250922326304,-0.866001390952289],[30.1284743972555,-0.862023693599965],[30.128471533414757,-0.8620206203228231],[30.12499061117382,-0.8571508626531876],[30.12311832946393,-0.853434019980116],[30.122422311569558,-0.851390105144365],[30.121877718804004,-0.85097116697187],[30.12170302267877,-0.850624361248319],[30.120381616314763,-0.849580765892626],[30.120085409348388,-0.8495923993947505],[30.120083051991337,-0.84959058595374],[30.121557239462213,-0.8455866991133053],[30.122521230354526,-0.8451152842898815],[30.125240595643366,-0.843786031058238]]]}},{"type":"Feature","properties":{"n":"Central Division","c":"411201","d":"Ntungamo","od":"Ntungamo","dc":"411","k":"CENTRALDIVISION","a":["CENTRAL","CENTRALDIVISION"],"lat":-0.887396,"lon":30.253027},"geometry":{"type":"Polygon","coordinates":[[[30.243238300081668,-0.878347656391587],[30.244056839901653,-0.864391848669999],[30.24518476288271,-0.858877712320519],[30.2481918719776,-0.86139903163619],[30.25298964948826,-0.860637314966855],[30.255631368924096,-0.85869570393596],[30.26436771613343,-0.860124573593874],[30.26590672093948,-0.864033234949849],[30.263855557991086,-0.864968051537408],[30.264688021354203,-0.868054228479183],[30.25972576615395,-0.868644738022712],[30.259695515886882,-0.869627458729905],[30.26099147670725,-0.870228812968314],[30.259702383019416,-0.872543787769396],[30.261602157792222,-0.872475787502492],[30.262186939438834,-0.873195672703358],[30.264142880541755,-0.87180501247778],[30.267184352018123,-0.873434244412225],[30.26550973531791,-0.877662434536491],[30.265344501896493,-0.881272034028991],[30.266215952507977,-0.881703587274511],[30.26647235691594,-0.885838677553165],[30.267709768375056,-0.888952419912667],[30.270358809992423,-0.891795548486078],[30.264981640996783,-0.897601664123982],[30.257809068298556,-0.902259218837177],[30.254129108103243,-0.90690397171535],[30.250609860233414,-0.914821187144303],[30.242129291640317,-0.906464621704736],[30.239552781867033,-0.902431460295831],[30.238628686718524,-0.899083986930379],[30.242790103656855,-0.89873846295068],[30.245826930871193,-0.896534730889493],[30.244110934231085,-0.895089103497216],[30.237900170900463,-0.885806694683511],[30.239312051517775,-0.880728505035459],[30.243238300081668,-0.878347656391587]]]}},{"type":"Feature","properties":{"n":"Eastern Division","c":"411202","d":"Ntungamo","od":"Ntungamo","dc":"411","k":"EASTERNDIVISION","a":["EASTERN","EASTERNDIVISION"],"lat":-0.879467,"lon":30.28687},"geometry":{"type":"Polygon","coordinates":[[[30.25780909025614,-0.9022592045788831],[30.264981640996783,-0.897601664123982],[30.26498169199707,-0.8976016090553102],[30.26498173254426,-0.89760158272637],[30.27035665043378,-0.891797910424667],[30.27035663804847,-0.8917978936899879],[30.270358809992423,-0.891795548486078],[30.27033981113692,-0.891775157644128],[30.26708247333661,-0.8873739351502038],[30.266779784665413,-0.8866122689070861],[30.266216505684806,-0.8817125084789021],[30.266215952507977,-0.881703587274511],[30.265344501896493,-0.881272034028991],[30.26550973531791,-0.877662434536491],[30.267184352018123,-0.873434244412225],[30.26696862688137,-0.8733186864382008],[30.26925445386119,-0.866520700298172],[30.271939585009918,-0.861324556932908],[30.271839350884687,-0.858493542323426],[30.27290748801446,-0.857942031803049],[30.271996938531807,-0.85454961622494],[30.273595986829125,-0.849404536093388],[30.27823102273184,-0.844601985255306],[30.28116816487343,-0.842739018065364],[30.287021079917984,-0.841617921518179],[30.288409325333852,-0.841559024078666],[30.289540912894953,-0.845727879789325],[30.291430160428668,-0.849060388821019],[30.299568279442,-0.848160510678159],[30.299206578723503,-0.852843807600657],[30.30052000149631,-0.855817868216775],[30.297689147172225,-0.859521598166552],[30.302204661148476,-0.86568787623168],[30.304350953160345,-0.872174277472259],[30.30954424879235,-0.881734494459814],[30.307514358782335,-0.882114995343161],[30.2959099525322,-0.891028994777041],[30.298767420878995,-0.895184540673139],[30.297512676863036,-0.909094416812685],[30.292147855104187,-0.909561611400809],[30.28897751410128,-0.910762721214889],[30.28429478054554,-0.91584713190046],[30.282941241437555,-0.916394358060636],[30.278207285076384,-0.916228971905741],[30.269267552268104,-0.91753772539456],[30.265898987636973,-0.917076225205303],[30.258406920287467,-0.918627096643254],[30.256650888778186,-0.918288608972963],[30.250792324052572,-0.914692337985094],[30.254126733043563,-0.9069093148624738],[30.254129108103243,-0.90690397171535],[30.256199205959316,-0.9042911464496468],[30.25780909025614,-0.9022592045788831]]]}},{"type":"Feature","properties":{"n":"Western Division","c":"411203","d":"Ntungamo","od":"Ntungamo","dc":"411","k":"WESTERNDIVISION","a":["WESTERN","WESTERNDIVISION"],"lat":-0.849915,"lon":30.259341},"geometry":{"type":"Polygon","coordinates":[[[30.25182799498631,-0.849091821419729],[30.25414189067306,-0.848142611596446],[30.256538136653553,-0.845005888158748],[30.255890182180085,-0.841788954378327],[30.254472541579602,-0.839954985777979],[30.258335786379153,-0.839290933588228],[30.260209763323353,-0.839748118111034],[30.258275126202413,-0.836132789237357],[30.25794469603625,-0.832665164616652],[30.256639580736884,-0.831230070376729],[30.257472363057786,-0.829126564722379],[30.260537985421834,-0.826881144133386],[30.26141661528902,-0.827192582960473],[30.264273060093622,-0.832535397766447],[30.270469773747777,-0.834071972390223],[30.274986479476937,-0.833753333191512],[30.277061385824503,-0.838089960899802],[30.27586294244569,-0.841775923670607],[30.2760190717709,-0.846588129405898],[30.275179082605263,-0.8477642256176933],[30.273595986829125,-0.849404536093388],[30.273278931883922,-0.8504246885815289],[30.272560911003392,-0.851430013021566],[30.271997344568618,-0.8545483097653773],[30.271996938531807,-0.85454961622494],[30.272236849740448,-0.8554434485065113],[30.272907323127562,-0.8579421169389906],[30.271839350884687,-0.858493542323426],[30.271840000559877,-0.8585118917623097],[30.2717551827033,-0.8616814038684957],[30.26925445386119,-0.866520700298172],[30.26696862688137,-0.8733186864382002],[30.264142880541755,-0.87180501247778],[30.26218709261339,-0.8731955637973364],[30.261603905385574,-0.872476448498724],[30.26160272971872,-0.872476491562589],[30.261602157792222,-0.872475787502492],[30.259703193516515,-0.8725437587585786],[30.26099143213053,-0.870229092471392],[30.26099134388839,-0.8702290514865252],[30.26099147670725,-0.870228812968314],[30.2603047794042,-0.869910170361839],[30.259695523970297,-0.869627196129322],[30.259725755016078,-0.8686450998515007],[30.260361064463215,-0.8685691373735174],[30.264688021354203,-0.868054228479183],[30.26468737975307,-0.86805184988246],[30.264688233285664,-0.868051747827546],[30.26416662771749,-0.8661212749217035],[30.263855702834874,-0.8649685885142645],[30.264022210106685,-0.8648920999109722],[30.26590672093948,-0.864033234949849],[30.26436771613343,-0.860124573593874],[30.255631368924096,-0.85869570393596],[30.25326965170365,-0.8604315189301129],[30.252989268800317,-0.86063737540658],[30.248367389823297,-0.8613711656360397],[30.247776676279617,-0.8610509096026787],[30.245184794253067,-0.8588777386230846],[30.245184761709428,-0.858877690004151],[30.24544650916877,-0.857098053037071],[30.244190512702932,-0.855308303846618],[30.245714198912086,-0.851060336318918],[30.244113482414278,-0.847163229073711],[30.24835541130554,-0.848901664089558],[30.25182799498631,-0.849091821419729]]]}},{"type":"Feature","properties":{"n":"Kitwe Town Council","c":"411301","d":"Ntungamo","od":"Ntungamo","dc":"411","k":"KITWETOWNCOUNCIL","a":["KITWE","KITWETOWNCOUNCIL"],"lat":-0.999826,"lon":30.46634},"geometry":{"type":"Polygon","coordinates":[[[30.4225318447011,-0.957902075656109],[30.423589247228563,-0.957261251383701],[30.42862094203529,-0.963236639088079],[30.428612459197417,-0.969657816639956],[30.433293395659437,-0.969729616203111],[30.4339440009085,-0.965703853568351],[30.435998655137602,-0.962362814622828],[30.43900504835099,-0.962774618705494],[30.443970364866654,-0.965022149143554],[30.446718494904363,-0.964601251808391],[30.44927120661839,-0.960734102020358],[30.45890258456161,-0.965481661210996],[30.45863010234905,-0.952859975398271],[30.46240168407082,-0.949462990135521],[30.461157442569675,-0.947754206985442],[30.46237735707699,-0.945150157578486],[30.465004141841558,-0.944793973155955],[30.467253006383096,-0.945449715778098],[30.46877091688616,-0.944446570455876],[30.47279117173416,-0.946216236798398],[30.47680738355604,-0.946397021461374],[30.477794342123282,-0.947589541656995],[30.48209446164918,-0.946803704586952],[30.482878848738384,-0.947593219734617],[30.488260742995795,-0.948327264989387],[30.491487566244803,-0.94985475690521],[30.494085666262087,-0.948876920658639],[30.495741481268215,-0.949440795874925],[30.498026176598838,-0.948841253255564],[30.502321288128492,-0.952189888517212],[30.50573865574295,-0.95371355574177],[30.504614515067892,-0.956347233769206],[30.50667819856658,-0.960630852631295],[30.505361770696265,-0.966205202063657],[30.505996762825713,-0.9783040469050468],[30.5059,-0.9784],[30.504225779883452,-0.9830240365123699],[30.503162599247524,-0.984776548929981],[30.501653719774957,-0.989987803506552],[30.501762546411374,-0.9905499770655409],[30.504524999893647,-1.0148405163062078],[30.491117326310608,-1.028420536088119],[30.49098458529559,-1.0291154147044128],[30.4905,-1.0296],[30.488069549032666,-1.0350685146765],[30.487442892852734,-1.035554174924607],[30.48732813646716,-1.0367366929488915],[30.485867450439276,-1.040023236511634],[30.485275927718245,-1.040566021331024],[30.485406816317994,-1.041059663284516],[30.481310662153142,-1.0502760101554312],[30.47854256483515,-1.053025357455174],[30.47833692137881,-1.056835695664334],[30.476158640491875,-1.056896859181941],[30.47041848119091,-1.0551135087195063],[30.470318040763313,-1.055027379688581],[30.469746457844327,-1.052743114094037],[30.46862853184779,-1.053522820439555],[30.468739064271894,-1.0545917481233071],[30.466629296810975,-1.0539362863878758],[30.47168120689662,-1.042215514730344],[30.468011281971332,-1.031823904988315],[30.461802429515625,-1.027263540606466],[30.458453803271343,-1.025921775864523],[30.44848887436899,-1.016444795646301],[30.439156148373826,-1.010182125986607],[30.436638843077972,-1.008721486795192],[30.42945412778929,-1.007305863840506],[30.429020388495868,-1.003262620801608],[30.430704436106947,-0.996388961545994],[30.428711344569056,-0.990154236085858],[30.42942800569716,-0.984576221816168],[30.422931400338776,-0.979114559169164],[30.420468609258698,-0.974613470047312],[30.41832174381546,-0.97301755781051],[30.417067116304008,-0.969953465055817],[30.414708783039536,-0.967329513148726],[30.40937085093587,-0.95616559116023],[30.418437518760935,-0.95582858958086],[30.4225318447011,-0.957902075656109]]]}},{"type":"Feature","properties":{"n":"Nyakyera","c":"411302","d":"Ntungamo","od":"Ntungamo","dc":"411","k":"NYAKYERA","a":["NYAKYERA"],"lat":-0.886369,"lon":30.367026},"geometry":{"type":"Polygon","coordinates":[[[30.294163841469363,-0.825389590423441],[30.302356117768543,-0.826828189693795],[30.317365398402785,-0.831190246450001],[30.325203693747266,-0.831649939018697],[30.340985292980776,-0.827198432789104],[30.34797876654401,-0.828293796114906],[30.353564270655,-0.826711878234786],[30.35862058653338,-0.8265784225014],[30.361526804205678,-0.827863711430702],[30.36371360194439,-0.830459906954345],[30.365831464423096,-0.835893749424634],[30.366967255561235,-0.842446175476357],[30.37223950386568,-0.844506475914943],[30.3761795650812,-0.849363374678019],[30.379732900452158,-0.863832429214855],[30.383744558474444,-0.868355247453374],[30.380606290326487,-0.872155046225248],[30.37941544093307,-0.876697141240381],[30.379816824197786,-0.880093439877543],[30.37914833724664,-0.884875466715956],[30.376366750598546,-0.887863010434633],[30.374915579885645,-0.891734394583519],[30.374746298881107,-0.895562222445218],[30.37650150168032,-0.899029764206164],[30.37562194867623,-0.90040274316346],[30.379561506145453,-0.905249225782639],[30.380248374218063,-0.907688329638457],[30.384021602987794,-0.910050858535105],[30.373524718393913,-0.924367079444271],[30.36811842694835,-0.929055699277157],[30.358845226251212,-0.931822864355558],[30.355572634635735,-0.931752276959732],[30.356644077808298,-0.933199882081302],[30.357001029388293,-0.937497060592352],[30.35533110667633,-0.938838356309196],[30.35593023852275,-0.9400527275781],[30.35547579456739,-0.94105531840712],[30.35314060594809,-0.942736318613609],[30.350228022739667,-0.9425441969862],[30.348266529594987,-0.943855150658704],[30.34060935006639,-0.945381757697026],[30.332597378255393,-0.945711795092471],[30.324249154339377,-0.943462799335726],[30.31870100717067,-0.943585875917162],[30.316871740676472,-0.942833125906567],[30.315816531189622,-0.940358629641967],[30.312817311032852,-0.938398136312865],[30.315637208008322,-0.935593413886381],[30.315198636256255,-0.930318472460964],[30.316679802636266,-0.927677407373346],[30.319993430386447,-0.924851296334731],[30.321581185222893,-0.921248046964931],[30.32202975291939,-0.916446302155978],[30.323437651198745,-0.91454152993483],[30.32941491704498,-0.909327828249699],[30.333404626866265,-0.907614051239062],[30.33581704696991,-0.90545450056211],[30.339212613680036,-0.904385292620678],[30.34333111408218,-0.904835617898874],[30.347178350122096,-0.902142296394978],[30.352421698523905,-0.895634776758442],[30.355509190398315,-0.89425396091611],[30.358514891595213,-0.894098550277233],[30.35743505327765,-0.888182729368585],[30.353704233838766,-0.882255926167202],[30.350500644896428,-0.880813285956577],[30.346628259000177,-0.876728849914357],[30.337907954391493,-0.874929004428154],[30.329410403714746,-0.876369298333929],[30.329244768815624,-0.874931301139984],[30.32797963884248,-0.873629237081271],[30.32752498702727,-0.868915468189817],[30.325608689267117,-0.863064624368449],[30.319033781406684,-0.862539520119141],[30.317029078623452,-0.861826999584647],[30.317645943121036,-0.860176718931187],[30.315955554069728,-0.85966645396723],[30.317350784485424,-0.855866084340128],[30.31742924523458,-0.853168769354647],[30.31541616170829,-0.848142697155448],[30.314232285606597,-0.842216743078565],[30.312202806413783,-0.842694620453371],[30.30289033336151,-0.840179128592148],[30.291883577714813,-0.841413092775247],[30.29150762601284,-0.833261223870907],[30.294163841469363,-0.825389590423441]]]}},{"type":"Feature","properties":{"n":"Nyakyera Town Council","c":"411303","d":"Ntungamo","od":"Ntungamo","dc":"411","k":"NYAKYERATOWNCOUNCIL","a":["NYAKYERA","NYAKYERATOWNCOUNCIL"],"lat":-0.884246,"lon":30.423923},"geometry":{"type":"Polygon","coordinates":[[[30.374044790890093,-0.825374973523568],[30.38111777617826,-0.825290086596701],[30.38224061834339,-0.823903007449626],[30.379527237539918,-0.820251486220803],[30.380729190630895,-0.818832027468706],[30.382328273727673,-0.817504198828832],[30.386787650114186,-0.815981286423471],[30.389747643868674,-0.812588164738861],[30.393355047031267,-0.8106699483514789],[30.4003,-0.815],[30.4133,-0.8114],[30.416252719816175,-0.8122510780646627],[30.430261839878177,-0.816348329240096],[30.43050529934548,-0.8166750134710798],[30.434353870551245,-0.8237050702069453],[30.43607588543346,-0.828408968128573],[30.437365916358036,-0.829207073880683],[30.4378,-0.83],[30.4387788804044,-0.830081234888332],[30.443607384510308,-0.833068494207155],[30.44681126066522,-0.83408296737146],[30.45332727560906,-0.834014931325756],[30.462270975974683,-0.8322722484975497],[30.4743,-0.8411],[30.485686424857885,-0.8437723242013405],[30.486450962756702,-0.844513217583824],[30.48682516705811,-0.847000571942273],[30.485600351743763,-0.854159464448904],[30.48815176892191,-0.856284863017667],[30.488433121143128,-0.861274181546691],[30.48632661866517,-0.869581376151601],[30.482192836337788,-0.876792037118478],[30.487915963931684,-0.882890064546804],[30.48071993071402,-0.882523554095171],[30.473809649640653,-0.884560394314362],[30.469241479007657,-0.883932345138138],[30.463554799650172,-0.886762842559685],[30.458395763701155,-0.887181926185682],[30.458110450588418,-0.888428390272575],[30.459566139277126,-0.892819169680688],[30.459128895160735,-0.89831746487958],[30.45803951892543,-0.901565415863032],[30.45580799396874,-0.90346303562414],[30.451491445911067,-0.904727655414854],[30.45055342850416,-0.906101268626766],[30.452985595787787,-0.907488004813991],[30.453908824349767,-0.909819871091511],[30.4510815731296,-0.912647800360876],[30.448347310868396,-0.91321115273156],[30.45003754377801,-0.918989497639143],[30.44933194187238,-0.924864886354974],[30.44996389065428,-0.925340574597339],[30.449922845528334,-0.929294017685616],[30.448193681431636,-0.929115384515002],[30.44623793572366,-0.932466193816737],[30.446761679816525,-0.934291006797826],[30.44600214583234,-0.936844456090721],[30.438982350140666,-0.937788685134062],[30.437128108027363,-0.938767776637215],[30.435772094889362,-0.93970867375176],[30.43661137886219,-0.940683610909393],[30.435286857937584,-0.94326132661466],[30.433435044822282,-0.942154142984388],[30.427885333457528,-0.94097474522429],[30.42625608311036,-0.941411156369714],[30.424729261726693,-0.943910792513537],[30.415283624557244,-0.939576127673037],[30.41487547259733,-0.938769377386351],[30.409036426943132,-0.938509400060013],[30.406965646347544,-0.946812810627204],[30.407260719445166,-0.950733160256536],[30.40981722809471,-0.957394175537086],[30.40836760408866,-0.958102369596023],[30.404837472810602,-0.95705527575412],[30.40298104697439,-0.954633758477892],[30.400657045790307,-0.953519324233795],[30.39657206689469,-0.945582014577749],[30.395899730127145,-0.942220035777979],[30.397106208685344,-0.926556781520064],[30.39484896776697,-0.918694905789783],[30.389882802473757,-0.91317161610036],[30.38606196382745,-0.912039383804439],[30.383768152883732,-0.9103965275425829],[30.384021602987794,-0.910050858535105],[30.3807032695026,-0.9079731528814293],[30.37987640873251,-0.9063674610667107],[30.379561506145453,-0.905249225782639],[30.378849521483666,-0.9043733351996385],[30.378327149228536,-0.903358933640592],[30.37562791905379,-0.9004100879810707],[30.37562194867623,-0.90040274316346],[30.375802434170613,-0.9001210059802154],[30.376501480162453,-0.899030310068661],[30.37650132920189,-0.8990300334443515],[30.37650150168032,-0.899029764206164],[30.37482243574779,-0.8957126368388661],[30.374914577271145,-0.891757065973816],[30.374915579885645,-0.891734394583519],[30.374916799208236,-0.8917311417159495],[30.37660676349002,-0.8876052262642866],[30.37756856116618,-0.886572214185365],[30.378433615091666,-0.886334280400583],[30.37914795390243,-0.8848758784441281],[30.37914833724664,-0.884875466715956],[30.379816824197786,-0.880093439877543],[30.379415450069388,-0.8766972185471908],[30.38002157879024,-0.8743852319806892],[30.380606290326487,-0.872155046225248],[30.382471426335407,-0.8698967492340611],[30.38374445460203,-0.868355400545664],[30.38374444291611,-0.8683553873708024],[30.383744558474444,-0.868355247453374],[30.379732929923968,-0.8638324624419245],[30.37794687722182,-0.8565598065023932],[30.3761795650812,-0.849363374678019],[30.37223950386568,-0.844506475914943],[30.367609493326388,-0.8426971505201732],[30.366912627446105,-0.8421310236207719],[30.366543571950746,-0.8400019272040853],[30.366400086508936,-0.837998077982547],[30.36600317534906,-0.8368843568584029],[30.365831464423096,-0.835893749424634],[30.363713711039107,-0.8304601868608577],[30.363713621544697,-0.83045993574216],[30.367351879470952,-0.827102929985332],[30.374044790890093,-0.825374973523568]]]}},{"type":"Feature","properties":{"n":"Rukoni East","c":"411304","d":"Ntungamo","od":"Ntungamo","dc":"411","k":"RUKONIEAST","a":["RUKONIEAST"],"lat":-0.919746,"lon":30.536639},"geometry":{"type":"Polygon","coordinates":[[[30.51008898684639,-0.917012870904073],[30.51014456400779,-0.912806845206184],[30.507478722257876,-0.906433935219297],[30.513781709812108,-0.901327090849295],[30.51718485494759,-0.892851743247222],[30.525123553078487,-0.886448405135946],[30.525543247360993,-0.882460888755534],[30.527268945957413,-0.877460361168116],[30.529503937781886,-0.873966981242097],[30.531429757818557,-0.871696380525588],[30.532807854372315,-0.871338575455158],[30.548085604982884,-0.870654928963948],[30.551382523092165,-0.869208541458175],[30.552970680483362,-0.87654530977529],[30.55079044800399,-0.876134634513255],[30.546396793244107,-0.87833058936532],[30.548969687677403,-0.880343026483613],[30.548879269050286,-0.884045463338924],[30.54806274181562,-0.885629139164838],[30.543798381506075,-0.888849980616459],[30.541379115914964,-0.896204883891038],[30.54763807866401,-0.899927469531466],[30.552481982345327,-0.904283457221398],[30.559150079593863,-0.916054317691886],[30.561762064936772,-0.918567503204092],[30.56605449658955,-0.920923520766445],[30.566024686671774,-0.9211269654300184],[30.563225878126655,-0.9305132135996249],[30.563167184941072,-0.930586036036749],[30.56310258072186,-0.9305985949142576],[30.54720247997814,-0.9303692665381462],[30.543099351715814,-0.930201480525423],[30.54266765908537,-0.9303038604675775],[30.5424,-0.9303],[30.542319539805963,-0.9303864202084094],[30.538311431466656,-0.931336980563137],[30.537159180607865,-0.932701374095894],[30.536362646224024,-0.936262208583028],[30.536323884273504,-0.9368261983729058],[30.5343,-0.939],[30.5298,-0.9547],[30.520827369944655,-0.9635975452850091],[30.516553603264953,-0.964707365100233],[30.51153700944077,-0.966860642693664],[30.510609998401957,-0.969548745864424],[30.505572151745255,-0.9702137047698209],[30.50538681208462,-0.9666823290361999],[30.505399595890946,-0.9660450331267516],[30.50667819856658,-0.960630852631295],[30.506678105599327,-0.9606306596577762],[30.506678126329877,-0.960630587612816],[30.504614593311125,-0.9563470504580907],[30.50573865574295,-0.95371355574177],[30.505489079949918,-0.9536022799005995],[30.507582361111023,-0.947033746082314],[30.50483818634486,-0.939259772436707],[30.50452476618368,-0.933776753526856],[30.507331793729406,-0.927497670780429],[30.51008898684639,-0.917012870904073]]]}},{"type":"Feature","properties":{"n":"Rukoni West","c":"411305","d":"Ntungamo","od":"Ntungamo","dc":"411","k":"RUKONIWEST","a":["RUKONIWEST"],"lat":-0.927228,"lon":30.478503},"geometry":{"type":"Polygon","coordinates":[[[30.41487550144535,-0.9387694344071427],[30.415283624557244,-0.939576127673037],[30.424729261726693,-0.943910792513537],[30.42625608311036,-0.941411156369714],[30.427884802244236,-0.9409748875151301],[30.432035575021445,-0.9418567344454656],[30.43343503766306,-0.942154141462945],[30.43343710245033,-0.9421553732230525],[30.435286857937584,-0.94326132661466],[30.4353021845396,-0.9432314987561503],[30.436611074737684,-0.940685739785727],[30.436610580000035,-0.9406851656145577],[30.43661137886219,-0.940683610909393],[30.435772094889362,-0.93970867375176],[30.437128108027363,-0.938767776637215],[30.43712813400776,-0.9387677629188403],[30.43898228079819,-0.9377887217488222],[30.446002032324564,-0.936844555810572],[30.44600205850179,-0.9368444678375076],[30.44600214583234,-0.936844456090721],[30.446238623771425,-0.9360494496276616],[30.446761496234394,-0.934292246932064],[30.4467614050325,-0.9342919305841103],[30.446761679816525,-0.934291006797826],[30.44623793572366,-0.932466193816737],[30.447087139609845,-0.9310112396939701],[30.448194019815528,-0.9291154194721164],[30.449922845528334,-0.929294017685616],[30.44996389065428,-0.925340574597339],[30.44933194187238,-0.924864886354974],[30.45003754377801,-0.918989497639143],[30.448347449935667,-0.9132116281563748],[30.45069178263574,-0.9127281106522116],[30.4510815731296,-0.912647800360876],[30.45189210732781,-0.9118370717752468],[30.453908272487688,-0.909820727603792],[30.453908186202412,-0.9098205093919113],[30.453908824349767,-0.909819871091511],[30.45320169792945,-0.9080338298863513],[30.452986193422362,-0.907488827936693],[30.452985842307832,-0.907488627467797],[30.452985595787787,-0.907488004813991],[30.45237198032405,-0.9071381428722004],[30.450554130208957,-0.9061002410648346],[30.45149139208022,-0.9047277342436244],[30.451842539323273,-0.9046247955204357],[30.45580799396874,-0.90346303562414],[30.45580927192897,-0.9034619488863126],[30.455809361360853,-0.903461922669379],[30.458039470177283,-0.901565505106388],[30.4580394926021,-0.9015654382475764],[30.45803951892543,-0.901565415863032],[30.459128895160735,-0.89831746487958],[30.459128899601723,-0.8983174090346544],[30.459128908536385,-0.898317382396268],[30.459133717452627,-0.8982568251056987],[30.459566139277126,-0.892819169680688],[30.45954238333431,-0.8927475148650983],[30.45813079737852,-0.8883395000603347],[30.45828787313884,-0.8876532739970445],[30.45860971832987,-0.8871645460234796],[30.463554799650172,-0.886762842559685],[30.469241479007657,-0.883932345138138],[30.471452834755848,-0.8842363705933076],[30.473809055300876,-0.884560404725736],[30.473809268441958,-0.8845603419057402],[30.473809649640653,-0.884560394314362],[30.480719888469533,-0.8825235665469464],[30.487915972067004,-0.882890075228235],[30.49142879327497,-0.887821260076912],[30.503495158108226,-0.893054322989445],[30.505129423433036,-0.900774408200591],[30.507485862823902,-0.906428149747075],[30.507478722257876,-0.906433935219297],[30.510115266336104,-0.9127368067560451],[30.510144560746138,-0.9128070920448293],[30.51008898684639,-0.917012870904073],[30.508122995575825,-0.9244889613177583],[30.504526220029195,-0.9337735013976359],[30.50452476618368,-0.933776753526856],[30.504524791127334,-0.9337771898948584],[30.5045247812213,-0.933777215465808],[30.50467020346937,-0.9363210550314083],[30.50483818634486,-0.939259772436707],[30.507582361111023,-0.947033746082314],[30.505489079949918,-0.9536022799005995],[30.502321288128492,-0.952189888517212],[30.49954345147226,-0.9500241794980303],[30.498026551241328,-0.948841340672931],[30.498026354827516,-0.948841392209544],[30.498026176598838,-0.948841253255564],[30.495741569819295,-0.9494407726376275],[30.494086607501533,-0.948876895237611],[30.4940861248563,-0.9488770768294126],[30.494085666262087,-0.948876920658639],[30.491487566244803,-0.94985475690521],[30.488260742995795,-0.948327264989387],[30.482878848738384,-0.947593219734617],[30.48209446164918,-0.946803704586952],[30.477794342123282,-0.947589541656995],[30.476836100345484,-0.946431719322565],[30.476807567498092,-0.946397217691691],[30.476807545126587,-0.9463972166834922],[30.47680738355604,-0.946397021461374],[30.473226116204614,-0.9462358152701001],[30.47279111396614,-0.9462162113696324],[30.46877091688616,-0.944446570455876],[30.46725301763701,-0.9454497083406951],[30.467058960504993,-0.9453931342674848],[30.465004141841558,-0.944793973155955],[30.46237735707699,-0.945150157578486],[30.461157442569675,-0.947754206985442],[30.46115757195517,-0.9477543846774356],[30.46115744952669,-0.947754645306231],[30.46122654725985,-0.9478491121385443],[30.46240168407082,-0.949462990135521],[30.459412138431805,-0.9521556117535099],[30.458630355851156,-0.952859197443497],[30.458630367514566,-0.9528597365692023],[30.45863010234905,-0.952859975398271],[30.45890258456161,-0.965481661210996],[30.44927120661839,-0.960734102020358],[30.446718494904363,-0.964601251808391],[30.443970710292,-0.9650220962389953],[30.44122877499769,-0.9637811795780219],[30.43900504835099,-0.962774618705494],[30.438994583840824,-0.9627731853174764],[30.43600096095483,-0.962362836315606],[30.436000793939378,-0.9623631075876001],[30.435998655137602,-0.962362814622828],[30.43396293939393,-0.9656730580133198],[30.433944276259446,-0.965703371290615],[30.43394427053927,-0.9657034151262543],[30.4339440009085,-0.965703853568351],[30.4333068528423,-0.9696463469334221],[30.430736158603036,-0.9696903914657058],[30.42884504455917,-0.9696613842011707],[30.42862093286096,-0.9632435837009246],[30.42862094203529,-0.963236639088079],[30.428620679464068,-0.9632363272717008],[30.428620675090013,-0.963236202013528],[30.428137311967728,-0.9626623043419967],[30.423589247228563,-0.957261251383701],[30.422532179499697,-0.9579018727560198],[30.420638883404855,-0.9569434248437136],[30.418437518760935,-0.95582858958086],[30.41001896262534,-0.9561415013107755],[30.409370847733992,-0.956165580043911],[30.407262147999376,-0.9507368823724072],[30.407260719445166,-0.950733160256536],[30.40721213113811,-0.950087614616865],[30.406965708484734,-0.9468125614696582],[30.409036426943132,-0.938509400060013],[30.414618096217026,-0.9387579179754855],[30.41487550144535,-0.9387694344071427]]]}},{"type":"Feature","properties":{"n":"Rwoho Town Council","c":"411306","d":"Ntungamo","od":"Ntungamo","dc":"411","k":"RWOHOTOWNCOUNCIL","a":["RWOHO","RWOHOTOWNCOUNCIL"],"lat":-0.870245,"lon":30.517483},"geometry":{"type":"Polygon","coordinates":[[[30.48632646951758,-0.869581636313515],[30.48632661866517,-0.869581376151601],[30.487452393131587,-0.865141776544373],[30.48843302808094,-0.861274834235255],[30.488433014884613,-0.8612746005873438],[30.488433121143128,-0.861274181546691],[30.48815176892191,-0.856284863017667],[30.485600535776147,-0.8541596177527879],[30.486825097081944,-0.847001341226665],[30.48682506824864,-0.8470011494713],[30.48682516705811,-0.847000571942273],[30.486465448674622,-0.8446095061912405],[30.486450971460144,-0.844513225745957],[30.48947679261748,-0.847586374482255],[30.493169043800023,-0.849223078751446],[30.496368535652486,-0.848234276783681],[30.49941501936147,-0.849033086531578],[30.50175573897518,-0.847777423749255],[30.50488638273785,-0.847568685537772],[30.51055022731895,-0.843608605876423],[30.51367029718331,-0.843379808112495],[30.51377282776888,-0.840927124476095],[30.51854521985337,-0.835918189783443],[30.526656007890274,-0.831612401115499],[30.528548981366754,-0.829232251582087],[30.53052518733591,-0.830111006760863],[30.533581926816,-0.82800825129503],[30.5485,-0.8262],[30.54861558811632,-0.8262433455436203],[30.55017089788494,-0.827828290079826],[30.555598951344976,-0.8288621067543657],[30.5557,-0.8289],[30.562766055454023,-0.8258808672150998],[30.565796151024298,-0.826125300763681],[30.56676607474251,-0.8241717680645644],[30.57733079050332,-0.8196577531485816],[30.57797831404099,-0.819633938632226],[30.59369946177658,-0.8271997409799805],[30.593699323004092,-0.8272005062751993],[30.5707,-0.8444],[30.57068822963228,-0.8444572283395971],[30.570384376982496,-0.844606034604279],[30.5704879353694,-0.8454310728591156],[30.56971843229335,-0.8491724498840549],[30.568574914013343,-0.851706730872456],[30.56716784518606,-0.858365410527149],[30.567823247035875,-0.8583869713083151],[30.5678,-0.8585],[30.569111842978398,-0.8584293623011632],[30.576853462099074,-0.858684038658544],[30.580763925244504,-0.857818752234848],[30.583771084278887,-0.85998052735459],[30.588360880690246,-0.861395365007576],[30.5890885015043,-0.8614004350425915],[30.6029,-0.8674],[30.60284746728419,-0.8679723301143757],[30.602703099821884,-0.868874469326109],[30.598706642333592,-0.876727889738081],[30.600650826374615,-0.883173401274127],[30.600994762714347,-0.8881077656304519],[30.595222925476087,-0.896666007052698],[30.595171081928466,-0.896707776288143],[30.5714,-0.9031],[30.569758100803497,-0.9086063692565693],[30.568930439732057,-0.909248396195579],[30.566864434283566,-0.913992477661908],[30.566054498262766,-0.920923509359332],[30.561762052756404,-0.9185674914844517],[30.559150118291505,-0.9160543549257681],[30.557996088027366,-0.9140172337671791],[30.552481982345327,-0.904283457221398],[30.55248181086846,-0.904283303017026],[30.552481796181734,-0.904283277091676],[30.5504154463909,-0.9024250789854703],[30.54763807866401,-0.899927469531466],[30.541554597356168,-0.896309253371954],[30.541631996887677,-0.8954360906253751],[30.54258298813402,-0.8925449452060752],[30.54327371833976,-0.891481575503009],[30.543797121974585,-0.8888538097670581],[30.543798232703022,-0.8888504329983984],[30.54708939599852,-0.8863643004380232],[30.54806274181562,-0.885629139164838],[30.548062826731165,-0.8856289744689309],[30.54806324175714,-0.885628660959845],[30.548671898544104,-0.884447663833538],[30.548879269050286,-0.884045463338924],[30.548969687677403,-0.880343026483613],[30.546396793244107,-0.87833058936532],[30.55075663566263,-0.876151533969205],[30.5507904690167,-0.8761346384712734],[30.552970680483362,-0.87654530977529],[30.552969653578483,-0.8765405658102186],[30.552969926648203,-0.876540616697165],[30.55287357996203,-0.8760967370881934],[30.551382523092165,-0.869208541458175],[30.548228419416585,-0.8705922749926629],[30.545550478310012,-0.8707683704317961],[30.532807854372315,-0.871338575455158],[30.531429757818557,-0.871696380525588],[30.531429275442257,-0.8716969492619975],[30.531429196217196,-0.871696954471661],[30.53142876873881,-0.8716975466808559],[30.529503937781886,-0.873966981242097],[30.527268945957413,-0.877460361168116],[30.525543247360993,-0.882460888755534],[30.525123553078487,-0.886448405135946],[30.524329238415223,-0.8870890977623377],[30.517185925644362,-0.892850615667719],[30.517185768850172,-0.8928510060952191],[30.51718485494759,-0.892851743247222],[30.513781709812108,-0.901327090849295],[30.50779056897817,-0.9061812688996932],[30.507485858396702,-0.9064281391250147],[30.505136127252335,-0.900790492493633],[30.505129395104095,-0.9007742743778612],[30.503495158108226,-0.893054322989445],[30.49142879327497,-0.887821260076912],[30.487915972067004,-0.882890075228235],[30.48727028842218,-0.8828571894705881],[30.487270279099317,-0.8828571783395888],[30.487915963931684,-0.882890064546804],[30.482192836337788,-0.876792037118478],[30.486145145144018,-0.869897925000053],[30.486326430734962,-0.869581789245183],[30.48632646951758,-0.869581636313515]]]}},{"type":"Feature","properties":{"n":"Itojo","c":"411401","d":"Ntungamo","od":"Ntungamo","dc":"411","k":"ITOJO","a":["ITOJO"],"lat":-0.792812,"lon":30.275626},"geometry":{"type":"Polygon","coordinates":[[[30.2235,-0.7576],[30.23526377777306,-0.7512979761930035],[30.239701736446037,-0.755720993953629],[30.24157672311427,-0.756391541710008],[30.252482289396223,-0.754800308406469],[30.254266446800514,-0.753212297886596],[30.25666410603925,-0.753951201233446],[30.2586492853133,-0.752694774104468],[30.26111692993348,-0.753796840461296],[30.262486404129522,-0.753173037516611],[30.264331289169363,-0.753876145697488],[30.268532506937248,-0.751327765967664],[30.270888168961758,-0.751531209131825],[30.272698832834056,-0.753212463085678],[30.278369193780254,-0.752948176852464],[30.279679373020905,-0.754279412693309],[30.28335535617899,-0.754411546347608],[30.286428876327122,-0.756449133846267],[30.289478977162936,-0.756735862617222],[30.291500007189722,-0.764433108826661],[30.29864317262038,-0.774839063979655],[30.30319511435893,-0.788279763561892],[30.321637237320854,-0.810481671689742],[30.32491084585808,-0.818064166309437],[30.32832947497809,-0.819859422194142],[30.33911292671737,-0.821205704465058],[30.344720400804153,-0.819631259671895],[30.351801410029942,-0.815929736256232],[30.354723194382228,-0.815931665426813],[30.362037559069645,-0.818853709119277],[30.371733321017388,-0.8259717421123907],[30.367351879470952,-0.827102929985332],[30.36735168356774,-0.8271031107444266],[30.367351548492376,-0.827103136351306],[30.367348458882063,-0.8271060861487544],[30.363713621544697,-0.83045993574216],[30.363713711039107,-0.8304601868608577],[30.36371360194439,-0.830459906954345],[30.361526804205678,-0.827863711430702],[30.360740984535795,-0.8275161788519292],[30.36010423028027,-0.826880654951673],[30.359039309045116,-0.8267636045728987],[30.35862058653338,-0.8265784225014],[30.357599678782176,-0.8266053682057297],[30.356223254609308,-0.826454079109908],[30.355269883776284,-0.8266668605073637],[30.353564270655,-0.826711878234786],[30.34797876654401,-0.828293796114906],[30.341685852030235,-0.8273081589049459],[30.340985560541032,-0.827198446171031],[30.34098549551893,-0.827198464511947],[30.340985292980776,-0.827198432789104],[30.325203789489006,-0.8316499120128814],[30.321633854786743,-0.8314405786451114],[30.317365529389363,-0.8311902541319718],[30.317364643210688,-0.8311900269730736],[30.302356117768543,-0.826828189693795],[30.29598158826886,-0.8257087946499518],[30.29084312992671,-0.824391626264395],[30.2769905463274,-0.814087974845618],[30.269831514972445,-0.815545938616303],[30.268753759162692,-0.817580615966002],[30.26264687926123,-0.816265962857065],[30.257371382373027,-0.813500740735352],[30.255360353742486,-0.811625429168927],[30.24962018282521,-0.811169886097492],[30.247595650739388,-0.807336521048234],[30.247315913414546,-0.798779402423059],[30.245846091522775,-0.794355326339798],[30.242736937505565,-0.791269209361747],[30.237631427407294,-0.789137589749767],[30.236373588606142,-0.787630398054964],[30.235355355680223,-0.782847672842104],[30.23272319737862,-0.776486309228217],[30.223393195499337,-0.769582193977336],[30.22272977352069,-0.767071273548957],[30.22335199880458,-0.757653792711805],[30.223385340358455,-0.7576279299126845],[30.2235,-0.7576]]]}},{"type":"Feature","properties":{"n":"Kafunjo-Mirama Town Council","c":"411402","d":"Ntungamo","od":"Ntungamo","dc":"411","k":"KAFUNJOMIRAMATOWNCOUNCIL","a":["KAFUNJO","KAFUNJOMIRAMA","KAFUNJOMIRAMATOWNCOUNCIL","MIRAMA"],"lat":-1.030397,"lon":30.428614},"geometry":{"type":"Polygon","coordinates":[[[30.391933359542655,-1.038652896497782],[30.38967765649057,-1.037442124229966],[30.386055659036924,-1.03783521884048],[30.39434734907365,-1.025749168814208],[30.392423218193738,-1.024542902230188],[30.397649333881873,-1.018828950452441],[30.40621016249087,-1.014132196495864],[30.40062118621578,-1.009405723114483],[30.405239554030025,-1.005232783111256],[30.407657955875784,-1.001411072690925],[30.405129755290837,-0.998398060219794],[30.404600750757467,-0.994617321027098],[30.417493449258185,-0.993130165330639],[30.418211796607764,-0.991463980791412],[30.419192150451003,-0.991430443261652],[30.418971354289134,-0.990766646418358],[30.42065142464257,-0.990262082840393],[30.421349208310932,-0.990913197551122],[30.428773068869717,-0.9896738151220781],[30.428711344569056,-0.990154236085858],[30.430704436106947,-0.996388961545994],[30.429118333104658,-1.0028628471477536],[30.42902041042857,-1.003262477005096],[30.42902041448239,-1.0032625147342338],[30.429020388495868,-1.003262620801608],[30.42945412778929,-1.007305863840506],[30.43650946107539,-1.008695994326051],[30.436638952434688,-1.0087215502482436],[30.43915608135253,-1.010182087098223],[30.439156148419098,-1.010182126016986],[30.44490867644234,-1.0140423253559956],[30.448488940473773,-1.0164448585141581],[30.453082343647615,-1.0208133383537428],[30.45845342290611,-1.02592143532016],[30.458453474154325,-1.0259214628632451],[30.458453803271343,-1.025921775864523],[30.458454798630665,-1.0259221746961467],[30.464125712229038,-1.0289699776350132],[30.468010908430255,-1.0318236306246655],[30.468011306744987,-1.0318239751363905],[30.47168120689662,-1.042215514730344],[30.471680247151316,-1.0422177414040903],[30.47007764716927,-1.045020146569417],[30.469649545644714,-1.0469291056722572],[30.467873453191174,-1.051049759788752],[30.466995826516918,-1.052299152492576],[30.464025280134425,-1.052403732461296],[30.46351953143726,-1.0529701456892464],[30.45801820211836,-1.0512609948328884],[30.45692182714446,-1.050244970274211],[30.456083889384875,-1.0506600433040394],[30.45371623529392,-1.0499244614505394],[30.450419899561115,-1.048638937650532],[30.450298146246297,-1.048862530872636],[30.449352117613433,-1.0485686190643684],[30.44894668291904,-1.047627867155217],[30.44770466480843,-1.04744524657488],[30.44755093407365,-1.0480090280617171],[30.4472,-1.0479],[30.445331751431265,-1.0486265411100635],[30.444968713093687,-1.048527103709465],[30.445055261516007,-1.048734064965997],[30.443595837495547,-1.0493016187517317],[30.443636502955883,-1.048056428777091],[30.442016143819107,-1.047882971938592],[30.44061012532734,-1.049326992571086],[30.43925765226026,-1.04837597991081],[30.438968295791852,-1.049398376361759],[30.437545998262177,-1.049999312420988],[30.437861439053854,-1.0515316625901667],[30.43517799379522,-1.052575224635192],[30.43476553180461,-1.052668731142612],[30.434711405532337,-1.0527566756263131],[30.4346,-1.0528],[30.433893438753095,-1.0540857098099405],[30.432443547073863,-1.056441496931324],[30.43258820006825,-1.056460816269253],[30.43176516107606,-1.0579584773861797],[30.43040151437546,-1.05825420908891],[30.430527733407306,-1.0602101900293297],[30.4285,-1.0639],[30.422990619176858,-1.0635888389568326],[30.418842010606397,-1.062854716508333],[30.417315304306793,-1.0632683062233075],[30.415456468694945,-1.0631633221522063],[30.4148987004162,-1.062706900458953],[30.41435892686826,-1.063101334740068],[30.411754900334213,-1.0629542634740254],[30.410714238004477,-1.062269627500957],[30.409395506221653,-1.062765353851932],[30.406140912002318,-1.061832135684603],[30.405446434217467,-1.062597971367764],[30.403802046893496,-1.062505098993985],[30.40257805421504,-1.061232419835195],[30.401818932793322,-1.061726649115757],[30.402436857649917,-1.0624279952825535],[30.3984,-1.0622],[30.3908135091075,-1.0683889794123034],[30.39079234020859,-1.068371177079],[30.390935396121634,-1.066510078077203],[30.389723878683476,-1.067511660072386],[30.38677842880425,-1.066217146738836],[30.3866613387873,-1.0665712892315973],[30.382280038028522,-1.0646353656405096],[30.38231336286511,-1.064541247273559],[30.38100900906147,-1.063374127653393],[30.377650876438896,-1.062240082804784],[30.386625090521232,-1.041421393843156],[30.391933359542655,-1.038652896497782]]]}},{"type":"Feature","properties":{"n":"Kakukuru-Rwenanura Town Counci","c":"411403","d":"Ntungamo","od":"Ntungamo","dc":"411","k":"KAKUKURURWENANURATOWNCOUNCI","a":["KAKUKURU","KAKUKURURWENANURATOWNCOUNCI","RWENANURATOWNCOUNCI"],"lat":-0.976555,"lon":30.26234},"geometry":{"type":"MultiPolygon","coordinates":[[[[30.208408134020264,-0.9297343453255603],[30.208762805441282,-0.930026538849739],[30.215361676325635,-0.926018263849753],[30.215361866942153,-0.926018161981312],[30.219397761049347,-0.927428915547491],[30.228034228407545,-0.93776276784333],[30.234372129503384,-0.942406002311126],[30.243644419167925,-0.946909198015973],[30.254403365784057,-0.949445445051102],[30.264330429449615,-0.954404941070336],[30.272934657193954,-0.960656795417862],[30.278121166453264,-0.959983025139504],[30.279820254013593,-0.958287333871647],[30.283984014253015,-0.957726537189225],[30.283721060918708,-0.960079466738549],[30.289931459484173,-0.960273792339635],[30.291849093770804,-0.955345598498863],[30.29942161310791,-0.957273684563667],[30.31108502081237,-0.957477720403145],[30.311834894889206,-0.960070785573693],[30.314582271903404,-0.958597425891999],[30.320368751966207,-0.958264782354584],[30.319638152014516,-0.963024230230997],[30.31722413017933,-0.966594653302594],[30.30995218353586,-0.973112601233864],[30.31086595784092,-0.975960060315822],[30.305585676697014,-0.983972021281888],[30.3063873050895,-0.987496299976531],[30.308050556635198,-0.990423887112789],[30.310403674153218,-0.992916279931909],[30.312246606676332,-0.993383450333241],[30.316669483141457,-1.001360700881886],[30.319650509451137,-1.01087967032332],[30.313258430989233,-1.011236941249759],[30.309480172293757,-1.014615376003676],[30.30865588748225,-1.01448956039639],[30.308214296387252,-1.018213121918269],[30.304711671369652,-1.019707451801071],[30.277899956820683,-1.027347552487003],[30.27448020809388,-1.021401675748699],[30.269316640449016,-1.01744360037651],[30.262516618339614,-1.009756393857614],[30.259466875817008,-1.0060144905915],[30.257975745930707,-1.002633776644582],[30.254999629092364,-1.001007921110117],[30.251821864267686,-1.000475105994486],[30.247752861666196,-1.001418432907194],[30.246735185136302,-1.000392352253997],[30.244983167189908,-1.000273110247905],[30.244228238806624,-0.999009208938341],[30.243468117684976,-0.999700522504286],[30.243090178583763,-0.998435682718279],[30.235975769913566,-0.994484119595066],[30.235195921356095,-0.992025005261371],[30.232377772961158,-0.990783004525684],[30.230531175078358,-0.99061680225346],[30.228199395871187,-0.991919979103038],[30.2264250474955,-0.991514757554714],[30.225713812139936,-0.992160283504351],[30.225122476321243,-0.99130149027697],[30.223015043401073,-0.992305136853269],[30.219357836601773,-0.991506765914381],[30.217535098045662,-0.988162861167387],[30.216695330390504,-0.984354064238916],[30.213853977392155,-0.983517803889695],[30.213049252921394,-0.982538739379121],[30.214244631047833,-0.977149891395237],[30.21393692410983,-0.972492947773102],[30.21142761506857,-0.964107047809645],[30.206065784621504,-0.957479877769765],[30.20644448601128,-0.955497077456538],[30.205568600844117,-0.953896362042531],[30.20643249311839,-0.950491247683159],[30.20375751516848,-0.946024999394115],[30.203224823839037,-0.943576512173938],[30.20570990020043,-0.940084947748927],[30.20510499409152,-0.937062743801681],[30.203402080472156,-0.935751650916959],[30.20309431488886,-0.932574133159272],[30.208408134020264,-0.9297343453255603]]],[[[30.292802908908996,-1.023560118859395],[30.292802907128532,-1.023560113108658],[30.292802908909024,-1.023560118859386],[30.292802908908996,-1.023560118859395]]]]}},{"type":"Feature","properties":{"n":"Ntungamo","c":"411404","d":"Ntungamo","od":"Ntungamo","dc":"411","k":"NTUNGAMO","a":["NTUNGAMO"],"lat":-0.843988,"lon":30.233043},"geometry":{"type":"Polygon","coordinates":[[[30.223221922031836,-0.7576677369409631],[30.22335198706756,-0.75765379634733],[30.223161414015056,-0.7605383244877716],[30.22272977352069,-0.767071273548957],[30.22301720192265,-0.7681591329648493],[30.223393033666298,-0.769581712174079],[30.223393076593176,-0.7695817439411258],[30.223393195499337,-0.769582193977336],[30.232723177415682,-0.7764862944558296],[30.23535536455967,-0.7828477145495994],[30.23548311797565,-0.7834477830291152],[30.236373340362203,-0.787629751900763],[30.236373488956847,-0.7876299299938955],[30.236373588606142,-0.787630398054964],[30.237630633291566,-0.7891366382092118],[30.237630764434105,-0.789136795385708],[30.237630764480695,-0.7891367954051646],[30.237631427407294,-0.789137589749767],[30.242736922457564,-0.7912692030790017],[30.245846095512047,-0.7943553383472612],[30.246803114384576,-0.7972359079787927],[30.247315919942775,-0.7987796021205306],[30.247595650739388,-0.807336521048234],[30.247652585891597,-0.8074443253275899],[30.249618903197398,-0.811168436980277],[30.24961944004335,-0.8111684796717605],[30.24962018282521,-0.811169886097492],[30.255359912125748,-0.8116253941219836],[30.256260470215455,-0.8124648000298164],[30.257371382373027,-0.813500740735352],[30.25737252171163,-0.8135013379348908],[30.257372537392758,-0.813501352551196],[30.258252004942886,-0.8139623308116353],[30.26264687926123,-0.816265962857065],[30.265327488922026,-0.8168430287043186],[30.268750859365735,-0.81758002788459],[30.26875087659655,-0.8175799954241538],[30.268753759162692,-0.817580615966002],[30.26983149222904,-0.8155459815531976],[30.27025645086593,-0.8154593988168743],[30.2769905463274,-0.814087974845618],[30.277016976113845,-0.8141076335110679],[30.28808889738279,-0.822931232816287],[30.289823381120524,-0.8236331297602362],[30.29084312992671,-0.824391626264395],[30.29317453467174,-0.8249892476557954],[30.294163830431586,-0.825389587915777],[30.293309949477482,-0.8279200797131222],[30.29150762601284,-0.833261223870907],[30.291592613410728,-0.8351040300677208],[30.291883396499138,-0.841410926688998],[30.29188347740068,-0.8414109176350383],[30.291883577714813,-0.841413092775247],[30.30289033336151,-0.840179128592148],[30.312202806413783,-0.842694620453371],[30.314232285606597,-0.842216743078565],[30.315404043947176,-0.8480820410650215],[30.315416084687627,-0.848142392683212],[30.315416116995245,-0.8481424733419607],[30.31541616170829,-0.848142697155448],[30.31742920999622,-0.8531686813749111],[30.317350717410054,-0.8558662670419874],[30.315955554069728,-0.85966645396723],[30.315957482680215,-0.8596670361422978],[30.31595697232239,-0.859668428356661],[30.316484898537777,-0.8598262431800743],[30.317645943121036,-0.860176718931187],[30.317029078623452,-0.861826999584647],[30.31903349062479,-0.8625394167681238],[30.319033495010697,-0.862539418327874],[30.319033495013926,-0.8625394183281313],[30.319033781406684,-0.862539520119141],[30.325608689267117,-0.863064624368449],[30.32748751749361,-0.8688010661412023],[30.327524999424334,-0.868915596720901],[30.32797963884248,-0.873629237081271],[30.328893860368893,-0.8745701483050311],[30.329244825823643,-0.8749317960681279],[30.329247323455576,-0.8749534798299936],[30.329365769575983,-0.876217406657887],[30.315532546661093,-0.877806406868229],[30.310828634656477,-0.880169431296975],[30.309539453727513,-0.881709883170258],[30.30435873295485,-0.8721885991147863],[30.304350953160345,-0.872174277472259],[30.302204661148476,-0.86568787623168],[30.297689147172225,-0.859521598166552],[30.30052000149631,-0.855817868216775],[30.300133983569598,-0.8549437850679862],[30.299206584918366,-0.8528437273896334],[30.299568279442,-0.848160510678159],[30.291430160428668,-0.849060388821019],[30.289597499137155,-0.8458276942179997],[30.289540895041252,-0.8457278140149163],[30.288409325333852,-0.841559024078666],[30.287021079917984,-0.841617921518179],[30.281172919837363,-0.8427381072758505],[30.281168747543365,-0.842738787436004],[30.281168533454952,-0.8427389474654207],[30.28116816487343,-0.842739018065364],[30.27823102273184,-0.844601985255306],[30.27707831224989,-0.8457963558723524],[30.276019083668942,-0.846588120964237],[30.275946677776425,-0.844356807423651],[30.27586294244569,-0.841775923670607],[30.277061385824503,-0.838089960899802],[30.277061316120857,-0.8380898152167184],[30.277061341124245,-0.83808973830909],[30.276943598424978,-0.83784378106568],[30.274986479476937,-0.833753333191512],[30.270496515380323,-0.8340700858532473],[30.270469722470153,-0.8340719596751132],[30.270032846364252,-0.8339636292316672],[30.26427295681046,-0.8325352045812634],[30.26141661528902,-0.827192582960473],[30.260537985421834,-0.826881144133386],[30.260536790660268,-0.8268820192386339],[30.260536523763832,-0.826881924703541],[30.257472539214355,-0.829126414969231],[30.257472527646218,-0.8291264441692874],[30.257472363057786,-0.829126564722379],[30.257298603031064,-0.8295654611657078],[30.256639788190558,-0.831228428263373],[30.25664009646513,-0.8312287677106526],[30.256639580736884,-0.831230070376729],[30.257863737085994,-0.8325761428089691],[30.257944709206217,-0.8326653028258775],[30.258275126202413,-0.836132789237357],[30.258519953062613,-0.8365903063640366],[30.26020785282633,-0.8397476520168955],[30.258335786379153,-0.839290933588228],[30.258293532048572,-0.8392981966746238],[30.25447675243187,-0.839952964140846],[30.25447763494558,-0.8399541102805654],[30.254472541579602,-0.839954985777979],[30.255890055744846,-0.8417887908120061],[30.25625880993106,-0.8436191000337316],[30.256538136653553,-0.845005888158748],[30.25414189067306,-0.848142611596446],[30.25182799498631,-0.849091821419729],[30.248614205354574,-0.8489158355509114],[30.248355387653806,-0.8489016543965623],[30.244113482414278,-0.847163229073711],[30.244119102227785,-0.8471769110817187],[30.244118614999085,-0.847176712685786],[30.244888307728598,-0.8490496201681575],[30.245714198912086,-0.851060336318918],[30.24571304120326,-0.8510635639582307],[30.244190531889682,-0.854178342099017],[30.244411645741767,-0.8546917950388132],[30.244190512702932,-0.855308303846618],[30.24544650916877,-0.857098053037071],[30.245440498148508,-0.8571389223310513],[30.244058073419232,-0.8643858183077873],[30.244056839901653,-0.864391848669999],[30.244056802981127,-0.8643924781516131],[30.244056775151783,-0.86439262403757],[30.24382576343363,-0.8683316188289513],[30.243238300081668,-0.878347656391587],[30.239312051517775,-0.880728505035459],[30.23931192139873,-0.8807289730418695],[30.238018752902217,-0.884153077285515],[30.238166679995224,-0.884848126579714],[30.237900170900463,-0.885806694683511],[30.23859017353397,-0.886837950615482],[30.238798114952868,-0.88781498283791],[30.24141561554828,-0.891060766147177],[30.244110934231085,-0.895089103497216],[30.245826930871193,-0.896534730889493],[30.24355136805,-0.8981860368059539],[30.242789956738704,-0.8987384751493481],[30.238628686718524,-0.899083986930379],[30.239552781867033,-0.902431460295831],[30.242129291640317,-0.906464621704736],[30.242139699628527,-0.9064748775070005],[30.250562928822543,-0.914939022225874],[30.243200513584057,-0.915410872029399],[30.241722669420245,-0.920407550145776],[30.240177307385718,-0.922414691980935],[30.235830252924803,-0.922674420684928],[30.232527015041153,-0.924751940328216],[30.22649265349632,-0.925775499832873],[30.225067088943526,-0.926396235010496],[30.221948183991486,-0.929964598944409],[30.219559727108845,-0.927514669020775],[30.21943110850735,-0.9274688170131203],[30.219397761049347,-0.927428915547491],[30.21536374113683,-0.9260188171092109],[30.215361875128075,-0.926018151884688],[30.216933083798992,-0.924154642057981],[30.217117250020376,-0.922938058838843],[30.218172050718128,-0.921087252706163],[30.218144528836657,-0.9210583357461389],[30.21814453529082,-0.9210583308289723],[30.21817206091793,-0.921087246525861],[30.21967482301904,-0.920341727950439],[30.2198495377314,-0.9197593577031181],[30.220060458213887,-0.919598665828478],[30.22000725454908,-0.9192336459248658],[30.22014603854509,-0.918771042238049],[30.219382768944474,-0.9131960994797675],[30.21954201637387,-0.9124328105457549],[30.2211384181617,-0.908356840141609],[30.221138393337615,-0.9083567431808399],[30.221138403228686,-0.908356728578811],[30.219863277091694,-0.9033750743009223],[30.22182074067175,-0.896849465650151],[30.221411937869615,-0.889422779186238],[30.220932505961546,-0.8886137934976874],[30.220069984633994,-0.8871577538079934],[30.220565298207077,-0.8848600981660364],[30.22070060070232,-0.8842325697290243],[30.222461867089617,-0.8811806417406747],[30.22294903112457,-0.88033655096538],[30.222949036638898,-0.8803364727988061],[30.22294907440494,-0.880336407357685],[30.2231815803049,-0.877040123702314],[30.223362837321915,-0.87447077225732],[30.223362814257282,-0.8744707329249483],[30.22336282421632,-0.874470591733645],[30.221569376242556,-0.8714123632560514],[30.221030906172214,-0.8704941042935331],[30.21945590434572,-0.863219682621317],[30.217774996956763,-0.860807670326405],[30.215585006153855,-0.860222943943142],[30.213765607363875,-0.8569742629826937],[30.21349963741966,-0.8561899791286123],[30.213134399921877,-0.851206078401119],[30.213133363774055,-0.8512028705313665],[30.211369940193872,-0.845580031803858],[30.207562944470823,-0.8418337651063896],[30.20756083359215,-0.841831582338007],[30.20755923733349,-0.8418272893452086],[30.20606858500946,-0.8366959712529749],[30.20824644007943,-0.8319820485283467],[30.208470243583264,-0.831497695134558],[30.214041501277553,-0.8277319897589206],[30.214965338286213,-0.827107598112474],[30.214965359124278,-0.8271075389345927],[30.214965494714082,-0.827107447287198],[30.21676601448307,-0.8219941265805022],[30.219113359547936,-0.8194965235302046],[30.221627182866186,-0.816821948667861],[30.222162463833037,-0.814496606854251],[30.223675022702604,-0.8152455822136273],[30.22375379655391,-0.815284743401253],[30.223753970375917,-0.8152846748156937],[30.223754073404002,-0.815284725832219],[30.229669817234548,-0.812950519705875],[30.229669893608936,-0.8129504081972931],[30.229670050331013,-0.812950346358913],[30.231552470797038,-0.811086552033032],[30.23317424884552,-0.8078339589712005],[30.234262484762727,-0.8062451064033206],[30.23464296595839,-0.806311070277484],[30.234674245585623,-0.8056439249586875],[30.234726121113624,-0.805568185346923],[30.234684929744756,-0.8054160486257076],[30.234704717221327,-0.804994012830057],[30.233841815680425,-0.8023020805087191],[30.233840958172078,-0.802298913376578],[30.233840726559254,-0.8022986828551736],[30.233840698852422,-0.802298596420148],[30.232732274975323,-0.8011954545795653],[30.227863492750135,-0.7963496153056825],[30.22727773500302,-0.7943517713703268],[30.226809553558663,-0.792754780109144],[30.226809479877467,-0.7927546936237733],[30.226809460528074,-0.792754627628803],[30.224328978107348,-0.7898431351504062],[30.222619274911466,-0.787836323106616],[30.221765759366868,-0.7854642102785538],[30.221068135469288,-0.783525078635993],[30.221068007131276,-0.783524998931638],[30.22106789498231,-0.783524687244282],[30.21810945215207,-0.781687522048724],[30.21752842416936,-0.779573096608987],[30.2175282464033,-0.779573001420884],[30.21752824186806,-0.779572984903202],[30.217046732381068,-0.779315165885753],[30.21298314826108,-0.7771392450656958],[30.212561817008773,-0.7763810492282657],[30.21177563833139,-0.774966121997296],[30.207194812398647,-0.770585425333124],[30.2053472847091,-0.765330311746447],[30.20534671903682,-0.7653299812211594],[30.205346615574143,-0.765329686981681],[30.205345721657277,-0.7653293984470441],[30.203713934406338,-0.764375936571063],[30.20192982973046,-0.7642268315591284],[30.199922822235198,-0.7635790183216247],[30.19991840347552,-0.7635754262804387],[30.20301742101003,-0.7625893461642234],[30.223221922031836,-0.7576677369409631]]]}},{"type":"Feature","properties":{"n":"Nyamukana Town Council","c":"411405","d":"Ntungamo","od":"Ntungamo","dc":"411","k":"NYAMUKANATOWNCOUNCIL","a":["NYAMUKANA","NYAMUKANATOWNCOUNCIL"],"lat":-0.770821,"lon":30.324489},"geometry":{"type":"Polygon","coordinates":[[[30.245543234691286,-0.749784259931798],[30.24803846754605,-0.745103096833301],[30.252268970833196,-0.7421880513393598],[30.262471843956604,-0.7367222264518188],[30.262718258801254,-0.736611265083686],[30.266150284093538,-0.73747728564837],[30.268736641327948,-0.7364731798040347],[30.27192456199213,-0.7364062066808376],[30.273502765007272,-0.736565038575496],[30.27359797261755,-0.7363710509954295],[30.28639158728,-0.7361022775781512],[30.286503443689288,-0.736151740143883],[30.291751011958176,-0.73476139802578],[30.293746091389476,-0.731891832707168],[30.295302390786418,-0.7308185655281494],[30.297374836098196,-0.7295750983410815],[30.297668436200905,-0.7295694946563168],[30.306295987025084,-0.7331291135278312],[30.307935107582118,-0.735384970734159],[30.31062064951887,-0.736054524259474],[30.311492282350564,-0.7352730395712103],[30.3118,-0.7354],[30.311857773289503,-0.7349453493304375],[30.312393021747685,-0.734465458647943],[30.31355787654985,-0.73114985341447],[30.31332473351431,-0.727832396594253],[30.314838705640923,-0.719392187175142],[30.314079352781913,-0.7174624846292823],[30.3141,-0.7173],[30.323940333877644,-0.7300299557306019],[30.32394282381392,-0.730049484438431],[30.32397603548889,-0.7300761411483268],[30.332142228099862,-0.7406403427006159],[30.3322312315314,-0.740803597081693],[30.33230407632362,-0.7408497177837295],[30.338447374398772,-0.7487970002142842],[30.33736064414555,-0.749206855295786],[30.335334732070915,-0.752407678627407],[30.3368148933301,-0.754011771509143],[30.34175298625814,-0.755446864411669],[30.34446833334505,-0.757108776775201],[30.350864637477496,-0.764974373457257],[30.352975756696388,-0.7688071279935956],[30.353256089624853,-0.7694865230908199],[30.35272308543739,-0.773835747952748],[30.356411370754767,-0.7771334397115562],[30.360398473269438,-0.7867962999235855],[30.360409612620284,-0.786854932636436],[30.360707944437877,-0.7870593216318982],[30.3756,-0.7996],[30.37567432205812,-0.7996463384491932],[30.375965392848155,-0.80000698235863],[30.379217601484164,-0.8018555086176566],[30.393355053854357,-0.8106699526055493],[30.393355053854357,-0.8106699526055501],[30.393355047031267,-0.8106699483514789],[30.389747643868674,-0.812588164738861],[30.386787650114186,-0.815981286423471],[30.382328273727673,-0.817504198828832],[30.380729190630895,-0.818832027468706],[30.38072910922213,-0.818832123609215],[30.380729109220393,-0.818832123610658],[30.380729108897846,-0.8188321239921829],[30.379527237539918,-0.820251486220803],[30.38224061834339,-0.823903007449626],[30.38111777617826,-0.825290086596701],[30.374044790890093,-0.825374973523568],[30.37173333349727,-0.82597173889037],[30.368344676136847,-0.8234840071420363],[30.362037559069645,-0.818853709119277],[30.362037490191028,-0.8188536816026939],[30.362037446291616,-0.818853649374601],[30.35829670876248,-0.8173592624363943],[30.354723194382228,-0.815931665426813],[30.351801410029942,-0.815929736256232],[30.344720400804153,-0.819631259671895],[30.33911292671737,-0.821205704465058],[30.339110460622187,-0.8212053965803191],[30.327518620580022,-0.8194336108298005],[30.326094676618542,-0.8186858421521815],[30.32465069686338,-0.8174615962922162],[30.321637237320854,-0.810481671689742],[30.321637145347516,-0.810481560965852],[30.3216371396519,-0.810481546732569],[30.319590114734797,-0.8080172033811905],[30.303195158661833,-0.7882798168968013],[30.300427656047738,-0.7801081792351242],[30.29864317262038,-0.774839063979655],[30.29864313922397,-0.7748390153287347],[30.298643125593884,-0.774838975083025],[30.29680065410896,-0.772154936727594],[30.291500034425717,-0.7644331485032628],[30.28953472239728,-0.756773049984935],[30.289487448570856,-0.7567681266170857],[30.289478977162936,-0.756735862617222],[30.286428876327122,-0.756449133846267],[30.28335535617899,-0.754411546347608],[30.279679373020905,-0.754279412693309],[30.278369193780254,-0.752948176852464],[30.278368642593573,-0.752948202542372],[30.278368510081446,-0.752948067924683],[30.272698633824326,-0.7532122782993698],[30.270888168961758,-0.751531209131825],[30.268532506937248,-0.751327765967664],[30.26433138635624,-0.7538760867457546],[30.26248673496537,-0.753173055895223],[30.26248660641536,-0.7531731146102106],[30.262486404129522,-0.753173037516611],[30.26111722022343,-0.753796708232645],[30.260596242019677,-0.7535642978060384],[30.2586492853133,-0.752694774104468],[30.25864837831863,-0.7526953481446687],[30.258647542340466,-0.75269497521152],[30.25730978788798,-0.7535425468604952],[30.256664477976617,-0.7539509658329432],[30.254981922306097,-0.7534327909563051],[30.254266446800514,-0.753212297886596],[30.25284189408292,-0.7544802379776521],[30.252482123610562,-0.7548003325962872],[30.241577064324446,-0.7563914919239646],[30.239937438799373,-0.7558052877178897],[30.239701736446037,-0.755720993953629],[30.23969853069706,-0.7557177989971828],[30.235295013218398,-0.7512812429187155],[30.236017835337627,-0.7508940167834146],[30.239839312095178,-0.751229796856441],[30.245543234691286,-0.749784259931798]]]}},{"type":"Feature","properties":{"n":"Nyarutuntu","c":"411406","d":"Ntungamo","od":"Ntungamo","dc":"411","k":"NYARUTUNTU","a":["NYARUTUNTU"],"lat":-0.917838,"lon":30.292059},"geometry":{"type":"Polygon","coordinates":[[[30.226492653501662,-0.9257754998319668],[30.232527015041153,-0.924751940328216],[30.235830252924803,-0.922674420684928],[30.240177307385718,-0.922414691980935],[30.240177766688266,-0.9224140954311679],[30.240178069837043,-0.922414077280523],[30.241722395361645,-0.92040807614208],[30.241722447377043,-0.9204078385391672],[30.241722669420245,-0.920407550145776],[30.24304227380308,-0.9159458900442218],[30.243515789868688,-0.9153906662887363],[30.246047283596223,-0.915228425396411],[30.249445949178778,-0.915344587554096],[30.250240464242335,-0.9149596886571858],[30.250562928822543,-0.914939022225874],[30.25047191310258,-0.9148475644004096],[30.250582339539342,-0.9147940688587268],[30.250609860233414,-0.914821187144303],[30.250632775216737,-0.9147696355440114],[30.250792316198645,-0.914692346703604],[30.251138720828447,-0.9149049731156623],[30.256650888778186,-0.918288608972963],[30.258406920287467,-0.918627096643254],[30.258407104069406,-0.9186270586000614],[30.25840732720545,-0.918627101613006],[30.260765186578155,-0.9181389312727769],[30.265898308102617,-0.917076365870139],[30.26778181316457,-0.9173341761228225],[30.269267552268104,-0.91753772539456],[30.278206602280502,-0.9162290718652716],[30.27987195528262,-0.9162871290545554],[30.282941241437555,-0.916394358060636],[30.282941761053664,-0.9163941479835678],[30.282942679301172,-0.916394179995321],[30.28423709324165,-0.9158704544639626],[30.28429478054554,-0.91584713190046],[30.28897751410128,-0.910762721214889],[30.292147855104187,-0.909561611400809],[30.297512676863036,-0.909094416812685],[30.298767420878995,-0.895184540673139],[30.298767345948455,-0.8951844317034974],[30.298767357795203,-0.895184300742185],[30.29871660603914,-0.8951106419020589],[30.2959099525322,-0.891028994777041],[30.307514232476805,-0.8821150923655663],[30.309511242234727,-0.88176511944911],[30.30953509959167,-0.8817362094684714],[30.30954424879235,-0.881734494459814],[30.30954117873262,-0.8817288428583497],[30.310786693276615,-0.880219547363483],[30.310828436986625,-0.8801696674941504],[30.313552753875097,-0.8788009617647863],[30.315532546661093,-0.877806406868229],[30.31553264574606,-0.8778063954864969],[30.332092647047165,-0.876386407498624],[30.337906671957818,-0.8749292217944842],[30.337907954391493,-0.874929004428154],[30.341644799748423,-0.8757002784317719],[30.343625951485063,-0.876566721670516],[30.346625685021333,-0.8767283186526168],[30.346628259000177,-0.876728849914357],[30.35046562701044,-0.8807763505065767],[30.350500284120532,-0.880812915496619],[30.350500300779174,-0.8808129229956129],[30.350500644896428,-0.880813285956577],[30.353704096981637,-0.8822558645376992],[30.354540299195676,-0.8835841048461961],[30.35743504354709,-0.8881827139105523],[30.357437717623068,-0.8881973258040516],[30.358514891595213,-0.894098550277233],[30.355509190398315,-0.89425396091611],[30.354360949043762,-0.8947674877261168],[30.35242221542137,-0.895634509024843],[30.35242216936778,-0.8956345661834162],[30.352421698523905,-0.895634776758442],[30.347178434415483,-0.9021421917784566],[30.34656588594262,-0.9025710621186898],[30.34333111408218,-0.904835617898874],[30.339212613680036,-0.904385292620678],[30.338645644794983,-0.9045638217694751],[30.338001738679417,-0.904526384679509],[30.337018472111698,-0.9050761916044902],[30.33581704696991,-0.90545450056211],[30.334943624733786,-0.9062363708418504],[30.329415527180096,-0.909327482059073],[30.329415369770224,-0.9093276337818922],[30.32941491704498,-0.909327828249699],[30.323437651198745,-0.91454152993483],[30.32202975291939,-0.916446302155978],[30.321581186531823,-0.9212480329533408],[30.31999341301622,-0.9248513111493674],[30.316679802636266,-0.927677407373346],[30.315198636256255,-0.930318472460964],[30.315637208008322,-0.935593413886381],[30.312817311032852,-0.938398136312865],[30.312822171151815,-0.9384013132156287],[30.312820721742288,-0.938402757927977],[30.315816685424462,-0.9403589913270526],[30.316433750488468,-0.9418060264560254],[30.31687126749589,-0.94283255914169],[30.316871548285196,-0.9428326747435499],[30.316871740676472,-0.942833125906567],[30.31870100717067,-0.943585875917162],[30.324249154339377,-0.943462799335726],[30.324257185618368,-0.9434649629471181],[30.330488775370508,-0.945392595875746],[30.3223246799154,-0.950939691186482],[30.31999047909815,-0.953339162306019],[30.319049933880315,-0.955231893666764],[30.32036875132495,-0.958264770839056],[30.31893263259924,-0.958347339595116],[30.314582271903404,-0.958597425891999],[30.314582198811895,-0.9585974650894165],[30.31458211312878,-0.958597470015714],[30.314531920393677,-0.9586244283324946],[30.311834894889206,-0.960070785573693],[30.31108502081237,-0.957477720403145],[30.29942166663184,-0.9572736854999971],[30.29808655945371,-0.9569337582812986],[30.291849093770804,-0.955345598498863],[30.28993157429146,-0.9602734972924635],[30.2838967480454,-0.9600849640518273],[30.283721060918708,-0.960079466738549],[30.283984014253015,-0.957726537189225],[30.279820254013593,-0.958287333871647],[30.27812117226691,-0.9599830193374775],[30.272934202960847,-0.9606564653709015],[30.264330429449615,-0.954404941070336],[30.264330033022784,-0.9544047430180866],[30.264329930481978,-0.954404668505387],[30.258282987174013,-0.9513836784993644],[30.254403365784057,-0.949445445051102],[30.24364446679655,-0.9469092092436479],[30.242366747994666,-0.9462886820972747],[30.234372251415067,-0.9424060615189577],[30.23035615410421,-0.93946384289379],[30.228034228407545,-0.93776276784333],[30.22803396140968,-0.9377624483705177],[30.22194819037831,-0.929964608369064],[30.22506709841138,-0.9263962308878974],[30.22649264482313,-0.9257755036094493],[30.226492653501662,-0.9257754998319668]]]}},{"type":"Feature","properties":{"n":"Ruhaama","c":"411407","d":"Ntungamo","od":"Ntungamo","dc":"411","k":"RUHAAMA","a":["RUHAAMA"],"lat":-0.983938,"lon":30.351108},"geometry":{"type":"Polygon","coordinates":[[[30.317224015395855,-0.966594768531038],[30.317224036583397,-0.9665947371939423],[30.31722413017933,-0.966594653302594],[30.319638152014516,-0.963024230230997],[30.319638162272657,-0.9630241634049803],[30.319638195976157,-0.963024113556359],[30.320497280554243,-0.959510212395495],[30.320264912274983,-0.956824730466493],[30.3190518901701,-0.9552363925355509],[30.319049933880315,-0.955231893666764],[30.319053249507338,-0.9552252213759188],[30.32232356883765,-0.9509408333328441],[30.3223246799154,-0.950939691186482],[30.32789645244256,-0.9471539498967289],[30.3304887904025,-0.945392597715768],[30.331408862034515,-0.9453916110671656],[30.332597378255393,-0.945711795092471],[30.34060935006639,-0.945381757697026],[30.340609414974463,-0.9453817447563447],[30.340609435678054,-0.945381744734143],[30.34826587140349,-0.943855340794796],[30.348265997075057,-0.9438552568268654],[30.348266529594987,-0.943855150658704],[30.349573558606636,-0.9429816046626164],[30.35022819301225,-0.942544208217826],[30.353140515797925,-0.9427363126670675],[30.3573724799515,-0.94689406557023],[30.35905118013088,-0.946218060526272],[30.36495224166685,-0.948074038810556],[30.37330414568178,-0.954879299415523],[30.37407985052501,-0.956998203410191],[30.373767232741727,-0.959812738796701],[30.37725311538034,-0.959450152456221],[30.384427189368857,-0.966217335709839],[30.385511250356195,-0.96835486120399],[30.38293748410887,-0.972470524141664],[30.38447746148954,-0.972140849070355],[30.387992450637466,-0.973315302034158],[30.392005369485187,-0.975733608676632],[30.394400363651616,-0.981594278067095],[30.39660730732657,-0.984513194786536],[30.39676804712933,-0.988798717937151],[30.400623723560678,-0.988410937452916],[30.404910994879277,-0.9900526518551],[30.40469413827087,-0.9946065489011133],[30.404600750757467,-0.994617321027098],[30.40467004278949,-0.9951125438176197],[30.404584264053558,-0.996913860987727],[30.405008953603684,-0.9975347033970122],[30.405129755290837,-0.998398060219794],[30.407657697880158,-1.001410765221635],[30.4053411023737,-1.005072310043528],[30.405239554030025,-1.005232783111256],[30.40062118621578,-1.009405723114483],[30.40621016249087,-1.014132196495864],[30.397649333881873,-1.018828950452441],[30.39257705374389,-1.0243747067734255],[30.392423208740805,-1.024542894605543],[30.38753174440064,-1.020384139721778],[30.381800591812183,-1.011406246278869],[30.37739739346171,-1.006157734844751],[30.37085475787539,-1.003752909535178],[30.366812861300595,-1.000471815398766],[30.357753469491556,-0.999205854185096],[30.355021779245387,-0.99780677086226],[30.344387227690582,-0.997519382088111],[30.334621514627276,-0.995774128594202],[30.330621314543947,-0.996064334469044],[30.318846412978317,-0.993234607788197],[30.31451618023331,-0.993791425919892],[30.311806343138787,-0.9932718466304752],[30.310848968487072,-0.9930291589060701],[30.308057222618935,-0.9904309476398863],[30.308050556635198,-0.990423887112789],[30.3063873050895,-0.987496299976531],[30.306386761281193,-0.9874939091779342],[30.305987758811916,-0.9833619275914286],[30.31086595784092,-0.975960060315822],[30.309952221346865,-0.9731127190586814],[30.317224015395855,-0.966594768531038]]]}},{"type":"Feature","properties":{"n":"Ruhaama East","c":"411408","d":"Ntungamo","od":"Ntungamo","dc":"411","k":"RUHAAMAEAST","a":["RUHAAMAEAST"],"lat":-0.951154,"lon":30.383993},"geometry":{"type":"Polygon","coordinates":[[[30.355686693867096,-0.9405900339617237],[30.35593023852275,-0.9400527275781],[30.355331269584592,-0.9388386865054816],[30.35611103534255,-0.9382119111617953],[30.357001029388293,-0.937497060592352],[30.35700098841297,-0.9374965673089973],[30.357001161068197,-0.937496428528809],[30.356644139660244,-0.933200402345791],[30.35664411868311,-0.9332003741546947],[30.356644077808298,-0.933199882081302],[30.355572634635735,-0.931752276959732],[30.358845226251212,-0.931822864355558],[30.36811842694835,-0.929055699277157],[30.373524718393913,-0.924367079444271],[30.38268798888187,-0.911869713832334],[30.383768160492377,-0.9103965329919906],[30.38606196382745,-0.912039383804439],[30.38988263881862,-0.9131715676042974],[30.39218270873734,-0.9157295350986768],[30.394848902999914,-0.9186948337568993],[30.39578040363235,-0.923563172213242],[30.396668744958355,-0.9250331136518687],[30.396866025054724,-0.9257202319781005],[30.39703792682816,-0.9274432590152835],[30.395899730127145,-0.942220035777979],[30.39657206689469,-0.945582014577749],[30.397341742362798,-0.9470775308781127],[30.39785008027753,-0.948789957555431],[30.40065686790977,-0.9535189786033909],[30.400657045790307,-0.953519324233795],[30.401085242944085,-0.9537246587123934],[30.402981176440676,-0.9546339273533943],[30.404292929897398,-0.9563449753229102],[30.40483716738339,-0.957055066234631],[30.404837360224317,-0.9570551288968459],[30.404837472810602,-0.95705527575412],[30.4048413657593,-0.9570564304654569],[30.408060532567244,-0.958102474623869],[30.408190835852164,-0.9580499372876189],[30.40836760408866,-0.958102369596023],[30.409817084747722,-0.9573942455673033],[30.409817234346555,-0.957394185250143],[30.410977088089254,-0.9595249269343011],[30.414708783039536,-0.967329513148726],[30.416018983019644,-0.9687872807120599],[30.418321513492543,-0.973017208570234],[30.418321639015975,-0.9730173018657408],[30.41832174381546,-0.97301755781051],[30.420468606429992,-0.9746134679445411],[30.420484086694422,-0.9746417571879233],[30.422931400338776,-0.979114559169164],[30.42942751287555,-0.9845758075035766],[30.429425709677606,-0.984594092507549],[30.42877416920447,-0.9896652508471059],[30.420953020567712,-0.9905435075174956],[30.42065142464257,-0.990262082840393],[30.418971354289134,-0.990766646418358],[30.419192150451003,-0.991430443261652],[30.418211796607764,-0.991463980791412],[30.417493472294755,-0.9931301118980219],[30.40469413884666,-0.9946065368097357],[30.404910994879277,-0.9900526518551],[30.40490541640885,-0.990050515704957],[30.40490543048285,-0.990050304741847],[30.401912677982203,-0.9889045136416669],[30.400623723560678,-0.988410937452916],[30.400623530810112,-0.9884109568385955],[30.400623338909746,-0.988410883368527],[30.40049382274102,-0.9884240020872667],[30.39676804712933,-0.988798717937151],[30.39660730732657,-0.984513194786536],[30.394400363651616,-0.981594278067095],[30.392005369485187,-0.975733608676632],[30.391733227835505,-0.9755696078622401],[30.391625863760872,-0.975327084987771],[30.390314972025752,-0.974714923883917],[30.387992450637466,-0.973315302034158],[30.385621049310267,-0.9725229526982462],[30.38521373987792,-0.972332747065672],[30.385077175655894,-0.9723412297971425],[30.38447746148954,-0.972140849070355],[30.38293748410887,-0.972470524141664],[30.385324478874995,-0.968653524092973],[30.385510405901154,-0.96835645715292],[30.385510337180367,-0.9683563214468982],[30.385511250356195,-0.96835486120399],[30.384427189368857,-0.966217335709839],[30.37725311538034,-0.959450152456221],[30.373767232741727,-0.959812738796701],[30.37407985052501,-0.956998203410191],[30.374079642843682,-0.9569976361109134],[30.37407966736767,-0.956997416040247],[30.373797365242787,-0.9562265707484157],[30.37330414568178,-0.954879299415523],[30.36495224166685,-0.948074038810556],[30.364952099761826,-0.9480739941791549],[30.364952046534267,-0.948073950808739],[30.36020055273149,-0.9465795566018992],[30.35905118013088,-0.946218060526272],[30.3573724799515,-0.94689406557023],[30.35431610872303,-0.9438912905260274],[30.353140616623623,-0.942736324982888],[30.353222325359418,-0.9426774923816809],[30.35547579456739,-0.94105531840712],[30.355476055374986,-0.9410547430153644],[30.355476183559617,-0.941054650718805],[30.355686693867096,-0.9405900339617237]]]}},{"type":"Feature","properties":{"n":"Rweikiniro","c":"411409","d":"Ntungamo","od":"Ntungamo","dc":"411","k":"RWEIKINIRO","a":["RWEIKINIRO"],"lat":-1.027858,"lon":30.335631},"geometry":{"type":"Polygon","coordinates":[[[30.304711648458763,-1.0197074583296168],[30.304711671369652,-1.019707451801071],[30.308214296387252,-1.018213121918269],[30.30821432614619,-1.018212870986493],[30.308214379254515,-1.01821284832525],[30.308234340226964,-1.0180441092929102],[30.30865580616722,-1.0144902460567684],[30.308975689782123,-1.014538373767701],[30.309480172293757,-1.014615376003676],[30.313258430989233,-1.011236941249759],[30.319650509451137,-1.01087967032332],[30.316669483141457,-1.001360700881886],[30.313849034510746,-0.9962736437225531],[30.312246619237015,-0.993383450975774],[30.31236829879967,-0.9933795949979154],[30.31451618023331,-0.993791425919892],[30.318364884735875,-0.9932965267824183],[30.330619212842855,-0.9960638293913906],[30.330621314543947,-0.996064334469044],[30.334621514627276,-0.995774128594202],[30.34332946027939,-0.9973303459923173],[30.344386612436775,-0.997519297807214],[30.344386781696883,-0.9975193023835308],[30.344387227690582,-0.997519382088111],[30.349542096647482,-0.9976586875832969],[30.35502192747072,-0.9978068467784772],[30.357753469491556,-0.999205854185096],[30.366812481197776,-1.0004717622831225],[30.370780879642567,-1.003692937333506],[30.37085475787539,-1.003752909535178],[30.37739739346171,-1.006157734844751],[30.381800591812183,-1.011406246278869],[30.38563112832871,-1.0174068104138763],[30.387531656630046,-1.020384026628648],[30.387531687905838,-1.0203840512222468],[30.38753174440064,-1.020384139721778],[30.392423208740805,-1.024542894605543],[30.392577053734104,-1.0243747067841222],[30.392423218193738,-1.024542902230188],[30.39434734907365,-1.025749168814208],[30.392550256464006,-1.0283686289105016],[30.386056787606993,-1.037829401162512],[30.386059876951954,-1.0378290707654998],[30.386055659036924,-1.03783521884048],[30.389655610907788,-1.0374445168323596],[30.38967771068827,-1.0374421533211513],[30.391932191118464,-1.0386522693338447],[30.387994846331356,-1.0407070055352463],[30.386625090521232,-1.041421393843156],[30.386624851262866,-1.041421948882903],[30.38662476312925,-1.041421994876164],[30.377650925106845,-1.062239947633568],[30.375745205933555,-1.058285134420482],[30.37180894908211,-1.056031896318168],[30.369365599919668,-1.056455470925318],[30.36798596446295,-1.054455565452002],[30.365348538617148,-1.056119443020734],[30.359753491846106,-1.053826445073542],[30.358405764969014,-1.05218752465305],[30.353547345391345,-1.052486568410375],[30.352592656105614,-1.053469478915804],[30.348936234952635,-1.052351295913299],[30.345609734782904,-1.054333423738107],[30.339873332602917,-1.053745420033216],[30.336903868925056,-1.05484357282021],[30.33191309714891,-1.058234251428001],[30.33013326266303,-1.058529303161077],[30.324793754723537,-1.058824357417978],[30.320320241328986,-1.058024823068038],[30.318854090938505,-1.056920821461268],[30.314514336039075,-1.057387157288935],[30.313001374188566,-1.056673404785249],[30.311326001955052,-1.057234875539491],[30.310440402645867,-1.056483718909233],[30.30904183419615,-1.056673365908105],[30.30640528154128,-1.055026740585236],[30.306453040407423,-1.053085378830404],[30.299613430415526,-1.052747575501357],[30.293525149301956,-1.04599246749957],[30.28970283204889,-1.043529021508872],[30.284675191181076,-1.032365637785076],[30.279664858232337,-1.029303161085009],[30.277899964044295,-1.027347562368766],[30.304711608557437,-1.019707475355453],[30.304711648458763,-1.0197074583296168]]]}},{"type":"Feature","properties":{"n":"Ngoma","c":"411502","d":"Ntungamo","od":"Ntungamo","dc":"411","k":"NGOMA","a":["NGOMA"],"lat":-1.094566,"lon":30.2773},"geometry":{"type":"Polygon","coordinates":[[[30.1871,-1.173],[30.193,-1.1543],[30.192981280056628,-1.1543035008725273],[30.193067321864785,-1.154151990239699],[30.1962747451788,-1.154702382372685],[30.200811755425768,-1.153989624959742],[30.205470048575716,-1.151125286972983],[30.208134043219598,-1.147684860582249],[30.210133700116586,-1.143287331581692],[30.21118416248371,-1.137717754234134],[30.215510754252044,-1.133801217417764],[30.21677230996344,-1.131315769346655],[30.21861418097993,-1.122242726043749],[30.218309748265018,-1.11930133402108],[30.219613656123954,-1.116065394500093],[30.220793290212946,-1.115523601361223],[30.222116925634587,-1.112829009223572],[30.221812277209466,-1.109050743334817],[30.222583252566505,-1.107955472023868],[30.222518116543313,-1.105838085910832],[30.21573220922094,-1.099089723616889],[30.215474632779816,-1.096693685801288],[30.212676309242404,-1.091741856490061],[30.21399139976143,-1.082251129878788],[30.212963149706603,-1.077125314852953],[30.210559735212506,-1.074334380641241],[30.209467786450364,-1.069166055844332],[30.21053368950992,-1.066577303026485],[30.217966457665014,-1.060267595427937],[30.22143171477198,-1.053195116102268],[30.225819889590294,-1.048738057982482],[30.22984724867632,-1.037466170392976],[30.231905110217745,-1.036236340101226],[30.234132260919313,-1.032343285045188],[30.234722273002536,-1.030531200271239],[30.23440821874802,-1.023720932455353],[30.234026899189786,-1.021756701975458],[30.230518133266322,-1.016357678848093],[30.230684712052483,-1.013192833162893],[30.23473257026251,-1.002578036457216],[30.235992189246574,-1.001700840360663],[30.237974002383854,-0.995615834937245],[30.242908615939943,-0.9983348371974303],[30.243089639263054,-0.9984353831628375],[30.24325274293393,-0.9989797329560411],[30.243468117684976,-0.999700522504286],[30.243468585745017,-0.9997000968138958],[30.243468614708497,-0.99970019347796],[30.243489456162557,-0.9996811156247677],[30.24422733021433,-0.9990100352831974],[30.244698398645127,-0.9997963506709174],[30.244983167189908,-1.000273110247905],[30.246735185136302,-1.000392352253997],[30.247265838603415,-1.0009273879359257],[30.247749859896125,-1.001415845710143],[30.24775022075576,-1.0014157701877269],[30.247752861666196,-1.001418432907194],[30.2478954668308,-1.0013853724000281],[30.252056723691272,-1.000514484821378],[30.254999629092364,-1.001007921110117],[30.257975745930707,-1.002633776644582],[30.25946325645214,-1.0060062847085647],[30.259466784373032,-1.006014335927607],[30.259466834995127,-1.0060143980394651],[30.259466875817008,-1.0060144905915],[30.26245277446004,-1.0096780601557587],[30.262516563340608,-1.009756327283383],[30.26251657274207,-1.0097563379113812],[30.262516618339614,-1.009756393857614],[30.269316640449016,-1.01744360037651],[30.27448020809388,-1.021401675748699],[30.277899956820683,-1.027347552487003],[30.27806119560503,-1.0273016068782415],[30.278061201763997,-1.0273016170255873],[30.277899964044295,-1.027347562368766],[30.27847750867055,-1.027987513215302],[30.278738870774106,-1.028418126467541],[30.27905707171562,-1.0286297005796174],[30.279664858232337,-1.029303161085009],[30.284674878847564,-1.0323654468767836],[30.289204603826693,-1.042931481523775],[30.28954107923937,-1.0431698652507935],[30.28970283204889,-1.043529021508872],[30.29352509292398,-1.045992431164517],[30.293525158296315,-1.0459924774790486],[30.299613430415526,-1.052747575501357],[30.299613939207575,-1.0527476006302234],[30.299614213278584,-1.0527479046981],[30.3032216021984,-1.052925780463551],[30.306452840843534,-1.0530853689740898],[30.306300667047314,-1.054798293945105],[30.306407539491005,-1.0549349566382578],[30.30640528154128,-1.055026740585236],[30.30654999270918,-1.055117118098889],[30.3071187690916,-1.055844438533781],[30.30838437861807,-1.0562627604147803],[30.30904183419615,-1.056673365908105],[30.30945651765397,-1.056617134500001],[30.311323857386885,-1.057234346249122],[30.31132530678511,-1.0572342859031802],[30.311326001955052,-1.057234875539491],[30.31132810957559,-1.0572341692085216],[30.313957945849037,-1.0571246755277253],[30.314514336039075,-1.057387157288935],[30.31885405702225,-1.0569208251057973],[30.318854093747895,-1.0569208235767191],[30.31963003267878,-1.057505100491296],[30.320319362051713,-1.058024529975614],[30.320319985418585,-1.0580246303691874],[30.320320241328986,-1.058024823068038],[30.324793754723537,-1.058824357417978],[30.325160008470156,-1.0588041187127883],[30.32564030235202,-1.058881470303561],[30.327806878198267,-1.0586578561377362],[30.33013326266303,-1.058529303161077],[30.33191309714891,-1.058234251428001],[30.336903868925056,-1.05484357282021],[30.337623590088853,-1.0545774089981783],[30.339873408783095,-1.0537454278419829],[30.345609734782904,-1.054333423738107],[30.348936234952635,-1.052351295913299],[30.352592656105614,-1.053469478915804],[30.35259291413742,-1.0534692132564125],[30.352593617091138,-1.05346942824331],[30.353066247956786,-1.0529818873896803],[30.353547345391345,-1.052486568410375],[30.358405591196824,-1.0521875353490155],[30.35860931081963,-1.0524350491750836],[30.359753491846106,-1.053826445073542],[30.36235507173464,-1.0548926412266713],[30.363076137254282,-1.055433427411766],[30.364719848997577,-1.0558617894092297],[30.365348538617148,-1.056119443020734],[30.365453771684837,-1.056053054446777],[30.365719776822612,-1.05612237712006],[30.367986473667706,-1.0544563035900205],[30.369365599919668,-1.056455470925318],[30.369366461746324,-1.0564553215206018],[30.36936654498388,-1.056455442242972],[30.369940538852568,-1.0563558005481237],[30.37180894908211,-1.056031896318168],[30.371811225113117,-1.0560331991904104],[30.375929098839972,-1.0586667552312974],[30.376169877944584,-1.059166428214441],[30.376627623051196,-1.061137892800355],[30.37597790424724,-1.06303583085643],[30.36275422106169,-1.065346288513385],[30.361363360534586,-1.065038152355854],[30.36145714512708,-1.063717963867072],[30.359535289214904,-1.063454992591446],[30.35972606276131,-1.06190048684601],[30.358729414803275,-1.060472464521364],[30.355557547074035,-1.062177407467317],[30.35448669998693,-1.06497800503881],[30.35199424988903,-1.063203409075048],[30.352847079764175,-1.065997839802527],[30.35132875216678,-1.066383819931064],[30.35104238168157,-1.067359044896238],[30.35107151290311,-1.067387505180497],[30.351,-1.0674],[30.350606625001095,-1.0699815234303072],[30.349388589106816,-1.070124941245701],[30.34879317163459,-1.072725799488726],[30.349005894000697,-1.073874361016243],[30.350021426423222,-1.073821889097606],[30.3478,-1.0884],[30.347782962273143,-1.0884164143953856],[30.344068163517143,-1.089163130560701],[30.34316264400706,-1.091592768025499],[30.341012680102224,-1.092874226336473],[30.339643251867386,-1.0962583305180071],[30.3396,-1.0963],[30.33983830877488,-1.0987713502580103],[30.33927438692413,-1.100325644478332],[30.339985297325885,-1.100853388539887],[30.33840290539819,-1.105477185672828],[30.34021757172423,-1.108652961463855],[30.34010792173279,-1.113822780293308],[30.341591951564855,-1.1169572754873571],[30.3423,-1.1243],[30.3379,-1.1309],[30.337227568740296,-1.131259544877639],[30.336711598189574,-1.131190175689548],[30.333729308362496,-1.13241634900969],[30.333583585360692,-1.133207960480611],[30.33332897778492,-1.1333440975925548],[30.33184970255566,-1.133445127145735],[30.329342068124998,-1.135475873778063],[30.327473773661698,-1.1364748393890516],[30.32565003833058,-1.136385032338034],[30.323000766399225,-1.137611477943717],[30.318603112634403,-1.141095495334344],[30.314219821356716,-1.142492159580901],[30.313751437743356,-1.1438120883902874],[30.313528131561508,-1.1439314888385415],[30.307284306937863,-1.1449067480063],[30.30621098351746,-1.14769912772731],[30.302824607777225,-1.150434890229781],[30.300994563809756,-1.1542517146294375],[30.300822256544546,-1.154394107438882],[30.299583527879797,-1.154623051178352],[30.29932842038568,-1.1556285970423872],[30.299255424225397,-1.1556889202581802],[30.29175535817994,-1.1546969907581],[30.28887017538475,-1.155367938851702],[30.27770171821103,-1.154987208836372],[30.272970463494666,-1.155839075651796],[30.26549232043116,-1.155057448925988],[30.257202777411507,-1.156689044576615],[30.256134441681848,-1.1579598645245253],[30.248165801931663,-1.1648815297089932],[30.246285150809005,-1.165110483215339],[30.23316936467441,-1.176483454908217],[30.2279228653813,-1.182351737947265],[30.220711880575493,-1.185343986196044],[30.21660545701174,-1.1922952599679024],[30.2166,-1.1923],[30.207967795564823,-1.1952076899150068],[30.20680139073566,-1.1953819867578048],[30.19040403479432,-1.1889015945893717],[30.190191420046233,-1.1878950238591233],[30.1871,-1.173]]]}},{"type":"Feature","properties":{"n":"Rubaare","c":"411503","d":"Ntungamo","od":"Ntungamo","dc":"411","k":"RUBAARE","a":["RUBAARE"],"lat":-0.978785,"lon":30.155974},"geometry":{"type":"Polygon","coordinates":[[[30.11860746459359,-0.983976161476648],[30.121376728959564,-0.980008795145115],[30.12880934039008,-0.961681368415072],[30.13035981642506,-0.956914453991318],[30.130040392733836,-0.949782835484329],[30.13237182707765,-0.943725285583087],[30.134005450295835,-0.94260058566272],[30.135602517828783,-0.938551339844692],[30.13318814315364,-0.928136246062105],[30.134915968829727,-0.926940088183242],[30.13612313167391,-0.923571361839209],[30.143200274474562,-0.916542366635222],[30.143697098591954,-0.91353333686516],[30.142040068046967,-0.911311893885993],[30.140932996281528,-0.9053191478538014],[30.14145066699199,-0.90530183946088],[30.14499594895789,-0.905814387365103],[30.146127420828428,-0.9063819269368945],[30.14842096492632,-0.910081905722143],[30.149392326072206,-0.9107903735265682],[30.149959390516127,-0.911609789250685],[30.152100141341382,-0.9127653340720512],[30.15295352122021,-0.913387751564919],[30.153439545420404,-0.9134883240758239],[30.154137398048032,-0.913865014338147],[30.163084719887465,-0.915484208390428],[30.16406477904389,-0.9159448311141183],[30.17097856321554,-0.919194409045274],[30.170978819434993,-0.9191943942611722],[30.170979126993338,-0.919194538812001],[30.174742636622074,-0.918977236821074],[30.174743150053494,-0.9189770260624713],[30.180875455410153,-0.9166983605709779],[30.182439676577307,-0.9163818190246086],[30.18617480779134,-0.9167960819700935],[30.1861756787383,-0.9167962801939128],[30.19358603278408,-0.9204125712351138],[30.202189396875447,-0.924611083019657],[30.206549617826223,-0.9282032199957522],[30.208408124755536,-0.9297343502767754],[30.20309431488886,-0.932574133159272],[30.203094440286836,-0.9325754278273813],[30.203094111870982,-0.93257557550576],[30.20337361993275,-0.935457810818326],[30.203402080472156,-0.935751650916959],[30.204231173679666,-0.9363899793634377],[30.205105187345048,-0.9370637093260179],[30.205683657705784,-0.9399538362099005],[30.20570986203246,-0.9400850013754155],[30.203224823839037,-0.943576512173938],[30.203225629532394,-0.9435802155003834],[30.20327221786894,-0.944603710295384],[30.203568307472022,-0.9451553163316501],[30.20375751516848,-0.946024999394115],[30.20643249311839,-0.950491247683159],[30.205568600844117,-0.953896362042531],[30.20644441425826,-0.9554969463250086],[30.206365634000704,-0.9559099298924834],[30.206065784621504,-0.957479877769765],[30.206066082390993,-0.9574802458099432],[30.206066064030768,-0.95748034205831],[30.20606688794444,-0.9574812414661338],[30.21127211497731,-0.9639148512163042],[30.211505623408396,-0.9643677451264583],[30.213210483894308,-0.9700652456142097],[30.214187464583816,-0.9762847142830902],[30.214224707662872,-0.9768483639707288],[30.214153543719817,-0.9775605194242094],[30.213219078240034,-0.9817731549956402],[30.212978589715114,-0.982158271210567],[30.213086696808205,-0.9823699397252812],[30.213049252921394,-0.982538739379121],[30.213375856003434,-0.9829360995915751],[30.214059883905403,-0.984275393488886],[30.205626620194277,-0.990804633312327],[30.201259640660258,-0.99213599528039],[30.20137180286984,-0.989715644679676],[30.19944127543357,-0.985837216048608],[30.19796746480249,-0.984687744717236],[30.196845401329295,-0.981191305581076],[30.192386385180694,-0.97685072639856],[30.186808942840063,-0.981515709645627],[30.17772312870727,-0.985868269766772],[30.17296683550526,-0.987012578328953],[30.170182313140394,-0.989806266346757],[30.160050350007037,-0.993806106275949],[30.151225788854227,-0.999380079271461],[30.143152888984233,-1.000039806809837],[30.14125157946262,-1.001137813039631],[30.139592962662313,-1.003905390351325],[30.142382574017272,-1.010724960364361],[30.148742514186896,-1.015179960168297],[30.151587976010628,-1.02064414577086],[30.15518014789341,-1.023931023473049],[30.15663784739519,-1.02702576701697],[30.14666983703754,-1.035073308936834],[30.144056670767345,-1.038639707317282],[30.141585871649017,-1.038781133079958],[30.13519498584595,-1.041261499467357],[30.133387455070842,-1.043770510479416],[30.13273491481311,-1.04774689442237],[30.129653676366846,-1.04772875260676],[30.127006271306705,-1.04997587215191],[30.125847681148905,-1.052089124519642],[30.12535142896517,-1.045719431590932],[30.12116660344946,-1.031566599305168],[30.122279360799137,-1.026640493031511],[30.121398235704536,-1.016621746700855],[30.119841079935988,-1.011144629387527],[30.120387922511668,-1.00376214732468],[30.117266660144665,-0.996492272836382],[30.11896238217648,-0.987702616953218],[30.11860746459359,-0.983976161476648]]]}},{"type":"Feature","properties":{"n":"Rubaare Town Council","c":"411504","d":"Ntungamo","od":"Ntungamo","dc":"411","k":"RUBAARETOWNCOUNCIL","a":["RUBAARE","RUBAARETOWNCOUNCIL"],"lat":-1.028778,"lon":30.194554},"geometry":{"type":"Polygon","coordinates":[[[30.155181457220678,-1.023933775744284],[30.1551814344709,-1.0239337549189824],[30.15518014789341,-1.023931023473049],[30.151587976010628,-1.02064414577086],[30.150228445174324,-1.018033417079999],[30.148742877719247,-1.015180421523028],[30.148742672694485,-1.0151802645529426],[30.148742514186896,-1.015179960168297],[30.148739704281393,-1.0151779918905892],[30.14213595069988,-1.0101220573912266],[30.139592962662313,-1.003905390351325],[30.139598323779005,-1.0038964447618943],[30.142070913520584,-1.0006646476293166],[30.14241279558153,-1.0004672107425248],[30.151222783725633,-0.9993803248543522],[30.151225788854227,-0.999380079271461],[30.16005019996047,-0.9938062010518259],[30.170181760627134,-0.989806566741135],[30.170181895831487,-0.989806431089641],[30.170182313140394,-0.989806266346757],[30.17296678408347,-0.9870126299200059],[30.177723057115134,-0.985868296721183],[30.177723097910015,-0.9858682771762317],[30.17772312870727,-0.985868269766772],[30.186808942840063,-0.981515709645627],[30.192386385180694,-0.97685072639856],[30.196845401329295,-0.981191305581076],[30.19796746480249,-0.984687744717236],[30.197967567414157,-0.9846878247473081],[30.19796759454918,-0.984687909313597],[30.19804726446005,-0.9847499829835965],[30.19944127543357,-0.985837216048608],[30.20137180286984,-0.989715644679676],[30.201259640660258,-0.99213599528039],[30.205626620194277,-0.990804633312327],[30.205631728387193,-0.9908006784239518],[30.208556449619003,-0.988971839570877],[30.210831559928106,-0.9867748411757555],[30.214059883905403,-0.984275393488886],[30.213848489232838,-0.9838614928364805],[30.214122543582846,-0.9835968476609355],[30.216695156588596,-0.9843540130859463],[30.21669586693853,-0.9843564977721219],[30.217535098045662,-0.988162861167387],[30.218058684016192,-0.9891234057317415],[30.21831706364073,-0.99002717477676],[30.21886153387093,-0.9905962738133298],[30.219357836601773,-0.991506765914381],[30.219831561873644,-0.9916101804902677],[30.220269050466012,-0.992067458634447],[30.223014345183632,-0.992305108966285],[30.22301452438357,-0.9923050235513654],[30.223015043401073,-0.992305136853269],[30.225122476321243,-0.99130149027697],[30.225713812139936,-0.992160283504351],[30.22571452516628,-0.9921596363528787],[30.225714734583946,-0.992159940005029],[30.22598407801383,-0.9919149868756956],[30.226424821950136,-0.9915149622624568],[30.226578285575123,-0.9915497537103384],[30.228199395871187,-0.991919979103038],[30.230531175078358,-0.99061680225346],[30.232377772961158,-0.990783004525684],[30.235194866558718,-0.9920245403961717],[30.235469294502558,-0.9928870390709829],[30.235975769913566,-0.994484119595066],[30.236111843149512,-0.994559698888602],[30.237973991763102,-0.995615834472323],[30.237620779820624,-0.9967003777594231],[30.235992189246574,-1.001700840360663],[30.23473257026251,-1.002578036457216],[30.232558395542984,-1.008279427526993],[30.230684734007376,-1.013192667604004],[30.230684727437026,-1.0131927928196272],[30.230684712052483,-1.013192833162893],[30.230518133266322,-1.016357678848093],[30.234026899189786,-1.021756701975458],[30.234408203296304,-1.0237208528614012],[30.234722267398688,-1.030531217482153],[30.234132260919313,-1.032343285045188],[30.232031859089012,-1.036014783322966],[30.23190509535415,-1.0362363489840885],[30.22984724867632,-1.037466170392976],[30.225839237786076,-1.0486839056997432],[30.22144314214988,-1.0531835093432922],[30.22143171477198,-1.053195116102268],[30.22143162662615,-1.0531952960051005],[30.221431619915126,-1.053195302874138],[30.22140266790116,-1.0532543998399615],[30.2179665208249,-1.060267466520627],[30.21796212876157,-1.0602712702519574],[30.21053368950992,-1.066577303026485],[30.21045219867755,-1.0667752193567066],[30.21001039122881,-1.067157845177263],[30.209468336684495,-1.0691647194937717],[30.209467786450364,-1.069166055844332],[30.209954243228005,-1.0714685142688283],[30.2072307632293,-1.071564639551125],[30.201828012682128,-1.0733700721465],[30.202897637449244,-1.076948295572317],[30.19968554934953,-1.076595632323248],[30.195621261430468,-1.077414119933743],[30.19379785326317,-1.07681585608031],[30.19214713725693,-1.078146988716681],[30.18279110688094,-1.081525820860411],[30.183660677588435,-1.074920394762845],[30.171150001884754,-1.071701072628485],[30.166510164974046,-1.067275378640931],[30.16172746669254,-1.064812612681933],[30.160906249573557,-1.062956546874873],[30.15797981615483,-1.060779425964502],[30.151230367349847,-1.053186633757031],[30.147643765493214,-1.052411474680658],[30.145270298620595,-1.049663434869281],[30.13976800701664,-1.047010125698127],[30.13503847061053,-1.048354431876386],[30.132734926301154,-1.047746896246891],[30.13338753348384,-1.0437704016353073],[30.13519498584595,-1.041261499467357],[30.141585871649017,-1.038781133079958],[30.144056670767345,-1.038639707317282],[30.14666983703754,-1.035073308936834],[30.15663784739519,-1.02702576701697],[30.155195872842576,-1.0239644080525523],[30.155181457220678,-1.023933775744284]]]}},{"type":"Feature","properties":{"n":"Rugarama","c":"411505","d":"Ntungamo","od":"Ntungamo","dc":"411","k":"RUGARAMA","a":["RUGARAMA"],"lat":-1.034749,"lon":30.086064},"geometry":{"type":"Polygon","coordinates":[[[30.048468759279018,-1.0163961113135376],[30.050950502899976,-1.015900729076693],[30.053387074766878,-1.013193502344976],[30.057995632983115,-1.012003975228358],[30.061218928710215,-1.007788478609505],[30.064781370633415,-1.006599094198344],[30.067017285010184,-1.004522651278818],[30.067492787658516,-1.003798977695518],[30.06689197880908,-1.0027945937698592],[30.07,-1.0005],[30.06999668671357,-0.9998489392163996],[30.070273588219838,-0.999601962304744],[30.069959769689387,-0.9925947439642244],[30.069947113277593,-0.9901077590465668],[30.07111774677784,-0.986624331473366],[30.07458557677887,-0.986087504646689],[30.07615338377691,-0.987665028697331],[30.076478504690527,-0.989188066685197],[30.079324614581044,-0.990594866162263],[30.085837656493467,-0.989901723110927],[30.089485843044887,-0.990759521367246],[30.091761435531954,-0.990215607082779],[30.092386869999988,-0.988786008247885],[30.09730418375724,-0.988431252132383],[30.100322113593887,-0.985732899511399],[30.10362464871414,-0.984301376037593],[30.108635356692144,-0.984162452750119],[30.11170139834285,-0.982467566028263],[30.119650095991744,-0.9824824432328956],[30.11860746459359,-0.983976161476648],[30.11860761204507,-0.9839777096427773],[30.118607497387877,-0.983977829458978],[30.118962378329897,-0.9877026368917083],[30.117266660144665,-0.996492272836382],[30.117266820467822,-0.9964926462523538],[30.117266732481394,-0.996493102370043],[30.11954423247172,-1.001797070385846],[30.120387915596357,-1.0037621312179172],[30.119841067075082,-1.011144189110589],[30.11984110314903,-1.0111443160068718],[30.119841079935988,-1.011144629387527],[30.12122586553885,-1.0160154543582074],[30.12139824196629,-1.016621817899526],[30.122279360799137,-1.026640493031511],[30.12128709087279,-1.031033209117148],[30.121166607206156,-1.031566481810397],[30.12116662012268,-1.0315665254938842],[30.12116660344946,-1.031566599305168],[30.124107315000657,-1.0415119117748604],[30.125351434791842,-1.0457195063797324],[30.125351690357398,-1.045722786716178],[30.125868107861585,-1.05377597107527],[30.12268453708453,-1.059790859957049],[30.119152510945323,-1.062179826234716],[30.112564062103164,-1.069187886571011],[30.114168971577204,-1.070635492469154],[30.11139275870819,-1.080519011309221],[30.11011028972961,-1.08056581042406],[30.109277451155915,-1.082047039039754],[30.1069502616084,-1.083095767124307],[30.104310159547637,-1.085676081836855],[30.101543091085862,-1.086389486441329],[30.101129896334555,-1.085757647336091],[30.097655157772103,-1.08693810087735],[30.09383596555543,-1.086703284707984],[30.091403877551443,-1.082314255192299],[30.089079377120104,-1.079994011761779],[30.08141683483116,-1.080561483757787],[30.07526608494637,-1.077254426036827],[30.0722965049245,-1.0775340517037786],[30.07144023791241,-1.0757388436232587],[30.070914209646965,-1.073773597081694],[30.070190537954467,-1.073118783021777],[30.0698,-1.0723],[30.068668419243888,-1.0717414944765977],[30.06637649345347,-1.06966764628354],[30.06260469714716,-1.0687486702657663],[30.05201963579661,-1.0635242837622754],[30.05027197834334,-1.061899764568565],[30.046639329332226,-1.060830039897375],[30.046437850475197,-1.0597089305645655],[30.0458605806958,-1.0495746388817884],[30.045997379278315,-1.048984508332631],[30.045636916276713,-1.045026500403698],[30.04839247378089,-1.043809357610556],[30.049868153136256,-1.041922359636264],[30.04955998516954,-1.037901394435079],[30.050480417826673,-1.031597528174523],[30.050259992572975,-1.0313153182317205],[30.047000322057876,-1.0246873215176802],[30.046994387605718,-1.023361678812266],[30.044402617353885,-1.019401604447678],[30.044454292383517,-1.0193599169512306],[30.048468759279018,-1.0163961113135376]]]}},{"type":"Feature","properties":{"n":"Rugarama North","c":"411506","d":"Ntungamo","od":"Ntungamo","dc":"411","k":"RUGARAMANORTH","a":["RUGARAMANORTH"],"lat":-0.936505,"lon":30.097928},"geometry":{"type":"Polygon","coordinates":[[[30.02529669401638,-0.897371456638589],[30.024870420927833,-0.8962183162886747],[30.0253,-0.8945],[30.026901959825903,-0.8947607841577047],[30.03035333086143,-0.895751076711884],[30.030461301925662,-0.8953402119413865],[30.0382,-0.8966],[30.038223852548303,-0.8965763530771125],[30.03824694500913,-0.896601787668462],[30.039695470505457,-0.895165271508434],[30.040936207591827,-0.89527481151879],[30.041412408757516,-0.893415284421429],[30.041487123048878,-0.8933412142187864],[30.043621565485065,-0.892315846415494],[30.043834139305012,-0.8910144308614123],[30.045282518710955,-0.8895785374848284],[30.046997282285602,-0.888550192166714],[30.048270697174996,-0.887032666897672],[30.048113463665338,-0.8867719972283291],[30.04853816736123,-0.8863509547711966],[30.048936321915118,-0.886406172816238],[30.049109087240694,-0.8857849566148296],[30.0498,-0.8851],[30.049815147275343,-0.8849036464307705],[30.054991056882255,-0.8839509103298466],[30.05583945347583,-0.8839617222915336],[30.06223489317643,-0.8854069837958201],[30.066520878073405,-0.88657443806814],[30.067509530806504,-0.8865989629360639],[30.0699287052307,-0.887145655553167],[30.08386638329698,-0.8870300298078929],[30.085976652024097,-0.8872087848022502],[30.088588314109202,-0.8879641808761125],[30.090894456128577,-0.8891759533396874],[30.09327822466039,-0.8912153563892627],[30.098449804446364,-0.8974531706455228],[30.102524813734885,-0.903132755797773],[30.104701714274057,-0.9049940486491524],[30.104702773764412,-0.904995326576653],[30.124170953535963,-0.905879589107559],[30.124171043847003,-0.9058795860879966],[30.124171064870474,-0.905879587043029],[30.12417135628705,-0.9058795756415198],[30.140932982512926,-0.9053191483141566],[30.142039726953044,-0.911310861427499],[30.14203992681569,-0.9113111293798465],[30.142040068046967,-0.911311893885993],[30.14369702040084,-0.9135332320408407],[30.143310081732494,-0.9158773157721128],[30.143200274474562,-0.916542366635222],[30.13617207009425,-0.9235227563593481],[30.1361231891608,-0.923571298660328],[30.13612318577739,-0.9235713081038074],[30.13612313167391,-0.923571361839209],[30.134915968829727,-0.926940088183242],[30.13318814315364,-0.928136246062105],[30.13318823908955,-0.92813665990902],[30.13318806492988,-0.928136780462493],[30.13434090979338,-0.9331090337515892],[30.135602517828783,-0.938551339844692],[30.134648073704156,-0.9409712618582915],[30.1340053671925,-0.94260064287684],[30.13237182707765,-0.943725285583087],[30.130548309004222,-0.9484631636858571],[30.13004086966274,-0.949781495426233],[30.13004088449667,-0.9497815577825086],[30.130040392733836,-0.949782835484329],[30.13031757278257,-0.9559713005845419],[30.130194252755572,-0.9574234769148059],[30.12984260694767,-0.9585046064749776],[30.120586859704787,-0.9811403955535944],[30.11965010321253,-0.982482432888094],[30.116724309857084,-0.982476967176193],[30.11170139834285,-0.982467566028263],[30.108635571635997,-0.9841623339306356],[30.105953825745186,-0.9842367989495484],[30.10362464871414,-0.984301376037593],[30.103624407097932,-0.9843014807690368],[30.103624402490464,-0.984301480896974],[30.10032250975638,-0.985732683285022],[30.100322413120594,-0.9857327696779538],[30.100322113593887,-0.985732899511399],[30.098964080245153,-0.986947126827568],[30.097303978604028,-0.9884312669330163],[30.092386869999988,-0.988786008247885],[30.091761435531954,-0.990215607082779],[30.089524873403587,-0.9907501922937211],[30.089485805616338,-0.9907595125666694],[30.085837656493467,-0.989901723110927],[30.085837337121568,-0.989901757099717],[30.085837241642498,-0.989901734635291],[30.07932437374827,-0.9905947471213853],[30.076478504690527,-0.989188066685197],[30.07615338377691,-0.987665028697331],[30.07458557677887,-0.986087504646689],[30.07126491212393,-0.9866015499916572],[30.071117747346335,-0.986624319194591],[30.07027464982826,-0.983573071652952],[30.069911059866744,-0.9830232638150735],[30.06980625662011,-0.9624294258516735],[30.07011438746755,-0.9604701719503288],[30.07051250930192,-0.9595459605491109],[30.074216130556493,-0.955294903355854],[30.075659522100754,-0.948537208374934],[30.075371630951455,-0.9482658567198287],[30.0754,-0.9482],[30.074763374347455,-0.9476925447697109],[30.071707890286472,-0.944812599835243],[30.06990848234359,-0.943822703317355],[30.058161489847592,-0.9344591585741682],[30.05761305576619,-0.932342220939562],[30.054381859427803,-0.930394941915777],[30.053955433680997,-0.929247031018132],[30.05149417354872,-0.927745305033498],[30.050169024934778,-0.927979069708358],[30.05000420422731,-0.926832480133006],[30.047643802050555,-0.9259287835605106],[30.045758476715946,-0.9226551732067838],[30.044915412190083,-0.916809131042833],[30.041517394835047,-0.9152911128499458],[30.03695675530009,-0.9073721842028852],[30.03692531427631,-0.906919192232183],[30.026974272523383,-0.905453571019065],[30.02246817277346,-0.906708620372009],[30.022292096399354,-0.906531614402586],[30.023311226286996,-0.9024550948520164],[30.024065310277837,-0.902012126012095],[30.02529669401638,-0.897371456638589]]]}},{"type":"Feature","properties":{"n":"Rwentobo-Rwahi Town Council","c":"411507","d":"Ntungamo","od":"Ntungamo","dc":"411","k":"RWENTOBORWAHITOWNCOUNCIL","a":["RWAHI","RWENTOBO","RWENTOBORWAHI","RWENTOBORWAHITOWNCOUNCIL"],"lat":-1.104536,"lon":30.180864},"geometry":{"type":"Polygon","coordinates":[[[30.113331697133916,-1.135088504702943],[30.110429816559105,-1.132444805657277],[30.10965476716689,-1.130639858007271],[30.112732365341376,-1.127613197052302],[30.115519399991253,-1.129169003308493],[30.119748993115646,-1.127513020470669],[30.12343391451712,-1.123680616204656],[30.125078557065603,-1.124768091958074],[30.128765848992806,-1.125235953945321],[30.12774240487324,-1.122599504221373],[30.132468802759295,-1.122194883286867],[30.134039890093856,-1.119306475129367],[30.144607171616386,-1.122089974221977],[30.150451328159264,-1.12049409414791],[30.15314797162596,-1.118012607719579],[30.15062139681273,-1.116788464772905],[30.147773708514634,-1.114084104532116],[30.139530123517215,-1.10323382977123],[30.13723114231543,-1.098067586388259],[30.136429717726347,-1.091468083852948],[30.133916535274047,-1.08685196896577],[30.133354884873683,-1.077862186086043],[30.13448407706394,-1.071482191141774],[30.13321465569988,-1.066464470722422],[30.132833973455174,-1.060182919264729],[30.13157281311942,-1.056494414442048],[30.134366104916072,-1.048266651019379],[30.134546505045748,-1.048224681123221],[30.13503847061053,-1.048354431876386],[30.13976779115505,-1.0470101870538382],[30.142175225846422,-1.0481709321870898],[30.145270298620595,-1.049663434869281],[30.147643765493214,-1.052411474680658],[30.14764383143133,-1.0524114889316207],[30.14764386626872,-1.052411529267654],[30.147837783725837,-1.0524534071281422],[30.151230367349847,-1.053186633757031],[30.15797981615483,-1.060779425964502],[30.160906249573557,-1.062956546874873],[30.16172746669254,-1.064812612681933],[30.166510164974046,-1.067275378640931],[30.16736354358067,-1.0680893711672037],[30.171149621198182,-1.071700818837437],[30.17114977815191,-1.0717008592216097],[30.171150001884754,-1.071701072628485],[30.183660677588435,-1.074920394762845],[30.18279110688094,-1.081525820860411],[30.19214713725693,-1.078146988716681],[30.19379785326317,-1.07681585608031],[30.195621261430468,-1.077414119933743],[30.195621603880987,-1.0774140509692618],[30.195621801093285,-1.077414115750451],[30.197752905473394,-1.0769848382800153],[30.19968554934953,-1.076595632323248],[30.202897637449244,-1.076948295572317],[30.201828012682128,-1.0733700721465],[30.207044997243592,-1.0716267168139524],[30.207230800586377,-1.071564638232606],[30.20940752310094,-1.071487810766903],[30.20995424519844,-1.0714685235951302],[30.210559735212506,-1.074334380641241],[30.212963149706603,-1.077125314852953],[30.21399139976143,-1.082251129878788],[30.212676309242404,-1.091741856490061],[30.21267668150254,-1.0917425152304203],[30.212676678624533,-1.09174253600735],[30.213718904039453,-1.0935868009386716],[30.215474632779816,-1.096693685801288],[30.21573220922094,-1.099089723616889],[30.222518116543313,-1.105838085910832],[30.222577255125536,-1.107760512344154],[30.221814858612735,-1.1090470761139175],[30.221812277209466,-1.109050743334817],[30.221812458759764,-1.1090529949312278],[30.22194985479047,-1.1131691238621149],[30.221169602526583,-1.1147575231911737],[30.220735163184617,-1.1155502984746968],[30.219622384523912,-1.1160613856406898],[30.21961455197801,-1.116064108952264],[30.2196141196169,-1.116065181622812],[30.219613656123954,-1.116065394500093],[30.218387583700164,-1.119108167948039],[30.21831009693529,-1.119300409498142],[30.218310101807685,-1.1193004566257359],[30.218309748265018,-1.11930133402108],[30.21861418097993,-1.122242726043749],[30.21677231763748,-1.131315731544368],[30.21665997968264,-1.1315370763228116],[30.215510798796963,-1.133801129657801],[30.214880522310377,-1.1343717188042044],[30.21118416248371,-1.137717754234134],[30.21118350081718,-1.1377212624063675],[30.209347270895876,-1.1450168009272437],[30.20885218011367,-1.1461055757445304],[30.20547079471054,-1.151124323374223],[30.205470048575716,-1.151125286972983],[30.200811755425768,-1.153989624959742],[30.19737218908366,-1.1545299756034915],[30.19306732547455,-1.154151979197544],[30.193054894020943,-1.152208704307578],[30.19148720060064,-1.151844737198833],[30.187330968708373,-1.15298807595178],[30.18150412122831,-1.1564498786274329],[30.16402199023792,-1.1597192641632978],[30.161144080224734,-1.15930508619305],[30.15435308082903,-1.1613116420885021],[30.1506,-1.1565],[30.150593582432027,-1.1564996907196157],[30.150591446039627,-1.156494586664034],[30.150578680723562,-1.156498972564991],[30.1174,-1.1549],[30.110181855883784,-1.1443625633339936],[30.11018977828851,-1.144037646266225],[30.10911746030507,-1.1428087011752897],[30.108535071314403,-1.1419584982692041],[30.110727885539315,-1.139698696490765],[30.113331697133916,-1.135088504702943]]]}},{"type":"Feature","properties":{"n":"Kayonza","c":"411514","d":"Ntungamo","od":"Ntungamo","dc":"411","k":"KAYONZA","a":["KAYONZA"],"lat":-1.095556,"lon":30.108966},"geometry":{"type":"Polygon","coordinates":[[[30.09140401819064,-1.0823145089946227],[30.09383596555543,-1.086703284707984],[30.096491240581305,-1.086866539520734],[30.097654464067677,-1.086938104224866],[30.097654634371878,-1.0869380686970278],[30.097655157772103,-1.08693810087735],[30.097656236015293,-1.0869377345718083],[30.10139197542985,-1.0861584070760133],[30.101543091085862,-1.086389486441329],[30.104310159547637,-1.085676081836855],[30.104474647877844,-1.085515318484263],[30.105188315527457,-1.085366437430077],[30.1080022293519,-1.0826217068494022],[30.109277451155915,-1.082047039039754],[30.11011028972961,-1.08056581042406],[30.11139275870819,-1.080519011309221],[30.11139319544563,-1.0805174564923137],[30.111393206529964,-1.080517456076319],[30.11152379992496,-1.0800524950887898],[30.114168971577204,-1.070635492469154],[30.112564062103164,-1.069187886571011],[30.119081435109006,-1.062255428817552],[30.119152526089035,-1.0621798159919205],[30.12268453708453,-1.059790859957049],[30.125868107861585,-1.05377597107527],[30.125800073047152,-1.0527150138090395],[30.127006127553784,-1.0499761343552398],[30.127006271306705,-1.04997587215191],[30.129653676366846,-1.04772875260676],[30.129660222331353,-1.047728791148302],[30.13436609050743,-1.048266655934967],[30.131572854158804,-1.056494142085347],[30.13157287996139,-1.056494217556099],[30.13157281311942,-1.056494414442048],[30.132833953359597,-1.060182860491369],[30.1329388063618,-1.0619127433019568],[30.13321465569988,-1.066464470722422],[30.133214712911094,-1.0664646968647231],[30.133214719985702,-1.066464813582832],[30.13448406576897,-1.07148225495895],[30.133354884873683,-1.077862186086043],[30.133354888970953,-1.0778622516669967],[30.133354883427266,-1.077862282980874],[30.133403557287522,-1.0786412373114431],[30.133916535274047,-1.08685196896577],[30.133916624579918,-1.086852132999292],[30.133916635011914,-1.086852299948197],[30.136429725134754,-1.0914681448590469],[30.13707342839416,-1.0967688573032826],[30.137231118808167,-1.098067484342567],[30.137231134095032,-1.0980675186956252],[30.13723114231543,-1.098067586388259],[30.13848604626704,-1.1008875917155094],[30.13953004974997,-1.103233704949989],[30.139530093732844,-1.103233762840141],[30.139530123517215,-1.10323382977123],[30.147773708514634,-1.114084104532116],[30.15062139681273,-1.116788464772905],[30.150621709399815,-1.1167886162235063],[30.15062180996227,-1.11678871172279],[30.15064510552299,-1.1167999518067688],[30.153147167021228,-1.1180122178830294],[30.15073862055371,-1.1202297239459942],[30.15045134495472,-1.1204940786925113],[30.14976942812914,-1.1206803024848353],[30.144607171616386,-1.122089974221977],[30.134039890093856,-1.119306475129367],[30.134039682202317,-1.1193068573332066],[30.134039440646635,-1.119306793710771],[30.133839976363564,-1.119674011953493],[30.132468802759295,-1.122194883286867],[30.129262294604256,-1.1224693883872565],[30.127743913520746,-1.122598528648949],[30.12774423322605,-1.1225993476984053],[30.12774240487324,-1.122599504221373],[30.128765848992806,-1.125235953945321],[30.12517839366073,-1.1247807597231216],[30.125078520844518,-1.1247680680078538],[30.12343391451712,-1.123680616204656],[30.119748993115646,-1.127513020470669],[30.115519399991253,-1.129169003308493],[30.112732365341376,-1.127613197052302],[30.10965476716689,-1.130639858007271],[30.110429816559105,-1.132444805657277],[30.113331697133916,-1.135088504702943],[30.111393332965115,-1.138520485185459],[30.110727806811095,-1.1396987776240277],[30.10875330998654,-1.1417335926963506],[30.108535066661382,-1.1419584914764704],[30.1037,-1.1349],[30.10369978949781,-1.1348998860981296],[30.103678960603165,-1.1348685631321],[30.10249873356776,-1.1342499996702262],[30.099161550980373,-1.1324442638866399],[30.094303843831284,-1.12777574410269],[30.08912973012236,-1.1270160868470314],[30.0891,-1.127],[30.08265273357982,-1.1161884301569327],[30.08262990069481,-1.116125404565165],[30.082636143934756,-1.1158151007495558],[30.08367308737739,-1.1076415465546732],[30.08420704780126,-1.105857063759771],[30.08408590523574,-1.1043875704947679],[30.0843,-1.1027],[30.08387298027517,-1.101804731059672],[30.08375459823934,-1.100368723793376],[30.080314006333385,-1.0943431581058558],[30.0722965049245,-1.0775340517037784],[30.07526608494637,-1.077254426036827],[30.08141683483116,-1.080561483757787],[30.08907929827002,-1.079994017601253],[30.09140401819064,-1.0823145089946227]]]}}]}
