{"type":"FeatureCollection","name":"Nwoya sub-counties","metadata":{"source":"Uganda Bureau of Statistics NPHC 2024 Map Explorer","retrieved":"2026-07-26","display_only":true,"clipped_to_dashboard_district":true,"positive_area_overlaps_removed":true,"source_gap_ratio":0.01762293},"features":[{"type":"Feature","properties":{"n":"Anaka (Payira)","c":"328101","d":"Nwoya","od":"Nwoya","dc":"328","k":"ANAKAPAYIRA","a":["ANAKAPAYIRA"],"lat":2.526427,"lon":31.963212},"geometry":{"type":"MultiPolygon","coordinates":[[[[31.91084833038896,2.567922732571157],[31.910819819426298,2.570514026382938],[31.912787571047605,2.571844039959834],[31.917535406131904,2.570966033541988],[31.923243114637117,2.571672988062311],[31.92788278976191,2.574799420290634],[31.93003712855206,2.578355089281524],[31.9375678218774,2.575066584099468],[31.939756648842987,2.574895186736134],[31.941319332638223,2.575648161475485],[31.946711133967653,2.57359439494019],[31.946940766725675,2.569048473771383],[31.948314775501213,2.567077800075463],[31.95038123106737,2.567332681140132],[31.955687468959585,2.570427863756787],[31.959387530009046,2.571070320552701],[31.969919158109672,2.570654506467761],[31.972480220278648,2.580975878481602],[31.977640407801214,2.581643411706185],[31.98052302230655,2.582913966372435],[31.985548039683827,2.588042181989312],[31.986042826643516,2.590307233307964],[31.98474838229331,2.594958975234619],[31.98702080653334,2.597171975094823],[31.989756771176523,2.597433375553229],[31.990657117248723,2.601480507958879],[31.993455461731195,2.602470440837676],[31.99738632896454,2.602270565234667],[31.99972723355115,2.600823910670597],[32.00565733794961,2.60233718899163],[32.00835088212235,2.601337818128374],[32.00883567600471,2.599811447893787],[32.0079981932822,2.597071078907677],[32.008876759974875,2.596499958739985],[32.0086652379265,2.594937061705079],[32.011177706452,2.592425263405397],[32.01301829565191,2.59174782950868],[32.01433638169826,2.587553852604406],[32.016690778645135,2.585463408293196],[32.01672687770589,2.582350537570774],[32.01443806202668,2.579499022782462],[32.014960250738255,2.57693069629164],[32.01413107794119,2.575678909164155],[32.01652351425336,2.574471896898753],[32.01684193363991,2.576389402407123],[32.01869631820618,2.576237063520971],[32.01954906367272,2.57483577286573],[32.018687749587954,2.57262858537569],[32.02092526172005,2.571462578424729],[32.02066572736905,2.570123595333863],[32.018351705560335,2.568585274504283],[32.018603964730005,2.566892627575041],[32.017323279616875,2.561871190643016],[32.01537894483649,2.559988292374201],[32.014704263516975,2.55814227950745],[32.01236377781899,2.557866886434583],[32.01449565530462,2.554081021794967],[32.01643294466728,2.552878921632264],[32.01632329883346,2.548482558160913],[32.0139782181764,2.546029331890198],[32.010387876859426,2.548695488748098],[32.0092781781109,2.54841509506118],[32.009613705217404,2.546442066444516],[32.00831007406755,2.543880045488705],[32.009192202046144,2.542995273240304],[32.0097002426815,2.540100530078459],[32.01446707638361,2.535093369172627],[32.01477705267675,2.533175823825374],[32.02080657558646,2.531108879705635],[32.02254190753183,2.528848847578049],[32.02103387245238,2.524052873255138],[32.02105475043775,2.520995794030152],[32.017887338991194,2.519918121407867],[32.017569444991324,2.51879552722768],[32.0196312311655,2.516001398507678],[32.01640801226602,2.516007123876191],[32.01551617757195,2.512976961545954],[32.013873149831646,2.511881134656062],[32.013753866036694,2.509539034538264],[32.01552311262797,2.509729496098174],[32.01589235678384,2.509069436180795],[32.014173083365534,2.505703077809245],[32.0117440031893,2.50401871078049],[32.00981860733365,2.504351652459146],[32.00824650926867,2.502840095204561],[32.00707613609386,2.503327560458225],[32.00667890983872,2.503300241448915],[32.005703477452435,2.503049862226124],[32.00539808680589,2.502745297552512],[32.00440810105849,2.500365403795619],[32.00403299423161,2.495545941454688],[32.00313037518573,2.493491852797956],[32.00128652158673,2.492618611543238],[32.00175356288252,2.488887180494074],[31.999324542668,2.48842988104819],[31.998621087040085,2.487554361972627],[31.999553892753088,2.486526598921179],[31.998373917283125,2.484850956594869],[31.997517090792186,2.480758906652063],[31.995004381416866,2.479217017211437],[31.99323607512887,2.479140403349775],[31.994661702712893,2.47660923086531],[31.99534702237963,2.47455326775792],[31.99481242754495,2.473639643843606],[31.99589904189766,2.471564805144048],[31.99486247709105,2.464863445959561],[31.996693310219538,2.464766398022621],[31.99781355992872,2.466675995232483],[32.00029962943554,2.464009468275597],[32.003294065936764,2.465585593403852],[32.003247476615975,2.463244418563775],[32.00535676721468,2.462593109503424],[32.00195251855789,2.456810014502234],[32.001984776518036,2.450423202957132],[31.999697180851662,2.451013465839196],[31.99963308920769,2.448956623467826],[31.99855721536148,2.448991999556586],[31.99558604588585,2.451893463057639],[31.996040170225402,2.454065507721772],[31.994866256333605,2.457917521523325],[31.987378215689947,2.461109318839764],[31.983238216961354,2.467818971838833],[31.979006396689915,2.469564792545041],[31.97812989564628,2.472106102454747],[31.968302733050173,2.477380529688821],[31.964019680954166,2.478183724367502],[31.95473913003232,2.481871974343368],[31.95164616888991,2.481514618598327],[31.94554890822893,2.476398726826616],[31.942783049774384,2.468606374607423],[31.939689753018325,2.464858725879908],[31.937428798968444,2.465274928411483],[31.933576586086062,2.464444445881036],[31.931236784564025,2.462336230993271],[31.930642148522935,2.462625208393483],[31.93082752638426,2.46979852973406],[31.93322114733358,2.473101774215245],[31.934049176023034,2.479995558742588],[31.935885433706044,2.484022374823558],[31.90408988378515,2.523192258350918],[31.905048987520786,2.528800683912052],[31.904394821762775,2.534629132175559],[31.89742456987985,2.546975840875036],[31.900907095395752,2.551064493367096],[31.91084833038896,2.567922732571157]]],[[[32.0066647219166,2.503293403217675],[32.00666471920663,2.503293408653561],[32.00666472191669,2.503293403217721],[32.0066647219166,2.503293403217675]]]]}},{"type":"Feature","properties":{"n":"Got Apwoyo","c":"328102","d":"Nwoya","od":"Nwoya","dc":"328","k":"GOTAPWOYO","a":["GOTAPWOYO"],"lat":2.545912,"lon":31.541046},"geometry":{"type":"MultiPolygon","coordinates":[[[[31.450436774185054,2.577668287682125],[31.451112602765736,2.578889090056707],[31.45004263536284,2.579566452427292],[31.45150490045645,2.580112349009851],[31.45214483087979,2.581901887176998],[31.451892760609198,2.583305456383607],[31.451108437177076,2.583583236996342],[31.453601454851924,2.587900218310268],[31.455064716473913,2.587902014863614],[31.455316752994012,2.586719194733405],[31.45642226506774,2.586791279076721],[31.458241534759825,2.585393077226965],[31.45949208773848,2.586360926768828],[31.46459408247961,2.586836682148236],[31.465735559676816,2.58795238147874],[31.466160679807498,2.59009734299205],[31.464804783451203,2.590563795259744],[31.466336712644345,2.592826641467501],[31.46819295805895,2.592512365107555],[31.468195909274222,2.59025145979617],[31.469052470733974,2.589493219590789],[31.473013977089106,2.590112532412471],[31.473122528773665,2.588313574624739],[31.475424733969792,2.587529021097307],[31.47656732465965,2.588389437811345],[31.47732014777589,2.586927770330496],[31.478672484528154,2.588429940102614],[31.47699239117712,2.591085065090489],[31.478167318316824,2.593456002748431],[31.479062569584617,2.592091952721478],[31.48063073667491,2.592780680335445],[31.480348278270828,2.591052951668869],[31.481992289066437,2.590169930740153],[31.482310433077092,2.590729553713772],[31.48241268189228,2.595105165278241],[31.480449168958696,2.595394188500649],[31.479769204932545,2.596939761123677],[31.480911749733927,2.597052096015858],[31.4824236022771,2.600605910279842],[31.48317387020242,2.59995565419941],[31.483068076605917,2.598240070173023],[31.484460559776867,2.598419723691984],[31.484535914680603,2.596583988715936],[31.485923727560767,2.596873977855445],[31.485995380634396,2.598313049130332],[31.488134682852976,2.600323399266751],[31.489421131970815,2.598706563755396],[31.49113488852375,2.598463939949799],[31.494920722485915,2.595882069346255],[31.496972226242544,2.59606517124297],[31.49911230128446,2.597749973136875],[31.499828118065707,2.596213599514476],[31.502759656112307,2.596605604361527],[31.501426563215617,2.601189501726098],[31.502116058061468,2.601307896170527],[31.503401709841583,2.599591470148844],[31.505017605540388,2.600063453573197],[31.507532546443805,2.606804017213616],[31.510098878984813,2.608805937423718],[31.510764516522652,2.608906214470111],[31.51124115166876,2.607468771883781],[31.510911234628306,2.605605143419078],[31.512668499010598,2.605181972068652],[31.513284937194904,2.608809733010137],[31.51561278808543,2.61162522192131],[31.516566570189475,2.609954059769892],[31.51913281701153,2.60924194979549],[31.522770886692715,2.609788701195681],[31.52315329878685,2.607402060668873],[31.524247767865546,2.606824113289963],[31.526622218983814,2.607927971541772],[31.52652792027487,2.609404239262953],[31.531281361354367,2.611797503888853],[31.533136463553785,2.610796542303339],[31.536797146044353,2.612608915128978],[31.54081536066607,2.612396557474289],[31.541388561190903,2.611203006840868],[31.54414512097055,2.611387489408892],[31.545570125517287,2.609906155209381],[31.546237280105444,2.611534637591384],[31.547378292451807,2.612015309318102],[31.550612820336216,2.610725738937532],[31.551615019558938,2.605806934780741],[31.550381061932697,2.604944646139683],[31.55266305351641,2.603131895292657],[31.55370567917446,2.607997946480945],[31.555844796503344,2.609429456807808],[31.558865123280142,2.609795452476159],[31.56081162851528,2.612510214423504],[31.56243019670413,2.610223869884616],[31.56233674685768,2.607313583667224],[31.565903805312097,2.606737268043164],[31.570699373401187,2.617532152584212],[31.57469361486709,2.617717611798551],[31.580279353834406,2.619415195047934],[31.582940679654644,2.622809979674008],[31.584367363679227,2.622712118170741],[31.586035145076796,2.620325990249886],[31.593118927880475,2.620849848664704],[31.594547815670808,2.617749347388679],[31.594502935159664,2.615025579574343],[31.595405874176723,2.614213912744175],[31.600564413136023,2.620822066806282],[31.60907605742026,2.621826526617706],[31.611646816840715,2.619061756326105],[31.618565653722932,2.618843370723922],[31.625174618413205,2.621039911176881],[31.627168705307763,2.625383038603673],[31.628452031597867,2.626008494874245],[31.632732223284517,2.624765179572384],[31.636701614409443,2.625601357972575],[31.635796317468788,2.630620331370269],[31.637032237392447,2.631526146776815],[31.63922441264719,2.62774763199356],[31.640410683891275,2.628753158472518],[31.64431086448722,2.627373870512187],[31.646497281164688,2.629420073903217],[31.652204496845993,2.628756983845937],[31.653158242945235,2.625510553676433],[31.654158297490174,2.624553172796535],[31.65784171079373,2.626393408696073],[31.66473710091982,2.626536490528089],[31.665451781470054,2.62471928072875],[31.663645031604794,2.624237115365601],[31.66374093977928,2.62261930378587],[31.667600168123794,2.615887269950837],[31.675510324239607,2.624024562797472],[31.67788620866001,2.627129720382189],[31.678693030632896,2.629617596375317],[31.68102376765938,2.629140705726731],[31.682785645204056,2.626745770157669],[31.685924096174066,2.626893918518709],[31.691248417208065,2.629088222211018],[31.69597950588517,2.628541426018306],[31.696739857689995,2.63140948235479],[31.699021860211655,2.63259682688338],[31.699876514578584,2.634895041301076],[31.70187349646801,2.635656900827647],[31.702889563736047,2.635350442474947],[31.703310674061107,2.633912761418336],[31.70069224697459,2.631186748054219],[31.701821475877846,2.627417661098395],[31.707433940688034,2.629593593962448],[31.708882121148864,2.633122626752449],[31.710754153812097,2.633359720983612],[31.715202020534118,2.63208912164741],[31.716885643262646,2.633926895205174],[31.720912224058598,2.633415930260231],[31.724652817926458,2.636856099198393],[31.725026502962294,2.638177380316056],[31.72664072670406,2.638929772669617],[31.733427380528877,2.639832203239708],[31.74575969344922,2.639519013020647],[31.746930459767622,2.641537382588233],[31.7489460417862,2.640318382507486],[31.759617183000337,2.640238696875346],[31.764085845677673,2.642830030407832],[31.76642602547755,2.643112770606793],[31.767269826687073,2.641937759378329],[31.766477287087874,2.639866598740865],[31.76797522653306,2.638311906856634],[31.77293781549179,2.637990693586938],[31.772848066237362,2.634174678251402],[31.77392434580716,2.633280220456333],[31.77757552428284,2.633752966020729],[31.777620181416538,2.636819466999758],[31.78115451736953,2.636633005299343],[31.783778473621833,2.634139140405422],[31.781065331707733,2.632580996873307],[31.780271273805276,2.630978758762194],[31.783734203512342,2.631687856109526],[31.787339553929797,2.630379896556852],[31.79237712126211,2.631033597313512],[31.793350467673278,2.628875116987383],[31.792089903948845,2.628347897651916],[31.792902091783866,2.626025463155057],[31.79516240479626,2.625382800887256],[31.786870152396627,2.620535471511137],[31.779636921264753,2.614301568586634],[31.77564638662165,2.609023669726869],[31.773312205837605,2.602584248855671],[31.778294812286756,2.592940881146606],[31.77778081121142,2.588572256527723],[31.774573930716684,2.579373647085102],[31.783269980152237,2.573332918691443],[31.793795209740225,2.563857697438666],[31.788758978801596,2.554806625442871],[31.787095507981682,2.552435783289473],[31.786286493200688,2.552863240454127],[31.78604329987564,2.550949724812716],[31.783487829447488,2.547965978804949],[31.781104205300533,2.547124254555979],[31.780032902996343,2.5446990469433],[31.77907627596254,2.544538969796644],[31.77901397120857,2.542903181146572],[31.776065105709108,2.541442478210139],[31.775471776994785,2.539381819453727],[31.773258341631006,2.539355136602828],[31.772831694164612,2.53811090954933],[31.772093975465264,2.538253705767835],[31.77016857253995,2.536050227828788],[31.76533651668368,2.536834788583431],[31.764197637327154,2.534297482288882],[31.76317366406398,2.53463119490066],[31.76184455356171,2.533746376363662],[31.76239069726506,2.532668270793148],[31.761154912413282,2.531087702050935],[31.760107561688724,2.531180870896699],[31.760322879804036,2.530249287197116],[31.75932462787289,2.529674248446169],[31.7596581672304,2.528621290905109],[31.757782685518748,2.525415124393142],[31.75778419324733,2.522492966353192],[31.75588103842933,2.521603887487271],[31.756859033541627,2.51950060746032],[31.756503408824607,2.518136164562218],[31.755457402516488,2.517920979320649],[31.755790770770083,2.51686709968337],[31.754434767755253,2.51712885988532],[31.752699695405614,2.514302373393833],[31.75289354530048,2.510833526828292],[31.751230518897774,2.50810372175234],[31.74911259528104,2.508220797851334],[31.74806680560562,2.507095549541908],[31.74697991099893,2.507621544963783],[31.74718468988753,2.509080581712475],[31.743778001233423,2.513193850544101],[31.745081167403402,2.51879499121018],[31.744127898348175,2.520493439699311],[31.745410763806742,2.522217097520307],[31.74704695469778,2.527821243072772],[31.74123782823819,2.53181026919162],[31.74109137935593,2.535615241001968],[31.74280076041499,2.538635169945785],[31.742131890793836,2.542077953514796],[31.740227381151218,2.543224639249506],[31.738796930737205,2.545951474806537],[31.735084542363428,2.546402465997352],[31.73332000781569,2.549894703913643],[31.731672087337365,2.550368986454923],[31.729791141604093,2.548760112625652],[31.727096409853555,2.54834973261157],[31.70558056454599,2.557819843854914],[31.698756000919598,2.558461170770931],[31.67527153413805,2.565303408067738],[31.67165475438444,2.565160495591721],[31.66414207096274,2.562067336232302],[31.660252006791143,2.561964591912543],[31.647776881028012,2.564845348296642],[31.639205935602195,2.565494280710986],[31.63280244210123,2.569045725833277],[31.62806632415436,2.56954175025525],[31.620805983996515,2.564734240189428],[31.617462264718387,2.560136952296939],[31.616989945193684,2.544959141844327],[31.61461042190058,2.534413344593546],[31.60571454564139,2.523558333012206],[31.59976948909035,2.52072839979474],[31.59420860290293,2.514045351034226],[31.59345037930781,2.511244949362045],[31.590384208098882,2.508441912303373],[31.586057260993282,2.505182613819662],[31.576377519739726,2.501534687616756],[31.57502257962587,2.500384577074967],[31.568350742366295,2.487526934058213],[31.564310693528668,2.483167016218209],[31.563221584490393,2.478284407079209],[31.558707378120243,2.472704189865623],[31.557188093150476,2.469303890522226],[31.556742919864735,2.462938335614306],[31.54910949013281,2.459603798889872],[31.540735606517508,2.459092106835164],[31.525799492422234,2.45481626685232],[31.51536117753352,2.448750341703125],[31.506053371928573,2.453693275380363],[31.504429900600428,2.457825364783322],[31.512823096309486,2.461127525817163],[31.52099833373547,2.467294781864847],[31.5214,2.4675],[31.522068581532512,2.4688129974674644],[31.528777344447978,2.478600652307258],[31.529844312424625,2.483061701194972],[31.529531538529476,2.483469166027767],[31.5297,2.4838],[31.528442172213833,2.4848883332617877],[31.523165367671282,2.491762667450022],[31.51751346201603,2.495455114865174],[31.51590018060869,2.4957402692605655],[31.5156,2.496],[31.514548010363665,2.495979271140171],[31.510445362588385,2.496704431698361],[31.5055665290703,2.4958022961393165],[31.495329117957773,2.4956005737528626],[31.49528830559375,2.4956066245769506],[31.478020218656145,2.5053885466572137],[31.477993277794926,2.5054156276904296],[31.467937619305204,2.5287928850340555],[31.46636746744716,2.533828852787913],[31.465942914022467,2.5364658438437258],[31.465074048922492,2.5458722529695414],[31.46481065941886,2.553004359463736],[31.4640812787411,2.556620069281121],[31.464,2.5575],[31.46387341015503,2.557650522253467],[31.463636096367306,2.558826941945198],[31.458652450586833,2.567059992514906],[31.454419106755612,2.569858680757842],[31.446707416916187,2.578495183604288],[31.447937403797578,2.579202108621735],[31.450436774185054,2.577668287682125]]],[[[31.462850885323533,2.560083395834982],[31.462850885959654,2.560083396131859],[31.462850885331168,2.560083395819126],[31.462850885323533,2.560083395834982]]]]}},{"type":"Feature","properties":{"n":"Lungulu","c":"328103","d":"Nwoya","od":"Nwoya","dc":"328","k":"LUNGULU","a":["LUNGULU"],"lat":2.69962,"lon":31.658661},"geometry":{"type":"Polygon","coordinates":[[[31.41410078799257,2.628428215536966],[31.4157422586921,2.630854416583007],[31.415498066266824,2.6313400262063924],[31.421653887932745,2.644168241985722],[31.423632785219095,2.646647105290667],[31.425443777314367,2.652066053424349],[31.4257,2.6526],[31.4404,2.6687],[31.440438569636168,2.6688664584297825],[31.441813043959883,2.671157779257089],[31.44181310833229,2.6747986780656836],[31.442249659761195,2.67668274212726],[31.442272052839773,2.676654356856865],[31.444558089334347,2.676899233533624],[31.444462292620628,2.6771070280168683],[31.447013748860904,2.677351316380299],[31.447257198301887,2.677084882427931],[31.447375103469767,2.6773859141619987],[31.45129874954835,2.677761582403565],[31.452246870570786,2.676418983536901],[31.453298840375396,2.6779530804614744],[31.4537344728863,2.6779947899571988],[31.456501020790537,2.676496106237233],[31.457197108929467,2.677774842841352],[31.45979398947991,2.6785749564395656],[31.461887376333557,2.678775387095766],[31.461854895359288,2.678125820588188],[31.461123666671522,2.677834258157014],[31.4615447780639,2.676960780312663],[31.462764997857647,2.677888468025275],[31.462803277983202,2.678863079806902],[31.464193766826796,2.6789962117174593],[31.464044148381685,2.678483577065379],[31.46504431614135,2.677466024999488],[31.46636951292381,2.678773344277515],[31.46614346142015,2.6791828846040566],[31.46947685584807,2.679502039389709],[31.46940979356027,2.679124918327963],[31.470242246756925,2.677875981625797],[31.470502582103585,2.6796015120426384],[31.474880826379263,2.6821653487806483],[31.476261096702704,2.681867403311102],[31.478897792766347,2.683324934240307],[31.48041423802721,2.683181977514979],[31.48024219110761,2.685121430357166],[31.48055641089309,2.68548888926172],[31.4816,2.6861],[31.481603836141495,2.68671378263943],[31.482942659553355,2.688279446569725],[31.481620295500637,2.6893472801020692],[31.48162565358488,2.6902045735808744],[31.48168176423906,2.690861876851427],[31.484275167254545,2.691444687619581],[31.485856825335333,2.695531309186936],[31.485197723724752,2.696715188815533],[31.482978573331884,2.697030636471572],[31.485613794113466,2.697608056825296],[31.484911885063664,2.69886281879225],[31.48557181228279,2.699386358885453],[31.482110588856,2.701229016603461],[31.481724313821864,2.7021221383746457],[31.485587769315497,2.7056399162714784],[31.487487922422652,2.705693651290431],[31.48770533889474,2.7075680190988973],[31.489519471918165,2.709219834957067],[31.489705031905192,2.708538909078593],[31.490693271860245,2.709713866950633],[31.49060890446356,2.710211791958928],[31.495050991152034,2.7142564287858004],[31.49595095330776,2.713790006990534],[31.4959776730659,2.7151001970547433],[31.49784784210399,2.7168030351788963],[31.498258238325086,2.716841579700341],[31.500584240185262,2.719294597642372],[31.50067952208434,2.7193813543189003],[31.502000582465154,2.718754121708054],[31.50205124778356,2.717279036709048],[31.50361572683469,2.717561619748255],[31.503949650471146,2.71971522452287],[31.508705020585527,2.719757434016278],[31.510606218779717,2.721387682343821],[31.512127768098843,2.721389889109727],[31.512792551163148,2.722819259543668],[31.514359635172497,2.722575610497815],[31.513980529625737,2.724105052101969],[31.514979249655326,2.723491761099572],[31.516165717726288,2.724396497459213],[31.51540617357666,2.725155944888223],[31.515435459618132,2.725262494686783],[31.5193,2.7268],[31.519652338125038,2.7271953061890652],[31.520039033627377,2.72728540673977],[31.51996406866404,2.727545052647458],[31.525773723984052,2.7340632025186915],[31.525790345996114,2.73406853281116],[31.5258172690263,2.7341120579319464],[31.5316,2.7406],[31.531600329483947,2.7406007536945234],[31.531611365485684,2.740587528632048],[31.53503434610184,2.741305932375618],[31.535465867183543,2.739062911311141],[31.537222205034677,2.739444358143503],[31.53859713908697,2.743835897448776],[31.536696575814126,2.744075517197204],[31.536313068709273,2.745980372729499],[31.53445997930513,2.746125719978481],[31.534289906679913,2.746753161530295],[31.535406433247516,2.749307216053695],[31.535664538200443,2.749140748573943],[31.53794896619411,2.751185334886284],[31.537239477594664,2.751944395151021],[31.536592243336752,2.7520197566328224],[31.5396,2.7589],[31.53979471760293,2.759061776655068],[31.543018991273346,2.760842264475845],[31.544635287914883,2.7630834534931914],[31.54713835545253,2.765163069755676],[31.54804367274407,2.763417504405336],[31.551141498445737,2.76540239479182],[31.550202976098298,2.767709239540315],[31.5662,2.781],[31.56629700937361,2.781022016311742],[31.56889986215013,2.779848776304511],[31.57103902445683,2.779887659002447],[31.571026256058794,2.77512024187232],[31.572541525278165,2.772544936639517],[31.5753445692872,2.771906824233941],[31.57725652892357,2.775092312721165],[31.57782127485854,2.781460576034221],[31.580349589236565,2.784212669455146],[31.580343478389402,2.7842356169832],[31.58522223901036,2.7882322400749078],[31.5865896761087,2.788001141511226],[31.58806780988875,2.790563298137645],[31.591555938395366,2.7934207318220343],[31.595667117440446,2.793276046395703],[31.600124091945233,2.796619800650869],[31.60026621568403,2.797379869414627],[31.597912698143205,2.7986281143460947],[31.6074,2.8064],[31.614673368944118,2.8027633155279403],[31.615022711301524,2.802403657097864],[31.61552585219967,2.8023370739001643],[31.6166,2.8018],[31.616963868382232,2.8021467738944765],[31.618794123359454,2.801904566931301],[31.620732474824514,2.803926216623398],[31.620976658586923,2.805705330023786],[31.622374511175487,2.806734481993908],[31.62216223895309,2.807100925713684],[31.623522597802847,2.808397375087278],[31.62589587142008,2.808328652581341],[31.62597247001113,2.810732152628059],[31.631438817900005,2.81594169222685],[31.63230250840213,2.814800203260953],[31.632212452049853,2.812588436242309],[31.634301579484134,2.812254562987659],[31.63412875661982,2.814716921110916],[31.6360265698322,2.815603817377075],[31.6361670666055,2.8159615879291726],[31.64250108625495,2.815909456080206],[31.644265324891766,2.813985331099307],[31.6458124274232,2.813569123327437],[31.647127731107503,2.8158713766987034],[31.649885368605958,2.815848680093778],[31.650429532245465,2.815319837182672],[31.651894436660623,2.8158321445542334],[31.651909390918075,2.815832021473925],[31.653329994938417,2.813776505894688],[31.653985701074177,2.8158149325014468],[31.655662405829656,2.8158011324623073],[31.65580671127585,2.815768507736159],[31.655809785706374,2.815765983020697],[31.656576576448238,2.8131004723466],[31.655752112017314,2.81319904402853],[31.657077832016956,2.8113580125124793],[31.6571999686249,2.8109334423991568],[31.656262282979117,2.808714443114245],[31.65865230781589,2.805884834735242],[31.659977933070188,2.801276708851247],[31.659975095474802,2.801194369435447],[31.664489544046162,2.799606545093474],[31.671859929515822,2.798855401508701],[31.6731482479429,2.800331066220963],[31.675385364540844,2.800749987388119],[31.67608334968782,2.802388769324752],[31.682979427221756,2.8028984794033476],[31.682978217388776,2.802884427048892],[31.684071791442996,2.802641037235106],[31.6849808428384,2.804496034846974],[31.687408470807352,2.805393979522306],[31.687559988535863,2.808207306541251],[31.689750719475263,2.809150723138233],[31.69142140531055,2.811385131504066],[31.690976806947972,2.813701349609197],[31.693173201923415,2.8168873357342],[31.693214514104504,2.8189516422844174],[31.702834821906887,2.8212676423109175],[31.70289144694806,2.821015644192356],[31.712037864888458,2.817545548533162],[31.71293016317159,2.815802721184586],[31.711728998397128,2.814643330478928],[31.712121167274848,2.813107866352231],[31.713174060913932,2.813589691890531],[31.714601734088752,2.812673601568036],[31.717106152923012,2.806742680987474],[31.71632682908948,2.805759361460254],[31.716358600361925,2.803447158094348],[31.722109164493094,2.803221265497531],[31.723233361152733,2.804030197229055],[31.725749005406243,2.802382596987198],[31.725844690897624,2.803250929522659],[31.72816334501948,2.802917089009882],[31.72849184149784,2.803976669122821],[31.72906886087968,2.803096368088611],[31.729830287940086,2.804155128817564],[31.730834577484842,2.803155926535424],[31.733571739790587,2.803923007648454],[31.73416166163206,2.802543013018707],[31.740490027345903,2.800425242446746],[31.74238190371661,2.80063350054208],[31.74314312582571,2.801513803421747],[31.747604104749307,2.801234265279877],[31.747753335382548,2.802203846355644],[31.74932377527124,2.802602406031114],[31.754676545810838,2.800901209455064],[31.756854765336143,2.80245368975641],[31.757778989314556,2.801224471711715],[31.75863341027013,2.801591138346112],[31.7581174585044,2.800821042275483],[31.7592163742416,2.800782122696922],[31.759276751403664,2.799734615022851],[31.760892898479018,2.7991076180345],[31.76309847656937,2.800326452407685],[31.765856917895743,2.800331692694356],[31.76759566522261,2.802438224348093],[31.772755297292736,2.804155723445335],[31.781511600021986,2.805059918602988],[31.78705570881777,2.804512677166503],[31.789839818058407,2.802632869945706],[31.793433370347213,2.798278005680688],[31.798905644031905,2.794566415174907],[31.801808507140112,2.790925924076486],[31.802050497226514,2.78747106159543],[31.80652388429669,2.785937743702104],[31.811625984694224,2.782367442320228],[31.816315388891418,2.781968143803067],[31.821778165810493,2.785244352425211],[31.822077222133238,2.784733312057138],[31.82367363499249,2.785578892749248],[31.824316326642588,2.784519949927638],[31.83164259845204,2.78140888885287],[31.835286450622206,2.778718012664053],[31.83645503034007,2.780571142227776],[31.851917920853122,2.779578111436056],[31.852671968177756,2.774761776943777],[31.855288498927617,2.776858169233387],[31.85977972760356,2.77783970034418],[31.861980727395903,2.777690981865855],[31.867067942381702,2.77489536960241],[31.874842220394527,2.776071805301011],[31.874056938758308,2.78282003306421],[31.872230274480177,2.784401991390428],[31.8982,2.7788],[31.908757386848148,2.793698742187573],[31.92171025740829,2.793448476226695],[31.92454161270909,2.794817954866154],[31.928732020608052,2.795163676357086],[31.92945585114734,2.7957921703985],[31.9328,2.7961],[31.962467320173335,2.784720753906118],[31.964949017148825,2.781281475988901],[31.963648955920018,2.78000054161503],[31.96365122454928,2.777468832745279],[31.966844278136172,2.773111621403233],[31.966226227635406,2.772197414969101],[31.963991006691167,2.771769691606956],[31.962966764377594,2.770257630842231],[31.96268408759064,2.767526779245218],[31.96040296391678,2.763173805807768],[31.95907063066983,2.762358525533831],[31.957547572964245,2.76350614418248],[31.95602451295744,2.761975918087221],[31.9530902014505,2.762377070617964],[31.95329852605567,2.760512397697839],[31.952060270335647,2.760293966233176],[31.95004289413437,2.754693733575342],[31.949185134097878,2.755889110152919],[31.94566332943904,2.755743088888079],[31.943927621444267,2.752965700149288],[31.944476861659105,2.75200816449258],[31.946522428080925,2.752345139122847],[31.945667454135553,2.75146033322926],[31.946212988611663,2.75098119129486],[31.948046458555865,2.751460964454773],[31.94978732571672,2.748111588516584],[31.952621247593058,2.745768786878122],[31.95376603805621,2.742993645443553],[31.95329257863755,2.74036007611253],[31.954863675551003,2.739763611152322],[31.953770648795167,2.737774038215022],[31.95501071240526,2.734881353798277],[31.952179958875984,2.7348308651479],[31.95187131477026,2.732990357347103],[31.9530848438341,2.73260599760306],[31.953658361562155,2.730883139796154],[31.955847170724685,2.730909152910713],[31.957681775329558,2.728708763883948],[31.957587471976318,2.727583948091898],[31.95492432313855,2.725667967774451],[31.953878856376647,2.722674388286491],[31.951903560583585,2.722840216524731],[31.950500137351682,2.721474750897431],[31.948548355944244,2.722071402084047],[31.947144934528165,2.720753829708196],[31.94652589634842,2.721160144183615],[31.94731020793682,2.722166073868959],[31.94688114760886,2.722931638695278],[31.943787671448685,2.722833018318467],[31.938579890891862,2.717539302379403],[31.93674652125415,2.717561043839897],[31.93582028602649,2.716052931038024],[31.933131669701353,2.714757789561727],[31.93166227187277,2.708151449004382],[31.930354853412,2.706307296897459],[31.927377947611003,2.707476923686074],[31.924382247188248,2.705153253913552],[31.92273934743841,2.705103113542795],[31.921351701171485,2.700585256878598],[31.9189253950783,2.699171039644968],[31.9177340410402,2.700151132410606],[31.913380359954736,2.698878869695499],[31.911424845541077,2.699853751517639],[31.909026066421458,2.702823324065923],[31.89983184348202,2.707163487601545],[31.894464248447736,2.708933592279976],[31.885726799878256,2.709847465433599],[31.881957719781255,2.711160889786786],[31.87984441126251,2.714758855427825],[31.8751618613827,2.71938436561517],[31.87459069547812,2.724067335013354],[31.873105976048762,2.727836196180948],[31.86724691541945,2.7357165003524],[31.86438939196236,2.735449268702228],[31.86044479751709,2.731186803194152],[31.860279010760475,2.729679015598458],[31.856782466358077,2.728024583477967],[31.85381085847503,2.724024760444508],[31.85031481027605,2.721412773131235],[31.84548281458044,2.721048603220334],[31.843106491191886,2.718366420590098],[31.83963360300528,2.716472410142836],[31.836897428603486,2.717641862347725],[31.834348051912922,2.717734603111491],[31.83220681136719,2.716654388921124],[31.832520393682053,2.713593635542518],[31.829666517707828,2.711652193062504],[31.828265019840696,2.708992099317511],[31.828745314542108,2.704186577217037],[31.83062639390264,2.703253033282698],[31.832416132403868,2.699090864464222],[31.846223345122002,2.695166791794654],[31.84487660331825,2.691005196225321],[31.84577211050017,2.687884786163699],[31.84940680801246,2.687065613464295],[31.853504088728336,2.683539336088926],[31.855733873932095,2.684548094191892],[31.863764550961143,2.679158618082858],[31.868618516903386,2.673126853831488],[31.871085088956097,2.67224862860424],[31.873996464434203,2.671848955077971],[31.876281270198007,2.672933957045382],[31.87902258059657,2.672877066913826],[31.879936143420597,2.674418947076367],[31.87947927162646,2.676360386234805],[31.88024764920686,2.677141632021096],[31.881035492033146,2.676761738808806],[31.88314976007693,2.678628128210563],[31.88641088019494,2.678152480390563],[31.88874217344931,2.678992236603532],[31.892051554094667,2.677320317620582],[31.895645051490416,2.677825798460196],[31.898906036729795,2.676225521153019],[31.900667654571674,2.676418363968738],[31.903074788958243,2.673669010519889],[31.90516821106519,2.673670074837834],[31.907049219050197,2.672666580530219],[31.90816772327401,2.66996472143012],[31.911311499398703,2.669989939897603],[31.915060052665094,2.666572137545189],[31.91874540522964,2.665502988882678],[31.91966883338742,2.665978079599615],[31.92026479641895,2.664847938326852],[31.922970075387614,2.665591310667201],[31.924100583273443,2.666751404036751],[31.927460123516116,2.664967200567832],[31.929722056813166,2.665472445284557],[31.93222024632849,2.663688179768192],[31.93510559033413,2.665175011125124],[31.94309395384457,2.664601778439304],[31.944168481513234,2.666561761727046],[31.94953427686888,2.666204836736488],[31.962483476541735,2.6609724126468],[31.971313140880877,2.662728422510986],[31.97724703397563,2.666268375881982],[31.99919954911981,2.666266005588917],[32.00182768734424,2.664421942704446],[32.00499693428006,2.667064645827004],[32.00886744868404,2.667905443963026],[32.007039908813745,2.666504419393537],[32.008586096391085,2.661672250236299],[32.012252471474746,2.660083342317622],[32.01511049249851,2.657464896889743],[32.01459415852298,2.651599808278296],[32.01713627146161,2.649356304775196],[32.01805828725228,2.646411730586254],[32.01758232963313,2.641771690628818],[32.01245473135196,2.634353005926724],[32.013137754345905,2.632662543187193],[32.02225842832561,2.631852633314955],[32.027498700498626,2.630113112312329],[32.0258843262975,2.626858153684671],[32.011705341578555,2.616711743959641],[32.00865377151572,2.618829238045956],[32.00778877354399,2.623185937188067],[31.99997650712963,2.632617962776799],[31.99167265889127,2.637720533377681],[31.987670369552983,2.63227142492442],[31.985217843708014,2.630644315340165],[31.98198678778645,2.629762961145012],[31.980132070652914,2.62828050330918],[31.97693567443488,2.628891797292743],[31.974890134500914,2.626795452051619],[31.973417885503984,2.626432187843271],[31.97309639994779,2.624518701575177],[31.97174394514948,2.624613896810983],[31.96950644197981,2.623034998448019],[31.965461291688477,2.622068559402826],[31.963584173322268,2.623400013440986],[31.96208538823865,2.626968739673142],[31.95902073635612,2.630699503713577],[31.957948418408925,2.630702581234301],[31.955836746045392,2.632695277898254],[31.9534574323781,2.636829229823586],[31.95148677543775,2.638225887231221],[31.94914161007851,2.636217268519992],[31.94478481741221,2.63463810148274],[31.94396290805049,2.632865974460503],[31.937323879585957,2.631991915926223],[31.93160475577972,2.633868448811505],[31.927704053057685,2.633711454397161],[31.92369136534764,2.631743871984618],[31.923690447894284,2.630740903675497],[31.920188834555844,2.62735481698232],[31.917692126452554,2.628139521925321],[31.91327615802014,2.626127635617674],[31.909922204064333,2.627517681204908],[31.90676072550264,2.627613764291146],[31.90405221651836,2.622284226506413],[31.901385284632887,2.620427546262296],[31.899389132306283,2.620544225103546],[31.898589619961047,2.619465712530053],[31.89901667170556,2.619104808373294],[31.897064169990884,2.617962736820133],[31.897061454575393,2.615620559726266],[31.895372253388025,2.6150495791588],[31.895012782858366,2.613592555624094],[31.892897154360437,2.613473749663482],[31.891490350680915,2.612304974186538],[31.887887461959682,2.613658482092913],[31.886198282988932,2.613259082262761],[31.88591363684522,2.614760042493879],[31.881419347785233,2.615597578771294],[31.880520461099497,2.619639895352915],[31.874968707463392,2.621163452085006],[31.873230016122896,2.620565190835971],[31.870163891424244,2.62255231170927],[31.867961403112798,2.62134736216951],[31.86655838910998,2.621852625298598],[31.86598885767286,2.622874230490754],[31.86679731293486,2.623996741282196],[31.864611177880477,2.624573513712948],[31.8635648335183,2.625838884601474],[31.86206393223067,2.623169149148234],[31.860611494279265,2.622947139170638],[31.86170439447262,2.621043152632358],[31.85859938948446,2.620560898194606],[31.857196696961505,2.621491287871036],[31.857077446237287,2.62254095886227],[31.853487931423746,2.623432526446575],[31.853942384993715,2.62588400179506],[31.851302810669416,2.626704551979977],[31.84817448612816,2.626530040798039],[31.84696020936068,2.625308977508768],[31.845846494854623,2.619707922447619],[31.841043345826645,2.621412945793386],[31.839405056411707,2.624061394005206],[31.83441975487811,2.622772653994852],[31.83290024106699,2.625349076958108],[31.831590748003105,2.624470543736562],[31.82878576177196,2.626113770793142],[31.827761224019017,2.625163381337306],[31.824751705968602,2.624816773692752],[31.821703756790956,2.62269738137687],[31.82056245053568,2.623890721492952],[31.81754285561999,2.624421073437485],[31.81463049973657,2.626109756938902],[31.813823297457922,2.627275695628184],[31.814632453207746,2.62782882576124],[31.81439429607057,2.628569377966644],[31.81077738688188,2.62661260832102],[31.80821052902677,2.627713620390727],[31.807005351066465,2.625505471072327],[31.805386724203515,2.624861708024684],[31.801652080167216,2.625129490702961],[31.798965311459455,2.626158021040453],[31.797339376812047,2.629421594400479],[31.79451133190355,2.631426746857637],[31.79073843872709,2.6308209534037825],[31.787801734839732,2.630439871538943],[31.783735399440832,2.631687757777107],[31.7837348080857,2.6316876367806374],[31.783734203512342,2.631687856109526],[31.781579977957296,2.6312467395533563],[31.78027138873763,2.6309789906709757],[31.781065309273462,2.632580951605774],[31.781114890418024,2.6326094581872903],[31.783778473621833,2.634139140405422],[31.78377733310854,2.6341402243739753],[31.783778092425205,2.634140660941598],[31.78259909920836,2.6352600434097977],[31.78115451736953,2.636633005299343],[31.780781158071196,2.6366527026938633],[31.777624223722114,2.636820213225991],[31.777624208806557,2.6368192545259013],[31.777620181416538,2.636819466999758],[31.77757552495674,2.6337530122959785],[31.77744013783556,2.63373543651817],[31.773924369372562,2.6332802235075228],[31.77390399756372,2.6332971311600857],[31.772848066237362,2.634174678251402],[31.77293781549179,2.637990693586938],[31.76797522653306,2.638311906856634],[31.766477287087874,2.639866598740865],[31.767269826687073,2.641937759378329],[31.767269606074098,2.6419380665866155],[31.767269669285866,2.641938231694874],[31.767021747399138,2.642283215091814],[31.76642602547755,2.643112770606793],[31.764085845677673,2.642830030407832],[31.759617183000337,2.640238696875346],[31.7489460417862,2.640318382507486],[31.747651285771266,2.641101435577123],[31.746931890091364,2.641536985859063],[31.746931689112753,2.6415366390948902],[31.746930459767622,2.641537382588233],[31.74575982426448,2.6395192385426283],[31.733427810209182,2.63983220367993],[31.733427738526768,2.6398321941480285],[31.733427380528877,2.639832203239708],[31.72664072670406,2.638929772669617],[31.725026502962294,2.638177380316056],[31.724652821160475,2.6368561106332797],[31.724009177720905,2.636264152806799],[31.720912224058598,2.633415930260231],[31.718689808188607,2.633697950331402],[31.716887267012545,2.633927069222979],[31.71688695494407,2.6339267287554593],[31.716885643262646,2.633926895205174],[31.715202079666994,2.6320891861944324],[31.71075509523372,2.633359520990513],[31.710754928018762,2.6333594998199543],[31.710754153812097,2.633359720983612],[31.708882121148864,2.633122626752449],[31.707433940688034,2.629593593962448],[31.702839484328816,2.6278123393938078],[31.701821461867638,2.627417707861006],[31.70084787554219,2.630667298363894],[31.700692495313294,2.6311870065966967],[31.703310674061107,2.633912761418336],[31.703310225222612,2.633914293764049],[31.70331033234709,2.633914405344754],[31.70289032886183,2.635347965829459],[31.702890285290753,2.6353479790693446],[31.702889563736047,2.635350442474947],[31.70189500403577,2.635650413881366],[31.701874034720802,2.635656785799654],[31.701873965420194,2.6356567593859155],[31.70187349646801,2.635656900827647],[31.70097959630421,2.635315873020034],[31.699877800774043,2.634895926638266],[31.699877629550887,2.634895466669115],[31.699876514578584,2.634895041301076],[31.699021860211655,2.63259682688338],[31.698150441171638,2.6321434204478247],[31.69674027506939,2.631409870164836],[31.696740222674443,2.6314096722591755],[31.696739857689995,2.63140948235479],[31.695979561044776,2.628541634081015],[31.691248671052957,2.62908820395395],[31.691248650052966,2.6290881952999383],[31.691248417208065,2.629088222211018],[31.687458362016272,2.627526232983039],[31.68592395986612,2.626893912084389],[31.682785645204056,2.626745770157669],[31.68102376765938,2.629140705726731],[31.678693030632896,2.629617596375317],[31.67788620866001,2.627129720382189],[31.675510324239607,2.624024562797472],[31.674353425896665,2.6228344446161778],[31.667600116264122,2.6158873604147916],[31.663740962153117,2.622619264756972],[31.663728615444988,2.6228271948320727],[31.663645031604794,2.624237115365601],[31.665451781470054,2.62471928072875],[31.66545107587431,2.6247210748387215],[31.665451843242316,2.624721280087453],[31.664738477885255,2.62653558483129],[31.664737465317657,2.626535563978008],[31.66473710091982,2.626536490528089],[31.65874577718913,2.6264121683998396],[31.657842789538343,2.626393571857286],[31.65784249538757,2.6263934249766785],[31.65784171079373,2.626393408696073],[31.656413342732577,2.6256797949994115],[31.654157890521283,2.624553562399518],[31.65333237316442,2.6253438538266045],[31.65315818063395,2.6255107657761054],[31.652204496845993,2.628756983845937],[31.64796012938113,2.629250113600015],[31.646497989977345,2.629420058772431],[31.646497926078656,2.6294199989742038],[31.646497281164688,2.629420073903217],[31.64431086448722,2.627373870512187],[31.640410683891275,2.628753158472518],[31.640410150122232,2.628752706030542],[31.64040987077335,2.628752804785481],[31.63922367670269,2.627748900494868],[31.637032237392447,2.631526146776815],[31.637031845501912,2.631525859557168],[31.63703175234498,2.631526020215317],[31.636654088161194,2.631248998239046],[31.635796317468788,2.630620331370269],[31.636701614409443,2.625601357972575],[31.632732490694767,2.624765235904116],[31.632009553777046,2.6249751014923834],[31.628452031597867,2.626008494874245],[31.62845118361176,2.6260080815902396],[31.62845108592472,2.626008109948381],[31.628276479553875,2.6259229358643705],[31.627168705307763,2.625383038603673],[31.625520173049445,2.6217925302438827],[31.625174541644135,2.621039885662088],[31.618565653722932,2.618843370723922],[31.611646816840715,2.619061756326105],[31.60907605742026,2.621826526617706],[31.609075073751825,2.6218264105349167],[31.609074849571144,2.621826651603433],[31.60303578282835,2.6211137133380467],[31.600564413136023,2.620822066806282],[31.59540606413952,2.6142141560889343],[31.59450294519794,2.6150261887906088],[31.594547815670808,2.617749347388679],[31.59454770692568,2.6177495833515056],[31.594547709205237,2.617749719962623],[31.59311934069882,2.620848987532439],[31.59311932526408,2.620848986393795],[31.593118927880475,2.620849848664704],[31.5881738486884,2.620484151209191],[31.5860348887753,2.620326356945521],[31.584367363679227,2.622712118170741],[31.582940679654644,2.622809979674008],[31.582940514496592,2.622809768998558],[31.582940479753372,2.622809771395359],[31.582819206340673,2.6226550284329364],[31.580279353834406,2.619415195047934],[31.57469362866646,2.617717615992369],[31.574675275507516,2.61771676027186],[31.570699373401187,2.617532152584212],[31.57069902422609,2.617531366586643],[31.57069874119212,2.617531353390115],[31.569119822824394,2.6139765642187793],[31.565903805312097,2.606737268043164],[31.56233746504813,2.6073134676320135],[31.562398221031003,2.6092280591440282],[31.56243019670413,2.610223869884616],[31.561037728711863,2.612190831555819],[31.560812527699692,2.612509052026067],[31.560812489289795,2.6125089985172996],[31.56081162851528,2.612510214423504],[31.559289659247806,2.610387546486228],[31.55886459364767,2.6097953882966163],[31.55614712774234,2.609466092553559],[31.555845088710498,2.609429556325618],[31.555844971732448,2.609429478041634],[31.555844796503344,2.609429456807808],[31.55370567917446,2.607997946480945],[31.55266305351641,2.603131895292657],[31.550921643562532,2.6045152230802966],[31.550381231015695,2.6049447642947516],[31.551615019558938,2.605806934780741],[31.551614456869647,2.6058096964656023],[31.55161501892311,2.60581008945596],[31.55100943026692,2.608779173293162],[31.550612820336216,2.610725738937532],[31.550612362087783,2.610725921636098],[31.550612329101295,2.610726083362458],[31.549318355544216,2.611241827688073],[31.547378292451807,2.612015309318102],[31.54698579408667,2.6118499624070846],[31.546238088675977,2.611535335402545],[31.546237912545948,2.611534904018185],[31.546237280105444,2.611534637591384],[31.545570852990945,2.609907930926819],[31.54483938616531,2.61066578028952],[31.54414512097055,2.611387489408892],[31.543868750613388,2.6113689933423125],[31.541388330482906,2.611203487234138],[31.54081536066607,2.612396557474289],[31.53856973927246,2.6125152357773067],[31.536798154460563,2.61260897533078],[31.536797947378837,2.6126088727794454],[31.536797146044353,2.612608915128978],[31.533136463553785,2.610796542303339],[31.53224750697547,2.61127619856506],[31.531282667607368,2.611797423537598],[31.531282068842273,2.611797122148043],[31.531281361354367,2.611797503888853],[31.52652792027487,2.609404239262953],[31.526622147849192,2.6079290851704595],[31.52431180738153,2.606853884611688],[31.524247767865546,2.606824113289963],[31.52315329878685,2.607402060668873],[31.522770886692715,2.609788701195681],[31.519132831769987,2.6092419520134817],[31.51911979123842,2.609245564328152],[31.516566570189475,2.609954059769892],[31.515723233705454,2.6114317054575507],[31.515613718353155,2.611624013972858],[31.515613575814175,2.6116238417083033],[31.51561278808543,2.61162522192131],[31.513284937194904,2.608809733010137],[31.512668594554828,2.6051825343498924],[31.511360522831165,2.6054969491726974],[31.510911234628306,2.605605143419078],[31.51124115166876,2.607468771883781],[31.510764516522652,2.608906214470111],[31.510098878984813,2.608805937423718],[31.507532546443805,2.606804017213616],[31.50753222660881,2.606803159989444],[31.507531950521837,2.606802944599472],[31.505017522203282,2.600063429231445],[31.503401709841583,2.599591470148844],[31.502116058061468,2.601307896170527],[31.502029515920462,2.6012930358582773],[31.501427907212893,2.60119084203693],[31.501428214576,2.601189785284266],[31.501426563215617,2.601189501726098],[31.502759656112307,2.596605604361527],[31.499828118065707,2.596213599514476],[31.49911230128446,2.597749973136875],[31.499109055649363,2.597747417968459],[31.49910810943828,2.59774943682803],[31.497315137917262,2.5963351329161317],[31.496972226242544,2.59606517124297],[31.494920872550342,2.5958820827398847],[31.49388799499013,2.5965863709055643],[31.49113488852375,2.598463939949799],[31.489421131970815,2.598706563755396],[31.488134682852976,2.600323399266751],[31.485995380634396,2.598313049130332],[31.48592375680142,2.596874565121017],[31.48453590359487,2.5965842587775123],[31.484469454611045,2.5982030349643885],[31.48446088220023,2.59841761682247],[31.484460647510335,2.5984175864004775],[31.484460559776867,2.598419723691984],[31.48306904557884,2.598240195186667],[31.483137931880243,2.599372866455162],[31.48317387020242,2.59995565419941],[31.483173400373047,2.599956061399821],[31.483173420212502,2.59995638761244],[31.482424165450382,2.600605675326375],[31.482424086757206,2.6006054903816627],[31.4824236022771,2.600605910279842],[31.480911749733927,2.597052096015858],[31.479769204932545,2.596939761123677],[31.479770892776394,2.5969359246188852],[31.479769209724232,2.596935756535487],[31.480448438646995,2.595394788619588],[31.480448937054103,2.595394715624698],[31.480449168958696,2.595394188500649],[31.482412419359154,2.5951052039223312],[31.482351981679912,2.5925075747758517],[31.482310433077092,2.590729553713772],[31.481992289066437,2.590169930740153],[31.480348278270828,2.591052951668869],[31.480497833285586,2.59196774295315],[31.480630958721942,2.592776689714139],[31.480630017064986,2.592776278658321],[31.48063073667491,2.592780680335445],[31.479099127338912,2.5921080086220543],[31.47906251981092,2.592092028559192],[31.478167318316824,2.593456002748431],[31.47816556090364,2.5934524563863106],[31.47816472718195,2.593453723291982],[31.476992581356683,2.591085618850396],[31.4769926285837,2.5910855441637723],[31.47699239117712,2.591085065090489],[31.477772941353745,2.589851527515345],[31.4786721187404,2.58842953378717],[31.47732014777589,2.586927770330496],[31.47656732465965,2.588389437811345],[31.475425097782008,2.5875292950625295],[31.474297580856135,2.5879131362720815],[31.473123183326194,2.5883133515640417],[31.473065881626063,2.5892523516482737],[31.473013977089106,2.590112532412471],[31.473013395359207,2.5901124414690893],[31.473013394047634,2.5901124629618],[31.472870308851235,2.5900900723748475],[31.469052597514846,2.58949323941078],[31.468766827326707,2.589746075137026],[31.468195909274222,2.59025145979617],[31.46819513537857,2.590844335826058],[31.468193578733707,2.592511450496205],[31.468192959115424,2.5925115557491023],[31.46819295805895,2.592512365107555],[31.466747408462524,2.5927571075654816],[31.466339232162156,2.592826443380009],[31.46633909328636,2.5928262384068383],[31.466336712644345,2.592826641467501],[31.464804783451203,2.590563795259744],[31.464805945721434,2.590563395418279],[31.464805936412137,2.590563381678258],[31.464809139929976,2.5905622965541877],[31.466160211569395,2.590097504074218],[31.465951765670578,2.5890432579207068],[31.465735559676816,2.58795238147874],[31.46570482730364,2.587922343131711],[31.464533117124063,2.5868309971961083],[31.45949208773848,2.586360926768828],[31.459491306426024,2.5863603220820113],[31.459490000093947,2.58636024243965],[31.459219816336553,2.586150205786899],[31.458241942369767,2.5853933926914845],[31.45723068980959,2.5861699632957995],[31.45642226506774,2.586791279076721],[31.455316752994012,2.586719194733405],[31.455064716473913,2.587902014863614],[31.453601454851924,2.587900218310268],[31.453601197835138,2.587899773252588],[31.453601078661947,2.587899773078693],[31.451109050833704,2.583584687290258],[31.451109236369582,2.5835846209011395],[31.451108437177076,2.583583236996342],[31.451564972082945,2.583421547901393],[31.45189299072019,2.583304175087326],[31.45214483087979,2.581901887176998],[31.45150490045645,2.580112349009851],[31.450279731971328,2.57965496594572],[31.450049365010273,2.579569262698958],[31.450049659485398,2.5795690746908724],[31.45004263536284,2.579566452427292],[31.451112602765736,2.578889090056707],[31.45111028792762,2.5788849085823653],[31.45020820773614,2.5778085550099266],[31.447938423600217,2.579201482786266],[31.44793834534149,2.579201549914079],[31.44793832925608,2.5792015406836524],[31.447937403797578,2.579202108621735],[31.446721109130657,2.5785030530938737],[31.44670740990432,2.57849519195242],[31.445544764325014,2.579444285205579],[31.4439,2.5814],[31.44219792206896,2.582176386424685],[31.441585904361666,2.58267598999016],[31.432517297231453,2.586689440501276],[31.431052372134335,2.5884846475986967],[31.417187848161813,2.6065346882421645],[31.415972066521903,2.609171724790479],[31.411661302915917,2.622021116308322],[31.412156683154667,2.6243768641964365],[31.41410078799257,2.628428215536966]]]}},{"type":"Feature","properties":{"n":"Anaka Town Council","c":"328104","d":"Nwoya","od":"Nwoya","dc":"328","k":"ANAKATOWNCOUNCIL","a":["ANAKA","ANAKATOWNCOUNCIL"],"lat":2.602656,"lon":31.956827},"geometry":{"type":"Polygon","coordinates":[[[31.891488516556848,2.612305663217373],[31.891490350680915,2.612304974186538],[31.89289647326452,2.6134731838075527],[31.893777748458593,2.6135232006081273],[31.895012782858366,2.613592555624094],[31.89501296787032,2.6135933055235925],[31.895013681925114,2.613593346049794],[31.895209290740365,2.6143890509838084],[31.89537221040525,2.6150494049389095],[31.89562799087894,2.615136023058305],[31.897061454575393,2.615620559726266],[31.89706145561337,2.615621455029419],[31.897061849144784,2.615621588295851],[31.89731213243055,2.618107776820081],[31.89901667170556,2.619104808373294],[31.89901593986117,2.619105426859663],[31.89901660552588,2.619105673538574],[31.89864506789927,2.6194188531233285],[31.898589619961047,2.619465712530053],[31.899388490860453,2.6205433598168555],[31.9004386842543,2.620482876826917],[31.901385284632887,2.620427546262296],[31.901386364166086,2.6204282978180355],[31.901386620270312,2.62042828306842],[31.904051158991695,2.622283419750378],[31.90405121442289,2.622283528861725],[31.90405221651836,2.622284226506413],[31.90676072550264,2.627613764291146],[31.909922204064333,2.627517681204908],[31.91327615802014,2.626127635617674],[31.9132764672625,2.626127776506469],[31.91327665679111,2.626127697943851],[31.91536177099928,2.6270778272370214],[31.91769212222469,2.6281395199991344],[31.920187626451476,2.627355022943259],[31.920187762004662,2.6273551540806825],[31.920188834555844,2.62735481698232],[31.923690447894284,2.630740903675497],[31.923691287646772,2.6316589286942005],[31.923691561319853,2.6317439680776866],[31.92770389739409,2.6337113780690307],[31.9307123727749,2.6338325324248446],[31.93160475577972,2.633868448811505],[31.937323879585957,2.631991915926223],[31.937324099204055,2.6319919448399522],[31.937324131160974,2.631991934354835],[31.93775110223281,2.6320481617463027],[31.94396290805049,2.632865974460503],[31.943963013637646,2.632866202118031],[31.94396367365411,2.632866289034936],[31.94478520486268,2.63463824191839],[31.94914161007851,2.636217268519992],[31.95148612646817,2.6382253313930404],[31.95303991456243,2.6371251358933514],[31.9534574323781,2.636829229823586],[31.955836746045392,2.632695277898254],[31.9558370554828,2.6326949858951476],[31.9558370557897,2.632694985361952],[31.955841250062377,2.632691027646287],[31.957948418408925,2.630702581234301],[31.95902073635612,2.630699503713577],[31.962085255414408,2.6269689013671673],[31.96243547402139,2.626135157640584],[31.963584173322268,2.623400013440986],[31.96358447666451,2.623399798278074],[31.963584539309785,2.623399649142351],[31.964186497380403,2.622972780500368],[31.965461291688477,2.622068559402826],[31.965461525569452,2.6220686152800345],[31.965461604000208,2.622068559662158],[31.966371349095294,2.622285983960128],[31.96950644197981,2.623034998448019],[31.97174389202252,2.624613859321843],[31.97177480436903,2.6246117247230982],[31.97309639994779,2.624518701575177],[31.973415517908272,2.6264180958823835],[31.973417903790793,2.6264321923553773],[31.97483766168238,2.626782504855238],[31.974889335335487,2.626795224195346],[31.974889374758682,2.6267952645920514],[31.974890134500914,2.626795452051619],[31.976935655878417,2.6288917782753916],[31.9771120768989,2.628858061248277],[31.980132070652914,2.62828050330918],[31.98013246068456,2.628280815057779],[31.980132748500168,2.628280760051371],[31.981420554519964,2.6293103762588124],[31.98198667614701,2.6297628719126642],[31.983593741027683,2.6302012992657247],[31.985217843708014,2.630644315340165],[31.98524232619886,2.6306605580621674],[31.987669736839546,2.632270883533539],[31.9876699107303,2.6322711205220064],[31.987670369552983,2.63227142492442],[31.991672435420025,2.6377202291220514],[31.9973966952632,2.6342032123872947],[31.99997644570675,2.632618000520093],[32.00132831452507,2.6309858778902226],[32.00778848450315,2.6231862861573014],[32.008040072710266,2.6219202291773063],[32.00865377151572,2.618829238045956],[32.011705341578555,2.616711743959641],[32.01178333726158,2.616767557275789],[32.01188157495689,2.616702827008533],[32.011151648591714,2.61568005803234],[32.010708064662886,2.608786804378354],[32.008662822077895,2.607759260036453],[32.00755863359021,2.608754368427685],[32.007732252376094,2.606663432114114],[32.00919735682632,2.605027220327345],[32.008855835063436,2.603752259465465],[32.009463854958824,2.60331401128293],[32.00835096648415,2.601337913040207],[32.007584182941606,2.6016222823038175],[32.00565733794961,2.60233718899163],[32.005656831345085,2.6023370597133586],[32.005656800318654,2.602337071219817],[32.00489610874129,2.602142934121752],[31.999727448494063,2.6008239655209726],[31.99915269259432,2.6011789709760005],[31.99738632896454,2.602270565234667],[31.993455461731195,2.602470440837676],[31.993455338460077,2.6024703972297027],[31.993455231573424,2.602470402670074],[31.993028688614903,2.6023194670236043],[31.990657117248723,2.601480507958879],[31.99065705917858,2.601480246928641],[31.990656624710194,2.601480093188518],[31.990163226922906,2.5992604288091288],[31.989756841939077,2.597433693636948],[31.988119097463358,2.597276908377965],[31.98702080653334,2.597171975094823],[31.98474838229331,2.594958975234619],[31.98474846024622,2.594958695101446],[31.984748197424988,2.594958439119001],[31.985985631314076,2.5905127716240224],[31.986042826643516,2.590307233307964],[31.985969979763993,2.5899737525698576],[31.98554793173569,2.588042071824258],[31.98052302230655,2.582913966372435],[31.980316772548893,2.5828230587635552],[31.97764031897597,2.5816434002155555],[31.972480220278648,2.580975878481602],[31.969919158109672,2.570654506467761],[31.959387530009046,2.571070320552701],[31.955687468959585,2.570427863756787],[31.95038123106737,2.567332681140132],[31.948314775501213,2.567077800075463],[31.946940899659044,2.5690482831115404],[31.94691877572666,2.569483818226546],[31.946711133967653,2.57359439494019],[31.941319332638223,2.575648161475485],[31.941318522292818,2.5756477710128576],[31.941317719919443,2.575648076589717],[31.940185614888605,2.5751018828043812],[31.939756724732952,2.5748952233034976],[31.938495585117185,2.5749939350616056],[31.937567868108115,2.575066580479345],[31.93744540967818,2.5751200390914715],[31.93003712855206,2.578355089281524],[31.92788278976191,2.574799420290634],[31.923243114637117,2.571672988062311],[31.91753555447671,2.5709660519159176],[31.912788560672254,2.571844062531663],[31.912788321771306,2.571843901130196],[31.912787571047605,2.571844039959834],[31.910819819426298,2.570514026382938],[31.910819819921258,2.570513981397245],[31.910819755700334,2.570513938009593],[31.908605399725953,2.573629719519138],[31.90532179809102,2.582814313680621],[31.907481273436513,2.587849085403796],[31.904287587590623,2.592642252692579],[31.9032258400739,2.59647330382767],[31.904600650281523,2.602841472818593],[31.904086581979918,2.606030353510554],[31.903206891291948,2.606101492256604],[31.903383879873353,2.607224258207933],[31.90253730015168,2.607908451144017],[31.900825265999963,2.608241398043033],[31.900824311790213,2.609999773219373],[31.898052719967275,2.608370592467855],[31.893507971497353,2.607684492835825],[31.89193884890022,2.610062020850975],[31.889869815570897,2.610232117686051],[31.889586084542504,2.611497731787663],[31.888730060121524,2.611832151906051],[31.88934943733068,2.612592514317154],[31.891488516556848,2.612305663217373]]]}},{"type":"Feature","properties":{"n":"Purongo","c":"328105","d":"Nwoya","od":"Nwoya","dc":"328","k":"PURONGO","a":["PURONGO"],"lat":2.425284,"lon":31.743908},"geometry":{"type":"Polygon","coordinates":[[[31.3504,2.271],[31.3679,2.2904],[31.388742686802086,2.3083915645508566],[31.389106728927104,2.308679081404386],[31.38953827935571,2.308973924597319],[31.4091,2.3212],[31.4393,2.3332],[31.439706604409096,2.333508749406079],[31.454306078668175,2.342494774065055],[31.462456130897912,2.350124733133228],[31.46337098510812,2.3514779679451716],[31.4634,2.3515],[31.463435433602324,2.3515732989224567],[31.46861991427445,2.359242083357256],[31.473606315504757,2.372614620524665],[31.47626682458657,2.39286733471136],[31.47691777203495,2.420750470431732],[31.47691946042764,2.420756359420307],[31.484038303696607,2.4413732691473213],[31.485290563570366,2.443635914654726],[31.497763725666328,2.4551219919805045],[31.504429889543648,2.457825361616544],[31.50447832550175,2.457702112824311],[31.506053371928573,2.453693275380363],[31.51536117753352,2.448750341703125],[31.515361379186224,2.4487504588877687],[31.51536144800191,2.448750422344098],[31.518932255146172,2.4508255702942585],[31.525799473528778,2.454816255872933],[31.52902722500168,2.45574028684367],[31.540735520445775,2.4590920821949553],[31.542203440494642,2.4591817998638987],[31.54910949013281,2.459603798889872],[31.549109732815964,2.459603904901968],[31.549109871486035,2.459603913377331],[31.552847284652195,2.4612365922122694],[31.556742919864735,2.462938335614306],[31.557188093150476,2.469303890522226],[31.558707332931235,2.4727040887284697],[31.55975153177635,2.4739949160149552],[31.563221584490393,2.478284407079209],[31.564185340352584,2.482605042585051],[31.56431070941609,2.4831670333635127],[31.567534919306194,2.4866465185838016],[31.568350442094363,2.487526562936705],[31.568350497611448,2.4875266699250123],[31.568350742366295,2.487526934058213],[31.57502257962587,2.500384577074967],[31.576377519739726,2.501534687616756],[31.586057260993282,2.505182613819662],[31.590384208098882,2.508441912303373],[31.590442073206336,2.508494811515304],[31.5934500248766,2.511244570316645],[31.593450044688062,2.5112446434588533],[31.59345037930781,2.511244949362045],[31.5940878439414,2.5135993432866717],[31.594208673613654,2.514045436014064],[31.59976934476807,2.5207282263488535],[31.60467451746663,2.5230632645038438],[31.60571454564139,2.523558333012206],[31.61461042190058,2.534413344593546],[31.614610442128857,2.534413434243141],[31.614610618191765,2.534413649080956],[31.616989935260854,2.54495907056184],[31.61698993624491,2.5449591021842983],[31.616989945193684,2.544959141844327],[31.617462264718387,2.560136952296939],[31.620805983996515,2.564734240189428],[31.627862305282733,2.569406657028536],[31.630076153748956,2.5693312562231956],[31.63251877593257,2.5690754348373432],[31.63920291697229,2.565495954875011],[31.639205935602195,2.565494280710986],[31.63920606094312,2.5654942712210427],[31.639206105181415,2.565494247530625],[31.647776911863886,2.564845341176021],[31.660252006791143,2.561964591912543],[31.660252157897446,2.561964595903561],[31.660252251282245,2.561964574339295],[31.661802522109056,2.562005544101141],[31.66414207096274,2.562067336232302],[31.6641421650857,2.5620673749850753],[31.664142221402894,2.562067376473397],[31.671654794885406,2.5651604971920654],[31.673826415883198,2.5652463060482598],[31.675271621879357,2.5653033825041667],[31.69678406518955,2.559035697428255],[31.69875588670876,2.558461201906736],[31.69875589754923,2.558461200888055],[31.698756000919598,2.558461170770931],[31.705580519171043,2.5578198481189482],[31.72709630872219,2.548349762172953],[31.727096333961153,2.5483497660152996],[31.727096409853555,2.54834973261157],[31.72797646223059,2.5484837555646185],[31.729790814393134,2.548759970108575],[31.729790946163714,2.5487600828620867],[31.729791141604093,2.548760112625652],[31.731672087337365,2.550368986454923],[31.73332000781569,2.549894703913643],[31.735084542363428,2.546402465997352],[31.738542047438393,2.545982438733496],[31.73879694196987,2.545951453393957],[31.740227381151218,2.543224639249506],[31.742131890793836,2.542077953514796],[31.74280076041499,2.538635169945785],[31.74109137935593,2.535615241001968],[31.74123782823819,2.53181026919162],[31.741238148453004,2.5318100493056774],[31.741238154725718,2.531809886635869],[31.747046605134845,2.5278200457787574],[31.745410837709894,2.5222173506472587],[31.745310454910793,2.5220823225040636],[31.744127898348175,2.520493439699311],[31.74412847790992,2.5204924070886703],[31.744127988975475,2.520491749407166],[31.74485557190853,2.5191969368364604],[31.745081167403402,2.51879499121018],[31.743778001233423,2.513193850544101],[31.743778336483047,2.513193445760463],[31.743778335348487,2.513193440882708],[31.747140975572233,2.508769119955361],[31.747055232194707,2.508158203763661],[31.744524256366155,2.504124611498207],[31.742289766380438,2.502424386570183],[31.742766413764397,2.501035741019135],[31.74110408364242,2.497684211087641],[31.74200985310077,2.495937580715745],[31.740538125698663,2.492273916318068],[31.741419847174377,2.490839586794166],[31.740422706846402,2.49035687731324],[31.741305162026237,2.489789877356155],[31.743155093105177,2.49208597700057],[31.74289314384632,2.492899108655064],[31.747678422538044,2.491229095502847],[31.74862729593505,2.493167859150444],[31.750244212423848,2.494318123760906],[31.7517692112663,2.492069899946457],[31.752725743511185,2.487882971227413],[31.755794992261126,2.485923850978133],[31.756794391510144,2.487144854849752],[31.759912081333468,2.486358129889376],[31.76003242858387,2.484683920489054],[31.761486736256494,2.482817329881007],[31.763486966583983,2.48080902302725],[31.766485650830322,2.479615485710835],[31.766939544873694,2.477677451099801],[31.76950945837357,2.477512315261245],[31.771795510946806,2.476007021997601],[31.77714530653162,2.479792963087812],[31.777481012892913,2.478094473139602],[31.781025372562794,2.478049535356297],[31.782431751505147,2.476471122141469],[31.78395286253359,2.477047106523349],[31.78518895509297,2.476426319617621],[31.792516749810034,2.479472121244124],[31.795896719364933,2.478182889816447],[31.797969860118744,2.475122085460771],[31.800752935265123,2.475411833466997],[31.804010307465955,2.478549270327612],[31.805841875379866,2.479221035380648],[31.811199172940768,2.475707859977671],[31.81754997013592,2.477915340943939],[31.8224994153582,2.477488978294665],[31.825852927528974,2.479310835054084],[31.83444327031406,2.478959506668826],[31.83560955786132,2.476855652630007],[31.839776100615467,2.475852918298894],[31.8418257812253,2.471332753124797],[31.84304039490324,2.470543209259872],[31.844658392583742,2.47071180498162],[31.846706069707817,2.469325890852178],[31.8529653657727,2.467679638699332],[31.856177199687366,2.468352473306091],[31.858820845946635,2.465483072964136],[31.862152496436416,2.46474403211905],[31.862198279384693,2.467041420852017],[31.863766629480494,2.468383196880307],[31.86314774925197,2.469770558054699],[31.864550302633017,2.471491995316204],[31.86098078529236,2.471683309548607],[31.862453868289048,2.474316414546425],[31.861097001214933,2.474914316316252],[31.85937962846342,2.479747213722299],[31.860306847243763,2.480657454125606],[31.86078105369353,2.480155308936828],[31.86154394211347,2.48094571650621],[31.863495331606373,2.481021188672189],[31.863135868811025,2.483651366757814],[31.864514688263053,2.485113969400429],[31.863490838449863,2.485973268686291],[31.86415471545549,2.488630358383261],[31.863154093746648,2.49018511974272],[31.86565108769201,2.49131144503499],[31.864627181034646,2.492771129484104],[31.866546731761304,2.498798528865423],[31.859812505699896,2.502076732666759],[31.859454106633848,2.503775630652148],[31.86014255366693,2.50490231807963],[31.858282130625433,2.510691124750803],[31.859352917905042,2.51105197846531],[31.860989189343794,2.517179244918223],[31.862960799886547,2.520099859452023],[31.862340712871152,2.522732803317258],[31.865050252821714,2.526396879461613],[31.868380676187122,2.528102167145058],[31.87051979854537,2.539646118132451],[31.87635790723243,2.537268968652238],[31.871402582132298,2.541364107297753],[31.86879711668693,2.548145358687076],[31.866298003309037,2.552286379173733],[31.85509245109814,2.559439272891436],[31.84816801550368,2.561473905336577],[31.845312666323625,2.564472023581942],[31.84650319477035,2.568429498363766],[31.845881670888453,2.576373045848524],[31.845095812800047,2.57726467581832],[31.837387536335818,2.578085957325873],[31.836174010181953,2.579692086548263],[31.83667369243699,2.583903339661355],[31.836145045018316,2.585747906867108],[31.835559544758283,2.585250831988608],[31.8343919801842,2.587152205164991],[31.82885819285275,2.588583058220716],[31.82409967256098,2.587310310556601],[31.82243147092526,2.589151412958556],[31.82140906681992,2.588887362545901],[31.816457230024064,2.591443245847238],[31.815006199002315,2.590580540519166],[31.810875369340128,2.592850200695635],[31.81077844724205,2.594452808513848],[31.808802124554735,2.59598335197907],[31.80811076819532,2.598278968896946],[31.807229164092814,2.598518663243114],[31.80775077633738,2.599860093514553],[31.80627610097859,2.599786161345053],[31.802605805143862,2.605215503361779],[31.800296787378674,2.606481439031619],[31.8003412896772,2.608636140372585],[31.798200073349022,2.60963838535899],[31.79831932701914,2.608920612288429],[31.797272162246358,2.609039263461833],[31.79767526534535,2.610165319792896],[31.795269076391428,2.613392960901047],[31.795458166412516,2.615162787308903],[31.794267777559867,2.615306559442237],[31.795051513029538,2.61690877973214],[31.793931462072035,2.618608846470595],[31.795169288347104,2.618850930150646],[31.79587807539648,2.622967543131506],[31.794450684360843,2.623108574632485],[31.79416392665223,2.624352757079484],[31.795160545567086,2.6253817140539364],[31.79516240479626,2.625382800887256],[31.795161772398586,2.6253829806933813],[31.795161993083774,2.625383208539311],[31.795158806994312,2.625383823830339],[31.792986123505695,2.6260015708814546],[31.79209380556731,2.628336741053746],[31.79209003880111,2.6283475120446234],[31.793350199489577,2.628874613291168],[31.79335005101304,2.62887494272302],[31.793350467673278,2.628875116987383],[31.792403179517606,2.6309758108654657],[31.79237713281796,2.631033601898105],[31.79449624178702,2.631424323917632],[31.79451132929992,2.6314267464395855],[31.79453331359043,2.6314111613082956],[31.797339376812047,2.629421594400479],[31.798965311459455,2.626158021040453],[31.79896561113624,2.626157906320245],[31.79896568140217,2.626157765280586],[31.801651545892618,2.625129634414632],[31.801651741396526,2.6251296203888286],[31.801652080167216,2.625129490702961],[31.804321564923423,2.624938082426646],[31.805386458938766,2.624861685006523],[31.80538654849121,2.6248617206236657],[31.805386724203515,2.624861708024684],[31.807005351066465,2.625505471072327],[31.808210315921244,2.627713229934844],[31.81002883642854,2.6269336869044224],[31.81077738688188,2.62661260832102],[31.810777591432725,2.626612718984257],[31.810777637567853,2.626612699207566],[31.81439438455213,2.6285691028322766],[31.814632453207746,2.62782882576124],[31.813823297457922,2.627275695628184],[31.813824738830366,2.62727361368176],[31.813823582062486,2.627272819554701],[31.814630185970866,2.626110080162601],[31.814630336325443,2.626109992973112],[31.81463049973657,2.626109756938902],[31.817054079476062,2.624704482554769],[31.817542215454758,2.624421416173148],[31.817542285878382,2.624421403793146],[31.81754285561999,2.624421073437485],[31.819013592168346,2.6241627579978],[31.820562729251463,2.6238904300700963],[31.821703756790956,2.62269738137687],[31.821704334279534,2.622697782933714],[31.821704828203877,2.622697266698835],[31.824438884974033,2.6245992535264064],[31.824751705968602,2.624816773692752],[31.825588384095827,2.6249131343159715],[31.827760149331535,2.625163053570273],[31.82776040044152,2.6251632864854884],[31.827761224019017,2.625163381337306],[31.82878576177196,2.626113770793142],[31.831590748003105,2.624470543736562],[31.83159110171868,2.6244707810428074],[31.831591330855385,2.62447064682746],[31.832706220984466,2.625218909725576],[31.83290024106699,2.625349076958108],[31.83441975487811,2.622772653994852],[31.834420475872495,2.6227728403776225],[31.834420683413885,2.622772488650485],[31.837148826588056,2.623478140690096],[31.839405056411707,2.624061394005206],[31.84088990667134,2.621660994552529],[31.841043240028938,2.621413052140266],[31.84104329266611,2.621413031732364],[31.841043345826645,2.621412945793386],[31.84104534188351,2.621412237232495],[31.84541883651926,2.619716594340961],[31.84559242816334,2.619798111121237],[31.845846494854623,2.619707922447619],[31.84589244115462,2.6199389940146536],[31.846192418258862,2.620079860055899],[31.84706598629818,2.6254153456273808],[31.84817448612816,2.626530040798039],[31.851302810669416,2.626704551979977],[31.853942384993715,2.62588400179506],[31.853487931423746,2.623432526446575],[31.85348888518078,2.623432289551368],[31.85348875898046,2.62343160798273],[31.857077459823106,2.622540839276915],[31.857196696961505,2.621491287871036],[31.85859938948446,2.620560898194606],[31.858599502626557,2.620560915767292],[31.858599528929783,2.620560898322384],[31.858822342289567,2.6205955261517535],[31.86170439447262,2.621043152632358],[31.86170424771025,2.621043408313142],[31.86170447139665,2.621043443076652],[31.86061420244722,2.6229475531231286],[31.86206393223067,2.623169149148234],[31.862846904913305,2.6245618656093224],[31.8635654224745,2.6258381723617377],[31.864611177880477,2.624573513712948],[31.86679731293486,2.623996741282196],[31.86598885767286,2.622874230490754],[31.865989613926427,2.622872873950064],[31.86598952036032,2.622872744048861],[31.865989842935868,2.6228724631610922],[31.86655838910998,2.621852625298598],[31.867586057115275,2.6214825343722232],[31.867607682256523,2.62146370393783],[31.867621730281297,2.621469687504371],[31.867961403112798,2.62134736216951],[31.870163837873456,2.622552282412406],[31.870364857553724,2.622422067824899],[31.873230016122896,2.620565190835971],[31.873230935847825,2.620565507301448],[31.873231399993834,2.620565206641428],[31.873887549410636,2.6207914395535226],[31.87496859354681,2.621163412887781],[31.876411069060207,2.620767627654569],[31.880520461099497,2.619639895352915],[31.881419347785233,2.615597578771294],[31.88591363684522,2.614760042493879],[31.886198282988932,2.613259082262761],[31.887887461959682,2.613658482092913],[31.887888731596743,2.613658005124588],[31.889361613799743,2.612800571807689],[31.888733629028277,2.6118365331821165],[31.888730060121524,2.611832151906051],[31.889586039967217,2.6114977492017366],[31.88959489956816,2.611458411376227],[31.889869815570897,2.610232117686051],[31.89193884890022,2.610062020850975],[31.892552881046715,2.6091316419034283],[31.89350700773255,2.607684968612373],[31.89350759864702,2.6076850577770965],[31.893507971497353,2.607684492835825],[31.898052719967275,2.608370592467855],[31.898053386613423,2.6083709843318608],[31.898053681705832,2.608371028859173],[31.898363228259225,2.608553113619867],[31.90082373301051,2.609999433004505],[31.90082504403701,2.6086504214756805],[31.900825265999963,2.608241398043033],[31.900825441576476,2.608241363897887],[31.90082544168709,2.608241250078836],[31.90337797436108,2.6072290309536967],[31.903383879873353,2.607224258207933],[31.90338383823782,2.6072239940837783],[31.903159439995466,2.606208665074224],[31.903221895040243,2.606196671830301],[31.903206891291948,2.606101492256604],[31.904086581979918,2.606030353510554],[31.90453676050974,2.603237795367609],[31.903228968429016,2.596487794478033],[31.9032258400739,2.59647330382767],[31.904287587590623,2.592642252692579],[31.907480814115655,2.587849774764559],[31.906293059463618,2.5850787893111327],[31.90532179809102,2.582814313680621],[31.90855514016664,2.573770301022725],[31.90860535019729,2.573629845591805],[31.908605358254306,2.5736298355198883],[31.908605399725953,2.573629719519138],[31.910476174356532,2.5709973853010077],[31.910826508771223,2.5699060476796856],[31.910848053517224,2.5679478967869382],[31.900907080994468,2.551064476459297],[31.89742456987985,2.546975840875036],[31.897425526707135,2.5469741460054682],[31.89742538648884,2.546973981270472],[31.901329279467777,2.540059259860754],[31.904394711690106,2.5346293271520413],[31.90504896147954,2.5288005316340665],[31.90408988378515,2.523192258350918],[31.904092171849136,2.5231894396168477],[31.904092145478753,2.523189284978356],[31.91513794645186,2.5095818213893084],[31.935885433706044,2.484022374823558],[31.934052209880175,2.4800022118310046],[31.934049292120598,2.479995821303255],[31.934049290822628,2.479995810492029],[31.934049176023034,2.479995558742588],[31.93322114733358,2.473101774215245],[31.931234407111653,2.470360033224263],[31.930827986842793,2.469799235843179],[31.930827984962736,2.469799162581471],[31.93082752638426,2.46979852973406],[31.930642148522935,2.462625208393483],[31.931236784564025,2.462336230993271],[31.93259930015852,2.463563888824107],[31.93357733977992,2.4644446083667555],[31.937428798968444,2.465274928411483],[31.939689753018325,2.464858725879908],[31.939690349567126,2.464859448621866],[31.939690436115686,2.464859432710986],[31.940492328121532,2.465831076676313],[31.942783049774384,2.468606374607423],[31.945503197746937,2.4762699450463352],[31.95164617126594,2.4815146188728496],[31.95346673723561,2.4817249641305277],[31.954739511156514,2.481871822878082],[31.963870553570615,2.478242990145301],[31.964019618169846,2.4781837465267],[31.964019631472492,2.4781837440323664],[31.964019680954166,2.478183724367502],[31.968302733050173,2.477380529688821],[31.97812989564628,2.472106102454747],[31.979006396689915,2.469564792545041],[31.983238199470627,2.467818979054563],[31.984760465259313,2.4653518798112004],[31.987378215689947,2.461109318839764],[31.994866256333605,2.457917521523325],[31.995927266715363,2.4544359828323854],[31.99593833113085,2.453578418520304],[31.99558604588585,2.451893463057639],[31.995964843301184,2.4515235525278296],[31.99596625017259,2.451414510824738],[31.998512451884896,2.449035712846775],[31.99855721536148,2.448991999556586],[31.999608605453425,2.448957428524541],[31.999633090059746,2.44895660953495],[32.00004665378376,2.447535948351689],[32.00159558855101,2.448034139831654],[32.004712581702464,2.446796849492159],[32.005807132789705,2.445416765392976],[32.00464125224445,2.441323858935676],[32.005260748797596,2.439109803916422],[32.00721101495636,2.436826913085976],[32.00734088435506,2.431102934770518],[32.00862580219454,2.431387262692541],[32.00895985126584,2.430003500598123],[32.00593873004131,2.426765907393953],[32.00684428425063,2.426060862908748],[32.0094958208795,2.426744883233917],[32.00924748552987,2.424507286515589],[32.0141038180805,2.421889616342475],[32.01378361497823,2.42056127598263],[32.01650740053243,2.421520397423455],[32.01938697235789,2.42072085855342],[32.021897153344824,2.421320886900192],[32.028434410808615,2.413068849067054],[32.030300914562154,2.414115350023115],[32.0317582338794,2.413518151883664],[32.036539861777975,2.41682793623968],[32.03831017713187,2.416471018370407],[32.04003414320223,2.414560635930366],[32.04347132296492,2.415987123200989],[32.04516184821849,2.415414285153897],[32.047776164990104,2.417556700697881],[32.04732430865686,2.418634562416807],[32.051952959574194,2.417632760313878],[32.05365239908733,2.418004415577995],[32.054449018075914,2.421523644370386],[32.05612634982105,2.421871863924624],[32.059066064347306,2.420258780720799],[32.06022005115425,2.420426768019567],[32.061352122243406,2.418393128884068],[32.06388435347474,2.420895982087083],[32.065193072774484,2.420765294649455],[32.06668347707381,2.417534961752434],[32.068942775505796,2.418135083563918],[32.070775644783616,2.416126555793651],[32.071335331879936,2.416509203437235],[32.07226463397739,2.414642855227866],[32.07170622410258,2.413494122932732],[32.07439517816649,2.413363951767395],[32.075413533591544,2.41170732150934],[32.07479942079816,2.411166895089818],[32.07748461295038,2.410440098339558],[32.078545197273094,2.409339554168059],[32.08181461549906,2.411579922048976],[32.085158731118305,2.409930795219619],[32.089488953540915,2.411130358808322],[32.09170267842366,2.410006933359917],[32.09285761718662,2.408380299951836],[32.094261691326615,2.40850078114488],[32.09701314939033,2.403823441429209],[32.096634424650745,2.401489197969372],[32.0987412076175,2.399420654603495],[32.09808770303973,2.398631190875491],[32.09853979366554,2.397590758426883],[32.10106267104553,2.397256121383986],[32.102778191390726,2.395701427751484],[32.107333655978245,2.395848119688922],[32.108710286062625,2.391610177383638],[32.11192239703511,2.38816014243571],[32.112696628305784,2.386255743215126],[32.11757321397023,2.382211785398832],[32.12262997278422,2.381497649385029],[32.130898442460015,2.373467222935944],[32.13524111621107,2.373347995667335],[32.14184424597692,2.369183881023617],[32.14547187406755,2.368053816962703],[32.150707616676854,2.370195208934511],[32.15623986043969,2.370373669847851],[32.157845993306246,2.369362398534881],[32.16468695936551,2.361034302718773],[32.17069490736747,2.355859153129474],[32.18027242302583,2.351694920433661],[32.1973453019089,2.347233378293143],[32.21947380454487,2.343842720470693],[32.2310033099145,2.343113656964328],[32.23176344498086,2.331346559721292],[32.23211911245974,2.3299136691921944],[32.2321,2.3296],[32.23236214509637,2.3289345547553832],[32.23327086963837,2.32527354308833],[32.23517743419092,2.319169969017406],[32.23901419637515,2.311232671319262],[32.239663096207096,2.307166982870713],[32.2424987953878,2.303157838573109],[32.24211343649529,2.289670277335159],[32.242049551895484,2.289521091306338],[32.242101524311956,2.289253350918346],[32.2421,2.2892],[32.24212002136414,2.289158061757962],[32.24265663467936,2.28639365196177],[32.24371901120051,2.2858086984320676],[32.255385690243415,2.261370802685394],[32.25513596127242,2.25987112321494],[32.25671168470442,2.2585932758262457],[32.25673745879289,2.2585392874989187],[32.256485189007606,2.257419758121824],[32.25746871054186,2.2570075530661615],[32.25899127164236,2.253818283068676],[32.252798499289945,2.251639022722853],[32.250666612363865,2.248571185786946],[32.250700287509126,2.2468371539506076],[32.25066349494145,2.246806287702555],[32.248750053060206,2.246768740870797],[32.24769370603547,2.2443148540565985],[32.245228325457106,2.242246581759313],[32.24375139205397,2.2413979235803456],[32.227152218476,2.2460606127876406],[32.22702869257844,2.246125291900789],[32.22689287739514,2.246133461405862],[32.2263,2.2463],[32.22601146889789,2.246186479566381],[32.22286654198153,2.246375652056314],[32.22176190924458,2.244514521669998],[32.2141,2.2415],[32.21407153127035,2.2414714111491234],[32.21406006694202,2.241468071523163],[32.214057118054626,2.2414569371181425],[32.19970414832922,2.2270434063390443],[32.19373804355642,2.224874915724401],[32.19256147431596,2.223770092291385],[32.190409593513785,2.217709633992745],[32.1904,2.2177],[32.166528992560025,2.221889605387424],[32.16594334660253,2.222046354292824],[32.165107608756735,2.221977230136688],[32.1489388019575,2.221512609251652],[32.14848606292781,2.221547784247498],[32.1457,2.2311],[32.14503564692149,2.2315780101418503],[32.14081387632703,2.23475073492465],[32.140419895044474,2.2348990999070226],[32.13382996489462,2.2396406350148466],[32.1329131162102,2.240644490703219],[32.13182484170257,2.24108334560425],[32.12942916906716,2.2428070612809496],[32.129347594329246,2.242922176228508],[32.12916827207237,2.242912104728485],[32.12357294957731,2.2434262694983014],[32.12031861791716,2.245820137765385],[32.11379494496391,2.245933835644759],[32.11025877616223,2.2449561177682527],[32.108844405821756,2.2458867538082505],[32.10784904361165,2.246906916770817],[32.10627232181812,2.247579149359257],[32.086338633403265,2.2606952394794466],[32.08475604761752,2.262687544849257],[32.07909760797984,2.265786439388317],[32.06751140463392,2.274164323205417],[32.06344619973463,2.2757581428829425],[32.05406691654598,2.2819295809532503],[32.05324744149155,2.28250464252139],[32.05096447340447,2.2828165347391898],[32.0419,2.2841],[32.025650001657475,2.276523313656248],[32.025628101091634,2.276524843344312],[32.02554307985205,2.2766596111365147],[32.02333268504965,2.2828578316133314],[32.02281759248177,2.289033870834835],[32.01890781932416,2.2952657025136847],[32.0159,2.3037],[32.01588579912982,2.3037054993565915],[32.015884460012614,2.303709408238357],[32.01309837187087,2.306476170548054],[32.00801115508783,2.309104860469421],[32.00055136690398,2.309678661022978],[32.00021203719031,2.3097752404998326],[31.996367392165173,2.311264098132114],[31.990104292411875,2.318255869732971],[31.988262322292385,2.3180438678945223],[31.98002334317834,2.3253792170412217],[31.980025160133156,2.325385045546802],[31.97955202124391,2.326795918502406],[31.976980684523983,2.326016536135857],[31.973354000138816,2.327153525255349],[31.972416698400576,2.326341375370963],[31.96592083783736,2.3271477580615687],[31.962451339212187,2.332364879243483],[31.960945099267615,2.336958889682501],[31.955690005982675,2.340673408056984],[31.955220575728198,2.3407101004715076],[31.955,2.341],[31.953903693033638,2.3408130329204657],[31.953859890660585,2.340816456676847],[31.95380211010257,2.3407957086996634],[31.942276273278566,2.3388300621095226],[31.942081546691423,2.338826433117694],[31.942080365316535,2.3388281253573973],[31.94134518523029,2.340571672743966],[31.944464054450766,2.343621346553162],[31.944109716754213,2.344869671454921],[31.94303794529176,2.345086449670849],[31.938900513999673,2.3433830475139796],[31.927793518595887,2.359293067957243],[31.927126275524483,2.360324906413251],[31.921918000675397,2.362600978696335],[31.918447609050823,2.365546924843203],[31.91494113799995,2.365236614406689],[31.913321929585177,2.364158410085271],[31.91136465847655,2.3610347624365877],[31.90186938093961,2.3616513389000255],[31.900105552221763,2.362565447152194],[31.898712494734525,2.361856331510745],[31.887457313431277,2.3625871874395274],[31.88709199199904,2.362871527665193],[31.88211979739351,2.363066721831502],[31.881794190641475,2.3629549226856184],[31.8811,2.363],[31.86870973043438,2.3592029819073095],[31.859449574481197,2.365572009422695],[31.85943029950402,2.365579148728416],[31.8594,2.3656],[31.859390987098664,2.365593709745943],[31.856940376824973,2.366501397251289],[31.854703633091415,2.366072817981772],[31.854915525575993,2.363207147885295],[31.854425472102168,2.362128194071305],[31.8498,2.3589],[31.84935730192893,2.359176003118383],[31.84255734746911,2.364047190481755],[31.84121948194357,2.36424958224506],[31.8336,2.369],[31.833509692253013,2.368960654301105],[31.833220477139623,2.369185606559386],[31.83203881894482,2.3683198173825972],[31.825004311644083,2.365254990550327],[31.824644380161523,2.36520793416412],[31.820074804111044,2.363259172999921],[31.81950729162046,2.3628600233201182],[31.8095,2.3585],[31.809199609500244,2.358192312565026],[31.80844864254801,2.357813045443505],[31.79923527861066,2.349728071380721],[31.796233538353803,2.345338304819586],[31.792508365516493,2.343082753982527],[31.788178091993082,2.342084177969602],[31.784334123430174,2.339186913087783],[31.78530429812271,2.334429433416876],[31.784791665325457,2.333225840942876],[31.784275833804575,2.3330087501719388],[31.779874205610604,2.3314027506957604],[31.77541770222477,2.331327459858684],[31.770001616273138,2.327830717623754],[31.76515526997278,2.321422825140987],[31.765086624494675,2.321207052255609],[31.757812811147673,2.311446782305298],[31.753106985505717,2.308685763332204],[31.75113019105251,2.306033535181278],[31.75116343481209,2.30306707887414],[31.75035296296566,2.301546795777317],[31.749774980995955,2.3012617934565003],[31.73732127411227,2.296515450623207],[31.736892967018967,2.29667741606699],[31.7354295053015,2.2957944618107113],[31.730545963644783,2.2939332518786055],[31.727266676241083,2.293675165918301],[31.721780237464287,2.290631163552476],[31.720995903229767,2.2905395148447165],[31.6992,2.2889],[31.699166412858975,2.2888723241957947],[31.699156535785637,2.288873502366476],[31.699138178857734,2.2888490593787707],[31.686750236637863,2.2786413949896005],[31.68672591181723,2.278651057827656],[31.68631386041862,2.278504891728724],[31.6664,2.2736],[31.666395634140745,2.2735965680143826],[31.666379934358368,2.273594220252377],[31.653614686706575,2.265324853757388],[31.6509394791201,2.2614465424099177],[31.6477,2.2589],[31.63912039973695,2.2584622652927018],[31.636910104752324,2.259251522793697],[31.634726959418348,2.261129497274538],[31.626526181347746,2.272814138022171],[31.62420352626204,2.274060921161529],[31.61933392914758,2.2743708136364913],[31.6193,2.2744],[31.602290101269908,2.272249323149069],[31.600143001845012,2.2731726239786534],[31.59785382951057,2.274439844378078],[31.588596265167535,2.280755438473051],[31.5797632210295,2.2844542883586696],[31.5795,2.2846],[31.579272763125704,2.284597305491609],[31.57161832104842,2.285911775611525],[31.568164549126784,2.284624126296578],[31.5564017584417,2.284865481731245],[31.555107705641934,2.284310763308007],[31.5542,2.2843],[31.552540312604773,2.2832102052645786],[31.55119960072483,2.282635485608478],[31.549307596927072,2.2810875184641617],[31.537868113096483,2.273576050165761],[31.53723012242777,2.273251149034725],[31.53529330398607,2.271395737662845],[31.53276987880801,2.2666780813411456],[31.5256,2.2567],[31.492800405194586,2.2476098265824995],[31.49061932002521,2.247011684466536],[31.490604366511487,2.2470012101474692],[31.4906,2.247],[31.490592140592348,2.2469926463958103],[31.484748101367472,2.242899138166603],[31.477577856089297,2.2348159148558264],[31.4704,2.2281],[31.457183878638613,2.2283190517352716],[31.45471359584767,2.22882212877879],[31.453581820321713,2.228378754359309],[31.452653617000436,2.2283941389447444],[31.451258919826284,2.2286348778440703],[31.44661366196158,2.229682893337936],[31.44060576587493,2.232017980422759],[31.433969530020875,2.233421647367186],[31.431467896694485,2.236403439499688],[31.427993636726903,2.237539120468689],[31.41991616033054,2.235803097509421],[31.417573645527728,2.236352051613977],[31.417216349902088,2.236315213741602],[31.4031,2.2395],[31.40308741017501,2.2394976061600373],[31.40305220240122,2.239517147108369],[31.4030381364113,2.2394882372049656],[31.38891507184463,2.236802865773275],[31.386932274312045,2.238950490054472],[31.38278574874914,2.2401191649647534],[31.3714,2.2463],[31.37055902958936,2.2463265062307083],[31.370221321394315,2.24651002019673],[31.36669625726376,2.2464482555017153],[31.336644732618225,2.2473954382269326],[31.336544808799733,2.247421545497351],[31.336704874466754,2.2477478444183716],[31.3504,2.271]]]}},{"type":"Feature","properties":{"n":"Purongo Town Council","c":"328106","d":"Nwoya","od":"Nwoya","dc":"328","k":"PURONGOTOWNCOUNCIL","a":["PURONGO","PURONGOTOWNCOUNCIL"],"lat":2.544619,"lon":31.824853},"geometry":{"type":"MultiPolygon","coordinates":[[[[31.740538292209582,2.492274330824262],[31.74200985310077,2.495937580715745],[31.74110417667608,2.497684031687223],[31.74151101272378,2.498504646799026],[31.742766413764397,2.501035741019135],[31.742766184090854,2.5010364101409057],[31.742766405907044,2.501036857558774],[31.74261908132474,2.5014649734952585],[31.742289926339456,2.5024239205519327],[31.744523977567237,2.504124307847706],[31.744524115576816,2.504124504371505],[31.744524256366155,2.504124611498207],[31.744524806473937,2.5041254881997785],[31.74697991785761,2.507621534035841],[31.747010239788366,2.507606867547687],[31.74806680560562,2.507095549541908],[31.74911259528104,2.508220797851334],[31.751230518897774,2.50810372175234],[31.751573818556192,2.508667237249505],[31.7516342948688,2.508678194343638],[31.752864603592712,2.510786019933245],[31.75289354530048,2.510833526828292],[31.752762418583263,2.513179973613729],[31.752699939776,2.514302771480749],[31.754434767755253,2.51712885988532],[31.755790770770083,2.51686709968337],[31.755457689876966,2.517920070885749],[31.755664379806806,2.517963558851834],[31.756503408824607,2.518136164562218],[31.756859033541627,2.51950060746032],[31.75685874947635,2.5195012183721905],[31.756858796416502,2.519501398297625],[31.755882057852727,2.521604363721673],[31.75778419324733,2.522492966353192],[31.75778419268462,2.5224940569492085],[31.757784595388003,2.522494244974674],[31.75778382733902,2.523202140355034],[31.757782685695442,2.5254147819393604],[31.75794124172423,2.5256861788071223],[31.7596581672304,2.528621290905109],[31.75932462787289,2.529674248446169],[31.760322879804036,2.530249287197116],[31.760322814039597,2.53024957172998],[31.760322826689393,2.530249579020358],[31.760108216173332,2.53118081267592],[31.761154912413282,2.531087702050935],[31.76200884021933,2.532179875657372],[31.762389265795868,2.532665673506877],[31.762389030146657,2.5326661385488216],[31.76239069726506,2.532668270793148],[31.761844628325832,2.533746228776833],[31.76302928518662,2.534535078658389],[31.76317366406398,2.53463119490066],[31.764197637327154,2.534297482288882],[31.76461218366797,2.5352210489809193],[31.765337112753038,2.5368346918021354],[31.77016857253995,2.536050227828788],[31.772093975465264,2.538253705767835],[31.772831694164612,2.53811090954933],[31.772939947709208,2.5384266081047757],[31.773258626846903,2.539355140041091],[31.775471776994785,2.539381819453727],[31.77547218111543,2.539383222983886],[31.775472334215593,2.539383224883269],[31.775558046989993,2.539681439237412],[31.776064971190742,2.541442011021481],[31.77751648650631,2.542161411031165],[31.77901397120857,2.542903181146572],[31.779066548559094,2.5442835803577473],[31.779076296431008,2.5445389732217336],[31.780032902996343,2.5446990469433],[31.781104030662984,2.54712385921256],[31.783487212754768,2.547965607542241],[31.783487401250653,2.5479658275966894],[31.783487829447488,2.547965978804949],[31.78555604091366,2.5503808053032064],[31.78604246062531,2.550948662905788],[31.786042472883626,2.5509487592237234],[31.78604329987564,2.550949724812716],[31.78628642763111,2.552862724533668],[31.78636502032195,2.5528217492707874],[31.787095507981682,2.552435783289473],[31.788758978801596,2.554806625442871],[31.793630396030768,2.563561495622594],[31.793793484606798,2.563854573417368],[31.793793475849544,2.5638545813048816],[31.793795209740225,2.563857697438666],[31.783273967444497,2.5733293291757913],[31.783270062395715,2.573332846388877],[31.783270053953796,2.573332852252407],[31.783269980152237,2.573332918691443],[31.774573930716684,2.579373647085102],[31.777759649787203,2.5885115571418345],[31.77778078058518,2.588572159244136],[31.777780782261047,2.5885721734865266],[31.77778081121142,2.588572256527723],[31.778002531313184,2.5904567115250883],[31.778294818426033,2.59294071845559],[31.778294797591865,2.5929407562510223],[31.778294812286756,2.592940881146606],[31.773420885557456,2.602373909445615],[31.774377229686955,2.6055223832327083],[31.775465478228217,2.608524588724919],[31.77963664689174,2.6143012056996655],[31.779636902104816,2.6143015432456136],[31.78687032739353,2.620535573807544],[31.786871328522544,2.620536159028765],[31.79416391711026,2.624352750905642],[31.794163969053443,2.6243525731093844],[31.794450684360843,2.623108574632485],[31.794529683606747,2.6231007692155055],[31.794568992816874,2.622966217768592],[31.795877872283675,2.6229663634587017],[31.795381975550352,2.6200862107649425],[31.795168950412368,2.618850864060205],[31.793931462072035,2.618608846470595],[31.79505096867808,2.616909605974734],[31.794267628937522,2.6153087097654],[31.794268762058245,2.615308572089795],[31.794267777559867,2.615306559442237],[31.795457615638533,2.6151628538299816],[31.795393432797567,2.6145568999090765],[31.795269076391428,2.613392960901047],[31.79527001467812,2.613391702291371],[31.79526997655642,2.613391342382183],[31.797675173361537,2.610165062838886],[31.797272162246358,2.609039263461833],[31.79727258733773,2.609039215295975],[31.79727257138352,2.609039170753745],[31.797427212234513,2.609021695201795],[31.79831932701914,2.608920612288429],[31.798200090084965,2.609638284627416],[31.8003412836998,2.6086358509603533],[31.800296787378674,2.606481439031619],[31.80253443779506,2.60525463102631],[31.80260581356524,2.6052154909043277],[31.80627610097859,2.599786161345053],[31.806276535845058,2.599786183146883],[31.80627692253394,2.599785611157063],[31.807750508959437,2.5998594058986715],[31.807229164092814,2.598518663243114],[31.808110170942165,2.598279131280723],[31.808483549602027,2.597041165422295],[31.808802124554735,2.59598335197907],[31.81077844724205,2.594452808513848],[31.810875369340128,2.592850200695635],[31.814826334882003,2.590679365807166],[31.81500551817557,2.590580885985613],[31.8150055431904,2.590580900851185],[31.815006199002315,2.590580540519166],[31.816457230024064,2.591443245847238],[31.82140906681992,2.588887362545901],[31.822428212441356,2.5891505714087075],[31.82243147621461,2.5891514071209887],[31.82409967256098,2.587310310556601],[31.824099911220266,2.58731037439011],[31.824100048318154,2.587310223042351],[31.826155756769452,2.5878602454550785],[31.828858184824675,2.5885830560734706],[31.82907348835312,2.588527389976503],[31.834391839588594,2.5871522415183312],[31.835559121207705,2.585251080120673],[31.835559298489706,2.5852512330357773],[31.835559544758283,2.585250831988608],[31.836144072578318,2.5857470812902],[31.83663914131594,2.5840238961278423],[31.836673667738566,2.5839034258395825],[31.836590771585197,2.583204494161574],[31.836174010181953,2.579692086548263],[31.83617416187576,2.579691885778091],[31.836174131666773,2.579691631073667],[31.8372238183772,2.5783026417349637],[31.837387536335818,2.578085957325873],[31.845095812800047,2.57726467581832],[31.845881670888453,2.576373045848524],[31.846503174630502,2.568429755766306],[31.846469894685125,2.568318804454796],[31.845312666323625,2.564472023581942],[31.84816801550368,2.561473905336577],[31.85509245109814,2.559439272891436],[31.858106446761244,2.557515334629577],[31.866298125292772,2.552286177047189],[31.86879711668693,2.548145358687076],[31.87092713577841,2.542601552704518],[31.871402478459526,2.541364362926545],[31.87140248645839,2.5413643563084696],[31.871402582132298,2.541364107297753],[31.871578561960558,2.5412186755085227],[31.87634692925932,2.5372734386414884],[31.87051979854537,2.539646118132451],[31.87051907903337,2.5396422352263603],[31.870518629804195,2.539642418348216],[31.868735392424384,2.5300164227001907],[31.868380676187122,2.528102167145058],[31.865050252821714,2.526396879461613],[31.862344327612643,2.522737691485841],[31.862340840520528,2.522732976372505],[31.86234084059861,2.52273297604146],[31.862340712871152,2.522732803317258],[31.862960799886547,2.520099859452023],[31.860989189343794,2.517179244918223],[31.859660634707716,2.512204270681234],[31.859352842725436,2.5110519531298943],[31.858282130625433,2.510691124750803],[31.86014255366693,2.50490231807963],[31.859454106633848,2.503775630652148],[31.859774757003308,2.502255670590039],[31.85981225293853,2.502077490141263],[31.859812356521335,2.502077439809111],[31.859812505699896,2.502076732666759],[31.866546731761304,2.498798528865423],[31.864627181034646,2.492771129484104],[31.8656508524459,2.4913117804025653],[31.864715749075803,2.4908895395104573],[31.863154093746648,2.49018511974272],[31.86315446140904,2.4901845484706073],[31.863154054601292,2.49018436477876],[31.863988950949896,2.4888879225014433],[31.86415471545549,2.488630358383261],[31.863490838449863,2.485973268686291],[31.86389460560403,2.485634393958023],[31.864514044539526,2.485113286561403],[31.863135868811025,2.483651366757814],[31.86313603116657,2.483650178807363],[31.863135527976368,2.483649645036422],[31.863494799341886,2.4810211680862664],[31.86154394211347,2.48094571650621],[31.861543604969967,2.48094536720116],[31.861543208375018,2.480945352193087],[31.861427909730907,2.4808254985672904],[31.860782113567282,2.4801564070426787],[31.860561255740013,2.480388056688183],[31.860306847243763,2.480657454125606],[31.85937962846342,2.479747213722299],[31.85938008757853,2.4797459217161135],[31.859379950406463,2.479745786832175],[31.859380004218078,2.479744767525603],[31.859738112111987,2.477452573779605],[31.85973835093105,2.477451643158099],[31.860347234436137,2.4770242519241052],[31.861097001214933,2.474914316316252],[31.86245348418325,2.4743165838021635],[31.860980270334693,2.471684471085934],[31.860981401508862,2.471684411022698],[31.86098078529236,2.471683309548607],[31.864547897406506,2.4714921242283285],[31.863588176160924,2.470311120219599],[31.86314774925197,2.469770558054699],[31.86314815644658,2.4697696452351128],[31.8631475667847,2.469768919614995],[31.863465739344772,2.4690577107406892],[31.863766629480494,2.468383196880307],[31.862842738758765,2.467592777428365],[31.862199229284933,2.467042936159087],[31.8621994001712,2.4670423797224066],[31.862198279384693,2.467041420852017],[31.862162435830825,2.4652427910147914],[31.861781482076488,2.4648263320982773],[31.858820845946635,2.465483072964136],[31.858249069442845,2.466103676303084],[31.85617861586781,2.468351965979181],[31.856177820440443,2.468351799543827],[31.856177199687366,2.468352473306091],[31.8529653657727,2.467679638699332],[31.846706069707817,2.469325890852178],[31.844658392583742,2.47071180498162],[31.84465717586198,2.470711678198939],[31.844656960320883,2.470711824030031],[31.844131664368042,2.4706569197832287],[31.84304039490324,2.470543209259872],[31.8418257812253,2.471332753124797],[31.841785396616196,2.471421813392413],[31.839777910990897,2.47585110065416],[31.839776803949395,2.4758513672350286],[31.839776100615467,2.475852918298894],[31.835610551125015,2.4768554135877925],[31.835341671531555,2.477338890008428],[31.83444327031406,2.478959506668826],[31.83444031792546,2.478959627415803],[31.834440316688585,2.478959629639844],[31.83421981888194,2.4789686453997004],[31.825852927528974,2.479310835054084],[31.825852786346307,2.4793107583540204],[31.82585250790145,2.479310769739131],[31.823666114714012,2.47812280903669],[31.82249948842936,2.477489017991908],[31.82032535843025,2.477676259218051],[31.81754997013592,2.477915340943939],[31.81354400807311,2.476522903942172],[31.811199073234697,2.4757079253622996],[31.805841875379866,2.479221035380648],[31.804010307465955,2.478549270327612],[31.800752935265123,2.475411833466997],[31.797969860118744,2.475122085460771],[31.79796581435369,2.4751280586660487],[31.796562925501128,2.477561355263603],[31.796142977536842,2.4778193119533336],[31.795896719364933,2.478182889816447],[31.79498482902715,2.4785307147488824],[31.79380052970239,2.479258180910041],[31.79325039913833,2.479192283288316],[31.792516749810034,2.479472121244124],[31.791273891283055,2.4789555264609526],[31.789970875500785,2.478799444165711],[31.78520428274825,2.476432690565386],[31.78518962613094,2.476426598534897],[31.785172460783212,2.476434603343172],[31.78395286253359,2.477047106523349],[31.783901073609982,2.477027496113199],[31.783859203626193,2.477047021566336],[31.783596603713598,2.476912205446186],[31.78255222740112,2.4765167415822424],[31.781034925732254,2.478038813602391],[31.781025372562794,2.478049535356297],[31.777481012892913,2.478094473139602],[31.77714530653162,2.479792963087812],[31.772457794381985,2.4764757064605614],[31.771613601239423,2.4761268037822894],[31.76950945837357,2.477512315261245],[31.769503236851556,2.47751271503978],[31.76688212494008,2.4779226224571507],[31.766486809524235,2.4796105383251223],[31.766486856097888,2.479613762315468],[31.766485971947183,2.479614114607594],[31.766485650830322,2.479615485710835],[31.76360957065478,2.4807602241135873],[31.763486879074854,2.480809110889722],[31.761486736256494,2.482817329881007],[31.761484829289213,2.4828197774560863],[31.759947416881687,2.485866559813638],[31.759912081333468,2.486358129889376],[31.75966833252426,2.4864196380197976],[31.759578815392125,2.486597039488363],[31.757845465516773,2.486879624437788],[31.756794391510144,2.487144854849752],[31.75672659978137,2.4870620311300247],[31.756511310291067,2.487097129392986],[31.75580070987041,2.485930836397702],[31.755795156663467,2.48592405183469],[31.75479785281149,2.4865603311875577],[31.752725743511185,2.487882971227413],[31.751811704676836,2.4918838979774804],[31.751769326748885,2.492069571847075],[31.751769265644448,2.4920696619226717],[31.7517692112663,2.492069899946457],[31.750244212423848,2.494318123760906],[31.74862729593505,2.493167859150444],[31.748626723573256,2.4931666896854274],[31.748626664473974,2.493166647619964],[31.74767776156579,2.49122932617538],[31.74289314384632,2.492899108655064],[31.743155093105177,2.49208597700057],[31.742055872000325,2.490721644449636],[31.741304815160753,2.4897901002260734],[31.740659854945527,2.4902045036118907],[31.740424449855034,2.490357721092966],[31.741419847174377,2.490839586794166],[31.741419310710423,2.4908404594802795],[31.74141975663955,2.490840674089759],[31.740538292209582,2.492274330824262]]],[[[31.859382868759855,2.479726473025647],[31.859382862853433,2.479726472102891],[31.859382868759837,2.479726473025751],[31.859382868759855,2.479726473025647]]]]}},{"type":"Feature","properties":{"n":"Alero","c":"328201","d":"Nwoya","od":"Nwoya","dc":"328","k":"ALERO","a":["ALERO"],"lat":2.723481,"lon":32.017854},"geometry":{"type":"Polygon","coordinates":[[[31.83220822628569,2.716655102719976],[31.834348051912922,2.717734603111491],[31.83689686074466,2.7176418830051907],[31.837889402391134,2.717217888666662],[31.83963360300528,2.716472410142836],[31.839634004224514,2.7164726289559336],[31.839634050538937,2.716472609171319],[31.840752982359476,2.7170828865179386],[31.843106491191886,2.718366420590098],[31.843123169278318,2.7183852453316937],[31.845483381035958,2.7210486459120227],[31.85031481027605,2.721412773131235],[31.8503151894968,2.7214130564567895],[31.85031523717422,2.721413060048536],[31.853810499777754,2.724024488542473],[31.853810506306267,2.7240244973301895],[31.85381085847503,2.724024760444508],[31.856782404285884,2.7280244999279835],[31.857489629562522,2.7283591862701013],[31.860279010760475,2.729679015598458],[31.860279035546355,2.7296792410196247],[31.860279300333435,2.729679366327107],[31.860327063207034,2.7301160401494164],[31.86044479751709,2.731186803194152],[31.86343838906251,2.7344216302174766],[31.864389638136583,2.735449291724102],[31.86724678569635,2.735716488220875],[31.87216218011388,2.7291055803899904],[31.873105976048762,2.727836196180948],[31.87459069547812,2.724067335013354],[31.8751618613827,2.71938436561517],[31.87984441126251,2.714758855427825],[31.881957719781255,2.711160889786786],[31.885726799878256,2.709847465433599],[31.885726923643933,2.7098474524886154],[31.88572693690992,2.709847447865509],[31.885910303680397,2.7098282722793243],[31.894464248447736,2.708933592279976],[31.89983184348202,2.707163487601545],[31.909026066421458,2.702823324065923],[31.911424845541077,2.699853751517639],[31.912488355224056,2.6993235604587733],[31.912833822600284,2.698974327437174],[31.91307345063412,2.699031873076924],[31.913380359954736,2.698878869695499],[31.917733299304075,2.7001509156553594],[31.917734077387486,2.700151102508738],[31.9189253950783,2.699171039644968],[31.91915932318465,2.6993073889540526],[31.919187073625174,2.699290953677766],[31.919706613157373,2.6996263870035517],[31.921351701171485,2.700585256878598],[31.921391261538513,2.7007140563227163],[31.92163677735319,2.700872570124162],[31.92273980780891,2.705103127593042],[31.924382247188248,2.705153253913552],[31.92438301730082,2.7051538512654405],[31.924383331269297,2.705153860819884],[31.927378172751535,2.707476835228322],[31.930354853412,2.706307296897459],[31.9303559879472,2.706308897192651],[31.93035632072076,2.706308766585664],[31.931270499215465,2.707598842174142],[31.93166227187277,2.708151449004382],[31.931662355227033,2.7081518237610527],[31.93166240362613,2.708151892061167],[31.931662577246044,2.708152821947637],[31.93310304020355,2.7146290727440006],[31.935795840540774,2.7160411553293944],[31.93582028602649,2.716052931038024],[31.936561599306845,2.7172599506102832],[31.936746872588785,2.7175610396735097],[31.938579890891862,2.717539302379403],[31.938580923209212,2.717540351731376],[31.93858117407455,2.717540348834215],[31.938591161290606,2.717550758754881],[31.94354135031022,2.72258263254998],[31.944740082607797,2.7228633812960776],[31.946718266172482,2.7229264460162983],[31.94704364248847,2.7226417019283957],[31.947240576686003,2.722290315689899],[31.947118609376638,2.7219203364831976],[31.94652589634842,2.721160144183615],[31.94680714806877,2.720975540634181],[31.94674181185502,2.720777347850728],[31.94691743081932,2.720903154989156],[31.947144934528165,2.720753829708196],[31.948548326581413,2.722071374517379],[31.949673511146894,2.7217274469750214],[31.950500137351682,2.721474750897431],[31.951903535206675,2.722840191834178],[31.951903748721918,2.7228402007303125],[31.953878856376647,2.722674388286491],[31.953966783259418,2.722926157278383],[31.9542347733241,2.722937323112235],[31.954922433852268,2.725662558010249],[31.95492411644773,2.725667375937946],[31.95730184398976,2.727056798109607],[31.957438122364742,2.727476499753998],[31.957587471976318,2.727583948091898],[31.957627313008697,2.7280591573061037],[31.957776500867798,2.728518616774984],[31.957676248065084,2.7286428367015936],[31.957681775329558,2.728708763883948],[31.95584800044709,2.7309081577578196],[31.955847797500287,2.730908409222483],[31.95584779084852,2.7309084091462634],[31.955847170724685,2.730909152910713],[31.954084893145424,2.7308882089520807],[31.953658301294304,2.730883320841889],[31.9530848438341,2.73260599760306],[31.95187131477026,2.732990357347103],[31.952179958875984,2.7348308651479],[31.95501071240526,2.734881353798277],[31.954887829531962,2.7351680014910116],[31.95377109937709,2.737774858383051],[31.95413139041088,2.738430675165712],[31.954864000390927,2.739759837469859],[31.954862018536147,2.7397605949846997],[31.954863675551003,2.739763611152322],[31.95344719081457,2.7403013777946716],[31.953292645648123,2.740360448851948],[31.953588430008217,2.7420057189398253],[31.9537660228715,2.742992425731654],[31.953765880750083,2.7429927704444],[31.95376603805621,2.742993645443553],[31.95282320275559,2.7452792176883882],[31.95262189035699,2.745767497017745],[31.952621722381213,2.745767635921396],[31.952621247593058,2.745768786878122],[31.94978732571672,2.748111588516584],[31.94889604246817,2.7498263906186216],[31.948047131914368,2.751460265314398],[31.94804684710598,2.7514602168960614],[31.948046458555865,2.751460964454773],[31.94803758326507,2.751458642013479],[31.946053431640188,2.7511213298916077],[31.9459824540128,2.751183669412159],[31.946640410545882,2.752203037875081],[31.946360806486148,2.7521778781900856],[31.946522428080925,2.752345139122847],[31.944479406097596,2.7520085836484727],[31.944476757916007,2.7520083453564586],[31.944474398666145,2.7520124584308556],[31.944065555339616,2.753186414721554],[31.945557348792757,2.7555735042261427],[31.945997043048333,2.7557569253407057],[31.949185134097878,2.755889110152919],[31.95004289413437,2.754693733575342],[31.950423410052164,2.755750045069597],[31.952060384371116,2.7602939863493234],[31.952866792799664,2.7604362388512227],[31.953297902053958,2.7605113310801],[31.95329779846323,2.7605122693486783],[31.95329852605567,2.760512397697839],[31.95323553154947,2.7610762492396774],[31.95309193894389,2.7623768330835823],[31.95602451295744,2.761975918087221],[31.957547032335096,2.7635056010096406],[31.958011213724372,2.7631567924930165],[31.95907063066983,2.762358525533831],[31.96040296391678,2.763173805807768],[31.96267325149036,2.767506101165715],[31.962683831932434,2.76752628019488],[31.962683833379803,2.767526294145249],[31.96268408759064,2.767526779245218],[31.96277236577709,2.768379607059784],[31.962967294551003,2.7702584135226584],[31.963991006691167,2.771769691606956],[31.965685082836746,2.7720938635625667],[31.9662249938762,2.772196866637721],[31.966225236595587,2.772197225327498],[31.966226227635406,2.772197414969101],[31.966844278136172,2.773111621403233],[31.96365122454928,2.777468832745279],[31.963650227532195,2.7785814680445635],[31.963648987412373,2.780000572644062],[31.963653174222216,2.7800046978564175],[31.96503553593897,2.781023739244065],[31.966857722273204,2.780143942740213],[31.976929128719352,2.77957343222949],[31.978215783939778,2.7741210901338],[31.98373914953634,2.775690154914769],[31.988830597589963,2.774703270140495],[31.998125334910817,2.766136937575891],[32.00811856735669,2.764637957152025],[32.01018923113259,2.763495800477914],[32.02403742983597,2.762210994841478],[32.02840787562366,2.763102189043253],[32.028340398060436,2.767892828041945],[32.02999577134522,2.768561060241089],[32.03030910560963,2.77010814307265],[32.03045882186424,2.7702193692808543],[32.035641091467795,2.7729937156342737],[32.037966211578194,2.772566041934601],[32.03927839416029,2.774602251508264],[32.04067696675111,2.774885394846946],[32.04105618827803,2.7758927068559145],[32.04177189801104,2.77627586459177],[32.0429296299524,2.775601790482678],[32.045652587315935,2.777856790513661],[32.046034407707204,2.778472266531733],[32.04600477500302,2.7785419502541395],[32.0463,2.7787],[32.0579099131596,2.7864898772167632],[32.065572085994354,2.788416823489905],[32.06607837175042,2.786392848474557],[32.07384446575598,2.774172638931407],[32.07550059831355,2.768576159750292],[32.079383849532896,2.76012430404562],[32.078641524911546,2.758011440885098],[32.07407289270712,2.751786678473533],[32.07087524947438,2.74916002349941],[32.06939011512552,2.746818364004393],[32.05785469188683,2.737053192277141],[32.056654070398345,2.735191208244439],[32.06034397386325,2.732174639952469],[32.06721563150946,2.732612871254526],[32.06948065226209,2.73360236101468],[32.074106336633946,2.731127763444807],[32.07778021178297,2.730613758066022],[32.08012151959952,2.728710295269247],[32.08151120120534,2.724407973351914],[32.07951257711476,2.713768072015315],[32.07998837468373,2.709788965007904],[32.083650049791714,2.701870476489184],[32.08178036633997,2.700766593100093],[32.08134216635641,2.70245464486424],[32.07955238000651,2.699625174085126],[32.07861119074661,2.700083932687421],[32.07765012334227,2.697615441505294],[32.07679506073269,2.697849162321766],[32.07116346630339,2.693594061446198],[32.06996899254642,2.694976921018214],[32.068280226335006,2.693094316190747],[32.06651097600787,2.693381446336883],[32.06417218258414,2.690213799556539],[32.06458109174646,2.688333285655539],[32.0635528938578,2.687392783530758],[32.06380604863926,2.686161659076481],[32.06291884267025,2.685102597060037],[32.06163494102914,2.685055798444148],[32.061375586181235,2.683970660478973],[32.05415122674258,2.678201586471476],[32.050296244960535,2.674025427307039],[32.04608460282864,2.673418667665526],[32.038732665977896,2.675203243476527],[32.032307521515555,2.67284759598475],[32.02889259841549,2.673230489829822],[32.02541913244736,2.670637227247517],[32.022706392740986,2.663926994653282],[32.018708566312206,2.661618637481866],[32.01465639977564,2.65788092497496],[32.012252471474746,2.660083342317622],[32.008586096391085,2.661672250236299],[32.007039908813745,2.666504419393537],[32.00707003088292,2.6665275115075247],[32.00891350694373,2.667800650270664],[32.00879070000689,2.6678466070620592],[32.00886744868404,2.667905443963026],[32.00871940986051,2.6678732852487337],[32.00812468364351,2.668095843594351],[32.00499703764886,2.667064674204773],[32.00499702804891,2.6670646661965653],[32.00499693428006,2.667064645827004],[32.001828277012216,2.6644224344040284],[31.999467895338118,2.6660777174323926],[31.99919954911981,2.666266005588917],[31.999199402310694,2.6662660056047685],[31.999199394742487,2.666266010912184],[31.997712283521405,2.6662661661744043],[31.97724703397563,2.666268375881982],[31.977246911582803,2.6662683028666967],[31.977246638070117,2.666268302895253],[31.973542617589754,2.664058450447979],[31.971313140880877,2.662728422510986],[31.96949219854389,2.662366280465372],[31.962483429536082,2.6609724316405226],[31.954331894674272,2.6642662481277526],[31.949534389081798,2.66620482528621],[31.949534288680454,2.666204831963749],[31.94953427686888,2.666204836736488],[31.944168481513234,2.666561761727046],[31.94309395384457,2.664601778439304],[31.93510559033413,2.665175011125124],[31.93222024632849,2.663688179768192],[31.929722056813166,2.665472445284557],[31.92746058983031,2.664967304727748],[31.924101382564615,2.66675121225488],[31.924101233049324,2.6667510589501333],[31.924100583273443,2.666751404036751],[31.92297010231542,2.6655913382997114],[31.920264699624166,2.6648481218814988],[31.91966883338742,2.665978079599615],[31.91966784952498,2.665977573416316],[31.919667684294545,2.665977886689501],[31.91947486917848,2.6658782877594933],[31.91874540522964,2.665502988882678],[31.916858000571303,2.666050539254247],[31.91505946089219,2.6665726771034337],[31.911311499398703,2.669989939897603],[31.91131110384145,2.6699899367245568],[31.911310786787084,2.669990225810743],[31.910803327072678,2.669985863485425],[31.90816943793568,2.6699647351846423],[31.90704935393142,2.672666411287929],[31.90704927075049,2.6726664556429762],[31.907049219050197,2.672666580530219],[31.90516821106519,2.673670074837834],[31.90516714149866,2.6736700742940553],[31.905166861979332,2.67367022334376],[31.904839602233043,2.6736699077696278],[31.903074788958243,2.673669010519889],[31.900667654571674,2.676418363968738],[31.900666955322276,2.6764182874224973],[31.900666426085547,2.676418892104943],[31.899437924261125,2.6762837464313676],[31.898906205238905,2.676225539599569],[31.895646267386034,2.677825655726934],[31.89564554845009,2.6778255545850382],[31.895645051490416,2.677825798460196],[31.892051554094667,2.677320317620582],[31.88874217344931,2.678992236603532],[31.886736917680384,2.6782699225028113],[31.886410809954835,2.6781524906353726],[31.88314976007693,2.678628128210563],[31.881035492033146,2.676761738808806],[31.88024764920686,2.677141632021096],[31.87947927162646,2.676360386234805],[31.879923406875626,2.674473069977941],[31.879936118243357,2.6744189045830793],[31.87951050573227,2.6737005703092724],[31.879022526942638,2.672877068027301],[31.87668676334775,2.672925541887928],[31.87628183217168,2.672933981471469],[31.876281759359472,2.6729339468938647],[31.876281270198007,2.672933957045382],[31.87399654952652,2.6718489954863656],[31.871879874632747,2.6721395204536758],[31.871085088956097,2.67224862860424],[31.868618534354514,2.6731268476179983],[31.868222464038535,2.6736190075755157],[31.863764550961143,2.679158618082858],[31.855733873932095,2.684548094191892],[31.85350415000836,2.683539363812098],[31.850430396929493,2.6861846734726016],[31.84940680801246,2.687065613464295],[31.849406765831354,2.687065622970894],[31.849406728455772,2.687065655136778],[31.84931401594309,2.6870865265470734],[31.84577211050017,2.687884786163699],[31.84488748800848,2.6909672683364105],[31.84487661132601,2.691005220970273],[31.846223345122002,2.695166791794654],[31.832416132403868,2.699090864464222],[31.83062639390264,2.703253033282698],[31.83062605971595,2.7032531991332007],[31.830625915541567,2.703253534552878],[31.8304028970955,2.703363950500243],[31.828745406304314,2.7041865316771974],[31.82876493544506,2.707657244286543],[31.828352369665645,2.708118132744436],[31.828296719415683,2.708674933611291],[31.829664891268763,2.711649106022215],[31.829666517707828,2.711652193062504],[31.832520393682053,2.713593635542518],[31.83250185603392,2.7137745742194],[31.83220822628569,2.716655102719976]]]}},{"type":"Feature","properties":{"n":"Koch-Goma","c":"328202","d":"Nwoya","od":"Nwoya","dc":"328","k":"KOCHGOMA","a":["GOMA","KOCH","KOCHGOMA"],"lat":2.598441,"lon":32.074717},"geometry":{"type":"Polygon","coordinates":[[[32.0107083931709,2.608787838281698],[32.01132921301737,2.615928860369805],[32.01170368582937,2.6164535697005245],[32.02588303221111,2.6268572276429993],[32.0258843262975,2.626858153684671],[32.02642964383517,2.62795764228082],[32.027496807294355,2.630108679762131],[32.02749654532548,2.630108766975649],[32.027498700498626,2.630113112312329],[32.02225842832561,2.631852633314955],[32.013137754345905,2.632662543187193],[32.01245480433604,2.634352825293184],[32.01710648555831,2.640790297591657],[32.017306429363735,2.641372514056161],[32.01758232963313,2.641771690628818],[32.01764145212493,2.6423480669977892],[32.01811779119291,2.643735118962073],[32.0179461120079,2.6453181508320407],[32.01805828725228,2.646411730586254],[32.01770523489022,2.647539248014026],[32.01758236241292,2.648672239456796],[32.017247939732016,2.648999678012296],[32.01713627146161,2.649356304775196],[32.01459415852298,2.651599808278296],[32.014596694004055,2.651628609058181],[32.015426918026584,2.656854820492213],[32.01509484517693,2.657287157418939],[32.01511049249851,2.657464896889743],[32.01465640817027,2.657880917284015],[32.01870864341122,2.661618681999072],[32.022706392740986,2.663926994653282],[32.02270705303793,2.6639286279637022],[32.026085899246475,2.6711350301357952],[32.028480493023295,2.6729228151603848],[32.02907315157408,2.6732102455399485],[32.032307521515555,2.67284759598475],[32.03873243426977,2.6752031585254916],[32.04503587422567,2.673673231290753],[32.04608460282864,2.673418667665526],[32.04637953319166,2.6734611574677767],[32.0502953925321,2.674025009718384],[32.05029570642191,2.674025349721268],[32.050296244960535,2.674025427307039],[32.05415121142387,2.6782015698764847],[32.0541939647635,2.6782357152835448],[32.061375586181235,2.683970660478973],[32.06163494102914,2.685055798444148],[32.06291884267025,2.685102597060037],[32.06380604863926,2.686161659076481],[32.06370807015993,2.686638141097475],[32.06457822437517,2.6883306628444794],[32.06458109174646,2.688333285655539],[32.06417218258414,2.690213799556539],[32.066193860554954,2.692951947205737],[32.06651110730377,2.6933814250289823],[32.068280226335006,2.693094316190747],[32.068280914291485,2.6930950831116993],[32.0682812890277,2.693095022247526],[32.06871817565269,2.693582533857641],[32.06996858656489,2.694976468437632],[32.070100198886486,2.6948250215376226],[32.07116346630339,2.693594061446198],[32.071167376227685,2.6935970156934395],[32.071167817647634,2.69359650774949],[32.07347751994594,2.6953425061902454],[32.07679506073269,2.697849162321766],[32.07765012334227,2.697615441505294],[32.07765129799147,2.697618458578998],[32.07765216031089,2.69761822556625],[32.078410769235795,2.699569152215295],[32.07861119074661,2.700083932687421],[32.07955238000651,2.699625174085126],[32.07955344210536,2.699626853155734],[32.07955395138328,2.699626605026977],[32.08063661289295,2.701339236364195],[32.08134192072341,2.702454256543378],[32.08143073418454,2.7021134602815255],[32.08178036633997,2.700766593100093],[32.08178155292586,2.700767293674543],[32.08178155672915,2.700767279080524],[32.08742332844341,2.703882686891138],[32.090133251528215,2.703504802430262],[32.09070176023417,2.702023251206577],[32.09249891359095,2.70224014178625],[32.09272534995571,2.700756489928689],[32.093889563524584,2.700550990708145],[32.094209434545355,2.701553925166567],[32.09449289485176,2.700658589612529],[32.09306170585176,2.697886904558853],[32.09571444439568,2.698226110355402],[32.095612423309284,2.697067544906396],[32.097123583374156,2.69680693495676],[32.09735164072396,2.695920361916976],[32.09831950965757,2.695858508743592],[32.09894922793858,2.696969628261104],[32.09846817929481,2.69829149169111],[32.10026399681292,2.697740817462937],[32.10312326806972,2.699995611333243],[32.103134934302055,2.698643115723662],[32.10393485813419,2.699209206120078],[32.10458798127248,2.697800146234071],[32.10547395797817,2.698432384597378],[32.10601105637919,2.696506601616112],[32.10850904300393,2.696634457693631],[32.10881925724583,2.695568113081914],[32.11036303699374,2.696458393434008],[32.110280856679964,2.697856985120264],[32.111452247551945,2.698482077008432],[32.1134417600281,2.695499345430212],[32.114153906930724,2.695950438253047],[32.11321654592115,2.69627608402596],[32.11341786178283,2.696990857148398],[32.11461606915406,2.69684700459337],[32.11740811155988,2.694858907860046],[32.11743437409036,2.693719028263544],[32.11828868062775,2.693231424383062],[32.11964432680462,2.692952863245563],[32.12215878816963,2.694663342635677],[32.12292601720776,2.693200425315362],[32.12381119263197,2.693452362817633],[32.123723246825456,2.692367343679094],[32.12579379678187,2.692096999830403],[32.127204540379864,2.692442845364359],[32.12726265921387,2.693527226399908],[32.12885563126239,2.694840058376675],[32.132198535529774,2.692626166405025],[32.13325923248753,2.693323471193782],[32.13476160553868,2.691218027088674],[32.13596063867601,2.691461894988642],[32.13574062073195,2.690935120844256],[32.13807518104087,2.689727762913318],[32.14193849446828,2.686273379597999],[32.14207083236664,2.685975225145876],[32.1416051144625,2.68506994711683],[32.146075214798955,2.680586904141423],[32.14808321779953,2.679132368041394],[32.14911300114217,2.679466934617677],[32.14885847105687,2.678519295382094],[32.15075470545463,2.677812629794819],[32.15230910139274,2.674902260528399],[32.1561968380252,2.673058198510805],[32.15752926892955,2.670454248177667],[32.160300446607174,2.668747604191524],[32.16157621071806,2.6687143074080817],[32.16304480783222,2.6674011606848342],[32.16305830044594,2.667346540997128],[32.16309325276788,2.6673578436253766],[32.163967570082995,2.666576072432752],[32.16396448932498,2.66632370363716],[32.16428875335868,2.6662888862725937],[32.1645,2.6661],[32.17143830717773,2.65681702350014],[32.171749387044926,2.655781529798655],[32.1764622344882,2.649397959148141],[32.17352045301296,2.645143953173103],[32.173472813658044,2.641051558707667],[32.17166455623246,2.640289971489634],[32.168666429829045,2.637196898012316],[32.153973033540574,2.630792095680107],[32.15149383079695,2.630928312250827],[32.14560328105546,2.633224891008927],[32.14339175455841,2.627388055694931],[32.143727174000404,2.622490767861614],[32.142662354589675,2.617663930256457],[32.14026303821394,2.615425840539314],[32.13964520296378,2.612657210742543],[32.141858094858215,2.603689352933252],[32.14054596552178,2.595510946507308],[32.14087333720994,2.593309095149195],[32.14523913318194,2.590055267947046],[32.154400089310435,2.576896706059005],[32.15093735204153,2.564461292936157],[32.15563919530925,2.564029086384293],[32.159563039156176,2.56614220589997],[32.16178965072659,2.565190527313797],[32.16641588622277,2.565076207419428],[32.16971695997306,2.562198989829215],[32.166995602030326,2.557926822743655],[32.1690294595524,2.555076006135697],[32.16665005109505,2.551150183752816],[32.16926740521072,2.54648614774348],[32.17044548616769,2.539497278148337],[32.169637597092056,2.539879499444262],[32.1673165833928,2.538609662524589],[32.158511560227,2.538125199586121],[32.15465046458575,2.534202103004046],[32.15451476010031,2.528735335757896],[32.156846618510755,2.524761669082381],[32.15713215012129,2.522167962578597],[32.156180336171204,2.516266885676062],[32.15299189574098,2.510009018394555],[32.150969359991244,2.510318347656786],[32.147019807146236,2.514505909731075],[32.14387904660193,2.515077246358984],[32.13988108471145,2.513459212592327],[32.13298062714427,2.505035944922364],[32.129054521665076,2.505678396849613],[32.12470011051348,2.507677146923516],[32.12217784214482,2.509866133674289],[32.119312768084384,2.50985474951326],[32.115933210706274,2.507351987907157],[32.11549509622451,2.505066715453683],[32.11286634685709,2.503808368373197],[32.11236647904765,2.504310731850898],[32.1095954647526,2.501615668773019],[32.10970395825959,2.49986898481187],[32.105874524677105,2.497640399263145],[32.105482467695744,2.496168227624935],[32.10345937448605,2.496513946039526],[32.10194732743067,2.498163912372421],[32.10218662685352,2.496082194753871],[32.09935568858075,2.494751886943835],[32.097022621660656,2.496162410858291],[32.09892335015594,2.505566547081759],[32.09506868695175,2.511991819694792],[32.09599663378947,2.518808974452455],[32.09535401535001,2.524484150107964],[32.092141880019255,2.528481392370949],[32.08471802855166,2.530944229544874],[32.08382573243545,2.53287158865784],[32.08478703807171,2.538365188352134],[32.0840041918561,2.540438275201737],[32.08607426842637,2.546077484853398],[32.08789496698713,2.546327802249482],[32.09224863087649,2.551074304385812],[32.09064288635968,2.555286111603976],[32.09088379420122,2.55720501007833],[32.08748266025507,2.557621089871238],[32.08388432762007,2.559877040217078],[32.07833057992001,2.56118994097684],[32.07677521287056,2.559962656084264],[32.075661552998916,2.556550439472775],[32.07434803054086,2.55526542414164],[32.07019373952748,2.555122662940259],[32.06846629650953,2.553951684569362],[32.06596756792288,2.548583897359355],[32.06371184107923,2.546356723876111],[32.05444622092041,2.5437869061789],[32.05230554515357,2.543958368988043],[32.04906379158547,2.540089141521294],[32.04645237392978,2.53906074823946],[32.045851605661916,2.536734183726832],[32.043351713191626,2.536103692150411],[32.04322467802724,2.534407068083795],[32.0422140451175,2.535005181781639],[32.04225385681573,2.534278579274494],[32.040255114773544,2.533136439435504],[32.0381849893079,2.533184028695869],[32.03675779757902,2.534111966165301],[32.0344033721663,2.533516781164014],[32.032997759065786,2.530828359793493],[32.03149910403948,2.531113947913446],[32.02759638476332,2.529852784374564],[32.02476738568264,2.530186220478807],[32.02433652256627,2.52942447909556],[32.02252120631904,2.529222938354033],[32.020810533878254,2.531103724572844],[32.02080657558646,2.531108879705635],[32.02080551402562,2.531109243612859],[32.02080530456822,2.531109473899253],[32.01786950763819,2.532115718126497],[32.01477705267675,2.533175823825374],[32.01446707638361,2.535093369172627],[32.01446622531569,2.535094263148442],[32.01446618706615,2.535094499527583],[32.01257548069272,2.5370803325502],[32.0097002426815,2.540100530078459],[32.009192202046144,2.542995273240304],[32.008664278345464,2.5435247794468516],[32.008310387974454,2.543880662408647],[32.009613705217404,2.546442066444516],[32.00927828501183,2.5484144664425226],[32.01038861635607,2.548694939604198],[32.0139782181764,2.546029331890198],[32.01632329883346,2.548482558160913],[32.016323307981814,2.5484829249734844],[32.01632345525493,2.548483078891055],[32.01633814085761,2.5490776645187565],[32.01643294466728,2.552878921632264],[32.01643204151557,2.5528794820435454],[32.016432048167424,2.552879751361431],[32.01583937648255,2.553247234402256],[32.01449565530462,2.554081021794967],[32.01395836690039,2.555035157848546],[32.01236512761392,2.557867045258101],[32.014404080332845,2.558106958475763],[32.0147032048611,2.558141836186183],[32.01470332675915,2.558142169283911],[32.014704263516975,2.55814227950745],[32.01537893186566,2.559988256884382],[32.01596152659456,2.560552465887309],[32.017323279616875,2.561871190643016],[32.018603964730005,2.566892627575041],[32.0183518247297,2.568584474883556],[32.019690733685074,2.569475436752505],[32.02066572736905,2.570123595333863],[32.02092526172005,2.571462578424729],[32.01868825613665,2.5726283214042502],[32.0193540744584,2.5743360971235614],[32.01954906367272,2.57483577286573],[32.01954895496711,2.5748359514983523],[32.019549064681094,2.574836232906773],[32.01869667102294,2.576236753156053],[32.018696498523376,2.5762367672112143],[32.01869631820618,2.576237063520971],[32.01684193363991,2.576389402407123],[32.016841683559115,2.576387896433158],[32.01684128197054,2.576387929154356],[32.0166763586081,2.57539231790488],[32.01652351425336,2.574471896898753],[32.016234505216374,2.5746177053579675],[32.01413215244706,2.575680531326181],[32.014831039761226,2.5767356288239838],[32.01495996491574,2.576929391848999],[32.014959829224594,2.576930059940112],[32.014960250738255,2.57693069629164],[32.01444160701938,2.5794815871342744],[32.01443806503098,2.5794990265253683],[32.01672687770589,2.582350537570774],[32.016690778645135,2.585463408293196],[32.01433663851739,2.587553624577392],[32.013019000655135,2.591746962755571],[32.01301851140317,2.591747143016487],[32.01301829565191,2.59174782950868],[32.01145845523518,2.59232193304673],[32.011177533391944,2.5924254364192887],[32.01009515074696,2.593507530327998],[32.008665283359605,2.5949373974018166],[32.00883753913077,2.5962101632248813],[32.008876539145355,2.596496597022611],[32.00887632401683,2.5964967375271795],[32.008876759974875,2.596499958739985],[32.007998327940996,2.5970709913715164],[32.00883559519467,2.599811178022948],[32.008835594346266,2.599811180695125],[32.00883567600471,2.599811447893787],[32.00838493922148,2.601230589583873],[32.00835089416082,2.601337819833927],[32.00835095011571,2.6013379191106054],[32.00835096648415,2.601337913040207],[32.00837567565911,2.6013817878383856],[32.00946383679218,2.603312432748714],[32.009463478438704,2.603313342715717],[32.009463854958824,2.60331401128293],[32.00946296155973,2.603314655226548],[32.00903185360825,2.6044093676793323],[32.00919735682632,2.605027220327345],[32.00846758070779,2.605842225896853],[32.007622191623284,2.607988922461118],[32.0075976692293,2.608284252046664],[32.008645575764135,2.607774802628801],[32.008662822077895,2.607759260036453],[32.010708064662886,2.608786804378354],[32.01070812247743,2.6087877028110604],[32.0107083931709,2.608787838281698]]]}},{"type":"Feature","properties":{"n":"Koch Goma Town Council","c":"328203","d":"Nwoya","od":"Nwoya","dc":"328","k":"KOCHGOMATOWNCOUNCIL","a":["KOCHGOMA","KOCHGOMATOWNCOUNCIL"],"lat":2.605774,"lon":32.169569},"geometry":{"type":"Polygon","coordinates":[[[32.14266225412046,2.617663710210864],[32.142662289211074,2.6176638692711003],[32.142662354589675,2.617663930256457],[32.143727174000404,2.622490767861614],[32.143391758781185,2.627387994040319],[32.14560374920348,2.6332247084896614],[32.15149383079695,2.630928312250827],[32.151493940473316,2.6309283062248014],[32.15149410550561,2.63092824181371],[32.15397272209923,2.630792047279064],[32.153972855571176,2.630792105458404],[32.153973033540574,2.630792095680107],[32.168666429829045,2.637196898012316],[32.16866645918271,2.637196928295578],[32.16866655064314,2.637196968162437],[32.169157210076484,2.6377032206826434],[32.17166455623246,2.640289971489634],[32.173472813658044,2.641051558707667],[32.17352045301296,2.645143953173103],[32.176279586470116,2.649133838319724],[32.176462243224876,2.649397950031987],[32.17905728929545,2.6465020001543405],[32.18260787797725,2.6342306673418063],[32.18261851010098,2.634150378415238],[32.17974905440323,2.628011935194243],[32.18026286209379,2.626198233320843],[32.184274658717854,2.622843246257344],[32.18880766410598,2.621108946185071],[32.191627072125534,2.6181750998948656],[32.192,2.6177],[32.196171290515714,2.6190692022303494],[32.19994342434715,2.619280158962232],[32.20363075184081,2.621155067561982],[32.20343097101785,2.612997058511806],[32.20126093809501,2.607857352196107],[32.19320858779175,2.603231362415504],[32.18983944704314,2.60031884710957],[32.18824050602053,2.59757796207631],[32.18789782201613,2.592152800590613],[32.186584361211075,2.59066801990321],[32.18422403211604,2.589871133640816],[32.18082232138156,2.585157338682605],[32.18048897685522,2.580207971970821],[32.1773244568146,2.575401278138372],[32.1766580752163,2.570475993185048],[32.173719236141146,2.569441514280365],[32.17165553315749,2.563791922423971],[32.16971696771466,2.562198998356585],[32.169539207125275,2.5623539193033933],[32.16641588622277,2.565076207419428],[32.161789915275364,2.5651905207764756],[32.16126516079811,2.565414700151229],[32.159563039156176,2.56614220589997],[32.15956268133915,2.566142013203684],[32.15956227322703,2.566142187552497],[32.158575037007836,2.5656101341094923],[32.155639825610216,2.5640294258221843],[32.15502854712398,2.564085218869263],[32.15093735204153,2.564461292936157],[32.15409889881778,2.575815068061667],[32.15440011545471,2.576896559652109],[32.15440006765854,2.5768966283025225],[32.154400089310435,2.576896706059005],[32.14523913318194,2.590055267947046],[32.14087333720994,2.593309095149195],[32.140545974916854,2.5955108833174867],[32.141858070978806,2.60368852864703],[32.14185801513369,2.6036888560161335],[32.141858094858215,2.603689352933252],[32.14185756197703,2.6036915124615887],[32.1407113348775,2.610410799553438],[32.13981665356759,2.611962398384006],[32.13970530904341,2.612413627774497],[32.13996603704449,2.6140949254010137],[32.14023775883859,2.6153125591559325],[32.14266225412046,2.617663710210864]]]}},{"type":"Feature","properties":{"n":"Lii","c":"328204","d":"Nwoya","od":"Nwoya","dc":"328","k":"LII","a":["LII"],"lat":2.478809,"lon":32.110884},"geometry":{"type":"Polygon","coordinates":[[[31.99500390760601,2.4792169966830477],[31.995004381416866,2.479217017211437],[31.997517090792186,2.480758906652063],[31.998373917283125,2.484850956594869],[31.99900217732593,2.485743126937771],[31.999553691101525,2.48652551000579],[31.999553373089434,2.4865258609648113],[31.999553892753088,2.486526598921179],[31.998827408479503,2.487327037515671],[31.998621245652657,2.487554559381429],[31.99876396843744,2.4877321917943886],[31.999325181308116,2.4884300012817597],[32.00064446752453,2.4886783766769596],[32.00175294126634,2.488886896463627],[32.00175292085537,2.4888870596228436],[32.00175356288252,2.488887180494074],[32.001286558058865,2.4926183201487317],[32.00203062414254,2.492971015361975],[32.00313037518573,2.493491852797956],[32.00403299423161,2.495545941454688],[32.00440810105849,2.500365403795619],[32.00539803505689,2.502745173149585],[32.00707668392494,2.5033273322843184],[32.00824650926867,2.502840095204561],[32.008247005910675,2.5028405727210963],[32.008247231853645,2.502840478606174],[32.00981872741492,2.5043516316945547],[32.0117440031893,2.50401871078049],[32.014173083365534,2.505703077809245],[32.01589235678384,2.509069436180795],[32.01589195608118,2.509070152475859],[32.01589221454807,2.509070658724593],[32.015523871337024,2.50972918990023],[32.01552331735409,2.50972913013028],[32.01552311262797,2.509729496098174],[32.013753866036694,2.509539034538264],[32.013873149831646,2.511881134656062],[32.01429441360907,2.5121620989780373],[32.01551574411366,2.512976424132885],[32.015515834974934,2.5129767330488813],[32.01551617757195,2.512976961545954],[32.01640801226602,2.516007123876191],[32.0196312311655,2.516001398507678],[32.01963072902816,2.516002079003254],[32.01963110093131,2.516002078321061],[32.01884988534769,2.517060276880776],[32.017569444991324,2.51879552722768],[32.017887179986005,2.519917559905277],[32.019114093121146,2.520335509348281],[32.02105475043775,2.520995794030152],[32.02105474496934,2.520996594746902],[32.021054825908514,2.520996622318929],[32.021052797520056,2.5212817518939388],[32.02103387245238,2.524052873255138],[32.02103520845782,2.52405712212697],[32.02216423361458,2.526098068855497],[32.0224422836922,2.5285320158389584],[32.02254190753183,2.528848847578049],[32.02248669285444,2.528920757131228],[32.022521212378685,2.529222928209963],[32.02254899837438,2.529226023894335],[32.02433652256627,2.52942447909556],[32.024336942640645,2.529425221763062],[32.02433766581936,2.529425302333615],[32.0244359374311,2.5296002388990155],[32.02476707154108,2.5301856650944696],[32.02747412633668,2.52986719419667],[32.02759638476332,2.529852784374564],[32.03149890761485,2.5311138844388363],[32.03194861971926,2.5310282868803036],[32.032997759065786,2.530828359793493],[32.03299787100486,2.5308285738918075],[32.03299793825892,2.530828561090765],[32.033050181794955,2.5309286252117276],[32.0344033721663,2.533516781164014],[32.03644234097197,2.534032220576396],[32.03712807201741,2.533871219586968],[32.0381849893079,2.533184028695869],[32.040255114773544,2.533136439435504],[32.04225385681573,2.534278579274494],[32.042214061265106,2.535004887071922],[32.043222029408795,2.534406368175778],[32.0432221967288,2.5344085365681175],[32.04322467802724,2.534407068083795],[32.04330959085809,2.5355411253589795],[32.043353025834534,2.536104023208769],[32.045851605661916,2.536734183726832],[32.045851828912745,2.536735048298899],[32.045852261488214,2.536735157203341],[32.04599667096299,2.5372959706912193],[32.04645237392978,2.53906074823946],[32.04835572574603,2.539810300581856],[32.0490629600687,2.540088448590657],[32.04906334542715,2.5400889658212416],[32.04906379158547,2.540089141521294],[32.05208122917144,2.5436906343990175],[32.053130217989455,2.543892314743278],[32.05444622092041,2.5437869061789],[32.058658625035655,2.544955215526532],[32.060157112546676,2.545243317241158],[32.06094835128583,2.545590270594471],[32.06371184107923,2.546356723876111],[32.06452321354427,2.5471578258553906],[32.065266675968076,2.547483829586299],[32.0656611665564,2.548281374471633],[32.06596756792288,2.548583897359355],[32.06846629650953,2.553951684569362],[32.07019372717265,2.5551226545653143],[32.070267775210446,2.555125207158517],[32.07434803054086,2.55526542414164],[32.075661552998916,2.556550439472775],[32.07566186453005,2.5565513939937543],[32.07566218884376,2.556551711166918],[32.076625080620104,2.559502655888554],[32.07677519539961,2.55996260255387],[32.07833084387883,2.561189878577221],[32.083232379298195,2.5600311601903534],[32.08388451319049,2.559876923874956],[32.08748266025507,2.557621089871238],[32.08760092216497,2.5576066222284584],[32.09088374908959,2.557204650751561],[32.09064288635968,2.555286111603976],[32.09064311761787,2.555285505022477],[32.09064311123866,2.555285455011404],[32.09073057613908,2.555056104624687],[32.09224863087649,2.551074304385812],[32.08852609822611,2.5470158814972774],[32.08789492204264,2.546327796070323],[32.08607426842637,2.546077484853398],[32.086073206630196,2.546074592355922],[32.08607301753096,2.546074566104435],[32.084817584980044,2.5426540842307417],[32.0840041918561,2.540438275201737],[32.08478703807171,2.538365188352134],[32.08382573243545,2.53287158865784],[32.08471802855166,2.530944229544874],[32.08472005602349,2.530943556938072],[32.08472008831072,2.530943487269109],[32.087404723212444,2.5300529278378776],[32.092141880019255,2.528481392370949],[32.09535401535001,2.524484150107964],[32.09599663378947,2.518808974452455],[32.09506868695175,2.511991819694792],[32.09892327779993,2.5055666676907604],[32.09884488446341,2.505178326426731],[32.097022621660656,2.496162410858291],[32.09935568858075,2.494751886943835],[32.09950964656279,2.494824234514212],[32.09979706957733,2.494668953564684],[32.10218423035888,2.496081068598782],[32.10218662685352,2.496082194753871],[32.10218659548028,2.4960824676765134],[32.10218663309815,2.496082489929207],[32.102056814864476,2.4972114574218622],[32.10194732743067,2.498163912372421],[32.10243992515167,2.4976263830326957],[32.10345814001942,2.496514643311391],[32.10345884608974,2.49651452263278],[32.10345937448605,2.496513946039526],[32.105482467695744,2.496168227624935],[32.105874524677105,2.497640399263145],[32.10970395825959,2.49986898481187],[32.10962024920668,2.501216653111838],[32.109595713869865,2.501615911062182],[32.11236632421572,2.5043105812627813],[32.112390373103636,2.504286718500102],[32.11286634685709,2.503808368373197],[32.112870466753535,2.5038103405123944],[32.11287074362659,2.50381006578219],[32.11523045846171,2.5049400369044332],[32.11549509622451,2.505066715453683],[32.11572392358765,2.506260314139326],[32.11593367798407,2.5073523339539276],[32.119312768084384,2.50985474951326],[32.12217784214482,2.509866133674289],[32.12470011051348,2.507677146923516],[32.129054521665076,2.505678396849613],[32.129138832011805,2.5056646006474907],[32.13297908296947,2.505035728932141],[32.132979421586,2.505036142195015],[32.13298062714427,2.505035944922364],[32.13988108471145,2.513459212592327],[32.1438789576516,2.515077210359483],[32.144494193976634,2.514965344728225],[32.1470196920557,2.514505930667227],[32.150194486084416,2.511139917265277],[32.150969359991244,2.510318347656786],[32.15299189574098,2.510009018394555],[32.15519219930606,2.5143274957161825],[32.15618021768483,2.516266555835712],[32.15618024064858,2.51626669819635],[32.156180336171204,2.516266885676062],[32.157061795430415,2.521731776030509],[32.15713213981359,2.522167866375845],[32.157132137700145,2.5221678855696843],[32.15713215012129,2.522167962578597],[32.156846618510755,2.524761669082381],[32.15466032298157,2.528487285375477],[32.154514760367455,2.528735346519557],[32.15465046458575,2.534202103004046],[32.158511560227,2.538125199586121],[32.1673165833928,2.538609662524589],[32.16963710767992,2.5398792316847056],[32.16971379142492,2.5398434510589993],[32.17044548616769,2.539497278148337],[32.16926740521072,2.54648614774348],[32.16665011633101,2.5511500675045395],[32.1668770471866,2.5515247080738894],[32.1690294595524,2.555076006135697],[32.16902876391322,2.5550769811989444],[32.169029126893996,2.555077580444578],[32.16716168076069,2.558187544082203],[32.167464446635705,2.55866284591058],[32.17165540152686,2.563791759658055],[32.171655430019044,2.5637918376748527],[32.17165553315749,2.563791922423971],[32.173719236141146,2.569441514280365],[32.1766580752163,2.570475993185048],[32.17665817263743,2.570476713233154],[32.17665849128124,2.570476825314968],[32.17706279288856,2.5734672970664882],[32.1773244568146,2.575401278138372],[32.18048897685522,2.580207971970821],[32.18048898117842,2.580208036159963],[32.18048900492828,2.580208072232132],[32.180517344915344,2.5806291696247756],[32.18082232138156,2.585157338682605],[32.18422403211604,2.589871133640816],[32.186584361211075,2.59066801990321],[32.18723512629388,2.5914036668469653],[32.18789721148648,2.592152035162067],[32.187897216614815,2.5921521162244088],[32.18789782201613,2.592152800590613],[32.18824050602053,2.59757796207631],[32.18983944704314,2.60031884710957],[32.19320858779175,2.603231362415504],[32.193211423960264,2.6032329917642096],[32.200690272595736,2.607286634128616],[32.20092218021919,2.607662739392063],[32.20126093809501,2.607857352196107],[32.201736068029625,2.6089826937980716],[32.20280273774679,2.610712607153291],[32.20321170051993,2.612477718021094],[32.20343097101785,2.612997058511806],[32.203442664901104,2.613474575843017],[32.203546900952574,2.613924465660251],[32.213994193136905,2.610352540129273],[32.22934173881915,2.602678772591059],[32.23348188610225,2.599074007902523],[32.236695339090005,2.593720592244858],[32.26058929391411,2.596164505041048],[32.26192909659817,2.593097845564189],[32.25946794810629,2.590777104016373],[32.26362021132089,2.58838060046516],[32.26416912131968,2.5874717261295204],[32.26380318629293,2.5823963664106206],[32.263235911963044,2.581025970021053],[32.2635182475701,2.578444390211383],[32.26312475349489,2.572986798472674],[32.261557535579385,2.570124026613491],[32.26249880137536,2.5643051147278575],[32.26243226199755,2.563382242487792],[32.26186126517458,2.562055743088929],[32.251709993944736,2.55770341404159],[32.24904602748514,2.554697380628124],[32.25847930676644,2.553668783280254],[32.26561762929948,2.549980631684849],[32.26716434800758,2.547363283700257],[32.26821151814605,2.546532722780918],[32.2717,2.5413],[32.2713,2.5311],[32.27441966606254,2.5288276506458014],[32.27465966437347,2.528327592297777],[32.27977523063499,2.523806751832653],[32.28322254286593,2.5224156786532124],[32.2875,2.5193],[32.291166498628,2.5136474812818377],[32.290379376376826,2.512147834252443],[32.29093139976194,2.510526752814335],[32.28336258815228,2.511448496904061],[32.276706009980245,2.510465258417544],[32.26833326912281,2.5103277348788002],[32.2647,2.5103],[32.264379042816394,2.5104380653806566],[32.25543520182025,2.515939424442101],[32.2551175326638,2.515066006440842],[32.25180786754665,2.516936884932094],[32.2471127514497,2.517894957978111],[32.24708357667397,2.5178780145033737],[32.2468,2.518],[32.2351619625082,2.5137590202360385],[32.23441793471897,2.513924209827595],[32.22770895983255,2.50531970056951],[32.2279717160609,2.501868347504185],[32.23009167272711,2.497669129690678],[32.23006082551335,2.496443467063561],[32.22891109095086,2.492496067642317],[32.22852215032518,2.48684987881743],[32.22833698895397,2.4784775987113],[32.22946340952009,2.4727061382651168],[32.22906059642231,2.456701031179633],[32.22862561574427,2.454455704139621],[32.22892817150687,2.451439347873072],[32.22860659447217,2.43866202036087],[32.22859675227105,2.438617458283683],[32.228604616742714,2.4385834385771075],[32.2286,2.4384],[32.22883786188852,2.437574479328076],[32.2294163863869,2.435071929311823],[32.22969076694267,2.434614397081332],[32.2337,2.4207],[32.23056174554866,2.4130470637063897],[32.228866965983514,2.411420547901726],[32.227955385496664,2.406819176723344],[32.22801517865126,2.4066709814643046],[32.231590413168604,2.3762814880668564],[32.2302844464052,2.371235787001808],[32.23127289142921,2.364086843847876],[32.23376120744063,2.35751873570146],[32.23325810701024,2.349438969194405],[32.23139853070352,2.345994323905902],[32.23100331046327,2.343113668480894],[32.22511505832948,2.343485998119417],[32.21947380454487,2.343842720470693],[32.204252538903276,2.346175011284233],[32.19734529955439,2.347233378908432],[32.18027242302583,2.351694920433661],[32.17069490736747,2.355859153129474],[32.16468695936551,2.361034302718773],[32.157845993306246,2.369362398534881],[32.15623986043969,2.370373669847851],[32.150707616676854,2.370195208934511],[32.14547208429083,2.3680539029429504],[32.141844206232115,2.3691839060877786],[32.13524111621107,2.373347995667335],[32.130898442460015,2.373467222935944],[32.12715010162471,2.3771076517654985],[32.12263072867938,2.381497018863474],[32.122630603834914,2.381497036501821],[32.12262997278422,2.381497649385029],[32.11757329144866,2.382211774457014],[32.11269658150427,2.386255858334181],[32.11192239703511,2.38816014243571],[32.10887395739733,2.391434382764603],[32.108710273259184,2.391610216798907],[32.107333655978245,2.395848119688922],[32.10733187964224,2.3958480624885716],[32.10733147997048,2.395849291353253],[32.102778044564324,2.395701560813192],[32.10106267104553,2.397256121383986],[32.09853979366554,2.397590758426883],[32.09808781540734,2.398630932274898],[32.09874159277967,2.399419439026845],[32.098740825352394,2.39942019280958],[32.0987412076175,2.399420654603495],[32.096634424650745,2.401489197969372],[32.096978590624786,2.403610440893424],[32.09701299848475,2.403822192547891],[32.09701295794625,2.4038222614770093],[32.09701314939033,2.403823441429209],[32.094261691326615,2.40850078114488],[32.09426144560521,2.408500760059948],[32.094261417162514,2.408500808422125],[32.09368160969835,2.4084510053355794],[32.09285768101,2.408380305428411],[32.092345626580894,2.4091013953471947],[32.09170267842366,2.410006933359917],[32.089488953540915,2.411130358808322],[32.08515880853322,2.4099308166651947],[32.08181512305542,2.411579678201432],[32.08181511757946,2.4115796744516005],[32.08181461549906,2.411579922048976],[32.080554380838436,2.4107163466172183],[32.07854464986662,2.4093401221992785],[32.07758880592019,2.4103319796702722],[32.07748479594327,2.410439982543737],[32.07748469933064,2.41044000870473],[32.07748461295038,2.410440098339558],[32.076903002708946,2.410597521871815],[32.07479962899788,2.411167078308001],[32.075413533591544,2.41170732150934],[32.07541252352231,2.4117089646598684],[32.07541306438754,2.411709438432065],[32.07499559658289,2.412387208980318],[32.07439517816649,2.413363951767395],[32.074393942163084,2.413364011601814],[32.07439374906389,2.413364325103708],[32.073179751900646,2.413422790055311],[32.07170639222796,2.413494114793851],[32.07226468573759,2.414642235638148],[32.072264507263014,2.414642594557523],[32.07226463397739,2.414642855227866],[32.072074137266505,2.4150254360874484],[32.071337442961514,2.416506957230351],[32.0713367011938,2.416506453398801],[32.071335331879936,2.416509203437235],[32.07077573280222,2.4161266159703314],[32.0706993782728,2.416210131532943],[32.068942775505796,2.418135083563918],[32.068940124775224,2.418134379468695],[32.06893933694308,2.418135241188949],[32.06668329655468,2.417535353013309],[32.065193072774484,2.420765294649455],[32.0651923261026,2.420765369211384],[32.06519223647652,2.420765563474157],[32.06388576179344,2.420895921940459],[32.063885687788684,2.4208958488437893],[32.06388435347474,2.420895982087083],[32.06171535735627,2.418752149874894],[32.061352034953494,2.4183932856906343],[32.06022005115425,2.420426768019567],[32.060219800506424,2.4204267315324497],[32.06021969599274,2.420426919280813],[32.05984467093082,2.420372123452259],[32.059066064347306,2.420258780720799],[32.05612634982105,2.421871863924624],[32.054449018075914,2.421523644370386],[32.05365239908733,2.418004415577995],[32.051952959574194,2.417632760313878],[32.04732430865686,2.418634562416807],[32.04732439149908,2.418634364804305],[32.04732404123925,2.418634440606893],[32.047404087581825,2.4184442571297757],[32.047776059368026,2.417556952649633],[32.045161727407475,2.415414326090964],[32.04437754578551,2.4156800476872213],[32.043472914586154,2.415987162380882],[32.04347214701082,2.415986843971299],[32.04347132296492,2.415987123200989],[32.04022969032709,2.4146417912680795],[32.04003411860214,2.41456066319052],[32.03831017713187,2.416471018370407],[32.03831003840743,2.4164710463390007],[32.038309986881266,2.41647110343726],[32.03654032585272,2.416827967020386],[32.03654018677882,2.4168278707154163],[32.036539861777975,2.41682793623968],[32.0317582338794,2.413518151883664],[32.03041388898031,2.414069053983852],[32.030301709401385,2.414115263114027],[32.03030149286339,2.4141151130397613],[32.030300914562154,2.414115350023115],[32.02868941090584,2.4132118211050355],[32.02704153623165,2.41552008524057],[32.02625911389199,2.41581474557698],[32.021897153344824,2.421320886900192],[32.01938697235789,2.42072085855342],[32.01650740053243,2.421520397423455],[32.01378361497823,2.42056127598263],[32.0141038180805,2.421889616342475],[32.009247749562306,2.4245071441962938],[32.00929922106845,2.4249734435549564],[32.0094958208795,2.426744883233917],[32.00949472667576,2.4267446009607676],[32.00949483943375,2.426745622476936],[32.00684415064912,2.426060966927929],[32.00682712710795,2.4260742210806914],[32.00596533229989,2.426794415780469],[32.00895985126584,2.430003500598123],[32.00895978928822,2.430003757333725],[32.00895980021231,2.43000376807737],[32.00895419709366,2.4300269223939437],[32.00862580219454,2.431387262692541],[32.007340940133666,2.4311029471132644],[32.00721103828432,2.436826688790945],[32.00721101954758,2.436826710728323],[32.00721101495636,2.436826913085976],[32.00647729748957,2.4376857686168285],[32.005260612888335,2.439110289650482],[32.0046521602366,2.441284874223557],[32.004641256378754,2.4413238734494613],[32.00477453270885,2.4417917494718093],[32.005807118066876,2.445415115836956],[32.005806783280306,2.445415538415405],[32.005807132789705,2.445416765392976],[32.004712581702464,2.446796849492159],[32.004674373763976,2.4468120161322133],[32.00197596051525,2.447891500008108],[32.00196001076171,2.447889482445873],[32.00159558855101,2.448034139831654],[32.00061806002974,2.4477197325428395],[32.00001534700265,2.4476434924280066],[31.999633090059746,2.44895660953495],[31.999608605453425,2.448957428524541],[31.99963308920769,2.448956623467826],[31.99969108364848,2.4508177931261983],[31.999857493629225,2.4509721007135723],[32.001984776518036,2.450423202957132],[32.00195251932548,2.4568098625271495],[32.0020985410063,2.457058075609562],[32.00535676721468,2.462593109503424],[32.005355064471054,2.4625936352784654],[32.005355384704075,2.462594179622464],[32.00471019877546,2.4627927576139585],[32.003248346662275,2.463244149909927],[32.00328584857081,2.4651726599228025],[32.003294065936764,2.465585593403852],[32.00043176649699,2.4640790187712716],[31.99781534947283,2.466675979766929],[31.99781466330561,2.466674811764274],[31.99781355992872,2.466675995232483],[31.99669337193208,2.464766503218898],[31.994862633075268,2.464864454392662],[31.99589904189766,2.471564805144048],[31.995898945400445,2.471564989400913],[31.995898981897184,2.471565225161539],[31.995813535262933,2.4717280760177998],[31.99481242754495,2.473639643843606],[31.99529370946818,2.4744621558584337],[31.99534700466453,2.474553019769512],[31.99534695843452,2.474553158475566],[31.99534702237963,2.47455326775792],[31.994661702712893,2.47660923086531],[31.99466164736903,2.4766093291272044],[31.99466149955105,2.476609772632357],[31.994582473245398,2.476749901156999],[31.99323607512887,2.479140403349775],[31.994596326936968,2.4791993377914827],[31.995003618652905,2.479216819395318],[31.99500390760601,2.4792169966830477]]]}},{"type":"Feature","properties":{"n":"Paminyai","c":"328205","d":"Nwoya","od":"Nwoya","dc":"328","k":"PAMINYAI","a":["PAMINYAI"],"lat":2.745309,"lon":32.121546},"geometry":{"type":"Polygon","coordinates":[[[32.069390424480915,2.746818811405793],[32.06958866667968,2.747131426679426],[32.07087524947438,2.74916002349941],[32.07407289270712,2.751786678473533],[32.078641524911546,2.758011440885098],[32.07875340009739,2.7583298689042524],[32.079383770673864,2.759211095773477],[32.079219182399555,2.759655615402157],[32.079383849532896,2.76012430404562],[32.077641703621865,2.7639160664181266],[32.0738459416411,2.7741676515526383],[32.07384446575598,2.774172638931407],[32.06607837175042,2.786392848474557],[32.066077007013725,2.7863983042728857],[32.06550684516494,2.789370934526513],[32.08493252483708,2.796817445240948],[32.085854380077905,2.794787254783666],[32.089631775651235,2.798154245680913],[32.093710656440514,2.795197293125024],[32.11755069874643,2.78891620879607],[32.120361325883046,2.790572155383012],[32.12167719060097,2.789459458184235],[32.12203794568424,2.7888545557213686],[32.12344613528849,2.784500129631002],[32.12519042966899,2.7835685724742154],[32.1337,2.7693],[32.15472580130247,2.777514731671662],[32.16722771053611,2.777278046435354],[32.17015017037059,2.777930593887464],[32.19405429142104,2.7782992949833583],[32.19411803217357,2.7782159864640503],[32.198168846591,2.759342873837392],[32.19340638017502,2.761491947214234],[32.18765819043274,2.762348024473921],[32.18042489872562,2.752672053322982],[32.180180194449264,2.751840120098601],[32.1744,2.7438],[32.171924175441724,2.731817009137934],[32.17083906641291,2.730907705282311],[32.170948915491266,2.729138158506773],[32.17130310335033,2.7288110202156175],[32.169413433226005,2.7196650168138587],[32.16938545362961,2.7195973552053823],[32.16929904781497,2.7195816450572665],[32.16840240197346,2.719789776401929],[32.16762315771745,2.7192769377668085],[32.16290119012628,2.718418398204778],[32.162900769254314,2.718510494303984],[32.16076612536311,2.718653376712374],[32.160128435785886,2.717914261051979],[32.1556624686038,2.7171022670188734],[32.154028980402614,2.717588553005599],[32.15335760234442,2.7166832004262584],[32.15251179001118,2.7165294163656695],[32.15004494235006,2.716294408495142],[32.150024784833725,2.7160772336061316],[32.1496,2.716],[32.1438265607828,2.711106322949228],[32.13983012477866,2.710099676465315],[32.139626553042355,2.708751700094527],[32.1376569139952,2.708070706012106],[32.13782426962149,2.706814536757208],[32.136709214509075,2.706494720482876],[32.13660896601964,2.705682900642393],[32.13486851268834,2.705491610225239],[32.13460878774265,2.704541653932492],[32.13229692034083,2.703835189799235],[32.13257761324293,2.702314843313031],[32.13140683336245,2.701488886772701],[32.131860000604306,2.70096323860746],[32.130770933424394,2.7000401245216303],[32.130712979286386,2.700085980292834],[32.12856060671877,2.698196873875649],[32.12878224468647,2.696043151219887],[32.12681256453098,2.695282500079383],[32.125423535107615,2.6921453434918203],[32.123723246825456,2.692367343679094],[32.12372779024794,2.6924233975211385],[32.12381190517492,2.693448861618716],[32.12381088548428,2.6934485734258073],[32.12381119263197,2.693452362817633],[32.12292601720776,2.693200425315362],[32.12215878816963,2.694663342635677],[32.11964432680462,2.692952863245563],[32.11962196637564,2.692957457915351],[32.11806186584231,2.69336088115846],[32.11766374346654,2.6935881134302924],[32.11740826317975,2.6948523270625615],[32.11740811155988,2.694858907860046],[32.117406735242284,2.6948598878782977],[32.1174066958448,2.694860082832045],[32.116925308911995,2.69520269145198],[32.11461606915406,2.69684700459337],[32.11341786178283,2.696990857148398],[32.11341536465907,2.6969819910961603],[32.1134147936811,2.696982055931164],[32.113366993094886,2.6968102475798705],[32.11321654592115,2.69627608402596],[32.11321821643844,2.696275503676564],[32.11321804478322,2.696274886700838],[32.113273438458,2.696256319160613],[32.11413602253524,2.6959566514171645],[32.113232638579646,2.6958128660316034],[32.111452247551945,2.698482077008432],[32.111303005831985,2.698402436821065],[32.1111707383795,2.698597876155715],[32.11071562142172,2.6980889895859237],[32.110280856679964,2.697856985120264],[32.110294868332254,2.697618526790005],[32.11002336303574,2.697314944608188],[32.110362205241934,2.6964579137721305],[32.10882006740132,2.6955685802894402],[32.10850954989081,2.696633140777755],[32.108509427919174,2.696633134568371],[32.10850904300393,2.696634457693631],[32.10601155556398,2.6965066271662126],[32.105475035816646,2.698430648025609],[32.105474540716614,2.6984302951705947],[32.10547395797817,2.698432384597378],[32.10458798127248,2.697800146234071],[32.104053302451085,2.698953672169623],[32.10393522369735,2.699208730846952],[32.1039351144774,2.6992086530805155],[32.10393485813419,2.699209206120078],[32.103134934302055,2.698643115723662],[32.10312326806972,2.699995611333243],[32.10279056707195,2.699733246519606],[32.10272518783217,2.699941201792714],[32.100267148603905,2.697743302935055],[32.10026436091158,2.6977411045876445],[32.098468980014204,2.698291403326914],[32.0984690445401,2.698291226370009],[32.09846817929481,2.69829149169111],[32.09894917571173,2.6969697717741767],[32.097965906659894,2.6958811062945256],[32.09787416474516,2.695886969204638],[32.09712440149001,2.6968037545310484],[32.097123583374156,2.69680693495676],[32.09579740261374,2.6970356439527254],[32.09571414351865,2.6982226935545808],[32.09571444439568,2.698226110355402],[32.095713908670646,2.6982260418522177],[32.09571389522738,2.698226233516899],[32.095712833592394,2.6982259043819137],[32.093495427555744,2.6979423645725884],[32.094244411098444,2.7001773682608072],[32.09449289485176,2.700658589612529],[32.094450524419265,2.70079242053628],[32.09457871926365,2.701174960250011],[32.09434602255669,2.7011224993194882],[32.094209434545355,2.701553925166567],[32.094050595550414,2.7010558959891133],[32.092725256629805,2.700757101416806],[32.09249891359095,2.70224014178625],[32.09070176023417,2.702023251206577],[32.090133251528215,2.703504802430262],[32.08742332844341,2.703882686891138],[32.087400492661,2.7038700768851904],[32.08365005907839,2.701870483927008],[32.08332086098105,2.702582357729577],[32.07998837468373,2.709788965007904],[32.07951259422238,2.713767928943887],[32.08151119402349,2.724407816268514],[32.081511179905974,2.7244078599623536],[32.08151120120534,2.724407973351914],[32.08012151959952,2.728710295269247],[32.080120895607315,2.728710802569459],[32.08012075877446,2.728711226068388],[32.07778108479888,2.730613179543882],[32.07778088979338,2.730613206849486],[32.07778021178297,2.730613758066022],[32.074106336633946,2.731127763444807],[32.06948065226209,2.73360236101468],[32.06721563150946,2.732612871254526],[32.06171233743396,2.7322619056138495],[32.06034387847407,2.732174717934986],[32.05665407562843,2.735191203968744],[32.0626772448576,2.7411356656245767],[32.06939011512552,2.746818364004393],[32.06939038505597,2.7468187896124823],[32.069390424480915,2.746818811405793]]]}}]}
