{"type":"FeatureCollection","name":"Oyam sub-counties","metadata":{"source":"Uganda Bureau of Statistics NPHC 2024 Map Explorer","retrieved":"2026-07-26","display_only":true,"clipped_to_dashboard_district":true,"positive_area_overlaps_removed":true,"source_gap_ratio":0.01266661},"features":[{"type":"Feature","properties":{"n":"Abok","c":"321101","d":"Oyam","od":"Oyam","dc":"321","k":"ABOK","a":["ABOK"],"lat":2.521973,"lon":32.560325},"geometry":{"type":"Polygon","coordinates":[[[32.5133423460598,2.566132464980431],[32.514450572759046,2.567558362256734],[32.511040721471296,2.572282099841855],[32.511063411329836,2.573286114356786],[32.51380909722651,2.57921159800113],[32.51645029771105,2.582661817420956],[32.52131367093682,2.585398314222769],[32.521620810740295,2.590445458675533],[32.537272372598835,2.588098677611042],[32.552005825152214,2.587841675989258],[32.559661570008295,2.590124462954872],[32.57108795382187,2.587300236324916],[32.57723620941234,2.587074288666185],[32.58366433752887,2.584970504414897],[32.58699770341064,2.593842434217652],[32.58806321044841,2.593808732182551],[32.592295364058224,2.590833755184073],[32.59948985334395,2.588216589263331],[32.60143183127554,2.588692523913181],[32.612674201688925,2.587907315435741],[32.62050441943744,2.588847920695681],[32.62057145522176,2.584884162602523],[32.61930820130562,2.579008241490781],[32.61815423348845,2.577134846117617],[32.61884486331194,2.575900706430524],[32.62281377626332,2.575669538184222],[32.62100389049937,2.572918046241397],[32.62030730773333,2.568041107602225],[32.612947528924906,2.5613598941122],[32.61396826199329,2.557889384886158],[32.61209846392213,2.554750517349086],[32.60318576081809,2.554613360368132],[32.602400636945816,2.55286617706847],[32.59809098208256,2.548591165558865],[32.59717272448249,2.545450773272849],[32.60137136162064,2.542596775846017],[32.603768337717526,2.541878693620159],[32.59858843237804,2.537391746476188],[32.59749967387913,2.532068721926252],[32.59258193534714,2.532286729718402],[32.58698652058409,2.531012692326589],[32.58832172460337,2.529342863656247],[32.591519698736256,2.528214968376789],[32.593449013479606,2.525638965091177],[32.59139958390153,2.521568456609622],[32.58694523898258,2.521454244045004],[32.58553372426726,2.522378064590903],[32.58081354308004,2.516613232850369],[32.58228711036267,2.515231264418233],[32.58920601746271,2.514112757802266],[32.58399957603252,2.505095421239924],[32.583214249060475,2.501034114443565],[32.58434255939751,2.496688384793826],[32.58027570681712,2.495279729343568],[32.57432008914908,2.487228956617693],[32.567722387113605,2.483653006538037],[32.568170241646975,2.478850587392444],[32.56352007893027,2.476437902786698],[32.556747823798496,2.470536637283327],[32.55516570248999,2.470998310695313],[32.55432372564472,2.468619631768692],[32.555107073376504,2.465879778832018],[32.551051105239125,2.46319081134678],[32.54719016878354,2.45588035872169],[32.540364962467166,2.453005647283443],[32.534336420501766,2.45246426362747],[32.5317144043039,2.450801569138505],[32.53141027785765,2.451768597061398],[32.53326427671732,2.453299560900879],[32.533394108142325,2.455968419364101],[32.534986575725036,2.458529882043062],[32.53510435663392,2.460251806531017],[32.538063487136164,2.463638345955293],[32.5396294084186,2.471439447145711],[32.53616500701797,2.477860642322709],[32.525730495260774,2.485259268405554],[32.523968307185186,2.48865555017333],[32.52519109365123,2.492615697603008],[32.52961558977237,2.49565860217378],[32.53105370455722,2.498298389439008],[32.53093926111454,2.514589513296105],[32.53557579850968,2.520696113354714],[32.53448178014012,2.531684102713559],[32.528968977134944,2.542391147937699],[32.52809462426958,2.54603806914247],[32.528412850947255,2.552231977653212],[32.53046751908009,2.555605444938282],[32.52266489367198,2.562962877649384],[32.52118729794429,2.563187937344366],[32.51816147158381,2.56002530792741],[32.51334493727584,2.558222341198317],[32.50985997928311,2.5558280675806],[32.49916125827531,2.557005437951285],[32.4989763288292,2.56591410828008],[32.50452587743934,2.565115020596119],[32.5133423460598,2.566132464980431]]]}},{"type":"Feature","properties":{"n":"Acaba","c":"321102","d":"Oyam","od":"Oyam","dc":"321","k":"ACABA","a":["ACABA"],"lat":2.341555,"lon":32.494915},"geometry":{"type":"Polygon","coordinates":[[[32.398042971771645,2.290779001088791],[32.401061562883896,2.292862351835299],[32.402298369562125,2.293054502673949],[32.404059837940764,2.291620183714604],[32.40591330674533,2.293631069916301],[32.40637301058609,2.296992914204266],[32.40453929193281,2.29864247923821],[32.405228535077796,2.299289917464067],[32.40546152865272,2.302972875274971],[32.403089167430146,2.307027517595905],[32.40411015678885,2.308272123905924],[32.404084788052785,2.30977955804324],[32.40738951533912,2.311025067978675],[32.40649376535252,2.314195284846618],[32.40699165081024,2.315511492047252],[32.410204468122174,2.314771755685383],[32.411226100065406,2.315226341839197],[32.411248744946434,2.316446515183725],[32.40972479143351,2.31761859231084],[32.40972352844938,2.318599538308711],[32.41267126169244,2.319845022097438],[32.41167086092968,2.321280381166394],[32.41321499493654,2.323003954311906],[32.41537961934715,2.322861641651848],[32.417364492035524,2.324166707729616],[32.41647997456032,2.327706623482642],[32.415265839649166,2.328448267308175],[32.41519785142374,2.330533316696581],[32.41926672702876,2.334491876707635],[32.42340181649758,2.337005864844663],[32.42242581147008,2.338417575828875],[32.423565841771804,2.339806209090781],[32.42297856346364,2.343334506631557],[32.423807526286225,2.346110274996033],[32.42356438518821,2.350297335873611],[32.42753620903576,2.351232834058764],[32.43106435153386,2.354812127097593],[32.42987115811908,2.357825718029277],[32.42944921943617,2.362191899472927],[32.431086278029326,2.365709687245635],[32.426585036872936,2.369391807578839],[32.425607630789024,2.370922466467987],[32.42619763543085,2.372359098691625],[32.424079498902245,2.372511410792083],[32.421756499064536,2.377798759161069],[32.42261656933369,2.384223309839294],[32.42736532692186,2.391284390219493],[32.426481952513356,2.393915441135608],[32.42775334618476,2.395100609575259],[32.43132208520018,2.395940851950226],[32.432033278642336,2.397065087253434],[32.43481581260049,2.397593038138564],[32.43457563149693,2.399698177329747],[32.43281282966721,2.401396111548115],[32.432644738603784,2.402592294294773],[32.43434104736651,2.40629066383504],[32.433600024150365,2.409016903605548],[32.43400145406164,2.41136186150444],[32.434765436822495,2.412330399443988],[32.438568694636636,2.411963153713126],[32.44253554222299,2.419467757890051],[32.445793879708134,2.42073914776549],[32.44852621523149,2.423299441327535],[32.45069080001748,2.423444348952768],[32.45283068481816,2.424785379113027],[32.45566288445958,2.424045349369609],[32.45633146897583,2.421893393125782],[32.45744996877665,2.421940928517487],[32.457926621143685,2.42105673014491],[32.46022206562535,2.421787035112471],[32.46241296632186,2.420950847407549],[32.464195801325396,2.421334758820555],[32.465434473536725,2.419039698364754],[32.4679818712999,2.418848784786181],[32.46886117452226,2.419662648084074],[32.46983776497316,2.419137658680098],[32.47135857479204,2.419988148404734],[32.47173846640908,2.411502757353245],[32.47329162949494,2.410053557077428],[32.4752344105145,2.404267408604796],[32.483795843883016,2.389791158112518],[32.48188950287455,2.383713889174524],[32.48216111319945,2.380286017423468],[32.48351498180648,2.378702442660552],[32.48337745573431,2.37731243666705],[32.48630962935862,2.374765009530732],[32.492571010820924,2.378043107901089],[32.50115240487072,2.375544914357288],[32.50221766547004,2.374063752675771],[32.49950782856142,2.373562696062579],[32.49792863069356,2.370556355218703],[32.49882733222357,2.361740235555847],[32.50077381789308,2.361599129344109],[32.50303007104509,2.359419679944294],[32.508047408382694,2.357745337856405],[32.507364325014464,2.35482248738282],[32.50572249739461,2.354614645371075],[32.50555836302684,2.349363986730189],[32.51480559364889,2.351924161663071],[32.515748343282965,2.352595680373301],[32.51576128278038,2.353953566837909],[32.521026476890356,2.355169635480759],[32.52163462703646,2.352581663260399],[32.52104670246649,2.348420325820618],[32.53077525918317,2.353046979566047],[32.53591716945222,2.351190902506602],[32.53625842705106,2.354659207931745],[32.54362241536949,2.356764910275065],[32.54591903641077,2.358609111297854],[32.54865653630459,2.359011825467754],[32.55300878064816,2.358066488553844],[32.55099333218274,2.364512091561806],[32.55308206545249,2.369917962236434],[32.5503462049728,2.373656896508618],[32.54859919896486,2.374185543398726],[32.547457395281,2.376748479893231],[32.551300647610304,2.380504013248204],[32.5535000529921,2.380201753427628],[32.551408727911785,2.384534009013907],[32.5484350514534,2.388135576288121],[32.547174847790956,2.392390930755662],[32.54804307880302,2.393109519741835],[32.547619995153,2.397634541041958],[32.54664119550657,2.397412677283109],[32.54642384218085,2.398206015205073],[32.54756236428741,2.403000456903058],[32.550889907141986,2.406004416348312],[32.55057790902036,2.401780742633881],[32.551315691929105,2.399319380906136],[32.553458253384,2.397022647424018],[32.55630137045655,2.395648356786745],[32.55751381392021,2.389822402977293],[32.55913671154965,2.387228092652157],[32.563859729118896,2.383199644136058],[32.565740377992604,2.380066540122464],[32.56449619404158,2.371393299477633],[32.565052431805,2.365804009643839],[32.56456824274772,2.363922811953525],[32.56641419218704,2.361789110266659],[32.56729935055109,2.356230690055272],[32.56635653443062,2.343302934518059],[32.56722839852448,2.335650061337692],[32.56682216513396,2.332422118794766],[32.573262608782784,2.327202609967702],[32.576408611414315,2.326848038205886],[32.57427592374962,2.325282489883478],[32.57094915915859,2.326974346557603],[32.56944549093631,2.325910877501481],[32.568135942363334,2.328507848894076],[32.56650234436543,2.329549573197862],[32.56725643469473,2.325525960156652],[32.56055813348781,2.323373118432877],[32.56205464891493,2.321918584557908],[32.56146976381346,2.313654724421483],[32.55938596818998,2.312838795978235],[32.55651876691149,2.314823126848099],[32.55530896689574,2.314783207091649],[32.55161067169334,2.312684507887193],[32.539307456901476,2.312137961929449],[32.533867820811786,2.308405535388093],[32.529307299011,2.308451009472842],[32.52370826064229,2.304555787087871],[32.52774153238794,2.300390390892971],[32.52747774761063,2.298631823303988],[32.5263717865743,2.298854196563227],[32.521707517399236,2.297017174140243],[32.51830017981241,2.29745503756265],[32.51512237580321,2.299778996947758],[32.5111094994526,2.299228689653239],[32.503521994589214,2.293680754042411],[32.50148734751577,2.290839028989003],[32.49796172091043,2.298352926752331],[32.4940804360633,2.293929816271814],[32.48694915049573,2.292962833561723],[32.48444126696632,2.291381277058643],[32.487474808830484,2.280712174625584],[32.48678223652642,2.273433445894022],[32.48578380314809,2.271304310818215],[32.47940473419275,2.264584014084375],[32.462457489094014,2.259284631168553],[32.463500711042606,2.275201857685452],[32.45603347571107,2.274118669137216],[32.447951092752035,2.274212712065814],[32.44436784090198,2.276486614097847],[32.441904585030784,2.276736410555749],[32.43215776539771,2.271706573156222],[32.429265847985135,2.272889220407918],[32.423334870931754,2.278795298607051],[32.42002559593499,2.280683542203214],[32.41420830129242,2.280907247421446],[32.40862121302568,2.278511539672208],[32.40175745375556,2.278997924788918],[32.397707385273414,2.283541332171477],[32.39611960850341,2.288002474744958],[32.39749907637794,2.288410519177965],[32.398042971771645,2.290779001088791]],[[32.54647526698361,2.318577863170542],[32.5455039355148,2.320402822782507],[32.543855750596954,2.321123594208734],[32.538466071027784,2.321780231739243],[32.53725588784909,2.320183875885192],[32.53825712655882,2.316554836241405],[32.54647526698361,2.318577863170542]]]}},{"type":"Feature","properties":{"n":"Aleka","c":"321103","d":"Oyam","od":"Oyam","dc":"321","k":"ALEKA","a":["ALEKA"],"lat":2.537464,"lon":32.755622},"geometry":{"type":"MultiPolygon","coordinates":[[[[32.69958786747241,2.6099699879580784],[32.73904194241107,2.605733336501346],[32.748113557468585,2.6064022390753308],[32.75024852245817,2.606243910269614],[32.76818699171546,2.603309288858366],[32.77548798981836,2.6043721537098783],[32.78584773361257,2.6036038760704465],[32.78590037915394,2.6035846442654083],[32.7863,2.5874],[32.78636814082584,2.586687618638864],[32.78578004335357,2.580733040228733],[32.786467151333284,2.578625276684632],[32.787235145433606,2.5776234795577686],[32.7874,2.5759],[32.79617585897902,2.563900356089906],[32.79632254951985,2.560651603376389],[32.79234865726589,2.546391223202218],[32.79131521328657,2.539917163794139],[32.79143295697893,2.5350104282662222],[32.7912,2.5339],[32.791477612308725,2.533149505707771],[32.79157024315165,2.529289298516795],[32.795068083580524,2.519548969137076],[32.797961681848534,2.502614062203267],[32.80047301851518,2.501432146481034],[32.802795164527566,2.501882640074954],[32.8027529844686,2.5015755824051356],[32.796606321207214,2.4910144973469444],[32.795995466585246,2.490667665507381],[32.795767584403336,2.490354006584217],[32.795681632476004,2.489801935938637],[32.79538635328555,2.489467994183426],[32.7952889607063,2.4887510324862774],[32.792218465038744,2.4834753626574737],[32.786155841206494,2.481658399213366],[32.78138250429106,2.47746862106045],[32.7739,2.4735],[32.773615267308436,2.47348027825513],[32.76554260172682,2.473087619189289],[32.764976849675946,2.4728819462979015],[32.75874588369373,2.4724503642385267],[32.757135763574084,2.472579414931233],[32.75686615871561,2.4723201668374455],[32.75084006354348,2.4719027749640508],[32.75076749062934,2.471940437885722],[32.748647803480885,2.471830844747185],[32.745859716108114,2.470180587469],[32.74194758649449,2.4688190129466117],[32.73867870017004,2.470296972326474],[32.73709343010754,2.472481629365229],[32.735452699367585,2.472938132952506],[32.73011305579691,2.471508636531476],[32.72658228538036,2.466213402373197],[32.72645768561621,2.4662212635546723],[32.713461391066474,2.470906622963158],[32.713901681930054,2.49632346220347],[32.712414263463884,2.50097257198441],[32.71607992211189,2.504306930411258],[32.72053316145362,2.506887697359446],[32.721798784492506,2.515790568395228],[32.72600493947972,2.521590028971425],[32.72605854299347,2.523421008421697],[32.72940560879046,2.526521015005242],[32.72059135085114,2.528669031819109],[32.71659056826248,2.530685822785179],[32.719488623037755,2.534732328181549],[32.72119961596144,2.546973324813708],[32.72307276151497,2.549859544126595],[32.723581368297076,2.556780421061418],[32.725267204171104,2.560631895038012],[32.72518613018117,2.562999638665642],[32.727367571170966,2.564467735011517],[32.72851742811479,2.568990600842509],[32.7280482211961,2.571238591107109],[32.72470163022198,2.575490886545166],[32.725285199745116,2.580524539869406],[32.72427441316017,2.583006026960501],[32.71957998969763,2.584501374645454],[32.71915245111679,2.586694543601401],[32.71030398189275,2.586957219721735],[32.70866200503107,2.588729868446781],[32.706745770671354,2.595665206275573],[32.702772109085394,2.602636804571242],[32.6984584753892,2.606650597910772],[32.69948051566684,2.6097044334916744],[32.69958786747241,2.6099699879580784]]],[[[32.795881464136805,2.490506160671949],[32.79588146405837,2.490506160730774],[32.79588146413847,2.490506160674232],[32.795881464136805,2.490506160671949]]]]}},{"type":"Feature","properties":{"n":"Iceme","c":"321104","d":"Oyam","od":"Oyam","dc":"321","k":"ICEME","a":["ICEME"],"lat":2.434774,"lon":32.556557},"geometry":{"type":"Polygon","coordinates":[[[32.510776876884535,2.42893323753496],[32.513487930241425,2.43034655618028],[32.51455629949314,2.433505000161371],[32.519988925852466,2.437706690931915],[32.52507766293918,2.439886523345479],[32.52696768517553,2.442269845454331],[32.526870896605715,2.444995503001893],[32.528272539973514,2.448106439246386],[32.53171440838954,2.45080155821905],[32.53184738804822,2.4508858978848274],[32.534336191303446,2.4524641182863456],[32.54036457909834,2.453005563238913],[32.54036472881184,2.4530056263003965],[32.540364962467166,2.453005647283443],[32.54719016878354,2.45588035872169],[32.54719033263441,2.455880668963529],[32.54719050675356,2.455880742305024],[32.55105125695457,2.4631909119289057],[32.555107073376504,2.465879778832018],[32.55432384946033,2.468619198708709],[32.55516644034294,2.470998095384964],[32.556747823798496,2.470536637283327],[32.56351997414288,2.4764378114761696],[32.56626036281462,2.477859668248666],[32.568170241646975,2.478850587392444],[32.567722387113605,2.483653006538037],[32.57204621781789,2.4859965198807523],[32.5743196458489,2.487228654059185],[32.574319722759974,2.4872287580350427],[32.57432008914908,2.487228956617693],[32.58027570681712,2.495279729343568],[32.584215466711925,2.4966443630839903],[32.584342480650065,2.496688308255295],[32.584342468914436,2.4966883534527646],[32.58434255939751,2.496688384793826],[32.583214249060475,2.501034114443565],[32.58399957603252,2.505095421239924],[32.58920601746271,2.514112757802266],[32.582335007454915,2.515223521401339],[32.58228706301758,2.515231308820293],[32.58081354308004,2.516613232850369],[32.58553372426726,2.522378064590903],[32.58694523898258,2.521454244045004],[32.58694601309111,2.521454263893696],[32.58694607089972,2.521454225965309],[32.587326880608735,2.5214640296071194],[32.59139958390153,2.521568456609622],[32.593449013479606,2.525638965091177],[32.591519698736256,2.528214968376789],[32.58832172460337,2.529342863656247],[32.58698652058409,2.531012692326589],[32.58707563199209,2.531032982380256],[32.59323227227588,2.5322578996947915],[32.59589894881329,2.5321396835146266],[32.597313657242765,2.531898657940803],[32.59735460949855,2.532075152761304],[32.59749967387913,2.532068721926252],[32.59858843237804,2.537391746476188],[32.6036711464031,2.5417945043807637],[32.603768352768576,2.541878693350281],[32.611576632755465,2.542304189925117],[32.614526599659015,2.538987420867713],[32.616032557628856,2.540579492175361],[32.61749576400654,2.540865000921755],[32.62751344587469,2.541388528675069],[32.62878668294323,2.542150376038373],[32.62973674861105,2.544843124302816],[32.63226357018347,2.537372846386421],[32.637065088196614,2.537912315294424],[32.63709857463568,2.538509143572246],[32.63947998661275,2.537459538528188],[32.64296988347728,2.534377940154415],[32.6459869645659,2.529190824298987],[32.64627865896812,2.527097345019281],[32.64999279058577,2.522700249770965],[32.651250720351555,2.520013648704907],[32.64910248138662,2.51470504703625],[32.64905139022695,2.500960256723901],[32.65824975117128,2.498412448263853],[32.661033822219906,2.496580224088921],[32.66348459839194,2.493011178987136],[32.664525162900354,2.489611734832695],[32.67147317455219,2.48363443728278],[32.67174797487078,2.480871266185113],[32.66792120735998,2.474433776545813],[32.667769351442836,2.470646866087192],[32.66965858613848,2.471994212103884],[32.67258419959884,2.472426260930579],[32.6763440259492,2.470609599347843],[32.680613285669104,2.46992974385878],[32.684204519501975,2.471821410116166],[32.68831961052355,2.472206003536894],[32.693256215886976,2.470043027359022],[32.69542240604127,2.467005408553101],[32.70705868720862,2.458911900914533],[32.70705345786816,2.458817775567089],[32.695171865001406,2.437826961502493],[32.69505729424878,2.437726274784327],[32.6950956772084,2.437632379188545],[32.694458293337966,2.427661874358191],[32.69402177493286,2.427333594683592],[32.69437179953999,2.4263088642326744],[32.6937,2.4158],[32.691779209867896,2.4159877464038897],[32.69127912208871,2.416260943562929],[32.69021853878003,2.416140293201952],[32.6804,2.4171],[32.680267458236386,2.416954835211281],[32.676677941990846,2.413810686467002],[32.67297539446068,2.4089682891712245],[32.666809731753325,2.40221542049174],[32.665515775284675,2.401761541300242],[32.66364932712107,2.400049971592138],[32.662334923592184,2.3973144401247786],[32.6615,2.3964],[32.65828869993771,2.396642362268852],[32.656086385022356,2.3971946583477],[32.648976652965686,2.39726539453578],[32.64236219366131,2.392387881244039],[32.63579700814064,2.385937368748807],[32.638253816028474,2.3846865528877],[32.63439175390593,2.382347316948132],[32.63353453616845,2.378063703721666],[32.63086940572729,2.376540655844043],[32.62625338436744,2.370568402704504],[32.62431809118855,2.368975550816971],[32.62049928133354,2.368264535495235],[32.615966169931404,2.364231051757367],[32.61465314143939,2.360793025852063],[32.61469768770337,2.360572238782298],[32.6145,2.3411],[32.61469001636488,2.341017004346374],[32.61440658780821,2.340278038411254],[32.615930478921875,2.338337853911221],[32.62222398799402,2.3377263040945646],[32.62276751466711,2.3374889016396505],[32.62325278083622,2.3370446088569903],[32.62358543364428,2.335434998495423],[32.62317453674342,2.332946780525662],[32.62084552035142,2.329357539886101],[32.62092981120295,2.326713280583724],[32.61648126157848,2.328601150364805],[32.60539898926692,2.32887909863146],[32.60375619752662,2.327344754170055],[32.600272387932336,2.326643104620829],[32.59727572325072,2.327598900436438],[32.58671565957492,2.327098221125333],[32.58125879181897,2.328853925471053],[32.579950701513944,2.32880596221465],[32.57695296684355,2.326879015107089],[32.57640854663982,2.326848045506327],[32.573947896507484,2.3271253742802736],[32.57017900419668,2.3297016460953266],[32.56682216513396,2.332422118794766],[32.56722288390097,2.335606241976106],[32.56722838351296,2.335649843523885],[32.56722837762122,2.335649895239813],[32.56722839852448,2.335650061337692],[32.56635653443062,2.343302934518059],[32.56729935055109,2.356230690055272],[32.56641419218704,2.361789110266659],[32.56641397789285,2.361789357965682],[32.56641393990508,2.361789596489205],[32.56626855532289,2.3619574494508635],[32.56456824274772,2.363922811953525],[32.565052431805,2.365804009643839],[32.56449619404158,2.371393299477633],[32.565740377992604,2.380066540122464],[32.563859729118896,2.383199644136058],[32.55913671154965,2.387228092652157],[32.55751381392021,2.389822402977293],[32.55630137045655,2.395648356786745],[32.55630097708634,2.395648546931922],[32.5563008865425,2.395648981899633],[32.554352612017794,2.396590337158411],[32.553458253384,2.397022647424018],[32.55345471699657,2.3970264382788424],[32.551287929219875,2.3994120017423515],[32.551182675357225,2.399763145454348],[32.55069056660534,2.4033058443810345],[32.55084598642894,2.405409839816045],[32.5518421040567,2.410155494526204],[32.55295974456362,2.410123736242585],[32.55099023897524,2.411754830882532],[32.539343318916536,2.417115613606617],[32.535324182062084,2.415104218657008],[32.529568250678516,2.414909231973376],[32.52908099390653,2.414179672973203],[32.52820068856431,2.414633711855333],[32.52702539166898,2.413915506612057],[32.5203651845181,2.415947656180283],[32.518731252303965,2.415301389708065],[32.5157195739296,2.415593506641426],[32.51165588955511,2.417837390679125],[32.50965812905341,2.417836218510092],[32.50302157895971,2.423432755067027],[32.50673637499548,2.424721130954208],[32.510776876884535,2.42893323753496]],[[32.596788555116866,2.433660416325455],[32.598159050038596,2.429763486025796],[32.59910064237024,2.428050810662079],[32.60361116162484,2.424672437336432],[32.60266349124077,2.421694100918602],[32.59933628084609,2.418881532301121],[32.59945516856012,2.412424707825434],[32.600635505331894,2.40947438136086],[32.60170226879394,2.40793242693825],[32.6058134627956,2.406962197548496],[32.60837358600234,2.408754309461025],[32.60743324871046,2.410826084145097],[32.609132179351256,2.412682060871989],[32.61655609645244,2.415266153373392],[32.62249735952964,2.416340093686868],[32.62348411517479,2.406011777147604],[32.62566682825484,2.406003545167193],[32.626285516473885,2.403071901410676],[32.62716564565018,2.388680758619583],[32.63161610848919,2.38751859876179],[32.63400785646594,2.390609175316541],[32.63018955113593,2.40048613935114],[32.630262504251746,2.405015896039244],[32.6375989286645,2.40898077975875],[32.639954855603406,2.411293642443013],[32.64773665037262,2.413492551347936],[32.64784990926645,2.415690891766258],[32.64980582238889,2.417860956496501],[32.65675866261119,2.417494192310382],[32.65769369689959,2.425358998732929],[32.65744621822759,2.428955897006672],[32.656241677746685,2.429420124476091],[32.65585989998906,2.43096355647568],[32.65695039765737,2.43327760252253],[32.65431704836529,2.438335345374707],[32.65336522802455,2.443351356509555],[32.659710816203585,2.446505820846034],[32.65677698867098,2.448757253438899],[32.65156406653172,2.4505481881133],[32.644499856814086,2.448322696561958],[32.63858932836316,2.448033000499387],[32.637027493349414,2.45602502173447],[32.634847458644956,2.461328190705597],[32.63006681322559,2.460907842301274],[32.6277826666352,2.461839593137711],[32.62272049236403,2.459618988583129],[32.61739055693546,2.459047887708004],[32.61494565769314,2.459379898846443],[32.61494782241858,2.464047415760968],[32.606387177097496,2.461915639155752],[32.60726282456707,2.459083949949736],[32.60506420277777,2.451274560474478],[32.60315694145345,2.448706436825095],[32.598578433458975,2.451517047496434],[32.59805291020734,2.450958838179643],[32.597508840287716,2.447058124862764],[32.59462156110781,2.440417563687622],[32.59704537817608,2.435888357854657],[32.596788555116866,2.433660416325455]]]}},{"type":"Feature","properties":{"n":"Iceme Town Council","c":"321105","d":"Oyam","od":"Oyam","dc":"321","k":"ICEMETOWNCOUNCIL","a":["ICEME","ICEMETOWNCOUNCIL"],"lat":2.426772,"lon":32.629234},"geometry":{"type":"Polygon","coordinates":[[[32.60315437237827,2.448706648977072],[32.60315506932632,2.4487075860685814],[32.60315694145345,2.448706436825095],[32.6050530332256,2.4512595206942898],[32.605063779329676,2.451273969522898],[32.605063788753355,2.4512740029914166],[32.60506420277777,2.451274560474478],[32.60726282456707,2.459083949949736],[32.60638723480847,2.4619154525286415],[32.609194962834806,2.4626148355040134],[32.61494782241858,2.464047415760968],[32.61494565769314,2.459379898846443],[32.61739055693546,2.459047887708004],[32.61739063204271,2.4590478957557216],[32.61739070729986,2.459047885463729],[32.6200633846751,2.4593342803447675],[32.62272049236403,2.459618988583129],[32.62272054741173,2.4596190127306907],[32.622720585772846,2.459619016841336],[32.62278148599099,2.4596457444233213],[32.6277826666352,2.461839593137711],[32.63006681322559,2.460907842301274],[32.634847458644956,2.461328190705597],[32.637027493349414,2.45602502173447],[32.63858932836316,2.448033000499387],[32.644499856814086,2.448322696561958],[32.64450028341337,2.4483228309567653],[32.64450049808064,2.44832284146336],[32.64512125068903,2.4485184589860673],[32.65156406653172,2.4505481881133],[32.65640818771351,2.448883957503343],[32.65677703125366,2.448757220760751],[32.659710816203585,2.446505820846034],[32.65336522802455,2.443351356509555],[32.65431704836529,2.438335345374707],[32.654317147938066,2.4383351541302454],[32.65431717526365,2.438335010093475],[32.65440715875161,2.4381622748429383],[32.65695039765737,2.43327760252253],[32.65591843193674,2.4310877618051148],[32.65585999523265,2.430964050418039],[32.65586004260716,2.4309638591125857],[32.65585989998906,2.43096355647568],[32.656241677746685,2.429420124476091],[32.65744621822759,2.428955897006672],[32.65769369689959,2.425358998732929],[32.65675866261119,2.417494192310382],[32.64980582238889,2.417860956496501],[32.64917196968636,2.417157703689332],[32.6478504614518,2.415691765749437],[32.64785044729029,2.4156914886979677],[32.64784990926645,2.415690891766258],[32.64773665037262,2.413492551347936],[32.639954855603406,2.411293642443013],[32.6375989286645,2.40898077975875],[32.630262504251746,2.405015896039244],[32.63018955113593,2.40048613935114],[32.63400785646594,2.390609175316541],[32.63161610848919,2.38751859876179],[32.62716564565018,2.388680758619583],[32.626326103926644,2.4024082490243233],[32.62628553971224,2.403071746488058],[32.626285520345384,2.403071838107177],[32.626285516473885,2.403071901410676],[32.62566682825484,2.406003545167193],[32.62348411517479,2.406011777147604],[32.62249735952964,2.416340093686868],[32.61655609645244,2.415266153373392],[32.609132179351256,2.412682060871989],[32.60913207949505,2.4126819517852534],[32.60913200832334,2.412681927012188],[32.607748201873854,2.411170151011212],[32.60743324871046,2.410826084145097],[32.608373481168776,2.4087545404329527],[32.60581336960351,2.4069622195415477],[32.60286308582845,2.4076584776177965],[32.60170215899059,2.407932585653625],[32.60063550634998,2.4094743798892684],[32.600635505330956,2.4094743813631965],[32.600258687168974,2.4104162622078977],[32.59945516419404,2.412424944948445],[32.59933628084609,2.418881532301121],[32.60258012637385,2.4216236306505134],[32.60266310439495,2.421693706917182],[32.60266313353984,2.4216937985456575],[32.60266349124077,2.421694100918602],[32.60361116162484,2.424672437336432],[32.60355549324112,2.424714132886775],[32.5990273333399,2.428184153475083],[32.598950154761674,2.428324534662447],[32.59798051043419,2.430271154009879],[32.59710267195156,2.4327672416107173],[32.59704509762563,2.435885924077941],[32.59704537817608,2.435888357854657],[32.59704504106618,2.4358889877867234],[32.597045039091746,2.435889094737909],[32.59701888854923,2.4359378570408756],[32.59462156110781,2.440417563687622],[32.597508840287716,2.447058124862764],[32.597845128643186,2.449469146717097],[32.59857275112238,2.451511011734522],[32.598578433458975,2.451517047496434],[32.599031346391214,2.4512390176399643],[32.60315437237827,2.448706648977072]]]}},{"type":"Feature","properties":{"n":"Ngai","c":"321106","d":"Oyam","od":"Oyam","dc":"321","k":"NGAI","a":["NGAI"],"lat":2.509511,"lon":32.48816},"geometry":{"type":"Polygon","coordinates":[[[32.434289132980304,2.4669265336634143],[32.43442146530116,2.466897120206005],[32.434570133988885,2.4674929263213397],[32.436504406036285,2.4713916934168787],[32.43671038114103,2.471526378907623],[32.437634581538056,2.473632164923559],[32.43761818748044,2.4736843237729143],[32.43947560365493,2.482295980581928],[32.44006088279358,2.484101287159069],[32.44004084443074,2.484916642360702],[32.4464,2.5144],[32.44639435723751,2.5144374204249273],[32.447785102335715,2.517487878588141],[32.444520916724784,2.526991612784552],[32.44454963123331,2.5270720002398672],[32.4516,2.5373],[32.45158425773214,2.5377182945461287],[32.45182662822629,2.538010539941291],[32.452003388956726,2.541674119795079],[32.45136418534274,2.543565932321351],[32.45122265083873,2.5473267062850735],[32.45201274625075,2.54898767574672],[32.45109406427809,2.550743434896512],[32.450918362692036,2.5554120770401716],[32.45189501745972,2.556788559472929],[32.454086030922795,2.557097305891482],[32.458338272869895,2.560225036974552],[32.45833679809535,2.56401487322227],[32.45682658182089,2.566340610461675],[32.47015595550996,2.5898224086704014],[32.470183624501175,2.589857174080569],[32.480248883615175,2.613792622604113],[32.495654488716156,2.615373173415799],[32.51898464734448,2.619578520690214],[32.5198,2.6197],[32.5421,2.6202],[32.55944600836534,2.6173772899772927],[32.56512218459554,2.604377111848176],[32.57334322206231,2.605378029429856],[32.575591161811886,2.604254312348879],[32.57925096169244,2.604376201494072],[32.57950193379341,2.594081437974444],[32.58699769177086,2.593842434883664],[32.58698551390793,2.593809991210743],[32.58366433752887,2.584970504414897],[32.57723620941234,2.587074288666185],[32.577236113275895,2.587074292199188],[32.57723604852297,2.587074313418343],[32.575904972663814,2.5871232114577185],[32.57108808500449,2.5873002315039706],[32.56885095627329,2.587853148615535],[32.559661570008295,2.590124462954872],[32.552005825152214,2.587841675989258],[32.537272372598835,2.588098677611042],[32.521620810740295,2.590445458675533],[32.52131367093682,2.585398314222769],[32.51645029771105,2.582661817420956],[32.51380909722651,2.57921159800113],[32.511063411329836,2.573286114356786],[32.511040721471296,2.572282099841855],[32.51159074366227,2.5715201427132652],[32.514450439879006,2.56755819128694],[32.5133423460598,2.566132464980431],[32.50452587743934,2.565115020596119],[32.4989763288292,2.56591410828008],[32.49916125827531,2.557005437951285],[32.50985997928311,2.5558280675806],[32.51334493727584,2.558222341198317],[32.51816147158381,2.56002530792741],[32.52118729794429,2.563187937344366],[32.52266489367198,2.562962877649384],[32.53046751908009,2.555605444938282],[32.528412850947255,2.552231977653212],[32.528412847254714,2.5522319057822633],[32.52841282972026,2.552231877073762],[32.52809460415257,2.546038213820351],[32.52809462684123,2.5460381191967247],[32.52809462426958,2.54603806914247],[32.528968977134944,2.542391147937699],[32.5327891575633,2.534971538607852],[32.53448178528491,2.5316840510408536],[32.534565972501234,2.5308385001224574],[32.53557559422579,2.5206958443004797],[32.53093926111454,2.514589513296105],[32.530939265835315,2.5145888412894255],[32.53093912683329,2.514588658232848],[32.53100927776536,2.504622582000351],[32.53105370455722,2.498298389439008],[32.52961558977237,2.49565860217378],[32.52519109365123,2.492615697603008],[32.523968307185186,2.48865555017333],[32.5239684526819,2.4886552697561366],[32.52396840052656,2.488655100825215],[32.525400681277475,2.4858949220192335],[32.525730495260774,2.485259268405554],[32.52573054619952,2.485259232287265],[32.52573055323622,2.485259218726679],[32.52933524905425,2.4827033054569054],[32.53616500701797,2.477860642322709],[32.53641332543641,2.477400389353592],[32.53962935489123,2.4714391804832583],[32.538063487136164,2.463638345955293],[32.53510435663392,2.460251806531017],[32.535039180382675,2.459298947666938],[32.53498639340111,2.458529588777482],[32.533394108142325,2.455968419364101],[32.53339408874169,2.455968020558082],[32.533165010223,2.45321759029314],[32.53141027785765,2.451768597061398],[32.53141083807739,2.451766815736101],[32.53162485460522,2.4507314340672726],[32.528272539973514,2.448106439246386],[32.52694180786535,2.4451528899755],[32.52687097768843,2.444995709972158],[32.52687097857493,2.444995684931908],[32.526870896605715,2.444995503001893],[32.5269001535742,2.4441715991345476],[32.526967489826404,2.4422695991186676],[32.52507773070964,2.439886608804176],[32.52122702605275,2.4382370486418594],[32.519988925852466,2.437706690931915],[32.51998294596439,2.4377020659791047],[32.51484113249193,2.433815668690701],[32.514801771339,2.433694852494476],[32.51455629949314,2.433505000161371],[32.513526099348205,2.4304593963667456],[32.510782016775075,2.4289359170481153],[32.510776876884535,2.42893323753496],[32.50673637499548,2.424721130954208],[32.50302157895971,2.423432755067027],[32.503227453629755,2.4232591430094397],[32.502729272881915,2.423615725797486],[32.496621601910775,2.424492479395376],[32.493076570927734,2.423293744368865],[32.490439348855894,2.420660794809162],[32.489013136324665,2.421114706808633],[32.48584363348694,2.420186874858718],[32.48826723115082,2.41041458536751],[32.480132887015834,2.404789313133664],[32.48013288776361,2.406302634667504],[32.482412130932616,2.410630545784132],[32.479063981230546,2.414063032841888],[32.471697667534215,2.417113701495139],[32.47135947370666,2.4199680699356447],[32.47135857479204,2.419988148404734],[32.47135718672459,2.4199873721491536],[32.47135705187104,2.419988510318096],[32.470306675899934,2.4193998899729525],[32.46983776497316,2.419137658680098],[32.46886117452226,2.419662648084074],[32.4679818712999,2.418848784786181],[32.465435347807016,2.419039632842961],[32.46478722276834,2.4202389499746118],[32.464195801325396,2.421334758820555],[32.46419511472153,2.421334610968925],[32.464194983246514,2.421334854255674],[32.46241252592107,2.420951015492633],[32.46168514429777,2.421228630799962],[32.460223656886015,2.421787036042996],[32.46022278791698,2.4217867594398297],[32.46022206562535,2.421787035112471],[32.457926621143685,2.42105673014491],[32.45744996877665,2.421940928517487],[32.4563315176636,2.4218933951949753],[32.45566371705621,2.424044639066278],[32.45566305105009,2.4240448131688996],[32.45566288445958,2.424045349369609],[32.45283068481816,2.424785379113027],[32.45069080001748,2.423444348952768],[32.44977992582661,2.4233833706918384],[32.448526646241966,2.423299591976483],[32.448526506302265,2.4232994608132006],[32.44852621523149,2.423299441327535],[32.445793879708134,2.42073914776549],[32.44253554222299,2.419467757890051],[32.43953682976934,2.4137947015108576],[32.43659357901959,2.421519769971312],[32.43828645886256,2.427706116258219],[32.43719004946711,2.4294511639612],[32.435357338904176,2.430000772186001],[32.434913792818115,2.432810365175987],[32.43379432973888,2.433576714528328],[32.434124882718315,2.435250969615217],[32.4318629492629,2.43682943006891],[32.42979817724438,2.441960166997435],[32.425512416196,2.444445869774669],[32.42483319901835,2.447796982710154],[32.42484910240869,2.447898972042524],[32.434289132980304,2.4669265336634143]]]}},{"type":"Feature","properties":{"n":"Otwal","c":"321107","d":"Oyam","od":"Oyam","dc":"321","k":"OTWAL","a":["OTWAL"],"lat":2.532532,"lon":32.680978},"geometry":{"type":"Polygon","coordinates":[[[32.62030652539979,2.568040179745162],[32.620306561166586,2.568040429868301],[32.62030730773333,2.568041107602225],[32.62087042651586,2.5719836337209747],[32.62100408724321,2.5729183453426456],[32.62197661187643,2.5743968329609275],[32.62281260142194,2.575667366532956],[32.622812357230565,2.575667380889396],[32.62281377626332,2.575669538184222],[32.61884486331194,2.575900706430524],[32.61828365870346,2.5769035662207407],[32.61815430476056,2.57713496182348],[32.61930820130562,2.579008241490781],[32.62057145522176,2.584884162602523],[32.620510133468485,2.588510055821832],[32.62050443094198,2.58884792118134],[32.62680877746109,2.589727611357268],[32.63040991702029,2.591237792724289],[32.633180789131664,2.596416753389116],[32.63941233898476,2.604364396280695],[32.64421170475305,2.6035833971268003],[32.651809780571085,2.600274590742486],[32.65568231969647,2.6017167878709158],[32.6564,2.6016],[32.66629986103744,2.6053999466608344],[32.68915473996317,2.604747877760703],[32.69202282627148,2.60531808017111],[32.6977,2.6053],[32.69779020817725,2.6055231465437445],[32.69837157151053,2.606491600011629],[32.69940611276135,2.6057688307417197],[32.70174139520479,2.603595873606836],[32.70674562618438,2.595665459771029],[32.706745770671354,2.595665206275573],[32.70866200503107,2.588729868446781],[32.71030398189275,2.586957219721735],[32.71915245111679,2.586694543601401],[32.71957998969763,2.584501374645454],[32.71959478885773,2.5844966605650206],[32.724448523376644,2.582578585341231],[32.72528331450379,2.5805291681480957],[32.7252850665991,2.580523391401446],[32.72470163022198,2.575490886545166],[32.724701931566344,2.5754905036464857],[32.72470192995787,2.575490489773395],[32.728048239198536,2.57123850485667],[32.72848467478509,2.569147523435429],[32.72851742115615,2.56899057347128],[32.727965549251365,2.5668198316284374],[32.72736749134081,2.5644676812863114],[32.72518613018117,2.562999638665642],[32.72518617461342,2.5629983410340613],[32.7251861671691,2.562998336020603],[32.72526694243906,2.56063129708292],[32.723581368297076,2.556780421061418],[32.72358131653187,2.556779716665389],[32.72358125918143,2.556779585642782],[32.723260483058795,2.5524139687794944],[32.72307276151497,2.549859544126595],[32.72119961596144,2.546973324813708],[32.719488623037755,2.534732328181549],[32.71659056826248,2.530685822785179],[32.72059135085114,2.528669031819109],[32.72940560879046,2.526521015005242],[32.72605854299347,2.523421008421697],[32.72605853070647,2.5234205887244294],[32.72605809153586,2.523420182068161],[32.726031913575845,2.522511405430474],[32.72600493947972,2.521590028971425],[32.721798784492506,2.515790568395228],[32.72179874536733,2.515790293173926],[32.72179852644713,2.515789991328403],[32.721110667412816,2.510950092653415],[32.72053317475299,2.506887790912206],[32.71804192120807,2.505443959443662],[32.71607992211189,2.504306930411258],[32.712414263463884,2.50097257198441],[32.713854324066965,2.496471485042695],[32.71390168033446,2.4963233700940752],[32.71369447798838,2.484362120937717],[32.713461380179545,2.4709066268880604],[32.7071,2.4732],[32.7071,2.458950428574589],[32.70705869271551,2.458911911266075],[32.70373481503258,2.4612237894345435],[32.69542240604127,2.467005408553101],[32.693256215886976,2.470043027359022],[32.68831961052355,2.472206003536894],[32.684204519501975,2.471821410116166],[32.68420437279137,2.471821332837017],[32.68420432628404,2.471821328490598],[32.68328207879867,2.4713355186275874],[32.68061332199918,2.469929762995486],[32.67634402427436,2.4706096001570876],[32.67258419959884,2.472426260930579],[32.67258372225775,2.4724261904377887],[32.67258351504731,2.472426290550246],[32.67027993368327,2.472085971484039],[32.66965858613848,2.471994212103884],[32.669658523784186,2.471994167634655],[32.669658436709824,2.471994154770744],[32.66964465111413,2.4719842740588156],[32.667769351442836,2.470646866087192],[32.66792120735998,2.474433776545813],[32.66938393853509,2.4768944216616378],[32.67174787267289,2.480871034692353],[32.67174786760261,2.4808710857357505],[32.67174797487078,2.480871266185113],[32.67164277870797,2.481929034233429],[32.67147345485674,2.483633647405383],[32.671473234227825,2.4836338372325915],[32.67147317455219,2.48363443728278],[32.666115116712206,2.488243915159917],[32.66452509524143,2.489611955869184],[32.66348459839194,2.493011178987136],[32.66348454588576,2.4930112554514516],[32.66348452575545,2.493011321233414],[32.662129597301046,2.494984455886732],[32.661033822219906,2.496580224088921],[32.65824975117128,2.498412448263853],[32.65824928946458,2.4984125761497062],[32.65824922013954,2.498412621769326],[32.65805207511693,2.4984672015755236],[32.64905139022695,2.500960256723901],[32.649102377441785,2.5146770832944734],[32.649102482517556,2.5147050498309573],[32.651250720351555,2.520013648704907],[32.64999279058577,2.522700249770965],[32.64627865896812,2.527097345019281],[32.6459869645659,2.529190824298987],[32.64296988347728,2.534377940154415],[32.642969600927216,2.534378189647695],[32.64296959193676,2.534378205103946],[32.64296950423705,2.53437827502565],[32.63947998661275,2.537459538528188],[32.638641020590036,2.5378293119977564],[32.63813789038271,2.538230450384514],[32.63783245199769,2.5381856878290567],[32.63709857463568,2.538509143572246],[32.637074191501966,2.538074563362863],[32.63235972781911,2.5373836500644558],[32.63226357018347,2.537372846386421],[32.62973674861105,2.544843124302816],[32.628797809341684,2.5421819113218174],[32.62878659386513,2.5421503227380766],[32.62751344587469,2.541388528675069],[32.61749576400654,2.540865000921755],[32.61749560699719,2.5408649702852397],[32.61749560699305,2.540864970285024],[32.6174956045529,2.5408649698082977],[32.616032557628856,2.540579492175361],[32.614526599659015,2.538987420867713],[32.611596184210406,2.542282207420604],[32.611576833658866,2.542304069595492],[32.61157674374309,2.5423040651371664],[32.611576632755465,2.542304189925117],[32.61155009496103,2.542302743801175],[32.60365891977847,2.5419114728695353],[32.60295068194493,2.542123645615273],[32.59717421783349,2.545449758176815],[32.59717272448249,2.545450773272849],[32.59803334780992,2.5483940594034546],[32.59809116099117,2.5485913430293072],[32.602400636945816,2.55286617706847],[32.60318576081809,2.554613360368132],[32.61209846392213,2.554750517349086],[32.61396826199329,2.557889384886158],[32.612947528924906,2.5613598941122],[32.61685157688841,2.564903992188843],[32.62030652539979,2.568040179745162]]]}},{"type":"Feature","properties":{"n":"Oyam Town Council","c":"321108","d":"Oyam","od":"Oyam","dc":"321","k":"OYAMTOWNCOUNCIL","a":["OYAM","OYAMTOWNCOUNCIL","TOWNCOUNCIL"],"lat":2.386335,"lon":32.516317},"geometry":{"type":"Polygon","coordinates":[[[32.48241211198679,2.410630509809093],[32.48013288776361,2.406302634667504],[32.480132887015834,2.404789313133664],[32.48826723115082,2.41041458536751],[32.48584363348694,2.420186874858718],[32.489012030295136,2.421114383032448],[32.48949002354081,2.420962930810972],[32.490439348855894,2.420660794809162],[32.49044036932636,2.4206618136263836],[32.490440638988,2.420661728184059],[32.49307666754886,2.423293777040831],[32.496621161382905,2.424492330433014],[32.50019982548009,2.423978826907665],[32.502729272881915,2.423615725797486],[32.50273366759912,2.4236125801911608],[32.50964028536635,2.417851265913566],[32.50965812905341,2.417836218510092],[32.51154328301561,2.417837324608193],[32.51165598061764,2.417837340396245],[32.5157195739296,2.415593506641426],[32.516250411960414,2.415542018149497],[32.51654723206076,2.415393726410625],[32.51704065106891,2.415465369119852],[32.518731252303965,2.415301389708065],[32.5203651845181,2.415947656180283],[32.52242699826539,2.4153185595438877],[32.52702144114429,2.413915445066619],[32.52702282692802,2.413916289160876],[32.52702539166898,2.413915506612057],[32.52820068856431,2.414633711855333],[32.52908099390653,2.414179672973203],[32.529081564229344,2.4141805269051817],[32.52908210216397,2.41418025014038],[32.52942143232768,2.414689404039931],[32.529568250678516,2.414909231973376],[32.535324182062084,2.415104218657008],[32.539343318916536,2.417115613606617],[32.54975517812728,2.4123232981531566],[32.55099030876854,2.411754773081487],[32.55295974456362,2.410123736242585],[32.5518421040567,2.410155494526204],[32.55184034146759,2.410147097285662],[32.55088990744874,2.406004430087365],[32.55087774316657,2.4059934352459087],[32.54756236428741,2.403000456903058],[32.54642384218085,2.398206015205073],[32.54664119550657,2.397412677283109],[32.547619995153,2.397634541041958],[32.54804307880302,2.393109519741835],[32.547174847790956,2.392390930755662],[32.547175449820266,2.392388897871452],[32.547175445079475,2.392388893944638],[32.548434693701104,2.38813658753403],[32.54843478457657,2.388136477456368],[32.5484350514534,2.388135576288121],[32.55140862171924,2.3845341376289726],[32.552508528618766,2.3822557320489963],[32.5535000529921,2.380201753427628],[32.551300647610304,2.380504013248204],[32.547457395281,2.376748479893231],[32.54859919896486,2.374185543398726],[32.55034589519002,2.373656990249395],[32.553082044652854,2.3699179084046804],[32.55099333218274,2.364512091561806],[32.55300878064816,2.358066488553844],[32.548663868838446,2.3590102327917974],[32.54865666641914,2.359011810090635],[32.5486566310513,2.3590118048881275],[32.54865653630459,2.359011825467754],[32.54601489981542,2.35862321378294],[32.54591981167098,2.358609226588998],[32.54591980977633,2.3586092250678194],[32.54591903641077,2.358609111297854],[32.54362242356412,2.3567649168554086],[32.53625972352973,2.354659736821255],[32.53625970753431,2.354659574080695],[32.53625842705106,2.354659207931745],[32.53591716945222,2.351190902506602],[32.53077525918317,2.353046979566047],[32.5261221636874,2.3508340858830143],[32.5210468124102,2.3484211040035485],[32.521632826653345,2.3525689201262256],[32.52163462703646,2.352581522089558],[32.5216346145571,2.3525815749313135],[32.52163462703646,2.352581663260399],[32.521026476890356,2.355169635480759],[32.51576128278038,2.353953566837909],[32.515748343282965,2.352595680373301],[32.514805759000346,2.351924279442589],[32.51415660521772,2.3517444836620434],[32.50555836302684,2.349363986730189],[32.50572249739461,2.354614645371075],[32.507364325014464,2.35482248738282],[32.508047408382694,2.357745337856405],[32.50303007104509,2.359419679944294],[32.501610229851266,2.360791189180725],[32.50077466251275,2.361598720660606],[32.50077420756419,2.3615987529375557],[32.50077381789308,2.361599129344109],[32.49882733222357,2.361740235555847],[32.49882714010949,2.361742120164533],[32.49802122739,2.370732632831652],[32.49950495982396,2.3735572348073593],[32.4995080913132,2.3735627446461365],[32.50221766547004,2.374063752675771],[32.50115240487072,2.375544914357288],[32.501151065454756,2.3755453042846475],[32.50115095052246,2.375545464259533],[32.4935704921285,2.37801966089566],[32.49308357796708,2.3778938906611105],[32.492571010820924,2.378043107901089],[32.49150928623434,2.37748725011507],[32.48976080892623,2.37703561732521],[32.4863206808368,2.374770795447596],[32.48630962935862,2.374765009530732],[32.48337745573431,2.37731243666705],[32.48351498180648,2.378702442660552],[32.48351447428293,2.378703036293855],[32.483514496508924,2.378703260142266],[32.48320064796569,2.37907010842577],[32.48216111319945,2.380286017423468],[32.48188950287455,2.383713889174524],[32.483795843883016,2.389791158112518],[32.483795274404606,2.389792121025128],[32.48379533271147,2.389792306962812],[32.475234377866514,2.404267505839688],[32.47376433830624,2.4086456972419765],[32.4732917897262,2.410053148684516],[32.47329175612595,2.4100531799346276],[32.47329162949494,2.410053557077428],[32.47173859796989,2.4115026345986164],[32.471697669178006,2.417113689110442],[32.47659863589605,2.415084025436205],[32.479063981230546,2.414063032841888],[32.48147046916166,2.4115959273020504],[32.48241211198679,2.410630509809093]]]}},{"type":"Feature","properties":{"n":"Aber","c":"321109","d":"Oyam","od":"Oyam","dc":"321","k":"ABER","a":["ABER"],"lat":2.161255,"lon":32.372065},"geometry":{"type":"Polygon","coordinates":[[[32.32277388055666,2.194579190029316],[32.32413616950457,2.193953298567268],[32.32394558730575,2.191844755997447],[32.32601206152722,2.192006883098492],[32.326776679505194,2.193884629147245],[32.32930494724228,2.196430985331895],[32.32872067702044,2.199882052685025],[32.33100752676209,2.207137028528352],[32.329456051832516,2.209845166982495],[32.33014839252771,2.213947865829192],[32.332834840077425,2.21512276816839],[32.33374281788966,2.212622397866559],[32.336886643114205,2.216441076678668],[32.334426020094476,2.219684174296683],[32.33414005123383,2.221907056133814],[32.33737203563197,2.219997453995414],[32.340028432816666,2.220544026779165],[32.341744951856576,2.224750116282776],[32.3420591273916,2.228219636863813],[32.3471646557149,2.229186252433664],[32.34734942140037,2.230330216898646],[32.34617971224468,2.230744696005563],[32.34588375591113,2.231712499981841],[32.347501015120564,2.233882977165552],[32.35387905775253,2.234597243089218],[32.35359108637186,2.236985396017892],[32.35618364133649,2.236987969695518],[32.35620744817117,2.239938463050508],[32.362270612527034,2.230559695406252],[32.36696237579,2.226663920936536],[32.3710830400061,2.226065174133992],[32.38295685881944,2.226572580879134],[32.39148818278515,2.224271321810904],[32.394295791977115,2.221035406995845],[32.39667602142116,2.216085333531524],[32.40566958222582,2.209042917196698],[32.417776916696965,2.197843192630473],[32.42015472428185,2.198527141001891],[32.41698516022431,2.21376479008773],[32.41655858622323,2.222130405780286],[32.419241225785036,2.222887654248734],[32.42109693420614,2.224505226236463],[32.421287814621316,2.231596546094367],[32.425901942815365,2.233743359675443],[32.42446429962648,2.237665634677364],[32.42116085647113,2.24065277953148],[32.42376112863126,2.250669861723671],[32.43888272365296,2.248290483647836],[32.44087681684261,2.246791096478474],[32.45938168924351,2.246666942614071],[32.461347336343835,2.239181644581163],[32.47045520009504,2.222295517194174],[32.47275141047057,2.213895925320384],[32.46964866871498,2.208630021575412],[32.46406512096717,2.207884321772623],[32.462794936794914,2.205114499083304],[32.46077272827112,2.203166479394822],[32.46470913844243,2.199274275836716],[32.46590115487818,2.195834404603378],[32.46815928992207,2.192698230778649],[32.47237467294386,2.18868070522067],[32.46957382878437,2.184929562167557],[32.4667617498799,2.18286311239235],[32.4619927349389,2.182426507519757],[32.46834393341621,2.170160119875741],[32.46442308715447,2.168347751722169],[32.463057151876505,2.162576207880812],[32.46070991135475,2.158252898132306],[32.453991229654356,2.158269324740676],[32.451826064588715,2.158840363380247],[32.44896238372831,2.161070538805275],[32.4480282075598,2.157934265210048],[32.44651487236615,2.156281336095865],[32.445534538565205,2.156281335186422],[32.44213658013193,2.15884172294601],[32.44043166340662,2.161439072278539],[32.437624629358844,2.161567011352086],[32.43349843191559,2.163266044569027],[32.43160207065083,2.165680490489257],[32.42979694076329,2.164875155752979],[32.424020384977226,2.165947620577193],[32.42147526180643,2.15821903373824],[32.42367528058301,2.152970756029553],[32.42696106985769,2.148243620734689],[32.4306173408826,2.144396689660842],[32.438883619564066,2.13870038461652],[32.43749108989078,2.135537754995548],[32.43729971493173,2.132351376222012],[32.439480429327645,2.126429718741245],[32.440041821810986,2.121806658858432],[32.436666754497246,2.111769614430522],[32.437007968649276,2.095649796640776],[32.44040451430352,2.077799349273135],[32.43983735300018,2.0775944811217384],[32.43351280360175,2.075778584041835],[32.43052870391425,2.075340060431843],[32.42348529250399,2.075108025469686],[32.407812280259385,2.072007058481969],[32.38872363923939,2.073619577109355],[32.37701415343686,2.0733433823954828],[32.35375823219625,2.074358186231436],[32.35278171565365,2.074425310975321],[32.35272898604753,2.0744983044383347],[32.3515875410396,2.07718591323441],[32.35011532345962,2.078116391078629],[32.342146877385744,2.0891470912222188],[32.34182097093394,2.09073950807187],[32.33914541433195,2.0933020090859387],[32.32902559024104,2.1073108564845153],[32.328914810967106,2.1091667393676445],[32.33152618462353,2.1196744095565694],[32.33260418787493,2.122563736984479],[32.332753271093644,2.1246119717815604],[32.3328,2.1248],[32.33276911004506,2.124829581058548],[32.332769732288945,2.124838129985775],[32.32898232520291,2.129796885254179],[32.3209907910968,2.136139414105702],[32.3185,2.1468],[32.318533081950534,2.1470734774577656],[32.321174036844646,2.155588921954],[32.322090339223934,2.166382155403225],[32.32147646851513,2.1714054730583943],[32.3215,2.1716],[32.31836288790357,2.1878831056434103],[32.32113891759547,2.189685924160838],[32.32277388055666,2.194579190029316]]]}},{"type":"Feature","properties":{"n":"Kamdini","c":"321110","d":"Oyam","od":"Oyam","dc":"321","k":"KAMDINI","a":["KAMDINI"],"lat":2.263628,"lon":32.405093},"geometry":{"type":"MultiPolygon","coordinates":[[[[32.24759147594945,2.319176236191729],[32.2469222393004,2.31440960474574],[32.2476820940766,2.313609577914307],[32.25165916684036,2.314412285945759],[32.251795388648766,2.318482686539665],[32.2555141104469,2.321993625631031],[32.25880531775545,2.322098483679057],[32.25879987725842,2.316364514639781],[32.2662244318621,2.316385502041114],[32.28369916545347,2.320970575758067],[32.28590099447735,2.32249168774266],[32.28696346519258,2.326143157734742],[32.28776455484141,2.326594696538336],[32.300055052183126,2.326590084142973],[32.30981120874376,2.329433477260861],[32.31018526457516,2.327809667424993],[32.30908138245931,2.323488147198178],[32.31187371500108,2.318929105952039],[32.316078236527005,2.319022850780297],[32.31563580848602,2.321001269914863],[32.32813352293402,2.315863941849571],[32.330210821941044,2.322467433665335],[32.33604327203402,2.322511608032976],[32.35815545891219,2.326401295128672],[32.36125111903649,2.32304051266444],[32.36686533117695,2.314109438799285],[32.36908867417151,2.30724165192145],[32.3715656954171,2.290403845243488],[32.37055076634871,2.287094042141065],[32.37121695198073,2.284230861536449],[32.37054189600623,2.282327127397844],[32.3725918404983,2.278884381854936],[32.37273871175957,2.276203910235974],[32.374976214017195,2.274722834970131],[32.37511139253823,2.271888347177803],[32.376847459936904,2.271817045837538],[32.376779985239864,2.270475786755148],[32.37740439385164,2.270303314104466],[32.377763393140334,2.271781721726645],[32.380738222775534,2.270324100909174],[32.38066453219467,2.272668757498554],[32.38277028376532,2.27316220110225],[32.38376505566227,2.275721156704098],[32.38476350968076,2.276343840961757],[32.386405742323475,2.275914638983593],[32.388900599271565,2.278237155506111],[32.38920646201742,2.280605283083041],[32.39011027039935,2.280749389054392],[32.391111151976986,2.279171778344874],[32.391992203770684,2.279219833951748],[32.396515402858384,2.285478575013915],[32.397412651636365,2.2843694389941103],[32.397707385273414,2.283541332171477],[32.40175745375556,2.278997924788918],[32.40342785600165,2.2788795554290027],[32.40862063173614,2.278511494347868],[32.408620804901595,2.278511568593019],[32.40862121302568,2.278511539672208],[32.413602068872166,2.2806472988332556],[32.41420835441181,2.280907245378729],[32.42002559593499,2.280683542203214],[32.42333485437233,2.2787953080557153],[32.42372291107529,2.2784088874961155],[32.429265847985135,2.272889220407918],[32.43057746397832,2.2723528361243046],[32.43215701486709,2.27170678923188],[32.432157113094696,2.271706839915006],[32.43215776539771,2.271706573156222],[32.44045752737028,2.275989657767241],[32.44190475541132,2.2767363932776195],[32.44436784090198,2.276486614097847],[32.447951092752035,2.274212712065814],[32.45603347571107,2.274118669137216],[32.463500711042606,2.275201857685452],[32.46246085849676,2.259336040695435],[32.462457477442044,2.259284629199009],[32.45780445137589,2.257988069100391],[32.45938168737136,2.246666953835529],[32.456543926795206,2.2466859818793297],[32.44087694698561,2.2467910956053117],[32.44073557437477,2.2468972987087175],[32.43888272365296,2.248290483647836],[32.43491350893588,2.2489150382971674],[32.4237616213897,2.250670104018322],[32.42376154161382,2.2506697967409988],[32.42376112863126,2.250669861723671],[32.42116085647113,2.24065277953148],[32.42442913633442,2.2376974311521343],[32.42446431098034,2.2376656037009925],[32.42508270463912,2.2359784604599415],[32.42590182254704,2.2337433037182466],[32.421287814621316,2.231596546094367],[32.42128779068432,2.2315956568207285],[32.4212867269268,2.231595161755898],[32.42116480640353,2.22702671834816],[32.421096937222224,2.2245053382857334],[32.42009212324287,2.2236293590750753],[32.41924131744091,2.2228877341427347],[32.419206052191406,2.222877725538859],[32.41655858622323,2.222130405780286],[32.41698516022431,2.21376479008773],[32.42015472428185,2.198527141001891],[32.417776916696965,2.197843192630473],[32.40566958222582,2.209042917196698],[32.40566942062169,2.209043043740964],[32.405669332154964,2.209043125589077],[32.396675915874404,2.2160855530331296],[32.394295791977115,2.221035406995845],[32.39429576233222,2.221035441163121],[32.394295742542035,2.221035482325457],[32.39148895110515,2.224270726382803],[32.39148863924822,2.2242707957136068],[32.39148818278515,2.224271321810904],[32.38295685881944,2.226572580879134],[32.38142871533021,2.2265072783571593],[32.379886445039645,2.226850149810724],[32.36994176666754,2.226231005108431],[32.368189167443944,2.2264856638542634],[32.365550182519,2.227836526241434],[32.36345818908783,2.229573599095106],[32.35596764486424,2.240406358312549],[32.35649330415421,2.242352915544491],[32.35853592596044,2.243243606076298],[32.35705021423937,2.245329013263631],[32.35723917630607,2.248019181842366],[32.351565661676716,2.250032091608331],[32.34839733561565,2.249879624339719],[32.347673909208574,2.252468413713503],[32.34593697394413,2.253034786896309],[32.34599229314024,2.253971477534434],[32.34352853771304,2.255797724456841],[32.34811696642916,2.263078358792148],[32.3405955000751,2.269223704019321],[32.33842388229447,2.265322402914447],[32.33243114896868,2.264178052833539],[32.31788529513957,2.267215497992173],[32.30142290713956,2.272295023055792],[32.30157944593321,2.270418530949801],[32.29927417740714,2.264866004225792],[32.29984512531738,2.25985193254414],[32.29845947472174,2.254619767486458],[32.3031623531154,2.248008982037795],[32.303231247353395,2.243735445318406],[32.301409797009775,2.240487528778842],[32.296592821879514,2.239071287164821],[32.28768345138377,2.232226099090254],[32.286619147013106,2.233679445809198],[32.2842,2.2377],[32.2832131119642,2.2383305118006493],[32.28261811906875,2.239142996458452],[32.28078931764453,2.2398790470604366],[32.27628635299845,2.2427559411398783],[32.27380987506956,2.245295095420885],[32.26875896812439,2.248275992990223],[32.26654178775803,2.2489816355990375],[32.26230899245964,2.251685921484122],[32.261841713820104,2.253044186601517],[32.25899856408232,2.25380300778024],[32.25879531694887,2.254228744379291],[32.25819788675699,2.256701301920391],[32.257469361698156,2.2570061891056414],[32.25673705986757,2.258540123117633],[32.2567431917821,2.258567262545224],[32.256703115961365,2.258611224554301],[32.25532454908106,2.26149887352251],[32.25546635024548,2.261857195743354],[32.25420212756427,2.264462970547262],[32.253623833515014,2.269749945139188],[32.25193089088782,2.27261974130106],[32.252095899895494,2.273838980585611],[32.25065189267087,2.274995807800387],[32.24908398265127,2.278206685805796],[32.24866751370584,2.281145639909246],[32.24590437017397,2.284604992975332],[32.243719561171964,2.2858075464208527],[32.242119614934325,2.2891589130961476],[32.24210149308119,2.2892522578416026],[32.24211343382301,2.2896701838052014],[32.24410149184562,2.294313158162971],[32.24350512296551,2.29988400328229],[32.24250406504396,2.303150343528243],[32.24249879414134,2.3031577949469284],[32.2425,2.3032],[32.23583828817505,2.3201104992479427],[32.241914759123,2.320171815528664],[32.24759147594945,2.319176236191729]]],[[[32.2843288514038,2.338679085350796],[32.28442878812733,2.33598553969224],[32.28311812946029,2.336059101134541],[32.28360073544129,2.335271698525776],[32.282787180425856,2.333901367025862],[32.28287262408185,2.328533071647497],[32.2792891643133,2.328918539481053],[32.280888096735694,2.333871886925575],[32.27931504096582,2.335144080136591],[32.28011731377515,2.336290175436774],[32.27881288337726,2.34143925626388],[32.28204457099955,2.340939570701392],[32.2843288514038,2.338679085350796]]]]}},{"type":"Feature","properties":{"n":"Kamdini Town Council","c":"321111","d":"Oyam","od":"Oyam","dc":"321","k":"KAMDINITOWNCOUNCIL","a":["KAMDINI","KAMDINITOWNCOUNCIL"],"lat":2.229973,"lon":32.31807},"geometry":{"type":"Polygon","coordinates":[[[32.301409298845854,2.240487371419901],[32.3014093061637,2.240487384464905],[32.301409797009775,2.240487528778842],[32.30281952850533,2.2430012894513807],[32.30323105263298,2.243734884804395],[32.30323104929316,2.2437350921475834],[32.303231247353395,2.243735445318406],[32.3031623531154,2.248008982037795],[32.29845964986565,2.254619521288553],[32.29984496469682,2.259851235126468],[32.29984495745755,2.259851298711681],[32.29984512531738,2.25985193254414],[32.29927420269455,2.26486578215145],[32.30157925794257,2.270417932634604],[32.301579247531755,2.270418053075163],[32.30157944593321,2.270418530949801],[32.30142290713956,2.272295023055792],[32.31788529513957,2.267215497992173],[32.3178858022828,2.267215392091221],[32.31788612340418,2.267215292964992],[32.321684297082385,2.2664221956398722],[32.33243114896868,2.264178052833539],[32.33842388229447,2.265322402914447],[32.3405955000751,2.269223704019321],[32.34811696642916,2.263078358792148],[32.34352853771304,2.255797724456841],[32.34353852211939,2.2557903235634087],[32.344209555336384,2.254812290967327],[32.34599225127211,2.253970768603528],[32.34593697394413,2.253034786896309],[32.346087388494425,2.2529857402972],[32.34609305325131,2.252925997745497],[32.347671925493465,2.2524690605557107],[32.347673909208574,2.252468413713503],[32.34839733561565,2.249879624339719],[32.35014089116374,2.2499635283151833],[32.351566200936205,2.250031900284124],[32.35691879504411,2.2481328501085387],[32.35705009416996,2.245329609595578],[32.357050241600916,2.2453294027977173],[32.35705021423937,2.245329013263631],[32.35853592596044,2.243243606076298],[32.35649330415421,2.242352915544491],[32.35645517176457,2.2422117083400455],[32.35630518231309,2.242137468192841],[32.356142228540804,2.2410528552444506],[32.35596764486424,2.240406358312549],[32.3560312729612,2.2403143399179966],[32.35585099442085,2.23911441409587],[32.35619421721246,2.2382986879069624],[32.35618592109011,2.237270510318656],[32.35593305156841,2.2369877209303857],[32.35506803405397,2.236986862211379],[32.35377712680948,2.237293451066718],[32.35378873000701,2.236985592222412],[32.35359108637186,2.236985396017892],[32.35387860551464,2.2346009935079034],[32.353878748174566,2.2345972084201193],[32.350213869065314,2.2341867849699883],[32.347501767870824,2.233883276147616],[32.34750159339404,2.233883041925395],[32.347501015120564,2.233882977165552],[32.34588375591113,2.231712499981841],[32.34617971224468,2.230744696005563],[32.3468676133433,2.230500942563422],[32.34734940173968,2.230330095170815],[32.347234104962325,2.2296162428345947],[32.347164550671785,2.229186232546142],[32.3420591273916,2.228219636863813],[32.34174495588335,2.224750160751426],[32.34169271555181,2.224622118533799],[32.340028603999265,2.220544446238155],[32.337371866789,2.2199975537554555],[32.33414005123383,2.221907056133814],[32.33414022025186,2.221905742329566],[32.334139567558545,2.221906127785201],[32.334400308730864,2.2198840328513807],[32.334426020094476,2.219684174296683],[32.334426091908696,2.21968407964564],[32.334426097337754,2.219684037542333],[32.33452590706478,2.2195525234127964],[32.336886643114205,2.216441076678668],[32.33548858708914,2.214742913918418],[32.33374268511883,2.2126227634880906],[32.332834840077425,2.21512276816839],[32.33283454702577,2.2151226400039383],[32.332834527512766,2.215122693768628],[32.332671792603925,2.2150514602963876],[32.33014839252771,2.213947865829192],[32.33014821650824,2.2139468227663226],[32.33014802936853,2.213946740850208],[32.32945607283323,2.209845459191677],[32.32945609470293,2.2098454210256255],[32.329456051832516,2.209845166982495],[32.33100747411012,2.2071371204336936],[32.32978801677186,2.20326816239398],[32.32872067702044,2.199882052685025],[32.32872070198283,2.199881905241454],[32.328720681702265,2.199881840897538],[32.328760245958655,2.1996483336526924],[32.32930494724228,2.196430985331895],[32.32695982330052,2.1940690832416685],[32.32677700121653,2.19388497821134],[32.326776983933215,2.1938849357532897],[32.326776679505194,2.193884629147245],[32.32601206152722,2.192006883098492],[32.32394558730575,2.191844755997447],[32.32413616950457,2.193953298567268],[32.32411648455977,2.1939623426389394],[32.322774960999915,2.194579975082582],[32.32277458964267,2.194578864246097],[32.32277388055666,2.194579190029316],[32.32124738760354,2.190010563067569],[32.321138843351214,2.189685875944885],[32.31836288790357,2.1878831056434103],[32.3183628987682,2.1878830492508126],[32.31836289876819,2.18788304925081],[32.3173,2.1934],[32.31686071803676,2.1938811183407],[32.31687292350993,2.19483153883803],[32.304048183185536,2.212818771111705],[32.30127516174479,2.214156004189013],[32.298383210401965,2.2141279038389925],[32.29706159681402,2.2163243883936086],[32.297254637716286,2.218596411325771],[32.29659458019795,2.220269004931826],[32.292532460185235,2.2238516858893296],[32.288293766368,2.2308962756137505],[32.28768345795896,2.232226089620284],[32.29659287552071,2.2390713029358986],[32.301277185784244,2.240448539676551],[32.301409298845854,2.240487371419901]]]}},{"type":"Feature","properties":{"n":"Loro","c":"321112","d":"Oyam","od":"Oyam","dc":"321","k":"LORO","a":["LORO"],"lat":2.283298,"lon":32.590656},"geometry":{"type":"MultiPolygon","coordinates":[[[[32.511109912574575,2.299228746306875],[32.51512237580321,2.299778996947758],[32.51714767632776,2.2982978747174143],[32.518299606762305,2.29745529734519],[32.51829987104393,2.2974552633680814],[32.51830017981241,2.29745503756265],[32.521509254990406,2.2970426520550817],[32.52170735367861,2.297017183690684],[32.521707375672804,2.297017192352944],[32.521707517399236,2.297017174140243],[32.5263715847465,2.298854117073346],[32.52640176356197,2.2988481691533713],[32.52747774761063,2.298631823303988],[32.52774153238794,2.300390390892971],[32.52370826064229,2.304555787087871],[32.52926227880698,2.308419689146934],[32.52930733023073,2.3084510091615424],[32.533867820811786,2.308405535388093],[32.53386873402744,2.3084061619944154],[32.533868749719886,2.308406161839661],[32.53930805184173,2.312137988358492],[32.547567199610576,2.312504884645669],[32.55160976682226,2.312684362907953],[32.55160996715933,2.3126844765896646],[32.55161067169334,2.312684507887193],[32.55530896689574,2.314783207091649],[32.55651876691149,2.314823126848099],[32.55938596818998,2.312838795978235],[32.55939326961768,2.312841654916258],[32.560911678898826,2.313245771345592],[32.56114756673439,2.313528565330742],[32.56146976381346,2.313654724421483],[32.561489880055525,2.313938947443173],[32.56184037195412,2.314359134438106],[32.5620542896266,2.3219135081617415],[32.56205464891493,2.321918584557908],[32.56055813348781,2.323373118432877],[32.567086930576494,2.3254714813377966],[32.56725461531361,2.325525237154491],[32.56725459085112,2.3255253675431926],[32.56725643469473,2.325525960156652],[32.56650234436543,2.329549573197862],[32.56800523987149,2.328591196181776],[32.56813610885959,2.328507518714638],[32.56944549093631,2.325910877501481],[32.57080352306012,2.3268713454554435],[32.570949359564,2.326974244639591],[32.57095144873335,2.3269731821733393],[32.57399412699931,2.325251966365928],[32.574151410144765,2.325345812420322],[32.57427592374962,2.325282489883478],[32.575277470645716,2.326017698366629],[32.57669656665586,2.3268644296611534],[32.57695296684355,2.326879015107089],[32.579950701513944,2.32880596221465],[32.579954178994186,2.3288060897221134],[32.58203613087907,2.3286038227331907],[32.58671565957492,2.327098221125333],[32.586716685194624,2.3270982697525557],[32.586717081212385,2.327098071309628],[32.596384440654305,2.327556642475684],[32.59727572325072,2.327598900436438],[32.600272387932336,2.326643104620829],[32.60027292543123,2.3266432128746946],[32.600273001582075,2.326643188590523],[32.601240687264024,2.326838122968189],[32.60375619752662,2.327344754170055],[32.60375633812703,2.327344885488863],[32.6037565672812,2.327344931650574],[32.60393753568806,2.327514121471354],[32.60539898926692,2.32887909863146],[32.61648126157848,2.328601150364805],[32.61648256391078,2.3286005976826942],[32.62396120599528,2.325304431003975],[32.62600592626426,2.322911633973407],[32.62617640011856,2.322898063942457],[32.6263,2.3223],[32.6320291118089,2.322403538165221],[32.634322371213045,2.321329871756894],[32.63487663988823,2.319370443688204],[32.636911946742615,2.31959542952439],[32.637399583162974,2.318525051983297],[32.64171404813283,2.319124588425017],[32.643246295751126,2.317267102533669],[32.64526690999762,2.318753459492923],[32.64673271197563,2.318982389206676],[32.6625,2.3041],[32.655,2.2928],[32.6545,2.2748],[32.65381910761175,2.2739488845146916],[32.65379244655233,2.273937462181652],[32.65374570384448,2.273857129805597],[32.6397,2.2563],[32.63665839917962,2.25595607340547],[32.6347116859244,2.256517257685677],[32.63376017064502,2.258045788815096],[32.6309060526769,2.256914356677842],[32.627788897862146,2.257989902046105],[32.62683894152255,2.257229930396688],[32.62466113440513,2.25719201019231],[32.62178784994728,2.254274597873897],[32.62128936552654,2.254218232144344],[32.61671928848097,2.255010641609012],[32.61351135760782,2.2533387400828624],[32.6114,2.2531],[32.61136329213701,2.2530700898894085],[32.608148763985845,2.250901353700706],[32.607825871750016,2.2501877473518643],[32.59096856849231,2.2364521669196575],[32.58783898930234,2.240022640879304],[32.58492632982657,2.245181456934071],[32.58336169975608,2.245803575646053],[32.580102839546555,2.254072948223088],[32.57907885773761,2.255114209674555],[32.575309030357445,2.256339256358142],[32.5743759182746,2.260849966019147],[32.57295486258214,2.263567750250472],[32.56816827690565,2.265048687018751],[32.56116356927903,2.270656836469658],[32.555220768050326,2.27119308510755],[32.554404737980114,2.275075625316775],[32.55210598823769,2.27827351318933],[32.550763893229124,2.278861983839772],[32.55033241832828,2.271822735966126],[32.54725200241202,2.269635925002625],[32.54124165232264,2.26867944284458],[32.53603515490284,2.271575126930416],[32.53222592037941,2.27552732958669],[32.530122936602275,2.281756258217313],[32.52710692856571,2.282390516651382],[32.52467781159213,2.286544138774161],[32.51653776071076,2.286656434358728],[32.50517028016025,2.284205727267004],[32.50148735463885,2.290839019562185],[32.501643453253585,2.2910570567697963],[32.503521933384455,2.293680668559725],[32.511109912574575,2.299228746306875]]],[[[32.42874100163505,2.1650711994879464],[32.42979694076329,2.164875155752979],[32.43160207065083,2.165680490489257],[32.43349843191559,2.163266044569027],[32.437624629358844,2.161567011352086],[32.44043166340662,2.161439072278539],[32.44186964996904,2.1592483767550243],[32.44213614149247,2.158842186649705],[32.442136407114695,2.158841986528506],[32.44213658013193,2.15884172294601],[32.445534538565205,2.156281335186422],[32.44651487236615,2.156281336095865],[32.4480282075598,2.157934265210048],[32.44896238372831,2.161070538805275],[32.451826064588715,2.158840363380247],[32.45399077167904,2.1582694455266638],[32.45399080012404,2.158269438023309],[32.453990800129006,2.158269438023297],[32.453991229654356,2.158269324740676],[32.46070991135475,2.158252898132306],[32.463057151876505,2.162576207880812],[32.463057196371224,2.162576395886226],[32.46305725291615,2.162576499948697],[32.463087141530735,2.162702924429504],[32.46442308715447,2.168347751722169],[32.46641222451425,2.169267208636132],[32.468341975852084,2.170157885381268],[32.468341420473735,2.170158958295662],[32.46834393341621,2.170160119875741],[32.4619927349389,2.182426507519757],[32.4667617498799,2.18286311239235],[32.466762404974126,2.1828635937868497],[32.466762572313456,2.182863608946249],[32.469001431467866,2.184508937303815],[32.46957382878437,2.184929562167557],[32.47237467294386,2.18868070522067],[32.46815928992207,2.192698230778649],[32.46590115487818,2.195834404603378],[32.46479281642804,2.1990328014015335],[32.46470922377838,2.199274140412417],[32.46470916538531,2.1992741980860755],[32.46470913844243,2.199274275836716],[32.46077272827112,2.203166479394822],[32.46276043324898,2.2050812613701773],[32.462794700010946,2.205114194223973],[32.462794763101385,2.205114331762075],[32.462794936794914,2.205114499083304],[32.46312957433565,2.205844225270489],[32.464065409672614,2.2078843603301146],[32.46964866871498,2.208630021575412],[32.469649001838896,2.208630586945854],[32.46964932765687,2.20863063046166],[32.46970936922356,2.2087330411176778],[32.47275141047057,2.213895925320384],[32.47045520009504,2.222295517194174],[32.46905682984584,2.224888118358085],[32.46813061355826,2.227643009069182],[32.46695442571176,2.228786009784303],[32.46134815261944,2.239180131192915],[32.46134730390687,2.2391817681030015],[32.459882264534066,2.2447607229080453],[32.4593816732873,2.246667104872805],[32.45933925860765,2.246971499842564],[32.45780445137589,2.257988069100391],[32.462457477442044,2.259284629199009],[32.46246085849676,2.259336040695435],[32.462457489094014,2.259284631168553],[32.47940446452589,2.264583929759877],[32.47940462228762,2.264583977912211],[32.48004515202646,2.262800768909187],[32.48609556850624,2.25852275812688],[32.490732056629874,2.253493243684278],[32.49472955117908,2.245669578489016],[32.49489950966581,2.236526594017217],[32.49569810251083,2.233055865128556],[32.495027217723155,2.228458988745753],[32.49669747431235,2.224632572998644],[32.4934172177751,2.220461724751129],[32.493441677806246,2.215955245114408],[32.499666946481824,2.211489725746584],[32.50644315374597,2.204560728048144],[32.510939273796005,2.203739946594222],[32.51625788723546,2.206416832978598],[32.51800678827627,2.206559601616116],[32.524538404751276,2.203418713942903],[32.526860947154724,2.195495707595986],[32.531186209627364,2.195764048240308],[32.535866444211365,2.20164429451927],[32.5423671190573,2.204318163850421],[32.54530114490812,2.201062452363356],[32.55780258548215,2.1921929331184846],[32.5576,2.1916],[32.55637472892196,2.181657800395349],[32.554995113748454,2.177237007011767],[32.55449976555459,2.17052065129264],[32.55023831189876,2.165622446498172],[32.54846773055153,2.159340523001842],[32.54475624585508,2.156599615837335],[32.54379618707989,2.154108953258962],[32.54586869981506,2.1523321114745753],[32.54360952627608,2.149349296411388],[32.53926939779472,2.145511265021729],[32.52858635552604,2.1295140162804747],[32.5285,2.1294],[32.514903292491645,2.116040789566024],[32.51433130729144,2.115541927519975],[32.5141374700095,2.115288343895794],[32.50582881235905,2.1071248156366154],[32.505079312099966,2.1068677092775174],[32.4960465560229,2.106307538358009],[32.49243867218224,2.108999130117412],[32.48664094994229,2.108563914971356],[32.482400683087896,2.105953802186209],[32.47984855413074,2.105342050054752],[32.47980804290446,2.1053004987847728],[32.4798,2.1053],[32.47970439448628,2.1051941894033583],[32.47765259915287,2.103089718379846],[32.47762669232719,2.1028947100475106],[32.475986387571616,2.1010793165820685],[32.47525099982151,2.100743902289025],[32.47165685231527,2.0962876399219557],[32.462,2.0856],[32.44040452476291,2.0777993530512417],[32.440005682658835,2.079895397436986],[32.437007968649276,2.095649796640776],[32.436666754497246,2.111769614430522],[32.440041821810986,2.121806658858432],[32.440041808332985,2.1218067698496084],[32.44004182495334,2.121806819274613],[32.43948050192657,2.126429417165891],[32.43948044824851,2.1264295629281627],[32.439480429327645,2.126429718741245],[32.43729971493173,2.132351376222012],[32.43749108989078,2.135537754995548],[32.438883619564066,2.13870038461652],[32.4306173408826,2.144396689660842],[32.427947083698484,2.147206190178375],[32.42696104948859,2.148243650038911],[32.42367528058301,2.152970756029553],[32.42147526180643,2.15821903373824],[32.424020269885546,2.1659472710868264],[32.42874100163505,2.1650711994879464]]],[[[32.54473088344999,2.3207408879069162],[32.5455039355148,2.320402822782507],[32.54647526698361,2.318577863170542],[32.53825712655882,2.316554836241405],[32.537311284443035,2.3199830881673473],[32.538463251210004,2.3217765121101],[32.538466071027784,2.321780231739243],[32.54385552309487,2.321123621925856],[32.54473088344999,2.3207408879069162]]]]}},{"type":"Feature","properties":{"n":"Loro Town Council","c":"321113","d":"Oyam","od":"Oyam","dc":"321","k":"LOROTOWNCOUNCIL","a":["LORO","LOROTOWNCOUNCIL"],"lat":2.245439,"lon":32.539506},"geometry":{"type":"Polygon","coordinates":[[[32.485783516796225,2.2713040091488805],[32.48578380314809,2.271304310818215],[32.48678223652642,2.273433445894022],[32.487474808830484,2.280712174625584],[32.487065011222995,2.2821534511422454],[32.484441855238174,2.2913816480428477],[32.48690773303398,2.2929367143041066],[32.48694923602242,2.2929628451589066],[32.4940804360633,2.293929816271814],[32.49796172091043,2.298352926752331],[32.49797585590259,2.298322801926921],[32.49973406465666,2.293572901743745],[32.50516937539497,2.28420726198261],[32.50516942243169,2.284207272116123],[32.50517028016025,2.284205727267004],[32.51653776071076,2.286656434358728],[32.52467781159213,2.286544138774161],[32.52710692856571,2.282390516651382],[32.53012270875864,2.2817563061322215],[32.53189579708185,2.275889367042224],[32.5322165597878,2.275555055172472],[32.53222592037941,2.27552732958669],[32.53603515490284,2.271575126930416],[32.53603543860436,2.271574969144885],[32.53971426612456,2.269164797301138],[32.540587875291685,2.269043052310134],[32.54124165232264,2.26867944284458],[32.54215455675089,2.2688247217026554],[32.54319720165355,2.268679420120355],[32.54565591107364,2.269381924342918],[32.54725200241202,2.269635925002625],[32.54772829168011,2.269974046419201],[32.54819459298082,2.270107278361967],[32.55031678728444,2.2718116393678165],[32.55033241832828,2.271822735966126],[32.55033251225288,2.271824268288264],[32.55033266141403,2.271824388081465],[32.55034339278683,2.2720017775137427],[32.550763893229124,2.278861983839772],[32.55210598823769,2.27827351318933],[32.55416963344681,2.275402689164547],[32.55440474783035,2.2750755784509495],[32.555220768050326,2.27119308510755],[32.56062034114839,2.2707058546571943],[32.56116370616794,2.270656726872872],[32.56816827690565,2.265048687018751],[32.57295486258214,2.263567750250472],[32.574375850328124,2.2608500959675046],[32.574477201946266,2.2603603557732894],[32.575309030357445,2.256339256358142],[32.57907885773761,2.255114209674555],[32.58010243380611,2.254073360810384],[32.58254874990319,2.2478664395885906],[32.58336169975608,2.245803575646053],[32.58485655586237,2.245209200034217],[32.58492638613424,2.245181357203597],[32.58783898930234,2.240022640879304],[32.58994020352118,2.2376254078340283],[32.590968561005894,2.2364521608196157],[32.5871,2.2333],[32.586659912975506,2.2326719146349507],[32.58642513210483,2.232486192233289],[32.58612459412405,2.2319079158857846],[32.5770979485047,2.2190252274775846],[32.5757025262769,2.218398925640024],[32.56918894931999,2.219331696449208],[32.56645403852154,2.21662895108909],[32.566134630806175,2.2156912629471375],[32.5658,2.2156],[32.55780258873009,2.1921929426246565],[32.55742409216302,2.192461466473361],[32.54530114490812,2.201062452363356],[32.5423671190573,2.204318163850421],[32.542364757275784,2.2043171923981757],[32.54236454437175,2.204317428411217],[32.53586694724664,2.201644657172413],[32.535866762924684,2.201644425613009],[32.535866444211365,2.20164429451927],[32.533677842806235,2.1988945359254033],[32.53118595290666,2.1957640323132743],[32.526860947154724,2.195495707595986],[32.524538404751276,2.203418713942903],[32.524537279312085,2.203419255137889],[32.52453726475,2.203419304852011],[32.52343247577056,2.203950526965951],[32.51800678827627,2.206559601616116],[32.51625788723546,2.206416832978598],[32.510939419038166,2.203740019695374],[32.50644310693385,2.204560775915789],[32.49977879331741,2.211375356980079],[32.49966704345663,2.211489633560673],[32.49966702060826,2.211489649948739],[32.499666946481824,2.211489725746584],[32.493441677806246,2.215955245114408],[32.4934172177751,2.220461724751129],[32.495583514695596,2.2232161726462385],[32.496697363267685,2.224632068488826],[32.49669726128614,2.224632302135678],[32.49669747431235,2.224632572998644],[32.495027217723155,2.228458988745753],[32.49569810251083,2.233055865128556],[32.49489950966581,2.236526594017217],[32.49472955117908,2.245669578489016],[32.490732056629874,2.253493243684278],[32.48609556850624,2.25852275812688],[32.48204604618543,2.2613860155918015],[32.48004514769003,2.2628007809816446],[32.48000658056356,2.2629081503088875],[32.479408515659856,2.2645879978289014],[32.48577526500635,2.2712953159560474],[32.485783476745034,2.271303923742038],[32.485783516796225,2.2713040091488805]]]}},{"type":"Feature","properties":{"n":"Minakulu","c":"321114","d":"Oyam","od":"Oyam","dc":"321","k":"MINAKULU","a":["MINAKULU"],"lat":2.452788,"lon":32.287633},"geometry":{"type":"MultiPolygon","coordinates":[[[[32.247319885156905,2.5177763622509386],[32.26438270446818,2.510436490256703],[32.26465744280476,2.510267516777554],[32.2683205965387,2.5103276381415167],[32.2909,2.5105],[32.29556442762614,2.505986037781159],[32.29705095314772,2.504529133925347],[32.297087475775115,2.5045121202176324],[32.2971,2.5045],[32.297605312578355,2.504270891022409],[32.32366378109239,2.492131809077941],[32.3295132066545,2.487467942242494],[32.33670088275352,2.486544939809486],[32.3368,2.4865],[32.352128647475666,2.4887893434541573],[32.35215501223237,2.488786122926313],[32.35224041490021,2.488754935598002],[32.363210811142224,2.476522458372386],[32.363318147464454,2.476177297098996],[32.368902425581105,2.476617183845689],[32.369104929238894,2.472579743987723],[32.36772024002965,2.468860632601753],[32.37273510262197,2.463817560122695],[32.37193160590578,2.462785840837512],[32.36801990228474,2.462057770672287],[32.35995980693692,2.463832978169793],[32.3595495545485,2.461743082199158],[32.357021383889624,2.459958488819895],[32.350859717962216,2.46174447037111],[32.345846123915706,2.459903643749799],[32.34231965265814,2.455552506112908],[32.3451295541339,2.454137275769591],[32.34996468658126,2.448578753496931],[32.35093544091917,2.444619440848975],[32.350493167574754,2.442732909999808],[32.35144240907522,2.440267926558775],[32.354904091158936,2.436433864756574],[32.359328544823924,2.433864833344211],[32.360889351613395,2.433818659603169],[32.36472095963027,2.428992821239805],[32.366167725039794,2.42349152763305],[32.36597394542384,2.420339457354516],[32.36872840600816,2.419624166871233],[32.371370077286485,2.415269472558142],[32.38087126739195,2.408606386519398],[32.38109577677713,2.406128596085581],[32.3778970098651,2.405357623427279],[32.37457817315024,2.403199082433702],[32.36679930577602,2.402902743135743],[32.36240684160015,2.403608953211689],[32.35852916641024,2.400580679004057],[32.34263167589087,2.398858391791437],[32.33986694671169,2.396022601950396],[32.33870918172662,2.392974673529444],[32.33585383272476,2.390404858962978],[32.32935780046477,2.390369218691503],[32.32790468939103,2.391145895856643],[32.329108136119196,2.393010837571318],[32.33014340102233,2.398154196913906],[32.3299231173623,2.401842807711897],[32.33350945527525,2.407198913716723],[32.33102897683944,2.411785054421916],[32.33200094851337,2.420512936482782],[32.33129056140739,2.426568528526386],[32.332682382649644,2.427698617978391],[32.33347496347199,2.429996220350747],[32.330801147940335,2.432203252733455],[32.3298961164146,2.431221118949518],[32.32737400142318,2.430673861041255],[32.32564609390961,2.43109681741443],[32.32566704344568,2.428296223794957],[32.32286898560231,2.422013298879143],[32.32104614720985,2.420537179422769],[32.319084625688475,2.428497228363577],[32.31946494746847,2.432256808625007],[32.315342647349354,2.435264423773069],[32.31448009171002,2.4387810665673],[32.315159663739855,2.44120988898394],[32.31470537356919,2.441903517501745],[32.306550033412236,2.441190628352032],[32.29898808878443,2.441782060070794],[32.296491408175385,2.4474848828542],[32.2910917318529,2.44600601792004],[32.28578077605292,2.447109959156229],[32.28008910325471,2.445168447476609],[32.27823061204509,2.445385527398222],[32.280757836536324,2.438597879940311],[32.267806790104025,2.43769233122425],[32.271743689064735,2.429187145337249],[32.27670878984864,2.422643733602751],[32.28314535835709,2.417276430079655],[32.28278844076896,2.415372869385164],[32.27009849552837,2.414516282492731],[32.26325331451842,2.410755829553397],[32.257611955178106,2.414225144695425],[32.25441891022362,2.417509809350651],[32.252198415186925,2.421606327425282],[32.233741598556755,2.420711356146475],[32.23149821415459,2.431600234384867],[32.22969109147368,2.434613270767813],[32.228666302636675,2.4381698908491987],[32.22861370007937,2.43838714906557],[32.22970908430867,2.44365379283246],[32.22892816682176,2.4514391617179108],[32.22906059402914,2.456700936091158],[32.230094882912276,2.46203988065418],[32.23007146562252,2.4695907092546],[32.22946340996843,2.4727061560788797],[32.230060815345944,2.496443063078778],[32.23029849423704,2.497258997640761],[32.23009397224929,2.4977604973717895],[32.2301,2.498],[32.235,2.5137],[32.23516943468815,2.5137617431490726],[32.23865479094582,2.512983251782853],[32.247319885156905,2.5177763622509386]]],[[[32.302205834303535,2.436207724140628],[32.30376087808151,2.436777880034646],[32.30946364448483,2.435075576199946],[32.31004895973346,2.4310652130341],[32.31599058820425,2.429277570823507],[32.31600269229311,2.427978088016851],[32.317287843859475,2.426882766034649],[32.320294859674966,2.420098928983306],[32.31641255489782,2.418398937471825],[32.31520538425162,2.424357466363066],[32.30990036352848,2.425166116529681],[32.30643380547545,2.424238133795633],[32.300995736218184,2.428924303466925],[32.302161632819214,2.430007254402261],[32.302205834303535,2.436207724140628]]]]}},{"type":"Feature","properties":{"n":"Minakulu Town Council","c":"321115","d":"Oyam","od":"Oyam","dc":"321","k":"MINAKULUTOWNCOUNCIL","a":["MINAKULU","MINAKULUTOWNCOUNCIL"],"lat":2.411663,"lon":32.405376},"geometry":{"type":"Polygon","coordinates":[[[32.33585055373964,2.390404840972932],[32.33585383272476,2.390404858962978],[32.33824664704862,2.3925583922439517],[32.33870755237178,2.392973185901706],[32.33870756462822,2.3929732181406242],[32.33870918172662,2.392974673529444],[32.33986694671169,2.396022601950396],[32.34263167589087,2.398858391791437],[32.35324439314238,2.400008142262504],[32.35852876365472,2.40058058273893],[32.358528841902455,2.400580643847841],[32.35852916641024,2.400580679004057],[32.36240684160015,2.403608953211689],[32.36679930577602,2.402902743135743],[32.36679941411275,2.402902747262877],[32.366799469233975,2.402902738397841],[32.3674380619748,2.4029270768278352],[32.37457817315024,2.403199082433702],[32.37789699205537,2.4053576118439923],[32.377903100176866,2.405359091325373],[32.38109577677713,2.406128596085581],[32.38087126739195,2.408606386519398],[32.371370077286485,2.415269472558142],[32.36872840600816,2.419624166871233],[32.365974800421114,2.42033923532505],[32.366143848498105,2.423103145516409],[32.366167725039794,2.42349152763305],[32.36616762600971,2.4234919041927547],[32.366167638832316,2.423492113840356],[32.36583329152182,2.424763203719741],[32.36472095963027,2.428992821239805],[32.3647206214688,2.4289932471478277],[32.36472060622565,2.428993305097774],[32.36448092071758,2.429295145743885],[32.360889351613395,2.433818659603169],[32.35932859813239,2.433864831767173],[32.35490401551196,2.4364339485410396],[32.35144240907522,2.440267926558775],[32.350493287569435,2.442732598398484],[32.3505949965625,2.443167264747022],[32.35093544091917,2.444619440848975],[32.35093511091607,2.4446207867976018],[32.35093511256657,2.444620793851222],[32.34996513536533,2.448577980671748],[32.349964774284025,2.4485783957929845],[32.34996468658126,2.448578753496931],[32.3451295541339,2.454137275769591],[32.34231965265814,2.455552506112908],[32.345846123915706,2.459903643749799],[32.350859717962216,2.46174447037111],[32.357021383889624,2.459958488819895],[32.3570218560118,2.459958822083039],[32.35702233999272,2.459958681764816],[32.359548987079094,2.461742474508921],[32.35954903392463,2.461742714699478],[32.3595495545485,2.461743082199158],[32.35995980693692,2.463832978169793],[32.36773949138552,2.462119530181225],[32.36801952291573,2.462057805253042],[32.36801964341545,2.462057827687333],[32.36801990228474,2.462057770672287],[32.37193160590578,2.462785840837512],[32.37273510262197,2.463817560122695],[32.36772024058278,2.4688606320455104],[32.36910484001266,2.472579491230043],[32.36910483943361,2.4725795027813606],[32.369104929238894,2.472579743987723],[32.36892298130636,2.47620735172039],[32.36890243703003,2.476617185101006],[32.376396561401506,2.477754977178047],[32.389403784695745,2.4830744659384862],[32.3895,2.4831],[32.4033,2.4746],[32.40333572005341,2.4745371208977103],[32.405781665512535,2.467522292685266],[32.408640348417165,2.465035296635218],[32.40816583498537,2.46383947196585],[32.41027383190356,2.46232375045076],[32.4154,2.4533],[32.4154423862253,2.4532751995490267],[32.4154474872621,2.453257858407814],[32.41549896817441,2.4532420930894383],[32.42256601115875,2.4491071211305164],[32.4243431520467,2.447076957018167],[32.42551202431301,2.4444478032419052],[32.425512416196,2.444445869774669],[32.42551304639485,2.444445504265018],[32.4255132671362,2.444445007749713],[32.4289151203777,2.4424723320204453],[32.42979817724438,2.441960166997435],[32.4318629492629,2.43682943006891],[32.434124882718315,2.435250969615217],[32.433991709800054,2.4345764470735958],[32.43379421702069,2.43357776574317],[32.433794499162346,2.4335775726603734],[32.43379432973888,2.433576714528328],[32.43491375676201,2.432810389858868],[32.434939332441616,2.4326485872922134],[32.435357338904176,2.430000772186001],[32.43535789136506,2.430000606509516],[32.435357993904105,2.429999957804122],[32.43646444230031,2.4296687649697355],[32.43719004946711,2.4294511639612],[32.438183391817304,2.4278701580033166],[32.43828645130981,2.4277060886579465],[32.43659357901959,2.421519769971312],[32.43659364567354,2.4215195950265587],[32.43659361504845,2.421519483130044],[32.439519279791426,2.4137614999232793],[32.438568694636636,2.411963153713126],[32.434765436822495,2.412330399443988],[32.43400145406164,2.41136186150444],[32.433832015595456,2.410372084563319],[32.43360004359072,2.409017115065574],[32.433600053872134,2.409017077225637],[32.433600024150365,2.409016903605548],[32.43380196492829,2.4082739592981643],[32.43434091845731,2.406290382781332],[32.4331169003897,2.403621722902045],[32.43264478359704,2.402592735443836],[32.43264482054568,2.402592472948228],[32.432644738603784,2.402592294294773],[32.43281282966721,2.401396111548115],[32.43281328038887,2.4013956774121183],[32.432813299880166,2.401395538939398],[32.433458829506726,2.4007738832215466],[32.43457560330645,2.399698204482869],[32.43458965424526,2.3995752707536684],[32.434815810721766,2.397593054605202],[32.43474876995651,2.397580317638557],[32.432033278642336,2.397065087253434],[32.431601746150655,2.396382932395312],[32.431321384706884,2.39594068702246],[32.42789098209341,2.395133015285586],[32.427753865367706,2.395100747443384],[32.42775384293039,2.395100726531621],[32.42775334618476,2.395100609575259],[32.426481952513356,2.393915441135608],[32.42648198502641,2.3939153442983976],[32.4264814307653,2.39391482772239],[32.427094960777154,2.392089651370221],[32.42736532692186,2.391284390219493],[32.42261656933369,2.384223309839294],[32.42232042702229,2.3820111867654092],[32.42175652082124,2.37779932426553],[32.42175656212967,2.377799230244889],[32.421756499064536,2.377798759161069],[32.424079498902245,2.372511410792083],[32.425799842800146,2.372387703378014],[32.426197422828764,2.372358581016013],[32.425607630789024,2.370922466467987],[32.42579125507786,2.370634903136223],[32.425774479607355,2.370564264480887],[32.42597747024825,2.370343282375374],[32.426585036872936,2.369391807578839],[32.42765691071542,2.3685149897561733],[32.42887236577183,2.367191806498387],[32.42995391131634,2.3666359896483877],[32.430971215648356,2.3658038109590356],[32.43103040834817,2.3655896318718916],[32.42944921943617,2.362191899472927],[32.42986434187128,2.3578962519145703],[32.429871083307155,2.357826450438062],[32.42987108864315,2.3578264369596402],[32.42987115811908,2.357825718029277],[32.43106435153386,2.354812127097593],[32.42753620903576,2.351232834058764],[32.42356438518821,2.350297335873611],[32.423564515583614,2.350295090372968],[32.4235642673664,2.350295031768348],[32.423716992802696,2.347669325317411],[32.423807526286225,2.346110274996033],[32.42297856346364,2.343334506631557],[32.422978681224656,2.3433337991374947],[32.422978564875024,2.343333409421778],[32.42300245277603,2.3431909825118966],[32.42355131737866,2.339893469900342],[32.40434237366965,2.34858427483503],[32.39291626026321,2.348699961383795],[32.390291421749275,2.352972242983419],[32.38623309303806,2.352236030946234],[32.37582321493699,2.354109778011014],[32.37071443138023,2.353339728297184],[32.37357331354032,2.359375758536489],[32.367177032206094,2.363181828173142],[32.36396127255289,2.364179485921968],[32.361585617257475,2.370704796952211],[32.35775596820987,2.376165157983845],[32.348745536425874,2.376778456011327],[32.34574740133253,2.379824133849386],[32.32900295988744,2.384720543483954],[32.327904671728426,2.391145864736445],[32.327904809148436,2.391145831847194],[32.32935780046477,2.390369218691503],[32.33110954786259,2.390378829597101],[32.332640989168716,2.390012303951032],[32.33585055373964,2.390404840972932]]]}},{"type":"Feature","properties":{"n":"Myene","c":"321116","d":"Oyam","od":"Oyam","dc":"321","k":"MYENE","a":["MYENE"],"lat":2.358438,"lon":32.303409},"geometry":{"type":"MultiPolygon","coordinates":[[[[32.230561879014004,2.4130473891745083],[32.232323752200216,2.414738151750676],[32.233741600644464,2.420711344485186],[32.233893113856205,2.420718703125319],[32.252198415186925,2.421606327425282],[32.254337008548895,2.4176609070497252],[32.25441824734596,2.417510808268927],[32.254418521831674,2.4175105258821503],[32.25441891022362,2.417509809350651],[32.257611955178106,2.414225144695425],[32.26023392499699,2.412612689426074],[32.263251904595215,2.410756673590886],[32.26325192438249,2.410756684457218],[32.26325331451842,2.410755829553397],[32.27009849552837,2.414516282492731],[32.28278844076896,2.415372869385164],[32.282788552493805,2.415373465251077],[32.28278862489231,2.415373470141398],[32.28282007047646,2.4155415611783995],[32.28314535835709,2.417276430079655],[32.27670878984864,2.422643733602751],[32.271921066035304,2.4289533836068946],[32.271743680864944,2.4291871630518966],[32.267806790104025,2.43769233122425],[32.280757836536324,2.438597879940311],[32.27823061204509,2.445385527398222],[32.28008910325471,2.445168447476609],[32.2800895605069,2.4451686034519273],[32.280089580252714,2.445168601143581],[32.28050223111728,2.445309371348869],[32.28578077605292,2.447109959156229],[32.2910917318529,2.44600601792004],[32.296491408175385,2.4474848828542],[32.29898808878443,2.441782060070794],[32.30415578759825,2.441377886125872],[32.30654988562123,2.441190631762591],[32.30654993477106,2.441190636066915],[32.306550033412236,2.441190628352032],[32.31470537356919,2.441903517501745],[32.315159663739855,2.44120988898394],[32.31448009171002,2.4387810665673],[32.315342647349354,2.435264423773069],[32.31946494746847,2.432256808625007],[32.319084625688475,2.428497228363577],[32.319084695356786,2.428496945642655],[32.319084683213774,2.428496825687378],[32.31910407844736,2.428418287138062],[32.32104614720985,2.420537179422769],[32.32286898560231,2.422013298879143],[32.32566704344568,2.428296223794957],[32.32564609390961,2.43109681741443],[32.32737400142318,2.430673861041255],[32.327375020954726,2.430674082263008],[32.32737502096036,2.430674082261624],[32.32737508848126,2.4306740969151672],[32.3298961164146,2.431221118949518],[32.330801147940335,2.432203252733455],[32.33347496347199,2.429996220350747],[32.332682399999605,2.427698668273976],[32.33266867866872,2.427687491029162],[32.33129056140739,2.426568528526386],[32.33129095081107,2.4265652091111045],[32.331290746612574,2.426565042773261],[32.33183246709824,2.421949131915328],[32.33200094851337,2.420512936482782],[32.33102897683944,2.411785054421916],[32.33350945527525,2.407198913716723],[32.33023196464836,2.4023040634116164],[32.329923324329634,2.401843311203509],[32.32992333498272,2.4018431327225582],[32.3299231173623,2.401842807711897],[32.33014340102222,2.3981541969157583],[32.33014337122714,2.398154048886659],[32.329108136119196,2.393010837571318],[32.32790468939103,2.391145895856643],[32.327904809148436,2.3911458318471945],[32.327904671728426,2.391145864736445],[32.32900295988744,2.384720543483954],[32.34574740133253,2.379824133849386],[32.348745536425874,2.376778456011327],[32.357755580208234,2.376165184393305],[32.36158562141097,2.3707047855436345],[32.36396127255289,2.364179485921968],[32.36717694189609,2.3631818561909315],[32.36719211115723,2.363172855531842],[32.37357331354032,2.359375758536489],[32.37071443138023,2.353339728297184],[32.37582321493699,2.354109778011014],[32.38623309303806,2.352236030946234],[32.390291421749275,2.352972242983419],[32.39291626026321,2.348699961383795],[32.40434237366965,2.34858427483503],[32.41700056454449,2.342857261971347],[32.42355131957195,2.3398934567233263],[32.42355240963186,2.339886907774307],[32.42242607067533,2.338419050061168],[32.422426505565674,2.3384184212838],[32.42242581147008,2.338417575828875],[32.42340181649758,2.337005864844663],[32.41926672702876,2.334491876707635],[32.41519785142374,2.330533316696581],[32.415265839649166,2.328448267308175],[32.41647997456032,2.327706623482642],[32.417364492035524,2.324166707729616],[32.415379747826904,2.322861726128083],[32.41515818509875,2.3228761997880145],[32.41321499493654,2.323003954311906],[32.41167086092968,2.321280381166394],[32.412671170935,2.3198451523147634],[32.411162220830704,2.3192074182931433],[32.40972352844938,2.318599538308711],[32.40972479143351,2.31761859231084],[32.40972559245275,2.317617976244589],[32.409725593132706,2.317617614431424],[32.410234505048756,2.317226570070832],[32.411248744946434,2.316446515183725],[32.41122610681872,2.31522670572753],[32.41020434960846,2.3147717829726178],[32.40699165081024,2.315511492047252],[32.4065883913783,2.314445437677079],[32.40649378127596,2.314195521820675],[32.406493812806715,2.3141954102962554],[32.40649376535252,2.314195284846618],[32.407389399877104,2.311025476619069],[32.40605122516616,2.310520683331323],[32.404084788052785,2.30977955804324],[32.404084799164174,2.309778897794249],[32.40408463421087,2.309778835569698],[32.40409272914502,2.309307690879854],[32.40411015678885,2.308272123905924],[32.403089167430146,2.307027517595905],[32.403089433352015,2.3070270631043805],[32.40308941713134,2.307027043323369],[32.403257530687036,2.306739765132167],[32.405461451635205,2.302973006906903],[32.40522842924696,2.2992898180522277],[32.40453929193281,2.29864247923821],[32.40454039034644,2.298641491134218],[32.40453979279342,2.298640928727797],[32.40637300857918,2.2969928995276314],[32.40591330674533,2.293631069916301],[32.40406004414259,2.2916204074294044],[32.40405821350066,2.291621506454919],[32.402298369562125,2.293054502673949],[32.40180019679772,2.2929771063304805],[32.40163223997369,2.293077939176167],[32.40137066769715,2.2929103744973234],[32.401061562883896,2.292862351835299],[32.398042971771645,2.290779001088791],[32.39756274230229,2.288687762912523],[32.39749901414548,2.2884105007697015],[32.39611960850341,2.288002474744958],[32.396119910117015,2.2880016273076382],[32.396560971112585,2.28545127112941],[32.396544395782456,2.285442735348039],[32.396515402858384,2.285478575013915],[32.396456961008205,2.285397709148772],[32.39568420044163,2.284999761403662],[32.39511886426356,2.2835461874981626],[32.393783828392756,2.2816989011722586],[32.39303582226647,2.281493445165383],[32.39242176351215,2.2798142148623404],[32.39215448972313,2.279444388682752],[32.39111565406943,2.2791720239045405],[32.391111151976986,2.279171778344874],[32.39111089002738,2.279172191235388],[32.39051425989948,2.280463107475439],[32.390275449858805,2.28048902969715],[32.39011027039935,2.280749389054392],[32.38920646201742,2.280605283083041],[32.38920643431671,2.2806050686116595],[32.38920624944075,2.280605088679475],[32.38890032613852,2.278236901240624],[32.386405742323475,2.275914638983593],[32.38476350968076,2.276343840961757],[32.38376505566227,2.275721156704098],[32.383709975640585,2.2755794686141084],[32.383574886751774,2.27548151691391],[32.38276976690915,2.2731620799866477],[32.38122527672577,2.2728001575203014],[32.380665051146416,2.272669396663233],[32.38066506733183,2.272668882897966],[32.38066453219467,2.272668757498554],[32.38073821142471,2.2703244620649548],[32.37841324418205,2.2714633047001884],[32.377763393140334,2.271781721726645],[32.37776334441748,2.271781521079339],[32.37703086940709,2.2704064881315866],[32.37698370473175,2.270419515845205],[32.376847078912924,2.2718094718595165],[32.376847459936904,2.271817045837538],[32.37511139253823,2.271888347177803],[32.37503122612996,2.273569314714992],[32.37497670191769,2.274722028359919],[32.37497623782457,2.2747223357658064],[32.374976214017195,2.274722834970131],[32.373895526408226,2.2754381771255607],[32.372738682336866,2.276204447214448],[32.37261544461805,2.2784535952426705],[32.372591984372086,2.278883703955696],[32.37259186682241,2.278883901427208],[32.3725918404983,2.278884381854936],[32.37165348492637,2.2804602876784426],[32.370542010836054,2.282327451230919],[32.37108260020603,2.2838519743482215],[32.37121678879702,2.284229787936014],[32.37121670262217,2.284230158317139],[32.37121695198073,2.284230861536449],[32.37055078678418,2.287093954312036],[32.371565676477374,2.290403592464086],[32.37156565748761,2.2904037215509656],[32.3715656954171,2.290403845243488],[32.36908867417151,2.30724165192145],[32.366865446913685,2.3141090812947547],[32.36686541833773,2.314109169565065],[32.36686541833724,2.314109169565844],[32.36686533117695,2.314109438799285],[32.36178212729388,2.322195786129153],[32.361251220209624,2.323040365356372],[32.361251193227,2.3230403946423768],[32.36125111903649,2.32304051266444],[32.35815545891219,2.326401295128672],[32.33604327203402,2.322511608032976],[32.330210821941044,2.322467433665335],[32.32813352293402,2.315863941849571],[32.31563580848602,2.321001269914863],[32.316078236527005,2.319022850780297],[32.31187371500108,2.318929105952039],[32.31041988251126,2.321302778208802],[32.30908141365097,2.3234882693084975],[32.31016520163108,2.3277311242387126],[32.3101852593501,2.327809625624498],[32.3101852567597,2.32780963682873],[32.31018526457516,2.327809667424993],[32.30981120874376,2.329433477260861],[32.30005509380815,2.3265900962744213],[32.2877650663948,2.326594836052781],[32.287764819111345,2.32659469643916],[32.28776455484141,2.326594696538336],[32.28696346519258,2.326143157734742],[32.28590137296293,2.3224929885114376],[32.28387762445654,2.3210938624099255],[32.28369935629082,2.320970707596176],[32.2699571626237,2.3173649072845746],[32.2662244318621,2.316385502041114],[32.258800519458816,2.3163645164551245],[32.258806685553886,2.322096071395377],[32.25880531542614,2.3220960287163477],[32.25880531775545,2.322098483679057],[32.2555141104469,2.321993625631031],[32.251795388648766,2.318482686539665],[32.25179536531915,2.3184819894347957],[32.25179490315182,2.318481553413114],[32.2517779973075,2.317963021394579],[32.25165916684036,2.314412285945759],[32.247683403630354,2.313609842226623],[32.24707374802466,2.3142500860476978],[32.246922294793094,2.3144095463192564],[32.24693559195091,2.314504708867552],[32.24759147594945,2.319176236191729],[32.241914759123,2.320171815528664],[32.23743671680968,2.3201266286262796],[32.23583828533159,2.3201105064659777],[32.23216933087939,2.329424006229263],[32.23212132306585,2.329587432648742],[32.2321058242377,2.32969558601866],[32.2338,2.3575],[32.23159037056196,2.376281850223377],[32.2319377351794,2.377623784836588],[32.23113006810006,2.381876027171065],[32.23180995107263,2.386797004407921],[32.22996258279752,2.401844176742296],[32.22814562396994,2.4055621962555462],[32.228143836412244,2.405577390495925],[32.2284227168193,2.407830835752335],[32.230561879014004,2.4130473891745083]],[[32.302899749901556,2.426665851020501],[32.306431792400126,2.424238965567407],[32.306432592146905,2.4242391793622033],[32.30643380547545,2.424238133795633],[32.309900233747854,2.4251660817879643],[32.31520543967893,2.4243571927768643],[32.31641255489782,2.418398937471825],[32.320294859674966,2.420098928983306],[32.317287843859475,2.426882766034649],[32.316002941948504,2.427977875238026],[32.31600130861137,2.4281266386969813],[32.31599058820425,2.429277570823507],[32.31174272287005,2.4305556149512513],[32.31004888905476,2.4310656972983025],[32.30946364448483,2.435075576199946],[32.304572799972625,2.4365355173546814],[32.30376187020095,2.436777620846974],[32.30376181460591,2.436777600477504],[32.30376087808151,2.436777880034646],[32.302205834303535,2.436207724140628],[32.30220526506624,2.436127873007608],[32.3019628305095,2.4298225955336625],[32.300995736218184,2.428924303466925],[32.301001374324024,2.4289194449189133],[32.302899749901556,2.426665851020501]],[[32.2808131906025,2.333639834527216],[32.2792891643133,2.328918539481053],[32.279290283196104,2.3289184191243697],[32.279290061677756,2.328917790340127],[32.281994810850854,2.3286274968081724],[32.28287262408185,2.328533071647497],[32.282787180425856,2.333901367025862],[32.283022341222704,2.334297465926801],[32.28360016407594,2.335270463975509],[32.283600081766764,2.3352705974929244],[32.28360073544129,2.335271698525776],[32.2831196077071,2.3360566892800727],[32.2842347437989,2.335996430537453],[32.28442878812733,2.33598553969224],[32.2843288514038,2.338679085350796],[32.28204457099955,2.340939570701392],[32.282043893387126,2.340939675474249],[32.28204367384581,2.340939892684505],[32.27881857366328,2.341439166870242],[32.278818710263344,2.3414383553071074],[32.27881288337726,2.34143925626388],[32.27882979470244,2.341372500858323],[32.27976899211419,2.335792576846952],[32.27931504096582,2.335144080136591],[32.280753957658625,2.3339803705702424],[32.2808131906025,2.333639834527216]]],[[[32.327905353930504,2.39114554066519],[32.327904809148436,2.391145831847194],[32.327904809148436,2.3911458318471945],[32.327905353930504,2.3911455406651902],[32.327905353930504,2.39114554066519]]]]}}]}
