{"type":"FeatureCollection","name":"Pader sub-counties","metadata":{"source":"Uganda Bureau of Statistics NPHC 2024 Map Explorer","retrieved":"2026-07-26","display_only":true,"clipped_to_dashboard_district":true,"positive_area_overlaps_removed":true,"source_gap_ratio":0.0144734},"features":[{"type":"Feature","properties":{"n":"Awere","c":"312101","d":"Pader","od":"Pader","dc":"312","k":"AWERE","a":["AWERE"],"lat":2.720331,"lon":32.795335},"geometry":{"type":"Polygon","coordinates":[[[32.6888513286581,2.7919500973749702],[32.690776494422245,2.7959723187036256],[32.691802360886406,2.795700192954485],[32.69267810093198,2.796726991497254],[32.69311666038701,2.799526868651506],[32.692716450109266,2.800025440406862],[32.6928,2.8002],[32.692107366327576,2.800784221445436],[32.69169519430275,2.801297694840174],[32.692185012911466,2.802359219300288],[32.69637518114707,2.804205440507191],[32.70264001331022,2.813006340943675],[32.702926007838165,2.815840899662877],[32.7049963076145,2.819195956893035],[32.70890796156915,2.818646282342531],[32.708893605478195,2.817718185588348],[32.70733061666397,2.816440686102094],[32.70751648266658,2.815612698213662],[32.712013066926595,2.817240010881135],[32.71683845320927,2.81659762653835],[32.71860987925277,2.817048898687464],[32.72326518186178,2.820789716783384],[32.72839519801555,2.821912766027177],[32.73130765718789,2.821912766061122],[32.73612323966472,2.819657145763444],[32.73855073758535,2.820856285059832],[32.7414917479017,2.820399428712961],[32.74383670404017,2.818131209931922],[32.74345785361906,2.814129425883375],[32.7448479752129,2.812170661695442],[32.744538536959226,2.811111718043168],[32.74206453231442,2.810445641470768],[32.741730998520055,2.809625152891268],[32.74221866092569,2.807899402587186],[32.74133555352098,2.80368092541955],[32.742076352028946,2.801560667914027],[32.743025621513524,2.801130834766239],[32.751548632711035,2.8041403983688],[32.75204894087337,2.806181804046553],[32.74947290245756,2.806801194591351],[32.749377726200244,2.808234810975777],[32.75112662780291,2.809400741721691],[32.75560596035196,2.810352530194331],[32.76573492519921,2.80945349013206],[32.766184640451016,2.806591005791403],[32.7637362758666,2.804085389223189],[32.76353640611797,2.801322925670162],[32.76962434307793,2.800406172382944],[32.77102367795169,2.797698090348635],[32.7756862130215,2.797769370657592],[32.77981796222281,2.802328777839816],[32.783901116771546,2.80448932656597],[32.78735608702206,2.803413811916632],[32.78757499528447,2.800824964989321],[32.78495753455673,2.795143855638719],[32.78803308368962,2.791578971124038],[32.787370757679284,2.787670328411317],[32.78789875948957,2.787082862351833],[32.786735727469456,2.785332975100206],[32.78815461943376,2.783107443257752],[32.79036150438022,2.783442283091983],[32.79040433464782,2.780765393016615],[32.78862687576413,2.77593985020612],[32.784849152801016,2.770990822739555],[32.78861218090016,2.770248056457842],[32.80182456148953,2.777287603440197],[32.803890443413586,2.772483834063951],[32.80437445690157,2.767796424353847],[32.81061238345156,2.767184892445701],[32.81278245203737,2.76162647526324],[32.812371128014966,2.758404130613028],[32.81784401853907,2.756639967621653],[32.82185195771887,2.751083833963707],[32.81967321226627,2.747645877262059],[32.816979666864675,2.746265794579687],[32.81459733964752,2.747112213487014],[32.811316752301025,2.746739370865339],[32.8107334577478,2.739648690359849],[32.81225959938699,2.734026336082644],[32.8116989018652,2.733981593507148],[32.81129961972891,2.728557261956767],[32.8127463823488,2.72847956743963],[32.81552559437903,2.726290462212393],[32.818089218207334,2.722435866786357],[32.8227332196117,2.722204238677164],[32.82329136973172,2.720998602141297],[32.82806559106734,2.721104926581775],[32.83027134741777,2.716650580937852],[32.83128066270395,2.710852331037344],[32.83531630269278,2.712658235844041],[32.83552129036192,2.710991230737642],[32.844440701564515,2.707424484675839],[32.84644455790944,2.705227249508747],[32.84697539820501,2.702443417874727],[32.85429540857207,2.704212158010501],[32.86062835518597,2.695638572554726],[32.86171643287558,2.692100018102166],[32.870681633015394,2.696158110882309],[32.87809128748623,2.70283960951604],[32.87949044398314,2.701012088694935],[32.87964687949716,2.698203099012223],[32.88069441544283,2.698420476745286],[32.882683641060765,2.694822739020274],[32.886486094470605,2.681212259304789],[32.889027230163194,2.681553983636614],[32.889550380675345,2.67835670626407],[32.8933293066534,2.677042552517003],[32.89712692324418,2.678175150157811],[32.90086729811306,2.678046711941915],[32.908243231389335,2.672344553721102],[32.8981113001435,2.657362906371121],[32.89153891160077,2.652917728165979],[32.88929755761905,2.649705977886744],[32.889677815731574,2.647268859655073],[32.891669696056425,2.645896953735491],[32.891211734024004,2.641680513759394],[32.88926295691925,2.637119086139723],[32.88485770776332,2.635701924445878],[32.88363480871172,2.634502781384275],[32.884708707840254,2.631007615202712],[32.884647256644485,2.624124270099332],[32.88138841795668,2.622462884687855],[32.88014364103679,2.619288434440378],[32.87936515834985,2.6195219427225456],[32.87270486454651,2.6230428028829023],[32.875161084749436,2.623852103122509],[32.87571286356869,2.625688207235423],[32.87375283370988,2.625156328020066],[32.86994466300762,2.626726900610848],[32.86756135603978,2.626305914722511],[32.8671817824215,2.6258928784591267],[32.85082059485946,2.6249072647505693],[32.85091643736959,2.6253395686784358],[32.85411025589657,2.6318259836249993],[32.85468169672922,2.632159265800329],[32.85565236207988,2.6349578899972776],[32.85734424500726,2.6383939821281475],[32.85819112396947,2.639347707084209],[32.858592475701904,2.6409290485904613],[32.8604,2.6446],[32.8602894443841,2.6447692882868443],[32.86052537777797,2.645092918377572],[32.85968113207426,2.648055405491758],[32.857040988694315,2.649733253927194],[32.853537212096704,2.649419073863508],[32.85174281641658,2.653594900314367],[32.850516579241955,2.652703987110663],[32.85022048625578,2.650376842131134],[32.848721357062665,2.649463037815785],[32.84592290498723,2.649776908757365],[32.84293926677763,2.648063912994227],[32.83764258670123,2.646836112030697],[32.8358944006126,2.64845433318754],[32.83613887568527,2.650815358945015],[32.8352819451489,2.651652793800501],[32.83107109698554,2.649031561205784],[32.825893755072485,2.651102497971007],[32.82508345232654,2.652448950814804],[32.82487389303806,2.6532095734174233],[32.82512700240588,2.656383346216618],[32.823871971555064,2.656846177318645],[32.82272568176578,2.6610067847019727],[32.824430356649735,2.661584943954687],[32.82938543442587,2.665148020472731],[32.82952840372651,2.666641623425725],[32.8257453230362,2.675337930539982],[32.82385960424388,2.676064940171783],[32.82163406845558,2.674790008287849],[32.814155693046295,2.666007203318004],[32.81015007804115,2.668307725449339],[32.80910836108785,2.669592740645218],[32.807605402560114,2.670087854390208],[32.80452023019681,2.668526595197129],[32.802414782947466,2.666583130621107],[32.79901327897505,2.664712303436281],[32.79781178638447,2.664349600595412],[32.797779384878304,2.664391296897676],[32.79709446991494,2.6660454311488206],[32.79747114068578,2.669982568956899],[32.79641474216285,2.671667727356438],[32.797142904579246,2.674742340824421],[32.792966162008156,2.676580843969171],[32.79148029538559,2.679917593983547],[32.78787918057023,2.683996994901872],[32.785760182992654,2.6885354429657],[32.785582581911974,2.69093711000954],[32.7820400439415,2.689571947270203],[32.7796259308806,2.692468882943282],[32.77859331363293,2.696800798529743],[32.77463426806995,2.698479258993147],[32.77322042305175,2.701420224178825],[32.774135979942194,2.703946505331754],[32.77319467357278,2.706358558282558],[32.76750359432374,2.712457094000539],[32.76714540907403,2.714211260635651],[32.76283481460203,2.719663507996534],[32.74913613504219,2.734570084771077],[32.74661793669835,2.735504092132383],[32.742890924240264,2.740760826952848],[32.74115791564346,2.742341112479743],[32.73898834734102,2.7428359958667],[32.73726085862214,2.74540105087305],[32.73730743321653,2.746984215931066],[32.730849103704855,2.754108909174818],[32.72893324952984,2.754086110337064],[32.726837283428395,2.7525204505462746],[32.723491498245814,2.7555697737506484],[32.72310306451155,2.756584517351191],[32.72392381713073,2.760892057225974],[32.7222612895787,2.766303486832719],[32.720004804323544,2.766647226152643],[32.71792561595006,2.768836739281374],[32.71767368748237,2.7688186154280037],[32.7176,2.769],[32.717054455957054,2.7687740676185792],[32.7164646955877,2.768731639978083],[32.71581270292807,2.7682598062631416],[32.7077,2.7649],[32.70744474859631,2.7650405732368166],[32.70745525417098,2.766433148988242],[32.70392912838494,2.768517369535808],[32.70190229287144,2.7680929401577585],[32.69420175022327,2.772333818717619],[32.69450328603934,2.7732782389907493],[32.69686700514634,2.7763274366387756],[32.7012021876208,2.775627835632673],[32.700417083201415,2.779581967694804],[32.70609875038184,2.78203740875522],[32.70602339472117,2.784106717375445],[32.704182040830545,2.785319047603212],[32.70378791892862,2.7852554154179234],[32.7039,2.7854],[32.68735015286883,2.7884721273117736],[32.68728022950244,2.788667622353314],[32.687412956513015,2.7889449270004145],[32.688985846576,2.791229650158085],[32.6888513286581,2.7919500973749702]]]}},{"type":"Feature","properties":{"n":"Lunyiri","c":"312102","d":"Pader","od":"Pader","dc":"312","k":"LUNYIRI","a":["LUNYIRI"],"lat":2.731141,"lon":32.88914},"geometry":{"type":"Polygon","coordinates":[[[32.81442376462041,2.78251690598889],[32.816928926837015,2.784137012283591],[32.81835701085735,2.786821351967577],[32.82010580236746,2.788063439535111],[32.82162058491974,2.787265047987744],[32.82176369189185,2.784537711415844],[32.82557300009613,2.782502142063864],[32.82925177929711,2.77861298905531],[32.83077485307661,2.779905708176679],[32.83365436888831,2.779211979020436],[32.83570249503427,2.78038515526121],[32.83608381163574,2.779714947923504],[32.837678349060845,2.780337553973677],[32.84139960136716,2.779584414897706],[32.84161813137516,2.780397935926362],[32.843736719884795,2.779345130887487],[32.844903309573915,2.780111130306325],[32.85153303457245,2.775743910615801],[32.854629785726935,2.774858182579227],[32.86001934142717,2.774919796672329],[32.86566103887509,2.776044062369454],[32.868351082056,2.777528292581962],[32.86957771252411,2.779144666251938],[32.87007834149257,2.778595591925402],[32.87229144126627,2.779887030716505],[32.873030179988255,2.779001829674904],[32.87362457941696,2.779552049412921],[32.875909944680465,2.779073553954085],[32.87605313340804,2.778452396037031],[32.8854680395801,2.774562431043494],[32.88758693661038,2.774394983388769],[32.8932653540431,2.770146546214492],[32.894574139015425,2.770505828598693],[32.8977165746386,2.768902408648287],[32.89908623561499,2.769083129262448],[32.899632798963694,2.769967675183917],[32.901513412746986,2.769896026918666],[32.9103328288149,2.766055276848739],[32.917260916974406,2.764930249394706],[32.91984390862543,2.762907730495424],[32.920010344417804,2.761376787560426],[32.921129489443324,2.761351887575119],[32.922819281277185,2.758528417408632],[32.92371399955606,2.757678260697419],[32.92452191606238,2.758108599231043],[32.92873568263376,2.753321403486365],[32.933032421297845,2.746221908761708],[32.934257758456724,2.745511077167326],[32.9362251292668,2.746020382284403],[32.93888767381988,2.744741106787824],[32.941974176070275,2.740382109722453],[32.94456632621619,2.738462754251766],[32.944661280382135,2.737348786349298],[32.948960610781114,2.73750338033462],[32.95520406665843,2.735466500741063],[32.96043518085059,2.735039754801542],[32.96207272545028,2.734530412717787],[32.962308943124526,2.733724973812262],[32.96518286163991,2.734009257640665],[32.96865792532753,2.72781088395188],[32.977701630929005,2.723682068271837],[32.97770164120301,2.722726854632075],[32.980129732633216,2.719900018913439],[32.98093802543563,2.716742120975705],[32.98574762737609,2.711617795778438],[32.98693788611093,2.706303731656702],[32.980495921948354,2.697944168617423],[32.97736704592629,2.695112693692701],[32.96749217481302,2.69163859887723],[32.95787120328231,2.698040637406559],[32.95068557083786,2.698173306166673],[32.94294342110753,2.677690272003308],[32.94016346526873,2.674349435996462],[32.938584922332716,2.67446781975944],[32.9312565100023,2.681160068142146],[32.92785287894309,2.680286470483144],[32.924341694843704,2.67827398572694],[32.912459453866255,2.66988839249192],[32.90816586683432,2.6722301581086034],[32.908243231389335,2.672344553721102],[32.90471640981847,2.675071055420668],[32.902738188334155,2.677132517626363],[32.90086736298855,2.6780466617882235],[32.90086729811306,2.678046711941915],[32.90086725749285,2.6780467133367454],[32.9008671621157,2.67804675994102],[32.89955239077958,2.6780918636600988],[32.89712692324418,2.678175150157811],[32.89348188390255,2.677088057013917],[32.89262891934078,2.6772861181800054],[32.89066152639138,2.677970295862081],[32.88945331022119,2.6789499603265288],[32.889027230163194,2.681553983636614],[32.886486094470605,2.681212259304789],[32.882683641060765,2.694822739020274],[32.88268242749608,2.6948249338881722],[32.8826823076008,2.694825363036372],[32.88097571266524,2.6979117191564677],[32.88069441544283,2.698420476745286],[32.879647264248625,2.698203178853303],[32.87949067568357,2.701011360493564],[32.879490469543924,2.701011629719913],[32.87949044398314,2.701012088694935],[32.87809128748623,2.70283960951604],[32.870681633015394,2.696158110882309],[32.86171643287558,2.692100018102166],[32.86062835518597,2.695638572554726],[32.86062831506038,2.69563862687702],[32.860628310967655,2.695638640231565],[32.85429591930329,2.704211514122564],[32.85429588950046,2.7042115069264256],[32.85429540857207,2.704212158010501],[32.84984916745212,2.7031378091055367],[32.84697530781019,2.702443891923051],[32.84644455790944,2.705227249508747],[32.844440701564515,2.707424484675839],[32.83863503327851,2.709746089098474],[32.83552125315319,2.7109915333272347],[32.83531630269278,2.712658235844041],[32.83128066270395,2.710852331037344],[32.83027134741777,2.716650580937852],[32.82806559106734,2.721104926581775],[32.82329136973172,2.720998602141297],[32.8227332196117,2.722204238677164],[32.818089218207334,2.722435866786357],[32.81552559437903,2.726290462212393],[32.8127463823488,2.72847956743963],[32.81129979330823,2.728557252635154],[32.81169912091893,2.733981610987211],[32.81225959938699,2.734026336082644],[32.810733469292565,2.739648647828573],[32.810755335047844,2.7399146365170455],[32.811316752301025,2.746739370865339],[32.81459733964752,2.747112213487014],[32.816979666864675,2.746265794579687],[32.81967321226627,2.747645877262059],[32.82185195771887,2.751083833963707],[32.81784401853907,2.756639967621653],[32.812371128014966,2.758404130613028],[32.81278245203737,2.76162647526324],[32.812782291587894,2.7616268862387874],[32.81278229644674,2.761626924184255],[32.81268181031436,2.761884259135197],[32.81061238345156,2.767184892445701],[32.80437445690157,2.767796424353847],[32.804362316506946,2.7679139975311755],[32.80417591766018,2.771420443596653],[32.803939275480346,2.7720109218216975],[32.803890443413586,2.772483834063951],[32.80182473860953,2.7772871915852853],[32.80182457059261,2.777287610827255],[32.814675618449236,2.78033663488202],[32.81442376462041,2.78251690598889]]]}},{"type":"Feature","properties":{"n":"Ogom","c":"312103","d":"Pader","od":"Pader","dc":"312","k":"OGOM","a":["OGOM"],"lat":2.971718,"lon":33.103323},"geometry":{"type":"MultiPolygon","coordinates":[[[[33.05872664936471,2.958364544336732],[33.066036619911586,2.968010831001045],[33.06929876151559,2.96841773810184],[33.07716785796426,2.973216458870922],[33.086703695095125,2.975406039190484],[33.097402489941864,2.980379592342779],[33.09664305517157,2.99453830318764],[33.10933646570808,2.996278257292153],[33.10931236130241,2.999797120731652],[33.115996354800316,3.003961552075317],[33.11973958332852,3.004588686090597],[33.12224002234831,3.006787630474349],[33.1275661524552,3.007972233075164],[33.13816173531177,3.008075656371741],[33.13543768839195,3.014926945783639],[33.13307855506092,3.029738246706068],[33.13920532964796,3.0319842965729857],[33.1448,3.0155],[33.1575343530425,3.006528069447332],[33.1575081140443,3.006435911465748],[33.161300645187076,2.999396781674031],[33.151988165687555,2.998262731311345],[33.13934538443621,2.997955604864385],[33.13641649362773,2.98018656513443],[33.141087999834355,2.974490542028816],[33.14364806290614,2.975653253133016],[33.14387079974173,2.977567045261674],[33.1454840662438,2.978302294795017],[33.14619191925643,2.977267703361808],[33.14958756308677,2.976882000438863],[33.15651358277074,2.977894695280435],[33.15879072401033,2.976652617508047],[33.16005891742848,2.974819000235863],[33.162342188652104,2.963217575720953],[33.15496655767572,2.960136467759113],[33.15296451839907,2.95775817079882],[33.151433164698595,2.960637030246185],[33.14211321085807,2.967706089145135],[33.13931775795934,2.96966873278722],[33.13435046244485,2.970888454423329],[33.13328423794494,2.972548453846845],[33.13009459327505,2.970588114467453],[33.1258556961881,2.965848816165832],[33.12476092534796,2.964365034660446],[33.12404602660244,2.96077489278184],[33.11757263303916,2.963481434789585],[33.104061762878935,2.964536307284685],[33.102996066535916,2.960753721861652],[33.10306107027746,2.957613038351163],[33.10149047089418,2.953638497477962],[33.111948986887,2.940668966771189],[33.1117104201531,2.935881559655752],[33.10890081775574,2.930520349289143],[33.107280570878466,2.92065795577893],[33.10267089143744,2.913011230405184],[33.09550286351126,2.911254532679506],[33.094860495122376,2.916242791836939],[33.092656236333816,2.92160530119058],[33.089004927869595,2.920552871789483],[33.08614460956806,2.925597095622275],[33.083202084846256,2.924071046441475],[33.08239069588472,2.926982912454339],[33.078034524026094,2.92731489048208],[33.07907338400132,2.942352886745838],[33.08002964084582,2.944749062342091],[33.078744436918456,2.944915019150252],[33.07874493491631,2.945791164260471],[33.07524845110343,2.947265779535543],[33.06330799486474,2.945026378176319],[33.061195037626916,2.945502270088924],[33.060851116369406,2.946701654903691],[33.05625051500173,2.948319551398185],[33.05415312122583,2.949942651445238],[33.0578473539862,2.953989370985511],[33.05872664936471,2.958364544336732]]],[[[32.97994122057048,2.836736354321101],[32.98166763406074,2.8404586628918],[32.982155757183165,2.845282022102297],[32.98153680279847,2.846814451985161],[32.98301280328508,2.847628338427073],[32.98555963505403,2.84729325313134],[32.987916997034375,2.848897078262462],[32.988631239965194,2.848108052994158],[32.98834552045557,2.849878515812726],[32.98960714041269,2.850212830448084],[32.98909842438219,2.851907153504171],[32.99487290213217,2.857236054528737],[33.00047891023115,2.860024781309855],[33.00686515872569,2.861263123831276],[33.00358604957153,2.867265665857159],[33.00233614576834,2.874195627254149],[33.0035860923166,2.87885182878811],[33.004186176550334,2.888229839239644],[33.00784766140297,2.895080894001322],[33.01015719912509,2.90432073991919],[33.01789761371618,2.912640584231803],[33.01972225746693,2.912796178820951],[33.019069269383685,2.915431144582664],[33.02039462351793,2.918848042087777],[33.021300133166584,2.91793634866046],[33.022088803617976,2.918962260008802],[33.024458629504444,2.919657273962063],[33.02687865300239,2.922443410141969],[33.03149588339827,2.919271235791819],[33.03812629289127,2.917348230755378],[33.03651462529995,2.92331914461806],[33.035577613214244,2.930913301609547],[33.03599163824878,2.932912049555264],[33.03753169321842,2.933140982123438],[33.03780478239956,2.934739474919778],[33.043490158210275,2.935891126779703],[33.04691046672361,2.938133259885473],[33.05135544504971,2.938915482858717],[33.05107093406293,2.938033529783781],[33.053715872035276,2.934408789226844],[33.05500076030438,2.928174715111997],[33.0573297066419,2.908747468113078],[33.0541954685737,2.908500718577138],[33.05447625888648,2.904602527480391],[33.05345574373065,2.904165164802547],[33.05355302810544,2.901209419388635],[33.052216035577,2.901262817352565],[33.05420737768676,2.894981172780162],[33.05460295305545,2.889650537458109],[33.05289164736066,2.885887755537901],[33.050260351695954,2.883194316246019],[33.049093996073054,2.880704996539758],[33.04791548540009,2.87686334272236],[33.04791536868547,2.873536856195168],[33.04911795647708,2.868462993071813],[33.05701024313641,2.860826458246013],[33.052145077159324,2.856488389638153],[33.04892416943053,2.849728494553524],[33.04610304334172,2.849216279553366],[33.042747434927115,2.847153260687586],[33.04249828229074,2.845996062061108],[33.04026632921594,2.844013680400787],[33.0402,2.844],[33.03462806882558,2.845055040222375],[33.03322634540787,2.847967960680443],[33.030951848438136,2.846982573174266],[33.026904928798835,2.847697362872827],[33.026212403073764,2.848439252576913],[33.023905141848445,2.847100353438087],[33.02314259883406,2.847886831934543],[33.02155976009085,2.843688295820915],[33.02189094367606,2.843207673748838],[33.02074558040642,2.839962477818199],[33.019784393166795,2.83982085342172],[33.01996060758356,2.838668030216164],[33.020368775819456,2.838680859559679],[33.02247758972589,2.8380939726706256],[33.02323169790293,2.837505366841716],[33.022607317791575,2.837136550609927],[33.023174675711665,2.835625384797402],[33.02217516653615,2.834430861481029],[33.02262707639247,2.83318378969151],[33.021174834375195,2.83071828133885],[33.017494265935206,2.832811669115382],[33.01644926650959,2.831855383895491],[33.015376925986395,2.832116747195586],[33.015258923780436,2.831041531764102],[33.010140519856186,2.829533539780645],[33.006628972217726,2.830383411462385],[33.00505785783961,2.831771699840748],[33.0047953481904,2.833926263790052],[33.00384372533939,2.834189375957475],[33.003985623731886,2.836081570833043],[33.00274862992329,2.836870353513743],[33.003473875117244,2.838055480475279],[33.002498671215015,2.839611177109312],[33.0028795778752,2.841478278464185],[33.006663691149534,2.843081399381836],[33.00771300169944,2.845162022377262],[33.00238140756219,2.845929316109208],[33.001974925637334,2.845236447874556],[33.00147312591231,2.845882042268646],[32.99945107559175,2.845509648642275],[32.99640352697399,2.843809570349898],[32.99263081145593,2.840040330451875],[32.99139209023999,2.839990119993905],[32.991987864964095,2.837479196207287],[32.99591614373,2.836449743759047],[32.994844863119724,2.833696960633635],[32.990322631944764,2.834726027007027],[32.98729064457487,2.834140965134825],[32.98750053360874,2.833469505236951],[32.986025072815636,2.834067924136266],[32.98262022834222,2.831817756554159],[32.981265209762306,2.832248510599192],[32.98035861547668,2.831219294744973],[32.97864455800648,2.83102776204567],[32.976799530085046,2.832356246061956],[32.97775172756459,2.835635667253606],[32.97994122057048,2.836736354321101]]]]}},{"type":"Feature","properties":{"n":"Pader","c":"312104","d":"Pader","od":"Pader","dc":"312","k":"PADER","a":["PADER"],"lat":2.79557,"lon":32.929278},"geometry":{"type":"Polygon","coordinates":[[[32.811065510628644,2.809201606581591],[32.81768260308817,2.812029415265529],[32.81943920758224,2.811248259155883],[32.8258322291123,2.812050885701359],[32.82745031278329,2.810831152223354],[32.82930873861536,2.811143018879859],[32.83018844844918,2.812100315861632],[32.830473928037755,2.815330969307471],[32.83144815726428,2.815283467505148],[32.83285218281253,2.816621800191264],[32.83269921029095,2.818838002474126],[32.83367288966068,2.818792214168583],[32.83360380268176,2.819723898672467],[32.835818386607826,2.820707745705373],[32.83662684697181,2.82211805060328],[32.8389381249829,2.822336615323442],[32.84268503101108,2.826559704558528],[32.841448551081776,2.827732001064517],[32.83832846200147,2.825936282029858],[32.836876226047615,2.826319080955417],[32.83270956202177,2.830292054915773],[32.834220983394886,2.832267086031329],[32.84946860894902,2.835297235313283],[32.855908736289095,2.8353103392022],[32.860740780904266,2.837010161818752],[32.86343119665437,2.834592834255864],[32.862384762688585,2.834162477511263],[32.862645800389224,2.832773513865773],[32.86083662122715,2.831192346643006],[32.8603969725367,2.827016085648703],[32.86118445968136,2.82546011287848],[32.86244421090923,2.826274522091225],[32.86570606706334,2.825389300518247],[32.86868145742394,2.826466749823036],[32.87034798684885,2.825654020918135],[32.8739307938689,2.827197443869927],[32.875405719914625,2.826794302190518],[32.876120687976034,2.828873260826622],[32.87764393942692,2.829733846062807],[32.875774914004914,2.834295015789106],[32.87682219451855,2.836281919918888],[32.878032331850115,2.836519706873452],[32.877536258888746,2.837550659647142],[32.87867784686756,2.837382549353458],[32.88242809527592,2.841608538823236],[32.88461558232651,2.841943447459468],[32.88542760738426,2.842853580303911],[32.88757023845502,2.842590481160488],[32.88816625116755,2.840172721444862],[32.88995145496346,2.83986228923471],[32.88976034812774,2.843763618580954],[32.89084361798159,2.844615640300238],[32.891414433906014,2.848922257462522],[32.893354449959446,2.851495685491812],[32.89697302938031,2.852884828138145],[32.89778228185182,2.854224944830601],[32.89966449738519,2.854035927983364],[32.89990094324239,2.85508678149121],[32.9008272346525,2.855276772349074],[32.90056752197788,2.856235915540714],[32.90416214509671,2.856954330127208],[32.90573361811602,2.856308173797448],[32.90521086750852,2.855590258871386],[32.90566458122485,2.854441900857787],[32.906543196196296,2.85463262597219],[32.90656405571817,2.853628648486817],[32.90987617689948,2.854561077269787],[32.910730972053095,2.853653206015144],[32.911137913323714,2.85501598559998],[32.91178124173348,2.85432397643553],[32.913399550607664,2.85532734806672],[32.91449470758263,2.854752937626529],[32.91425900552105,2.854105482300349],[32.91547084461164,2.854058830477589],[32.91509201990669,2.853578159067625],[32.916066117500115,2.852622636666444],[32.913268663569276,2.849640081136763],[32.912721797189825,2.845429238691344],[32.91176961275026,2.844805255939107],[32.91135379076005,2.84245082998501],[32.9120911766172,2.841922383920823],[32.911948480037275,2.840055267329349],[32.91044827548738,2.839909738335239],[32.91025970495891,2.839289066302194],[32.91099627728448,2.839193441436185],[32.9099978868289,2.8381657430581],[32.91084390702771,2.836332310315389],[32.914008286527164,2.836932449665898],[32.917507179376486,2.84243743056525],[32.91910225808511,2.842320877792804],[32.91905454473456,2.843466848067063],[32.9203034591597,2.84283243400078],[32.92092333169891,2.843981624822632],[32.921779029258786,2.843431276035065],[32.925830269823564,2.843886992344692],[32.927684381675874,2.845011367970654],[32.92839796412527,2.844053812204526],[32.92911272513388,2.845968949562371],[32.93155296475349,2.845239017630758],[32.930768766730445,2.844210370627346],[32.93221961978862,2.844066126875552],[32.93002979787208,2.841479471564694],[32.93032727194456,2.839266597754084],[32.928709688891736,2.836345166763484],[32.929018159586064,2.835077490962906],[32.92593539198241,2.83219285848819],[32.92400695856582,2.832168586238707],[32.92208084912315,2.829365708249993],[32.92222186919479,2.827931779034659],[32.91975830706695,2.82521468141543],[32.92175798139325,2.822821131468961],[32.92232954781447,2.819589637605052],[32.92095925512125,2.819001110314713],[32.920675145107296,2.817686516742644],[32.91908131055833,2.816419872257532],[32.91993726664816,2.815915101546498],[32.92005644602647,2.813784690285069],[32.91890256831148,2.809299129823368],[32.91954490908353,2.809559717412748],[32.919997807305585,2.807931845144103],[32.921425693464556,2.807908178677432],[32.921260044507015,2.807046234318839],[32.92360426640871,2.80591015949376],[32.92410396700152,2.806508022114621],[32.926076908593906,2.806243877770631],[32.92812967673167,2.807517241428997],[32.928698381770076,2.808782361190515],[32.930079260623245,2.808759288047971],[32.930007636435946,2.810146868140567],[32.93126504584566,2.810173353842894],[32.9312455042796,2.81088898803206],[32.93236593767031,2.81041154422016],[32.93217389390799,2.811702912632317],[32.93578030339442,2.815616866917214],[32.94087246004623,2.817028159674264],[32.94136265979828,2.819387291882399],[32.94795674120502,2.824964987326937],[32.94986063061786,2.825371964138273],[32.9509919756369,2.826772387787195],[32.9534961329481,2.826415045979192],[32.955894647111215,2.827346327529882],[32.952705857067826,2.831440243873238],[32.95797900929302,2.833391923322401],[32.957336076788174,2.83533034757834],[32.95807394171976,2.839160220767145],[32.96106163680055,2.840201595096564],[32.9645865502689,2.839820909238222],[32.966133999558494,2.841835931455221],[32.96653857297606,2.844540065408494],[32.96737312195851,2.84447126380428],[32.96730034456988,2.845928449557526],[32.968703378424166,2.84609585420413],[32.96868110202699,2.847316850730486],[32.9698001854123,2.847053753942589],[32.9701570897038,2.848537688788501],[32.972857877395604,2.849148772439466],[32.97350029842269,2.850032797245055],[32.97331138144238,2.854079255774929],[32.97728711734475,2.855252269323947],[32.97888217509226,2.855252299076383],[32.98012045010363,2.853145881004358],[32.981667624690225,2.853385234410334],[32.98159674404849,2.852260568938761],[32.98493993884087,2.848803022883447],[32.98622624455512,2.849495244122902],[32.98705985772193,2.852056686746045],[32.98782173728046,2.85239192708864],[32.9888454283246,2.852272243133519],[32.98960528891954,2.8502189970073],[32.98960692268824,2.8502135555983283],[32.98931568306246,2.850135597635449],[32.98834552045557,2.849878515812726],[32.98861399359424,2.8482149202450526],[32.988631031284136,2.8481082835244487],[32.987916997034375,2.848897078262462],[32.987916392348666,2.848896666866101],[32.98791626159985,2.848896811274775],[32.986947334531145,2.848237370884319],[32.98555972218462,2.847293312410412],[32.9853317753487,2.847323232511085],[32.98301280328508,2.847628338427073],[32.98301174906385,2.8476277571153643],[32.983011247751115,2.847627822917232],[32.98262657148382,2.8474153650376124],[32.98153680279847,2.846814451985161],[32.98215574583002,2.8452820502108263],[32.98211349716197,2.8448644322502683],[32.981667637167114,2.840458693587248],[32.98162699984144,2.8403710517235434],[32.9799413006457,2.8367365269707396],[32.979773977833005,2.836652279186914],[32.97775172756459,2.835635667253606],[32.97687968056137,2.832632288769715],[32.97679967461738,2.832356950518199],[32.976799730418755,2.8323569360224194],[32.976799530085046,2.832356246061956],[32.978129353588926,2.8313987270732945],[32.97821523895993,2.831076027699669],[32.97854670583449,2.8310982189991614],[32.97864455800648,2.83102776204567],[32.98035861547668,2.831219294744973],[32.98126484225251,2.832248093381795],[32.98199734845683,2.8320157671454376],[32.98262022834222,2.831817756554159],[32.98602484565732,2.834067774013614],[32.986506455550696,2.833872684433653],[32.98750053360874,2.833469505236951],[32.987290759673506,2.834140596920636],[32.988815136264755,2.8344351358728357],[32.99032253138685,2.8347260076030545],[32.99084583117175,2.8346069692432274],[32.994844863119724,2.833696960633635],[32.9948449786512,2.8336972575055244],[32.994845022625945,2.833697247502307],[32.99591611014908,2.836448851436156],[32.99591582552257,2.836448926087161],[32.99591614373,2.836449743759047],[32.99198794621182,2.8374791749153485],[32.99139340794192,2.8399901734057758],[32.99263081145593,2.840040330451875],[32.99640352697399,2.843809570349898],[32.99945107559175,2.845509648642275],[32.999453317196554,2.8455100614704487],[33.00171591114126,2.8455696850174172],[33.001974925637334,2.845236447874556],[33.002177561375305,2.845581850357326],[33.00439057735349,2.845640167432922],[33.00758576844226,2.8451803330885084],[33.00766279673962,2.8450624735888725],[33.00666381012327,2.8430816352886388],[33.00288041256789,2.841478834274875],[33.002880367336154,2.8414786129154246],[33.0028795778752,2.841478278464185],[33.002498671215015,2.839611177109312],[33.00249875531164,2.8396110429539427],[33.002498662683195,2.839610589639856],[33.002838373295766,2.83906926645618],[33.003473875117244,2.838055480475279],[33.00313016287079,2.8374938184971206],[33.00274864848215,2.836872179264088],[33.002749438130344,2.8368716742091142],[33.00274862992329,2.836870353513743],[33.00369882477202,2.8362644513380313],[33.003985584041445,2.8360810415666644],[33.00384372533939,2.834189375957475],[33.004048879612995,2.8341326532910025],[33.00479535231337,2.8339262299504724],[33.00505785783961,2.831771699840748],[33.006628972217726,2.830383411462385],[33.00810860705992,2.8300253073210886],[33.01013897554027,2.829533299070134],[33.01014012056665,2.829533636417486],[33.010140519856186,2.829533539780645],[33.015258923780436,2.831041531764102],[33.01525894703333,2.831041743640392],[33.01525952722035,2.83104191457493],[33.01537773707979,2.832116549506473],[33.01644926650959,2.831855383895491],[33.01680933394126,2.832184883754184],[33.01749501153171,2.8328112450443115],[33.021174834375195,2.83071828133885],[33.021175393582716,2.830719230719739],[33.02117611716264,2.830718818909489],[33.02227861443687,2.8325921969322585],[33.02262707639247,2.83318378969151],[33.02217561213087,2.8344296318362283],[33.02251952931172,2.8348424128452305],[33.023174675711665,2.835625384797402],[33.022607317791575,2.837136550609927],[33.0226078032369,2.837136837358515],[33.0231127293361,2.83734474448704],[33.024037628673504,2.836402071063761],[33.029176365373324,2.836116229596188],[33.034223180536074,2.833346813899138],[33.0369565109495,2.834040829881322],[33.037551303231915,2.833097400749847],[33.0392371012388,2.833370448092156],[33.03923764188722,2.832678256386344],[33.04036354656097,2.833116277136335],[33.04130835893121,2.8328533340710305],[33.04164056497829,2.832132316353139],[33.0447,2.8176],[33.038570743429396,2.808442169594514],[33.03664804053209,2.805727177693325],[33.03656560282211,2.805446253628321],[33.0362,2.8049],[33.030157467527,2.786046261339588],[33.02101916172073,2.760067280091409],[33.01741300891938,2.747099351835533],[33.01751018930835,2.7465845820908514],[33.0129,2.7322],[33.013242018033495,2.731958048378055],[33.01196102191208,2.73222699517661],[33.00992305120204,2.731473350354432],[33.004196532764205,2.732450795638971],[32.99945441949407,2.736499630952981],[32.992400466722806,2.737808282205257],[32.99045528984396,2.737251874313934],[32.9829492584799,2.739344221138532],[32.98070497708546,2.738971559721686],[32.97481071302719,2.735783636643223],[32.97080229252362,2.736375149882492],[32.968208082881524,2.735804686218954],[32.965189471022576,2.7339974686700743],[32.96518286163991,2.734009257640665],[32.962308943124526,2.733724973812262],[32.96207272545028,2.734530412717787],[32.96043518085059,2.735039754801542],[32.95520406665843,2.735466500741063],[32.948960610781114,2.73750338033462],[32.94482070578415,2.7373545189183197],[32.94456642512634,2.738461593873662],[32.94456632621619,2.738462754251766],[32.94456612425476,2.7384629037939408],[32.94456611738254,2.738462933713885],[32.944056712693516,2.7388400971708156],[32.94197424267206,2.7403820604072164],[32.9417954666519,2.7406344969773717],[32.93888767381988,2.744741106787824],[32.9362251292668,2.746020382284403],[32.934257758456724,2.745511077167326],[32.933032421297845,2.746221908761708],[32.92873568263376,2.753321403486365],[32.92452191606238,2.758108599231043],[32.92385640233423,2.757754111855632],[32.92371387756221,2.7576783766153468],[32.922819281277185,2.758528417408632],[32.921129489443324,2.761351887575119],[32.92001054719074,2.7613767830489078],[32.91998533074403,2.7616068733285926],[32.91984390862543,2.762907730495424],[32.917260916974406,2.764930249394706],[32.9103328288149,2.766055276848739],[32.90336687087133,2.7690888681038563],[32.90151383431244,2.769895884889129],[32.901513729688205,2.7698958888945606],[32.901513412746986,2.769896026918666],[32.900835256795254,2.769921863535383],[32.899633808398136,2.769967859758527],[32.89963367350021,2.7699676418655264],[32.899632798963694,2.769967675183917],[32.899171453116494,2.7692210433643925],[32.899086055556175,2.769083105504497],[32.8977165746386,2.768902408648287],[32.894574139015425,2.770505828598693],[32.89344286171321,2.7701952749058196],[32.89326511847462,2.770146722460408],[32.88758693661038,2.774394983388769],[32.88546804297815,2.7745624307749606],[32.8854598576849,2.7745658115642673],[32.87605313340804,2.778452396037031],[32.875909944680465,2.779073553954085],[32.87448392969926,2.779372124035479],[32.87362695394384,2.779551767342838],[32.87362676368165,2.779551592085268],[32.87362457941696,2.779552049412921],[32.873080226243395,2.779048156161881],[32.87303007287123,2.7790019580289447],[32.87252253619908,2.7796101189083897],[32.87229246734517,2.779886343032979],[32.87229216323606,2.7798861656089993],[32.87229144126627,2.779887030716505],[32.87007834149257,2.778595591925402],[32.86957771252411,2.779144666251938],[32.86835112967657,2.7775283553332413],[32.86802529699778,2.7773485408108254],[32.86566131534726,2.776044214912862],[32.865276300591944,2.7759673925270696],[32.86001934142717,2.774919796672329],[32.854629785726935,2.774858182579227],[32.85153303457245,2.775743910615801],[32.850328996867475,2.776537050176559],[32.84490407358243,2.780110815253547],[32.84490393043354,2.7801107213255065],[32.844903309573915,2.780111130306325],[32.843736719884795,2.779345130887487],[32.84161813137516,2.780397935926362],[32.84139973641406,2.7795849176364236],[32.839765195530966,2.7799152000205383],[32.837678349060845,2.780337553973677],[32.837677206916624,2.7803371080099186],[32.8376767523874,2.780337199854054],[32.836083774066786,2.779715013955216],[32.83570249503427,2.78038515526121],[32.83365465063196,2.7792121404045176],[32.832949252985166,2.77938185461499],[32.83077485307661,2.779905708176679],[32.830774204339505,2.7799051575566933],[32.83077373641582,2.779905270136171],[32.829251702674995,2.778613070059117],[32.82559058393721,2.7824835526773555],[32.825573515883505,2.782501598614387],[32.82557351237835,2.782501600486392],[32.82557300009613,2.782502142063864],[32.82176376336699,2.7845376732218763],[32.821743642760396,2.784919808309196],[32.82162058491974,2.787265047987744],[32.8216201463921,2.787265279121091],[32.821620126243396,2.78726566178987],[32.8216156152129,2.7872676673550796],[32.82010580236746,2.788063439535111],[32.81999797638269,2.7879868556116625],[32.819777557465294,2.788084851959153],[32.82470371631609,2.794093206765274],[32.82598840844361,2.797047146156055],[32.825131805130205,2.79873248311582],[32.819752923500864,2.798601118076934],[32.81946738901355,2.799357780288826],[32.82167311289358,2.801720599840055],[32.821402071285,2.803126292666517],[32.815834963223544,2.804533120499393],[32.806140023581165,2.802912703188772],[32.80542618989686,2.804147637238658],[32.80666826687164,2.80598933604901],[32.811065510628644,2.809201606581591]]]}},{"type":"Feature","properties":{"n":"Pader Town Council","c":"312105","d":"Pader","od":"Pader","dc":"312","k":"PADERTOWNCOUNCIL","a":["PADER","PADERTOWNCOUNCIL","TOWNCOUNCIL"],"lat":2.886512,"lon":33.087234},"geometry":{"type":"Polygon","coordinates":[[[33.047841552983776,2.849364509034233],[33.04786915662712,2.849253316676805],[33.048918958823315,2.84972754849472],[33.04892416943053,2.849728494553524],[33.05158329641252,2.855309349681483],[33.05214526995616,2.8564885615471716],[33.05701024313641,2.860826458246013],[33.04911795647708,2.868462993071813],[33.04791536868547,2.873536856195168],[33.04791546799779,2.8763673591908128],[33.04791548874065,2.8768633536117525],[33.049093996073054,2.880704996539758],[33.04961589242618,2.88181886511548],[33.05026060059639,2.8831945710247644],[33.05289164736066,2.885887755537901],[33.05460295305545,2.889650537458109],[33.05420737768676,2.894981172780162],[33.0531346487656,2.898365072398523],[33.05221696581323,2.901262780199986],[33.05355302810544,2.901209419388635],[33.05345574373065,2.904165164802547],[33.05447625888648,2.904602527480391],[33.0543892868994,2.905809953129625],[33.05419561685709,2.9085007302510624],[33.0573297066419,2.908747468113078],[33.05732902179312,2.908753180879465],[33.056114396261826,2.921578527271865],[33.05521434238949,2.9263930888653427],[33.05500076030438,2.928174715111997],[33.053715872035276,2.934408789226844],[33.051875760197724,2.9369305602765268],[33.0510710086408,2.938033760967046],[33.05107220292115,2.9380374631060904],[33.05475278515867,2.941732179472441],[33.054567730048106,2.945244855551159],[33.05625051555733,2.948319540104316],[33.06102616877925,2.9460911802744745],[33.061195037626916,2.945502270088924],[33.06330799486474,2.945026378176319],[33.063312780497164,2.945027275709171],[33.07558961653378,2.947121895627636],[33.07637902155672,2.946788970103786],[33.07874475263516,2.9454704706300006],[33.078744436918456,2.944915019150252],[33.08002964084582,2.944749062342091],[33.07907338400132,2.942352886745838],[33.07907335906897,2.94235252583817],[33.07907334476313,2.942352490001917],[33.07905833044889,2.942134979356345],[33.078034524026094,2.92731489048208],[33.08239069588472,2.926982912454339],[33.083202084846256,2.924071046441475],[33.08614460956806,2.925597095622275],[33.089004927869595,2.920552871789483],[33.092656236333816,2.92160530119058],[33.09486048848912,2.9162428079742946],[33.094862424382406,2.916227810326036],[33.09550286351126,2.911254532679506],[33.10267089143744,2.913011230405184],[33.102677160190105,2.913021629269285],[33.1128397596323,2.914020258598185],[33.112905032712725,2.90916383287176],[33.12077824947707,2.909369555540342],[33.1205117366221,2.90113251535781],[33.10772699135804,2.900961919152384],[33.10731937405631,2.898639755347909],[33.10840430510499,2.894856403450588],[33.10768432881603,2.891114546251947],[33.12068041481146,2.89004570013713],[33.12059484140973,2.887136344563997],[33.124122825774265,2.883982234213106],[33.13020733156128,2.883614760459925],[33.13249161513471,2.882815262867136],[33.132704180805106,2.882054224618634],[33.136467402756,2.882392987931333],[33.13713231388263,2.876250661743821],[33.13659619323016,2.87276785427148],[33.133036213706156,2.865694940493563],[33.12621474116202,2.86144664164037],[33.120572262116085,2.856324835744843],[33.11716714367898,2.849838263012077],[33.113119805958064,2.846511472618084],[33.11265969861859,2.846400130295856],[33.11145373429316,2.84777287692162],[33.11146232693148,2.847800413951332],[33.11143715797176,2.8477917457129958],[33.1102,2.8492],[33.11008520546962,2.8492329728970236],[33.10999823323782,2.849780763175209],[33.107885726527655,2.850287381373358],[33.10769667112463,2.8499190412727127],[33.10536494419482,2.8505887926248925],[33.104556837803194,2.852970219972565],[33.10380575271193,2.853389601529073],[33.103231864908224,2.852786260552612],[33.10276354951642,2.854135895262629],[33.10198131466666,2.852641533248588],[33.10077211283099,2.854865018286391],[33.09981504991052,2.853696109344797],[33.09882232876412,2.853945647315215],[33.1009386896177,2.851977525296084],[33.10088623333678,2.8518752308500743],[33.1008,2.8519],[33.09158436448192,2.8438894860496675],[33.09135514168115,2.843897028856172],[33.08841651938355,2.842215738661667],[33.08810133716994,2.8408619315400214],[33.0878,2.8406],[33.08759821810916,2.838700876321482],[33.087264886476596,2.837269111715031],[33.08616034849909,2.835761346719484],[33.086369681333835,2.831745995812115],[33.08580155454564,2.831011230479102],[33.08522494369279,2.831903453354421],[33.08474271766763,2.830243069109859],[33.086200109078106,2.829907742964663],[33.08660056013397,2.829311154202038],[33.08652718966429,2.8286206086050236],[33.085498120982365,2.828104287294701],[33.08624369785187,2.8259524503705284],[33.08613580988561,2.8249370342174727],[33.085998682184616,2.824634649815651],[33.077336553024715,2.827597022991548],[33.076645155483384,2.828463538009101],[33.076508020460864,2.830780517788732],[33.07510325797559,2.830451403737187],[33.07464668177677,2.831525484841538],[33.07350809045951,2.831547322399142],[33.0717456452356,2.829509065049298],[33.06785853625934,2.8308384226645567],[33.06750422780955,2.831292403349237],[33.06669250169739,2.831237196389206],[33.06553572963625,2.831632802418771],[33.06451892634371,2.832812520216294],[33.063622311570036,2.832287174831028],[33.063141499343956,2.8324516084494693],[33.06301625034701,2.833218607278131],[33.06269733562741,2.8331587401050418],[33.06255497680981,2.8334685798845443],[33.06294522256743,2.833980704194875],[33.06226128600901,2.834107789274515],[33.05945029508948,2.840225828334656],[33.05941112994403,2.840838436453865],[33.060315754803824,2.843092042059247],[33.05902207457883,2.845181148524109],[33.05842352492226,2.844565916276029],[33.05809008034379,2.845235413987781],[33.05937546765595,2.846429671034666],[33.05925671969319,2.847867516385501],[33.0567090796863,2.847723084385545],[33.05626597487664,2.8471564076214353],[33.0562,2.8473],[33.049267843929776,2.845870242810517],[33.04894832526068,2.845905334344351],[33.04765111395621,2.84943632291461],[33.047841552983776,2.849364509034233]]]}},{"type":"Feature","properties":{"n":"Pukor","c":"312106","d":"Pader","od":"Pader","dc":"312","k":"PUKOR","a":["PUKOR"],"lat":2.913521,"lon":33.147894},"geometry":{"type":"Polygon","coordinates":[[[33.125855716759595,2.965848839165793],[33.13009459327505,2.970588114467453],[33.13328423794494,2.972548453846845],[33.13435046244485,2.970888454423329],[33.13435120589921,2.970888271867779],[33.13435120704358,2.970888270082671],[33.13438937502741,2.9708788994212703],[33.13931775795934,2.96966873278722],[33.1421132028778,2.9677060947479568],[33.142113210863826,2.9677060891407687],[33.151433164698595,2.960637030246185],[33.15296451839907,2.95775817079882],[33.15496653896025,2.9601364455263117],[33.155132389409125,2.9602057425744825],[33.162342188652104,2.963217575720953],[33.16005891742848,2.974819000235863],[33.15879072401033,2.976652617508047],[33.15651358277074,2.977894695280435],[33.14958756308677,2.976882000438863],[33.14619191925643,2.977267703361808],[33.1454840662438,2.978302294795017],[33.14548185529823,2.9783012871520143],[33.145481780973384,2.97830139556409],[33.14500043291656,2.978081877909334],[33.14387079974173,2.977567045261674],[33.14364807031706,2.975653316808927],[33.14108775890997,2.9744908357907827],[33.136416528914026,2.98018652210943],[33.13912589584984,2.99662400813832],[33.13934538443621,2.997955604864385],[33.151988165687555,2.998262731311345],[33.15640109851861,2.9988001271872573],[33.161300651625695,2.999396770823371],[33.165533399118296,2.990721109862109],[33.16832700311118,2.98916747665798],[33.17163681999662,2.9859705451705776],[33.17333435144851,2.9834523528181105],[33.17649399348332,2.977002031870636],[33.17947733292415,2.974311026196769],[33.182625640424774,2.968620978064883],[33.176347531544415,2.963365720424642],[33.147868101378336,2.944165300853584],[33.15047108072458,2.935334668080142],[33.14530716919204,2.934843510588157],[33.16132335018338,2.919907852311788],[33.16976644212306,2.923171822556256],[33.18535941644427,2.927548046519695],[33.18542642328432,2.9250286129765146],[33.1827,2.919],[33.1835,2.9008],[33.18800738253817,2.8967313892133375],[33.188529837573114,2.895894648455352],[33.1897429806755,2.8951647431070775],[33.1948,2.8906],[33.19056161038426,2.8747660161525084],[33.190366078096204,2.874617046159109],[33.18875936497298,2.870206924441965],[33.18678924744562,2.86862932075147],[33.18644978332261,2.868454842836962],[33.18625588935214,2.86820222557317],[33.18423398426644,2.8665831521520535],[33.18355516114405,2.866742740866493],[33.18060824456092,2.864270819295208],[33.18039348328051,2.864837927383387],[33.17891396851307,2.863109403722332],[33.178687899050914,2.862142034105904],[33.17286121554388,2.857476222408699],[33.17137504134768,2.858690062967308],[33.16913939082782,2.858686261771074],[33.16867846431433,2.857203258099816],[33.16745585847713,2.857848217912192],[33.16777884682613,2.855917799964971],[33.16864765778909,2.855536470125894],[33.16796354444111,2.853554332521804],[33.166353793563076,2.852265298293802],[33.16602171258358,2.852518581941373],[33.165982140025896,2.851967690672077],[33.165607490719594,2.8516676841394455],[33.16520421930464,2.851934087602956],[33.16419841002341,2.8505393398271712],[33.16384639396453,2.8502574572359665],[33.162337299257764,2.850467955838602],[33.16237626345477,2.8496631022870536],[33.15214429371844,2.847295373753029],[33.15175144668403,2.847487895028204],[33.148858670643214,2.845092050398486],[33.148816423233825,2.8449505367001264],[33.14212262843881,2.839157252415655],[33.141075112916255,2.839353047381947],[33.134580168750006,2.834719894842677],[33.13091572953708,2.829458008074694],[33.130606764734814,2.829190608044035],[33.12981505051928,2.829129384306522],[33.128857214932715,2.8279625319382857],[33.12520200952129,2.8321232444810867],[33.12520734539463,2.832127815748025],[33.12490812615372,2.833517198871288],[33.12287658241649,2.836036362977],[33.120083019689,2.8379501797157127],[33.119367773964186,2.838764342402464],[33.119106435486565,2.839918419685062],[33.117751031286204,2.840604677152939],[33.11701685697864,2.8414403862051665],[33.116566072597706,2.84510949260488],[33.11445082479728,2.844361295177559],[33.11265969861859,2.8464001302958564],[33.113119805958064,2.846511472618084],[33.1131198875788,2.846511539707884],[33.113119955518364,2.84651155614187],[33.11647679621169,2.849192125184232],[33.11656236164993,2.849341150296651],[33.11716714367898,2.849838263012077],[33.120572262116085,2.856324835744843],[33.12557110085792,2.860862394773468],[33.12621479159004,2.861446673046094],[33.133036213706156,2.865694940493563],[33.13303662273207,2.8656957531401037],[33.13623896183263,2.871595096433157],[33.136473981136234,2.8725250451212725],[33.13659619323016,2.87276785427148],[33.1366910075217,2.8733837975699483],[33.13700111581589,2.87461086614235],[33.13696377038809,2.8751557504780574],[33.13713231388263,2.876250661743821],[33.13646832933978,2.882384428321517],[33.136468026087364,2.882388852892299],[33.1364678520523,2.882388837415081],[33.136467402756,2.882392987931333],[33.132704180805106,2.882054224618634],[33.13249161513471,2.882815262867136],[33.13020733156128,2.883614760459925],[33.124122825774265,2.883982234213106],[33.12059484140973,2.887136344563997],[33.12068041481146,2.89004570013713],[33.10768432881603,2.891114546251947],[33.10840430510499,2.894856403450588],[33.10731937405631,2.898639755347909],[33.10750029126168,2.8996704264802147],[33.10772710416493,2.900961920657649],[33.1205117366221,2.90113251535781],[33.12077824947707,2.909369555540342],[33.112905032712725,2.90916383287176],[33.1128397596323,2.914020258598185],[33.10267717389837,2.91302163061633],[33.10408413196463,2.9153555717713737],[33.107280570878466,2.92065795577893],[33.10890081775574,2.930520349289143],[33.1117104201531,2.935881559655752],[33.111948986887,2.940668966771189],[33.10149047089418,2.953638497477962],[33.10306107027746,2.957613038351163],[33.102996066535916,2.960753721861652],[33.104061762878935,2.964536307284685],[33.11757263303916,2.963481434789585],[33.12404602660244,2.96077489278184],[33.12476092534796,2.964365034660446],[33.125847257384386,2.965837378757729],[33.125855716759595,2.965848839165793]]]}},{"type":"Feature","properties":{"n":"Puranga","c":"312107","d":"Pader","od":"Pader","dc":"312","k":"PURANGA","a":["PURANGA"],"lat":2.626989,"lon":33.036231},"geometry":{"type":"Polygon","coordinates":[[[32.95289848940793,2.58119718022814],[32.953168955992545,2.581702051186089],[32.95540903184933,2.582892186804278],[32.95575107427405,2.5865220053115543],[32.95718687394551,2.589202164698289],[32.95997844965314,2.593033725356926],[32.9603657881172,2.5951361378187814],[32.9604,2.5952],[32.96037748240885,2.5951996126005827],[32.9604731292294,2.595718768548459],[32.958960710406494,2.597009203865844],[32.96395125191787,2.601469572984975],[32.96352388067786,2.602763544741348],[32.96414269803198,2.603912549876488],[32.96590447126221,2.604441945875587],[32.965618370220504,2.605875457128079],[32.967617539002504,2.609226760586547],[32.96766517589052,2.612386464824495],[32.971473378235174,2.618610260516512],[32.976186149846285,2.622775454666986],[32.98042280806358,2.624356806127524],[32.98556436682386,2.629622183440924],[32.98632584867952,2.632159041539778],[32.98856318860307,2.634696367132602],[33.002843901349806,2.642260777018886],[33.00222597878799,2.647622421164654],[33.00032172486773,2.65293682709509],[32.998954454508116,2.66969332382328],[33.003548667237,2.673271603443502],[32.99565334799379,2.680277361713975],[32.992566047744255,2.690218650051651],[32.99243041841378,2.692795604072134],[32.99340837547659,2.695572432149297],[33.002677479118056,2.697578335816968],[33.006871052523124,2.697322961786116],[33.01665646926349,2.699902448765743],[33.01622023038936,2.709729560365288],[33.024078268035865,2.712909030683759],[33.024239261683725,2.720906474645088],[33.03406671649938,2.7172261656205285],[33.035761961882145,2.71602690906154],[33.03579523549149,2.715999793559843],[33.03582210281516,2.71595198978674],[33.039932134726115,2.707024461455576],[33.03973963496439,2.705078521413996],[33.04182478879057,2.698857075299692],[33.04512260605326,2.695517830582624],[33.04779705496471,2.689682329042945],[33.04794625538673,2.6896167403485003],[33.048,2.6895],[33.05529049196322,2.6863882046498437],[33.05617291397539,2.686000290815929],[33.06191869658323,2.674021748204335],[33.06402670025232,2.673017933495217],[33.06593233485664,2.6701611020960527],[33.0664,2.6694],[33.06651108176546,2.669381961080822],[33.072492760631484,2.666874128616882],[33.077957419856496,2.6675231540403974],[33.0781,2.6675],[33.08174435496849,2.661406160544489],[33.08146389954622,2.660770070659087],[33.08288458192206,2.6594995515401605],[33.085556433934116,2.6550318645691817],[33.087059966790456,2.651940004483411],[33.08819313832542,2.6506229490296214],[33.090179494840264,2.647301500431038],[33.08621656246229,2.641420452359506],[33.08609126656105,2.636670550885258],[33.087315250099415,2.632474725487133],[33.0873,2.6324],[33.087436303273215,2.6320597542352733],[33.087484909894144,2.631893130348427],[33.08752961642882,2.63182682214762],[33.0912936927506,2.6224307820060315],[33.08821884821858,2.614175592088135],[33.08476896521633,2.610276931682116],[33.082074833707225,2.604264192272214],[33.081482849255764,2.596995503680572],[33.07905165320822,2.593658813540338],[33.073902254526374,2.590266611631957],[33.07418907266552,2.589445535299371],[33.07387669721198,2.5891303496740785],[33.073,2.5888],[33.072527435192846,2.5877689495116694],[33.071004308530824,2.586232120596564],[33.06862892524398,2.579263109623224],[33.068620386750624,2.579244480183165],[33.06850429326886,2.5791174294868533],[33.06633350555891,2.5772445930312107],[33.06449395723336,2.576742179732304],[33.05901940996422,2.572797606629151],[33.053271282928684,2.565986451020968],[33.053260276696975,2.565978545167886],[33.04818729980708,2.563238595082971],[33.04365540510584,2.561677508676802],[33.040619187287746,2.559151004898731],[33.03491333319615,2.5560692334374964],[33.03464739126314,2.555944256457065],[33.034639480187444,2.5559213235237004],[33.0346,2.5559],[33.02205632266361,2.5444762938543595],[33.021854626746496,2.544328702633127],[33.02185355583519,2.544291631207052],[33.01749685484012,2.540323921372255],[33.01571293285101,2.53937037993939],[33.01539851467989,2.53841293301204],[33.0066,2.5304],[33.006557245092466,2.530431243970888],[33.00624788040217,2.53266407478502],[33.00208537979871,2.533853454997501],[33.002005313582735,2.5337576554587726],[32.996353803035355,2.5378876054741673],[32.99879392453164,2.548081589651585],[32.99830816424757,2.554014572216786],[32.99363950982741,2.556559372992592],[32.990953466134904,2.55704958710637],[32.986411278854476,2.5590798071786813],[32.98488099618581,2.560103285947935],[32.98461970891996,2.5597277375833025],[32.97224150405304,2.5547664327985857],[32.97100842086473,2.555491925346282],[32.966190282609276,2.553885673093069],[32.96482156446164,2.552270040263137],[32.960422977333636,2.550145992615781],[32.959877119910864,2.55023938559027],[32.95605815694884,2.556054624646074],[32.95777323155827,2.557753845042028],[32.95645098044293,2.561508199755434],[32.955078837025034,2.562665548896848],[32.952519349961364,2.561443262558831],[32.9469,2.57],[32.95099981023416,2.5776529791037666],[32.95236363733548,2.578305051970138],[32.95289848940793,2.58119718022814]]]}},{"type":"Feature","properties":{"n":"Puranga Town Council","c":"312108","d":"Pader","od":"Pader","dc":"312","k":"PURANGATOWNCOUNCIL","a":["PURANGA","PURANGATOWNCOUNCIL"],"lat":2.629956,"lon":32.944931},"geometry":{"type":"Polygon","coordinates":[[[32.90916055392203,2.627732289313418],[32.91603230519182,2.627798350458654],[32.91636320912375,2.628507301698862],[32.91669619823206,2.63140416511042],[32.913517111832874,2.636237316744533],[32.91277352984362,2.639033180398433],[32.9130115034974,2.644000426116085],[32.915668318623915,2.649978411876395],[32.912254806583086,2.654345014130655],[32.912197700224304,2.655582191485127],[32.91421999228682,2.659118314508914],[32.913592065377856,2.661193098282284],[32.91455212913412,2.66175466375186],[32.915520360306104,2.664632643926571],[32.92157238817122,2.663079858742377],[32.925483011687795,2.662965397202262],[32.925578512951,2.658837242213033],[32.92890929420878,2.657445103553512],[32.941925090390306,2.655458196283503],[32.944345789589434,2.653731924615368],[32.956995170662196,2.64918849475847],[32.960999088412045,2.650005956592029],[32.96067247247073,2.645700956469194],[32.95684600909882,2.636458181052326],[32.96203465567242,2.632805068046033],[32.97083991311783,2.636488704665715],[32.97203919340355,2.632472195194064],[32.976888808453715,2.6230377251070673],[32.976186149846285,2.622775454666986],[32.971473378235174,2.618610260516512],[32.97147098599621,2.6186063508485895],[32.96952284670305,2.61602425160976],[32.96766673937268,2.612389020044169],[32.96766517589052,2.612386464824495],[32.967665168015806,2.612385942503332],[32.967664954115484,2.612385523574324],[32.96762785300925,2.609910877710488],[32.967617539002504,2.609226760586547],[32.96632325717062,2.6070570932635726],[32.965619377614466,2.605877273325444],[32.965619396557074,2.605877177625782],[32.965618370220504,2.605875457128079],[32.96578445958174,2.6050432652323985],[32.96590353903307,2.6044416657496505],[32.96414269803198,2.603912549876488],[32.96352388067786,2.602763544741348],[32.96395115357801,2.601469870733139],[32.95914834251361,2.597266622673417],[32.95919261831998,2.5972164749392253],[32.958960710406494,2.597009203865844],[32.959076112025144,2.5969107401849296],[32.95784312332233,2.597656077203176],[32.95329650918059,2.59551477395187],[32.951912373415816,2.596381933982242],[32.95308950637493,2.600711537305917],[32.95495249175449,2.60378077095111],[32.95345332090942,2.605315840206108],[32.95193340361342,2.605265850950686],[32.94928511641262,2.604045413606897],[32.94887784480916,2.602760229331626],[32.94433040708964,2.5993191742296],[32.94066610704289,2.595284975807391],[32.93722828385762,2.594808161517064],[32.93721990153728,2.5948012026070932],[32.930591915071105,2.594687172732406],[32.93122463322165,2.598727036055724],[32.935219232301336,2.605247973380326],[32.93945444200132,2.607555925436825],[32.94060720382065,2.609859157921034],[32.937311725469975,2.611642300161779],[32.9334297849883,2.610076601306807],[32.929058660679395,2.60653890798764],[32.92297742193212,2.606070721765152],[32.92004694907021,2.606866957610811],[32.91747502053056,2.601071062370268],[32.91853419322063,2.596407520786635],[32.91372768857718,2.594675274208302],[32.91226957090495,2.595670018452987],[32.908617975500285,2.5985144190839877],[32.907223559662064,2.601124115772658],[32.90520134565296,2.601915871625269],[32.90538994613367,2.606326588782321],[32.90430502770588,2.60861038407177],[32.904105152597076,2.613017145139556],[32.90457155713743,2.618080438629985],[32.90397269431234,2.620436467144242],[32.90128943756891,2.62082235735501],[32.90125374637911,2.626440254325083],[32.90916055392203,2.627732289313418]]]}},{"type":"Feature","properties":{"n":"Te-Nam","c":"312109","d":"Pader","od":"Pader","dc":"312","k":"TENAM","a":["NAM","TE","TENAM"],"lat":2.667163,"lon":32.95195},"geometry":{"type":"Polygon","coordinates":[[[32.88470859091985,2.631008064309174],[32.88469531663419,2.6310511988962983],[32.883634843520106,2.634502668095152],[32.883733442796036,2.6345994994066624],[32.88485704310908,2.635701272703189],[32.88668308618115,2.636289145799077],[32.88926295691925,2.637119086139723],[32.891211734024004,2.641680513759394],[32.891669696056425,2.645896953735491],[32.889677815731574,2.647268859655073],[32.88929756585974,2.649705925071229],[32.88969887332489,2.6502810436018422],[32.891538836313984,2.652917620283711],[32.892271523976135,2.6534132242162527],[32.8981113001435,2.657362906371121],[32.907784279390505,2.6716659213034344],[32.90816587670645,2.672230152724241],[32.912459453866255,2.66988839249192],[32.924341694836336,2.67827398572174],[32.9243418918177,2.6782740986253657],[32.92785287894309,2.680286470483144],[32.9312565100023,2.681160068142146],[32.938584922332716,2.67446781975944],[32.94016346526873,2.674349435996462],[32.94294342110753,2.677690272003308],[32.95068557083786,2.698173306166673],[32.95787120328231,2.698040637406559],[32.96749217481302,2.69163859887723],[32.97736704592629,2.695112693692701],[32.97736750925161,2.6951131129787345],[32.97736759545392,2.69511314330652],[32.97968107970719,2.6972067775040713],[32.980495921948354,2.697944168617423],[32.98693788611093,2.706303731656702],[32.98574762737609,2.711617795778438],[32.980938857764535,2.7167412341821544],[32.98013005418222,2.719898985210211],[32.98012997305814,2.719899079603601],[32.980129732633216,2.719900018913439],[32.9777016561245,2.722726837260158],[32.977701641126636,2.722733955762262],[32.977701630929005,2.723682068271837],[32.96865792532753,2.72781088395188],[32.965227665872696,2.7339293415865655],[32.9651894794504,2.733997473715741],[32.965271517773154,2.7340465893700507],[32.970800769053795,2.73637481487326],[32.97080189995009,2.7363750635560313],[32.97481045199702,2.735783614467956],[32.97481054015718,2.735783662153246],[32.97481071302719,2.735783636643223],[32.98070497708546,2.738971559721686],[32.980709895817704,2.7389723764738685],[32.98319754438019,2.7392750101014522],[32.99045528984396,2.737251874313934],[32.99045602550648,2.737252084746435],[32.99045629998924,2.737252004991788],[32.992162348656294,2.737740169750953],[32.992400466722806,2.737808282205257],[32.99945441949407,2.736499630952981],[32.99945826320531,2.736496349176917],[33.001269212252275,2.734311486746731],[33.00318203724868,2.73331697597571],[33.004196532764205,2.732450795638971],[33.005166457535395,2.732285241576018],[33.00641043048292,2.731638478543592],[33.00805749982004,2.731791776710898],[33.00992305120204,2.731473350354432],[33.01170118289765,2.732130906294245],[33.01219831225637,2.7321771757607984],[33.01324201803349,2.731958048378056],[33.01945698408027,2.7275614348427815],[33.02108315611598,2.725667718267961],[33.02423925019726,2.720906482734118],[33.02423767160888,2.7208274868424116],[33.024078268035865,2.712909030683759],[33.01622023038936,2.709729560365288],[33.01665646926349,2.699902448765743],[33.006871052523124,2.697322961786116],[33.00287699522144,2.6975661859803917],[33.00267763564365,2.697578349779308],[33.002677550983606,2.697578331440606],[33.002677479118056,2.697578335816968],[32.99340837547659,2.695572432149297],[32.993407631813604,2.6955703205798347],[32.993407625631086,2.695570319240604],[32.993352108738165,2.6954126674060324],[32.99243041841378,2.692795604072134],[32.992566047744255,2.690218650051651],[32.9946794865137,2.6834132529432173],[32.99565321557434,2.680277666081079],[32.99565326788044,2.6802776196836673],[32.99565334799379,2.680277361713975],[33.003548667237,2.673271603443502],[32.998954454508116,2.66969332382328],[33.00027272517764,2.65353733974493],[33.00032169178368,2.652937159805854],[33.0003216994701,2.652937138354162],[33.00032172486773,2.65293682709509],[33.00222597878799,2.647622421164654],[33.002843901349806,2.642260777018886],[32.98856318860307,2.634696367132602],[32.988563156435525,2.6346963306519893],[32.98856311787258,2.634696310226964],[32.988515858313136,2.634642690731131],[32.98632584867952,2.632159041539778],[32.98563279778206,2.629850159497388],[32.98556432620038,2.6296221418391585],[32.98042280806358,2.624356806127524],[32.9768888186319,2.6230377289061186],[32.97536106924271,2.626009798093875],[32.97203919340355,2.632472195194064],[32.97083991311783,2.636488704665715],[32.96203465567242,2.632805068046033],[32.95684600909882,2.636458181052326],[32.96067247247073,2.645700956469194],[32.960999088412045,2.650005956592029],[32.96099609102863,2.6500053446297733],[32.96099610373852,2.650005513624641],[32.95699477492677,2.649188636899508],[32.944345789589434,2.653731924615368],[32.941925090390306,2.655458196283503],[32.92890931535742,2.657445100325097],[32.92885387050682,2.657468268532589],[32.925578512951,2.658837242213033],[32.925483011687795,2.662965397202262],[32.92548032714356,2.6629654757772174],[32.9254803212421,2.662965724708741],[32.92325079338176,2.6630307328563076],[32.92157262384408,2.6630798518443775],[32.92126836762289,2.6631578621180476],[32.915520360306104,2.664632643926571],[32.91455212913412,2.66175466375186],[32.913592065377856,2.661193098282284],[32.91421999228682,2.659118314508914],[32.912197700224304,2.655582191485127],[32.91219773290278,2.655581483524083],[32.912197732861245,2.65558148345144],[32.9121977372549,2.655581389238018],[32.912254806583086,2.654345014130655],[32.915668318623915,2.649978411876395],[32.91325717482349,2.644553200629611],[32.91301160650488,2.644000788978064],[32.91301159946331,2.644000642044862],[32.9130115034974,2.644000426116085],[32.91277352984362,2.639033180398433],[32.913517111832874,2.636237316744533],[32.91669619823206,2.63140416511042],[32.91636320912375,2.628507301698862],[32.91603230519182,2.627798350458654],[32.90916055392203,2.627732289313418],[32.90916023257459,2.627732236802701],[32.90916014784618,2.62773223599013],[32.909132411425794,2.6277276906065947],[32.90125374637911,2.626440254325083],[32.90128943756891,2.62082235735501],[32.90397269431234,2.620436467144242],[32.90398259052318,2.6203975337625907],[32.90455703206502,2.617922754263305],[32.904105152597076,2.613017145139556],[32.90430502770588,2.60861038407177],[32.90498067630409,2.6071881176170755],[32.905389935609456,2.606326342657273],[32.90520158133865,2.6019213835037043],[32.904651049450706,2.601604445691033],[32.9044,2.6018],[32.89436627289134,2.5993880463681105],[32.89387544315087,2.599754632499324],[32.890029764981044,2.613791357819185],[32.8913609510366,2.615002445306325],[32.89210583240931,2.618535396402645],[32.8903402291795,2.619246229387077],[32.88736094614805,2.615295094547287],[32.88419443805325,2.616969019531321],[32.88631048515465,2.618585850507416],[32.88545521710881,2.621403396695225],[32.88193314879583,2.619263019033539],[32.88014365365673,2.619288430577114],[32.88015778197398,2.619324496887271],[32.88138841795668,2.622462884687855],[32.884647256644485,2.624124270099332],[32.884708707840254,2.631007615202712],[32.8847085903094,2.6310079977245393],[32.88470859091985,2.631008064309174]]]}},{"type":"Feature","properties":{"n":"Acholi-Bur","c":"312201","d":"Pader","od":"Pader","dc":"312","k":"ACHOLIBUR","a":["ACHOLI","ACHOLIBUR","BUR"],"lat":3.104714,"lon":32.871211},"geometry":{"type":"Polygon","coordinates":[[[32.814222018573716,3.1655057900167045],[32.824957396013865,3.1628787036944934],[32.82527007127186,3.162304135262898],[32.82609603632419,3.1626000636185525],[32.831,3.1614],[32.83564641571711,3.161603627780431],[32.8400010808944,3.160846726946288],[32.84344090585676,3.161488791678202],[32.84353581855902,3.1619493785025865],[32.8561,3.1625],[32.8701,3.1597],[32.8717,3.1818],[32.884371293939054,3.188286772493573],[32.88618887222976,3.187542388304276],[32.89034491381117,3.186626215316321],[32.88970977634874,3.1910196836721085],[32.89492470338614,3.1936893435683182],[32.90427658766794,3.198274005535825],[32.90527062979627,3.191921350398786],[32.91086041263224,3.192673108972596],[32.91156610945715,3.189457255719996],[32.915371872166126,3.189513183058676],[32.92040459263063,3.188005303303868],[32.91990788370992,3.186322220157059],[32.9215846402012,3.184430733222197],[32.92255864032621,3.179358096562927],[32.9010994250063,3.175855231962882],[32.9012030985078,3.166043387794157],[32.89594871790713,3.166328829108919],[32.89028165609913,3.164426346286936],[32.890585270655244,3.157279716570241],[32.892315913839035,3.156223160053724],[32.89312613208831,3.151340637226383],[32.894316934349554,3.149377361985788],[32.89403247011452,3.138604984731824],[32.89495869025013,3.133075241782551],[32.89834173046596,3.122521452305997],[32.898223138217524,3.120677485414252],[32.90067840988332,3.117771944665504],[32.901939627774475,3.111424016219533],[32.90630639872302,3.112731045026852],[32.90598493499676,3.10886607039956],[32.90747185443028,3.103136227608054],[32.90631696594017,3.099687695821031],[32.90689653504663,3.097179758610201],[32.90746844626346,3.097318525191003],[32.908277628285944,3.095539268284758],[32.91024831573024,3.09438749245227],[32.91202277327492,3.094650277739135],[32.913174123248965,3.081122002560363],[32.90111362868641,3.081753306521514],[32.90086796033854,3.079070985232482],[32.902400469987754,3.073610853004299],[32.897205147043415,3.074580773122789],[32.89283248374162,3.067910101064332],[32.89297700271178,3.057674195417532],[32.891635598064056,3.052179781338849],[32.887710566245886,3.052254159405641],[32.88538385193256,3.046764667444048],[32.88198018274677,3.041460518416363],[32.88001052238696,3.041474569491817],[32.879771593656635,3.042520770167526],[32.87834222529943,3.042914128876007],[32.875273420036,3.043147647521484],[32.87234945923055,3.041887620733121],[32.8725021474883,3.040271049289019],[32.870515300976805,3.038712503384708],[32.862174533426455,3.035057180518873],[32.8584613135929,3.02943206573554],[32.85228329064207,3.024536185081135],[32.84965414756007,3.020617440580486],[32.84717903300815,3.01879794081928],[32.84454800150296,3.01227462421774],[32.84102410622437,3.012202298754985],[32.834743451714345,3.022485256849023],[32.83112191097715,3.033121445689999],[32.83037943771672,3.040164368660901],[32.827189896213454,3.046276958899253],[32.82698050543587,3.05319642735668],[32.830272533467586,3.054732193165751],[32.830431997515824,3.055585446567603],[32.83630037459571,3.05710100060731],[32.83667858382448,3.061905232786835],[32.83509169194594,3.066090725365597],[32.83676409439495,3.066477764337393],[32.83677897450235,3.067285502713689],[32.83383334743796,3.075331809104777],[32.84313050718366,3.078193305999462],[32.841532813570105,3.080994789046326],[32.83074764770938,3.083049770731547],[32.832275306798934,3.086400411861491],[32.832089663493655,3.089141187374031],[32.832914243971246,3.089438367987151],[32.83205476435257,3.094267336449992],[32.834353552601335,3.094513184534315],[32.83396071121582,3.097360636231013],[32.83491633303371,3.097577638599529],[32.8354585569015,3.106292107471498],[32.83342414127752,3.113704762226627],[32.83208959584332,3.133242501704246],[32.82687873151017,3.139896045001036],[32.81960296407807,3.144149475631155],[32.816792437678494,3.1491749568377],[32.815075726276845,3.161430155516343],[32.81407484152223,3.165432334708154],[32.814222018573716,3.1655057900167045]]]}},{"type":"Feature","properties":{"n":"Acholi - Bur Town Council","c":"312202","d":"Pader","od":"Pader","dc":"312","k":"ACHOLIBURTOWNCOUNCIL","a":["ACHOLI","ACHOLIBUR","ACHOLIBURTOWNCOUNCIL","BUR"],"lat":3.144757,"lon":32.932181},"geometry":{"type":"Polygon","coordinates":[[[32.92255864340943,3.179358085396657],[32.924095660649755,3.174045850682712],[32.9248433224598,3.174093132369496],[32.931032297440886,3.164237410272047],[32.92852819211009,3.161444722691231],[32.93355849458946,3.160819705937714],[32.93445079071348,3.15826179286164],[32.93250267454276,3.155378468110857],[32.934209132841694,3.151428844540284],[32.95202994240202,3.152694587972776],[32.963207239548,3.147436113421707],[32.96698486162215,3.14669248253481],[32.9698586403896,3.147077569386364],[32.97042562854413,3.142822431463412],[32.97491400079386,3.142421380854824],[32.97546042995792,3.141107730665288],[32.97543702359344,3.131261315300245],[32.967628936136734,3.131793223189341],[32.96030041441545,3.129627990088725],[32.95728188652005,3.131549811237881],[32.95564735354732,3.129067704101959],[32.954124583643285,3.122322551688868],[32.95488205332185,3.112493414488397],[32.947800891472966,3.111229100011205],[32.947711869835935,3.110607293149734],[32.94646979942862,3.110928517482225],[32.93803106051242,3.117234688790466],[32.932074681149714,3.118743638098459],[32.93039600354352,3.120441069310427],[32.9282448291274,3.113328343711503],[32.9286159422248,3.109701610599489],[32.92180946383628,3.109813562925246],[32.920644082514855,3.117076731972168],[32.91220838149805,3.115806463947062],[32.911985458177654,3.118276148339604],[32.911449332006626,3.118184736494691],[32.909807537500996,3.121765693354717],[32.909568563292716,3.124678030104927],[32.89834174244782,3.122521460633747],[32.89808374879714,3.1233262562834243],[32.89495869025013,3.133075241782551],[32.89403247011452,3.138604984731824],[32.894316934349554,3.149377361985788],[32.89312613208831,3.151340637226383],[32.892315913839035,3.156223160053724],[32.890585270655244,3.157279716570241],[32.89028165609913,3.164426346286936],[32.89584883181558,3.166295296463647],[32.89594889518149,3.1663288194785877],[32.9012030985078,3.166043387794157],[32.9010994250063,3.175855231962882],[32.921774429473516,3.1792300870157972],[32.92255864340943,3.179358085396657]]]}},{"type":"Feature","properties":{"n":"Ajan","c":"312203","d":"Pader","od":"Pader","dc":"312","k":"AJAN","a":["AJAN"],"lat":3.004694,"lon":32.793429},"geometry":{"type":"Polygon","coordinates":[[[32.64135007073442,3.149099695502582],[32.6427598851693,3.154931398854428],[32.64413119734428,3.155200479418115],[32.64589379117708,3.153908507153757],[32.645847887587685,3.148929672882413],[32.646563755479455,3.147924741599826],[32.64984809738653,3.149697080999653],[32.65503790382658,3.15415095981273],[32.6571332009244,3.154103770073787],[32.65946619631954,3.156689662919536],[32.66246663181983,3.157025814531247],[32.6654194515575,3.157026772438411],[32.67023013199685,3.155639988727699],[32.6714689360484,3.153964814492106],[32.67137496986364,3.150948628756104],[32.67251796428059,3.15018336333327],[32.67561415516708,3.149897126579081],[32.68132779855562,3.152675323553626],[32.683471480971384,3.151431256612362],[32.68466218275031,3.149373857853152],[32.69037811820173,3.148513056488334],[32.69090334223789,3.145401441508212],[32.695380447502586,3.142961210418526],[32.695857915272306,3.13956266964175],[32.697334716515954,3.137360572341276],[32.69724044735006,3.134153344562335],[32.69947922681475,3.132573833306246],[32.69957536787272,3.1308026972608],[32.702290409624574,3.125394208109536],[32.71305375199364,3.128671688247504],[32.71332487156625,3.125438489597608],[32.71553076809725,3.123674821885332],[32.7159611078341,3.121950062746406],[32.719628888563584,3.120323789257493],[32.721313302206475,3.122041542556829],[32.72110314622277,3.124872178806297],[32.72334073460444,3.123589578416517],[32.725817182463636,3.124995419819777],[32.73102819664477,3.124245893802888],[32.73148624694509,3.121475872404439],[32.72939159755453,3.118363265078073],[32.73039409518532,3.108836922591366],[32.729204555747124,3.105103340851705],[32.72980282619827,3.102505118747569],[32.743675293106314,3.099279635920625],[32.7476014013898,3.09730468199438],[32.74850585123703,3.096055413955726],[32.75130146230715,3.095508189383047],[32.750687203442176,3.088523098737213],[32.75384576646483,3.087946163807306],[32.75416692551372,3.086506695275826],[32.752587104199606,3.083720230545273],[32.75737919963672,3.079273131541579],[32.75720112769733,3.077143698867479],[32.75879498154732,3.076512953786367],[32.75986573748654,3.073824166010062],[32.75944933159502,3.072301316995433],[32.757893575756825,3.071182295279564],[32.761147861225375,3.069953422536624],[32.761547556432696,3.068868609733427],[32.76077826561032,3.067660758642821],[32.76132868944854,3.067183925463226],[32.76525001226946,3.066707821708614],[32.76584959413082,3.06184431546888],[32.7650407605526,3.059797747933278],[32.766011397398714,3.058427405584657],[32.766106576419006,3.055800613374285],[32.76535484992996,3.054048394229105],[32.766417847853944,3.050235749154345],[32.7693635298657,3.048938981311709],[32.77413519754171,3.048344283549112],[32.775133383634675,3.049295941795393],[32.77889293281722,3.048272775833034],[32.78379538948077,3.045465135250563],[32.78812523986668,3.046071772756471],[32.7909092200467,3.043487345857717],[32.79921546120835,3.043715532700289],[32.813017041499464,3.047388626793892],[32.81638624205198,3.047559919460245],[32.82049794820477,3.045408887832291],[32.823887481411745,3.037381127289988],[32.8304555876206,3.039080503760131],[32.83112153737416,3.033124989598226],[32.83112191097715,3.033121445689999],[32.83112244329264,3.0331198823200096],[32.83322999756693,3.025988258407537],[32.834036310586534,3.0245620763903225],[32.834743451714345,3.022485256849023],[32.84102392846308,3.0122025897934233],[32.8410240958891,3.01220229365536],[32.83766726413194,3.009449031163335],[32.8354421355708,3.009651946284448],[32.83296506623626,3.007401694537986],[32.825333528267855,3.007147882450101],[32.823595259190206,3.001605308881853],[32.82536371820904,2.989090854773409],[32.81998554696711,2.986090649200984],[32.80946057506085,2.984967446460356],[32.81186643778591,2.980147296750298],[32.81424719786284,2.978974800184178],[32.81566458117404,2.974151977579469],[32.82121329525083,2.967617788871425],[32.82104701882606,2.966445701003866],[32.82296529631877,2.962078459337246],[32.825821112585174,2.960019252730586],[32.82725012818946,2.959970843842534],[32.82798858680996,2.957936361816106],[32.82994104069171,2.957409901363654],[32.832381326244864,2.953904222953687],[32.834215174416215,2.954047459068887],[32.83714415560304,2.95069670479129],[32.83794270490266,2.94422174102589],[32.83730026975733,2.942043186933551],[32.839181800879004,2.93684923630457],[32.837289663796355,2.932408738830822],[32.83621797289062,2.932048859254809],[32.83519523545129,2.930206310591748],[32.83351715276872,2.92478436765017],[32.8349000999344,2.912336365085471],[32.83879392494528,2.902056624622967],[32.83846072791295,2.900644169909001],[32.83428263841151,2.897639158158671],[32.8307007494682,2.892552443999886],[32.82627187750003,2.890731400341831],[32.82392854456749,2.886196516342898],[32.82435738116029,2.882964439729789],[32.82298901976283,2.879409685973974],[32.81901400193477,2.877302980086332],[32.81397893386269,2.871807718357685],[32.81240714186865,2.865811834702793],[32.81372850761735,2.853616728312119],[32.808302269292355,2.852407080445095],[32.80546660961654,2.854483630402222],[32.802263196927605,2.853763374390417],[32.79955957586375,2.854106400550376],[32.79935310987606,2.862128577418865],[32.79831218130457,2.865667712542683],[32.79667014476674,2.866865130012821],[32.79402426453808,2.86722702456482],[32.79415739285599,2.870977028451251],[32.79162917816595,2.876747406149495],[32.782099550221645,2.888403757438462],[32.7800999923943,2.887271641835161],[32.77915025214778,2.888389602251854],[32.77885236570257,2.889957413848828],[32.779542062372485,2.891034900954378],[32.778136548144005,2.895079866405656],[32.77046840796713,2.908291544524552],[32.77040820073403,2.911606814013664],[32.76916953696914,2.914885948282871],[32.76941892076646,2.91724405292945],[32.76763228150399,2.922844701574352],[32.76747658544097,2.927404676770351],[32.76892931876867,2.928364645678771],[32.768023773185085,2.929367637160984],[32.769320645119976,2.930648133717229],[32.76939204276334,2.932179796023549],[32.76766488504651,2.937961081152481],[32.76864002411334,2.942820394852848],[32.770389523664164,2.944364631388232],[32.77265121829953,2.944891952593084],[32.77531706897161,2.948340060701566],[32.774637559673465,2.951989980516347],[32.76500562768029,2.95982691009478],[32.764147888898016,2.962148228176957],[32.761754824506696,2.963572441165398],[32.76075438675654,2.966061585481624],[32.76113440014827,2.967471217436416],[32.76002739232703,2.969831509310842],[32.76249016178213,2.976114898817848],[32.76182314738133,2.978389267847589],[32.76242947392167,2.982039804451511],[32.76466688708225,2.984338175810358],[32.76428548399582,2.98737815789133],[32.76513649298812,2.988736983012809],[32.76418493312375,2.993235233132685],[32.76449428645843,2.995494762368036],[32.76345522008545,2.997446439925747],[32.76370849580094,3.003347900460388],[32.760878711133806,3.006040009580437],[32.75834654116837,3.010037855110104],[32.75328624956401,3.014603350011971],[32.7486879605521,3.00900620925587],[32.74677897555564,3.012027760003567],[32.74402032902894,3.013787406093891],[32.742177390455204,3.013288800471191],[32.74040009525634,3.014537671398541],[32.73493205196187,3.013213843010485],[32.73246205469097,3.01399906953342],[32.73121306763261,3.016154316004831],[32.72979230173756,3.016754483435187],[32.729077944002825,3.019922527398532],[32.726931237156194,3.019935825604988],[32.726512604089464,3.024493647556078],[32.724723096916044,3.025065940887767],[32.72455144852751,3.026387206897371],[32.72364758034641,3.026474583576409],[32.72253301513923,3.028112175134323],[32.71223947722541,3.030522721056107],[32.71140677654869,3.035043258749658],[32.709264775582554,3.037685175196008],[32.70355205247682,3.040759136890146],[32.69588068157097,3.04221539097253],[32.691585085005265,3.046760584740276],[32.68592251844778,3.048997172554592],[32.68284789525711,3.054561907796052],[32.67238164137615,3.061556443851984],[32.669264546604474,3.065672909809717],[32.66836026593286,3.068861344538951],[32.66693981491146,3.070711417531999],[32.66665357514662,3.075080970766095],[32.66289485954483,3.079638973478581],[32.659277876020404,3.081994921413599],[32.6564678235213,3.0865099245639],[32.65385703523591,3.094420117043521],[32.64827235227578,3.099385331397253],[32.647187492367514,3.103681609278589],[32.64909086506334,3.107033857573812],[32.6495183039464,3.109593894078773],[32.648661845994916,3.109666295044286],[32.64783975395028,3.111401426521935],[32.64817283177549,3.113003216202792],[32.64733894089661,3.113699179068606],[32.64707620273836,3.116116704367599],[32.64820554979307,3.121034133188458],[32.64720540826581,3.121394801025991],[32.64614500703939,3.123656457585777],[32.64657229143667,3.12576251016219],[32.64265310928524,3.133720519477832],[32.64223479862931,3.138424193200346],[32.64470859085935,3.14129491160997],[32.64404349182687,3.141488596553639],[32.64414925793446,3.142767815432305],[32.64095871815357,3.144467661754554],[32.640577283706634,3.145736161477631],[32.64160007764783,3.147339294289349],[32.64135007073442,3.149099695502582]]]}},{"type":"Feature","properties":{"n":"Angagura","c":"312204","d":"Pader","od":"Pader","dc":"312","k":"ANGAGURA","a":["ANGAGURA"],"lat":3.020065,"lon":32.616296},"geometry":{"type":"Polygon","coordinates":[[[32.491995194453494,3.132697095717314],[32.51741365519506,3.12966084013066],[32.52041417368941,3.128034825395332],[32.52143859161101,3.128370503925112],[32.521187058101155,3.131876331835239],[32.516267183250854,3.13753525179538],[32.51475252561411,3.143338756498818],[32.513615535710684,3.144937448322744],[32.5136,3.145],[32.51441573579987,3.1472228800546485],[32.51508625415237,3.147355706414484],[32.51529627176272,3.148086310973716],[32.51496756023173,3.148726601631471],[32.5176,3.1559],[32.51668025119974,3.156489721289582],[32.516963303071925,3.157820787510927],[32.515715688856936,3.158298217615939],[32.51450484858401,3.1578845382608427],[32.5103749502192,3.160532531918276],[32.51022425997526,3.161855209832379],[32.5129340783098,3.160406900287748],[32.51476491952369,3.161504106664564],[32.522729069608054,3.15852651902041],[32.522768394172004,3.158478970410233],[32.52512815385719,3.157996473087364],[32.52757737794051,3.1579691802288323],[32.537616165613976,3.1568537593762245],[32.537978635669816,3.156596491553787],[32.539504285640845,3.156643968262128],[32.5465882790163,3.1558568578870783],[32.547288336701115,3.15563414420343],[32.54742045889832,3.1557643934557422],[32.548,3.1557],[32.55044257646027,3.157300308715348],[32.551773608602375,3.156718645856574],[32.55435538650905,3.1598638739197256],[32.55666795821922,3.161379007109148],[32.55676033149979,3.1613846725378916],[32.56478536438447,3.159345880399621],[32.57077384649991,3.156817222254383],[32.57699583503435,3.1562437608291094],[32.578298040433225,3.1559129302683155],[32.58139595808595,3.154383993375296],[32.583691893237614,3.15454260009639],[32.5937,3.152],[32.59409510591849,3.1520075981907403],[32.601320007618476,3.151275343982308],[32.60357981575006,3.152189996456732],[32.605280779383165,3.15222270729583],[32.60653716505252,3.151894532832385],[32.60752096717197,3.1522657878302303],[32.61424592845267,3.152395114008705],[32.614517428282255,3.152360262712242],[32.618964262357046,3.154598690667218],[32.624254967762795,3.154791373624525],[32.628767546267596,3.158602895143187],[32.63085195084288,3.159373839848081],[32.64276069201761,3.1549315571751975],[32.6427598851693,3.154931398854428],[32.64135032383556,3.149100742456527],[32.641350101959965,3.149099852713789],[32.64135010447341,3.1490998350640593],[32.64135007073442,3.149099695502582],[32.64160007234316,3.147339331641713],[32.64157007918005,3.1472922745270413],[32.640577283706634,3.145736161477631],[32.64057759254286,3.1457351344107884],[32.64057743611515,3.145734888986963],[32.64068357610388,3.1453826751117466],[32.64095871815357,3.144467661754554],[32.64414925793446,3.142767815432305],[32.64404349182687,3.141488596553639],[32.6447082902006,3.1412949991654644],[32.642235225418034,3.138425567741153],[32.642235296222935,3.1384247706341224],[32.64223479862931,3.138424193200346],[32.64265310928524,3.133720519477832],[32.64265317406916,3.1337203879322613],[32.642653197950786,3.133720119077876],[32.64308454519017,3.13284447676844],[32.64657229143667,3.12576251016219],[32.64614500703939,3.123656457585777],[32.64720540826581,3.121394801025991],[32.64720660455547,3.1213943696238413],[32.647206958599725,3.121393614974364],[32.647447772568434,3.1213074003866406],[32.648205215971146,3.1210342535702527],[32.64711759939801,3.1162969546515136],[32.64707620273836,3.116116704367599],[32.64733894089661,3.113699179068606],[32.64817225328984,3.113003699005206],[32.64783968384629,3.11140263422419],[32.64783990713409,3.1114021631913564],[32.64783975395028,3.111401426521935],[32.648661845994916,3.109666295044286],[32.6495183039464,3.109593894078773],[32.64909086506334,3.107033857573812],[32.647187492367514,3.103681609278589],[32.64827235227578,3.099385331397253],[32.65385703523591,3.094420117043521],[32.6564678235213,3.0865099245639],[32.65646786936435,3.086509850906368],[32.65646788797094,3.086509794514003],[32.659277383076635,3.081995640997524],[32.65927745891224,3.081995591594909],[32.659277876020404,3.081994921413599],[32.66289485954483,3.079638973478581],[32.66375960009316,3.078590346718148],[32.66665357717655,3.075080939778546],[32.66693981491146,3.070711417531999],[32.66836026593286,3.068861344538951],[32.669264546604474,3.065672909809717],[32.67141006338225,3.0628395192892564],[32.67238130670959,3.061556873648131],[32.67238132554808,3.061556860937634],[32.67238164137615,3.061556443851984],[32.67241344180102,3.06153519181464],[32.68280086824122,3.054526702326129],[32.67849253790603,3.050701457714373],[32.67292311114356,3.047827472515353],[32.67273148554296,3.046917701563725],[32.669019252609196,3.043949378850949],[32.667067080701855,3.039879264324774],[32.67703463102817,3.033851543355063],[32.68336972826256,3.031323470305044],[32.6874751363489,3.030616639438721],[32.68722673837025,3.023469932165602],[32.686310105182955,3.022834808969693],[32.684872018045226,3.014828041068426],[32.683278272404465,3.011429497906043],[32.68350458882893,3.009142636604182],[32.681744108208584,3.004187417178464],[32.68351854257655,3.001901811152979],[32.68675046452711,2.994558001038122],[32.68629426447459,2.990278814447929],[32.68363934545998,2.987490419901627],[32.67981529794328,2.981162899092213],[32.67741245654868,2.978748077576455],[32.67596778995171,2.974955044143476],[32.6747229287329,2.974072472022998],[32.673769105740206,2.965019799708524],[32.67417991310277,2.961033010724659],[32.671116753076305,2.951846644465954],[32.67220534469278,2.946989295537427],[32.67200732022324,2.942396094310368],[32.668716913396786,2.938723057148252],[32.67455113220083,2.935010234435194],[32.69282537796393,2.938455488232133],[32.69456238209638,2.937955804338543],[32.698703792378964,2.935970063216424],[32.70330477418565,2.927144557391721],[32.694828483596574,2.920915817082025],[32.68774735746183,2.917146816906168],[32.680733144880975,2.914560798277506],[32.67530507210686,2.913931872967709],[32.671622552181034,2.910981165796334],[32.66419970170348,2.902383989253351],[32.662264956554615,2.903198941131116],[32.657584963715095,2.902381992735953],[32.65259342425017,2.903007230431943],[32.650347422544606,2.900310312455495],[32.65009823977222,2.896983870226031],[32.64850196642072,2.896158797102005],[32.64520879303056,2.895854226044172],[32.640334227222674,2.899013400610964],[32.6391151146498,2.897607354406702],[32.63936879594567,2.895364054874799],[32.63723283373612,2.895298393609389],[32.62809896702688,2.89047018645391],[32.63543356469933,2.878830759280921],[32.635544907844796,2.8781234049465745],[32.634619865116605,2.879557963188159],[32.633456672657736,2.881899580686351],[32.62789874636763,2.8899810885207966],[32.624331075924296,2.8955138394756905],[32.62401672884832,2.896843195561015],[32.6136033852507,2.9133070936988057],[32.6051,2.9279],[32.59724954101686,2.9376403842938963],[32.58919973985928,2.949836388148561],[32.586183390163846,2.951370608500415],[32.57875514527398,2.960587134567469],[32.578122908400765,2.961420921096076],[32.57791109911674,2.962147732662893],[32.57770994260117,2.9629439772037016],[32.57834351934523,2.964786185506433],[32.57653487565198,2.967595283877583],[32.5757,2.9709],[32.569734736674164,2.9810409476539226],[32.568816813367626,2.983848283943941],[32.56774880746661,2.9844170273067676],[32.55542948131911,3.0053598817575184],[32.552490781884735,3.011719880127713],[32.5468591416202,3.0199294592456596],[32.5467,3.0202],[32.52430424264666,3.0497698857534448],[32.51745710053021,3.060069488762635],[32.51751465786572,3.064004542271258],[32.51680025873843,3.065126149079985],[32.51498953742338,3.067088655728789],[32.513274904040685,3.067711919907603],[32.51146573755791,3.067159443276123],[32.51054628349942,3.06804054410555],[32.50061535330878,3.0852842501638427],[32.499797246090345,3.086740939708811],[32.49969075144728,3.08681171280579],[32.491757531901975,3.094923877152869],[32.491439502919754,3.095402859552765],[32.48653814138757,3.100260998280379],[32.48650317512021,3.100296753260537],[32.48649667821566,3.100313575988167],[32.48535101547086,3.1049958498147365],[32.48524287017682,3.10748648996161],[32.484259341698476,3.1094574730583973],[32.4842,3.1097],[32.4703,3.1263],[32.48067914094068,3.129361129125362],[32.4826075496218,3.129677206083783],[32.491995194453494,3.132697095717314]]]}},{"type":"Feature","properties":{"n":"Atanga","c":"312205","d":"Pader","od":"Pader","dc":"312","k":"ATANGA","a":["ATANGA"],"lat":2.889069,"lon":32.704002},"geometry":{"type":"MultiPolygon","coordinates":[[[[32.63936552959858,2.895363745893075],[32.63936550640761,2.8953639537516467],[32.63936879594567,2.895364054874799],[32.63912209985034,2.8975455843930478],[32.63911519745701,2.8976074499112254],[32.63949627248523,2.8980469573930523],[32.640334734152624,2.8990130720729406],[32.64426166686417,2.896468052385707],[32.645206413221736,2.895855367845727],[32.645206954345355,2.8958554176841624],[32.64520879303056,2.895854226044172],[32.64850196642072,2.896158797102005],[32.65009823977222,2.896983870226031],[32.65009834803003,2.89698531540357],[32.65009897232004,2.896985638451425],[32.6502335496314,2.898790176598384],[32.65034739438094,2.9003099364872154],[32.65071948999042,2.9007570776474267],[32.65259342425017,2.903007230431943],[32.657584963715095,2.902381992735953],[32.662264956554615,2.903198941131116],[32.66419970170348,2.902383989253351],[32.671406508266664,2.910730942828959],[32.67162271890166,2.91098129938522],[32.67530507210686,2.913931872967709],[32.680733144880975,2.914560798277506],[32.68774735746183,2.917146816906168],[32.687747452575316,2.917146867531273],[32.68774750466928,2.917146886735204],[32.6901285815591,2.918414247237248],[32.694828483596574,2.920915817082025],[32.70330477418565,2.927144557391721],[32.698703792378964,2.935970063216424],[32.69456238209638,2.937955804338543],[32.69282537796393,2.938455488232133],[32.692822846084134,2.938455010895417],[32.681161015102234,2.936466207407841],[32.674557136479244,2.9350113664251687],[32.67455113220083,2.935010234435194],[32.67318908319044,2.935877025118222],[32.668717293921475,2.9387234819228727],[32.67200732022324,2.942396094310368],[32.67204000505754,2.9431542229465952],[32.67220538297841,2.946988835265172],[32.67220533422851,2.9469890528175293],[32.67220534469278,2.946989295537427],[32.67170006797606,2.9492438649107484],[32.671116797854545,2.9518467787551486],[32.67417991310277,2.961033010724659],[32.674179838753055,2.961033732271145],[32.67436233478254,2.970650098169379],[32.67465738647414,2.973450414685468],[32.67530708211616,2.974486620590214],[32.67596778995171,2.974955044143476],[32.67653573798512,2.9764462157974974],[32.67894413677672,2.980287394477788],[32.67981529794328,2.981162899092213],[32.67995746411939,2.9813981366079116],[32.68295434259701,2.96981514014552],[32.68404372872835,2.968740913406081],[32.688790205111395,2.969520993057058],[32.691191077566586,2.96576144792224],[32.69298212383346,2.959753826775478],[32.69589527422475,2.960386243371886],[32.69644919820711,2.958028098632267],[32.701230026683774,2.957885428936585],[32.702852869944664,2.952928487497095],[32.711090730210586,2.962093170265387],[32.71328934983038,2.963539880974426],[32.71493593319084,2.963996737896357],[32.7201564617586,2.962089525613241],[32.72634739798759,2.963144283918515],[32.72844093848578,2.965441239976517],[32.728726995586236,2.967261788542367],[32.73282116183247,2.969273091211209],[32.735157388080665,2.972323547623205],[32.73993426550903,2.968608666906394],[32.74414150468185,2.969129269049183],[32.74582143576756,2.963699357905961],[32.74897950731018,2.959798121726123],[32.75310822423467,2.963485396419553],[32.75448852171,2.96329537009731],[32.75601271062877,2.964443523064946],[32.76099302563568,2.9654678387846958],[32.76175464948756,2.963572876622672],[32.76175476533194,2.963572550814573],[32.761754785183754,2.9635725390030405],[32.761754824506696,2.963572441165398],[32.764147888898016,2.962148228176957],[32.76500562768029,2.95982691009478],[32.774012094791594,2.9524988840505983],[32.77474232576254,2.951427239394949],[32.77531706897161,2.948340060701566],[32.773605720274105,2.946126540123648],[32.77126601682085,2.9445689885194746],[32.770389523664164,2.944364631388232],[32.76864213482458,2.942822257921299],[32.768641082211104,2.942821557191551],[32.76864102645128,2.9428212795897775],[32.76864002411334,2.942820394852848],[32.76776177565446,2.9384439064998484],[32.76766510394083,2.937962623844941],[32.76766515818286,2.9379624422457575],[32.76766488504651,2.937961081152481],[32.76939204276334,2.932179796023549],[32.76932064523051,2.930648136088412],[32.768024442717675,2.929369178741283],[32.76802486186746,2.9293687120967506],[32.768023773185085,2.929367637160984],[32.76842485917554,2.9289233902458043],[32.768927697445626,2.9283635743054606],[32.76747658544097,2.927404676770351],[32.76747662636091,2.9274034783205756],[32.76747644056533,2.927403355615043],[32.767617072419704,2.9232901402434806],[32.76763228150399,2.922844701574352],[32.76941892076646,2.91724405292945],[32.76924652903223,2.9156139640709124],[32.76916955288312,2.914886660708522],[32.76916959931114,2.9148865377717166],[32.76916953696914,2.914885948282871],[32.77040820073403,2.911606814013664],[32.77046840796713,2.908291544524552],[32.77046865123111,2.9082911253974397],[32.77046865250852,2.908291055319898],[32.77098226181744,2.9074062096827515],[32.778136548144005,2.895079866405656],[32.779542062372485,2.891034900954378],[32.77885236570257,2.889957413848828],[32.77889483420785,2.8897338970820976],[32.779150052157355,2.888390006561146],[32.77915021050655,2.8883898214145867],[32.77915025214778,2.888389602251854],[32.7800999923943,2.887271641835161],[32.78209953630912,2.8884037495614283],[32.78661561568187,2.8828798434141176],[32.79162917816595,2.876747406149495],[32.79415739285599,2.870977028451251],[32.79402426453808,2.86722702456482],[32.79667014476674,2.866865130012821],[32.79831218130457,2.865667712542683],[32.799353064013786,2.8621287333496266],[32.79959116352616,2.852045727959715],[32.79786609749813,2.847198545164869],[32.798580545431456,2.845211406130343],[32.79802199046443,2.841179229910262],[32.79852263691474,2.835935753122359],[32.7907634807171,2.825737049427609],[32.787097718371186,2.823867395743926],[32.7815368071129,2.818347761583597],[32.78508203787226,2.81480038945587],[32.79152144985804,2.812722437242913],[32.788582750827906,2.804151499416706],[32.787491963459374,2.802891807872339],[32.78739465686275,2.8029576783177927],[32.78735608702206,2.803413811916632],[32.786180007642685,2.8037799194398785],[32.78503390827706,2.804555756622207],[32.78390138023801,2.804489377636754],[32.78390122188336,2.804489293845196],[32.783901116771546,2.80448932656597],[32.77981796222281,2.802328777839816],[32.77568653870892,2.797769730055387],[32.77102364847591,2.7976981473920426],[32.76962434307793,2.800406172382944],[32.7696234537857,2.8004063062972047],[32.769623316514235,2.800406571949957],[32.76473568967467,2.801142331299664],[32.76353640611797,2.801322925670162],[32.7637362758666,2.804085389223189],[32.766184640451016,2.806591005791403],[32.76573492519921,2.80945349013206],[32.75560596035196,2.810352530194331],[32.755605771522994,2.810352490071114],[32.75560574387948,2.810352492526138],[32.75453613135238,2.8101252081774137],[32.75112662780291,2.809400741721691],[32.749377726200244,2.808234810975777],[32.74942280385683,2.807555817402425],[32.74947279614586,2.806801473073015],[32.749472885393175,2.8068014516279973],[32.74947290245756,2.806801194591351],[32.75204850840896,2.806181908029616],[32.751543932113535,2.8041387385390975],[32.75142610406136,2.804097132232478],[32.74270050565384,2.8012780485718363],[32.74245982909112,2.801387027914622],[32.74133614280295,2.8036792388212373],[32.74133555352098,2.80368092541955],[32.74170462919175,2.805443946861743],[32.74221858659691,2.807898752206038],[32.74221855960472,2.807898918591489],[32.74221866092569,2.807899402587186],[32.742218238679385,2.8079008968415633],[32.74187932462642,2.809990033087426],[32.741974886907336,2.8102251149935085],[32.7432252354021,2.8107581377046933],[32.744538536959226,2.811111718043168],[32.74460739196779,2.8113473501066832],[32.744812371351664,2.811434732678333],[32.74469887256684,2.811660410300514],[32.7448479752129,2.812170661695442],[32.743458264429506,2.814128847026968],[32.74364474817972,2.8161035867393007],[32.74383670404017,2.818131209931922],[32.7414917479017,2.820399428712961],[32.74133968401908,2.820423050306369],[32.741282555709375,2.820475486109995],[32.73855179590258,2.8208561206609044],[32.73855073758535,2.820856285059832],[32.73612331890443,2.8196571849064025],[32.73612250932356,2.819657487855466],[32.73130765718789,2.821912766061122],[32.730095654309444,2.821912766046996],[32.7299176603047,2.821979372261379],[32.729494735696925,2.821912766039992],[32.72839519801555,2.821912766027177],[32.725576181435606,2.821295634551672],[32.72369368486287,2.820999160945792],[32.72348652680004,2.8208381730178447],[32.72326518186178,2.820789716783384],[32.718609901493735,2.817048916559434],[32.71843918518998,2.817005414243482],[32.71683845320927,2.81659762653835],[32.71426246819268,2.816940557102862],[32.71201316436225,2.81724001082932],[32.71201313826381,2.8172400013842966],[32.712013066926595,2.817240010881135],[32.70751648266658,2.815612698213662],[32.70733061666397,2.816440686102094],[32.70748872188996,2.816569912455566],[32.70889317720468,2.817717621523385],[32.708893180635464,2.8177178383457004],[32.708893605478195,2.817718185588348],[32.70890796156915,2.818646282342531],[32.7049963076145,2.819195956893035],[32.704940701962244,2.8191058442688726],[32.70471843779336,2.819131615302733],[32.702930365792625,2.8158479620152854],[32.702926007838165,2.815840899662877],[32.70264001331022,2.813006340943675],[32.69637518114707,2.804205440507191],[32.692185012911466,2.802359219300288],[32.691939684642016,2.8018275490979936],[32.6912859269598,2.801477087694775],[32.68817097373205,2.8041044830260122],[32.686688728120544,2.806427543291372],[32.68447826605122,2.807431248872414],[32.68317199415251,2.80933982918264],[32.681322425253626,2.8098810847860736],[32.6813,2.8099],[32.68112153066994,2.810155831571842],[32.67930019908547,2.813590362456453],[32.67846542321534,2.8139632989101946],[32.67723124900043,2.815732458514409],[32.676913477526575,2.817939714255661],[32.67477152035384,2.81984415178511],[32.672421791914054,2.824305391024288],[32.670488441779035,2.82561442334917],[32.670190821688664,2.828618422612895],[32.66882293316733,2.830521854358351],[32.66552066666867,2.833823835139989],[32.664176667662396,2.834445892707123],[32.658,2.8433],[32.657959918885226,2.8433621578785337],[32.65777829525405,2.846026981598827],[32.650314106455234,2.855219300149641],[32.64930995155094,2.856776545723145],[32.645694537564644,2.863402393149929],[32.64376004652635,2.8653833503067294],[32.64082494733887,2.8699351084049622],[32.63923982283477,2.872763097092104],[32.638996896822604,2.8727700530558624],[32.635544907844796,2.878123404946584],[32.63543356469933,2.878830759280921],[32.62809896702688,2.89047018645391],[32.63723283373612,2.895298393609389],[32.63828700160951,2.8953307996118043],[32.63936552959858,2.895363745893075]]],[[[32.68856614330828,2.937658373432841],[32.688566143113064,2.937658374734269],[32.68856614333645,2.937658373437395],[32.68856614330828,2.937658373432841]]]]}},{"type":"Feature","properties":{"n":"Atanga Town Council","c":"312206","d":"Pader","od":"Pader","dc":"312","k":"ATANGATOWNCOUNCIL","a":["ATANGA","ATANGATOWNCOUNCIL"],"lat":3.003768,"lon":32.722669},"geometry":{"type":"Polygon","coordinates":[[[32.66901683870984,3.043944346073446],[32.669019252609196,3.043949378850949],[32.67273148554296,3.046917701563725],[32.67273176972999,3.0469190507837816],[32.67273200158752,3.046919236244628],[32.672755258872726,3.047030568971722],[32.67292311114356,3.047827472515353],[32.67849253790603,3.050701457714373],[32.67965105463379,3.051730071939765],[32.68284443518689,3.054564220140682],[32.68284750556331,3.054562168226132],[32.68395341752916,3.0525610321225187],[32.68592251844778,3.048997172554592],[32.691585085005265,3.046760584740276],[32.69588068157097,3.04221539097253],[32.695881106336586,3.042215310339398],[32.69588131902136,3.04221508529198],[32.70293754733212,3.0408757882209967],[32.70355205247682,3.040759136890146],[32.70483426515413,3.0400691905054122],[32.709264865127984,3.037685064751829],[32.71140672469859,3.0350433227009095],[32.71143178621019,3.0349074871324615],[32.71223947722541,3.030522721056107],[32.712240829093176,3.0305224044750294],[32.71224084925155,3.030522295214878],[32.72253326276025,3.028111811313441],[32.72364758034641,3.026474583576409],[32.72455144852751,3.026387206897371],[32.724723096916044,3.025065940887767],[32.72651255233079,3.0244936641087614],[32.72693082799293,3.019938978440218],[32.72693094764735,3.019938977601038],[32.726931237156194,3.019935825604988],[32.729077944002825,3.019922527398532],[32.72979230173756,3.016754483435187],[32.73121306763261,3.016154316004831],[32.73246205469097,3.01399906953342],[32.73493205196187,3.013213843010485],[32.734933879949814,3.013214285571417],[32.734935168600465,3.013213875949227],[32.73982266291749,3.014397873434044],[32.74040009525634,3.014537671398541],[32.742177390455204,3.013288800471191],[32.74402032902894,3.013787406093891],[32.74677897555564,3.012027760003567],[32.7486879605521,3.00900620925587],[32.75328624956401,3.014603350011971],[32.75834654116837,3.010037855110104],[32.760878711133806,3.006040009580437],[32.76087873977884,3.0060399823290496],[32.760878757568435,3.006039954240534],[32.760935490503755,3.0059859926577195],[32.76370849580094,3.003347900460388],[32.76348558160367,2.9981538796469143],[32.76345517669732,2.997447115335697],[32.76345524367403,2.9974469895524494],[32.76345522008545,2.997446439925747],[32.7644941539615,2.995495011236912],[32.76434890490521,2.9944328896388708],[32.76418493312375,2.993235233132685],[32.76513637744531,2.9887375292111855],[32.76471365562338,2.988061829120538],[32.76428548399582,2.98737815789133],[32.76428556134041,2.9873775414145256],[32.764285396718165,2.98737727827395],[32.76445998713568,2.985987276597702],[32.76466688708225,2.984338175810358],[32.76242947392167,2.982039804451511],[32.76242934420284,2.9820390234477308],[32.762429271456064,2.982038948698915],[32.762239973645634,2.9808988718878084],[32.76182314738133,2.978389267847589],[32.761823232178294,2.978388978709026],[32.761823175912724,2.978388639840512],[32.7620724359131,2.9775392500437077],[32.762490120516425,2.9761150395246343],[32.76217543654285,2.9753119242389565],[32.76002739232703,2.969831509310842],[32.76113440014827,2.967471217436416],[32.76075438675654,2.966061585481624],[32.76099302207077,2.9654678476543865],[32.76061376967462,2.965389836119768],[32.75601271062877,2.964443523064946],[32.75448852171,2.96329537009731],[32.75310822423467,2.963485396419553],[32.74897950731018,2.959798121726123],[32.74582143576756,2.963699357905961],[32.74414150468185,2.969129269049183],[32.73993426550903,2.968608666906394],[32.735157388080665,2.972323547623205],[32.73282126319066,2.969273223556587],[32.728727795216734,2.967262592862088],[32.72872772509772,2.9672621469226343],[32.728726995586236,2.967261788542367],[32.72844100857153,2.9654416860221087],[32.72634729200321,2.963144265861811],[32.7201564617586,2.962089525613241],[32.71493593319084,2.963996737896357],[32.71328934983038,2.963539880974426],[32.711090730210586,2.962093170265387],[32.702852869944664,2.952928487497095],[32.701230026683774,2.957885428936585],[32.69663844031646,2.958022451260837],[32.69644918561009,2.9580281522598284],[32.69589527422475,2.960386243371886],[32.69589272279329,2.9603856894809475],[32.69589265724011,2.960385968134878],[32.695636827218685,2.9603301370423196],[32.69298212383346,2.959753826775478],[32.691191077566586,2.96576144792224],[32.688790205111395,2.969520993057058],[32.68404372872835,2.968740913406081],[32.68295434259701,2.96981514014552],[32.679976419176924,2.981324874923796],[32.67995746521745,2.9813981384248347],[32.68266197602422,2.9858732000798938],[32.684062711895514,2.9879350710015067],[32.68629426447459,2.990278814447929],[32.68629459551103,2.990281919591557],[32.68691570546778,2.993791946690433],[32.686726572374226,2.994333891067845],[32.68675046452711,2.994558001038122],[32.68625720636536,2.9956788184133227],[32.6853044336437,2.998408905516294],[32.68443404027588,2.999821550129555],[32.68351854257655,3.001901811152979],[32.681744133344665,3.0041873848012846],[32.68226650617269,3.0056578091326642],[32.68350458882893,3.009142636604182],[32.683278272404465,3.011429497906043],[32.684872018045226,3.014828041068426],[32.6861634913355,3.0220185141730087],[32.68631013645489,3.022834830637613],[32.68722673837025,3.023469932165602],[32.6874751363489,3.030616639438721],[32.68336972826256,3.031323470305044],[32.67703463102817,3.033851543355063],[32.669175082007584,3.0386044833345864],[32.66725212789604,3.04026507218844],[32.66760875920719,3.0410086185301095],[32.66835203181854,3.041507562460296],[32.66901683870984,3.043944346073446]]]}},{"type":"Feature","properties":{"n":"Bongtiko","c":"312207","d":"Pader","od":"Pader","dc":"312","k":"BONGTIKO","a":["BONGTIKO"],"lat":2.983825,"lon":32.866242},"geometry":{"type":"Polygon","coordinates":[[[32.82533358232659,3.007147884248003],[32.83296506623626,3.007401694537986],[32.8354421355708,3.009651946284448],[32.83766726413194,3.009449031163335],[32.837668924508,3.0094503929983816],[32.83766941215153,3.00945034883798],[32.84102410505649,3.01220228628832],[32.84102477556323,3.0122023124926924],[32.84454800150296,3.01227462421774],[32.84457479377494,3.012341052336245],[32.84468878128352,3.012345507132858],[32.84715891875996,3.018748070033277],[32.84717903300815,3.01879794081928],[32.84965414756007,3.020617440580486],[32.85228329064207,3.024536185081135],[32.8584613135929,3.02943206573554],[32.858461333303765,3.029432095595316],[32.85846135742908,3.029432114713805],[32.86217470470171,3.0350572555798734],[32.870515300976805,3.038712503384708],[32.8725021474883,3.040271049289019],[32.87234945923055,3.041887620733121],[32.875273135496684,3.0431475249045303],[32.87527342047791,3.043147647487857],[32.87834222529943,3.042914128876007],[32.879771593656635,3.042520770167526],[32.88001052238696,3.041474569491817],[32.88198018274677,3.041460518416363],[32.88538385193256,3.046764667444048],[32.887710566245886,3.052254159405641],[32.891635598064056,3.052179781338849],[32.89165325514161,3.052252105000226],[32.90323444781521,3.052240743073762],[32.917807493375946,3.050956207891597],[32.917396176986145,3.043429157157307],[32.9208503158227,3.034848632470132],[32.92143095924895,3.025516252583322],[32.92936357531718,3.006116802421013],[32.92983990125786,3.001679292299404],[32.931631761130994,2.997624147158679],[32.93185310224704,2.992158009933415],[32.922455932675284,2.991258002417781],[32.92307259947067,2.987146790974814],[32.92217849852429,2.986562685349015],[32.92256815414852,2.982682917690723],[32.921834518685266,2.980915520785661],[32.92129124206566,2.981534957231474],[32.91830510742693,2.981135609297678],[32.914363928118625,2.978870289824861],[32.90706695853469,2.979465925119491],[32.90668779122129,2.976393184420617],[32.90906552298067,2.973696155483355],[32.91613049728762,2.975492531978824],[32.91835766768867,2.972047078540689],[32.91698736094507,2.968601649731627],[32.920228893587925,2.960243299191714],[32.91668491521907,2.960513839100392],[32.911354472758916,2.96255131452504],[32.907512077271925,2.958310510605712],[32.90151233306079,2.95534148154011],[32.89670343113952,2.951032653854893],[32.89290178097518,2.950245995507387],[32.89413089424742,2.948400359449157],[32.89575134247946,2.948160094055769],[32.897371419897105,2.946675891493483],[32.8990847175997,2.94662842350745],[32.90075530489016,2.944652027162274],[32.90431129155857,2.942511454530048],[32.908845568891245,2.941853606412786],[32.91509879071582,2.93969781715115],[32.91668501653284,2.935359324323244],[32.893157595894834,2.931836525817155],[32.88827951861225,2.929909036938961],[32.8812126901524,2.924936126468182],[32.877762756745504,2.924531642825118],[32.87576092664112,2.923330691004881],[32.8743470520462,2.92724487517695],[32.866086964179466,2.924794254481863],[32.86060417861273,2.921210574423177],[32.834374304522036,2.917069085759132],[32.83360065790414,2.92403273218231],[32.83353661960723,2.9248472656758358],[32.83519523545129,2.930206310591748],[32.836203043902245,2.932021963409878],[32.8362179787489,2.932048861222049],[32.837289663796355,2.932408738830822],[32.838895247905526,2.936176749217619],[32.839181725469935,2.936848869647829],[32.83918168833221,2.936848972177964],[32.839181800879004,2.93684923630457],[32.83736747999354,2.9418576536491843],[32.83730027321883,2.942043198671803],[32.837866526023454,2.9439634117450995],[32.83794270491334,2.944221667935057],[32.83794269855194,2.9442217194900397],[32.83794270490266,2.94422174102589],[32.83714415560304,2.95069670479129],[32.834734272299244,2.9534536111261698],[32.83421627915829,2.954046322786377],[32.83421617477106,2.954046314663013],[32.834215174416215,2.954047459068887],[32.83238144866239,2.953904232515335],[32.82994183274602,2.957409105290905],[32.82994153979516,2.9574091843589585],[32.82994104069171,2.957409901363654],[32.82798858680996,2.957936361816106],[32.82725012818946,2.959970843842534],[32.825821112585174,2.960019252730586],[32.82296529631877,2.962078459337246],[32.82104701882606,2.966445701003866],[32.82121329525083,2.967617788871425],[32.81566461467562,2.974151938127872],[32.81544576064249,2.9748965415923254],[32.81424719786284,2.978974800184178],[32.81186643778591,2.980147296750298],[32.80946057506085,2.984967446460356],[32.81998554696711,2.986090649200984],[32.82536371820904,2.989090854773409],[32.823595259190206,3.001605308881853],[32.823904827247596,3.002592384907372],[32.82533358232659,3.007147884248003]]]}},{"type":"Feature","properties":{"n":"Laguti","c":"312208","d":"Pader","od":"Pader","dc":"312","k":"LAGUTI","a":["LAGUTI"],"lat":3.12396,"lon":32.781899},"geometry":{"type":"Polygon","coordinates":[[[32.65175345269055,3.1615952462322263],[32.6518,3.1616],[32.6518639004482,3.1616615907934396],[32.65531068438477,3.163763100898782],[32.65989237599955,3.1693998804814947],[32.6601,3.1696],[32.66413594896304,3.169747143972611],[32.66602271486243,3.168000078961465],[32.668424402303174,3.168523855792382],[32.66893854025557,3.1699222384468175],[32.6793,3.1703],[32.67930093466655,3.170301557777584],[32.67933479371969,3.170272315075927],[32.68169335261497,3.170574367008554],[32.6855538797336,3.169326247536294],[32.68641062235669,3.169973418609664],[32.68641003440916,3.17169571223771],[32.68396510099194,3.173850969953248],[32.68400772201627,3.174669842618917],[32.686453467959794,3.1822224465996545],[32.6865,3.1823],[32.69520658547232,3.186109131144139],[32.69674209851227,3.186377522162736],[32.697689490087804,3.1871954019134163],[32.6977,3.1872],[32.70279088450723,3.1853398691223584],[32.70443639823181,3.182622149704434],[32.70705024678455,3.183783563674877],[32.7289,3.1758],[32.72958946043555,3.1761889263995364],[32.72997978801103,3.175903428302472],[32.73229225920011,3.177087186324849],[32.73216938900281,3.177644270719533],[32.73344018603452,3.1783611305835753],[32.7377255608892,3.18024647513887],[32.738405883965605,3.1811622935190567],[32.7406,3.1824],[32.740615807567266,3.182428801923411],[32.74363107681552,3.181465999774094],[32.74361169770988,3.184272849512111],[32.742850346089384,3.186500206857768],[32.74659489648348,3.1933229046097322],[32.747002847487344,3.193835277780781],[32.75145367757998,3.19241173650844],[32.75097704837319,3.200282460707008],[32.75236937508202,3.201414037531833],[32.75245986170876,3.203913594966824],[32.752477637265045,3.2039176319063465],[32.75534323511702,3.20375651506673],[32.757175254786446,3.202269405303019],[32.759507411152505,3.203328166132878],[32.760888126504625,3.203042952379291],[32.76297428528182,3.206301486034699],[32.76684045952901,3.207179518281313],[32.76804910181186,3.204982951599941],[32.769477352544385,3.205826603294553],[32.77091546626401,3.205623102296603],[32.77066236159291,3.206639032741418],[32.77176170980635,3.208297164864446],[32.772578315120974,3.2084826210164845],[32.77504991384128,3.207544853823294],[32.77683337884956,3.208262149273502],[32.77742331676061,3.2095829510591867],[32.77954563555703,3.2100649428737573],[32.779703491719566,3.210059442334254],[32.779707785613155,3.210009567108718],[32.77952739426431,3.208908106623229],[32.77981157344082,3.208804031572014],[32.7803325710268,3.202752444227149],[32.77980164390176,3.201432052670763],[32.78048837326359,3.2009427413229266],[32.780505773218806,3.2007406341507427],[32.78001739641827,3.200207195963048],[32.780584296714046,3.199828553552216],[32.78166960582102,3.187222270848106],[32.781661647196906,3.187211354411887],[32.782259554438916,3.17990969464136],[32.78230548134369,3.179896345770874],[32.7887988807599,3.1755674128267333],[32.78954710535212,3.174598146303564],[32.791394307607945,3.1738371282613675],[32.79226691002123,3.173255393319175],[32.79353660259284,3.170661628690226],[32.795536461040385,3.169417695147043],[32.79784891497457,3.1695340566836165],[32.7979,3.1695],[32.814222018573716,3.165505790016704],[32.81407484152223,3.165432334708154],[32.8142202277827,3.1648509871916373],[32.814027546291676,3.164111155859307],[32.815075593486384,3.161430686497789],[32.815075726276845,3.161430155516343],[32.816792437678494,3.1491749568377],[32.81960296407807,3.144149475631155],[32.81960353164656,3.1441491438292952],[32.81960362989416,3.144148968174271],[32.822364428175135,3.142535117271843],[32.826878673487904,3.1398960789209864],[32.827150344315484,3.139549233523215],[32.83208946701054,3.1332426662056507],[32.83328630764564,3.1157226460107594],[32.83342414127752,3.113704762226627],[32.83545854310373,3.106292157745461],[32.83545023767005,3.1061584031331337],[32.83491633303371,3.097577638599529],[32.83396071121582,3.097360636231013],[32.83396115744593,3.097357401799223],[32.83396102805623,3.097357372378597],[32.834352889260586,3.0945131135921335],[32.83205476435257,3.094267336449992],[32.832914243971246,3.089438367987151],[32.832089663493655,3.089141187374031],[32.83227060401149,3.086469842238468],[32.83227527307066,3.0864003378846743],[32.83074764770938,3.083049770731547],[32.841532813570105,3.080994789046326],[32.84313050718366,3.078193305999462],[32.83383334743796,3.075331809104777],[32.83591200132541,3.06965373591565],[32.836778959132346,3.067284668382034],[32.83676409439495,3.066477764337393],[32.83509169194594,3.066090725365597],[32.83509297107044,3.0660873516221425],[32.83509273315399,3.06608729609679],[32.8359780349247,3.0637529593148565],[32.83667858382448,3.061905232786835],[32.83630037459571,3.05710100060731],[32.83053732224007,3.0556126474971164],[32.83043226943306,3.055585557034342],[32.830432261737904,3.055585514805012],[32.830431997515824,3.055585446567603],[32.83027260772805,3.054732590515452],[32.82994527911907,3.0545795255594985],[32.82698050543587,3.05319642735668],[32.827189896213454,3.046276958899253],[32.82719007890731,3.0462766087759983],[32.82719008897296,3.046276275183989],[32.830455586061696,3.039080515483318],[32.830353679559934,3.0390541369269983],[32.823887481411745,3.037381127289988],[32.82049794820477,3.045408887832291],[32.81638624205198,3.047559919460245],[32.81638577196127,3.047559895560483],[32.81638568908272,3.047559938934688],[32.813017156234196,3.047388648911459],[32.813017080596815,3.0473886287816305],[32.813017041499464,3.047388626793892],[32.79921546120835,3.043715532700289],[32.7909092200467,3.043487345857717],[32.78812523986668,3.046071772756471],[32.78379538948077,3.045465135250563],[32.77889293281722,3.048272775833034],[32.775133383634675,3.049295941795393],[32.77513254623645,3.049295143430308],[32.77513246745706,3.049295164849083],[32.77413435105107,3.0483443890480957],[32.76942383837555,3.0489314650012047],[32.76936352011735,3.0489389856031934],[32.766417847853944,3.050235749154345],[32.765384395823,3.0539424222408056],[32.76535488293605,3.0540484711638642],[32.766106576419006,3.055800613374285],[32.766074560179774,3.0566842115408104],[32.76601143498887,3.058426862824916],[32.76601141609835,3.0584268895038296],[32.766011397398714,3.058427405584657],[32.7650407605526,3.059797747933278],[32.76584959413082,3.06184431546888],[32.765556823527945,3.064219123223526],[32.76525019044397,3.066707262886226],[32.76525007949995,3.0667072763687178],[32.76525001226946,3.066707821708614],[32.76132868944854,3.067183925463226],[32.76077826561032,3.067660758642821],[32.761547556432696,3.068868609733427],[32.76154739784603,3.068869040153516],[32.7615476989951,3.068869512631673],[32.76114839566766,3.06995275448236],[32.761148060729624,3.0699528810621177],[32.761147861225375,3.069953422536624],[32.75961048153664,3.070533962877442],[32.75789405015022,3.0711826365005335],[32.75944933159502,3.072301316995433],[32.75944943690183,3.0723017021157584],[32.75944959187175,3.07230181351752],[32.75972358936886,3.0733043123640256],[32.75986573748654,3.073824166010062],[32.75948403294012,3.074782668765906],[32.758795354560554,3.076512366611072],[32.758795189335096,3.0765124320080433],[32.75879498154732,3.076512953786367],[32.75720112769733,3.077143698867479],[32.75737919963672,3.079273131541579],[32.752587195525734,3.083720145793971],[32.753372165464356,3.08510490962638],[32.75416692551372,3.086506695275826],[32.754019447393375,3.0871677076746624],[32.7538467175079,3.087944511992671],[32.753846110238754,3.08794462297653],[32.75384576646483,3.087946163807306],[32.750687203442176,3.088523098737213],[32.75083358988759,3.0901877431548117],[32.75130223112857,3.095506689017435],[32.75130134564733,3.0955068627771913],[32.75130146230715,3.095508189383047],[32.748535135324026,3.096049681766379],[32.74850583918176,3.096055430607022],[32.7476014013898,3.09730468199438],[32.743675293106314,3.099279635920625],[32.72980282619827,3.102505118747569],[32.72920461841914,3.1051030686741012],[32.729490598918964,3.1060011383764046],[32.73039409518532,3.108836922591366],[32.72939159755453,3.118363265078073],[32.73148624694509,3.121475872404439],[32.73102819664477,3.124245893802888],[32.73102622366007,3.1242461775870636],[32.73102609675213,3.124246941884269],[32.72881588427305,3.124564101664631],[32.725817182463636,3.124995419819777],[32.72334073460444,3.123589578416517],[32.72110314622277,3.124872178806297],[32.72110317781862,3.1248717532349026],[32.72110301401547,3.124871847151764],[32.721312837642,3.1220410687972135],[32.720437431371366,3.1211483355805316],[32.71962833238977,3.1203240358618554],[32.71704497745678,3.1214694810097066],[32.715961066132884,3.1219502298807553],[32.71553076809725,3.123674821885332],[32.71332498579434,3.125438398269488],[32.71328914836185,3.125864501689289],[32.71305375199364,3.128671688247504],[32.70229079263414,3.1253943247374574],[32.70094481926221,3.12807468654855],[32.69957536787272,3.1308026972608],[32.69947922681475,3.132573833306246],[32.69947856601682,3.1325742995146344],[32.69947855962871,3.132574416887048],[32.698940957985165,3.1329535945505036],[32.69724044735006,3.134153344562335],[32.69730475645335,3.1363412703866946],[32.69733472641188,3.137360331585334],[32.697334710151985,3.137360355826163],[32.697334716515954,3.137360572341276],[32.695857915272306,3.13956266964175],[32.695380447502586,3.142961210418526],[32.695267808971046,3.143022603669367],[32.69523747947759,3.143200514168249],[32.69090889280076,3.1453984161926813],[32.69090334223789,3.145401441508212],[32.690732905375505,3.1464111704194084],[32.690379126571685,3.148512162545587],[32.69037824672786,3.1485122950535684],[32.69037811820173,3.148513056488334],[32.68466218275031,3.149373857853152],[32.683471480971384,3.151431256612362],[32.68230610828429,3.1521075702414745],[32.681899212933054,3.152579704737474],[32.68147282048779,3.1525911613707196],[32.68132779855562,3.152675323553626],[32.68117136824621,3.152599261016506],[32.6801373130418,3.152627044790267],[32.675614078827046,3.149897133636567],[32.673176788823945,3.150122456300796],[32.6713750506606,3.150948574660373],[32.67137496986364,3.150948628756104],[32.6714447089498,3.153187157834014],[32.67146902683521,3.153964043894543],[32.67146891668089,3.1539641928215882],[32.6714689360484,3.153964814492106],[32.67023013199685,3.155639988727699],[32.6654194515575,3.157026772438411],[32.66246663181983,3.157025814531247],[32.65946619631954,3.156689662919536],[32.65713322573145,3.154103797569931],[32.65702724251425,3.1541061564416766],[32.65503790382658,3.15415095981273],[32.64984809738653,3.149697080999653],[32.64924218450258,3.149370110389567],[32.646563513787584,3.1479250808855057],[32.64588267787762,3.1488808344709005],[32.645847888431256,3.148929764378723],[32.645847891658065,3.1489301143675954],[32.64632278375511,3.152950437233172],[32.64589177104097,3.1536893974278044],[32.64589379117708,3.153908507153757],[32.64566701799365,3.15407473073734],[32.645512998836686,3.154338792614113],[32.64517973317879,3.154431908014329],[32.64413119734428,3.155200479418115],[32.64313123253064,3.1550042650909695],[32.640878292477616,3.155633743135685],[32.637842838919106,3.1567660494432506],[32.639952824700536,3.159613768870509],[32.65175345269055,3.1615952462322263]]]}},{"type":"Feature","properties":{"n":"Lapul","c":"312209","d":"Pader","od":"Pader","dc":"312","k":"LAPUL","a":["LAPUL"],"lat":2.857357,"lon":32.886391},"geometry":{"type":"Polygon","coordinates":[[[32.79076319049412,2.825736757503409],[32.79076336939759,2.8257369926511693],[32.7907634807171,2.825737049427609],[32.794290203630624,2.830372605291205],[32.798522444847194,2.835935393214559],[32.79852243573026,2.8359354886836963],[32.79852263691474,2.835935753122359],[32.79802199046443,2.841179229910262],[32.798580545431456,2.845211406130343],[32.79786614335018,2.847198417633683],[32.79947225112203,2.851543151014444],[32.79947859738802,2.851729433603887],[32.79959116352616,2.852045727959715],[32.799549492246456,2.853810417578933],[32.79955957538364,2.854106388927952],[32.79992414139955,2.8540601457266246],[32.802263196927605,2.853763374390417],[32.80546660961654,2.854483630402222],[32.808302269292355,2.852407080445095],[32.80830265675687,2.8524071668208864],[32.80830270911299,2.852407128451073],[32.808481520047586,2.8524470400415485],[32.81372850761735,2.853616728312119],[32.81246692083285,2.8652601246035467],[32.812407185572596,2.8658120014193815],[32.81344716638706,2.8697791955458514],[32.813979050791566,2.871807845973591],[32.81901381885453,2.877302780272983],[32.81974948006924,2.8776927735874307],[32.82298901976283,2.879409685973974],[32.82338468611055,2.880437555101391],[32.82435722508246,2.882963497145384],[32.82435717209373,2.8829638966129285],[32.82435738116029,2.882964439729789],[32.823928558798585,2.8861964090852568],[32.826272204538995,2.890731534812244],[32.8307007494682,2.892552443999886],[32.83070089498613,2.8925526506528945],[32.83070097788471,2.892552684729131],[32.834282736474016,2.8976392286882713],[32.83846072791295,2.900644169909001],[32.83850540929801,2.9008335786576542],[32.83860365469405,2.900907896412872],[32.83861017017427,2.9012776702285916],[32.83879392494528,2.902056624622967],[32.83863145325908,2.9024855516450887],[32.83865088468987,2.903588345922619],[32.83526954396339,2.9113610288228466],[32.835038608046176,2.911970702160971],[32.83483985475206,2.916225217796172],[32.83441230805709,2.916727013326069],[32.83437430577888,2.917069074446211],[32.84788604411963,2.919202482060673],[32.86060417861273,2.921210574423177],[32.86608682391896,2.924794162804236],[32.86807250710845,2.9253833296432],[32.8743470520462,2.92724487517695],[32.87576092664112,2.923330691004881],[32.87776274838353,2.924531637808546],[32.877801971359254,2.9245362404993225],[32.8812126901524,2.924936126468182],[32.88121328872737,2.9249365476839753],[32.881213310638174,2.924936550255137],[32.883354285063156,2.926443161740988],[32.88827951861225,2.929909036938961],[32.893157595894834,2.931836525817155],[32.90048195494665,2.9329332138699082],[32.91668491150495,2.935359253483199],[32.918670325130805,2.93322716591226],[32.91895619684153,2.930881344736629],[32.917909275965854,2.929013291648263],[32.918671910968946,2.926237242971749],[32.92000464315436,2.92575934406634],[32.92173023495928,2.926539881034913],[32.921839131760436,2.928063523371547],[32.923930785404,2.928741352947977],[32.924613533573975,2.930283689675787],[32.93098941648609,2.932675487494887],[32.93329838682117,2.931712989255328],[32.94083801226018,2.925299488906353],[32.948066770256446,2.928413360728272],[32.95352624490323,2.93333067399473],[32.95285146219446,2.943917182751504],[32.95386356024743,2.943886477052134],[32.954121383183974,2.944694127057336],[32.970292349908455,2.938753528416873],[32.97022116226043,2.935838003951357],[32.97163408274788,2.933117356873383],[32.97570165005406,2.936695721317397],[32.97884104715603,2.935621393923087],[32.979233935593044,2.933122806892965],[32.98355238326095,2.927027378324251],[32.984576167631204,2.921299268204733],[32.98113580863892,2.917285768430347],[32.97904105913377,2.912785871500815],[32.97837466978414,2.90397720886151],[32.97623199839826,2.901822817639336],[32.97297879411286,2.900742585239882],[32.96948143360553,2.897744371255259],[32.970423031802746,2.895359623092971],[32.97182426817287,2.884446872640533],[32.966443894073976,2.883853488035713],[32.95963426162424,2.881255247536127],[32.95486711715031,2.8803539170727],[32.95479654115142,2.879359573283112],[32.95760582396225,2.863754290160053],[32.959587610368146,2.856913764546604],[32.961843273397925,2.857505441598283],[32.96211885579339,2.856608816955256],[32.96635757618255,2.856375203852622],[32.96938021728417,2.857208008831125],[32.971818137992905,2.854103918358388],[32.9733113708104,2.854079250866742],[32.97331260799716,2.85405298390118],[32.97350029842269,2.850032797245055],[32.972857877395604,2.849148772439466],[32.9701570897038,2.848537688788501],[32.96996849178478,2.8477535373211267],[32.96980007028087,2.8470537810100183],[32.96868110202699,2.847316850730486],[32.96870337804392,2.8460958750457497],[32.96863525710082,2.846087726227727],[32.96730034456988,2.845928449557526],[32.967302022154556,2.8458948601070104],[32.96737170705576,2.8444713804512127],[32.96663964163904,2.8445317331400535],[32.96653902968681,2.84454043629806],[32.96653896925555,2.8445400327385544],[32.96653857297606,2.844540065408494],[32.966133999558494,2.841835931455221],[32.9645865502689,2.839820909238222],[32.96106163680055,2.840201595096564],[32.95807394171976,2.839160220767145],[32.957533350468445,2.8363542926753142],[32.9573361782368,2.835331980610967],[32.957336313009485,2.835331573680332],[32.957336076788174,2.83533034757834],[32.957775642708285,2.834005068120221],[32.95797874458027,2.833391825347904],[32.95597017266744,2.832648420197243],[32.95270618006057,2.831441258605754],[32.952706721417975,2.831440563783294],[32.952705857067826,2.831440243873238],[32.955894521507126,2.82734648878623],[32.953495874613076,2.826415082843452],[32.95104020088626,2.8267655060718493],[32.950992474373415,2.826772360121495],[32.950992442861846,2.8267723211144644],[32.9509919756369,2.826772387787195],[32.94986063061786,2.825371964138273],[32.94795674120502,2.824964987326937],[32.94136265979828,2.819387291882399],[32.940872588293004,2.817028776873868],[32.94085591694643,2.81702357474915],[32.93578030339442,2.815616866917214],[32.935551284560965,2.8153683179801363],[32.9353527991446,2.815306382617776],[32.9321936764138,2.811724382136449],[32.93217389390799,2.811702912632317],[32.932174016209835,2.811702090232626],[32.932173078729775,2.811701027262207],[32.932175641933085,2.811691158309458],[32.93235276937209,2.8105000923935517],[32.93217702893131,2.8104920428104383],[32.9312455042796,2.81088898803206],[32.93125749362768,2.8104499245830157],[32.93036305034577,2.810408955665981],[32.9303190919765,2.8101534285485545],[32.930007636435946,2.810146868140567],[32.930079259965176,2.80875930079678],[32.93007925778017,2.808759288095476],[32.928698381770076,2.808782361190515],[32.92833529200897,2.807974645413504],[32.92812836536249,2.807516427966516],[32.92607859869053,2.806244926163569],[32.92606155786996,2.806245932979423],[32.92410396700152,2.806508022114621],[32.92398733875761,2.806368483221585],[32.92247405330679,2.8064578920489134],[32.921260044507015,2.807046234318839],[32.92134744671712,2.8075010264470133],[32.92142642830498,2.807907541562487],[32.921425573837276,2.8079075562040807],[32.921425693464556,2.807908178677432],[32.92031218639793,2.807926634474986],[32.919997758014894,2.8079320223118343],[32.91954490908353,2.809559717412748],[32.918902920223154,2.8092992725884205],[32.92005639732155,2.813784469736368],[32.92005639586763,2.813784495298628],[32.92005644602647,2.813784690285069],[32.91993726664816,2.815915101546498],[32.919082235745144,2.816419326660381],[32.919851124023644,2.8170316546919354],[32.920675145107296,2.817686516742644],[32.92078630936592,2.8182008802379594],[32.92096042015402,2.8190016106848783],[32.92232954781447,2.819589637605052],[32.92175798139325,2.822821131468961],[32.91975830706695,2.82521468141543],[32.92222186919479,2.827931779034659],[32.922221804125435,2.827932440676991],[32.92222211613094,2.827932784849675],[32.92219774940211,2.8281770354367404],[32.92208084912315,2.829365708249993],[32.92400695856582,2.832168586238707],[32.92593539198241,2.83219285848819],[32.925936201279356,2.832193615770137],[32.925936355979836,2.832193617761328],[32.92901771041615,2.83507693653588],[32.92901768381334,2.8350770457689682],[32.929018159586064,2.835077490962906],[32.928709688891736,2.836345166763484],[32.93032727194456,2.839266597754084],[32.93002979787208,2.841479471564694],[32.93117425920796,2.842831328978379],[32.93221921663514,2.844064214849917],[32.93221809613796,2.8440643271131885],[32.93221961978862,2.844066126875552],[32.930768766730445,2.844210370627346],[32.93155296475349,2.845239017630758],[32.93058753706789,2.8455277993101133],[32.92911477165123,2.845968768542847],[32.92911462663219,2.8459683807803855],[32.92911272513388,2.845968949562371],[32.9283982208874,2.8440545001753965],[32.92769667724271,2.8449948685585285],[32.927684381675874,2.845011367970654],[32.92763881003382,2.8449837322897222],[32.92582846222276,2.843886789011132],[32.921780023335494,2.843431387856854],[32.92126990291802,2.843758724747669],[32.92092333169891,2.843981624822632],[32.92030370235884,2.8428328848712465],[32.91905725852112,2.843467146764767],[32.91905732547163,2.843465435529361],[32.91905454473456,2.843466848067063],[32.91909972434783,2.842381732617996],[32.91910210479848,2.842320888993494],[32.91760318830863,2.842430415170235],[32.91750740257023,2.842437606567784],[32.91750728576833,2.842437422791173],[32.917507179376486,2.84243743056525],[32.914008286527164,2.836932449665898],[32.91264501748724,2.8366738993256715],[32.910843469358284,2.8363332588003733],[32.909997961890134,2.838165580390906],[32.91099456377292,2.8391891840144],[32.910992423557985,2.839189474582886],[32.91099627728448,2.839193441436185],[32.91025970495891,2.839289066302194],[32.91044827548738,2.839909738335239],[32.911948480037275,2.840055267329349],[32.9120911766172,2.841922383920823],[32.91135379076005,2.84245082998501],[32.91176961275026,2.844805255939107],[32.912721797189825,2.845429238691344],[32.91301763962914,2.8477072099608063],[32.913268783322586,2.849640208813898],[32.916066117500115,2.852622636666444],[32.91606450541104,2.8526242180143804],[32.916064732995764,2.852624460784245],[32.915272410241464,2.853401208619334],[32.91509201990669,2.853578159067625],[32.91547084461164,2.854058830477589],[32.91546537534395,2.8540590410264226],[32.915467095835425,2.854061236280431],[32.914259383994754,2.8541065219383217],[32.91449470758263,2.854752937626529],[32.913399550607664,2.85532734806672],[32.913397870858155,2.8553263066011287],[32.91339706592865,2.855326728293938],[32.91285038127189,2.854986856247745],[32.91178124173348,2.85432397643553],[32.911137913323714,2.85501598559998],[32.91113721535078,2.855013648203067],[32.911136426362255,2.855014496339123],[32.91102762564429,2.854646650246618],[32.9107311549109,2.853653818375932],[32.90987700645506,2.854560808066173],[32.90987655123878,2.8545606796869385],[32.90987617689948,2.854561077269787],[32.906566068645795,2.8536292151664613],[32.906563951496985,2.853633664696012],[32.906543196196296,2.85463262597219],[32.906131186945295,2.8545431891721282],[32.90546615653411,2.8559408577981014],[32.90573361811602,2.856308173797448],[32.905183816709375,2.8565342404588847],[32.90499529053378,2.856930458611271],[32.90443439043676,2.8568423886254704],[32.90416214509671,2.856954330127208],[32.90056752197788,2.856235915540714],[32.90082692259412,2.8552779248098696],[32.9003837922615,2.8551858182504386],[32.89990094324239,2.85508678149121],[32.899900630367256,2.8550853909574934],[32.8998994677796,2.855085149308612],[32.89966358637719,2.854036019469093],[32.898054121711475,2.8541976459839415],[32.89778327413242,2.854225257828584],[32.89778303902971,2.854224868792881],[32.89778228185182,2.854224944830601],[32.89697302938031,2.852884828138145],[32.893354449959446,2.851495685491812],[32.89219784608303,2.8499614523966303],[32.89141527655006,2.848923556369124],[32.89141524738561,2.8489233365418323],[32.891414433906014,2.848922257462522],[32.89084361798159,2.844615640300238],[32.88994591267748,2.8439095702347834],[32.88976065794779,2.843764278385008],[32.889760677510154,2.8437638776493412],[32.88976034812774,2.843763618580954],[32.88985953092466,2.8417388623506223],[32.88995113525201,2.839862344829893],[32.88834968185087,2.8401408243625434],[32.888166237508564,2.8401727768533016],[32.887970968284876,2.8409648976467197],[32.88757168774831,2.842589366575206],[32.88757047642038,2.842589515840385],[32.88757023845502,2.842590481160488],[32.88542760738426,2.842853580303911],[32.88461562100449,2.8419434908104733],[32.88242835453269,2.841608590349426],[32.88242834238126,2.841608576655557],[32.88242809527592,2.841608538823236],[32.87867844900316,2.8373832278734974],[32.87830277883303,2.8374377818879686],[32.877536258888746,2.837550659647142],[32.87753706870378,2.837548976666775],[32.87753610763946,2.83754911623047],[32.87761487158551,2.8373872845308092],[32.8780319201098,2.8365205625637557],[32.87682246497928,2.836281997605924],[32.87682245055817,2.8362819702296087],[32.87682219451855,2.836281919918888],[32.875774914004914,2.834295015789106],[32.875775291416105,2.834294094754827],[32.875775249871374,2.834294015888357],[32.875947446576994,2.8338739672922295],[32.87764358642304,2.82973470753348],[32.87671551608681,2.8292093184682576],[32.876120687976034,2.828873260826622],[32.875405719914625,2.826794302190518],[32.87427105942663,2.8271044390519657],[32.87393291214368,2.827197870129386],[32.87393148473004,2.8271972550367845],[32.8739307938689,2.827197443869927],[32.87034798684885,2.825654020918135],[32.868985255285416,2.826318594441212],[32.86868294034213,2.826466235635935],[32.8686826942969,2.826466146627923],[32.86868145742394,2.826466749823036],[32.865808121640654,2.8254262565542785],[32.86570600812475,2.8253893165133483],[32.86244421090923,2.826274522091225],[32.862442875466286,2.826273658748516],[32.86244154980997,2.826274018070933],[32.861183844511245,2.825461328375083],[32.8603969725367,2.827016085648703],[32.86083662122715,2.831192346643006],[32.862645800389224,2.832773513865773],[32.86238480414648,2.8341622569166653],[32.86343073104949,2.834592026135332],[32.86343026026197,2.834592449154848],[32.86343119665437,2.834592834255864],[32.860740780904266,2.837010161818752],[32.86073988613609,2.8370098470560974],[32.860739684698,2.837010028055463],[32.85754446812547,2.835885758965782],[32.855908736289095,2.8353103392022],[32.84960225053402,2.8352975072371738],[32.84946917603548,2.835297242682218],[32.84946914444314,2.8352972364028663],[32.84946860894902,2.835297235313283],[32.834220983394886,2.832267086031329],[32.83270956202177,2.830292054915773],[32.836876226047615,2.826319080955417],[32.83832846200147,2.825936282029858],[32.841447561644614,2.8277314316092537],[32.84268483240318,2.826559480710139],[32.8389381249829,2.822336615323442],[32.83893074759617,2.8223359176849674],[32.837914404154006,2.8227407523417],[32.83662767983391,2.8221181293624213],[32.83662684697181,2.82211805060328],[32.83662658974457,2.822117601887607],[32.83662627363532,2.82211744892797],[32.83635144141258,2.821637624071076],[32.835818386607826,2.820707745705373],[32.83360380268176,2.819723898672467],[32.83367288966068,2.818792214168583],[32.83269921029095,2.818838002474126],[32.83269926055758,2.8188372742319805],[32.832698627507874,2.818837304651907],[32.83273208466358,2.8183617322333974],[32.832852178204774,2.81662186694648],[32.832802992201856,2.816574911156944],[32.83144815726428,2.815283467505148],[32.830473928037755,2.815330969307471],[32.83018844844918,2.812100315861632],[32.82930873861536,2.811143018879859],[32.82745031278329,2.810831152223354],[32.82664613059745,2.8114373556923486],[32.82583247752641,2.812050826903696],[32.82583233145044,2.8120508085574785],[32.8258322291123,2.812050885701359],[32.81943975360578,2.8112483277076596],[32.819375706400834,2.811276497917649],[32.81768260308817,2.812029415265529],[32.811065510628644,2.809201606581591],[32.80666826687164,2.80598933604901],[32.80596984033473,2.8049537389416908],[32.80553317178265,2.804589768135391],[32.805600082641554,2.804405477990502],[32.80542618989686,2.804147637238658],[32.806140023581165,2.802912703188772],[32.80614566281231,2.802913645732832],[32.81703451867064,2.8042299886091144],[32.820210419933154,2.803427427164062],[32.821470504290566,2.8027713811622474],[32.821572128481456,2.8022443314709466],[32.8214272868923,2.801457265663333],[32.81946738901355,2.799357780288826],[32.819752923500864,2.798601118076934],[32.8197559958024,2.79860119310982],[32.82531452172442,2.7983729946284654],[32.82588672261761,2.7972472094504166],[32.82595855508769,2.796978503247677],[32.82470371631609,2.794093206765274],[32.82470225208183,2.7940914208628684],[32.81835705303658,2.7868213819255794],[32.81835701085735,2.786821351967577],[32.81692897193062,2.784137097045107],[32.81442446723402,2.782517668546641],[32.814424500314146,2.782517381767284],[32.81442376462041,2.78251690598889],[32.814675618449236,2.78033663488202],[32.81467092721668,2.7803355218458647],[32.80225571405802,2.777662006894286],[32.80155464889961,2.7771437942042296],[32.788613416292684,2.7702487146740986],[32.788612091237894,2.7702480741558517],[32.78504231870982,2.770952694636321],[32.7849447746395,2.7711160926732368],[32.78862687576413,2.77593985020612],[32.79040433464782,2.780765393016615],[32.7903825629505,2.782126123260732],[32.790553871011085,2.782729739679325],[32.79036670053687,2.7831175235013297],[32.79036150438022,2.783442283091983],[32.79022029120548,2.7834208575092414],[32.790082940276776,2.783705424123252],[32.788025836408146,2.783309439414957],[32.786735845282955,2.7853327903097496],[32.7867357364723,2.785332988645803],[32.78789875948957,2.787082862351833],[32.78737087009338,2.7876702033369996],[32.7880330958503,2.791577948096281],[32.78803294440041,2.7915781491244127],[32.78803308368962,2.791578971124038],[32.78802709930948,2.7915859076492473],[32.78510518682885,2.79546432986585],[32.78706617619169,2.7997205904804305],[32.78738461812056,2.800310932127668],[32.78738922800511,2.8004217634372868],[32.78757499528447,2.800824964989321],[32.78746171873918,2.8021645929822783],[32.7874919658237,2.802891796441011],[32.78749200225454,2.802891852674783],[32.788582750827906,2.804151499416706],[32.78889156857125,2.8050521897053997],[32.78922512106926,2.805567053348869],[32.79149335870838,2.8126405072818232],[32.79152144985804,2.812722437242913],[32.78527470771268,2.8147382162757464],[32.78508188785706,2.8148005395616793],[32.781536850862054,2.8183477178080207],[32.78177800652168,2.8185871706362327],[32.787097718371186,2.823867395743926],[32.7905108889551,2.825608219712606],[32.79076319049412,2.825736757503409]]]}},{"type":"Feature","properties":{"n":"Latanya","c":"312210","d":"Pader","od":"Pader","dc":"312","k":"LATANYA","a":["LATANYA"],"lat":3.092025,"lon":33.036891},"geometry":{"type":"MultiPolygon","coordinates":[[[[32.99043236483625,3.088313451026765],[32.99141984126498,3.095737364072644],[32.99950541365533,3.096007878568868],[32.995525819074494,3.109905783090272],[32.994141146052,3.111476553934312],[32.99608848982889,3.120716068466697],[33.00218506656212,3.117556337016905],[33.007292824975075,3.117495108376481],[33.00736907636137,3.121383011749693],[33.005180003314,3.12783594343936],[33.00417193057761,3.135708691199453],[33.00625473130942,3.136340375878299],[33.00399838999417,3.141748375342094],[33.010631445439984,3.142089452541554],[33.01357389067424,3.141205183851878],[33.0162783925316,3.137846816347456],[33.019880029028414,3.1356320325478766],[33.0265,3.1236],[33.0594,3.1333],[33.06821012889088,3.115679742218227],[33.06795792795405,3.11383298896994],[33.07690426124718,3.105805332321828],[33.08080152472001,3.1086793197403013],[33.0821,3.1081],[33.0835,3.0783],[33.1034,3.0804],[33.1202,3.0715],[33.1313,3.074],[33.13137516291425,3.0738120927143835],[33.13137561010407,3.073384974518912],[33.13157127752445,3.073321806188875],[33.13316344227414,3.069341394314665],[33.132995901692475,3.06868296883575],[33.13130267254395,3.067005554252296],[33.133682444873656,3.066528583219895],[33.133990313348015,3.064814391148283],[33.135505424543936,3.063171767180492],[33.135469656256205,3.06160085179139],[33.13670094023364,3.060398263114673],[33.136718630667204,3.0602876103938446],[33.137922242460526,3.046566435949998],[33.13176718678687,3.047315507462567],[33.13095695163212,3.048705811035231],[33.1279221137366,3.049944189847575],[33.12346276335951,3.048662324883614],[33.12328785499542,3.049632718876956],[33.113811001810525,3.049604098995911],[33.110486262320244,3.050548792294695],[33.099079633471256,3.051448195990289],[33.09855366815543,3.052740965247642],[33.101982939951625,3.058437581833455],[33.10540607356281,3.060744798039358],[33.10259360047886,3.062023581727143],[33.09559852591808,3.063237018899679],[33.09384888055677,3.06264230076724],[33.09207538188265,3.063689121579821],[33.089612571866155,3.06334371260371],[33.07996403579444,3.05640144053941],[33.07468421200788,3.050578440566326],[33.06983078889268,3.049780319435987],[33.06959291452085,3.051350645191893],[33.06442647600225,3.05596127481313],[33.05987761108484,3.055391960440551],[33.057037305895435,3.053478509522025],[33.05707924764419,3.05053808195781],[33.0563511343078,3.049481603943401],[33.05295337449096,3.04715387903936],[33.05380056364763,3.041476341437572],[33.050986426788555,3.041115949813104],[33.050275489095995,3.042930737420779],[33.04553561105773,3.041174143437117],[33.04349658432262,3.055142685511653],[33.04337367377294,3.06607515103353],[33.037252279320406,3.066838835706506],[33.03768897975573,3.07220077787926],[33.032843960211665,3.086275645292367],[33.015865316468464,3.081599378995575],[33.01356634586969,3.080214326066484],[33.00375601589197,3.077916475373911],[32.99270479996581,3.076046611967233],[32.99274665209293,3.076861319420702],[32.98991041868432,3.076262251213663],[32.989453565620394,3.077675643929647],[32.990512518379674,3.080047680918573],[32.99043236483625,3.088313451026765]]],[[[32.99585007034245,3.176872620701707],[32.99654039349668,3.1780526497347092],[33.0053082647718,3.1621167320379864],[33.00420097003758,3.162222599083905],[33.004402310297046,3.156468149182762],[33.003503427015374,3.156403334463957],[33.00363136372435,3.153893572849714],[33.0029882442032,3.153875835933818],[33.001744869287165,3.14753700113915],[32.996451971340655,3.147003634390429],[32.99636937009022,3.152280060743944],[32.99229622768493,3.152612997389275],[32.99100753218607,3.158039502363382],[32.991671376939806,3.167314875053312],[32.99135198989561,3.172901392204058],[32.99585007034245,3.176872620701707]]]]}},{"type":"Feature","properties":{"n":"Paiula","c":"312211","d":"Pader","od":"Pader","dc":"312","k":"PAIULA","a":["PAIULA"],"lat":2.93942,"lon":33.010316},"geometry":{"type":"MultiPolygon","coordinates":[[[[32.96091209825495,2.978376331672153],[32.96425715902014,2.982254249427728],[32.96465314352878,2.981012872850893],[32.97022841670621,2.982375312427789],[32.982571463928466,2.973301392976107],[32.976696814194646,2.961779184097665],[32.98960398566194,2.963896412856571],[33.00572723423349,2.964707073741465],[33.004875294928226,2.968232971057893],[33.00870621559906,2.969065779998626],[33.01133257557576,2.965754020465581],[33.015327859409,2.964993865464067],[33.01537396808535,2.958068429749508],[33.02252216619826,2.958709242510687],[33.02576979757414,2.960007779841672],[33.02492126203427,2.965669061822876],[33.03053822709108,2.968513459363839],[33.02507600690527,2.981140289002694],[33.03165997019637,2.986577355217175],[33.036073592192466,2.987476266133493],[33.034177445584646,2.992981675818632],[33.03906009428013,2.995494384983965],[33.04448514183852,2.997136181378394],[33.04779564579954,2.9977807612071],[33.05237040594644,2.997062064181095],[33.06412705523003,3.000602588716611],[33.06579489247707,2.994257181912964],[33.07278930043625,2.996220192480167],[33.0770552793917,2.996556531866848],[33.076032143538036,3.004316772532838],[33.07924316561229,3.005257080487822],[33.07625343346224,3.016867239611579],[33.084275052775816,3.019675032806495],[33.085868644195784,3.020757161884276],[33.08571737633458,3.02156594476165],[33.10644009030627,3.024600239922377],[33.10771701945455,3.01846495930182],[33.10851728798458,3.018511207910844],[33.110438957305384,3.012852696495715],[33.11468695915509,3.014927381618668],[33.117068192794484,3.017944402974611],[33.118925392671905,3.02272958351541],[33.12368795857019,3.026941977358845],[33.13307854376353,3.029738244406112],[33.13397680983069,3.024098751250227],[33.13543768839195,3.014926945783639],[33.13543772003972,3.0149268661858906],[33.135437729623995,3.014926806013897],[33.13545536008094,3.0148824994656356],[33.13816173531177,3.008075656371741],[33.1275661524552,3.007972233075164],[33.12616182786269,3.007659892495552],[33.122240722204914,3.006787796705396],[33.12224070610809,3.006787782551672],[33.12224002234831,3.006787630474349],[33.11973958332852,3.004588686090597],[33.115996354800316,3.003961552075317],[33.10931236130241,2.999797120731652],[33.10933646570808,2.996278257292153],[33.09664305517157,2.99453830318764],[33.09740247958658,2.980379785404199],[33.08805115309823,2.976032432545522],[33.086703695095125,2.975406039190484],[33.07716785796426,2.973216458870922],[33.06929876151559,2.96841773810184],[33.066036619911586,2.968010831001045],[33.06603540274298,2.9680092248171097],[33.06603519017733,2.968009198216361],[33.062392109318196,2.96320151012766],[33.05872664936471,2.958364544336732],[33.058726579491804,2.958364196665078],[33.05872633539953,2.958363874542247],[33.057847198105435,2.9539892002313177],[33.05415312122583,2.949942651445238],[33.05624475336311,2.9483240101297907],[33.05625050488815,2.948319545468757],[33.05603119655815,2.94791881360929],[33.054567730048106,2.945244855551159],[33.05475278515867,2.941732179472441],[33.05295236338182,2.939924843736959],[33.051355616064015,2.938915546259742],[33.05085491632277,2.9388274002989707],[33.04691046672361,2.938133259885473],[33.043490158210275,2.935891126779703],[33.03780478239956,2.934739474919778],[33.037804755255316,2.934739316034402],[33.03780413362619,2.934739190100096],[33.03773939084899,2.934356713793554],[33.03753169321842,2.933140982123438],[33.03599163824878,2.932912049555264],[33.035577613214244,2.930913301609547],[33.03651462529995,2.92331914461806],[33.03812629289127,2.917348230755378],[33.031495914265854,2.9192712268393524],[33.0314744338021,2.9192859723011435],[33.02687865300239,2.922443410141969],[33.02687722632578,2.9224417676309282],[33.02687679223326,2.922442065617731],[33.02515877551928,2.9204633414009953],[33.024458629504444,2.919657273962063],[33.022088803617976,2.918962260008802],[33.021300133166584,2.91793634866046],[33.02039462351793,2.918848042087777],[33.02039251990702,2.91884261876529],[33.02039236986641,2.918842769132735],[33.019450460465684,2.916413893889741],[33.019069269383685,2.915431144582664],[33.01972225746693,2.912796178820951],[33.01789761371618,2.912640584231803],[33.0104864099579,2.9046745947215094],[33.010157424185124,2.904321013123047],[33.010157413487896,2.9043209703287047],[33.01015719912509,2.90432073991919],[33.00784766140297,2.895080894001322],[33.004186176550334,2.888229839239644],[33.00368306339449,2.88036727567173],[33.003586068239535,2.878851739098126],[33.00233614576834,2.874195627254149],[33.00358604957153,2.867265665857159],[33.00358608399758,2.867265602838878],[33.0035860932055,2.867265551786676],[33.00360855902802,2.867224461386012],[33.00686515872569,2.861263123831276],[33.00047891023115,2.860024781309855],[32.99487290213217,2.857236054528737],[32.98972736966282,2.8524875674040002],[32.98909841907835,2.851907163736374],[32.988977245099164,2.8519160563756483],[32.9888454283246,2.852272243133519],[32.98782173728046,2.85239192708864],[32.98705985772193,2.852056686746045],[32.98622624937656,2.8494952589377336],[32.98621963212535,2.849491685665312],[32.98493993884087,2.848803022883447],[32.98159674404849,2.852260568938761],[32.981667624690225,2.853385234410334],[32.980135431172364,2.8531481986289227],[32.98012044571003,2.853145888478269],[32.97888217509226,2.855252299076383],[32.97888077228793,2.8552522990502167],[32.97888073060055,2.855252369900449],[32.97888029533016,2.85525229904132],[32.97728711734475,2.855252269323947],[32.97532621351465,2.8546737181280126],[32.971825341182296,2.854103799365146],[32.971818419785635,2.8541039137033066],[32.97129980060483,2.85476389312386],[32.96938021728417,2.857208008831125],[32.96635767674611,2.8563752315601216],[32.96627697550347,2.856379646083528],[32.96211885579339,2.856608816955256],[32.961843273397925,2.857505441598283],[32.95958781344688,2.8569138178156543],[32.959582533037185,2.8569312899531685],[32.9579450134439,2.862583510942816],[32.95486632135041,2.8803427050643355],[32.95486711715031,2.8803539170727],[32.959390264306805,2.8812091146327923],[32.959633955889316,2.881255165769848],[32.95963408037778,2.881255213267614],[32.95963426162424,2.881255247536127],[32.96305564302177,2.8825606882889443],[32.96644402143342,2.8838535020817866],[32.97182426817287,2.884446872640533],[32.970423031802746,2.895359623092971],[32.96948143360553,2.897744371255259],[32.97297879411286,2.900742585239882],[32.97610843310648,2.901781787559477],[32.97623175289496,2.901822704314812],[32.97623180011371,2.9018227517985884],[32.97623199839826,2.901822817639336],[32.97837466978414,2.90397720886151],[32.978910650149395,2.9110620613151905],[32.97904109282042,2.9127859438657624],[32.97945329871106,2.913671435910068],[32.981135983152896,2.917285972017183],[32.984576167631204,2.921299268204733],[32.98457572188352,2.921301762178914],[32.984575804075966,2.921301858133013],[32.98398767714272,2.924591893507751],[32.98355238326095,2.927027378324251],[32.98355228490474,2.9270275171526645],[32.98355227406481,2.927027577792209],[32.98278944993314,2.9281042480607757],[32.979233935593044,2.933122806892965],[32.97884104715603,2.935621393923087],[32.97570165005406,2.936695721317397],[32.97163408274788,2.933117356873383],[32.97037894661679,2.9355341825035906],[32.97022116852632,2.935838260574022],[32.970292349908455,2.938753528416873],[32.955831515356216,2.9440658894862293],[32.960030481828234,2.945552862170606],[32.96107087575145,2.946762633458777],[32.96472256079667,2.947544573105058],[32.96454442469956,2.949874074065951],[32.962904926829445,2.951616902961273],[32.96168682945492,2.956650201941419],[32.95929763491585,2.957147181287325],[32.96096871466855,2.963802088042468],[32.96584366221036,2.969585500057865],[32.96101628208662,2.970919856883919],[32.95394164245788,2.970701907148031],[32.955284294555796,2.974140388628727],[32.96091209825495,2.978376331672153]]],[[[32.94579677002368,3.003280989335663],[32.95070058491473,3.000074251736948],[32.95465379411898,2.999068576856658],[32.96179114886089,3.000189716453981],[32.962475335370826,2.988921616507364],[32.960182581787365,2.988587236414956],[32.96044803467014,2.986370834910347],[32.95616688938307,2.98594894662779],[32.95214237085699,2.98186741612379],[32.951912906973156,2.977983231665331],[32.94985933443002,2.974925741888069],[32.946969059014464,2.97710990509869],[32.94518754699102,2.976853611239246],[32.942536219168026,2.990614359772578],[32.94651093737959,2.997343132649394],[32.94579677002368,3.003280989335663]]]]}},{"type":"Feature","properties":{"n":"Pajule","c":"312212","d":"Pader","od":"Pader","dc":"312","k":"PAJULE","a":["PAJULE"],"lat":3.022944,"lon":33.008814},"geometry":{"type":"Polygon","coordinates":[[[32.920638219681365,3.0524094821132],[32.92059488267789,3.053322572450107],[32.922990941344636,3.053348933071784],[32.92532236560545,3.054503467615659],[32.926303062888785,3.064327437763807],[32.93218361258871,3.064034307837241],[32.93784814662371,3.068544792618845],[32.935071617124926,3.07288472250986],[32.94825744055404,3.080970113272102],[32.95844822611663,3.083251838041994],[32.962102335197415,3.087632205409279],[32.96739901041116,3.086918368304197],[32.97032098686696,3.085438343624828],[32.974411277736245,3.080834087696539],[32.97590923612196,3.076189266466999],[32.98551274769826,3.076604841919984],[32.989453554421,3.077675637007058],[32.98945744455535,3.0776636434444913],[32.98991041868432,3.076262251213663],[32.99212867498449,3.0767307905166907],[32.99274662742575,3.0768608392411405],[32.99270479996581,3.076046611967233],[32.99271041539966,3.0760475620974574],[32.992710412262014,3.076047499886921],[32.9952214784782,3.076472433441371],[33.00375601589197,3.077916475373911],[33.01350770293769,3.080200590269398],[33.013565711207534,3.080214175955896],[33.01356571515968,3.08021417833675],[33.01356634586969,3.080214326066484],[33.01586526951628,3.081599350708454],[33.0160495415379,3.0816501183535743],[33.032843960211665,3.086275645292367],[33.03768897975573,3.07220077787926],[33.037252279320406,3.066838835706506],[33.04337367377294,3.06607515103353],[33.04349658432262,3.055142685511653],[33.04553561105773,3.041174143437117],[33.04986410998885,3.0427782807417714],[33.05027559283431,3.042930472611339],[33.050986426788555,3.041115949813104],[33.05380056364763,3.041476341437572],[33.05295337449096,3.04715387903936],[33.0563511343078,3.049481603943401],[33.05707924764419,3.05053808195781],[33.057037305895435,3.053478509522025],[33.05987761108484,3.055391960440551],[33.064426122182844,3.0559612305307704],[33.06689210922455,3.053760896055326],[33.06959291452085,3.051350645191893],[33.06983078889268,3.049780319435987],[33.07468421200788,3.050578440566326],[33.07996403579444,3.05640144053941],[33.0841975782748,3.0594475403286387],[33.0896127235419,3.063343733876225],[33.09207538188265,3.063689121579821],[33.09384888055677,3.06264230076724],[33.09559852591808,3.063237018899679],[33.102593531858986,3.062023593630648],[33.1026269961554,3.062008397280883],[33.10540607356281,3.060744798039358],[33.101982939951625,3.058437581833455],[33.10198253621872,3.0584369111629117],[33.10198249982511,3.058436886695072],[33.101387849831255,3.0574490336951854],[33.09855366815543,3.052740965247642],[33.099079633471256,3.051448195990289],[33.110486262320244,3.050548792294695],[33.113811001810525,3.049604098995911],[33.11381129477246,3.0496040998806495],[33.11381139278192,3.049604072032357],[33.11443289284352,3.049605977092684],[33.12328785499542,3.049632718876956],[33.12346276335951,3.048662324883614],[33.1279221137366,3.049944189847575],[33.12970817880128,3.049215378224118],[33.13176659681335,3.0473165198134646],[33.13176718678687,3.047315507462567],[33.13176777135083,3.0473154363210146],[33.1317679594773,3.047315262777291],[33.137922243599924,3.046566422960894],[33.13888386227822,3.03560397002835],[33.1389721774709,3.0318988239627527],[33.13424977349291,3.0301676104709547],[33.12374825977441,3.026959933457087],[33.12368795857019,3.026941977358845],[33.118925392671905,3.02272958351541],[33.117068192794484,3.017944402974611],[33.11468695915509,3.014927381618668],[33.110438957305384,3.012852696495715],[33.108580137840526,3.018326141404622],[33.10851844315031,3.018508313889652],[33.10851827418697,3.018508303957806],[33.10851728798458,3.018511207910844],[33.107717025559474,3.018464959654632],[33.10771445139442,3.018477298098798],[33.10644009030627,3.024600239922377],[33.09659424246486,3.0231585750661587],[33.08572202597989,3.021566946034981],[33.08572208317869,3.021566633954886],[33.08571737633458,3.02156594476165],[33.085868644195784,3.020757161884276],[33.084275052775816,3.019675032806495],[33.07625343346224,3.016867239611579],[33.07924316561229,3.005257080487822],[33.076032143538036,3.004316772532838],[33.0770552793917,2.996556531866848],[33.07278930043625,2.996220192480167],[33.07278914345131,2.99622014842167],[33.072789135326325,2.996220147781893],[33.072776975159435,2.996216733338412],[33.06579489247707,2.994257181912964],[33.06412705523003,3.000602588716611],[33.05237040594644,2.997062064181095],[33.04779564579954,2.9977807612071],[33.04448514183852,2.997136181378394],[33.04448502013701,2.9971361445475453],[33.0444850201359,2.99713614454733],[33.044484979921336,2.997136132376971],[33.03906009428013,2.995494384983965],[33.034177445584646,2.992981675818632],[33.036073592192466,2.987476266133493],[33.03165997019637,2.986577355217175],[33.02507600690527,2.981140289002694],[33.03053822709108,2.968513459363839],[33.02492126203427,2.965669061822876],[33.02567949827332,2.9606102411183417],[33.02576965939253,2.9600077245909495],[33.02252216619826,2.958709242510687],[33.01537396808535,2.958068429749508],[33.015327859409,2.964993865464067],[33.01133283751389,2.9657539706284255],[33.01112366235257,2.966017453644817],[33.00870621559906,2.969065779998626],[33.0051847306613,2.968300239703535],[33.00487529185257,2.968232982055157],[33.00384516838102,2.971525800708647],[32.997829913888516,2.976633369503981],[32.9872111370281,2.976285740943156],[32.98634979861259,2.979536542149931],[32.986014612828654,2.990371703123821],[32.98011535092221,2.989251849174348],[32.978016673186445,2.989366061575287],[32.9779554388943,2.98990844088624],[32.97323169687805,2.989599358828338],[32.97295317123503,2.988742643488973],[32.96772788185211,2.988304822829065],[32.96577928873958,2.989584380036004],[32.96247534673733,2.988921617967076],[32.962473099471275,2.988958440296236],[32.96179114886089,3.000189716453981],[32.9617876880772,3.0001891728321812],[32.96178767434225,3.000189397884773],[32.95744785727582,2.99950746982973],[32.95465380757421,2.9990685789702125],[32.95457403775491,2.99908886644108],[32.95070099440402,3.000074147565102],[32.95023579302298,3.000378191764854],[32.94579677002368,3.003280989335663],[32.9457969738062,3.003279295010919],[32.945796121588735,3.003279851999328],[32.94620913713392,2.9968322171079107],[32.94253636880855,2.9906146130979727],[32.942536208058826,2.990614363682616],[32.93309358926654,2.980135751058689],[32.93163181345298,2.9976228550392556],[32.931631761130994,2.997624147158679],[32.93163169244978,2.997624302590648],[32.93163168896938,2.99762434422631],[32.93135926240864,2.9982408370496576],[32.92983994590326,3.0016791912627165],[32.92983985517954,3.001679721570612],[32.92936357531718,3.006116802421013],[32.92887734341934,3.00730589708896],[32.92879262278876,3.007801115077291],[32.92143095637048,3.0255162988475512],[32.92105862615756,3.031500568768075],[32.92085034197667,3.034848495473988],[32.920850321123275,3.0348485472766726],[32.9208503158227,3.034848632470132],[32.917396176986145,3.043429157157307],[32.91739623186779,3.043430161486145],[32.918044099501316,3.052618249529189],[32.920638219681365,3.0524094821132]]]}},{"type":"Feature","properties":{"n":"Pajule Town Council","c":"312213","d":"Pader","od":"Pader","dc":"312","k":"PAJULETOWNCOUNCIL","a":["PAJULE","PAJULETOWNCOUNCIL"],"lat":2.959374,"lon":32.934166},"geometry":{"type":"Polygon","coordinates":[[[32.90751278785699,2.958311250901038],[32.90768768670296,2.9585043285419235],[32.91135445314141,2.9625512928734508],[32.91576807078525,2.960864288057699],[32.91668491521907,2.960513839100392],[32.918332251156734,2.9603880849146287],[32.920226637379784,2.960243377876649],[32.92022660001605,2.960243474278202],[32.920228893587925,2.960243299191714],[32.91698736094507,2.968601649731627],[32.91835766768867,2.972047078540689],[32.91613049728762,2.975492531978824],[32.90906552298067,2.973696155483355],[32.909056297279065,2.97370662007176],[32.90674574331159,2.976862823390452],[32.90706695853469,2.979465925119491],[32.914363928118625,2.978870289824861],[32.91830510742693,2.981135609297678],[32.92129124206566,2.981534957231474],[32.921834518685266,2.980915520785661],[32.92256815414852,2.982682917690723],[32.92217849852429,2.986562685349015],[32.92307259947067,2.987146790974814],[32.922455932675284,2.991258002417781],[32.931851429001725,2.9921578496794847],[32.931853102692614,2.99215799839949],[32.93307898377486,2.980310475355915],[32.93309358926654,2.980135751058689],[32.942506370595794,2.990581252612088],[32.942536209164075,2.990614349672276],[32.94260191345992,2.9902733975486906],[32.94518754699102,2.976853611239246],[32.946969059014464,2.97710990509869],[32.94985933443002,2.974925741888069],[32.951912906973156,2.977983231665331],[32.95214237085699,2.98186741612379],[32.95616688938307,2.98594894662779],[32.96044803467014,2.986370834910347],[32.960182581787365,2.988587236414956],[32.962475335370826,2.988921616507364],[32.962473099471275,2.988958440296236],[32.96247534673733,2.988921617967076],[32.96577928873958,2.989584380036004],[32.96772788185211,2.988304822829065],[32.97295317123503,2.988742643488973],[32.97323169687805,2.989599358828338],[32.97430236585363,2.9896694144260327],[32.97795545495578,2.989908298622565],[32.978016673186445,2.989366061575287],[32.98011535092221,2.989251849174348],[32.986014612828654,2.990371703123821],[32.98634979861259,2.979536542149931],[32.9872111370281,2.976285740943156],[32.997829624318435,2.97663336002428],[33.003845176635615,2.971525774322601],[33.00384575823859,2.971523915212332],[33.005695885885956,2.9648368142684647],[33.00572723423349,2.964707073741465],[32.9896690023405,2.9638996818304344],[32.989604064268235,2.963896419122296],[32.98960404393402,2.963896415786433],[32.98960398566194,2.963896412856571],[32.976696814194646,2.961779184097665],[32.982571463928466,2.973301392976107],[32.98256839641052,2.9733036480441015],[32.98256867628492,2.973304196859855],[32.9714130548097,2.98150443260882],[32.97022841670621,2.982375312427789],[32.96563625015092,2.9812531163919163],[32.964653101775326,2.9810130037442804],[32.96425715902014,2.982254249427728],[32.96091209825495,2.978376331672153],[32.95778044091821,2.976019191512493],[32.95528487346831,2.974141012505055],[32.95528476940705,2.9741407460404257],[32.955284294555796,2.974140388628727],[32.95394164245788,2.970701907148031],[32.96101628208662,2.970919856883919],[32.96584366221036,2.969585500057865],[32.96096871466855,2.963802088042468],[32.960903342426455,2.9635417496745133],[32.95929870621376,2.957152762593751],[32.959299019881406,2.957152696773126],[32.95929763491585,2.957147181287325],[32.96168682945492,2.956650201941419],[32.962904926829445,2.951616902961273],[32.96454442469956,2.949874074065951],[32.96472256079667,2.947544573105058],[32.96107087575145,2.946762633458777],[32.960030481828234,2.945552862170606],[32.95685206065846,2.9444272934168683],[32.955831503249144,2.9440658939339066],[32.954121383183974,2.944694127057336],[32.95386356024743,2.943886477052134],[32.95285146219446,2.943917182751504],[32.95352624490323,2.93333067399473],[32.948066902560505,2.9284134798936767],[32.94758539580994,2.928206003070767],[32.94083801226018,2.925299488906353],[32.93329838682117,2.931712989255328],[32.93098941648609,2.932675487494887],[32.93053978670957,2.9325068169697683],[32.924616416014445,2.93028511846624],[32.92461623151432,2.930284701759591],[32.924613533573975,2.930283689675787],[32.923930785404,2.928741352947977],[32.921839131760436,2.928063523371547],[32.92173023495928,2.926539881034913],[32.92000464315436,2.92575934406634],[32.918671910968946,2.926237242971749],[32.917909275965854,2.929013291648263],[32.91895619684153,2.930881344736629],[32.918670325130805,2.93322716591226],[32.91680946490464,2.93522549860616],[32.91668492243533,2.93535925795257],[32.91668490430954,2.9353593075198696],[32.91668501653284,2.935359324323244],[32.91509879071582,2.93969781715115],[32.908845568891245,2.941853606412786],[32.90431129155857,2.942511454530048],[32.903568800378444,2.9429584067961994],[32.90075523684672,2.944652107661391],[32.8990847175997,2.94662842350745],[32.89828050133293,2.9466507048228694],[32.89737115768381,2.9466761317151198],[32.89575134247946,2.948160094055769],[32.8941316445995,2.9484002481937432],[32.894057173997915,2.948511057749935],[32.89290178097518,2.950245995507387],[32.89670343113952,2.951032653854893],[32.90151233306079,2.95534148154011],[32.907512077271925,2.958310510605712],[32.90751271563552,2.9583112151596396],[32.90751278785699,2.958311250901038]]]}},{"type":"Feature","properties":{"n":"Porogali","c":"312214","d":"Pader","od":"Pader","dc":"312","k":"POROGALI","a":["POROGALI"],"lat":3.145492,"lon":32.986375},"geometry":{"type":"Polygon","coordinates":[[[32.90240015917856,3.073615457046354],[32.90101082517227,3.0806308499374495],[32.901085312776914,3.081444140251138],[32.91300034882097,3.081131098744949],[32.913174123248965,3.081122002560363],[32.91202277327492,3.094650277739135],[32.91024831573024,3.09438749245227],[32.908277628285944,3.095539268284758],[32.90746844626346,3.097318525191003],[32.90689653504663,3.097179758610201],[32.90635077393326,3.0995414003698993],[32.90631696860546,3.0996877037796606],[32.90747185443028,3.103136227608054],[32.907471197831995,3.1031387578089786],[32.90747121009132,3.10313879445186],[32.907271425858,3.1039085789434337],[32.90598493499676,3.10886607039956],[32.90630639872302,3.112731045026852],[32.901939627774475,3.111424016219533],[32.90193762369521,3.111434103098151],[32.90121982189601,3.116375603533744],[32.900850522633775,3.116905671333831],[32.90067840988332,3.117771944665504],[32.898223138217524,3.120677485414252],[32.89833735802051,3.122453466035878],[32.898341744009045,3.122521448624759],[32.89980117344668,3.122801803963433],[32.909568563292716,3.124678030104927],[32.909807537500996,3.121765693354717],[32.909807570848756,3.1217656206191267],[32.90980757513727,3.121765567900134],[32.90990884897298,3.1215447205049713],[32.911449332006626,3.118184736494691],[32.91198505228702,3.1182760791334854],[32.91202017917364,3.1178914873641257],[32.91220838149805,3.115806463947062],[32.92064400271049,3.1170767199550355],[32.92067332612708,3.1168944729164996],[32.92180946383628,3.109813562925246],[32.9286159422248,3.109701610599489],[32.92824484013759,3.1133282361135257],[32.92826852021416,3.1134066768294533],[32.930395783257204,3.1204403409473103],[32.931110368586374,3.119718723628325],[32.932074681149714,3.118743638098459],[32.93783083708673,3.1172854120539197],[32.93921610028605,3.116349122369484],[32.94646979942862,3.110928517482225],[32.947711869835935,3.110607293149734],[32.94780086656349,3.1112289260210964],[32.94827173522042,3.1113131673689502],[32.95488205332185,3.112493414488397],[32.95412458868636,3.1223224862485055],[32.95483545321552,3.1254713685901403],[32.95564735354732,3.129067704101959],[32.95728188652005,3.131549811237881],[32.96030041441545,3.129627990088725],[32.9676048351001,3.131786102467828],[32.967628938153965,3.131793223051922],[32.97543702359344,3.131261315300245],[32.97543703444759,3.131265881339493],[32.975437375111035,3.131265858328407],[32.975454624671706,3.1386656060268954],[32.97546042995792,3.141107730665288],[32.97491400079386,3.142421380854824],[32.97042562854413,3.142822431463412],[32.9698586403896,3.147077569386364],[32.96698486162215,3.14669248253481],[32.963207239548,3.147436113421707],[32.95202994240202,3.152694587972776],[32.934209132841694,3.151428844540284],[32.9335359006574,3.1529870506243354],[32.932503376142506,3.155379506519107],[32.93445079071348,3.15826179286164],[32.93355849458946,3.160819705937714],[32.92915146235575,3.1613672811562337],[32.928528562955826,3.1614451362745783],[32.931032297440886,3.164237410272047],[32.9248433224598,3.174093132369496],[32.924095660649755,3.174045850682712],[32.924091752532156,3.174059357907886],[32.92158488667591,3.184429449570778],[32.9215846402012,3.184430733222197],[32.91990788370992,3.186322220157059],[32.92040459263063,3.188005303303868],[32.915371872166126,3.189513183058676],[32.91156610945715,3.189457255719996],[32.91086041263224,3.192673108972596],[32.90527062979627,3.191921350398786],[32.90428318773061,3.198231826315372],[32.90427659846833,3.198274010600534],[32.91495918537603,3.203464209377784],[32.917553774384714,3.2052737670703393],[32.9262,3.2097],[32.92609524485672,3.2099409368295535],[32.92644764111326,3.210087178016609],[32.92592839217421,3.214828699257672],[32.92450080133263,3.218635705928301],[32.918450219926115,3.228072766291808],[32.918297811531644,3.2297627960379853],[32.9189,3.24],[32.92320794971705,3.239097136286845],[32.924391366819236,3.237906259377296],[32.92796056684532,3.237843022943572],[32.93288536722913,3.235971106324016],[32.93550405537238,3.23652010815549],[32.9356,3.2365],[32.93585613907933,3.2363096050375457],[32.94161693690118,3.231058313456292],[32.94397800336794,3.227612490585803],[32.95368604482464,3.221635440826664],[32.95655898420307,3.2209206318654764],[32.958541088758075,3.219447281046358],[32.95668330404283,3.215842638259773],[32.95915813413192,3.208780642016802],[32.955710685445794,3.207275156504973],[32.95863143719029,3.203388129877413],[32.9712711110193,3.199539964621144],[32.97456595489474,3.196271318343773],[32.9774225092631,3.196375495094224],[32.981496756073014,3.198188769292952],[32.983407388938915,3.192779134515134],[32.98708936815556,3.193263575271749],[32.98753222622911,3.191524298345207],[32.98890993760121,3.191921274549462],[32.99654039349668,3.1780526497347084],[32.996535913598066,3.1780449918568023],[32.991358511711745,3.172907150131778],[32.99135198989561,3.172901392204058],[32.991352028527196,3.172900716484777],[32.991351749728466,3.172900439816332],[32.991007575738394,3.1580401108852167],[32.99100753218607,3.158039502363382],[32.99100755902698,3.158039389340278],[32.9910075589159,3.158039384544192],[32.99100991660691,3.1580294619220277],[32.99229622768493,3.152612997389275],[32.99636937009022,3.152280060743944],[32.996451971340655,3.147003634390429],[33.00169829924251,3.1475323082632327],[33.00174487129947,3.147536990040237],[33.003229621056875,3.144291495735901],[33.00419345273207,3.1417584056294787],[33.00399838999417,3.141748375342094],[33.00625473130942,3.136340375878299],[33.00417193057761,3.135708691199453],[33.00417348641863,3.135696540544607],[33.004475730750784,3.131129244097939],[33.00503161232455,3.1289948328604065],[33.005180003314,3.12783594343936],[33.00584052320798,3.12588886827865],[33.00734421100718,3.120115177824007],[33.007292824975075,3.117495108376481],[33.002622184061835,3.1175510971233846],[33.001465121598216,3.1179294698165245],[32.99608848982889,3.120716068466697],[32.99608712740793,3.1207096042211875],[32.99608660101175,3.120709964438077],[32.99414134071762,3.111477660399422],[32.9941413718146,3.1114776251046146],[32.994141146052,3.111476553934312],[32.995525819074494,3.109905783090272],[32.99950541365533,3.096007878568868],[32.99141984126498,3.095737364072644],[32.99043236483625,3.088313451026765],[32.990493428953265,3.0820162627614733],[32.99051250763431,3.0800476568491266],[32.98952088220429,3.077826431984707],[32.989453554082694,3.077675649459266],[32.98869124048512,3.0774685012415213],[32.98551283628818,3.0766048659916176],[32.985043829796616,3.07658455030396],[32.97590923612196,3.076189266466999],[32.974411277736245,3.080834087696539],[32.97032098686696,3.085438343624828],[32.96739901041116,3.086918368304197],[32.96739880366199,3.086918396167945],[32.96739879473769,3.086918400688261],[32.96719588810163,3.0869457432584015],[32.962102335197415,3.087632205409279],[32.95844831649778,3.0832519463865005],[32.94825765009869,3.080970167735173],[32.948257630715595,3.0809701558494225],[32.94825744055404,3.080970113272102],[32.935071617124926,3.07288472250986],[32.93784814662371,3.068544792618845],[32.93218366254471,3.064034347615587],[32.926325892711034,3.064326379842338],[32.92632588457539,3.06432630016279],[32.926303062888785,3.064327437763807],[32.92532236560545,3.054503467615659],[32.922990941344636,3.053348933071784],[32.92208668254958,3.0533389847243892],[32.9205978533159,3.053322897619325],[32.92059786758228,3.053322605289009],[32.92059488267789,3.053322572450107],[32.920638219681365,3.0524094821132],[32.918044099501316,3.052618249529189],[32.91804196015235,3.0525879091855437],[32.91780749458538,3.050956219231718],[32.91588123145035,3.0511259974666847],[32.90323444781521,3.052240743073762],[32.89165326680425,3.052252104988784],[32.89228787537795,3.0548515192538375],[32.89297700271178,3.057674195417532],[32.89283248374162,3.067910101064332],[32.897205147043415,3.074580773122789],[32.902400469987754,3.073610853004299],[32.90239912367056,3.0736156497570666],[32.90240015917856,3.073615457046354]]]}}]}
