{"type":"FeatureCollection","name":"Rukungiri sub-counties","metadata":{"source":"Uganda Bureau of Statistics NPHC 2024 Map Explorer","retrieved":"2026-07-26","display_only":true,"clipped_to_dashboard_district":true,"positive_area_overlaps_removed":true,"source_gap_ratio":0.01461391},"features":[{"type":"Feature","properties":{"n":"Buyanja","c":"412101","d":"Rukungiri","od":"Rukungiri","dc":"412","k":"BUYANJA","a":["BUYANJA"],"lat":-0.855167,"lon":29.952136},"geometry":{"type":"Polygon","coordinates":[[[29.884792789487346,-0.88077051586215],[29.886564365936234,-0.880113926994204],[29.88755476007947,-0.877545311346888],[29.8892487600774,-0.877226830395723],[29.89345171643996,-0.873221132573653],[29.895536106721742,-0.872592933785538],[29.898399951209672,-0.86732107987673],[29.90251069130021,-0.86282588642703],[29.905170444202334,-0.858181128820992],[29.905177161696198,-0.856683397644633],[29.903514189288614,-0.853649643208055],[29.90516332396037,-0.849940813784785],[29.90505393699508,-0.847445843490973],[29.90847026316442,-0.847395813866761],[29.910586947077967,-0.846253155940142],[29.911043630537275,-0.841567332789068],[29.912077584380835,-0.839183394108091],[29.914612144946226,-0.837638787458981],[29.92224944233414,-0.837846376888061],[29.924406388973793,-0.836133550605191],[29.924584984163708,-0.834052122636145],[29.929581051347853,-0.828399657306809],[29.929850914484934,-0.825777700160453],[29.931787063386334,-0.823662215362708],[29.934782961577955,-0.823955848473642],[29.943657307685555,-0.822426251603628],[29.94460792281622,-0.816932190925921],[29.946874442556137,-0.815028144252231],[29.947255409728207,-0.810521248579574],[29.95072400987171,-0.807039627603066],[29.951841445466318,-0.803346413455944],[29.95150627786943,-0.801118191188265],[29.953673358662968,-0.798153524628268],[29.953550868894578,-0.795199717833704],[29.957205210879273,-0.792796751580096],[29.968420111723233,-0.796784444663746],[29.970498125449843,-0.799432943031224],[29.975936179722666,-0.802113617243165],[29.978899612417866,-0.805962973038106],[29.976800704489698,-0.809868542313477],[29.97667243610098,-0.813329777919091],[29.96687275862255,-0.814369198750022],[29.96562221188221,-0.815692414060336],[29.96504493167193,-0.817906515534411],[29.96641180914153,-0.823636609720859],[29.96188607742148,-0.823647316217719],[29.960665927437645,-0.820580427564628],[29.95900599886242,-0.819630921023545],[29.956822648775315,-0.819458030865166],[29.954968682505097,-0.820786656386622],[29.955555444330507,-0.822863298947316],[29.954424000986624,-0.824339314100593],[29.959367229357014,-0.825599629202399],[29.96375506312394,-0.828616839345194],[29.962884980147695,-0.830420041284523],[29.963260138206426,-0.831296107966319],[29.961556590324523,-0.833336213454487],[29.96451009429209,-0.8351976647182],[29.96509307065122,-0.836491364467844],[29.96262609272141,-0.84200336329803],[29.95981817272443,-0.842412867306392],[29.958120411982748,-0.844362927663572],[29.956436766021593,-0.844249257349734],[29.955555464376012,-0.845339873888797],[29.956791683680773,-0.848240363448785],[29.959214325410244,-0.849242902692436],[29.959883903551127,-0.85085921087142],[29.9613441596153,-0.851360807506843],[29.961519052031495,-0.85345355762546],[29.96652166536758,-0.851743252317516],[29.97121935616074,-0.847997529900109],[29.973345500226696,-0.847219659339493],[29.97573685648783,-0.847619379193001],[29.980292931519923,-0.846689236564131],[29.982126888169226,-0.84767612186075],[29.9825762434401,-0.845679865700436],[29.981051203678007,-0.843558925381158],[29.979724416378406,-0.841781068941287],[29.977967779530612,-0.841767120481419],[29.9768554944822,-0.840455737854312],[29.976634080350365,-0.838240969094494],[29.97465928930971,-0.835770926027605],[29.97409107370111,-0.832020757297621],[29.97276635256431,-0.829570738715492],[29.972847328136393,-0.826592613528788],[29.973573026427754,-0.825677180787593],[29.97542468162396,-0.825511032409284],[29.974879661982506,-0.819527847654718],[29.975858057385974,-0.817334185707354],[29.976854944342783,-0.816202668570462],[29.977884636710886,-0.817420026331516],[29.980310987515413,-0.816651439220912],[29.98220659759701,-0.817352289516495],[29.984807573921287,-0.821686792430278],[29.98565150085008,-0.821611629207798],[29.9876950411618,-0.824216817349033],[29.990007875928058,-0.82907091549393],[29.988944475297735,-0.834181744623483],[29.98907274830814,-0.838008168208991],[29.98729202086666,-0.840876832008448],[29.992048447124805,-0.842237971093832],[29.994253505478504,-0.844256991099716],[29.995407879377076,-0.848142180824312],[29.997795154798318,-0.848530933614669],[29.998459816903775,-0.850804636159909],[30.000397983220676,-0.852149800354604],[29.999553633366315,-0.857550461283485],[30.002185052703684,-0.859614925762346],[30.002709786813284,-0.862537376171335],[30.004214757614253,-0.863050927922999],[30.003148508870574,-0.865170877068855],[30.003464036688484,-0.866181393845515],[30.0053910605269,-0.867181537691172],[30.004701377540844,-0.868544026186657],[30.00582529750612,-0.870934981309998],[30.0052486687451,-0.872105129861379],[30.005640892694,-0.876532649588608],[30.007129616285326,-0.881507497563081],[30.005945759175884,-0.885539999754488],[30.006893317298317,-0.886373039419293],[30.00897525342214,-0.886112666362902],[30.009827841133554,-0.887875411704539],[30.011294743862056,-0.888716603045055],[30.01000502834865,-0.890377209615323],[30.011780001426818,-0.892186413646355],[30.010808821269055,-0.892621006152703],[30.009296370710494,-0.895490533782726],[30.01143699339353,-0.897363158191371],[30.010490348673883,-0.898366331745529],[30.01107021824197,-0.903795724311742],[30.009886910421724,-0.904229309592021],[30.010005183896233,-0.906568564980443],[30.00793413239143,-0.907299148394436],[30.007295322354302,-0.90940327659627],[30.004952343689162,-0.911885916428483],[29.998351285532966,-0.911032803048348],[29.99748973234179,-0.911799184312474],[29.996171770938144,-0.911345832686734],[29.99403475589502,-0.911941951136022],[29.98224212332934,-0.908729793590408],[29.979617126586373,-0.908788052948854],[29.9798832127133,-0.908099917268448],[29.977317746550362,-0.906774480888837],[29.97177728372656,-0.905174764435347],[29.97111849726468,-0.903764364538121],[29.96436454760977,-0.904707571724042],[29.959275660259028,-0.903033474368607],[29.95689366683723,-0.903505992209986],[29.951375299818363,-0.902476289812662],[29.94441347810106,-0.89997679535559],[29.94449534541163,-0.902317217968951],[29.9431232328417,-0.901558268916556],[29.943096218380465,-0.904363557648259],[29.941753919073122,-0.904937338696663],[29.942477558431005,-0.906657362078697],[29.942030220552496,-0.907647212847906],[29.940905399086326,-0.907115210774918],[29.939194261140603,-0.908246486239433],[29.93940329772856,-0.90908440738753],[29.93794375980665,-0.908995564444003],[29.93704341178179,-0.91008376970529],[29.937444265129066,-0.914345365574553],[29.93602321568651,-0.913901862548322],[29.935104236738304,-0.9158884922954],[29.9320705450744,-0.915184410222583],[29.93137470085366,-0.914294777610375],[29.931061898481666,-0.916007352067131],[29.92958663492403,-0.916455058718876],[29.928596783588613,-0.918263078233588],[29.92826134133126,-0.917586691175771],[29.924477592154755,-0.917407531319883],[29.921943812416867,-0.916369027076012],[29.920059060814797,-0.91340883947792],[29.918254981208,-0.912950117486683],[29.91830827295711,-0.911934460525721],[29.916404426507654,-0.911952747942285],[29.917117766895707,-0.911181135709207],[29.915424077241195,-0.910106310656732],[29.91278764440239,-0.910410855870973],[29.91274766320185,-0.90980136427439],[29.910715027838563,-0.909676042286528],[29.910731756203152,-0.908136198849609],[29.90623061987299,-0.90677519596157],[29.906524896816848,-0.907565021436376],[29.90453567189027,-0.90763164571212],[29.904393480633708,-0.906490319066798],[29.9037076207352,-0.906841663800032],[29.902565470195135,-0.905014264513347],[29.899995660454017,-0.905604345849305],[29.89458995778348,-0.902720676831809],[29.890916473791492,-0.902398428287349],[29.89093063976572,-0.900553672315288],[29.889683004091133,-0.898716759385889],[29.887361516864598,-0.898002559181884],[29.887397788349215,-0.896754901118764],[29.88459623101344,-0.894920487685022],[29.88427951695371,-0.892748993359158],[29.88262603920287,-0.892450600819592],[29.883197215894196,-0.889553199746124],[29.88166949553924,-0.886397263363525],[29.884956373825588,-0.885025163760032],[29.884792789487346,-0.88077051586215]]]}},{"type":"Feature","properties":{"n":"Buyanja Town Council","c":"412102","d":"Rukungiri","od":"Rukungiri","dc":"412","k":"BUYANJATOWNCOUNCIL","a":["BUYANJA","BUYANJATOWNCOUNCIL"],"lat":-0.833507,"lon":29.968072},"geometry":{"type":"Polygon","coordinates":[[[29.955547056552938,-0.8228336132807704],[29.954968682505097,-0.820786656386622],[29.955017798952397,-0.8207514575987831],[29.957050335627624,-0.8194760604135142],[29.957472294097975,-0.8195094735006774],[29.960663477606104,-0.8205790262205536],[29.960665820624566,-0.8205803664657835],[29.960907595662732,-0.8211878689014688],[29.96188607742148,-0.823647316217719],[29.96641180914153,-0.823636609720859],[29.966411538956677,-0.8236354770775295],[29.96641280668125,-0.823635473873702],[29.96504497599488,-0.8179063455381047],[29.965045587230623,-0.8179040012035088],[29.96646353856166,-0.8148021983592262],[29.966483083374285,-0.8147815178084957],[29.97562790356679,-0.813800672071641],[29.976854936923388,-0.816202659603381],[29.976854905218115,-0.8162027129789402],[29.975858057385974,-0.817334185707354],[29.974879661982506,-0.819527847654718],[29.97542464234172,-0.8255106011718368],[29.97505320875402,-0.8255443645410182],[29.973573026427754,-0.825677180787593],[29.972847328136393,-0.826592613528788],[29.97276635256431,-0.829570738715492],[29.97278217831203,-0.829600007800823],[29.97277935179998,-0.829728974822783],[29.974090594098023,-0.832019870290954],[29.97409107370111,-0.832020757297621],[29.974342131623743,-0.8336777156011554],[29.974659219443346,-0.835770667410224],[29.974659257299678,-0.8357707147644591],[29.97465928930971,-0.835770926027605],[29.976269858653588,-0.8377854053115855],[29.976634084774634,-0.8382410133497317],[29.9768554944822,-0.840455737854312],[29.97685565531728,-0.8404559274786588],[29.976855656148704,-0.840455935794637],[29.976864207782786,-0.8404660108243794],[29.977967779530612,-0.841767120481419],[29.979724416378406,-0.841781068941287],[29.981051203678007,-0.843558925381158],[29.9825762434401,-0.845679865700436],[29.982126888169226,-0.84767612186075],[29.980292931519923,-0.846689236564131],[29.97573685648783,-0.847619379193001],[29.973345500226696,-0.847219659339493],[29.97121935616074,-0.847997529900109],[29.971218614845636,-0.8479981209906525],[29.97121837203796,-0.847998209830106],[29.96627365016376,-0.851828044343413],[29.964163174871672,-0.8525495786399586],[29.961510133639173,-0.8533468407820809],[29.9613441596153,-0.851360807506843],[29.959884318937156,-0.8508593535561444],[29.959552984081622,-0.8500603976896707],[29.959214325410244,-0.849242902692436],[29.959213885344045,-0.8492427205839427],[29.95921385430733,-0.84924264574435],[29.959103936443086,-0.8491972214551748],[29.956791683680773,-0.848240363448785],[29.955555464376012,-0.845339873888797],[29.956436658349364,-0.844249390594819],[29.95656217172237,-0.8442577240379175],[29.958120411982748,-0.844362927663572],[29.95981817272443,-0.842412867306392],[29.96262609272141,-0.84200336329803],[29.96509307065122,-0.836491364467844],[29.96451009429209,-0.8351976647182],[29.96450990309485,-0.8351975442157892],[29.964509901306073,-0.835197540244944],[29.964506752970575,-0.8351955588442188],[29.961556766291526,-0.8333363243580119],[29.961953799385757,-0.8328605306783339],[29.963260138206426,-0.831296107966319],[29.962884980147695,-0.830420041284523],[29.96375506312394,-0.828616839345194],[29.959367229357014,-0.825599629202399],[29.95936702778989,-0.8255995778112695],[29.959366877523426,-0.825599474395832],[29.959366440925983,-0.8255994281856825],[29.954946595733297,-0.8244725537573531],[29.95453221663022,-0.8241981422684939],[29.955555444330507,-0.822863298947316],[29.955555311477134,-0.8228628287583],[29.955555370709856,-0.82286276855465],[29.955547056552938,-0.8228336132807704]]]}},{"type":"Feature","properties":{"n":"Kebisoni","c":"412103","d":"Rukungiri","od":"Rukungiri","dc":"412","k":"KEBISONI","a":["KEBISONI"],"lat":-0.80821,"lon":30.016846},"geometry":{"type":"Polygon","coordinates":[[[29.976800920174888,-0.8098681409745505],[29.976803278772138,-0.8098637521851131],[29.978871102718205,-0.806404961435793],[29.978807067191227,-0.8061351777303133],[29.978899612417866,-0.805962973038106],[29.978706721125988,-0.8057124165758701],[29.97850498984408,-0.804862516289062],[29.977057883076114,-0.8035706556671511],[29.976050758828524,-0.8022624499620035],[29.976802674470942,-0.79967270559859],[29.978040434581146,-0.799008673388674],[29.978614978973287,-0.795981899109293],[29.982654351556846,-0.793090354677267],[29.985093441609088,-0.790104169061149],[29.988080560288022,-0.793937056708504],[29.99561598108144,-0.79660855703115],[29.99775188749083,-0.799658403652977],[29.999431774132,-0.79954261293611],[30.004734780723293,-0.80133664838946],[30.007514808175102,-0.803331555549418],[30.010580948013654,-0.802728574594356],[30.011928195303323,-0.803903204295175],[30.019508074251107,-0.789713309080907],[30.019664603669423,-0.787408770016086],[30.021333294668242,-0.783855248316134],[30.030692921348738,-0.785551458426913],[30.033355906330023,-0.782842847739427],[30.04019514633715,-0.7821363263374],[30.041519582366774,-0.780580204020323],[30.043933629544174,-0.780302689132212],[30.045070395671086,-0.777791427043174],[30.0476188050369,-0.775082651342434],[30.048253981795735,-0.7749283181631113],[30.05131387083153,-0.7774782256929408],[30.0512833386286,-0.777534497691835],[30.051787131551542,-0.7778726096262839],[30.0529,-0.7788],[30.05325874602348,-0.7815743025815816],[30.052255634989667,-0.784954597001161],[30.05432073602911,-0.7897870252917715],[30.05565628846931,-0.8001152974960107],[30.055374484403465,-0.800185535449811],[30.05413419690084,-0.799077125659518],[30.052857732146958,-0.80022544715383],[30.054443959706056,-0.801139046057812],[30.0543019887104,-0.803471662998541],[30.055973850896017,-0.805334970924021],[30.055169708631396,-0.807011079785674],[30.05662979083799,-0.809409599996155],[30.056142899093018,-0.810074206737953],[30.05695223187904,-0.8101372598645776],[30.0574,-0.8136],[30.057112686212005,-0.813882041975372],[30.055799843381838,-0.814249100676253],[30.055816613248467,-0.8151543337836172],[30.050268715737506,-0.8206004350099722],[30.047687080589466,-0.820757715171534],[30.047448342644387,-0.822663709988329],[30.046425267650072,-0.823430811695148],[30.046624174496827,-0.8241781039343087],[30.0465,-0.8243],[30.046890098137993,-0.825977421993362],[30.04433571519864,-0.825844371800919],[30.03693927094503,-0.827682632111686],[30.034475758450718,-0.824214924851441],[30.032485487911533,-0.824032663464759],[30.028764216877395,-0.820390382568279],[30.026536885660786,-0.821360951079416],[30.022945486194175,-0.821035208686427],[30.02411571894168,-0.825766678793431],[30.023784684378757,-0.827143002326795],[30.025830181608683,-0.829538869552947],[30.0264838192971,-0.833775020585997],[30.026000787609167,-0.835194760553758],[30.02358063352755,-0.836100040575051],[30.02312086830731,-0.834100101179827],[30.021578712452577,-0.833124917033256],[30.01982620014162,-0.832999836870648],[30.017941378185075,-0.831202725203091],[30.01434027327618,-0.829679219299311],[30.011873267333964,-0.829696859537603],[30.011636196966933,-0.826697499236561],[30.01251609080129,-0.823094752217572],[30.00943425276353,-0.823614933149139],[30.00606827662264,-0.82169678686891],[30.00603855872445,-0.819855281165679],[30.006938384492685,-0.818923052741775],[30.001046128149213,-0.81942703381367],[30.00068649173427,-0.822708804451257],[29.99665799769841,-0.825017219763477],[29.997358850882854,-0.832007715739416],[29.994643370174167,-0.838345667043745],[29.99326313434715,-0.838104897796511],[29.992235356317927,-0.84141517249972],[29.98940141509561,-0.8414804740656735],[29.987318700584645,-0.8408844669017402],[29.987293199529528,-0.8408749332408861],[29.98907274830814,-0.838008168208991],[29.989053803140994,-0.8374430280117531],[29.989258001443034,-0.83704573043012],[29.988944577867585,-0.8341848043138334],[29.988944475297735,-0.834181744623483],[29.990007875928058,-0.82907091549393],[29.98999433842344,-0.8290425034443523],[29.988913121843762,-0.826702613915718],[29.988812816790485,-0.8265627664348791],[29.9876950411618,-0.824216817349033],[29.98565150085008,-0.821611629207798],[29.985285042720257,-0.8216442673106972],[29.982206934565077,-0.817352702158279],[29.982206819725715,-0.8173526596919217],[29.98220659759701,-0.817352289516495],[29.980310987515413,-0.816651439220912],[29.980310751305367,-0.8166515140443857],[29.980310581616944,-0.816651451295437],[29.977767159720106,-0.817281138707502],[29.9773079841081,-0.8167382765748151],[29.975651616430383,-0.8138470913498065],[29.975628484034683,-0.8138018083705338],[29.976666454822116,-0.8133304123344439],[29.97667243610098,-0.813329777919091],[29.976782125772736,-0.8103698764090871],[29.976800920174888,-0.8098681409745505]]]}},{"type":"Feature","properties":{"n":"Kebisoni Town Council","c":"412104","d":"Rukungiri","od":"Rukungiri","dc":"412","k":"KEBISONITOWNCOUNCIL","a":["KEBISONI","KEBISONITOWNCOUNCIL"],"lat":-0.862818,"lon":30.027133},"geometry":{"type":"Polygon","coordinates":[[[29.9964836347206,-0.834638090956431],[29.997200619976685,-0.8323770278007913],[29.997358850882854,-0.832007715739416],[29.997348972623328,-0.8319091873528588],[29.99738099669331,-0.831808197208199],[29.996658022406063,-0.8250172056054513],[30.0005612325175,-0.8227805807258188],[30.000685747329886,-0.822709269914912],[30.000685751880575,-0.8227092284036287],[30.00068649173427,-0.822708804451257],[30.001046128149213,-0.81942703381367],[30.006938384492685,-0.818923052741775],[30.00603855872445,-0.819855281165679],[30.00603857680567,-0.8198564015904825],[30.006038267207412,-0.819856722286796],[30.006043177474226,-0.8201414876128015],[30.00606827662264,-0.82169678686891],[30.008313304819172,-0.8229761460514896],[30.00943325134252,-0.823614432145202],[30.00943334553434,-0.8236144161525174],[30.00943425276353,-0.823614933149139],[30.01251609080129,-0.823094752217572],[30.011636196966933,-0.826697499236561],[30.011636199234257,-0.8266975279222438],[30.011636191483444,-0.826697559555153],[30.011872422138325,-0.829695277958987],[30.011873141956062,-0.8296952732849344],[30.011873267333964,-0.829696859537603],[30.014288596455035,-0.8296795888125835],[30.01434035232424,-0.8296792527418773],[30.017941348863587,-0.8312027127981594],[30.01796190274463,-0.8312222946511858],[30.01982620014162,-0.832999836870648],[30.021515894470934,-0.8331204335935053],[30.021578835738563,-0.8331249949933002],[30.02312086830731,-0.834100101179827],[30.02314380226762,-0.8341998619461697],[30.02357561098859,-0.836093048550113],[30.023578757717623,-0.8360918809622615],[30.02358063352755,-0.836100040575051],[30.026000787609167,-0.835194760553758],[30.0264838192971,-0.833775020585997],[30.025830181608683,-0.829538869552947],[30.025182472874697,-0.8287802158108896],[30.023784811572643,-0.8271424735000321],[30.02411571894168,-0.825766678793431],[30.022945486194175,-0.821035208686427],[30.02641313917935,-0.8213497271887402],[30.02653637433061,-0.821360929359325],[30.026536421165694,-0.8213609089493928],[30.026536885660786,-0.821360951079416],[30.028764216877395,-0.820390382568279],[30.032485487911533,-0.824032663464759],[30.034475758450718,-0.824214924851441],[30.03447972343598,-0.8242205060726493],[30.035118510268045,-0.825982599566621],[30.03693698729479,-0.8276794175834332],[30.03693927094503,-0.827682632111686],[30.036940188031245,-0.827682404185519],[30.036940619887428,-0.827682807149836],[30.040827782682467,-0.8267162087128488],[30.04433571519864,-0.825844371800919],[30.046890098137993,-0.825977421993362],[30.051778085453396,-0.8469957674496105],[30.051458870765604,-0.84851515507635],[30.05248564584324,-0.8502860724024166],[30.052414757620333,-0.8512049938104932],[30.050636182054607,-0.853093966456446],[30.05099855061144,-0.85355897613743],[30.050171655837822,-0.853477246031263],[30.048443237934382,-0.855589695563004],[30.049852838888906,-0.85572389813754],[30.050724298902356,-0.858187413367696],[30.05180652800254,-0.8590894518189204],[30.051608015202586,-0.8616627658924003],[30.050705776903985,-0.862586062993021],[30.05099176490172,-0.865107722386666],[30.05133531226644,-0.8651978039535693],[30.050650025090818,-0.8740811562301417],[30.049629054237528,-0.876231364895196],[30.05007139029599,-0.878941772671237],[30.050270618174885,-0.8789993940292735],[30.049825123124617,-0.8847743298661104],[30.0494191420807,-0.8854775746613746],[30.048485099562164,-0.8864035650892333],[30.047797756649494,-0.886248852586502],[30.0478422197512,-0.8870409028328644],[30.045756193340026,-0.8891089462577352],[30.043937285819716,-0.8903851934617],[30.043858290857433,-0.8909904875120273],[30.041490484662297,-0.8933378815847912],[30.041423500598658,-0.893372038301687],[30.041408548788578,-0.8934191111147731],[30.03845258710497,-0.8963495903700709],[30.038191358656114,-0.8965985932695998],[30.03815802052057,-0.8965931661312554],[30.036986319071683,-0.895213164113843],[30.02989321480074,-0.892309555334646],[30.03062268136627,-0.8953664830131135],[30.02845617695836,-0.8950137962490351],[30.025660308580285,-0.894252354284092],[30.025346583224415,-0.894315047352058],[30.025068145510698,-0.894480923995613],[30.02506774641254,-0.894481188434195],[30.02469870144999,-0.894796889754187],[30.024952524037857,-0.8958899038485753],[30.023317146786905,-0.9024314128523847],[30.020128041508816,-0.904218705193687],[30.020975033740864,-0.90579252765168],[30.01824331551499,-0.905464115624951],[30.017673299977055,-0.906258688234627],[30.012089486041354,-0.905449991274324],[30.011851248256654,-0.906353257499432],[30.010005196646468,-0.90656856131736],[30.00988696649638,-0.9042292890452573],[30.01107021824197,-0.903795724311742],[30.011009300447167,-0.9032253432459837],[30.01111750606894,-0.903128638196174],[30.010490388547698,-0.8983662894906518],[30.010945112968173,-0.8978844112277913],[30.011436715158425,-0.897364725678389],[30.011436057303943,-0.8973641501794937],[30.01143699339353,-0.897363158191371],[30.009296370710494,-0.895490533782726],[30.009299920208157,-0.8954837994259826],[30.011356492366495,-0.8923759293222214],[30.011780001426818,-0.892186413646355],[30.011601976834314,-0.8920049557897001],[30.011779922622043,-0.891736045996509],[30.01000811113024,-0.8903803518493922],[30.01000529668219,-0.8903774831237641],[30.010006693357376,-0.8903750657902724],[30.011294743862056,-0.888716603045055],[30.01104699644978,-0.8885745329719751],[30.01119946942297,-0.888310636234448],[30.00982778298646,-0.887875291484044],[30.00897525342214,-0.886112666362902],[30.008620254537377,-0.8861570635677841],[30.00689316630782,-0.8863729066769616],[30.005946122399777,-0.8855403190804525],[30.00632450051344,-0.8842499156206032],[30.007129616285326,-0.881507497563081],[30.00564089499112,-0.876532657264867],[30.00563969914554,-0.8765191765220969],[30.005248755088402,-0.8721061045256552],[30.005739958304744,-0.8711081595307505],[30.00582529750612,-0.870934981309998],[30.005825249471517,-0.8709348791242695],[30.005825274690785,-0.870934827887956],[30.005625867401015,-0.8705107265175887],[30.004701377540844,-0.868544026186657],[30.005205480392867,-0.8675481565620492],[30.005390340876165,-0.867183302488491],[30.005390203367533,-0.8671832310340549],[30.0053910605269,-0.867181537691172],[30.003464036688484,-0.866181393845515],[30.003148508870574,-0.865170877068855],[30.0031828331851,-0.865102632391714],[30.004214637164942,-0.863055498340231],[30.00421278043772,-0.8630548590073055],[30.004214757614253,-0.863050927922999],[30.002725240691593,-0.8625426496067207],[30.00270977765572,-0.8625373251692684],[30.002185052703684,-0.859614925762346],[30.002182447358443,-0.8596128817541454],[30.002182115908813,-0.859611039587333],[30.000559240480772,-0.8583394043979509],[29.999553633366315,-0.857550461283485],[30.000397983220676,-0.852149800354604],[29.99900995675762,-0.8511864550095176],[29.998459662338195,-0.8508041074158266],[29.997795154798318,-0.848530933614669],[29.997701883962783,-0.8485157450456206],[29.99766044772744,-0.848390539221616],[29.995424736078895,-0.8481449258322027],[29.995407879377076,-0.848142180824312],[29.994253505478504,-0.844256991099716],[29.994252916379065,-0.8442564517019469],[29.994252860387807,-0.844256263311535],[29.994251673909076,-0.8442553140577858],[29.992048447124805,-0.842237971093832],[29.991552952884614,-0.8420961762797631],[29.991051780352663,-0.841695208363022],[29.992225081242516,-0.8414154092648686],[29.992235356317927,-0.84141517249972],[29.99326313434715,-0.838104897796511],[29.994643370174167,-0.838345667043745],[29.994652418525465,-0.8383245481274029],[29.9964836347206,-0.834638090956431]]]}},{"type":"Feature","properties":{"n":"Nyakishenyi","c":"412105","d":"Rukungiri","od":"Rukungiri","dc":"412","k":"NYAKISHENYI","a":["NYAKISHENYI"],"lat":-0.975295,"lon":29.901436},"geometry":{"type":"Polygon","coordinates":[[[29.854565518828085,-0.919211363414106],[29.85567090133214,-0.913660488662397],[29.862622349151266,-0.91156784550165],[29.864781233346804,-0.910384990308716],[29.864861429638935,-0.908803476873239],[29.8687553277305,-0.906614407678812],[29.872356523862933,-0.905760289214706],[29.881635616867978,-0.897832584227959],[29.884278666604676,-0.897012639579036],[29.88503189249427,-0.8952057516211867],[29.887397788349215,-0.896754901118764],[29.8873788714508,-0.89740560017577],[29.88735997291701,-0.897998691981382],[29.88736161455096,-0.8979991989891258],[29.887361516864598,-0.898002559181884],[29.889683004091133,-0.898716759385889],[29.89093063976572,-0.900553672315288],[29.890916473791492,-0.902398428287349],[29.894589946820272,-0.902720675870085],[29.899995448528564,-0.905604251133303],[29.89999547255876,-0.9056042456166872],[29.899995660454017,-0.905604345849305],[29.902565470195135,-0.905014264513347],[29.902652912671503,-0.9051541692923852],[29.903706226209902,-0.906839721374892],[29.903706363079934,-0.9068396515973893],[29.9037076207352,-0.906841663800032],[29.904393087468417,-0.9064905204731699],[29.904534165083287,-0.907630384483176],[29.904535509279633,-0.9076303404852348],[29.90453567189027,-0.90763164571212],[29.90625826841238,-0.9075739515096437],[29.90652347071624,-0.907565270965768],[29.90652339666758,-0.9075650716802458],[29.906524896816848,-0.907565021436376],[29.906230657570408,-0.9067752971396669],[29.908322200010886,-0.9074076243972893],[29.910731756203152,-0.908136198849609],[29.910715027838563,-0.909676042286528],[29.91243716156073,-0.9097822203179272],[29.912747679157622,-0.9098016075114806],[29.91278764440239,-0.910410855870973],[29.915295643762928,-0.9101211465367052],[29.91542413668462,-0.9101063483798666],[29.915587632436992,-0.9102101037108125],[29.91711755424187,-0.91118136573446],[29.916406522727712,-0.911950480484747],[29.916404438506362,-0.911952731444358],[29.916404441789975,-0.9119527314115692],[29.916404426507654,-0.911952747942285],[29.91830795174345,-0.911934463611142],[29.918254643169455,-0.912948699401977],[29.918255050168334,-0.912948803211122],[29.918254981208,-0.912950117486683],[29.919939258432127,-0.9133783774144245],[29.920059132827394,-0.9134089525807801],[29.921943812416867,-0.916369027076012],[29.924477592154755,-0.917407531319883],[29.928101911611606,-0.9175791422066757],[29.928455198221428,-0.9179775849546695],[29.928596783588613,-0.918263078233588],[29.928639368195988,-0.9181852950368535],[29.928699828605758,-0.918253483332542],[29.929584896206528,-0.9164582345848473],[29.92958663492403,-0.916455058718876],[29.930461402986552,-0.9161895878622974],[29.93106156458857,-0.916007700231099],[29.931061612814105,-0.9160074387602959],[29.931061898481666,-0.916007352067131],[29.93108943032021,-0.9158566168820415],[29.93137696194046,-0.9142976683961268],[29.93206830537127,-0.9151815467757275],[29.932070339311608,-0.91518417776407],[29.932070367132855,-0.9151841827254007],[29.9320705450744,-0.915184410222583],[29.935104236738304,-0.9158884922954],[29.93517401263953,-0.9157376521904408],[29.93550502533423,-0.915796681296266],[29.936013179821774,-0.9139235578738338],[29.936023017094207,-0.9139022918610665],[29.936105992758325,-0.9139276968935266],[29.937444265129066,-0.914345365574553],[29.937084911673015,-0.91052496787968],[29.937533487243808,-0.9094914402043962],[29.937857302540476,-0.9091000609823757],[29.9394026420335,-0.909084621765641],[29.939402577679353,-0.9090843635577055],[29.93940329772856,-0.90908440738753],[29.939194291534285,-0.9082466080722137],[29.939195164968265,-0.9082458886966928],[29.940905399086326,-0.907115210774918],[29.940916988552882,-0.9071206921961197],[29.94187865660495,-0.907750928379718],[29.94198123255944,-0.9076240432030848],[29.942030220552496,-0.907647212847906],[29.94211606771272,-0.9074572537997979],[29.942387036099255,-0.907122069284494],[29.944585837902604,-0.910597282962619],[29.94711988889573,-0.911257659429001],[29.946876395976968,-0.912144010741517],[29.95004671741004,-0.914529501041833],[29.95190274165622,-0.917259691785388],[29.9581533952388,-0.9213626075823],[29.958948774910404,-0.923972589130215],[29.95850830306861,-0.926727997591796],[29.964158593807927,-0.93271144819664],[29.96661098177031,-0.934009946098997],[29.96717721959568,-0.936070443134713],[29.966606520241687,-0.938069906083047],[29.967463819952798,-0.940520424507616],[29.969726813144234,-0.941965360911755],[29.968639473314084,-0.945879585994973],[29.969785171343016,-0.954960429870356],[29.971218915503226,-0.955859239208677],[29.97191431157362,-0.957577876652175],[29.97527740330884,-0.958844921978295],[29.976536735327524,-0.962306443274585],[29.97503762298928,-0.968612144384049],[29.970748600627097,-0.976340964707399],[29.966650593142848,-0.974248904674897],[29.959249332559768,-0.968435362219733],[29.953034974127313,-0.965900662375063],[29.949359211976073,-0.966266325552041],[29.947913886750428,-0.967231495902583],[29.947393128405675,-0.96566891174038],[29.945236646882837,-0.96619281105732],[29.944020787949103,-0.967409293772688],[29.943752380557136,-0.970255845381519],[29.944904707055187,-0.972529036771806],[29.943556953113035,-0.971959644173529],[29.943878337765113,-0.972941818422642],[29.942353439237536,-0.974135816127095],[29.942493010427278,-0.97870001059836],[29.941220197878376,-0.981235915020187],[29.943216885049228,-0.985797967924649],[29.94156728964563,-0.985810891956181],[29.939395026622332,-0.988246338113392],[29.937620758474136,-0.988713388022151],[29.936545587048997,-0.987757263750255],[29.935675649448676,-0.988851864650064],[29.92997550903773,-0.982878231592505],[29.927519528666117,-0.982946993712781],[29.922171051884888,-0.985338777345445],[29.923751392096218,-0.992897787417863],[29.926670780488966,-0.99345484015779],[29.922557974829964,-0.997981761321821],[29.923070528600686,-1.000704687960109],[29.925695602750842,-1.000863032684558],[29.936621597777147,-1.009733734795245],[29.939806888553033,-1.010289092480869],[29.940444580981463,-1.012706616800028],[29.937993244185417,-1.014566705718427],[29.93846990615736,-1.016706129936473],[29.935817922890163,-1.021446831510236],[29.9251,-1.0326],[29.918730060265347,-1.0554407839056799],[29.915134140919687,-1.0549992456419508],[29.905460744375112,-1.046190510241022],[29.90409066196369,-1.043654765529768],[29.90063928817263,-1.040205922243711],[29.899401042342472,-1.036177492304082],[29.895290456301904,-1.030030664773197],[29.89430124963247,-1.025181023449565],[29.89263728146512,-1.023014616365761],[29.891203368333173,-1.0221132623514648],[29.89029763742605,-1.013801849321361],[29.891182930117242,-1.012855214177208],[29.892411747412165,-1.006941939651765],[29.891309331417876,-1.007554768863908],[29.88964692687615,-1.006697686246693],[29.88425430470348,-0.999787091436681],[29.878046529123015,-0.995604394847288],[29.875819264782915,-0.992406195909869],[29.873833526979993,-0.992420932666009],[29.87149576893859,-0.990932913479609],[29.871124830552212,-0.988560793507682],[29.86876918341233,-0.986086212666313],[29.864443492827476,-0.978748551520916],[29.863264077197933,-0.978429293664937],[29.859436437790155,-0.974115092800191],[29.859428819818373,-0.971888484895323],[29.857798274316348,-0.971017039961445],[29.85700404783437,-0.968751044739541],[29.857578446100675,-0.966899803664941],[29.86098732396969,-0.963642814463623],[29.85762195945523,-0.957711383259004],[29.856741927919554,-0.954804315762891],[29.857083068095037,-0.951239303335915],[29.854047128183446,-0.945595665821968],[29.852722380992965,-0.9419264437851098],[29.851671915653032,-0.938189978462058],[29.856951323833215,-0.926130977010261],[29.854565518828085,-0.919211363414106]]]}},{"type":"Feature","properties":{"n":"Nyarushanje","c":"412106","d":"Rukungiri","od":"Rukungiri","dc":"412","k":"NYARUSHANJE","a":["NYARUSHANJE"],"lat":-0.980677,"lon":30.004892},"geometry":{"type":"Polygon","coordinates":[[[29.935672274083352,-0.988849168913906],[29.935672640108002,-0.9888487109212716],[29.935675649448676,-0.988851864650064],[29.936545587048997,-0.987757263750255],[29.93738144240271,-0.9885005699550073],[29.9376205354404,-0.988713218703392],[29.937620560619717,-0.988713212074941],[29.937620758474136,-0.988713388022151],[29.939395026622332,-0.988246338113392],[29.939395322577983,-0.9882460063008803],[29.93939601396711,-0.988245824292814],[29.94090518134874,-0.9865532187784963],[29.941567029402915,-0.985811183728915],[29.941664192692922,-0.9858101327530236],[29.943216885049228,-0.985797967924649],[29.941379449699024,-0.9815997753391887],[29.941220216699907,-0.9812358775208694],[29.942493010427278,-0.97870001059836],[29.942492967614974,-0.9786986105696437],[29.94249310464129,-0.978698337605398],[29.942446363075636,-0.9771745698189793],[29.94235344385986,-0.974135967284286],[29.94387679686237,-0.972943445327065],[29.943876687583497,-0.9729431105171813],[29.943878337765113,-0.972941818422642],[29.943556953113035,-0.971959644173529],[29.944904707055187,-0.972529036771806],[29.944900938782393,-0.9725216031101794],[29.94490457867664,-0.972523130433177],[29.943752404930507,-0.9702555868936272],[29.94402075531588,-0.9674096398591084],[29.9453296234813,-0.9661702231631463],[29.94614938146101,-0.9659710697546529],[29.947398643664556,-0.9656854607909452],[29.947913886750428,-0.967231495902583],[29.94791578566618,-0.9672302278300757],[29.947915882085127,-0.967230741624663],[29.94919780941779,-0.9663741081887754],[29.949359211976073,-0.966266325552041],[29.94935926709559,-0.9662663200687758],[29.953643849735183,-0.9661490093163385],[29.959249332559768,-0.968435362219733],[29.966650593142848,-0.974248904674897],[29.96692554434671,-0.9743892690902147],[29.970744435922377,-0.976339001591174],[29.970744506472347,-0.9763388746142133],[29.970748600627097,-0.976340964707399],[29.97503762298928,-0.968612144384049],[29.976536735327524,-0.962306443274585],[29.976029846434635,-0.9609131596356765],[29.975277860971456,-0.958845421246156],[29.97527754110259,-0.9588453007314607],[29.97527740330884,-0.958844921978295],[29.971914779078194,-0.9575780527845952],[29.971219629962732,-0.955860888459937],[29.971219566786147,-0.9558608488226217],[29.971218915503226,-0.955859239208677],[29.969785236250555,-0.9549604705606718],[29.969472610939135,-0.9524830648425844],[29.96863952172767,-0.9458799697227903],[29.968819013930517,-0.945233272519822],[29.969726813144234,-0.941965360911755],[29.967463819952798,-0.940520424507616],[29.966606520241687,-0.938069906083047],[29.96717721959568,-0.936070443134713],[29.966982955764312,-0.9353635316025937],[29.967062290209256,-0.934793851979274],[29.96674391853593,-0.9344936930322189],[29.96661098177031,-0.934009946098997],[29.965743802164557,-0.9335507891807976],[29.95851867984715,-0.9267389862195868],[29.95850830306861,-0.926727997591796],[29.958948774910404,-0.923972589130215],[29.95894847702892,-0.9239716116534147],[29.958948521002824,-0.923971336551515],[29.958851587673603,-0.923653676158465],[29.9581533952388,-0.9213626075823],[29.958152242551353,-0.9213618509606983],[29.958152175538967,-0.921361631354277],[29.955451269368552,-0.9195889378737155],[29.95190274165622,-0.917259691785388],[29.951250142319733,-0.9162997255180344],[29.95004810193911,-0.914530920186224],[29.95004724255179,-0.9145302735194283],[29.95004671741004,-0.914529501041833],[29.946876395976968,-0.912144010741517],[29.946967609081508,-0.9118119811476411],[29.94711994449989,-0.911259847404406],[29.947119319856853,-0.9112597308171864],[29.94711988889573,-0.911257659429001],[29.944763485369776,-0.9106435780872839],[29.94433623735764,-0.9102027884581072],[29.942603992783468,-0.9074649700568094],[29.942394486321195,-0.9068411806099348],[29.942477558431005,-0.906657362078697],[29.94175957755459,-0.9049507883802949],[29.941754917054507,-0.9049369120982128],[29.943096218380465,-0.904363557648259],[29.9431232328417,-0.901558268916556],[29.94449534541163,-0.902317217968951],[29.944495149856525,-0.9023116274396752],[29.944497160375807,-0.902312734095471],[29.94447078870208,-0.9016151907747315],[29.94441347810106,-0.89997679535559],[29.951375299818363,-0.902476289812662],[29.954485732622576,-0.9030566825455594],[29.956892761712485,-0.903505913347876],[29.956892995654083,-0.9035058669702375],[29.95689366683723,-0.903505992209986],[29.958939687754544,-0.903100121489094],[29.959275740709128,-0.9030335008343721],[29.961224503887973,-0.9036745877870243],[29.96436365762207,-0.904707434095343],[29.96436398844672,-0.9047073877755051],[29.96436454760977,-0.904707571724042],[29.97111849726468,-0.903764364538121],[29.97177728372656,-0.905174764435347],[29.977317746550362,-0.906774480888837],[29.9798832127133,-0.908099917268448],[29.979617126586373,-0.908788052948854],[29.98224212332934,-0.908729793590408],[29.98677218160005,-0.9099637217040237],[29.99403311415177,-0.911941678393781],[29.994033430601757,-0.9119415901436208],[29.99403475589502,-0.911941951136022],[29.996171770938144,-0.911345832686734],[29.996588475780072,-0.9114891705849607],[29.99748744542651,-0.911799225167583],[29.99748811836571,-0.9117986291378852],[29.99748973234179,-0.911799184312474],[29.998008822619084,-0.9113374356160696],[29.998352575619794,-0.9110329697777282],[30.004575487438565,-0.911837211947752],[30.004951842443944,-0.911886035547283],[30.0049519970981,-0.9118858716354413],[30.004952343689162,-0.911885916428483],[30.007295322354302,-0.90940327659627],[30.00789663663466,-0.9074226528397108],[30.00793419064261,-0.9072991278457692],[30.007937888344344,-0.9072978234457826],[30.011848335009695,-0.906354251157464],[30.01184851375082,-0.9063535764230974],[30.011851248256654,-0.906353257499432],[30.0120894321784,-0.9054501954929264],[30.01767092309368,-0.906258480729378],[30.017671012032753,-0.906258356874445],[30.017673299977055,-0.906258688234627],[30.018243308093936,-0.905464125969523],[30.018243416103125,-0.9054641277178356],[30.020975033740864,-0.90579252765168],[30.020820748909543,-0.9055058462356349],[30.021076189398162,-0.905509980974674],[30.022302997097597,-0.9064880116096128],[30.0222,-0.9069],[30.0368,-0.9071],[30.03691485036133,-0.9072994219910375],[30.037163186591627,-0.910348804619672],[30.039421826498128,-0.911988057157624],[30.0398563991643,-0.914549265972314],[30.04151707003617,-0.915290548880991],[30.045758758973918,-0.9226556633092612],[30.045826343109727,-0.923123937158765],[30.0474009446342,-0.925836248790024],[30.04764405251727,-0.9259292184618063],[30.0478,-0.9262],[30.058161949629362,-0.9344595250668846],[30.058465175640855,-0.93562943748144],[30.060168792956443,-0.937925223676727],[30.06403874252989,-0.939221634779592],[30.065719545746493,-0.941518330288665],[30.069907569594672,-0.9438219757638702],[30.07476169451288,-0.9476912057711387],[30.075371531175026,-0.9482660883436825],[30.070512267267368,-0.9595465224150359],[30.070203925331874,-0.959900434734185],[30.070114297059764,-0.9604703818255523],[30.0698,-0.9612],[30.0698062555763,-0.9624292207430369],[30.069056097090513,-0.96719948616226],[30.069801377941275,-0.972747873369575],[30.0688307391145,-0.974040275315534],[30.068866330706577,-0.978565860922247],[30.06799044462891,-0.980118213971638],[30.069914968354997,-0.9837912817568892],[30.0699469850074,-0.9900825539541365],[30.069860082878293,-0.990366710324999],[30.069950795826852,-0.9908313799765114],[30.0699724504185,-0.9950865072354809],[30.069812551793877,-0.995526452610421],[30.069989666934173,-1.000459651211763],[30.066825715994703,-1.002677264229762],[30.06689437719455,-1.002792823086836],[30.048468135159855,-1.0163965720890125],[30.048015596658555,-1.016486826973832],[30.04444764810189,-1.0193648222997767],[30.0444,-1.0194],[30.047000762628716,-1.0246882173450558],[30.047012160770965,-1.027156621784704],[30.05025700400647,-1.0313092414798217],[30.0504,-1.0316],[30.0456,-1.045],[30.045860588539764,-1.0495747765869579],[30.04515991937127,-1.052598011383176],[30.04643785520735,-1.0597090136401506],[30.0465,-1.0608],[30.04079898834355,-1.060247174627253],[30.03717082363827,-1.058910713201191],[30.031858087101533,-1.05080985228991],[30.024487906681564,-1.04637936261758],[30.024024074011407,-1.045742878272528],[30.02734838476658,-1.03886507278241],[30.02611573876564,-1.031591524053512],[30.022238252361845,-1.029536302115763],[30.01501098949552,-1.027306225077173],[30.007627784518885,-1.018748540604208],[30.006747785159774,-1.016324015681635],[30.00403982232612,-1.014186428844803],[29.99752613632523,-1.013829429389502],[29.99215442629844,-1.01737043473536],[29.9892788209482,-1.02160013814039],[29.981080905349362,-1.0243935299117672],[29.965537968664165,-1.019126915001907],[29.964919333143982,-1.018679432540897],[29.94840266752069,-1.012700170748772],[29.946161684151477,-1.0125613971091783],[29.9448,-1.0121],[29.94445799312742,-1.0124558954765466],[29.943918565634036,-1.012422491249821],[29.94390852518156,-1.0130276768415272],[29.943091685507934,-1.0138776876694096],[29.940770503845364,-1.013652359549962],[29.939798155793518,-1.0131971280715144],[29.940444580981463,-1.012706616800028],[29.940444055225708,-1.0127046236333124],[29.940444188521287,-1.012704533537963],[29.940348835359355,-1.0123436402935173],[29.939806888553033,-1.010289092480869],[29.93980595123474,-1.0102889290587656],[29.939805898881485,-1.010288730911842],[29.93958936583165,-1.0102511672415055],[29.936621597777147,-1.009733734795245],[29.925695602750842,-1.000863032684558],[29.923070528600686,-1.000704687960109],[29.922557974829964,-0.997981761321821],[29.926670780488966,-0.99345484015779],[29.923752130675716,-0.9928979283472902],[29.92323984440614,-0.9904509762096806],[29.922171051884888,-0.985338777345445],[29.927519528666117,-0.982946993712781],[29.92997550903773,-0.982878231592505],[29.930095181830662,-0.9830036462841442],[29.935672274083352,-0.988849168913906]]]}},{"type":"Feature","properties":{"n":"Bikurungu Town Council","c":"412201","d":"Rukungiri","od":"Rukungiri","dc":"412","k":"BIKURUNGUTOWNCOUNCIL","a":["BIKURUNGU","BIKURUNGUTOWNCOUNCIL"],"lat":-0.642066,"lon":29.842689},"geometry":{"type":"Polygon","coordinates":[[[29.827413515854868,-0.630450908782093],[29.831735288710185,-0.629658178886286],[29.833578056205244,-0.625932703552202],[29.836961650706343,-0.622770401922818],[29.839541949506195,-0.622746295135628],[29.839970718531262,-0.620853372440601],[29.84520899682198,-0.618525149409961],[29.84986885114218,-0.620874876713366],[29.85398495943086,-0.621532862223597],[29.8580167040634,-0.623711466579753],[29.861575678951464,-0.623655399575643],[29.86448013628927,-0.622325358920285],[29.866370976143777,-0.629120164693307],[29.867364920527965,-0.629303157294732],[29.867879203482744,-0.630911173859531],[29.86499496097407,-0.631469243554592],[29.863873951724873,-0.632569177184735],[29.86345738575744,-0.6379501383085],[29.864015864511416,-0.640218391232424],[29.863350621165345,-0.642687680153605],[29.85960139404199,-0.645654557953328],[29.85818568888049,-0.6489372659764],[29.853901181575914,-0.652266250923139],[29.85480364859688,-0.652891687663333],[29.85840219533446,-0.65182246936636],[29.86114332959562,-0.653678447532343],[29.86138092517143,-0.655585035231267],[29.85988267726505,-0.65662356928756],[29.85925403977446,-0.658765726555057],[29.856033815751136,-0.660180089223677],[29.85217581695117,-0.658220589534764],[29.84601585971391,-0.658520587106105],[29.844202205883764,-0.660033238434996],[29.840723694495683,-0.66124035983494],[29.83595170785693,-0.665653935514248],[29.834122804605148,-0.665455635010487],[29.833909830469935,-0.664536060172566],[29.836052305136793,-0.65873846834953],[29.83408949472017,-0.655726982080697],[29.83467400117291,-0.653691658337535],[29.83124344035726,-0.653906432665031],[29.829238085965283,-0.650031358373221],[29.8239565561,-0.644066053606265],[29.823565995899223,-0.642411792466491],[29.820153257666668,-0.641720506290676],[29.819873087132414,-0.640451399118862],[29.822728437203033,-0.6329418252296],[29.827413515854868,-0.630450908782093]]]}},{"type":"Feature","properties":{"n":"Bugangari","c":"412202","d":"Rukungiri","od":"Rukungiri","dc":"412","k":"BUGANGARI","a":["BUGANGARI"],"lat":-0.706957,"lon":29.856165},"geometry":{"type":"Polygon","coordinates":[[[29.805501882985574,-0.691703892635362],[29.807961396178644,-0.690354042690954],[29.812323539502973,-0.689738123556481],[29.813590349813907,-0.690491074773948],[29.814782955331633,-0.68959183976938],[29.814813361776714,-0.684446857483172],[29.813861587494088,-0.682899397242633],[29.817311883123168,-0.680102989978646],[29.81769846658867,-0.674987689853039],[29.820405175639113,-0.672875314364185],[29.820999969480503,-0.669128267221071],[29.8254317096538,-0.661870916427834],[29.832329863318893,-0.665706803277874],[29.833918282559328,-0.6645725544103516],[29.834122804605148,-0.665455635010487],[29.83595170785693,-0.665653935514248],[29.835951770708036,-0.6656538773837182],[29.835951825816565,-0.66565388337887],[29.837306405822584,-0.6644009852344895],[29.840723694495683,-0.66124035983494],[29.844202205883764,-0.660033238434996],[29.84601585971391,-0.658520587106105],[29.846750077450707,-0.6584848297900406],[29.852176364424675,-0.658220867599693],[29.854991340817605,-0.659650610233697],[29.85603283151298,-0.660179804296729],[29.856033058532862,-0.6601797046281777],[29.856033815751136,-0.660180089223677],[29.85925403977446,-0.658765726555057],[29.859254083400625,-0.6587655778936887],[29.859254174082867,-0.658765538081459],[29.859418572150176,-0.6582050628503628],[29.859882576367937,-0.6566239131065121],[29.85995908938853,-0.6565706030246267],[29.86138092517143,-0.655585035231267],[29.861380341596885,-0.6555803523324012],[29.861383217789335,-0.65557834835904],[29.8611625312537,-0.653832531399309],[29.86114332959562,-0.653678447532343],[29.860166732745057,-0.6530172094247121],[29.858402687425215,-0.651822619122939],[29.858402499107115,-0.6518226750459662],[29.85840219533446,-0.65182246936636],[29.85660436383399,-0.6523566500996827],[29.85480334923776,-0.6528914801984748],[29.853901181575914,-0.652266250923139],[29.85818568888049,-0.6489372659764],[29.858185956743988,-0.6489366448600226],[29.85818641809495,-0.648936286527607],[29.85960142458304,-0.645654533785265],[29.859952643981632,-0.6453766031605692],[29.863348445964107,-0.642690781723201],[29.863348919756035,-0.6426890265306983],[29.863350621165345,-0.642687680153605],[29.864015864511416,-0.640218391232424],[29.86345738575744,-0.6379501383085],[29.863873951724873,-0.632569177184735],[29.86499491988518,-0.631469283870986],[29.86787920833551,-0.63091118452526],[29.869275553805075,-0.632544864051343],[29.869151169433234,-0.634141211328277],[29.871008409644208,-0.634261329129503],[29.872196476182427,-0.636447786862053],[29.87501869554639,-0.637581837256935],[29.875749474176523,-0.638676035480068],[29.877112619300068,-0.638259984562535],[29.87715749468062,-0.639240238770878],[29.878659269878444,-0.639354535160186],[29.88231846893298,-0.642594488588157],[29.887080895857757,-0.644222103685283],[29.887601121156887,-0.646225716899671],[29.88849429571606,-0.646806196714264],[29.887780458676158,-0.650175507531013],[29.88477081618551,-0.655668765075012],[29.884792947665577,-0.65909861505156],[29.883916475453574,-0.660156615467078],[29.885055257951993,-0.661847150061889],[29.884632806619674,-0.665481920919448],[29.88583207850187,-0.667078712855427],[29.8866093083798,-0.670956177907111],[29.88815589673754,-0.673917767968884],[29.891003419781136,-0.676789115484052],[29.888416026553923,-0.678614486546556],[29.885723515717295,-0.678668842307897],[29.8860004544084,-0.68179067910813],[29.887440159313595,-0.683388824334549],[29.888751968619054,-0.682169458867127],[29.89020370066108,-0.684800392998871],[29.8915879072539,-0.684842735778762],[29.890827097113576,-0.685990617286247],[29.89135699829054,-0.686641225357086],[29.893549376105405,-0.686033497502908],[29.89443675761598,-0.687269349373332],[29.896739756428612,-0.685563727076481],[29.898274498637814,-0.685999166684512],[29.896682967565454,-0.687876790029012],[29.898531479865152,-0.689418450031556],[29.899201414949676,-0.693890926846951],[29.902536103627142,-0.693468897817877],[29.90517658168847,-0.691765059651601],[29.907498276971843,-0.691922152345653],[29.907397913096634,-0.694599366621584],[29.909115117775393,-0.693890753964544],[29.909495189631237,-0.697603221383175],[29.91109892156885,-0.69787986731818],[29.91078623724227,-0.698799165849969],[29.912498675800904,-0.699380525599848],[29.911667676672174,-0.700788325775972],[29.910096520957133,-0.700933814762266],[29.908718592053397,-0.702352533526611],[29.909336174750525,-0.706567894580444],[29.90882578088542,-0.707346789368137],[29.91037934206078,-0.708445589241635],[29.910764676389242,-0.711603680162615],[29.911852593988435,-0.712364162461254],[29.90776961089009,-0.717800218025468],[29.907317084960784,-0.717146546031933],[29.90695122603866,-0.718148549198695],[29.90396596737201,-0.719313675907373],[29.90142999284484,-0.718847661788218],[29.90047592012478,-0.723951811686119],[29.892698166943976,-0.727168586639392],[29.888955816038024,-0.731370337579783],[29.88634428917756,-0.729072477321591],[29.88527400767027,-0.732659899380469],[29.88268002267355,-0.734081731312154],[29.881186305946144,-0.73889464538695],[29.87849249881346,-0.73998395646281],[29.87647949584898,-0.743374579109648],[29.872830736454777,-0.744588318336217],[29.87194141035838,-0.747256398152185],[29.87270790480677,-0.748458635509727],[29.87076780642916,-0.75269692005949],[29.868608794883844,-0.755056833504933],[29.86753207034233,-0.760524800991344],[29.866924451979155,-0.76070947408789],[29.869436682985512,-0.764458051650292],[29.870740624508738,-0.768198561545285],[29.869684418966333,-0.770043763759242],[29.870674643627062,-0.771988712795824],[29.87026784516665,-0.77283845613696],[29.864819334873584,-0.776007730883373],[29.862130328151217,-0.775337356215049],[29.856234986026507,-0.777802370472527],[29.855089720296544,-0.777259252985193],[29.853118076773526,-0.778280797518037],[29.84973980523665,-0.776630151990279],[29.847935405077894,-0.777935693995585],[29.84813660578631,-0.780672077628864],[29.845770931700795,-0.780172473485437],[29.844488712099015,-0.781234610501076],[29.84171632457676,-0.780229244047641],[29.839158222297808,-0.777765955902933],[29.83718107050811,-0.778709188188875],[29.836195447469326,-0.777895458448322],[29.830087353628286,-0.778361593053137],[29.828021324460877,-0.781021437835043],[29.8254872022114,-0.782568084838869],[29.822941474658265,-0.780957077329863],[29.82283491454527,-0.77648393693639],[29.823704028625357,-0.772956645418263],[29.822852029957907,-0.770672972266084],[29.823031124838508,-0.7676629781292638],[29.82325595170038,-0.7646451098679695],[29.824883595047222,-0.756121197776746],[29.82013442057645,-0.749564484104228],[29.819626567837314,-0.745053031044066],[29.809855270604352,-0.739223406834474],[29.80723974809866,-0.730370351427396],[29.803286464542015,-0.722697037165934],[29.80377524652259,-0.718321759351193],[29.805558449046778,-0.714904124130309],[29.804723013816908,-0.712484891550291],[29.803178994016,-0.711148503598314],[29.80310216328759,-0.7098921556180231],[29.803611680851574,-0.6997317759597946],[29.80570809286548,-0.696100023515063],[29.80436374870579,-0.69418794451376],[29.803879643280606,-0.6943882898749976],[29.804029178672828,-0.6914063782300901],[29.804675000838582,-0.691112246314974],[29.805501882985574,-0.691703892635362]]]}},{"type":"Feature","properties":{"n":"Buhunga","c":"412203","d":"Rukungiri","od":"Rukungiri","dc":"412","k":"BUHUNGA","a":["BUHUNGA"],"lat":-0.749421,"lon":29.985239},"geometry":{"type":"Polygon","coordinates":[[[29.950804358314336,-0.742190289765035],[29.953055461563604,-0.740719273415668],[29.95289659096099,-0.737269777117903],[29.954647323974243,-0.738211490278918],[29.956939162775942,-0.737240771561901],[29.961291044296917,-0.731124164979149],[29.959559807579218,-0.727811366763193],[29.96107502095588,-0.721270904778873],[29.9588475326962,-0.715006796346962],[29.96110370240619,-0.711534989980579],[29.961888399282433,-0.707558991157586],[29.961403077414236,-0.704293847339122],[29.962101949884772,-0.70329374014353],[29.965401529230235,-0.704433854460495],[29.967098795971594,-0.703966304953586],[29.967584472806855,-0.700574170704987],[29.9689306829294,-0.700455323288685],[29.970802559399118,-0.698931649242921],[29.9730911245179,-0.694638578553238],[29.977918035964702,-0.698757711414442],[29.980917925871573,-0.7000442558131982],[29.9813,-0.7006],[29.981628713079864,-0.7013456174738394],[29.982654380009777,-0.706215348617491],[29.984099476535903,-0.7069500321424131],[29.9895,-0.7192],[29.99104959877924,-0.7204263011922066],[29.991466286567018,-0.722259610141838],[29.992890553948424,-0.722829604227897],[29.993368847819326,-0.724940881475804],[29.994698912911048,-0.725367139263974],[29.995509991463464,-0.727199347512925],[29.997886177315003,-0.729358341153064],[29.999545121707012,-0.728719609634916],[30.001759596948244,-0.730347868988762],[30.0034,-0.7302810266742781],[30.0034,-0.7307504605656351],[30.002631687793585,-0.733111569119863],[30.0034,-0.7347738991068121],[30.0034,-0.7438],[30.003853922561678,-0.7438750285225916],[30.003864716089026,-0.744503674248427],[30.005535136296736,-0.7441529150903697],[30.005674994215983,-0.7441760321018157],[30.006517050892736,-0.747016806305075],[30.00817541873807,-0.744869181325767],[30.01052260275259,-0.745918824157586],[30.012956095629626,-0.7453795199387812],[30.015307484404865,-0.7457681792404736],[30.015616511165508,-0.7458654504953646],[30.02622734046963,-0.7518261155626224],[30.026514749711758,-0.75253472434964],[30.02799090029203,-0.753565212356925],[30.0296239011521,-0.7537341436750838],[30.03126044419503,-0.7546534766195188],[30.03148228070363,-0.754940376607282],[30.03166180628267,-0.7548789429715392],[30.037001444531178,-0.7578785007127326],[30.036841610238103,-0.759877685402504],[30.03796765316728,-0.759210137095316],[30.038820295215217,-0.760592688355865],[30.039505976534674,-0.759617775090014],[30.040117680479007,-0.7596290555678875],[30.04048516867205,-0.7598354931584022],[30.04003898659891,-0.762139842551531],[30.04098485687786,-0.763124087563364],[30.040252384164642,-0.764739869864775],[30.041564915297023,-0.7662684409603412],[30.041969823942992,-0.7689408380237375],[30.042040516407116,-0.769791412987937],[30.042132593992505,-0.7698271616604188],[30.044316674285483,-0.7716472285712332],[30.04464437160128,-0.772605608448866],[30.047618799524482,-0.775082639346984],[30.047536104933215,-0.7751705555992285],[30.045070395671086,-0.777791427043174],[30.04393370067583,-0.7803025319932642],[30.04229052529608,-0.7804915776907427],[30.041519582366774,-0.780580204020323],[30.04019514633715,-0.7821363263374],[30.033355906330023,-0.782842847739427],[30.030693034703237,-0.7855513431302764],[30.027252908512185,-0.7849280377763085],[30.021333294668242,-0.783855248316134],[30.021333193510564,-0.7838554637340911],[30.02133310130107,-0.783855447026951],[30.019664883413018,-0.787408081290099],[30.019664876033644,-0.7874081900092572],[30.019664603669423,-0.787408770016086],[30.019508074251107,-0.789713309080907],[30.011928195303323,-0.803903204295175],[30.010580948013654,-0.802728574594356],[30.010536969976275,-0.8027372232276138],[30.010515495433037,-0.802719218658637],[30.00754734563217,-0.8033251567979027],[30.007514808175102,-0.803331555549418],[30.00617698677111,-0.8023715544185536],[30.004734945646348,-0.801336711821103],[30.004734800866594,-0.8013366628439987],[30.004734780723293,-0.80133664838946],[29.999431774132,-0.79954261293611],[29.99943151612293,-0.7995426307200809],[29.99943089518535,-0.799542420664989],[29.998922314309148,-0.7995777288282525],[29.99775188749083,-0.799658403652977],[29.99561598108144,-0.79660855703115],[29.98808057066271,-0.7939370603865974],[29.98808052467493,-0.7939370110119696],[29.985093441609088,-0.790104169061149],[29.98482112500669,-0.7904375671332559],[29.98231504846379,-0.787746926183916],[29.981564806224277,-0.786443209555865],[29.98337217041755,-0.785504890018699],[29.98289522420926,-0.784234737171846],[29.980660080078618,-0.7829018058707],[29.97807119721405,-0.783308598108587],[29.97587245454313,-0.784964680191546],[29.9727276752145,-0.783477576373501],[29.970744031031323,-0.781035941511353],[29.965543167432767,-0.7787187589316],[29.962452864747984,-0.778508219577813],[29.960595857708014,-0.778460120954216],[29.95245873734355,-0.78185505300064],[29.952427045979597,-0.780347648021452],[29.950021365395532,-0.77766265321585],[29.952167771037733,-0.773491752356868],[29.95242667890754,-0.768814891486165],[29.951474542581575,-0.765571063794556],[29.953277578344156,-0.759817951424054],[29.95062507874611,-0.75474989688454],[29.948441822692782,-0.7525529838202],[29.948610019015003,-0.746647495362601],[29.950804358314336,-0.742190289765035]]]}},{"type":"Feature","properties":{"n":"Bwambara","c":"412204","d":"Rukungiri","od":"Rukungiri","dc":"412","k":"BWAMBARA","a":["BWAMBARA"],"lat":-0.51459,"lon":29.823855},"geometry":{"type":"Polygon","coordinates":[[[29.8196,-0.3743],[29.830513579808514,-0.38055097059454773],[29.84086249570716,-0.386526123209606],[29.844730179927023,-0.387416866548555],[29.845016171991173,-0.3872263832925594],[29.861199288572884,-0.3900822273952146],[29.861299750675894,-0.3901117680977397],[29.860812362325255,-0.4131164982479278],[29.860611207989972,-0.413206240698677],[29.860804437731172,-0.4134905390887574],[29.8608,-0.4137],[29.861557619883257,-0.41459869393048354],[29.86200969268148,-0.415263827402877],[29.861941858559174,-0.416772289402595],[29.865638928386247,-0.419856374730447],[29.86734375467624,-0.422861110626262],[29.869238153700902,-0.424475945950916],[29.86888147298239,-0.42529976111333],[29.8710172812722,-0.4258198095090923],[29.873339692932852,-0.4285746702375887],[29.873459478349943,-0.42951193411845],[29.87529572489441,-0.43091834158203973],[29.875282600342253,-0.4309746501445284],[29.87415496616584,-0.433230871123198],[29.874453562899458,-0.43453148820555465],[29.873931982864303,-0.43676923480798274],[29.871923018973156,-0.440146743380738],[29.87222141336001,-0.444108129778025],[29.8722,-0.4442],[29.872232738394445,-0.4442138722010356],[29.87326202652064,-0.445607558344655],[29.875710221893677,-0.446228936566104],[29.87665440616369,-0.447807999182477],[29.878494719316127,-0.448014589075657],[29.879755345669963,-0.44740141765676456],[29.881224370525466,-0.44802388581587527],[29.882378153950942,-0.448922735847475],[29.882933589800977,-0.44874813127160046],[29.884130411617075,-0.44925525915977815],[29.884618204362773,-0.449851604859647],[29.889201517709154,-0.45140403292760684],[29.8899,-0.4517],[29.90052416521827,-0.44853804606599107],[29.90383328893004,-0.449440516341813],[29.905352707885754,-0.448952883619947],[29.907305427916118,-0.446720955124395],[29.911322118302067,-0.446826087387509],[29.915072725297758,-0.44420811747090533],[29.9151,-0.4442],[29.92830206279946,-0.4470995184653023],[29.928774255776045,-0.447319189008174],[29.928988177013743,-0.447250207101149],[29.9365,-0.4489],[29.93767712938366,-0.45151584307480075],[29.937751516849396,-0.452584649841291],[29.938519876615327,-0.4533886147007281],[29.944322033682145,-0.4662822970714289],[29.944146846262015,-0.46805902782984504],[29.935244658635206,-0.49082808464457145],[29.931898558307843,-0.4992775775813535],[29.9246,-0.5176],[29.932923202867396,-0.5347574795950711],[29.931380765278245,-0.539171146643685],[29.932529613382517,-0.542578463915169],[29.928616382155447,-0.544890893476335],[29.92688341786396,-0.544131945375732],[29.92574970168842,-0.546296198721139],[29.922413949526156,-0.545102555891853],[29.918790053804056,-0.545848647907278],[29.91784217454058,-0.547201731144164],[29.919386088389757,-0.548312361970507],[29.919532412303,-0.5512799633036005],[29.9195,-0.5513],[29.9252,-0.5643],[29.923674314938097,-0.566048956046574],[29.91965372466589,-0.566855399095973],[29.916659809083626,-0.569342556154418],[29.916287322601242,-0.572645270036641],[29.913920941153712,-0.574980341651817],[29.912200472125054,-0.5792018978078634],[29.909604026397346,-0.5821783112030402],[29.909241188541912,-0.582239968590007],[29.907908570260606,-0.580930593991413],[29.904580663754462,-0.581919570328532],[29.90577183538086,-0.584610106958372],[29.905253872909064,-0.586324050510225],[29.90356321830024,-0.588569355214965],[29.89718886412815,-0.59147939230099],[29.8974204745362,-0.5961448218731351],[29.894694385993898,-0.5992698502021186],[29.892124263151292,-0.60120068152182],[29.89047214713119,-0.6041099776788778],[29.886257131830387,-0.6089418244871151],[29.885597223075845,-0.609270638521506],[29.885159984004048,-0.6101995305319443],[29.884429156442074,-0.6110373084688422],[29.87878695289541,-0.609283393008593],[29.877835806363105,-0.607558413982259],[29.874506126838035,-0.604974399647763],[29.873416738998,-0.604954396196699],[29.873849688015994,-0.603897647556503],[29.872908387908783,-0.603203944109091],[29.87071246498365,-0.607244862744934],[29.869524389338693,-0.606948760832032],[29.867493896504193,-0.608949880817263],[29.867305596844062,-0.610986201644635],[29.865929496045332,-0.612558208952506],[29.866353024927744,-0.614527010874174],[29.864480129589044,-0.622325347626832],[29.864009122631835,-0.6225410506109361],[29.86157579958707,-0.6236553443328761],[29.860105894015646,-0.6236785541189115],[29.858016766065393,-0.6237114656029925],[29.856855122169492,-0.6230837910683449],[29.85398495943086,-0.621532862223597],[29.84986885114218,-0.620874876713366],[29.84520899682198,-0.618525149409961],[29.84068117730571,-0.6205375995111782],[29.839972145371473,-0.62085239618091],[29.839972059441116,-0.6208527764552348],[29.839970718531262,-0.620853372440601],[29.839541949506195,-0.622746295135628],[29.837165707518547,-0.6227684954947148],[29.83696188857375,-0.622770267587182],[29.836961745787818,-0.6227704010345065],[29.836961650706343,-0.622770401922818],[29.833578056205244,-0.625932703552202],[29.833577978860355,-0.6259328599183662],[29.833577949284585,-0.625932887559794],[29.833502036797615,-0.626086390020405],[29.831735288710185,-0.629658178886286],[29.82791979338505,-0.6303580438058004],[29.82741411479332,-0.630450716247363],[29.827413877495,-0.630450842447523],[29.827413515854868,-0.630450908782093],[29.822728437203033,-0.6329418252296],[29.822728040969242,-0.6329428673249152],[29.822727556513208,-0.632943124968664],[29.82083206079816,-0.637929297302036],[29.819873087132414,-0.640451399118862],[29.820153257666668,-0.641720506290676],[29.823565995899223,-0.642411792466491],[29.8239565561,-0.644066053606265],[29.823957196243505,-0.6440667766261458],[29.823957223302354,-0.644066891596269],[29.82812771268766,-0.648777230274911],[29.829238085965283,-0.650031358373221],[29.83124344035726,-0.653906432665031],[29.83467400117291,-0.653691658337535],[29.83408949472017,-0.655726982080697],[29.834089727336178,-0.6557273389770634],[29.83408969054647,-0.655727467084404],[29.83427011174866,-0.6560040978411389],[29.836052305136793,-0.65873846834953],[29.833909830469935,-0.664536060172566],[29.833918282559328,-0.6645725544103521],[29.832329989552527,-0.6657067131377197],[29.83232729497262,-0.6657053750861909],[29.8254317096538,-0.661870916427834],[29.825239452112392,-0.6621857544747585],[29.825156445147655,-0.662144535583519],[29.821000849478192,-0.6691268261501423],[29.820999969480503,-0.669128267221071],[29.820405175639113,-0.672875314364185],[29.81769846658867,-0.674987689853039],[29.817334785466226,-0.6797999445336502],[29.817311830540717,-0.6801030325958495],[29.813861587494088,-0.682899397242633],[29.814813361776714,-0.684446857483172],[29.814782955331633,-0.68959183976938],[29.813590349813907,-0.690491074773948],[29.812323539502973,-0.689738123556481],[29.812322275940048,-0.6897383019670755],[29.812322253820714,-0.689738288813303],[29.81232207305007,-0.6897383306144192],[29.807961396178644,-0.690354042690954],[29.806725071689065,-0.6910325723073968],[29.80509156257669,-0.6914103023565303],[29.80493037617444,-0.6912949711184151],[29.804435826816263,-0.688946212753478],[29.805830717838617,-0.686585110960796],[29.802936290681302,-0.686373352504097],[29.803217267045305,-0.68561355208978],[29.801260334388104,-0.6846302934959],[29.797860181593784,-0.680549057716974],[29.797713331768037,-0.678809190989126],[29.796419190252784,-0.677633513600658],[29.797103132507516,-0.676207803254025],[29.795536511660885,-0.67527788490604],[29.79501179864853,-0.673860908291528],[29.794766569454907,-0.670911240313992],[29.792803363633197,-0.672550575334816],[29.78987250383353,-0.671690665018228],[29.790675384599943,-0.669834949879055],[29.78824991421537,-0.667051766973022],[29.7887458572732,-0.666106130834519],[29.787749206030156,-0.66586037515602],[29.788042556520846,-0.664327359273266],[29.78623363615632,-0.662838727097388],[29.786222851546036,-0.6628419000577388],[29.782420231358675,-0.6504018997305248],[29.78366521978266,-0.647262070687876],[29.787183147134538,-0.645939767311012],[29.788107283183315,-0.6430639391955169],[29.789225840748134,-0.642048316375929],[29.78928631761134,-0.642106583857209],[29.78947677109278,-0.6418204777807903],[29.7914734252312,-0.6400075648207536],[29.79158177295443,-0.640042384492912],[29.79438819174846,-0.638051474404539],[29.79538428443956,-0.6383594020098],[29.797182503750573,-0.636141357092372],[29.79810976590234,-0.636646674656814],[29.799527924944357,-0.635593626738616],[29.79784288602379,-0.634526993138109],[29.799786330674653,-0.633642542684403],[29.798646286928047,-0.633174401798932],[29.798311291847764,-0.631811749956443],[29.799444722188714,-0.63041155509746],[29.79839123976654,-0.630422407442893],[29.798839902292666,-0.629827319969721],[29.797581992121888,-0.629095407387144],[29.797555713103822,-0.6282108443469],[29.794576732210174,-0.6269005054060149],[29.793357720106375,-0.624545595660043],[29.794634902126194,-0.620909401394253],[29.79327699252405,-0.618553038051501],[29.79212801761571,-0.618714981275877],[29.789541306267175,-0.616835860823583],[29.789482068675706,-0.6170585417598865],[29.7894,-0.6169],[29.7747,-0.6201],[29.772965694616985,-0.6224537001626647],[29.77162585852444,-0.623921065917412],[29.770545098767847,-0.6257387945293484],[29.767762102539823,-0.6295157179816709],[29.76742861127838,-0.629428608545229],[29.76706911903646,-0.628615951017052],[29.76626540728325,-0.6288300208582409],[29.76508372577108,-0.6281957850183771],[29.76410210781083,-0.627296323180658],[29.763875353115765,-0.6275472234237143],[29.76329030626577,-0.6272332152273908],[29.763151700444123,-0.626340759700817],[29.76022623092718,-0.6255886550174131],[29.758568703869464,-0.6246990218508423],[29.757205408432295,-0.623149031852506],[29.757248011414074,-0.622202193099163],[29.75464022514384,-0.621036013396126],[29.752879055713404,-0.6216452558913744],[29.751427054817032,-0.6208659333763733],[29.75104602598022,-0.620383804017254],[29.750638287443277,-0.6204425836559956],[29.75,-0.6201],[29.74032303927512,-0.6111088081453836],[29.741006804387272,-0.610420488178889],[29.739386936212842,-0.6102390430953969],[29.737977088301886,-0.6089291056663191],[29.737973524878136,-0.608802775187384],[29.73922674788776,-0.608538600344712],[29.738839063243447,-0.607055829523336],[29.739701158028378,-0.606144276303939],[29.741346685275413,-0.606225922330599],[29.741528323396146,-0.604313788054792],[29.740509687316415,-0.603735182603151],[29.739383844680674,-0.601071250859735],[29.73561177822937,-0.5997006203558434],[29.735515481682967,-0.599210109822601],[29.73569882292697,-0.598408766326771],[29.735338283035325,-0.5983075042111802],[29.734635516686904,-0.5947277881239009],[29.734746591954952,-0.594710580778103],[29.733992360401004,-0.590436688481765],[29.731959877538745,-0.589567018675625],[29.7315235539184,-0.5890709876124975],[29.732053169889287,-0.587164489549285],[29.7309504363313,-0.588006787098919],[29.730400346725947,-0.5877940783831818],[29.726137542771408,-0.58294794336118],[29.725440902410718,-0.581742866419666],[29.726011573900745,-0.579246478556861],[29.72529813493758,-0.578744747014457],[29.726083040146566,-0.578245908411453],[29.72373006852269,-0.576451092531683],[29.72434541592318,-0.575861172042392],[29.723148639610777,-0.5738448007393699],[29.722930586564406,-0.5727397522501396],[29.72370125991058,-0.572361107487944],[29.72351426038464,-0.571287150853853],[29.724698383026645,-0.570785395319366],[29.72566751554834,-0.56860798627888],[29.72419979135657,-0.569307774812061],[29.724281472019978,-0.567836706561096],[29.722955751762765,-0.568219168850933],[29.72236090428727,-0.567148408152569],[29.721832159304928,-0.5671731463080355],[29.72091765692632,-0.5625386342537436],[29.721328917955454,-0.561361424572838],[29.72019053607896,-0.558124532452847],[29.720853425185933,-0.557455567445744],[29.719952791794974,-0.556554252818754],[29.719916721872195,-0.554894425711085],[29.719328222064554,-0.5544837016491885],[29.71919723949273,-0.5538199086157073],[29.719725986531273,-0.55317978409603],[29.719077516704886,-0.5532131778773102],[29.719005824199204,-0.5528498548400371],[29.71948803508195,-0.551842659005476],[29.722635891741316,-0.549882466603795],[29.723546042050888,-0.546448695363496],[29.72603302922287,-0.545563432641326],[29.72527374081459,-0.544637599007279],[29.726291309767557,-0.543676915903837],[29.72524901729545,-0.543084571166284],[29.725354621276335,-0.541549194567736],[29.727034558591704,-0.539567157313697],[29.7261721290571,-0.5394442218960648],[29.7262,-0.5394],[29.726070833228828,-0.5387067171261727],[29.726330312545567,-0.538277881570784],[29.72591563160117,-0.5378736961450573],[29.72505933632094,-0.5332776622940292],[29.725379191691697,-0.533150525334649],[29.72529479994451,-0.530587775745913],[29.72448474827691,-0.5301936489148545],[29.72258794936695,-0.5200128710919971],[29.722955235659043,-0.519508355214734],[29.722450724226455,-0.5192763361542353],[29.722343469365974,-0.5187006621071649],[29.722799550693576,-0.518544233427576],[29.72224607781505,-0.5181779278644608],[29.722083208490538,-0.5173037516941177],[29.72244721028647,-0.517613110730368],[29.72313036851383,-0.516712667941539],[29.721803908781514,-0.515804653255877],[29.721761059110413,-0.5155746642048795],[29.722063276590028,-0.513606319680696],[29.723642300441437,-0.5105158315781967],[29.724681291998344,-0.509369552849654],[29.726761232777132,-0.508814675835687],[29.726181869067624,-0.5077140248873476],[29.727444708354607,-0.506320783717469],[29.72785985574963,-0.506085354118586],[29.72804180712507,-0.5056620280087543],[29.728778455071133,-0.5048493131552175],[29.732146604835265,-0.505120842601986],[29.73240493868882,-0.503640555557594],[29.731718232870453,-0.50266861657856],[29.732854599132484,-0.502402255357146],[29.73318518224468,-0.500731732690697],[29.734273680305634,-0.500629613253044],[29.73587432489469,-0.49702071764335715],[29.73666412439862,-0.49614936275586996],[29.739089438197528,-0.494816116763407],[29.738985763440162,-0.493815015132185],[29.74038277737355,-0.493286871583059],[29.744078922548265,-0.495117007709967],[29.747110491308906,-0.495060734246696],[29.74751045184186,-0.492361389902754],[29.74660973405609,-0.491172147754864],[29.748727752031694,-0.488935166774159],[29.749818160536176,-0.489743208958696],[29.752218729539212,-0.484121516476479],[29.75212170636601,-0.481555522753561],[29.75088628660077,-0.480499460875279],[29.750354200830422,-0.477986751016296],[29.75082360844112,-0.472074157984132],[29.7502,-0.47206087152872805],[29.7502,-0.4717],[29.749365113863913,-0.4711960597196589],[29.74872431160889,-0.46879087989574],[29.747119352999135,-0.468148668366304],[29.745698260879692,-0.468982734044499],[29.739871398640098,-0.46546561899897737],[29.740515368095306,-0.465070752992243],[29.74023095078962,-0.463166770637308],[29.738335772917548,-0.462052984311673],[29.73637486498412,-0.453237747906897],[29.735697101108315,-0.45279629721398107],[29.734173520067355,-0.4508502105061974],[29.734227365960933,-0.45072605274927],[29.73406104017491,-0.45070653871080935],[29.729538041054337,-0.44492926252318304],[29.72831489657675,-0.442565599002518],[29.72774843378783,-0.4426433776113437],[29.724348612959343,-0.4383007493262183],[29.67594811192717,-0.3365518880728288],[29.675960963849924,-0.3365390361500757],[29.757949924856014,-0.3580717768771406],[29.8196,-0.3743]]]}},{"type":"Feature","properties":{"n":"Nyakagyeme","c":"412205","d":"Rukungiri","od":"Rukungiri","dc":"412","k":"NYAKAGYEME","a":["NYAKAGYEME"],"lat":-0.798446,"lon":29.876484},"geometry":{"type":"Polygon","coordinates":[[[29.843358446818833,-0.806113462837876],[29.84426547826073,-0.805791974038826],[29.843371253044076,-0.802407069700791],[29.845695177916916,-0.799555099214241],[29.846961208618584,-0.798909070649314],[29.8506658429379,-0.800296005665008],[29.854583547515755,-0.799827667950106],[29.85688682688475,-0.797983826089068],[29.85945648302463,-0.797723008271575],[29.858370335782602,-0.794125848224492],[29.853102477681265,-0.789732814806601],[29.848362846459366,-0.787319571003274],[29.846601863261867,-0.783193418482956],[29.84402092218579,-0.781190651943896],[29.844153945081867,-0.7811132120580173],[29.844488712099015,-0.781234610501076],[29.845770508908117,-0.7801728237091844],[29.84813589879009,-0.780672095925778],[29.848135886292642,-0.780671925679777],[29.84813660578631,-0.780672077628864],[29.847935405077894,-0.777935693995585],[29.849739699004896,-0.7766302288523943],[29.853117607808187,-0.778280633400739],[29.853117672415433,-0.778280599946033],[29.853118076773526,-0.778280797518037],[29.854467165604035,-0.7775818099459746],[29.855089909597304,-0.7772593427569818],[29.856234986026507,-0.777802370472527],[29.856235177941095,-0.7778022902274482],[29.856235188698005,-0.777802295330636],[29.858104687899164,-0.7770205936602848],[29.862130328151217,-0.775337356215049],[29.864819334873584,-0.776007730883373],[29.864819687748692,-0.7760075256239338],[29.864819731891433,-0.77600753662428],[29.864827828910247,-0.7760027900950752],[29.87026784516665,-0.77283845613696],[29.870284244018922,-0.772804201298566],[29.87037428028043,-0.772751421410746],[29.87038363255483,-0.7725965929745682],[29.870674643627062,-0.771988712795824],[29.870447321167177,-0.7715422175540055],[29.870474435504125,-0.771093335259847],[29.8696869308941,-0.7700486975603106],[29.869684634866495,-0.7700441878193853],[29.869902006454943,-0.7696636361234791],[29.870740624508738,-0.768198561545285],[29.869436682985512,-0.764458051650292],[29.866924451979155,-0.76070947408789],[29.86753207034233,-0.760524800991344],[29.86859399444455,-0.7551319950877966],[29.86860881827517,-0.7550568079369799],[29.87076780642916,-0.75269692005949],[29.87270790480677,-0.748458635509727],[29.87199658825235,-0.7473429440176923],[29.871941541796744,-0.7472560038220915],[29.872830736454777,-0.744588318336217],[29.87637761746489,-0.7434084683793283],[29.876479389397062,-0.743374647988641],[29.876479414158375,-0.7433746062835663],[29.87647949584898,-0.743374579109648],[29.8779150631643,-0.7409565662521092],[29.87849253351385,-0.7399839424308046],[29.881186305946144,-0.73889464538695],[29.88268002267355,-0.734081731312154],[29.885044101885256,-0.7327859168350115],[29.885273760965752,-0.732660208504249],[29.885273823078663,-0.7326600005600202],[29.88527400767027,-0.732659899380469],[29.885402988363158,-0.7322275755668882],[29.886345181294907,-0.7290732622880517],[29.888955816038024,-0.731370337579783],[29.892698166943976,-0.727168586639392],[29.90047592012478,-0.723951811686119],[29.900475975090092,-0.7239515176297193],[29.900476822508086,-0.723951167128603],[29.900747858943028,-0.7224969786716049],[29.90142999284484,-0.718847661788218],[29.903923933415236,-0.7193059516904571],[29.903965725959875,-0.719313676312768],[29.903965803945024,-0.7193136458758081],[29.90396596737201,-0.719313675907373],[29.90695122603866,-0.718148549198695],[29.907317084960784,-0.717146546031933],[29.90776961089009,-0.717800218025468],[29.90777258163245,-0.7177962627995569],[29.907773262895905,-0.717797241718662],[29.91062666272566,-0.714536175924941],[29.911276771117915,-0.7131308090634809],[29.911852593988435,-0.712364162461254],[29.911685459115713,-0.7122473308994854],[29.912044885257604,-0.711470344177004],[29.913682081409654,-0.71197115839402],[29.914212761105585,-0.713207811553334],[29.917449574755047,-0.715477938765711],[29.919957426995918,-0.715876643013772],[29.919829234749642,-0.717772502325587],[29.922946522774744,-0.726442024630023],[29.92671409506889,-0.7284252133014],[29.92803123403138,-0.731183177944821],[29.930019243679986,-0.731848145987482],[29.93057603637921,-0.733404304305697],[29.929556001190942,-0.733326729636793],[29.929150741932794,-0.734450672980889],[29.927670043608437,-0.73454625028443],[29.92247554864456,-0.73735177135084],[29.916771087478274,-0.738457481110337],[29.915555976846143,-0.742054325933083],[29.91410815316482,-0.742251584207961],[29.910829806901674,-0.747312385339323],[29.90508574237384,-0.753857664328337],[29.904471972153818,-0.7585469838939],[29.906267468077765,-0.760200568650845],[29.90486012230153,-0.764345330018976],[29.90378492390942,-0.765393955781842],[29.90120133272977,-0.765650744559494],[29.89989202879252,-0.764535206192967],[29.898579396736842,-0.765711507079588],[29.89857278807347,-0.767118342097532],[29.896034992608936,-0.768389298173154],[29.89479659343042,-0.770149057819209],[29.891660578936513,-0.769667858566124],[29.895719617872345,-0.777626598463888],[29.894773775271016,-0.782549515291304],[29.89558874777852,-0.785746509602038],[29.89505412001451,-0.787923001807385],[29.8971652685827,-0.793443044885654],[29.896468195621647,-0.7962871672643],[29.896801274163153,-0.800042356789502],[29.897919511959657,-0.80164114459276],[29.898263427048317,-0.80416960271486],[29.8965549286655,-0.809860405849702],[29.896449887476344,-0.814799781906911],[29.89457433091247,-0.816729518000604],[29.892674349902613,-0.816843547387551],[29.89272307254073,-0.819800510875955],[29.894022920778518,-0.822572957911248],[29.898674535339207,-0.823161760271042],[29.90180730066435,-0.826527343060094],[29.900508333104273,-0.829274454898803],[29.900624114967087,-0.83380608679716],[29.899298354105436,-0.836260459541114],[29.900524177651132,-0.837817861781817],[29.90056700852671,-0.843171644615175],[29.897060023537694,-0.847014658234473],[29.905053925406598,-0.847445841010239],[29.905062485797064,-0.847640830223936],[29.905163317038365,-0.8499406559031237],[29.903514210281838,-0.853648971507489],[29.90351434182307,-0.8536493001649527],[29.903514189288614,-0.853649643208055],[29.903515263353576,-0.8536516026208041],[29.905172191911145,-0.8577914599910196],[29.905171529801354,-0.8579390838659305],[29.90251059780064,-0.8628259886710682],[29.898399951209672,-0.86732107987673],[29.89834287906679,-0.8674261400504988],[29.898298215193,-0.867475436830219],[29.895544254709826,-0.8725779347159275],[29.8955361347624,-0.8725928821674285],[29.8948699499428,-0.8727937017918381],[29.89345171643996,-0.873221132573653],[29.889248938357255,-0.8772266604831268],[29.888710400434395,-0.877328044853446],[29.88755476007947,-0.877545311346888],[29.88755463839333,-0.8775456269433944],[29.887554365612232,-0.877545678296769],[29.886564248085037,-0.880113970672694],[29.884792789487346,-0.88077051586215],[29.88495221540168,-0.8849170077486564],[29.884846107100092,-0.8850711943450276],[29.883299173085152,-0.8857169583081614],[29.881681679595363,-0.886210122264812],[29.878422978645546,-0.881434760949807],[29.87041645843736,-0.874002274454494],[29.870371608928764,-0.873117402252526],[29.868572377208725,-0.871596044881347],[29.868650307247655,-0.870433987056608],[29.867227982501777,-0.869975037080612],[29.867261710865822,-0.868670572691829],[29.864857439682083,-0.865823023623125],[29.8643830010457,-0.863531798626233],[29.861319854222007,-0.861618180959256],[29.85948560861648,-0.855677986610261],[29.85814575181765,-0.853838606784016],[29.85628442281794,-0.852360774092182],[29.851548691103183,-0.850598087309582],[29.845626080580423,-0.845602470959238],[29.84421821062826,-0.8427349193986088],[29.84364033710261,-0.8385497141673873],[29.845116269376273,-0.83436819269294],[29.844906654722948,-0.832503208981542],[29.841895875753288,-0.825286434129556],[29.842285134652016,-0.821629262059179],[29.838562414333417,-0.814795611451188],[29.84167106916142,-0.810535519935721],[29.843358446818833,-0.806113462837876]]]}},{"type":"Feature","properties":{"n":"Ruhinda","c":"412206","d":"Rukungiri","od":"Rukungiri","dc":"412","k":"RUHINDA","a":["RUHINDA"],"lat":-0.669018,"lon":29.922904},"geometry":{"type":"Polygon","coordinates":[[[29.865763585063963,-0.6169813127554532],[29.866353024927744,-0.614527010874174],[29.865929496045332,-0.612558208952506],[29.867305596844062,-0.610986201644635],[29.867493896504193,-0.608949880817263],[29.869524389338693,-0.606948760832032],[29.87071246498365,-0.607244862744934],[29.870713071350018,-0.6072437469147147],[29.870713340705613,-0.607243813795757],[29.870714247919732,-0.6072415818011662],[29.87285659201003,-0.6032992584801598],[29.87296926216706,-0.6032488061913339],[29.87351573416768,-0.6036515358923514],[29.873810386851755,-0.6039935744442912],[29.873416738998,-0.604954396196699],[29.87342026622264,-0.604954460963959],[29.87341933094516,-0.604956198190448],[29.874506644080075,-0.6049748010560159],[29.87783566801255,-0.6075583066146237],[29.878033215543702,-0.6079164310538371],[29.87878695289541,-0.609283393008593],[29.878787317530705,-0.6092835063578321],[29.878787371064522,-0.609283603406722],[29.88442914628925,-0.6110373201074455],[29.8842,-0.6113],[29.888131027092644,-0.6137399478506069],[29.8887399644665,-0.615543139787843],[29.89044587058623,-0.6151767472604187],[29.893207352291384,-0.6168907703877569],[29.893262315754104,-0.616955907760578],[29.89253416368024,-0.619879607449158],[29.89604647562377,-0.621081895551567],[29.896125164987076,-0.624796751103436],[29.898776121554125,-0.621986625199846],[29.90028651566745,-0.623043660163815],[29.901780924679358,-0.622370674717151],[29.905629237071697,-0.6281279924694697],[29.90556214974026,-0.628333312493971],[29.90580641818816,-0.6283930665807123],[29.906935278924195,-0.6300819133511588],[29.906802196228867,-0.631024562471847],[29.90745408548168,-0.6308580806418865],[29.9143,-0.6411],[29.919550593110678,-0.6424443547578067],[29.921007929811097,-0.646495697914925],[29.92243158117694,-0.646947311552442],[29.92333074581543,-0.646046338733369],[29.925592319683055,-0.645981041559609],[29.926297993197306,-0.6441719499490685],[29.927564132700045,-0.6444961305946979],[29.92774334069056,-0.64466997347283],[29.928946067288308,-0.6448499592573933],[29.930846710026916,-0.6453365972532682],[29.93088582034662,-0.646332824257861],[29.931816196245613,-0.6455848231933211],[29.935,-0.6464],[29.935700585859788,-0.6467472201848952],[29.935116618306694,-0.647453421585777],[29.938329063836285,-0.648345201420406],[29.93824874304169,-0.650277409505975],[29.939295126672576,-0.649446893551475],[29.940273371188862,-0.651219600094215],[29.942793711726218,-0.651369721476594],[29.94538358534891,-0.653483163213535],[29.94701685587375,-0.652672886332189],[29.948467612727296,-0.654830333376651],[29.9514464759206,-0.655465037547408],[29.952696010294943,-0.6551703910672305],[29.95372787152047,-0.6556817959728657],[29.954036996550943,-0.657191620591669],[29.957799480230477,-0.6577057174647187],[29.9571,-0.6654],[29.962933198142508,-0.6738846518436454],[29.971666283545456,-0.687120409883714],[29.973091116726938,-0.694638569645561],[29.972416277414336,-0.6959045098988429],[29.970802559399118,-0.698931649242921],[29.96893111617535,-0.7004549706342108],[29.968759353823774,-0.7004704487295058],[29.967584472806855,-0.700574170704987],[29.96709886614707,-0.7039658148239119],[29.966546466206538,-0.7041184563526619],[29.965401529230235,-0.704433854460495],[29.962101949884772,-0.70329374014353],[29.961445591471534,-0.7042330084644889],[29.961403462284398,-0.704293177842494],[29.9614034768293,-0.7042932757643411],[29.961403077414236,-0.704293847339122],[29.961888387146953,-0.7075589095126166],[29.961590838766465,-0.709066707445337],[29.961103791226623,-0.7115345399342622],[29.960828394420925,-0.7119586354234426],[29.9588475326962,-0.715006796346962],[29.958848050600537,-0.7150082527896202],[29.958847661397833,-0.71500885213975],[29.96107497627348,-0.7212710976517345],[29.959811679664,-0.7267241536875938],[29.959559859926504,-0.727810377811661],[29.95955998241187,-0.7278106120930304],[29.959559807579218,-0.727811366763193],[29.961291044296917,-0.731124164979149],[29.95714979298226,-0.7369447290110469],[29.954651963918632,-0.7382095250094319],[29.954647323974243,-0.738211490278918],[29.953042667472452,-0.7373483511622135],[29.952896590009694,-0.737269765237747],[29.953001067261628,-0.736177227739987],[29.951069330017187,-0.734638217881213],[29.94653500671352,-0.73496207257165],[29.94523558778442,-0.733905265773002],[29.94278519167574,-0.733536752222268],[29.941323132415114,-0.735327959843317],[29.934931174941234,-0.737052374806665],[29.932877655530504,-0.734166837449798],[29.930576154416006,-0.733404374156267],[29.930548226750698,-0.7333265802536453],[29.930019243679986,-0.731848145987482],[29.930017234110117,-0.7318474738077758],[29.930016915661977,-0.731846586754617],[29.929191744819693,-0.7315713564367776],[29.92803123403138,-0.731183177944821],[29.92671409506889,-0.7284252133014],[29.926505928282232,-0.7283156376965211],[29.926426262336015,-0.728165808559096],[29.9229578276045,-0.7264479753082188],[29.922946585016216,-0.7264420573929208],[29.919829236610205,-0.7177724748093564],[29.919957426995918,-0.715876643013772],[29.917449574755047,-0.715477938765711],[29.91744929954629,-0.7154777457490732],[29.91386674046881,-0.7124014729710604],[29.913682081409654,-0.71197115839402],[29.91319047511052,-0.7118207772540013],[29.912801979947215,-0.711487184124223],[29.91227922799671,-0.7115420290360545],[29.912044885257604,-0.711470344177004],[29.91199807960982,-0.7115715259293239],[29.910885641908852,-0.711688238162666],[29.910806123583672,-0.7116326528143263],[29.910458479186882,-0.70861130860934],[29.910393413165774,-0.7085609120292792],[29.91037934206078,-0.708445589241635],[29.908826963260335,-0.7073476256360801],[29.90882581545665,-0.7073467366101468],[29.909336174750525,-0.706567894580444],[29.90871860342765,-0.7023526111625151],[29.908954465402065,-0.7021096777850285],[29.910096118871728,-0.700934228750323],[29.911667565434783,-0.700788409096983],[29.911667611028882,-0.7007883318545394],[29.911667676672174,-0.700788325775972],[29.912498675800904,-0.699380525599848],[29.912405862794692,-0.6993490162964596],[29.910786451243304,-0.6987985366824047],[29.91109892156885,-0.69787986731818],[29.910848296546824,-0.6978366341618599],[29.909495178656133,-0.6976031141805303],[29.909115117775393,-0.693890753964544],[29.909114282836793,-0.6938910985059179],[29.9091141705191,-0.693890003338286],[29.90739794203939,-0.694598594571333],[29.907477493721693,-0.6924765471802916],[29.907498486976095,-0.691922451479255],[29.9074982663192,-0.6919224365057063],[29.907498276971843,-0.691922152345653],[29.906045097994937,-0.6918238260053893],[29.9051775963358,-0.691764958239553],[29.90517735771474,-0.6917651121598085],[29.90517658168847,-0.691765059651601],[29.902831658239666,-0.6932781834027811],[29.902535969177514,-0.6934689148334522],[29.899201502227267,-0.6938909158013388],[29.89853170647647,-0.689419177548578],[29.898531572040365,-0.6894190653919262],[29.898531479865152,-0.689418450031556],[29.896682967565454,-0.687876790029012],[29.898274498637814,-0.685999166684512],[29.89827364212144,-0.6859989236722638],[29.89827370805231,-0.685998845862999],[29.897887878451098,-0.6858894741631545],[29.896739756428612,-0.685563727076481],[29.89460123900106,-0.687147532932842],[29.894436637842144,-0.6872691825648963],[29.893549376105405,-0.686033497502908],[29.89135707999203,-0.6866412027094065],[29.890827368805173,-0.6859902073682627],[29.8915879072539,-0.684842735778762],[29.891587632085784,-0.6848427273613891],[29.89158774641808,-0.684842554880778],[29.89020306284625,-0.6847992371045619],[29.888751968619054,-0.682169458867127],[29.887440319067874,-0.6833886758382326],[29.88743796557802,-0.6833863891771588],[29.886278504263867,-0.6820993285040002],[29.885724264152785,-0.6786772791696586],[29.885723515717295,-0.678668842307897],[29.888376051407892,-0.6786152935551918],[29.88841579081796,-0.678614522349093],[29.888415836122768,-0.6786144903909344],[29.888416026553923,-0.678614486546556],[29.889982620300344,-0.6775092757647767],[29.89100047366237,-0.676791278711262],[29.891000424246535,-0.6767912287933544],[29.891003419781136,-0.676789115484052],[29.88815589673754,-0.673917767968884],[29.8866095517136,-0.6709566438714136],[29.885832508318583,-0.667080013647487],[29.885832277701653,-0.6670797066285944],[29.88583207850187,-0.667078712855427],[29.8846330506771,-0.6654822458740614],[29.884826060178728,-0.663819167482952],[29.885055257951993,-0.661847150061889],[29.885054972886593,-0.6618467268793016],[29.88505499739867,-0.661846515669459],[29.883916907652022,-0.6601560937550037],[29.884792947665577,-0.65909861505156],[29.8847815835381,-0.6573374471476694],[29.88477108252704,-0.65566827894332],[29.887780458676158,-0.650175507531013],[29.88849429571606,-0.646806196714264],[29.88760147668673,-0.6462259479607725],[29.88755420098048,-0.6460450069541415],[29.887080895857757,-0.644222103685283],[29.882318597868803,-0.6425945326534825],[29.881957736413717,-0.6422750862968513],[29.878659269878444,-0.639354535160186],[29.878658477995394,-0.6393544748919293],[29.87865800309809,-0.639354054497309],[29.877157455572164,-0.6392393844888511],[29.877112619300068,-0.638259984562535],[29.875750048408563,-0.6386758602164353],[29.87539507621857,-0.6381453937783478],[29.87501869554639,-0.637581837256935],[29.875017691034504,-0.637581433614639],[29.87501760973838,-0.637581312126628],[29.87219636781901,-0.6364475874354903],[29.871210911795664,-0.6346340038751244],[29.871008531703065,-0.634261415250268],[29.871008453648873,-0.6342614101134703],[29.871008409644208,-0.634261329129503],[29.87093962374509,-0.6342568803721972],[29.86915132682421,-0.63413919137474],[29.869275553805075,-0.632544864051343],[29.869274499294296,-0.6325436303074697],[29.867365606767027,-0.6293053029691515],[29.867364920527965,-0.629303157294732],[29.866708639127832,-0.6291823309762904],[29.866370879222206,-0.6291198164019112],[29.866369908246632,-0.6291163271638283],[29.865406439354857,-0.624272781347964],[29.864629762166565,-0.6228630452676647],[29.86448013628927,-0.622325358920285],[29.864363066129528,-0.6223789689595717],[29.864363061381603,-0.6223789603416806],[29.864480129589044,-0.622325347626832],[29.86516849141433,-0.6194591557952143],[29.865723963065015,-0.618037666578019],[29.865763585063963,-0.6169813127554532]]]}},{"type":"Feature","properties":{"n":"Rwerere Town Council","c":"412207","d":"Rukungiri","od":"Rukungiri","dc":"412","k":"RWERERETOWNCOUNCIL","a":["RWERERE","RWERERETOWNCOUNCIL"],"lat":-0.796742,"lon":29.841644},"geometry":{"type":"Polygon","coordinates":[[[29.823037222109022,-0.7810176689913495],[29.8254872022114,-0.782568084838869],[29.828021324460877,-0.781021437835043],[29.830087353628286,-0.778361593053137],[29.836116838491726,-0.7779014574335474],[29.836195455157146,-0.7778954647953804],[29.836768912457412,-0.7783689107699604],[29.837179596016842,-0.778708305972255],[29.837179853487182,-0.7787081834171891],[29.83718107050811,-0.778709188188875],[29.838662385263152,-0.7780025029915728],[29.839158590787612,-0.7777663107349413],[29.83916210299143,-0.7777696927615688],[29.839659487248895,-0.778777253295866],[29.841187506746312,-0.7797200264517806],[29.84171632457676,-0.780229244047641],[29.842435564980995,-0.7804900662337779],[29.845766688493068,-0.7825453370150275],[29.846420367257497,-0.7830525806591517],[29.848362740609854,-0.787319324767186],[29.848362741580182,-0.787319325261283],[29.848362846459366,-0.787319571003274],[29.85271202683231,-0.7895340117673704],[29.85310253085609,-0.7897328591507692],[29.858370335782602,-0.794125848224492],[29.858863750588636,-0.7957599655505994],[29.85945495683608,-0.7977231631783585],[29.85688682688475,-0.797983826089068],[29.854583547515755,-0.799827667950106],[29.850666325876734,-0.8002959479326125],[29.84717441449359,-0.7989888903205994],[29.846961208618584,-0.798909070649314],[29.845695177916916,-0.799555099214241],[29.84569516889425,-0.7995551102870528],[29.845695157062337,-0.799555116324549],[29.845664930076577,-0.7995922200131691],[29.843371253044076,-0.802407069700791],[29.84337138145463,-0.802407555772346],[29.84337134151506,-0.802407604798253],[29.844265181830963,-0.8057920791055807],[29.843596414017156,-0.806029117593303],[29.84335964852123,-0.806112612701564],[29.843359461224946,-0.8061131032911302],[29.843358446818833,-0.806113462837876],[29.84167106916142,-0.810535519935721],[29.838982073568182,-0.8142205116590502],[29.838562406870565,-0.814795602612502],[29.836059079724393,-0.812950912016021],[29.8338652414112,-0.81377120513547],[29.831796379912696,-0.81328865987617],[29.82730700369966,-0.809906456799967],[29.827905358368042,-0.804431613641793],[29.823282665721855,-0.79502088806734],[29.822258305994815,-0.790892338702596],[29.822941473865427,-0.780957089753457],[29.823037222109022,-0.7810176689913495]]]}},{"type":"Feature","properties":{"n":"Eastern Division","c":"412301","d":"Rukungiri","od":"Rukungiri","dc":"412","k":"EASTERNDIVISION","a":["EASTERN","EASTERNDIVISION"],"lat":-0.782401,"lon":29.948322},"geometry":{"type":"Polygon","coordinates":[[[29.92655563156661,-0.773909451646772],[29.926222567949356,-0.771075903877183],[29.92763595479654,-0.764658637444135],[29.930768098361664,-0.759870909554843],[29.928484022962397,-0.756206045698423],[29.9294924574565,-0.755034997696604],[29.928575550150075,-0.753931611462211],[29.929574680408546,-0.752651670224569],[29.929227938327166,-0.750805921466348],[29.92995392396146,-0.750492107033205],[29.930262471960113,-0.748121543182422],[29.937270422226792,-0.748950616407598],[29.940567359097642,-0.746758104640939],[29.94172377421888,-0.746796175195775],[29.943213311961895,-0.747747957669444],[29.9438956968635,-0.749390696670431],[29.94618297869735,-0.750457070348808],[29.948506947294717,-0.7502664142927224],[29.948441822692782,-0.7525529838202],[29.948444203845444,-0.7525553798677821],[29.94844415984225,-0.752555844827548],[29.949664635314114,-0.7537834455514079],[29.95062507874611,-0.75474989688454],[29.953277578344156,-0.759817951424054],[29.951474542581575,-0.765571063794556],[29.95242667890754,-0.768814891486165],[29.952167771037733,-0.773491752356868],[29.950021365395532,-0.77766265321585],[29.95240847612771,-0.7803269220962478],[29.952427047298915,-0.7803477107751127],[29.95245873734355,-0.78185505300064],[29.960595857708014,-0.778460120954216],[29.960625699419182,-0.7784608938889449],[29.965530803549182,-0.7787179165920864],[29.965543167432767,-0.7787187589316],[29.970744031031323,-0.781035941511353],[29.9727276752145,-0.783477576373501],[29.975328896226245,-0.7847076422362873],[29.97587051130163,-0.784963938271778],[29.97587066919427,-0.784963835935454],[29.97587245454313,-0.784964680191546],[29.975891505357307,-0.7849503312127202],[29.978537565252456,-0.7832353175053511],[29.97907486874757,-0.7831508907843922],[29.98143978607962,-0.783366784625393],[29.98164870160154,-0.7834913716865353],[29.983369827832533,-0.7855061062059492],[29.981564806224277,-0.786443209555865],[29.98231504846379,-0.787746926183916],[29.98482112500669,-0.7904375671332557],[29.982654351556846,-0.793090354677267],[29.978614978973287,-0.795981899109293],[29.978040434581146,-0.799008673388674],[29.976802674470942,-0.79967270559859],[29.976802224113303,-0.7996742567182773],[29.975936183435515,-0.802113606231437],[29.97049810340913,-0.7994329149395935],[29.968420111723233,-0.796784444663746],[29.968418466090693,-0.7967838595245998],[29.962639406435304,-0.794304434918154],[29.95720803943377,-0.7927977573319394],[29.957205210879273,-0.792796751580096],[29.95720497439806,-0.7927969070817906],[29.957204879175215,-0.792796880666686],[29.953772645055317,-0.794913949642273],[29.953768294658474,-0.7950567463287129],[29.953550868894578,-0.795199717833704],[29.953673358662968,-0.798153524628268],[29.95152316572075,-0.8010950878281019],[29.95150658149101,-0.801117770662522],[29.95150658213457,-0.801117774939508],[29.95150627786943,-0.801118191188265],[29.951841445466318,-0.803346413455944],[29.951611290810185,-0.8041070930299276],[29.95072397483457,-0.8070396627717324],[29.947255409728207,-0.810521248579574],[29.947255399612583,-0.8105213682488263],[29.947255378460298,-0.810521389474827],[29.94687438330653,-0.815028194026349],[29.94460792281622,-0.816932190925921],[29.944257739888055,-0.8189560659870021],[29.93921632653649,-0.810236333548279],[29.93245778237578,-0.804414671439085],[29.931327049708756,-0.800571496330037],[29.929531046297917,-0.799524880536222],[29.9301024144594,-0.795989865278548],[29.926961764846457,-0.793058813541986],[29.92728138399241,-0.79103229466204],[29.92535474680813,-0.791390267291554],[29.92569892296082,-0.785862070683118],[29.924412369605196,-0.785713100637045],[29.925290573313507,-0.782947521472302],[29.92396482936951,-0.78149751968421],[29.923633943897194,-0.77930732480106],[29.924467701635614,-0.775504220327596],[29.92655563156661,-0.773909451646772]]]}},{"type":"Feature","properties":{"n":"Southern Division","c":"412302","d":"Rukungiri","od":"Rukungiri","dc":"412","k":"SOUTHERNDIVISION","a":["SOUTHERN","SOUTHERNDIVISION"],"lat":-0.817686,"lon":29.917872},"geometry":{"type":"Polygon","coordinates":[[[29.896449492215808,-0.814800624446962],[29.89644950172832,-0.8148001787981068],[29.896449887476344,-0.814799781906911],[29.89655116588966,-0.8100373437254691],[29.896554943755223,-0.8098603555876365],[29.898263427048317,-0.80416960271486],[29.897919511959657,-0.80164114459276],[29.896801274163153,-0.800042356789502],[29.896468210011896,-0.7962873295026398],[29.8967648123594,-0.7950769434443274],[29.8971652685827,-0.793443044885654],[29.895054443059976,-0.7879238464778682],[29.89626351105376,-0.787301542238614],[29.897711709844387,-0.78878564728124],[29.899943300331017,-0.788523616221341],[29.89994229328819,-0.791242585550412],[29.903005820392696,-0.792180637255258],[29.906339565485926,-0.795396540818924],[29.90939940520579,-0.795622988176553],[29.911668041583923,-0.796776053253406],[29.91084211923027,-0.797975803475925],[29.915396323149206,-0.798049633013661],[29.918186220779994,-0.796229467116929],[29.919429186796876,-0.791989126784317],[29.920898496410057,-0.790534691993921],[29.92535548935823,-0.7913783403671726],[29.92535474680813,-0.791390267291554],[29.925386919182248,-0.791384289606988],[29.92575739845806,-0.79145441631394],[29.927270612260994,-0.7910342960689732],[29.927280453094728,-0.7910324676244916],[29.92696181414181,-0.793058493453316],[29.926961815177787,-0.7930584944203338],[29.926961764846457,-0.793058813541986],[29.92909217445192,-0.7950470457688315],[29.93010239007781,-0.7959900161257675],[29.929851241777083,-0.7975438532746612],[29.929530908374286,-0.79952392949197],[29.92953117489038,-0.7995240849435665],[29.929531046297917,-0.799524880536222],[29.931187041630018,-0.8004899070270414],[29.931327075851183,-0.8005715851838676],[29.931328074646515,-0.8005749799255844],[29.931851177397277,-0.803570153157628],[29.932457703036334,-0.8044144017773072],[29.93245778237578,-0.804414671439085],[29.93921632653649,-0.810236333548279],[29.939216451347075,-0.8102365494232404],[29.944119997139385,-0.8197521473817665],[29.94365755189084,-0.8224248402241786],[29.943657006826562,-0.8224263034601782],[29.938217761469843,-0.8233638207230837],[29.932641635683574,-0.8237459734566438],[29.931787063386334,-0.823662215362708],[29.93164808639879,-0.8238140651012118],[29.93149805137924,-0.82382434756166],[29.929851286383713,-0.825777041036276],[29.929851257109327,-0.8257773258004574],[29.929850914484934,-0.825777700160453],[29.929581076445224,-0.8283994134638413],[29.924585404359203,-0.834051586916596],[29.924585398690144,-0.834051653647995],[29.924584984163708,-0.834052122636145],[29.924406388973793,-0.836133550605191],[29.92224944233414,-0.837846376888061],[29.914612144946226,-0.837638787458981],[29.912077584380835,-0.839183394108091],[29.911043630537275,-0.841567332789068],[29.910802758062804,-0.8440388166896408],[29.9101609860574,-0.8464831041782639],[29.909584779823533,-0.8467941598896451],[29.907015199743114,-0.8474171222174759],[29.90505393699508,-0.847445843490973],[29.905060539498276,-0.8475964377531686],[29.905060536880825,-0.8475964376642295],[29.905053925406598,-0.847445841010239],[29.897060023537694,-0.847014658234473],[29.90056700852671,-0.843171644615175],[29.900524177651132,-0.837817861781817],[29.899298354105436,-0.836260459541114],[29.900624114967087,-0.83380608679716],[29.900508333104273,-0.829274454898803],[29.90180730066435,-0.826527343060094],[29.898674535339207,-0.823161760271042],[29.894249026841194,-0.8226015784647205],[29.893921305875555,-0.8223562234277327],[29.893128657672154,-0.8206655836302139],[29.89269451816205,-0.8180675534980696],[29.892681937875476,-0.8173040593709072],[29.894396547162344,-0.8167401878820033],[29.89457433091247,-0.816729518000604],[29.89464260942117,-0.8166592671187078],[29.894776426856406,-0.816615259520576],[29.896449492215808,-0.814800624446962]]]}},{"type":"Feature","properties":{"n":"Western Division","c":"412303","d":"Rukungiri","od":"Rukungiri","dc":"412","k":"WESTERNDIVISION","a":["WESTERN","WESTERNDIVISION"],"lat":-0.765681,"lon":29.913012},"geometry":{"type":"Polygon","coordinates":[[[29.896035063823614,-0.7683892625080544],[29.89857278807347,-0.767118342097532],[29.898579396736842,-0.765711507079588],[29.899891549343515,-0.764535635845959],[29.901201163022833,-0.76565074833865],[29.90120131897147,-0.7656507328373044],[29.90120133272977,-0.765650744559494],[29.90378492390942,-0.765393955781842],[29.90486012230153,-0.764345330018976],[29.905572271811526,-0.7622479849121734],[29.906267402221633,-0.760203021095124],[29.9062668182602,-0.7602024824227047],[29.906267468077765,-0.760200568650845],[29.904572233168984,-0.7586393205481823],[29.904471989512658,-0.7585468512690988],[29.90508574237384,-0.753857664328337],[29.910829806901674,-0.747312385339323],[29.910829835837788,-0.7473123406704845],[29.91082987557166,-0.747312295396198],[29.91122243716757,-0.7467062798415005],[29.914108073094553,-0.7422517078128681],[29.914295796836473,-0.7422260187558691],[29.915555976846143,-0.742054325933083],[29.915556244807014,-0.742053532743027],[29.915556452786014,-0.742053504282139],[29.91555652737523,-0.7420526963138174],[29.916689929717105,-0.7386977159213658],[29.916880690867536,-0.7384362364154134],[29.92247554864456,-0.73735177135084],[29.922476086084746,-0.7373514810820496],[29.922476299120117,-0.737351445191303],[29.923031265417137,-0.7370516314675086],[29.927670043608437,-0.73454625028443],[29.929150741932794,-0.734450672980889],[29.929556001190942,-0.733326729636793],[29.92955708643108,-0.7333268121703617],[29.93286412559225,-0.7341623551224951],[29.932877655530504,-0.734166837449798],[29.934931174941234,-0.737052374806665],[29.934933900796807,-0.7370516394284713],[29.934934379378813,-0.737052311062143],[29.941322499074662,-0.735328233737194],[29.941322606678682,-0.7353281016758892],[29.941323132415114,-0.735327959843317],[29.94278519167574,-0.733536752222268],[29.94523549037352,-0.733905251123437],[29.94543888120227,-0.7340706026488113],[29.94653500671352,-0.73496207257165],[29.950728713765628,-0.7346625456944983],[29.952982102427143,-0.7361621185074414],[29.953001067261628,-0.736177227739987],[29.952896590009694,-0.737269765237747],[29.953040274984893,-0.7373470640653336],[29.953040274991025,-0.7373470642548263],[29.95289659096099,-0.737269777117903],[29.953047607051513,-0.7405487314152158],[29.952492779807997,-0.7410869660402764],[29.950804358314336,-0.742190289765035],[29.95030055435049,-0.7432136309814121],[29.950039381606256,-0.743466993114784],[29.949033883110495,-0.7457865303242387],[29.948610019015003,-0.746647495362601],[29.948606457628973,-0.7467725380734632],[29.948557820620284,-0.746884736502292],[29.94858147895247,-0.7476495565709345],[29.948506947294717,-0.7502664142927224],[29.94618297869735,-0.750457070348808],[29.944890457702254,-0.7498544728256166],[29.943895672642896,-0.7493906383629704],[29.943213311961895,-0.747747957669444],[29.94172377421888,-0.746796175195775],[29.940567359097642,-0.746758104640939],[29.93727049316552,-0.7489505692322934],[29.93712342730554,-0.7489332262223355],[29.930262471960113,-0.748121543182422],[29.930262139644515,-0.7481240963519292],[29.930261699962262,-0.748124044501597],[29.93010041714365,-0.7493666048630345],[29.92995392396146,-0.750492107033205],[29.929227938327166,-0.750805921466348],[29.929574680408546,-0.752651670224569],[29.928951005111507,-0.7534506328471215],[29.928575735943166,-0.753930606440423],[29.928576044190073,-0.7539309785695927],[29.928575550150075,-0.753931611462211],[29.928893561673092,-0.7543142995860975],[29.929491479993708,-0.7550361327786109],[29.928573137962317,-0.756102560600286],[29.928484049351148,-0.756205824892881],[29.928484118112134,-0.7562059352054638],[29.928484022962397,-0.756206045698423],[29.930768035508866,-0.7598708087057424],[29.92817559646947,-0.7638337526858225],[29.92763595479654,-0.764658637444135],[29.927028086572374,-0.7674185699837841],[29.926222628310867,-0.771075489399279],[29.926222639069607,-0.7710755809665794],[29.926222567949356,-0.771075903877183],[29.92649225423374,-0.773370267266081],[29.926555608047583,-0.7739094696106948],[29.924467701635614,-0.775504220327596],[29.923936512184607,-0.7779271891161106],[29.923634102143332,-0.779306058286391],[29.923634150817488,-0.7793063809543499],[29.923633943897194,-0.77930732480106],[29.923866661782345,-0.7808477294543961],[29.923964582584265,-0.781496860480345],[29.92396475893232,-0.7814970534468517],[29.92396482936951,-0.78149751968421],[29.92472823898727,-0.7823324813039187],[29.925290505758568,-0.7829477342117065],[29.92458404127523,-0.7851724839334975],[29.924412725489532,-0.785711204654749],[29.924412974302175,-0.7857111963666007],[29.924412369605196,-0.785713100637045],[29.9256589591815,-0.7858574432760849],[29.925663449614266,-0.7864318476202165],[29.925354749957002,-0.7913902167140109],[29.92535548935823,-0.7913783403671726],[29.920898496410057,-0.790534691993921],[29.920522012376594,-0.7909073646228798],[29.920360632694823,-0.790891239051092],[29.92024485532447,-0.791181715825239],[29.919429186796876,-0.791989126784317],[29.918192510328375,-0.7962080105161009],[29.91709179726445,-0.796943483408277],[29.915541893525138,-0.7979546609864001],[29.911847724517855,-0.7979921056386847],[29.91084211923027,-0.797975803475925],[29.911668041583923,-0.796776053253406],[29.911663400196964,-0.7967736942058038],[29.91166340347461,-0.796773689459999],[29.911426713303072,-0.7966533948955538],[29.90939940520579,-0.795622988176553],[29.909399278734043,-0.7956229788168492],[29.909399277241597,-0.795622978058335],[29.909399266944032,-0.7956229779443146],[29.906471031103518,-0.79540627010034],[29.90300601729447,-0.792180812542699],[29.903005995038495,-0.7921808057276605],[29.903005820392696,-0.792180637255258],[29.89994229328819,-0.791242585550412],[29.899943300331017,-0.788523616221341],[29.899940998042993,-0.7885238865536333],[29.89994099847653,-0.788522817797586],[29.899243066009962,-0.7886058370151752],[29.897711709844387,-0.78878564728124],[29.89770184381584,-0.7887755366370329],[29.896566808878923,-0.787458508498582],[29.896400906053096,-0.7874423437726755],[29.89626351105376,-0.787301542238614],[29.896055362505184,-0.7874086757702595],[29.895454542857863,-0.787350134965606],[29.89535619908103,-0.786693225170368],[29.89558874777852,-0.785746509602038],[29.894793257203776,-0.7826259394990221],[29.895711434745806,-0.7776691899598553],[29.895719617872345,-0.777626598463888],[29.895719402519322,-0.7776261762115438],[29.89571945164241,-0.777625911022253],[29.895712587636922,-0.7776128139656293],[29.891754028419168,-0.7698510891627748],[29.89479501119537,-0.7701488150364265],[29.89479659343042,-0.770149057819209],[29.8947966512847,-0.7701489756085391],[29.894796707859662,-0.770148981147482],[29.896035063823614,-0.7683892625080544]]]}}]}
