{"type":"FeatureCollection","name":"Tororo sub-counties","metadata":{"source":"Uganda Bureau of Statistics NPHC 2024 Map Explorer","retrieved":"2026-07-26","display_only":true,"clipped_to_dashboard_district":true,"positive_area_overlaps_removed":true,"source_gap_ratio":0.01069429},"features":[{"type":"Feature","properties":{"n":"Tororo Eastern","c":"212101","d":"Tororo","od":"Tororo","dc":"212","k":"TOROROEASTERN","a":["EASTERN","TOROROEASTERN"],"lat":0.682804,"lon":34.197623},"geometry":{"type":"Polygon","coordinates":[[[34.17820762473315,0.681617524678432],[34.185090558929105,0.680731576589133],[34.186453412056956,0.681278244651905],[34.18829571127281,0.683990248380909],[34.19158269423057,0.685934213914292],[34.19186650625942,0.688749945193573],[34.184822686450616,0.6913274645814],[34.186782781787265,0.696104640627639],[34.18453175702884,0.696993915922417],[34.18417972481207,0.699384453588946],[34.18262580973078,0.700224131838271],[34.18434559644559,0.707020389541015],[34.18461747255223,0.712165455744121],[34.18810308216348,0.712953248840462],[34.18832758944981,0.711381910743877],[34.190549289859376,0.712059510064587],[34.19362788158631,0.710656833094427],[34.19484172961918,0.71107812869907],[34.19495788425677,0.710012766194739],[34.20069014030774,0.708866304261427],[34.207212234222816,0.702420795600773],[34.21259864102297,0.693115363862119],[34.20736658952198,0.684453120739471],[34.20989324407589,0.673732091001195],[34.20620487331966,0.669220448352517],[34.2049878746726,0.669243116625091],[34.19516370317193,0.65951819314769],[34.1946137427342,0.658908614770818],[34.19513237033015,0.657686151540583],[34.190063598514065,0.657900042850309],[34.18448660983255,0.652809287702857],[34.17948799450077,0.655803916352928],[34.17853803931749,0.655372565149248],[34.17644496379016,0.658665735664965],[34.17421954482601,0.658668325231882],[34.1719425168286,0.660014255305866],[34.17305608158376,0.660013123315959],[34.17820762473315,0.681617524678432]]]}},{"type":"Feature","properties":{"n":"Tororo Western","c":"212102","d":"Tororo","od":"Tororo","dc":"212","k":"TOROROWESTERN","a":["TOROROWESTERN","WESTERN"],"lat":0.688037,"lon":34.17435},"geometry":{"type":"Polygon","coordinates":[[[34.156307076592775,0.685729969910897],[34.15628666190892,0.687331379467681],[34.1575244067001,0.688742730636245],[34.157366216137824,0.699497285908644],[34.16115587984104,0.706244263963414],[34.166309999223046,0.706306376798487],[34.16836835303407,0.707409305264306],[34.17173827211216,0.706567873689604],[34.17921436364652,0.714543403196008],[34.18274180185123,0.71487519980971],[34.18099938483147,0.711983169103219],[34.184568181197115,0.711582762051932],[34.18434595324966,0.707027141809848],[34.18434559878013,0.7070204337206895],[34.184284984386835,0.7067808626464024],[34.18262580973078,0.700224131838271],[34.18417972481207,0.699384453588946],[34.18453175702884,0.696993915922417],[34.18453304883435,0.6969934055900793],[34.184533099946314,0.696993059339358],[34.18475519589553,0.6969056456076237],[34.186782781787265,0.696104640627639],[34.184822686450616,0.6913274645814],[34.18980021842453,0.6895060543928184],[34.1918664872741,0.6887497568380092],[34.19158269423057,0.685934213914292],[34.18829571127281,0.683990248380909],[34.18829500097346,0.6839892027665744],[34.18829490017904,0.683989143255363],[34.18814982169349,0.6837754878904695],[34.186453412056956,0.681278244651905],[34.18586459525861,0.6810420582779637],[34.18508954058403,0.6807317076670779],[34.17820762473315,0.681617524678432],[34.17305608158376,0.660013123315959],[34.1719425168286,0.660014255305866],[34.17195541230227,0.6600066329113051],[34.166916153029426,0.65999389946685],[34.16709956462113,0.663624371671942],[34.15542930862114,0.66975563401797],[34.15646127663864,0.671106661433989],[34.155390640993204,0.673190979351874],[34.15746827655098,0.674417372112182],[34.15403112010503,0.681184249312905],[34.15131251102271,0.682375658326208],[34.153902181793875,0.682799823877849],[34.156307076592775,0.685729969910897]]]}},{"type":"Feature","properties":{"n":"Akadot","c":"212201","d":"Tororo","od":"Tororo","dc":"212","k":"AKADOT","a":["AKADOT"],"lat":0.772637,"lon":34.151024},"geometry":{"type":"Polygon","coordinates":[[[34.118076417039276,0.804811864721706],[34.11912982573978,0.807630434040925],[34.118129272347026,0.812583251528067],[34.12360058242238,0.810788058519626],[34.13880139836336,0.801508224419789],[34.147039364190405,0.798025172068511],[34.15145980245148,0.791849241702351],[34.152434282886304,0.78883356483601],[34.15939858469319,0.784092686598082],[34.16188015539057,0.781064068954741],[34.16913013060975,0.786647096968652],[34.17368721826405,0.782060661560003],[34.175089107770155,0.77527736137153],[34.175227998500205,0.769483616830405],[34.1771349295096,0.765329739508422],[34.17303549324447,0.761715555379157],[34.16910121533728,0.757004118017918],[34.17003551391566,0.756722523532913],[34.16610568503818,0.752901223810233],[34.164630853376025,0.753712758047724],[34.15962030856877,0.752825938476422],[34.160258962757396,0.752135950612883],[34.15970737930571,0.751045614076689],[34.16106937409841,0.744057961139905],[34.159497125930145,0.743124309526831],[34.159775852543305,0.740318471227676],[34.148749962478256,0.736817349991362],[34.14614185370946,0.734802554949729],[34.14618038684311,0.736893660989282],[34.14448048311029,0.738362923519686],[34.141543720394864,0.743346888040574],[34.1426546891137,0.743497419962481],[34.1430592335158,0.745566431799582],[34.14143069411819,0.746535372375387],[34.140196927382824,0.749189661081595],[34.141270589295516,0.750190480554829],[34.14181837688339,0.753439649296738],[34.143529191367044,0.755259132134966],[34.1394139504527,0.757583888901759],[34.137120922763046,0.760754591400719],[34.12865832496092,0.76707552492944],[34.12723256620588,0.76999584509301],[34.125904010005065,0.780382835278292],[34.123669926308224,0.783207493913045],[34.12024925452582,0.784616520954795],[34.11848767971144,0.786320486120127],[34.11544359058299,0.791559848749579],[34.117677170611294,0.798631678664391],[34.118076417039276,0.804811864721706]]]}},{"type":"Feature","properties":{"n":"Apetai","c":"212202","d":"Tororo","od":"Tororo","dc":"212","k":"APETAI","a":["APETAI"],"lat":0.795007,"lon":34.204484},"geometry":{"type":"Polygon","coordinates":[[[34.17852092999208,0.823413383154531],[34.180704487714245,0.824634606239374],[34.186468457861075,0.823257975924086],[34.191745550813415,0.817394960911311],[34.191986900710255,0.817285693553287],[34.1922,0.817],[34.20224267709051,0.8125471148749623],[34.20296211435686,0.811601993732821],[34.20639769596068,0.8107047951872443],[34.224,0.8029],[34.22417666004385,0.8026234886270062],[34.22592145482928,0.799631908998145],[34.22612992547707,0.7995662036011042],[34.22762278691457,0.7972295509163186],[34.22746237898722,0.796456834868431],[34.22811925702838,0.794630514543676],[34.23067126047498,0.7924580270826383],[34.2340627825932,0.7871495576802122],[34.23576577601213,0.783063616725519],[34.23719698330303,0.7822438522213402],[34.2378,0.7813],[34.243601519593796,0.7776761281620421],[34.24402546997949,0.777240920045029],[34.24452130763439,0.7771015900736463],[34.25972497107041,0.767604745864329],[34.25130450708286,0.768015479662595],[34.24563770776987,0.765680788265722],[34.243308338725015,0.766901983818258],[34.241716794146775,0.769270912599603],[34.23777028532757,0.772609170969209],[34.235784086533045,0.773228966613018],[34.23161234416969,0.769896925375129],[34.223006175011726,0.770186616262778],[34.21780043671979,0.772173577855332],[34.21045651000817,0.771695790631481],[34.20681580012274,0.778234800928273],[34.200779471780024,0.782900988939941],[34.19137588352141,0.785093608931006],[34.187234071325804,0.783540577469059],[34.18260158200905,0.784955077126805],[34.17863260163022,0.785212190953105],[34.18096479523957,0.788363905208387],[34.18098636333915,0.795517215639705],[34.18046908458077,0.795383200332142],[34.179969922086016,0.80002395328902],[34.180854321640055,0.800505687309488],[34.18016121806681,0.81010202455552],[34.17897892022142,0.815727533940305],[34.178178708363035,0.815433841313234],[34.17716280883226,0.823820127925909],[34.17780656844878,0.824245672210901],[34.17852092999208,0.823413383154531]]]}},{"type":"Feature","properties":{"n":"Magodes Town Council","c":"212203","d":"Tororo","od":"Tororo","dc":"212","k":"MAGODESTOWNCOUNCIL","a":["MAGODES","MAGODESTOWNCOUNCIL"],"lat":0.82362,"lon":34.165375},"geometry":{"type":"MultiPolygon","coordinates":[[[[34.141874884294346,0.841384906130884],[34.14377952990914,0.840869997525896],[34.148243937074206,0.842495129394117],[34.156375051536905,0.843402129829926],[34.15918180494351,0.846704032516843],[34.16425659790001,0.84707387580557],[34.1544813439285,0.854397652177261],[34.162457814119826,0.859096858653849],[34.16821665941262,0.860072677958903],[34.170717731883464,0.8623486129779551],[34.17913209478572,0.8573764894448009],[34.180439497216994,0.8504080078988534],[34.180692957443746,0.8483875678055872],[34.180176246640336,0.842273314765688],[34.18192921313402,0.8385328438745648],[34.18307015470942,0.8294379096020951],[34.1821566105879,0.828659737393736],[34.18116191389737,0.825575199605632],[34.17853989862077,0.8234239919545685],[34.178524282959096,0.8234152584064094],[34.17800162550119,0.8240184149465489],[34.17780656844878,0.824245672210901],[34.17716280883226,0.823820127925909],[34.17716320996464,0.8238168165638667],[34.17716273306033,0.823816500929302],[34.178067070238534,0.8163554179855659],[34.178178708363035,0.815433841313234],[34.17897892022142,0.815727533940305],[34.18016121430529,0.8101020424532435],[34.18016121806684,0.8101020245550639],[34.18085414320649,0.8005081578041287],[34.18085432163439,0.8005056873064044],[34.179969922086016,0.80002395328902],[34.17997020964458,0.8000212798344306],[34.17997011901972,0.800021230511298],[34.180209676388365,0.7977949386910854],[34.18046908458077,0.795383200332142],[34.18098636333915,0.795517215639705],[34.180966469205195,0.7889190953274821],[34.18096473818878,0.7883638281102451],[34.17867814138767,0.7852737331433286],[34.17863258997925,0.785212193988151],[34.1746361329385,0.786900287940294],[34.17256663082302,0.789726489676926],[34.166074384840925,0.791636637438928],[34.16456659727533,0.796194337926961],[34.1651986690142,0.798384683299011],[34.163440701517686,0.802894558612607],[34.160287855118135,0.806158003076678],[34.16087700587871,0.808358714353515],[34.159025416538384,0.810203590849809],[34.156649848608964,0.82095059880418],[34.15177830925756,0.825163728451347],[34.15163712633836,0.827338630380098],[34.15016244477525,0.82810794654955],[34.14935493815605,0.830931327395423],[34.147405477537234,0.831411496816823],[34.147143712014945,0.833038376450826],[34.145313874594784,0.833542140779734],[34.14524179718511,0.835194722575388],[34.14160678714467,0.839933325852153],[34.14234277411248,0.840484383787161],[34.141874884294346,0.841384906130884]]],[[[34.161271032240855,0.804715961336276],[34.16127103612945,0.804715965969081],[34.161271032240876,0.804715961336257],[34.161271032240855,0.804715961336276]]]]}},{"type":"Feature","properties":{"n":"Merikit","c":"212204","d":"Tororo","od":"Tororo","dc":"212","k":"MERIKIT","a":["MERIKIT"],"lat":0.888999,"lon":34.091594},"geometry":{"type":"MultiPolygon","coordinates":[[[[34.12870935290735,0.817181110473852],[34.13025125175904,0.818848537213502],[34.13144785540306,0.821837396828565],[34.13125599200987,0.824863315318313],[34.12660364125136,0.832564374810894],[34.12517532793758,0.839248587516975],[34.118869248136775,0.84847129433833],[34.11924766054108,0.849331438439377],[34.11818784740898,0.850626467666788],[34.11804132088799,0.853195761314108],[34.123848262635235,0.856089339992111],[34.1258467581691,0.853967133123996],[34.130649744780946,0.85171159950933],[34.134975873375474,0.848287897768289],[34.13457337642283,0.847329595378973],[34.13920678593374,0.844481295359403],[34.14041889622186,0.8422557229413],[34.14189574630649,0.8413447541392417],[34.14234277411248,0.840484383787161],[34.14160678714467,0.839933325852153],[34.14524179718511,0.835194722575388],[34.145313874594784,0.833542140779734],[34.147143712014945,0.833038376450826],[34.147405477537234,0.831411496816823],[34.14740737934209,0.8314110283854378],[34.147407448497546,0.831410600259864],[34.1480083139827,0.8312630128595558],[34.14935493815605,0.830931327395423],[34.15016244477525,0.82810794654955],[34.15163645222645,0.8273389820527624],[34.15168355203812,0.8266234493614566],[34.15177830925756,0.825163728451347],[34.156649848608964,0.82095059880418],[34.159025416538384,0.810203590849809],[34.16087700587871,0.808358714353515],[34.160287855118135,0.806158003076678],[34.163440701517686,0.802894558612607],[34.1651986690142,0.798384683299011],[34.16456659727533,0.796194337926961],[34.16457002215569,0.7961839852889554],[34.16544311254598,0.793120577182802],[34.16577795577215,0.7925326754102185],[34.166074384840925,0.791636637438928],[34.16633136301716,0.7915610293535957],[34.169130120784345,0.786647103899093],[34.16910048243082,0.7866242656335743],[34.16188015539057,0.781064068954741],[34.16181161579747,0.7811477176781693],[34.15939909814623,0.784092236173318],[34.15939877167576,0.7840924583963639],[34.15939858469319,0.784092686598082],[34.152434282886304,0.78883356483601],[34.15145980245148,0.791849241702351],[34.147039364190405,0.798025172068511],[34.13880165468316,0.801508116046522],[34.132909739725896,0.8051049796821936],[34.12360058242238,0.810788058519626],[34.120924326931444,0.8116661654227183],[34.11812927206597,0.81258326288593],[34.116286104923326,0.815780516530777],[34.11569890126245,0.818670666759208],[34.126473510404914,0.816250533816692],[34.12870935290735,0.817181110473852]],[[34.161271032240876,0.804715961336257],[34.16127103612945,0.804715965969081],[34.161271032240855,0.804715961336276],[34.161271032240876,0.804715961336257]]],[[[34.07445271160918,0.900312570520102],[34.07625606679816,0.9000454114994515],[34.0773,0.8996],[34.078502998621204,0.8997125385806933],[34.07896703986435,0.899643792942109],[34.0795888770184,0.8998141207533342],[34.10781575987571,0.9024547001174057],[34.10829000516788,0.902475213461978],[34.11103795627917,0.898466770882035],[34.11573423653249,0.894838619980054],[34.11915721273804,0.893598122901837],[34.11142076579426,0.8705048370911],[34.11043189393909,0.8718938010109],[34.10909151453426,0.871893188364127],[34.10904437758134,0.873556469225612],[34.108022021715996,0.873341466987766],[34.10655802908184,0.874614952592913],[34.105882734375015,0.873175631847194],[34.10072370690637,0.870943246270891],[34.09390764681831,0.869587312597069],[34.08723256844677,0.872187603974908],[34.08456437831566,0.87682876901354],[34.08127521797721,0.878765403418221],[34.07373835131107,0.881861478680049],[34.06416116465475,0.884399589926038],[34.067123811782054,0.894067175288798],[34.06825110639921,0.8943988182057],[34.07445271160918,0.900312570520102]]]]}},{"type":"Feature","properties":{"n":"Merikit Town Council","c":"212205","d":"Tororo","od":"Tororo","dc":"212","k":"MERIKITTOWNCOUNCIL","a":["MERIKIT","MERIKITTOWNCOUNCIL"],"lat":0.844273,"lon":34.111777},"geometry":{"type":"MultiPolygon","coordinates":[[[[34.08260357831857,0.842853713565665],[34.0853336033807,0.841396472683425],[34.09083188857351,0.841508603600012],[34.09439516197842,0.840640566861149],[34.09923810051596,0.837468707932933],[34.10231675029931,0.84560087779113],[34.09882871137577,0.846927127389797],[34.0906852293212,0.848303033544577],[34.0907397152198,0.850062143108224],[34.0921103736618,0.850236695681352],[34.0951516412881,0.85721418859411],[34.0929852402622,0.86371953560478],[34.08723257680517,0.872187588917428],[34.08736486771656,0.8721360665050288],[34.09390764681831,0.869587312597069],[34.10072370690637,0.870943246270891],[34.105882734375015,0.873175631847194],[34.106187184322756,0.8738245353872195],[34.10655913044231,0.8746139945507281],[34.108022021715996,0.873341466987766],[34.10904437758134,0.873556469225612],[34.10909151453426,0.871893188364127],[34.10999825915191,0.8718936028095906],[34.110432620202786,0.8718927809049372],[34.11142076579426,0.8705048370911],[34.11154194654287,0.8708665614954506],[34.11243069336459,0.870042756684321],[34.11256432268773,0.867863055910309],[34.11164048882272,0.866589740161604],[34.112078487387755,0.86494882931019],[34.11368049474211,0.863653454956614],[34.115199233164155,0.864137467019353],[34.115865608550216,0.861360162619613],[34.11814575623106,0.85978133513214],[34.11985809346319,0.860115314499188],[34.12109278530032,0.857584385191881],[34.123848253697226,0.856089348224189],[34.123577884199264,0.8559546113670655],[34.11804132088799,0.853195761314108],[34.11814116492053,0.8514450295231205],[34.1181877046769,0.850627656365388],[34.11818778524118,0.8506275577584254],[34.11818784740898,0.850626467666788],[34.11869164367967,0.8500108582961922],[34.119247340520886,0.8493307110227363],[34.118869248136775,0.84847129433833],[34.12517529882972,0.8392486300875305],[34.12660350978908,0.832564805337248],[34.1266035708537,0.8325647042574448],[34.12660364125136,0.832564374810894],[34.13125588735003,0.8248634885622708],[34.13144774553562,0.8218371224032234],[34.13025125176169,0.8188485372201215],[34.1302512153954,0.8188484978894446],[34.12870935290735,0.817181110473852],[34.126473510404914,0.816250533816692],[34.11611673967059,0.8185768142135775],[34.115698897517035,0.818670678374811],[34.11265019784452,0.823962790030433],[34.10804265496042,0.824513940457171],[34.10264872057011,0.823905509481767],[34.100865471087914,0.822159770360884],[34.09814478750902,0.822973841780742],[34.07925529724124,0.832128913756833],[34.07381540087206,0.839354625138582],[34.07800675342861,0.842945447221098],[34.08260357831857,0.842853713565665]]],[[[34.108489622875595,0.82444461888013],[34.10848962379714,0.824444624819648],[34.1084896228756,0.824444618880129],[34.108489622875595,0.82444461888013]]]]}},{"type":"Feature","properties":{"n":"Molo","c":"212206","d":"Tororo","od":"Tororo","dc":"212","k":"MOLO","a":["MOLO"],"lat":0.868291,"lon":34.1366},"geometry":{"type":"MultiPolygon","coordinates":[[[[34.12433913551062,0.895163357197067],[34.13282685884117,0.8872162531869304],[34.135747406162494,0.88387779930871],[34.13969194997622,0.880764960979766],[34.13974917997789,0.8807348442245245],[34.14,0.8805],[34.153836848039276,0.872323680704063],[34.15651105029498,0.870430813465391],[34.15977765136208,0.868793092956497],[34.15980663468306,0.8687960795054668],[34.16205087077498,0.8674699399966029],[34.162161238603076,0.866811467949629],[34.16374740885615,0.865418361694822],[34.16861552785937,0.8635908244467334],[34.170717731883464,0.8623486129779534],[34.16841440501785,0.8602526232236053],[34.16245864088526,0.8590969987468069],[34.162457814119826,0.859096858653849],[34.1544813439285,0.854397652177261],[34.16425571073923,0.8470745404805902],[34.159493605703716,0.8467267560879468],[34.15918180494351,0.846704032516843],[34.156375051536905,0.843402129829926],[34.148243937074206,0.842495129394117],[34.14822357476598,0.8424877171141011],[34.143777718807186,0.8408704871455772],[34.14375589865711,0.8408763860818138],[34.1404219877553,0.8422538159836818],[34.14041889622186,0.8422557229413],[34.13920678593374,0.844481295359403],[34.13920618158444,0.8444816668715944],[34.139205975793544,0.844482044758316],[34.136734341470785,0.846443905440826],[34.13457348619467,0.8473298567340289],[34.134975873375474,0.848287897768289],[34.130649744780946,0.85171159950933],[34.13063298979323,0.8517194678298277],[34.12563166204629,0.8541955441769056],[34.123848262635235,0.856089339992111],[34.12377194264665,0.856051310009844],[34.12377193722556,0.8560513164135873],[34.123848253697226,0.856089348224189],[34.123647560104565,0.856198238727359],[34.12320979632937,0.856715353661537],[34.122468072839986,0.8568381941938958],[34.12117227144127,0.857541258324859],[34.121058390170504,0.8576548899441361],[34.11985809346319,0.860115314499188],[34.11814575623106,0.85978133513214],[34.115865608550216,0.861360162619613],[34.115199233164155,0.864137467019353],[34.11368049474211,0.863653454956614],[34.11224499037279,0.8648141959104033],[34.112078473696926,0.8649488806013096],[34.11164048882272,0.866589740161604],[34.11256432268773,0.867863055910309],[34.112511865282755,0.8687187172542815],[34.11278171105134,0.869377323168347],[34.112454889046695,0.8696480877165835],[34.11243069336459,0.870042756684321],[34.111541955111086,0.8708665535533291],[34.11915722403285,0.893598120468256],[34.12433913551062,0.895163357197067]]],[[[34.13736305416162,0.845795632316596],[34.13736305596029,0.845795638158222],[34.137363054161625,0.845795632316594],[34.13736305416162,0.845795632316596]]]]}},{"type":"Feature","properties":{"n":"Mukuju","c":"212207","d":"Tororo","od":"Tororo","dc":"212","k":"MUKUJU","a":["MUKUJU"],"lat":0.760157,"lon":34.19949},"geometry":{"type":"Polygon","coordinates":[[[34.17463717599432,0.78689978626423],[34.176953300911094,0.785628414744988],[34.17828970749189,0.785357026735582],[34.17863258997925,0.785212193988151],[34.17867814138767,0.7852737331433286],[34.178680980417504,0.7852775697934056],[34.178680980417504,0.7852775697934054],[34.17863260163022,0.785212190953105],[34.17917640172144,0.7851769631341564],[34.18723318120432,0.7835408492617071],[34.187234071325804,0.783540577469059],[34.18723422881232,0.7835406365208722],[34.18723434148331,0.783540613640444],[34.18805140710165,0.7838470491570352],[34.19137588352141,0.785093608931006],[34.199423255299415,0.7832172158190656],[34.20077950757634,0.7829009612687557],[34.20681580012274,0.778234800928273],[34.20906004122099,0.7742039618579524],[34.20963076476638,0.772281939017603],[34.210455345530214,0.7716978821283572],[34.21045651000817,0.771695790631481],[34.21045814789679,0.7716958971905856],[34.21309481096694,0.769828328483811],[34.21680182221219,0.763700687512892],[34.21863050674204,0.753479650335025],[34.22086372307666,0.750823949973885],[34.22592671330331,0.747902691208917],[34.22818389143132,0.743019883012052],[34.21924791173432,0.733042738570908],[34.2085554206202,0.7310351858127],[34.20437888377276,0.726492666302178],[34.203052249956706,0.729778579216378],[34.203313983162694,0.731644036950293],[34.20165151727807,0.733131456207099],[34.19621600145939,0.732378434136111],[34.190013828690745,0.728895566212228],[34.18628221354809,0.727964860772402],[34.17967590597139,0.726664097649499],[34.17439055177508,0.727502347862032],[34.17758736795838,0.732874070286944],[34.18308880460339,0.736292704476946],[34.18560056611037,0.739587443973864],[34.189290467421365,0.742538373684001],[34.18828104866629,0.745812266795415],[34.183434514681615,0.745998437791097],[34.18094347531454,0.749936099862284],[34.1793114135193,0.757335440451702],[34.181702892186614,0.758270226511178],[34.18138391481629,0.762043401990803],[34.177675772571206,0.764151719751815],[34.17693268277001,0.7657702945892789],[34.175227998500205,0.769483616830405],[34.175089107770155,0.77527736137153],[34.17368721826405,0.782060661560003],[34.16913013060975,0.786647096968652],[34.16911261752145,0.7866336105690934],[34.169112614168554,0.7866336139210014],[34.169130120784345,0.786647103899093],[34.16633136301716,0.7915610293535956],[34.17256663082302,0.789726489676926],[34.1746361329385,0.786900287940294],[34.17463711120263,0.7868998747238544],[34.17463717599432,0.78689978626423]]]}},{"type":"Feature","properties":{"n":"Apokor Town Council","c":"212301","d":"Tororo","od":"Tororo","dc":"212","k":"APOKORTOWNCOUNCIL","a":["APOKOR","APOKORTOWNCOUNCIL"],"lat":0.715852,"lon":34.2495},"geometry":{"type":"Polygon","coordinates":[[[34.23843184555538,0.726458024344307],[34.24841144997548,0.734304594481331],[34.25078704744194,0.733420421072522],[34.255761978577254,0.729122631644652],[34.25669106418522,0.728039695567308],[34.257072173664184,0.725071356161239],[34.2654626683208,0.720967458642731],[34.26581725306737,0.718984017321293],[34.266708460841535,0.718480793190271],[34.26556708018786,0.713887223470556],[34.266457245811964,0.712701318948947],[34.265995377578534,0.712018425911809],[34.26720572822734,0.711301094150654],[34.26781255642377,0.708895404339293],[34.2707707607135,0.707674429137657],[34.27159078547886,0.704444723347257],[34.27397826493987,0.700673498136744],[34.26221037848979,0.70053312472943],[34.2581810468695,0.703297938177195],[34.25543538878712,0.702114402791564],[34.248801052603646,0.696623870420022],[34.240340096459455,0.704534426783907],[34.241193182967386,0.70540503913669],[34.239566380007886,0.70840860548255],[34.23895275436063,0.708319775811158],[34.23870412607318,0.713137828355396],[34.23231078277206,0.715223154441975],[34.233579447589435,0.716480129828464],[34.23843184555538,0.726458024344307]]]}},{"type":"Feature","properties":{"n":"Kalait","c":"212302","d":"Tororo","od":"Tororo","dc":"212","k":"KALAIT","a":["KALAIT"],"lat":0.725918,"lon":34.287466},"geometry":{"type":"Polygon","coordinates":[[[34.27070821561203,0.7607441518526574],[34.271938931727746,0.759671308165831],[34.27255076533496,0.7595932182148354],[34.2727,0.7595],[34.28256128304126,0.7580587355555084],[34.282422129638846,0.757365930286201],[34.28693348619588,0.755699749718472],[34.28981716725547,0.755804915076615],[34.305337216937374,0.7490381734153037],[34.3052760228538,0.748842485340798],[34.30572082897086,0.747225525542777],[34.310633124474066,0.7462796395512746],[34.3079,0.7291],[34.30832683428933,0.7219047934083928],[34.30778029189339,0.720514195810791],[34.308710528847534,0.715436799427304],[34.3093,0.7055],[34.314164829675924,0.6982027554861132],[34.314073836952666,0.6978519660053784],[34.309599638209086,0.6949233995550355],[34.30782277321394,0.694826862688917],[34.30526708558694,0.693045323740705],[34.30419638923138,0.6913867274968999],[34.30318145343216,0.6907224058828666],[34.30130031245704,0.689987632089376],[34.29900990814669,0.691088611679324],[34.29911330922128,0.689497478908841],[34.29781695178163,0.689018905500081],[34.29796811038474,0.687909121088951],[34.295647420245245,0.688494398647372],[34.294851006798616,0.687786993228431],[34.29496686112388,0.686502778709277],[34.296056828426046,0.6860590149697733],[34.29475127655652,0.6852044719279009],[34.29361446598288,0.685678706164744],[34.29380064322349,0.6845822392008325],[34.29189549112323,0.6833352305533876],[34.29099045581967,0.682966373497457],[34.28902203555797,0.683131619374038],[34.289434988941906,0.6817247200347037],[34.286945706038985,0.6800953712255181],[34.28461673173117,0.680630375030421],[34.284103457456844,0.681495730256526],[34.28434515830891,0.683007987747607],[34.287333324258384,0.684262530435866],[34.286248725189274,0.685872859219831],[34.28766742917184,0.686851192539514],[34.28599247565261,0.688788092272852],[34.28570774220433,0.691444475372711],[34.282962472713415,0.693168502324465],[34.276438856161754,0.700061965989742],[34.27397827682491,0.700673496375365],[34.27396167614541,0.7006997015369764],[34.27159078547886,0.704444723347257],[34.27095493156364,0.7069490636533223],[34.27077130362903,0.707673477639952],[34.2707709670059,0.7076736166454155],[34.2707707607135,0.707674429137657],[34.26781255642377,0.708895404339293],[34.26720572822734,0.711301094150654],[34.265995377578534,0.712018425911809],[34.266457245811964,0.712701318948947],[34.26556708018786,0.713887223470556],[34.266708460841535,0.718480793190271],[34.26581725306737,0.718984017321293],[34.26550218854001,0.7207463943229228],[34.26629457878719,0.720574609169835],[34.26706968223932,0.723281984106033],[34.265632032253116,0.72287512052522],[34.26789325310812,0.728553533273353],[34.26758589268373,0.730519126750475],[34.26894644748908,0.729831906255843],[34.27045782193826,0.733091019704909],[34.269341060926585,0.738451179732205],[34.2721003657097,0.746014352403449],[34.271055796850774,0.749028553547868],[34.270249776811816,0.756638540648284],[34.26364199337455,0.761427444640985],[34.25873844814016,0.7676528665273731],[34.25972497107041,0.767604745864329],[34.27070821561203,0.7607441518526574]]]}},{"type":"Feature","properties":{"n":"Kayoro","c":"212303","d":"Tororo","od":"Tororo","dc":"212","k":"KAYORO","a":["KAYORO"],"lat":0.613995,"lon":34.135429},"geometry":{"type":"Polygon","coordinates":[[[34.116999306380215,0.638398503589626],[34.11997633975375,0.634992949417877],[34.12144902809005,0.631895414523659],[34.124305702185445,0.633496595054952],[34.124559248201024,0.633986053785435],[34.12303159348644,0.634808283894843],[34.12606169863509,0.636598913983138],[34.12711287738415,0.635213566704416],[34.128056231520716,0.636882719630286],[34.12942705326279,0.63695147589352],[34.132721027180146,0.636303154410753],[34.13471955577984,0.632608714038467],[34.136721973001535,0.631443560157792],[34.14133802130838,0.631257945754165],[34.14215493170364,0.633237265434349],[34.14111237066382,0.637484307432935],[34.14265872447015,0.640519000686671],[34.14341046664253,0.645926695703945],[34.1448410403207,0.643949148186221],[34.14831247500676,0.643737588018001],[34.149801226196736,0.645255337744185],[34.151804379299264,0.645610954413481],[34.15187009628785,0.646898443312635],[34.15286918951863,0.647689840115356],[34.15640798105827,0.649411904457186],[34.15715699032336,0.646994917082288],[34.16286462373615,0.639662070913794],[34.164143279617456,0.639089721977691],[34.16536544398118,0.639601862938989],[34.16599083884144,0.638619103443658],[34.16698827775182,0.630039305274628],[34.165316658693754,0.628620233598226],[34.16387310800243,0.628577734370952],[34.1614120527883,0.625186577729199],[34.16762075537949,0.607462232558704],[34.17159674079193,0.6011008968258676],[34.16993037885444,0.5996735622154838],[34.16859140246888,0.599661633756251],[34.168050078684885,0.600378298895465],[34.16735525756139,0.599489601198232],[34.16654750292202,0.599862268090004],[34.16564292767593,0.596971981451622],[34.164855529600345,0.597881039596813],[34.164777482479764,0.596522188435008],[34.164025381615666,0.596892226119972],[34.16419721475461,0.59559363383434],[34.163437051569744,0.596694245313099],[34.163484000363994,0.595545916641815],[34.1627042144375,0.595412046660402],[34.162285295216364,0.596704061095045],[34.1619147748816,0.594675019181776],[34.16007205151239,0.59401371785193],[34.16108707799687,0.592846561207552],[34.15986359813015,0.593434521380319],[34.159489313306125,0.591927794827091],[34.15702704526489,0.590942830643514],[34.15702585437471,0.589362480039165],[34.154924389274306,0.588969589970346],[34.15497153171876,0.587907661663179],[34.153715780338345,0.588222653937587],[34.15392514377387,0.586184552098873],[34.153357890089225,0.5855747567921645],[34.15157045320514,0.5852572515561764],[34.14836140408167,0.585199054979909],[34.14845696718464,0.584704198118324],[34.13861226712469,0.5829554685024122],[34.13767130281616,0.583945540337005],[34.13586623340492,0.584704035527059],[34.13375902084541,0.5825690784421755],[34.132545473906205,0.5824806418231241],[34.13200727390565,0.583173194569813],[34.131048692417686,0.582371564629629],[34.129892785702616,0.5822873285127415],[34.128918780935386,0.582959976136696],[34.126886525072926,0.582119340178348],[34.126896385390516,0.582068967356394],[34.11941935834758,0.5815240827945606],[34.118852442065844,0.582320071598442],[34.11812743425798,0.581976859031755],[34.11764235317527,0.582829110207823],[34.115790410085374,0.583164512618586],[34.11335884188453,0.5811255193772975],[34.1132933288802,0.5811324519703494],[34.11112650955831,0.583569985627207],[34.10796759219596,0.583195459335043],[34.10521791442032,0.586258179278035],[34.10057166434431,0.587135533805988],[34.09936225731964,0.586542113736811],[34.1019076026703,0.594872793143317],[34.10181373675304,0.600568693351969],[34.10409722089863,0.605834319539697],[34.10481173779664,0.612486856529344],[34.10623872581847,0.615502412826795],[34.106144463918746,0.619044295760027],[34.10833390242774,0.622090905519254],[34.108425408640464,0.624397000157544],[34.10380402340948,0.626434277245519],[34.10281047537644,0.628476827540996],[34.10146525483764,0.629276389166738],[34.09800784724627,0.637161576488534],[34.10662083498889,0.643680849732358],[34.116999306380215,0.638398503589626]]]}},{"type":"Feature","properties":{"n":"Kwapa","c":"212304","d":"Tororo","od":"Tororo","dc":"212","k":"KWAPA","a":["KWAPA"],"lat":0.725762,"lon":34.221738},"geometry":{"type":"Polygon","coordinates":[[[34.227994934336955,0.742807069074159],[34.23082780359892,0.74047258062828],[34.2354397110754,0.739705385242022],[34.2388631466041,0.740661375900153],[34.24077881425097,0.742395261033496],[34.24321776725335,0.741360228552551],[34.25303290818568,0.740657592449047],[34.258928055565725,0.738023392683372],[34.26059123571652,0.735247434207079],[34.2678961678608,0.730811940132349],[34.26789544138933,0.7303627727294981],[34.26758589268373,0.730519126750475],[34.267892522727806,0.728558204111457],[34.26789251216392,0.7285516726028208],[34.265632032253116,0.72287512052522],[34.26563287260349,0.7228753583494224],[34.26563232876379,0.722873992566834],[34.265866676173886,0.7229415261640999],[34.26706968223932,0.723281984106033],[34.26629457878719,0.720574609169835],[34.26627663676849,0.7205784988850856],[34.25714787835492,0.725034328035344],[34.257072173664184,0.725071356161239],[34.25669106418522,0.728039695567308],[34.255761978577254,0.729122631644652],[34.25078704744194,0.733420421072522],[34.24841144997548,0.734304594481331],[34.248266657096934,0.7341907495402863],[34.24820541943308,0.734209475504035],[34.23845226868799,0.7264740822495827],[34.23843184555538,0.726458024344307],[34.23842924398025,0.7264526747743768],[34.23311446505369,0.7160194316246732],[34.23231078277206,0.715223154441975],[34.23265212025731,0.7151118198977778],[34.23218788474043,0.714200496568384],[34.22486563039286,0.709939300564656],[34.223428439690366,0.714536413408337],[34.22361727955171,0.718622304606853],[34.220671217355175,0.721324981915966],[34.2191837523179,0.721832091986988],[34.21801179741483,0.720845688630339],[34.21451323125976,0.721082269570187],[34.208912265892074,0.723246204093442],[34.2043788931168,0.726492659085387],[34.20457338130198,0.7267042073117475],[34.2085554206202,0.7310351858127],[34.21924791173432,0.733042738570908],[34.21985366802266,0.7337190738122336],[34.227994934336955,0.742807069074159]]]}},{"type":"Feature","properties":{"n":"Kwapa Town Council","c":"212305","d":"Tororo","od":"Tororo","dc":"212","k":"KWAPATOWNCOUNCIL","a":["KWAPA","KWAPATOWNCOUNCIL"],"lat":0.751368,"lon":34.245607},"geometry":{"type":"Polygon","coordinates":[[[34.23881405266843,0.771726272888608],[34.239025350027525,0.7715475414553913],[34.2428221978909,0.7676255783876236],[34.243308338725015,0.766901983818258],[34.243743639781904,0.7666737727858048],[34.24442695349423,0.765967942254837],[34.245130327485505,0.7659467875705908],[34.24563770776987,0.765680788265722],[34.24620490055528,0.765914468698593],[34.246826350504875,0.765895777962766],[34.25130036663211,0.768013773818747],[34.25130450708286,0.768015479662595],[34.25873843537932,0.7676528671498216],[34.25918343916774,0.7670879167308546],[34.26364199337455,0.761427444640985],[34.270249776811816,0.756638540648284],[34.271055796850774,0.749028553547868],[34.2721003657097,0.746014352403449],[34.269341060926585,0.738451179732205],[34.27045782193826,0.733091019704909],[34.26894644748908,0.729831906255843],[34.2689054113626,0.7298526337318872],[34.26789567588889,0.7305077606071291],[34.2678961678608,0.730811940132349],[34.26059123571652,0.735247434207079],[34.258928055565725,0.738023392683372],[34.25303290818568,0.740657592449047],[34.24321776725335,0.741360228552551],[34.24077881425097,0.742395261033496],[34.238863262768675,0.7406614810415733],[34.23786251661003,0.7403819510596504],[34.23543976680725,0.7397054008050792],[34.23030562769597,0.7409028912072121],[34.22799501299663,0.7428070042529172],[34.22799494238734,0.74280707769462],[34.227994428044994,0.7428083445310099],[34.22818389143132,0.743019883012052],[34.22592671330331,0.747902691208917],[34.22592590721525,0.7479031563079396],[34.22592573831237,0.747903572319408],[34.22229717023505,0.7499968754807275],[34.22086372307666,0.750823949973885],[34.21994935707963,0.751911297433637],[34.218630451244685,0.753479960525494],[34.217001933627756,0.7625822079802919],[34.21680194920291,0.763700389754991],[34.2168018445366,0.7637005627354547],[34.21680182221219,0.763700687512892],[34.21309481096694,0.769828328483811],[34.21308941392291,0.7698321512515619],[34.21105072737996,0.771575981591232],[34.21776088563356,0.7721710047082363],[34.21780043671979,0.772173577855332],[34.223006175011726,0.770186616262778],[34.23161234416969,0.769896925375129],[34.23578397927572,0.7732288809447784],[34.23881405266843,0.771726272888608]]]}},{"type":"Feature","properties":{"n":"Malaba Town Council","c":"212306","d":"Tororo","od":"Tororo","dc":"212","k":"MALABATOWNCOUNCIL","a":["MALABA","MALABATOWNCOUNCIL"],"lat":0.645685,"lon":34.256667},"geometry":{"type":"Polygon","coordinates":[[[34.23385019636545,0.645314341212988],[34.23819741629107,0.648020658774688],[34.241514676049185,0.652937437684567],[34.24140875487393,0.655091669410717],[34.24369187224961,0.657245488811279],[34.24533654437148,0.660305382153505],[34.25670335281558,0.657535619578487],[34.25666826271481,0.656150307266395],[34.256751998237384,0.656925223512815],[34.25848177104668,0.657290156625348],[34.26604112106993,0.662397894851395],[34.27046653409519,0.663222370952477],[34.272554809618015,0.664759474772335],[34.277213869627644,0.663896960900834],[34.28159072627395,0.665585611305985],[34.28031751588761,0.663600357318168],[34.28073714655307,0.662215600240611],[34.279690186103934,0.660826593149731],[34.27866407308292,0.661159687553312],[34.27823921788605,0.65950185137067],[34.27964556772452,0.656397819341261],[34.27699556975991,0.655831638825171],[34.279657465939955,0.653435383538208],[34.27958013476848,0.65226053365282],[34.27830009216684,0.65141090390563],[34.27906883270618,0.649182599848135],[34.27966205149007,0.6490430276580151],[34.279468736183375,0.6482046275779003],[34.27816220954765,0.646462670063387],[34.27897315520134,0.6460553144058221],[34.27827497632348,0.6430273429681316],[34.277982842956916,0.642558192929342],[34.27732878464708,0.642918072286986],[34.278083744433246,0.6421979785746186],[34.277991946833694,0.6417998563765778],[34.27712164388554,0.641222418228308],[34.27775948325181,0.6407916719290674],[34.2776433620774,0.6402880594443648],[34.277549642417426,0.6400899284834854],[34.27680430351907,0.6399408607038145],[34.27390974754665,0.640124776312211],[34.27362160950962,0.639376735418769],[34.27380821367506,0.6393416427350125],[34.27328482092436,0.6392369641848725],[34.272875482257795,0.641082896145324],[34.270926052587036,0.639890376502703],[34.27149034934268,0.638878069868536],[34.27098021149936,0.6387760422998716],[34.270102745269845,0.63964272294453],[34.2686641938621,0.638734038493301],[34.26842915471999,0.6382658309439981],[34.26626121048765,0.6378322420975293],[34.26622908985547,0.63785582925332],[34.261572635768175,0.637070395869655],[34.261539226547356,0.6368540092790816],[34.258410488384726,0.634486315534387],[34.25839223574343,0.634482318433572],[34.25835599079681,0.6344450741165013],[34.2505,0.6285],[34.25017162435171,0.6284512169214286],[34.247900245224244,0.629004215041194],[34.24774212269458,0.63015823013058],[34.24270238932701,0.632377756246536],[34.24144107252436,0.632251763848501],[34.24125666597468,0.632879915103393],[34.240495179312155,0.632172398418702],[34.24115314668784,0.631409430345768],[34.24017258716268,0.629107777064301],[34.24076291556516,0.628388706094827],[34.2392844368542,0.628337664700247],[34.239770203986524,0.627679387636078],[34.23898212873149,0.627060732313409],[34.23791343093101,0.627569886814683],[34.23772767851453,0.626779003801422],[34.2359463546174,0.626750732317835],[34.236105291737246,0.626361540014181],[34.234987852314134,0.626195534600991],[34.23518876666649,0.627121872451279],[34.2344834684764,0.627734202172961],[34.232645886283365,0.627328546135891],[34.23124983499878,0.625724427757005],[34.230081970971284,0.626540411341071],[34.23024109597209,0.6254903623727942],[34.22963203333573,0.6253998807838007],[34.22858941271327,0.625772181115743],[34.2290675297933,0.626169352107518],[34.22820275231173,0.626295662027089],[34.22831830641692,0.627603950889623],[34.22711117529441,0.627318827761753],[34.228334816403006,0.631425636141813],[34.22781145436306,0.63423311719142],[34.226618976188846,0.634140330264689],[34.225809963916525,0.635910641279085],[34.23093519288127,0.639676637601274],[34.23385019636545,0.645314341212988]]]}},{"type":"Feature","properties":{"n":"Mella","c":"212307","d":"Tororo","od":"Tororo","dc":"212","k":"MELLA","a":["MELLA"],"lat":0.679312,"lon":34.258064},"geometry":{"type":"Polygon","coordinates":[[[34.23807050153294,0.680980534475126],[34.23731494717546,0.683380485216465],[34.23878796570693,0.687366794992236],[34.244833293526995,0.693768547205949],[34.248645380198894,0.6967694160665318],[34.248801052603646,0.696623870420022],[34.25543538878712,0.702114402791564],[34.2581810468695,0.703297938177195],[34.26221037848979,0.70053312472943],[34.26221058429741,0.7005331271844092],[34.26221059142398,0.70053312229332],[34.27397827069132,0.700673486453766],[34.27403007217475,0.700660623622275],[34.276438856161754,0.700061965989742],[34.28213334048594,0.6940446410181661],[34.28296203493951,0.693168911762409],[34.282962158924406,0.693168833903296],[34.282962472713415,0.693168502324465],[34.28570774220433,0.691444475372711],[34.28599247565261,0.688788092272852],[34.286676605603944,0.6879969711431707],[34.28660086811141,0.687532703515612],[34.28707875499061,0.6875319295579226],[34.28748777522971,0.6870589425866719],[34.2874863223303,0.6867263018930668],[34.286248725189274,0.685872859219831],[34.28630739575236,0.6857857497070143],[34.28623937212543,0.685742010731104],[34.28727413406366,0.6842376802008828],[34.28434515830891,0.683007987747607],[34.28410395382328,0.6814988358883626],[34.284103451653635,0.681495747149262],[34.283731999271986,0.682124126018742],[34.28273188988856,0.681760660272148],[34.28198272013487,0.679969329092421],[34.27959800531221,0.679954840043195],[34.278427731883234,0.678669867172531],[34.277591220121046,0.675093293611561],[34.27910205781409,0.672675707559532],[34.278530954429506,0.670499299503349],[34.279939629982096,0.669182656430463],[34.280183816472096,0.665364289957946],[34.277217241591586,0.663898261850063],[34.277213869627644,0.663896960900834],[34.272554809618015,0.664759474772335],[34.27046653409519,0.663222370952477],[34.26604112106993,0.662397894851395],[34.25848177104668,0.657290156625348],[34.256751998237384,0.656925223512815],[34.25667297533099,0.6561939193766285],[34.2566861237213,0.6568554369656692],[34.25670335281558,0.657535619578487],[34.256699660979926,0.6575365191720953],[34.25669966661748,0.657536802806878],[34.25408725481854,0.6581730870224399],[34.24533654437148,0.660305382153505],[34.243719540990135,0.6572969661810141],[34.243691767810525,0.657245390286808],[34.24140875487393,0.655091669410717],[34.24140890718897,0.6550885716175491],[34.24140889437903,0.65508855951564],[34.24027026826583,0.65779591833964],[34.24110728586014,0.659554938299667],[34.2407213753056,0.66216284284597],[34.23627683787454,0.667800930113358],[34.23528509093306,0.670926699046851],[34.23591564611729,0.677220368183808],[34.23807050153294,0.680980534475126]]]}},{"type":"Feature","properties":{"n":"Morukatipe","c":"212308","d":"Tororo","od":"Tororo","dc":"212","k":"MORUKATIPE","a":["MORUKATIPE"],"lat":0.670085,"lon":34.221232},"geometry":{"type":"Polygon","coordinates":[[[34.19512862094621,0.657686012745471],[34.195128493441736,0.657686315136967],[34.19513237033015,0.657686151540583],[34.1946137427342,0.658908614770818],[34.19462868760045,0.6589251797211076],[34.20498237027591,0.6692376678361963],[34.2049878746726,0.669243116625091],[34.20620487331966,0.669220448352517],[34.20989324407589,0.673732091001195],[34.209832071338056,0.6739916574466738],[34.21013443009107,0.674389379363069],[34.20736882827293,0.6844436213342446],[34.20736658952198,0.684453120739471],[34.21259864102297,0.693115363862119],[34.207212234222816,0.702420795600773],[34.20069014030774,0.708866304261427],[34.19983834023529,0.7090366658693483],[34.203222958540685,0.714975209858489],[34.206709418154645,0.719011754203548],[34.21033592863082,0.722610534185096],[34.21450242561328,0.7210864443347006],[34.21451323125976,0.721082269570187],[34.2145139761172,0.7210822192012455],[34.21451407320204,0.721082183687955],[34.21455182665222,0.7210796596626371],[34.21801179741483,0.720845688630339],[34.21901674959746,0.7216915302268145],[34.21993332723246,0.7215765451481506],[34.22043466759859,0.7214056270140743],[34.22358427538237,0.718652582182014],[34.22361727955171,0.718622304606853],[34.223428439690366,0.714536413408337],[34.22486563039286,0.709939300564656],[34.22486783359981,0.7099405827239745],[34.224867964520506,0.709940164701355],[34.230762445989825,0.713124922308318],[34.23217805529712,0.7141947763103067],[34.23218788474043,0.714200496568384],[34.23265212025731,0.7151118198977778],[34.232426731273804,0.7151853353504617],[34.23242673127459,0.7151853353502045],[34.23870412607318,0.713137828355396],[34.23870716355949,0.713078966313687],[34.23872433902467,0.709029805033116],[34.23893183704999,0.7087251226958083],[34.23895275436063,0.708319775811158],[34.23918499475481,0.7083533953933759],[34.241193025395056,0.7054048783271878],[34.240340096459455,0.704534426783907],[34.24459178544111,0.700559317498631],[34.248645215582194,0.6967692864805136],[34.244833293526995,0.693768547205949],[34.24341385020129,0.6922654154117742],[34.241931039145726,0.691020552796022],[34.240576550844224,0.6892608327024967],[34.23878796570693,0.687366794992236],[34.2384826079193,0.6865404301448621],[34.237689632962926,0.685510215293353],[34.23731859649307,0.6833903610667244],[34.23731494717546,0.683380485216465],[34.23807045043857,0.6809806967717994],[34.23728142638274,0.6796036189941298],[34.23591564611729,0.677220368183808],[34.23528509093306,0.670926699046851],[34.23627683787454,0.667800930113358],[34.2407213753056,0.66216284284597],[34.24110728586014,0.659554938299667],[34.24027026826583,0.65779591833964],[34.240270717617996,0.6577948498962409],[34.24027047870513,0.657794347637099],[34.241514534728445,0.6529403118749624],[34.241514676049185,0.652937437684567],[34.23819741629107,0.648020658774688],[34.23385019636545,0.645314341212988],[34.23093519288127,0.639676637601274],[34.225809963916525,0.635910641279085],[34.226618976188846,0.634140330264689],[34.22662030716271,0.6341404338279887],[34.22662064278292,0.634139697631319],[34.226623585099105,0.6341406888847694],[34.22776331188008,0.6342293712167453],[34.227934443688895,0.6335733631870311],[34.228183051663706,0.6322397506496537],[34.22725318985989,0.627908936368451],[34.22531721016035,0.628510752340025],[34.22498429087393,0.629441653677215],[34.222479090858386,0.628936553335918],[34.221526944728744,0.629915625923535],[34.221051623539175,0.629332242405161],[34.220698580121514,0.630508991623954],[34.2195678029982,0.627724193130424],[34.21743810894118,0.627266008059547],[34.217503486233696,0.624201522000227],[34.217159585651686,0.6235469894427117],[34.21592375884241,0.6233633965464332],[34.21588643801519,0.623521948669985],[34.21408037807882,0.623579792746591],[34.213847870400876,0.6230550051371596],[34.212918177549994,0.6229168911216185],[34.21266356709284,0.623101202198699],[34.21254796797656,0.6228618932470728],[34.212118647847184,0.6227981139817331],[34.21135067483881,0.623848699574899],[34.20906873934099,0.623935418648941],[34.208726000635366,0.624968557454375],[34.20769960555877,0.62479737757443],[34.207784506177575,0.626118457932981],[34.20584279154239,0.625414653543891],[34.20709091181567,0.624410170520136],[34.206086062119816,0.623667310409795],[34.20646637530718,0.622250226960384],[34.20494976901014,0.6220251154949278],[34.20355960033366,0.6227201998331668],[34.20369581276156,0.623190206346933],[34.20316824116601,0.6229158794169937],[34.20264144634757,0.6231792768262139],[34.202893394730786,0.623653223806285],[34.20097519590383,0.624076505925179],[34.20031623431235,0.62602125715675],[34.19911423713623,0.625265939689558],[34.1990276612463,0.6246712988866002],[34.19849323972894,0.6239620980050744],[34.19780208119644,0.624807292370313],[34.19733159421388,0.622551503467977],[34.19629129155955,0.622724186513041],[34.196671734293076,0.621881481826009],[34.196000598122744,0.621330276330798],[34.19636586374753,0.6211389764196785],[34.195599933141224,0.6201225527848977],[34.19552527005061,0.620078166798331],[34.195548540308394,0.6200543522331577],[34.19414339546332,0.6181896631620166],[34.19321685516413,0.623695086274377],[34.19668949521877,0.630922124587623],[34.19735571282938,0.633889383996217],[34.19683348688001,0.636808995389749],[34.19426710638656,0.641548247545663],[34.189751150553604,0.646335990880725],[34.18932282913652,0.648155969401609],[34.18442537328377,0.65270037912101],[34.19006377863906,0.6579000352494202],[34.19215786900229,0.6578116691231222],[34.19512862094621,0.657686012745471]]]}},{"type":"Feature","properties":{"n":"Osukuru Town Council","c":"212309","d":"Tororo","od":"Tororo","dc":"212","k":"OSUKURUTOWNCOUNCIL","a":["OSUKURU","OSUKURUTOWNCOUNCIL"],"lat":0.642643,"lon":34.176809},"geometry":{"type":"Polygon","coordinates":[[[34.126867202296864,0.676160965098914],[34.12929761727762,0.676467819273329],[34.129804267652375,0.677605824641397],[34.129157987867664,0.678235697722039],[34.1303703415453,0.678651878523435],[34.129201334505666,0.681739611132267],[34.130395889400965,0.68214098622633],[34.13583438251565,0.683622339526617],[34.13748564806525,0.68358139792176],[34.14050834028958,0.681853476723622],[34.14560591503741,0.683135282658435],[34.15136804020989,0.682284137673697],[34.15400638739262,0.6811950882292768],[34.15403112010503,0.681184249312905],[34.15746827655098,0.674417372112182],[34.15570430611429,0.6733761305119101],[34.15539200567273,0.673192590655146],[34.15539232271022,0.6731919720406846],[34.155390640993204,0.673190979351874],[34.15635539040801,0.6713128011872299],[34.1564611327592,0.6711064730705311],[34.15542930862114,0.66975563401797],[34.155434064735786,0.6697531352735855],[34.155433933330514,0.669752962230799],[34.15687569765562,0.6689957371806744],[34.16709956462113,0.663624371671942],[34.166916153029426,0.65999389946685],[34.171955408383894,0.6600066329014039],[34.17196182339345,0.6600028433749242],[34.17421954482601,0.658668325231882],[34.17422093335385,0.6586683236161477],[34.174221130615976,0.658668207087866],[34.174635256158304,0.6586678414972098],[34.17644496379016,0.658665735664965],[34.17770478205245,0.6566835824639157],[34.17853562088092,0.655374590057225],[34.17853649961495,0.6553749876623999],[34.17853803931749,0.655372565149248],[34.17948799450077,0.655803916352928],[34.184386710767086,0.6528691363976822],[34.18450048560138,0.6527696466173962],[34.18442537328377,0.65270037912101],[34.188540594984296,0.6488818141240744],[34.18958027624901,0.6470620520855409],[34.189751150553604,0.646335990880725],[34.190369849129894,0.6456800566566969],[34.1910341364986,0.644517349414313],[34.194266372119614,0.6415490260036018],[34.19426710638656,0.641548247545663],[34.19683348688001,0.636808995389749],[34.19735571282938,0.633889383996217],[34.19735559507246,0.6338888595199564],[34.193217411043435,0.6236962431351444],[34.19321685516413,0.623695086274377],[34.19321711426655,0.6236935467099638],[34.19349130937407,0.618513404022291],[34.191833606182975,0.619732361659904],[34.19149436547641,0.618112746214615],[34.1926588978328,0.616951852505217],[34.19200497038551,0.615719424973871],[34.19075813692877,0.616401844619343],[34.190365361621105,0.615602706074188],[34.19146347173125,0.6146332863854943],[34.19049666820131,0.613350295537587],[34.1893778971018,0.613518129470056],[34.18968194476949,0.6122691216752325],[34.189563619031624,0.6121120982117805],[34.18780217363081,0.612183920391796],[34.187617594987636,0.610741926253773],[34.186405076193246,0.610335307458609],[34.18583346575743,0.611017064722293],[34.184776241283444,0.609604860238272],[34.1864091092518,0.608808765472438],[34.18629905858675,0.6077798827786359],[34.18341634161094,0.6039543904396749],[34.18310273345063,0.605449335665779],[34.18146762125009,0.6047161893749541],[34.181364318795275,0.6047678406023649],[34.18088774558501,0.60545904064469],[34.179682767677136,0.6056086161614325],[34.17880796705989,0.6060460164700547],[34.17888375889603,0.606591295816746],[34.178339419787115,0.606280290106445],[34.1779,0.6065],[34.17556518717585,0.6045000988514427],[34.1753818303801,0.605515550953518],[34.17478530867861,0.604127338599244],[34.17374185495569,0.603781974364943],[34.174062153540234,0.6032126643029042],[34.173199632339426,0.6024738654054923],[34.17316158647248,0.602572641518638],[34.17294335609127,0.6022543500945698],[34.172008449141885,0.6014535486502226],[34.17189554768115,0.602104304727988],[34.17105881928043,0.6019615386486084],[34.16762075537949,0.607462232558704],[34.1614120527883,0.625186577729199],[34.1637960989787,0.6284716214886424],[34.163873211261865,0.6285777374109881],[34.165316658693754,0.628620233598226],[34.16531696803169,0.628620496201541],[34.16531708651482,0.628620499686543],[34.16558306852443,0.6288463943632636],[34.16698827775182,0.630039305274628],[34.16698822347494,0.6300397721550679],[34.166988264909875,0.630039807345164],[34.16690495325532,0.6307560482802064],[34.16599083884144,0.638619103443658],[34.165990227259606,0.6386200644970556],[34.165990225708725,0.638620077830151],[34.165987033482466,0.6386250832700033],[34.16536544398118,0.639601862938989],[34.165038553420146,0.6394648813257664],[34.164143198568354,0.639089758256698],[34.162864667598356,0.6396620512802955],[34.158865446293504,0.6447999890081347],[34.15715699032336,0.646994917082288],[34.15640798105827,0.649411904457186],[34.15286918951863,0.647689840115356],[34.15187009628785,0.646898443312635],[34.151804379299264,0.645610954413481],[34.149801226196736,0.645255337744185],[34.149801100169896,0.6452552092625393],[34.14980102822986,0.645255196490886],[34.149691720695245,0.6451436992474204],[34.14831247500676,0.643737588018001],[34.148300875662166,0.64373829491861],[34.14476038386934,0.6440606432931152],[34.14341059641285,0.6459265163164822],[34.14341047139794,0.645926707387353],[34.14389783996779,0.647365255911218],[34.142466057166686,0.648052420056128],[34.14303088818104,0.650679872318279],[34.14255800778023,0.653127163657015],[34.143525500442365,0.654689008702984],[34.142531734893566,0.65532520355232],[34.14262869693113,0.658265322551271],[34.13680687690683,0.656304782735443],[34.1337718327382,0.657218713263336],[34.12732544363083,0.672065995225072],[34.125589902704846,0.674559981250741],[34.12714162649169,0.675016902841234],[34.126867202296864,0.676160965098914]]]}},{"type":"Feature","properties":{"n":"Iyolwa","c":"212401","d":"Tororo","od":"Tororo","dc":"212","k":"IYOLWA","a":["IYOLWA"],"lat":0.608062,"lon":33.960185},"geometry":{"type":"Polygon","coordinates":[[[33.92848744822647,0.604130203253928],[33.93211364740663,0.604190191270313],[33.93830199785575,0.610335165074931],[33.94370188663137,0.612625241508027],[33.94763773264582,0.615976348907843],[33.955831471588596,0.616930306674196],[33.96352504571074,0.620623336517976],[33.96933261365444,0.634354591221876],[33.971637337845934,0.634558541313046],[33.9711104853479,0.630509303417433],[33.972536082066405,0.627817445952108],[33.97491281341208,0.626022175674864],[33.989040292264455,0.62361167222229],[33.98365298345829,0.605726995074518],[33.98261334038235,0.605789113581501],[33.98053803828415,0.603621489250742],[33.9749125888259,0.602409183123158],[33.97383846310967,0.601488729415438],[33.95917999148409,0.5817469851812985],[33.95852813633208,0.5818721127698941],[33.958421261187034,0.581995935439323],[33.955182265670615,0.58357697113821],[33.95341546647306,0.5828535210609306],[33.953350981244014,0.5828658993955737],[33.953368461831985,0.583610456798143],[33.952589425253976,0.583087172216306],[33.950598253586385,0.583691914128931],[33.949503895450576,0.585165233014636],[33.94902543708972,0.584496336651485],[33.94760394585705,0.585380645376703],[33.946862644851116,0.584641441270803],[33.9444150376365,0.584877235934992],[33.94411608860109,0.5846385935957682],[33.93915249478543,0.5855913858272936],[33.93900446541958,0.586072930386483],[33.937427553950215,0.5859224987846932],[33.9357891236001,0.58623700552466],[33.933991553374234,0.58736656242696],[33.93159131031307,0.587249316019795],[33.92960644500325,0.58821731947818],[33.92862981724434,0.5876112782254922],[33.925504591616615,0.5882111844245987],[33.92539996591177,0.588480419265773],[33.92393410280877,0.5886882776892293],[33.92023563879815,0.5992553177195713],[33.92652580241219,0.603232994351392],[33.92848744822647,0.604130203253928]]]}},{"type":"Feature","properties":{"n":"Iyolwa Town Council","c":"212402","d":"Tororo","od":"Tororo","dc":"212","k":"IYOLWATOWNCOUNCIL","a":["IYOLWA","IYOLWATOWNCOUNCIL"],"lat":0.607098,"lon":34.006962},"geometry":{"type":"Polygon","coordinates":[[[33.98053788324163,0.603621427570864],[33.980537917345536,0.6036214631880024],[33.98053803828415,0.603621489250742],[33.981410270935655,0.6045325241883156],[33.982613465607535,0.6057891060993161],[33.98365298345829,0.605726995074518],[33.989040292264455,0.62361167222229],[33.97491281341208,0.626022175674864],[33.972536082066405,0.627817445952108],[33.9711104853479,0.630509303417433],[33.97162809608678,0.6344875117905089],[33.97163734965632,0.634558543642498],[33.9802099678993,0.637057232748159],[33.98563055107398,0.637237141485993],[34.00084994384323,0.634674273574158],[34.0078864307741,0.636114250551901],[34.01249055955853,0.625863049975044],[34.01304901442102,0.622609821313539],[34.01088853397198,0.622764495006754],[34.009771312265606,0.622046093774395],[34.01223510243913,0.618263435304673],[34.01615108873635,0.61615418403325],[34.0184156711279,0.613394358212945],[34.02240118282458,0.610879386335831],[34.02671895926718,0.608407689640993],[34.029272017762366,0.608479773129515],[34.03085944200658,0.604734506136953],[34.034154722954845,0.601035048318205],[34.03467104165759,0.59917855331638],[34.034499229295484,0.595209264498944],[34.035524754406545,0.589628047049996],[34.033494676573675,0.59058164929747],[34.03253588431783,0.5891467696926466],[34.03188900312392,0.588657758313917],[34.03060404951359,0.588118232588637],[34.029158184555975,0.588555936881062],[34.02533121721096,0.587285924056758],[34.02515476367912,0.587918440921225],[34.024638168400045,0.585250667167307],[34.02358320113519,0.584550683353018],[34.02267691046445,0.585128755538778],[34.022791765313876,0.583678152187247],[34.02152825010298,0.584001777296229],[34.02063077288275,0.585387398837627],[34.01838091810095,0.584881108062159],[34.01715747835925,0.582440761124124],[34.018217063366954,0.581384131504785],[34.017252836738216,0.581817857415416],[34.017731941284815,0.580699645500226],[34.01621074686428,0.580800629429648],[34.01707550726096,0.579268249947069],[34.016362649991024,0.578876655327715],[34.016827928638754,0.577554463947273],[34.01642031913851,0.5771042668278453],[34.01004111514539,0.5772557518830909],[34.00960491857161,0.577661085525038],[34.00886347645968,0.577465075910888],[34.008777615586176,0.578226460846577],[34.00790762851884,0.577685989771318],[34.007261328349166,0.578265326431531],[34.00640718584409,0.5773420457187418],[34.00576171881685,0.5773573734317897],[34.004997884852926,0.577858947497249],[34.004827782628034,0.5773795513360096],[33.99697389789995,0.5775660551949879],[33.996543409308245,0.578741002957115],[33.99598716380797,0.578377470518783],[33.99323960223975,0.580388579194683],[33.99250208614945,0.579440909484192],[33.9909453558508,0.579382877312292],[33.98886193218302,0.5777586876262607],[33.9787,0.578],[33.97843976206223,0.5780499542659341],[33.97809385335399,0.57862491503421],[33.978607386040046,0.578782508977076],[33.97821591770424,0.580369254023654],[33.97677450712587,0.579565850454775],[33.97621817583893,0.581152612793658],[33.97562637361615,0.580657547626139],[33.97622156245258,0.582997902631357],[33.97374859933441,0.582871755134277],[33.97157529027929,0.5815325297007],[33.970405523622674,0.583118465589947],[33.9699475292891,0.582401393784054],[33.97052187975833,0.58165598928516],[33.96866318971088,0.581862086006273],[33.96818731000234,0.581162099970598],[33.96778251565139,0.582083417114666],[33.96585727818021,0.58061196396296],[33.96459735499497,0.581479855260365],[33.9634241925973,0.5809322847847969],[33.96134380741905,0.5813316274606951],[33.960050002391256,0.581953433700427],[33.95949923913284,0.5816857036399495],[33.95918000232899,0.5817469830995534],[33.960668459641866,0.5837516251207113],[33.97383846310967,0.601488729415438],[33.9749125888259,0.602409183123158],[33.97998925419108,0.603503224155004],[33.98053788324163,0.603621427570864]]]}},{"type":"Feature","properties":{"n":"Katajula","c":"212403","d":"Tororo","od":"Tororo","dc":"212","k":"KATAJULA","a":["KATAJULA"],"lat":0.771942,"lon":33.983799},"geometry":{"type":"Polygon","coordinates":[[[33.9687523488734,0.774942877791046],[33.96687335961601,0.777562993857897],[33.975984491916,0.776932096757537],[33.97663132879991,0.780780494753833],[33.978490038968935,0.780556159307482],[33.980491513290154,0.785809579314446],[33.98057831266214,0.789301513920108],[33.97886355102895,0.793662104384333],[33.9790620851818,0.804273023974286],[33.9799943422011,0.808642016753527],[33.981134391751716,0.810577581188068],[33.982678903904535,0.811346246769022],[33.98329530978262,0.813969296988193],[33.987850668850655,0.81103727961037],[33.99217809464178,0.805101824689577],[34.00145838623284,0.7980167853153],[34.00072904916942,0.791336227930859],[33.99851323278333,0.78549431954813],[33.99919775887782,0.776572633289993],[33.99899966592234,0.761267942202042],[34.00002645500288,0.759357756180986],[33.99858526190126,0.755683110632543],[33.99298277974886,0.750837744300733],[33.9909113416589,0.747577891021377],[33.989351256097976,0.73647209405483],[33.9858797023396,0.737873883528697],[33.98023502458073,0.738254960617161],[33.96738320600824,0.734829384024313],[33.967620099278705,0.747177170187743],[33.969430591504356,0.751446946650776],[33.967275948209014,0.760447792860964],[33.96746027747503,0.763469127177086],[33.96862506851731,0.765671541355751],[33.966896157539324,0.766287861092286],[33.96656303252808,0.7686970571371],[33.96816735052622,0.76894158953899],[33.9687523488734,0.774942877791046]]]}},{"type":"Feature","properties":{"n":"Kisoko","c":"212404","d":"Tororo","od":"Tororo","dc":"212","k":"KISOKO","a":["KISOKO"],"lat":0.739233,"lon":34.099024},"geometry":{"type":"Polygon","coordinates":[[[34.0813959156158,0.751076345064909],[34.084862901884414,0.756620350816858],[34.0963235147439,0.762442797273988],[34.10994180057649,0.75965487179378],[34.111491014173545,0.764593035193876],[34.114496158985936,0.768751587233468],[34.11578563537792,0.772234022383381],[34.11625758094579,0.776729865015639],[34.1188705013104,0.783214128504334],[34.11905175040391,0.785756506686933],[34.119095939686595,0.7857321183706167],[34.12024925452582,0.784616520954795],[34.123669926308224,0.783207493913045],[34.12590395415132,0.780382905896845],[34.12723246145589,0.769996388160174],[34.12723250927197,0.7699962902168073],[34.12723256620588,0.76999584509301],[34.12865832496092,0.76707552492944],[34.137120726607314,0.7607547379145156],[34.13754099638403,0.7601737312193041],[34.1394139504527,0.757583888901759],[34.143529191367044,0.755259132134966],[34.14181837688339,0.753439649296738],[34.141814294624766,0.7534154356281233],[34.14066741436591,0.7496282279423596],[34.14034633499708,0.7493289321575556],[34.129772042852636,0.744688725578801],[34.12792463131206,0.742986126779457],[34.12545179442997,0.735479428736954],[34.119371111993246,0.724750402976477],[34.117522252487035,0.718982254572273],[34.112219394968974,0.715700015181109],[34.1086246029263,0.711820304704157],[34.10479611623196,0.709867098929089],[34.10025426744977,0.702503205995933],[34.09984791845573,0.699801458567041],[34.097932583203395,0.698331771007722],[34.09800217282357,0.697500660920633],[34.0965599668859,0.697172929495353],[34.09538561509935,0.695318260253517],[34.09108477577612,0.692189596380841],[34.088782722913116,0.694138828392752],[34.08541742991365,0.70496054042608],[34.08467331245923,0.705180829874452],[34.08358033167788,0.710983530812437],[34.082532627185564,0.711381465416416],[34.082819790602564,0.71299502237077],[34.08162065285816,0.716139336667068],[34.08242464678031,0.721526518282978],[34.08485168406196,0.726545896756218],[34.08128688209251,0.730812787187181],[34.07898210366616,0.731076714583877],[34.0756311935466,0.733735140645324],[34.06744845674637,0.744268211126232],[34.074977567385126,0.748499816688084],[34.0813959156158,0.751076345064909]]]}},{"type":"Feature","properties":{"n":"Magola","c":"212405","d":"Tororo","od":"Tororo","dc":"212","k":"MAGOLA","a":["MAGOLA"],"lat":0.620544,"lon":34.058986},"geometry":{"type":"Polygon","coordinates":[[[34.02953530422885,0.638910934417193],[34.033687627448884,0.640988328111836],[34.0351888367071,0.64015224202091],[34.03651729129013,0.640470850012379],[34.039016745493754,0.642536376570178],[34.045280237447784,0.644850820679072],[34.055902172779426,0.65279081310135],[34.05942041450781,0.654192210896253],[34.06834199720312,0.654470733772539],[34.073127145067865,0.653664666091963],[34.07902158161126,0.655201135468233],[34.08023101116767,0.654197232061588],[34.08477786372825,0.655043088066992],[34.08802089057728,0.657209347793933],[34.09724648310036,0.638569377518459],[34.09857735689114,0.6375926451375135],[34.09800784724627,0.637161576488534],[34.09800960226452,0.6371575738804388],[34.09800948365445,0.637157521816957],[34.09994837611033,0.6327358808792913],[34.10146525483764,0.629276389166738],[34.10267244545949,0.6285588686796887],[34.10281050950661,0.6284767573756895],[34.10380402340948,0.626434277245519],[34.108425408640464,0.624397000157544],[34.10833390242774,0.622090905519254],[34.106144463918746,0.619044295760027],[34.10623872581847,0.615502412826795],[34.10481173779664,0.612486856529344],[34.10414642583459,0.6062924439835706],[34.10409721218286,0.6058342994414664],[34.10195030744703,0.6008836200941304],[34.10181382550395,0.600568933638225],[34.10181382606952,0.6005688993123259],[34.10181373675304,0.600568693351969],[34.1019076026703,0.594872793143317],[34.101906464443125,0.5948690678312658],[34.0983611478632,0.584731124078892],[34.09653440194614,0.584803826170794],[34.09505635092374,0.583206682186901],[34.09397121723345,0.5833655045023111],[34.09094950428861,0.58446635159746],[34.09087728732737,0.584814614936199],[34.08846814079071,0.585429593291542],[34.088069515973984,0.588125507329971],[34.08673885154079,0.58858216514183],[34.08628452468378,0.587130062757231],[34.08528972383819,0.587390718289912],[34.0845176635177,0.5868095500939225],[34.0763369875198,0.5897898707176934],[34.07540112474756,0.590567808397861],[34.0747708400553,0.5903604374519721],[34.073525127399016,0.5908142658546346],[34.07276545110319,0.591673383443229],[34.06782594589688,0.59295061431719],[34.066208837966514,0.591684376390004],[34.06660972511368,0.590065270945181],[34.06480271485637,0.590092201197561],[34.063830017585644,0.589134292811027],[34.06544239591734,0.588419162235764],[34.06534283086022,0.5848244811744207],[34.04992576253264,0.5872258936865052],[34.04967022076893,0.588854087711005],[34.04736808272312,0.590222548503764],[34.0456671057902,0.589544322414954],[34.044660160543,0.590358391691054],[34.04296821909847,0.590087724919528],[34.04148894437034,0.589106330377213],[34.04045613626768,0.589846725721105],[34.04027838964795,0.589243147336823],[34.03781814556353,0.589772201248966],[34.03734311368354,0.5891858078374542],[34.0365266539603,0.5893129822491744],[34.035524765415104,0.589628050491204],[34.03459331305572,0.5973828311319462],[34.03467104165759,0.59917855331638],[34.034154722954845,0.601035048318205],[34.03085944200658,0.604734506136953],[34.03075541819235,0.6049799332553106],[34.02927361319351,0.608476685510962],[34.02927332968859,0.6084766778548772],[34.029272017762366,0.608479773129515],[34.02672476000559,0.6084078534200298],[34.02671894737399,0.6084076964492051],[34.02670690479342,0.6084145901842095],[34.01841606636871,0.6133941088046888],[34.0184156711279,0.613394358212945],[34.01679167614258,0.6153735060281241],[34.01615143260056,0.616153906240693],[34.016151224912704,0.616154018076374],[34.01615108873635,0.61615418403325],[34.01223510243913,0.618263435304673],[34.009772243689895,0.6220446637581444],[34.01189048292023,0.6226927632101031],[34.01304901442102,0.622609821313539],[34.01297767511071,0.6230254020606795],[34.01305339575768,0.623048569656247],[34.01282919283626,0.6238903722192786],[34.01249055955853,0.625863049975044],[34.0120316763359,0.6268847642182236],[34.01138578805825,0.62930984594377],[34.007886441649205,0.636114254755005],[34.02070577610877,0.638976112505818],[34.02953530422885,0.638910934417193]]]}},{"type":"Feature","properties":{"n":"Nagongera","c":"212406","d":"Tororo","od":"Tororo","dc":"212","k":"NAGONGERA","a":["NAGONGERA"],"lat":0.755243,"lon":34.059752},"geometry":{"type":"Polygon","coordinates":[[[34.034416339757314,0.787520505914682],[34.03778819361289,0.791561576707672],[34.038867659205856,0.797354121053783],[34.046989857709754,0.79447719073409],[34.0505104990088,0.798945263680672],[34.05393327526877,0.800093117135347],[34.05799593271852,0.800327193663498],[34.059841944989046,0.80292294057408],[34.0652258509788,0.802742867092138],[34.06903757185436,0.805030546518156],[34.07063271696345,0.8040452362601],[34.071543825910375,0.801844264937906],[34.0737703400604,0.800132751897721],[34.075905277306944,0.799644115947488],[34.07000334491249,0.794010182124566],[34.06257291429567,0.790186018750751],[34.05765654568911,0.784397842551877],[34.05461501747296,0.777895622862171],[34.0549710976661,0.775378615709873],[34.05843588772522,0.775713554499284],[34.05984570848778,0.774609992733674],[34.06513175833816,0.774038391459225],[34.07367220482677,0.765400401626246],[34.07702216731519,0.766011802708326],[34.07921126604206,0.765202788213701],[34.080088097954146,0.763650229564283],[34.0816421838275,0.763194112654104],[34.07967206656808,0.761168674392662],[34.08451836023297,0.75976024339804],[34.08691107176298,0.7576609024522084],[34.084862901884414,0.756620350816858],[34.0813959156158,0.751076345064909],[34.07564818734197,0.748769024790662],[34.074978064837694,0.748500050443034],[34.074977853303366,0.7484999314647267],[34.074977567385126,0.748499816688084],[34.06744845674637,0.744268211126232],[34.0756311935466,0.733735140645324],[34.075631282074006,0.7337350704125937],[34.07563131292963,0.733735030680393],[34.07588514379972,0.7335336706126725],[34.07898210366616,0.731076714583877],[34.07898237783918,0.7310766831874661],[34.078982521325614,0.731076569361918],[34.07920573795434,0.731051105521064],[34.08128663636561,0.7308128153261384],[34.08485150304418,0.7265455223916572],[34.0848466879101,0.726535564167884],[34.08362807803289,0.72509336810322],[34.08288672967871,0.7224821562414951],[34.08242464678031,0.721526518282978],[34.08221323294544,0.7201099345338023],[34.08159243145098,0.717923318461902],[34.08177582301222,0.7171790582100398],[34.08162065285816,0.716139336667068],[34.082783088166124,0.7130912615193966],[34.08281434373117,0.7129644166713789],[34.082532627185564,0.711381465416416],[34.08358000364094,0.7109836554060129],[34.08406501150829,0.707890253786071],[34.07181768910795,0.711295054997068],[34.071024975322416,0.7164325488966],[34.071668681073945,0.717751285023819],[34.06930416909678,0.717112520810401],[34.06819417814918,0.715889712758109],[34.067877614845614,0.716383021952219],[34.06380150991588,0.715712920704769],[34.05739866372456,0.718905130609291],[34.04984799760087,0.726818938871026],[34.045707227320484,0.735770745657248],[34.043002487924554,0.737643546939475],[34.036339606152055,0.737853162139552],[34.0302129828401,0.745299683793278],[34.028032852245246,0.746210265481303],[34.033007168537175,0.753941473515133],[34.03799920091034,0.756545099475111],[34.04309343812002,0.760807873128105],[34.04286093665535,0.763564887093482],[34.04382820345427,0.765233739470935],[34.04395695505685,0.76952055447449],[34.0402793575052,0.769445736551901],[34.042263756610836,0.770416978068695],[34.043977655649705,0.773000146438308],[34.03875427167487,0.774159296752786],[34.032637775655154,0.777917994810049],[34.031219882929236,0.77801080678002],[34.026736580608876,0.781309483196497],[34.02606564359029,0.787456022837154],[34.02900782236699,0.788413691749498],[34.034416339757314,0.787520505914682]]]}},{"type":"Feature","properties":{"n":"Nagongera Town Council","c":"212407","d":"Tororo","od":"Tororo","dc":"212","k":"NAGONGERATOWNCOUNCIL","a":["NAGONGERA","NAGONGERATOWNCOUNCIL"],"lat":0.76734,"lon":34.021485},"geometry":{"type":"Polygon","coordinates":[[[33.9991977575,0.7765725218],[33.999197757444186,0.7765725225273964],[33.99919775887782,0.776572633289993],[33.99851323278333,0.78549431954813],[34.00072904916942,0.791336227930859],[34.00120316709195,0.795679037514147],[34.0014583968,0.7980167766],[34.0080905982,0.7938720877],[34.0181478391,0.7923770462],[34.0229262937,0.7879614658],[34.0260267284,0.781682922],[34.03121764313473,0.7780124547521593],[34.031219882929236,0.77801080678002],[34.032637775655154,0.777917994810049],[34.03744318453417,0.7749649836481513],[34.0387539393,0.7741594612],[34.038754040508536,0.7741594388087002],[34.03875427167487,0.774159296752786],[34.04397560241831,0.7730006020823568],[34.04247487277223,0.7707351698513293],[34.042263756610836,0.770416978068695],[34.04186136463996,0.7702200319064894],[34.0402888838,0.7694521497],[34.0402926100944,0.7694522228805811],[34.0402793575052,0.769445736551901],[34.04395695505685,0.76952055447449],[34.04382820345427,0.765233739470935],[34.04286093665535,0.763564887093482],[34.042861049076855,0.7635635539936946],[34.0428609354,0.7635633577],[34.04288365521883,0.7632954892345171],[34.04309343812002,0.760807873128105],[34.03799920091034,0.756545099475111],[34.033007168537175,0.753941473515133],[34.02867902189444,0.7472145586725423],[34.0280328413,0.7462102692],[34.0256768617,0.7452607073],[34.0200801873,0.7392590705],[34.0126748568,0.7363751019],[34.0039530833,0.7347217254],[33.9954938525,0.734985954],[33.9893512673,0.7364720912],[33.98940110882291,0.7368269811554037],[33.9909113416589,0.747577891021377],[33.99298277974886,0.750837744300733],[33.99858526190126,0.755683110632543],[34.00002645500288,0.759357756180986],[33.99899966592234,0.761267942202042],[33.9991971265216,0.776523777354871],[33.9991977575,0.7765725218]]]}},{"type":"Feature","properties":{"n":"Nyangole","c":"212408","d":"Tororo","od":"Tororo","dc":"212","k":"NYANGOLE","a":["NYANGOLE"],"lat":0.733967,"lon":34.15197},"geometry":{"type":"Polygon","coordinates":[[[34.128550531281654,0.7435629644322096],[34.12934413716014,0.7442943620586695],[34.14019769582567,0.7491880078767306],[34.14143069411819,0.746535372375387],[34.1430592335158,0.745566431799582],[34.1426546891137,0.743497419962481],[34.141543720394864,0.743346888040574],[34.14425611731524,0.7387436935275533],[34.144479925616444,0.738363719831969],[34.14448010541475,0.7383635645047942],[34.14448048311029,0.738362923519686],[34.14618038684311,0.736893660989282],[34.14614185370946,0.734802554949729],[34.148749962478256,0.736817349991362],[34.15129058670982,0.737624090617121],[34.159772537870694,0.740317089442833],[34.15977250638714,0.7403174087013563],[34.159775852543305,0.740318471227676],[34.159497125930145,0.743124309526831],[34.16106937409841,0.744057961139905],[34.161068911566225,0.744060334140429],[34.16106906302233,0.74406042429907],[34.15986316100741,0.7513535538462992],[34.160258962757396,0.752135950612883],[34.15962030856877,0.752825938476422],[34.164630853376025,0.753712758047724],[34.16610568503818,0.752901223810233],[34.17003551391566,0.756722523532913],[34.16910121533728,0.757004118017918],[34.17303549324447,0.761715555379157],[34.17693333436762,0.7651520072751206],[34.17713493387189,0.765329728830861],[34.177144704502396,0.7653084755191181],[34.177675772571206,0.764151719751815],[34.18138391481629,0.762043401990803],[34.181702892186614,0.758270226511178],[34.1793114135193,0.757335440451702],[34.18094347531454,0.749936099862284],[34.183434514681615,0.745998437791097],[34.18828104866629,0.745812266795415],[34.189290467421365,0.742538373684001],[34.18560056611037,0.739587443973864],[34.18308880460339,0.736292704476946],[34.17758736795838,0.732874070286944],[34.177587247528294,0.732873867924039],[34.17758720855443,0.732873843705086],[34.17757546320546,0.7328540663128048],[34.17439055177508,0.727502347862032],[34.17439662574824,0.7275013845378923],[34.17439623790646,0.727500731470964],[34.17905474500506,0.7267626129604327],[34.17967590597139,0.726664097649499],[34.18628221354809,0.727964860772402],[34.190013828690745,0.728895566212228],[34.19479487178369,0.7315803901041568],[34.19621607581482,0.7323784444371161],[34.2016514536268,0.7331314473890194],[34.20331393318,0.7316436807073572],[34.203052249956706,0.729778579216378],[34.20305267853414,0.7297775176814573],[34.20305264953,0.72977731100931],[34.20437737661939,0.726494014959148],[34.204378683035884,0.7264931635033616],[34.20437888377276,0.726492666302178],[34.204379094406235,0.7264928953930988],[34.20437910438725,0.7264928888879825],[34.2043788931168,0.726492659085387],[34.208912265892074,0.723246204093442],[34.210013253461504,0.7228208372406304],[34.210335918817854,0.722610540381651],[34.210335722302695,0.7226103294346824],[34.206709418154645,0.719011754203548],[34.203222958540685,0.714975209858489],[34.20318508797731,0.714908763368455],[34.199948389813436,0.709233027371183],[34.19495787546441,0.710012846837717],[34.19484172961918,0.71107812869907],[34.19362788158631,0.710656833094427],[34.190549289859376,0.712059510064587],[34.1904951859406,0.712043008839464],[34.19038557900224,0.712091539864881],[34.188327524056014,0.7113823684384368],[34.18810308216348,0.712953248840462],[34.18461747255223,0.712165455744121],[34.18461573674788,0.7121326068541027],[34.18453802171779,0.711590879997502],[34.182232409400164,0.7118448278584041],[34.18099938483147,0.711983169103219],[34.18274180185123,0.71487519980971],[34.18273705935752,0.7148747537229859],[34.182737444753435,0.714875394140493],[34.17992901275924,0.714953840020828],[34.17955998366535,0.7145759127809302],[34.17921436364652,0.714543403196008],[34.17173827211216,0.706567873689604],[34.169916283065824,0.7070228042315025],[34.16836921157409,0.70740930504466],[34.16836893901596,0.7074091589510989],[34.16836835303407,0.707409305264306],[34.166309999223046,0.706306376798487],[34.16630767251346,0.7063063487590648],[34.161392852392176,0.706387978165194],[34.161293993597134,0.7062459283868233],[34.16115587984104,0.706244263963414],[34.16058292721459,0.7052242001530535],[34.158952398419956,0.702881300324936],[34.12584284711321,0.718690318794898],[34.122334436957374,0.718148249706918],[34.11762801621155,0.7193122206171266],[34.119371111993246,0.724750402976477],[34.12545179442997,0.735479428736954],[34.12744607842441,0.7415334017529996],[34.128550531281654,0.7435629644322096]]]}},{"type":"Feature","properties":{"n":"Ojilai","c":"212409","d":"Tororo","od":"Tororo","dc":"212","k":"OJILAI","a":["OJILAI"],"lat":0.636452,"lon":33.933354},"geometry":{"type":"Polygon","coordinates":[[[33.896452004297934,0.658476080115719],[33.89771552904104,0.6586747716611],[33.89878609380029,0.660013296426703],[33.89828338572681,0.66176872248123],[33.89579977445803,0.663315849090375],[33.89533343701263,0.6639752721459987],[33.896018924968125,0.6718964662983393],[33.896893157217235,0.672551379876276],[33.89701175160131,0.674624022770718],[33.90726149720577,0.673857783515006],[33.91253030868331,0.672321036090989],[33.91412298273498,0.670924835045502],[33.91696823470347,0.672082673871831],[33.918509279617936,0.673990956708281],[33.92253346016339,0.661700754975543],[33.920175478111126,0.661297143823889],[33.92323418508211,0.656073576176512],[33.92930176907591,0.649523380145667],[33.93397097867933,0.646401410378943],[33.941705630584245,0.643641195097951],[33.95824904809809,0.641349292725928],[33.969332602863446,0.634354594682179],[33.96902493983837,0.6336271356716142],[33.96352504571074,0.620623336517976],[33.955831471588596,0.616930306674196],[33.94763773264582,0.615976348907843],[33.94370188663137,0.612625241508027],[33.93830199785575,0.610335165074931],[33.93211364740663,0.604190191270313],[33.92848744822647,0.604130203253928],[33.92652580241219,0.603232994351392],[33.92346945055724,0.6013002657137897],[33.92017085738198,0.5994404074800546],[33.9191,0.6025],[33.91417135741912,0.6070601459393151],[33.915704890410524,0.608031610962312],[33.91570646422958,0.609061940809989],[33.91116973391064,0.609837348998566],[33.90871346187103,0.612109974530541],[33.90904344617477,0.615839739678795],[33.907522355521166,0.616056427515843],[33.907014309563905,0.619611788175365],[33.90533369962784,0.6219766337710241],[33.905050220832045,0.6228619914593447],[33.905316654782325,0.623520290556807],[33.90477843086334,0.6237108427384066],[33.9025074400245,0.6308035749959328],[33.9027683166201,0.631390901377171],[33.90214994754855,0.6319200913519832],[33.90002750636704,0.6385488750420762],[33.899661578647475,0.640373341780375],[33.89937433454622,0.6405888536998394],[33.898343612915006,0.6438079915480619],[33.89837682011314,0.644054731196117],[33.8982442512619,0.644118316711006],[33.894641514333344,0.6553703429154143],[33.89472726903235,0.655708241801353],[33.896452004297934,0.658476080115719]]]}},{"type":"Feature","properties":{"n":"Osia","c":"212410","d":"Tororo","od":"Tororo","dc":"212","k":"OSIA","a":["OSIA"],"lat":0.656586,"lon":34.112101},"geometry":{"type":"Polygon","coordinates":[[[34.09379846286027,0.66368736955994],[34.095891039946096,0.664644810676602],[34.097222770407974,0.667037271472858],[34.10026643915326,0.669047020263127],[34.103690497720194,0.671056644555617],[34.115673469179974,0.67526613021695],[34.122485580873644,0.680430961307285],[34.12883804919667,0.681998792150827],[34.13036957102266,0.6786516140158617],[34.129157987867664,0.678235697722039],[34.12915945453361,0.6782342682894354],[34.12915903999857,0.678234127199227],[34.129271222555076,0.6781253376534055],[34.129804267652375,0.677605824641397],[34.12929761727762,0.676467819273329],[34.12698282862172,0.6761755636019412],[34.12687078915356,0.676161536267526],[34.12687081652378,0.6761614214163022],[34.126867202296864,0.676160965098914],[34.127141317749505,0.675018189973672],[34.12674430503756,0.6748999073087183],[34.125589902704846,0.674559981250741],[34.12732544363083,0.672065995225072],[34.1337718327382,0.657218713263336],[34.13680687690683,0.656304782735443],[34.14262869693113,0.658265322551271],[34.142591904875914,0.6571497001563371],[34.14253137734728,0.655328424235744],[34.142531831495994,0.6553281327671003],[34.142531734893566,0.65532520355232],[34.143525035121144,0.654689306595141],[34.1425583326029,0.653128146589195],[34.14255840008231,0.6531277969590379],[34.14255800778023,0.653127163657015],[34.14300228393739,0.6508279074612281],[34.143030870725276,0.6506797911184471],[34.14294730325623,0.6502910562047907],[34.14246604228509,0.648053216972146],[34.142466211059784,0.648053135928234],[34.142466057166686,0.648052420056128],[34.14389783996779,0.647365255911218],[34.14341047139794,0.645926707387353],[34.143410596412814,0.6459265163165323],[34.14341046664253,0.645926695703945],[34.1426587312047,0.6405190491319369],[34.14264056068133,0.640483354557584],[34.14111237066382,0.637484307432935],[34.141112861355936,0.6374823085187684],[34.14111276862768,0.637482126361345],[34.1413511366369,0.6365116553993685],[34.14215493170364,0.633237265434349],[34.14133802130838,0.631257945754165],[34.136721973001535,0.631443560157792],[34.13471962016029,0.6326086765771779],[34.134598674070965,0.6328321735704489],[34.132721027180146,0.636303154410753],[34.12942705326279,0.63695147589352],[34.129426902933126,0.63695146835344],[34.12942688466229,0.636951471951282],[34.129398979769725,0.6369500678122065],[34.128056231520716,0.636882719630286],[34.127368902161,0.6356665720910653],[34.1271126075619,0.6352139223028578],[34.12606169863509,0.636598913983138],[34.12303159348644,0.634808283894843],[34.124559248201024,0.633986053785435],[34.12430570231567,0.6334965953063352],[34.12430570218256,0.6334965950533347],[34.12144902809005,0.631895414523659],[34.1200871147866,0.6347599540710582],[34.119976689743645,0.634992412226019],[34.11997648260518,0.6349926489555913],[34.11997633975375,0.634992949417877],[34.116999306380215,0.638398503589626],[34.10662083498889,0.643680849732358],[34.106605884169504,0.6436695332786864],[34.10155098877381,0.640469887840183],[34.09997389553317,0.6386497019074765],[34.09857735689114,0.6375926451375139],[34.09724648310036,0.638569377518459],[34.08819037693209,0.6568669068495884],[34.08802089993559,0.657209355008003],[34.093198008678606,0.661790769746714],[34.09379846286027,0.66368736955994]]]}},{"type":"Feature","properties":{"n":"Petta","c":"212411","d":"Tororo","od":"Tororo","dc":"212","k":"PETTA","a":["PETTA"],"lat":0.795953,"lon":34.094435},"geometry":{"type":"MultiPolygon","coordinates":[[[[34.06844556475431,0.7932084512246261],[34.07000334491249,0.794010182124566],[34.07407281151762,0.797894859890346],[34.07590528975014,0.79964411387827],[34.079492108483194,0.799616004683655],[34.08219314938537,0.801868194963924],[34.08552769549791,0.80683267673882],[34.08594548540166,0.808045320875531],[34.08350877232083,0.812839717065428],[34.08194002306934,0.81877420538417],[34.080684722197894,0.826906730513028],[34.08160421164674,0.830738460729529],[34.088016469003406,0.8278826817547789],[34.09814478750902,0.822973841780742],[34.100865471087914,0.822159770360884],[34.10264872057011,0.823905509481767],[34.10804265496042,0.824513940457171],[34.11087985091281,0.824174557449952],[34.11265020768484,0.8239627729490433],[34.11509786430576,0.8197139870652251],[34.11597895135598,0.8172922917665006],[34.116286104923326,0.815780516530777],[34.116944520682395,0.8146383942908514],[34.11867488153904,0.8098824433883526],[34.1189903668021,0.8083207666811206],[34.11876422689633,0.806652213828004],[34.118076417039276,0.804811864721706],[34.117677170611294,0.798631678664391],[34.11544359058299,0.791559848749579],[34.11544376858888,0.7915595423730709],[34.115443688776594,0.791559289648356],[34.11544714472427,0.79155373150589],[34.11848767971144,0.786320486120127],[34.119023110760416,0.7858025655365408],[34.11905174321638,0.785756516439682],[34.119046091635745,0.7856771312349403],[34.1188705013104,0.783214128504334],[34.11777617612823,0.7804984342491291],[34.11625766767634,0.776730213844671],[34.116257648713265,0.7767300331884553],[34.11625758094579,0.776729865015639],[34.11578563537792,0.772234022383381],[34.114496158985936,0.768751587233468],[34.111491014173545,0.764593035193876],[34.10994180057649,0.75965487179378],[34.10988449108882,0.7596666041500334],[34.097108085293144,0.762614462735656],[34.096638237635545,0.7623783674346087],[34.0963235147439,0.762442797273988],[34.08691108368085,0.7576609085069612],[34.08607787289248,0.7583919427313736],[34.08451836023297,0.75976024339804],[34.084337362912734,0.7598128448814402],[34.07967255987777,0.7611691815545146],[34.0816421838275,0.763194112654104],[34.08163986735538,0.7631947925277992],[34.08164139119734,0.763196357320767],[34.08061878069331,0.7634944766709437],[34.080088097954146,0.763650229564283],[34.07921126604206,0.765202788213701],[34.07702216731519,0.766011802708326],[34.073672575638845,0.7654004693030946],[34.06695007070447,0.7721993115288832],[34.06513175833816,0.774038391459225],[34.06513162575871,0.7740384057955606],[34.065131547208416,0.774038485237829],[34.06381349471709,0.7741809404678784],[34.05984654284242,0.7746099025116385],[34.058436596203904,0.77571324269528],[34.05843631998138,0.7757132161432393],[34.05843588772522,0.775713554499284],[34.05773719862572,0.7756460127212355],[34.054970887743835,0.7753800995774218],[34.054615154329476,0.7778946554710302],[34.05687820884133,0.7827339036313022],[34.05765654568911,0.784397842551877],[34.06257276950139,0.7901858482804539],[34.06844556475431,0.7932084512246261]]],[[[34.098516848838386,0.762026328622336],[34.09851684917328,0.762026334647658],[34.098516848838564,0.762026328622326],[34.098516848838386,0.762026328622336]]]]}},{"type":"Feature","properties":{"n":"Rubongi","c":"212412","d":"Tororo","od":"Tororo","dc":"212","k":"RUBONGI","a":["RUBONGI"],"lat":0.686876,"lon":34.121586},"geometry":{"type":"Polygon","coordinates":[[[34.08358926329549,0.670027102125907],[34.08316596513903,0.673057097440466],[34.08465375166941,0.682364037453657],[34.086182416798614,0.686421506625731],[34.08827604811229,0.687786778048052],[34.09091792557337,0.6923308745250653],[34.09108477577612,0.692189596380841],[34.0925401277759,0.6932482983879428],[34.09338138345986,0.693643817628874],[34.09434428928279,0.6945607433557424],[34.09538561509935,0.695318260253517],[34.09575891662536,0.6959078202696377],[34.09725280337586,0.697330371844195],[34.09800217282357,0.697500660920633],[34.09796004132283,0.6980038381927727],[34.09984733446701,0.6998010104570008],[34.09984791845573,0.699801458567041],[34.09984793741312,0.6998015846115923],[34.09984803973363,0.699801682046156],[34.09997442967709,0.7006426108082193],[34.10025426744977,0.702503205995933],[34.10479611623196,0.709867098929089],[34.1086246029263,0.711820304704157],[34.10862478211096,0.7118204980907514],[34.108624782242956,0.711820498158091],[34.11431668158303,0.7169981448622774],[34.117522252487035,0.718982254572273],[34.11762801261387,0.7193122093929456],[34.122334291297626,0.718148265486057],[34.1223343416383,0.718148273280804],[34.122334436957374,0.718148249706918],[34.12584284711321,0.718690318794898],[34.15583382353116,0.704370345209904],[34.15895238860032,0.702881291814622],[34.15738475191915,0.69953028633287],[34.157366216137824,0.699497285908644],[34.1575244067001,0.688742730636245],[34.15628666190892,0.687331379467681],[34.156307076592775,0.685729969910897],[34.156302679542826,0.6857246125046293],[34.153760880978794,0.6827766800331394],[34.15299445126443,0.6826511455110665],[34.14561117618005,0.683134505515447],[34.14560591503741,0.683135282658435],[34.14206433181555,0.682244737131005],[34.14050806256425,0.68185363548523],[34.13748564806525,0.68358139792176],[34.13583438251565,0.683622339526617],[34.13581071158425,0.6836158919663085],[34.128858536320884,0.6819540170434519],[34.12883804919667,0.681998792150827],[34.122485580873644,0.680430961307285],[34.115673469179974,0.67526613021695],[34.10414890841047,0.6712176791732986],[34.103690805969734,0.671056758254298],[34.10369078299068,0.6710567447679919],[34.103690497720194,0.671056644555617],[34.10026643915326,0.669047020263127],[34.100266328877154,0.6690469474472958],[34.10026627192886,0.669046914024588],[34.100147554393125,0.6689685200967611],[34.097222770407974,0.667037271472858],[34.095891039946096,0.664644810676602],[34.09379846286027,0.66368736955994],[34.093286465555394,0.6620701704089458],[34.09319791259149,0.661790684715681],[34.09318240669794,0.6617769629777792],[34.08784134730332,0.6570894174382056],[34.085699438176036,0.6556586764369157],[34.08444108989658,0.6549804376590043],[34.08323062761955,0.6547552540242376],[34.08146729783408,0.6547211911589],[34.08228499000772,0.666598802286431],[34.08358926329549,0.670027102125907]]]}},{"type":"Feature","properties":{"n":"Mulanda","c":"212501","d":"Tororo","od":"Tororo","dc":"212","k":"MULANDA","a":["MULANDA"],"lat":0.675951,"lon":34.011204},"geometry":{"type":"Polygon","coordinates":[[[33.94987054281154,0.660583431514996],[33.956557409847775,0.662531036243598],[33.96333339390487,0.662078727751704],[33.96849758766098,0.662849775440512],[33.97617561211872,0.6659187656826],[33.98123897094608,0.666273832363111],[33.98560615103916,0.668228753892425],[33.987795061745885,0.671488311914831],[33.99152125164299,0.674410109449515],[33.991256361323,0.681962217932571],[33.99287222219596,0.684744535652974],[33.99456748884483,0.686247220662865],[33.999612678700245,0.688207481756581],[33.99955079502601,0.691583318145491],[34.00055750719097,0.691736730576799],[34.00060402242033,0.6938352426606],[33.99982266136914,0.69788000432816],[33.99790829667406,0.702077202862304],[33.998375274881745,0.707637922999775],[34.000369618048786,0.711130376921721],[33.99984322788249,0.720556678292677],[34.003889775112086,0.720014450483763],[34.01511953031188,0.715512470269782],[34.014605935084646,0.711346507828222],[34.019307690166606,0.706109177957026],[34.01944989921431,0.704407972182941],[34.02054720563876,0.703665770015422],[34.02363170496061,0.696727442237631],[34.02344527480827,0.695566128370067],[34.025197300628946,0.693394921126993],[34.027894885021695,0.693122372353627],[34.03303197267797,0.684430363775433],[34.0320400352439,0.677492454065051],[34.029239725393346,0.673568102248307],[34.028429735973795,0.670445549849032],[34.02853708398635,0.667023282479009],[34.02464416043694,0.665920725874941],[34.019389846629466,0.661077336463175],[34.011159899489044,0.655375286865026],[33.998343242254236,0.639355661843275],[33.99852064645288,0.635211134147534],[33.99462302005002,0.6357228556970471],[33.98563055107398,0.637237141485993],[33.98360198509768,0.6371698135375695],[33.982326404871166,0.637337285178658],[33.98125790110572,0.6370920135705219],[33.9802099678993,0.637057232748159],[33.97688717508525,0.6360887274479698],[33.96933261207308,0.634354601768035],[33.958249233873694,0.641349196609628],[33.958249190985676,0.6413492025512929],[33.95824904809809,0.641349292725928],[33.94170566794496,0.6436411899220488],[33.94170551576745,0.6436412360718777],[33.93547831703795,0.6458634962721136],[33.929301753925856,0.6495233965007503],[33.92563901531173,0.6534774671748033],[33.923234142525146,0.65607364885401],[33.920175478111126,0.661297143823889],[33.92022571599207,0.6613057429431927],[33.94094688839459,0.662297349101539],[33.94987054281154,0.660583431514996]]]}},{"type":"Feature","properties":{"n":"Mwello","c":"212502","d":"Tororo","od":"Tororo","dc":"212","k":"MWELLO","a":["MWELLO"],"lat":0.707755,"lon":34.044823},"geometry":{"type":"Polygon","coordinates":[[[34.00236878749464,0.7347712117271299],[34.0039530833,0.7347217254],[34.01267453889194,0.736375041634539],[34.01267473182446,0.736375071659612],[34.01267476459016,0.7363750844198881],[34.0126748568,0.7363751019],[34.01644566454837,0.7378436239521815],[34.020079998191584,0.739258979089614],[34.020080026165246,0.7392590077468822],[34.0200801873,0.7392590705],[34.020082322500755,0.7392613601989307],[34.02610829761762,0.745434594675622],[34.02745075115281,0.7459756616396732],[34.0302103917961,0.745300766002398],[34.0302129828401,0.745299683793278],[34.03216560021089,0.7429264013516029],[34.03633770128213,0.737854422879241],[34.03633859206976,0.7378543946921988],[34.036339606152055,0.737853162139552],[34.04291066242184,0.7376464357827384],[34.043002513312395,0.7376435293605594],[34.04466220674012,0.736494333255299],[34.04570728119474,0.7357706291881224],[34.04984799760087,0.726818938871026],[34.049848689066394,0.7268182141501259],[34.049848820636306,0.726817929721846],[34.05669073678373,0.7196471046260599],[34.05739866372456,0.718905130609291],[34.06380150991588,0.715712920704769],[34.06380162780954,0.7157129400861854],[34.06380168016502,0.715712913984323],[34.063870095073995,0.7157241959297198],[34.067877614845614,0.716383021952219],[34.06819417814918,0.715889712758109],[34.06819691013064,0.7158927224123162],[34.068197045104135,0.715892513135689],[34.06906066953783,0.7168442724773341],[34.06930416909678,0.717112520810401],[34.071668681073945,0.717751285023819],[34.07102809854317,0.7164389473232511],[34.071025004470876,0.716432692120109],[34.07102501450803,0.7164326291747114],[34.071024975322416,0.7164325488966],[34.07181768910795,0.711295054997068],[34.071845473917506,0.7112873307165993],[34.072146541699844,0.709399262180403],[34.07017719408461,0.699643562740458],[34.065813896890056,0.694191421211619],[34.06197776073751,0.690951760862275],[34.049670028340906,0.687106614327623],[34.04577875851192,0.685018673141378],[34.041688193910176,0.680110822765713],[34.039653521294774,0.675388290170721],[34.034364188415545,0.667320672232645],[34.02865045564306,0.666892909754094],[34.02842989130554,0.6704405978544326],[34.02842973811655,0.6704454815378033],[34.028557345336814,0.6709374907473349],[34.029239725393346,0.673568102248307],[34.0320400352439,0.677492454065051],[34.032218426863224,0.6787401788765481],[34.03252192011573,0.679267135737488],[34.033105664694745,0.684044425104125],[34.03301803991693,0.6843329138408073],[34.03303197267797,0.684430363775433],[34.032942414286325,0.6845818975549787],[34.032447974454904,0.686209751295532],[34.0278977607754,0.6931175065468517],[34.027894885021695,0.693122372353627],[34.025197300628946,0.693394921126993],[34.02344527480827,0.695566128370067],[34.02363170496061,0.696727442237631],[34.02363158776569,0.6967277058579603],[34.023631590203756,0.696727720933787],[34.023079320333856,0.697969986067245],[34.02054720563876,0.703665770015422],[34.01945007044394,0.7044078563656997],[34.01941260711029,0.7048540868550572],[34.019307690166606,0.706109177957026],[34.0193071889114,0.7061097363099913],[34.019307182584406,0.706109811671552],[34.01460593895702,0.7113465392384586],[34.01511953031188,0.715512470269782],[34.003889775112086,0.720014450483763],[34.000421532740496,0.7204791868022156],[33.99984322136787,0.720556690552821],[33.99668637571827,0.725912503981443],[33.99294121902509,0.735438829577945],[33.99425766549921,0.7352850371104838],[33.9954938525,0.734985954],[33.9973009531968,0.7349295082428781],[34.000776752401606,0.734523451675736],[34.00236878749464,0.7347712117271299]]]}},{"type":"Feature","properties":{"n":"Nabuyoga","c":"212503","d":"Tororo","od":"Tororo","dc":"212","k":"NABUYOGA","a":["NABUYOGA"],"lat":0.681321,"lon":33.94869},"geometry":{"type":"Polygon","coordinates":[[[33.92015417725602,0.705886303846347],[33.92808678857045,0.705717066135377],[33.93191860759218,0.699934279342592],[33.936498473225186,0.696737795727251],[33.93986660468228,0.695893250877156],[33.94309778083571,0.696884719191867],[33.9445117020059,0.6957592045025],[33.9526721447361,0.698868498150256],[33.95571149718811,0.692138865635329],[33.96389503075932,0.691940769145846],[33.96500380116424,0.689061857812596],[33.97041811927476,0.688891971687204],[33.97380995345894,0.689793370171546],[33.97336022341866,0.677016378468754],[33.975391603995796,0.671933387741193],[33.97617560327577,0.66591877488988],[33.97487272482659,0.6653979874006211],[33.96849758766098,0.662849775440512],[33.96660682871132,0.662567472841679],[33.96333317507101,0.6620787423592372],[33.956557409847775,0.662531036243598],[33.95655737229175,0.6625310253050977],[33.95655734222471,0.662531027312228],[33.949870542598546,0.6605834315559043],[33.94827005977133,0.6608908275549379],[33.940952285254774,0.662296629536949],[33.94095087278396,0.6622965838416257],[33.94094688839459,0.662297349101539],[33.94088921326004,0.6622945890734145],[33.92253347153457,0.661700756235269],[33.918509286211616,0.673990967920464],[33.92369218179814,0.677635458205009],[33.92404280367921,0.68500687366002],[33.92600510405684,0.688063783590435],[33.92364274181018,0.693413854147394],[33.915797618149135,0.694719348656616],[33.91085271957992,0.697568540778809],[33.921114523461625,0.703510488656932],[33.92015417725602,0.705886303846347]]]}},{"type":"Feature","properties":{"n":"Nabuyoga  Town Council","c":"212504","d":"Tororo","od":"Tororo","dc":"212","k":"NABUYOGATOWNCOUNCIL","a":["NABUYOGA","NABUYOGATOWNCOUNCIL"],"lat":0.704055,"lon":33.948347},"geometry":{"type":"Polygon","coordinates":[[[33.897482284521594,0.7301057500750878],[33.8981,0.7313],[33.8981,0.7320597859835888],[33.898350997008414,0.732853771539264],[33.91379935518367,0.733854760592986],[33.921100331753394,0.736331919526548],[33.92938603893966,0.737867981789747],[33.95597139725787,0.734026780018417],[33.965485920213425,0.734558404629794],[33.96768453653959,0.730945450565887],[33.96892003937894,0.725105351806187],[33.97001108566155,0.723561471943322],[33.967944809189326,0.721460626434855],[33.96842040268709,0.717540614619984],[33.965683694899916,0.716842288301491],[33.96616941538777,0.715844841577462],[33.96334137787724,0.716886749071462],[33.960566605946916,0.714030337043409],[33.9680662660421,0.703249942981497],[33.965977411158256,0.701462243401143],[33.963412063593964,0.692874937121662],[33.96389502481135,0.691940780545914],[33.96367121241233,0.691946187053457],[33.95571149718811,0.692138865635329],[33.9526721447361,0.698868498150256],[33.944511740229636,0.6957592190665166],[33.9444818458582,0.6957829707021352],[33.94309778083571,0.696884719191867],[33.94309588952726,0.6968841388544575],[33.943094996862854,0.696884848092976],[33.94023563396314,0.6960064854461798],[33.93986665319103,0.6958932657617962],[33.93975872566511,0.6959203010886891],[33.936498473225186,0.696737795727251],[33.93191866855055,0.6999342367971427],[33.93186880843745,0.7000094336994778],[33.92808678857045,0.705717066135377],[33.9211379734995,0.7058653151179565],[33.920158042563514,0.705886419812504],[33.920158123518426,0.7058862196551029],[33.92015417725602,0.705886303846347],[33.921114523461625,0.703510488656932],[33.91085271957992,0.697568540778809],[33.915797618149135,0.694719348656616],[33.92364274181018,0.693413854147394],[33.92600510405684,0.688063783590435],[33.92404280367921,0.68500687366002],[33.924042774874486,0.6850062680744603],[33.92404265099161,0.685006075212427],[33.92401647123279,0.6844532647354452],[33.92369218179814,0.677635458205009],[33.923589100325515,0.6775629737377414],[33.918643373188765,0.674202444095039],[33.916968092055704,0.6720826158231508],[33.915658824152544,0.671549826028388],[33.91412282939378,0.6709249694704592],[33.91253030868331,0.672321036090989],[33.90726149720577,0.673857783515006],[33.90392453998526,0.6741072441080451],[33.89701174863972,0.67462403426242],[33.89638005601616,0.6760695361867379],[33.8964,0.6763],[33.881,0.6914],[33.8949,0.7046],[33.8906,0.7168],[33.8974378755422,0.7300198927149293],[33.89746165451223,0.730040490614204],[33.897482284521594,0.7301057500750878]]]}},{"type":"Feature","properties":{"n":"Pajwenda Town Council","c":"212505","d":"Tororo","od":"Tororo","dc":"212","k":"PAJWENDATOWNCOUNCIL","a":["PAJWENDA","PAJWENDATOWNCOUNCIL"],"lat":0.67297,"lon":34.060623},"geometry":{"type":"MultiPolygon","coordinates":[[[[34.0193897481491,0.661077262141914],[34.019389774746486,0.6610772866596598],[34.019389846629466,0.661077336463175],[34.02464416043694,0.665920725874941],[34.02851517754259,0.6670170781202696],[34.02864370086846,0.6670015575697045],[34.02865045564306,0.666892909754094],[34.02920167054476,0.6669341768314937],[34.029778121791175,0.666864564248272],[34.03431514110507,0.6673170002724869],[34.034364188415545,0.667320672232645],[34.039653521294774,0.675388290170721],[34.041688193910176,0.680110822765713],[34.04577865670227,0.6850185509903797],[34.04910978980004,0.6868060067689091],[34.049670013123595,0.687106606162461],[34.060736901686695,0.690309568171345],[34.06129978311646,0.6907399490340547],[34.06197776073751,0.690951760862275],[34.065813896890056,0.694191421211619],[34.06581396497983,0.6941915062929408],[34.06581400773355,0.694191538982565],[34.0658142547268,0.6941918683451703],[34.07017719408461,0.699643562740458],[34.070278355804575,0.7001446948550621],[34.070518766098914,0.700465279167216],[34.07214640147779,0.7093985675522967],[34.072146541699844,0.709399262180403],[34.07184547606755,0.711287317233165],[34.08406501906724,0.707890242126071],[34.084282063466325,0.7072579943926762],[34.08467331245923,0.705180829874452],[34.0850315394193,0.705074779923659],[34.08875365405083,0.6942323046092024],[34.088782722913116,0.694138828392752],[34.088786981334025,0.6941352226326559],[34.088787761118056,0.694132951131115],[34.09091787406359,0.6923307859269314],[34.08827604811229,0.687786778048052],[34.08827480442294,0.6877859670296456],[34.08658867502447,0.687115442452205],[34.086350797989226,0.6865313091616861],[34.086182416798614,0.686421506625731],[34.08465375166941,0.682364037453657],[34.08316596513903,0.673057097440466],[34.08319037832081,0.6728823463217554],[34.08354825263349,0.6699193050505151],[34.08228547901462,0.6666000876476355],[34.082285002560795,0.666598892605792],[34.082284997742455,0.6665988226172876],[34.08228499000772,0.666598802286431],[34.08200328430701,0.6625068091460355],[34.08146728576094,0.654721190871958],[34.08023289578546,0.6541975826591171],[34.08023101116767,0.654197232061588],[34.07902158161126,0.655201135468233],[34.073127145067865,0.653664666091963],[34.06834199720312,0.654470733772539],[34.06834155725751,0.6544707200378777],[34.06834147609379,0.654470733708852],[34.068341045411,0.6544707040585424],[34.05942041450781,0.654192210896253],[34.05840169325031,0.6537864304428046],[34.057733880390806,0.653740454939309],[34.057036486004236,0.6532426365332517],[34.055902172779426,0.65279081310135],[34.045280237447784,0.644850820679072],[34.039016745493754,0.642536376570178],[34.03901668032266,0.6425363227133704],[34.03901659380909,0.642536290745189],[34.03651667556629,0.640470702341138],[34.03518890765462,0.6401522590365061],[34.03518780154908,0.6401528185436153],[34.033687627448884,0.640988328111836],[34.0336114259975,0.6409502047755161],[34.033573653398264,0.640969311485554],[34.029645720809064,0.6389661754703015],[34.02953564261107,0.6389111037087081],[34.0295303969448,0.6389109706419369],[34.02070577610877,0.638976112505818],[34.01924530393001,0.6386500687757156],[34.01821106389345,0.638623833217586],[34.00085351338499,0.6346750040605509],[34.00084994384323,0.634674273574158],[34.00084858451616,0.6346745024778843],[33.99852065799749,0.635211131793733],[33.99851809128373,0.6352708281648995],[33.998343242254236,0.639355661843275],[34.008238168629966,0.6517233960545383],[34.01116000724169,0.6553753615205387],[34.019162543358775,0.6609198513054703],[34.0193897481491,0.661077262141914]]],[[[34.030182476775025,0.666914180513075],[34.03018247683991,0.666914179845548],[34.03018247675817,0.666914180511226],[34.030182476775025,0.666914180513075]]]]}},{"type":"Feature","properties":{"n":"Siwa","c":"212506","d":"Tororo","od":"Tororo","dc":"212","k":"SIWA","a":["SIWA"],"lat":0.702664,"lon":33.982669},"geometry":{"type":"Polygon","coordinates":[[[33.96615993197085,0.715846254585416],[33.96615871026626,0.7158487855655745],[33.96616941538777,0.715844841577462],[33.96568426268253,0.7168411223368626],[33.96801834092104,0.717096415894722],[33.968012530545444,0.7174365377973053],[33.96842040268709,0.717540614619984],[33.96794482375182,0.7214605064055578],[33.96814824471889,0.7216674654635555],[33.97001108566155,0.723561471943322],[33.96892003937894,0.725105351806187],[33.96768453653959,0.730945450565887],[33.96567825698875,0.734242340418959],[33.96548593226064,0.734558406009201],[33.96738714915956,0.735034916200066],[33.96738320600824,0.734829384024313],[33.98023502458073,0.738254960617161],[33.98056335558414,0.7382327947065146],[33.98587988403634,0.7378738101608067],[33.989351256097976,0.73647209405483],[33.98937868664583,0.7366673641751356],[33.98937869162341,0.7366673624586217],[33.9893512673,0.7364720912],[33.99134067224294,0.7359907745238269],[33.992941205092485,0.73543883165321],[33.9952666069995,0.7295238826752592],[33.99668637571827,0.725912503981443],[33.996686399766894,0.7259124631812341],[33.99668641906262,0.725912414100163],[33.99984551417774,0.7205157365929722],[34.00036961222358,0.7111304812363208],[33.99958774306997,0.709761173074875],[33.998375274881745,0.707637922999775],[33.99790829667406,0.702077202862304],[33.99791169071584,0.7020697615073646],[33.99989438283303,0.6975087339308882],[34.00011385740249,0.6963726108489927],[34.000557509132065,0.6917368181483606],[34.00055750719097,0.691736730576799],[33.99955079502601,0.691583318145491],[33.99960235142794,0.6887708481382779],[33.999612445896155,0.688207391302739],[33.99456748884483,0.686247220662865],[33.99287222219596,0.684744535652974],[33.992255610371146,0.6836828043891513],[33.991868199018306,0.683253069699814],[33.99169859032599,0.6827236829894192],[33.991256361323,0.681962217932571],[33.991275925042146,0.6814044499881013],[33.991141972810766,0.680986355077093],[33.991521222585305,0.6744100866646634],[33.987795061745885,0.671488311914831],[33.98779419509476,0.6714870213644107],[33.98526369171924,0.668075455635162],[33.98123897094608,0.666273832363111],[33.97787637269441,0.6660380310620732],[33.976175614051165,0.665918778452979],[33.976142669662174,0.6661714319275236],[33.975391603995796,0.671933387741193],[33.975391223524085,0.6719343397706581],[33.97539121198043,0.671934428300006],[33.9742995286385,0.6746660164654269],[33.97336023096398,0.6770163595885873],[33.973809844845725,0.689789191617049],[33.97380980601883,0.6897891813451217],[33.97380995345894,0.689793370171546],[33.97041811927476,0.688891971687204],[33.97036515743538,0.688893633481266],[33.96499772013082,0.6890776471554081],[33.96389503075932,0.691940769145846],[33.963777582868836,0.6919436121738118],[33.96377758074716,0.691943617574701],[33.96389502481135,0.691940780545914],[33.963412063593964,0.692874937121662],[33.965977411158256,0.701462243401143],[33.9680662660421,0.703249942981497],[33.96078852110375,0.7137113448746104],[33.96056662733678,0.7140303590626124],[33.96334137787724,0.716886749071462],[33.96482458777095,0.7163403038784003],[33.96615993197085,0.715846254585416]]]}},{"type":"Feature","properties":{"n":"Kirewa","c":"212601","d":"Tororo","od":"Tororo","dc":"212","k":"KIREWA","a":["KIREWA"],"lat":0.802207,"lon":33.954283},"geometry":{"type":"Polygon","coordinates":[[[33.93261298639482,0.809575791093566],[33.93263948827178,0.8097089182001835],[33.939198699273746,0.8278008078869317],[33.94114969509376,0.830778584235247],[33.941733540047835,0.834694910256588],[33.94195416060336,0.8349514852285904],[33.95004522250249,0.8429573780550922],[33.95278373055659,0.835796105126539],[33.96143878842514,0.824920156411739],[33.964994605801955,0.822866146993736],[33.97031726245515,0.822557132018146],[33.97418781025254,0.821343995422636],[33.9832952993373,0.813969302910309],[33.98326436965409,0.8138376345336108],[33.982678903904535,0.811346246769022],[33.981134391751716,0.810577581188068],[33.981134048314026,0.8105769981030777],[33.98113394775805,0.810576948046533],[33.98017363392453,0.808946416402727],[33.9799943422011,0.808642016753527],[33.9790620851818,0.804273023974286],[33.97886991502652,0.794002236626047],[33.97886356775521,0.793663078088224],[33.97886356917952,0.7936630744654556],[33.97886355102895,0.793662104384333],[33.98057831266214,0.789301513920108],[33.980491513626035,0.785809592826929],[33.98045681750249,0.7857185106741268],[33.978490038968935,0.780556159307482],[33.97663132879991,0.780780494753833],[33.97663069448068,0.780776720830445],[33.975723415155805,0.778392848754576],[33.975986283790085,0.7769427576286067],[33.975984491916,0.776932096757537],[33.96687335961601,0.777562993857897],[33.9687523488734,0.774942877791046],[33.96816735052622,0.76894158953899],[33.96656303252808,0.7686970571371],[33.96656361726659,0.7686928282450763],[33.96656314984732,0.768692756551024],[33.96679970279531,0.7669854322140455],[33.966896157539324,0.766287861092286],[33.96862485732492,0.7656716166413166],[33.96862389756291,0.7656693272877441],[33.96820688356651,0.7648808274581361],[33.96025997400961,0.767962365501101],[33.950825436696014,0.769460587249271],[33.938507746211094,0.774128595401517],[33.93492599752656,0.77307119298138],[33.93482141787531,0.775113641268421],[33.92907741453276,0.780548033779609],[33.9312012086751,0.78236919882783],[33.93119619471895,0.7851950122239],[33.93300068618355,0.785022993836509],[33.93478679854346,0.788218709651868],[33.93622605258128,0.7884368652093],[33.93356682066006,0.793188241626505],[33.92705938540103,0.7965807979826883],[33.928574638078224,0.8001413020313488],[33.92867785782006,0.800132576431811],[33.93261298639482,0.809575791093566]]]}},{"type":"Feature","properties":{"n":"Nawire","c":"212602","d":"Tororo","od":"Tororo","dc":"212","k":"NAWIRE","a":["NAWIRE"],"lat":0.848467,"lon":34.042157},"geometry":{"type":"Polygon","coordinates":[[[34.028,0.8845],[34.03821420855444,0.8825587030525182],[34.03809415989088,0.88239673053849],[34.03987953887315,0.879034796818153],[34.04184072152229,0.878115213258153],[34.04314613765995,0.874312107281647],[34.045809664110344,0.872333125386754],[34.04950496458958,0.866896058189066],[34.0490534138121,0.864221061898665],[34.05031010181032,0.862781362922941],[34.05054773080225,0.857290640117909],[34.05210588557252,0.852396931135481],[34.05672400034765,0.844724200335617],[34.05585946379343,0.839903153117975],[34.053645142353375,0.836756265437832],[34.054824771846015,0.83302862961466],[34.05458622158559,0.82833128733013],[34.049954275938134,0.825144448761615],[34.04961118664003,0.823017116220268],[34.04833114478235,0.822518238572965],[34.04587436434997,0.818297927157434],[34.03894365550658,0.822144211157612],[34.03277868797948,0.82411535463526],[34.0327755817533,0.823370782639597],[34.02866253288257,0.823644357844747],[34.028735017808295,0.823127482539097],[34.026295065233704,0.823412607873142],[34.02532584963736,0.822759857638401],[34.024372885972106,0.823337762127977],[34.025243814635026,0.824461936217858],[34.024256290067235,0.824615534081462],[34.02432291342988,0.826093171604828],[34.02932274928254,0.828141751912882],[34.02985438859961,0.829477399079205],[34.031370720872836,0.829637929548584],[34.02899183455266,0.834602762692974],[34.03114496116174,0.844156522987269],[34.02871217003274,0.852210616075674],[34.029475441410895,0.857496345672444],[34.02467178180083,0.86627373570383],[34.02391051595392,0.872327442756568],[34.02005923687694,0.878236848392419],[34.02237679807584,0.8804926606977279],[34.028,0.8845]]]}},{"type":"Feature","properties":{"n":"Paya","c":"212603","d":"Tororo","od":"Tororo","dc":"212","k":"PAYA","a":["PAYA"],"lat":0.831597,"lon":34.007162},"geometry":{"type":"Polygon","coordinates":[[[33.962043652886805,0.852713176421166],[33.96575358053273,0.855338125860045],[33.974184473820294,0.856687050453557],[33.97950689110795,0.859218069698364],[33.98580589869908,0.864053570817209],[33.999861366332084,0.868380341883177],[34.007814429897024,0.872733089167741],[34.009808405690805,0.8724997951056512],[34.0106,0.8721],[34.01097025439219,0.8723638594519066],[34.01136659282049,0.87231748807559],[34.01555033650208,0.873609966909165],[34.02005922927439,0.878236838407603],[34.0214480196688,0.8761058989875194],[34.02391051595392,0.872327442756568],[34.02467178180083,0.86627373570383],[34.02870918541085,0.8588964714769893],[34.02947538861199,0.8574959800348353],[34.02871217003274,0.852210616075674],[34.02871238974441,0.8522098886896545],[34.02871234519298,0.852209580344205],[34.02968850351365,0.8489783284177685],[34.03114496116174,0.844156522987269],[34.02899183455266,0.834602762692974],[34.02899189678955,0.8346026328020404],[34.02899186940901,0.834602511323394],[34.031370211601924,0.8296378756332913],[34.03006401892908,0.8294995921405676],[34.029857114001146,0.829478058992136],[34.02985695910129,0.8294776712120667],[34.02985438859961,0.829477399079205],[34.02932274928254,0.828141751912882],[34.02432291342988,0.826093171604828],[34.024256290067235,0.824615534081462],[34.02425717000568,0.8246153972173572],[34.02425716945361,0.824615385062353],[34.02426015363327,0.8246149331490821],[34.02524334413183,0.8244620093991111],[34.02511312299928,0.8242932425499065],[34.024372885972106,0.823337762127977],[34.02532584963736,0.822759857638401],[34.026210558657084,0.8233556941297674],[34.026295429285575,0.8234125653311629],[34.028735017808295,0.823127482539097],[34.02866253288257,0.823644357844747],[34.0327755817533,0.823370782639597],[34.03277868797948,0.82411535463526],[34.03894362459704,0.8221442210404106],[34.04587435883629,0.81829791701575],[34.04529091434778,0.817189664375716],[34.046560259457706,0.815607331095995],[34.04679318325858,0.813359115546521],[34.0443524158998,0.811658016417205],[34.04488223975931,0.809789523156632],[34.04260230177698,0.807715410800869],[34.043023399366845,0.796403756184397],[34.03889273194702,0.7973452401418946],[34.038867659205856,0.797354121053783],[34.03778819361289,0.791561576707672],[34.03761886413533,0.7913586401524538],[34.03441602533308,0.7875205578400533],[34.02900782236699,0.788413691749498],[34.029007607728616,0.7884136218854572],[34.02900726757646,0.788413678222517],[34.026065640866975,0.787456034384952],[34.01796481226475,0.813648158199923],[34.014333931316,0.828414798144889],[34.009757858300866,0.827803274963314],[34.0066188689714,0.82588944837791],[33.99767870484323,0.824838625171602],[33.979896086893994,0.833555141397192],[33.979294193479,0.834144171754746],[33.98004172920556,0.834628762792478],[33.97630024231241,0.838739839280185],[33.96972098112421,0.838727492492248],[33.9681679237948,0.839829031990079],[33.96857690718273,0.840609025361267],[33.96222591498712,0.844663165251711],[33.95596503850555,0.846521792586693],[33.958742563239596,0.847788301985952],[33.962043652886805,0.852713176421166]]]}},{"type":"Feature","properties":{"n":"Sere","c":"212604","d":"Tororo","od":"Tororo","dc":"212","k":"SERE","a":["SERE"],"lat":0.817234,"lon":33.998446},"geometry":{"type":"Polygon","coordinates":[[[34.01796482766065,0.813648105098168],[34.01796486998999,0.8136479715589359],[34.02567966515136,0.7887039960725051],[34.02673657043803,0.781309488644005],[34.025695877896254,0.7823529117208058],[34.022926419623104,0.7879612107990784],[34.02292640397995,0.787961252879464],[34.02292639453176,0.7879612616103764],[34.0229262937,0.7879614658],[34.0181478391,0.7923770462],[34.0080905982,0.7938720877],[34.003578974031164,0.7966915555487186],[33.999120669545874,0.800396168836964],[33.99698009369305,0.8014357381211075],[33.992178477310034,0.805101532541467],[33.99217802289601,0.8051019230953714],[33.98971954873755,0.8084739422230985],[33.98785095631273,0.811037004872279],[33.98785075743421,0.8110371581100309],[33.987850668850655,0.81103727961037],[33.9878502491555,0.8110375497435199],[33.97515530275153,0.8208191243575],[33.97458139107245,0.8210252975358134],[33.97418781025254,0.821343995422636],[33.970317690316406,0.8225569979146083],[33.970317407813205,0.822557099401623],[33.97031734936154,0.8225571047792819],[33.97031726245515,0.822557132018146],[33.970316695562765,0.8225571649299505],[33.96462260668417,0.8230810313959536],[33.96143896157158,0.8249200563941135],[33.96143876058182,0.8249201913996614],[33.95278374063577,0.8357960924610303],[33.950045230967916,0.8429573864314123],[33.95394750224159,0.8468185811653605],[33.95607450041851,0.8465717055685362],[33.95596503850555,0.846521792586693],[33.96222591498712,0.844663165251711],[33.96857690718273,0.840609025361267],[33.9681679237948,0.839829031990079],[33.96972098112421,0.838727492492248],[33.97630024231241,0.838739839280185],[33.98004172920556,0.834628762792478],[33.979294193479,0.834144171754746],[33.979896086893994,0.833555141397192],[33.99767870484323,0.824838625171602],[34.0066188689714,0.82588944837791],[34.009757858300866,0.827803274963314],[34.014333931316,0.828414798144889],[34.01796481226475,0.813648158199923],[34.01796482367956,0.8136481212928172],[34.01796482766065,0.813648105098168]]]}},{"type":"Feature","properties":{"n":"Soni","c":"212605","d":"Tororo","od":"Tororo","dc":"212","k":"SONI","a":["SONI"],"lat":0.764175,"lon":33.940551},"geometry":{"type":"Polygon","coordinates":[[[33.91102704299218,0.7589083880174975],[33.91648755571596,0.7717393685881787],[33.91777848069467,0.773322693970927],[33.91818114784177,0.7757189303546601],[33.92116051285876,0.782719770125516],[33.925945562798596,0.790255604581045],[33.926793361617115,0.79257116064526],[33.926759466380446,0.7958760555307393],[33.92705938371385,0.7965807940181939],[33.92726905478993,0.7964714899082007],[33.933566774671526,0.7931882656019564],[33.933936109741275,0.7925284152241522],[33.936225569232164,0.7884377288322094],[33.935590522585436,0.7883405344734701],[33.93478679854346,0.788218709651868],[33.93300068618355,0.785022993836509],[33.93145263556166,0.7851705662561079],[33.93119877442984,0.785195725957706],[33.93119877516511,0.7851947662353791],[33.93119619471895,0.7851950122239],[33.93120073566687,0.7826357813331344],[33.93120094007879,0.7823689685050321],[33.92907741453276,0.780548033779609],[33.93482141787531,0.775113641268421],[33.93492599752656,0.77307119298138],[33.938507746211094,0.774128595401517],[33.950825436696014,0.769460587249271],[33.95082552375771,0.7694605734237158],[33.950825602208475,0.769460543693505],[33.95257958058738,0.7691820259971273],[33.96025997400961,0.767962365501101],[33.96718718390463,0.765276231895293],[33.96820687839764,0.7648808176847179],[33.96746027747503,0.763469127177086],[33.967275948209014,0.760447792860964],[33.967941025229926,0.7576694879804788],[33.969430552715295,0.7514468551725433],[33.967620099278705,0.747177170187743],[33.967471751502366,0.7394447149073293],[33.96738713851129,0.7350349135312445],[33.9662487467902,0.7347495935045779],[33.95597268075181,0.7340268517337276],[33.95597142287285,0.7340267814496557],[33.95438547074831,0.7342559235810049],[33.92938603893966,0.737867981789747],[33.929385793692155,0.7378679363240516],[33.9293856059796,0.737867963445208],[33.92110050046786,0.736331959135389],[33.921100446334215,0.7363319407683414],[33.921100331753394,0.736331919526548],[33.91379935518367,0.733854760592986],[33.905834962473996,0.7333387012272281],[33.89835099741478,0.732853783266181],[33.8981,0.7334398111567112],[33.8981,0.7448],[33.9103,0.7572],[33.91060799450089,0.7579237180200371],[33.9109251373278,0.758297671717726],[33.91102704299218,0.7589083880174975]]]}},{"type":"Feature","properties":{"n":"Sopsop","c":"212606","d":"Tororo","od":"Tororo","dc":"212","k":"SOPSOP","a":["SOPSOP"],"lat":0.839629,"lon":34.064901},"geometry":{"type":"Polygon","coordinates":[[[34.04026783943467,0.8821683930899012],[34.04036188154622,0.882053220087613],[34.04057154857178,0.8821106705930823],[34.0622,0.878],[34.064161161765824,0.8843995804990006],[34.073738384400066,0.8818614650873957],[34.073738861703326,0.8818612690156211],[34.082999429644296,0.8777501997516801],[34.08391799030122,0.8772093577166546],[34.0868730199898,0.8728130180744258],[34.08723256844677,0.872187603974908],[34.08731497322448,0.8721555030135371],[34.08731497727716,0.8721554969841643],[34.08723257680517,0.872187588917428],[34.092985228545736,0.863719552851688],[34.09334986537802,0.8626246261771809],[34.09515161478934,0.8572142681655337],[34.09456578873576,0.8558700839199551],[34.0921103736618,0.850236695681352],[34.0907397152198,0.850062143108224],[34.0906852293212,0.848303033544577],[34.09871048447477,0.8469471027663819],[34.09882872942534,0.8469271205268468],[34.10231675029931,0.84560087779113],[34.09923810051596,0.837468707932933],[34.09446432707992,0.8405952675159242],[34.094395276496314,0.840640529098325],[34.09439518600828,0.8406405511229103],[34.09439516197842,0.840640566861149],[34.09083188857351,0.841508603600012],[34.08680069523628,0.8414263922581132],[34.08533341544983,0.8413965729977203],[34.08260357831857,0.842853713565665],[34.08260249016671,0.8428537352806857],[34.08260244236114,0.84285376079307],[34.08215057210777,0.842862753700246],[34.07800675342861,0.842945447221098],[34.07381540087206,0.839354625138582],[34.07394716423175,0.839179606361902],[34.078911446453745,0.832415556767928],[34.07915647345313,0.8322601795240553],[34.07925529724124,0.832128913756833],[34.07971428430824,0.8319064588586378],[34.08159596183246,0.83071324395456],[34.080684722373555,0.82690681534945],[34.08068473027383,0.8269067641673533],[34.080684722197894,0.826906730513028],[34.08194002306934,0.81877420538417],[34.08350877232083,0.812839717065428],[34.083508791731674,0.8128396788732921],[34.08350880122253,0.812839642969742],[34.08356807297866,0.812723039049393],[34.08594548540166,0.808045320875531],[34.08594438493053,0.8080421267345123],[34.08271990078077,0.8026524239456588],[34.08231609269153,0.8020512333092307],[34.079498431303094,0.7996212767969032],[34.079492108483194,0.799616004683655],[34.07949201827392,0.7996160053906074],[34.07376991298135,0.800133080191777],[34.071543825910375,0.801844264937906],[34.07063271696345,0.8040452362601],[34.07050216168963,0.8041258793626023],[34.070418380739824,0.804309509514956],[34.069624821854546,0.8046678061969599],[34.06903757185436,0.805030546518156],[34.068944773903986,0.8049748519988638],[34.06876634431241,0.805055414048915],[34.0652422368524,0.8027527013972048],[34.0652258509788,0.802742867092138],[34.06099089536423,0.8028845120623208],[34.059842688442,0.802922988539381],[34.059842627623304,0.8029229177422684],[34.059841944989046,0.80292294057408],[34.05983856800081,0.8029181920645997],[34.05759280153746,0.8003039666136129],[34.05393327526877,0.800093117135347],[34.05140360674199,0.7992447739960054],[34.050843293305924,0.799162045433537],[34.05072404840883,0.7990168790589348],[34.0505104990088,0.798945263680672],[34.046989857709754,0.79447719073409],[34.046979942648015,0.7944807027070775],[34.04302339887599,0.7964037693699141],[34.04260230177698,0.807715410800869],[34.04488223975931,0.809789523156632],[34.0443524158998,0.811658016417205],[34.04679318325858,0.813359115546521],[34.046560259457706,0.815607331095995],[34.04529091434778,0.817189664375716],[34.04587435883629,0.81829791701575],[34.045845256179824,0.8183140679257171],[34.045845261287575,0.8183140782677726],[34.04587436434997,0.818297927157434],[34.04833114478235,0.822518238572965],[34.04961118664003,0.823017116220268],[34.04990112030309,0.8248148561079999],[34.05032406533931,0.8253988686567509],[34.05458622158559,0.82833128733013],[34.054824771846015,0.83302862961466],[34.05482466420506,0.8330289697607003],[34.05482467161076,0.833029114687368],[34.05477407587781,0.8331888291589747],[34.053645142353375,0.836756265437832],[34.05585946379343,0.839903153117975],[34.05585951502213,0.8399034387923874],[34.05585951666294,0.839903441123617],[34.05587279012358,0.8399774667679685],[34.05672400034765,0.844724200335617],[34.05210588557359,0.852396931133711],[34.05210584557442,0.8523970567578469],[34.05054773080225,0.857290640117909],[34.05031010181032,0.862781362922941],[34.0490534138121,0.864221061898665],[34.04905347281428,0.8642214114287904],[34.04958813550637,0.866242438132909],[34.049458067184446,0.8666182369759983],[34.04950496458958,0.866896058189066],[34.049213462728744,0.8673249584136905],[34.048933694966806,0.868133275148452],[34.046805039676784,0.8708685830925363],[34.045809664110344,0.872333125386754],[34.045467429409484,0.872587403423568],[34.044513995466325,0.873812559723467],[34.04314958828658,0.8743095434897128],[34.04314661130798,0.8743117553644062],[34.042802462006115,0.8753133473424854],[34.04184072152229,0.878115213258153],[34.03987953887315,0.879034796818153],[34.03809415989088,0.88239673053849],[34.03821420855444,0.8825587030525179],[34.04026783943467,0.8821683930899012]]]}}]}
