{"type":"FeatureCollection","name":"Yumbe sub-counties","metadata":{"source":"Uganda Bureau of Statistics NPHC 2024 Map Explorer","retrieved":"2026-07-26","display_only":true,"clipped_to_dashboard_district":true,"positive_area_overlaps_removed":true,"source_gap_ratio":0.01440756},"features":[{"type":"Feature","properties":{"n":"Bijo","c":"313101","d":"Yumbe","od":"Yumbe","dc":"313","k":"BIJO","a":["BIJO"],"lat":3.423381,"lon":31.267272},"geometry":{"type":"Polygon","coordinates":[[[31.22833524443297,3.434211702577006],[31.23001020277314,3.435943703809659],[31.232365695202308,3.436507142324958],[31.237104725109482,3.434774783444534],[31.239846219899725,3.442586297069423],[31.242469901320447,3.447235909181415],[31.249513599103622,3.454238632588904],[31.25052070426092,3.452348879017017],[31.252008626278997,3.452916395680302],[31.254494005605885,3.450954866643996],[31.255155670802765,3.448356883154037],[31.263862787582834,3.443653979543253],[31.267878845749983,3.442365464738952],[31.26944576066642,3.443615842231794],[31.27130225631773,3.443501674237617],[31.272686911391435,3.441966899184898],[31.272728486452813,3.440068807437258],[31.275683947931626,3.438282977384978],[31.282083056409974,3.439507005910644],[31.284528916275395,3.442112305807253],[31.288556474305306,3.441576717049457],[31.293112310776536,3.439517037047592],[31.296859611555924,3.435888646131117],[31.299902193553223,3.436879600381346],[31.301003810773622,3.435470165624456],[31.305169234365962,3.434257474244882],[31.30785279890549,3.432073823879635],[31.307785362815522,3.430465572782376],[31.309192095745775,3.429752125339298],[31.305560622669883,3.427904091167247],[31.30480216674307,3.4254779586823],[31.302535920293625,3.424418840113058],[31.301155099221972,3.422343253264877],[31.29869767982753,3.410847337445702],[31.29691677404553,3.40738143524663],[31.301121888173608,3.405556280755805],[31.300032245360903,3.401177595973013],[31.293278417464386,3.403746583827769],[31.2926448323739,3.401404659866502],[31.28620585496702,3.402340253796904],[31.283251267441543,3.401934510032512],[31.28056801124386,3.399849976338727],[31.276555261282166,3.398174967053436],[31.27678262394393,3.392310402534159],[31.273898407779942,3.394095344703029],[31.2726615238111,3.393804139862695],[31.266958386801118,3.399327934567361],[31.262819515619732,3.395971916641896],[31.260501275701294,3.396537302868057],[31.246838499358525,3.40401771683005],[31.246019598439556,3.400662999190972],[31.238618898466523,3.402088832204795],[31.236954043360537,3.399564087469007],[31.235211413260007,3.404670182546894],[31.230476597942996,3.410224081697686],[31.233119166721593,3.411873346143137],[31.23037813362704,3.415548410628614],[31.228621148420768,3.415689154923331],[31.23445645841405,3.426697271158118],[31.228926653879988,3.426330318015597],[31.229369127360503,3.42734999335246],[31.2258262407726,3.428895077071196],[31.22180851422699,3.432490066104752],[31.224860215144496,3.434092196921261],[31.22833524443297,3.434211702577006]]]}},{"type":"Feature","properties":{"n":"Kululu","c":"313102","d":"Yumbe","od":"Yumbe","dc":"313","k":"KULULU","a":["KULULU"],"lat":3.37875,"lon":31.380545},"geometry":{"type":"Polygon","coordinates":[[[31.30117989978052,3.422380532326018],[31.302535920293625,3.424418840113058],[31.30480216674307,3.4254779586823],[31.304802226613507,3.4254781501945684],[31.304802349689467,3.425478207719802],[31.305560788612876,3.42790417561461],[31.308777877323635,3.4295413321479917],[31.30919210770334,3.42975212148945],[31.31343054135886,3.429280916160023],[31.3144944254704,3.431362159756131],[31.317899335138858,3.430726213636937],[31.3200240138043,3.432484249455712],[31.322429479132374,3.432081907437479],[31.323352724532395,3.433493915588298],[31.32497034504067,3.433786148262783],[31.326423796936886,3.433074409153352],[31.32806387029056,3.433673887678376],[31.328751506529102,3.434415784369099],[31.328414705937618,3.435899278016345],[31.331326111032087,3.43679909939206],[31.331606777913297,3.439006708851515],[31.3348146515105,3.440640121726042],[31.33603334296363,3.43923155375268],[31.33867291337854,3.439570738993289],[31.34148344898498,3.438761762371679],[31.345622909547117,3.435097411719428],[31.3479893816931,3.431511343337061],[31.34637817515942,3.429158479882696],[31.34702227641212,3.428281482756593],[31.35379212587651,3.428709024779783],[31.356144289949395,3.430024271531751],[31.361528334553796,3.428025930374156],[31.362809092904335,3.425459977791544],[31.363952241517786,3.424883286654798],[31.364231447454614,3.427370410383],[31.367949086734104,3.425613323330879],[31.37149140596273,3.426767898154643],[31.376429842016382,3.426685891933642],[31.377742276548343,3.425207959398528],[31.37594974936356,3.423381635903168],[31.37720741377863,3.420872501697453],[31.380756201767806,3.419874551400499],[31.383276585964115,3.420719798532674],[31.38684683248161,3.420626337316097],[31.387801305762938,3.419723643128815],[31.387651051036,3.417680481047382],[31.390625594556944,3.418236230374897],[31.391133974639068,3.415406473236638],[31.39431995795408,3.416207853993553],[31.39543236317625,3.418361883698114],[31.399922246362216,3.421163864144983],[31.400454583046194,3.41853246317172],[31.40118088501226,3.418290843405243],[31.403127029519748,3.41984887457988],[31.407422862868238,3.415524227247725],[31.412060756198372,3.416436259903505],[31.412519105493637,3.41428474496655],[31.41519714735355,3.413945434800549],[31.419036557124926,3.41100383218453],[31.42193788372045,3.411396812025018],[31.423507028585608,3.4124488830935],[31.42361116654342,3.409220894220311],[31.426014519060875,3.40929677796437],[31.42888595642412,3.408017406471139],[31.431048546265153,3.409078949377403],[31.431717445902997,3.408121420173718],[31.430818298469784,3.406256958131712],[31.42803338845003,3.406586836533576],[31.42734765191749,3.404957673015751],[31.429448357985283,3.402664322656459],[31.42999394548814,3.403262157975191],[31.431613202786135,3.402857830002494],[31.431668299135744,3.400777547985032],[31.437686654337067,3.401049957548392],[31.438415803193948,3.399866428228257],[31.437227084084647,3.399764425740464],[31.43689546066017,3.398977444714569],[31.437922138281664,3.397568789983591],[31.440322040256174,3.398938014138934],[31.440210101548537,3.396919768715676],[31.442044888714435,3.395567508057605],[31.440740620655742,3.393809620454578],[31.441177334388808,3.391567662841184],[31.443795459302677,3.39068672897495],[31.444851592170256,3.389115922267618],[31.43639358601985,3.330171130369999],[31.43637018406171,3.330925404071305],[31.42150064399065,3.341722475809561],[31.416543525256273,3.337997976394909],[31.408091421807278,3.334189707612119],[31.405793822714916,3.329474681759805],[31.403471189197692,3.326828167863809],[31.401396619741835,3.321403623524926],[31.397199861296414,3.319220923834581],[31.38999603674258,3.325038116697109],[31.3859924183563,3.326668646059671],[31.381560843964273,3.327000635327626],[31.383690045930045,3.328594230933599],[31.383147696747884,3.332202561406322],[31.384164931843614,3.334977062185542],[31.37408253004632,3.343388658769623],[31.37581571495857,3.34582663051882],[31.36214946182427,3.348644608650122],[31.359280568072734,3.353438292941858],[31.353530565526633,3.353070099807286],[31.34983765301507,3.354691604636045],[31.32235244386366,3.374385262994447],[31.313099528025155,3.383115437685801],[31.315771784085314,3.392318062387278],[31.315415047595927,3.393471037243331],[31.308813776811405,3.395468977734819],[31.308128557098097,3.397232522717279],[31.309929263258596,3.402752929467264],[31.306003293367958,3.401204483441808],[31.30003225683264,3.401177593249307],[31.300041088793357,3.4012131329422517],[31.301121888173608,3.405556280755805],[31.29691677404553,3.40738143524663],[31.29869767982753,3.410847337445702],[31.298697697430242,3.410847419791966],[31.298697702500185,3.410847429653638],[31.30117989978052,3.422380532326018]]]}},{"type":"Feature","properties":{"n":"Kuru","c":"313103","d":"Yumbe","od":"Yumbe","dc":"313","k":"KURU","a":["KURU"],"lat":3.457582,"lon":31.156298},"geometry":{"type":"Polygon","coordinates":[[[31.140851502812687,3.464918597602824],[31.14186414384651,3.464532257534897],[31.145907811318374,3.466019185626474],[31.14986371160546,3.469261112913586],[31.151916570584024,3.468577408761548],[31.154912661453626,3.471179589987264],[31.161574774938,3.470792980277876],[31.164668544234893,3.472458575791465],[31.167413609739466,3.470980484752442],[31.169724351488245,3.472697776496052],[31.168888607843876,3.476878985680214],[31.17123074814292,3.478572517227618],[31.172259105534515,3.481580690899929],[31.17498120399833,3.482932220815731],[31.17734130090868,3.482666150967525],[31.179169053036215,3.483979184766234],[31.18127937798044,3.484156181253399],[31.181950755659845,3.486413416358461],[31.18534134509422,3.486080232659625],[31.190876577399777,3.4927091770612],[31.19172647440269,3.497861690413647],[31.19400356549196,3.499439499269321],[31.197268437500323,3.499373693258014],[31.19825322615986,3.500072075813761],[31.198251836456382,3.501853038332182],[31.200350082323368,3.503141131361304],[31.200542374800662,3.49721015548629],[31.204992469380173,3.492758916867141],[31.204577440220998,3.487944080835752],[31.20590512503185,3.481410795679891],[31.20334161963543,3.481457892981096],[31.20403290677757,3.471292538413483],[31.203368675064784,3.470466488900699],[31.206827253621324,3.468457162663404],[31.21889514509036,3.464932987454221],[31.22750677515053,3.463570050107673],[31.237953050884734,3.457660194412836],[31.241289780439615,3.457503911108455],[31.246506888110297,3.45155307029171],[31.242981180201912,3.447937431388505],[31.24267613051777,3.447440938708779],[31.242469901320447,3.447235909181415],[31.241566493190692,3.4456349154978847],[31.240609968823858,3.44407809583605],[31.240453327958935,3.443662196362337],[31.239846219899725,3.442586297069423],[31.237104725109482,3.434774783444534],[31.232365695202308,3.436507142324958],[31.23001020277314,3.435943703809659],[31.22833524443297,3.434211702577006],[31.224860215144496,3.434092196921261],[31.22180851422699,3.432490066104752],[31.2258262407726,3.428895077071196],[31.229369127360503,3.42734999335246],[31.228926653879988,3.426330318015597],[31.22893177787535,3.4263306580395865],[31.2289313554908,3.426329682368156],[31.22958049030618,3.4263737060467303],[31.23445645841405,3.426697271158118],[31.228621148420768,3.415689154923331],[31.228721136247284,3.415681145341877],[31.227939916646857,3.414181049354468],[31.226637394299427,3.415366928182095],[31.225069695442713,3.414168323721256],[31.220964793213298,3.416052534384519],[31.219327182426152,3.413229390379964],[31.215068352322522,3.412115369111107],[31.213664510130886,3.412764564700122],[31.21330484475427,3.413898548397432],[31.209046382316462,3.413731534547905],[31.20640015851367,3.417241383523312],[31.201547452272543,3.418933991676625],[31.19964232439868,3.422053220140683],[31.20040405849262,3.43109695120844],[31.205193859205988,3.434349616698888],[31.201779013833974,3.439136595782295],[31.199791062030233,3.438031382334345],[31.1989384574049,3.43847791606669],[31.201957872511795,3.440875899804337],[31.203694572342787,3.444817040010077],[31.208948681673643,3.44564514617913],[31.212378922539806,3.447276290182638],[31.211879519689813,3.448716786134121],[31.209401399678136,3.448088264177473],[31.208070559518788,3.45081944476228],[31.206484960482673,3.449867891468719],[31.205508315808682,3.451206663330995],[31.209324054886675,3.453810836886303],[31.20845057858164,3.458469218362978],[31.209015122428927,3.460238889957101],[31.20848279398103,3.466167620662406],[31.201982567176945,3.467424638341627],[31.200066266202306,3.462094496461264],[31.1977394231784,3.458525898147143],[31.196556851949424,3.453810199464067],[31.191475977294555,3.450704113083134],[31.191785341029583,3.449361051882815],[31.183211848439235,3.449514688685632],[31.181320280064227,3.459476492531971],[31.175055440955816,3.464791351185046],[31.175648218700207,3.456061335615416],[31.174228071511564,3.445563534043271],[31.171764721833497,3.439976207126793],[31.168668663889488,3.438281842889085],[31.163743176369678,3.439755477676892],[31.161023146505734,3.438678528010961],[31.157021188601032,3.440778975718102],[31.15662734793761,3.444330599229284],[31.152301075064504,3.445819156001119],[31.151847824933874,3.450862322477863],[31.142873687157444,3.452910134986909],[31.137724362855533,3.456417164304626],[31.13491413977335,3.461281017605289],[31.136716571777992,3.461289975710219],[31.140851502812687,3.464918597602824]]]}},{"type":"Feature","properties":{"n":"Kuru Town Council","c":"313104","d":"Yumbe","od":"Yumbe","dc":"313","k":"KURUTOWNCOUNCIL","a":["KURU","KURUTOWNCOUNCIL"],"lat":3.442846,"lon":31.187928},"geometry":{"type":"Polygon","coordinates":[[[31.175290126234966,3.452226165437803],[31.17527046816786,3.4532689841154713],[31.175648218700207,3.456061335615416],[31.175055440955816,3.464791351185046],[31.1801630655963,3.460458230645575],[31.18132031179431,3.4594763254278638],[31.183211848439235,3.449514688685632],[31.191785341029583,3.449361051882815],[31.191504570818452,3.4505799781307207],[31.191476684223353,3.4507045452492595],[31.196556851949424,3.453810199464067],[31.196556882875257,3.4538103227859454],[31.19655693773456,3.453810356320517],[31.19694150021437,3.455344048142274],[31.19773935864298,3.4585256408014677],[31.199052370851774,3.460539520383623],[31.200066266202306,3.462094496461264],[31.201982567176945,3.467424638341627],[31.2020474838376,3.4674120847196415],[31.208496468036344,3.466015327859101],[31.20869871639057,3.463762816214229],[31.208450764191245,3.4584698001920913],[31.20845057858164,3.458469218362978],[31.208450705281614,3.4584685426528248],[31.20845070036338,3.458468437663658],[31.208663704724064,3.4573325843543143],[31.209324054886675,3.453810836886303],[31.205508315808682,3.451206663330995],[31.206484960482673,3.449867891468719],[31.20807027709634,3.4508192752742786],[31.208198851150033,3.4505561617451637],[31.209401399678136,3.448088264177473],[31.211879519689813,3.448716786134121],[31.212378922539806,3.447276290182638],[31.208948681673643,3.44564514617913],[31.203694572342787,3.444817040010077],[31.201957872511795,3.440875899804337],[31.1989384574049,3.43847791606669],[31.199791062030233,3.438031382334345],[31.201778850087713,3.4391365047466023],[31.202253695864606,3.4384711797226015],[31.205193859205988,3.434349616698888],[31.20040405849262,3.43109695120844],[31.20036831766665,3.430672616232808],[31.200232989368434,3.430569513925383],[31.199609519774896,3.422576247425776],[31.199671192858908,3.4223959625657594],[31.19964232439868,3.422053220140683],[31.199974476086787,3.4215093947029573],[31.200552288054052,3.419820315077623],[31.195342694309357,3.420813675415511],[31.193772815776875,3.422208128599479],[31.191524359838503,3.426913479218276],[31.19172500560122,3.429942573775389],[31.190345767678654,3.430706543730439],[31.184804050011724,3.432304737879566],[31.179126018249637,3.431651320231214],[31.175299886804908,3.432376773127942],[31.172605622066122,3.435431621585675],[31.171769387880868,3.439986790574327],[31.174228071511564,3.445563534043271],[31.174228378682557,3.4455658046671616],[31.175290126234966,3.452226165437803]]]}},{"type":"Feature","properties":{"n":"Yumbe Town Council","c":"313105","d":"Yumbe","od":"Yumbe","dc":"313","k":"YUMBETOWNCOUNCIL","a":["TOWNCOUNCIL","YUMBE","YUMBETOWNCOUNCIL"],"lat":3.474282,"lon":31.249129},"geometry":{"type":"Polygon","coordinates":[[[31.22579072131265,3.479957005595844],[31.226849780249406,3.483427273690445],[31.230704035609598,3.487320988618577],[31.232773955388144,3.490954034433838],[31.2380682903391,3.488130497038721],[31.242406995943508,3.487341178879307],[31.242403118931193,3.490724378541228],[31.243674185292278,3.494651090983921],[31.24550739863038,3.498660620623317],[31.248075777054495,3.50111604122696],[31.251176304832935,3.499756398476555],[31.253797073017765,3.494498809118818],[31.255090797877262,3.49409386381529],[31.259869470646652,3.48826107808054],[31.261095339993943,3.484542369856729],[31.265699108762345,3.481481061767935],[31.267119908685657,3.479317543994769],[31.27049058824141,3.481593194214952],[31.27274332392048,3.481949597884836],[31.272390293234928,3.465338976358154],[31.269600635329176,3.465400991893377],[31.267684110851608,3.461103693562609],[31.270717005593333,3.459370948173569],[31.27257023560331,3.456887537346447],[31.272387911979983,3.454572063649109],[31.270812846265887,3.452634097443615],[31.270474370736085,3.450723937170214],[31.269706006606267,3.450518863172624],[31.271543436723213,3.447594473794834],[31.271300733654794,3.443502095506466],[31.27130019559863,3.44350180096464],[31.26944576066642,3.443615842231794],[31.267878845749983,3.442365464738952],[31.26444063603469,3.4434685822571907],[31.255235205489445,3.4483139247356975],[31.255155670802765,3.448356883154037],[31.254494005605885,3.450954866643996],[31.254492704528626,3.4509558934895943],[31.254492673352395,3.45095601597728],[31.25200956181825,3.452915673336812],[31.252009548153474,3.452915668111864],[31.252008626278997,3.452916395680302],[31.25052070426092,3.452348879017017],[31.249513599103622,3.454238632588904],[31.249488473950212,3.454213653592742],[31.246506897119954,3.451553077879939],[31.24633940681441,3.451744106128903],[31.241289780439615,3.457503911108455],[31.241289287973814,3.4575039341742086],[31.24128910637203,3.457504141297068],[31.240393397010322,3.457545895261506],[31.237953137378142,3.457660190361721],[31.22986335883042,3.4622368410449096],[31.22750677515053,3.463570050107673],[31.221565088820924,3.4645104233173343],[31.225577545601112,3.469245911493364],[31.22579072131265,3.479957005595844]]]}},{"type":"Feature","properties":{"n":"Apo","c":"313201","d":"Yumbe","od":"Yumbe","dc":"313","k":"APO","a":["APO"],"lat":3.497242,"lon":31.222799},"geometry":{"type":"Polygon","coordinates":[[[31.201686944305372,3.503858754645886],[31.201814507807683,3.507357810448418],[31.204015261941056,3.509749030165849],[31.204314917611626,3.512297016122556],[31.20548572703178,3.513888950141728],[31.208678418036893,3.513935981629668],[31.21203165255277,3.515325960783243],[31.21679326704016,3.515977167041051],[31.225214864368024,3.519873116969697],[31.22838949073285,3.522356365971716],[31.236538253836777,3.525203974729029],[31.237941881162044,3.526037480953929],[31.238762519250226,3.528915614015451],[31.24330740107391,3.529117863330363],[31.245843567582554,3.528329464173933],[31.251449984162996,3.530247332485629],[31.25169553481376,3.527867485414497],[31.258006876383227,3.527698779001758],[31.26444884615791,3.526105030449472],[31.26528233919813,3.524664391338233],[31.269977116596333,3.524270672505764],[31.272923103168054,3.521545150411188],[31.27419119110624,3.518509560789985],[31.27629375594078,3.516369699998632],[31.27687821221466,3.51462167523609],[31.275384997293497,3.512592417203589],[31.27602630617208,3.510222221638474],[31.277954258630373,3.507657949562798],[31.279643278236584,3.507312886151046],[31.281291344415244,3.505296548584546],[31.281995867133467,3.506028828002956],[31.284319637839534,3.500769191800706],[31.291273609654855,3.504055886155606],[31.299331815046962,3.50554073062272],[31.299936157644932,3.501054983088199],[31.28953406386052,3.499044357052922],[31.285981725426446,3.497485346520806],[31.28256303379892,3.494795630389657],[31.27525627787604,3.493831753142556],[31.272096525017005,3.491049764124281],[31.271746444644567,3.488436704952531],[31.270208551793246,3.486344370956275],[31.270482765465193,3.484527941226786],[31.269145989350488,3.482535234551104],[31.269782852412497,3.4811153798252237],[31.267119908685657,3.479317543994769],[31.265699108762345,3.481481061767935],[31.2632487764494,3.483110427295876],[31.261095333833243,3.4845423885453832],[31.259869470646652,3.48826107808054],[31.255090797877262,3.49409386381529],[31.253797073017765,3.494498809118818],[31.251176304832935,3.499756398476555],[31.248075777054495,3.50111604122696],[31.24550739863038,3.498660620623317],[31.243674185292278,3.494651090983921],[31.243674163090912,3.4946510223971132],[31.24367413643386,3.494650964101289],[31.2424031897265,3.490724739446429],[31.242403189961948,3.490724597976938],[31.242403118931193,3.490724378541228],[31.242406995943508,3.487341178879307],[31.23806839968978,3.48813047714512],[31.23780572034161,3.4882705290188696],[31.232773955388144,3.490954034433838],[31.23070409087338,3.4873210856155024],[31.228651880071975,3.4852478232714583],[31.226849780249406,3.483427273690445],[31.226302308981904,3.481633348908373],[31.22579073827314,3.479957141281496],[31.225790736567568,3.4799570555823585],[31.22579072131265,3.479957005595844],[31.225577545601112,3.469245911493364],[31.22298228887563,3.4661829981187067],[31.221565077240335,3.4645104251501597],[31.2212940639845,3.4645533176205983],[31.20682721016397,3.468457187910772],[31.204497708617634,3.469810555631166],[31.203368704359963,3.470466525332666],[31.20403290677757,3.471292538413483],[31.203956979366662,3.472409048480328],[31.20334195578821,3.481457886805221],[31.20590512503185,3.481410795679891],[31.205904187195586,3.4814154105942983],[31.205905106227096,3.481415393947616],[31.204577449067212,3.487944183462459],[31.204729530836058,3.4897085143875506],[31.204992387916413,3.492756697650999],[31.20499228637491,3.492756793786612],[31.204992469380173,3.492758916867141],[31.200754519458254,3.496997956290106],[31.2003500940907,3.503141135650988],[31.201686944305372,3.503858754645886]]]}},{"type":"Feature","properties":{"n":"Aria","c":"313202","d":"Yumbe","od":"Yumbe","dc":"313","k":"ARIA","a":["ARIA"],"lat":3.468857,"lon":31.304156},"geometry":{"type":"Polygon","coordinates":[[[31.272743746036003,3.481945141500355],[31.27274322607877,3.481944994286104],[31.27274332392048,3.481949597884836],[31.27049058824141,3.481593194214952],[31.269782852412497,3.481115379825224],[31.269159319311385,3.4825055160619867],[31.27048235899146,3.484527007914073],[31.270482318734647,3.4845272752940737],[31.270482765465193,3.484527941226786],[31.270277708187354,3.4858862693257127],[31.27020870490548,3.486344579268533],[31.27127994084639,3.487802017200736],[31.271746211890097,3.488436135954137],[31.271746253246814,3.48843644455206],[31.271746444644567,3.488436704952531],[31.272096525017005,3.491049764124281],[31.272140595147583,3.4910885654561485],[31.275355457053283,3.493844836452487],[31.28256303379892,3.494795630389657],[31.282663387959637,3.494874585801353],[31.282947933932945,3.494909675505722],[31.28735672164813,3.4980887894728245],[31.28815895594032,3.498440865079911],[31.299041154871407,3.500881987543707],[31.299936157644932,3.501054983088199],[31.299932525592574,3.5010819420845847],[31.3009636940862,3.501313256416338],[31.306611416347895,3.503750130270021],[31.30702435514849,3.505019228966779],[31.31030133855476,3.505692589578189],[31.31290439348768,3.497354887118346],[31.313090021504156,3.493842809981462],[31.314378604781954,3.491196166613685],[31.32167686515959,3.491927900604012],[31.324778052402404,3.491137666506198],[31.328726034951977,3.487807791344179],[31.3306648772225,3.482177015576653],[31.33516328659121,3.480114433642316],[31.33528290792125,3.476008551298607],[31.336513698982017,3.474359003397814],[31.33667965751369,3.472602319272185],[31.335451966084094,3.467082791391836],[31.33681968954116,3.464680218403532],[31.339559828753305,3.463871506993846],[31.34081663616703,3.462562573665393],[31.340508778629797,3.461294483633436],[31.34229862548205,3.460702143491196],[31.342830944949164,3.456199536483826],[31.342322362404186,3.446232135146721],[31.34377293290407,3.4367350558077914],[31.34148344898498,3.438761762371679],[31.341482337362173,3.438762082338045],[31.341482039739613,3.438762352235627],[31.340311772273328,3.4390990144832125],[31.33867291337854,3.439570738993289],[31.338672293456003,3.439570659333139],[31.338671944523103,3.439570759714067],[31.336033284750552,3.4392316210355647],[31.3348146515105,3.440640121726042],[31.331606777913297,3.439006708851515],[31.331606662306278,3.439005799534566],[31.331606537114574,3.439005735783111],[31.33158235491144,3.4388146076328274],[31.331326134898262,3.4367992871135122],[31.330143796599135,3.4364336841492253],[31.328414705937618,3.435899278016345],[31.32875146139298,3.434415983178581],[31.328403246978702,3.4340400441252426],[31.328063899276234,3.4336739189512704],[31.327791043433617,3.433574164186484],[31.326423796936886,3.433074409153352],[31.32497034504067,3.433786148262783],[31.324969793242303,3.433786048577158],[31.32496954453087,3.433786170321664],[31.323353525723398,3.433494076250802],[31.32335351390296,3.433494058192741],[31.323352724532395,3.433493915588298],[31.322726624740188,3.4325363608473802],[31.322429181398327,3.432081957236957],[31.3200240138043,3.432484249455712],[31.31851951251046,3.43123937077971],[31.31789923308162,3.4307262326985013],[31.3144944254704,3.431362159756131],[31.314493625957326,3.4313605956934237],[31.314492615219226,3.431360784],[31.313429779732267,3.429281000833404],[31.313394055298275,3.4292849724760095],[31.30898030915472,3.429859536347186],[31.308757137517954,3.4299727214658344],[31.307792785581213,3.4306425947756876],[31.30785279890549,3.432073823879635],[31.305169234365962,3.434257474244882],[31.305167558759557,3.434257962068845],[31.30516677493902,3.434258599658719],[31.301683722495216,3.435272221030018],[31.301003810773622,3.435470165624456],[31.299902193553223,3.436879600381346],[31.296859611555924,3.435888646131117],[31.293112310776536,3.439517037047592],[31.288556474305306,3.441576717049457],[31.288556340151025,3.4415767348894297],[31.288556308155034,3.441576749356341],[31.288533994945986,3.441579706377493],[31.284528916275395,3.442112305807253],[31.28256037590393,3.4400154407747334],[31.282082517280816,3.4395069027854244],[31.275684057083954,3.4382829982637557],[31.27543658610948,3.4384324451344126],[31.272728486452813,3.440068807437258],[31.27269544258584,3.441577411132278],[31.272686966998123,3.441966666331888],[31.272686915235944,3.4419667236654488],[31.272686911391435,3.441966899184898],[31.27130225631773,3.443501674237617],[31.271301056722375,3.443501748008539],[31.27130074523457,3.443502093023099],[31.271311820066135,3.443689030881296],[31.271543436723213,3.447594473794834],[31.271543212835812,3.4475948301261745],[31.271543221269013,3.447594972474564],[31.271195806668363,3.448147749606759],[31.269706006606267,3.450518863172624],[31.270474370736085,3.450723937170214],[31.270812846265887,3.452634097443615],[31.271977938411,3.4540676307770535],[31.27238783757786,3.454571913928013],[31.2723878426359,3.454571978327915],[31.272387911979983,3.454572063649109],[31.27257023560331,3.456887537346447],[31.27256975940516,3.456888175473194],[31.272569762266468,3.456888211903846],[31.272133690968854,3.4574725266170163],[31.270717005593333,3.459370948173569],[31.26768454471057,3.461103445691457],[31.26960066932707,3.4654009911375865],[31.272390293234928,3.465338976358154],[31.27250278027067,3.470631659554914],[31.272743746036003,3.481945141500355]]]}},{"type":"Feature","properties":{"n":"Barakala Town Council","c":"313203","d":"Yumbe","od":"Yumbe","dc":"313","k":"BARAKALATOWNCOUNCIL","a":["BARAKALA","BARAKALATOWNCOUNCIL"],"lat":3.477693,"lon":31.357067},"geometry":{"type":"Polygon","coordinates":[[[31.319776600250584,3.509508712342044],[31.322448408003016,3.51025074390707],[31.32270931401605,3.509465172187772],[31.323871793902107,3.509714432006287],[31.328720266226597,3.512349023221972],[31.332325614737528,3.512453483205761],[31.335116513609883,3.515240184796275],[31.339383079183534,3.517466021500328],[31.340733723357783,3.517303120851425],[31.342309816542116,3.518679545303731],[31.345395356306373,3.518901231352466],[31.347892029862024,3.520499833459145],[31.34906423052137,3.519786671165111],[31.350226284482375,3.521641976383404],[31.352359192987425,3.522214222557304],[31.35275740643799,3.521573205005196],[31.35530167303281,3.523919119895757],[31.3563367337676,3.524083300007488],[31.356479703148047,3.523492023390517],[31.36313384577314,3.526791952157736],[31.36487155981258,3.52985668034177],[31.364958294287074,3.526612866473343],[31.36580024258685,3.526501104303097],[31.365981909503347,3.522006686720916],[31.367158787661733,3.518485798030092],[31.369206049095386,3.51831866133702],[31.37095693080513,3.51696431218144],[31.37748657581021,3.518699374055687],[31.382626488282835,3.516498369180842],[31.38718299083371,3.516307998075336],[31.39132377593605,3.51490408648253],[31.389578427364665,3.514598882495204],[31.389648179502043,3.509478072282071],[31.392461367508513,3.503011020739261],[31.40378137749832,3.506242709050075],[31.400220557770425,3.497600529902823],[31.39859030539341,3.497763916821534],[31.395687029911137,3.496518310574262],[31.391230659705762,3.490967843455557],[31.389664198481192,3.491466660614762],[31.38275274698906,3.48689101607687],[31.376269659963732,3.484780438249266],[31.377209180860913,3.482720376639981],[31.380429042268236,3.479378329364582],[31.375701196260668,3.474169854158501],[31.380950471717334,3.470913719452195],[31.387601113068584,3.46529220096137],[31.385217523900987,3.4628023281736],[31.38753179960706,3.460979010313004],[31.390188177405104,3.46083933050922],[31.391145801884072,3.458226245901673],[31.38942217542684,3.453741040145833],[31.38386817640523,3.450414252141966],[31.38128451940483,3.44700256755974],[31.37356716130989,3.4267334287700253],[31.37149140596273,3.426767898154643],[31.37149075210633,3.426767685038295],[31.37149045526735,3.426767727029891],[31.367948890998193,3.4256134158425535],[31.367605730380816,3.4257756056173707],[31.36423444998289,3.427370575009796],[31.364234279754445,3.427369071738504],[31.364231447454614,3.427370410383],[31.363952241517786,3.424883286654798],[31.362809092904335,3.425459977791544],[31.362095236475454,3.4268901630771036],[31.361528692405976,3.428025640438716],[31.36152843081006,3.4280257375282415],[31.361528334553796,3.428025930374156],[31.356144289949395,3.430024271531751],[31.35379212587651,3.428709024779783],[31.353789920303992,3.4287088854893986],[31.34682505769863,3.4285500123460304],[31.3466332940098,3.428811114468236],[31.3479892471004,3.431510597939038],[31.347989042929356,3.431510848636463],[31.3479893816931,3.431511343337061],[31.345622909547117,3.435097411719428],[31.343772941577136,3.436735048130183],[31.343708786671574,3.4371550297830993],[31.342322362404186,3.446232135146721],[31.342830944949164,3.456199536483826],[31.34229862548205,3.460702143491196],[31.341088544182554,3.4611026133571863],[31.340508954712075,3.461295208930544],[31.34081663616703,3.462562573665393],[31.340816074498438,3.4625631586291137],[31.340816203616527,3.462563688076893],[31.339786090653742,3.4636358609121896],[31.339559828753305,3.463871506993846],[31.33842697473975,3.464205852038145],[31.33681959240876,3.4646803890284334],[31.335734468338153,3.4665865417433914],[31.335452004447948,3.4670829638703227],[31.33667965751369,3.472602319272185],[31.33667960515853,3.4726028734556897],[31.33667961557679,3.472602920283757],[31.336666879736523,3.4727375730496775],[31.336513698982017,3.474359003397814],[31.33528290792125,3.476008551298607],[31.33516328659121,3.480114433642316],[31.331313118033275,3.481879788340132],[31.330664830610576,3.4821771509467583],[31.32915388290971,3.48656523750201],[31.328726439509044,3.487806904066328],[31.328726299922057,3.487807021819434],[31.328726034951977,3.487807791344179],[31.324963260697274,3.490981454949246],[31.324778231143114,3.49113754259852],[31.324778185530782,3.491137554220778],[31.324778052402404,3.491137666506198],[31.32167686515959,3.491927900604012],[31.314378604781954,3.491196166613685],[31.313090021504156,3.493842809981462],[31.31290439348768,3.497354887118346],[31.311436309438477,3.502057226601653],[31.310301349242813,3.505692593931056],[31.313975416746793,3.506449834546724],[31.319776600250584,3.509508712342044]]]}},{"type":"Feature","properties":{"n":"Kochi","c":"313204","d":"Yumbe","od":"Yumbe","dc":"313","k":"KOCHI","a":["KOCHI"],"lat":3.611228,"lon":31.466124},"geometry":{"type":"MultiPolygon","coordinates":[[[[31.355768127361294,3.606613823211649],[31.357530908983943,3.613630260267589],[31.36558238666445,3.616028535620493],[31.36786983919534,3.617924777588087],[31.371194163380345,3.616050760367891],[31.37208645670517,3.614052017298843],[31.37176613545967,3.612337418482247],[31.373656905543335,3.611018200078687],[31.375905558020865,3.60748456365731],[31.375584364792168,3.60441439603599],[31.376761744928782,3.599418704420955],[31.378939314822933,3.600346314788581],[31.381366361952725,3.599668211274461],[31.38836197691727,3.600346316109406],[31.390717641898576,3.599454019179937],[31.39282346314252,3.597883576997302],[31.393358039873792,3.596171506206845],[31.395213381954832,3.595518698809496],[31.39454258959111,3.59111100872067],[31.39145093946121,3.584800031460578],[31.38935293250085,3.573784353707013],[31.390795851606406,3.573512143819265],[31.393280084163358,3.575101644150977],[31.394112911351208,3.570975668387836],[31.395145270143548,3.569833907660892],[31.400294615037105,3.570338037880798],[31.402046249278072,3.567096968686071],[31.40575819576526,3.563732506877671],[31.409060594425856,3.564988943709697],[31.411335434250717,3.563956249871786],[31.412329289845125,3.562552547808484],[31.415409074463387,3.564217989510988],[31.41784657451464,3.562647274500264],[31.419496032578845,3.562991677657915],[31.420056456301612,3.566759857985602],[31.417914807752297,3.572970791862267],[31.415666405699316,3.576575312597949],[31.412596793460615,3.57893117538829],[31.412454047061544,3.581501101562823],[31.413560830460398,3.583142203759619],[31.409027647501553,3.585961902873376],[31.40734995582093,3.58517726924173],[31.40610086389607,3.586069558779823],[31.40503010816737,3.590031354536062],[31.406744514011358,3.590211572561214],[31.406814436829027,3.592029770689423],[31.400996559803982,3.594885568039656],[31.396790206770913,3.595467335587512],[31.397665104622593,3.597765679888102],[31.396416346179784,3.602435427002983],[31.395048215843207,3.603922905096302],[31.396951752304215,3.605560128633351],[31.39585132800619,3.60963372400534],[31.398646840022927,3.61237078560419],[31.397011269339174,3.614214076519588],[31.39629743154582,3.616504306078806],[31.396862548068214,3.620221320529202],[31.395643079902243,3.622423212747147],[31.39632700749655,3.623792704071698],[31.395923481188536,3.629759334881881],[31.4378385599942,3.632683229396093],[31.438407832770395,3.634443924919996],[31.440577236497504,3.635933695360678],[31.44065203739797,3.637672640103168],[31.43944440162173,3.640371034700086],[31.436788742319735,3.644179042888077],[31.437103173185736,3.645931775796153],[31.435914581060484,3.648834446429815],[31.435975675692625,3.655154395721521],[31.430550732865655,3.657784784076834],[31.424919745524985,3.665491869977025],[31.42150529408189,3.666964269185335],[31.41781190076635,3.669822032475112],[31.41767608941686,3.672381410906537],[31.416909795988538,3.673228896978479],[31.412923671566922,3.674932732314776],[31.412277016564584,3.681570288380855],[31.408904521348315,3.682403099513042],[31.40717256416855,3.685305494191421],[31.41886303035632,3.699213109213601],[31.4278742204188,3.712576962142598],[31.42898380769511,3.711913106507197],[31.44310574197312,3.702955172976257],[31.4482056853106,3.7004128378483565],[31.4504,3.6991],[31.46285074786412,3.693112235760003],[31.478973514044778,3.685074994538368],[31.48853248312061,3.6807614775832165],[31.4897,3.6802],[31.48995884501675,3.6801178269788095],[31.492111435168404,3.679146463430817],[31.508484005437253,3.673662207027261],[31.503696254688776,3.6514644535570544],[31.503204658342426,3.649935073466107],[31.503183547890526,3.6490873584015278],[31.5031,3.6487],[31.503172242026928,3.648633358130199],[31.502942486844113,3.639407268108344],[31.50472641638542,3.6367665612695],[31.508534029482913,3.635481486629323],[31.515268076292433,3.635266991793885],[31.519482600265654,3.634388969046856],[31.523157070510457,3.631845105031224],[31.522977456667824,3.629152832992135],[31.52407661857903,3.628312615087355],[31.524191262808,3.626225195004829],[31.52709367897395,3.622798864193061],[31.528729504101946,3.622334725507441],[31.531063828701374,3.6180419421339125],[31.53107952290735,3.61794481258217],[31.53118207906883,3.6178244817124026],[31.532767989793292,3.6149080187699596],[31.532983108722917,3.613376195285724],[31.53465450365461,3.611438751753808],[31.535063118186358,3.610687316555595],[31.53468453580531,3.603596027483569],[31.53584745415296,3.60225387957904],[31.535886152848473,3.6010894006504115],[31.535482094689915,3.600932206070841],[31.535350722455398,3.599158682880728],[31.534316269028743,3.598552765415876],[31.534339450066877,3.597052860069991],[31.533351999066912,3.595768399024231],[31.535243646663222,3.594459242618883],[31.535660050820013,3.590449852530272],[31.534708373467826,3.588023399133693],[31.53635977434158,3.5868376993579156],[31.536433267704535,3.5846262172544656],[31.53629064586573,3.584477402680351],[31.53646870540047,3.583559864767697],[31.53658629386692,3.5800215209135384],[31.53491148486046,3.579896153334685],[31.5364339779702,3.576683813895856],[31.53661860885965,3.5764734348296012],[31.493668199345585,3.5096845205134706],[31.492225991016852,3.511649425932369],[31.48962106001867,3.512755696655904],[31.489461604097514,3.515970322084718],[31.484131646578405,3.520705472929846],[31.48560681137273,3.524702904296215],[31.484416961152338,3.525535791846184],[31.480303119519718,3.525806150329374],[31.477881880527146,3.529202291945023],[31.47312131786115,3.527820156046772],[31.468067628632756,3.52936716854386],[31.46644893842578,3.528370015763289],[31.466089006216624,3.526659964039794],[31.46487404603242,3.52615841591689],[31.462132429416453,3.527738384335698],[31.458820699397183,3.527110197470018],[31.45778325994565,3.528556905128007],[31.458991905478594,3.530498293161578],[31.45847800334847,3.531345545196928],[31.452072464345306,3.530965020223684],[31.45112799429417,3.535968185069695],[31.44945966259204,3.5346811839417],[31.448154090049638,3.535493173172898],[31.44409234077343,3.532438830541183],[31.441875897020207,3.530536111647027],[31.44020496953473,3.527656769146398],[31.43599498021954,3.529649600336221],[31.42959103356298,3.536060418904193],[31.42445774962568,3.532147289688901],[31.41832955675515,3.528881637948983],[31.414918850629483,3.528486321711469],[31.41157820914418,3.529928186812605],[31.407236979183992,3.533967934828343],[31.401081061078372,3.538006436880514],[31.39507316994116,3.531654362473107],[31.393556319762897,3.531416303539614],[31.389213888361322,3.528412394026752],[31.385674306568447,3.528085170631709],[31.38513913376649,3.531594234779307],[31.3838326644555,3.533149554056958],[31.38248585070691,3.537504383504413],[31.377016812295476,3.536748419020615],[31.37360103971307,3.535399562249478],[31.372690840099285,3.538262625652207],[31.367066918856725,3.539646971412838],[31.364150909784133,3.544579700115488],[31.36738924204253,3.546919092378217],[31.368210397690287,3.55126191360352],[31.36990494771776,3.552560261335486],[31.36987804709605,3.573340128595643],[31.373317098199443,3.578073925455456],[31.37214072313278,3.578651697381611],[31.370185042630194,3.577200340065584],[31.368920960580574,3.58086549257967],[31.365373767149276,3.579070594895017],[31.363049869711897,3.580607066353297],[31.357310019804537,3.595934803347984],[31.357424223841466,3.59976070396887],[31.355768127361294,3.606613823211649]]],[[[31.367950398183993,3.529004574942525],[31.369526815412083,3.526896738356149],[31.37426234896712,3.527860300353867],[31.381198532352148,3.527872197239548],[31.389137264740487,3.515827095421798],[31.38846907565383,3.5158719577246123],[31.38718299083371,3.516307998075336],[31.38315994325018,3.516476081382089],[31.37750492748348,3.5186915155323097],[31.37748657581021,3.518699374055687],[31.37095693080513,3.51696431218144],[31.369206049095386,3.51831866133702],[31.36715955092763,3.518485735717709],[31.365981908050834,3.5220067226559473],[31.365981902290788,3.522006865158778],[31.36637449956687,3.528443270745301],[31.367950398183993,3.529004574942525]]]]}},{"type":"Feature","properties":{"n":"Lori","c":"313205","d":"Yumbe","od":"Yumbe","dc":"313","k":"LORI","a":["LORI"],"lat":3.563556,"lon":31.33143},"geometry":{"type":"MultiPolygon","coordinates":[[[[31.39185703276677,3.5856289886546926],[31.39454258959111,3.59111100872067],[31.395132485462536,3.594987138394381],[31.39521339297401,3.59551869489543],[31.400996751035272,3.5948854741707397],[31.406814436829027,3.592029770689423],[31.406798509590597,3.5916156158246397],[31.406743444174218,3.590211460100132],[31.40503010816737,3.590031354536062],[31.405127303164896,3.5896717330851566],[31.40503010275711,3.589639363559252],[31.4055657224968,3.587068525159201],[31.405986538223708,3.5864925637205913],[31.40610086389607,3.586069558779823],[31.406508197651842,3.5857785796760817],[31.406920466265927,3.585214316487046],[31.407172716157415,3.58530388049775],[31.40734995582093,3.58517726924173],[31.409027647501553,3.585961902873376],[31.409042178949637,3.5859528641225347],[31.413482636597507,3.5830262604591523],[31.413150104248068,3.582533192375788],[31.412631836972935,3.582247816682013],[31.41262663409713,3.5817570079701055],[31.412454047061544,3.581501101562823],[31.41259669694448,3.5789329130106777],[31.412596685689362,3.578931851268895],[31.41259675904671,3.5789317949569512],[31.412596793460615,3.57893117538829],[31.415666405699316,3.576575312597949],[31.416150742484223,3.575798849161642],[31.417914825294684,3.572970740988095],[31.420056397342133,3.566760028972303],[31.420033286791092,3.5666040706943165],[31.419496032578845,3.562991677657915],[31.41814782954452,3.562710175877268],[31.417846091747098,3.5626475855936848],[31.415409074463387,3.564217989510988],[31.41540892180019,3.5642179069559754],[31.415408864148862,3.564217944108723],[31.415032101816415,3.5640141356559982],[31.412329674034286,3.5625527555647816],[31.411335578590176,3.563956095598917],[31.411335526847925,3.563956119089316],[31.411335434250717,3.563956249871786],[31.409060594425856,3.564988943709697],[31.40906055729927,3.564988929584447],[31.40906051710198,3.564988947833563],[31.405758133852405,3.563732562994704],[31.402046249278072,3.567096968686071],[31.400294615037105,3.570338037880798],[31.400294207539304,3.570337997986023],[31.400293994211474,3.570338392640718],[31.397709469580363,3.570084947444143],[31.395145270143548,3.569833907660892],[31.394112911351208,3.570975668387836],[31.393280084163358,3.575101644150977],[31.39327990669407,3.575101530599814],[31.393279865319556,3.5751017355299],[31.390921131347348,3.573592302252592],[31.39079587561703,3.573512159182117],[31.390669559749565,3.5735359690580064],[31.38935293250085,3.573784353707013],[31.39145092244678,3.5847999421255663],[31.39185703276677,3.5856289886546926]]],[[[31.249658200845438,3.542945610511517],[31.251121568156606,3.545040061979849],[31.24933697118403,3.545753382154142],[31.248706379005338,3.547300165690501],[31.24976527595116,3.550536092299376],[31.251092284756048,3.551423169391225],[31.254994285034098,3.549414726084696],[31.25430932404833,3.552327370444986],[31.25526858964494,3.553927043735365],[31.257926348661847,3.552232174025512],[31.25948702247149,3.552641453743648],[31.260305956182197,3.551499293684442],[31.263726703297987,3.552565876646831],[31.265731289675298,3.551704650297546],[31.266869027008767,3.553732003545098],[31.26871040297447,3.55225686560797],[31.270590389793806,3.552413788911628],[31.271699223513593,3.554964552467415],[31.27362681597005,3.554969406284515],[31.276528384092572,3.556700455265139],[31.277009228096805,3.559904311327512],[31.281177778590003,3.555464555970889],[31.28413904831685,3.559964276875724],[31.2858520038246,3.561096815585302],[31.28844643839368,3.559982122393421],[31.292099847804195,3.559924084067574],[31.29197282670228,3.562480654953117],[31.29396420887663,3.564630619975995],[31.293671735170456,3.565821300845978],[31.297483739284083,3.568134539507098],[31.297597356364143,3.570305228941287],[31.29569903985912,3.572017422738037],[31.296569959919612,3.575725582045202],[31.298959814907587,3.576358705873287],[31.30082093554857,3.580123350788943],[31.304464762316474,3.582662189394016],[31.306700633379734,3.582277586614312],[31.310152405590298,3.583539601671305],[31.31268476722375,3.582930879532242],[31.31430205034337,3.585195700941173],[31.31677230180161,3.585487930722727],[31.318063725783276,3.587908091930359],[31.32263193026323,3.591286900153015],[31.323774433964577,3.595094064332176],[31.32610626676964,3.597902370982257],[31.32712551453129,3.607197532776255],[31.32537035461151,3.606243602377281],[31.318565379169733,3.60561307977019],[31.30941421285719,3.606474587220607],[31.313461037783647,3.620955210023731],[31.320281494118436,3.623371594140245],[31.339138419673986,3.624838266688066],[31.33862462577303,3.628146865229419],[31.347251734690243,3.623681023177726],[31.357530897521386,3.613630264171429],[31.35679189851166,3.6106887612209517],[31.355768127361294,3.606613823211649],[31.357424213337687,3.599760747434733],[31.357412627553007,3.5993722216664628],[31.357310019804537,3.595934803347984],[31.363049869711897,3.580607066353297],[31.365293459646995,3.579123691121708],[31.36537353877283,3.579070622955844],[31.365373644114797,3.5790706762406734],[31.365373767149276,3.579070594895017],[31.36618102414018,3.5794790709851863],[31.36892110369014,3.580865077639521],[31.370185042630194,3.577200340065584],[31.370185229954064,3.5772004790831136],[31.37018531216393,3.577200240633212],[31.372140780752222,3.5786516690820522],[31.373317098199443,3.578073925455456],[31.36987804709605,3.573340128595643],[31.369878047499533,3.5733398169202393],[31.36987800815534,3.573339762770039],[31.369904530759374,3.552559941866031],[31.36986521698963,3.552529820038433],[31.368365394748864,3.551499941900261],[31.36821046526083,3.551262048744603],[31.368210446828922,3.5512619512530645],[31.368210397690287,3.55126191360352],[31.367389253159864,3.546919151174119],[31.367292643025422,3.5468493086206596],[31.364150909784133,3.544579700115488],[31.366733720045776,3.5402106114076193],[31.367066184859713,3.539648073994189],[31.367066281071807,3.539648050291504],[31.367066918856725,3.539646971412838],[31.371550800681124,3.5385432499119385],[31.37269092093564,3.5382623713787464],[31.373589301614615,3.5354364848317235],[31.37360102886171,3.535399557077771],[31.37162158144188,3.534735485317967],[31.372063776276633,3.533165317892369],[31.366448984452077,3.532411304021381],[31.3664278263564,3.531356530797676],[31.364873005739728,3.529802603591324],[31.36487155981258,3.52985668034177],[31.36479890907929,3.5297285495073245],[31.363760295931062,3.528690533153152],[31.363136107804493,3.526795941600809],[31.36313384577314,3.526791952157736],[31.356479703148047,3.523492023390517],[31.3563367337676,3.524083300007488],[31.35530167303281,3.523919119895757],[31.35530125531436,3.523918734742749],[31.355301035846242,3.523918700183047],[31.354816354102677,3.5234716365592296],[31.352757532038126,3.5215733208135105],[31.35236038327187,3.522214039052284],[31.352359460622004,3.522213791736943],[31.352359192987425,3.522214222557304],[31.35030672735602,3.5216635587093936],[31.35022651308049,3.521642057355852],[31.350226498275706,3.5216420337428342],[31.350226284482375,3.521641976383404],[31.350050694220762,3.521361633525344],[31.349063507332648,3.519787111150299],[31.347892029862024,3.520499833459145],[31.345751502753757,3.519129269359191],[31.34231034641416,3.518679685436387],[31.342310219033056,3.518679574221403],[31.342309816542116,3.518679545303731],[31.340880153672053,3.5174310005143297],[31.340733690117663,3.5173031248605025],[31.339383079183534,3.517466021500328],[31.338989406585977,3.5172606453255346],[31.338926539365513,3.517259158972874],[31.33512337739402,3.5152437655833038],[31.335116513609883,3.515240184796275],[31.335116393011553,3.5152400643793165],[31.33511610506066,3.515239911786728],[31.332325251863022,3.5124534726919743],[31.33231131824292,3.5124530689846143],[31.329451767474932,3.512569416141924],[31.32903906355301,3.512358259933332],[31.328720266226597,3.512349023221972],[31.323873098060705,3.5097151406676046],[31.323871654609967,3.5097144021391604],[31.323868446753565,3.509713714308159],[31.322602186247472,3.509787727211962],[31.322448408003016,3.51025074390707],[31.321097842123127,3.5098756560989695],[31.32106757667657,3.509877425113776],[31.321032133545412,3.509857407091827],[31.319776600250584,3.509508712342044],[31.317980265199292,3.508561531581815],[31.31773089141718,3.508563071459295],[31.314496280529287,3.507068688238229],[31.313930470350027,3.506440570907141],[31.31362296969387,3.5063771937411166],[31.30785316677148,3.505369275582555],[31.30768966461624,3.505155937986766],[31.30702435514849,3.505019228966779],[31.306611494974643,3.503750371916244],[31.303752822427168,3.502516706871891],[31.3009636940862,3.501313256416338],[31.299932525592574,3.5010819420845847],[31.299331815046962,3.50554073062272],[31.299325395199823,3.5055395476701836],[31.29932538682936,3.505539609129696],[31.29222173496523,3.504230592377741],[31.291273609654855,3.504055886155606],[31.291273580494018,3.5040558723731574],[31.291273548345572,3.504055866449042],[31.2912510523612,3.504045224776514],[31.284319637839534,3.500769191800706],[31.28274928162783,3.5043235452315113],[31.281998900691264,3.506022829127705],[31.281998637644453,3.506022557212193],[31.281995867133467,3.506028828002956],[31.281291344415244,3.505296548584546],[31.279692501329652,3.5072526638292882],[31.2796434723232,3.507312686324258],[31.279643435399755,3.5073126938687147],[31.279643278236584,3.507312886151046],[31.277954258630373,3.507657949562798],[31.276026387503848,3.5102221134632043],[31.27600420785762,3.5103038941814297],[31.275384997293497,3.512592417203589],[31.27687821221466,3.51462167523609],[31.27685015510968,3.5147055900068898],[31.27692181877458,3.514808818095655],[31.276678756327918,3.5152182191430352],[31.27629375594078,3.516369699998632],[31.275539177197555,3.517137663697106],[31.272924674969804,3.5215413877816903],[31.272923103168054,3.521545150411188],[31.269977116596333,3.524270672505764],[31.269965911122366,3.5242716122321354],[31.26967616132377,3.524538822288056],[31.26528694878564,3.524664004763693],[31.26528233919813,3.524664391338233],[31.26444884615791,3.526105030449472],[31.258006876383227,3.527698779001758],[31.25789972601316,3.5277016432033483],[31.257736128817577,3.527741528617415],[31.251960660780206,3.5278603984187717],[31.25169553481376,3.527867485414497],[31.251686796751187,3.5279521736552275],[31.25158983433961,3.531095884507706],[31.249705790684203,3.532571166391985],[31.25132342490783,3.53428451631249],[31.249265517945982,3.536449789276414],[31.247619117471626,3.54009754028419],[31.25016975965538,3.541042058645722],[31.249658200845438,3.542945610511517]]],[[[31.317128036871836,3.508264723587311],[31.31712803672957,3.508264724037815],[31.31712803688366,3.508264723591215],[31.317128036871836,3.508264723587311]]],[[[31.368974058381983,3.551878113024905],[31.368974057906485,3.551878113783971],[31.36897405839887,3.551878113035776],[31.368974058381983,3.551878113024905]]]]}},{"type":"Feature","properties":{"n":"Romogi","c":"313206","d":"Yumbe","od":"Yumbe","dc":"313","k":"ROMOGI","a":["ROMOGI"],"lat":3.464212,"lon":31.425496},"geometry":{"type":"Polygon","coordinates":[[[31.366427844955716,3.531357458010549],[31.366448984452077,3.532411304021381],[31.371998948609296,3.533156612144779],[31.372060126086243,3.533164798943075],[31.372060121576762,3.5331648271004603],[31.372063776276633,3.533165317892369],[31.372055120784825,3.533196052243426],[31.3717990416856,3.5347950202847267],[31.37360102886171,3.535399557077771],[31.373589301614615,3.5354364848317235],[31.37360103971307,3.535399562249478],[31.377016382045408,3.5367482491188706],[31.377016866612614,3.5367484265286673],[31.38248585070691,3.537504383504413],[31.3838326644555,3.533149554056958],[31.38513901681736,3.531594374004344],[31.38518930867978,3.53126524386516],[31.385674306568447,3.528085170631709],[31.385701968917665,3.5280877279303833],[31.38790564313157,3.528085314286153],[31.388413893172437,3.5283384369445194],[31.389213888361322,3.528412394026752],[31.39088871052423,3.529570964827821],[31.39507147082257,3.531654095808433],[31.39507316994116,3.531654362473107],[31.395074206208555,3.5316554581067434],[31.395074273288195,3.531655491514269],[31.395214875942187,3.5318041866030647],[31.401080568359976,3.538005915935005],[31.408945122127363,3.5323784159294687],[31.41157820914418,3.529928186812605],[31.413572008002433,3.5290676368239136],[31.414204728015186,3.528614892525816],[31.414566701483547,3.52863831394594],[31.414918850629483,3.528486321711469],[31.41832955675515,3.528881637948983],[31.42445774962568,3.532147289688901],[31.42959103356298,3.536060418904193],[31.435885108732165,3.5297595897238785],[31.435994679142205,3.529649862930455],[31.435994752739315,3.529649828060551],[31.43599498021954,3.529649600336221],[31.436269640614576,3.5295195877017806],[31.44019812664275,3.527658292694691],[31.44019891041296,3.5276596372788194],[31.44020496953473,3.527656769146398],[31.441875797967224,3.5305359409589117],[31.445645349692512,3.5336066577571006],[31.44815326120355,3.5354925498995833],[31.44945911278811,3.534681204434869],[31.449459353981588,3.534681375879227],[31.44945966259204,3.5346811839417],[31.44946644828298,3.534686418627273],[31.45114475684083,3.5358793884116313],[31.45206931385707,3.530981709383883],[31.452071874722,3.53096573268595],[31.452072324812004,3.5309657593769312],[31.452072464345306,3.530965020223684],[31.45847800334847,3.531345545196928],[31.458991880474695,3.5304983343846112],[31.458869237762872,3.5303012580268587],[31.45778325994565,3.528556905128007],[31.457783500050468,3.528556570302224],[31.45778338113885,3.528556379221418],[31.45882050233422,3.527110297361291],[31.458820612751282,3.5271103182975887],[31.458820699397183,3.527110197470018],[31.460667058093275,3.527460424775828],[31.462132571646613,3.5277383023697664],[31.46487404603242,3.52615841591689],[31.464874285803212,3.5261585148967507],[31.46487430377123,3.526158504541822],[31.46497224767236,3.5261989545689523],[31.466089006216624,3.526659964039794],[31.4664489197393,3.5283699269830926],[31.468067745391846,3.5293671328020957],[31.472317308321145,3.5280662758119483],[31.47312079184226,3.527820261619596],[31.473120884806033,3.5278202886116468],[31.47312131786115,3.527820156046772],[31.477881880527146,3.529202291945023],[31.480303119519718,3.525806150329374],[31.480307222903022,3.525805880658204],[31.48477337511649,3.5252863043491116],[31.485230993285036,3.524965974555756],[31.48550740784049,3.52443353859604],[31.484131646578405,3.520705472929846],[31.48413226694277,3.5207049217962134],[31.484132216108478,3.520704816277283],[31.488476098852978,3.5168458480105467],[31.489461604097514,3.515970322084718],[31.48946757044625,3.5158500407165056],[31.489620456465957,3.512756618635341],[31.489621026295985,3.5127563765040093],[31.48962106001867,3.512755696655904],[31.492225991016852,3.511649425932369],[31.49332502355403,3.51015207291837],[31.493668136497202,3.509684422782733],[31.4531,3.4466],[31.444851071671934,3.389112294856527],[31.444851071671934,3.3891122948565284],[31.444851592170256,3.389115922267618],[31.443809462733718,3.390665901402889],[31.443795947958257,3.39068605929791],[31.443795898318466,3.390686076018329],[31.443795459302677,3.39068672897495],[31.442392103755598,3.3911589231858685],[31.441177243244542,3.391568130748571],[31.44082752660672,3.393363471309966],[31.440740977397446,3.393810101269711],[31.441287033170774,3.3945460731951886],[31.442044963475936,3.395566403982231],[31.44204438575168,3.3955668301662882],[31.442044888714435,3.395567508057605],[31.440507587526756,3.3967005178989336],[31.44021011236394,3.3969199637164658],[31.440322040256174,3.398938014138934],[31.437922138281664,3.397568789983591],[31.43689546066017,3.398977444714569],[31.437227084084647,3.399764425740464],[31.438415803193948,3.399866428228257],[31.437686654337067,3.401049957548392],[31.436934144879512,3.4010158966188024],[31.431668287952263,3.4007779702415677],[31.431613202786135,3.402857830002494],[31.43128093814481,3.402940796365525],[31.42999655268536,3.40326228618371],[31.429995971107548,3.4032616521787435],[31.42999394548814,3.403262157975191],[31.429510844085225,3.4027327926952333],[31.429448197093897,3.402664498302316],[31.42734765191749,3.404957673015751],[31.42803338845003,3.406586836533576],[31.430818298469784,3.406256958131712],[31.43081893562253,3.4062582793245033],[31.430819207348264,3.40625824726203],[31.43114873773006,3.4069421532790414],[31.431717445902997,3.408121420173718],[31.431056052332757,3.4090682044486758],[31.431048708584058,3.409078745306648],[31.43104869386788,3.40907873808424],[31.431048546265153,3.409078949377403],[31.42888595642412,3.408017406471139],[31.426014519060875,3.40929677796437],[31.42361127525679,3.40922089765284],[31.423507209721976,3.412448756272511],[31.423507036426024,3.412448640062225],[31.423507028585608,3.4124488830935],[31.421938312215868,3.41139709932012],[31.42071345253188,3.4112309648660277],[31.41903670160715,3.4110038517544066],[31.417004024401088,3.4125610776815227],[31.41519714735355,3.413945434800549],[31.412519105493637,3.41428474496655],[31.412060756198372,3.416436259903505],[31.412060275418035,3.416436165358992],[31.41206024875986,3.416436290378952],[31.407422845145927,3.415524245088907],[31.403127029519748,3.41984887457988],[31.40312630672785,3.4198482959320406],[31.403125693757882,3.419848912869781],[31.40118079055703,3.4182908748277794],[31.400571823122494,3.418493460771643],[31.400454539583546,3.418532678012558],[31.400125131956163,3.42016097750305],[31.399922952537917,3.421163471410924],[31.39992239604757,3.4211631242331912],[31.399922246362216,3.421163864144983],[31.395652256949674,3.4184991117791133],[31.39543323606111,3.418362471177609],[31.395433203464524,3.418362408092896],[31.39543236317625,3.418361883698114],[31.394387681555042,3.416338992040426],[31.39431991553277,3.416207843323182],[31.391397422558516,3.4154727391496134],[31.39109199279235,3.4156401535765997],[31.390625594556944,3.418236230374897],[31.39062447823378,3.4182360218064747],[31.39062444033074,3.418236904039333],[31.387671435200758,3.417957664689754],[31.387801143384547,3.41972143510929],[31.387801450638214,3.419722552269643],[31.38780124019691,3.419722751562733],[31.387801305762938,3.419723643128815],[31.38705243792443,3.420431885735587],[31.386847334233963,3.420626123976088],[31.386847050193406,3.42062613141492],[31.38684683248161,3.420626337316097],[31.383276585964115,3.420719798532674],[31.383276146045162,3.4207196509995184],[31.383275629825878,3.420719664518955],[31.381695039054446,3.4201894040032386],[31.380756240139327,3.4198745642689414],[31.377104829221157,3.421077165532297],[31.37639483202076,3.422493662842813],[31.376054909762182,3.423488778996123],[31.377742276548343,3.425207959398528],[31.377739018819256,3.4252116279272746],[31.377491545103084,3.425893715752629],[31.37643008350119,3.426685717411013],[31.376430001863387,3.4266857119299305],[31.376429842016382,3.426685891933642],[31.37356716130989,3.4267334287700253],[31.380849579885837,3.4458602272190233],[31.38141520001768,3.4471751295646795],[31.383865640157335,3.4504109030604737],[31.38386833190975,3.4504143452875664],[31.38942217542684,3.453741040145833],[31.391145801884072,3.458226245901673],[31.390188177405104,3.46083933050922],[31.390187780406762,3.4608393513845077],[31.390187700476897,3.460839569677716],[31.387531288093548,3.4609794133124057],[31.385218287655096,3.46280172644473],[31.385532891097064,3.46313175751081],[31.387601113068584,3.46529220096137],[31.38759625604439,3.46529630640773],[31.387596281765315,3.465296333389968],[31.381685615126436,3.470292332423573],[31.380950471717334,3.470913719452195],[31.3809504447781,3.4709137361626485],[31.38095041326695,3.47091376279749],[31.375702138681444,3.4741708923850503],[31.380429042268236,3.479378329364582],[31.377209180860913,3.482720376639981],[31.376269659963732,3.484780438249266],[31.38275274698906,3.48689101607687],[31.38321269171755,3.4871955170325735],[31.389664213002153,3.49146665599077],[31.391230659705762,3.490967843455557],[31.39123071083341,3.4909679071357047],[31.39123075325799,3.490967893627207],[31.394638488468242,3.495212338553722],[31.39568701530647,3.49651829238396],[31.395687840163223,3.4965186582006123],[31.39846503385989,3.49771017097285],[31.40012022255553,3.497610585684266],[31.400220557770425,3.497600529902823],[31.403585559903494,3.505767455916252],[31.403778677665102,3.506235768507516],[31.403778496523557,3.5062357168679616],[31.40378137749832,3.506242709050075],[31.392461367508513,3.503011020739261],[31.38964821198399,3.5094779976114805],[31.38964578159337,3.5096541132706838],[31.389578427364665,3.514598882495204],[31.39132377593605,3.51490408648253],[31.39131828147183,3.5149059493519683],[31.391318699263508,3.514906022553654],[31.389137276995076,3.515827091568386],[31.388614698067837,3.516619963662059],[31.381198532352148,3.527872197239548],[31.37426234896712,3.527860300353867],[31.37426232286858,3.5278602950434705],[31.374262291833432,3.527860294997704],[31.374120884374143,3.527831515866495],[31.369527147058253,3.5268968058378047],[31.369366319334574,3.527111338588953],[31.367950398183993,3.529004574942525],[31.36637449956687,3.528443270745301],[31.366373873235936,3.528433002411371],[31.365800245384065,3.52650111547824],[31.36579746335421,3.5265014732248843],[31.364958294287074,3.526612866473343],[31.364873005739728,3.529802603591324],[31.3664278263564,3.531356530797676],[31.3664278323209,3.5313568281397076],[31.366427833578488,3.531356829351947],[31.366427844955716,3.531357458010549]]]}},{"type":"Feature","properties":{"n":"Arilo","c":"313301","d":"Yumbe","od":"Yumbe","dc":"313","k":"ARILO","a":["ARILO"],"lat":3.500963,"lon":31.144848},"geometry":{"type":"Polygon","coordinates":[[[31.09000955200389,3.562112081273198],[31.10412975556881,3.559887553503128],[31.104059386152805,3.558328579998722],[31.106203464224055,3.555716793423823],[31.106502059509577,3.552653871335369],[31.10602450168983,3.550837552494426],[31.103856454915753,3.549720881137522],[31.101695415177947,3.546217532795739],[31.101934728325453,3.543364826903199],[31.105650733695857,3.535884860999261],[31.106461036376867,3.534779290283504],[31.110180609752835,3.538471797353013],[31.11362525833278,3.534883073600256],[31.11799046328629,3.533648007103149],[31.1194398373473,3.531666589156887],[31.116128933758432,3.529587486571082],[31.11269762573996,3.525475735315955],[31.112821953282133,3.52085516914431],[31.115389154989867,3.521021969446928],[31.12283887269178,3.519431499020891],[31.125347892720704,3.515569244633181],[31.1298021667837,3.514036865649519],[31.132340696365436,3.512255283507061],[31.13353000269368,3.512762532114067],[31.13179772444268,3.514142840092654],[31.13105952387754,3.516202793854129],[31.13493033217662,3.519218669002869],[31.136157820125735,3.523208897442142],[31.135177409064134,3.524838425128677],[31.13825550439793,3.52577124935197],[31.143657200772346,3.520717098041821],[31.148107707641064,3.521376853975985],[31.154738840999777,3.524496508000275],[31.159915953394297,3.524411044765184],[31.164846477193123,3.52556717888708],[31.169382316102485,3.528751315471729],[31.17504594079263,3.537220384086423],[31.177102288857224,3.536779448836819],[31.185087961216798,3.532110629190698],[31.18902673563709,3.539653352655591],[31.189683258593753,3.544222217808354],[31.19920997895232,3.547027311445821],[31.202538606554803,3.548983621613637],[31.21455012165415,3.552962081433759],[31.217004530781445,3.54745482418484],[31.21991120243263,3.534065625746781],[31.220802467651957,3.534081294474744],[31.219237670565782,3.531953462445395],[31.21929124622925,3.53020774852473],[31.226210447780602,3.5206518799583457],[31.225626748643982,3.5201953001495996],[31.216643146822523,3.5159566363522674],[31.21203165255277,3.515325960783243],[31.21023908971202,3.5145829095685666],[31.206886872768127,3.5139095904005866],[31.20548572703178,3.513888950141728],[31.205260680083956,3.5135829567956],[31.20497183565449,3.513524940117629],[31.20484246919154,3.5130143209994036],[31.204314917611626,3.512297016122556],[31.204015315027828,3.5097494815651156],[31.20401517738964,3.5097489382968807],[31.201814507807683,3.507357810448418],[31.201686944305372,3.503858754645886],[31.2003500940907,3.503141135650988],[31.200354113656303,3.503080078866659],[31.200352099859735,3.5030789034484373],[31.200350082323368,3.503141131361304],[31.198251836456382,3.501853038332182],[31.19825322615986,3.500072075813761],[31.197303875158017,3.4993988245810748],[31.197268404634748,3.499373693920445],[31.19400356549196,3.499439499269321],[31.194002798304176,3.4994389676807125],[31.194002675950138,3.49943897013264],[31.191728210029492,3.49786305919479],[31.191728179033124,3.4978628715613875],[31.19172647440269,3.497861690413647],[31.190876577399777,3.4927091770612],[31.19086967760351,3.4927009139272744],[31.185244384629645,3.4860897606920966],[31.18195434076444,3.4864130640603035],[31.181951331591296,3.486413608335611],[31.181951259902778,3.4864133668079242],[31.181950755659845,3.486413416358461],[31.18127937798044,3.484156181253399],[31.179169053036215,3.483979184766234],[31.179168789880098,3.4839789957182377],[31.17916864647619,3.483978983689097],[31.178944338534635,3.48381775273659],[31.17734130090868,3.482666150967525],[31.176170854638187,3.482798103371749],[31.174982838653047,3.482932423970984],[31.1749822025623,3.4829321082407922],[31.17498120399833,3.482932220815731],[31.172259105534515,3.481580690899929],[31.171230835585792,3.4785727730174227],[31.170301383019517,3.4779005211238045],[31.168888607843876,3.476878985680214],[31.169724351488245,3.472697776496052],[31.167506658062937,3.4710496361916867],[31.16741355576627,3.4709805138145153],[31.164668544234893,3.472458575791465],[31.161574794050626,3.4707929905675585],[31.154912758024498,3.471179606028742],[31.154912734661565,3.4711795857389274],[31.154912661453626,3.471179589987264],[31.153846937884396,3.4702539819251763],[31.15191646833299,3.468577442816229],[31.14986371160546,3.469261112913586],[31.145907811318374,3.466019185626474],[31.144502466498817,3.465502415465453],[31.141863913734078,3.46453234532677],[31.140851502812687,3.464918597602824],[31.140850402434566,3.4649176319625],[31.140850067721257,3.464917759458328],[31.139117705021913,3.463397097832171],[31.136716571777992,3.461289975710219],[31.13491413977335,3.461281017605289],[31.134975205291763,3.461175327162001],[31.13445670274466,3.461141215593248],[31.13335730596309,3.462181983501379],[31.130203044147898,3.460605398706315],[31.127319319331058,3.458404430715766],[31.12770497315887,3.457125867999327],[31.126366629881186,3.45432997749661],[31.12621652104032,3.451600241866876],[31.12190862398574,3.449824858479551],[31.12158741177708,3.449134865472255],[31.122729346432003,3.448813482819617],[31.121813371824963,3.448206782029967],[31.120066409912113,3.448416282218322],[31.11560321212381,3.445763463200721],[31.112023758022822,3.446016979202489],[31.11081166479731,3.445033761711185],[31.110945735535125,3.443092745247291],[31.10268597189361,3.437924826188053],[31.099899861898287,3.440044245965451],[31.097758203430935,3.443099026355926],[31.096403840947723,3.443442450828977],[31.095388481402146,3.442242786055433],[31.094108466526738,3.443228123212075],[31.0898,3.4557],[31.089765897755697,3.456842425184131],[31.093427921240743,3.460490452329299],[31.092783767089617,3.462033394368172],[31.095178285999555,3.467837704085053],[31.092894065373752,3.47159813064764],[31.08989402791691,3.4740664972359],[31.09065726548597,3.483667294605677],[31.092953955148563,3.484860449082402],[31.093326091915092,3.489422975287374],[31.094248226840534,3.491385198808505],[31.09113594411989,3.493884265136085],[31.091251519846846,3.496884623802379],[31.091117463422574,3.4973029826674145],[31.09163376135533,3.503092895199046],[31.091808660191823,3.503169712690425],[31.093708639330444,3.524881872007227],[31.092088377859525,3.5267786540439783],[31.09017232476874,3.532444696755299],[31.090098706731855,3.533561198041014],[31.087195961067806,3.544553126010052],[31.08883722214525,3.545100708408116],[31.08936126849852,3.546528077939819],[31.090620120420883,3.547219704492045],[31.0898843326938,3.548169735454112],[31.088210173570168,3.548470906205547],[31.089460128939976,3.553527262332683],[31.08805034691391,3.553733597161826],[31.088869887572645,3.555516757703337],[31.08808433648491,3.5562504421100773],[31.08888821296465,3.5622880675855573],[31.08944254528785,3.56278752611721],[31.09000955200389,3.562112081273198]]]}},{"type":"Feature","properties":{"n":"Kei","c":"313302","d":"Yumbe","od":"Yumbe","dc":"313","k":"KEI","a":["KEI"],"lat":3.657165,"lon":31.145709},"geometry":{"type":"Polygon","coordinates":[[[31.10036612585838,3.709964159418982],[31.100339500549254,3.709977421702262],[31.100424769547857,3.7236962561439126],[31.100740387287466,3.724503501472195],[31.10141080012883,3.727522206777855],[31.100462172968367,3.729714050910347],[31.10049838086572,3.7355394992845397],[31.100521872469006,3.735730652440333],[31.101821939770147,3.73730710247635],[31.101589284495322,3.738753010536652],[31.105346358277643,3.740171014599507],[31.105158412791393,3.741109435952921],[31.102244002810156,3.741530294947652],[31.1047,3.7496],[31.10498080530683,3.7497650828073357],[31.10638718944261,3.750065994634074],[31.10805395058862,3.74900293049573],[31.10917661585795,3.74996382324915],[31.110172600388733,3.752817290462907],[31.110368663462175,3.7529325541056924],[31.114414928256362,3.75456829053828],[31.115685030603686,3.753097279445906],[31.117978998550065,3.753319070789616],[31.120321421030514,3.757438389913787],[31.122731425583193,3.757309603482084],[31.12329503010487,3.758755453112331],[31.122610572689478,3.7601294577725244],[31.126856531319042,3.7626256170449848],[31.127521925445766,3.762247043119595],[31.128371699724966,3.763516370346123],[31.131368023677457,3.765277881107254],[31.134158368688258,3.76492804287985],[31.135248221357152,3.767559012946295],[31.142443286663006,3.77178892438587],[31.143298728775903,3.771559119005808],[31.14643932287137,3.774138156609927],[31.150289098156673,3.7764014034085136],[31.150594528573393,3.776203445953634],[31.152929717209,3.777383983378831],[31.155188418242883,3.779281667756069],[31.1559,3.7797],[31.1659,3.794],[31.182158742796343,3.7939868029685093],[31.18416816097979,3.793337194107983],[31.18488215552347,3.7939845924062308],[31.241857519476753,3.7939383461692557],[31.289618148542857,3.7935458225150107],[31.29072736727952,3.7927876223658976],[31.29116147820619,3.781592236888899],[31.290457990875396,3.771788254361354],[31.28447568522336,3.764930809900346],[31.276891676143197,3.761235318691771],[31.272129060288393,3.760493813342786],[31.269494261169044,3.759185882037209],[31.26693513284825,3.756223777969963],[31.246575065082624,3.744425448751804],[31.239448583416245,3.738351873594189],[31.235689010560876,3.733878522186369],[31.23329102065917,3.734642436160545],[31.231053652441226,3.734261648468195],[31.22415357137169,3.729027086300027],[31.21872828399039,3.726599961924729],[31.21135160658871,3.728265011095436],[31.20492714124657,3.724458241665501],[31.19660022518358,3.717939289755277],[31.19935946634523,3.711276227492781],[31.197027596349077,3.707135969602251],[31.193317177745204,3.705708351213961],[31.193220859473033,3.704185000469901],[31.19650430733845,3.699616758440348],[31.201168087701994,3.695999999326102],[31.206926152853793,3.693192318752107],[31.209591147840655,3.680152878265679],[31.20252129188789,3.672384373499742],[31.19783849720989,3.665817073731442],[31.192698943472212,3.661419769473885],[31.189900562779204,3.652910469500919],[31.189443803358778,3.649598455085199],[31.190129144043603,3.643773547342506],[31.192984394867604,3.636978001624691],[31.1934985783078,3.63240927054465],[31.196619467207896,3.626820700196796],[31.194073194175996,3.62654945117915],[31.192838333448208,3.622087045367673],[31.190571399920724,3.621111301123468],[31.18727560620752,3.609067064586991],[31.19012505832812,3.603827884856117],[31.188554196738536,3.597524351173385],[31.19373355848955,3.592531919832669],[31.19453856351782,3.589920228273488],[31.194549073316338,3.588292595729482],[31.190113695903605,3.577737307608448],[31.19157319398104,3.558892690754242],[31.192854285264566,3.559433936409966],[31.19551897537896,3.562993198445761],[31.200201798392456,3.565315814846723],[31.20061412093231,3.569840746641292],[31.20773066895738,3.571719690627527],[31.209163930416093,3.569029871422666],[31.209473556678446,3.565031637271576],[31.211971743369816,3.560820625519955],[31.21457417357627,3.552980487333961],[31.202566820507695,3.5489929666527105],[31.202538606554803,3.548983621613637],[31.19920997895232,3.547027311445821],[31.197840238559817,3.546623998457155],[31.189684869843052,3.544222783860689],[31.189684856062392,3.544222688174749],[31.189683258593753,3.544222217808354],[31.18902674184456,3.539653395854538],[31.188837219037037,3.5392904297883088],[31.185087961216798,3.532110629190698],[31.177132304098542,3.536761900439885],[31.17710237217025,3.536779406363462],[31.177102355323985,3.5367794099770578],[31.177102288857224,3.536779448836819],[31.176786434755062,3.5368471762851885],[31.175047624682144,3.537220158454677],[31.175047545444738,3.5372200400066975],[31.17504594079263,3.537220384086423],[31.169504880673184,3.5289345916977806],[31.16938223958305,3.528751261755462],[31.164846497634482,3.525567193236813],[31.164597721007887,3.525508849280426],[31.159915953394297,3.524411044765184],[31.154738840999777,3.524496508000275],[31.148107707641064,3.521376853975985],[31.143657200772346,3.520717098041821],[31.13825550439793,3.52577124935197],[31.136891034906387,3.5253577435779024],[31.135182722251873,3.524840745837952],[31.13518308172404,3.5248401442419586],[31.135177409064134,3.524838425128677],[31.136155176740633,3.523213290976014],[31.136157813969874,3.5232088774311157],[31.135134283153864,3.5198816579879746],[31.134930276749404,3.5192186258176865],[31.13105952387754,3.516202793854129],[31.1317775787209,3.5141990568680352],[31.131797666883074,3.514142927090679],[31.131797703811937,3.5141428976628815],[31.13179772444268,3.514142840092654],[31.13246781996934,3.513608896887323],[31.133529949402142,3.5127625093848036],[31.13235221370477,3.512260195743879],[31.13234063253463,3.512255328304579],[31.1298021667837,3.514036865649519],[31.129802070706717,3.5140368987023467],[31.129802042744622,3.514036918326786],[31.125347873076013,3.5155692748731946],[31.1250733092434,3.515991924096789],[31.12283928952989,3.519431269684257],[31.122838978539754,3.5194313360840455],[31.12283887269178,3.519431499020891],[31.115389154989867,3.521021969446928],[31.112821953282133,3.52085516914431],[31.11269762573996,3.525475735315955],[31.116128933758432,3.529587486571082],[31.11612900270917,3.5295875298691284],[31.1194609681159,3.531558847375861],[31.119401898866723,3.531642765451075],[31.1194398373473,3.531666589156887],[31.11799046328629,3.533648007103149],[31.11799041624231,3.5336480204135077],[31.117990402705992,3.533648039644186],[31.113625192981633,3.5348831416847695],[31.111181314370643,3.5374292374668377],[31.11018061710995,3.53847180596335],[31.117819685569685,3.54524106701827],[31.127603585051023,3.548987001459429],[31.128813532151923,3.545175945715743],[31.130976798454853,3.543248012150819],[31.1345678252495,3.542781196238744],[31.135255716088615,3.541761216219055],[31.13705542935345,3.542023691193298],[31.14110009087668,3.539643874929096],[31.14707460115729,3.5488830994928],[31.145563312660293,3.550527536355955],[31.150140220058553,3.555111408628564],[31.15245899959415,3.556581319535189],[31.155343325485628,3.554772219814948],[31.15791252812671,3.550086926809477],[31.160708109785375,3.553081812860323],[31.162199612525473,3.559310210914839],[31.16357941604984,3.559898834469725],[31.16603414922952,3.56321822564674],[31.169489126136526,3.563738670933282],[31.16785770253956,3.578714106173174],[31.162606943707686,3.579460863390332],[31.164512901970276,3.583765528408979],[31.169457654982782,3.588973146743346],[31.16717654328614,3.590424948832842],[31.164068766802203,3.590907719249246],[31.16158454576749,3.594048580566877],[31.160296016890815,3.600021015088408],[31.16137109831939,3.604015385953907],[31.160393202717632,3.606245383195645],[31.158938394644945,3.607310598878123],[31.1573796510976,3.606487596375317],[31.155128604467816,3.604194822704212],[31.15533726462962,3.602657941847064],[31.153574062599255,3.599438435444046],[31.150931009633624,3.5969769980322],[31.14648969458505,3.594748412914353],[31.145204783266113,3.593060041978249],[31.1438602111739,3.593096302228164],[31.14194379834889,3.589707541469403],[31.136716305800356,3.592171971613719],[31.134638565261156,3.594121169215773],[31.142694719028416,3.601999384058258],[31.145445099439605,3.608527580079958],[31.146986534506915,3.616025185152278],[31.143687820113186,3.616123456337886],[31.13680256207267,3.612761500903842],[31.130410963209943,3.601233780007528],[31.12665717447607,3.599225843381686],[31.125051100996604,3.594827784005266],[31.121645602629254,3.590816303944462],[31.119460375885467,3.589491855679519],[31.118515215480603,3.590054350399646],[31.11671224617754,3.587683621178086],[31.117679257055816,3.585628661800893],[31.121652022887066,3.583451499410319],[31.109228696177155,3.58200844868375],[31.104833856629963,3.583321595882339],[31.097716989984136,3.578184184484181],[31.09389527220245,3.578724621285935],[31.09590690256735,3.580618315193621],[31.09409102492781,3.5831578119560596],[31.0996,3.591],[31.09990606018531,3.640241683148054],[31.100041290074742,3.640807043748377],[31.10036612585838,3.709964159418982]]]}},{"type":"Feature","properties":{"n":"Kerwa","c":"313303","d":"Yumbe","od":"Yumbe","dc":"313","k":"KERWA","a":["KERWA"],"lat":3.694596,"lon":31.309515},"geometry":{"type":"Polygon","coordinates":[[[31.197028049793513,3.707136582194044],[31.19935918210967,3.711275547876768],[31.199359140352858,3.711275648690153],[31.19935946634523,3.711276227492781],[31.19660022518358,3.717939289755277],[31.2045936565093,3.724197164101056],[31.204927173939996,3.7244582610377486],[31.21135160658871,3.728265011095436],[31.21872828399039,3.726599961924729],[31.22415357137169,3.729027086300027],[31.224153853250375,3.7290273001397614],[31.224153918664072,3.729027329404672],[31.231053687858243,3.7342616544959757],[31.23329092927768,3.734642420607921],[31.233347927292517,3.7346243077387338],[31.235689010560876,3.733878522186369],[31.239448583416245,3.738351873594189],[31.246575065082624,3.744425448751804],[31.266038197489177,3.7557040184693777],[31.26693454068353,3.756223433505149],[31.266934542957767,3.7562234361379896],[31.26693513284825,3.756223777969963],[31.269494261169044,3.759185882037209],[31.272128561353007,3.760493565668037],[31.274425011674822,3.7608512766121214],[31.276891676143197,3.761235318691771],[31.276892226943048,3.7612355870822722],[31.27689224141228,3.7612355893361],[31.27843124433566,3.7619855103991013],[31.28447568522336,3.764930809900346],[31.284476168095306,3.7649313634106076],[31.287143925199498,3.767359269344623],[31.28908273823662,3.770211818930133],[31.290457990875396,3.771788254361354],[31.290493847774858,3.772287965444183],[31.29056588787583,3.772393957077325],[31.291161341044464,3.7815903253673504],[31.29116147820619,3.781592236888899],[31.291161473189696,3.7815923662604156],[31.291161473189735,3.781592366261],[31.29072737786677,3.7927876151290443],[31.3523,3.7507],[31.355480383214623,3.749155242438612],[31.356427809285453,3.748506168025338],[31.40687130741422,3.723356152497673],[31.4158490085865,3.719637250108126],[31.425165941874862,3.7141972997329877],[31.42787421048631,3.712576968085113],[31.424113120190004,3.706999142791287],[31.418863039470967,3.6992131227308818],[31.418841074198017,3.6991869889723583],[31.40717256416855,3.685305494191421],[31.408904521348315,3.682403099513042],[31.41227681602112,3.6815703379034845],[31.412865812917335,3.675526619362989],[31.412923671566922,3.674932732314776],[31.416909795988538,3.673228896978479],[31.417203487994694,3.6729040868268346],[31.417676160919882,3.67238006342496],[31.41781190076635,3.669822032475112],[31.42150529408189,3.666964269185335],[31.424919745524985,3.665491869977025],[31.430550732865655,3.657784784076834],[31.435975675692625,3.655154395721521],[31.435927523598217,3.65017329043794],[31.43591455720686,3.648834769016108],[31.435914583556794,3.648834704661163],[31.435914581060484,3.648834446429815],[31.437103173185736,3.645931775796153],[31.436882102232445,3.6446994593261395],[31.43678901516208,3.644180931786449],[31.4367890676648,3.644180856460042],[31.436788742319735,3.644179042888077],[31.43944440162173,3.640371034700086],[31.44065203739797,3.637672640103168],[31.44057724778768,3.635933957830654],[31.43954588192684,3.6352254447321593],[31.438407832770395,3.634443924919996],[31.4378385599942,3.632683229396093],[31.395923481188536,3.629759334881881],[31.39632700749655,3.623792704071698],[31.395643079902243,3.622423212747147],[31.395643480917652,3.6224224886669836],[31.39564334683138,3.622422220190066],[31.396125157636252,3.6215527650875985],[31.3968624548682,3.620221488812718],[31.396297550797776,3.616505092923408],[31.3962975510505,3.6165050921124866],[31.39629743154582,3.616504306078806],[31.397011269339174,3.614214076519588],[31.397913305620243,3.613197480111516],[31.398646622429652,3.612370572560501],[31.397095337562565,3.610851722985479],[31.395852026932936,3.609635277173009],[31.395852212353752,3.609634589862377],[31.39585132800619,3.60963372400534],[31.396693546114843,3.6065159667949866],[31.396951474117575,3.6055598893662157],[31.395866274713185,3.604626514017937],[31.395048886263094,3.603924504757511],[31.395049411228488,3.6039239332420503],[31.395048215843207,3.603922905096302],[31.396416346179784,3.602435427002983],[31.397665104622593,3.597765679888102],[31.39682158821052,3.5955497741861784],[31.39679019419223,3.595467338133833],[31.39336461821535,3.596169191598625],[31.393358467900978,3.59617135560426],[31.39335653271193,3.596176333143096],[31.39282346314252,3.597883576997302],[31.39263942207476,3.5980208278950108],[31.39260967886245,3.598097331012062],[31.392358680227414,3.598230194592574],[31.390717641898576,3.599454019179937],[31.38836197691727,3.600346316109406],[31.381366361952725,3.599668211274461],[31.380967525753462,3.599779643897651],[31.37893986406773,3.600346293413354],[31.378939713837685,3.6003462033060716],[31.378939314822933,3.600346314788581],[31.37687703182218,3.5994678148159203],[31.376725435804296,3.5995727661238033],[31.37592923937901,3.6029510733349017],[31.376154905336477,3.606879008711346],[31.37588840517536,3.607320605932887],[31.375905558020865,3.60748456365731],[31.3736575457881,3.6110171939684754],[31.37365747217767,3.611017315942742],[31.373657464962676,3.6110173209812833],[31.373656905543335,3.611018200078687],[31.3728793968928,3.611560679425899],[31.371766251033975,3.6123380371223495],[31.37208645670517,3.614052017298843],[31.371854632231194,3.614571305684958],[31.371872394228898,3.615015244060108],[31.37146621808027,3.61544135600416],[31.371194163380345,3.616050760367891],[31.37052661448713,3.6164270768916675],[31.3704091135779,3.616550344939358],[31.367961658201263,3.617873016571813],[31.36786983919534,3.617924777588087],[31.36558245646099,3.616028593480113],[31.357530906081813,3.613630271604654],[31.3472520422633,3.623680761170788],[31.34725195808461,3.623680804747201],[31.347251734690243,3.623681023177726],[31.33957406978043,3.627655383434688],[31.338624623063538,3.628146879342984],[31.337495336731468,3.631820551817202],[31.337287018110747,3.631239509730724],[31.33156920581562,3.634068233394151],[31.32957029867142,3.633883902658542],[31.326336544268656,3.635152793599663],[31.323240621010882,3.633391295149058],[31.322315565973216,3.642971331826652],[31.315798971115242,3.6463344875377],[31.307772919315955,3.65425339033049],[31.30453668893558,3.65627595251449],[31.299312089295938,3.657961040266084],[31.300669885684762,3.673153599856544],[31.297760523905634,3.674316838574882],[31.29431064457085,3.674441706006354],[31.29304305519559,3.676054101861711],[31.287761052507737,3.678825894908458],[31.2840499158227,3.678725210922448],[31.281083816543497,3.68151909489744],[31.273765069926533,3.682106086687537],[31.26617486937339,3.687495367732149],[31.260339617100662,3.690139121977169],[31.25931980270008,3.688611597254725],[31.258784491545757,3.684697871650283],[31.257107155127333,3.683496470712897],[31.25508934763343,3.677510115138973],[31.25280512804666,3.674288384686437],[31.249558038022368,3.671717288636828],[31.247376275251135,3.67282422167125],[31.24033379491024,3.673204855610754],[31.23714483490536,3.676203105758527],[31.226485322437874,3.678867944020826],[31.2185857528758,3.679724456892469],[31.215206682896365,3.678915562408642],[31.209591159033142,3.680152881794398],[31.20951230865522,3.680538627158847],[31.206926152853793,3.693192318752107],[31.201168087701994,3.695999999326102],[31.19650430733845,3.699616758440348],[31.193220859473033,3.704185000469901],[31.193317177745204,3.705708351213961],[31.197027596349077,3.707135969602251],[31.197027911378942,3.7071365289408464],[31.197028049793513,3.707136582194044]]]}},{"type":"Feature","properties":{"n":"Lobe Town Council","c":"313304","d":"Yumbe","od":"Yumbe","dc":"313","k":"LOBETOWNCOUNCIL","a":["LOBE","LOBETOWNCOUNCIL"],"lat":3.575971,"lon":31.130579},"geometry":{"type":"Polygon","coordinates":[[[31.09297594244236,3.577551918045979],[31.093895264127823,3.578724608860064],[31.093895714370806,3.578724558758018],[31.097716989984136,3.578184184484181],[31.097855203096383,3.578283955584802],[31.098109681801077,3.578255637755765],[31.10478147130255,3.583283780788768],[31.104833856629963,3.583321595882339],[31.109228696177155,3.58200844868375],[31.121652022887066,3.583451499410319],[31.11767928168767,3.5856286483020985],[31.117604958445774,3.5857865510541016],[31.11671224617754,3.587683621178086],[31.118515215480603,3.590054350399646],[31.119443302108728,3.5895020168217115],[31.119460084708376,3.58949195424772],[31.11946014691531,3.5894919919468697],[31.119460375885467,3.589491855679519],[31.121645602629254,3.590816303944462],[31.125051100996604,3.594827784005266],[31.12505115766335,3.5948279391810467],[31.125051276278718,3.594828078895053],[31.12561262504816,3.596365457188718],[31.12665714480745,3.5992257621373627],[31.13041077359329,3.601233617408736],[31.130410821810358,3.601233704371571],[31.130410963209943,3.601233780007528],[31.13680256207267,3.612761500903842],[31.14368766379566,3.6161233800106727],[31.14402823220566,3.616113315205333],[31.146986534506915,3.616025185152278],[31.146983566619404,3.616010749222461],[31.1450874938069,3.607678781252253],[31.142694757375246,3.6019994750768025],[31.14269470903504,3.6019993742856085],[31.134638565261156,3.594121169215773],[31.134653660482325,3.594107007886026],[31.13537170922366,3.593141848328911],[31.136072551827343,3.5927758986569835],[31.136716305800356,3.592171971613719],[31.14194379834889,3.589707541469403],[31.143860106563384,3.5930961172471374],[31.14520464085478,3.593059957648717],[31.145204706611658,3.5930600440454565],[31.145204783266113,3.593060041978249],[31.14608596116346,3.594217907995534],[31.146489752573416,3.594748442012043],[31.1495908615468,3.596304531870861],[31.150930898940395,3.596976930232413],[31.15093092747594,3.5969769568067105],[31.150931009633624,3.5969769980322],[31.153174362616777,3.5990662005690064],[31.153573978373096,3.59943835071991],[31.15357398539875,3.5994383635483196],[31.153574062599255,3.599438435444046],[31.15533726462962,3.602657941847064],[31.155337258004003,3.6026579906478484],[31.15533730128019,3.602658069667498],[31.15512892457055,3.604195148740604],[31.15513107640459,3.6041973404626098],[31.15893862665573,3.6073104289989955],[31.16028659396212,3.6063234425083426],[31.161367591134958,3.604023383752029],[31.16137104826525,3.6040155000975798],[31.161370448298733,3.6040129708591095],[31.160296016890815,3.600021015088408],[31.160356741088343,3.5997395535704144],[31.160307903141494,3.599533670723504],[31.160860841255992,3.597403008927853],[31.16158454576749,3.594048580566877],[31.161803062527007,3.5937723044917482],[31.161856514897323,3.593566334021757],[31.164060317527216,3.590918401873937],[31.164068766802203,3.590907719249246],[31.164069273956905,3.5909076404664613],[31.164069608853602,3.590907238078461],[31.165735460989673,3.590648810459936],[31.16717654328614,3.590424948832842],[31.169457654982782,3.588973146743346],[31.16454460993589,3.5837989219844837],[31.164513009154383,3.583765658157966],[31.16451299514202,3.583765626533775],[31.164512901970276,3.583765528408979],[31.164445045734805,3.583612273026183],[31.16260774296088,3.579465705212838],[31.162609007614403,3.579465524786761],[31.162606943707686,3.579460863390332],[31.16785770253956,3.578714106173174],[31.169489126136526,3.563738670933282],[31.16603414922952,3.56321822564674],[31.166033679430427,3.563217590365082],[31.16603358524616,3.563217576168567],[31.16394756415241,3.56039665947719],[31.163579446434728,3.5598988755574243],[31.163555888737072,3.559888797728818],[31.162199612525473,3.559310210914839],[31.160708109785375,3.553081812860323],[31.15791252812671,3.550086926809477],[31.155343325485628,3.554772219814948],[31.15245899959415,3.556581319535189],[31.15245843380911,3.5565809608751326],[31.15245841947685,3.556580969861038],[31.151463085010516,3.555949993578548],[31.150140220058553,3.555111408628564],[31.149351872863022,3.554321861771628],[31.145563519475782,3.550527881048435],[31.145563585373647,3.550527809484308],[31.145563312660293,3.550527536355955],[31.14707460115729,3.5488830994928],[31.14110009087668,3.539643874929096],[31.137174972150532,3.541953354060974],[31.137055924023368,3.542023499294316],[31.137055788952352,3.5420234796108665],[31.13705542935345,3.542023691193298],[31.135255833626434,3.541761233361083],[31.13488236111619,3.5423148136657296],[31.1345678252495,3.542781196238744],[31.134567706030268,3.542781211736661],[31.134567688434082,3.542781237818642],[31.132591355245665,3.543038127668191],[31.130976798454853,3.543248012150819],[31.128813654757415,3.5451758364479935],[31.128790977399724,3.5452469880099544],[31.127603585051023,3.548987001459429],[31.117819685569685,3.54524106701827],[31.11781918983236,3.5452406277270954],[31.11781890583105,3.545240519002696],[31.113373728254,3.541876865849842],[31.106475728529443,3.53479387552535],[31.106461036376867,3.534779290283504],[31.10643628210058,3.5348130648267606],[31.101939164154874,3.543355897999844],[31.101934728325453,3.543364826903199],[31.101695415177947,3.546217532795739],[31.103856454915753,3.549720881137522],[31.10602450168983,3.550837552494426],[31.106428099102875,3.5523725741298304],[31.106501806701687,3.552652668826833],[31.106501789578946,3.552652844695091],[31.106502059509577,3.552653871335369],[31.10621560433843,3.555592262909529],[31.106203501260502,3.555716574029296],[31.10620348350405,3.555716595654055],[31.106203464224055,3.555716793423823],[31.104059386152805,3.558328579998722],[31.10412957459285,3.5598835441374086],[31.10412965977489,3.559885404162116],[31.104129658559856,3.5598854043537203],[31.10412975556881,3.559887553503128],[31.09000955200389,3.562112081273198],[31.090007282157448,3.5621147852201434],[31.08938894225038,3.5660488641358317],[31.08941757485129,3.566263913244781],[31.09302548573496,3.574390937994354],[31.09297594244236,3.577551918045979]]]}},{"type":"Feature","properties":{"n":"Midigo","c":"313305","d":"Yumbe","od":"Yumbe","dc":"313","k":"MIDIGO","a":["MIDIGO"],"lat":3.57899,"lon":31.215295},"geometry":{"type":"Polygon","coordinates":[[[31.191036507193225,3.621311494794159],[31.192838023573813,3.6220869119900714],[31.19283828779392,3.622086975884666],[31.192838303451378,3.622087032456295],[31.192838333448208,3.622087045367673],[31.192994081424704,3.622649870518564],[31.194073382813944,3.626549471274347],[31.196619467207896,3.626820700196796],[31.196572697029122,3.6269044514749185],[31.196843587995346,3.626942905130408],[31.19734301950651,3.628606118836043],[31.198524540154494,3.629422964419942],[31.20025355026683,3.628473694694257],[31.203428552711017,3.62956425791945],[31.204707078951017,3.628709200121359],[31.209761611073905,3.628763433753174],[31.213558603625156,3.616738884412791],[31.210254493362587,3.613955089194095],[31.208545853806214,3.607527139828646],[31.206528385982313,3.604203384582842],[31.199228506916803,3.596791304084581],[31.20057509541433,3.594948347398474],[31.20089648343002,3.590479627123735],[31.20203678653983,3.588210279421784],[31.205315646979525,3.584223097297939],[31.20989368878008,3.586134870383194],[31.214508746682927,3.588791129205174],[31.217036093470856,3.594748523718632],[31.220809510308957,3.591743688693891],[31.22204647002524,3.589440720313575],[31.22773658773275,3.58495099832969],[31.2320117408747,3.583110000405816],[31.236906570715945,3.582633671475764],[31.239179888934284,3.583183000223388],[31.24106320976825,3.582325171381572],[31.239420578164665,3.577405281840851],[31.23903392201583,3.57296164434388],[31.241176037196606,3.569061089552884],[31.24298914058258,3.569048445917935],[31.252240807908994,3.572603429912315],[31.254356621920824,3.574641238519812],[31.258684876037478,3.573399067403736],[31.25975176893414,3.578291437357622],[31.258637070493084,3.582858636949608],[31.2530536874183,3.586177165947026],[31.254771403026112,3.590813742915085],[31.252047215628455,3.601119974625804],[31.25216442968398,3.607198872913044],[31.246034818993227,3.609781173385364],[31.246587852032896,3.613392859871197],[31.2480611814398,3.616006633226009],[31.257584371967315,3.615755941828712],[31.261495211466052,3.616367540474092],[31.264113227434148,3.612407857484374],[31.26760106968086,3.619991835714578],[31.2678866386994,3.626844672243271],[31.26917154461123,3.628415112860427],[31.271408128522328,3.628082044331821],[31.272788545843028,3.625893196707536],[31.275738562125866,3.62513153710289],[31.290933083196197,3.623399063630126],[31.290235736007133,3.619551757643529],[31.304234732632253,3.627654934529933],[31.307489371664595,3.630053135514012],[31.312079935628166,3.635587486774436],[31.315781055681718,3.63252837577017],[31.319372016451293,3.632237208019155],[31.320897386588594,3.633695909819498],[31.323240526181433,3.6333922772199387],[31.323240621010882,3.633391295149058],[31.323242009275894,3.633392085035133],[31.323371941449114,3.63337524794884],[31.326326876167602,3.6351472927058723],[31.326336544268656,3.635152793599663],[31.32957029867142,3.633883902658542],[31.32957127127774,3.6338839923481703],[31.32957167739934,3.633883833039564],[31.330449298946256,3.6339649603343482],[31.33156920581562,3.634068233394151],[31.333625279470603,3.633051049915331],[31.33728194478122,3.631241771942257],[31.33728202097142,3.631241981922104],[31.337287018110747,3.631239509730724],[31.337495336731468,3.631820551817202],[31.337496530852682,3.631816667230883],[31.339129579631688,3.6248951925312873],[31.339138413802893,3.624838304495238],[31.3202818389132,3.623371630880671],[31.320281803036593,3.623371618167586],[31.320281494118436,3.623371594140245],[31.313461037783647,3.620955210023731],[31.30941421285719,3.606474587220607],[31.318565379169733,3.60561307977019],[31.318565502667937,3.6056130912130544],[31.31856551163728,3.605613090367418],[31.325370203094902,3.606243578567535],[31.3253702245477,3.606243590326073],[31.32537035461151,3.606243602377281],[31.327124407279662,3.6071969309843763],[31.326184574145444,3.5986165052243657],[31.32610626676964,3.597902370982257],[31.323774433964577,3.595094064332176],[31.32263193026323,3.591286900153015],[31.318063725783276,3.587908091930359],[31.31677230180161,3.585487930722727],[31.31430205034337,3.585195700941173],[31.313646380653463,3.584277509974559],[31.3126843725598,3.5829309744004787],[31.310152405590298,3.583539601671305],[31.310152300571172,3.5835395632748783],[31.310152269780342,3.583539570682736],[31.309550718850897,3.583319616782849],[31.306700633379734,3.582277586614312],[31.306699006963463,3.5822778663818844],[31.3047502272577,3.582707890776351],[31.304570198738634,3.5826440527752674],[31.304464762316474,3.582662189394016],[31.304302482307143,3.5825491206948814],[31.303083936901242,3.582117025250523],[31.30127079737955,3.5804367923041953],[31.30082093554857,3.580123350788943],[31.300726559191027,3.579932447809982],[31.300463432313204,3.579688608632745],[31.29895979288903,3.5763587000400987],[31.296569959919612,3.575725582045202],[31.295780856780382,3.572365778680023],[31.295699062582223,3.57201799005318],[31.29569915377205,3.5720179077507406],[31.29569903985912,3.572017422738037],[31.296702328568475,3.5711125026680897],[31.297597330154733,3.5703047282023976],[31.297497606712472,3.5683994810129835],[31.29748366944906,3.568134497129108],[31.293671735170456,3.565821300845978],[31.29396420887663,3.564630619975995],[31.29263950423352,3.563200423057985],[31.29197304591517,3.562481466037074],[31.29197307324858,3.5624809211330226],[31.29197282670228,3.562480654953117],[31.29209980096116,3.5599250268836595],[31.28849057973493,3.559981421160885],[31.28844643839368,3.559982122393421],[31.2858520038246,3.561096815585302],[31.28585029940369,3.5610956886893335],[31.28584991318531,3.561095854352493],[31.284486728671578,3.5601941494313785],[31.28413904831685,3.559964276875724],[31.281177778590003,3.555464555970889],[31.277009228096805,3.559904311327512],[31.27652845538588,3.556700930291325],[31.273626775605813,3.554969406182875],[31.271699223513593,3.554964552467415],[31.270595341052626,3.552425178798428],[31.2687355022952,3.552258960659003],[31.268710453861637,3.552256869855544],[31.26687005247705,3.553732064160855],[31.266869710807008,3.553731455749999],[31.266869027008767,3.553732003545098],[31.265731359339156,3.5517047744327472],[31.264734436857598,3.5521329261367316],[31.263726703297987,3.552565876646831],[31.26372649320566,3.552565811140411],[31.263726390849957,3.552565855099463],[31.260305866311448,3.5514994190264297],[31.25948702247149,3.552641453743648],[31.259484110663372,3.5526406901350076],[31.257436588821452,3.5525444969687525],[31.256582765989986,3.5530889851805987],[31.255774794390383,3.554021466680353],[31.25551355363579,3.553770828651357],[31.25526858964494,3.553927043735365],[31.254716141842028,3.5530057806380864],[31.254375908458748,3.552679355977751],[31.254433575644573,3.552534572663536],[31.25430932404833,3.552327370444986],[31.254955801436886,3.5495783690289078],[31.25491546154147,3.54945529822844],[31.251092284756048,3.551423169391225],[31.25066600762032,3.551138212214988],[31.250289675085146,3.551298047321363],[31.250033479965772,3.5507153809645513],[31.24976527595116,3.550536092299376],[31.249214264090504,3.548852232553879],[31.248646957298533,3.547562002738105],[31.24872506974775,3.5473572834968587],[31.248706379005338,3.547300165690501],[31.24933697118403,3.545753382154142],[31.251027960250926,3.5450774779390937],[31.249671092283464,3.5429640614438935],[31.249658200845438,3.542945610511517],[31.24965850932984,3.542944462616015],[31.249658300152007,3.542944136806952],[31.249658954218663,3.542942807148581],[31.250074468609792,3.5413966443631306],[31.2476268449802,3.5401004018277598],[31.247619117471626,3.54009754028419],[31.2476195658515,3.5400965468575225],[31.2476195251676,3.540096525311644],[31.249264921703322,3.53645074327008],[31.24926523719251,3.536450411311439],[31.249265517945982,3.536449789276414],[31.25132342490783,3.53428451631249],[31.250780830915176,3.5337098169394143],[31.2497058117729,3.53257227908647],[31.249706403548775,3.5325718155198578],[31.249705790684203,3.532571166391985],[31.251589558218345,3.5310961007217507],[31.251546759155733,3.530325687878141],[31.24584329520197,3.528329548846853],[31.24335712929905,3.52910240468811],[31.24330751406301,3.529117853059156],[31.243307444143266,3.5291178499417137],[31.24330740107391,3.529117863330363],[31.238762519250226,3.528915614015451],[31.23876240253837,3.5289152046848886],[31.23876140226442,3.528915160086667],[31.237945617384177,3.5260505845919443],[31.237941881162044,3.526037480953929],[31.237936583373262,3.526034335004966],[31.233515260489373,3.5241475809893186],[31.22838949073285,3.522356365971716],[31.227275063322253,3.521484641101713],[31.226390791861128,3.521107287360759],[31.224690210764056,3.5227514264178676],[31.21929124622925,3.53020774852473],[31.21923767138546,3.531953435736884],[31.219247255016928,3.5319664955103938],[31.220802467651957,3.534081294474744],[31.219911469944872,3.534065630449732],[31.217796431490623,3.543807038328428],[31.217004530781445,3.54745482418484],[31.21455012165415,3.552962081433759],[31.214400287180492,3.5529124531871816],[31.21439604941905,3.5529213341003802],[31.21457417357627,3.552980487333961],[31.21197205449304,3.5608196882233245],[31.211971873235253,3.560820304676017],[31.211971820184456,3.560820394106486],[31.211971743369816,3.560820625519955],[31.21115213695583,3.5622021764876717],[31.20947353808619,3.5650318773552034],[31.209174907959156,3.5688881173374987],[31.209163956404605,3.569029628217808],[31.209163948066365,3.5690296435029722],[31.209163930416093,3.569029871422666],[31.20773066895738,3.571719690627527],[31.20061412093231,3.569840746641292],[31.20033468305195,3.5667741246955047],[31.200201770870773,3.5653158011963435],[31.19551897537896,3.562993198445761],[31.193928572279333,3.560868875867486],[31.192854270629585,3.559433930226863],[31.19157319398104,3.558892690754242],[31.190413387901714,3.573867771247998],[31.19011389653027,3.5777377850587477],[31.194549073316338,3.588292595729482],[31.19453856351782,3.589920228273488],[31.19373355848955,3.592531919832669],[31.188555025475317,3.5975235523468756],[31.19012502645693,3.603827347698598],[31.190124956514826,3.6038274763009968],[31.19012505832812,3.603827884856117],[31.18727560620752,3.609067064586991],[31.190435999540718,3.6206164903598648],[31.191036507193225,3.621311494794159]]]}},{"type":"Feature","properties":{"n":"Midigo Town Council","c":"313306","d":"Yumbe","od":"Yumbe","dc":"313","k":"MIDIGOTOWNCOUNCIL","a":["MIDIGO","MIDIGOTOWNCOUNCIL"],"lat":3.602662,"lon":31.228543},"geometry":{"type":"MultiPolygon","coordinates":[[[[31.20652836920564,3.604203367548306],[31.206528385982313,3.604203384582842],[31.208545853806214,3.607527139828646],[31.20854586147142,3.6075271686653703],[31.20854587039465,3.607527183366314],[31.210254511526706,3.613955104497818],[31.213558603625156,3.616738884412791],[31.209782595418083,3.6286969792425214],[31.20976162271539,3.628763434643875],[31.212928242379444,3.628897616485761],[31.217831761655308,3.63268546510047],[31.21981463291329,3.631026386444105],[31.221522461160852,3.631227782754667],[31.224807059814257,3.632996676391867],[31.22518990650685,3.635383689549928],[31.227053961173038,3.635307444521803],[31.22866995382719,3.636539192186838],[31.227750764783774,3.637251714621532],[31.22779717057178,3.638471089478339],[31.229969252091927,3.639165831712823],[31.230799211837727,3.636585505008169],[31.235421379319096,3.633612818619273],[31.23875598187025,3.630116032103405],[31.239244266333394,3.627750136174956],[31.24309983276686,3.63279723391377],[31.24492946990654,3.632212382035739],[31.242925840321746,3.626408016580396],[31.244612199020953,3.625086711223338],[31.24577735218456,3.624622806658565],[31.253092913560334,3.627464192497528],[31.25391168073446,3.626030710378231],[31.251498032891597,3.621449162464974],[31.24852353276437,3.617879520290693],[31.246644674766102,3.6134936667547843],[31.246587852032896,3.613392859871197],[31.24658026559675,3.613343315220286],[31.246205060719554,3.612467467423979],[31.24601056779494,3.610005362642866],[31.246065327010232,3.6099804117397127],[31.246034818993227,3.609781173385364],[31.25216442968398,3.607198872913044],[31.252047215628455,3.601119974625804],[31.252047219496543,3.601119959991929],[31.25204721934787,3.601119952359345],[31.254771391253424,3.5908137111374305],[31.2530536874183,3.586177165947026],[31.258637070493084,3.582858636949608],[31.259742558080266,3.5783291765402723],[31.259479133505376,3.577041233720297],[31.25873682360435,3.5736372794268387],[31.2574618362365,3.5737500691410733],[31.254357136514248,3.574641090835996],[31.254356904597305,3.574641310097679],[31.254356792795324,3.5746411894803236],[31.254356621920824,3.574641238519812],[31.252301576997542,3.5726619585783603],[31.251759414013595,3.572418452704126],[31.243857050364014,3.5693819431431058],[31.24118964062362,3.569060994689697],[31.241176037196606,3.569061089552884],[31.241169781602355,3.569072480298045],[31.239058661018255,3.5732459567986092],[31.239097289036167,3.573689888465882],[31.240513717015414,3.5806793710441913],[31.24106320976825,3.582325171381572],[31.240865491097924,3.582415229737488],[31.240874398157693,3.582459182370434],[31.239180145375467,3.58318292732154],[31.239180070522124,3.583182917512422],[31.239179888934284,3.583183000223388],[31.239178925917813,3.5831827675183368],[31.23887782417583,3.58314330979493],[31.238728270450913,3.583114384532987],[31.23858018610238,3.583079511782611],[31.23857999130505,3.583079461753829],[31.238433413965588,3.583038657709187],[31.238108397184263,3.5829240830087277],[31.236906586246747,3.582633675228655],[31.235658037430902,3.5827551695754094],[31.23201184138025,3.583109990625353],[31.227736503777642,3.584951064573503],[31.222046701604857,3.5894405375883416],[31.221300868614307,3.590828879079857],[31.220809510308957,3.591743688693891],[31.217036093470856,3.594748523718632],[31.21700483339831,3.5946748383084732],[31.214113036752746,3.5885633730176854],[31.21172539837446,3.587189135545582],[31.20535289329456,3.5842386512193998],[31.205315646979525,3.584223097297939],[31.20530649859941,3.584234221973213],[31.200896870351148,3.5904788571016604],[31.20089648343002,3.590479627123735],[31.20057509541433,3.594948347398474],[31.20057501960853,3.5949484511471734],[31.200575018336323,3.594948468836132],[31.200571442740966,3.5949533464897385],[31.199228514715557,3.596791293411118],[31.20652835062116,3.604203336930534],[31.20652836920564,3.604203367548306]]],[[[31.23865647528291,3.583097471167749],[31.238656473917217,3.583097476967055],[31.238656475282912,3.58309747116775],[31.23865647528291,3.583097471167749]]]]}},{"type":"Feature","properties":{"n":"Wandi","c":"313307","d":"Yumbe","od":"Yumbe","dc":"313","k":"WANDI","a":["WANDI"],"lat":3.651926,"lon":31.250108},"geometry":{"type":"Polygon","coordinates":[[[31.209591157445644,3.680152870625118],[31.215206231112454,3.67891564669787],[31.21520626429911,3.6789156546419783],[31.215206682896365,3.678915562408642],[31.2185857528758,3.679724456892469],[31.226485322437874,3.678867944020826],[31.23153226770526,3.677606226573872],[31.237144865492876,3.676203077000241],[31.24033379491024,3.673204855610754],[31.240335319856797,3.6732047731900175],[31.240335574204853,3.673204534136033],[31.24737635951496,3.6728241789193934],[31.249558038022368,3.671717288636828],[31.25280512804666,3.674288384686437],[31.25280515416453,3.674288421523847],[31.25280518643544,3.674288447068952],[31.25305586696293,3.6746420342247155],[31.25508934763343,3.677510115138973],[31.25710710605769,3.6834963251349215],[31.257531419309778,3.683800352141148],[31.258784491545757,3.684697871650283],[31.259245888182402,3.6880711991366533],[31.259319819106842,3.688611621829527],[31.260339617100662,3.690139121977169],[31.266174854942882,3.687495374270121],[31.26643110852882,3.687313429875095],[31.273765069926533,3.682106086687537],[31.281083816543497,3.68151909489744],[31.28368145098098,3.679072282250725],[31.284049756906427,3.678725284469122],[31.28404983548089,3.6787252865995144],[31.2840499158227,3.678725210922448],[31.287761052507737,3.678825894908458],[31.289441704888763,3.6779439528006974],[31.29304310251233,3.6760540416739897],[31.29431064457085,3.674441706006354],[31.294310889795543,3.674441697130514],[31.294311007629503,3.674441547253942],[31.29773504416949,3.6743177608069075],[31.297760523905634,3.674316838574882],[31.300669885684762,3.673153599856544],[31.299312089295938,3.657961040266084],[31.30444874330445,3.6563043175790004],[31.30453678062394,3.656275895211582],[31.307772919315955,3.65425339033049],[31.313654477052072,3.648450352280494],[31.31579886229604,3.646334578601209],[31.315798896937615,3.646334560725046],[31.315798971115242,3.6463344875377],[31.322315565973216,3.642971331826652],[31.323093290357487,3.6349170779466267],[31.323240514548697,3.633392278727351],[31.323234705166833,3.633393031528304],[31.321492683756105,3.63390501703093],[31.321215888045565,3.633654637235637],[31.320897386588594,3.633695909819498],[31.319458059596716,3.632319490534112],[31.31754426173683,3.6323854088110226],[31.315894266705673,3.632519196221478],[31.3120804861439,3.6355870317530607],[31.312079935628166,3.635587486774436],[31.307489371664595,3.630053135514012],[31.30423484162537,3.6276550148421873],[31.304234732624945,3.6276549345257023],[31.30358112750456,3.6272766018461438],[31.29023595101255,3.619552943841224],[31.290933083196197,3.623399063630126],[31.27573856212791,3.6251315371026567],[31.27573855970455,3.6251315377280453],[31.272788545843028,3.625893196707536],[31.271408128522328,3.628082044331821],[31.271407206208668,3.6280821816813082],[31.27140693178504,3.628082616684989],[31.26917240731547,3.628415156372949],[31.26917228188188,3.6284150030672513],[31.26917154461123,3.628415112860427],[31.2678866386994,3.626844672243271],[31.26760106968086,3.619991835714578],[31.267563094108556,3.619909261477194],[31.264111948486377,3.612409791860558],[31.261495211466052,3.616367540474092],[31.257594336884203,3.615757500197362],[31.25758435699961,3.6157559422227266],[31.25675223924302,3.6157778471465556],[31.248061184744664,3.616006644933572],[31.2485236913032,3.617879710550186],[31.251498032891597,3.621449162464974],[31.253285069909815,3.6248412876856984],[31.253610178979326,3.625316612465138],[31.25358677498881,3.625413979463904],[31.25391168073446,3.626030710378231],[31.253092913560334,3.627464192497528],[31.24577735218456,3.624622806658565],[31.244612428802576,3.6250866197360154],[31.244571344828987,3.625118721532133],[31.242925840321746,3.626408016580396],[31.244686544568562,3.6315086454515426],[31.244928242995485,3.632208115875798],[31.24492802174884,3.632208186830904],[31.24492946990654,3.632212382035739],[31.24309983276686,3.63279723391377],[31.239244266333394,3.627750136174956],[31.23875598187025,3.630116032103405],[31.2387559452712,3.6301160704825093],[31.238755943855303,3.630116077356216],[31.237232954110038,3.6317131348625797],[31.235421379319096,3.633612818619273],[31.235421363511122,3.633612828785964],[31.235421352962227,3.633612839847885],[31.234967952302632,3.6339044342575275],[31.230799297343413,3.636585450016308],[31.230767292874486,3.636684740367061],[31.229969252091927,3.639165831712823],[31.229967715834587,3.6391653403395257],[31.22996750427367,3.639165996684034],[31.229526678345977,3.6390242741007652],[31.22779717057178,3.638471089478339],[31.227750764783774,3.637251714621532],[31.22866995382719,3.636539192186838],[31.227053961173038,3.635307444521803],[31.22518990650685,3.635383689549928],[31.225114844416513,3.634915684469134],[31.224806277602717,3.6329962551382646],[31.221522622393806,3.63122786958535],[31.219814534297296,3.6310264689566187],[31.21980943657106,3.6310307342505737],[31.217896750568688,3.632693954737748],[31.217856822516676,3.6326644965479034],[31.217831761655308,3.63268546510047],[31.216694437950185,3.631806910377105],[31.21274034782602,3.628889654671608],[31.20985183779605,3.628767257403465],[31.205160549581016,3.628714065726837],[31.204707078951017,3.628709200121359],[31.203465196161858,3.6295397513685397],[31.203428639122855,3.629564257654724],[31.203428582294027,3.6295642381348086],[31.203428552711017,3.62956425791945],[31.200253597465267,3.628473710906175],[31.200077376629427,3.6285704184203107],[31.198524540154494,3.629422964419942],[31.198524240832175,3.6294227574831304],[31.19852411120857,3.629422828618739],[31.198523873007957,3.6294225031874574],[31.19734301950651,3.628606118836043],[31.19693726452913,3.6272548680150103],[31.196693307625697,3.6269215724531247],[31.196572707472225,3.626904452957343],[31.196298252823752,3.6273958982381194],[31.1934985783078,3.63240927054465],[31.192984394867604,3.636978001624691],[31.19177398061809,3.6398588082077454],[31.190129136977042,3.6437736074032285],[31.189524104666415,3.648915951158367],[31.18944380861685,3.649598493212091],[31.189443916708715,3.6495992769984573],[31.19269840422911,3.6614181297465427],[31.192698943472212,3.661419769473885],[31.19783849720989,3.665817073731442],[31.20252129188789,3.672384373499742],[31.205946849786724,3.6761484477667263],[31.209591157445644,3.680152870625118]]]}},{"type":"Feature","properties":{"n":"Arafa","c":"313401","d":"Yumbe","od":"Yumbe","dc":"313","k":"ARAFA","a":["ARAFA"],"lat":3.331111,"lon":31.075571},"geometry":{"type":"Polygon","coordinates":[[[31.056051457676222,3.337708101020127],[31.057106665549604,3.337628038607845],[31.05842217939452,3.33934019900692],[31.059957932384364,3.339151073437002],[31.06347306049886,3.340815637745699],[31.06603728557796,3.343085369340299],[31.064015871690465,3.344251583067902],[31.06528863879344,3.345814630937318],[31.06514776539046,3.346783808670081],[31.06392141009286,3.347411370435947],[31.060380052099003,3.346888028638133],[31.059856573245142,3.347535238665249],[31.05920186646826,3.353771845656797],[31.06034239975858,3.354505680105124],[31.065934685992335,3.3529262544375],[31.068052116797514,3.349553557680903],[31.071796022943026,3.352899421214134],[31.07256281600837,3.356923580164058],[31.07803939670751,3.361061158626901],[31.077823806278126,3.36444981614177],[31.078635330026177,3.366075274167442],[31.08552605040469,3.366728127100853],[31.087533471853913,3.363138963739927],[31.087924613549234,3.363703652626411],[31.09051508291966,3.360022231235459],[31.092102308734617,3.345618853858732],[31.094935896517242,3.342155937666659],[31.095195810686942,3.34006754579158],[31.096101352963817,3.339857147216696],[31.096070461684562,3.336121526084853],[31.09876987309609,3.331493758275187],[31.09840644921103,3.328883841530331],[31.103058772566644,3.325846145828476],[31.103894335436532,3.32217634183459],[31.105128903320523,3.321627361578767],[31.10491484946403,3.319807090422161],[31.1061191951573,3.316552255827499],[31.10912340188491,3.31252168224576],[31.108374012486163,3.31003506658144],[31.109207564423865,3.309285656011819],[31.111038825249036,3.3099757844843],[31.11204032583493,3.3096507346312016],[31.0989,3.3006],[31.0948,3.3044],[31.08941165972675,3.302518357364897],[31.089304231047695,3.303320248298624],[31.086107561686074,3.302987495218132],[31.085892445142658,3.304163420140883],[31.083787576212217,3.304183622432666],[31.08466060755653,3.3008592597816446],[31.081933455835827,3.2999069210855265],[31.07888220798681,3.29993352663524],[31.076547003127985,3.301267199809281],[31.075294461775698,3.303234578983941],[31.07026675254202,3.301506513602844],[31.069170468989885,3.29613716438365],[31.067550437543265,3.29708955535364],[31.06728076367899,3.297064780834322],[31.058155888471067,3.3028278599130103],[31.05585924029601,3.3049678178893],[31.051155794588094,3.3117265779463048],[31.046637637370186,3.3208160471729173],[31.04638790136328,3.322533344130264],[31.0505,3.3245],[31.051853189571823,3.3307279327281467],[31.052194823467957,3.330691832514511],[31.056051457676222,3.337708101020127]]]}},{"type":"Feature","properties":{"n":"Ariwa","c":"313402","d":"Yumbe","od":"Yumbe","dc":"313","k":"ARIWA","a":["ARIWA"],"lat":3.269583,"lon":31.379113},"geometry":{"type":"Polygon","coordinates":[[[31.31587052120351,3.336954116177008],[31.321151313498635,3.339413860566561],[31.32671645606329,3.339106465353975],[31.327410340602686,3.340093789586453],[31.330642506711737,3.341222093116589],[31.330915327120106,3.343037826726546],[31.32987369761678,3.34385094801918],[31.330729202257405,3.345444011237287],[31.337791723376668,3.349626758010535],[31.338355894746744,3.346441634573996],[31.339233724936413,3.345465822263463],[31.343045492006855,3.343644504291865],[31.34675319528574,3.344178636405518],[31.348046193235557,3.340979799618476],[31.35139197249433,3.339624257531291],[31.352977196522428,3.341317506658462],[31.355563379776054,3.349610650057433],[31.359371431466073,3.352852170155924],[31.362144896086118,3.3486522376211334],[31.36214946182427,3.348644608650122],[31.36215000836906,3.3486444959527173],[31.362150103029474,3.348644352605887],[31.366553513887425,3.3477364941668672],[31.37581571495857,3.34582663051882],[31.37408253004632,3.343388658769623],[31.374085346185403,3.3433863093070286],[31.374085346054354,3.343386309122846],[31.37408701595456,3.3433849162436653],[31.384164931843614,3.334977062185542],[31.383193895251328,3.332328567463668],[31.3831478986232,3.33220334086779],[31.383147923012245,3.3322031785405977],[31.383147696747884,3.332202561406322],[31.383690045930045,3.328594230933599],[31.381560843964273,3.327000635327626],[31.38157221905614,3.32699978316808],[31.381570507279648,3.32699849500147],[31.385634215200195,3.326695480677135],[31.38599215371355,3.3266686658852556],[31.389477928932493,3.325249123320571],[31.38999603674258,3.325038116697109],[31.397199861296414,3.319220923834581],[31.401396619741835,3.321403623524926],[31.40139692976272,3.321404434161576],[31.401397111469652,3.321404528385647],[31.403471317366975,3.326828313905698],[31.405615631103885,3.3292716421621917],[31.405793777212303,3.329474612422529],[31.405793796348057,3.3294746517162093],[31.405793822714916,3.329474681759805],[31.40809137672505,3.33418961509647],[31.416543506762512,3.337997966071801],[31.416543513371526,3.3379979710399916],[31.416543525256273,3.337997976394909],[31.42150064399065,3.341722475809561],[31.43637018406171,3.330925404071305],[31.436370504049744,3.330915090465944],[31.42830901194423,3.273954218386732],[31.42271892324329,3.271581789777922],[31.42157661479838,3.270297031216311],[31.420719657121744,3.268868308760202],[31.420351261067726,3.26471640578292],[31.43573405755585,3.240934187484756],[31.451048213368804,3.223437606941935],[31.4551394969495,3.216557426767723],[31.460909662550893,3.211233361210622],[31.470887104265557,3.196970847344138],[31.47355029718699,3.191850942731242],[31.476618565973155,3.1887891768755243],[31.476566116359095,3.1887800255105705],[31.46863960338891,3.188099198525288],[31.467272091916588,3.1871584118708625],[31.458208958346052,3.1855770838780866],[31.45498506356025,3.186875887522775],[31.454496293724265,3.189463465303437],[31.450247920718706,3.19316842889075],[31.438420224792818,3.195006385791715],[31.43114855450076,3.19736460287615],[31.428866762113326,3.199256649098626],[31.425368375134305,3.200633278470387],[31.415249286342878,3.202611758926107],[31.40701293987173,3.2020741202565395],[31.3996,3.2169],[31.399399497077642,3.2169932895541526],[31.39862096626147,3.218549568101591],[31.39698461893872,3.218439208107912],[31.393309570637722,3.220929146641955],[31.39180768294782,3.220525591961778],[31.3852,3.2236],[31.384672663642817,3.2235361822242896],[31.378082083920454,3.22329253752816],[31.36797313711365,3.221612346754394],[31.360422007815576,3.223824405071849],[31.36019527922826,3.222838730615851],[31.353794526970926,3.2198030513347944],[31.352036924478668,3.2207829536092376],[31.351976313472196,3.221755065029114],[31.351240543763723,3.221226953476864],[31.350906086389013,3.2214134208627616],[31.350383166031897,3.221837071586145],[31.350507480577352,3.22338231068926],[31.348163673443903,3.223831970764543],[31.346867185662568,3.225102939856679],[31.345759342614606,3.2242828443830067],[31.3425,3.2261],[31.342188203038877,3.2280487310070205],[31.34238306106849,3.228525316915785],[31.34074155268788,3.237737508519623],[31.340596065980943,3.237999587619094],[31.3405,3.2386],[31.336942233437473,3.246252021733686],[31.337517654897322,3.247788076753785],[31.335631613196487,3.2496300296487],[31.33594123439832,3.250731959968459],[31.33477276407144,3.250918102671736],[31.333557774775286,3.2535312939356946],[31.333392319516406,3.253948572557027],[31.33336586484677,3.2539440525914682],[31.332893030434413,3.2549610218434433],[31.332988635341337,3.255162400428384],[31.332451329406243,3.2559110296103815],[31.33108208913597,3.258855982890095],[31.331340745339126,3.259624616453026],[31.33048464482872,3.2601409623128363],[31.330184239629553,3.2607870719078673],[31.330264622064067,3.262237224670358],[31.329377480853168,3.2625222435618326],[31.3281926179544,3.2650706391615696],[31.32798452229867,3.265732360060262],[31.33172566643899,3.26818932770631],[31.341821061297793,3.270817279200768],[31.342229028075927,3.273456589305574],[31.341562883325636,3.276587484495904],[31.339735199667683,3.280395279511015],[31.337184541643254,3.283412361673182],[31.336533478788937,3.285824875288949],[31.33519112556487,3.287423938137125],[31.33421060511552,3.287339214277055],[31.334771957093583,3.289120031357006],[31.333144608628338,3.290727569942594],[31.333116320416472,3.292573366105509],[31.326920060813325,3.293792073443975],[31.327386372183355,3.294771816566554],[31.326815287660335,3.296685511579461],[31.327595593682062,3.297950957863619],[31.326006239328038,3.298656368483427],[31.32660659089957,3.302071337771351],[31.325232384058165,3.302196597507936],[31.32556800755112,3.30311187719009],[31.324627150859182,3.305345561228574],[31.32364586094541,3.305051793547557],[31.323159537578928,3.306317718578152],[31.32091424232023,3.306612720606909],[31.3194104246338,3.308030875833723],[31.321047544167975,3.309459121405514],[31.3213616555679,3.311638231230522],[31.3232451510464,3.312838511726496],[31.31860800227549,3.320832614840749],[31.317551281155293,3.326457997928339],[31.314389264307664,3.329805452593759],[31.312683327731563,3.333486309785059],[31.308761531094614,3.336016386477354],[31.312607106445355,3.338060766045118],[31.31587052120351,3.336954116177008]]]}},{"type":"Feature","properties":{"n":"Drajini","c":"313403","d":"Yumbe","od":"Yumbe","dc":"313","k":"DRAJINI","a":["DRAJINI"],"lat":3.352309,"lon":31.126915},"geometry":{"type":"Polygon","coordinates":[[[31.084511589881807,3.37575142265097],[31.087366747325746,3.375180691899839],[31.087581099639888,3.376786492358443],[31.090329479040218,3.380391463859058],[31.09254237211073,3.382211714242279],[31.0970758920061,3.383604723050603],[31.098783431178557,3.387860931286773],[31.098140767284224,3.390260286901357],[31.096313712821694,3.392244171367777],[31.096614222865067,3.397516745173466],[31.102749079529726,3.397167391109491],[31.10567237312845,3.394909079221092],[31.10992785778299,3.394112816513522],[31.109866306526676,3.389412192262739],[31.110755602308103,3.389436722597619],[31.111253203092396,3.387531038483574],[31.118276979293313,3.386242290931347],[31.118285175136002,3.384896578372835],[31.123091723507166,3.379182560985427],[31.12595071078901,3.37853333396545],[31.126486157102768,3.380081825660271],[31.129550461076942,3.378352899664502],[31.133048418039557,3.380275461457042],[31.133784532913978,3.38230576547779],[31.135499425902808,3.381436373015979],[31.137239109118767,3.383267961819708],[31.138628294809774,3.383403010130098],[31.139673829359143,3.386461522295228],[31.14261576744821,3.383579027817653],[31.144485133309807,3.384456475713116],[31.146884251198287,3.384417875643141],[31.145663590252425,3.377488438365375],[31.14458935289787,3.37542677486031],[31.146260378502102,3.374156942965269],[31.149649147340707,3.375138536777402],[31.155229710834384,3.371913038346808],[31.15822831445682,3.371701913292328],[31.159534406906882,3.38386285174245],[31.160658925059103,3.384792170496666],[31.16268770874588,3.384758653888993],[31.168166121550755,3.380851443404024],[31.176901241862716,3.371710144029304],[31.178181333227883,3.372563365875],[31.18233194846187,3.364009804166193],[31.174108359605583,3.354224976228408],[31.173225079653047,3.351672458645405],[31.172312094594268,3.352945282127394],[31.170677920487368,3.352987857560346],[31.153999213474314,3.35160906204053],[31.152167224928633,3.350846070358306],[31.15045705246893,3.348636459493555],[31.144208289134856,3.346246201746899],[31.14399884548902,3.3459900693244062],[31.1435,3.3459],[31.14357444395621,3.345471061014205],[31.141823798463875,3.343330164979433],[31.142300401015074,3.338767204099933],[31.144579963802457,3.336888344276242],[31.14539540093681,3.334978880316478],[31.1456,3.3338],[31.1381,3.3236],[31.138026730982695,3.3218964953476124],[31.137173939753815,3.320383978868281],[31.136527780402577,3.315495023190735],[31.136846851709375,3.311320199844141],[31.137517222727137,3.310050428405909],[31.13738425774108,3.306958992480125],[31.133747204919803,3.3067197040015843],[31.1185,3.3141],[31.112040268337896,3.3096506950286533],[31.11204032583493,3.3096507346312016],[31.11148471761166,3.3098310644022453],[31.11103903978895,3.309975761593536],[31.11103897312636,3.309975736488819],[31.111038825249036,3.3099757844843],[31.110648966264726,3.309828862330106],[31.109207263911472,3.3092859261895415],[31.108439823430004,3.309975898802348],[31.109123532220362,3.312521291239399],[31.109123355495182,3.3125215283158655],[31.10912340188491,3.31252168224576],[31.1061191951573,3.316552255827499],[31.10491484946403,3.319807090422161],[31.10494896379198,3.32009719183969],[31.105129207492,3.321626137927403],[31.105128781749958,3.3216263277670177],[31.105128903320523,3.321627361578767],[31.1042435396602,3.3220210597909463],[31.103894226687473,3.3221768194620056],[31.103434953039883,3.3241939558462983],[31.10305917907718,3.325844999076199],[31.103059008276173,3.325845110588872],[31.103058772566644,3.325846145828476],[31.098407164308615,3.3288833746133313],[31.098769910703677,3.331493318000639],[31.098769830851158,3.331493454894604],[31.09876987309609,3.331493758275187],[31.096070461684562,3.336121526084853],[31.096076902141963,3.336900357824732],[31.096102168813477,3.3398546314505],[31.09610133377788,3.3398548270993147],[31.096101352963817,3.339857147216696],[31.095195861203834,3.3400675340542123],[31.095085831924518,3.340951217328786],[31.094935896517242,3.342155937666659],[31.094935817636376,3.342156034066649],[31.094935811430293,3.342156083909838],[31.09489033488142,3.3422116183579007],[31.092102308734617,3.345618853858732],[31.092072918040138,3.345885561506721],[31.090515445098063,3.360021056222677],[31.090515178198128,3.3600213666251713],[31.09051508291966,3.360022231235459],[31.087924613549234,3.363703652626411],[31.087667781697853,3.363332866044707],[31.086973265856777,3.364140582428552],[31.08602218888029,3.3658410577516396],[31.085839207798536,3.367356155393355],[31.084766785909963,3.367802498327593],[31.0856706776402,3.369752765964166],[31.08210212268237,3.374172336767374],[31.08297862472029,3.374004964940743],[31.084511589881807,3.37575142265097]]]}},{"type":"Feature","properties":{"n":"Kulikulinga Town Council","c":"313404","d":"Yumbe","od":"Yumbe","dc":"313","k":"KULIKULINGATOWNCOUNCIL","a":["KULIKULINGA","KULIKULINGATOWNCOUNCIL"],"lat":3.346757,"lon":31.250518},"geometry":{"type":"Polygon","coordinates":[[[31.23774100567255,3.354052886983379],[31.239852351333177,3.356772288685476],[31.239197778250006,3.358355904480744],[31.245833678188248,3.361660118274288],[31.245190694749425,3.362787905390504],[31.247942013227,3.363771921336042],[31.24758594230903,3.366186581284199],[31.249198317113635,3.367978370086043],[31.252514925293344,3.36705766698983],[31.254612573788133,3.367208239814302],[31.256273006913315,3.368349440419792],[31.25826199411158,3.367592348640191],[31.258775740904014,3.366235426527543],[31.261730468493013,3.364217562362887],[31.262468360782506,3.362807050835897],[31.257672026604865,3.35473173587819],[31.261888585131377,3.353580007437852],[31.260896561610977,3.35230360405742],[31.260500844545444,3.349697337718741],[31.261280705151922,3.350288679417294],[31.26117802907397,3.345507544140981],[31.262476719504207,3.337977022030323],[31.266406837112516,3.334801797334759],[31.2675299405912,3.332460411044874],[31.26726344055376,3.330956595629877],[31.264883949751162,3.327891576836463],[31.2649601222738,3.325302994698959],[31.263704563045362,3.324518429470425],[31.260187218090415,3.324296581572856],[31.254646694997167,3.326345143209293],[31.25053783906075,3.326787428389429],[31.252500449622616,3.333550501193488],[31.244577435812648,3.335651498693335],[31.245659748446442,3.339919783274547],[31.243917895964955,3.343654742117426],[31.24269390388071,3.34346458313521],[31.238973633434583,3.347744246963579],[31.235487411399966,3.345769163544811],[31.23526937665509,3.348038470445011],[31.237597843594692,3.350522669484634],[31.23774100567255,3.354052886983379]]]}},{"type":"Feature","properties":{"n":"Lodonga","c":"313405","d":"Yumbe","od":"Yumbe","dc":"313","k":"LODONGA","a":["LODONGA"],"lat":3.416341,"lon":31.17301},"geometry":{"type":"Polygon","coordinates":[[[31.126216314402672,3.451600054026316],[31.126216320184138,3.451600159089427],[31.12621652104032,3.451600241866876],[31.126366629881186,3.45432997749661],[31.126762937467205,3.455157891107702],[31.12770471625247,3.457124826578978],[31.12770462281534,3.4571251361077713],[31.12770497315887,3.457125867999327],[31.127319319331058,3.458404430715766],[31.127325276552494,3.458408977492774],[31.13346802970414,3.462077164460353],[31.13445670274466,3.461141215593248],[31.13497519449273,3.4611753264515475],[31.13523008099801,3.460734195618762],[31.137724362855533,3.456417164304626],[31.142873687157444,3.452910134986909],[31.151847824933874,3.450862322477863],[31.152301075064504,3.445819156001119],[31.155297742474424,3.444788081518115],[31.15662738538929,3.4443302614930715],[31.157021188601032,3.440778975718102],[31.161023146505734,3.438678528010961],[31.16374313198241,3.439755460102507],[31.168668086436565,3.438281987599763],[31.16866811958673,3.4382820057366157],[31.168668663889488,3.438281842889085],[31.171679148497244,3.439929375832525],[31.17176472380089,3.439976195109378],[31.172591253889458,3.435509888504112],[31.172605622066122,3.435431621585675],[31.172605768639485,3.4354314553958405],[31.172605773216766,3.435431430661663],[31.17260599704958,3.435431196416752],[31.175299886804908,3.432376773127942],[31.17557438515008,3.4323247269234325],[31.17581755929892,3.432070240970331],[31.179124286275606,3.431651648621808],[31.179126018249637,3.431651320231214],[31.179126469877573,3.431651372203742],[31.17912671772219,3.431651340829558],[31.18480427850625,3.4323046719832804],[31.184810559488245,3.4323028605902643],[31.19171977589752,3.4299454705464494],[31.19172500560122,3.429942573775389],[31.191524359838503,3.426913479218276],[31.19193301373089,3.4260582879678747],[31.19196453040644,3.425467767058469],[31.193095518954284,3.4236255097315236],[31.193772815776875,3.422208128599479],[31.194196962559715,3.4218313779021714],[31.194272337583925,3.421708600186265],[31.194379709590468,3.4216690518536113],[31.195342694309357,3.420813675415511],[31.198161031043668,3.420276277670528],[31.201472614501565,3.419056522089742],[31.201547452272543,3.418933991676625],[31.206399978274803,3.417241446390042],[31.206649579709946,3.4169105608887076],[31.209046382316462,3.413731534547905],[31.20904762193,3.413731583164661],[31.209048216090316,3.413730795512802],[31.212526579756133,3.4138680254011184],[31.21330484475427,3.413898548397432],[31.213664510130886,3.412764564700122],[31.21371044205121,3.4127433238510827],[31.215151912967016,3.41197092511175],[31.214521626232766,3.409939199548687],[31.216133118119277,3.406279326964149],[31.214368537243555,3.405288538333051],[31.213275989105206,3.405836542475714],[31.212634447560955,3.405055952119548],[31.21067479129291,3.404961046457134],[31.21053630090049,3.40422636764034],[31.209734291426614,3.40455133655655],[31.208468096319393,3.403685090534259],[31.20589201440744,3.40377514223934],[31.201881386481627,3.399576557247585],[31.198454884277385,3.398772827915927],[31.196904607959986,3.397618789266289],[31.193051313036772,3.400566445394459],[31.19211992765741,3.402154235945318],[31.19232727583104,3.404587673490019],[31.191485763789757,3.407249646354932],[31.189600840132936,3.406489273649211],[31.184676511818363,3.407121234825577],[31.17958667081318,3.404478452412385],[31.180783158517414,3.402070699371457],[31.184387050363306,3.400270636734606],[31.183045740168826,3.392652410256609],[31.181732947128648,3.389611345611821],[31.179979823504404,3.389974372430717],[31.175638926331114,3.388217406615518],[31.17987078137842,3.380547055017438],[31.178181330659417,3.372563377251001],[31.178177495550294,3.3725608079401175],[31.176901241862716,3.371710144029304],[31.168166121550755,3.380851443404024],[31.16816610614142,3.3808514543939796],[31.168166085352496,3.380851476150244],[31.162687714828078,3.38475866415311],[31.16126544374861,3.389486043515646],[31.158929141340064,3.39292020554985],[31.157447866291655,3.398247391041812],[31.15570661343416,3.400734446887193],[31.15281744508243,3.40238651345125],[31.149282496578333,3.403131500612666],[31.148156835255882,3.402624412014045],[31.147590364643346,3.404472886228697],[31.145409656145993,3.40474424785003],[31.146935441119513,3.414254734765721],[31.141712842446932,3.413733288479279],[31.13769701819728,3.415763481425509],[31.138998104365367,3.415772199071155],[31.138220458584865,3.423509667884514],[31.13320891348016,3.422673739248103],[31.13219743044463,3.417240379293584],[31.12673822625326,3.417249641240695],[31.12652283987956,3.41869883991593],[31.12856689758213,3.420229126500893],[31.127751370285015,3.421822171644231],[31.1302223853464,3.422994848480822],[31.129153797159848,3.425040260516147],[31.126719101453354,3.423787097173845],[31.12518226096137,3.426925689964652],[31.1252806863587,3.428709603759283],[31.122798437493856,3.429881479778449],[31.123078630814103,3.435636808950453],[31.120933749594233,3.435922002238904],[31.121247605571426,3.442568695770486],[31.126216314402672,3.451600054026316]]]}},{"type":"Feature","properties":{"n":"Lodonga Town Council","c":"313406","d":"Yumbe","od":"Yumbe","dc":"313","k":"LODONGATOWNCOUNCIL","a":["LODONGA","LODONGATOWNCOUNCIL"],"lat":3.411841,"lon":31.118259},"geometry":{"type":"Polygon","coordinates":[[[31.08921905472407,3.408128219805529],[31.089924187980312,3.4099490998165],[31.090157060000937,3.4189828500054658],[31.0903311989678,3.4199986606454984],[31.09510793690927,3.426675066814691],[31.09537457002028,3.4298516830385326],[31.09636871693113,3.4317405621691486],[31.096652046823994,3.431654671501769],[31.097089008102298,3.433109115394366],[31.0974,3.4337],[31.097328612399046,3.433906648318555],[31.097519406691163,3.434541715100651],[31.098347847782527,3.434441993421673],[31.10020442870281,3.436179506879693],[31.101762665607186,3.438627193864607],[31.10268597189361,3.437924826188053],[31.110945735535125,3.443092745247291],[31.11081166479731,3.445033761711185],[31.11202364624053,3.4460168885276947],[31.112877758485656,3.445956494341743],[31.11560321212381,3.445763463200721],[31.11560368515171,3.445763744357299],[31.115603691985395,3.44576374387409],[31.12006660088838,3.4484162593159544],[31.121813371824963,3.448206782029967],[31.12181386919447,3.448207111465378],[31.12181392508033,3.448207104763715],[31.121828760227555,3.4482169746225693],[31.122729346432003,3.448813482819617],[31.12272654317473,3.4488142717599084],[31.12272786341737,3.44881515012049],[31.121749753456157,3.4490891765186618],[31.12158741177708,3.449134865472255],[31.1219086039175,3.4498248153711515],[31.126216319388757,3.451600144635433],[31.126216314402672,3.451600054026316],[31.121247605571426,3.442568695770486],[31.121246823199506,3.4425521270677653],[31.12082918841994,3.437166229769588],[31.120935109635578,3.4359508045516547],[31.120933749594233,3.435922002238904],[31.123078630814103,3.435636808950453],[31.122798437493856,3.429881479778449],[31.1252806863587,3.428709603759283],[31.12518226096137,3.426925689964652],[31.12518228086631,3.426925649314045],[31.125182279761994,3.426925629686757],[31.126717020193524,3.423791135145209],[31.126717103334272,3.423791177806922],[31.126719101453354,3.423787097173845],[31.129153797159848,3.425040260516147],[31.1302223853464,3.422994848480822],[31.127751370285015,3.421822171644231],[31.12856689758213,3.420229126500893],[31.12652283987956,3.41869883991593],[31.12673822625326,3.417249641240695],[31.13219743044463,3.417240379293584],[31.13320891348016,3.422673739248103],[31.13807058880842,3.4234846695186922],[31.138998098761046,3.4157721990336047],[31.13769701819728,3.415763481425509],[31.13770817910189,3.4157578390496464],[31.137707421436303,3.415757833889864],[31.14171209468874,3.413733481711335],[31.141712399435622,3.413733512442874],[31.141712842446932,3.413733288479279],[31.146932544700686,3.4142544455750445],[31.14540918456331,3.40474520311371],[31.145409797126078,3.4047451266037636],[31.145409656145993,3.40474424785003],[31.14734133526014,3.404503874789189],[31.147590401465816,3.404472766071733],[31.148156835255882,3.402624412014045],[31.148159114518407,3.4026254387776165],[31.148159332587866,3.402624729845311],[31.148717267887285,3.402876876047419],[31.149282496578333,3.403131500612666],[31.152817410709847,3.40238652069524],[31.152817445085052,3.4023865134497497],[31.153221089616878,3.4021557039040236],[31.155708160241534,3.4007322375605535],[31.15744785474727,3.398247407530818],[31.15892912192308,3.392920258670059],[31.158929129781356,3.3929202471190223],[31.158929141340064,3.39292020554985],[31.161265435744305,3.389486055281282],[31.16268770255221,3.384758664756429],[31.162635195791086,3.3847595214315085],[31.160658925059103,3.384792170496666],[31.159534406906882,3.38386285174245],[31.159376988114,3.3823971360107508],[31.15822745655304,3.371701973695437],[31.15820463960408,3.3717035801863906],[31.154240256102607,3.3724849312547747],[31.149649147340707,3.375138536777402],[31.14770320389885,3.3745748730599106],[31.146259804647933,3.374157379043762],[31.14458935289787,3.37542677486031],[31.145663590252425,3.377488438365375],[31.145663617426532,3.3774885926270946],[31.145663629776934,3.37748861622551],[31.14569028356566,3.377639970730224],[31.146884251198287,3.384417875643141],[31.144485133309807,3.384456475713116],[31.14261576744821,3.383579027817653],[31.139673829359143,3.386461522295228],[31.138628294809774,3.383403010130098],[31.137239109118767,3.383267961819708],[31.135499425902808,3.381436373015979],[31.133784532913978,3.38230576547779],[31.133784117222632,3.3823046189450436],[31.1337834889328,3.382304937580471],[31.133435166535563,3.381342165926331],[31.133048418039557,3.380275461457042],[31.129550461076942,3.378352899664502],[31.126486157102768,3.380081825660271],[31.12595071078901,3.37853333396545],[31.123091723507166,3.379182560985427],[31.118285175136002,3.384896578372835],[31.118276979293313,3.386242290931347],[31.11827554781618,3.386242553583886],[31.118275542657226,3.386243276535123],[31.115623680564873,3.386729127661874],[31.111253203092396,3.387531038483574],[31.110755602308103,3.389436722597619],[31.10986632637754,3.3894121928103056],[31.10986687678736,3.3894557426525838],[31.10992785778299,3.394112816513522],[31.105672410875467,3.3949090721580792],[31.10561588969364,3.394952713980318],[31.102749079529726,3.397167391109491],[31.096617988352506,3.397516530744929],[31.088470156703995,3.404319239434257],[31.090223664271573,3.407724160633596],[31.08921905472407,3.408128219805529]]]}},{"type":"Feature","properties":{"n":"Odravu","c":"313407","d":"Yumbe","od":"Yumbe","dc":"313","k":"ODRAVU","a":["ODRAVU"],"lat":3.375967,"lon":31.268438},"geometry":{"type":"Polygon","coordinates":[[[31.192327265222488,3.4045875489880846],[31.19211992765741,3.402154235945318],[31.193051313036772,3.400566445394459],[31.19305185014995,3.4005660345188367],[31.193051867266984,3.400566005345555],[31.193122451487955,3.4005120265929523],[31.196904607959986,3.397618789266289],[31.198415197244273,3.3987432845567294],[31.19845494884181,3.398772843060328],[31.201881386481627,3.399576557247585],[31.201881951686673,3.399577148940821],[31.201882211797933,3.399577209986801],[31.203523954788576,3.401296104103853],[31.20589201440744,3.40377514223934],[31.208468096319393,3.403685090534259],[31.208469189376654,3.4036858383309454],[31.210084658056964,3.4044093703231706],[31.21053630090049,3.40422636764034],[31.210615625769602,3.4046471787880552],[31.21139420653931,3.4049958875573942],[31.212634447560955,3.405055952119548],[31.2132750676725,3.4058354213301096],[31.21384614993666,3.4055505591980397],[31.214368537243555,3.405288538333051],[31.21436990319454,3.4052893052963142],[31.214369990171132,3.405289261911431],[31.215873276795293,3.405795911167798],[31.215796675369667,3.4060904188466945],[31.216133118119277,3.406279326964149],[31.21519104149581,3.408418884994578],[31.214670656369073,3.410419597312345],[31.21510516752102,3.4118202414428294],[31.215483823116724,3.41222404761907],[31.219327182426152,3.413229390379964],[31.219327339033033,3.413229660360948],[31.219327601056808,3.41322971361405],[31.21944999412515,3.4134411104751354],[31.220964793213298,3.416052534384519],[31.225069695442713,3.414168323721256],[31.225070075706853,3.4141686144571297],[31.225070251794495,3.414168533547962],[31.225183884411845,3.414255628376224],[31.226637394299427,3.415366928182095],[31.227939916646857,3.414181049354468],[31.228721136247284,3.415681145341877],[31.23037813362704,3.415548410628614],[31.233119166721593,3.411873346143137],[31.230476597942996,3.410224081697686],[31.230480117923776,3.410219952789387],[31.23047983773772,3.41021977770611],[31.235211424967492,3.4046701482426944],[31.236954043360537,3.399564087469007],[31.238618644844532,3.402088447588271],[31.241791720215367,3.400968362691473],[31.24601505922671,3.4006638737244015],[31.246019598439556,3.400662999190972],[31.246838499358525,3.40401771683005],[31.259996240422044,3.3968138113067106],[31.26050088067906,3.396537505830549],[31.26050092453517,3.3965374951326406],[31.260501275701294,3.396537302868057],[31.262817216954442,3.3959724772541446],[31.26281778880617,3.3959723377612],[31.262817788831136,3.395972337781434],[31.262819515619732,3.395971916641896],[31.266958386801118,3.399327934567361],[31.2726615238111,3.393804139862695],[31.273898407779942,3.394095344703029],[31.274743642627612,3.3935722579312935],[31.27677626191034,3.392313618146946],[31.276776233829946,3.3923143571558896],[31.27678262394393,3.392310402534159],[31.27655527223225,3.398174684608322],[31.27984228342261,3.3995470417300933],[31.28056801124386,3.399849976338727],[31.280568187583995,3.3998501133315897],[31.280568207943325,3.399850121831796],[31.280616579027384,3.399887707056081],[31.283251267441543,3.401934510032512],[31.286205205741222,3.402340164640866],[31.28749839386429,3.402152445784749],[31.2926448323739,3.401404659866502],[31.293278417464386,3.403746583827769],[31.300032245360903,3.401177595973013],[31.300032251748323,3.4011776216405982],[31.300032258541165,3.401177619055404],[31.300032263159984,3.40117761871045],[31.30003225683264,3.401177593249307],[31.300032584328314,3.4011775947241634],[31.303813976302497,3.400895183469237],[31.304812216488582,3.4011991195009945],[31.306003293367958,3.401204483441808],[31.309929263258596,3.402752929467264],[31.30820957476643,3.3974808977675406],[31.30812879916382,3.397233733045487],[31.308128882150843,3.397233519228204],[31.308128557098097,3.397232522717279],[31.30877844131458,3.3955599204454816],[31.30881300201021,3.395470874302549],[31.308813044961767,3.3954708612909013],[31.308813776811405,3.395468977734819],[31.31479652070965,3.3936582405790987],[31.315415106253035,3.39347084766314],[31.315771644288294,3.39231851421224],[31.31576923637304,3.392309288662244],[31.313099528025155,3.383115437685801],[31.31331622981913,3.3829109784050346],[31.31331072791601,3.38288989872531],[31.322346805211897,3.3743905830920022],[31.32235244386366,3.374385262994447],[31.34983765301507,3.354691604636045],[31.353530565526633,3.353070099807286],[31.359280568072734,3.353438292941858],[31.359284171910005,3.3534322712276987],[31.359371426548307,3.35285218151899],[31.359205588361906,3.352710999867515],[31.355563379776054,3.349610650057433],[31.35556323479017,3.3496101851295492],[31.355563174407035,3.349610133724072],[31.355313168896085,3.348808295968776],[31.352977196522428,3.341317506658462],[31.35139197249433,3.339624257531291],[31.348046193235557,3.340979799618476],[31.347383128222273,3.3426202018766484],[31.346754313274626,3.344177855063302],[31.346753555195324,3.344177746000382],[31.34675319528574,3.344178636405518],[31.343045492006855,3.343644504291865],[31.339233724936413,3.345465822263463],[31.338355894746744,3.346441634573996],[31.337791723376668,3.349626758010535],[31.330729202257405,3.345444011237287],[31.3307290160496,3.345443664493631],[31.330728892893553,3.345443591979679],[31.329874498055787,3.343852624569295],[31.32987456841114,3.343852569553886],[31.32987369761678,3.34385094801918],[31.330915076618982,3.343038022273808],[31.33064234621907,3.3412220370908656],[31.327410340602686,3.340093789586453],[31.326716745900047,3.3391068777609907],[31.321152100599406,3.339413911977028],[31.321151918491005,3.3394138271493117],[31.321151313498635,3.339413860566561],[31.315870849232702,3.3369542689699823],[31.31426564286631,3.33749834316984],[31.312607106445355,3.338060766045118],[31.312606793082068,3.3380605994553516],[31.31260666628389,3.338060642432765],[31.30876152198681,3.336016394062835],[31.306273846378648,3.338423503207876],[31.302656804315767,3.339375533181723],[31.30009974368472,3.34163488383255],[31.3005034728743,3.342992269713061],[31.303525137990444,3.344931386279079],[31.304784980723362,3.346744179451352],[31.29769795053745,3.354918928754436],[31.298499055749215,3.357307015810686],[31.294832555909355,3.358774658954123],[31.29013233634935,3.362640268058303],[31.288716234939102,3.36038267793955],[31.28610350944929,3.360117080226791],[31.287259817481072,3.359322068711978],[31.28681662362603,3.358317464010594],[31.284018835525227,3.358502488987552],[31.284114568792727,3.359967369733383],[31.280777219988323,3.357881837197932],[31.278298145762847,3.363493068987674],[31.276169936221912,3.363471275755735],[31.275575961794072,3.365604357262226],[31.276626541202987,3.366385397647994],[31.27436443020727,3.367446969559897],[31.274196982848345,3.369002327913737],[31.272140437646375,3.369752723040601],[31.27030135032025,3.366697346029681],[31.270547494411883,3.365743691617963],[31.267100373944295,3.361402282230246],[31.262877077068616,3.362208431371651],[31.261734624905706,3.3642096172087],[31.261730468493013,3.364217562362887],[31.2617298466908,3.364217987008602],[31.261729825663203,3.364218023841763],[31.26151931023805,3.364361768101969],[31.258775740904014,3.366235426527543],[31.258771752842744,3.3662459599043024],[31.258367003254893,3.367501861459705],[31.258282359940633,3.367538557854169],[31.25826199411158,3.367592348640191],[31.257412058286484,3.3679158697905183],[31.256508796228943,3.368307471431556],[31.256446643268013,3.368283347155393],[31.256273006913315,3.368349440419792],[31.255826774846156,3.3680427491730893],[31.253464442694927,3.367125824985508],[31.25307594576445,3.3670979380062236],[31.249293582188628,3.367951924137425],[31.249198317113635,3.367978370086043],[31.24758594230903,3.366186581284199],[31.247586075576596,3.366185677543284],[31.247585750259592,3.366185316991744],[31.24794147656596,3.3637717293978766],[31.245190694749425,3.362787905390504],[31.245833678188248,3.361660118274288],[31.241926498678623,3.3597146163002223],[31.240143397160605,3.366099478293951],[31.235756976282463,3.366736437606636],[31.23619736597847,3.366083956299621],[31.232274385070106,3.365232378100698],[31.22403791829208,3.367768475737187],[31.222177800156743,3.375182203923567],[31.219151627672133,3.372735720395782],[31.217944201497907,3.36974838570843],[31.216519861196385,3.370290404026419],[31.216174560073398,3.376535197110321],[31.213920572714528,3.374442454039838],[31.212680133572736,3.374348481518945],[31.211225739322796,3.375399788251424],[31.208892151279727,3.374080420261754],[31.20395411589713,3.374638496946783],[31.202347923120783,3.373406219215019],[31.200038713385634,3.381442091678658],[31.191491960899903,3.387903147510198],[31.182604620553327,3.3916305635330546],[31.183045740168826,3.392652410256609],[31.184387050363306,3.400270636734606],[31.180783476924635,3.402070540334237],[31.18067491350013,3.4022885263232974],[31.17958667081318,3.404478452412385],[31.18411396015652,3.40682914286496],[31.184676574473354,3.4071212267847804],[31.189600840132936,3.406489273649211],[31.191485763789757,3.407249646354932],[31.192312576034066,3.4046341736691583],[31.192327265222488,3.4045875489880846]]]}},{"type":"Feature","properties":{"n":"Odravu West","c":"313408","d":"Yumbe","od":"Yumbe","dc":"313","k":"ODRAVUWEST","a":["ODRAVUWEST"],"lat":3.328892,"lon":31.290456},"geometry":{"type":"Polygon","coordinates":[[[31.178181340714445,3.372563374231684],[31.17821200756495,3.3727083442073584],[31.17987078137842,3.380547055017438],[31.17570804887562,3.388092120136236],[31.175814455214955,3.388288451433254],[31.179979820048732,3.389974371032044],[31.179979825026255,3.3899743721155806],[31.1811190683987,3.389738464110162],[31.18140591928342,3.389262229499317],[31.181565217071636,3.389646078193248],[31.181732947128648,3.389611345611821],[31.182604616260083,3.3916305535878197],[31.186694593766084,3.3899151986328957],[31.191491960899903,3.387903147510198],[31.200038713385634,3.381442091678658],[31.2023215555183,3.3734979764458637],[31.202346207274502,3.37341068267823],[31.202346562478624,3.3734109541452],[31.202347923120783,3.373406219215019],[31.20395411589713,3.374638496946783],[31.206523724017636,3.3743480902828757],[31.20888863237373,3.37408020769916],[31.208889533162093,3.374080716150766],[31.208892151279727,3.374080420261754],[31.210799519968752,3.375158811625762],[31.21122604721338,3.3753995656931695],[31.212680133572736,3.374348481518945],[31.213920572714528,3.374442454039838],[31.215374673428595,3.3757925322384463],[31.21617461770888,3.3765341547688994],[31.216519861196385,3.370290404026419],[31.216522801827264,3.3702892849990342],[31.216522805269786,3.370289222619167],[31.21655256862139,3.370277957546132],[31.217944201497907,3.36974838570843],[31.219151627672133,3.372735720395782],[31.222177800156743,3.375182203923567],[31.22403791829208,3.367768475737187],[31.224040829128747,3.367767579458942],[31.224040894492955,3.367767318543317],[31.23160662565338,3.3654379884824475],[31.232274385070106,3.365232378100698],[31.232371467517478,3.3652534522016464],[31.236192465094234,3.366082081817503],[31.236191985281216,3.3660827882887174],[31.23619736597847,3.366083956299621],[31.235757346540662,3.366735889032144],[31.236976119014095,3.3665594039069573],[31.240143397160605,3.366099478293951],[31.241926498678623,3.3597146163002223],[31.241926548387077,3.359714641051554],[31.241926548387077,3.3597146410515535],[31.239197778250006,3.358355904480744],[31.239804785873226,3.35688736432122],[31.23985218699036,3.3567720770128218],[31.23813401336258,3.3545590787458823],[31.237741163796816,3.354053312688966],[31.237741154299215,3.3540530784137133],[31.23774100567255,3.354052886983379],[31.237597843594692,3.350522669484634],[31.23581850101216,3.3486243212369065],[31.235269629084964,3.34803890809635],[31.23526964369101,3.3480387553407787],[31.23526937665509,3.348038470445011],[31.23533047313621,3.347402577912087],[31.235485935008963,3.345776698633688],[31.235486648720883,3.3457771015131805],[31.235487411399966,3.345769163544811],[31.238973633434583,3.347744246963579],[31.24269390388071,3.34346458313521],[31.24391755588347,3.3436546892824857],[31.244830358880424,3.3416981978801004],[31.245659639375102,3.3399200171502454],[31.24558580699563,3.339628182544264],[31.244577435812648,3.335651498693335],[31.252500449622616,3.333550501193488],[31.25053783906075,3.326787428389429],[31.25078736944493,3.326760568457462],[31.254825680036724,3.3262789650020443],[31.255503219400804,3.3260284505424758],[31.25906807291816,3.324471503983804],[31.259593305071423,3.324516175897365],[31.260187218090415,3.324296581572856],[31.263704563045362,3.324518429470425],[31.264348139089748,3.3249205828494994],[31.264599059433795,3.324941924063761],[31.264612983177116,3.325086076804084],[31.2649601222738,3.325302994698959],[31.26488395378169,3.327891439866381],[31.26488396946433,3.327891602228964],[31.26726344055376,3.330956595629877],[31.267429356588135,3.3318928322341472],[31.267548904059034,3.332080745641759],[31.267488260635417,3.332225217982221],[31.2675299405912,3.332460411044874],[31.266406837112516,3.334801797334759],[31.266406661093864,3.3348019395439303],[31.2664066605715,3.334801940788369],[31.266404593378358,3.334803610094787],[31.262476719504207,3.337977022030323],[31.26117802907397,3.345507544140981],[31.261229439210517,3.3479014690191886],[31.26128088289745,3.350282302902698],[31.261280562972054,3.350282058778883],[31.261280705151922,3.350288679417294],[31.260500844545444,3.349697337718741],[31.260896561610977,3.35230360405742],[31.261888585131377,3.353580007437852],[31.261887685872008,3.353580253065319],[31.261888177390837,3.353580885647153],[31.26098721805196,3.3538262106137413],[31.257672026604865,3.35473173587819],[31.26242623450919,3.362736125226373],[31.262468367633147,3.362807040617829],[31.26254933167639,3.362782529314981],[31.262877077068616,3.362208431371651],[31.267100373944295,3.361402282230246],[31.270547494411883,3.365743691617963],[31.27030135032025,3.366697346029681],[31.272140437646375,3.369752723040601],[31.274196982848345,3.369002327913737],[31.27436443020727,3.367446969559897],[31.274364986611065,3.367446708448643],[31.274365009402292,3.367446496492414],[31.276625807586544,3.366384852249841],[31.275904893567482,3.3658488975578136],[31.275576363299265,3.365605630018841],[31.27557658794228,3.3656048227644355],[31.275575961794072,3.365604357262226],[31.276169936221912,3.363471275755735],[31.278298145762847,3.363493068987674],[31.280777219988323,3.357881837197932],[31.282509191695425,3.3589641583927894],[31.284114532791047,3.359966818846852],[31.284018835525227,3.358502488987552],[31.284020383668846,3.3585023866048025],[31.284020343589546,3.358501771200676],[31.28681518662502,3.358316755813481],[31.286815532700622,3.358317536156318],[31.28681662362603,3.358317464010594],[31.287029301290485,3.358799548721739],[31.287260260220616,3.359320322641291],[31.28725932923492,3.3593209619854885],[31.287259817481072,3.359322068711978],[31.286104903277824,3.360116121909712],[31.288002290432935,3.360310101609348],[31.288716234939102,3.36038267793955],[31.288716512358615,3.3603831202098187],[31.288716799469704,3.36038314956267],[31.28876752771448,3.3604644503761962],[31.29013233634935,3.362640268058303],[31.294832555909355,3.358774658954123],[31.294832725385756,3.3587745911153424],[31.29483286625753,3.358774475181634],[31.29849893254615,3.357306648543516],[31.29769795053745,3.354918928754436],[31.304784980723362,3.346744179451352],[31.303525137990444,3.344931386279079],[31.3005034728743,3.342992269713061],[31.30009974368472,3.34163488383255],[31.300108066155065,3.34162753031947],[31.302109612872773,3.339661043202423],[31.302447207471843,3.3395607273691335],[31.302656804315767,3.339375533181723],[31.306273846378648,3.338423503207876],[31.30876152198681,3.336016394062835],[31.309196119062047,3.3362474450440174],[31.30919613747416,3.3362474313331494],[31.308761531094614,3.336016386477354],[31.31240678550311,3.3336647160389807],[31.312847515513482,3.333132045865601],[31.314389264307664,3.329805452593759],[31.316115146382284,3.32797835543361],[31.317551305510978,3.3264578682725054],[31.318188339681306,3.323066660148154],[31.31860779284531,3.32083317997953],[31.318607945594348,3.320832916578947],[31.31860800227549,3.320832614840749],[31.319037903736092,3.320091496370152],[31.323244305698736,3.312837973018374],[31.32143214216504,3.3116831496753694],[31.321362054911727,3.311638705448664],[31.32136201999639,3.311638463467027],[31.3213616555679,3.311638231230522],[31.321047544167975,3.309459121405514],[31.3194104246338,3.308030875833723],[31.31941084918731,3.308030475464195],[31.319410839452008,3.308030466969456],[31.31946450318642,3.3079798777754164],[31.32091424232023,3.306612720606909],[31.320914830876312,3.3066126432784433],[31.320915020115702,3.30661246488109],[31.32254818081156,3.306398042751986],[31.323159537578928,3.306317718578152],[31.32354440171985,3.3053158971914938],[31.323645476611457,3.305052188583769],[31.323645685120702,3.305052251228418],[31.32364586094541,3.305051793547557],[31.324626778887826,3.305345449871918],[31.325567877829158,3.3031115234250015],[31.32533387850321,3.3024733832674285],[31.325232183199745,3.30219733034019],[31.32523263764922,3.302197289076749],[31.325232384058165,3.302196597507936],[31.32660575652748,3.302071413824842],[31.3261953181738,3.2997319023570553],[31.326006239328038,3.298656368483427],[31.326006600902932,3.2986562080039405],[31.32600654802946,3.298655906623498],[31.326569989534196,3.2984061565773564],[31.327595471723836,3.297951011992912],[31.327173519312677,3.297266466872259],[31.326815287660335,3.296685511579461],[31.32681533066394,3.2966853674750727],[31.326815247891037,3.296685233190292],[31.32696594685823,3.2938884822810905],[31.326920060813325,3.293792073443975],[31.326971688869218,3.2937819190129773],[31.32697617112451,3.293698734955373],[31.333117978491906,3.2924651772498796],[31.333144541417482,3.2907319554280794],[31.33314443128402,3.290727983749723],[31.33314460491674,3.290727812123002],[31.333144608628338,3.290727569942594],[31.33352932157629,3.290347540144787],[31.33477177193755,3.289119443973269],[31.33429866543713,3.287618574341549],[31.33421054393428,3.287339346456292],[31.33421064968442,3.287339355666171],[31.33421060511552,3.287339214277055],[31.33519112556487,3.287423938137125],[31.33653314001734,3.2858252788467177],[31.33718405411426,3.283413336746348],[31.33718438373544,3.2834129468006386],[31.337184541643254,3.283412361673182],[31.339735199667683,3.280395279511015],[31.341562883325636,3.276587484495904],[31.342229028075927,3.273456589305574],[31.341821061297793,3.270817279200768],[31.33172566643899,3.26818932770631],[31.331722665832686,3.2681873570811923],[31.327892481852437,3.2657028474047243],[31.318211405853287,3.26936943432799],[31.318969408087185,3.271193887543868],[31.317139658372604,3.272060470311316],[31.315475731331542,3.271235833806236],[31.315907587705297,3.270241976749489],[31.310840534359443,3.272161060076489],[31.311284190234122,3.27281212488148],[31.308368733734802,3.276648760817217],[31.308981096656236,3.279913537281554],[31.305244899171203,3.27932925839698],[31.305302224089143,3.282684351952147],[31.306033497171665,3.283987568469398],[31.303017128944067,3.282074780328397],[31.299565528019755,3.278315791383962],[31.298156281882882,3.278041064062263],[31.297974047641326,3.2770340816242154],[31.2978,3.2771],[31.27729639930199,3.2805501251174545],[31.27712593964985,3.280727336165414],[31.276385203617757,3.280934889086264],[31.270424691920873,3.2841816718805004],[31.269694128321312,3.284847566721016],[31.26903396861983,3.284939220345296],[31.26624835925823,3.286456584794297],[31.26622068819675,3.286650168943279],[31.265049254250194,3.287254008293325],[31.264949807768524,3.2871639258496677],[31.2647,3.2873],[31.26272415860545,3.2858561159039814],[31.261734067657343,3.285701584856323],[31.260704295806416,3.2843800623200736],[31.25737064698783,3.281943934337259],[31.25691974769604,3.281732647872757],[31.256640686025726,3.2817496612080106],[31.247684914984077,3.286918420494905],[31.246104445550962,3.28882087137696],[31.241402503332758,3.291001300788958],[31.2414777333716,3.295367685803714],[31.239061112355927,3.297462749591572],[31.23793895381117,3.299866134248111],[31.23778006032013,3.302778130588182],[31.23434400127583,3.314339011979513],[31.23255110297673,3.314661573172978],[31.228221667997484,3.312230137754968],[31.22370673160407,3.312285364165751],[31.221376267050545,3.3138261498972246],[31.219392305688647,3.316190018753955],[31.21945302338966,3.317893186236939],[31.21512895337233,3.3212697576840355],[31.21268752378115,3.3241786950692696],[31.21130259590822,3.326962698430782],[31.207525714140846,3.3303289363428226],[31.205305400185136,3.33297441680069],[31.203410049285225,3.336935525212323],[31.20109182050271,3.337994852166984],[31.2005,3.3387],[31.199379118901064,3.338777480260295],[31.194038707467865,3.341217809628492],[31.190034991775686,3.341103279520393],[31.188133872444208,3.3395548014439487],[31.18187921272434,3.33998715119417],[31.179606799482617,3.342008827609499],[31.178114328594788,3.345713073969722],[31.176510151531133,3.345945769829326],[31.173225083405622,3.35167244521066],[31.173237192507177,3.3517074625793866],[31.174108359605583,3.354224976228408],[31.18233194846187,3.364009804166193],[31.178360215795124,3.3721947258080998],[31.178181340714445,3.372563374231684]]]}}]}
