control_id,template,line,kind,tag,label_or_expression,element_id,name,type,destination_or_expression,form_action,form_method,handlers,explicit_disabled,review_candidates,functional_status
CONTROL-00001,templates/base.html,1093,button,button,Keep this page open,,,button,,,,{},False,,Not individually executed
CONTROL-00002,templates/base.html,1094,link,a,Open sign in,,,,/login,,,{},False,,Not individually executed
CONTROL-00003,templates/base.html,1110,button,button,Dismiss notification,,,button,,,,"{""@click"": ""show = false""}",False,,Not individually executed
CONTROL-00004,templates/components/analytics_decision_frame.html,11,disclosure,summary,"Data context {{ freshness|default:""Live to current filters"" }}",,,,,,,{},False,,Not individually executed
CONTROL-00005,templates/components/analytics_decision_frame.html,32,link,a,{{ action_label }}→,,,,{{ action_href }},,,{},False,,Not individually executed
CONTROL-00006,templates/components/analytics_provenance.html,3,disclosure,summary,Data details · {{ engine.record_count }} records,,,,,,,{},False,,Not individually executed
CONTROL-00007,templates/components/button.html,25,link,a,{{ label }},,,,{{ href }},,,{},False,,Not individually executed
CONTROL-00008,templates/components/button.html,29,button,button,{{ label }},,{{ name }},{{ type|default:'button' }},,,,{},True,,Not individually executed
CONTROL-00009,templates/components/card.html,44,link,a,{{ action_label }} →,,,,{{ action_href }},,,{},False,,Not individually executed
CONTROL-00010,templates/components/context_metrics.html,27,button,button,{{ item.accessible_description }} {{ formatted_value.exact }}{{ formatted_value.display }} {{ formatted_value.display }} ↗ ↘ {{ item.trend.value }} {{ item.helper }},,,button,{{ item.hx_get }},,,"{""hx-get"": ""{{ item.hx_get }}"", ""hx-target"": ""#drawer-container"", ""hx-swap"": ""innerHTML""}",False,,Not individually executed
CONTROL-00011,templates/components/context_metrics.html,29,button,button,{{ item.accessible_description }} {{ formatted_value.exact }}{{ formatted_value.display }} {{ formatted_value.display }} ↗ ↘ {{ item.trend.value }} {{ item.helper }},,,button,/analytics/program-lead/drilldown{{ item.link }}&fy={{ fy }}                &quarter={{ quarter }}           ,,,"{""hx-get"": ""/analytics/program-lead/drilldown{{ item.link }}&fy={{ fy }}                &quarter={{ quarter }}           "", ""hx-target"": ""#drawer-container"", ""hx-swap"": ""innerHTML""}",False,,Not individually executed
CONTROL-00012,templates/components/context_metrics.html,31,link,a,{{ item.accessible_description }} {{ formatted_value.exact }}{{ formatted_value.display }} {{ formatted_value.display }} ↗ ↘ {{ item.trend.value }} {{ item.helper }},,,,/dashboard/pl-drilldown{{ item.link }}&fy={{ fy }},,,"{""hx-get"": ""/dashboard/pl-drilldown{{ item.link }}&fy={{ fy }}"", ""hx-target"": ""#drawer-container"", ""hx-swap"": ""innerHTML""}",False,,Not individually executed
CONTROL-00013,templates/components/context_metrics.html,33,link,a,{{ item.accessible_description }} {{ formatted_value.exact }}{{ formatted_value.display }} {{ formatted_value.display }} ↗ ↘ {{ item.trend.value }} {{ item.helper }},,,,{{ item.drilldown_url }},,,{},False,,Not individually executed
CONTROL-00014,templates/components/context_metrics.html,35,link,a,{{ item.accessible_description }} {{ formatted_value.exact }}{{ formatted_value.display }} {{ formatted_value.display }} ↗ ↘ {{ item.trend.value }} {{ item.helper }},,,,{{ item.link }},,,{},False,,Not individually executed
CONTROL-00015,templates/components/context_metrics.html,60,button,button,Swipe for more →,,,button,,,,{},False,No direct binding; check ancestor/delegated binding,Not individually executed
CONTROL-00016,templates/components/drawers/base_drawer.html,118,button,button,Close drawer,,,button,,,,"{""@click"": ""\nrequestClose()\n""}",False,,Not individually executed
CONTROL-00017,templates/components/drawers/base_drawer.html,150,button,button,Keep editing,,,button,,,,"{""@click"": ""confirmDiscard = false""}",False,,Not individually executed
CONTROL-00018,templates/components/drawers/base_drawer.html,152,button,button,Discard changes,,,button,,,,"{""@click"": ""discard()""}",False,,Not individually executed
CONTROL-00019,templates/components/empty_state.html,28,link,a,{{ cta_label }},,,,{{ cta_href }},,,{},False,,Not individually executed
CONTROL-00020,templates/components/input.html,28,field,input,{{ placeholder }},id_{{ name }},{{ name }},{{ type|default:'text' }},,,,{},False,,Not individually executed
CONTROL-00021,templates/components/mobile_agenda_card.html,20,link,a,,,,,                                      ,,,{},False,,Not individually executed
CONTROL-00022,templates/components/mobile_bottom_nav.html,38,link,a,{{ item.icon|safe }} {{ item.label }} 0 pending uploads {{ unread_messages_count }} unread messages,,,,{{ item.url }},,,{},False,,Not individually executed
CONTROL-00023,templates/components/mobile_bottom_nav.html,78,button,button,More {{ unread_notifications_count }} unread notifications,,,button,,,,"{""@click"": ""sidebarOpen = true; $nextTick(() => $refs.mobileSidebarClose?.focus())""}",False,,Not individually executed
CONTROL-00024,templates/components/mobile_filter_sheet.html,18,button,button,"{{ filter_label|default:""Filters"" }} {{ active_filter_count }}",,,button,,,,{},False,,Not individually executed
CONTROL-00025,templates/components/mobile_filter_sheet.html,47,button,button,"Close {{ filter_label|default:""filters"" }}",,,button,,,,{},False,,Not individually executed
CONTROL-00026,templates/components/mobile_role_home.html,19,link,a,{{ primary_action.label }},,,,{{ primary_action.url }},,,{},False,,Not individually executed
CONTROL-00027,templates/components/registered_card.html,46,link,a,View all {{ card.title }} →,,,,{{ card.drilldown_url }},,,{},False,,Not individually executed
CONTROL-00028,templates/components/registered_card_header.html,23,link,a,View all {{ card.title }} →,,,,{{ card.drilldown_url }},,,{},False,,Not individually executed
CONTROL-00029,templates/components/sidebar.html,34,link,a,{{ item.label }},,,,{{ item.url }},,,{},False,,Not individually executed
CONTROL-00030,templates/components/sidebar.html,66,button,button,Settings,,,button,,,,"{""@click"": ""settingsOpen = !settingsOpen""}",False,,Not individually executed
CONTROL-00031,templates/components/sidebar.html,84,button,button,System,,,button,,,,"{""@click"": ""$store.theme.setTheme('system')""}",False,,Not individually executed
CONTROL-00032,templates/components/sidebar.html,88,button,button,Light,,,button,,,,"{""@click"": ""$store.theme.setTheme('light')""}",False,,Not individually executed
CONTROL-00033,templates/components/sidebar.html,92,button,button,Edify Blue,,,button,,,,"{""@click"": ""$store.theme.setTheme('blue')""}",False,,Not individually executed
CONTROL-00034,templates/components/sidebar.html,96,button,button,Night black,,,button,,,,"{""@click"": ""$store.theme.setTheme('dark')""}",False,,Not individually executed
CONTROL-00035,templates/components/sidebar.html,104,button,button,Collapse sidebar,,,button,,,,"{""@click"": ""collapsed = !collapsed; settingsOpen = false; try { localStorage.setItem('edify-sidebar-collapsed', collapsed ? '1' : '0') } catch (e) {}""}",False,,Not individually executed
CONTROL-00036,templates/components/sidebar.html,116,link,a,All settings,,,,/settings,,,{},False,,Not individually executed
CONTROL-00037,templates/components/sidebar.html,117,link,a,My profile,,,,/profile,,,{},False,,Not individually executed
CONTROL-00038,templates/components/sidebar.html,118,link,a,Change password,,,,/change-password,,,{},False,,Not individually executed
CONTROL-00039,templates/components/sidebar.html,119,link,a,Notification centre,,,,/notifications,,,{},False,,Not individually executed
CONTROL-00040,templates/components/table_pager.html,21,link,a,Previous page,,,,?{{ base }}{{ param }}={{ pager.previous_page }},,,{},False,,Not individually executed
CONTROL-00041,templates/components/table_pager.html,34,link,a,Page {{ p }},,,,?{{ base }}{{ param }}={{ p }},,,{},False,,Not individually executed
CONTROL-00042,templates/components/table_pager.html,39,link,a,Next page,,,,?{{ base }}{{ param }}={{ pager.next_page }},,,{},False,,Not individually executed
CONTROL-00043,templates/layouts/shell.html,6,link,a,Skip to main content,,,,#main-content,,,{},False,,Not individually executed
CONTROL-00044,templates/layouts/shell.html,50,button,button,Close sidebar,,,button,,,,"{""@click"": ""sidebarOpen = false; $nextTick(() => ($refs.mobileSidebarOpen || document.querySelector('[data-mobile-nav-more]'))?.focus())""}",False,,Not individually executed
CONTROL-00045,templates/layouts/shell.html,94,button,button,Go back,,,button,,,,{},False,,Not individually executed
CONTROL-00046,templates/layouts/shell.html,97,button,button,Go forward,,,button,,,,{},False,,Not individually executed
CONTROL-00047,templates/layouts/shell.html,100,button,button,Refresh this page,,,button,,,,{},False,,Not individually executed
CONTROL-00048,templates/layouts/shell.html,112,button,button,Open sidebar,,,button,,,,"{""@click"": ""sidebarOpen = true; $nextTick(() => $refs.mobileSidebarClose?.focus())""}",False,,Not individually executed
CONTROL-00049,templates/layouts/shell.html,165,field,input,"{{ topbar_search.placeholder|default:'Search schools, staff, districts…' }}",{{ topbar_search.input_id|default:'page-search-input' }},{{ topbar_search.name|default:'q' }},search,,,,"{""@input.debounce.300ms"": ""$el.form ? $el.form.requestSubmit() : null""}",False,,Not individually executed
CONTROL-00050,templates/layouts/shell.html,176,button,button,Search,,,submit,,,,{},False,,Not individually executed
CONTROL-00051,templates/layouts/shell.html,206,field,input,"{{ topbar_search.placeholder|default:'Search schools, staff, districts…' }}",{{ topbar_search.input_id|default:'page-search-input' }},{{ topbar_search.name|default:'q' }},search,,{{ topbar_search.action|default:'/search' }},{{ topbar_search.method|default:'get' }},"{""@input"": ""const page = document.getElementById('filters-page-input'); if (page) page.value = '1'""}",False,,Not individually executed
CONTROL-00052,templates/layouts/shell.html,216,button,button,Search,,,submit,,{{ topbar_search.action|default:'/search' }},{{ topbar_search.method|default:'get' }},{},False,,Not individually executed
CONTROL-00053,templates/layouts/shell.html,224,field,input,"Search schools, staff, districts...",global-search-input,q,search,,/search,get,"{""@input"": ""const page = document.getElementById('filters-page-input'); if (page) page.value = '1'""}",False,,Not individually executed
CONTROL-00054,templates/layouts/shell.html,234,button,button,Search,,,submit,,/search,get,{},False,,Not individually executed
CONTROL-00055,templates/layouts/shell.html,251,button,button,Messages,,,,/messages/drawer,,,"{""hx-get"": ""/messages/drawer"", ""hx-target"": ""#drawer-container"", ""hx-swap"": ""innerHTML""}",False,,Browser: RPL messages drawer opened with empty state; no message sent.
CONTROL-00056,templates/layouts/shell.html,267,button,button,Notifications,,,,/notifications/drawer,,,"{""hx-get"": ""/notifications/drawer"", ""hx-target"": ""#drawer-container"", ""hx-swap"": ""innerHTML""}",False,,Browser: RPL notifications drawer opened and closed with empty state.
CONTROL-00057,templates/layouts/shell.html,289,link,a,Help for this page,,,,/help/context?for={{ request.path|urlencode }},,,{},False,,Not individually executed
CONTROL-00058,templates/layouts/shell.html,306,link,a,Report a problem with this page,,,,/support?route={{ request.path|urlencode }},,,{},False,,Not individually executed
CONTROL-00059,templates/layouts/shell.html,318,button,button,,,,button,,,,"{""@click"": ""$store.theme.toggleNight()""}",False,No static label; check rendered accessible name,Not individually executed
CONTROL-00060,templates/layouts/shell.html,336,button,button,Account menu,,,button,,,,"{""@click"": ""open = !open""}",False,,Browser: RPL account menu opened and logout completed.
CONTROL-00061,templates/layouts/shell.html,365,button,button,{{ r.value }},,,submit,,/auth/switch-role,post,{},False,,Not individually executed
CONTROL-00062,templates/layouts/shell.html,377,link,a,Help for this page,,,,/help/context?for={{ request.path|urlencode }},,,{},False,,Not individually executed
CONTROL-00063,templates/layouts/shell.html,378,link,a,Report a problem,,,,/support?route={{ request.path|urlencode }},,,{},False,,Not individually executed
CONTROL-00064,templates/layouts/shell.html,380,link,a,My Profile,,,,/profile,,,{},False,,Not individually executed
CONTROL-00065,templates/layouts/shell.html,396,button,button,Install app,,,button,,,,"{""@click"": ""install()""}",False,,Not individually executed
CONTROL-00066,templates/layouts/shell.html,414,button,button,Log out,,,submit,,/logout,post,{},False,,Not individually executed
CONTROL-00067,templates/pages/accounts/accountability.html,102,button,button,Enter NetSuite ID,,,button,,,,"{""@click"": ""netsuiteOpen = true; selectedAct = '{{ rec.activity.id }}'; budgetSum = {{ rec.actual_spend }}""}",False,,Not individually executed
CONTROL-00068,templates/pages/accounts/accountability.html,109,link,a,View activity finance detail,,,,/accounts/activities/{{ rec.activity.id }}/,,,{},False,,Not individually executed
CONTROL-00069,templates/pages/accounts/accountability.html,142,button,button,Close,,,,,,,"{""@click"": ""netsuiteOpen = false""}",False,,Not individually executed
CONTROL-00070,templates/pages/accounts/accountability.html,152,field,input,e.g. EXP-2200115,,netsuite_expense_id,text,,,POST,{},False,,Not individually executed
CONTROL-00071,templates/pages/accounts/accountability.html,163,field,input,Amount entered,,amount_entered,number,,,POST,{},False,,Not individually executed
CONTROL-00072,templates/pages/accounts/accountability.html,174,field,input,Expense date,,expense_date,date,,,POST,{},False,,Not individually executed
CONTROL-00073,templates/pages/accounts/accountability.html,185,field,textarea,Reconciled successfully...,,notes,,,,POST,{},False,,Not individually executed
CONTROL-00074,templates/pages/accounts/accountability.html,195,button,button,Clear Accountability,,,submit,,,,{},False,,Not individually executed
CONTROL-00075,templates/pages/accounts/accountability.html,202,button,button,Cancel,,,button,,,,"{""@click"": ""netsuiteOpen = false""}",False,,Not individually executed
CONTROL-00076,templates/pages/accounts/activity_evidence.html,59,link,a,View Inline,,,,/api/evidence/{{ ev.id }}/file,,,{},False,,Not individually executed
CONTROL-00077,templates/pages/accounts/activity_evidence.html,63,link,a,Download File,,,,/api/evidence/{{ ev.id }}/file?download=1,,,{},False,,Not individually executed
CONTROL-00078,templates/pages/accounts/activity_finance_detail.html,18,link,a,Discuss,,,,/messages?context_type=accountant_disbursement&context_id={{ act.id }},,,{},False,,Not individually executed
CONTROL-00079,templates/pages/accounts/activity_finance_detail.html,180,field,input,e.g. EXP-2026-99,,netsuite_expense_id,text,,/accounts/activities/{{ act.id }}/netsuite-id,POST,{},False,,Not individually executed
CONTROL-00080,templates/pages/accounts/activity_finance_detail.html,191,field,input,Expense date,,expense_date,date,,/accounts/activities/{{ act.id }}/netsuite-id,POST,{},False,,Not individually executed
CONTROL-00081,templates/pages/accounts/activity_finance_detail.html,201,field,input,Amount entered,,amount_entered,number,,/accounts/activities/{{ act.id }}/netsuite-id,POST,{},False,,Not individually executed
CONTROL-00082,templates/pages/accounts/activity_finance_detail.html,210,button,button,Save & Reconcile ID,,,submit,,/accounts/activities/{{ act.id }}/netsuite-id,POST,{},False,,Not individually executed
CONTROL-00083,templates/pages/accounts/approval_history.html,84,link,a,Review Request,,,,/accounts/weekly-requests/,,,{},False,,Not individually executed
CONTROL-00084,templates/pages/accounts/audit_log.html,49,link,a,"#{{ log.activity.id|slice:"":8"" }}",,,,/accounts/activities/{{ log.activity.id }}/,,,{},False,,Not individually executed
CONTROL-00085,templates/pages/accounts/batch_payments.html,26,tab,button,Advances ({{ advances|length }}),batch-tab-advances,,button,,,,"{""@click"": ""setTab('advances')""}",False,,Finance browser: default Advances panel rendered; separate tab-click return not executed.
CONTROL-00086,templates/pages/accounts/batch_payments.html,34,tab,button,Partner Payments ({{ partners|length }}),batch-tab-partners,,button,,,,"{""@click"": ""setTab('partners')""}",False,,Finance browser: clicking Partner Payments opened the matching panel.
CONTROL-00087,templates/pages/accounts/batch_payments.html,50,link,a,Export Advances CSV,,,,?export=advances,,,{},False,,Not individually executed
CONTROL-00088,templates/pages/accounts/batch_payments.html,56,field,input,Select advance {{ act.id|slice:':8' }},,,checkbox,,,,{},False,No submitted name or direct model; check JS binding,F-01: source and isolated export reproduction confirm selected IDs ignored; no eligible advances in live fixture.
CONTROL-00089,templates/pages/accounts/batch_payments.html,74,link,a,Export Partner Payments CSV,,,,?export=partners,,,{},False,,F-01: browser export link unchanged after selection; isolated export reproduction confirmed all rows included. No live download.
CONTROL-00090,templates/pages/accounts/batch_payments.html,80,field,input,Select Partner payment {{ act.id|slice:':8' }},,,checkbox,,,,{},False,No submitted name or direct model; check JS binding,"F-01: browser checkbox selected; export binding absent, confirmed by isolated reproduction."
CONTROL-00091,templates/pages/accounts/blocked.html,87,link,a,Inspect,,,,/accounts/activities/{{ item.activity.id }}/,,,{},False,,Not individually executed
CONTROL-00092,templates/pages/accounts/budget_amendments.html,51,field,input,Review note (optional),,note,text,,                                                         ,POST,{},False,,Not individually executed
CONTROL-00093,templates/pages/accounts/budget_amendments.html,53,button,button,Approve & Apply,,action,submit,,                                                         ,POST,{},False,,Not individually executed
CONTROL-00094,templates/pages/accounts/budget_amendments.html,54,button,button,Return,,action,submit,,                                                         ,POST,{},False,,Not individually executed
CONTROL-00095,templates/pages/accounts/budget_amendments.html,55,button,button,Reject,,action,submit,,                                                         ,POST,{},False,,Not individually executed
CONTROL-00096,templates/pages/accounts/cleared.html,91,link,a,Inspect,,,,/accounts/activities/{{ act.id }}/,,,{},False,,Not individually executed
CONTROL-00097,templates/pages/accounts/monthly_request.html,14,link,a,Open General Budget,,,,/country-budget/,,,{},False,,Not individually executed
CONTROL-00098,templates/pages/accounts/partner_payments.html,93,link,a,Download Invoice,,,,/accounts/partner-invoices/{{ inv.id }}/download,,,{},False,,Not individually executed
CONTROL-00099,templates/pages/accounts/partner_payments.html,97,field,input,Payment reference,,payment_reference,,,/accounts/partner-invoices/{{ inv.id }}/pay,POST,{},False,,Not individually executed
CONTROL-00100,templates/pages/accounts/partner_payments.html,98,field,select,Payment method,,payment_method,,,/accounts/partner-invoices/{{ inv.id }}/pay,POST,{},False,,Not individually executed
CONTROL-00101,templates/pages/accounts/partner_payments.html,101,button,button,Pay Partner,,,submit,,/accounts/partner-invoices/{{ inv.id }}/pay,POST,{},False,,Not individually executed
CONTROL-00102,templates/pages/accounts/partner_payments.html,160,button,button,Pay 50% Advance,,,button,,,,"{""@click"": ""openPayment($event, '{{ act.id }}', '{{ act.assigned_partner_id|escapejs }}', {{ act.mou_advance|default:0 }}, 'advance', '50% MOU Advance')""}",False,,Not individually executed
CONTROL-00103,templates/pages/accounts/partner_payments.html,244,button,button,Clear Balance,,,button,,,,"{""@click"": ""openPayment($event, '{{ act.id }}', '{{ act.assigned_partner_id|escapejs }}', {{ act.balance_due|default:0 }}, 'clearance', 'Clearance')""}",False,,Not individually executed
CONTROL-00104,templates/pages/accounts/partner_payments.html,251,link,a,View activity finance detail,,,,/accounts/activities/{{ act.id }}/,,,{},False,,Not individually executed
CONTROL-00105,templates/pages/accounts/partner_payments.html,291,button,button,Close,,,button,,,,"{""@click"": ""closePayment()""}",False,,Not individually executed
CONTROL-00106,templates/pages/accounts/partner_payments.html,302,field,input,Partner name,partner-payment-name,partner_name,text,,,POST,{},False,,Not individually executed
CONTROL-00107,templates/pages/accounts/partner_payments.html,314,field,input,Amount paid,partner-payment-amount,amount_paid,number,,,POST,{},False,,Not individually executed
CONTROL-00108,templates/pages/accounts/partner_payments.html,326,field,select,{{ m }},partner-payment-method,payment_method,,,,POST,{},False,,Not individually executed
CONTROL-00109,templates/pages/accounts/partner_payments.html,335,field,input,e.g. EFT-1100223,partner-payment-reference,payment_reference,text,,,POST,{},False,,Not individually executed
CONTROL-00110,templates/pages/accounts/partner_payments.html,347,field,textarea,Internal comments...,partner-payment-notes,notes,,,,POST,{},False,,Not individually executed
CONTROL-00111,templates/pages/accounts/partner_payments.html,358,button,button,Confirm Payment,,,submit,,,,{},False,,Not individually executed
CONTROL-00112,templates/pages/accounts/partner_payments.html,365,button,button,Cancel,,,button,,,,"{""@click"": ""closePayment()""}",False,,Not individually executed
CONTROL-00113,templates/pages/accounts/ready_for_advance.html,105,button,button,Process Advance,,,button,,,,"{""@click"": ""openDisbursement($event, '{{ act.id }}', {{ act.est_cost_cents|default:0 }})""}",False,,Not individually executed
CONTROL-00114,templates/pages/accounts/ready_for_advance.html,112,link,a,View activity finance detail,,,,/accounts/activities/{{ act.id }}/,,,{},False,,Not individually executed
CONTROL-00115,templates/pages/accounts/ready_for_advance.html,151,button,button,Close,,,button,,,,"{""@click"": ""closeDisbursement()""}",False,,Not individually executed
CONTROL-00116,templates/pages/accounts/ready_for_advance.html,167,field,input,Amount disbursed,disburse-amount,amount_disbursed,number,,,POST,{},False,,Not individually executed
CONTROL-00117,templates/pages/accounts/ready_for_advance.html,179,field,input,Disbursed at,disburse-date,disbursed_at,date,,,POST,{},False,,Not individually executed
CONTROL-00118,templates/pages/accounts/ready_for_advance.html,191,field,select,{{ m }},disburse-method,payment_method,,,,POST,{},False,,Not individually executed
CONTROL-00119,templates/pages/accounts/ready_for_advance.html,200,field,input,e.g. TXN-9988112,disburse-reference,payment_reference,text,,,POST,{},False,,Not individually executed
CONTROL-00120,templates/pages/accounts/ready_for_advance.html,212,field,textarea,Internal comments...,disburse-notes,notes,,,,POST,{},False,,Not individually executed
CONTROL-00121,templates/pages/accounts/ready_for_advance.html,223,button,button,Confirm Disbursement,,,submit,,,,{},False,,Not individually executed
CONTROL-00122,templates/pages/accounts/ready_for_advance.html,230,button,button,Cancel,,,button,,,,"{""@click"": ""closeDisbursement()""}",False,,Not individually executed
CONTROL-00123,templates/pages/accounts/returned.html,78,link,a,Inspect,,,,/accounts/activities/{{ item.activity.id }}/,,,{},False,,Not individually executed
CONTROL-00124,templates/pages/accounts/variance_review.html,81,link,a,Reconcile,,,,/accounts/activities/{{ item.activity.id }}/,,,{},False,,Not individually executed
CONTROL-00125,templates/pages/accounts/weekly_requests.html,74,link,a,Clear Advances,,,,/accounts/advances/,,,{},False,,Not individually executed
CONTROL-00126,templates/pages/admin/data_quality_center.html,32,link,a,Open setup queue →,,,,/admin-panel/staff-setup-queue,,,{},False,,Not individually executed
CONTROL-00127,templates/pages/admin/data_quality_center.html,39,link,a,Open school directory →,,,,/schools?filter=unclustered,,,{},False,,Not individually executed
CONTROL-00128,templates/pages/admin/data_quality_center.html,46,link,a,Open duplicate review →,,,,/data-quality/duplicates,,,{},False,,Not individually executed
CONTROL-00129,templates/pages/admin/data_quality_center.html,58,link,a,Open unmatched queue →,,,,/ssa/unmatched,,,{},False,,Not individually executed
CONTROL-00130,templates/pages/admin/duplicate_review.html,49,button,button,Mark as Unique,,,submit,,,post,{},False,,Not individually executed
CONTROL-00131,templates/pages/admin/index.html,23,link,a,Add User,,,,/admin-panel/users,,,{},False,,Not individually executed
CONTROL-00132,templates/pages/admin/index.html,32,link,a,Review Staff Queue,,,,/admin-panel/staff-setup-queue,,,{},False,,Not individually executed
CONTROL-00133,templates/pages/admin/index.html,81,link,a,Pending Unmatched Staff,,,,/admin-panel/staff-setup-queue,,,{},False,,Not individually executed
CONTROL-00134,templates/pages/admin/index.html,85,link,a,Scanner Quality Center,,,,/admin-panel/data-quality-center,,,{},False,,Not individually executed
CONTROL-00135,templates/pages/admin/index.html,104,link,a,Active Workflow Rules,,,,/admin-panel/workflow-rules,,,{},False,,Not individually executed
CONTROL-00136,templates/pages/admin/index.html,108,link,a,Integrity System Health,,,,/system-health,,,{},False,,Not individually executed
CONTROL-00137,templates/pages/admin/index.html,128,link,a,"Roles & Permissions Manage feature gates, permission matrices, and user access levels",,,,/admin-panel/roles-permissions,,,{},False,,Not individually executed
CONTROL-00138,templates/pages/admin/index.html,141,link,a,Page Access Matrix Verify role-specific route parameters and security groups,,,,/admin-panel/page-access-matrix,,,{},False,,Not individually executed
CONTROL-00139,templates/pages/admin/index.html,154,link,a,School Upload History Audit school and SSA file batch imports with rollback triggers,,,,/admin-panel/school-upload-history,,,{},False,,Not individually executed
CONTROL-00140,templates/pages/admin/index.html,167,link,a,"District & Region Setup Define geographical coordinates, regions, and regional bounds",,,,/admin-panel/region-district-setup,,,{},False,,Not individually executed
CONTROL-00141,templates/pages/admin/index.html,232,link,a,View System Audit Trail,,,,/admin-panel/audit-log,,,{},False,,Not individually executed
CONTROL-00142,templates/pages/admin/notifications_mgmt.html,72,button,button,Resend Alert,,,submit,,/admin/notifications-mgmt,post,{},False,,Not individually executed
CONTROL-00143,templates/pages/admin/region_district_setup.html,52,field,select,District type,,district_type,,,,post,"{""@change"": ""$el.form.requestSubmit()""}",False,,Not individually executed
CONTROL-00144,templates/pages/admin/region_district_setup.html,81,field,input,e.g. Kitgum Secondary Route,,group_name,text,,,post,{},False,,Not individually executed
CONTROL-00145,templates/pages/admin/region_district_setup.html,82,button,button,Create Group,,,submit,,,post,{},False,,Not individually executed
CONTROL-00146,templates/pages/admin/region_district_setup.html,99,button,button,Approve,,,submit,,,post,{},False,,Not individually executed
CONTROL-00147,templates/pages/admin/region_district_setup.html,112,button,button,×,,,submit,,,post,{},False,,Not individually executed
CONTROL-00148,templates/pages/admin/region_district_setup.html,123,field,select,District ID,,district_id,,,,post,{},False,,Not individually executed
CONTROL-00149,templates/pages/admin/region_district_setup.html,129,button,button,Add,,,submit,,,post,{},False,,Not individually executed
CONTROL-00150,templates/pages/admin/region_district_setup.html,149,field,input,e.g. Mukono,,district_name,text,,/admin/region-district-setup,post,{},False,,Not individually executed
CONTROL-00151,templates/pages/admin/region_district_setup.html,160,field,select,Region ID,,region_id,,,/admin/region-district-setup,post,{},False,,Not individually executed
CONTROL-00152,templates/pages/admin/region_district_setup.html,172,button,button,Create District,,,submit,,/admin/region-district-setup,post,{},False,,Not individually executed
CONTROL-00153,templates/pages/admin/staff_setup_queue.html,53,field,select,Staff ID,,staff_id,,,/admin/staff-setup-queue,post,{},False,,Not individually executed
CONTROL-00154,templates/pages/admin/staff_setup_queue.html,65,button,button,Match,,,submit,,,,{},False,,Not individually executed
CONTROL-00155,templates/pages/admin/staff_setup_queue.html,76,button,button,Ignore,,,submit,,/admin/staff-setup-queue,post,{},False,,Not individually executed
CONTROL-00156,templates/pages/admin/unmatched_ssa_queue.html,28,field,select,Status,,status,,,,get,{},False,,Not individually executed
CONTROL-00157,templates/pages/admin/unmatched_ssa_queue.html,38,field,select,Batch,,batch,,,,get,{},False,,Not individually executed
CONTROL-00158,templates/pages/admin/unmatched_ssa_queue.html,47,field,input,Contains…,,district,text,,,get,{},False,,Not individually executed
CONTROL-00159,templates/pages/admin/unmatched_ssa_queue.html,51,field,input,Contains…,,school_id,text,,,get,{},False,,Not individually executed
CONTROL-00160,templates/pages/admin/unmatched_ssa_queue.html,55,field,input,0.00–1.00,,min_confidence,number,,,get,{},False,,Not individually executed
CONTROL-00161,templates/pages/admin/unmatched_ssa_queue.html,59,field,input,Date from,,date_from,date,,,get,{},False,,Not individually executed
CONTROL-00162,templates/pages/admin/unmatched_ssa_queue.html,63,field,input,Date to,,date_to,date,,,get,{},False,,Not individually executed
CONTROL-00163,templates/pages/admin/unmatched_ssa_queue.html,66,button,button,Apply Filters,,,submit,,,get,{},False,,Not individually executed
CONTROL-00164,templates/pages/admin/unmatched_ssa_queue.html,67,link,a,Clear,,,,?,,get,{},False,,Not individually executed
CONTROL-00165,templates/pages/admin/unmatched_ssa_queue.html,123,field,select,School ID,,school_id,,,,post,{},False,,Not individually executed
CONTROL-00166,templates/pages/admin/unmatched_ssa_queue.html,130,button,button,Link,,,submit,,,post,{},False,,Not individually executed
CONTROL-00167,templates/pages/admin/unmatched_ssa_queue.html,140,button,button,Create School,,,submit,,,post,{},False,,Not individually executed
CONTROL-00168,templates/pages/admin/unmatched_ssa_queue.html,151,button,button,Hold,,,submit,,,post,{},False,,Not individually executed
CONTROL-00169,templates/pages/admin/unmatched_ssa_queue.html,162,button,button,Ignore,,,submit,,,post,{},False,,Not individually executed
CONTROL-00170,templates/pages/admin/unmatched_ssa_queue.html,188,link,a,← Prev,,,,?page={{ records_page.previous_page_number }}                                         &{{ k }}={{ v }}                       ,,,{},False,,Not individually executed
CONTROL-00171,templates/pages/admin/unmatched_ssa_queue.html,191,link,a,Next →,,,,?page={{ records_page.next_page_number }}                                         &{{ k }}={{ v }}                       ,,,{},False,,Not individually executed
CONTROL-00172,templates/pages/admin/user_detail.html,13,link,a,User Management,,,,                                ,,,{},False,,Not individually executed
CONTROL-00173,templates/pages/admin/user_detail.html,83,field,input,Name,,name,text,,                                                ,POST,{},False,,Not individually executed
CONTROL-00174,templates/pages/admin/user_detail.html,94,field,input,Email,,email,email,,                                                ,POST,{},False,,Not individually executed
CONTROL-00175,templates/pages/admin/user_detail.html,106,field,input,+256...,,phone,text,,                                                ,POST,{},False,,Not individually executed
CONTROL-00176,templates/pages/admin/user_detail.html,119,field,select,Role,,role,,,                                                ,POST,{},False,,Not individually executed
CONTROL-00177,templates/pages/admin/user_detail.html,134,field,input,{{ r }},,additional_roles,checkbox,,                                                ,POST,{},False,,Not individually executed
CONTROL-00178,templates/pages/admin/user_detail.html,152,field,select,Primary district,,primary_district,,,                                                ,POST,{},False,,Not individually executed
CONTROL-00179,templates/pages/admin/user_detail.html,168,field,input,{{ d.id }},,additional_districts,checkbox,,                                                ,POST,{},False,,Not individually executed
CONTROL-00180,templates/pages/admin/user_detail.html,183,button,button,Save Profile Updates,,,submit,,                                                ,POST,{},False,,Not individually executed
CONTROL-00181,templates/pages/admin/user_detail.html,240,field,input,{{ person.id }},manager-{{ member.id }}-staff-{{ person.id }},managed_staff_ids,checkbox,,                                                ,POST,{},False,,Not individually executed
CONTROL-00182,templates/pages/admin/user_detail.html,259,button,button,Save managed people,,,submit,,                                                ,POST,{},False,,Not individually executed
CONTROL-00183,templates/pages/admin/user_detail.html,298,button,button,Send Invitation Link,,,submit,,                                                ,POST,{},False,,Not individually executed
CONTROL-00184,templates/pages/admin/user_detail.html,312,button,button,Unlock Account,,,submit,,                                                ,POST,{},False,,Not individually executed
CONTROL-00185,templates/pages/admin/user_detail.html,326,button,button,Deactivate User Account,,,submit,,                                                ,POST,{},False,,Not individually executed
CONTROL-00186,templates/pages/admin/user_detail.html,337,button,button,Activate User Account,,,submit,,                                                ,POST,{},False,,Not individually executed
CONTROL-00187,templates/pages/admin/user_detail.html,376,field,input,Enter new password for user,,new_password,password,,                                                ,POST,{},False,,Not individually executed
CONTROL-00188,templates/pages/admin/user_detail.html,385,button,button,Reset Password,,,submit,,                                                ,POST,{},False,,Not individually executed
CONTROL-00189,templates/pages/admin/users.html,33,button,button,Add Partner,,,button,/partners/create,,,"{""hx-get"": ""/partners/create"", ""hx-target"": ""#drawer-container"", ""hx-swap"": ""innerHTML""}",False,,Not individually executed
CONTROL-00190,templates/pages/admin/users.html,46,button,button,Add User,,,button,,,,"{""@click"": ""showAddModal = true""}",False,,Not individually executed
CONTROL-00191,templates/pages/admin/users.html,115,link,a,{{ partner.name }},,,,/partners/{{ partner.id }},,,{},False,,Not individually executed
CONTROL-00192,templates/pages/admin/users.html,120,link,a,{{ partner.email }},,,,mailto:{{ partner.email }},,,{},False,,Not individually executed
CONTROL-00193,templates/pages/admin/users.html,138,button,button,Deactivate {{ partner.name }},,,submit,,                                ,post,{},False,,Not individually executed
CONTROL-00194,templates/pages/admin/users.html,141,button,button,Activate {{ partner.name }},,,submit,,                                ,post,{},False,,Not individually executed
CONTROL-00195,templates/pages/admin/users.html,146,button,button,Delete {{ partner.name }} permanently,,,button,,,,"{""@click"": ""\n                  partnerToDelete = $el.dataset.partnerId;\n                  partnerToDeleteName = $el.dataset.partnerName;\n                  partnerToDeleteHasHistory = $el.dataset.partnerHistory === '1';\n                  showPartnerDeleteModal = true\n                ""}",False,,Not individually executed
CONTROL-00196,templates/pages/admin/users.html,192,field,select,All Roles {{ r }},,role,,,/admin-panel/users,get,"{""@change"": ""$el.form.requestSubmit()""}",False,,Not individually executed
CONTROL-00197,templates/pages/admin/users.html,201,field,select,All Statuses Active Inactive,,status,,,/admin-panel/users,get,"{""@change"": ""$el.form.requestSubmit()""}",False,,Not individually executed
CONTROL-00198,templates/pages/admin/users.html,208,link,a,Clear filters,,,,/admin-panel/users               ?q={{ search }}           ,/admin-panel/users,get,{},False,,Not individually executed
CONTROL-00199,templates/pages/admin/users.html,268,link,a,Configure,,,,                                           ,,,{},False,,Not individually executed
CONTROL-00200,templates/pages/admin/users.html,322,button,button,Cancel,,,button,,                                ,post,"{""@click"": ""showPartnerDeleteModal = false""}",False,,Not individually executed
CONTROL-00201,templates/pages/admin/users.html,323,button,button,Delete Permanently,,,submit,,                                ,post,{},False,,Not individually executed
CONTROL-00202,templates/pages/admin/users.html,355,button,button,Close create user dialog,,,button,,,,"{""@click"": ""showAddModal = false""}",False,,Not individually executed
CONTROL-00203,templates/pages/admin/users.html,369,field,input,e.g. John Doe,new-user-name,name,text,,                                ,POST,{},False,,Not individually executed
CONTROL-00204,templates/pages/admin/users.html,381,field,input,johndoe@edify.org,new-user-email,email,email,,                                ,POST,{},False,,Not individually executed
CONTROL-00205,templates/pages/admin/users.html,393,field,input,+256...,new-user-phone,phone,text,,                                ,POST,{},False,,Not individually executed
CONTROL-00206,templates/pages/admin/users.html,404,field,input,Leave blank to send an invitation instead,new-user-password,password,password,,                                ,POST,{},False,,Not individually executed
CONTROL-00207,templates/pages/admin/users.html,416,field,select,Supervisor staff ID,new-user-supervisor,supervisor_staff_id,,,                                ,POST,{},False,,Not individually executed
CONTROL-00208,templates/pages/admin/users.html,432,field,select,Role,new-user-role,role,,,                                ,POST,{},False,,Not individually executed
CONTROL-00209,templates/pages/admin/users.html,447,field,select,Primary district,new-user-primary-district,primary_district,,,                                ,POST,{},False,,Not individually executed
CONTROL-00210,templates/pages/admin/users.html,476,field,input,{{ person.id }},new-manager-person-{{ person.id }},managed_staff_ids,checkbox,,                                ,POST,{},False,,Not individually executed
CONTROL-00211,templates/pages/admin/users.html,501,field,input,{{ d.id }},,additional_districts,checkbox,,                                ,POST,{},False,,Not individually executed
CONTROL-00212,templates/pages/admin/users.html,518,field,input,{{ r }},,additional_roles,checkbox,,                                ,POST,{},False,,Not individually executed
CONTROL-00213,templates/pages/admin/users.html,531,button,button,Cancel,,,button,,                                ,POST,"{""@click"": ""showAddModal = false""}",False,,Not individually executed
CONTROL-00214,templates/pages/admin/users.html,538,button,button,Provision & Set Password,,,submit,,                                ,POST,{},False,,Not individually executed
CONTROL-00215,templates/pages/admin_ops/_work_section.html,24,link,a,Incident,,,,/admin-ops/incidents/{{ item.incident_id }},,,{},False,,Not individually executed
CONTROL-00216,templates/pages/admin_ops/_work_section.html,31,button,button,"{{ item.next_action|default:""Start"" }}",,,submit,,/admin-ops/work-items/{{ item.id }}/start,post,{},False,,Not individually executed
CONTROL-00217,templates/pages/admin_ops/_work_section.html,37,field,input,How was this verified?,verify-{{ item.id }},verification_note,,,/admin-ops/work-items/{{ item.id }}/complete,post,{},False,,Not individually executed
CONTROL-00218,templates/pages/admin_ops/_work_section.html,38,button,button,Complete,,,submit,,/admin-ops/work-items/{{ item.id }}/complete,post,{},False,,Not individually executed
CONTROL-00219,templates/pages/admin_ops/data_repair.html,23,link,a,Dry Run,,,,/data-repair?repair={{ repair.key }},,,{},False,,Not individually executed
CONTROL-00220,templates/pages/admin_ops/data_repair.html,48,field,input,Why is this repair being made?,repair-reason,reason,,,/data-repair/{{ preview.key }}/apply,post,{},False,,Not individually executed
CONTROL-00221,templates/pages/admin_ops/data_repair.html,49,button,button,Apply Repair Refer for Correction,,,submit,,/data-repair/{{ preview.key }}/apply,post,{},False,,Not individually executed
CONTROL-00222,templates/pages/admin_ops/incident_detail.html,30,link,a,Open Affected Route,,,,{{ incident.affected_route }},,,{},False,,Not individually executed
CONTROL-00223,templates/pages/admin_ops/incident_detail.html,38,button,button,Acknowledge Incident,,,submit,,/admin-ops/incidents/{{ incident.id }}/acknowledge,post,{},False,,Not individually executed
CONTROL-00224,templates/pages/admin_ops/incident_detail.html,44,field,input,What resolved it?,incident-note,note,,,/admin-ops/incidents/{{ incident.id }}/resolve,post,{},False,,Not individually executed
CONTROL-00225,templates/pages/admin_ops/incident_detail.html,45,button,button,Resolve,,,submit,,/admin-ops/incidents/{{ incident.id }}/resolve,post,{},False,,Not individually executed
CONTROL-00226,templates/pages/admin_ops/incidents.html,12,link,a,"{{ incident.get_severity_display }} {{ incident.reference }} {{ incident.get_status_display }} seen {{ incident.occurrence_count }}× reopened {{ incident.reopened_count }}× {{ incident.title }} · last seen {{ incident.last_detected_at|date:""d M H:i"" ",,,,/admin-ops/incidents/{{ incident.id }},,,{},False,,Not individually executed
CONTROL-00227,templates/pages/admin_ops/planning.html,34,field,input,,sched-{{ item.id }},scheduled_date,date,,/admin-ops/work-items/{{ item.id }}/schedule,post,{},False,,Not individually executed
CONTROL-00228,templates/pages/admin_ops/planning.html,35,button,button,Schedule,,,submit,,/admin-ops/work-items/{{ item.id }}/schedule,post,{},False,,Not individually executed
CONTROL-00229,templates/pages/admin_ops/planning.html,49,link,a,{{ incident.reference }} seen {{ incident.occurrence_count }}× {{ incident.title }},,,,/admin-ops/incidents/{{ incident.id }},,,{},False,,Not individually executed
CONTROL-00230,templates/pages/admin_ops/planning.html,72,field,select,{{ label }},sev-{{ ticket.id }},severity,,,/admin-ops/tickets/{{ ticket.id }}/triage,post,{},False,,Not individually executed
CONTROL-00231,templates/pages/admin_ops/planning.html,75,button,button,Triage,,,submit,,/admin-ops/tickets/{{ ticket.id }}/triage,post,{},False,,Not individually executed
CONTROL-00232,templates/pages/admin_ops/report_problem.html,21,field,input,The Schedule button does nothing,,title,,,/support,post,{},False,,Not individually executed
CONTROL-00233,templates/pages/admin_ops/report_problem.html,25,field,select,{{ label }},,category,,,/support,post,{},False,,Not individually executed
CONTROL-00234,templates/pages/admin_ops/report_problem.html,31,field,select,{{ label }},,urgency,,,/support,post,{},False,,Not individually executed
CONTROL-00235,templates/pages/admin_ops/report_problem.html,37,field,textarea,"What were you trying to do, and what did you see instead?",,description,,,/support,post,{},False,,Not individually executed
CONTROL-00236,templates/pages/admin_ops/report_problem.html,39,button,button,Send to the platform team,,,submit,,/support,post,{},False,,Not individually executed
CONTROL-00237,templates/pages/admin_ops/support_queue.html,32,field,input,What was fixed?,res-{{ ticket.id }},resolution,,,/admin-ops/tickets/{{ ticket.id }}/resolve,post,{},False,,Not individually executed
CONTROL-00238,templates/pages/admin_ops/support_queue.html,33,button,button,Resolve,,,submit,,/admin-ops/tickets/{{ ticket.id }}/resolve,post,{},False,,Not individually executed
CONTROL-00239,templates/pages/admin_ops/team_plans.html,24,field,select,All roles {{ r }},,role,,,,get,{},False,,Not individually executed
CONTROL-00240,templates/pages/admin_ops/team_plans.html,30,field,select,All types {{ t }},,activity_type,,,,get,{},False,,Not individually executed
CONTROL-00241,templates/pages/admin_ops/team_plans.html,36,field,select,All states {{ s }},,status,,,,get,{},False,,Not individually executed
CONTROL-00242,templates/pages/admin_ops/team_plans.html,42,field,select,All districts {{ d.name }},,district,,,,get,{},False,,Not individually executed
CONTROL-00243,templates/pages/admin_ops/team_plans.html,48,field,input,1,,overdue,checkbox,,,get,{},False,,Not individually executed
CONTROL-00244,templates/pages/admin_ops/team_plans.html,51,button,button,Apply,,,submit,,,get,{},False,,Not individually executed
CONTROL-00245,templates/pages/admin_ops/team_plans.html,52,link,a,Reset,,,,/admin-ops/team-plans,,get,{},False,,Not individually executed
CONTROL-00246,templates/pages/admin_ops/team_plans.html,95,link,a,Open,,,,{{ row.detailUrl }},,,{},False,,Not individually executed
CONTROL-00247,templates/pages/admin_ops/team_plans.html,97,link,a,Report,,,,/support?route=/my-plan/{{ row.id }},,,{},False,,Not individually executed
CONTROL-00248,templates/pages/analytics/index.html,17,link,a,Download CSV Export,,,,                                                                   ?{{ request.GET.urlencode }}           ,,,{},False,,Not individually executed
CONTROL-00249,templates/pages/analytics/index.html,23,button,button,Send to Inbox Send,,,button,/analytics/schedule-report,,,"{""hx-get"": ""/analytics/schedule-report"", ""hx-target"": ""#drawer-container"", ""hx-swap"": ""innerHTML""}",False,,Not individually executed
CONTROL-00250,templates/pages/analytics/index.html,29,button,button,Customize Layout,,,button,/analytics/customize-dashboard,,,"{""hx-get"": ""/analytics/customize-dashboard"", ""hx-target"": ""#drawer-container"", ""hx-swap"": ""innerHTML""}",False,,Not individually executed
CONTROL-00251,templates/pages/analytics/index.html,42,disclosure,summary,"Analytics filters Change period, geography, or programme scope ⌄",,,,,,,{},False,,Not individually executed
CONTROL-00252,templates/pages/analytics/visit_effectiveness.html,26,field,select,Assessment comparison,,comparison,,,/analytics/visit-effectiveness,get,{},False,,Not individually executed
CONTROL-00253,templates/pages/analytics/visit_effectiveness.html,33,field,select,School type,,school_type,,,/analytics/visit-effectiveness,get,"{""hx-trigger"": ""change""}",False,,Not individually executed
CONTROL-00254,templates/pages/analytics/workspace.html,35,link,a,Download CSV Export,,,,                                                                   ?{{ request.GET.urlencode }}           ,,,{},False,,Not individually executed
CONTROL-00255,templates/pages/analytics/workspace.html,41,button,button,Send to Inbox Send,,,button,/analytics/schedule-report,,,"{""hx-get"": ""/analytics/schedule-report"", ""hx-target"": ""#drawer-container"", ""hx-swap"": ""innerHTML""}",False,,Not individually executed
CONTROL-00256,templates/pages/analytics/workspace.html,47,button,button,Customize Layout,,,button,/analytics/customize-dashboard,,,"{""hx-get"": ""/analytics/customize-dashboard"", ""hx-target"": ""#drawer-container"", ""hx-swap"": ""innerHTML""}",False,,Not individually executed
CONTROL-00257,templates/pages/audit/decision_log.html,24,field,select,Last {{ option }} days,days-select,days,,,,GET,"{""@change"": ""$el.form.requestSubmit()""}",False,,Not individually executed
CONTROL-00258,templates/pages/audit/decision_log.html,30,link,a,All,,,,?days={{ log.days }},,,{},False,,Not individually executed
CONTROL-00259,templates/pages/audit/decision_log.html,32,link,a,{{ g }},,,,?group={{ g }}&days={{ log.days }},,,{},False,,Not individually executed
CONTROL-00260,templates/pages/auth/change_password.html,33,field,input,Create a new password,new_password,new_password,password,,/change-password,post,{},False,,Not individually executed
CONTROL-00261,templates/pages/auth/change_password.html,34,button,button,Show new password,,,button,,/change-password,post,{},False,,Not individually executed
CONTROL-00262,templates/pages/auth/change_password.html,45,field,input,Repeat the new password,confirm_password,confirm_password,password,,/change-password,post,{},False,,Not individually executed
CONTROL-00263,templates/pages/auth/change_password.html,46,button,button,Show confirmed password,,,button,,/change-password,post,{},False,,Not individually executed
CONTROL-00264,templates/pages/auth/change_password.html,68,button,button,Set new password and continue,,,submit,,/change-password,post,{},False,,Not individually executed
CONTROL-00265,templates/pages/auth/login.html,15,field,input,{{ email|default:'' }},email,email,email,,                          ,post,{},False,,Not individually executed
CONTROL-00266,templates/pages/auth/login.html,33,field,input,,current-password,password,password,,                          ,post,{},False,,Not individually executed
CONTROL-00267,templates/pages/auth/login.html,42,button,button,Show password,,,button,,                          ,post,{},False,,Not individually executed
CONTROL-00268,templates/pages/auth/login.html,58,field,input,,remember-me,remember_me,checkbox,,                          ,post,{},False,,Not individually executed
CONTROL-00269,templates/pages/auth/login.html,61,button,button,Forgot password?,,,button,,                          ,post,{},False,,Not individually executed
CONTROL-00270,templates/pages/auth/login.html,75,button,button,Access workspace,,,submit,,                          ,post,{},False,,Not individually executed
CONTROL-00271,templates/pages/auth/mfa_verify.html,31,field,input,,mfa-code,code,text,,                               ,post,{},False,,Not individually executed
CONTROL-00272,templates/pages/auth/mfa_verify.html,69,button,button,Verify and continue,,,submit,,                               ,post,{},False,,Not individually executed
CONTROL-00273,templates/pages/auth/mfa_verify.html,85,button,button,Send a new code,,,submit,,                               ,post,{},False,,Not individually executed
CONTROL-00274,templates/pages/auth/mfa_verify.html,92,link,a,Start again,,,,                          ,,,{},False,,Not individually executed
CONTROL-00275,templates/pages/auth/reset_password.html,16,link,a,Return to sign in,,,,                          ,,,{},False,,Not individually executed
CONTROL-00276,templates/pages/auth/reset_password.html,26,field,input,,new-password,password,password,,                                   ,post,{},False,,Not individually executed
CONTROL-00277,templates/pages/auth/reset_password.html,27,button,button,Show new password,,,button,,                                   ,post,{},False,,Not individually executed
CONTROL-00278,templates/pages/auth/reset_password.html,38,field,input,,confirm-password,confirm,password,,                                   ,post,{},False,,Not individually executed
CONTROL-00279,templates/pages/auth/reset_password.html,39,button,button,Show confirmed password,,,button,,                                   ,post,{},False,,Not individually executed
CONTROL-00280,templates/pages/auth/reset_password.html,60,button,button,Set new password,,,submit,,                                   ,post,{},False,,Not individually executed
CONTROL-00281,templates/pages/budget/index.html,57,link,a,Review Requests →,,,,/fund-requests,,,{},False,,Not individually executed
CONTROL-00282,templates/pages/budgets/monthly.html,30,link,a,My Budget,,,,{{ workspace_base_url }}?fy={{ fy }}&date={{ anchor|date:'Y-m-d' }}&period={{ selected_period }}&budget_scope=my,,,{},False,,Not individually executed
CONTROL-00283,templates/pages/budgets/monthly.html,31,link,a,Team Budget,,,,{{ workspace_base_url }}?fy={{ fy }}&date={{ anchor|date:'Y-m-d' }}&period={{ selected_period }}&budget_scope=team,,,{},False,,Not individually executed
CONTROL-00284,templates/pages/budgets/monthly.html,39,field,input,Fiscal year,,fy,number,,/budget,get,{},False,,Not individually executed
CONTROL-00285,templates/pages/budgets/monthly.html,40,field,input,Period date,,date,date,,/budget,get,{},False,,Not individually executed
CONTROL-00286,templates/pages/budgets/monthly.html,41,button,button,View Budget,,,submit,,/budget,get,{},False,,Not individually executed
CONTROL-00287,templates/pages/budgets/monthly.html,42,link,a,Weekly Advance Request,,,,/fund-requests/weekly,/budget,get,{},False,,Not individually executed
CONTROL-00288,templates/pages/budgets/monthly.html,46,link,a,Monthly Budget,,,,?fy={{ fy }}&date={{ anchor|date:'Y-m-d' }}&period=month&budget_scope={{ budget_scope }}&district={{ selected_district|urlencode }},,,{},False,,Not individually executed
CONTROL-00289,templates/pages/budgets/monthly.html,47,link,a,Quarterly Budget,,,,?fy={{ fy }}&date={{ anchor|date:'Y-m-d' }}&period=quarter&budget_scope={{ budget_scope }}&district={{ selected_district|urlencode }},,,{},False,,Not individually executed
CONTROL-00290,templates/pages/budgets/monthly.html,48,link,a,Annual Budget,,,,?fy={{ fy }}&date={{ anchor|date:'Y-m-d' }}&period=fy&budget_scope={{ budget_scope }}&district={{ selected_district|urlencode }},,,{},False,,Not individually executed
CONTROL-00291,templates/pages/budgets/monthly.html,72,field,input,e.g. Office internet,admin-description,description,,,/country-budget/action,post,{},False,,Not individually executed
CONTROL-00292,templates/pages/budgets/monthly.html,76,field,input,operations,admin-category,cost_category,,,/country-budget/action,post,{},False,,Not individually executed
CONTROL-00293,templates/pages/budgets/monthly.html,80,field,input,1,admin-quantity,quantity,number,,/country-budget/action,post,{},False,,Not individually executed
CONTROL-00294,templates/pages/budgets/monthly.html,84,field,input,0,admin-unit-cost,unit_cost,number,,/country-budget/action,post,{},False,,Not individually executed
CONTROL-00295,templates/pages/budgets/monthly.html,87,button,button,Add item,,,submit,,/country-budget/action,post,{},False,,Not individually executed
CONTROL-00296,templates/pages/budgets/monthly.html,91,field,input,Short explanation,admin-justification,justification,,,/country-budget/action,post,{},False,,Not individually executed
CONTROL-00297,templates/pages/budgets/monthly.html,133,field,select,All districts {{ d.name }},budget-district-filter,district,,,{{ workspace_base_url }},get,"{""@change"": ""$el.form.submit()""}",False,,Not individually executed
CONTROL-00298,templates/pages/budgets/monthly.html,168,button,button,View plan sources,,,button,/country-budget/plan-sources?fy={{ country_workflow.fy }}&month={{ country_workflow.month }},,,"{""hx-get"": ""/country-budget/plan-sources?fy={{ country_workflow.fy }}&month={{ country_workflow.month }}"", ""hx-target"": ""#drawer-container"", ""hx-swap"": ""innerHTML""}",False,,Not individually executed
CONTROL-00299,templates/pages/budgets/monthly.html,174,link,a,Submitted budgets,,,,/country-budget/history?fy={{ country_workflow.fy }},,,{},False,,Not individually executed
CONTROL-00300,templates/pages/budgets/monthly.html,185,button,button,Submit {{ country_workflow.month_label }} budget to RVP,,,submit,,/country-budget/action,post,{},True,,Not individually executed
CONTROL-00301,templates/pages/budgets/monthly.html,197,button,button,Approve,,,submit,,/country-budget/action,post,{},False,,Not individually executed
CONTROL-00302,templates/pages/budgets/monthly.html,199,button,button,Return,,,button,/country-budget/return?budget_id={{ country_workflow.budget_id }}&fy={{ country_workflow.fy }}&month={{ country_workflow.month }},,,"{""hx-get"": ""/country-budget/return?budget_id={{ country_workflow.budget_id }}&fy={{ country_workflow.fy }}&month={{ country_workflow.month }}"", ""hx-target"": ""#drawer-container"", ""hx-swap"": ""innerHTML""}",False,,Not individually executed
CONTROL-00303,templates/pages/business_transformation/impact_reports.html,9,field,input,{{ fy }},impact-fy,fy,,,,get,{},False,,Not individually executed
CONTROL-00304,templates/pages/business_transformation/impact_reports.html,9,field,select,All impact states {{ label }},impact-purpose,impact_status,,,,get,{},False,,Not individually executed
CONTROL-00305,templates/pages/business_transformation/impact_reports.html,19,button,button,Prepare,,,button,/ia/lending-evidence/conclusions/{{ assessment.id }}/,,,"{""hx-get"": ""/ia/lending-evidence/conclusions/{{ assessment.id }}/"", ""hx-target"": ""#drawer-container"", ""hx-swap"": ""innerHTML""}",False,,Not individually executed
CONTROL-00306,templates/pages/business_transformation/index.html,18,field,input,{{ fy }},,fy,text,,/business-transformation,get,{},False,,Not individually executed
CONTROL-00307,templates/pages/business_transformation/index.html,22,field,select,All regions {{ region.name }},,region,,,/business-transformation,get,{},False,,Not individually executed
CONTROL-00308,templates/pages/business_transformation/index.html,29,field,select,All MFIs {{ mfi.name }},,mfi,,,/business-transformation,get,{},False,,Not individually executed
CONTROL-00309,templates/pages/business_transformation/index.html,55,link,a,,,,,                                                        ,,,{},False,,Not individually executed
CONTROL-00310,templates/pages/business_transformation/loan_application_public.html,72,button,button,Submit loan application,,,submit,,,post,{},False,,Not individually executed
CONTROL-00311,templates/pages/business_transformation/loans.html,16,link,a,Applications CSV,,,,/loan-applications/export.csv                     ?{{ filter_query }}           ,,,{},False,,Not individually executed
CONTROL-00312,templates/pages/business_transformation/loans.html,17,link,a,Export loan records (CSV),,,,/loans/export.csv                     ?{{ filter_query }}           ,,,{},False,,Not individually executed
CONTROL-00313,templates/pages/business_transformation/loans.html,18,link,a,Excel report,,,,/loans/export.xlsx                     ?{{ filter_query }}           ,,,{},False,,Not individually executed
CONTROL-00314,templates/pages/business_transformation/loans.html,36,field,input,{{ fy }},loan-fy,fy,text,,/loans,get,{},False,,Not individually executed
CONTROL-00315,templates/pages/business_transformation/loans.html,40,field,select,All lending partners {{ mfi.name }},loan-mfi-filter,mfi,,,/loans,get,{},False,,Not individually executed
CONTROL-00316,templates/pages/business_transformation/loans.html,47,field,select,All districts {{ district.name }},loan-district-filter,district,,,/loans,get,{},False,,Not individually executed
CONTROL-00317,templates/pages/business_transformation/loans.html,51,field,select,All statuses {{ label }},loan-status-filter,status,,,/loans,get,{},False,,Not individually executed
CONTROL-00318,templates/pages/business_transformation/loans.html,56,field,select,All repayment states {{ label }},loan-repayment-filter,repayment_health,,,/loans,get,{},False,,Not individually executed
CONTROL-00319,templates/pages/business_transformation/loans.html,57,field,select,All Salesforce states {{ label }},loan-salesforce-filter,salesforce_status,,,/loans,get,{},False,,Not individually executed
CONTROL-00320,templates/pages/business_transformation/loans.html,58,field,select,All application states {{ label }},loan-application-status-filter,application_status,,,/loans,get,{},False,,Not individually executed
CONTROL-00321,templates/pages/business_transformation/loans.html,59,field,input,{{ filters.report_month }},loan-report-month,report_month,month,,/loans,get,{},False,,Not individually executed
CONTROL-00322,templates/pages/business_transformation/loans.html,74,field,input,Public loan application link,public-loan-application-url,,,,,,{},False,No submitted name or direct model; check JS binding,Not individually executed
CONTROL-00323,templates/pages/business_transformation/loans.html,75,button,button,Copy link,,,button,,,,{},False,,Not individually executed
CONTROL-00324,templates/pages/business_transformation/loans.html,76,link,a,Open form,,,,/loan-applications/apply,,,{},False,,Not individually executed
CONTROL-00325,templates/pages/business_transformation/loans.html,95,disclosure,summary,Update,,,,,,,{},False,,Not individually executed
CONTROL-00326,templates/pages/business_transformation/loans.html,98,field,select,{{ label }},,status,,,/loan-applications/{{ application.id }}/follow-up,post,{},False,,Not individually executed
CONTROL-00327,templates/pages/business_transformation/loans.html,99,field,input,Next follow-up date,,nextFollowUpOn,date,,/loan-applications/{{ application.id }}/follow-up,post,{},False,,Not individually executed
CONTROL-00328,templates/pages/business_transformation/loans.html,100,field,select,Linked processed loan,,linkedLoanId,,,/loan-applications/{{ application.id }}/follow-up,post,{},False,,Not individually executed
CONTROL-00329,templates/pages/business_transformation/loans.html,101,field,textarea,Follow-up note,,note,,,/loan-applications/{{ application.id }}/follow-up,post,{},False,,Not individually executed
CONTROL-00330,templates/pages/business_transformation/loans.html,102,button,button,Save follow-up,,,submit,,/loan-applications/{{ application.id }}/follow-up,post,{},False,,Not individually executed
CONTROL-00331,templates/pages/business_transformation/loans.html,175,field,select,Select a referral {{ referral.case.school.name }} · {{ referral.mfi.name }} · {{ referral.purpose.label }},loan-referral,referralId,,,/loans/save,post,{},False,,Not individually executed
CONTROL-00332,templates/pages/business_transformation/loans.html,182,field,input,,loan-reference,externalLoanReference,text,,/loans/save,post,{},False,,Not individually executed
CONTROL-00333,templates/pages/business_transformation/loans.html,186,field,select,{{ label }},loan-status,status,,,/loans/save,post,{},False,,Not individually executed
CONTROL-00334,templates/pages/business_transformation/loans.html,192,field,input,,loan-approved-amount,approvedAmount,text,,/loans/save,post,{},False,,Not individually executed
CONTROL-00335,templates/pages/business_transformation/loans.html,196,field,input,,loan-requested-amount,requestedAmount,text,,/loans/save,post,{},False,,Not individually executed
CONTROL-00336,templates/pages/business_transformation/loans.html,200,field,input,,loan-disbursed-amount,disbursedAmount,text,,/loans/save,post,{},False,,Not individually executed
CONTROL-00337,templates/pages/business_transformation/loans.html,204,field,input,,loan-approved-at,approvedAt,datetime-local,,/loans/save,post,{},False,,Not individually executed
CONTROL-00338,templates/pages/business_transformation/loans.html,208,field,input,,loan-processing-date,processingDate,date,,/loans/save,post,{},False,,Not individually executed
CONTROL-00339,templates/pages/business_transformation/loans.html,212,field,input,,loan-disbursement-date,disbursementDate,date,,/loans/save,post,{},False,,Not individually executed
CONTROL-00340,templates/pages/business_transformation/loans.html,216,field,input,,loan-term-months,termMonths,number,,/loans/save,post,{},False,,Not individually executed
CONTROL-00341,templates/pages/business_transformation/loans.html,220,field,input,,loan-repayment-frequency,repaymentFrequency,text,,/loans/save,post,{},False,,Not individually executed
CONTROL-00342,templates/pages/business_transformation/loans.html,224,field,input,,loan-installment-amount,installmentAmount,text,,/loans/save,post,{},False,,Not individually executed
CONTROL-00343,templates/pages/business_transformation/loans.html,228,field,input,,loan-maturity-date,maturityDate,date,,/loans/save,post,{},False,,Not individually executed
CONTROL-00344,templates/pages/business_transformation/loans.html,232,field,input,,loan-officer-reference,assignedOfficerReference,text,,/loans/save,post,{},False,,Not individually executed
CONTROL-00345,templates/pages/business_transformation/loans.html,236,field,input,,loan-default-date,defaultClassifiedAt,date,,/loans/save,post,{},False,,Not individually executed
CONTROL-00346,templates/pages/business_transformation/loans.html,240,field,input,Required when a defaulted loan returns to Active,loan-status-reason,statusReason,text,,/loans/save,post,{},False,,Not individually executed
CONTROL-00347,templates/pages/business_transformation/loans.html,259,field,select,Select a disbursed loan {{ loan.school.name }} · {{ loan.mfi.name }} · {{ loan.external_loan_reference }},repayment-loan,loanId,,,/loans/repayment-snapshots,post,{},False,,Not individually executed
CONTROL-00348,templates/pages/business_transformation/loans.html,266,field,input,,repayment-as-of,asOfDate,date,,/loans/repayment-snapshots,post,{},False,,Not individually executed
CONTROL-00349,templates/pages/business_transformation/loans.html,270,field,input,,repayment-outstanding,outstandingAmount,text,,/loans/repayment-snapshots,post,{},False,,Not individually executed
CONTROL-00350,templates/pages/business_transformation/loans.html,274,field,input,,repayment-reporting-month,reportingMonth,month,,/loans/repayment-snapshots,post,{},False,,Not individually executed
CONTROL-00351,templates/pages/business_transformation/loans.html,278,field,input,0,repayment-due-period,amountDueDuringPeriod,text,,/loans/repayment-snapshots,post,{},False,,Not individually executed
CONTROL-00352,templates/pages/business_transformation/loans.html,282,field,input,0,repayment-paid-period,amountPaidDuringPeriod,text,,/loans/repayment-snapshots,post,{},False,,Not individually executed
CONTROL-00353,templates/pages/business_transformation/loans.html,286,field,input,0,repayment-principal,principalRepaid,text,,/loans/repayment-snapshots,post,{},False,,Not individually executed
CONTROL-00354,templates/pages/business_transformation/loans.html,290,field,input,0,repayment-currently-due,amountCurrentlyDue,text,,/loans/repayment-snapshots,post,{},False,,Not individually executed
CONTROL-00355,templates/pages/business_transformation/loans.html,294,field,input,0,repayment-overdue,amountOverdue,text,,/loans/repayment-snapshots,post,{},False,,Not individually executed
CONTROL-00356,templates/pages/business_transformation/loans.html,298,field,input,0,repayment-days-arrears,daysInArrears,number,,/loans/repayment-snapshots,post,{},False,,Not individually executed
CONTROL-00357,templates/pages/business_transformation/loans.html,302,field,input,,repayment-last-payment,lastPaymentDate,date,,/loans/repayment-snapshots,post,{},False,,Not individually executed
CONTROL-00358,templates/pages/business_transformation/loans.html,306,field,input,,repayment-next-payment,nextPaymentDate,date,,/loans/repayment-snapshots,post,{},False,,Not individually executed
CONTROL-00359,templates/pages/business_transformation/loans.html,310,field,select,Keep current lifecycle {{ label }},repayment-loan-status,loanStatus,,,/loans/repayment-snapshots,post,{},False,,Not individually executed
CONTROL-00360,templates/pages/business_transformation/loans.html,317,field,input,,repayment-restructuring-status,restructuringStatus,text,,/loans/repayment-snapshots,post,{},False,,Not individually executed
CONTROL-00361,templates/pages/business_transformation/loans.html,321,field,select,Derive from days past due Restructured,repayment-health-status,status,,,/loans/repayment-snapshots,post,{},False,,Not individually executed
CONTROL-00362,templates/pages/business_transformation/loans.html,328,field,input,,repayment-default-date,defaultClassifiedAt,date,,/loans/repayment-snapshots,post,{},False,,Not individually executed
CONTROL-00363,templates/pages/business_transformation/loans.html,332,field,input,Required for restructuring or recovery transitions,repayment-status-reason,statusReason,text,,/loans/repayment-snapshots,post,{},False,,Not individually executed
CONTROL-00364,templates/pages/business_transformation/loans.html,358,link,a,,,,,                                                        ,,,{},False,,Not individually executed
CONTROL-00365,templates/pages/business_transformation/loans.html,368,button,button,Complete View,,,button,/loans/{{ loan.id }}/drawer,,,"{""hx-get"": ""/loans/{{ loan.id }}/drawer"", ""hx-target"": ""#drawer-container"", ""hx-swap"": ""innerHTML""}",False,,Not individually executed
CONTROL-00366,templates/pages/business_transformation/mfi_portal.html,10,link,a,Dashboard,,,,/mfi-portal/dashboard,,,{},False,,Not individually executed
CONTROL-00367,templates/pages/business_transformation/mfi_portal.html,11,link,a,Loans,,,,/mfi-portal/loans,,,{},False,,Not individually executed
CONTROL-00368,templates/pages/business_transformation/mfi_portal.html,12,link,a,Monthly Portfolio Return,,,,/mfi-portal/monthly-return,,,{},False,,Not individually executed
CONTROL-00369,templates/pages/business_transformation/mfi_portal.html,13,link,a,Data Issues,,,,/mfi-portal/data-issues,,,{},False,,Not individually executed
CONTROL-00370,templates/pages/business_transformation/mfi_portal.html,14,link,a,Reports,,,,/mfi-portal/reports,,,{},False,,Not individually executed
CONTROL-00371,templates/pages/business_transformation/mfi_portal.html,21,link,a,Create or update loan,,,,/loans#loan-record-title,,,{},False,,Not individually executed
CONTROL-00372,templates/pages/business_transformation/mfi_portal.html,21,button,button,View,,,,/loans/{{ loan.id }}/drawer,,,"{""hx-get"": ""/loans/{{ loan.id }}/drawer"", ""hx-target"": ""#drawer-container"", ""hx-swap"": ""innerHTML""}",False,,Not individually executed
CONTROL-00373,templates/pages/calendar/index.html,71,link,a,Apply for Leave,,,,                                      ,,,{},False,,Not individually executed
CONTROL-00374,templates/pages/calendar/index.html,82,disclosure,summary,Add other event,,,,,,,{},False,,Not individually executed
CONTROL-00375,templates/pages/calendar/index.html,96,field,input,e.g. Annual strategy summit,,title,text,,                                          ,post,{},False,,Not individually executed
CONTROL-00376,templates/pages/calendar/index.html,100,field,input,,,start_date,date,,                                          ,post,{},False,,Not individually executed
CONTROL-00377,templates/pages/calendar/index.html,104,field,input,,,end_date,date,,                                          ,post,{},False,,Not individually executed
CONTROL-00378,templates/pages/calendar/index.html,108,field,textarea,Add venue or context for the team,,description,,,                                          ,post,{},False,,Not individually executed
CONTROL-00379,templates/pages/calendar/index.html,110,button,button,Add and block date,,,submit,,                                          ,post,{},False,,Not individually executed
CONTROL-00380,templates/pages/calendar/index.html,128,field,select,Filter by activity type,,activity_type,,,/calendar,get,{},False,,Not individually executed
CONTROL-00381,templates/pages/calendar/index.html,137,field,select,Filter by activity status,,status,,,/calendar,get,{},False,,Not individually executed
CONTROL-00382,templates/pages/calendar/index.html,144,button,button,Apply,,,submit,,/calendar,get,{},False,,Not individually executed
CONTROL-00383,templates/pages/calendar/index.html,146,link,a,Clear filters,,,,?{{ clear_qs }},/calendar,get,{},False,,Not individually executed
CONTROL-00384,templates/pages/calendar/index.html,154,tab,button,All events{{ event_total }},,,button,,,,"{""@click"": ""setEventFilter('all')""}",False,,Not individually executed
CONTROL-00385,templates/pages/calendar/index.html,157,tab,button,Activities{{ event_counts.activity }},,,button,,,,"{""@click"": ""setEventFilter('activity')""}",False,,Not individually executed
CONTROL-00386,templates/pages/calendar/index.html,160,tab,button,Leave{{ event_counts.leave }},,,button,,,,"{""@click"": ""setEventFilter('leave')""}",False,,Not individually executed
CONTROL-00387,templates/pages/calendar/index.html,163,tab,button,Holidays{{ event_counts.holiday }},,,button,,,,"{""@click"": ""setEventFilter('holiday')""}",False,,Not individually executed
CONTROL-00388,templates/pages/calendar/index.html,166,tab,button,Other events{{ event_counts.event }},,,button,,,,"{""@click"": ""setEventFilter('event')""}",False,,Not individually executed
CONTROL-00389,templates/pages/calendar/index.html,181,link,a,Previous month,,,,,,,{},False,,Not individually executed
CONTROL-00390,templates/pages/calendar/index.html,184,link,a,Today,,,,,,,{},False,,Not individually executed
CONTROL-00391,templates/pages/calendar/index.html,185,link,a,Next month,,,,,,,{},False,,Not individually executed
CONTROL-00392,templates/pages/calendar/index.html,208,button,button,"{{ day.date|date:'l, F j, Y' }} , {{ day.kind_counts.all }} events",,,button,,,,"{""@click"": ""selectDate('{{ day.date|date:""}",False,,Not individually executed
CONTROL-00393,templates/pages/calendar/index.html,237,button,button,All month,,,button,,,,"{""@click"": ""selectedDate = ''""}",False,,Not individually executed
CONTROL-00394,templates/pages/calendar/index.html,268,link,a,Previous month,,,,,,,{},False,,Not individually executed
CONTROL-00395,templates/pages/calendar/index.html,271,link,a,Today,,,,,,,{},False,,Not individually executed
CONTROL-00396,templates/pages/calendar/index.html,272,link,a,Next month,,,,,,,{},False,,Not individually executed
CONTROL-00397,templates/pages/calendar/index.html,277,link,a,Month,,,,,,,{},False,,Not individually executed
CONTROL-00398,templates/pages/calendar/index.html,281,link,a,Agenda,,,,,,,{},False,,Not individually executed
CONTROL-00399,templates/pages/cce_leadership/workspace.html,30,button,button,{{ action.label }},,,button,{{ action.drawer }},,,"{""hx-get"": ""{{ action.drawer }}"", ""hx-target"": ""#drawer-container"", ""hx-swap"": ""innerHTML""}",False,,Not individually executed
CONTROL-00400,templates/pages/cce_leadership/workspace.html,59,field,select,{{ field.blank }} {{ option.1 }},,{{ field.name }},,,,get,"{""@change"": ""$el.form.requestSubmit()""}",False,,Not individually executed
CONTROL-00401,templates/pages/cce_leadership/workspace.html,94,link,a,{{ action.label }},,,,{{ action.href }},,,{},False,,Not individually executed
CONTROL-00402,templates/pages/cce_leadership/workspace.html,96,button,button,{{ action.label }},,,button,{{ action.drawer }},,,"{""hx-get"": ""{{ action.drawer }}"", ""hx-target"": ""#drawer-container"", ""hx-swap"": ""innerHTML""}",False,,Not individually executed
CONTROL-00403,templates/pages/closure/activity_closure_detail.html,145,button,button,Reopen Closed Activity,,,button,,,,"{""@click"": ""reopenOpen = true""}",False,,Not individually executed
CONTROL-00404,templates/pages/closure/activity_closure_detail.html,157,button,button,Close & Lock Activity Closing...,,,submit,,/activities/{{ act.id }}/closure/close/,POST,{},False,,Not individually executed
CONTROL-00405,templates/pages/closure/activity_closure_detail.html,201,button,button,Close,,,,,,,"{""@click"": ""reopenOpen = false""}",False,,Not individually executed
CONTROL-00406,templates/pages/closure/activity_closure_detail.html,211,field,textarea,Provide exact reason for reopening...,,reason,,,/activities/{{ act.id }}/reopen/,POST,{},False,,Not individually executed
CONTROL-00407,templates/pages/closure/activity_closure_detail.html,221,field,select,Category,,category,,,/activities/{{ act.id }}/reopen/,POST,{},False,,Not individually executed
CONTROL-00408,templates/pages/closure/activity_closure_detail.html,234,button,button,Confirm Reopen Reopening...,,,submit,,,,{},False,,Not individually executed
CONTROL-00409,templates/pages/closure/activity_closure_detail.html,244,button,button,Cancel,,,button,,,,"{""@click"": ""reopenOpen = false""}",False,,Not individually executed
CONTROL-00410,templates/pages/closure/blocked_closure.html,81,link,a,Resolve Blocker,,,,/activities/{{ item.activity.id }}/closure/,,,{},False,,Not individually executed
CONTROL-00411,templates/pages/closure/readiness_queue.html,26,link,a,View Completed Archive,,,,/completed-activities,,,{},False,,Not individually executed
CONTROL-00412,templates/pages/closure/readiness_queue.html,29,link,a,Blocked Closures,,,,/activities/closure/blocked/,,,{},False,,Not individually executed
CONTROL-00413,templates/pages/closure/readiness_queue.html,38,tab,button,Ready to Close ({{ ready|length }}),closure-tab-ready,,button,,,,"{""@click"": ""setTab('ready')""}",False,,Not individually executed
CONTROL-00414,templates/pages/closure/readiness_queue.html,46,tab,button,Finance Pending ({{ finance_pending|length }}),closure-tab-finance,,button,,,,"{""@click"": ""setTab('finance')""}",False,,Not individually executed
CONTROL-00415,templates/pages/closure/readiness_queue.html,54,tab,button,Accountability Pending ({{ accountability_pending|length }}),closure-tab-accountability,,button,,,,"{""@click"": ""setTab('accountability')""}",False,,Not individually executed
CONTROL-00416,templates/pages/closure/readiness_queue.html,62,tab,button,Analytics Pending ({{ analytics_pending|length }}),closure-tab-analytics,,button,,,,"{""@click"": ""setTab('analytics')""}",False,,Not individually executed
CONTROL-00417,templates/pages/closure/readiness_queue.html,70,tab,button,Blocked ({{ blocked|length }}),closure-tab-blocked,,button,,,,"{""@click"": ""setTab('blocked')""}",False,,Not individually executed
CONTROL-00418,templates/pages/closure/readiness_queue.html,96,link,a,Open Workspace,,,,/activities/{{ act.id }}/closure/,,,{},False,,Not individually executed
CONTROL-00419,templates/pages/closure/readiness_queue.html,118,link,a,Workspace,,,,/activities/{{ act.id }}/closure/,,,{},False,,Not individually executed
CONTROL-00420,templates/pages/closure/readiness_queue.html,140,link,a,Workspace,,,,/activities/{{ act.id }}/closure/,,,{},False,,Not individually executed
CONTROL-00421,templates/pages/closure/readiness_queue.html,162,link,a,Workspace,,,,/activities/{{ act.id }}/closure/,,,{},False,,Not individually executed
CONTROL-00422,templates/pages/closure/readiness_queue.html,184,link,a,Workspace,,,,/activities/{{ act.id }}/closure/,,,{},False,,Not individually executed
CONTROL-00423,templates/pages/clusters/detail.html,33,button,button,Edit {{ cluster.name }} cluster details,,,button,/clusters/{{ cluster.id }}/edit-drawer,,,"{""hx-get"": ""/clusters/{{ cluster.id }}/edit-drawer"", ""hx-target"": ""#drawer-container"", ""hx-swap"": ""innerHTML""}",False,,Not individually executed
CONTROL-00424,templates/pages/clusters/detail.html,43,button,button,Add schools to {{ cluster.name }},,,button,/clusters/{{ cluster.id }}/bulk-assign-drawer,,,"{""hx-get"": ""/clusters/{{ cluster.id }}/bulk-assign-drawer"", ""hx-target"": ""#drawer-container"", ""hx-swap"": ""innerHTML""}",False,,Not individually executed
CONTROL-00425,templates/pages/clusters/detail.html,60,button,button,{{ delete_block }},,,button,,,,{},True,,Not individually executed
CONTROL-00426,templates/pages/clusters/detail.html,81,button,button,Delete {{ cluster.name }} cluster,,,submit,,/clusters/{{ cluster.id }}/delete,post,{},False,,Not individually executed
CONTROL-00427,templates/pages/clusters/detail.html,93,link,a,Schedule Group Training,,,,/planning?action=training&cluster={{ cluster.id }},,,{},False,,Not individually executed
CONTROL-00428,templates/pages/clusters/detail.html,96,link,a,Schedule Cluster Meeting,,,,/planning?action=meeting&cluster={{ cluster.id }},,,{},False,,Not individually executed
CONTROL-00429,templates/pages/clusters/detail.html,139,button,button,Add schools to {{ cluster.name }},,,button,/clusters/{{ cluster.id }}/bulk-assign-drawer,,,"{""hx-get"": ""/clusters/{{ cluster.id }}/bulk-assign-drawer"", ""hx-target"": ""#drawer-container"", ""hx-swap"": ""innerHTML""}",False,,Not individually executed
CONTROL-00430,templates/pages/clusters/detail.html,175,link,a,{{ s.name }},,,,/schools/{{ s.id }},,,{},False,,Not individually executed
CONTROL-00431,templates/pages/clusters/detail.html,187,button,button,Schedule support for {{ s.name }},,,button,/planning/schedule-modal?school_id={{ s.schoolId }},,,"{""hx-get"": ""/planning/schedule-modal?school_id={{ s.schoolId }}"", ""hx-target"": ""#drawer-container"", ""hx-swap"": ""innerHTML""}",False,,Not individually executed
CONTROL-00432,templates/pages/clusters/detail.html,207,button,button,Add Schools to Cluster,,,button,/clusters/{{ cluster.id }}/bulk-assign-drawer,,,"{""hx-get"": ""/clusters/{{ cluster.id }}/bulk-assign-drawer"", ""hx-target"": ""#drawer-container"", ""hx-swap"": ""innerHTML""}",False,,Not individually executed
CONTROL-00433,templates/pages/clusters/index.html,39,button,button,Create Cluster,,,,/clusters/create-drawer,,,"{""hx-get"": ""/clusters/create-drawer"", ""hx-target"": ""#drawer-container"", ""hx-swap"": ""innerHTML""}",False,,Not individually executed
CONTROL-00434,templates/pages/clusters/index.html,50,button,button,Schedule Group Training,,,,/clusters/planner-drawer?activity_type=training,,,"{""hx-get"": ""/clusters/planner-drawer?activity_type=training"", ""hx-target"": ""#drawer-container"", ""hx-swap"": ""innerHTML""}",False,,Not individually executed
CONTROL-00435,templates/pages/clusters/index.html,60,button,button,Schedule Cluster Meeting,,,,/clusters/planner-drawer?activity_type=meeting,,,"{""hx-get"": ""/clusters/planner-drawer?activity_type=meeting"", ""hx-target"": ""#drawer-container"", ""hx-swap"": ""innerHTML""}",False,,Not individually executed
CONTROL-00436,templates/pages/clusters/index.html,72,link,a,Export,,,,                              ,,,{},False,,Not individually executed
CONTROL-00437,templates/pages/clusters/index.html,88,button,button,Dismiss notification,,,button,,,,"{""@click"": ""$el.parentElement.remove()""}",False,,Not individually executed
CONTROL-00438,templates/pages/clusters/index.html,96,disclosure,summary,Cluster filtersNarrow the operational roster⌄,,,,,,,{},False,,Not individually executed
CONTROL-00439,templates/pages/core_schools/champion_candidates.html,14,link,a,Core Schools,,,,                                 ,,,{},False,,Not individually executed
CONTROL-00440,templates/pages/core_schools/champion_candidates.html,24,link,a,View Graduated Champions →,,,,                                   ,,,{},False,,Not individually executed
CONTROL-00441,templates/pages/core_schools/champion_candidates.html,80,button,button,Review,,,,                                                       ,,,"{""hx-get"": ""                                                       "", ""hx-target"": ""#drawer-container""}",False,,Not individually executed
CONTROL-00442,templates/pages/core_schools/index.html,33,link,a,My Core Schools,,,,/core-schools?fy={{ fy }}&per_page={{ per_page }},,,{},False,,Not individually executed
CONTROL-00443,templates/pages/core_schools/index.html,43,link,a,Team Core Oversight,,,,/core-schools?lens=oversight&fy={{ fy }}&per_page={{ per_page }},,,{},False,,Not individually executed
CONTROL-00444,templates/pages/core_schools/index.html,78,tab,button,Core Service Package Matrix,core-tab-matrix,,button,,,,"{""@click"": ""setTab('matrix')""}",False,,Not individually executed
CONTROL-00445,templates/pages/core_schools/index.html,85,tab,button,Core Planning Queue,core-tab-queue,,button,,,,"{""@click"": ""setTab('queue')""}",False,,Not individually executed
CONTROL-00446,templates/pages/core_schools/index.html,92,tab,button,Intervention Impact Tracker,core-tab-impact,,button,,,,"{""@click"": ""setTab('impact')""}",False,,Not individually executed
CONTROL-00447,templates/pages/core_schools/index.html,99,tab,button,Staff vs Partner Performance,core-tab-performance,,button,,,,"{""@click"": ""setTab('performance')""}",False,,Not individually executed
CONTROL-00448,templates/pages/cost_settings/index.html,24,button,button,Add new cost,,,button,/cost-settings/add?fy={{ selected_fy }},,,"{""hx-get"": ""/cost-settings/add?fy={{ selected_fy }}"", ""hx-target"": ""#drawer-container"", ""hx-swap"": ""innerHTML""}",False,,Not individually executed
CONTROL-00449,templates/pages/cost_settings/index.html,38,field,select,FY{{ option }},cost-settings-fy,fy,,,/cost-settings,get,{},False,,Not individually executed
CONTROL-00450,templates/pages/cost_settings/index.html,42,button,button,Show year,,,submit,,/cost-settings,get,{},False,,Not individually executed
CONTROL-00451,templates/pages/cost_settings/index.html,117,button,button,Initialize Default Catalogue,,,submit,,/cost-settings/initialize-default,post,{},False,,Not individually executed
CONTROL-00452,templates/pages/coverage/index.html,19,link,a,Open Analytics,,,,/analytics,,,{},False,,Not individually executed
CONTROL-00453,templates/pages/coverage/index.html,29,field,select,FY {{ opt }},coverage-fy,fy,,,/coverage,get,{},False,,Not individually executed
CONTROL-00454,templates/pages/coverage/index.html,33,button,button,Show year,,,submit,,/coverage,get,{},False,,Not individually executed
CONTROL-00455,templates/pages/dashboards/cceo.html,33,link,a,Open full plan,,,,/my-plan,,,{},False,,Not individually executed
CONTROL-00456,templates/pages/dashboards/cd.html,25,link,a,Open CD Analytics,,,,/analytics/country-director,,,{},False,,Not individually executed
CONTROL-00457,templates/pages/dashboards/cd.html,37,field,select,Fiscal year,,fy,,,/dashboard,get,{},False,,Not individually executed
CONTROL-00458,templates/pages/dashboards/cd.html,42,field,select,Month,,month,,,/dashboard,get,{},False,,Not individually executed
CONTROL-00459,templates/pages/dashboards/hr.html,32,link,a,Export report,,,,                                        ,,,{},False,,Not individually executed
CONTROL-00460,templates/pages/dashboards/hr.html,36,link,a,Open HR Today {{ hr_today.total }},,,,/hr-today,,,{},False,,Not individually executed
CONTROL-00461,templates/pages/dashboards/hr.html,48,field,select,Fiscal year,hr-fy,fy,,,/dashboard,get,{},False,,Not individually executed
CONTROL-00462,templates/pages/dashboards/hr.html,53,field,select,Country,hr-country,country,,,/dashboard,get,{},False,,Not individually executed
CONTROL-00463,templates/pages/dashboards/hr.html,60,field,select,Department,hr-department,department,,,/dashboard,get,{},False,,Not individually executed
CONTROL-00464,templates/pages/dashboards/hr.html,66,button,button,Apply filters,,,submit,,/dashboard,get,{},False,,Not individually executed
CONTROL-00465,templates/pages/dashboards/hr.html,67,link,a,Reset,hr-filter-reset,,,/dashboard?view={{ dashboard_view }},/dashboard,get,{},False,,Not individually executed
CONTROL-00466,templates/pages/dashboards/main.html,19,link,a,Home,,,,/dashboard,,,{},False,,Not individually executed
CONTROL-00467,templates/pages/dashboards/main.html,30,link,a,Open Admin My Plan Open My Plan,,,,                  /admin-ops/my-plan          /my-plan           ,,,{},False,,Not individually executed
CONTROL-00468,templates/pages/dashboards/main.html,34,link,a,View Analytics,,,,/analytics,,,{},False,,Not individually executed
CONTROL-00469,templates/pages/dashboards/pl.html,45,field,select,Fiscal year,,fy,,,/dashboard,get,{},False,,Not individually executed
CONTROL-00470,templates/pages/dashboards/rpl.html,35,link,a,Open Team Oversight,,,,/team-planning-oversight/?fy={{ fy }},,,{},False,,Not individually executed
CONTROL-00471,templates/pages/dashboards/rpl.html,46,field,select,Fiscal year,rpl-fy,fy,,,,get,{},False,,Browser: RPL FY changed from 2026 to 2025; Programmes tab retained and data updated.
CONTROL-00472,templates/pages/dashboards/rpl.html,50,button,button,Apply filters,,,submit,,,get,{},False,,Browser: RPL Apply filters completed for FY2025; data and links updated.
CONTROL-00473,templates/pages/dashboards/rpl.html,51,link,a,Reset,rpl-filter-reset,,,/dashboard?view={{ dashboard_view }},,get,{},False,,Not individually executed
CONTROL-00474,templates/pages/dashboards/rpl.html,71,link,a,{{ a.action }} →,,,,{{ a.url }},,,{},False,,Not individually executed
CONTROL-00475,templates/pages/dashboards/rvp.html,22,link,a,Export,,,,/reports,,,{},False,,Not individually executed
CONTROL-00476,templates/pages/dashboards/rvp.html,32,field,select,Fiscal year,,fy,,,,get,"{""@change"": ""$el.form.requestSubmit()""}",False,,Not individually executed
CONTROL-00477,templates/pages/dashboards/rvp.html,47,button,button,{{ a.action }} →,,,button,/rvp/approvals?fy={{ fy }},,,"{""hx-get"": ""/rvp/approvals?fy={{ fy }}"", ""hx-target"": ""#drawer-container"", ""hx-swap"": ""innerHTML""}",False,,Not individually executed
CONTROL-00478,templates/pages/dashboards/rvp.html,50,link,a,{{ a.action }} →,,,,#                             region-ranking                                special-projects          rvp-approvals           ,,,{},False,,Not individually executed
CONTROL-00479,templates/pages/debriefs/dashboard.html,17,link,a,Weekly Report,,,,/debriefs/weekly-report,,,{},False,,Not individually executed
CONTROL-00480,templates/pages/debriefs/dashboard.html,18,link,a,New Field Debrief,,,,/debriefs/submit,,,{},False,,Not individually executed
CONTROL-00481,templates/pages/debriefs/dashboard.html,31,button,button,Dismiss notification,,,button,,,,"{""@click"": ""$el.parentElement.remove()""}",False,,Not individually executed
CONTROL-00482,templates/pages/debriefs/dashboard.html,44,field,select,Fiscal year,,fy,,,/debriefs,get,{},False,,Not individually executed
CONTROL-00483,templates/pages/debriefs/dashboard.html,50,field,select,Range days,,range_days,,,/debriefs,get,{},False,,Not individually executed
CONTROL-00484,templates/pages/debriefs/dashboard.html,59,field,select,District ID,,district_id,,,/debriefs,get,{},False,,Not individually executed
CONTROL-00485,templates/pages/debriefs/dashboard.html,64,button,button,More filters · Applied,,,button,,/debriefs,get,"{""@click"": ""$refs.debriefAdvancedFilters.showModal()""}",False,,Not individually executed
CONTROL-00486,templates/pages/debriefs/dashboard.html,70,button,button,Close advanced filters,,,button,,/debriefs,get,"{""@click"": ""$refs.debriefAdvancedFilters.close()""}",False,,Not individually executed
CONTROL-00487,templates/pages/debriefs/dashboard.html,75,field,select,Risk level,,risk_level,,,/debriefs,get,{},False,,Not individually executed
CONTROL-00488,templates/pages/debriefs/dashboard.html,82,button,button,Apply filters,,,button,,/debriefs,get,"{""@click"": ""$refs.debriefAdvancedFilters.close()""}",False,,Not individually executed
CONTROL-00489,templates/pages/debriefs/detail.html,21,button,button,Dismiss notification,,,button,,,,"{""@click"": ""$el.parentElement.remove()""}",False,,Not individually executed
CONTROL-00490,templates/pages/debriefs/detail.html,103,button,button,Resolve,,,submit,,/debriefs/action,post,{},False,,Not individually executed
CONTROL-00491,templates/pages/debriefs/detail.html,120,button,button,Accept & Draft Activity,,,submit,,/debriefs/action,post,{},False,,Not individually executed
CONTROL-00492,templates/pages/debriefs/detail.html,123,button,button,Reject,,,submit,,/debriefs/action,post,{},False,,Not individually executed
CONTROL-00493,templates/pages/debriefs/detail.html,139,button,button,Resolve,,,submit,,/debriefs/action,post,{},False,,Not individually executed
CONTROL-00494,templates/pages/debriefs/detail.html,163,button,button,Mark Resolved,,,submit,,/debriefs/action,post,{},False,,Not individually executed
CONTROL-00495,templates/pages/debriefs/detail.html,174,field,input,Issue,,issue,text,,/debriefs/action,post,{},False,,Not individually executed
CONTROL-00496,templates/pages/debriefs/detail.html,175,field,input,Action,,action_text,text,,/debriefs/action,post,{},False,,Not individually executed
CONTROL-00497,templates/pages/debriefs/detail.html,176,field,input,Owner user ID,,owner_user_id,text,,/debriefs/action,post,{},False,,Not individually executed
CONTROL-00498,templates/pages/debriefs/detail.html,177,button,button,+ Create Action,,,submit,,/debriefs/action,post,{},False,,Not individually executed
CONTROL-00499,templates/pages/debriefs/detail.html,192,button,button,Endorse,,,submit,,/debriefs/action,post,{},False,,Not individually executed
CONTROL-00500,templates/pages/debriefs/detail.html,201,field,textarea,Propose a solution…,,suggestion,,,/debriefs/action,post,{},False,,Not individually executed
CONTROL-00501,templates/pages/debriefs/detail.html,202,button,button,Propose Solution,,,submit,,/debriefs/action,post,{},False,,Not individually executed
CONTROL-00502,templates/pages/debriefs/detail.html,220,field,textarea,"What went well, what to change, and any support you will give",debrief-review-feedback,feedback,,,/debriefs/action,post,{},False,,Not individually executed
CONTROL-00503,templates/pages/debriefs/detail.html,222,button,button,Mark reviewed,,,submit,,/debriefs/action,post,{},False,,Not individually executed
CONTROL-00504,templates/pages/debriefs/detail.html,223,button,button,Log coaching,,,button,{{ coaching_drawer_url }},/debriefs/action,post,"{""hx-get"": ""{{ coaching_drawer_url }}"", ""hx-target"": ""#drawer-container"", ""hx-swap"": ""innerHTML""}",False,,Not individually executed
CONTROL-00505,templates/pages/debriefs/detail.html,228,button,button,Log coaching,,,button,{{ coaching_drawer_url }},,,"{""hx-get"": ""{{ coaching_drawer_url }}"", ""hx-target"": ""#drawer-container"", ""hx-swap"": ""innerHTML""}",False,,Not individually executed
CONTROL-00506,templates/pages/debriefs/detail.html,238,field,textarea,What needs clarifying?,,note,,,/debriefs/action,post,{},False,,Not individually executed
CONTROL-00507,templates/pages/debriefs/detail.html,239,button,button,Request Clarification,,,submit,,/debriefs/action,post,{},False,,Not individually executed
CONTROL-00508,templates/pages/debriefs/detail.html,250,field,textarea,Your response / update…,,next_action,,,/debriefs/action,post,{},False,,Not individually executed
CONTROL-00509,templates/pages/debriefs/detail.html,251,button,button,Submit Update,,,submit,,/debriefs/action,post,{},False,,Not individually executed
CONTROL-00510,templates/pages/debriefs/submit.html,76,link,a,View full record,,,,/debriefs/{{ existing.id }},,,{},False,,Not individually executed
CONTROL-00511,templates/pages/debriefs/submit.html,111,field,input,{{ row.activity.id }},,activity_ids,checkbox,,/debriefs/submit,post,{},False,,Not individually executed
CONTROL-00512,templates/pages/debriefs/submit.html,138,disclosure,summary,Add Other Work,,,,,/debriefs/submit,post,{},False,,Not individually executed
CONTROL-00513,templates/pages/debriefs/submit.html,144,field,textarea,"{{ existing.other_work_description|default:"""" }}",dd-other,other_work_description,,,/debriefs/submit,post,{},False,,Not individually executed
CONTROL-00514,templates/pages/debriefs/submit.html,157,field,textarea,"{{ existing.what_went_well|default:"""" }}",dd-q2,what_went_well,,,/debriefs/submit,post,{},False,,Not individually executed
CONTROL-00515,templates/pages/debriefs/submit.html,163,field,textarea,"{{ existing.what_did_not_go_well|default:"""" }}",dd-q3,what_did_not_go_well,,,/debriefs/submit,post,{},False,,Not individually executed
CONTROL-00516,templates/pages/debriefs/submit.html,169,field,textarea,"{{ existing.challenges_faced|default:"""" }}",dd-q4,challenges_faced,,,/debriefs/submit,post,{},False,,Not individually executed
CONTROL-00517,templates/pages/debriefs/submit.html,175,field,textarea,"{{ existing.recommendations|default:"""" }}",dd-q5,recommendations,,,/debriefs/submit,post,{},False,,Not individually executed
CONTROL-00518,templates/pages/debriefs/submit.html,183,link,a,Report a Sensitive Issue,,,,/debriefs?restricted=1,/debriefs/submit,post,{},False,,Not individually executed
CONTROL-00519,templates/pages/debriefs/submit.html,189,button,button,Submit Daily Debrief,,intent,submit,,/debriefs/submit,post,{},False,,Not individually executed
CONTROL-00520,templates/pages/debriefs/weekly_report.html,21,link,a,Previous week,,,,?week={{ prev_week }},,,{},False,,Not individually executed
CONTROL-00521,templates/pages/debriefs/weekly_report.html,22,link,a,Next week,,,,?week={{ next_week }},,,{},False,,Not individually executed
CONTROL-00522,templates/pages/debriefs/weekly_report.html,43,button,button,Generate Draft Report,,action,submit,,,post,{},False,,Not individually executed
CONTROL-00523,templates/pages/debriefs/weekly_report.html,98,link,a,source,,,,/debriefs/{{ src.debrief_id }},,,{},False,,Not individually executed
CONTROL-00524,templates/pages/debriefs/weekly_report.html,139,link,a,Download PDF,,,,/debriefs/weekly-report/pdf?week={{ week_start|date:'Y-m-d' }},,,{},False,,Not individually executed
CONTROL-00525,templates/pages/debriefs/weekly_report.html,143,button,button,Regenerate Draft,,action,submit,,,post,{},False,,Not individually executed
CONTROL-00526,templates/pages/debriefs/weekly_report.html,144,field,input,Sign-off commentary,,commentary,text,,,post,{},False,,Not individually executed
CONTROL-00527,templates/pages/debriefs/weekly_report.html,146,button,button,Sign & Finalize,,action,submit,,,post,{},False,,Not individually executed
CONTROL-00528,templates/pages/debriefs/weekly_report.html,151,disclosure,summary,Send by Email,,,,,,,{},False,,Not individually executed
CONTROL-00529,templates/pages/debriefs/weekly_report.html,154,field,input,Recipients (comma-separated emails),,to,text,,,post,{},False,,Not individually executed
CONTROL-00530,templates/pages/debriefs/weekly_report.html,155,field,input,Email subject,,subject,text,,,post,{},False,,Not individually executed
CONTROL-00531,templates/pages/debriefs/weekly_report.html,156,button,button,Send PDF,,,submit,,,post,{},False,,Not individually executed
CONTROL-00532,templates/pages/districts/detail.html,49,link,a,View →,,,,/schools/{{ s.id }},,,{},False,,Not individually executed
CONTROL-00533,templates/pages/districts/index.html,22,link,a,View →,,,,/districts/{{ d.id }},,,{},False,,Not individually executed
CONTROL-00534,templates/pages/documents/agreement_center.html,13,button,button,Sign out,,,submit,,/logout,post,{},False,,Not individually executed
CONTROL-00535,templates/pages/documents/agreement_center.html,43,link,a,Read this document,,,,/documents/{{ ack.document.slug }}/,,,{},False,,Not individually executed
CONTROL-00536,templates/pages/documents/agreement_center.html,44,link,a,Download,,,,/documents/{{ ack.document.slug }}/download,,,{},False,,Not individually executed
CONTROL-00537,templates/pages/documents/agreement_center.html,65,field,input,agree,,choice,radio,,/api/documents/acknowledge/{{ ack.id }},post,{},False,,Not individually executed
CONTROL-00538,templates/pages/documents/agreement_center.html,68,field,input,disagree,,choice,radio,,/api/documents/acknowledge/{{ ack.id }},post,{},False,,Not individually executed
CONTROL-00539,templates/pages/documents/agreement_center.html,76,field,textarea,Anything you want HR to know. This is private.,,comment,,,/api/documents/acknowledge/{{ ack.id }},post,{},False,,Not individually executed
CONTROL-00540,templates/pages/documents/agreement_center.html,83,field,input,,,typed_full_name,,,/api/documents/acknowledge/{{ ack.id }},post,{},False,,Not individually executed
CONTROL-00541,templates/pages/documents/agreement_center.html,86,button,button,Submit response,,,submit,,/api/documents/acknowledge/{{ ack.id }},post,{},False,,Not individually executed
CONTROL-00542,templates/pages/documents/agreement_center.html,92,field,input,Reviewed with a screen reader / a printed copy,attest-{{ ack.id }},note,,,/api/documents/attest/{{ ack.id }},post,{},False,,Not individually executed
CONTROL-00543,templates/pages/documents/agreement_center.html,94,button,button,I reviewed this outside the viewer,,,submit,,/api/documents/attest/{{ ack.id }},post,{},False,,Not individually executed
CONTROL-00544,templates/pages/documents/agreement_center.html,101,link,a,Go to Edify,,,,/dashboard,,,{},False,,Not individually executed
CONTROL-00545,templates/pages/documents/canonical_document.html,27,button,button,Sign out,,,submit,,/logout,post,{},False,,Not individually executed
CONTROL-00546,templates/pages/documents/canonical_document.html,111,button,button,I Believe → Enter Edify I Accept → Continue,,choice,submit,,/api/documents/acknowledge/{{ acknowledgement.id }},post,{},False,,Not individually executed
CONTROL-00547,templates/pages/documents/canonical_document.html,121,disclosure,summary,I do not believe this statement I cannot accept this policy,,,,,,,{},False,,Not individually executed
CONTROL-00548,templates/pages/documents/canonical_document.html,128,field,textarea,A reason is required when you do not accept.,,comment,,,/api/documents/acknowledge/{{ acknowledgement.id }},post,{},False,,Not individually executed
CONTROL-00549,templates/pages/documents/canonical_document.html,131,button,button,Submit without proceeding,,choice,submit,,/api/documents/acknowledge/{{ acknowledgement.id }},post,{},False,,Not individually executed
CONTROL-00550,templates/pages/documents/canonical_document.html,144,link,a,Review and change my response,,,,/policy-agreement/restricted,,,{},False,,Not individually executed
CONTROL-00551,templates/pages/documents/compliance.html,28,field,select,All policies {{ p.title }},,document,,,,get,{},False,,Not individually executed
CONTROL-00552,templates/pages/documents/compliance.html,35,field,select,All Pending Agreed Disagreed,,state,,,,get,{},False,,Not individually executed
CONTROL-00553,templates/pages/documents/compliance.html,42,button,button,Apply,,,submit,,,get,{},False,,Not individually executed
CONTROL-00554,templates/pages/documents/compliance.html,100,field,input,Reply to this person,resp-{{ comment.id }},response,,,/policy-compliance/comments/{{ comment.id }},post,{},False,,Not individually executed
CONTROL-00555,templates/pages/documents/compliance.html,101,field,input,,,resolve,checkbox,,/policy-compliance/comments/{{ comment.id }},post,{},False,,Not individually executed
CONTROL-00556,templates/pages/documents/compliance.html,102,button,button,Send,,,submit,,/policy-compliance/comments/{{ comment.id }},post,{},False,,Not individually executed
CONTROL-00557,templates/pages/documents/manage_document.html,20,button,button,Submit for review,,,submit,,/documents/{{ document.slug }}/submit,post,{},False,,Not individually executed
CONTROL-00558,templates/pages/documents/manage_document.html,25,field,input,Review note,review-note,note,,,/documents/{{ document.slug }}/approve,post,{},False,,Not individually executed
CONTROL-00559,templates/pages/documents/manage_document.html,26,button,button,Approve,,,submit,,/documents/{{ document.slug }}/approve,post,{},False,,Not individually executed
CONTROL-00560,templates/pages/documents/manage_document.html,28,button,button,Return for correction,,,submit,,/documents/{{ document.slug }}/return,post,{},False,,Not individually executed
CONTROL-00561,templates/pages/documents/manage_document.html,31,button,button,Publish,,,submit,,/documents/{{ document.slug }}/publish,post,{},False,,Not individually executed
CONTROL-00562,templates/pages/documents/manage_document.html,81,field,input,,,file,file,,/documents/{{ document.slug }}/versions/new,post,{},False,,Not individually executed
CONTROL-00563,templates/pages/documents/manage_document.html,86,field,input,,,effective_date,date,,/documents/{{ document.slug }}/versions/new,post,{},False,,Not individually executed
CONTROL-00564,templates/pages/documents/manage_document.html,90,field,input,,,review_date,date,,/documents/{{ document.slug }}/versions/new,post,{},False,,Not individually executed
CONTROL-00565,templates/pages/documents/manage_document.html,94,field,input,,,expiry_date,date,,/documents/{{ document.slug }}/versions/new,post,{},False,,Not individually executed
CONTROL-00566,templates/pages/documents/manage_document.html,99,field,textarea,,,change_summary,,,/documents/{{ document.slug }}/versions/new,post,{},False,,Not individually executed
CONTROL-00567,templates/pages/documents/manage_document.html,102,field,input,,,material_change,checkbox,,/documents/{{ document.slug }}/versions/new,post,{},False,,Not individually executed
CONTROL-00568,templates/pages/documents/manage_document.html,105,button,button,Upload version,,,submit,,/documents/{{ document.slug }}/versions/new,post,{},False,,Not individually executed
CONTROL-00569,templates/pages/documents/new_document.html,19,field,input,,,title,,,,post,{},False,,Not individually executed
CONTROL-00570,templates/pages/documents/new_document.html,23,field,textarea,"What this is, in plain language. Readers see this in the Help Center and on the agreement page.",,description,,,,post,{},False,,Not individually executed
CONTROL-00571,templates/pages/documents/new_document.html,28,field,select,{{ label }},,document_type,,,,post,{},False,,Not individually executed
CONTROL-00572,templates/pages/documents/new_document.html,38,field,input,{{ value }},,target_roles,checkbox,,,post,{},False,,Not individually executed
CONTROL-00573,templates/pages/documents/new_document.html,46,field,input,,,effective_date,date,,,post,{},False,,Not individually executed
CONTROL-00574,templates/pages/documents/new_document.html,50,field,input,,,review_date,date,,,post,{},False,,Not individually executed
CONTROL-00575,templates/pages/documents/new_document.html,59,field,input,,,expiry_date,date,,,post,{},False,,Not individually executed
CONTROL-00576,templates/pages/documents/new_document.html,64,field,input,,,file,file,,,post,{},False,,Not individually executed
CONTROL-00577,templates/pages/documents/new_document.html,71,field,input,,,acknowledgement_required,checkbox,,,post,{},False,,Not individually executed
CONTROL-00578,templates/pages/documents/new_document.html,72,field,input,,,agreement_required,checkbox,,,post,{},False,,Not individually executed
CONTROL-00579,templates/pages/documents/new_document.html,73,field,input,,,comment_required,checkbox,,,post,{},False,,Not individually executed
CONTROL-00580,templates/pages/documents/new_document.html,74,field,input,,,blocks_application_access,checkbox,,,post,{},False,,Not individually executed
CONTROL-00581,templates/pages/documents/new_document.html,77,field,input,,,acknowledgement_reason,,,,post,{},False,,Not individually executed
CONTROL-00582,templates/pages/documents/new_document.html,81,field,input,,,acknowledgement_due_days,number,,,post,{},False,,Not individually executed
CONTROL-00583,templates/pages/documents/new_document.html,87,field,input,1,,required_reading_minutes,number,,,post,{},False,,Not individually executed
CONTROL-00584,templates/pages/documents/new_document.html,98,field,input,,,download_allowed,checkbox,,,post,{},False,,Not individually executed
CONTROL-00585,templates/pages/documents/new_document.html,99,field,input,,,print_allowed,checkbox,,,post,{},False,,Not individually executed
CONTROL-00586,templates/pages/documents/new_document.html,100,field,input,,,help_visible,checkbox,,,post,{},False,,Not individually executed
CONTROL-00587,templates/pages/documents/new_document.html,103,field,input,,,help_keywords,,,,post,{},False,,Not individually executed
CONTROL-00588,templates/pages/documents/new_document.html,107,button,button,Save draft,,,submit,,,post,{},False,,Not individually executed
CONTROL-00589,templates/pages/documents/restricted.html,13,button,button,Sign out,,,submit,,/logout,post,{},False,,Not individually executed
CONTROL-00590,templates/pages/documents/restricted.html,32,link,a,Read the policy again,,,,/documents/{{ ack.document.slug }}/,,,{},False,,Not individually executed
CONTROL-00591,templates/pages/documents/restricted.html,33,link,a,Contact support,,,,/support,,,{},False,,Not individually executed
CONTROL-00592,templates/pages/documents/restricted.html,41,field,textarea,,,comment,,,/api/documents/acknowledge/{{ ack.id }},post,{},False,,Not individually executed
CONTROL-00593,templates/pages/documents/restricted.html,43,button,button,Change my answer to Agree,,,submit,,/api/documents/acknowledge/{{ ack.id }},post,{},False,,Not individually executed
CONTROL-00594,templates/pages/documents/upload_center.html,15,button,button,Upload,admin-upload-drawer-open,,button,,,,{},False,,Not individually executed
CONTROL-00595,templates/pages/documents/upload_center.html,57,link,a,{{ action.action_label }},,,,{{ action.href }},,,{},False,,Not individually executed
CONTROL-00596,templates/pages/documents/upload_center.html,59,link,a,{{ action.template_label }},,,,{{ action.template_href }},,,{},False,,Not individually executed
CONTROL-00597,templates/pages/documents/upload_center.html,88,link,a,{{ t.label }},,,,?tab={{ t.key }},,,{},False,,Not individually executed
CONTROL-00598,templates/pages/documents/upload_center.html,109,button,button,Close upload drawer,,,submit,,,dialog,{},False,,Not individually executed
CONTROL-00599,templates/pages/documents/upload_center.html,124,link,a,{{ action.action_label }},,,,{{ action.href }},,,{},False,,Not individually executed
CONTROL-00600,templates/pages/documents/upload_center.html,126,link,a,{{ action.template_label }},,,,{{ action.template_href }},,,{},False,,Not individually executed
CONTROL-00601,templates/pages/documents/viewer.html,28,link,a,Download,,,,/documents/{{ document.slug }}/download,,,{},False,,Not individually executed
CONTROL-00602,templates/pages/documents/viewer.html,29,button,button,Print,,,button,,,,"{""@click"": ""recordPrint('/documents/{{ document.slug }}/print')""}",False,,Not individually executed
CONTROL-00603,templates/pages/documents/viewer.html,30,link,a,Return to Agreement,,,,/policy-agreement,,,{},False,,Not individually executed
CONTROL-00604,templates/pages/documents/viewer.html,64,link,a,Download the original,,,,/documents/{{ document.slug }}/download,,,{},False,,Not individually executed
CONTROL-00605,templates/pages/escalations/_table.html,39,button,button,Decide Details,,,button,,,,"{""@click"": ""open = open === '{{ e.id }}' ? null : '{{ e.id }}'""}",False,,Not individually executed
CONTROL-00606,templates/pages/escalations/_table.html,64,button,button,Acknowledge,,,submit,,,POST,{},False,,Not individually executed
CONTROL-00607,templates/pages/escalations/_table.html,72,field,select,Decide… {{ label }},dec-{{ key }}-{{ e.id }},decision,,,,POST,{},False,,Not individually executed
CONTROL-00608,templates/pages/escalations/_table.html,77,field,textarea,Why — the raiser needs the reasoning.,note-{{ key }}-{{ e.id }},decision_note,,,,POST,{},False,,Not individually executed
CONTROL-00609,templates/pages/escalations/_table.html,79,button,button,Record decision,,,submit,,,POST,{},False,,Not individually executed
CONTROL-00610,templates/pages/escalations/index.html,54,field,select,{{ label }},esc-category,category,,,,POST,{},False,,Not individually executed
CONTROL-00611,templates/pages/escalations/index.html,60,field,select,{{ label }},esc-severity,severity,,,,POST,{},False,,Not individually executed
CONTROL-00612,templates/pages/escalations/index.html,67,field,input,One line: what needs deciding,esc-subject,subject,text,,,POST,{},False,,Not individually executed
CONTROL-00613,templates/pages/escalations/index.html,71,field,textarea,{{ prefill.detail }},esc-detail,detail,,,,POST,{},False,,Not individually executed
CONTROL-00614,templates/pages/escalations/index.html,75,field,input,e.g. Approve a 12M reallocation from Q3 to Q2,esc-requested,requested_decision,text,,,POST,{},False,,Not individually executed
CONTROL-00615,templates/pages/escalations/index.html,79,field,input,,esc-due,due_date,date,,,POST,{},False,,Not individually executed
CONTROL-00616,templates/pages/escalations/index.html,82,button,button,Send to {{ board.raise_to_label }},,,submit,,,POST,{},False,,Not individually executed
CONTROL-00617,templates/pages/finance/country_budget_history.html,10,link,a,Finance,,,,/country-budget/?fy={{ fy }},,,{},False,,Not individually executed
CONTROL-00618,templates/pages/finance/country_budget_history.html,58,link,a,View details,,,,/country-budget/history/{{ row.budget_id }},,,{},False,,Not individually executed
CONTROL-00619,templates/pages/finance/country_budget_history.html,76,link,a,Back to active month,,,,/country-budget/?fy={{ fy }},,,{},False,,Not individually executed
CONTROL-00620,templates/pages/finance/country_budget_submission.html,12,link,a,Submitted Budgets,,,,/country-budget/history?fy={{ fy }},,,{},False,,Not individually executed
CONTROL-00621,templates/pages/finance/country_budget_submission.html,163,link,a,Back to submitted budgets,,,,/country-budget/history?fy={{ fy }},,,{},False,,Not individually executed
CONTROL-00622,templates/pages/finance/fund_allocation.html,27,button,button,Admin Budget Breakdown,,,button,/finance/fund-allocation/admin-budget-drilldown?month={{ admin_month_name }}&fy={{ fy }},,,"{""hx-get"": ""/finance/fund-allocation/admin-budget-drilldown?month={{ admin_month_name }}&fy={{ fy }}"", ""hx-target"": ""#drawer-container"", ""hx-swap"": ""innerHTML""}",False,,Not individually executed
CONTROL-00623,templates/pages/finance/fund_allocation.html,31,button,button,Export,,,button,/finance/fund-allocation/export-drawer?month={{ admin_month_name }}&fy={{ fy }},,,"{""hx-get"": ""/finance/fund-allocation/export-drawer?month={{ admin_month_name }}&fy={{ fy }}"", ""hx-target"": ""#drawer-container"", ""hx-swap"": ""innerHTML""}",False,,Not individually executed
CONTROL-00624,templates/pages/finance/fund_allocation.html,49,link,a,{{ period.title }} {{ period.total|ugx }},,,,?fy={{ fy }}&date={{ anchor|date:'Y-m-d' }}&period={{ period.key }},,,{},False,,Not individually executed
CONTROL-00625,templates/pages/finance/fund_allocation.html,71,field,select,All districts {{ d.name }},allocation-district-filter,district,,,,get,"{""@change"": ""$el.form.submit()""}",False,,Not individually executed
CONTROL-00626,templates/pages/fund_requests/detail.html,75,button,button,Confirm & Request Advance,,,submit,,/fund-requests/weekly/{{ req.id }}/confirm,POST,{},False,,Not individually executed
CONTROL-00627,templates/pages/fund_requests/detail.html,96,field,input,{{ req.totalAmount }},amount,amount,number,,/fund-requests/weekly/{{ req.id }}/disburse,POST,{},False,,Not individually executed
CONTROL-00628,templates/pages/fund_requests/detail.html,108,field,select,Mobile Money Bank Transfer Cheque Cash / Petty Cash,method,method,,,/fund-requests/weekly/{{ req.id }}/disburse,POST,{},False,,Not individually executed
CONTROL-00629,templates/pages/fund_requests/detail.html,122,field,input,e.g. TXN-998877,reference,reference,text,,/fund-requests/weekly/{{ req.id }}/disburse,POST,{},False,,Not individually executed
CONTROL-00630,templates/pages/fund_requests/detail.html,133,button,button,Disburse Funds,,,submit,,/fund-requests/weekly/{{ req.id }}/disburse,POST,{},False,,Not individually executed
CONTROL-00631,templates/pages/help/article.html,9,link,a,Knowledge Center,,,,/help,,,{},False,,Not individually executed
CONTROL-00632,templates/pages/help/article.html,11,link,a,{{ article.category.name }},,,,/help/categories/{{ article.category.slug }},,,{},False,,Not individually executed
CONTROL-00633,templates/pages/help/article.html,34,link,a,Print view,,,,/help/articles/{{ article.slug }}/print,,,{},False,,Not individually executed
CONTROL-00634,templates/pages/help/article.html,43,link,a,{{ section.heading }},,,,#section-{{ forloop.counter }},,,{},False,,Not individually executed
CONTROL-00635,templates/pages/help/article.html,77,link,a,{{ item.title }},,,,/help/articles/{{ item.slug }},,,{},False,,Not individually executed
CONTROL-00636,templates/pages/help/article.html,89,button,button,Yes,,feedback_type,submit,,/help/articles/{{ article.slug }}/feedback,post,{},False,,Not individually executed
CONTROL-00637,templates/pages/help/article.html,90,button,button,Report outdated,,feedback_type,submit,,/help/articles/{{ article.slug }}/feedback,post,{},False,,Not individually executed
CONTROL-00638,templates/pages/help/article.html,91,button,button,Report missing step,,feedback_type,submit,,/help/articles/{{ article.slug }}/feedback,post,{},False,,Not individually executed
CONTROL-00639,templates/pages/help/category.html,6,link,a,Knowledge Center,,,,/help,,,{},False,,Not individually executed
CONTROL-00640,templates/pages/help/category.html,6,link,a,{{ article.estimated_reading_minutes }} min read{{ article.title }}{{ article.summary }},,,,/help/articles/{{ article.slug }},,,{},False,,Not individually executed
CONTROL-00641,templates/pages/help/edit_article.html,4,button,button,Save draft,,,submit,,,post,{},False,,Not individually executed
CONTROL-00642,templates/pages/help/glossary.html,6,link,a,Knowledge Center,,,,/help,,,{},False,,Not individually executed
CONTROL-00643,templates/pages/help/glossary.html,10,link,a,Open related guide →,,,,/help/articles/{{ term.article.slug }},,,{},False,,Not individually executed
CONTROL-00644,templates/pages/help/index.html,19,link,a,{{ role_article.title }},,,,/help/articles/{{ role_article.slug }},,,{},False,,Not individually executed
CONTROL-00645,templates/pages/help/index.html,31,link,a,{{ group.category.name }} {{ group.count }} articles {{ group.category.description }},,,,{{ group.url }},,,{},False,,Not individually executed
CONTROL-00646,templates/pages/help/index.html,51,link,a,{{ item.title }},,,,/help/articles/{{ item.slug }},,,{},False,,Not individually executed
CONTROL-00647,templates/pages/help/index.html,62,link,a,{{ item.title }},,,,/help/articles/{{ item.slug }},,,{},False,,Not individually executed
CONTROL-00648,templates/pages/help/index.html,65,link,a,All troubleshooting guides,,,,/help/troubleshooting,,,{},False,,Not individually executed
CONTROL-00649,templates/pages/help/index.html,70,link,a,Download the manual,,,,/help/export/complete,,,{},False,,Not individually executed
CONTROL-00650,templates/pages/help/manage.html,5,link,a,Create draft,,,,/help/manage/new,,,{},False,,Not individually executed
CONTROL-00651,templates/pages/help/manage.html,6,link,a,Edit,,,,/help/manage/{{ article.slug }},,,{},False,,Not individually executed
CONTROL-00652,templates/pages/help/manage.html,6,button,button,Submit,,,submit,,/help/manage/{{ article.slug }}/submit,post,{},False,,Not individually executed
CONTROL-00653,templates/pages/help/manage.html,6,button,button,Technical review,,,submit,,/help/manage/{{ article.slug }}/technical_review,post,{},False,,Not individually executed
CONTROL-00654,templates/pages/help/manage.html,6,button,button,Product review,,,submit,,/help/manage/{{ article.slug }}/product_review,post,{},False,,Not individually executed
CONTROL-00655,templates/pages/help/manage.html,6,button,button,Publish,,,submit,,/help/manage/{{ article.slug }}/publish,post,{},False,,Not individually executed
CONTROL-00656,templates/pages/help/release_notes.html,5,link,a,Knowledge Center,,,,/help,,,{},False,,Not individually executed
CONTROL-00657,templates/pages/help/search.html,7,link,a,Knowledge Center,,,,/help,,,{},False,,Not individually executed
CONTROL-00658,templates/pages/help/search.html,17,link,a,{{ result.article.title }},,,,/help/articles/{{ result.article.slug }},,,{},False,,Not individually executed
CONTROL-00659,templates/pages/hr/conversation_document.html,13,button,button,Print / Save as PDF,,,button,,,,"{""@click"": ""window.print()""}",False,,Not individually executed
CONTROL-00660,templates/pages/hr/extra_work.html,17,button,button,Assign Extra Work,,,button,/extra-work/assign-drawer?fy={{ fy }},,,"{""hx-get"": ""/extra-work/assign-drawer?fy={{ fy }}"", ""hx-target"": ""#drawer-container"", ""hx-swap"": ""innerHTML""}",False,,Not individually executed
CONTROL-00661,templates/pages/hr/extra_work.html,66,button,button,Start,,,submit,,/extra-work/{{ a.id }}/start,get,{},False,,Not individually executed
CONTROL-00662,templates/pages/hr/extra_work.html,69,button,button,Submit Result,,,button,/extra-work/{{ a.id }}/submit-drawer,,,"{""hx-get"": ""/extra-work/{{ a.id }}/submit-drawer"", ""hx-target"": ""#drawer-container"", ""hx-swap"": ""innerHTML""}",False,,Not individually executed
CONTROL-00663,templates/pages/hr/extra_work.html,98,link,a,Evidence link,,,,{{ a.evidence_uri }},,,{},False,,Not individually executed
CONTROL-00664,templates/pages/hr/extra_work.html,102,button,button,Verify & Complete,,,submit,,/extra-work/{{ a.id }}/verify,get,{},False,,Not individually executed
CONTROL-00665,templates/pages/hr/extra_work.html,105,field,input,Return reason,,reason,,,/extra-work/{{ a.id }}/return,get,{},False,,Not individually executed
CONTROL-00666,templates/pages/hr/extra_work.html,107,button,button,Return,,,submit,,/extra-work/{{ a.id }}/return,get,{},False,,Not individually executed
CONTROL-00667,templates/pages/hr/extra_work.html,108,button,button,Return…,,,button,,/extra-work/{{ a.id }}/return,get,"{""@click"": ""returning = true""}",False,,Not individually executed
CONTROL-00668,templates/pages/hr/extra_work.html,135,button,button,Cancel,,,submit,,/extra-work/{{ a.id }}/cancel,get,{},False,,Not individually executed
CONTROL-00669,templates/pages/hr/hr_today.html,73,link,a,Open,,,,{{ item.url }},,,{},False,,Not individually executed
CONTROL-00670,templates/pages/hr/module_workspace.html,21,link,a,My Team,,,,/my-team,,,{},False,,Not individually executed
CONTROL-00671,templates/pages/hr/module_workspace.html,21,link,a,Human Capital,,,,/dashboard,,,{},False,,Not individually executed
CONTROL-00672,templates/pages/hr/module_workspace.html,35,link,a,{{ action.label }},,,,{{ action.href }},,,{},False,,Not individually executed
CONTROL-00673,templates/pages/hr/module_workspace.html,37,button,button,{{ action.label }},,,button,{{ action.drawer }},,,"{""hx-get"": ""{{ action.drawer }}"", ""hx-target"": ""#drawer-container"", ""hx-swap"": ""innerHTML""}",False,,Not individually executed
CONTROL-00674,templates/pages/hr/module_workspace.html,43,link,a,{{ primary_action.label }} →,,,,{{ primary_action.href }},,,{},False,,Not individually executed
CONTROL-00675,templates/pages/hr/module_workspace.html,49,link,a,My Team,,,,/my-team,,,{},False,,Not individually executed
CONTROL-00676,templates/pages/hr/module_workspace.html,51,link,a,HR overview,,,,/dashboard,,,{},False,,Not individually executed
CONTROL-00677,templates/pages/hr/my_performance.html,13,link,a,Distribute targets,,,,/target-distribution?fy={{ fy }},,,{},False,,Not individually executed
CONTROL-00678,templates/pages/hr/my_performance.html,14,link,a,Distribute to my team,,,,/target-distribution/team?fy={{ fy }},,,{},False,,Not individually executed
CONTROL-00679,templates/pages/hr/my_performance.html,15,link,a,Strategy & approval,,,,/strategic-priorities?fy={{ fy }},,,{},False,,Not individually executed
CONTROL-00680,templates/pages/hr/my_performance.html,16,link,a,Performance conversation,,,,/performance-conversation,,,{},False,,Not individually executed
CONTROL-00681,templates/pages/hr/my_performance.html,16,link,a,Performance conversation,,,,/performance-conversation,,,{},False,,Not individually executed
CONTROL-00682,templates/pages/hr/my_performance.html,40,field,input,{{ fy }},priority-year,fy,number,,,get,{},False,,Not individually executed
CONTROL-00683,templates/pages/hr/my_performance.html,42,button,button,Apply,,,submit,,,get,{},False,,Not individually executed
CONTROL-00684,templates/pages/hr/my_performance.html,46,link,a,{{ label }},,,,?fy={{ fy }}&tab={{ key }},,,{},False,,Not individually executed
CONTROL-00685,templates/pages/hr/my_performance.html,65,link,a,Open planning,,,,/planning?fy={{ fy }},,,{},False,,Not individually executed
CONTROL-00686,templates/pages/hr/my_performance.html,82,link,a,Manage development,,,,/my-professional-development,,,{},False,,Not individually executed
CONTROL-00687,templates/pages/hr/my_performance.html,88,disclosure,summary,Conversation records and amendments,,,,,,,{},False,,Not individually executed
CONTROL-00688,templates/pages/hr/my_performance.html,90,link,a,View record,,,,/performance-conversation/{{ review.id }}/document/{{ row.snap.window }},,,{},False,,Not individually executed
CONTROL-00689,templates/pages/hr/performance_console.html,63,button,button,Open FY{{ fy }} cycle & draft agreements,,,submit,,/hr/performance-cycle/action,post,{},False,,Not individually executed
CONTROL-00690,templates/pages/hr/performance_console.html,71,field,select,Window,,window,,,/hr/performance-cycle/action,post,{},False,,Not individually executed
CONTROL-00691,templates/pages/hr/performance_console.html,76,field,input,Deadline,,deadline,date,,/hr/performance-cycle/action,post,{},False,,Not individually executed
CONTROL-00692,templates/pages/hr/performance_console.html,78,button,button,Activate & freeze snapshots,,,submit,,/hr/performance-cycle/action,post,{},False,,Not individually executed
CONTROL-00693,templates/pages/hr/performance_console.html,85,button,button,Close window,,,submit,,/hr/performance-cycle/action,post,{},False,,Not individually executed
CONTROL-00694,templates/pages/hr/performance_console.html,114,link,a,Open conversation,,,,/performance-conversation?staff={{ row.review.staff_id }},,,{},False,,Not individually executed
CONTROL-00695,templates/pages/hr/performance_console.html,121,button,button,Approve & lock,,,submit,,/hr/performance-cycle/action,post,{},False,,Not individually executed
CONTROL-00696,templates/pages/hr/performance_console.html,142,button,button,Ready for SLT,,,submit,,/hr/performance-cycle/action,post,{},False,,Not individually executed
CONTROL-00697,templates/pages/hr/performance_console.html,147,button,button,Record calibration,,,submit,,/hr/performance-cycle/action,post,{},False,,Not individually executed
CONTROL-00698,templates/pages/hr/performance_console.html,152,field,select,Rating,,rating,,,/hr/performance-cycle/action,post,{},False,,Not individually executed
CONTROL-00699,templates/pages/hr/performance_console.html,153,button,button,Confirm rating,,,submit,,/hr/performance-cycle/action,post,{},False,,Not individually executed
CONTROL-00700,templates/pages/hr/performance_console.html,158,button,button,Sign & archive,,,submit,,/hr/performance-cycle/action,post,{},False,,Not individually executed
CONTROL-00701,templates/pages/hr/performance_conversation.html,17,link,a,Performance Reviews,,,,/performance-reviews,,,{},False,,Not individually executed
CONTROL-00702,templates/pages/hr/performance_conversation.html,54,field,input,,,note,text,,/performance-conversation/{{ review.id }}/agree-priorities,post,{},False,,Not individually executed
CONTROL-00703,templates/pages/hr/performance_conversation.html,56,button,button,Agree these priorities,,,submit,,/performance-conversation/{{ review.id }}/agree-priorities,post,{},False,,Not individually executed
CONTROL-00704,templates/pages/hr/performance_conversation.html,125,field,textarea,"{{ row.p.employee_reflection|default:"""" }}",,employee_reflection,,,/performance-conversation/priority/{{ row.p.id }}/save,post,{},False,,Not individually executed
CONTROL-00705,templates/pages/hr/performance_conversation.html,127,field,select,Employee rating,,employee_rating,,,/performance-conversation/priority/{{ row.p.id }}/save,post,{},False,,Not individually executed
CONTROL-00706,templates/pages/hr/performance_conversation.html,131,button,button,Save my reflection,,,submit,,/performance-conversation/priority/{{ row.p.id }}/save,post,{},False,,Not individually executed
CONTROL-00707,templates/pages/hr/performance_conversation.html,147,field,textarea,"{{ row.p.manager_assessment|default:"""" }}",,manager_assessment,,,/performance-conversation/priority/{{ row.p.id }}/save,post,{},False,,Not individually executed
CONTROL-00708,templates/pages/hr/performance_conversation.html,149,field,select,Manager rating,,manager_rating,,,/performance-conversation/priority/{{ row.p.id }}/save,post,{},False,,Not individually executed
CONTROL-00709,templates/pages/hr/performance_conversation.html,153,field,textarea,"{{ row.p.agreed_action|default:"""" }}",,agreed_action,,,/performance-conversation/priority/{{ row.p.id }}/save,post,{},False,,Not individually executed
CONTROL-00710,templates/pages/hr/performance_conversation.html,155,button,button,Save manager review,,,submit,,/performance-conversation/priority/{{ row.p.id }}/save,post,{},False,,Not individually executed
CONTROL-00711,templates/pages/hr/performance_conversation.html,172,field,select,Functional manager rating,,functional_manager_rating,,,/performance-conversation/priority/{{ row.p.id }}/save,post,{},False,,Not individually executed
CONTROL-00712,templates/pages/hr/performance_conversation.html,176,button,button,Save rating,,,submit,,/performance-conversation/priority/{{ row.p.id }}/save,post,{},False,,Not individually executed
CONTROL-00713,templates/pages/hr/performance_conversation.html,218,button,button,Sign off & lock,,,submit,,/performance-conversation/{{ review.id }}/sign-off,post,{},False,,Not individually executed
CONTROL-00714,templates/pages/hr/professional_development_dashboard.html,38,button,button,Dismiss notification,,,button,,,,"{""@click"": ""$el.parentElement.remove()""}",False,,Not individually executed
CONTROL-00715,templates/pages/hr/professional_development_dashboard.html,50,field,select,Fiscal year,,fy,,,/cpd-learning,get,{},False,,Not individually executed
CONTROL-00716,templates/pages/hr/professional_development_dashboard.html,63,field,select,Country,,country,,,/cpd-learning,get,{},False,,Not individually executed
CONTROL-00717,templates/pages/hr/professional_development_dashboard.html,73,field,select,Role,,role,,,/cpd-learning,get,{},False,,Not individually executed
CONTROL-00718,templates/pages/hr/professional_development_dashboard.html,81,field,select,Status,,status,,,/cpd-learning,get,{},False,,Not individually executed
CONTROL-00719,templates/pages/hr/professional_development_dashboard.html,88,field,select,Reminder,,reminder,,,/cpd-learning,get,{},False,,Not individually executed
CONTROL-00720,templates/pages/hr/pulse_respond.html,33,field,input,{{ value }},,{{ key }},radio,,,post,{},False,,Not individually executed
CONTROL-00721,templates/pages/hr/pulse_respond.html,43,field,textarea,Please do not include names.,,comment,,,,post,{},False,,Not individually executed
CONTROL-00722,templates/pages/hr/pulse_respond.html,46,button,button,Submit anonymously,,,submit,,,post,{},False,,Not individually executed
CONTROL-00723,templates/pages/hr/ssa_mapping.html,59,button,button,History,,,button,/priorities/ssa-mapping/{{ row.item.id }}/history,,,"{""hx-get"": ""/priorities/ssa-mapping/{{ row.item.id }}/history"", ""hx-target"": ""#drawer-container"", ""hx-swap"": ""innerHTML""}",False,,Not individually executed
CONTROL-00724,templates/pages/hr/strategic_priorities.html,59,field,input,Title,,title,,,/strategic-priorities/action,post,{},False,,Not individually executed
CONTROL-00725,templates/pages/hr/strategic_priorities.html,62,field,select,Level,,level,,,/strategic-priorities/action,post,{},False,,Not individually executed
CONTROL-00726,templates/pages/hr/strategic_priorities.html,67,field,textarea,Strategic purpose,,strategic_purpose,,,/strategic-priorities/action,post,{},False,,Not individually executed
CONTROL-00727,templates/pages/hr/strategic_priorities.html,70,field,input,Target guidance,,target_guidance,,,/strategic-priorities/action,post,{},False,,Not individually executed
CONTROL-00728,templates/pages/hr/strategic_priorities.html,73,field,input,Minimum standard,,minimum_standard,,,/strategic-priorities/action,post,{},False,,Not individually executed
CONTROL-00729,templates/pages/hr/strategic_priorities.html,76,field,select,Regional parent,,parent,,,/strategic-priorities/action,post,{},False,,Not individually executed
CONTROL-00730,templates/pages/hr/strategic_priorities.html,82,field,input,Weight minimum,,weight_min,number,,/strategic-priorities/action,post,{},False,,Not individually executed
CONTROL-00731,templates/pages/hr/strategic_priorities.html,85,field,input,Weight maximum,,weight_max,number,,/strategic-priorities/action,post,{},False,,Not individually executed
CONTROL-00732,templates/pages/hr/strategic_priorities.html,88,field,input,Mandatory,,is_mandatory,checkbox,,/strategic-priorities/action,post,{},False,,Not individually executed
CONTROL-00733,templates/pages/hr/strategic_priorities.html,92,button,button,Draft priority,,,submit,,/strategic-priorities/action,post,{},False,,Not individually executed
CONTROL-00734,templates/pages/hr/strategic_priorities.html,160,field,select,Role for {{ row.priority.title }},,role,,,/strategic-priorities/action,post,{},False,,Not individually executed
CONTROL-00735,templates/pages/hr/strategic_priorities.html,165,field,select,Accountability for {{ row.priority.title }},,accountability,,,/strategic-priorities/action,post,{},False,,Not individually executed
CONTROL-00736,templates/pages/hr/strategic_priorities.html,170,field,select,Measure for {{ row.priority.title }},,metric_key,,,/strategic-priorities/action,post,{},False,,Not individually executed
CONTROL-00737,templates/pages/hr/strategic_priorities.html,176,field,input,Outcome statement for {{ row.priority.title }},,outcome_statement,,,/strategic-priorities/action,post,{},False,,Not individually executed
CONTROL-00738,templates/pages/hr/strategic_priorities.html,178,button,button,Save translation,,,submit,,/strategic-priorities/action,post,{},False,,Not individually executed
CONTROL-00739,templates/pages/hr/strategic_priorities.html,187,button,button,Publish & cascade,,,submit,,/strategic-priorities/action,post,{},False,,Not individually executed
CONTROL-00740,templates/pages/ia/analytics_dashboard.html,46,link,a,Coordinate assessments,,,,/ia/dashboard/?view=collection,,,{},False,,Not individually executed
CONTROL-00741,templates/pages/ia/analytics_dashboard.html,47,link,a,Review verification queue ({{ kpis.waiting }}),,,,/ia/verification/,,,{},False,,Not individually executed
CONTROL-00742,templates/pages/ia/analytics_dashboard.html,73,link,a,Full queue,,,,/ia/verification/,,,{},False,,Not individually executed
CONTROL-00743,templates/pages/ia/compare_evidence.html,23,link,a,"#{{ w.id|slice:"":8"" }} {{ w.school.name|default:""Cluster-wide"" }} {{ w.get_activity_type_display }}",,,,/ia/compare/?activity_id={{ w.id }},,,{},False,,Not individually executed
CONTROL-00744,templates/pages/ia/compare_evidence.html,55,link,a,{{ act.cluster.name }},,,,/clusters/{{ act.cluster.id }},,,{},False,,Not individually executed
CONTROL-00745,templates/pages/ia/compare_evidence.html,69,link,a,{{ act.cluster.name }},,,,/clusters/{{ act.cluster.id }},,,{},False,,Not individually executed
CONTROL-00746,templates/pages/ia/compare_evidence.html,94,link,a,Download File,,,,/api/evidence/{{ ev.id }}/file?download=1,,,{},False,,Not individually executed
CONTROL-00747,templates/pages/ia/compare_evidence.html,153,link,a,Review Workspace,,,,/ia/verification/{{ act.id }}/,,,{},False,,Not individually executed
CONTROL-00748,templates/pages/ia/duplicate_review.html,71,link,a,Compare Evidence side-by-side,,,,/ia/compare/?activity_id={{ dup.activity.id }},,,{},False,,Not individually executed
CONTROL-00749,templates/pages/ia/duplicate_review.html,78,button,button,Ignore Flag,,action,submit,,/ia/duplicates/{{ dup.id }}/action,POST,{},False,,Not individually executed
CONTROL-00750,templates/pages/ia/duplicate_review.html,81,button,button,Return to Plan,,action,submit,,/ia/duplicates/{{ dup.id }}/action,POST,{},False,,Not individually executed
CONTROL-00751,templates/pages/ia/duplicate_review.html,84,button,button,Flag Investigation,,action,submit,,/ia/duplicates/{{ dup.id }}/action,POST,{},False,,Not individually executed
CONTROL-00752,templates/pages/ia/framework.html,30,button,button,{{ action.label }},,,button,{{ action.drawer }},,,"{""hx-get"": ""{{ action.drawer }}"", ""hx-target"": ""#drawer-container"", ""hx-swap"": ""innerHTML""}",False,,Not individually executed
CONTROL-00753,templates/pages/ia/framework.html,43,link,a,{{ item.label }},,,,{{ item.url }},,,{},False,,Not individually executed
CONTROL-00754,templates/pages/ia/framework.html,56,button,button,{{ notice.post_label }},,,submit,,{{ notice.post }},post,{},False,,Not individually executed
CONTROL-00755,templates/pages/ia/impact_reports.html,22,button,button,Start report,,,button,/ia/impact-reports/new,,,"{""hx-get"": ""/ia/impact-reports/new"", ""hx-target"": ""#drawer-container"", ""hx-swap"": ""innerHTML""}",False,,Not individually executed
CONTROL-00756,templates/pages/ia/impact_reports.html,36,field,select,{{ field.blank }} {{ option.1 }},,{{ field.name }},,,,get,"{""@change"": ""$el.form.requestSubmit()""}",False,,Not individually executed
CONTROL-00757,templates/pages/ia/impact_reports.html,43,link,a,Reset,,,,/ia/impact-reports/,,get,{},False,,Not individually executed
CONTROL-00758,templates/pages/ia/impact_reports_brief.html,61,field,input,{{ today }},ia-brief-shared-on,shared_on,date,,/impact-briefs/{{ release.id }}/shared,post,{},False,,Not individually executed
CONTROL-00759,templates/pages/ia/impact_reports_brief.html,66,field,select,Not during a recorded visit {{ label }},ia-brief-visit,visit,,,/impact-briefs/{{ release.id }}/shared,post,{},False,,Not individually executed
CONTROL-00760,templates/pages/ia/impact_reports_brief.html,74,field,textarea,,ia-brief-response,school_response,,,/impact-briefs/{{ release.id }}/shared,post,{},False,,Not individually executed
CONTROL-00761,templates/pages/ia/impact_reports_brief.html,77,button,button,Record as shared,,,submit,,/impact-briefs/{{ release.id }}/shared,post,{},False,,Not individually executed
CONTROL-00762,templates/pages/ia/impact_reports_detail.html,17,link,a,Impact Reports,,,,/ia/impact-reports/,,,{},False,,Not individually executed
CONTROL-00763,templates/pages/ia/impact_reports_detail.html,23,button,button,Edit draft,,,button,/ia/impact-reports/{{ report.id }}/edit,,,"{""hx-get"": ""/ia/impact-reports/{{ report.id }}/edit"", ""hx-target"": ""#drawer-container"", ""hx-swap"": ""innerHTML""}",False,,Not individually executed
CONTROL-00764,templates/pages/ia/impact_reports_detail.html,24,button,button,Submit for review,,,submit,,/ia/impact-reports/{{ report.id }}/submit,post,{},False,,Not individually executed
CONTROL-00765,templates/pages/ia/impact_reports_detail.html,27,button,button,Withdraw,,,submit,,/ia/impact-reports/{{ report.id }}/withdraw,post,{},False,,Not individually executed
CONTROL-00766,templates/pages/ia/impact_reports_detail.html,30,button,button,Review,,,button,/ia/impact-reports/{{ report.id }}/review,,,"{""hx-get"": ""/ia/impact-reports/{{ report.id }}/review"", ""hx-target"": ""#drawer-container"", ""hx-swap"": ""innerHTML""}",False,,Not individually executed
CONTROL-00767,templates/pages/ia/impact_reports_detail.html,33,button,button,Release to country leadership,,,submit,,/ia/impact-reports/{{ report.id }}/release/leadership,post,{},False,,Not individually executed
CONTROL-00768,templates/pages/ia/impact_reports_detail.html,36,button,button,Release school briefs,,,button,/ia/impact-reports/{{ report.id }}/release/schools,,,"{""hx-get"": ""/ia/impact-reports/{{ report.id }}/release/schools"", ""hx-target"": ""#drawer-container"", ""hx-swap"": ""innerHTML""}",False,,Not individually executed
CONTROL-00769,templates/pages/ia/impact_reports_detail.html,39,button,button,Request donor version,,,button,/ia/impact-reports/{{ report.id }}/release/donor,,,"{""hx-get"": ""/ia/impact-reports/{{ report.id }}/release/donor"", ""hx-target"": ""#drawer-container"", ""hx-swap"": ""innerHTML""}",False,,Not individually executed
CONTROL-00770,templates/pages/ia/impact_reports_detail.html,42,button,button,Start a correction,,,submit,,/ia/impact-reports/{{ report.id }}/correct,post,{},False,,Not individually executed
CONTROL-00771,templates/pages/ia/impact_reports_detail.html,45,link,a,Download evidence annex,,,,/ia/impact-reports/{{ report.id }}/annex.csv,,,{},False,,Not individually executed
CONTROL-00772,templates/pages/ia/impact_reports_detail.html,56,link,a,Open version {{ successor.version }},,,,/ia/impact-reports/{{ successor.id }}/,,,{},False,,Not individually executed
CONTROL-00773,templates/pages/ia/impact_reports_detail.html,59,link,a,version {{ report.supersedes.version }},,,,/ia/impact-reports/{{ report.supersedes_id }}/,,,{},False,,Not individually executed
CONTROL-00774,templates/pages/ia/impact_reports_detail.html,86,button,button,Add recommendation,,,button,/ia/impact-reports/{{ report.id }}/recommendations/new,,,"{""hx-get"": ""/ia/impact-reports/{{ report.id }}/recommendations/new"", ""hx-target"": ""#drawer-container"", ""hx-swap"": ""innerHTML""}",False,,Not individually executed
CONTROL-00775,templates/pages/ia/impact_reports_detail.html,103,button,button,Download today's live evidence annex (draft),,,submit,,/ia/impact-report/download,post,{},False,,Not individually executed
CONTROL-00776,templates/pages/ia/learning.html,27,button,button,Record finding,,,button,/ia/learning/findings/new?fy={{ fy }},,,"{""hx-get"": ""/ia/learning/findings/new?fy={{ fy }}"", ""hx-target"": ""#drawer-container"", ""hx-swap"": ""innerHTML""}",False,,Not individually executed
CONTROL-00777,templates/pages/ia/learning.html,37,link,a,{{ item.label }},,,,{{ item.url }},,,{},False,,Not individually executed
CONTROL-00778,templates/pages/ia/learning.html,48,field,select,{{ field.blank }} {{ option.1 }},,{{ field.name }},,,,get,"{""@change"": ""$el.form.requestSubmit()""}",False,,Not individually executed
CONTROL-00779,templates/pages/ia/learning.html,81,disclosure,summary,"How these figures are madePairs, exposure, comparison, correction and grades",,,,,,,{},False,,Not individually executed
CONTROL-00780,templates/pages/ia/lending_evidence.html,31,link,a,{{ item.label }},,,,{{ item.url }},,,{},False,,Not individually executed
CONTROL-00781,templates/pages/ia/lending_evidence.html,45,field,select,{{ field.blank }} {{ option.1 }},,{{ field.name }},,,,get,"{""@change"": ""$el.form.requestSubmit()""}",False,,Not individually executed
CONTROL-00782,templates/pages/ia/notifications.html,29,link,a,{{ alert.title }},,,,{{ alert.target_route }},,,{},False,,Not individually executed
CONTROL-00783,templates/pages/ia/partials/queue_table.html,8,link,a,Remove filter: {{ chip.label }},,,,{{ chip.clear_url }},,,{},False,,Not individually executed
CONTROL-00784,templates/pages/ia/partials/queue_table.html,36,link,a,"#{{ act.id|slice:"":8"" }}",,,,/ia/verification/{{ act.id }}/,,,{},False,,Not individually executed
CONTROL-00785,templates/pages/ia/partials/queue_table.html,60,link,a,Review,,,,/ia/verification/{{ act.id }}/,,,{},False,,Not individually executed
CONTROL-00786,templates/pages/ia/partials/queue_table.html,62,disclosure,summary,More actions for {{ act.activityType|title|replace_underscore }} at {{ act.schoolName|default:'cluster' }},,,,,,,{},False,,Not individually executed
CONTROL-00787,templates/pages/ia/partials/queue_table.html,64,link,a,Compare evidence,,,,/ia/compare/?activity_id={{ act.id }},,,{},False,,Not individually executed
CONTROL-00788,templates/pages/ia/partials/queue_table.html,65,link,a,View audit timeline,,,,/activities/{{ act.id }}/timeline/,,,{},False,,Not individually executed
CONTROL-00789,templates/pages/ia/partials/queue_table.html,87,link,a,{{ act.activityType|title|replace_underscore }},,,,/ia/verification/{{ act.id }}/,,,{},False,,Not individually executed
CONTROL-00790,templates/pages/ia/partials/queue_table.html,98,link,a,Review,,,,/ia/verification/{{ act.id }}/,,,{},False,,Not individually executed
CONTROL-00791,templates/pages/ia/partials/queue_table.html,109,link,a,Previous,,,,/ia/verification/?page={{ page_obj.previous_page_number }},,,"{""hx-get"": ""/ia/verification/?page={{ page_obj.previous_page_number }}"", ""hx-target"": ""#queue-table-container"", ""hx-include"": ""#filters-form""}",False,,Not individually executed
CONTROL-00792,templates/pages/ia/partials/queue_table.html,110,link,a,Next,,,,/ia/verification/?page={{ page_obj.next_page_number }},,,"{""hx-get"": ""/ia/verification/?page={{ page_obj.next_page_number }}"", ""hx-target"": ""#queue-table-container"", ""hx-include"": ""#filters-form""}",False,,Not individually executed
CONTROL-00793,templates/pages/ia/partner_evidence_queue.html,36,link,a,{{ row.where }},,,,/ia/partner-evidence/{{ row.a.id }}/,,,{},False,,Not individually executed
CONTROL-00794,templates/pages/ia/partner_evidence_queue.html,45,link,a,Review,,,,/ia/partner-evidence/{{ row.a.id }}/,,,{},False,,Not individually executed
CONTROL-00795,templates/pages/ia/partner_review.html,17,button,button,Return,,,button,/ia/partner-evidence/{{ a.id }}/return-drawer,,,"{""hx-get"": ""/ia/partner-evidence/{{ a.id }}/return-drawer"", ""hx-target"": ""#drawer-container"", ""hx-swap"": ""innerHTML""}",False,,Not individually executed
CONTROL-00796,templates/pages/ia/partner_review.html,20,button,button,Complete,,,button,                               /activities/{{ a.id }}/partner-ssa-complete          /ia/partner-evidence/{{ a.id }}/complete-drawer           ,,,"{""hx-get"": ""                               /activities/{{ a.id }}/partner-ssa-complete          /ia/partner-evidence/{{ a.id }}/complete-drawer           "", ""hx-target"": ""#drawer-container"", ""hx-swap"": ""innerHTML""}",False,,Not individually executed
CONTROL-00797,templates/pages/ia/partner_review.html,71,link,a,{{ e.original_name }},,,,/api/evidence/{{ e.id }}/file,,,{},False,,Not individually executed
CONTROL-00798,templates/pages/ia/partner_review.html,74,link,a,Open,,,,/api/evidence/{{ e.id }}/file,,,{},False,,Not individually executed
CONTROL-00799,templates/pages/ia/partner_review.html,75,link,a,Download,,,,/api/evidence/{{ e.id }}/file?download=1,,,{},False,,Not individually executed
CONTROL-00800,templates/pages/ia/returned_activities.html,73,link,a,Inspect,,,,/ia/verification/{{ item.id }}/,,,{},False,,Not individually executed
CONTROL-00801,templates/pages/ia/review_workspace.html,66,link,a,Back to verification queue,,,,/ia/verification/,,,{},False,,Not individually executed
CONTROL-00802,templates/pages/ia/review_workspace.html,81,link,a,Audit Timeline,,,,/activities/{{ act.id }}/timeline/,,,{},False,,Not individually executed
CONTROL-00803,templates/pages/ia/review_workspace.html,85,link,a,Compare Side-by-Side,,,,/ia/compare/?activity_id={{ act.id }},,,{},False,,Not individually executed
CONTROL-00804,templates/pages/ia/review_workspace.html,97,button,button,Clear Activity,,,submit,,,,{},False,,Not individually executed
CONTROL-00805,templates/pages/ia/review_workspace.html,98,button,button,Return,,,button,,,,"{""@click"": ""openReturn($event)""}",False,,Not individually executed
CONTROL-00806,templates/pages/ia/review_workspace.html,122,link,a,{{ act.cluster.name }},,,,/clusters/{{ act.cluster.id }},,,{},False,,Not individually executed
CONTROL-00807,templates/pages/ia/review_workspace.html,148,button,button,Copy Salesforce Activity ID,,,button,,,,"{""@click"": ""navigator.clipboard.writeText('{{ act.salesforce_activity_id|escapejs }}')""}",False,,Not individually executed
CONTROL-00808,templates/pages/ia/review_workspace.html,186,tab,button,Evidence Attachments ({{ evidence_list|length }}),ia-review-tab-evidence,,button,,,,"{""@click"": ""setTab('evidence')"", ""@keydown.arrow-right.prevent"": ""moveTab(1)"", ""@keydown.arrow-left.prevent"": ""moveTab(-1)"", ""@keydown.home.prevent"": ""setTab('evidence')"", ""@keydown.end.prevent"": ""setTab('attendance')""}",False,,Not individually executed
CONTROL-00809,templates/pages/ia/review_workspace.html,189,tab,button,School Assessment (SSA),ia-review-tab-ssa,,button,,,,"{""@click"": ""setTab('ssa')"", ""@keydown.arrow-right.prevent"": ""moveTab(1)"", ""@keydown.arrow-left.prevent"": ""moveTab(-1)""}",False,,Not individually executed
CONTROL-00810,templates/pages/ia/review_workspace.html,192,tab,button,Attendance Sheet,ia-review-tab-attendance,,button,,,,"{""@click"": ""setTab('attendance')"", ""@keydown.arrow-right.prevent"": ""moveTab(1)"", ""@keydown.arrow-left.prevent"": ""moveTab(-1)""}",False,,Not individually executed
CONTROL-00811,templates/pages/ia/review_workspace.html,224,link,a,Open Full PDF,,,,/api/evidence/{{ ev.id }}/file,,,{},False,,Not individually executed
CONTROL-00812,templates/pages/ia/review_workspace.html,228,link,a,Download Document (PDF/Doc),,,,/api/evidence/{{ ev.id }}/file?download=1,,,{},False,,Not individually executed
CONTROL-00813,templates/pages/ia/review_workspace.html,351,field,input,,,evidence_exists,checkbox,,/ia/verification/{{ act.id }}/verify,POST,{},False,,Not individually executed
CONTROL-00814,templates/pages/ia/review_workspace.html,360,field,input,,,attendance_valid,checkbox,,/ia/verification/{{ act.id }}/verify,POST,{},False,,Not individually executed
CONTROL-00815,templates/pages/ia/review_workspace.html,369,field,input,,,ssa_uploaded,checkbox,,/ia/verification/{{ act.id }}/verify,POST,{},False,,Not individually executed
CONTROL-00816,templates/pages/ia/review_workspace.html,378,field,input,,,correct_school,checkbox,,/ia/verification/{{ act.id }}/verify,POST,{},False,,Not individually executed
CONTROL-00817,templates/pages/ia/review_workspace.html,387,field,input,,,correct_cluster,checkbox,,/ia/verification/{{ act.id }}/verify,POST,{},False,,Not individually executed
CONTROL-00818,templates/pages/ia/review_workspace.html,396,field,input,,,correct_intervention,checkbox,,/ia/verification/{{ act.id }}/verify,POST,{},False,,Not individually executed
CONTROL-00819,templates/pages/ia/review_workspace.html,405,field,input,,,sf_id_entered,checkbox,,/ia/verification/{{ act.id }}/verify,POST,{},False,,Not individually executed
CONTROL-00820,templates/pages/ia/review_workspace.html,414,field,input,,,duplicate_check_passed,checkbox,,/ia/verification/{{ act.id }}/verify,POST,{},False,,Not individually executed
CONTROL-00821,templates/pages/ia/review_workspace.html,423,field,input,,,analytics_ready,checkbox,,/ia/verification/{{ act.id }}/verify,POST,{},False,,Not individually executed
CONTROL-00822,templates/pages/ia/review_workspace.html,435,button,button,Clear Activity,,,submit,,,,{},False,,Not individually executed
CONTROL-00823,templates/pages/ia/review_workspace.html,442,button,button,Return for Correction,,,button,,,,"{""@click"": ""openReturn($event)""}",False,,Not individually executed
CONTROL-00824,templates/pages/ia/review_workspace.html,469,button,button,Close return panel,,,button,,,,"{""@click"": ""closeReturn()""}",False,,Not individually executed
CONTROL-00825,templates/pages/ia/review_workspace.html,482,field,input,{{ reason }},,reasons,checkbox,,/ia/verification/{{ act.id }}/return,POST,{},False,,Not individually executed
CONTROL-00826,templates/pages/ia/review_workspace.html,491,field,textarea,Details of corrections required e.g. Attendance sheet uploaded has only 14 teachers but activity recorded 25 participants.,ia-return-comments,comment,,,/ia/verification/{{ act.id }}/return,POST,{},False,,Not individually executed
CONTROL-00827,templates/pages/ia/review_workspace.html,502,button,button,Confirm & Return,,,submit,,,,{},False,,Not individually executed
CONTROL-00828,templates/pages/ia/review_workspace.html,509,button,button,Cancel,,,button,,,,"{""@click"": ""closeReturn()""}",False,,Not individually executed
CONTROL-00829,templates/pages/ia/review_workspace.html,531,button,button,Close,,,,,,,"{""@click"": ""zoomActive = false""}",False,,Not individually executed
CONTROL-00830,templates/pages/ia/school_evidence.html,27,button,button,{{ action.label }},,,button,{{ action.drawer }},,,"{""hx-get"": ""{{ action.drawer }}"", ""hx-target"": ""#drawer-container"", ""hx-swap"": ""innerHTML""}",False,,Not individually executed
CONTROL-00831,templates/pages/ia/school_evidence.html,40,link,a,{{ item.label }},,,,{{ item.url }},,,{},False,,Not individually executed
CONTROL-00832,templates/pages/ia/school_evidence.html,53,field,select,{{ field.blank }} {{ option.1 }},,{{ field.name }},,,,get,"{""@change"": ""$el.form.requestSubmit()""}",False,,Not individually executed
CONTROL-00833,templates/pages/ia/school_evidence.html,65,link,a,Download the template,,,,/ia/school-evidence/learning/template.csv,,,{},False,,Not individually executed
CONTROL-00834,templates/pages/ia/school_evidence.html,70,field,input,,ia-learning-file,results_file,file,,/ia/school-evidence/learning/upload,post,{},False,,Not individually executed
CONTROL-00835,templates/pages/ia/school_evidence.html,71,button,button,Upload results,,,submit,,/ia/school-evidence/learning/upload,post,{},False,,Not individually executed
CONTROL-00836,templates/pages/ia/stories.html,32,field,select,{{ field.blank }} {{ option.1 }},,{{ field.name }},,,,get,"{""@change"": ""$el.form.requestSubmit()""}",False,,Not individually executed
CONTROL-00837,templates/pages/ia/verification_analytics.html,17,link,a,Export decisions,,,,/ia/analytics/export?window={{ window_days }},,,{},False,,Not individually executed
CONTROL-00838,templates/pages/ia/verification_analytics.html,24,field,select,Last {{ opt }} days,,window,,,/ia/analytics/,get,{},False,,Not individually executed
CONTROL-00839,templates/pages/ia/verification_analytics.html,28,button,button,Show,,,submit,,/ia/analytics/,get,{},False,,Not individually executed
CONTROL-00840,templates/pages/ia/verification_history.html,63,link,a,Workspace,,,,/ia/verification/{{ item.id }}/,,,{},False,,Not individually executed
CONTROL-00841,templates/pages/ia/verification_history.html,64,link,a,View audit timeline,,,,/activities/{{ item.id }}/timeline/,,,{},False,,Not individually executed
CONTROL-00842,templates/pages/ia/verification_queue.html,55,field,select,All FYs FY {{ option }},ia-filter-fy,fy,,,/ia/verification/,get,{},False,,Not individually executed
CONTROL-00843,templates/pages/ia/verification_queue.html,65,field,select,All types School Visit Training Cluster Meeting Core Visit Core Training,ia-filter-type,activity_type,,,/ia/verification/,get,{},False,,Not individually executed
CONTROL-00844,templates/pages/ia/verification_queue.html,77,field,input,"Kampala, Masaka…",ia-filter-district,district,text,,/ia/verification/,get,{},False,,Not individually executed
CONTROL-00845,templates/pages/ia/verification_queue.html,84,button,button,Advanced filters · Applied,,,button,,/ia/verification/,get,"{""@click"": ""$refs.advancedFilters.showModal()""}",False,,Not individually executed
CONTROL-00846,templates/pages/ia/verification_queue.html,89,button,button,Close advanced filters,,,button,,/ia/verification/,get,"{""@click"": ""$refs.advancedFilters.close()""}",False,,Not individually executed
CONTROL-00847,templates/pages/ia/verification_queue.html,94,field,select,All quarters Q1 Q2 Q3 Q4,ia-filter-quarter,quarter,,,/ia/verification/,get,{},False,,Not individually executed
CONTROL-00848,templates/pages/ia/verification_queue.html,104,field,select,All schools Core schools only,ia-filter-scope,core_school,,,/ia/verification/,get,{},False,,Not individually executed
CONTROL-00849,templates/pages/ia/verification_queue.html,111,field,input,Filter by CCEO name…,ia-filter-staff,staff,text,,/ia/verification/,get,{},False,,Not individually executed
CONTROL-00850,templates/pages/ia/verification_queue.html,115,button,button,Apply filters,,,button,,/ia/verification/,get,"{""@click"": ""$refs.advancedFilters.close()""}",False,,Not individually executed
CONTROL-00851,templates/pages/ia/verification_queue.html,120,link,a,Clear Filters,,,,/ia/verification/,/ia/verification/,get,{},False,,Not individually executed
CONTROL-00852,templates/pages/ia/verification_samples.html,25,button,button,Draw this week now,,,submit,,/ia/samples/draw,post,{},False,,Not individually executed
CONTROL-00853,templates/pages/ia/verification_samples.html,48,field,select,All outcomes Pending Confirmed Disputed,,status,,,,get,"{""@change"": ""$el.form.requestSubmit()""}",False,,Not individually executed
CONTROL-00854,templates/pages/ia/verification_samples.html,57,field,select,Activities and SSA Verified activities Confirmed SSA,,subject,,,,get,"{""@change"": ""$el.form.requestSubmit()""}",False,,Not individually executed
CONTROL-00855,templates/pages/ia/verification_samples.html,84,link,a,,,,,{{ s.record_url }},,,{},False,,Not individually executed
CONTROL-00856,templates/pages/ia/verification_samples.html,94,field,input,What you found,note-{{ s.id }},note,text,,/ia/samples/{{ s.id }}/outcome,post,{},False,,Not individually executed
CONTROL-00857,templates/pages/ia/verification_samples.html,95,button,button,Confirm,,status,submit,,/ia/samples/{{ s.id }}/outcome,post,{},False,,Not individually executed
CONTROL-00858,templates/pages/ia/verification_samples.html,96,button,button,Dispute,,status,submit,,/ia/samples/{{ s.id }}/outcome,post,{},False,,Not individually executed
CONTROL-00859,templates/pages/ia/verification_samples.html,100,button,button,Field back-check,,,submit,,/ia/samples/{{ s.id }}/field-check,post,{},False,,Not individually executed
CONTROL-00860,templates/pages/ia/verification_samples.html,103,link,a,Request visit,,,,/ia/samples/?status=pending&visit={{ s.school_code|urlencode }},,,{},False,,Not individually executed
CONTROL-00861,templates/pages/ia/verification_samples.html,108,field,input,What was corrected,resolve-{{ s.id }},note,text,,/ia/samples/{{ s.id }}/resolve,post,{},False,,Not individually executed
CONTROL-00862,templates/pages/ia/verification_samples.html,109,button,button,Resolve,,,submit,,/ia/samples/{{ s.id }}/resolve,post,{},False,,Not individually executed
CONTROL-00863,templates/pages/leave/leave_approvals.html,25,field,select,Type,,type,,,,GET,"{""@change"": ""$el.form.requestSubmit()""}",False,,Not individually executed
CONTROL-00864,templates/pages/leave/leave_approvals.html,39,field,select,Status,,status,,,,GET,"{""@change"": ""$el.form.requestSubmit()""}",False,,Not individually executed
CONTROL-00865,templates/pages/leave/leave_approvals.html,52,link,a,Clear,,,,                                    ,,GET,{},False,,Not individually executed
CONTROL-00866,templates/pages/leave/leave_policies.html,60,field,input,Entitlement,,entitlement,number,,                                   ,POST,{},False,,Not individually executed
CONTROL-00867,templates/pages/leave/leave_policies.html,72,field,select,Approver role,,approver_role,,,                                   ,POST,{},False,,Not individually executed
CONTROL-00868,templates/pages/leave/leave_policies.html,87,field,select,Requires attachment,,requires_attachment,,,                                   ,POST,{},False,,Not individually executed
CONTROL-00869,templates/pages/leave/leave_policies.html,98,field,select,Weekends count,,weekends_count,,,                                   ,POST,{},False,,Not individually executed
CONTROL-00870,templates/pages/leave/leave_policies.html,110,button,button,Update Policy,,,submit,,                                   ,POST,{},False,,Not individually executed
CONTROL-00871,templates/pages/leave/leave_policies.html,170,field,input,e.g. Independence Day,,holiday_name,text,,                                   ,POST,{},False,,Not individually executed
CONTROL-00872,templates/pages/leave/leave_policies.html,181,field,input,Holiday date,,holiday_date,date,,                                   ,POST,{},False,,Not individually executed
CONTROL-00873,templates/pages/leave/leave_policies.html,189,button,button,Add Holiday,,,submit,,                                   ,POST,{},False,,Not individually executed
CONTROL-00874,templates/pages/leave/leave_tracker.html,18,link,a,Clear search,,,,                                  ,,,{},False,,Not individually executed
CONTROL-00875,templates/pages/leave/leave_tracker.html,144,link,a,View full report →,,,,                                      ,,,{},False,,Not individually executed
CONTROL-00876,templates/pages/leave/personal_time_off.html,48,link,a,Team calendar,,,,                                   ,,,{},False,,Not individually executed
CONTROL-00877,templates/pages/leave/personal_time_off.html,54,button,button,Request leave,,,button,,,,"{""@click"": ""openRequestDrawer()""}",False,,Not individually executed
CONTROL-00878,templates/pages/leave/personal_time_off.html,74,disclosure,summary,Leave guidance and policy,,,,,,,{},False,,Not individually executed
CONTROL-00879,templates/pages/leave/personal_time_off.html,75,link,a,View leave policy,,,,                                   ,,,{},False,,Not individually executed
CONTROL-00880,templates/pages/leave/personal_time_off.html,103,tab,button,Upcoming {{ upcoming_requests_count }},pto-tab-upcoming,,button,,,,"{""@click"": ""setTab('upcoming')""}",False,,Not individually executed
CONTROL-00881,templates/pages/leave/personal_time_off.html,104,tab,button,Past {{ past_requests_count }},pto-tab-past,,button,,,,"{""@click"": ""setTab('past')""}",False,,Not individually executed
CONTROL-00882,templates/pages/leave/personal_time_off.html,105,tab,button,All {{ leaves|length }},pto-tab-all,,button,,,,"{""@click"": ""setTab('all')""}",False,,Not individually executed
CONTROL-00883,templates/pages/leave/personal_time_off.html,137,button,button,Request leave,,,button,,,,"{""@click"": ""openRequestDrawer()""}",False,,Not individually executed
CONTROL-00884,templates/pages/leave/personal_time_off.html,151,button,button,Request leave,,,button,,,,"{""@click"": ""openRequestDrawer()""}",False,,Not individually executed
CONTROL-00885,templates/pages/leave/personal_time_off.html,206,button,button,Accept,,,submit,,                                                      ,POST,{},False,,Not individually executed
CONTROL-00886,templates/pages/leave/personal_time_off.html,210,button,button,Decline,,,submit,,                                                       ,POST,{},False,,Not individually executed
CONTROL-00887,templates/pages/leave/personal_time_off.html,265,link,a,View all →,,,,                                    ,,,{},False,,Not individually executed
CONTROL-00888,templates/pages/leave/personal_time_off.html,294,link,a,Review {{ conf.type }} conflict,,,,/planning,,,{},False,,Not individually executed
CONTROL-00889,templates/pages/leave/personal_time_off.html,310,link,a,Full report →,,,,                                      ,,,{},False,,Not individually executed
CONTROL-00890,templates/pages/leave/personal_time_off.html,341,link,a,Manage tracker,,,,                                  ,,,{},False,,Not individually executed
CONTROL-00891,templates/pages/leave/public_holidays.html,18,link,a,Seed Default Blocks,,,,?action=seed,,,{},False,,Not individually executed
CONTROL-00892,templates/pages/leave/public_holidays.html,24,button,button,Add Block,,,,,,,"{""@click"": ""showAddDrawer = true""}",False,,Not individually executed
CONTROL-00893,templates/pages/leave/public_holidays.html,76,button,button,Remove,,,submit,,                                    ,POST,{},False,,Not individually executed
CONTROL-00894,templates/pages/leave/public_holidays.html,108,button,button,Remove,,,submit,,                                    ,POST,{},False,,Not individually executed
CONTROL-00895,templates/pages/leave/public_holidays.html,140,button,button,Remove,,,submit,,                                    ,POST,{},False,,Not individually executed
CONTROL-00896,templates/pages/leave/public_holidays.html,170,button,button,Remove,,,submit,,                                    ,POST,{},False,,Not individually executed
CONTROL-00897,templates/pages/leave/public_holidays.html,203,button,button,Close calendar block form,,,button,,,,"{""@click"": ""showAddDrawer = false""}",False,,Not individually executed
CONTROL-00898,templates/pages/leave/public_holidays.html,212,field,input,Title,,title,text,,                                    ,POST,{},False,,Not individually executed
CONTROL-00899,templates/pages/leave/public_holidays.html,217,field,select,Block type,,block_type,,,                                    ,POST,{},False,,Not individually executed
CONTROL-00900,templates/pages/leave/public_holidays.html,229,field,input,Start date,,start_date,date,,                                    ,POST,{},False,,Not individually executed
CONTROL-00901,templates/pages/leave/public_holidays.html,233,field,input,End date,,end_date,date,,                                    ,POST,{},False,,Not individually executed
CONTROL-00902,templates/pages/leave/public_holidays.html,239,field,textarea,Description,,description,,,                                    ,POST,{},False,,Not individually executed
CONTROL-00903,templates/pages/leave/public_holidays.html,243,field,input,yes,applies_all,applies_to_all_roles,checkbox,,                                    ,POST,{},False,,Not individually executed
CONTROL-00904,templates/pages/leave/public_holidays.html,247,button,button,Create Calendar Block,,,submit,,                                    ,POST,{},False,,Not individually executed
CONTROL-00905,templates/pages/leave/team_availability.html,29,field,select,Next {{ w }} weeks,weeks-select,weeks,,,,GET,"{""@change"": ""$el.form.requestSubmit()""}",False,,Not individually executed
CONTROL-00906,templates/pages/map/index.html,26,link,a,Location data quality →,,,,/system-health,,,{},False,,Not individually executed
CONTROL-00907,templates/pages/messages/index.html,19,button,button,New Message,,,button,,,,"{""@click"": ""composeOpen = true""}",False,,Not individually executed
CONTROL-00908,templates/pages/messages/index.html,25,link,a,Message settings,,,,/settings,,,{},False,,Not individually executed
CONTROL-00909,templates/pages/messages/index.html,36,button,button,{{ label }} {{ tab_counts.all }} {{ tab_counts.unread }} {{ tab_counts.assigned }},messages-tab-{{ key }},,button,/messages,,,"{""hx-get"": ""/messages"", ""hx-target"": ""#thread-list"", ""hx-swap"": ""innerHTML"", ""hx-include"": ""#messages-filter-state"", ""hx-push-url"": ""true"", ""hx-indicator"": ""#messages-tab-loading"", ""@click"": ""activeMessageTab = '{{ key }}'; document.getElementById('messages-active-tab').value = '{{ key }}'""}",False,,Not individually executed
CONTROL-00910,templates/pages/messages/index.html,65,field,select,Sort: Newest Sort: Oldest,messages-sort,sort,,/messages,/messages,get,"{""hx-get"": ""/messages"", ""hx-target"": ""#thread-list"", ""hx-swap"": ""innerHTML"", ""hx-include"": ""#messages-filter-state"", ""hx-push-url"": ""true"", ""hx-trigger"": ""change""}",False,,Not individually executed
CONTROL-00911,templates/pages/messages/index.html,79,button,button,New message,,,button,,/messages,get,"{""@click"": ""composeOpen = true""}",False,,Not individually executed
CONTROL-00912,templates/pages/messages/new.html,109,button,button,×,,,button,,/messages/new/,post,"{""@click"": ""removeTo(r.id)""}",False,,Not individually executed
CONTROL-00913,templates/pages/messages/new.html,112,field,select,Add To recipient,,,,,/messages/new/,post,"{""@change"": ""pickRecipient($event, 'to')""}",False,,Not individually executed
CONTROL-00914,templates/pages/messages/new.html,136,button,button,×,,,button,,/messages/new/,post,"{""@click"": ""removeCc(r.id)""}",False,,Not individually executed
CONTROL-00915,templates/pages/messages/new.html,139,field,select,Add Cc recipient,,,,,/messages/new/,post,"{""@change"": ""pickRecipient($event, 'cc')""}",False,,Not individually executed
CONTROL-00916,templates/pages/messages/new.html,157,field,select,Category,,category,,,/messages/new/,post,{},False,,Not individually executed
CONTROL-00917,templates/pages/messages/new.html,185,field,input,What is this topic about?,,subject,text,,/messages/new/,post,{},False,,Not individually executed
CONTROL-00918,templates/pages/messages/new.html,194,tab,button,{{ label }},message-context-tab-{{ key }},,button,/messages/new/records?type={{ key }}&variant=cards,/messages/new/,post,"{""hx-get"": ""/messages/new/records?type={{ key }}&variant=cards"", ""hx-target"": ""#context-records"", ""hx-swap"": ""innerHTML"", ""@click"": ""activeTab = '{{ key }}'""}",False,,Not individually executed
CONTROL-00919,templates/pages/messages/new.html,222,field,input,Search records…,,q,search,/messages/new/records,/messages/new/,post,"{""hx-get"": ""/messages/new/records"", ""hx-target"": ""#context-records"", ""hx-swap"": ""innerHTML"", ""hx-trigger"": ""keyup changed delay:300ms""}",False,,Not individually executed
CONTROL-00920,templates/pages/messages/new.html,231,field,select,Filter recipients by status,,,,/messages/new/records,/messages/new/,post,"{""hx-get"": ""/messages/new/records"", ""hx-target"": ""#context-records"", ""hx-swap"": ""innerHTML"", ""hx-trigger"": ""change""}",False,,Not individually executed
CONTROL-00921,templates/pages/messages/new.html,243,button,button,Clear,,,button,,/messages/new/,post,"{""@click"": ""clearLinked()""}",False,,Not individually executed
CONTROL-00922,templates/pages/messages/new.html,259,button,button,Bold,,,button,,/messages/new/,post,"{""@click"": ""wrap('**')""}",False,,Not individually executed
CONTROL-00923,templates/pages/messages/new.html,260,button,button,Italic,,,button,,/messages/new/,post,"{""@click"": ""wrap('_')""}",False,,Not individually executed
CONTROL-00924,templates/pages/messages/new.html,261,button,button,Underline,,,button,,/messages/new/,post,"{""@click"": ""wrap('__')""}",False,,Not individually executed
CONTROL-00925,templates/pages/messages/new.html,262,button,button,Strikethrough,,,button,,/messages/new/,post,"{""@click"": ""wrap('~~')""}",False,,Not individually executed
CONTROL-00926,templates/pages/messages/new.html,264,button,button,Link,,,button,,/messages/new/,post,"{""@click"": ""insert(' [link](url) ')""}",False,,Not individually executed
CONTROL-00927,templates/pages/messages/new.html,267,button,button,Bulleted list,,,button,,/messages/new/,post,"{""@click"": ""insertLine('- ')""}",False,,Not individually executed
CONTROL-00928,templates/pages/messages/new.html,270,button,button,Numbered list,,,button,,/messages/new/,post,"{""@click"": ""insertLine('1. ')""}",False,,Not individually executed
CONTROL-00929,templates/pages/messages/new.html,273,button,button,Quote,,,button,,/messages/new/,post,"{""@click"": ""insertLine('> ')""}",False,,Not individually executed
CONTROL-00930,templates/pages/messages/new.html,277,field,textarea,{{ pre_body }},,body,,,/messages/new/,post,{},False,,Not individually executed
CONTROL-00931,templates/pages/messages/new.html,291,field,input,,,attachments,file,,/messages/new/,post,"{""@change"": ""syncFiles()""}",False,,Not individually executed
CONTROL-00932,templates/pages/messages/new.html,308,button,button,×,,,button,,/messages/new/,post,"{""@click"": ""removeFile(idx)""}",False,,Not individually executed
CONTROL-00933,templates/pages/messages/new.html,318,link,a,Discard,,,,/messages,/messages/new/,post,{},False,,Not individually executed
CONTROL-00934,templates/pages/messages/new.html,322,button,button,Save Draft,,action,submit,,/messages/new/,post,{},False,,Not individually executed
CONTROL-00935,templates/pages/messages/new.html,327,button,button,Send Message,,action,submit,,/messages/new/,post,{},False,,Not individually executed
CONTROL-00936,templates/pages/messages/new.html,337,link,a,Learn more,,,,/help,/messages/new/,post,{},False,,Not individually executed
CONTROL-00937,templates/pages/messages/new.html,393,link,a,"{{ d.subject|default:""(no subject)"" }} To: {{ d.recipient_names }} {{ d.context_type }} Draft {{ d.updated_at|date:""H:i"" }}",,,,/messages/new/?draft={{ d.id }},/messages/new/,post,{},False,,Not individually executed
CONTROL-00938,templates/pages/my_plan/detail.html,15,link,a,{{ act.school.name }},,,,/schools/{{ act.school.school_id }},,,{},False,,Not individually executed
CONTROL-00939,templates/pages/my_plan/detail.html,17,link,a,{{ act.cluster.name }},,,,/clusters/{{ act.cluster.id }},,,{},False,,Not individually executed
CONTROL-00940,templates/pages/my_plan/detail.html,112,button,button,Complete ActivityMark activity as completed,,,,/my-plan/{{ act.id }}/complete-drawer,,,"{""hx-get"": ""/my-plan/{{ act.id }}/complete-drawer"", ""hx-target"": ""#drawer-container"", ""hx-swap"": ""innerHTML""}",False,,Not individually executed
CONTROL-00941,templates/pages/my_plan/detail.html,117,button,button,"Reschedule ActivityChange date, time or plan",,,button,/my-plan/{{ act.id }}/reschedule-drawer,,,"{""hx-get"": ""/my-plan/{{ act.id }}/reschedule-drawer"", ""hx-trigger"": ""click consume"", ""hx-target"": ""#drawer-container"", ""hx-swap"": ""innerHTML""}",False,,Not individually executed
CONTROL-00942,templates/pages/my_plan/detail.html,129,button,button,Record Salesforce IDCompletes this partner activity,,,button,/activities/{{ act.id }}/salesforce-id,,,"{""hx-get"": ""/activities/{{ act.id }}/salesforce-id"", ""hx-target"": ""#drawer-container"", ""hx-swap"": ""innerHTML""}",False,,Not individually executed
CONTROL-00943,templates/pages/my_plan/detail.html,135,link,a,Discuss This ActivityRaise it in your daily debrief,,,,/debriefs/submit?activity={{ act.id }},,,{},False,,Not individually executed
CONTROL-00944,templates/pages/my_plan/detail.html,154,button,button,Record learning resultsClass results from this OneTest visit,,,button,{{ onetest_results_drawer }},,,"{""hx-get"": ""{{ onetest_results_drawer }}"", ""hx-target"": ""#drawer-container"", ""hx-swap"": ""innerHTML""}",False,,Not individually executed
CONTROL-00945,templates/pages/my_plan/detail.html,188,button,button,"No evidence uploaded yet for this activity. Click to upload supporting evidence Accepted: JPG, PNG, PDF, DOC, DOCX",,,button,/my-plan/{{ act.id }}/complete-drawer,,,"{""hx-get"": ""/my-plan/{{ act.id }}/complete-drawer"", ""hx-target"": ""#drawer-container"", ""hx-swap"": ""innerHTML""}",False,,Not individually executed
CONTROL-00946,templates/pages/my_plan/detail.html,233,link,a,View activity guidelines,,,,/help,,,{},False,,Not individually executed
CONTROL-00947,templates/pages/my_plan/evidence_packet.html,30,button,button,View Timeline,,,,/activities/{{ act.id }}/timeline,,,"{""hx-get"": ""/activities/{{ act.id }}/timeline"", ""hx-target"": ""#drawer-container"", ""hx-swap"": ""innerHTML""}",False,,Not individually executed
CONTROL-00948,templates/pages/my_plan/evidence_packet.html,39,button,button,Submit for Review,,,,/activities/{{ act.id }}/submit,,,"{""hx-get"": ""/activities/{{ act.id }}/submit"", ""hx-target"": ""#drawer-container"", ""hx-swap"": ""innerHTML""}",False,,Not individually executed
CONTROL-00949,templates/pages/my_plan/evidence_packet.html,61,button,button,+ Upload File,,,,/activities/{{ act.id }}/evidence,,,"{""hx-get"": ""/activities/{{ act.id }}/evidence"", ""hx-target"": ""#drawer-container"", ""hx-swap"": ""innerHTML""}",False,,Not individually executed
CONTROL-00950,templates/pages/my_plan/evidence_packet.html,91,link,a,View,,,,/api/evidence/{{ ev.id }}/file,,,{},False,,Not individually executed
CONTROL-00951,templates/pages/my_plan/evidence_packet.html,95,link,a,Download,,,,/api/evidence/{{ ev.id }}/file?download=1,,,{},False,,Not individually executed
CONTROL-00952,templates/pages/my_plan/evidence_packet.html,113,button,button,Upload Evidence,,,,/activities/{{ act.id }}/evidence,,,"{""hx-get"": ""/activities/{{ act.id }}/evidence"", ""hx-target"": ""#drawer-container"", ""hx-swap"": ""innerHTML""}",False,,Not individually executed
CONTROL-00953,templates/pages/my_plan/index.html,21,button,button,Send Invoice,,,button,/partner/invoices/new,,,"{""hx-get"": ""/partner/invoices/new"", ""hx-target"": ""#drawer-container"", ""hx-swap"": ""innerHTML""}",False,,Not individually executed
CONTROL-00954,templates/pages/my_plan/index.html,29,link,a,Export,,,,                              ,,,{},False,,Not individually executed
CONTROL-00955,templates/pages/my_plan/index.html,43,button,button,Filter,,,button,,,,"{""@click"": ""\n  const row = document.getElementById('filters-form');\n  if (!row) return;\n  row.classList.toggle('max-lg:hidden');\n  row.scrollIntoView({ behavior: 'smooth', block: 'start' });\n""}",False,,Not individually executed
CONTROL-00956,templates/pages/my_plan/index.html,58,link,a,Open Calendar,,,,/calendar,,,{},False,,Not individually executed
CONTROL-00957,templates/pages/my_plan/pl_queue.html,39,field,select,{{ field.blank }} {{ option.1 }},,{{ field.name }},,,{{ queue_url }},get,"{""@change"": ""$el.form.requestSubmit()""}",False,,Not individually executed
CONTROL-00958,templates/pages/my_plan/pl_queue.html,78,button,button,Open the completion from {{ row.cceo }},,,button,{{ queue_url }}/{{ row.id }}/drawer,,,"{""hx-get"": ""{{ queue_url }}/{{ row.id }}/drawer"", ""hx-target"": ""#drawer-container"", ""hx-swap"": ""innerHTML""}",False,,Not individually executed
CONTROL-00959,templates/pages/my_plan/pl_queue.html,82,button,button,Approve the completion from {{ row.cceo }},,,submit,,{{ queue_url }}/{{ row.id }}/confirm,post,{},False,,Not individually executed
CONTROL-00960,templates/pages/my_plan/pl_queue.html,84,button,button,Return the completion from {{ row.cceo }},,,button,{{ queue_url }}/{{ row.id }}/return-drawer,,,"{""hx-get"": ""{{ queue_url }}/{{ row.id }}/return-drawer"", ""hx-target"": ""#drawer-container"", ""hx-swap"": ""innerHTML""}",False,,Not individually executed
CONTROL-00961,templates/pages/my_team/index.html,24,link,a,Coaching,,,,/team/coaching,,,{},False,,Not individually executed
CONTROL-00962,templates/pages/my_team/index.html,25,link,a,Team Leave,,,,/leave/approvals,,,{},False,,Not individually executed
CONTROL-00963,templates/pages/my_team/index.html,33,field,select,FY {{ option }},,fy,,,,get,"{""@change"": ""$el.form.requestSubmit()""}",False,,Not individually executed
CONTROL-00964,templates/pages/my_team/index.html,71,link,a,Open,,,,{{ item.url }},,,{},False,,Not individually executed
CONTROL-00965,templates/pages/my_team/index.html,118,link,a,{{ row.name }},,,,{{ row.profile_url }},,,{},False,,Not individually executed
CONTROL-00966,templates/pages/my_team/index.html,129,link,a,Profile,,,,{{ row.profile_url }},,,{},False,,Not individually executed
CONTROL-00967,templates/pages/notifications/index.html,21,button,button,Mark All Read,,,submit,,/notifications,post,{},False,,Not individually executed
CONTROL-00968,templates/pages/notifications/index.html,32,button,button,Archive All Read,,,submit,,/notifications,post,{},False,,Not individually executed
CONTROL-00969,templates/pages/notifications/index.html,56,field,select,Status,,status,,,/notifications,get,{},False,,Not individually executed
CONTROL-00970,templates/pages/notifications/index.html,71,field,select,Priority,,priority,,,/notifications,get,{},False,,Not individually executed
CONTROL-00971,templates/pages/notifications/index.html,89,field,select,Category,,category,,,/notifications,get,{},False,,Not individually executed
CONTROL-00972,templates/pages/notifications/index.html,101,field,input,true,,action_required,checkbox,,/notifications,get,{},False,,Not individually executed
CONTROL-00973,templates/pages/notifications/index.html,114,link,a,Reset Filters,,,,/notifications,/notifications,get,{},False,,Not individually executed
CONTROL-00974,templates/pages/notifications/index.html,120,button,button,Apply Filters,,,submit,,/notifications,get,{},False,,Not individually executed
CONTROL-00975,templates/pages/notifications/index.html,215,link,a,"{{ n.action_label|default:""Open Record"" }}",,,,                             /notifications/{{ n.id }}/read?redirect={{ n.target_route }}          {{ n.target_route }}           ,,,{},False,,Not individually executed
CONTROL-00976,templates/pages/notifications/index.html,226,link,a,Mark read,,,,/notifications/{{ n.id }}/read?redirect=/notifications,,,{},False,,Not individually executed
CONTROL-00977,templates/pages/notifications/index.html,240,button,button,Archive,,,submit,,/notifications,post,{},False,,Not individually executed
CONTROL-00978,templates/pages/offline.html,44,button,button,Retry,,,button,,,,{},False,,Not individually executed
CONTROL-00979,templates/pages/oversight/partner_oversight.html,18,button,button,Grant Extra Allowance,,,button,/partner-oversight/allowance-drawer,,,"{""hx-get"": ""/partner-oversight/allowance-drawer"", ""hx-target"": ""#drawer-container"", ""hx-swap"": ""innerHTML""}",False,,Not individually executed
CONTROL-00980,templates/pages/oversight/team_planning.html,36,link,a,Planning & Portfolio,,,,/team-planning-oversight/,,,{},False,,Not individually executed
CONTROL-00981,templates/pages/oversight/team_planning.html,37,link,a,Target Performance,,,,/team-planning-oversight/?view=targets,,,{},False,,Not individually executed
CONTROL-00982,templates/pages/oversight/team_planning.html,83,link,a,Evidence gaps,,,,/evidence/?tab=pending,,,{},False,,Not individually executed
CONTROL-00983,templates/pages/partner/activities.html,22,field,select,Status,,status,,,,get,"{""@change"": ""$el.form.requestSubmit()""}",False,,Not individually executed
CONTROL-00984,templates/pages/partner/activities.html,50,button,button,Return,,,button,/partner/assignments/{{ assignment.id }}/return-drawer,,,"{""hx-get"": ""/partner/assignments/{{ assignment.id }}/return-drawer"", ""hx-target"": ""#drawer-container""}",False,,Not individually executed
CONTROL-00985,templates/pages/partner/activities.html,51,button,button,Schedule,,,button,/partner/assignments/{{ assignment.id }}/schedule-drawer,,,"{""hx-get"": ""/partner/assignments/{{ assignment.id }}/schedule-drawer"", ""hx-target"": ""#drawer-container""}",False,,Not individually executed
CONTROL-00986,templates/pages/partner/activities.html,73,link,a,,,,,/schools/{{ a.school.id }},,,{},False,,Not individually executed
CONTROL-00987,templates/pages/partner/activities.html,73,link,a,{{ a.cluster.name }},,,,/clusters/{{ a.cluster.id }},,,{},False,,Not individually executed
CONTROL-00988,templates/pages/partner/activity_workroom.html,69,button,button,Start Activity,,,submit,,/partner/activities/{{ a.id }}/start-action,post,{},False,,Not individually executed
CONTROL-00989,templates/pages/partner/activity_workroom.html,106,button,button,Upload Evidence,,,button,/activities/{{ a.id }}/evidence,,,"{""hx-get"": ""/activities/{{ a.id }}/evidence"", ""hx-target"": ""#drawer-container"", ""hx-swap"": ""innerHTML""}",False,,Not individually executed
CONTROL-00990,templates/pages/partner/activity_workroom.html,129,field,input,{{ a.actual_delivery_date|date:'Y-m-d' }},wr-actual-date,actual_delivery_date,date,,/partner/activities/{{ a.id }}/submit-action,get,"{""@change"": ""save()""}",False,,Not individually executed
CONTROL-00991,templates/pages/partner/activity_workroom.html,137,field,input,{{ a.teachers_attended|default_if_none:'' }},wr-teachers,teachers_attended,number,,/partner/activities/{{ a.id }}/submit-action,get,"{""@input.debounce.600ms"": ""save()""}",False,,Not individually executed
CONTROL-00992,templates/pages/partner/activity_workroom.html,141,field,input,{{ a.leaders_attended|default_if_none:'' }},wr-leaders,leaders_attended,number,,/partner/activities/{{ a.id }}/submit-action,get,"{""@input.debounce.600ms"": ""save()""}",False,,Not individually executed
CONTROL-00993,templates/pages/partner/activity_workroom.html,145,field,input,{{ a.other_participants|default_if_none:'' }},wr-others,other_participants,number,,/partner/activities/{{ a.id }}/submit-action,get,"{""@input.debounce.600ms"": ""save()""}",False,,Not individually executed
CONTROL-00994,templates/pages/partner/activity_workroom.html,157,field,input,{{ s.id }},,attended_school_ids,checkbox,,/partner/activities/{{ a.id }}/submit-action,get,{},False,,Not individually executed
CONTROL-00995,templates/pages/partner/activity_workroom.html,167,field,textarea,"{{ a.actual_outcome|default:"""" }}",wr-outcome,actual_outcome,,,/partner/activities/{{ a.id }}/submit-action,get,"{""@input.debounce.600ms"": ""save()""}",False,,Not individually executed
CONTROL-00996,templates/pages/partner/activity_workroom.html,172,field,textarea,"{{ a.actual_observations|default:"""" }}",wr-observations,actual_observations,,,/partner/activities/{{ a.id }}/submit-action,get,"{""@input.debounce.600ms"": ""save()""}",False,,Not individually executed
CONTROL-00997,templates/pages/partner/activity_workroom.html,177,field,textarea,"{{ a.follow_up_note|default:"""" }}",wr-follow-up,follow_up_note,,,/partner/activities/{{ a.id }}/submit-action,get,"{""@input.debounce.600ms"": ""save()""}",False,,Not individually executed
CONTROL-00998,templates/pages/partner/activity_workroom.html,188,field,textarea,"{{ visit_feedback.finding|default:"""" }}",wr-feedback-finding,feedback_finding,,,/partner/activities/{{ a.id }}/submit-action,get,"{""@input.debounce.600ms"": ""save()""}",False,,Not individually executed
CONTROL-00999,templates/pages/partner/activity_workroom.html,193,field,textarea,{{ improvement }},wr-school-improvements,school_improvements,,,/partner/activities/{{ a.id }}/submit-action,get,"{""@input.debounce.600ms"": ""save()""}",False,,Not individually executed
CONTROL-01000,templates/pages/partner/activity_workroom.html,202,link,a,Completed & Payments,,,,/partner/completed,/partner/activities/{{ a.id }}/submit-action,get,{},False,,Not individually executed
CONTROL-01001,templates/pages/partner/activity_workroom.html,204,link,a,Completed & Payments,,,,/partner/completed,/partner/activities/{{ a.id }}/submit-action,get,{},False,,Not individually executed
CONTROL-01002,templates/pages/partner/activity_workroom.html,207,button,button,Submit Evidence to IA,,,submit,,/partner/activities/{{ a.id }}/submit-action,get,{},False,,Not individually executed
CONTROL-01003,templates/pages/partner/assigned_list.html,16,link,a,Open My Plan,,,,/partner/my-plan,,,{},False,,Not individually executed
CONTROL-01004,templates/pages/partner/assigned_list.html,57,link,a,,,,,/partner/assignments/{{ a.id }},,,{},False,,Not individually executed
CONTROL-01005,templates/pages/partner/assigned_list.html,67,link,a,{{ a.subtype_label }},,,,/partner/assignments/{{ a.id }},,,{},False,,Not individually executed
CONTROL-01006,templates/pages/partner/assigned_list.html,69,link,a,{{ a.cluster.name }},,,,/clusters/{{ a.cluster.id }},,,{},False,,Not individually executed
CONTROL-01007,templates/pages/partner/assigned_list.html,80,button,button,Return,,,button,/partner/assignments/{{ a.id }}/return-drawer,,,"{""hx-get"": ""/partner/assignments/{{ a.id }}/return-drawer"", ""hx-target"": ""#drawer-container"", ""hx-swap"": ""innerHTML""}",False,,Not individually executed
CONTROL-01008,templates/pages/partner/assigned_list.html,83,button,button,Schedule,,,button,/partner/assignments/{{ a.id }}/schedule-drawer,,,"{""hx-get"": ""/partner/assignments/{{ a.id }}/schedule-drawer"", ""hx-target"": ""#drawer-container"", ""hx-swap"": ""innerHTML""}",False,,Not individually executed
CONTROL-01009,templates/pages/partner/assignment_detail.html,45,link,a,{{ a.cluster.name }},,,,/clusters/{{ a.cluster.id }},,,{},False,,Not individually executed
CONTROL-01010,templates/pages/partner/assignment_detail.html,64,button,button,Return,,,button,/partner/assignments/{{ a.id }}/return-drawer,,,"{""hx-get"": ""/partner/assignments/{{ a.id }}/return-drawer"", ""hx-target"": ""#drawer-container"", ""hx-swap"": ""innerHTML""}",False,,Not individually executed
CONTROL-01011,templates/pages/partner/assignment_detail.html,69,button,button,Schedule,,,button,/partner/assignments/{{ a.id }}/schedule-drawer,,,"{""hx-get"": ""/partner/assignments/{{ a.id }}/schedule-drawer"", ""hx-target"": ""#drawer-container"", ""hx-swap"": ""innerHTML""}",False,,Not individually executed
CONTROL-01012,templates/pages/partner/assignment_detail.html,76,link,a,My Plan,,,,/partner/my-plan,,,{},False,,Not individually executed
CONTROL-01013,templates/pages/partner/assignments.html,16,link,a,Open My Plan,,,,/partner/my-plan,,,{},False,,Not individually executed
CONTROL-01014,templates/pages/partner/assignments.html,30,button,button,Schedule,,,button,/partner/assignments/{{ a.id }}/schedule-drawer,,,"{""hx-get"": ""/partner/assignments/{{ a.id }}/schedule-drawer"", ""hx-target"": ""#drawer-container"", ""hx-swap"": ""innerHTML""}",False,,Not individually executed
CONTROL-01015,templates/pages/partner/assignments.html,55,link,a,My Plan,,,,/partner/my-plan,,,{},False,,Not individually executed
CONTROL-01016,templates/pages/partner/completed_payments.html,19,link,a,Schools,,,,?tab=schools,,,{},False,,Not individually executed
CONTROL-01017,templates/pages/partner/completed_payments.html,20,link,a,Activities,,,,?tab=activities,,,{},False,,Not individually executed
CONTROL-01018,templates/pages/partner/completed_payments.html,41,link,a,,,,,/schools/{{ row.activity.school.id }},,,{},False,,Not individually executed
CONTROL-01019,templates/pages/partner/completed_payments.html,41,link,a,{{ row.activity.cluster.name }},,,,/clusters/{{ row.activity.cluster.id }},,,{},False,,Not individually executed
CONTROL-01020,templates/pages/partner/evidence.html,24,button,button,Upload Evidence,,,button,/activities/{{ a.id }}/evidence,,,"{""hx-get"": ""/activities/{{ a.id }}/evidence"", ""hx-target"": ""#drawer-container"", ""hx-swap"": ""innerHTML""}",False,,Not individually executed
CONTROL-01021,templates/pages/partner/my_plan.html,16,button,button,Send Invoice,,,button,/partner/invoices/new,,,"{""hx-get"": ""/partner/invoices/new"", ""hx-target"": ""#drawer-container"", ""hx-swap"": ""innerHTML""}",False,,Not individually executed
CONTROL-01022,templates/pages/partner/my_plan.html,52,link,a,{{ row.where }},,,,/partner/activities/{{ row.a.id }}/evidence,,,{},False,,Not individually executed
CONTROL-01023,templates/pages/partner/my_plan.html,65,button,button,Actions,,,button,,,,"{""@click"": ""if (open) { open = false } else { const r = $event.currentTarget.getBoundingClientRect(); menuPos = `top:${r.bottom + 4}px;left:${Math.max(8, r.right - 176)}px`; open = true }"", ""@click.outside"": ""open = false""}",False,,Not individually executed
CONTROL-01024,templates/pages/partner/my_plan.html,79,button,button,Start Activity,,,submit,,/partner/activities/{{ row.a.id }}/start-action,post,{},False,,Not individually executed
CONTROL-01025,templates/pages/partner/my_plan.html,83,button,button,Continue Evidence,,,button,/activities/{{ row.a.id }}/evidence,,,"{""hx-get"": ""/activities/{{ row.a.id }}/evidence"", ""hx-target"": ""#drawer-container"", ""hx-swap"": ""innerHTML"", ""@click"": ""open = false""}",False,,Not individually executed
CONTROL-01026,templates/pages/partner/my_plan.html,89,link,a,Correct Returned Evidence,,,,/partner/activities/{{ row.a.id }}/evidence,,,{},False,,Not individually executed
CONTROL-01027,templates/pages/partner/my_plan.html,94,button,button,Reschedule,,,button,/my-plan/{{ row.a.id }}/reschedule-drawer,,,"{""hx-get"": ""/my-plan/{{ row.a.id }}/reschedule-drawer"", ""hx-target"": ""#drawer-container"", ""hx-swap"": ""innerHTML"", ""@click"": ""open = false""}",False,,Not individually executed
CONTROL-01028,templates/pages/partner/my_plan.html,116,link,a,Assigned Schools,,,,/partner/assigned-schools,,,{},False,,Not individually executed
CONTROL-01029,templates/pages/partner/my_plan.html,116,link,a,Assigned Activities,,,,/partner/assigned-activities,,,{},False,,Not individually executed
CONTROL-01030,templates/pages/partner/today.html,25,link,a,Open plan,,,,/my-plan,,,{},False,,Not individually executed
CONTROL-01031,templates/pages/partner/today.html,47,link,a,Open My Plan,,,,/my-plan,,,{},False,,Not individually executed
CONTROL-01032,templates/pages/partner/today.html,111,button,button,Submit 50% invoice Invoice the balance,,,button,/partner/invoices/new?activity={{ row.activity.id }},,,"{""hx-get"": ""/partner/invoices/new?activity={{ row.activity.id }}"", ""hx-target"": ""#drawer-container"", ""hx-swap"": ""innerHTML""}",False,,Not individually executed
CONTROL-01033,templates/pages/partners/detail.html,26,button,button,Edit {{ partner.name }} details,,,button,/partners/{{ partner.id }}/edit-drawer,,,"{""hx-get"": ""/partners/{{ partner.id }}/edit-drawer"", ""hx-target"": ""#drawer-container"", ""hx-swap"": ""innerHTML""}",False,,Not individually executed
CONTROL-01034,templates/pages/partners/detail.html,32,button,button,Deactivate Activate,,,submit,,/partners/{{ partner.id }}/status,post,{},False,,Not individually executed
CONTROL-01035,templates/pages/partners/detail.html,47,link,a,{{ partner.email }},,,,mailto:{{ partner.email }},,,{},False,,Not individually executed
CONTROL-01036,templates/pages/partners/detail.html,81,link,a,,,,,/schools/{{ row.school.id }},,,{},False,,Not individually executed
CONTROL-01037,templates/pages/partners/detail.html,127,link,a,,,,,/schools/{{ row.activity.school.id }},,,{},False,,Not individually executed
CONTROL-01038,templates/pages/partners/detail.html,127,link,a,{{ row.activity.cluster.name }},,,,/clusters/{{ row.activity.cluster.id }},,,{},False,,Not individually executed
CONTROL-01039,templates/pages/partners/detail.html,180,button,button,Add person,,,button,/partners/{{ partner.id }}/members/drawer,,,"{""hx-get"": ""/partners/{{ partner.id }}/members/drawer"", ""hx-target"": ""#drawer-container"", ""hx-swap"": ""innerHTML""}",False,,Not individually executed
CONTROL-01040,templates/pages/partners/detail.html,201,link,a,{{ m.email }},,,,mailto:{{ m.email }},,,{},False,,Not individually executed
CONTROL-01041,templates/pages/partners/detail.html,202,button,button,Remove {{ m.name }} from the roster,,,submit,,/partners/{{ partner.id }}/members,post,{},False,,Not individually executed
CONTROL-01042,templates/pages/partners/detail.html,209,button,button,Add,,,button,/partners/{{ partner.id }}/members/drawer?name={{ row.name|urlencode }},,,"{""hx-get"": ""/partners/{{ partner.id }}/members/drawer?name={{ row.name|urlencode }}"", ""hx-target"": ""#drawer-container"", ""hx-swap"": ""innerHTML""}",False,,Not individually executed
CONTROL-01043,templates/pages/partners/index.html,20,field,select,Financial Year,,fy,,,,get,{},False,,Not individually executed
CONTROL-01044,templates/pages/partners/index.html,26,field,select,Partner,,partner,,,,get,{},False,,Not individually executed
CONTROL-01045,templates/pages/partners/index.html,33,field,select,Activity status,,status,,,,get,{},False,,Not individually executed
CONTROL-01046,templates/pages/partners/index.html,41,button,button,Apply,,,submit,,,get,{},False,,Not individually executed
CONTROL-01047,templates/pages/partners/index.html,42,button,button,Export,,export,submit,,,get,{},False,,Not individually executed
CONTROL-01048,templates/pages/partners/index.html,90,link,a,Review View plan,,,,{{ row.detail_url }},,,{},False,,Not individually executed
CONTROL-01049,templates/pages/partners/index.html,143,link,a,Review pending work →,,,,#partner-activity-filters,,,{},False,,Not individually executed
CONTROL-01050,templates/pages/partners/index.html,153,link,a,View full calendar →,,,,/calendar,,,{},False,,Not individually executed
CONTROL-01051,templates/pages/partners/index.html,158,link,a,Open Planning,,,,/planning,,,{},False,,Not individually executed
CONTROL-01052,templates/pages/partners/index.html,159,link,a,Open Assigned Schools,,,,/schools,,,{},False,,Not individually executed
CONTROL-01053,templates/pages/planning/index.html,41,link,a,Export,,,,                              ,,,{},False,,Not individually executed
CONTROL-01054,templates/pages/planning/index.html,50,button,button,Assign,,,,,,,"{""@click"": ""bulkActionOpen = !bulkActionOpen""}",False,,Not individually executed
CONTROL-01055,templates/pages/planning/index.html,63,button,button,Plan Field Event,,,button,/work-plan/add,,,"{""hx-get"": ""/work-plan/add"", ""hx-target"": ""#drawer-container"", ""hx-swap"": ""innerHTML""}",False,,Not individually executed
CONTROL-01056,templates/pages/planning/index.html,74,link,a,Open My Plan,,,,/my-plan,,,{},False,,Not individually executed
CONTROL-01057,templates/pages/planning/index.html,113,field,select,Fiscal year,,fy,,,/planning,get,{},False,,Not individually executed
CONTROL-01058,templates/pages/planning/index.html,123,field,select,Quarter,,quarter,,,/planning,get,{},False,,Not individually executed
CONTROL-01059,templates/pages/planning/index.html,133,field,select,District,,district,,,/planning,get,{},False,,Not individually executed
CONTROL-01060,templates/pages/planning/index.html,144,field,select,Staff,,staff,,,/planning,get,{},False,,Not individually executed
CONTROL-01061,templates/pages/planning/index.html,159,field,select,Group schools,,group,,,/planning,get,{},False,,Not individually executed
CONTROL-01062,templates/pages/planning/index.html,168,field,select,Planning readiness,,planning_readiness,,,/planning,get,{},False,,Not individually executed
CONTROL-01063,templates/pages/planning/index.html,178,field,select,SSA status,,ssa_status,,,/planning,get,{},False,,Not individually executed
CONTROL-01064,templates/pages/planning/index.html,188,link,a,Clear Filters,,,,/planning,/planning,get,{},False,,Not individually executed
CONTROL-01065,templates/pages/planning/index.html,244,button,button,Assign,,,button,,/planning/bulk-action,get,"{""@click"": ""showAssignPartnerForm = true""}",False,,Not individually executed
CONTROL-01066,templates/pages/planning/index.html,254,button,button,Schedule,,,button,,/planning/bulk-action,get,"{""@click"": ""showScheduleForm = true; $nextTick(() => window.htmx && htmx.trigger('#route-preview', 'route-refresh'))""}",False,,Not individually executed
CONTROL-01067,templates/pages/planning/index.html,263,button,button,Export Selected,,action,submit,,/planning/bulk-action,get,{},False,,Not individually executed
CONTROL-01068,templates/pages/planning/index.html,288,button,button,×,,,button,,,,"{""@click"": ""showScheduleForm = false""}",False,,Not individually executed
CONTROL-01069,templates/pages/planning/index.html,306,field,input,Scheduled date,,scheduled_date,date,,/planning/bulk-action,get,{},False,,Not individually executed
CONTROL-01070,templates/pages/planning/index.html,309,button,button,Confirm Schedule,,,submit,,/planning/bulk-action,get,{},False,,Not individually executed
CONTROL-01071,templates/pages/planning/index.html,331,button,button,×,,,button,,,,"{""@click"": ""showAssignPartnerForm = false""}",False,,Not individually executed
CONTROL-01072,templates/pages/planning/index.html,351,field,select,Partner ID,,partner_id,,,/planning/bulk-action,get,{},False,,Not individually executed
CONTROL-01073,templates/pages/planning/index.html,360,field,input,Scheduled date,,scheduled_date,date,,/planning/bulk-action,get,{},False,,Not individually executed
CONTROL-01074,templates/pages/planning/index.html,364,button,button,Confirm Handoff,,,submit,,/planning/bulk-action,get,{},False,,Not individually executed
CONTROL-01075,templates/pages/planning/schedule.html,40,field,input,Type a School ID or name,school_id,school_id,text,/planning/schedule/schools,/partials/costing/preview,POST,"{""hx-get"": ""/planning/schedule/schools"", ""hx-trigger"": ""input changed delay:250ms"", ""hx-target"": ""#planning-schedule-school-options"", ""hx-swap"": ""innerHTML"", ""hx-include"": ""this""}",False,,Not individually executed
CONTROL-01076,templates/pages/planning/schedule.html,64,field,select,Select Cluster... {{ c.name }},cluster_id,cluster_id,,,/partials/costing/preview,POST,{},False,,Not individually executed
CONTROL-01077,templates/pages/planning/schedule.html,81,field,input,,scheduled_date,scheduled_date,date,,/partials/costing/preview,POST,{},False,,Not individually executed
CONTROL-01078,templates/pages/planning/schedule.html,93,field,select,Select Intervention... {{ label }},focus_intervention,focus_intervention,,,/partials/costing/preview,POST,{},False,,Not individually executed
CONTROL-01079,templates/pages/planning/schedule.html,116,field,select,Focus Intervention Planning Meeting Operational / Administration Other Admin,purpose_type,purpose_type,,,/partials/costing/preview,POST,{},False,,Not individually executed
CONTROL-01080,templates/pages/planning/schedule.html,132,field,input,,expected_participants,expected_participants,number,,/partials/costing/preview,POST,{},False,,Not individually executed
CONTROL-01081,templates/pages/planning/schedule.html,144,field,select,Internal Field Staff (CCEO) Certified Partner Agency,delivery_type,delivery_type,,,/partials/costing/preview,POST,{},False,,Not individually executed
CONTROL-01082,templates/pages/planning/schedule.html,156,field,select,Select Partner... {{ p.name }},assigned_partner_id,assigned_partner_id,,,/partials/costing/preview,POST,{},False,,Not individually executed
CONTROL-01083,templates/pages/planning/schedule.html,173,field,textarea,What needs to be achieved in this activity?,activity_purpose_text,activity_purpose_text,,,/partials/costing/preview,POST,{},False,,Not individually executed
CONTROL-01084,templates/pages/planning/schedule.html,185,field,textarea,Target delta or specific checklist outcome...,expected_outcome,expected_outcome,,,/partials/costing/preview,POST,{},False,,Not individually executed
CONTROL-01085,templates/pages/planning/schedule.html,196,button,button,Confirm & Schedule Activity,,,submit,/planning/schedule?action={{ action }},/partials/costing/preview,POST,"{""hx-post"": ""/planning/schedule?action={{ action }}"", ""hx-target"": ""body""}",False,,Not individually executed
CONTROL-01086,templates/pages/planning/visit_requests.html,83,field,input,Note for the requester (optional),,note,text,,/planning/visit-requests/{{ a.id }}/approve,POST,{},False,,Not individually executed
CONTROL-01087,templates/pages/planning/visit_requests.html,84,button,button,Approve visit,,,submit,,/planning/visit-requests/{{ a.id }}/approve,POST,{},False,,Not individually executed
CONTROL-01088,templates/pages/planning/visit_requests.html,88,field,input,Reason for declining,,reason,text,,/planning/visit-requests/{{ a.id }}/decline,POST,{},False,,Not individually executed
CONTROL-01089,templates/pages/planning/visit_requests.html,89,button,button,Decline,,,submit,,/planning/visit-requests/{{ a.id }}/decline,POST,{},False,,Not individually executed
CONTROL-01090,templates/pages/professional_development/index.html,19,button,button,PD Policy,,,button,,,,"{""@click"": ""showPolicy = true""}",False,,Not individually executed
CONTROL-01091,templates/pages/professional_development/index.html,24,button,button,Request Professional Development,,,button,/my-professional-development/request,,,"{""hx-get"": ""/my-professional-development/request"", ""hx-target"": ""#drawer-container"", ""hx-swap"": ""innerHTML""}",False,,Not individually executed
CONTROL-01092,templates/pages/professional_development/index.html,30,link,a,Download Report,,,,/my-professional-development/export?fy={{ fy }},,,{},False,,Not individually executed
CONTROL-01093,templates/pages/professional_development/index.html,41,field,select,Fiscal year,,fy,,,/my-professional-development,get,{},False,,Not individually executed
CONTROL-01094,templates/pages/professional_development/index.html,57,button,button,Close professional development policy,,,button,,,,"{""@click"": ""showPolicy = false""}",False,,Not individually executed
CONTROL-01095,templates/pages/professional_development/index.html,67,button,button,Got it,,,button,,,,"{""@click"": ""showPolicy = false""}",False,,Not individually executed
CONTROL-01096,templates/pages/profile/index.html,57,field,input,{{ member.name }},profile-name,name,text,,                            ,post,{},False,,Not individually executed
CONTROL-01097,templates/pages/profile/index.html,70,field,input,Not set,profile-phone,phone,tel,,                            ,post,{},False,,Not individually executed
CONTROL-01098,templates/pages/profile/index.html,83,button,button,Save Changes,,,submit,,                            ,post,{},False,,Not individually executed
CONTROL-01099,templates/pages/profile/index.html,122,link,a,→,,,,/my-plan/{{ act.id }},,,{},False,,Not individually executed
CONTROL-01100,templates/pages/profile/index.html,138,button,button,{{ role.value }},,,submit,,/auth/switch-role,post,{},False,,Not individually executed
CONTROL-01101,templates/pages/programme_rollout/index.html,31,link,a,Open Team Oversight,,,,/team-planning-oversight/?fy={{ fy }},,,{},False,,Not individually executed
CONTROL-01102,templates/pages/programme_rollout/index.html,39,field,select,Programme Lead,rollout-lead,lead,,,,get,{},False,,Not individually executed
CONTROL-01103,templates/pages/programme_rollout/index.html,44,field,select,Fiscal year,rollout-fy,fy,,,,get,{},False,,Not individually executed
CONTROL-01104,templates/pages/programme_rollout/index.html,48,button,button,Apply filters,,,submit,,,get,{},False,,Not individually executed
CONTROL-01105,templates/pages/programme_rollout/index.html,49,link,a,Reset,rollout-filter-reset,,,/programme-rollout?view={{ view }},,get,{},False,,Not individually executed
CONTROL-01106,templates/pages/projects/analytics.html,17,link,a,Export,spa-export,,,{{ export_url }},,,{},False,,Not individually executed
CONTROL-01107,templates/pages/projects/analytics.html,17,link,a,Download Snapshot,spa-snapshot,,,{{ snapshot_url }},,,{},False,,Not individually executed
CONTROL-01108,templates/pages/projects/analytics.html,17,link,a,Review Recommendations,,,,#spa-insights,,,{},False,,Not individually executed
CONTROL-01109,templates/pages/projects/detail.html,43,disclosure,summary,Project details and latest decision,,,,,,,{},False,,Not individually executed
CONTROL-01110,templates/pages/projects/detail.html,60,disclosure,summary,Assign as Staff Priority,,,,,,,{},False,,Not individually executed
CONTROL-01111,templates/pages/projects/detail.html,68,field,input,CCEO,,roleGroups,checkbox,,/projects/{{ project.id }}/staff/assign,post,{},False,,Not individually executed
CONTROL-01112,templates/pages/projects/detail.html,69,field,input,Program Lead,,roleGroups,checkbox,,/projects/{{ project.id }}/staff/assign,post,{},False,,Not individually executed
CONTROL-01113,templates/pages/projects/detail.html,73,disclosure,summary,Or choose individual staff,,,,,/projects/{{ project.id }}/staff/assign,post,{},False,,Not individually executed
CONTROL-01114,templates/pages/projects/detail.html,77,field,input,{{ staff.id }},,staffIds,checkbox,,/projects/{{ project.id }}/staff/assign,post,{},False,,Not individually executed
CONTROL-01115,templates/pages/projects/detail.html,85,field,select,ExecuteSupervise,,responsibility,,,/projects/{{ project.id }}/staff/assign,post,{},False,,Not individually executed
CONTROL-01116,templates/pages/projects/detail.html,88,field,input,,,dueDate,date,,/projects/{{ project.id }}/staff/assign,post,{},False,,Not individually executed
CONTROL-01117,templates/pages/projects/detail.html,91,button,button,Assign Project priority,,,submit,,/projects/{{ project.id }}/staff/assign,post,{},False,,Not individually executed
CONTROL-01118,templates/pages/projects/detail.html,98,disclosure,summary,Add Schools to This Priority,,,,,,,{},False,,Not individually executed
CONTROL-01119,templates/pages/projects/detail.html,103,field,select,Choose a School… {{ school.school_id }} · {{ school.name }} · {{ school.get_school_type_display }} · {{ school.active_project_count }} Project{{ school.active_project_count|pluralize }},,schoolId,,,/projects/{{ project.id }}/schools/assign,post,{},False,,Not individually executed
CONTROL-01120,templates/pages/projects/detail.html,111,field,textarea,,,reason,,,/projects/{{ project.id }}/schools/assign,post,{},False,,Not individually executed
CONTROL-01121,templates/pages/projects/detail.html,113,button,button,Add School,,,submit,,/projects/{{ project.id }}/schools/assign,post,{},False,,Not individually executed
CONTROL-01122,templates/pages/projects/detail.html,137,link,a,View Profile,,,,/schools/{{ sa.school_id }},,,{},False,,Not individually executed
CONTROL-01123,templates/pages/projects/index.html,29,button,button,New Project,,,button,/projects/create,,,"{""hx-get"": ""/projects/create"", ""hx-target"": ""#drawer-container"", ""hx-swap"": ""innerHTML""}",False,,Not individually executed
CONTROL-01124,templates/pages/projects/index.html,34,link,a,Add Eligible Schools,,,,/projects/planning,,,{},False,,Not individually executed
CONTROL-01125,templates/pages/projects/index.html,57,field,select,FY {{ opt }},project-fy-filter,fy,,,/projects/filter,get,{},False,,Not individually executed
CONTROL-01126,templates/pages/projects/index.html,67,field,select,All Types {{ label }},project-type-filter,type,,,/projects/filter,get,{},False,,Not individually executed
CONTROL-01127,templates/pages/projects/index.html,78,field,select,All Statuses {{ label }},project-status-filter,status,,,/projects/filter,get,{},False,,Not individually executed
CONTROL-01128,templates/pages/projects/index.html,88,button,button,More filters,,,button,/projects/filters-drawer,/projects/filter,get,"{""hx-get"": ""/projects/filters-drawer"", ""hx-target"": ""#drawer-container"", ""hx-swap"": ""innerHTML"", ""hx-push-url"": ""false""}",False,,Not individually executed
CONTROL-01129,templates/pages/projects/index.html,95,link,a,Clear,,,,/projects,/projects/filter,get,{},False,,Not individually executed
CONTROL-01130,templates/pages/projects/index.html,133,link,a,Fund Requests →,,,,/fund-requests/weekly,,,{},False,,Not individually executed
CONTROL-01131,templates/pages/projects/index.html,184,link,a,View full Impact Analytics →,,,,/projects/analytics,,,{},False,,Not individually executed
CONTROL-01132,templates/pages/projects/index.html,197,link,a,{{ selected.name }},,,,/projects/{{ selected.id }},,,{},False,,Not individually executed
CONTROL-01133,templates/pages/projects/index.html,214,link,a,{{ selected.next_step_cta }} →,,,,{{ selected.next_step_href }},,,{},False,,Not individually executed
CONTROL-01134,templates/pages/projects/index.html,226,link,a,View all →,,,,/planning,,,{},False,,Not individually executed
CONTROL-01135,templates/pages/projects/index.html,236,link,a,{{ r.action }} →,,,,{{ r.href }},,,{},False,,Not individually executed
CONTROL-01136,templates/pages/projects/index.html,281,link,a,All partners →,,,,/partners,,,{},False,,Not individually executed
CONTROL-01137,templates/pages/projects/index.html,304,link,a,Open Project My Plan,,,,/projects/my-plan,,,{},False,,Not individually executed
CONTROL-01138,templates/pages/projects/my_plan.html,22,link,a,Export filtered project plan as CSV,sp-plan-export-link,,,{{ export_url }},,,{},False,,Not individually executed
CONTROL-01139,templates/pages/projects/my_plan.html,26,button,button,Filters,,,button,,,,"{""@click"": ""filtersOpen = !filtersOpen""}",False,,Not individually executed
CONTROL-01140,templates/pages/projects/my_plan.html,30,link,a,Open Calendar,sp-plan-calendar-link,,,{{ calendar_url }},,,{},False,,Not individually executed
CONTROL-01141,templates/pages/projects/planning.html,34,link,a,Export,spp-export,,,{{ export_url }},,,{},False,,Not individually executed
CONTROL-01142,templates/pages/projects/planning.html,35,button,button,Assign,,,button,,,,"{""@click"": ""openBulk('partner')""}",False,,Not individually executed
CONTROL-01143,templates/pages/projects/planning.html,36,link,a,Open My Plan,,,,/projects/my-plan                         ?project={{ selected.project }}           ,,,{},False,,Not individually executed
CONTROL-01144,templates/pages/quality_checks/index.html,33,field,select,Assigned to user ID,,assigned_to_user_id,,,,POST,{},False,,Not individually executed
CONTROL-01145,templates/pages/quality_checks/index.html,40,field,input,e.g. data-quality,,category,text,,,POST,{},False,,Not individually executed
CONTROL-01146,templates/pages/quality_checks/index.html,44,field,textarea,Note,,note,,,,POST,{},False,,Not individually executed
CONTROL-01147,templates/pages/quality_checks/index.html,48,field,input,Recommended action,,recommended_action,text,,,POST,{},False,,Not individually executed
CONTROL-01148,templates/pages/quality_checks/index.html,51,button,button,Raise Flag,,,submit,,,POST,{},False,,Not individually executed
CONTROL-01149,templates/pages/quality_checks/index.html,108,button,button,Acknowledge,,,submit,,/quality-checks,POST,{},False,,Not individually executed
CONTROL-01150,templates/pages/quality_checks/index.html,111,button,button,Resolve,,,button,/quality-checks?resolve={{ f.id }},,,"{""hx-get"": ""/quality-checks?resolve={{ f.id }}"", ""hx-target"": ""#drawer-container"", ""hx-swap"": ""innerHTML""}",False,,Not individually executed
CONTROL-01151,templates/pages/schools/closed.html,37,link,a,Clear search“{{ q|truncatechars:24 }}”,,,,/schools/closed,,,{},False,,Not individually executed
CONTROL-01152,templates/pages/schools/closed.html,104,link,a,View,,,,/schools/{{ row.school.school_id }},,,{},False,,Not individually executed
CONTROL-01153,templates/pages/schools/closed.html,132,link,a,View school,,,,/schools/{{ row.school.school_id }},,,{},False,,Not individually executed
CONTROL-01154,templates/pages/schools/detail.html,47,field,input,Confirm the school is operating again and how you know.,,reason,text,,/schools/{{ school.school_id }}/reopen,get,{},False,,Not individually executed
CONTROL-01155,templates/pages/schools/detail.html,53,field,input,e.g. 380,,enrollment,number,,/schools/{{ school.school_id }}/reopen,get,{},False,,Not individually executed
CONTROL-01156,templates/pages/schools/detail.html,57,button,button,Reopen school,,,submit,,/schools/{{ school.school_id }}/reopen,get,{},False,,Not individually executed
CONTROL-01157,templates/pages/schools/detail.html,73,button,button,Edit {{ school.name }} school details,,,button,/schools/{{ school.id }}/edit-drawer,,,"{""hx-get"": ""/schools/{{ school.id }}/edit-drawer"", ""hx-target"": ""#drawer-container"", ""hx-swap"": ""innerHTML""}",False,,Not individually executed
CONTROL-01158,templates/pages/schools/detail.html,89,button,button,Close {{ school.name }},,,button,/schools/{{ school.school_id }}/close-drawer,,,"{""hx-get"": ""/schools/{{ school.school_id }}/close-drawer"", ""hx-target"": ""#drawer-container"", ""hx-swap"": ""innerHTML""}",False,,Not individually executed
CONTROL-01159,templates/pages/schools/import_result.html,19,link,a,Go to Directory,,,,/schools,,,{},False,,Not individually executed
CONTROL-01160,templates/pages/schools/import_result.html,22,link,a,Resolve Data Quality Issues,,,,/admin-panel/data-quality-center,,,{},False,,Not individually executed
CONTROL-01161,templates/pages/schools/index.html,29,link,a,Upload Center,,,,/uploads,,,{},False,,Not individually executed
CONTROL-01162,templates/pages/schools/index.html,37,link,a,Add SSA Score,,,,/ssa/manual/,,,{},False,,Not individually executed
CONTROL-01163,templates/pages/schools/index.html,49,button,button,Add School,,,button,/schools/create-drawer,,,"{""hx-get"": ""/schools/create-drawer"", ""hx-target"": ""#drawer-container"", ""hx-swap"": ""innerHTML""}",False,,Not individually executed
CONTROL-01164,templates/pages/schools/index.html,62,button,button,Export,,,,,,,"{""@click"": ""open = !open""}",False,,Not individually executed
CONTROL-01165,templates/pages/schools/index.html,70,link,a,Export to Excel (.xlsx),,,,                               ,,,{},False,,Not individually executed
CONTROL-01166,templates/pages/schools/index.html,71,link,a,Export to CSV (.csv),,,,                              ,,,{},False,,Not individually executed
CONTROL-01167,templates/pages/schools/index.html,92,disclosure,summary,"Directory filtersFiscal year, district, ownership and status⌄",,,,,,,{},False,,Not individually executed
CONTROL-01168,templates/pages/schools/index.html,114,field,select,Fiscal year,,fy,,,/schools,get,{},False,,Not individually executed
CONTROL-01169,templates/pages/schools/index.html,121,field,select,District,,district,,,/schools,get,{},False,,Browser: RPL School Directory district Abim produced 3 schools and refreshed dependent sub-county choices.
CONTROL-01170,templates/pages/schools/index.html,133,field,select,Partner type,,school_type,,,/schools,get,{},False,,Not individually executed
CONTROL-01171,templates/pages/schools/index.html,143,field,select,Cluster status,,cluster_status,,,/schools,get,{},False,,Not individually executed
CONTROL-01172,templates/pages/schools/index.html,152,field,select,Project status,,project_status,,,/schools,get,{},False,,Not individually executed
CONTROL-01173,templates/pages/schools/index.html,159,link,a,Clear Filters,,,,/schools,/schools,get,{},False,,Browser: RPL Clear Filters restored 703-school scope.
CONTROL-01174,templates/pages/schools/index.html,213,button,button,×,,,,,,,"{""@click"": ""assignClusterOpen = false""}",False,,Not individually executed
CONTROL-01175,templates/pages/schools/index.html,223,field,select,Cluster ID,,cluster_id,,,/schools/bulk-assign-cluster,post,{},False,,Not individually executed
CONTROL-01176,templates/pages/schools/index.html,234,button,button,Cancel,,,button,,/schools/bulk-assign-cluster,post,"{""@click"": ""assignClusterOpen = false""}",False,,Not individually executed
CONTROL-01177,templates/pages/schools/index.html,235,button,button,Assign Cluster,,,submit,,/schools/bulk-assign-cluster,post,{},False,,Not individually executed
CONTROL-01178,templates/pages/schools/index.html,250,button,button,×,,,,,,,"{""@click"": ""bulkAssignProjectOpen = false""}",False,,Not individually executed
CONTROL-01179,templates/pages/schools/index.html,260,field,select,Project ID,,project_id,,,/schools/bulk-assign-project,post,{},False,,Not individually executed
CONTROL-01180,templates/pages/schools/index.html,271,button,button,Cancel,,,button,,/schools/bulk-assign-project,post,"{""@click"": ""bulkAssignProjectOpen = false""}",False,,Not individually executed
CONTROL-01181,templates/pages/schools/index.html,272,button,button,Assign Project,,,submit,,/schools/bulk-assign-project,post,{},False,,Not individually executed
CONTROL-01182,templates/pages/schools/index.html,287,button,button,×,,,,,,,"{""@click"": ""matchStaffOpen = false""}",False,,Not individually executed
CONTROL-01183,templates/pages/schools/index.html,297,field,select,Staff ID,,staff_id,,,/schools/bulk-match-staff,post,{},False,,Not individually executed
CONTROL-01184,templates/pages/schools/index.html,308,button,button,Cancel,,,button,,/schools/bulk-match-staff,post,"{""@click"": ""matchStaffOpen = false""}",False,,Not individually executed
CONTROL-01185,templates/pages/schools/index.html,309,button,button,Match Staff,,,submit,,/schools/bulk-match-staff,post,{},False,,Not individually executed
CONTROL-01186,templates/pages/schools/upload.html,27,link,a,Download School Template,,,,/schools/upload/template,,,{},False,,Not individually executed
CONTROL-01187,templates/pages/schools/upload.html,43,field,input,,schools_file,schools_file,file,,/schools/upload,get,{},False,,Not individually executed
CONTROL-01188,templates/pages/schools/upload.html,54,field,input,,update_existing,update_existing,checkbox,,/schools/upload,get,{},False,,Not individually executed
CONTROL-01189,templates/pages/schools/upload.html,66,button,button,Upload Schools,,,submit,,/schools/upload,get,{},False,,Not individually executed
CONTROL-01190,templates/pages/schools/upload_preview.html,23,button,button,Cancel Import,,,submit,,,post,{},False,,Not individually executed
CONTROL-01191,templates/pages/schools/upload_preview.html,31,button,button,Confirm & Import,,,submit,,,post,{},False,,Not individually executed
CONTROL-01192,templates/pages/search/index.html,30,link,a,{{ s.name }},,,,/schools/{{ s.id }},,,{},False,,Not individually executed
CONTROL-01193,templates/pages/search/index.html,31,link,a,{{ s.name }},,,,/staff/{{ s.id }},,,{},False,,Not individually executed
CONTROL-01194,templates/pages/search/index.html,32,link,a,{{ a.get_activity_type_display }} — {{ a.school.name }} — {{ a.cluster.name }},,,,/activities/{{ a.id }},,,{},False,,Not individually executed
CONTROL-01195,templates/pages/settings/activity_catalogue.html,18,button,button,New activity,,,button,/settings/activity-catalogue/new,,,"{""hx-get"": ""/settings/activity-catalogue/new"", ""hx-target"": ""#drawer-container"", ""hx-swap"": ""innerHTML""}",False,,Not individually executed
CONTROL-01196,templates/pages/settings/activity_catalogue.html,32,field,select,All interventions {{ label }},,intervention,,,,get,{},False,,Not individually executed
CONTROL-01197,templates/pages/settings/activity_catalogue.html,38,field,select,All types {{ label }},,activity_type,,,,get,{},False,,Not individually executed
CONTROL-01198,templates/pages/settings/activity_catalogue.html,44,field,select,All methods {{ label }},,delivery_method,,,,get,{},False,,Not individually executed
CONTROL-01199,templates/pages/settings/activity_catalogue.html,50,field,select,All projects {{ project.name }},,project_id,,,,get,{},False,,Not individually executed
CONTROL-01200,templates/pages/settings/activity_catalogue.html,56,field,select,All statuses {{ label }},,status,,,,get,{},False,,Not individually executed
CONTROL-01201,templates/pages/settings/activity_catalogue.html,61,button,button,Apply filters,,,submit,,,get,{},False,,Not individually executed
CONTROL-01202,templates/pages/settings/activity_catalogue.html,61,link,a,Reset,,,,/settings/activity-catalogue/,,get,{},False,,Not individually executed
CONTROL-01203,templates/pages/settings/activity_catalogue.html,81,field,select,Choose the verified Catalogue item… {{ item.stable_code }} · {{ item.display_name }},review-code-{{ review.id }},stable_code,,,/settings/activity-catalogue/reviews/{{ review.id }}/resolve,post,{},False,,Not individually executed
CONTROL-01204,templates/pages/settings/activity_catalogue.html,86,field,input,Required correction rationale and source checked,review-note-{{ review.id }},resolution_note,,,/settings/activity-catalogue/reviews/{{ review.id }}/resolve,post,{},False,,Not individually executed
CONTROL-01205,templates/pages/settings/activity_catalogue.html,87,button,button,Resolve,,,submit,,/settings/activity-catalogue/reviews/{{ review.id }}/resolve,post,{},False,,Not individually executed
CONTROL-01206,templates/pages/settings/activity_catalogue.html,117,disclosure,summary,"Eligibility, history and lifecycle",,,,,,,{},False,,Not individually executed
CONTROL-01207,templates/pages/settings/activity_catalogue.html,124,field,select,{{ label }},status-{{ item.id }},status,,,/settings/activity-catalogue/{{ item.id }}/lifecycle,post,{},False,,Not individually executed
CONTROL-01208,templates/pages/settings/activity_catalogue.html,128,field,input,Required change reason,reason-{{ item.id }},reason,,,/settings/activity-catalogue/{{ item.id }}/lifecycle,post,{},False,,Not individually executed
CONTROL-01209,templates/pages/settings/activity_catalogue.html,129,button,button,Save lifecycle,,,submit,,/settings/activity-catalogue/{{ item.id }}/lifecycle,post,{},False,,Not individually executed
CONTROL-01210,templates/pages/settings/index.html,27,link,a,View profile,,,,/profile,,,{},False,,Not individually executed
CONTROL-01211,templates/pages/settings/index.html,28,link,a,Change password,,,,/change-password,,,{},False,,Not individually executed
CONTROL-01212,templates/pages/settings/index.html,35,link,a,Open Activity Catalogue,,,,/settings/activity-catalogue/,,,{},False,,Not individually executed
CONTROL-01213,templates/pages/settings/index.html,58,field,input,,,mfa_enabled,checkbox,,                                 ,post,{},True,,Not individually executed
CONTROL-01214,templates/pages/settings/index.html,80,field,input,app,,mfa_channel,radio,,                                 ,post,{},False,,Not individually executed
CONTROL-01215,templates/pages/settings/index.html,85,link,a,Set up again,,,,/settings/two-step/app,                                 ,post,{},False,,Not individually executed
CONTROL-01216,templates/pages/settings/index.html,85,link,a,Set it up,,,,/settings/two-step/app,                                 ,post,{},False,,Not individually executed
CONTROL-01217,templates/pages/settings/index.html,91,field,input,email,,mfa_channel,radio,,                                 ,post,{},False,,Not individually executed
CONTROL-01218,templates/pages/settings/index.html,100,field,input,sms,,mfa_channel,radio,,                                 ,post,{},True,,Not individually executed
CONTROL-01219,templates/pages/settings/index.html,112,button,button,Save,,,submit,,                                 ,post,{},False,,Not individually executed
CONTROL-01220,templates/pages/settings/index.html,121,button,button,System Matches your device appearance,,,button,,,,"{""@click"": ""$store.theme.setTheme('system')""}",False,,Not individually executed
CONTROL-01221,templates/pages/settings/index.html,129,button,button,Light Clean and focused,,,button,,,,"{""@click"": ""$store.theme.setTheme('light')""}",False,,Not individually executed
CONTROL-01222,templates/pages/settings/index.html,137,button,button,Edify Blue Image-backed glass workspace,,,button,,,,"{""@click"": ""$store.theme.setTheme('blue')""}",False,,Not individually executed
CONTROL-01223,templates/pages/settings/index.html,145,button,button,"Night black Deep navy-black, low-glare and easy on the eyes at night",,,button,,,,"{""@click"": ""$store.theme.setTheme('dark')""}",False,,Not individually executed
CONTROL-01224,templates/pages/settings/index.html,161,link,a,Open notification center →,,,,/notifications,,,{},False,,Not individually executed
CONTROL-01225,templates/pages/settings/two_step_app.html,14,link,a,open this link to add Edify Planning to the app,,,,{{ otpauth_uri }},,,{},False,,Not individually executed
CONTROL-01226,templates/pages/settings/two_step_app.html,26,field,input,,app-code,code,text,,                                  ,post,{},False,,Not individually executed
CONTROL-01227,templates/pages/settings/two_step_app.html,32,button,button,Turn on,,,submit,,                                  ,post,{},False,,Not individually executed
CONTROL-01228,templates/pages/settings/two_step_app.html,33,link,a,Cancel,,,,/settings,                                  ,post,{},False,,Not individually executed
CONTROL-01229,templates/pages/settings/two_step_app.html,44,button,button,Remove the authenticator app,,,submit,,                                   ,post,{},False,,Not individually executed
CONTROL-01230,templates/pages/ssa/index.html,21,link,a,Open Upload Center,,,,/uploads,,,{},False,,Not individually executed
CONTROL-01231,templates/pages/ssa/index.html,30,link,a,SSA Verification Queue,,,,/ssa/verification/,,,{},False,,Not individually executed
CONTROL-01232,templates/pages/ssa/index.html,36,link,a,Unmatched SSA Queue,,,,/ssa/unmatched,,,{},False,,Not individually executed
CONTROL-01233,templates/pages/ssa/index.html,76,link,a,View School →,,,,/schools/{{ r.school_id }},,,{},False,,Not individually executed
CONTROL-01234,templates/pages/ssa/manual_entry.html,10,link,a,Back to SSA Performance,,,,/ssa,,,{},False,,Not individually executed
CONTROL-01235,templates/pages/ssa/manual_entry.html,36,link,a,{{ field.label }}: {{ error }},,,,#{{ field.id_for_label }},/ssa/manual/,post,{},False,,Not individually executed
CONTROL-01236,templates/pages/ssa/manual_entry.html,110,link,a,Open Upload Center,,,,/uploads,/ssa/manual/,post,{},False,,Not individually executed
CONTROL-01237,templates/pages/ssa/manual_entry.html,114,link,a,Cancel,,,,/ssa,/ssa/manual/,post,{},False,,Not individually executed
CONTROL-01238,templates/pages/ssa/manual_entry.html,117,button,button,Save SSA Score,,,submit,,/ssa/manual/,post,{},False,,Not individually executed
CONTROL-01239,templates/pages/ssa/upload_center.html,17,link,a,Upload history,,,,/ssa/upload/history/,,,{},False,,Not individually executed
CONTROL-01240,templates/pages/ssa/upload_center.html,19,link,a,Add SSA Score,,,,/ssa/manual/,,,{},False,,Not individually executed
CONTROL-01241,templates/pages/ssa/upload_center.html,44,link,a,Download Template,,,,/ssa/upload/template,,,{},False,,Not individually executed
CONTROL-01242,templates/pages/ssa/upload_center.html,108,field,input,,,file,file,,,post,"{""@change"": ""fileName = $event.target.files[0]?.name || ''""}",False,,Not individually executed
CONTROL-01243,templates/pages/ssa/upload_center.html,129,button,button,Upload and Import,,,submit,,,post,{},False,,Not individually executed
CONTROL-01244,templates/pages/ssa/upload_history.html,21,link,a,Upload SSA file,,,,/ssa/upload/,,,{},False,,Not individually executed
CONTROL-01245,templates/pages/ssa/upload_history.html,38,field,select,All batches With refused rows,,has_blocked,,,,get,"{""@change"": ""$el.form.requestSubmit()""}",False,,Not individually executed
CONTROL-01246,templates/pages/ssa/upload_history.html,45,field,select,Anyone Me,,mine,,,,get,"{""@change"": ""$el.form.requestSubmit()""}",False,,Not individually executed
CONTROL-01247,templates/pages/ssa/upload_history.html,81,link,a,Open result,,,,{{ b.url }},,,{},False,,Not individually executed
CONTROL-01248,templates/pages/ssa/upload_preview.html,16,link,a,Cancel Upload,,,,/ssa/upload/,,,{},False,,Not individually executed
CONTROL-01249,templates/pages/ssa/upload_preview.html,21,button,button,Confirm Import ({{ ready_count }} ready),,,submit,,,post,{},False,,Not individually executed
CONTROL-01250,templates/pages/ssa/upload_preview.html,30,button,button,Ready to Import ({{ ready_count }}),,,button,,,,"{""@click"": ""tab = 'ready'""}",False,,Not individually executed
CONTROL-01251,templates/pages/ssa/upload_preview.html,36,button,button,Unmatched School IDs ({{ unmatched_count }}),,,button,,,,"{""@click"": ""tab = 'unmatched'""}",False,,Not individually executed
CONTROL-01252,templates/pages/ssa/upload_preview.html,42,button,button,Blocked Rows ({{ blocked_count }}),,,button,,,,"{""@click"": ""tab = 'blocked'""}",False,,Not individually executed
CONTROL-01253,templates/pages/ssa/upload_result.html,21,link,a,Upload Another File,,,,/ssa/upload/,,,{},False,,Not individually executed
CONTROL-01254,templates/pages/ssa/upload_result.html,86,link,a,"SSA Verification Queue → {{ pending_verification }} imported record{{ pending_verification|pluralize }} wait{{ pending_verification|pluralize:""s,"" }} for a verifier other than you before they count.",,,,/ssa/verification/,,,{},False,,Not individually executed
CONTROL-01255,templates/pages/ssa/upload_result.html,96,link,a,Unmatched SSA Queue → Link SSA rows that carried unknown School IDs to the directory.,,,,/ssa/unmatched,,,{},False,,Not individually executed
CONTROL-01256,templates/pages/ssa/upload_result.html,106,link,a,Open Collection Worklist → See which schools in your country still need a baseline or this year's follow-up.,,,,/ia/dashboard/?view=collection,,,{},False,,Not individually executed
CONTROL-01257,templates/pages/ssa/upload_result.html,116,link,a,SSA Upload History → Every SSA import in your country and what each one did.,,,,/ssa/upload/history/,,,{},False,,Not individually executed
CONTROL-01258,templates/pages/ssa/verification_queue.html,44,field,select,Waiting for verification Returned for correction,,status,,,,get,"{""@change"": ""$el.form.requestSubmit()""}",False,,Not individually executed
CONTROL-01259,templates/pages/ssa/verification_queue.html,51,field,select,Anyone Me,,mine,,,,get,"{""@change"": ""$el.form.requestSubmit()""}",False,,Not individually executed
CONTROL-01260,templates/pages/ssa/verification_queue.html,78,link,a,,,,,{{ r.school_url }},,,{},False,,Not individually executed
CONTROL-01261,templates/pages/ssa/verification_queue.html,86,link,a,Open visit,,,,{{ r.visit_url }},,,{},False,,Not individually executed
CONTROL-01262,templates/pages/ssa/verification_queue.html,93,button,button,Confirm,,,submit,,/ssa/verification/,post,{},False,,Not individually executed
CONTROL-01263,templates/pages/ssa/verification_queue.html,95,button,button,Return,,,button,/ssa/verification/{{ r.id }}/return-drawer,,,"{""hx-get"": ""/ssa/verification/{{ r.id }}/return-drawer"", ""hx-target"": ""#drawer-container"", ""hx-swap"": ""innerHTML""}",False,,Not individually executed
CONTROL-01264,templates/pages/staff/detail.html,64,link,a,Open performance conversation,,,,{{ supervision.conversation_url }},,,{},False,,Not individually executed
CONTROL-01265,templates/pages/staff/detail.html,65,link,a,Coaching log,,,,{{ supervision.coaching_url }},,,{},False,,Not individually executed
CONTROL-01266,templates/pages/staff/detail.html,66,button,button,Team Targets,,,button,{{ supervision.targets_drawer_url }},,,"{""hx-get"": ""{{ supervision.targets_drawer_url }}"", ""hx-target"": ""#drawer-container"", ""hx-swap"": ""innerHTML""}",False,,Not individually executed
CONTROL-01267,templates/pages/staff/detail.html,67,link,a,Leave,,,,{{ supervision.leave_url }},,,{},False,,Not individually executed
CONTROL-01268,templates/pages/staff/detail.html,120,link,a,{{ sc.school__name }},,,,/schools/{{ sc.school_id }},,,{},False,,Not individually executed
CONTROL-01269,templates/pages/staff/index.html,19,link,a,New Staff Member,,,,/admin-panel/users,,,{},False,,Not individually executed
CONTROL-01270,templates/pages/staff/index.html,45,tab,a,All Staff,staff-tab-all,,,?tab=all,,,{},False,,Not individually executed
CONTROL-01271,templates/pages/staff/index.html,49,tab,a,Field Officers (CCEO),staff-tab-cceo,,,?tab=cceo,,,{},False,,Not individually executed
CONTROL-01272,templates/pages/staff/index.html,53,tab,a,Program Leads,staff-tab-pl,,,?tab=pl,,,{},False,,Not individually executed
CONTROL-01273,templates/pages/staff/index.html,57,tab,a,Admin & Support,staff-tab-admin,,,?tab=admin,,,{},False,,Not individually executed
CONTROL-01274,templates/pages/staff/index.html,70,field,input,Select all staff,,,checkbox,,,,{},False,No submitted name or direct model; check JS binding,Not individually executed
CONTROL-01275,templates/pages/staff/index.html,83,field,input,Select {{ s.name }},,,checkbox,,,,{},False,No submitted name or direct model; check JS binding,Not individually executed
CONTROL-01276,templates/pages/staff/index.html,109,link,a,View Profile,,,,/staff/{{ s.id }},,,{},False,,Not individually executed
CONTROL-01277,templates/pages/staff/index.html,133,link,a,Previous staff page,,,,?q={{ search }}&tab={{ active_tab }}&page={{ page_obj.previous_page_number }},,,{},False,,Not individually executed
CONTROL-01278,templates/pages/staff/index.html,142,link,a,Page {{ num }},,,,?q={{ search }}&tab={{ active_tab }}&page={{ num }},,,{},False,,Not individually executed
CONTROL-01279,templates/pages/staff/index.html,147,link,a,Next staff page,,,,?q={{ search }}&tab={{ active_tab }}&page={{ page_obj.next_page_number }},,,{},False,,Not individually executed
CONTROL-01280,templates/pages/system_health/index.html,244,link,a,Open queue,,,,{{ c.resolution_link }},,,{},False,,Not individually executed
CONTROL-01281,templates/pages/system_health/index.html,936,link,a,Region & District Setup,,,,/admin-panel/region-district-setup,,,{},False,,Not individually executed
CONTROL-01282,templates/pages/targets/index.html,21,button,button,Submit MSCS,,,button,,,,"{""@click"": ""showMscs = true""}",False,,Not individually executed
CONTROL-01283,templates/pages/targets/index.html,26,link,a,Export Report,,,,/my-targets/export?fy={{ fy }},,,{},False,,Not individually executed
CONTROL-01284,templates/pages/targets/index.html,37,field,select,Fiscal year,,fy,,,/my-targets,get,{},False,,Not individually executed
CONTROL-01285,templates/pages/targets/index.html,42,field,select,Month,,month,,,/my-targets,get,{},False,,Not individually executed
CONTROL-01286,templates/pages/targets/index.html,58,button,button,Close roll-up explanation,,,button,,,,"{""@click"": ""showRollup = false""}",False,,Not individually executed
CONTROL-01287,templates/pages/targets/index.html,67,button,button,Got it,,,button,,,,"{""@click"": ""showRollup = false""}",False,,Not individually executed
CONTROL-01288,templates/pages/targets/index.html,82,button,button,Close MSCS form,,,button,,,,"{""@click"": ""showMscs = false""}",False,,Not individually executed
CONTROL-01289,templates/pages/targets/index.html,88,field,input,"A short, specific story title",,title,text,,/my-targets/mscs,post,{},False,,Not individually executed
CONTROL-01290,templates/pages/targets/index.html,93,field,input,Story date,,story_date,date,,/my-targets/mscs,post,{},False,,Not individually executed
CONTROL-01291,templates/pages/targets/index.html,97,field,input,optional,,school_id,text,,/my-targets/mscs,post,{},False,,Not individually executed
CONTROL-01292,templates/pages/targets/index.html,102,field,textarea,"What changed, for whom, and why it matters…",,narrative,,,/my-targets/mscs,post,{},False,,Not individually executed
CONTROL-01293,templates/pages/targets/index.html,104,button,button,Submit for Review,,,submit,,/my-targets/mscs,post,{},False,,Not individually executed
CONTROL-01294,templates/pages/todos/index.html,14,link,a,{{ todos.0.action_label }}→,,,,{{ todos.0.action_url }},,,{},False,,Not individually executed
CONTROL-01295,templates/pages/todos/index.html,46,button,button,All Categories,,,,,,,"{""@click"": ""cat='all'""}",False,,Not individually executed
CONTROL-01296,templates/pages/todos/index.html,48,button,button,{{ name }} {{ count }},,,,,,,"{""@click"": ""cat='{{ name }}'""}",False,,Not individually executed
CONTROL-01297,templates/pages/todos/index.html,52,button,button,All,,,,,,,"{""@click"": ""prio='all'""}",False,,Not individually executed
CONTROL-01298,templates/pages/todos/index.html,53,button,button,Critical,,,,,,,"{""@click"": ""prio='critical'""}",False,,Not individually executed
CONTROL-01299,templates/pages/todos/index.html,54,button,button,High,,,,,,,"{""@click"": ""prio='high'""}",False,,Not individually executed
CONTROL-01300,templates/pages/todos/index.html,55,button,button,Medium,,,,,,,"{""@click"": ""prio='medium'""}",False,,Not individually executed
CONTROL-01301,templates/pages/todos/index.html,56,button,button,Low,,,,,,,"{""@click"": ""prio='low'""}",False,,Not individually executed
CONTROL-01302,templates/pages/trainings/index.html,17,link,a,Schedule,,,,/planning/schedule?action=training,,,{},False,,Not individually executed
CONTROL-01303,templates/pages/trainings/index.html,27,field,select,Status,,status,,,/trainings,get,{},False,,Not individually executed
CONTROL-01304,templates/pages/trainings/index.html,32,button,button,Filter,,,submit,,/trainings,get,{},False,,Not individually executed
CONTROL-01305,templates/pages/trainings/index.html,59,link,a,{{ t.cluster.name }},,,,/clusters/{{ t.cluster.id }},,,{},False,,Not individually executed
CONTROL-01306,templates/pages/trainings/index.html,78,link,a,View →,,,,/my-plan/{{ t.id }},,,{},False,,Not individually executed
CONTROL-01307,templates/pages/trainings/index.html,91,link,a,Schedule,,,,/planning/schedule?action=training,,,{},False,,Not individually executed
CONTROL-01308,templates/pages/visits/index.html,17,link,a,Schedule,,,,/planning/schedule?action=visit,,,{},False,,Not individually executed
CONTROL-01309,templates/pages/visits/index.html,27,field,select,Status,,status,,,/visits,get,{},False,,Not individually executed
CONTROL-01310,templates/pages/visits/index.html,34,button,button,Filter,,,submit,,/visits,get,{},False,,Not individually executed
CONTROL-01311,templates/pages/visits/index.html,59,link,a,{{ v.cluster.name }},,,,/clusters/{{ v.cluster.id }},,,{},False,,Not individually executed
CONTROL-01312,templates/pages/visits/index.html,84,link,a,View →,,,,/my-plan/{{ v.id }},,,{},False,,Not individually executed
CONTROL-01313,templates/pages/visits/index.html,97,link,a,Schedule,,,,/planning/schedule?action=visit,,,{},False,,Not individually executed
CONTROL-01314,templates/pages/work_plan/index.html,19,link,a,Export Excel,,,,/work-plan/export.xlsx?{{ request.GET.urlencode }},,,{},False,,Not individually executed
CONTROL-01315,templates/pages/work_plan/index.html,26,button,button,Add Non-School Activity,,,button,/work-plan/add,,,"{""hx-get"": ""/work-plan/add"", ""hx-target"": ""#drawer-container"", ""hx-swap"": ""innerHTML""}",False,,Not individually executed
CONTROL-01316,templates/pages/work_plan/index.html,41,link,a,{{ tab.label }},,,,{{ tab.url }},,,{},False,,Not individually executed
CONTROL-01317,templates/pages/work_plan/index.html,74,button,button,Resolve the readiness issues first,,,submit,,/work-plan/submit-to-rvp,post,{},True,,Not individually executed
CONTROL-01318,templates/pages/work_plan/index.html,84,field,input,Reason for returning this Work Plan,,note,,,/work-plan/rvp-decision,post,{},False,,Not individually executed
CONTROL-01319,templates/pages/work_plan/index.html,87,button,button,Return,,action,submit,,/work-plan/rvp-decision,post,{},False,,Not individually executed
CONTROL-01320,templates/pages/work_plan/index.html,88,button,button,Approve & lock,,action,submit,,/work-plan/rvp-decision,post,{},False,,Not individually executed
CONTROL-01321,templates/pages/work_plan/index.html,107,link,a,{{ tab.label }},,,,{{ tab.url }},,,{},False,,Not individually executed
CONTROL-01322,templates/pages/work_plan/index.html,120,field,select,FY {{ option }},,fy,,,/work-plan,get,{},False,,Not individually executed
CONTROL-01323,templates/pages/work_plan/index.html,127,field,select,{{ m.label }} {{ q }},,period,,,/work-plan,get,{},False,,Not individually executed
CONTROL-01324,templates/pages/work_plan/index.html,138,field,select,All active statuses {{ label }},,status,,,/work-plan,get,{},False,,Not individually executed
CONTROL-01325,templates/pages/work_plan/index.html,144,button,button,Apply,,,submit,,/work-plan,get,{},False,,Not individually executed
CONTROL-01326,templates/pages/work_plan/index.html,146,link,a,Clear filters,,,,{{ clear_filters_url }},/work-plan,get,{},False,,Not individually executed
CONTROL-01327,templates/pages/work_plan/index.html,156,disclosure,summary,More filters,,,,,/work-plan,get,{},False,,Not individually executed
CONTROL-01328,templates/pages/work_plan/index.html,162,field,select,All staff {{ rname }},,responsible,,,/work-plan,get,{},False,,Not individually executed
CONTROL-01329,templates/pages/work_plan/index.html,168,field,select,All projects {{ p.name }},,project,,,/work-plan,get,{},False,,Not individually executed
CONTROL-01330,templates/pages/work_plan/index.html,174,field,select,All types {{ label }},,activity_type,,,/work-plan,get,{},False,,Not individually executed
CONTROL-01331,templates/pages/work_plan/index.html,180,field,select,Staff and partners {{ label }},,executor,,,/work-plan,get,{},False,,Not individually executed
CONTROL-01332,templates/pages/work_plan/index.html,185,button,button,Apply filters,,,submit,,/work-plan,get,{},False,,Not individually executed
CONTROL-01333,templates/pages/work_plan/index.html,196,link,a,Show all,,,,{{ clear_flag_url }},,,{},False,,Not individually executed
CONTROL-01334,templates/pages/work_plan/index.html,210,link,a,{{ g.label }}: {{ g.count }} activities,,,,{{ g.url }},,,{},False,,Not individually executed
CONTROL-01335,templates/pages/work_plan/index.html,242,link,a,Back to Summary,,,,#work-plan-summary,,,{},False,,Not individually executed
CONTROL-01336,templates/partials/_back_link.html,19,link,a,Back to {{ back_label }},,,,{{ back_href }},,,{},False,,Not individually executed
CONTROL-01337,templates/partials/_section_nav.html,29,link,a,Open {{ group.label }},,,,{{ group.url }},,,{},False,,Not individually executed
CONTROL-01338,templates/partials/_section_nav.html,44,button,button,{{ workspace.active_group_detail.active_section.label }},,,button,,,,"{""@click"": ""open = !open""}",False,,Not individually executed
CONTROL-01339,templates/partials/_section_nav.html,61,link,a,{{ section.description }},,,,{{ section.url }},,,{},False,,Not individually executed
CONTROL-01340,templates/partials/_section_nav.html,87,link,a,{{ section.description }},,,,{{ section.url }},,,{},False,,Not individually executed
CONTROL-01341,templates/partials/actions/table.html,24,link,a,{{ label }} {{ counts.open }} {{ counts.overdue }} {{ counts.resolved }} {{ counts.total }},,,,?tab={{ key }},,,"{""hx-get"": ""?tab={{ key }}"", ""hx-target"": ""#actions-workspace"", ""hx-swap"": ""innerHTML"", ""hx-push-url"": ""true""}",False,,Not individually executed
CONTROL-01342,templates/partials/actions/table.html,57,link,a,,,,,/schools/{{ r.school_pk }},,,{},False,,Not individually executed
CONTROL-01343,templates/partials/actions/table.html,108,link,a,Open the work for {{ r.school }},,,,{{ r.route }},,,{},False,,Not individually executed
CONTROL-01344,templates/partials/actions/table.html,111,button,button,Escalate {{ r.school }} to your supervisor,,,button,/actions/{{ r.id }}/escalate?tab={{ tab }},,,"{""hx-post"": ""/actions/{{ r.id }}/escalate?tab={{ tab }}"", ""hx-target"": ""#actions-workspace"", ""hx-swap"": ""innerHTML""}",False,,Not individually executed
CONTROL-01345,templates/partials/actions/table.html,119,button,button,Acknowledge {{ r.school }},,,button,/actions/{{ r.id }}/acknowledge?tab={{ tab }},,,"{""hx-post"": ""/actions/{{ r.id }}/acknowledge?tab={{ tab }}"", ""hx-target"": ""#actions-workspace"", ""hx-swap"": ""innerHTML""}",False,,Not individually executed
CONTROL-01346,templates/partials/actions/table.html,127,link,a,View {{ r.school }},,,,/schools/{{ r.school_pk }},,,{},False,,Not individually executed
CONTROL-01347,templates/partials/analytics/cd/body.html,23,disclosure,summary,"Performance driversTarget delivery, SSA, Program Leads and district signals",,,,,,,{},False,,Not individually executed
CONTROL-01348,templates/partials/analytics/cd/body.html,40,disclosure,summary,"Impact and delivery networkVerified impact, partner delivery, clusters and regional context",,,,,,,{},False,,Not individually executed
CONTROL-01349,templates/partials/analytics/cd/body.html,57,disclosure,summary,People and portfolio oversightPL accountability and CCEO execution detail,,,,,,,{},False,,Not individually executed
CONTROL-01350,templates/partials/analytics/cd/body.html,72,disclosure,summary,Finance and reporting evidenceBudget execution and the financial context behind delivery,,,,,,,{},False,,Not individually executed
CONTROL-01351,templates/partials/analytics/cd/budget_finance.html,13,link,a,Review →,,,,/analytics/country-director/drilldown?drill=budget&fy={{ fy }},,,"{""hx-get"": ""/analytics/country-director/drilldown?drill=budget&fy={{ fy }}"", ""hx-target"": ""#drawer-container"", ""hx-swap"": ""innerHTML""}",False,,Not individually executed
CONTROL-01352,templates/partials/analytics/cd/district_heatmap.html,21,button,button,{{ lbl }},,,button,/analytics/country-director/ssa-heatmap?level={{ lvl }}&fy={{ fy }}&quarter={{ quarter }}&month={{ month }},,,"{""hx-get"": ""/analytics/country-director/ssa-heatmap?level={{ lvl }}&fy={{ fy }}&quarter={{ quarter }}&month={{ month }}"", ""hx-target"": ""#cd-ssa-heatmap"", ""hx-swap"": ""outerHTML""}",False,,Not individually executed
CONTROL-01353,templates/partials/analytics/cd/drilldown.html,170,link,a,{{ a.label }},,,,{{ a.href }},,,{},False,,Not individually executed
CONTROL-01354,templates/partials/analytics/cd/operational_risk.html,9,link,a,{{ c.label }} {{ c.aging }} {{ c.count|intcomma }},,,,/analytics/country-director/drilldown{{ c.link }}&fy={{ fy }},,,"{""hx-get"": ""/analytics/country-director/drilldown{{ c.link }}&fy={{ fy }}"", ""hx-target"": ""#drawer-container"", ""hx-swap"": ""innerHTML""}",False,,Not individually executed
CONTROL-01355,templates/partials/analytics/cd/recommended_actions.html,9,link,a,{{ a.issue }} Owner: {{ a.owner }} {{ a.count|intcomma }},,,,/analytics/country-director/drilldown{{ a.link }}&fy={{ fy }},,,"{""hx-get"": ""/analytics/country-director/drilldown{{ a.link }}&fy={{ fy }}"", ""hx-target"": ""#drawer-container"", ""hx-swap"": ""innerHTML""}",False,,Not individually executed
CONTROL-01356,templates/partials/analytics/cd/ssa_interventions.html,15,link,a,{{ r.label }} ({{ r.code }}) {{ r.score|floatformat:1 }} — ▲ ▼ {{ r.delta }} —,,,,/analytics/country-director/drilldown?drill=ssa&intervention={{ r.value }}&fy={{ fy }},,,"{""hx-get"": ""/analytics/country-director/drilldown?drill=ssa&intervention={{ r.value }}&fy={{ fy }}"", ""hx-target"": ""#drawer-container"", ""hx-swap"": ""innerHTML""}",False,,Not individually executed
CONTROL-01357,templates/partials/analytics/closure_quality_workspace.html,129,link,a,View,,,,/schools/{{ row.school.school_id }},,,{},False,,Not individually executed
CONTROL-01358,templates/partials/analytics/closure_quality_workspace.html,155,link,a,View school,,,,/schools/{{ row.school.school_id }},,,{},False,,Not individually executed
CONTROL-01359,templates/partials/analytics/closure_quality_workspace.html,238,link,a,,,,,/schools/{{ row.school.school_id }},,,{},False,,Not individually executed
CONTROL-01360,templates/partials/analytics/customize_dashboard_drawer.html,21,field,input,targets,,visible_cards,checkbox,,/analytics/customize-dashboard,post,{},False,,Not individually executed
CONTROL-01361,templates/partials/analytics/customize_dashboard_drawer.html,22,field,input,training,,visible_cards,checkbox,,/analytics/customize-dashboard,post,{},False,,Not individually executed
CONTROL-01362,templates/partials/analytics/customize_dashboard_drawer.html,23,field,input,reach,,visible_cards,checkbox,,/analytics/customize-dashboard,post,{},False,,Not individually executed
CONTROL-01363,templates/partials/analytics/customize_dashboard_drawer.html,24,field,input,ssa,,visible_cards,checkbox,,/analytics/customize-dashboard,post,{},False,,Not individually executed
CONTROL-01364,templates/partials/analytics/customize_dashboard_drawer.html,31,field,input,grid,,layout,radio,,/analytics/customize-dashboard,post,{},False,,Not individually executed
CONTROL-01365,templates/partials/analytics/customize_dashboard_drawer.html,32,field,input,compact,,layout,radio,,/analytics/customize-dashboard,post,{},False,,Not individually executed
CONTROL-01366,templates/partials/analytics/customize_dashboard_drawer.html,37,button,button,Cancel,,,button,,/analytics/customize-dashboard,post,"{""@click"": ""$dispatch('close-drawer')""}",False,,Not individually executed
CONTROL-01367,templates/partials/analytics/customize_dashboard_drawer.html,38,button,button,Save preferences,,,submit,,/analytics/customize-dashboard,post,{},False,,Not individually executed
CONTROL-01368,templates/partials/analytics/drilldown_drawer.html,55,button,button,Close Details,,,button,,,,"{""@click"": ""$dispatch('close-drawer')""}",False,,Not individually executed
CONTROL-01369,templates/partials/analytics/executive_pulse.html,12,disclosure,summary,View {{ additional_kpi_items|length }} additional metric{{ additional_kpi_items|length|pluralize }} ⌄,,,,,,,{},False,,Not individually executed
CONTROL-01370,templates/partials/analytics/filters.html,14,field,select,Fiscal year,,fy,,,{{ request.path }},get,{},False,,Not individually executed
CONTROL-01371,templates/partials/analytics/filters.html,22,field,select,Quarter,,quarter,,,{{ request.path }},get,{},False,,Not individually executed
CONTROL-01372,templates/partials/analytics/filters.html,33,field,select,Sub-Region,,sub_region,,,{{ request.path }},get,{},False,,Not individually executed
CONTROL-01373,templates/partials/analytics/filters.html,43,disclosure,summary,More filters 7,,,,,{{ request.path }},get,{},False,,Not individually executed
CONTROL-01374,templates/partials/analytics/filters.html,51,field,select,District,,district,,,{{ request.path }},get,{},False,,Not individually executed
CONTROL-01375,templates/partials/analytics/filters.html,59,field,select,Sub-County,,sub_county,,,{{ request.path }},get,{},False,,Not individually executed
CONTROL-01376,templates/partials/analytics/filters.html,67,field,select,Cluster,,cluster,,,{{ request.path }},get,{},False,,Not individually executed
CONTROL-01377,templates/partials/analytics/filters.html,75,field,select,Staff,,staff,,,{{ request.path }},get,{},False,,Not individually executed
CONTROL-01378,templates/partials/analytics/filters.html,83,field,select,Partner,,partner,,,{{ request.path }},get,{},False,,Not individually executed
CONTROL-01379,templates/partials/analytics/filters.html,91,field,select,School type,,school_type,,,{{ request.path }},get,{},False,,Not individually executed
CONTROL-01380,templates/partials/analytics/filters.html,101,field,select,Activity type,,activity_type,,,{{ request.path }},get,{},False,,Not individually executed
CONTROL-01381,templates/partials/analytics/filters.html,112,link,a,Clear,,,,/analytics,{{ request.path }},get,{},False,,Not individually executed
CONTROL-01382,templates/partials/analytics/impact_workspace.html,15,field,select,{{ option.label }},ia-fy,fy,,,/impact,get,{},False,,Not individually executed
CONTROL-01383,templates/partials/analytics/impact_workspace.html,23,field,select,{{ option.label }},ia-group-by,group_by,,,/impact,get,{},False,,Not individually executed
CONTROL-01384,templates/partials/analytics/impact_workspace.html,30,link,a,Reset Impact Analytics filters,,,,/impact,/impact,get,{},False,,Not individually executed
CONTROL-01385,templates/partials/analytics/impact_workspace.html,40,button,button,Apply filters,,,submit,,/impact,get,{},False,,Not individually executed
CONTROL-01386,templates/partials/analytics/impact_workspace.html,182,link,a,Previous,,,,/impact?fy={{ dashboard.filters.fy }}&group_by={{ dashboard.filters.group_by }}&group_page={{ dashboard.grouped_driver_pagination.previous_page }},,,"{""hx-get"": ""/impact?fy={{ dashboard.filters.fy }}&group_by={{ dashboard.filters.group_by }}&group_page={{ dashboard.grouped_driver_pagination.previous_page }}"", ""hx-target"": ""#impact-workspace"", ""hx-swap"": ""outerHTML"", ""hx-push-url"": ""true""}",False,,Not individually executed
CONTROL-01387,templates/partials/analytics/impact_workspace.html,189,link,a,Next,,,,/impact?fy={{ dashboard.filters.fy }}&group_by={{ dashboard.filters.group_by }}&group_page={{ dashboard.grouped_driver_pagination.next_page }},,,"{""hx-get"": ""/impact?fy={{ dashboard.filters.fy }}&group_by={{ dashboard.filters.group_by }}&group_page={{ dashboard.grouped_driver_pagination.next_page }}"", ""hx-target"": ""#impact-workspace"", ""hx-swap"": ""outerHTML"", ""hx-push-url"": ""true""}",False,,Not individually executed
CONTROL-01388,templates/partials/analytics/impact_workspace.html,411,disclosure,summary,"Methodology and limitationsHow the cohorts, comparisons and confidence statements are computed",,,,,,,{},False,,Not individually executed
CONTROL-01389,templates/partials/analytics/kpi_cards.html,38,disclosure,summary,"Delivery and reporting evidence Activity, staff, partner, SSA, impact, and donor detail ⌄",,,,,,,{},False,,Not individually executed
CONTROL-01390,templates/partials/analytics/panels/cd_overview.html,23,link,a,{{ label }},,,,/analytics/country-director/export?set={{ key }}&fy={{ fy }}                &quarter={{ quarter }}                         &month={{ month }}           ,,,{},False,,Not individually executed
CONTROL-01391,templates/partials/analytics/panels/cd_overview.html,37,field,select,Fiscal year,,fy,,,/analytics/country-director,get,{},False,,Not individually executed
CONTROL-01392,templates/partials/analytics/panels/cd_overview.html,43,field,select,Quarter,,quarter,,,/analytics/country-director,get,{},False,,Not individually executed
CONTROL-01393,templates/partials/analytics/panels/cd_overview.html,50,field,select,Month,,month,,,/analytics/country-director,get,{},False,,Not individually executed
CONTROL-01394,templates/partials/analytics/panels/cd_overview.html,57,field,select,PL,,pl,,,/analytics/country-director,get,{},False,,Not individually executed
CONTROL-01395,templates/partials/analytics/panels/cd_overview.html,64,field,select,Region,,region,,,/analytics/country-director,get,{},False,,Not individually executed
CONTROL-01396,templates/partials/analytics/panels/cd_overview.html,71,field,select,District,,district,,,/analytics/country-director,get,{},False,,Not individually executed
CONTROL-01397,templates/partials/analytics/panels/cd_overview.html,78,field,select,Partner,,partner,,,/analytics/country-director,get,{},False,,Not individually executed
CONTROL-01398,templates/partials/analytics/panels/cd_overview.html,85,field,select,Cluster,,cluster,,,/analytics/country-director,get,{},False,,Not individually executed
CONTROL-01399,templates/partials/analytics/panels/cd_overview.html,92,field,select,Activity type,,activity_type,,,/analytics/country-director,get,{},False,,Not individually executed
CONTROL-01400,templates/partials/analytics/panels/cd_overview.html,101,link,a,Reset Filters,,,,/analytics/country-director,/analytics/country-director,get,"{""hx-get"": ""/analytics/country-director"", ""hx-target"": ""#analytics-scope"", ""hx-swap"": ""innerHTML"", ""hx-push-url"": ""true""}",False,,Not individually executed
CONTROL-01401,templates/partials/analytics/panels/closure_impact.html,28,field,select,Period,,period,,,/analytics/school-closures,get,{},False,,Not individually executed
CONTROL-01402,templates/partials/analytics/panels/closure_impact.html,35,field,select,Group by,,by,,,/analytics/school-closures,get,{},False,,Not individually executed
CONTROL-01403,templates/partials/analytics/panels/closure_quality.html,24,field,select,Period,,period,,,/analytics/closure-quality,get,{},False,,Not individually executed
CONTROL-01404,templates/partials/analytics/panels/completed_work.html,63,link,a,View Record,,,,/completed-activities/{{ act.id }}/,,,{},False,,Not individually executed
CONTROL-01405,templates/partials/analytics/panels/core_school_health.html,24,field,select,FY {{ option }},fy-select,fy,,,,GET,"{""@change"": ""$el.form.requestSubmit()""}",False,,Not individually executed
CONTROL-01406,templates/partials/analytics/panels/decision_intelligence.html,17,field,select,FY {{ option }},fy-select,fy,,,,GET,"{""@change"": ""$el.form.requestSubmit()""}",False,,Not individually executed
CONTROL-01407,templates/partials/analytics/panels/decision_intelligence.html,27,button,button,Rescan FY {{ fy }},,,submit,,,POST,{},False,,Not individually executed
CONTROL-01408,templates/partials/analytics/panels/decision_log.html,20,field,select,Last {{ option }} days,days-select,days,,,,GET,"{""@change"": ""$el.form.requestSubmit()""}",False,,Not individually executed
CONTROL-01409,templates/partials/analytics/panels/decision_log.html,26,link,a,All,,,,?days={{ log.days }},,,{},False,,Not individually executed
CONTROL-01410,templates/partials/analytics/panels/decision_log.html,28,link,a,{{ g }},,,,?group={{ g }}&days={{ log.days }},,,{},False,,Not individually executed
CONTROL-01411,templates/partials/analytics/panels/declining_schools.html,30,field,select,FY {{ option }},fy-select,fy,,,,GET,"{""@change"": ""$el.form.requestSubmit()""}",False,,Not individually executed
CONTROL-01412,templates/partials/analytics/panels/declining_schools.html,116,link,a,,,,,/schools/{{ s.schoolId }},,,{},False,,Not individually executed
CONTROL-01413,templates/partials/analytics/panels/pl_overview.html,18,link,a,Review At-Risk Schools,,,,/analytics/program-lead/drilldown?drill=risk&fy={{ fy }}                &quarter={{ quarter }}           ,,,"{""hx-get"": ""/analytics/program-lead/drilldown?drill=risk&fy={{ fy }}                &quarter={{ quarter }}           "", ""hx-target"": ""#drawer-container"", ""hx-swap"": ""innerHTML""}",False,,Not individually executed
CONTROL-01414,templates/partials/analytics/panels/pl_overview.html,35,field,select,Fiscal year,,fy,,,/analytics/program-lead,get,{},False,,Not individually executed
CONTROL-01415,templates/partials/analytics/panels/pl_overview.html,41,field,select,Quarter,,quarter,,,/analytics/program-lead,get,{},False,,Not individually executed
CONTROL-01416,templates/partials/analytics/panels/pl_overview.html,48,field,select,District,,district,,,/analytics/program-lead,get,{},False,,Not individually executed
CONTROL-01417,templates/partials/analytics/panels/pl_overview.html,55,field,select,Cluster,,cluster,,,/analytics/program-lead,get,{},False,,Not individually executed
CONTROL-01418,templates/partials/analytics/panels/pl_overview.html,62,field,select,CCEO,,cceo,,,/analytics/program-lead,get,{},False,,Not individually executed
CONTROL-01419,templates/partials/analytics/panels/pl_overview.html,69,field,select,Partner,,partner,,,/analytics/program-lead,get,{},False,,Not individually executed
CONTROL-01420,templates/partials/analytics/panels/pl_overview.html,76,field,select,School type,,school_type,,,/analytics/program-lead,get,{},False,,Not individually executed
CONTROL-01421,templates/partials/analytics/panels/pl_overview.html,83,field,select,Activity type,,activity_type,,,/analytics/program-lead,get,{},False,,Not individually executed
CONTROL-01422,templates/partials/analytics/panels/pl_overview.html,88,link,a,Reset Filters,,,,/analytics/program-lead,/analytics/program-lead,get,"{""hx-get"": ""/analytics/program-lead"", ""hx-target"": ""#analytics-scope"", ""hx-swap"": ""innerHTML"", ""hx-push-url"": ""true""}",False,,Not individually executed
CONTROL-01423,templates/partials/analytics/panels/reports.html,10,field,select,FY {{ opt }},reports-fiscal-year,fy,,,,get,"{""@change"": ""$el.form.requestSubmit()""}",False,,Not individually executed
CONTROL-01424,templates/partials/analytics/panels/reports.html,77,disclosure,summary,"Performance insightsTrend, target health and management priorities",,,,,,,{},False,,Not individually executed
CONTROL-01425,templates/partials/analytics/panels/ssa_performance.html,10,link,a,Add SSA Score,,,,/ssa/manual/,,,{},False,,Not individually executed
CONTROL-01426,templates/partials/analytics/panels/ssa_performance.html,11,link,a,Upload Center,,,,/uploads,,,{},False,,Not individually executed
CONTROL-01427,templates/partials/analytics/panels/visit_effectiveness.html,19,field,select,School type,,school_type,,,/analytics/visit-effectiveness,get,"{""hx-trigger"": ""change""}",False,,Not individually executed
CONTROL-01428,templates/partials/analytics/pl/body.html,23,disclosure,summary,"Performance driversTeam, intervention, district and cluster comparisons",,,,,,,{},False,,Not individually executed
CONTROL-01429,templates/partials/analytics/pl/body.html,40,disclosure,summary,"Impact and field executionSchool movement, CCEO delivery, activity volume and service coverage",,,,,,,{},False,,Not individually executed
CONTROL-01430,templates/partials/analytics/pl/body.html,65,disclosure,summary,Reporting evidenceDonor-ready summary derived from the same scoped records,,,,,,,{},False,,Not individually executed
CONTROL-01431,templates/partials/analytics/pl/insights.html,15,button,button,View,,,button,/analytics/program-lead/drilldown{{ i.link }}&fy={{ fy }}                &quarter={{ quarter }}           ,,,"{""hx-get"": ""/analytics/program-lead/drilldown{{ i.link }}&fy={{ fy }}                &quarter={{ quarter }}           "", ""hx-target"": ""#drawer-container"", ""hx-swap"": ""innerHTML""}",False,,Not individually executed
CONTROL-01432,templates/partials/analytics/pl/insights.html,31,button,button,{{ insights.cta }},,,button,/analytics/program-lead/drilldown{{ insights.cta_link }}&fy={{ fy }}                &quarter={{ quarter }}           ,,,"{""hx-get"": ""/analytics/program-lead/drilldown{{ insights.cta_link }}&fy={{ fy }}                &quarter={{ quarter }}           "", ""hx-target"": ""#drawer-container"", ""hx-swap"": ""innerHTML""}",False,,Not individually executed
CONTROL-01433,templates/partials/analytics/pl/risk_list.html,9,button,button,View full risk list →,,,button,/analytics/program-lead/drilldown?drill=risk&fy={{ fy }}                &quarter={{ quarter }}           ,,,"{""hx-get"": ""/analytics/program-lead/drilldown?drill=risk&fy={{ fy }}                &quarter={{ quarter }}           "", ""hx-target"": ""#drawer-container"", ""hx-swap"": ""innerHTML""}",False,,Not individually executed
CONTROL-01434,templates/partials/analytics/recommended_insights.html,14,link,a,{{ insight.label }} {{ insight.count }} {{ insight.description }},,,,/analytics/drilldown?metric={{ insight.key }}&fy={{ filters.selected_fy }}                                 &quarter={{ filters.selected_quarter }}           ,,,"{""hx-get"": ""/analytics/drilldown?metric={{ insight.key }}&fy={{ filters.selected_fy }}                                 &quarter={{ filters.selected_quarter }}           "", ""hx-target"": ""#drawer-container"", ""hx-swap"": ""innerHTML""}",False,,Not individually executed
CONTROL-01435,templates/partials/analytics/recommended_insights.html,68,link,a,View Action Plan,,,,/planning,,,{},False,,Not individually executed
CONTROL-01436,templates/partials/analytics/regional_performance.html,54,button,button,· Esc,,,button,,,,"{""@click"": ""back()""}",False,,Not individually executed
CONTROL-01437,templates/partials/analytics/regional_performance.html,84,button,button,Try again,,,button,,,,"{""@click"": ""load()""}",False,,Not individually executed
CONTROL-01438,templates/partials/analytics/regional_performance.html,102,button,button,Retry,,,button,,,,"{""@click.stop"": ""retrySubcounties()""}",False,,Not individually executed
CONTROL-01439,templates/partials/analytics/regional_performance.html,205,button,button,,,,button,,,,"{""@click.stop"": ""toggleSchoolType(type.key)""}",False,No static label; check rendered accessible name,Not individually executed
CONTROL-01440,templates/partials/analytics/regional_performance.html,307,disclosure,summary,About SSA ·,,,,,,,{},False,,Not individually executed
CONTROL-01441,templates/partials/analytics/schedule_report_drawer.html,27,field,input,targets,,categories,checkbox,,/analytics/schedule-report,post,{},False,,Not individually executed
CONTROL-01442,templates/partials/analytics/schedule_report_drawer.html,28,field,input,training,,categories,checkbox,,/analytics/schedule-report,post,{},False,,Not individually executed
CONTROL-01443,templates/partials/analytics/schedule_report_drawer.html,29,field,input,reach,,categories,checkbox,,/analytics/schedule-report,post,{},False,,Not individually executed
CONTROL-01444,templates/partials/analytics/schedule_report_drawer.html,30,field,input,ssa,,categories,checkbox,,/analytics/schedule-report,post,{},False,,Not individually executed
CONTROL-01445,templates/partials/analytics/schedule_report_drawer.html,41,button,button,Cancel,,,button,,/analytics/schedule-report,post,"{""@click"": ""$dispatch('close-drawer')""}",False,,Not individually executed
CONTROL-01446,templates/partials/analytics/schedule_report_drawer.html,42,button,button,Send to Inbox,,,submit,,/analytics/schedule-report,post,{},False,,Not individually executed
CONTROL-01447,templates/partials/analytics/scope.html,22,disclosure,summary,"Analytics filters Change period, geography, or programme scope ⌄",,,,,,,{},False,,Not individually executed
CONTROL-01448,templates/partials/analytics/tab_rail.html,25,tab,a,{{ section.description }},analytics-tab-{{ section.key }},,,{{ section.url }},,,"{""hx-get"": ""{{ section.url }}"", ""hx-target"": ""#analytics-scope"", ""hx-swap"": ""innerHTML"", ""hx-push-url"": ""true"", ""hx-indicator"": ""#analytics-panel-updating""}",False,,Not individually executed
CONTROL-01449,templates/partials/analytics/target_by_district.html,19,link,a,View reports,,,,/reports,,,{},False,,Not individually executed
CONTROL-01450,templates/partials/analytics/target_by_district.html,24,button,button,All sub-regions {{ target_by_district_summary.districts|default:0 }},,,button,,,,"{""@click"": ""filter = 'all'""}",False,,Not individually executed
CONTROL-01451,templates/partials/analytics/target_by_district.html,27,button,button,Needs attention {{ target_by_district_summary.attention|default:0 }},,,button,,,,"{""@click"": ""filter = 'attention'""}",False,,Not individually executed
CONTROL-01452,templates/partials/analytics/target_by_district.html,30,button,button,Critical {{ target_by_district_summary.critical|default:0 }},,,button,,,,"{""@click"": ""filter = 'critical'""}",False,,Not individually executed
CONTROL-01453,templates/partials/analytics/target_by_district.html,46,disclosure,summary,{{ group.name }} {{ group.region }} · {{ group.districts|length }} district{{ group.districts|length|pluralize }} {{ group.critical_count }} critical {{ group.watch_count }} watch {{ group.pct }}% delivered No activity plan,,,,,,,{},False,,Not individually executed
CONTROL-01454,templates/partials/analytics/target_by_district.html,91,button,button,,,,button,,,,"{""@click"": ""expanded = !expanded""}",False,No static label; check rendered accessible name,Not individually executed
CONTROL-01455,templates/partials/analytics/visit_effectiveness_workspace.html,199,disclosure,summary,"Methodology and limitationsComparison cohorts, exclusions and interpretation rules",,,,,,,{},False,,Not individually executed
CONTROL-01456,templates/partials/analytics/visit_effectiveness_workspace.html,226,link,a,,,,,/schools/{{ item.school_id }},,,{},False,,Not individually executed
CONTROL-01457,templates/partials/business_transformation/loan_drawer.html,3,button,button,Close loan details,,,button,,,,"{""@click"": ""open = false; document.getElementById('drawer-container').innerHTML = ''""}",False,,Not individually executed
CONTROL-01458,templates/partials/business_transformation/loan_drawer.html,15,button,button,Close,,,button,,,,"{""@click"": ""open = false; document.getElementById('drawer-container').innerHTML = ''""}",False,,Not individually executed
CONTROL-01459,templates/partials/business_transformation/loan_drawer.html,40,field,input,Loan-19650,salesforce-loan-{{ loan.id }},salesforceLoanId,text,,/loans/{{ loan.id }}/salesforce-confirmation,post,{},False,,Not individually executed
CONTROL-01460,templates/partials/business_transformation/loan_drawer.html,43,button,button,Confirm & Complete,,,submit,,/loans/{{ loan.id }}/salesforce-confirmation,post,{},False,,Not individually executed
CONTROL-01461,templates/partials/business_transformation/loan_drawer.html,51,field,input,verified,,decision,radio,,/loans/{{ loan.id }}/ia-validation,post,{},False,,Not individually executed
CONTROL-01462,templates/partials/business_transformation/loan_drawer.html,52,field,input,returned,,decision,radio,,/loans/{{ loan.id }}/ia-validation,post,{},False,,Not individually executed
CONTROL-01463,templates/partials/business_transformation/loan_drawer.html,55,field,textarea,,ia-reason-{{ loan.id }},reason,,,/loans/{{ loan.id }}/ia-validation,post,{},False,,Not individually executed
CONTROL-01464,templates/partials/business_transformation/loan_drawer.html,56,button,button,Submit IA Decision,,,submit,,/loans/{{ loan.id }}/ia-validation,post,{},False,,Not individually executed
CONTROL-01465,templates/partials/business_transformation/portfolio.html,16,link,a,,,,,                                                                 ,,,{},False,,Not individually executed
CONTROL-01466,templates/partials/business_transformation/portfolio.html,44,link,a,,,,,                                                        ,,,{},False,,Not individually executed
CONTROL-01467,templates/partials/business_transformation/school_portfolio_filters.html,17,field,input,{{ fy }},bt-portfolio-fy,fy,,,{{ endpoint }},get,{},False,,Not individually executed
CONTROL-01468,templates/partials/business_transformation/school_portfolio_filters.html,18,field,select,All regions {{ region.name }},bt-portfolio-region,region,,,{{ endpoint }},get,{},False,,Not individually executed
CONTROL-01469,templates/partials/business_transformation/school_portfolio_filters.html,19,field,select,All districts {{ district.name }},bt-portfolio-district,district,,,{{ endpoint }},get,{},False,,Not individually executed
CONTROL-01470,templates/partials/business_transformation/school_portfolio_filters.html,20,field,select,All partners {{ partner.name }},bt-portfolio-partner,partner,,,{{ endpoint }},get,{},False,,Not individually executed
CONTROL-01471,templates/partials/business_transformation/school_portfolio_filters.html,21,field,select,All support statesPartner assignedSupport deliveredFollow-up overdue,bt-portfolio-support,support_status,,,{{ endpoint }},get,{},False,,Not individually executed
CONTROL-01472,templates/partials/business_transformation/school_portfolio_list.html,24,field,select,{{ size }},bt-rows-per-page,,,,,,"{""@change"": ""const s=document.getElementById('bt-portfolio-per-page');const p=document.getElementById('bt-portfolio-page');if(p)p.value='1';if(s){s.value=$event.target.value;s.dispatchEvent(new Event('change',{bubbles:true}))}""}",False,,Not individually executed
CONTROL-01473,templates/partials/business_transformation/school_portfolio_list.html,25,button,button,Prev,,,button,,,,"{""@click"": ""const p=document.getElementById('bt-portfolio-page');p.value='{{ page_obj.previous_page_number }}';p.dispatchEvent(new Event('change',{bubbles:true}))""}",False,,Not individually executed
CONTROL-01474,templates/partials/business_transformation/school_portfolio_list.html,26,button,button,Page {{ num }},,,button,,,,"{""@click"": ""const p=document.getElementById('bt-portfolio-page');p.value='{{ num }}';p.dispatchEvent(new Event('change',{bubbles:true}))""}",False,,Not individually executed
CONTROL-01475,templates/partials/business_transformation/school_portfolio_list.html,27,button,button,Next,,,button,,,,"{""@click"": ""const p=document.getElementById('bt-portfolio-page');p.value='{{ page_obj.next_page_number }}';p.dispatchEvent(new Event('change',{bubbles:true}))""}",False,,Not individually executed
CONTROL-01476,templates/partials/business_transformation/school_portfolio_row.html,4,button,button,,,,button,,,,"{""@click"": ""openSchoolId = openSchoolId === '{{ school.id }}' ? null : '{{ school.id }}'"", ""@keydown.escape.window"": ""openSchoolId = null""}",False,No static label; check rendered accessible name,Not individually executed
CONTROL-01477,templates/partials/business_transformation/school_portfolio_row.html,9,button,button,Plan support for {{ school.name }},,,button,/planning/schedule-modal?school_id={{ school.school_id }},,,"{""hx-get"": ""/planning/schedule-modal?school_id={{ school.school_id }}"", ""hx-target"": ""#drawer-container"", ""hx-swap"": ""innerHTML""}",False,,Not individually executed
CONTROL-01478,templates/partials/business_transformation/school_portfolio_row.html,9,link,a,Monitor support for {{ school.name }},,,,                                                   ,,,{},False,,Not individually executed
CONTROL-01479,templates/partials/business_transformation/school_portfolio_row.html,9,link,a,View support for {{ school.name }},,,,                                                   ,,,{},False,,Not individually executed
CONTROL-01480,templates/partials/business_transformation/workspace_nav.html,4,link,a,BT Overview,,,,/business-transformation/overview,,,{},False,,Not individually executed
CONTROL-01481,templates/partials/business_transformation/workspace_nav.html,6,link,a,Loans,,,,/loans,,,{},False,,Not individually executed
CONTROL-01482,templates/partials/business_transformation/workspace_nav.html,8,link,a,Business Accounting & Finance,,,,/business-transformation/business-accounting-finance,,,{},False,,Not individually executed
CONTROL-01483,templates/partials/business_transformation/workspace_nav.html,9,link,a,Government Requirements,,,,/business-transformation/government-requirements,,,{},False,,Not individually executed
CONTROL-01484,templates/partials/business_transformation/workspace_nav.html,10,link,a,Impact & Reports,,,,/business-transformation/impact-reports,,,{},False,,Not individually executed
CONTROL-01485,templates/partials/calendar/event.html,6,link,a,{{ event.tooltip }},,,,{{ event.href }},,,{},False,,Not individually executed
CONTROL-01486,templates/partials/catalogue/new_activity_drawer.html,25,field,input,e.g. OneTest Diagnostic Visit,,name,,,/settings/activity-catalogue/new,post,{},False,,Not individually executed
CONTROL-01487,templates/partials/catalogue/new_activity_drawer.html,31,field,input,{{ value }},,kind,radio,,/settings/activity-catalogue/new,post,{},False,,Not individually executed
CONTROL-01488,templates/partials/catalogue/new_activity_drawer.html,38,field,select,{{ label }},,activity_type,,,/settings/activity-catalogue/new,post,{},False,,Not individually executed
CONTROL-01489,templates/partials/catalogue/new_activity_drawer.html,44,field,select,{{ label }},,delivery_method,,,/settings/activity-catalogue/new,post,{},False,,Not individually executed
CONTROL-01490,templates/partials/catalogue/new_activity_drawer.html,50,field,select,{{ label }},,costing_profile,,,/settings/activity-catalogue/new,post,{},False,,Not individually executed
CONTROL-01491,templates/partials/catalogue/new_activity_drawer.html,56,field,select,None {{ label }},,intervention,,,/settings/activity-catalogue/new,post,{},False,,Not individually executed
CONTROL-01492,templates/partials/catalogue/new_activity_drawer.html,65,field,input,School staff,,target_audience,,,/settings/activity-catalogue/new,post,{},False,,Not individually executed
CONTROL-01493,templates/partials/catalogue/new_activity_drawer.html,70,field,input,1,,participant_counts,checkbox,,/settings/activity-catalogue/new,post,{},False,,Not individually executed
CONTROL-01494,templates/partials/catalogue/new_activity_drawer.html,71,field,input,1,,multi_day,checkbox,,/settings/activity-catalogue/new,post,{},False,,Not individually executed
CONTROL-01495,templates/partials/catalogue/new_activity_drawer.html,76,field,input,The reason is kept on the activity's record,,reason,,,/settings/activity-catalogue/new,post,{},False,,Not individually executed
CONTROL-01496,templates/partials/catalogue/new_activity_drawer.html,80,button,button,Cancel,,,button,,/settings/activity-catalogue/new,post,"{""@click"": ""requestClose()""}",False,,Not individually executed
CONTROL-01497,templates/partials/catalogue/new_activity_drawer.html,81,button,button,Add activity,,,submit,,/settings/activity-catalogue/new,post,{},False,,Not individually executed
CONTROL-01498,templates/partials/clusters/bulk_assign_drawer.html,56,field,input,Search schools by name or ID...,,,text,,,,{},False,,Not individually executed
CONTROL-01499,templates/partials/clusters/bulk_assign_drawer.html,67,field,input,,,,checkbox,,,,"{""@change"": ""toggleAll($event.target.checked)""}",False,,Not individually executed
CONTROL-01500,templates/partials/clusters/bulk_assign_drawer.html,99,field,input,{{ s.id }},,school_ids,checkbox,,/clusters/{{ cluster.id }}/bulk-assign-drawer,get,"{""@change"": ""updateMetrics()""}",False,,Not individually executed
CONTROL-01501,templates/partials/clusters/bulk_assign_drawer.html,157,button,button,Cancel,,,button,,/clusters/{{ cluster.id }}/bulk-assign-drawer,get,"{""@click"": ""$dispatch('close-drawer')""}",False,,Not individually executed
CONTROL-01502,templates/partials/clusters/bulk_assign_drawer.html,164,button,button,Assign Checked Schools,,,submit,,/clusters/{{ cluster.id }}/bulk-assign-drawer,get,{},False,,Not individually executed
CONTROL-01503,templates/partials/clusters/cluster_action_planner_drawer.html,43,field,select,Cluster ID,,cluster_id,,/clusters/planner-drawer,/clusters/schedule-activity,post,"{""hx-get"": ""/clusters/planner-drawer"", ""hx-target"": ""#drawer-container"", ""hx-swap"": ""innerHTML"", ""hx-include"": ""#action-planner-form""}",False,,Not individually executed
CONTROL-01504,templates/partials/clusters/cluster_action_planner_drawer.html,84,field,input,training,cluster-activity-training,activity_type,radio,/clusters/planner-drawer,/clusters/schedule-activity,post,"{""hx-get"": ""/clusters/planner-drawer"", ""hx-target"": ""#drawer-container"", ""hx-swap"": ""innerHTML"", ""hx-include"": ""#action-planner-form""}",False,,Not individually executed
CONTROL-01505,templates/partials/clusters/cluster_action_planner_drawer.html,98,field,input,meeting,cluster-activity-meeting,activity_type,radio,/clusters/planner-drawer,/clusters/schedule-activity,post,"{""hx-get"": ""/clusters/planner-drawer"", ""hx-target"": ""#drawer-container"", ""hx-swap"": ""innerHTML"", ""hx-include"": ""#action-planner-form""}",False,,Not individually executed
CONTROL-01506,templates/partials/clusters/cluster_action_planner_drawer.html,160,field,select,Select a training…,planner_training_activity,catalogue_item_id,,,/clusters/schedule-activity,post,{},False,,Not individually executed
CONTROL-01507,templates/partials/clusters/cluster_action_planner_drawer.html,187,field,input,Teachers per school,teachers_per_school,teachers_per_school,number,/clusters/cost-preview,/clusters/schedule-activity,post,"{""hx-get"": ""/clusters/cost-preview"", ""hx-target"": ""#planner-cost-preview-container"", ""hx-trigger"": ""input changed delay:250ms, change"", ""hx-include"": ""#action-planner-form""}",False,,Not individually executed
CONTROL-01508,templates/partials/clusters/cluster_action_planner_drawer.html,195,field,input,School leaders per school,leaders_per_school,leaders_per_school,number,/clusters/cost-preview,/clusters/schedule-activity,post,"{""hx-get"": ""/clusters/cost-preview"", ""hx-target"": ""#planner-cost-preview-container"", ""hx-trigger"": ""input changed delay:250ms, change"", ""hx-include"": ""#action-planner-form""}",False,,Not individually executed
CONTROL-01509,templates/partials/clusters/cluster_action_planner_drawer.html,203,field,input,Other participants per school,other_per_school,other_per_school,number,/clusters/cost-preview,/clusters/schedule-activity,post,"{""hx-get"": ""/clusters/cost-preview"", ""hx-target"": ""#planner-cost-preview-container"", ""hx-trigger"": ""input changed delay:250ms, change"", ""hx-include"": ""#action-planner-form""}",False,,Not individually executed
CONTROL-01510,templates/partials/clusters/cluster_action_planner_drawer.html,224,button,button,Select all,,,button,,/clusters/schedule-activity,post,"{""@click"": ""toggleAll()""}",False,,Not individually executed
CONTROL-01511,templates/partials/clusters/cluster_action_planner_drawer.html,232,field,input,{{ s.id }},,invited_school_ids,checkbox,/clusters/cost-preview,/clusters/schedule-activity,post,"{""@change"": ""syncInvited()"", ""hx-get"": ""/clusters/cost-preview"", ""hx-target"": ""#planner-cost-preview-container"", ""hx-trigger"": ""change"", ""hx-include"": ""#action-planner-form""}",False,,Not individually executed
CONTROL-01512,templates/partials/clusters/cluster_action_planner_drawer.html,288,field,input,Teachers per school,teachers_per_school,teachers_per_school,number,/clusters/cost-preview,/clusters/schedule-activity,post,"{""hx-get"": ""/clusters/cost-preview"", ""hx-target"": ""#planner-cost-preview-container"", ""hx-trigger"": ""input changed delay:250ms, change"", ""hx-include"": ""#action-planner-form""}",False,,Not individually executed
CONTROL-01513,templates/partials/clusters/cluster_action_planner_drawer.html,296,field,input,School leaders per school,leaders_per_school,leaders_per_school,number,/clusters/cost-preview,/clusters/schedule-activity,post,"{""hx-get"": ""/clusters/cost-preview"", ""hx-target"": ""#planner-cost-preview-container"", ""hx-trigger"": ""input changed delay:250ms, change"", ""hx-include"": ""#action-planner-form""}",False,,Not individually executed
CONTROL-01514,templates/partials/clusters/cluster_action_planner_drawer.html,304,field,input,Other participants per school,other_per_school,other_per_school,number,/clusters/cost-preview,/clusters/schedule-activity,post,"{""hx-get"": ""/clusters/cost-preview"", ""hx-target"": ""#planner-cost-preview-container"", ""hx-trigger"": ""input changed delay:250ms, change"", ""hx-include"": ""#action-planner-form""}",False,,Not individually executed
CONTROL-01515,templates/partials/clusters/cluster_action_planner_drawer.html,320,field,select,Focus intervention,,focus_intervention,,,/clusters/schedule-activity,post,{},False,,Not individually executed
CONTROL-01516,templates/partials/clusters/cluster_action_planner_drawer.html,337,field,input,{{ recommendation.headline|default:'e.g. Focus on Leadership strategies' }},,purpose,text,,/clusters/schedule-activity,post,{},False,,Not individually executed
CONTROL-01517,templates/partials/clusters/cluster_action_planner_drawer.html,355,field,select,Responsible staff ID,,responsible_staff_id,,/clusters/cost-preview,/clusters/schedule-activity,post,"{""hx-get"": ""/clusters/cost-preview"", ""hx-trigger"": ""change"", ""hx-target"": ""#planner-cost-preview-container"", ""hx-include"": ""#action-planner-form""}",False,,Not individually executed
CONTROL-01518,templates/partials/clusters/cluster_action_planner_drawer.html,366,field,select,Responsible staff,,,,,/clusters/schedule-activity,post,{},True,No submitted name or direct model; check JS binding,Not individually executed
CONTROL-01519,templates/partials/clusters/cluster_action_planner_drawer.html,442,button,button,Cancel,,,button,,/clusters/schedule-activity,post,"{""@click"": ""$dispatch('close-drawer')""}",False,,Not individually executed
CONTROL-01520,templates/partials/clusters/cluster_action_planner_drawer.html,451,button,button,Schedule,,,submit,,/clusters/schedule-activity,post,{},False,,Not individually executed
CONTROL-01521,templates/partials/clusters/cluster_card.html,20,link,a,Open {{ cluster.name }} cluster profile,,,,/clusters/{{ cluster.id }},,,"{""@click.stop"": null}",False,,Not individually executed
CONTROL-01522,templates/partials/clusters/cluster_card.html,105,button,button,Schedule training for {{ cluster.name }},,,,/clusters/planner-drawer?cluster_id={{ cluster.id }}&activity_type=training&fixed_cluster=true,,,"{""hx-get"": ""/clusters/planner-drawer?cluster_id={{ cluster.id }}&activity_type=training&fixed_cluster=true"", ""hx-target"": ""#drawer-container"", ""hx-swap"": ""innerHTML""}",False,,Not individually executed
CONTROL-01523,templates/partials/clusters/cluster_card.html,118,button,button,Assign staff to {{ cluster.name }},,,,/planning/assign-partner-modal?cluster_id={{ cluster.id }},,,"{""hx-get"": ""/planning/assign-partner-modal?cluster_id={{ cluster.id }}"", ""hx-target"": ""#drawer-container"", ""hx-swap"": ""innerHTML""}",False,,Not individually executed
CONTROL-01524,templates/partials/clusters/cluster_card.html,132,button,button,,,,button,,,,"{""@click"": ""cardExpanded = !cardExpanded""}",False,No static label; check rendered accessible name,Not individually executed
CONTROL-01525,templates/partials/clusters/cluster_detail_drawer.html,37,button,button,Close Details,,,button,,,,"{""@click"": ""$dispatch('close-drawer')""}",False,,Not individually executed
CONTROL-01526,templates/partials/clusters/cluster_detail_drawer.html,44,button,button,Open Planner,,,,/clusters/planner-drawer?cluster_id={{ cluster.id }}&fixed_cluster=true,,,"{""hx-get"": ""/clusters/planner-drawer?cluster_id={{ cluster.id }}&fixed_cluster=true"", ""hx-target"": ""#drawer-container"", ""hx-swap"": ""innerHTML""}",False,,Not individually executed
CONTROL-01527,templates/partials/clusters/cluster_list.html,16,button,button,Create Cluster,,,,/clusters/create-drawer,,,"{""hx-get"": ""/clusters/create-drawer"", ""hx-target"": ""#drawer-container"", ""hx-swap"": ""innerHTML""}",False,,Not individually executed
CONTROL-01528,templates/partials/clusters/cluster_list.html,25,link,a,Open School Directory,,,,/schools,,,{},False,,Not individually executed
CONTROL-01529,templates/partials/clusters/cluster_list.html,38,button,button,Previous page,,,,/clusters?page={{ page_obj.previous_page_number }},,,"{""hx-get"": ""/clusters?page={{ page_obj.previous_page_number }}"", ""hx-include"": ""#filters-form"", ""hx-target"": ""#clusters-table-container""}",False,,Not individually executed
CONTROL-01530,templates/partials/clusters/cluster_list.html,54,button,button,{{ page_num }},,,,/clusters?page={{ page_num }},,,"{""hx-get"": ""/clusters?page={{ page_num }}"", ""hx-include"": ""#filters-form"", ""hx-target"": ""#clusters-table-container""}",False,,Not individually executed
CONTROL-01531,templates/partials/clusters/cluster_list.html,64,button,button,Next page,,,,/clusters?page={{ page_obj.next_page_number }},,,"{""hx-get"": ""/clusters?page={{ page_obj.next_page_number }}"", ""hx-include"": ""#filters-form"", ""hx-target"": ""#clusters-table-container""}",False,,Not individually executed
CONTROL-01532,templates/partials/clusters/cluster_schools_table.html,6,button,button,Add Schools,,,button,/clusters/{{ cluster_id }}/bulk-assign-drawer,,,"{""hx-get"": ""/clusters/{{ cluster_id }}/bulk-assign-drawer"", ""hx-target"": ""#drawer-container"", ""hx-swap"": ""innerHTML""}",False,,Not individually executed
CONTROL-01533,templates/partials/clusters/cluster_schools_table.html,24,button,button,,,,button,,,,"{""@click"": ""openSchoolId = openSchoolId === '{{ s.id }}' ? null : '{{ s.id }}'"", ""@keydown.escape.window"": ""openSchoolId = null""}",False,No static label; check rendered accessible name,Not individually executed
CONTROL-01534,templates/partials/clusters/cluster_schools_table.html,56,button,button,Schedule,,,button,/planning/schedule-modal?school_id={{ s.schoolId }},,,"{""hx-get"": ""/planning/schedule-modal?school_id={{ s.schoolId }}"", ""hx-target"": ""#drawer-container"", ""hx-swap"": ""innerHTML""}",False,,Not individually executed
CONTROL-01535,templates/partials/clusters/cluster_schools_table.html,61,button,button,Schedule,,,button,,,,{},True,,Not individually executed
CONTROL-01536,templates/partials/clusters/cluster_schools_table.html,65,button,button,Assign,,,button,/planning/assign-partner-modal?school_id={{ s.schoolId }},,,"{""hx-get"": ""/planning/assign-partner-modal?school_id={{ s.schoolId }}"", ""hx-target"": ""#drawer-container"", ""hx-swap"": ""innerHTML""}",False,,Not individually executed
CONTROL-01537,templates/partials/clusters/cluster_schools_table.html,70,button,button,Assign,,,button,,,,{},True,,Not individually executed
CONTROL-01538,templates/partials/clusters/cluster_schools_table.html,84,button,button,Add Schools to Cluster,,,button,/clusters/{{ cluster_id }}/bulk-assign-drawer,,,"{""hx-get"": ""/clusters/{{ cluster_id }}/bulk-assign-drawer"", ""hx-target"": ""#drawer-container"", ""hx-swap"": ""innerHTML""}",False,,Not individually executed
CONTROL-01539,templates/partials/clusters/create_cluster_drawer.html,55,field,select,Select a district {{ district.name }},cluster-district,district_id,,                                           ,/clusters/create,post,"{""@change"": ""resetDistrict()"", ""hx-get"": ""                                           "", ""hx-trigger"": ""change"", ""hx-target"": ""#responsible-staff-select""}",False,,Not individually executed
CONTROL-01540,templates/partials/clusters/create_cluster_drawer.html,88,field,select,No assigned staff {{ sp.user.name }} ({{ sp.user.active_role }}),responsible-staff-select,responsible_staff_id,,,/clusters/create,post,{},False,,Not individually executed
CONTROL-01541,templates/partials/clusters/create_cluster_drawer.html,122,field,input,,,sub_county_ids,checkbox,,/clusters/create,post,"{""@change"": ""subCountyError = false""}",False,,Not individually executed
CONTROL-01542,templates/partials/clusters/create_cluster_drawer.html,171,field,input,e.g. Mukono Central Cluster,cluster-name,name,text,,/clusters/create,post,"{""@input"": ""clusterNameEdited = true""}",False,,Not individually executed
CONTROL-01543,templates/partials/clusters/create_cluster_drawer.html,203,field,input,e.g. Esther Naluwu,cluster-leader-name,cluster_leader_name,text,,/clusters/create,post,{},False,,Not individually executed
CONTROL-01544,templates/partials/clusters/create_cluster_drawer.html,214,field,input,e.g. +256 772 000 000,cluster-leader-phone,cluster_leader_phone,tel,,/clusters/create,post,{},False,,Not individually executed
CONTROL-01545,templates/partials/clusters/create_cluster_drawer.html,229,button,button,Cancel,,,button,,/clusters/create,post,"{""@click"": ""$dispatch('close-drawer')""}",False,,Not individually executed
CONTROL-01546,templates/partials/clusters/create_cluster_drawer.html,236,button,button,Create cluster,,,submit,,/clusters/create,post,{},False,,Not individually executed
CONTROL-01547,templates/partials/clusters/edit_cluster_drawer.html,37,field,input,e.g. Mukono Central Cluster,,name,text,,                                            ,post,{},False,,Not individually executed
CONTROL-01548,templates/partials/clusters/edit_cluster_drawer.html,50,field,select,Cluster type,,cluster_type,,,                                            ,post,{},False,,Not individually executed
CONTROL-01549,templates/partials/clusters/edit_cluster_drawer.html,63,field,select,-- Select District -- {{ d.name }},district-select,district_id,,                                           ,                                            ,post,"{""@change"": ""selectedSubCounties = []"", ""hx-get"": ""                                           "", ""hx-trigger"": ""change"", ""hx-target"": ""#responsible-staff-select""}",False,,Not individually executed
CONTROL-01550,templates/partials/clusters/edit_cluster_drawer.html,84,field,select,-- No Assigned Staff -- {{ sp.user.name }} ({{ sp.user.active_role }}),responsible-staff-select,responsible_staff_id,,,                                            ,post,{},False,,Not individually executed
CONTROL-01551,templates/partials/clusters/edit_cluster_drawer.html,108,field,input,,,sub_county_ids,checkbox,,                                            ,post,{},False,,Not individually executed
CONTROL-01552,templates/partials/clusters/edit_cluster_drawer.html,136,field,input,e.g. Esther Naluwu,,cluster_leader_name,text,,                                            ,post,{},False,,Not individually executed
CONTROL-01553,templates/partials/clusters/edit_cluster_drawer.html,146,field,input,e.g. +256 772 000 000,,cluster_leader_phone,text,,                                            ,post,{},False,,Not individually executed
CONTROL-01554,templates/partials/clusters/edit_cluster_drawer.html,159,button,button,Cancel,,,button,,                                            ,post,"{""@click"": ""$dispatch('close-drawer')""}",False,,Not individually executed
CONTROL-01555,templates/partials/clusters/edit_cluster_drawer.html,166,button,button,Save Changes,,,submit,,                                            ,post,{},False,,Not individually executed
CONTROL-01556,templates/partials/clusters/filters.html,12,field,select,Filter by fiscal year,,fy,,,/clusters,get,{},False,,Not individually executed
CONTROL-01557,templates/partials/clusters/filters.html,20,field,select,Filter by quarter,,quarter,,,/clusters,get,{},False,,Not individually executed
CONTROL-01558,templates/partials/clusters/filters.html,32,field,select,Filter by district,,district,,,/clusters,get,{},False,,Not individually executed
CONTROL-01559,templates/partials/clusters/filters.html,43,field,select,Filter by sub-county,,sub_county,,,/clusters,get,{},False,,Not individually executed
CONTROL-01560,templates/partials/clusters/filters.html,54,field,select,Filter by staff member,,staff,,,/clusters,get,{},False,,Not individually executed
CONTROL-01561,templates/partials/clusters/filters.html,65,field,select,Filter by SSA status,,ssa_status,,,/clusters,get,{},False,,Not individually executed
CONTROL-01562,templates/partials/clusters/filters.html,75,field,select,Filter by cluster risk,,cluster_risk,,,/clusters,get,{},False,,Not individually executed
CONTROL-01563,templates/partials/clusters/filters.html,86,field,select,Filter by activity status,,activity_status,,,/clusters,get,{},False,,Not individually executed
CONTROL-01564,templates/partials/clusters/filters.html,93,button,button,Clear Filters,,,button,,/clusters,get,"{""@click"": ""$el.form.reset(); $el.form.querySelector('[name=q]').value = ''; $el.form.dispatchEvent(new Event('change', { bubbles: true }))""}",False,,Not individually executed
CONTROL-01565,templates/partials/clusters/impact_panel.html,8,field,select,Focus intervention,,focus_intervention,,/clusters/impact/{{ selected_cluster.id }},,,"{""hx-get"": ""/clusters/impact/{{ selected_cluster.id }}"", ""hx-target"": ""#cluster-impact-container"", ""hx-swap"": ""outerHTML""}",False,,Not individually executed
CONTROL-01566,templates/partials/clusters/impact_panel.html,59,button,button,View full intervention impact report,,,button,/clusters/impact-drawer/{{ cluster_id }},,,"{""hx-get"": ""/clusters/impact-drawer/{{ cluster_id }}"", ""hx-target"": ""#drawer-container"", ""hx-swap"": ""innerHTML""}",False,,Not individually executed
CONTROL-01567,templates/partials/clusters/intervention_impact_drawer.html,14,field,select,Focus intervention,,focus_intervention,,/clusters/impact-drawer/{{ cluster_id }},,,"{""hx-get"": ""/clusters/impact-drawer/{{ cluster_id }}"", ""hx-target"": ""#drawer-container"", ""hx-swap"": ""innerHTML""}",False,,Not individually executed
CONTROL-01568,templates/partials/clusters/intervention_impact_drawer.html,66,button,button,Close Report,,,button,,,,"{""@click"": ""$dispatch('close-drawer')""}",False,,Not individually executed
CONTROL-01569,templates/partials/clusters/oversight_workspace.html,50,button,button,{{ group.label }} No one responsible {{ group.count }} cluster{{ group.count|pluralize }} · {{ group.schools|intcomma }} school{{ group.schools|pluralize }},,,button,,,,"{""@click"": ""open = !open""}",False,,Not individually executed
CONTROL-01570,templates/partials/clusters/oversight_workspace.html,95,link,a,{{ row.cluster.name }},,,,/clusters/{{ row.cluster.id }},,,{},False,,Not individually executed
CONTROL-01571,templates/partials/clusters/oversight_workspace.html,111,link,a,{{ row.cluster.name }},,,,/clusters/{{ row.cluster.id }},,,{},False,,Not individually executed
CONTROL-01572,templates/partials/clusters/oversight_workspace.html,124,link,a,Open the cluster directory,,,,/clusters,,,{},False,,Not individually executed
CONTROL-01573,templates/partials/clusters/planned_date_field.html,75,button,button,Choose planned date,,,button,,,,"{""@click"": ""open = !open""}",False,,Not individually executed
CONTROL-01574,templates/partials/clusters/planned_date_field.html,112,button,button,Previous month,,,button,,,,"{""@click"": ""prevMonth()""}",False,,Not individually executed
CONTROL-01575,templates/partials/clusters/planned_date_field.html,116,button,button,Next month,,,button,,,,"{""@click"": ""nextMonth()""}",False,,Not individually executed
CONTROL-01576,templates/partials/clusters/planned_date_field.html,128,button,button,,,,button,,,,"{""@click"": ""selectDay(day)""}",False,No static label; check rendered accessible name,Not individually executed
CONTROL-01577,templates/partials/coaching/one_to_ones.html,42,link,a,{{ action.label }},,,,{{ action.href }},,,{},False,,Not individually executed
CONTROL-01578,templates/partials/coaching/one_to_ones.html,44,button,button,{{ action.label }},,,button,{{ action.drawer }},,,"{""hx-get"": ""{{ action.drawer }}"", ""hx-target"": ""#drawer-container"", ""hx-swap"": ""innerHTML""}",False,,Not individually executed
CONTROL-01579,templates/partials/components/confirm_action.html,25,button,button,{{ trigger_aria_label }},,,button,,,,"{""@click"": ""ask()""}",False,,Not individually executed
CONTROL-01580,templates/partials/components/confirm_action.html,60,button,button,"{{ cancel_label|default:""Cancel"" }}",,,button,,,,"{""@click"": ""dismiss()""}",False,,Not individually executed
CONTROL-01581,templates/partials/components/confirm_action.html,62,button,button,"{{ confirm_label|default:""Confirm"" }}",,,submit,,,,{},False,,Not individually executed
CONTROL-01582,templates/partials/components/reason_disclosure.html,26,button,button,"{{ trigger_label|default:""Return"" }}",,,button,,,,"{""@click"": ""open = !open""}",False,,Not individually executed
CONTROL-01583,templates/partials/components/reason_disclosure.html,39,field,textarea,"{{ placeholder|default:'Say what needs to change, so the next person can act on it.' }}",reason-{{ uid }},reason,,,,,{},False,,Not individually executed
CONTROL-01584,templates/partials/components/reason_disclosure.html,48,button,button,"{{ submit_label|default:""Submit"" }}",,,submit,,,,{},False,,Not individually executed
CONTROL-01585,templates/partials/core_schools/assign_partner_drawer.html,56,field,select,Select support type… Core Visit Core Training,support_type,support_type,,,/core-schools/assign-partner/action,get,"{""@change"": ""resetSelection()""}",False,,Not individually executed
CONTROL-01586,templates/partials/core_schools/assign_partner_drawer.html,66,field,select,Select a training… {{ item.label }},partner_core_training,,,,/core-schools/assign-partner/action,get,"{""@change"": ""selectTraining($event)""}",False,,Not individually executed
CONTROL-01587,templates/partials/core_schools/assign_partner_drawer.html,80,field,select,Select a visit… {{ item.displayName }},partner_core_visit,,,,/core-schools/assign-partner/action,get,"{""@change"": ""selectVisit($event)""}",False,,Not individually executed
CONTROL-01588,templates/partials/core_schools/assign_partner_drawer.html,91,field,input,{{ school.name }},,,text,,/core-schools/assign-partner/action,get,{},False,No submitted name or direct model; check JS binding,Not individually executed
CONTROL-01589,templates/partials/core_schools/assign_partner_drawer.html,103,field,select,No slots available,visit_training_number,visit_training_number,,,/core-schools/assign-partner/action,get,{},False,,Not individually executed
CONTROL-01590,templates/partials/core_schools/assign_partner_drawer.html,115,field,select,Select Partner... {{ p.name }},partner_id,partner_id,,,/core-schools/assign-partner/action,get,{},False,,Not individually executed
CONTROL-01591,templates/partials/core_schools/assign_partner_drawer.html,126,field,select,Select purpose... {{ label }},purpose_of_visit,purpose_of_visit,,,/core-schools/assign-partner/action,get,{},False,,Not individually executed
CONTROL-01592,templates/partials/core_schools/assign_partner_drawer.html,138,field,textarea,"Provide instructions, timelines, or focus details for the partner...",notes,notes,,,/core-schools/assign-partner/action,get,{},False,,Not individually executed
CONTROL-01593,templates/partials/core_schools/assign_partner_drawer.html,148,button,button,Cancel,,,button,,/core-schools/assign-partner/action,get,"{""@click"": ""$dispatch('close-drawer')""}",False,,Not individually executed
CONTROL-01594,templates/partials/core_schools/assign_partner_drawer.html,155,button,button,Confirm & Assign,,,submit,,/core-schools/assign-partner/action,get,{},False,,Not individually executed
CONTROL-01595,templates/partials/core_schools/champion_review_drawer.html,36,button,button,Close Champion Graduation Review dialog,,,button,,,,"{""@click"": ""show = false""}",False,,Not individually executed
CONTROL-01596,templates/partials/core_schools/champion_review_drawer.html,182,button,button,Reject Candidacy,,,submit,,                                                            ,POST,{},False,,Not individually executed
CONTROL-01597,templates/partials/core_schools/champion_review_drawer.html,192,button,button,Approve & Graduate,,,submit,,                                                             ,POST,{},True,,Not individually executed
CONTROL-01598,templates/partials/core_schools/core_assessment_drawer.html,36,button,button,Close Core School Assessment dialog,,,button,,,,"{""@click"": ""open = false; setTimeout(() => document.getElementById('drawer-container').innerHTML = '', 300)""}",False,,Not individually executed
CONTROL-01599,templates/partials/core_schools/core_assessment_drawer.html,103,button,button,Close Assessment Details,,,button,,,,"{""@click"": ""open = false; setTimeout(() => document.getElementById('drawer-container').innerHTML = '', 300)""}",False,,Not individually executed
CONTROL-01600,templates/partials/core_schools/filters.html,19,field,select,Fiscal year,,fy,,,/core-schools,get,{},False,,Not individually executed
CONTROL-01601,templates/partials/core_schools/filters.html,27,field,select,District,,district,,,/core-schools,get,{},False,,Not individually executed
CONTROL-01602,templates/partials/core_schools/filters.html,38,field,select,Staff,,staff,,,/core-schools,get,{},False,,Not individually executed
CONTROL-01603,templates/partials/core_schools/filters.html,49,field,select,Partner,,partner,,,/core-schools,get,{},False,,Not individually executed
CONTROL-01604,templates/partials/core_schools/filters.html,59,button,button,More Filters,,,button,,/core-schools,get,"{""@click"": ""expanded = !expanded""}",False,,Not individually executed
CONTROL-01605,templates/partials/core_schools/filters.html,79,field,select,School type,,school_type_filter,,,/core-schools,get,{},False,,Not individually executed
CONTROL-01606,templates/partials/core_schools/filters.html,89,field,select,SSA status,,ssa_status,,,/core-schools,get,{},False,,Not individually executed
CONTROL-01607,templates/partials/core_schools/filters.html,99,field,select,Partner assignment status,,partner_assigned,,,/core-schools,get,{},False,,Not individually executed
CONTROL-01608,templates/partials/core_schools/filters.html,107,button,button,Apply Advanced Filters,,,submit,,/core-schools,get,"{""@click"": ""expanded = false""}",False,,Not individually executed
CONTROL-01609,templates/partials/core_schools/intervention_impact.html,7,link,a,Visit Effectiveness analysis,,,,/analytics/visit-effectiveness,,,{},False,,Not individually executed
CONTROL-01610,templates/partials/core_schools/matrix_table.html,50,link,a,View Team Core Oversight,,,,/core-schools?lens=oversight&fy={{ fy }},,,{},False,,Not individually executed
CONTROL-01611,templates/partials/core_schools/matrix_table.html,89,field,select,Rows per page,core-per-page,,,,,,"{""@change"": ""\n          const s = document.getElementById('core-filters-per-page-input');\n          const p = document.getElementById('core-filters-page-input');\n          if (p) p.value = '1';\n          if (s) { s.value = $event.target.value; s.dispatchEvent(new Event('change', { bubbles: true })) }\n        ""}",False,,Not individually executed
CONTROL-01612,templates/partials/core_schools/matrix_table.html,105,button,button,Prev,,,button,,,,"{""@click"": ""const p = document.getElementById('core-filters-page-input'); if (p) { p.value = '{{ page_obj.previous_page_number }}'; p.dispatchEvent(new Event('change', { bubbles: true })) }""}",False,,Not individually executed
CONTROL-01613,templates/partials/core_schools/matrix_table.html,122,button,button,Page {{ num }},,,button,,,,"{""@click"": ""const p = document.getElementById('core-filters-page-input'); if (p) { p.value = '{{ num }}'; p.dispatchEvent(new Event('change', { bubbles: true })) }""}",False,,Not individually executed
CONTROL-01614,templates/partials/core_schools/matrix_table.html,135,button,button,Next,,,button,,,,"{""@click"": ""const p = document.getElementById('core-filters-page-input'); if (p) { p.value = '{{ page_obj.next_page_number }}'; p.dispatchEvent(new Event('change', { bubbles: true })) }""}",False,,Not individually executed
CONTROL-01615,templates/partials/core_schools/performance_insights.html,25,link,a,View Full Report →,,,,/analytics/visit-effectiveness?school_type=core,,,{},False,,Not individually executed
CONTROL-01616,templates/partials/core_schools/performance_insights.html,82,link,a,View Full Report →,,,,/partners,,,{},False,,Not individually executed
CONTROL-01617,templates/partials/core_schools/performance_insights.html,139,link,a,View Full Report →,,,,/analytics,,,{},False,,Not individually executed
CONTROL-01618,templates/partials/core_schools/performance_insights.html,189,link,a,View Full Report →,,,,/analytics/visit-effectiveness?school_type=core,,,{},False,,Not individually executed
CONTROL-01619,templates/partials/core_schools/performance_insights.html,236,link,a,View Full Report →,,,,/analytics/visit-effectiveness?school_type=core,,,{},False,,Not individually executed
CONTROL-01620,templates/partials/core_schools/planning_queue.html,80,button,button,Upload Assessment,,,,/core-schools/assessment?school_id={{ q.school_id }},,,"{""hx-get"": ""/core-schools/assessment?school_id={{ q.school_id }}"", ""hx-target"": ""#drawer-container""}",False,,Not individually executed
CONTROL-01621,templates/partials/core_schools/planning_queue.html,88,button,button,Review SSA,,,,/core-schools/assessment?school_id={{ q.school_id }},,,"{""hx-get"": ""/core-schools/assessment?school_id={{ q.school_id }}"", ""hx-target"": ""#drawer-container""}",False,,Not individually executed
CONTROL-01622,templates/partials/core_schools/planning_queue.html,96,button,button,"Schedule Visit ({{ q.next_recommended|slice:"":2"" }}) Schedule Training ({{ q.next_recommended|slice:"":2"" }})",,,,/core-schools/schedule-training?school_id={{ q.school_id }},,,"{""hx-get"": ""/core-schools/schedule-training?school_id={{ q.school_id }}"", ""hx-target"": ""#drawer-container""}",False,,Not individually executed
CONTROL-01623,templates/partials/core_schools/planning_queue.html,119,button,button,Previous,,,,/core-schools?page={{ page_obj.previous_page_number }}&fy={{ fy }}&region={{ selected_region }}&district={{ selected_district }}&staff={{ selected_staff }}&partner={{ selected_partner }}&school_type_filter={{ selected_school_type }}&ssa_status={{ selected_ssa_status }}&partner_assigned={{ selected_partner_assigned }},,,"{""hx-get"": ""/core-schools?page={{ page_obj.previous_page_number }}&fy={{ fy }}&region={{ selected_region }}&district={{ selected_district }}&staff={{ selected_staff }}&partner={{ selected_partner }}&school_type_filter={{ selected_school_type }}&ssa_status={{ selected_ssa_status }}&partner_assigned={{ selected_partner_assigned }}"", ""hx-target"": ""#core-schools-main-container"", ""hx-swap"": ""outerHTML""}",False,,Not individually executed
CONTROL-01624,templates/partials/core_schools/planning_queue.html,132,button,button,Next,,,,/core-schools?page={{ page_obj.next_page_number }}&fy={{ fy }}&region={{ selected_region }}&district={{ selected_district }}&staff={{ selected_staff }}&partner={{ selected_partner }}&school_type_filter={{ selected_school_type }}&ssa_status={{ selected_ssa_status }}&partner_assigned={{ selected_partner_assigned }},,,"{""hx-get"": ""/core-schools?page={{ page_obj.next_page_number }}&fy={{ fy }}&region={{ selected_region }}&district={{ selected_district }}&staff={{ selected_staff }}&partner={{ selected_partner }}&school_type_filter={{ selected_school_type }}&ssa_status={{ selected_ssa_status }}&partner_assigned={{ selected_partner_assigned }}"", ""hx-target"": ""#core-schools-main-container"", ""hx-swap"": ""outerHTML""}",False,,Not individually executed
CONTROL-01625,templates/partials/core_schools/planning_queue.html,159,button,button,Previous,,,,/core-schools?page={{ page_obj.previous_page_number }}&fy={{ fy }}&region={{ selected_region }}&district={{ selected_district }}&staff={{ selected_staff }}&partner={{ selected_partner }}&school_type_filter={{ selected_school_type }}&ssa_status={{ selected_ssa_status }}&partner_assigned={{ selected_partner_assigned }},,,"{""hx-get"": ""/core-schools?page={{ page_obj.previous_page_number }}&fy={{ fy }}&region={{ selected_region }}&district={{ selected_district }}&staff={{ selected_staff }}&partner={{ selected_partner }}&school_type_filter={{ selected_school_type }}&ssa_status={{ selected_ssa_status }}&partner_assigned={{ selected_partner_assigned }}"", ""hx-target"": ""#core-schools-main-container"", ""hx-swap"": ""outerHTML""}",False,,Not individually executed
CONTROL-01626,templates/partials/core_schools/planning_queue.html,182,button,button,{{ num }},,,,/core-schools?page={{ num }}&fy={{ fy }}&region={{ selected_region }}&district={{ selected_district }}&staff={{ selected_staff }}&partner={{ selected_partner }}&school_type_filter={{ selected_school_type }}&ssa_status={{ selected_ssa_status }}&partner_assigned={{ selected_partner_assigned }},,,"{""hx-get"": ""/core-schools?page={{ num }}&fy={{ fy }}&region={{ selected_region }}&district={{ selected_district }}&staff={{ selected_staff }}&partner={{ selected_partner }}&school_type_filter={{ selected_school_type }}&ssa_status={{ selected_ssa_status }}&partner_assigned={{ selected_partner_assigned }}"", ""hx-target"": ""#core-schools-main-container"", ""hx-swap"": ""outerHTML""}",False,,Not individually executed
CONTROL-01627,templates/partials/core_schools/planning_queue.html,194,button,button,Next,,,,/core-schools?page={{ page_obj.next_page_number }}&fy={{ fy }}&region={{ selected_region }}&district={{ selected_district }}&staff={{ selected_staff }}&partner={{ selected_partner }}&school_type_filter={{ selected_school_type }}&ssa_status={{ selected_ssa_status }}&partner_assigned={{ selected_partner_assigned }},,,"{""hx-get"": ""/core-schools?page={{ page_obj.next_page_number }}&fy={{ fy }}&region={{ selected_region }}&district={{ selected_district }}&staff={{ selected_staff }}&partner={{ selected_partner }}&school_type_filter={{ selected_school_type }}&ssa_status={{ selected_ssa_status }}&partner_assigned={{ selected_partner_assigned }}"", ""hx-target"": ""#core-schools-main-container"", ""hx-swap"": ""outerHTML""}",False,,Not individually executed
CONTROL-01628,templates/partials/core_schools/right_panel.html,31,link,a,View Full Guidelines,,,,/help,,,{},False,,Not individually executed
CONTROL-01629,templates/partials/core_schools/right_panel.html,81,button,button,View Strategy Playbook,,,button,/core-schools/strategy-playbook,,,"{""hx-get"": ""/core-schools/strategy-playbook"", ""hx-target"": ""#drawer-container"", ""hx-swap"": ""innerHTML""}",False,,Not individually executed
CONTROL-01630,templates/partials/core_schools/right_panel.html,95,link,a,{{ na.label }},,,,{{ na.url }},,,{},False,,Not individually executed
CONTROL-01631,templates/partials/core_schools/right_panel.html,102,link,a,Go to My Plan →,,,,/my-plan,,,{},False,,Not individually executed
CONTROL-01632,templates/partials/core_schools/schedule_activity_drawer.html,22,button,button,Schedule Core visit · {{ visits_remaining }} remaining,,,button,/core-schools/schedule-visit?school_id={{ school.school_id }},,,"{""hx-get"": ""/core-schools/schedule-visit?school_id={{ school.school_id }}"", ""hx-target"": ""#drawer-container"", ""hx-swap"": ""innerHTML""}",False,,Not individually executed
CONTROL-01633,templates/partials/core_schools/schedule_activity_drawer.html,33,button,button,Schedule Core visit · no package slots available,,,button,,,,{},True,,Not individually executed
CONTROL-01634,templates/partials/core_schools/schedule_activity_drawer.html,40,button,button,Schedule Core training · {{ trainings_remaining }} remaining,,,button,/core-schools/schedule-training?school_id={{ school.school_id }},,,"{""hx-get"": ""/core-schools/schedule-training?school_id={{ school.school_id }}"", ""hx-target"": ""#drawer-container"", ""hx-swap"": ""innerHTML""}",False,,Not individually executed
CONTROL-01635,templates/partials/core_schools/schedule_activity_drawer.html,51,button,button,Schedule Core training · no package slots available,,,button,,,,{},True,,Not individually executed
CONTROL-01636,templates/partials/core_schools/schedule_activity_drawer.html,63,button,button,Schedule other activity,,,button,/planning/schedule-modal?school_id={{ school.school_id }},,,"{""hx-get"": ""/planning/schedule-modal?school_id={{ school.school_id }}"", ""hx-target"": ""#drawer-container"", ""hx-swap"": ""innerHTML""}",False,,Not individually executed
CONTROL-01637,templates/partials/core_schools/schedule_training_drawer.html,50,button,button,Close schedule Core Training dialog,,,button,,,,"{""@click"": ""open = false; setTimeout(() => document.getElementById('drawer-container').innerHTML = '', 300)""}",False,,Not individually executed
CONTROL-01638,templates/partials/core_schools/schedule_training_drawer.html,78,field,input,{{ school.name }},,,text,,/core-schools/schedule-training/action,get,{},False,No submitted name or direct model; check JS binding,Not individually executed
CONTROL-01639,templates/partials/core_schools/schedule_training_drawer.html,83,field,select,Select a training… {{ item.label }},core_training_course,,,,/core-schools/schedule-training/action,get,"{""@change"": ""selectTraining($event)""}",False,,Not individually executed
CONTROL-01640,templates/partials/core_schools/schedule_training_drawer.html,107,field,select,{{ slot.label }} No training slots available,training_number,training_number,,,/core-schools/schedule-training/action,get,{},False,,Not individually executed
CONTROL-01641,templates/partials/core_schools/schedule_training_drawer.html,191,button,button,,,,button,,/core-schools/schedule-training/action,get,"{""@click"": ""open = !open""}",False,No static label; check rendered accessible name,Not individually executed
CONTROL-01642,templates/partials/core_schools/schedule_training_drawer.html,224,button,button,Previous month,,,button,,/core-schools/schedule-training/action,get,"{""@click"": ""prevMonth()""}",False,,Not individually executed
CONTROL-01643,templates/partials/core_schools/schedule_training_drawer.html,228,button,button,Next month,,,button,,/core-schools/schedule-training/action,get,"{""@click"": ""nextMonth()""}",False,,Not individually executed
CONTROL-01644,templates/partials/core_schools/schedule_training_drawer.html,242,button,button,,,,button,,/core-schools/schedule-training/action,get,"{""@click"": ""selectDay(day)""}",False,No static label; check rendered accessible name,Not individually executed
CONTROL-01645,templates/partials/core_schools/schedule_training_drawer.html,274,field,input,e.g. 15,expected_participants,expected_participants,number,,/core-schools/schedule-training/action,get,{},False,,Not individually executed
CONTROL-01646,templates/partials/core_schools/schedule_training_drawer.html,280,field,input,e.g. 4,duration_hours,duration_hours,number,,/core-schools/schedule-training/action,get,{},False,,Not individually executed
CONTROL-01647,templates/partials/core_schools/schedule_training_drawer.html,287,field,select,Delivery type,,delivery_type,,,/core-schools/schedule-training/action,get,{},False,,Not individually executed
CONTROL-01648,templates/partials/core_schools/schedule_training_drawer.html,296,field,select,Select Partner... {{ p.name }},assigned_partner_id,assigned_partner_id,,,/core-schools/schedule-training/action,get,{},False,,Not individually executed
CONTROL-01649,templates/partials/core_schools/schedule_training_drawer.html,307,field,textarea,Describe the goal of this support training...,training_purpose,training_purpose,,,/core-schools/schedule-training/action,get,{},False,,Not individually executed
CONTROL-01650,templates/partials/core_schools/schedule_training_drawer.html,321,button,button,Confirm & Schedule,,,submit,,/core-schools/schedule-training/action,get,{},False,,Not individually executed
CONTROL-01651,templates/partials/core_schools/schedule_training_drawer.html,327,button,button,Cancel,,,button,,/core-schools/schedule-training/action,get,"{""@click"": ""open = false; setTimeout(() => document.getElementById('drawer-container').innerHTML = '', 300)""}",False,,Not individually executed
CONTROL-01652,templates/partials/core_schools/schedule_visit_drawer.html,41,button,button,Close schedule Core Visit dialog,,,button,,,,"{""@click"": ""open = false; setTimeout(() => document.getElementById('drawer-container').innerHTML = '', 300)""}",False,,Not individually executed
CONTROL-01653,templates/partials/core_schools/schedule_visit_drawer.html,77,field,input,{{ school.name }},,,text,,/core-schools/schedule-visit/action,get,{},False,No submitted name or direct model; check JS binding,Not individually executed
CONTROL-01654,templates/partials/core_schools/schedule_visit_drawer.html,84,field,input,{{ item.catalogueItemId }},,catalogue_choice,radio,,/core-schools/schedule-visit/action,get,"{""@change"": ""catalogueItemId='{{ item.catalogueItemId }}'; sourceActivityId='{{ item.sourceActivityId|default:'' }}'; focusIntervention='{{ item.targetIntervention|default:'' }}'; recommendationReason='{{ item.recommendationReason|escapejs }}'""}",False,,Not individually executed
CONTROL-01655,templates/partials/core_schools/schedule_visit_drawer.html,93,field,select,{{ slot.label }} No visit slots available,visit_number,visit_number,,,/core-schools/schedule-visit/action,get,{},False,,Not individually executed
CONTROL-01656,templates/partials/core_schools/schedule_visit_drawer.html,177,button,button,,,,button,,/core-schools/schedule-visit/action,get,"{""@click"": ""open = !open""}",False,No static label; check rendered accessible name,Not individually executed
CONTROL-01657,templates/partials/core_schools/schedule_visit_drawer.html,210,button,button,Previous month,,,button,,/core-schools/schedule-visit/action,get,"{""@click"": ""prevMonth()""}",False,,Not individually executed
CONTROL-01658,templates/partials/core_schools/schedule_visit_drawer.html,214,button,button,Next month,,,button,,/core-schools/schedule-visit/action,get,"{""@click"": ""nextMonth()""}",False,,Not individually executed
CONTROL-01659,templates/partials/core_schools/schedule_visit_drawer.html,228,button,button,,,,button,,/core-schools/schedule-visit/action,get,"{""@click"": ""selectDay(day)""}",False,No static label; check rendered accessible name,Not individually executed
CONTROL-01660,templates/partials/core_schools/schedule_visit_drawer.html,247,field,select,Select Intervention... {{ label }},focus_intervention,,,,/core-schools/schedule-visit/action,get,{},True,,Not individually executed
CONTROL-01661,templates/partials/core_schools/schedule_visit_drawer.html,272,field,textarea,"On top of the purpose above: why must you, rather than {{ visit_request_owner_name }}, be at this school?",visit_justification,visit_justification,,,/core-schools/schedule-visit/action,get,{},False,,Not individually executed
CONTROL-01662,templates/partials/core_schools/schedule_visit_drawer.html,277,field,select,Select Staff Member... {{ s.user.name }},responsible_staff_id,responsible_staff_id,,,/core-schools/schedule-visit/action,get,{},False,,Not individually executed
CONTROL-01663,templates/partials/core_schools/schedule_visit_drawer.html,289,field,select,Delivery type,,delivery_type,,,/core-schools/schedule-visit/action,get,{},False,,Not individually executed
CONTROL-01664,templates/partials/core_schools/schedule_visit_drawer.html,298,field,select,Select Partner... {{ p.name }},assigned_partner_id,assigned_partner_id,,,/core-schools/schedule-visit/action,get,{},False,,Not individually executed
CONTROL-01665,templates/partials/core_schools/schedule_visit_drawer.html,309,field,textarea,Describe the goal of this school visit...,activity_goal,activity_goal,,,/core-schools/schedule-visit/action,get,{},False,,Not individually executed
CONTROL-01666,templates/partials/core_schools/schedule_visit_drawer.html,315,field,textarea,Describe the expected results...,expected_outcome,expected_outcome,,,/core-schools/schedule-visit/action,get,{},False,,Not individually executed
CONTROL-01667,templates/partials/core_schools/schedule_visit_drawer.html,329,button,button,Confirm & Schedule,,,submit,,/core-schools/schedule-visit/action,get,{},False,,Not individually executed
CONTROL-01668,templates/partials/core_schools/schedule_visit_drawer.html,335,button,button,Cancel,,,button,,/core-schools/schedule-visit/action,get,"{""@click"": ""open = false; setTimeout(() => document.getElementById('drawer-container').innerHTML = '', 300)""}",False,,Not individually executed
CONTROL-01669,templates/partials/core_schools/school_row.html,12,button,button,,,,button,,,,"{""@click"": ""openSchoolId = openSchoolId === '{{ school.id }}' ? null : '{{ school.id }}'"", ""@keydown.escape.window"": ""openSchoolId = null""}",False,No static label; check rendered accessible name,Not individually executed
CONTROL-01670,templates/partials/core_schools/school_row.html,28,button,button,Schedule an activity for {{ school.name }},,,button,/core-schools/schedule-activity?school_id={{ school.school_id }},,,"{""hx-get"": ""/core-schools/schedule-activity?school_id={{ school.school_id }}"", ""hx-target"": ""#drawer-container"", ""hx-swap"": ""innerHTML""}",False,,Not individually executed
CONTROL-01671,templates/partials/core_schools/school_row.html,33,button,button,Assign core support for {{ school.name }},,,button,/core-schools/assign-partner?school_id={{ school.school_id }},,,"{""hx-get"": ""/core-schools/assign-partner?school_id={{ school.school_id }}"", ""hx-target"": ""#drawer-container"", ""hx-swap"": ""innerHTML""}",False,,Not individually executed
CONTROL-01672,templates/partials/core_schools/school_row.html,38,button,button,Assign core support for {{ school.name }},,,button,,,,{},True,,Not individually executed
CONTROL-01673,templates/partials/core_schools/school_row.html,62,link,a,{{ school.cluster_name }},,,,/clusters/{{ school.cluster_id }},,,{},False,,Not individually executed
CONTROL-01674,templates/partials/core_schools/strategy_playbook_drawer.html,36,button,button,Close Core Strategy Playbook dialog,,,button,,,,"{""@click"": ""open = false; setTimeout(() => document.getElementById('drawer-container').innerHTML = '', 300)""}",False,,Not individually executed
CONTROL-01675,templates/partials/core_schools/strategy_playbook_drawer.html,88,button,button,Close Playbook,,,button,,,,"{""@click"": ""open = false; setTimeout(() => document.getElementById('drawer-container').innerHTML = '', 300)""}",False,,Not individually executed
CONTROL-01676,templates/partials/core_schools/team_oversight.html,72,link,a,View Action · {{ r.action_state }},,,,/actions/sent,,,{},False,,Not individually executed
CONTROL-01677,templates/partials/core_schools/team_oversight.html,81,button,button,Send to {{ r.responsible_first_name }},,,submit,,/core-schools/oversight/send,get,{},False,,Not individually executed
CONTROL-01678,templates/partials/core_schools/team_oversight.html,119,field,select,Rows per page,core-per-page-oversight,,,,,,"{""@change"": ""\n            const s = document.getElementById('core-filters-per-page-input');\n            const p = document.getElementById('core-filters-page-input');\n            if (p) p.value = '1';\n            if (s) { s.value = $event.target.value; s.dispatchEvent(new Event('change', { bubbles: true })) }\n          ""}",False,,Not individually executed
CONTROL-01679,templates/partials/core_schools/team_oversight.html,134,button,button,Prev,,,button,,,,"{""@click"": ""const p = document.getElementById('core-filters-page-input'); if (p) { p.value = '{{ page_obj.previous_page_number }}'; p.dispatchEvent(new Event('change', { bubbles: true })) }""}",False,,Not individually executed
CONTROL-01680,templates/partials/core_schools/team_oversight.html,145,button,button,Page {{ num }},,,button,,,,"{""@click"": ""const p = document.getElementById('core-filters-page-input'); if (p) { p.value = '{{ num }}'; p.dispatchEvent(new Event('change', { bubbles: true })) }""}",False,,Not individually executed
CONTROL-01681,templates/partials/core_schools/team_oversight.html,152,button,button,Next,,,button,,,,"{""@click"": ""const p = document.getElementById('core-filters-page-input'); if (p) { p.value = '{{ page_obj.next_page_number }}'; p.dispatchEvent(new Event('change', { bubbles: true })) }""}",False,,Not individually executed
CONTROL-01682,templates/partials/cost_settings/add_drawer.html,23,field,select,Choose an activity {{ activity.display_name }},,catalogue_item,,,/cost-settings/add,post,{},False,,Not individually executed
CONTROL-01683,templates/partials/cost_settings/add_drawer.html,31,field,input,e.g. Diagnostic kit,,label,,,/cost-settings/add,post,{},False,,Not individually executed
CONTROL-01684,templates/partials/cost_settings/add_drawer.html,37,field,input,,,unit_cost,number,,/cost-settings/add,post,{},False,,Not individually executed
CONTROL-01685,templates/partials/cost_settings/add_drawer.html,41,field,input,Not set,,approved_minimum,number,,/cost-settings/add,post,{},False,,Not individually executed
CONTROL-01686,templates/partials/cost_settings/add_drawer.html,47,field,input,The reason is kept on the cost's record,,reason,,,/cost-settings/add,post,{},False,,Not individually executed
CONTROL-01687,templates/partials/cost_settings/add_drawer.html,51,button,button,Cancel,,,button,,/cost-settings/add,post,"{""@click"": ""requestClose()""}",False,,Not individually executed
CONTROL-01688,templates/partials/cost_settings/add_drawer.html,52,button,button,Add cost,,,submit,,/cost-settings/add,post,{},False,,Not individually executed
CONTROL-01689,templates/partials/cost_settings/cost_setting_row.html,27,button,button,Edit,,,button,/cost-settings/row/{{ c.key }}?mode=edit,,,"{""hx-get"": ""/cost-settings/row/{{ c.key }}?mode=edit"", ""hx-target"": ""#drawer-container"", ""hx-swap"": ""innerHTML""}",False,,Not individually executed
CONTROL-01690,templates/partials/cost_settings/edit_drawer.html,40,field,input,Country operational cost,,unit_cost,text,,/cost-settings/row/{{ c.key }},get,{},False,,Not individually executed
CONTROL-01691,templates/partials/cost_settings/edit_drawer.html,53,field,input,Minimum viable cost,,approved_minimum,number,,/cost-settings/row/{{ c.key }},get,{},False,,Not individually executed
CONTROL-01692,templates/partials/cost_settings/edit_drawer.html,77,field,input,Reason for this rate change,,reason,text,,/cost-settings/row/{{ c.key }},get,{},False,,Not individually executed
CONTROL-01693,templates/partials/cost_settings/edit_drawer.html,99,disclosure,summary,Change history · {{ history|length }},,,,,/cost-settings/row/{{ c.key }},get,{},False,,Not individually executed
CONTROL-01694,templates/partials/cost_settings/edit_drawer.html,135,button,button,Cancel,,,button,,/cost-settings/row/{{ c.key }},get,"{""@click"": ""requestClose()""}",False,,Not individually executed
CONTROL-01695,templates/partials/cost_settings/edit_drawer.html,136,button,button,Save rate,,,submit,,/cost-settings/row/{{ c.key }},get,{},False,,Not individually executed
CONTROL-01696,templates/partials/dashboards/_view_tabs.html,51,tab,a,{{ tab.description }},dashboard-tab-{{ tab.key }},,,{{ tab.url }},,,"{""hx-get"": ""{{ tab.url }}"", ""hx-target"": ""#{{ dashboard_tabs.panel_id }}-shell"", ""hx-swap"": ""innerHTML"", ""hx-sync"": ""closest [data-dashboard-views]:replace"", ""hx-push-url"": ""true"", ""hx-indicator"": ""#{{ dashboard_tabs.panel_id }}-updating""}",False,,Browser: RPL Overview/Coaching/Programmes/Reporting reached correct panels. Other roles not individually clicked. F-08 affects non-live cached dashboards.
CONTROL-01697,templates/partials/dashboards/admin/_platform_operations.html,27,link,a,{{ incident.reference }} · {{ incident.title }},,,,/admin-ops/incidents/{{ incident.id }},,,{},False,,Not individually executed
CONTROL-01698,templates/partials/dashboards/admin/operations.html,6,link,a,All incidents,,,,/admin-ops/incidents,,,{},False,,Not individually executed
CONTROL-01699,templates/partials/dashboards/admin/operations.html,11,link,a,Open incident desk→,,,,/admin-ops/incidents,,,{},False,,Not individually executed
CONTROL-01700,templates/partials/dashboards/admin/operations.html,40,link,a,View Calendar,,,,/calendar,,,{},False,,Not individually executed
CONTROL-01701,templates/partials/dashboards/admin/operations.html,60,link,a,View all priorities ({{ priorities|length }}) →,,,,/planning,,,{},False,,Not individually executed
CONTROL-01702,templates/partials/dashboards/admin/operations.html,65,link,a,View All,,,,/schools,,,{},False,,Not individually executed
CONTROL-01703,templates/partials/dashboards/admin/operations.html,70,link,a,{{ school.action }},,,,                                       /planning?intent=ssa          /planning           ,,,{},False,,Not individually executed
CONTROL-01704,templates/partials/dashboards/admin/operations.html,73,link,a,View all priority schools →,,,,/schools,,,{},False,,Not individually executed
CONTROL-01705,templates/partials/dashboards/admin/operations.html,78,link,a,View All,,,,/clusters,,,{},False,,Not individually executed
CONTROL-01706,templates/partials/dashboards/admin/operations.html,83,link,a,{{ cluster.name }},,,,/clusters/{{ cluster.id }},,,{},False,,Not individually executed
CONTROL-01707,templates/partials/dashboards/admin/operations.html,102,link,a,{{ tab.label }},,,,?progress_period={{ tab.period }},,,"{""hx-get"": ""/dashboard/planning-progress?progress_period={{ tab.period }}"", ""hx-target"": ""#admin-planning-progress-body"", ""hx-swap"": ""outerHTML"", ""hx-push-url"": ""true""}",False,,Not individually executed
CONTROL-01708,templates/partials/dashboards/admin/operations.html,113,link,a,View Details,,,,/planning,,,{},False,,Not individually executed
CONTROL-01709,templates/partials/dashboards/admin/operations.html,121,link,a,View Report,,,,/reports,,,{},False,,Not individually executed
CONTROL-01710,templates/partials/dashboards/admin/operations.html,138,link,a,View All,,,,/partners,,,{},False,,Not individually executed
CONTROL-01711,templates/partials/dashboards/admin/operations.html,149,link,a,View Details,,,,/finance/fund-allocation,,,{},False,,Not individually executed
CONTROL-01712,templates/partials/dashboards/admin/operations.html,169,link,a,View all today’s activities →,,,,/planning,,,{},False,,Not individually executed
CONTROL-01713,templates/partials/dashboards/admin/operations.html,177,link,a,{{ item.title }}{{ item.detail }}›,,,,{{ item.href|default:'/system-health' }},,,{},False,,Not individually executed
CONTROL-01714,templates/partials/dashboards/admin/operations.html,194,link,a,{{ recommended_action.cta_label }} →,,,,{{ recommended_action.cta_href }},,,{},False,,Not individually executed
CONTROL-01715,templates/partials/dashboards/admin/operations.html,194,link,a,Review system health →,,,,/system-health,,,{},False,,Not individually executed
CONTROL-01716,templates/partials/dashboards/admin/operations.html,208,link,a,Schedule Activity,,,,/planning,,,{},False,,Not individually executed
CONTROL-01717,templates/partials/dashboards/admin/operations.html,209,link,a,Create Cluster,,,,/clusters,,,{},False,,Not individually executed
CONTROL-01718,templates/partials/dashboards/admin/operations.html,210,link,a,New Request,,,,/fund-requests/weekly,,,{},False,,Not individually executed
CONTROL-01719,templates/partials/dashboards/cceo/week.html,25,link,a,View Calendar,,,,/calendar,,,{},False,,Not individually executed
CONTROL-01720,templates/partials/dashboards/cceo/week.html,38,link,a,View all →,,,,/my-plan,,,{},False,,Not individually executed
CONTROL-01721,templates/partials/dashboards/cceo/week.html,61,button,button,Actions for {{ r.activity }} at {{ r.where }},,,button,,,,"{""@click"": ""toggle()""}",False,,Not individually executed
CONTROL-01722,templates/partials/dashboards/cceo/week.html,71,button,button,Complete,,,button,{{ r.complete_url }},,,"{""hx-get"": ""{{ r.complete_url }}"", ""hx-target"": ""#drawer-container"", ""hx-swap"": ""innerHTML"", ""@click"": ""close()""}",False,,Not individually executed
CONTROL-01723,templates/partials/dashboards/cceo/week.html,74,button,button,Reschedule,,,button,{{ r.reschedule_url }},,,"{""hx-get"": ""{{ r.reschedule_url }}"", ""hx-target"": ""#drawer-container"", ""hx-swap"": ""innerHTML"", ""@click"": ""close()""}",False,,Not individually executed
CONTROL-01724,templates/partials/dashboards/cceo/week.html,77,link,a,Discuss this activity,,,,{{ r.discuss_url }},,,{},False,,Not individually executed
CONTROL-01725,templates/partials/dashboards/cceo/week.html,97,link,a,View all →,,,,/planning,,,{},False,,Not individually executed
CONTROL-01726,templates/partials/dashboards/cceo/week.html,112,link,a,{{ r.action_label }},,,,{{ r.action_url }},,,{},False,,Not individually executed
CONTROL-01727,templates/partials/dashboards/cceo/week.html,129,link,a,View all →,,,,/planning,,,{},False,,Not individually executed
CONTROL-01728,templates/partials/dashboards/cceo/week.html,143,link,a,{{ r.action_label }},,,,{{ r.action_url }},,,{},False,,Not individually executed
CONTROL-01729,templates/partials/dashboards/cd/_impact_findings.html,15,link,a,Open impact reports →,,,,/ia/impact-reports/,,,{},False,,Not individually executed
CONTROL-01730,templates/partials/dashboards/cd/_impact_findings.html,19,link,a,{{ impact_findings.latest.title }},,,,/ia/impact-reports/{{ impact_findings.latest.report_id }}/,,,{},False,,Not individually executed
CONTROL-01731,templates/partials/dashboards/cd/_impact_findings.html,33,link,a,Respond,,,,/ia/impact-reports/{{ row.report_id }}/#recommendations,,,{},False,,Not individually executed
CONTROL-01732,templates/partials/dashboards/cd/body.html,24,link,a,{{ c.action }} →,,,,{{ c.link }},,,{},False,,Not individually executed
CONTROL-01733,templates/partials/dashboards/cd/map_view.html,56,link,a,{{ d.name }},,,,/analytics/country-director?fy={{ fy }}&district={{ d.id }},,,{},False,,Not individually executed
CONTROL-01734,templates/partials/dashboards/cd/operations.html,113,button,button,Approve,,,,/dashboard/cd-approve?id={{ r.id }}&fy={{ fy }},,,"{""hx-post"": ""/dashboard/cd-approve?id={{ r.id }}&fy={{ fy }}"", ""hx-target"": ""#cd-dashboard-body"", ""hx-swap"": ""innerHTML""}",False,,Not individually executed
CONTROL-01735,templates/partials/dashboards/cd/operations.html,118,field,input,Reason for returning this request,,reason,text,,/dashboard/cd-return?id={{ r.id }}&fy={{ fy }},get,{},False,,Not individually executed
CONTROL-01736,templates/partials/dashboards/cd/operations.html,119,button,button,Return,,,submit,,/dashboard/cd-return?id={{ r.id }}&fy={{ fy }},get,{},False,,Not individually executed
CONTROL-01737,templates/partials/dashboards/cd/operations.html,121,link,a,Review,,,,/fund-approvals,,,{},False,,Not individually executed
CONTROL-01738,templates/partials/dashboards/cd/operations.html,141,link,a,Open,,,,/country-budget/,,,{},False,,Not individually executed
CONTROL-01739,templates/partials/dashboards/cd/operations.html,159,link,a,Full analytics →,,,,/analytics/country-director,,,{},False,,Not individually executed
CONTROL-01740,templates/partials/dashboards/cd/operations.html,258,link,a,Open fund requests →,,,,/fund-requests/weekly,,,{},False,,Not individually executed
CONTROL-01741,templates/partials/dashboards/cd/operations.html,268,link,a,Open verification analytics →,,,,/ia/analytics/,,,{},False,,Not individually executed
CONTROL-01742,templates/partials/dashboards/cd/operations.html,320,link,a,{{ c.count|intcomma }} {{ c.label }} {{ c.helper }},,,,{{ c.link }},,,{},False,,Not individually executed
CONTROL-01743,templates/partials/dashboards/cd/operations.html,392,link,a,View all priority schools →,,,,/analytics/country-director/drilldown?drill=risk&issue=no_ssa&fy={{ fy }},,,{},False,,Not individually executed
CONTROL-01744,templates/partials/dashboards/cd/operations.html,417,link,a,Inspect,,,,/analytics/country-director/drilldown?drill=risk&issue=no_ssa&fy={{ fy }},,,{},False,,Not individually executed
CONTROL-01745,templates/partials/dashboards/cd/operations.html,430,link,a,Country Field Intelligence (last {{ field_debrief_intel.days }} days) Open Field Debriefs → {{ field_debrief_intel.total }} Debriefs Filed {{ field_debrief_intel.critical }} Critical Risk {{ field_debrief_intel.action_required }} Action Required {{ f,,,,/debriefs,,,{},False,,Not individually executed
CONTROL-01746,templates/partials/dashboards/cd/operations.html,465,link,a,{{ q.label }} {{ q.helper }},,,,{{ q.url }},,,{},False,,Not individually executed
CONTROL-01747,templates/partials/dashboards/hr/body.html,29,link,a,{{ item.action }} →,,,,{{ item.url }},,,{},False,,Not individually executed
CONTROL-01748,templates/partials/dashboards/hr/body.html,38,link,a,{{ group.label }} {{ group.count }},,,,/hr-today#queue-{{ group.key }},,,{},False,,Not individually executed
CONTROL-01749,templates/partials/dashboards/hr/operations.html,29,link,a,Workforce planning →,,,,/workforce-planning,,,{},False,,Not individually executed
CONTROL-01750,templates/partials/dashboards/hr/operations.html,93,link,a,Pipeline →,,,,/candidate-pipeline,,,{},False,,Not individually executed
CONTROL-01751,templates/partials/dashboards/hr/operations.html,96,link,a,Open roles{{ recruitment.open }}{{ recruitment.replacements }} replacement{{ recruitment.replacements|pluralize }},,,,/recruitment,,,{},False,,Not individually executed
CONTROL-01752,templates/partials/dashboards/hr/operations.html,97,link,a,Awaiting approval{{ recruitment.pending_approval }}requests with the CD,,,,/recruitment,,,{},False,,Not individually executed
CONTROL-01753,templates/partials/dashboards/hr/operations.html,126,link,a,Performance cycle →,,,,/hr/performance-cycle,,,{},False,,Not individually executed
CONTROL-01754,templates/partials/dashboards/hr/operations.html,149,link,a,Reviews →,,,,/performance-reviews,,,{},False,,Not individually executed
CONTROL-01755,templates/partials/dashboards/hr/operations.html,171,link,a,Recovery plans →,,,,/recovery-plans,,,{},False,,Not individually executed
CONTROL-01756,templates/partials/dashboards/hr/operations.html,186,link,a,CPD & Learning →,,,,/cpd-learning,,,{},False,,Not individually executed
CONTROL-01757,templates/partials/dashboards/hr/operations.html,189,link,a,Awaiting HR{{ development.awaiting_hr|add:development.awaiting_signoff }}{{ development.awaiting_hr }} to approve · {{ development.awaiting_signoff }} to sign off,,,,/cpd-learning,,,{},False,,Not individually executed
CONTROL-01758,templates/partials/dashboards/hr/operations.html,213,link,a,Pulse surveys →,,,,/pulse-surveys,,,{},False,,Not individually executed
CONTROL-01759,templates/partials/dashboards/hr/operations.html,263,link,a,Cases →,,,,/employee-relations,,,{},False,,Not individually executed
CONTROL-01760,templates/partials/dashboards/hr/operations.html,280,link,a,Incidents →,,,,/health-safety,,,{},False,,Not individually executed
CONTROL-01761,templates/partials/dashboards/hr/operations.html,297,link,a,Recognition →,,,,/recognition,,,{},False,,Not individually executed
CONTROL-01762,templates/partials/dashboards/hr/operations.html,300,link,a,Morale {{ morale.overall.score|floatformat:1 }} of 5 —,,,,/pulse-surveys,,,{},False,,Not individually executed
CONTROL-01763,templates/partials/dashboards/hr/operations.html,301,link,a,Open surveys{{ morale.open_surveys }}{{ morale.open_answers }} answer{{ morale.open_answers|pluralize }} so far,,,,/pulse-surveys,,,{},False,,Not individually executed
CONTROL-01764,templates/partials/dashboards/hr/operations.html,320,link,a,Field Debrief →,,,,/debriefs,,,{},False,,Not individually executed
CONTROL-01765,templates/partials/dashboards/hr/operations.html,350,link,a,Register →,,,,/compliance-register,,,{},False,,Not individually executed
CONTROL-01766,templates/partials/dashboards/hr/operations.html,394,link,a,Policies →,,,,/policies,,,{},False,,Not individually executed
CONTROL-01767,templates/partials/dashboards/hr/operations.html,423,link,a,Leave tracker →,,,,/leave/tracker,,,{},False,,Not individually executed
CONTROL-01768,templates/partials/dashboards/hr/operations.html,426,link,a,Awaiting decision{{ leave.pending }},,,,/leave/approvals,,,{},False,,Not individually executed
CONTROL-01769,templates/partials/dashboards/hr/operations.html,427,link,a,Out today{{ leave.on_leave_today }},,,,/leave/tracker,,,{},False,,Not individually executed
CONTROL-01770,templates/partials/dashboards/hr/operations.html,428,link,a,Coverage clashes{{ leave.coverage_clashes }}in the next 7 days,,,,/leave/coverage,,,{},False,,Not individually executed
CONTROL-01771,templates/partials/dashboards/hr/operations.html,445,link,a,Register →,,,,/compensation-benefits,,,{},False,,Not individually executed
CONTROL-01772,templates/partials/dashboards/hr/operations.html,461,link,a,Organisation →,,,,/org-structure,,,{},False,,Not individually executed
CONTROL-01773,templates/partials/dashboards/hr/operations.html,492,link,a,HR Today →,,,,/hr-today,,,{},False,,Not individually executed
CONTROL-01774,templates/partials/dashboards/hr/operations.html,513,link,a,Open {{ row.type }} for {{ row.name }},,,,{{ row.url }},,,{},False,,Not individually executed
CONTROL-01775,templates/partials/dashboards/hr/operations.html,537,button,button,{{ action.label }},,,button,{{ action.url }},,,"{""hx-get"": ""{{ action.url }}"", ""hx-target"": ""#drawer-container"", ""hx-swap"": ""innerHTML""}",False,,Not individually executed
CONTROL-01776,templates/partials/dashboards/hr/operations.html,542,link,a,{{ action.label }},,,,{{ action.url }},,,{},False,,Not individually executed
CONTROL-01777,templates/partials/dashboards/hr/view.html,2,link,a,Reset,hr-filter-reset,,,/dashboard?view={{ dashboard_view }},,,"{""hx-swap-oob"": ""outerHTML""}",False,,Not individually executed
CONTROL-01778,templates/partials/dashboards/pl/approval_queue.html,20,link,a,{{ r.action_label }},,,,{{ r.url }},,,{},False,,Not individually executed
CONTROL-01779,templates/partials/dashboards/pl/body.html,22,link,a,{{ a.action }} →,,,,{{ a.url }},,,{},False,,Not individually executed
CONTROL-01780,templates/partials/dashboards/pl/cceo_performance.html,58,button,button,View performance details for {{ c.name }},,,button,/analytics/program-lead/drilldown?drill=cceo&id={{ c.staff_id }}&fy={{ fy }},,,"{""hx-get"": ""/analytics/program-lead/drilldown?drill=cceo&id={{ c.staff_id }}&fy={{ fy }}"", ""hx-target"": ""#drawer-container"", ""hx-swap"": ""innerHTML""}",False,,Not individually executed
CONTROL-01781,templates/partials/dashboards/pl/coaching_view.html,18,link,a,Coaching log →,,,,{{ coaching_links.coaching }},,,{},False,,Not individually executed
CONTROL-01782,templates/partials/dashboards/pl/coaching_view.html,35,link,a,Performance Reviews,,,,{{ coaching_links.reviews }},,,{},False,,Not individually executed
CONTROL-01783,templates/partials/dashboards/pl/coaching_view.html,36,link,a,Recovery Plans,,,,{{ coaching_links.recovery }},,,{},False,,Not individually executed
CONTROL-01784,templates/partials/dashboards/pl/coaching_view.html,37,link,a,Professional Development,,,,{{ coaching_links.development }},,,{},False,,Not individually executed
CONTROL-01785,templates/partials/dashboards/pl/coaching_view.html,62,link,a,{{ row.catch_up }} to approve,,,,{{ coaching_links.team_targets }},,,{},False,,Not individually executed
CONTROL-01786,templates/partials/dashboards/pl/coaching_view.html,63,link,a,{{ row.pd_to_review }} to review,,,,{{ coaching_links.development }},,,{},False,,Not individually executed
CONTROL-01787,templates/partials/dashboards/pl/coaching_view.html,67,link,a,Coaching for {{ row.name }},,,,{{ row.coaching_url }},,,{},False,,Not individually executed
CONTROL-01788,templates/partials/dashboards/pl/coaching_view.html,67,link,a,Conversation with {{ row.name }},,,,{{ row.conversation_url }},,,{},False,,Not individually executed
CONTROL-01789,templates/partials/dashboards/pl/coaching_view.html,80,link,a,See the SF IDs pending,,,,/dashboard/pl-drilldown?drill=sf_backlog&fy={{ fy }},,,"{""hx-get"": ""/dashboard/pl-drilldown?drill=sf_backlog&fy={{ fy }}"", ""hx-target"": ""#drawer-container"", ""hx-swap"": ""innerHTML""}",False,,Not individually executed
CONTROL-01790,templates/partials/dashboards/pl/coaching_view.html,80,link,a,Evidence Center,,,,{{ coaching_links.evidence }},,,{},False,,Not individually executed
CONTROL-01791,templates/partials/dashboards/pl/collaboration_view.html,21,link,a,Training Feedback,,,,{{ collaboration_urls.feedback }},,,{},False,,Not individually executed
CONTROL-01792,templates/partials/dashboards/pl/collaboration_view.html,22,link,a,Regional Lead Coaching →,,,,{{ collaboration_urls.coaching }},,,{},False,,Not individually executed
CONTROL-01793,templates/partials/dashboards/pl/collaboration_view.html,58,link,a,Quality Flags,,,,{{ collaboration_urls.flags }},,,{},False,,Not individually executed
CONTROL-01794,templates/partials/dashboards/pl/collaboration_view.html,59,link,a,Escalations →,,,,{{ collaboration_urls.escalations }},,,{},False,,Not individually executed
CONTROL-01795,templates/partials/dashboards/pl/collaboration_view.html,106,link,a,Partner Oversight →,,,,{{ collaboration_urls.partners }},,,{},False,,Not individually executed
CONTROL-01796,templates/partials/dashboards/pl/collaboration_view.html,123,link,a,,,,,{{ item.url }},,,{},False,,Not individually executed
CONTROL-01797,templates/partials/dashboards/pl/collaboration_view.html,132,link,a,Confirm partner invoices in Fund Approvals,,,,{{ collaboration_urls.invoices }},,,{},False,,Not individually executed
CONTROL-01798,templates/partials/dashboards/pl/collaboration_view.html,142,link,a,Visit requests →,,,,{{ collaboration_urls.visit_requests }},,,{},False,,Not individually executed
CONTROL-01799,templates/partials/dashboards/pl/priorities_view.html,18,link,a,Priorities →,,,,{{ priorities.url }},,,{},False,,Not individually executed
CONTROL-01800,templates/partials/dashboards/pl/priorities_view.html,44,link,a,Target Distribution →,,,,{{ distribution.url }},,,{},False,,Not individually executed
CONTROL-01801,templates/partials/dashboards/pl/priorities_view.html,90,link,a,Team Guidance →,,,,{{ guidance_url }},,,{},False,,Not individually executed
CONTROL-01802,templates/partials/dashboards/pl/programmes_view.html,20,link,a,SSA rollout →,,,,{{ rollout_urls.ssa }},,,{},False,,Not individually executed
CONTROL-01803,templates/partials/dashboards/pl/programmes_view.html,60,link,a,Trainings →,,,,{{ rollout_urls.trainings }},,,{},False,,Not individually executed
CONTROL-01804,templates/partials/dashboards/pl/programmes_view.html,84,link,a,Spiritual →,,,,{{ rollout_urls.spiritual }},,,{},False,,Not individually executed
CONTROL-01805,templates/partials/dashboards/pl/ssa_intelligence.html,17,disclosure,summary,{{ district.grouper }} {{ district.list|length }} cluster{{ district.list|length|pluralize }},,,,,,,{},False,,Not individually executed
CONTROL-01806,templates/partials/dashboards/pl/team_view.html,17,link,a,My Team →,,,,{{ roster_url }},,,{},False,,Not individually executed
CONTROL-01807,templates/partials/dashboards/pl/team_view.html,31,link,a,Approvals by officer,,,,/dashboard/pl-drilldown?drill=approvals&fy={{ fy }},,,"{""hx-get"": ""/dashboard/pl-drilldown?drill=approvals&fy={{ fy }}"", ""hx-target"": ""#drawer-container"", ""hx-swap"": ""innerHTML""}",False,,Not individually executed
CONTROL-01808,templates/partials/dashboards/pl/team_view.html,48,link,a,{{ group.action_label }},,,,{{ group.url }},,,{},False,,Not individually executed
CONTROL-01809,templates/partials/dashboards/pl/team_view.html,62,link,a,Team Availability →,,,,{{ team_week.availability_url }},,,{},False,,Not individually executed
CONTROL-01810,templates/partials/dashboards/pl/team_view.html,111,link,a,See the team's scheduled work this week,,,,/dashboard/pl-drilldown?drill=week&fy={{ fy }},,,"{""hx-get"": ""/dashboard/pl-drilldown?drill=week&fy={{ fy }}"", ""hx-target"": ""#drawer-container"", ""hx-swap"": ""innerHTML""}",False,,Not individually executed
CONTROL-01811,templates/partials/dashboards/pl/team_view.html,122,link,a,Team Assignments →,,,,{{ follow_ups.url }},,,{},False,,Not individually executed
CONTROL-01812,templates/partials/dashboards/pl/urgent_schools_page.html,12,link,a,Previous,,,,/dashboard?{{ urgent_pagination_query }}&urgent_page={{ urgent_pagination.previous_page }}#urgent-schools,,,"{""hx-get"": ""/dashboard/pl-urgent-schools?{{ urgent_pagination_query }}&urgent_page={{ urgent_pagination.previous_page }}"", ""hx-target"": ""#urgent-schools-content"", ""hx-swap"": ""innerHTML""}",False,,Not individually executed
CONTROL-01813,templates/partials/dashboards/pl/urgent_schools_page.html,22,link,a,Next,,,,/dashboard?{{ urgent_pagination_query }}&urgent_page={{ urgent_pagination.next_page }}#urgent-schools,,,"{""hx-get"": ""/dashboard/pl-urgent-schools?{{ urgent_pagination_query }}&urgent_page={{ urgent_pagination.next_page }}"", ""hx-target"": ""#urgent-schools-content"", ""hx-swap"": ""innerHTML""}",False,,Not individually executed
CONTROL-01814,templates/partials/dashboards/rpl/follow_ups.html,11,link,a,Actions sent →,,,,/actions/sent,,,{},False,,Not individually executed
CONTROL-01815,templates/partials/dashboards/rpl/impact.html,13,link,a,SSA performance →,,,,/ssa?fy={{ fy }},,,{},False,,Not individually executed
CONTROL-01816,templates/partials/dashboards/rpl/lead_roster.html,14,link,a,Log a coaching conversation,,,,/cce-leadership/engagements,,,"{""hx-get"": ""/cce-leadership/engagements/new?kind=pl_coaching"", ""hx-target"": ""#drawer-container"", ""hx-swap"": ""innerHTML""}",False,,Not individually executed
CONTROL-01817,templates/partials/dashboards/rpl/lead_roster.html,15,link,a,All team plans →,,,,/team-planning-oversight/?fy={{ fy }},,,{},False,,Not individually executed
CONTROL-01818,templates/partials/dashboards/rpl/lead_roster.html,44,link,a,{{ lead.open_follow_ups }} open,,,,/actions/sent,,,{},False,,Not individually executed
CONTROL-01819,templates/partials/dashboards/rpl/lead_roster.html,47,link,a,Open plan for {{ lead.name }},,,,{{ lead.oversight_url }},,,{},False,,Not individually executed
CONTROL-01820,templates/partials/dashboards/rpl/lead_roster.html,65,link,a,Review the unassigned work,,,,{{ roster.unassigned_url }},,,{},False,,Not individually executed
CONTROL-01821,templates/partials/dashboards/rpl/priorities.html,12,link,a,Priorities register →,,,,/priorities/master,,,{},False,,Not individually executed
CONTROL-01822,templates/partials/dashboards/rpl/report.html,11,link,a,Monthly reports →,,,,/cce-leadership/reports,,,{},False,,Not individually executed
CONTROL-01823,templates/partials/dashboards/rpl/rhythm.html,16,link,a,Engagement log →,,,,/cce-leadership/engagements,,,{},False,,Not individually executed
CONTROL-01824,templates/partials/dashboards/rpl/ssa_needs.html,15,link,a,SSA performance →,,,,/ssa?fy={{ fy }},,,{},False,,Not individually executed
CONTROL-01825,templates/partials/dashboards/rpl/training_quality.html,15,link,a,Observe a training,,,,/cce-leadership/engagements,,,"{""hx-get"": ""/cce-leadership/engagements/new?kind=training_observation"", ""hx-target"": ""#drawer-container"", ""hx-swap"": ""innerHTML""}",False,,Not individually executed
CONTROL-01826,templates/partials/dashboards/rpl/training_quality.html,16,link,a,Impact analytics →,,,,/impact,,,{},False,,Not individually executed
CONTROL-01827,templates/partials/dashboards/rpl/view.html,2,link,a,Reset,rpl-filter-reset,,,/dashboard?view={{ dashboard_view }},,,"{""hx-swap-oob"": ""outerHTML""}",False,,Not individually executed
CONTROL-01828,templates/partials/dashboards/rvp/approvals_drawer.html,26,button,button,Approve,,,submit,,/country-budget/action,post,{},False,,Not individually executed
CONTROL-01829,templates/partials/dashboards/rvp/approvals_drawer.html,32,field,input,Reason…,,reason,text,,/country-budget/action,post,{},False,,Not individually executed
CONTROL-01830,templates/partials/dashboards/rvp/approvals_drawer.html,33,button,button,Return,,,submit,,/country-budget/action,post,{},False,,Not individually executed
CONTROL-01831,templates/partials/dashboards/rvp/approvals_drawer.html,59,button,button,Approve & Lock,,,submit,,/rvp/annual/{{ a.id }}/action,post,{},False,,Not individually executed
CONTROL-01832,templates/partials/dashboards/rvp/approvals_drawer.html,63,field,input,Reason…,,note,text,,/rvp/annual/{{ a.id }}/action,post,{},False,,Not individually executed
CONTROL-01833,templates/partials/dashboards/rvp/approvals_drawer.html,64,button,button,Return,,,submit,,/rvp/annual/{{ a.id }}/action,post,{},False,,Not individually executed
CONTROL-01834,templates/partials/dashboards/rvp/operations.html,117,button,button,Open Approval Center,,,button,/rvp/approvals?fy={{ fy }},,,"{""hx-get"": ""/rvp/approvals?fy={{ fy }}"", ""hx-target"": ""#drawer-container"", ""hx-swap"": ""innerHTML""}",False,,Not individually executed
CONTROL-01835,templates/partials/dashboards/rvp/operations.html,155,field,select,Action,,action,,,/rvp/project/{{ p.id }}/decision,post,{},False,,Not individually executed
CONTROL-01836,templates/partials/dashboards/rvp/operations.html,274,link,a,{{ qa.label }} ›,,,,{{ qa.url }},,,{},False,,Not individually executed
CONTROL-01837,templates/partials/dashboards/rvp/operations.html,303,button,button,Approve,,,submit,,/country-budget/action,post,{},False,,Not individually executed
CONTROL-01838,templates/partials/dashboards/rvp/operations.html,309,field,input,Return reason…,,reason,text,,/country-budget/action,post,{},False,,Not individually executed
CONTROL-01839,templates/partials/dashboards/rvp/operations.html,310,button,button,Return,,,submit,,/country-budget/action,post,{},False,,Not individually executed
CONTROL-01840,templates/partials/dashboards/rvp/operations.html,328,button,button,Approve & Lock,,,submit,,/rvp/annual/{{ a.id }}/action,post,{},False,,Not individually executed
CONTROL-01841,templates/partials/dashboards/rvp/operations.html,332,field,input,Return reason…,,note,text,,/rvp/annual/{{ a.id }}/action,post,{},False,,Not individually executed
CONTROL-01842,templates/partials/dashboards/rvp/operations.html,333,button,button,Return,,,submit,,/rvp/annual/{{ a.id }}/action,post,{},False,,Not individually executed
CONTROL-01843,templates/partials/dashboards/rvp/operations.html,339,button,button,View All Approvals,,,button,/rvp/approvals?fy={{ fy }},,,"{""hx-get"": ""/rvp/approvals?fy={{ fy }}"", ""hx-target"": ""#drawer-container"", ""hx-swap"": ""innerHTML""}",False,,Not individually executed
CONTROL-01844,templates/partials/dashboards/rvp/operations.html,346,link,a,{{ a.priority|upper }}{{ a.label }},,,,{{ a.url }},,,{},False,,Not individually executed
CONTROL-01845,templates/partials/dashboards/rvp/operations.html,354,link,a,"Regional Field Intelligence (escalated & critical, last {{ field_debrief_intel.days }} days) {{ field_debrief_intel.critical }} Critical Risk {{ field_debrief_intel.escalated }} Escalated Top challenge among these: {{ field_debrief_intel.top_challeng",,,,/debriefs?tab=escalated,,,{},False,,Not individually executed
CONTROL-01846,templates/partials/dashboards/rvp/operations.html,376,button,button,+ New Note,,,button,,,,"{""@click"": ""showNote = true""}",False,,Not individually executed
CONTROL-01847,templates/partials/dashboards/rvp/operations.html,406,button,button,Close strategy note form,,,button,,,,"{""@click"": ""showNote = false""}",False,,Not individually executed
CONTROL-01848,templates/partials/dashboards/rvp/operations.html,413,field,input,School Leadership,,priority,text,,/rvp/strategy-note,post,{},False,,Not individually executed
CONTROL-01849,templates/partials/dashboards/rvp/operations.html,417,field,input,Regional / Uganda,,scope,text,,/rvp/strategy-note,post,{},False,,Not individually executed
CONTROL-01850,templates/partials/dashboards/rvp/operations.html,422,field,textarea,"What must happen, and why…",,instruction,,,/rvp/strategy-note,post,{},False,,Not individually executed
CONTROL-01851,templates/partials/dashboards/rvp/operations.html,427,field,select,Responsible CD ID,,responsible_cd_id,,,/rvp/strategy-note,post,{},False,,Not individually executed
CONTROL-01852,templates/partials/dashboards/rvp/operations.html,434,field,input,Deadline,,deadline,date,,/rvp/strategy-note,post,{},False,,Not individually executed
CONTROL-01853,templates/partials/dashboards/rvp/operations.html,439,field,input,Measurable result expected,,expected_outcome,text,,/rvp/strategy-note,post,{},False,,Not individually executed
CONTROL-01854,templates/partials/dashboards/rvp/operations.html,441,button,button,Save Strategy Note,,,submit,,/rvp/strategy-note,post,{},False,,Not individually executed
CONTROL-01855,templates/partials/dashboards/special_projects/operations.html,5,link,a,View all,,,,/projects/my-plan#project-attention,,,{},False,,Not individually executed
CONTROL-01856,templates/partials/dashboards/special_projects/operations.html,10,link,a,{{ item.action_label }}→,,,,{{ item.url }},,,{},False,,Not individually executed
CONTROL-01857,templates/partials/dashboards/special_projects/operations.html,27,link,a,{{ item.action_label }} →,,,,{{ item.url }},,,{},False,,Not individually executed
CONTROL-01858,templates/partials/dashboards/special_projects/operations.html,36,link,a,{{ selected.next_step_cta }},,,,{{ selected.next_step_href }},,,{},False,,Not individually executed
CONTROL-01859,templates/partials/dashboards/special_projects/operations.html,38,link,a,Open plan,,,,/projects/my-plan?period=week,,,{},False,,Not individually executed
CONTROL-01860,templates/partials/dashboards/special_projects/operations.html,38,link,a,{{ item.title }}{{ item.project }} · {{ item.purpose }},,,,{{ item.url }},,,{},False,,Not individually executed
CONTROL-01861,templates/partials/dashboards/special_projects/operations.html,43,link,a,Portfolio,,,,/projects,,,{},False,,Not individually executed
CONTROL-01862,templates/partials/dashboards/special_projects/operations.html,43,link,a,Review,,,,{{ item.action_url }},,,{},False,,Not individually executed
CONTROL-01863,templates/partials/dashboards/special_projects/operations.html,44,link,a,View all,,,,/projects,,,{},False,,Not individually executed
CONTROL-01864,templates/partials/dashboards/special_projects/operations.html,44,link,a,{{ item.name }},,,,/projects/{{ item.id }},,,{},False,,Not individually executed
CONTROL-01865,templates/partials/dashboards/urgent_schools_table.html,26,link,a,{{ row.school }},,,,/schools/{{ row.school_id }},,,{},False,,Not individually executed
CONTROL-01866,templates/partials/dashboards/urgent_schools_table.html,52,button,button,Send {{ row.school }} to {{ row.owner_name }} for action,,,button,/dashboard/pl-send-urgent-action?school_id={{ row.id }}&fy={{ fy }},,,"{""hx-post"": ""/dashboard/pl-send-urgent-action?school_id={{ row.id }}&fy={{ fy }}"", ""hx-target"": ""#urgent-action-{{ row.id }}"", ""hx-swap"": ""innerHTML""}",False,,Not individually executed
CONTROL-01867,templates/partials/dashboards/urgent_schools_table.html,69,button,button,for {{ row.school }},,,button,{{ row.action_url }},,,"{""hx-get"": ""{{ row.action_url }}"", ""hx-target"": ""#drawer-container"", ""hx-swap"": ""innerHTML""}",False,,Not individually executed
CONTROL-01868,templates/partials/dashboards/urgent_schools_table.html,79,link,a,{{ row.action_label }} for {{ row.school }},,,,{{ row.action_url }},,,{},False,,Not individually executed
CONTROL-01869,templates/partials/dashboards/urgent_schools_table.html,86,button,button,Assign {{ row.school }} to a partner,,,button,{{ row.partner_url }},,,"{""hx-get"": ""{{ row.partner_url }}"", ""hx-target"": ""#drawer-container"", ""hx-swap"": ""innerHTML""}",False,,Not individually executed
CONTROL-01870,templates/partials/data_quality/issue_row.html,23,button,button,Assign to me,,,submit,,/data-quality/issue/{{ issue.id }}/action,get,{},False,,Not individually executed
CONTROL-01871,templates/partials/data_quality/issue_row.html,28,button,button,Resolve,,,submit,,/data-quality/issue/{{ issue.id }}/action,get,{},False,,Not individually executed
CONTROL-01872,templates/partials/debriefs/dashboard_body.html,104,link,a,View Action Center →,,,,/debriefs?tab=escalated,,,{},False,,Not individually executed
CONTROL-01873,templates/partials/debriefs/dashboard_body.html,138,link,a,View all →,,,,/debriefs?tab=peer_solutions,,,{},False,,Not individually executed
CONTROL-01874,templates/partials/debriefs/dashboard_body.html,143,link,a,{{ s.suggestion|truncatechars:80 }},,,,/debriefs/{{ s.debrief_id }},,,{},False,,Not individually executed
CONTROL-01875,templates/partials/debriefs/dashboard_body.html,184,button,button,Ack,,,submit,,/debriefs/action,post,{},False,,Not individually executed
CONTROL-01876,templates/partials/debriefs/dashboard_body.html,187,button,button,Dismiss,,,submit,,/debriefs/action,post,{},False,,Not individually executed
CONTROL-01877,templates/partials/debriefs/dashboard_table.html,5,button,button,Awaiting my review ({{ awaiting_review_count }}),,,button,/debriefs?partial=table&tab=awaiting_review,,,"{""hx-get"": ""/debriefs?partial=table&tab=awaiting_review"", ""hx-target"": ""#debrief-tracker-wrap"", ""hx-swap"": ""innerHTML""}",False,,Not individually executed
CONTROL-01878,templates/partials/debriefs/dashboard_table.html,9,button,button,All Debriefs,,,button,/debriefs?partial=table&tab=all,,,"{""hx-get"": ""/debriefs?partial=table&tab=all"", ""hx-target"": ""#debrief-tracker-wrap"", ""hx-swap"": ""innerHTML""}",False,,Not individually executed
CONTROL-01879,templates/partials/debriefs/dashboard_table.html,12,button,button,My Debriefs,,,button,/debriefs?partial=table&tab=mine,,,"{""hx-get"": ""/debriefs?partial=table&tab=mine"", ""hx-target"": ""#debrief-tracker-wrap"", ""hx-swap"": ""innerHTML""}",False,,Not individually executed
CONTROL-01880,templates/partials/debriefs/dashboard_table.html,15,button,button,Team Debriefs,,,button,/debriefs?partial=table&tab=team,,,"{""hx-get"": ""/debriefs?partial=table&tab=team"", ""hx-target"": ""#debrief-tracker-wrap"", ""hx-swap"": ""innerHTML""}",False,,Not individually executed
CONTROL-01881,templates/partials/debriefs/dashboard_table.html,18,button,button,Partner Debriefs,,,button,/debriefs?partial=table&tab=partner,,,"{""hx-get"": ""/debriefs?partial=table&tab=partner"", ""hx-target"": ""#debrief-tracker-wrap"", ""hx-swap"": ""innerHTML""}",False,,Not individually executed
CONTROL-01882,templates/partials/debriefs/dashboard_table.html,21,button,button,Escalated,,,button,/debriefs?partial=table&tab=escalated,,,"{""hx-get"": ""/debriefs?partial=table&tab=escalated"", ""hx-target"": ""#debrief-tracker-wrap"", ""hx-swap"": ""innerHTML""}",False,,Not individually executed
CONTROL-01883,templates/partials/debriefs/dashboard_table.html,24,button,button,Peer Solutions,,,button,/debriefs?partial=table&tab=peer_solutions,,,"{""hx-get"": ""/debriefs?partial=table&tab=peer_solutions"", ""hx-target"": ""#debrief-tracker-wrap"", ""hx-swap"": ""innerHTML""}",False,,Not individually executed
CONTROL-01884,templates/partials/debriefs/dashboard_table.html,61,link,a,{{ r.title }},,,,/debriefs/{{ r.id }},,,{},False,,Not individually executed
CONTROL-01885,templates/partials/debriefs/dashboard_table.html,85,button,button,Previous,,,button,/debriefs?partial=table&tab={{ tab }}&page={{ table_page|add:'-1' }},,,"{""hx-get"": ""/debriefs?partial=table&tab={{ tab }}&page={{ table_page|add:'-1' }}"", ""hx-target"": ""#debrief-tracker-wrap"", ""hx-swap"": ""innerHTML""}",True,,Not individually executed
CONTROL-01886,templates/partials/debriefs/dashboard_table.html,89,button,button,Next,,,button,/debriefs?partial=table&tab={{ tab }}&page={{ table_page|add:'1' }},,,"{""hx-get"": ""/debriefs?partial=table&tab={{ tab }}&page={{ table_page|add:'1' }}"", ""hx-target"": ""#debrief-tracker-wrap"", ""hx-swap"": ""innerHTML""}",True,,Not individually executed
CONTROL-01887,templates/partials/decisions/insight_row.html,45,field,select,Decide… {{ label }},status-{{ i.id }},status,,,,POST,{},False,,Not individually executed
CONTROL-01888,templates/partials/decisions/insight_row.html,50,field,textarea,Optional note for the record,note-{{ i.id }},note,,,,POST,{},False,,Not individually executed
CONTROL-01889,templates/partials/decisions/insight_row.html,51,button,button,Record,,,submit,,,POST,{},False,,Not individually executed
CONTROL-01890,templates/partials/disbursements/_actions.html,12,link,a,View Full Plan,,,,{{ selected.plan_url }},,,{},False,,Not individually executed
CONTROL-01891,templates/partials/disbursements/_actions.html,18,button,button,Review Accountability,,,,/finance/actions/drawer?action=confirm_accountability&request_id={{ selected.weekly_id }},,,"{""hx-get"": ""/finance/actions/drawer?action=confirm_accountability&request_id={{ selected.weekly_id }}"", ""hx-target"": ""#drawer-container"", ""hx-swap"": ""innerHTML"", ""hx-indicator"": ""#fund-workspace-updating""}",False,,Not individually executed
CONTROL-01892,templates/partials/disbursements/_actions.html,22,button,button,Disburse,,,,/disbursements/drawer?type=disburse&item={{ selected.key }}&fy={{ fy }}&month={{ month }},,,"{""hx-get"": ""/disbursements/drawer?type=disburse&item={{ selected.key }}&fy={{ fy }}&month={{ month }}"", ""hx-target"": ""#drawer-container"", ""hx-swap"": ""innerHTML"", ""hx-indicator"": ""#fund-workspace-updating""}",False,,Not individually executed
CONTROL-01893,templates/partials/disbursements/_actions.html,26,button,button,Disburse Advance,,,,/finance/actions/drawer?action=disburse_advance&request_id={{ selected.weekly_id }},,,"{""hx-get"": ""/finance/actions/drawer?action=disburse_advance&request_id={{ selected.weekly_id }}"", ""hx-target"": ""#drawer-container"", ""hx-swap"": ""innerHTML"", ""hx-indicator"": ""#fund-workspace-updating""}",False,,Not individually executed
CONTROL-01894,templates/partials/disbursements/_actions.html,30,button,button,Pay Partner,,,,/finance/actions/drawer?action=clear_partner_payment&activity_id={{ selected.activity_id }},,,"{""hx-get"": ""/finance/actions/drawer?action=clear_partner_payment&activity_id={{ selected.activity_id }}"", ""hx-target"": ""#drawer-container"", ""hx-swap"": ""innerHTML"", ""hx-indicator"": ""#fund-workspace-updating""}",False,,Not individually executed
CONTROL-01895,templates/partials/disbursements/_actions.html,34,button,button,Process Reimbursement,,,,/finance/actions/drawer?action=process_reimbursement&advance_id={{ selected.advance_id }},,,"{""hx-get"": ""/finance/actions/drawer?action=process_reimbursement&advance_id={{ selected.advance_id }}"", ""hx-target"": ""#drawer-container"", ""hx-swap"": ""innerHTML"", ""hx-indicator"": ""#fund-workspace-updating""}",False,,Not individually executed
CONTROL-01896,templates/partials/disbursements/_actions.html,38,button,button,Return,,,,/disbursements/drawer?type=return&item={{ selected.key }}&fy={{ fy }}&month={{ month }},,,"{""hx-get"": ""/disbursements/drawer?type=return&item={{ selected.key }}&fy={{ fy }}&month={{ month }}"", ""hx-target"": ""#drawer-container"", ""hx-swap"": ""innerHTML"", ""hx-indicator"": ""#fund-workspace-updating""}",False,,Not individually executed
CONTROL-01897,templates/partials/disbursements/_actions.html,42,button,button,Hold,,,,/disbursements/drawer?type=hold&item={{ selected.key }}&fy={{ fy }}&month={{ month }},,,"{""hx-get"": ""/disbursements/drawer?type=hold&item={{ selected.key }}&fy={{ fy }}&month={{ month }}"", ""hx-target"": ""#drawer-container"", ""hx-swap"": ""innerHTML"", ""hx-indicator"": ""#fund-workspace-updating""}",False,,Not individually executed
CONTROL-01898,templates/partials/disbursements/_actions.html,54,button,button,Release Hold,,,submit,,/disbursements/action,get,{},False,,Not individually executed
CONTROL-01899,templates/partials/disbursements/_actions.html,57,link,a,Download Voucher,,,,{{ selected.voucher_url }},,,{},False,,Not individually executed
CONTROL-01900,templates/partials/disbursements/_filters.html,6,field,select,Fiscal year,,fy,,,/disbursements,get,{},False,,Not individually executed
CONTROL-01901,templates/partials/disbursements/_filters.html,12,field,select,Month,,month,,,/disbursements,get,{},False,,Not individually executed
CONTROL-01902,templates/partials/disbursements/_filters.html,29,field,select,Status,,status,,,/disbursements,get,{},False,,Not individually executed
CONTROL-01903,templates/partials/disbursements/disburse_drawer.html,30,field,input,Amount,,amount,number,,/disbursements/action,get,{},False,,Not individually executed
CONTROL-01904,templates/partials/disbursements/disburse_drawer.html,35,field,select,Method,,method,,,/disbursements/action,get,{},False,,Not individually executed
CONTROL-01905,templates/partials/disbursements/disburse_drawer.html,43,field,input,"e.g. TXN-2026-00184, bank slip no.",,reference,text,,/disbursements/action,get,{},False,,Not individually executed
CONTROL-01906,templates/partials/disbursements/disburse_drawer.html,50,button,button,Cancel,,,button,,/disbursements/action,get,"{""@click"": ""$dispatch('close-drawer')""}",False,,Not individually executed
CONTROL-01907,templates/partials/disbursements/disburse_drawer.html,51,button,button,Disburse Funds,,,submit,,/disbursements/action,get,{},False,,Not individually executed
CONTROL-01908,templates/partials/disbursements/hold_drawer.html,29,field,select,Reason,,reason,,,/disbursements/action,get,{},False,,Not individually executed
CONTROL-01909,templates/partials/disbursements/hold_drawer.html,36,field,textarea,Context for the hold…,,comment,,,/disbursements/action,get,{},False,,Not individually executed
CONTROL-01910,templates/partials/disbursements/hold_drawer.html,40,button,button,Cancel,,,button,,/disbursements/action,get,"{""@click"": ""$dispatch('close-drawer')""}",False,,Not individually executed
CONTROL-01911,templates/partials/disbursements/hold_drawer.html,41,button,button,Place on Hold,,,submit,,/disbursements/action,get,{},False,,Not individually executed
CONTROL-01912,templates/partials/disbursements/return_drawer.html,29,field,select,Reason,,reason,,,/disbursements/action,get,{},False,,Not individually executed
CONTROL-01913,templates/partials/disbursements/return_drawer.html,36,field,textarea,Add specifics for the requester to correct…,,comment,,,/disbursements/action,get,{},False,,Not individually executed
CONTROL-01914,templates/partials/disbursements/return_drawer.html,40,button,button,Cancel,,,button,,/disbursements/action,get,"{""@click"": ""$dispatch('close-drawer')""}",False,,Not individually executed
CONTROL-01915,templates/partials/disbursements/return_drawer.html,41,button,button,Return for Correction,,,submit,,/disbursements/action,get,{},False,,Not individually executed
CONTROL-01916,templates/partials/documents/upload_table.html,30,link,a,{{ row.title|truncatechars:60 }},,,,{{ row.detail_route }},,,{},False,,Not individually executed
CONTROL-01917,templates/partials/documents/upload_table.html,40,link,a,{{ row.next_action }},,,,{{ row.detail_route }},,,{},False,,Not individually executed
CONTROL-01918,templates/partials/documents/upload_table.html,57,link,a,Previous,,,,?tab={{ tab }}&page={{ page|add:-1 }},,,{},False,,Not individually executed
CONTROL-01919,templates/partials/documents/upload_table.html,58,link,a,Next,,,,?tab={{ tab }}&page={{ page|add:1 }},,,{},False,,Not individually executed
CONTROL-01920,templates/partials/evidence/workspace.html,5,tab,a,{{ tab.label }} {{ tab.count }},,,,?tab={{ tab.key }}                     &q={{ search_query|urlencode }}           ,,,"{""hx-get"": ""?tab={{ tab.key }}                     &q={{ search_query|urlencode }}           "", ""hx-target"": ""#evidence-workspace"", ""hx-swap"": ""outerHTML"", ""hx-push-url"": ""true""}",False,,Not individually executed
CONTROL-01921,templates/partials/evidence/workspace.html,32,link,a,Clear,,,,?tab={{ active_tab }},/evidence/,get,"{""hx-get"": ""?tab={{ active_tab }}"", ""hx-target"": ""#evidence-workspace"", ""hx-swap"": ""outerHTML"", ""hx-push-url"": ""true""}",False,,Not individually executed
CONTROL-01922,templates/partials/evidence/workspace.html,56,button,button,{{ row.action.label }},,,button,{{ row.action.url }},,,"{""hx-get"": ""{{ row.action.url }}"", ""hx-target"": ""#drawer-container"", ""hx-swap"": ""innerHTML""}",False,,Not individually executed
CONTROL-01923,templates/partials/evidence/workspace.html,62,link,a,{{ row.action.label }},,,,{{ row.action.url }},,,{},False,,Not individually executed
CONTROL-01924,templates/partials/evidence/workspace.html,89,link,a,Previous,,,,?tab={{ active_tab }}&page={{ page_obj.previous_page_number }}                     &q={{ search_query|urlencode }}           ,,,"{""hx-get"": ""?tab={{ active_tab }}&page={{ page_obj.previous_page_number }}                     &q={{ search_query|urlencode }}           "", ""hx-target"": ""#evidence-workspace"", ""hx-swap"": ""outerHTML"", ""hx-push-url"": ""true""}",False,,Not individually executed
CONTROL-01925,templates/partials/evidence/workspace.html,95,link,a,Next,,,,?tab={{ active_tab }}&page={{ page_obj.next_page_number }}                     &q={{ search_query|urlencode }}           ,,,"{""hx-get"": ""?tab={{ active_tab }}&page={{ page_obj.next_page_number }}                     &q={{ search_query|urlencode }}           "", ""hx-target"": ""#evidence-workspace"", ""hx-swap"": ""outerHTML"", ""hx-push-url"": ""true""}",False,,Not individually executed
CONTROL-01926,templates/partials/finance/accountant_actions.html,3,link,a,View Weekly Requests,,,,/accounts/weekly-requests,,,{},False,,Not individually executed
CONTROL-01927,templates/partials/finance/accountant_actions.html,7,link,a,Disburse in the Consolidated Queue,,,,/disbursements,,,{},False,,Not individually executed
CONTROL-01928,templates/partials/finance/accountant_actions.html,11,link,a,Returned Items,,,,/accounts/returned,,,{},False,,Not individually executed
CONTROL-01929,templates/partials/finance/accountant_filters.html,10,field,select,Filter fund queue by status,,status,,,/accounts,get,{},False,,Not individually executed
CONTROL-01930,templates/partials/finance/accountant_filters.html,17,field,select,Filter fund queue by district,,district,,,/accounts,get,{},False,,Not individually executed
CONTROL-01931,templates/partials/finance/accountant_filters.html,24,field,select,Sort the queue,,sort,,,/accounts,get,{},False,,Not individually executed
CONTROL-01932,templates/partials/finance/admin_budget_drilldown.html,78,button,button,Close,,,button,,,,"{""@click"": ""$dispatch('close-drawer')""}",False,,Not individually executed
CONTROL-01933,templates/partials/finance/admin_budget_drilldown.html,86,link,a,Export Breakdown,,,,/finance/fund-allocation?export=csv&export_mode=admin_only&month={{ selected_month }}&fy={{ selected_fy }},,,{},False,,Not individually executed
CONTROL-01934,templates/partials/finance/admin_budget_drilldown.html,93,link,a,View CD Monthly Plan,,,,/work-plan,,,{},False,,Not individually executed
CONTROL-01935,templates/partials/finance/allocation_drilldown_drawer.html,73,button,button,Close,,,button,,,,"{""@click"": ""$dispatch('close-drawer')""}",False,,Not individually executed
CONTROL-01936,templates/partials/finance/country_budget/execution.html,134,button,button,Hand to the Accountant,,,submit,,/country-budget/action,POST,{},False,,Not individually executed
CONTROL-01937,templates/partials/finance/country_budget/execution.html,142,button,button,Mark disbursed,,,submit,,/country-budget/action,POST,{},False,,Not individually executed
CONTROL-01938,templates/partials/finance/country_budget/execution.html,150,button,button,Close {{ month_label }},,,submit,,/country-budget/action,POST,{},False,,Not individually executed
CONTROL-01939,templates/partials/finance/country_budget/plan_sources_drawer.html,18,button,button,Close,,,,,,,"{""@click"": ""$dispatch('close-drawer')""}",False,,Not individually executed
CONTROL-01940,templates/partials/finance/country_budget/return_drawer.html,28,field,select,Reason,,reason,,,/country-budget/action,post,{},False,,Not individually executed
CONTROL-01941,templates/partials/finance/country_budget/return_drawer.html,35,field,textarea,Tell the CD what to correct before resubmission…,,comment,,,/country-budget/action,post,{},False,,Not individually executed
CONTROL-01942,templates/partials/finance/country_budget/return_drawer.html,39,button,button,Cancel,,,button,,/country-budget/action,post,"{""@click"": ""$dispatch('close-drawer')""}",False,,Not individually executed
CONTROL-01943,templates/partials/finance/country_budget/return_drawer.html,40,button,button,Return for Correction,,,submit,,/country-budget/action,post,{},False,,Not individually executed
CONTROL-01944,templates/partials/finance/country_budget/root.html,37,field,select,Month,,month,,,/country-budget,get,{},False,,Not individually executed
CONTROL-01945,templates/partials/finance/country_budget/root.html,54,field,select,Fiscal year,,fy,,,/country-budget,get,{},False,,Not individually executed
CONTROL-01946,templates/partials/finance/country_budget/root.html,60,field,select,Uganda,,,,,/country-budget,get,{},True,No submitted name or direct model; check JS binding,Not individually executed
CONTROL-01947,templates/partials/finance/country_budget/root.html,66,field,select,All Teams,,,,,/country-budget,get,{},True,No submitted name or direct model; check JS binding,Not individually executed
CONTROL-01948,templates/partials/finance/country_budget/root.html,74,link,a,Export,,,,/country-budget?export=csv&fy={{ fy }}&month={{ month }},,,{},False,,Not individually executed
CONTROL-01949,templates/partials/finance/country_budget/root.html,78,button,button,View Plan Sources,,,,/country-budget/plan-sources?fy={{ fy }}&month={{ month }},,,"{""hx-get"": ""/country-budget/plan-sources?fy={{ fy }}&month={{ month }}"", ""hx-target"": ""#drawer-container"", ""hx-swap"": ""innerHTML""}",False,,Not individually executed
CONTROL-01950,templates/partials/finance/country_budget/root.html,84,button,button,Send to RVP for Approval,,,,/country-budget/action,,,"{""hx-post"": ""/country-budget/action"", ""hx-target"": ""#country-budget-root"", ""hx-swap"": ""outerHTML"", ""hx-vals"": ""{\""action\"":\""send_to_rvp\"",\""budget_id\"":\""{{ budget_id }}\"",\""fy\"":\""{{ fy }}\"",\""month\"":\""{{ month }}\""}""}",True,,Not individually executed
CONTROL-01951,templates/partials/finance/country_budget/root.html,92,button,button,Approve,,,,/country-budget/action,,,"{""hx-post"": ""/country-budget/action"", ""hx-target"": ""#country-budget-root"", ""hx-swap"": ""outerHTML"", ""hx-vals"": ""{\""action\"":\""approve\"",\""budget_id\"":\""{{ budget_id }}\"",\""fy\"":\""{{ fy }}\"",\""month\"":\""{{ month }}\""}""}",False,,Not individually executed
CONTROL-01952,templates/partials/finance/country_budget/root.html,98,button,button,Return,,,,/country-budget/return?budget_id={{ budget_id }}&fy={{ fy }}&month={{ month }},,,"{""hx-get"": ""/country-budget/return?budget_id={{ budget_id }}&fy={{ fy }}&month={{ month }}"", ""hx-target"": ""#drawer-container"", ""hx-swap"": ""innerHTML""}",False,,Not individually executed
CONTROL-01953,templates/partials/finance/country_budget/root.html,117,field,input,Reason if returning,,note,,,/country-budget/action,get,{},False,,Not individually executed
CONTROL-01954,templates/partials/finance/country_budget/root.html,117,button,button,Approve,,action,submit,,/country-budget/action,get,{},False,,Not individually executed
CONTROL-01955,templates/partials/finance/country_budget/root.html,117,button,button,Return,,action,submit,,/country-budget/action,get,{},False,,Not individually executed
CONTROL-01956,templates/partials/finance/country_budget/root.html,126,disclosure,summary,Add Country Director admin budgetAdd office and operational costs that are not tied to a Program Lead activity.Add item,,,,,,,{},False,,Not individually executed
CONTROL-01957,templates/partials/finance/country_budget/root.html,129,field,input,e.g. Office internet,,description,,,/country-budget/action,get,{},False,,Not individually executed
CONTROL-01958,templates/partials/finance/country_budget/root.html,130,field,input,Cost category,,cost_category,,,/country-budget/action,get,{},False,,Not individually executed
CONTROL-01959,templates/partials/finance/country_budget/root.html,131,field,input,Quantity,,quantity,number,,/country-budget/action,get,{},False,,Not individually executed
CONTROL-01960,templates/partials/finance/country_budget/root.html,132,field,input,0,,unit_cost,number,,/country-budget/action,get,{},False,,Not individually executed
CONTROL-01961,templates/partials/finance/country_budget/root.html,133,button,button,Add admin item,,,submit,,/country-budget/action,get,{},False,,Not individually executed
CONTROL-01962,templates/partials/finance/country_budget/root.html,134,field,input,Short explanation for the RVP,,justification,,,/country-budget/action,get,{},False,,Not individually executed
CONTROL-01963,templates/partials/finance/export_drawer.html,24,field,select,Export Full Monthly Allocation (Combined) Export Field Activity Allocation Only Export Admin Budget Only (CD Items),export_mode,export_mode,,,/finance/fund-allocation,GET,{},False,,Not individually executed
CONTROL-01964,templates/partials/finance/export_drawer.html,37,button,button,Cancel,,,button,,/finance/fund-allocation,GET,"{""@click"": ""$dispatch('close-drawer')""}",False,,Not individually executed
CONTROL-01965,templates/partials/finance/export_drawer.html,44,button,button,Download CSV,,,submit,,/finance/fund-allocation,GET,"{""@click"": ""setTimeout(() => $dispatch('close-drawer'), 150)""}",False,,Not individually executed
CONTROL-01966,templates/partials/finance/finance_action_drawer.html,36,field,input,{{ item.totalAmount }},amount,amount,number,,/finance/actions/{{ action }},get,{},False,,Not individually executed
CONTROL-01967,templates/partials/finance/finance_action_drawer.html,49,field,select,Mobile Money Bank Transfer Cash / Petty Cash,method,method,,,/finance/actions/{{ action }},get,{},False,,Not individually executed
CONTROL-01968,templates/partials/finance/finance_action_drawer.html,64,field,input,e.g. TXN-123456789,reference,reference,text,,/finance/actions/{{ action }},get,{},False,,Not individually executed
CONTROL-01969,templates/partials/finance/finance_action_drawer.html,80,field,input,e.g. EXP-100458,netsuite_id,netsuite_id,text,,/finance/actions/{{ action }},get,{},False,,Not individually executed
CONTROL-01970,templates/partials/finance/finance_action_drawer.html,93,field,input,{{ item.estCostCents }},amount,amount,number,,/finance/actions/{{ action }},get,{},False,,Not individually executed
CONTROL-01971,templates/partials/finance/finance_action_drawer.html,106,field,input,e.g. bank transfer code,reference,reference,text,,/finance/actions/{{ action }},get,{},False,,Not individually executed
CONTROL-01972,templates/partials/finance/finance_action_drawer.html,122,field,input,e.g. EXP-200394,netsuite_id,netsuite_id,text,,/finance/actions/{{ action }},get,{},False,,Not individually executed
CONTROL-01973,templates/partials/finance/finance_action_drawer.html,135,field,input,{{ item.amount }},amount,amount,number,,/finance/actions/{{ action }},get,{},False,,Not individually executed
CONTROL-01974,templates/partials/finance/finance_action_drawer.html,148,field,input,e.g. Mobile money tx id,reference,reference,text,,/finance/actions/{{ action }},get,{},False,,Not individually executed
CONTROL-01975,templates/partials/finance/finance_action_drawer.html,196,field,textarea,"Explain what needs correction (e.g. missing receipts, incorrect amount)...",reason,reason,,,/finance/actions/{{ action }},get,{},False,,Not individually executed
CONTROL-01976,templates/partials/finance/finance_action_drawer.html,209,button,button,Cancel,,,button,,/finance/actions/{{ action }},get,"{""@click"": ""\nrequestClose()\n""}",False,,Not individually executed
CONTROL-01977,templates/partials/finance/finance_action_drawer.html,218,button,button,Confirm Action,,,submit,,/finance/actions/{{ action }},get,{},False,,Not individually executed
CONTROL-01978,templates/partials/finance/fund_workspace.html,38,link,a,Export,,,,{{ workspace.export_url }},,,{},False,,Not individually executed
CONTROL-01979,templates/partials/finance/fund_workspace.html,45,button,button,{{ workspace.primary_action.label }},,,button,{{ workspace.primary_action.hx_post }},,,"{""hx-post"": ""{{ workspace.primary_action.hx_post }}"", ""hx-target"": ""{{ workspace.primary_action.hx_target }}"", ""hx-swap"": ""innerHTML"", ""hx-confirm"": ""{{ workspace.primary_action.confirm }}"", ""hx-indicator"": ""#fund-workspace-updating"", ""hx-vals"": ""{{ workspace.primary_action.hx_vals|safe }}""}",False,,Not individually executed
CONTROL-01980,templates/partials/finance/fund_workspace.html,54,link,a,{{ workspace.primary_action.label }},,,,{{ workspace.primary_action.href }},,,{},False,,Not individually executed
CONTROL-01981,templates/partials/finance/fund_workspace.html,89,button,button,{{ item.name }} · {{ item.total_fmt }} · {{ item.status }},,,button,{{ item.hx_get }},,,"{""hx-get"": ""{{ item.hx_get }}"", ""hx-target"": ""{{ item.hx_target }}"", ""hx-swap"": ""innerHTML"", ""hx-indicator"": ""#fund-workspace-updating"", ""@click"": ""selectedKey = '{{ item.key }}'""}",False,,Not individually executed
CONTROL-01982,templates/partials/finance/fund_workspace.html,120,link,a,{{ side.month.link_label }},,,,{{ side.month.link }},,,{},False,,Not individually executed
CONTROL-01983,templates/partials/finance/fund_workspace.html,133,link,a,{{ side.progress.link_label }},,,,{{ side.progress.link }},,,{},False,,Not individually executed
CONTROL-01984,templates/partials/finance/fund_workspace.html,190,link,a,View all activity,,,,{{ workspace.recent_link }},,,{},False,,Not individually executed
CONTROL-01985,templates/partials/finance/monthly_request/root.html,28,link,a,Month,,,,?fy={{ fy }}&month={{ month }}&period=month,,,{},False,,Not individually executed
CONTROL-01986,templates/partials/finance/monthly_request/root.html,29,link,a,Quarter,,,,?fy={{ fy }}&month={{ month }}&period=quarter,,,{},False,,Not individually executed
CONTROL-01987,templates/partials/finance/monthly_request/root.html,30,link,a,Annual,,,,?fy={{ fy }}&month={{ month }}&period=fy,,,{},False,,Not individually executed
CONTROL-01988,templates/partials/finance/monthly_request/root.html,36,field,select,Month,,month,,,/accounts/monthly-request/,get,{},False,,Not individually executed
CONTROL-01989,templates/partials/finance/monthly_request/root.html,42,field,select,Financial year,,fy,,,/accounts/monthly-request/,get,{},False,,Not individually executed
CONTROL-01990,templates/partials/finance/monthly_request/root.html,113,button,button,"{{ submit_rvp_label|default:""Send to RVP for Approval"" }}",,,,/accounts/monthly-request/action,,,"{""hx-post"": ""/accounts/monthly-request/action"", ""hx-target"": ""#monthly-request-root"", ""hx-swap"": ""innerHTML"", ""hx-vals"": ""{\""action\"":\""submit_to_rvp\"",\""fy\"":\""{{ fy }}\"",\""month\"":\""{{ month }}\""}""}",False,,Not individually executed
CONTROL-01991,templates/partials/finance/monthly_request/root.html,118,button,button,{{ submit_label }},,,,/accounts/monthly-request/action,,,"{""hx-post"": ""/accounts/monthly-request/action"", ""hx-target"": ""#monthly-request-root"", ""hx-swap"": ""innerHTML"", ""hx-vals"": ""{\""action\"":\""submit_to_cd\"",\""fy\"":\""{{ fy }}\"",\""month\"":\""{{ month }}\""}""}",False,,Not individually executed
CONTROL-01992,templates/partials/finance/monthly_request/root.html,123,button,button,{{ fetch_label }},,,,/accounts/monthly-request/action,,,"{""hx-post"": ""/accounts/monthly-request/action"", ""hx-target"": ""#monthly-request-root"", ""hx-swap"": ""innerHTML"", ""hx-vals"": ""{\""action\"":\""fetch_budget\"",\""fy\"":\""{{ fy }}\"",\""month\"":\""{{ month }}\""}""}",False,,Not individually executed
CONTROL-01993,templates/partials/fund_approvals/_actions.html,7,link,a,View Full Plan,,,,/team-planning-oversight/?view=planning&owner={{ selected.cceo_user_id }},,,{},False,,Not individually executed
CONTROL-01994,templates/partials/fund_approvals/_actions.html,12,button,button,Resolve: {{ selected.issues|join:'; ' }} {{ selected.waiting_hint }},,,,/fund-approvals/action,,,"{""hx-post"": ""/fund-approvals/action"", ""hx-target"": ""#fund-approval-root"", ""hx-swap"": ""innerHTML"", ""hx-confirm"": ""Approve {{ selected.name }}'s plan for {{ selected.total_fmt }} and send it to the Accountant?"", ""hx-vals"": ""{\""action\"":\""approve\"",\""cceo\"":\""{{ selected.cceo_user_id }}\"",\""fy\"":\""{{ fy }}\"",\""month\"":\""{{ month }}\"",\""week\"":\""{{ week }}\""}"", ""hx-indicator"": ""#fund-workspace-updating""}",True,,Not individually executed
CONTROL-01995,templates/partials/fund_approvals/_actions.html,21,button,button,Return,,,,/fund-approvals/return?cceo={{ selected.cceo_user_id }}&name={{ selected.name|urlencode }}&fy={{ fy }}&month={{ month }}&week={{ week }},,,"{""hx-get"": ""/fund-approvals/return?cceo={{ selected.cceo_user_id }}&name={{ selected.name|urlencode }}&fy={{ fy }}&month={{ month }}&week={{ week }}"", ""hx-target"": ""#drawer-container"", ""hx-swap"": ""innerHTML""}",False,,Not individually executed
CONTROL-01996,templates/partials/fund_approvals/_filters.html,6,field,select,Fiscal year,,fy,,,/fund-approvals,get,{},False,,Not individually executed
CONTROL-01997,templates/partials/fund_approvals/_filters.html,12,field,select,Month,,month,,,/fund-approvals,get,{},False,,Not individually executed
CONTROL-01998,templates/partials/fund_approvals/_filters.html,29,field,select,Week,,week,,,/fund-approvals,get,{},False,,Not individually executed
CONTROL-01999,templates/partials/fund_approvals/_filters.html,35,field,select,District,,district,,,/fund-approvals,get,{},False,,Not individually executed
CONTROL-02000,templates/partials/fund_approvals/_filters.html,42,field,select,Sort the queue,,sort,,,/fund-approvals,get,{},False,,Not individually executed
CONTROL-02001,templates/partials/fund_approvals/return_drawer.html,29,field,select,Reason,,reason,,,/fund-approvals/action,get,{},False,,Not individually executed
CONTROL-02002,templates/partials/fund_approvals/return_drawer.html,36,field,textarea,Add specifics for the CCEO to correct before re-submission…,,comment,,,/fund-approvals/action,get,{},False,,Not individually executed
CONTROL-02003,templates/partials/fund_approvals/return_drawer.html,40,button,button,Cancel,,,button,,/fund-approvals/action,get,"{""@click"": ""$dispatch('close-drawer')""}",False,,Not individually executed
CONTROL-02004,templates/partials/fund_approvals/return_drawer.html,41,button,button,Return for Review,,,submit,,/fund-approvals/action,get,{},False,,Not individually executed
CONTROL-02005,templates/partials/fund_approvals/root.html,27,link,a,Download,,,,/fund-approvals/invoices/{{ inv.id }}/download,,,{},False,,Not individually executed
CONTROL-02006,templates/partials/fund_approvals/root.html,33,button,button,Confirm & Send to Accountant,,,submit,,/fund-approvals/invoices/{{ inv.id }}/action,get,{},False,,Not individually executed
CONTROL-02007,templates/partials/fund_approvals/root.html,39,field,input,Return reason,,reason,,,/fund-approvals/invoices/{{ inv.id }}/action,get,{},False,,Not individually executed
CONTROL-02008,templates/partials/fund_approvals/root.html,40,button,button,Return,,,submit,,/fund-approvals/invoices/{{ inv.id }}/action,get,{},False,,Not individually executed
CONTROL-02009,templates/partials/fund_requests/insights_panel.html,51,link,a,Prepare monthly request,,,,/accounts/monthly-request/,,,{},False,,Not individually executed
CONTROL-02010,templates/partials/fund_requests/insights_panel.html,70,link,a,View report,,,,/reports,,,{},False,,Not individually executed
CONTROL-02011,templates/partials/fund_requests/insights_panel.html,88,button,button,Take Action,,,,,,,"{""@click"": ""document.getElementById('weekly-request-card-container')?.scrollIntoView({ behavior: 'smooth', block: 'center' })""}",False,,Not individually executed
CONTROL-02012,templates/partials/fund_requests/insights_panel.html,99,button,button,Take Action,,,submit,,/fund-requests/generate-request,post,{},False,,Not individually executed
CONTROL-02013,templates/partials/fund_requests/period_budget_tabs.html,49,link,a,{{ s.label }},,,,?{{ period_tab_query }}period_tab={{ period_budgets.active }}&budget_scope={{ s.key }},,,{},False,,Not individually executed
CONTROL-02014,templates/partials/fund_requests/period_budget_tabs.html,81,link,a,Learn more,,,,/help,,,{},False,,Not individually executed
CONTROL-02015,templates/partials/fund_requests/return_drawer.html,9,field,textarea,{{ return_reason }},weekly-return-reason,reason,,,/fund-requests/weekly/{{ wfr.id }}/return?{{ action_query }},get,{},False,,Not individually executed
CONTROL-02016,templates/partials/fund_requests/return_drawer.html,12,button,button,Cancel,,,button,,/fund-requests/weekly/{{ wfr.id }}/return?{{ action_query }},get,"{""@click"": ""requestClose()""}",False,,Not individually executed
CONTROL-02017,templates/partials/fund_requests/return_drawer.html,13,button,button,Return request,,,submit,,/fund-requests/weekly/{{ wfr.id }}/return?{{ action_query }},get,{},False,,Not individually executed
CONTROL-02018,templates/partials/fund_requests/root.html,35,button,button,Confirm Receipt,,,submit,,/fund-requests/receipt-confirm,post,{},False,,Not individually executed
CONTROL-02019,templates/partials/fund_requests/root.html,55,button,button,Add Non-School Activity,,,button,/work-plan/add,,,"{""hx-get"": ""/work-plan/add"", ""hx-target"": ""#drawer-container"", ""hx-swap"": ""innerHTML""}",False,,Not individually executed
CONTROL-02020,templates/partials/fund_requests/root.html,66,link,a,Export,,,,                              ,,,{},False,,Not individually executed
CONTROL-02021,templates/partials/fund_requests/root.html,74,link,a,Budget,,,,/budget,,,{},False,,Not individually executed
CONTROL-02022,templates/partials/fund_requests/root.html,76,link,a,Open My Plan,,,,/my-plan,,,{},False,,Not individually executed
CONTROL-02023,templates/partials/fund_requests/root.html,86,button,button,Dismiss notification,,,button,,,,"{""@click"": ""$el.parentElement.remove()""}",False,,Not individually executed
CONTROL-02024,templates/partials/fund_requests/root.html,112,field,select,Fiscal year,,fy,,,/fund-requests/weekly,get,{},False,,Not individually executed
CONTROL-02025,templates/partials/fund_requests/root.html,118,field,select,Quarter,,quarter,,,/fund-requests/weekly,get,{},False,,Not individually executed
CONTROL-02026,templates/partials/fund_requests/root.html,127,field,select,Month,,month,,,/fund-requests/weekly,get,{},False,,Not individually executed
CONTROL-02027,templates/partials/fund_requests/root.html,144,field,select,Week,,week,,,/fund-requests/weekly,get,{},False,,Not individually executed
CONTROL-02028,templates/partials/fund_requests/root.html,153,field,select,District,,district,,,/fund-requests/weekly,get,{},False,,Not individually executed
CONTROL-02029,templates/partials/fund_requests/root.html,162,field,select,Staff,,staff,,,/fund-requests/weekly,get,{},False,,Not individually executed
CONTROL-02030,templates/partials/fund_requests/root.html,172,field,select,Request type,,request_type,,,/fund-requests/weekly,get,{},False,,Not individually executed
CONTROL-02031,templates/partials/fund_requests/root.html,186,field,select,Status,,status,,,/fund-requests/weekly,get,{},False,,Not individually executed
CONTROL-02032,templates/partials/fund_requests/root.html,195,button,button,Clear filters,,,button,,/fund-requests/weekly,get,"{""@click"": ""$el.form.reset(); $el.form.dispatchEvent(new Event('change', { bubbles: true }))""}",False,,Not individually executed
CONTROL-02033,templates/partials/fund_requests/root.html,201,disclosure,summary,Request totals and approval status,,,,,,,{},False,,Not individually executed
CONTROL-02034,templates/partials/fund_requests/root.html,216,link,a,{{ t.label }},,,,?{{ team_tab_query }}staff={{ t.user_id }},,,{},False,,Not individually executed
CONTROL-02035,templates/partials/fund_requests/source_activities.html,5,link,a,View All,,,,/my-plan,,,{},False,,Not individually executed
CONTROL-02036,templates/partials/fund_requests/source_activities.html,45,link,a,Open My Plan,,,,/my-plan,,,{},False,,Not individually executed
CONTROL-02037,templates/partials/fund_requests/weekly_request_workflow.html,35,link,a,Correct your weekly plan,,,,/my-plan,,,{},False,,Not individually executed
CONTROL-02038,templates/partials/fund_requests/weekly_request_workflow.html,45,button,button,Approve,,,submit,,/fund-requests/weekly/{{ active_wfr.id }}/approve?fy={{ selected_fy }}&quarter={{ selected_quarter }}&month={{ selected_month }}&week={{ selected_week }}&district={{ selected_district }}&staff={{ selected_staff }}&status={{ selected_status }},get,{},False,,Not individually executed
CONTROL-02039,templates/partials/fund_requests/weekly_request_workflow.html,50,button,button,Return,,,button,/fund-requests/weekly/{{ active_wfr.id }}/return-drawer?{{ weekly_action_query }},,,"{""hx-get"": ""/fund-requests/weekly/{{ active_wfr.id }}/return-drawer?{{ weekly_action_query }}"", ""hx-target"": ""#drawer-container"", ""hx-swap"": ""innerHTML""}",False,,Not individually executed
CONTROL-02040,templates/partials/fund_requests/weekly_request_workflow.html,52,button,button,Disburse,,,button,/finance/actions/drawer?action=disburse_advance&request_id={{ active_wfr.id }},,,"{""hx-get"": ""/finance/actions/drawer?action=disburse_advance&request_id={{ active_wfr.id }}"", ""hx-target"": ""#drawer-container"", ""hx-swap"": ""innerHTML""}",False,,Not individually executed
CONTROL-02041,templates/partials/fund_requests/weekly_request_workflow.html,53,button,button,Return,,,button,/fund-requests/weekly/{{ active_wfr.id }}/return-drawer?{{ weekly_action_query }},,,"{""hx-get"": ""/fund-requests/weekly/{{ active_wfr.id }}/return-drawer?{{ weekly_action_query }}"", ""hx-target"": ""#drawer-container"", ""hx-swap"": ""innerHTML""}",False,,Not individually executed
CONTROL-02042,templates/partials/fund_requests/weekly_request_workflow.html,61,button,button,Send for Approval,,,submit,,/fund-requests/weekly/{{ active_wfr.id }}/confirm?fy={{ selected_fy }}&quarter={{ selected_quarter }}&month={{ selected_month }}&week={{ selected_week }}&district={{ selected_district }}&staff={{ selected_staff }}&status={{ selected_status }}&request_type={{ selected_request_type }},get,{},False,,Not individually executed
CONTROL-02043,templates/partials/fund_requests/weekly_request_workflow.html,69,button,button,Self Fund,,,submit,,/fund-requests/weekly/{{ active_wfr.id }}/self-funded?fy={{ selected_fy }}&quarter={{ selected_quarter }}&month={{ selected_month }}&week={{ selected_week }}&district={{ selected_district }}&staff={{ selected_staff }}&status={{ selected_status }}&request_type={{ selected_request_type }},get,{},False,,Not individually executed
CONTROL-02044,templates/partials/fund_requests/weekly_request_workflow.html,77,button,button,No Advance This Week,,,submit,,/fund-requests/weekly/{{ active_wfr.id }}/not-requested?{{ weekly_action_query }},get,{},False,,Not individually executed
CONTROL-02045,templates/partials/fund_requests/weekly_request_workflow.html,91,field,input,yes,,bank_message_received,checkbox,,/fund-requests/weekly/{{ active_wfr.id }}/confirm-receipt?fy={{ selected_fy }}&quarter={{ selected_quarter }}&month={{ selected_month }}&week={{ selected_week }}&district={{ selected_district }}&staff={{ selected_staff }}&status={{ selected_status }}&request_type={{ selected_request_type }},get,{},False,,Not individually executed
CONTROL-02046,templates/partials/fund_requests/weekly_request_workflow.html,94,button,button,Fund Received,,,submit,,/fund-requests/weekly/{{ active_wfr.id }}/confirm-receipt?fy={{ selected_fy }}&quarter={{ selected_quarter }}&month={{ selected_month }}&week={{ selected_week }}&district={{ selected_district }}&staff={{ selected_staff }}&status={{ selected_status }}&request_type={{ selected_request_type }},get,{},False,,Not individually executed
CONTROL-02047,templates/partials/fund_requests/weekly_request_workflow.html,107,link,a,Start Accountability,,,,                                   /my-plan/{{ accountability_activity_id }}/accountability          /my-plan?week={{ selected_week }}           ,,,{},False,,Not individually executed
CONTROL-02048,templates/partials/fund_requests/weekly_request_workflow.html,124,button,button,Approve,,,submit,,/fund-requests/advances/{{ pending.id }}/pl-approve?week={{ selected_week }},get,{},False,,Not individually executed
CONTROL-02049,templates/partials/fund_requests/weekly_request_workflow.html,128,field,input,Return reason,,reason,text,,/fund-requests/advances/{{ pending.id }}/pl-return?week={{ selected_week }},get,{},False,,Not individually executed
CONTROL-02050,templates/partials/fund_requests/weekly_request_workflow.html,130,button,button,Return,,,submit,,/fund-requests/advances/{{ pending.id }}/pl-return?week={{ selected_week }},get,{},False,,Not individually executed
CONTROL-02051,templates/partials/fund_requests/weekly_request_workflow.html,137,link,a,View Source Activities,,,,/my-plan?week={{ selected_week }},,,{},False,,Not individually executed
CONTROL-02052,templates/partials/fund_requests/weekly_request_workflow.html,151,link,a,Open My Plan,,,,/my-plan,,,{},False,,Not individually executed
CONTROL-02053,templates/partials/help/toc.html,15,disclosure,summary,{{ group.category.name }} {{ group.count }} {{ group.count_label }},,,,,,,{},False,,Not individually executed
CONTROL-02054,templates/partials/help/toc.html,24,link,a,{{ entry.title }},,,,{{ entry.url }},,,{},False,,Not individually executed
CONTROL-02055,templates/partials/hr/_value_commitment_row.html,10,field,input,Agreed behaviour / commitment,,agreed_behaviour,,,/performance-conversation/value/{{ v.id }}/save,post,{},False,,Not individually executed
CONTROL-02056,templates/partials/hr/_value_commitment_row.html,12,field,textarea,"{{ v.employee_reflection|default:"""" }}",,employee_reflection,,,/performance-conversation/value/{{ v.id }}/save,post,{},False,,Not individually executed
CONTROL-02057,templates/partials/hr/_value_commitment_row.html,14,button,button,Save commitment,,,submit,,/performance-conversation/value/{{ v.id }}/save,post,{},False,,Not individually executed
CONTROL-02058,templates/partials/hr/_value_commitment_row.html,24,field,textarea,"{{ v.manager_evidence|default:"""" }}",,manager_evidence,,,/performance-conversation/value/{{ v.id }}/save,post,{},False,,Not individually executed
CONTROL-02059,templates/partials/hr/_value_commitment_row.html,26,button,button,Save observation,,,submit,,/performance-conversation/value/{{ v.id }}/save,post,{},False,,Not individually executed
CONTROL-02060,templates/partials/hr/extra_work_assign_drawer.html,17,field,select,Choose a staff member… {{ u.name }} — {{ u.active_role }},xw-assignee,assignee_id,,,/extra-work/assign,post,{},False,,Not individually executed
CONTROL-02061,templates/partials/hr/extra_work_assign_drawer.html,24,field,input,,xw-due,due_date,date,,/extra-work/assign,post,{},False,,Not individually executed
CONTROL-02062,templates/partials/hr/extra_work_assign_drawer.html,30,field,input,"What is being asked, in one line",xw-title,title,text,,/extra-work/assign,post,{},False,,Not individually executed
CONTROL-02063,templates/partials/hr/extra_work_assign_drawer.html,36,field,textarea,"Exactly what to deliver, and how it will be judged",xw-instruction,instruction,,,/extra-work/assign,post,{},False,,Not individually executed
CONTROL-02064,templates/partials/hr/extra_work_assign_drawer.html,43,field,select,{{ label }},xw-category,category,,,/extra-work/assign,post,{},False,,Not individually executed
CONTROL-02065,templates/partials/hr/extra_work_assign_drawer.html,49,field,select,Low Medium High,xw-complexity,complexity,,,/extra-work/assign,post,{},False,,Not individually executed
CONTROL-02066,templates/partials/hr/extra_work_assign_drawer.html,57,field,select,Normal High Urgent,xw-urgency,urgency,,,/extra-work/assign,post,{},False,,Not individually executed
CONTROL-02067,templates/partials/hr/extra_work_assign_drawer.html,67,field,select,None {{ m.title|truncatechars:70 }},xw-milestone,linked_milestone_id,,,/extra-work/assign,post,{},False,,Not individually executed
CONTROL-02068,templates/partials/hr/extra_work_assign_drawer.html,76,field,input,"e.g. One report, 3 sessions",xw-output,expected_output,text,,/extra-work/assign,post,{},False,,Not individually executed
CONTROL-02069,templates/partials/hr/extra_work_assign_drawer.html,80,field,input,,,evidence_required,checkbox,,/extra-work/assign,post,{},False,,Not individually executed
CONTROL-02070,templates/partials/hr/extra_work_assign_drawer.html,87,field,textarea,,xw-reason,reason,,,/extra-work/assign,post,{},False,,Not individually executed
CONTROL-02071,templates/partials/hr/extra_work_assign_drawer.html,91,button,button,Cancel,,,button,,/extra-work/assign,post,"{""@click"": ""requestClose()""}",False,,Not individually executed
CONTROL-02072,templates/partials/hr/extra_work_assign_drawer.html,92,button,button,Assign,,,submit,,/extra-work/assign,post,{},False,,Not individually executed
CONTROL-02073,templates/partials/hr/extra_work_submit_drawer.html,23,field,textarea,{{ a.outcome }},xw-outcome,outcome,,,/extra-work/{{ a.id }}/submit,post,{},False,,Not individually executed
CONTROL-02074,templates/partials/hr/extra_work_submit_drawer.html,29,field,textarea,{{ a.evidence_note }},xw-evnote,evidence_note,,,/extra-work/{{ a.id }}/submit,post,{},False,,Not individually executed
CONTROL-02075,templates/partials/hr/extra_work_submit_drawer.html,31,field,input,Optional link to the evidence,,evidence_uri,url,,/extra-work/{{ a.id }}/submit,post,{},False,,Not individually executed
CONTROL-02076,templates/partials/hr/extra_work_submit_drawer.html,36,button,button,Cancel,,,button,,/extra-work/{{ a.id }}/submit,post,"{""@click"": ""requestClose()""}",False,,Not individually executed
CONTROL-02077,templates/partials/hr/extra_work_submit_drawer.html,37,button,button,Submit for Verification,,,submit,,/extra-work/{{ a.id }}/submit,post,{},False,,Not individually executed
CONTROL-02078,templates/partials/hr/form_drawer.html,39,field,input,1,hr-field-{{ field.name }},{{ field.name }},checkbox,,{{ form_action }},post,{},False,,Not individually executed
CONTROL-02079,templates/partials/hr/form_drawer.html,46,field,textarea,"{{ field.value|default:"""" }}",hr-field-{{ field.name }},{{ field.name }},,,{{ form_action }},post,{},False,,Not individually executed
CONTROL-02080,templates/partials/hr/form_drawer.html,48,field,select,{{ option.1 }},hr-field-{{ field.name }},{{ field.name }},,,{{ form_action }},post,{},False,,Not individually executed
CONTROL-02081,templates/partials/hr/form_drawer.html,54,field,select,{{ field.blank }} {{ option.1 }},hr-field-{{ field.name }},{{ field.name }},,,{{ form_action }},post,{},False,,Not individually executed
CONTROL-02082,templates/partials/hr/form_drawer.html,61,field,input,{{ field.placeholder }},hr-field-{{ field.name }},{{ field.name }},{{ field.type }},,{{ form_action }},post,{},False,,Not individually executed
CONTROL-02083,templates/partials/hr/form_drawer.html,69,button,button,Cancel,,,button,,{{ form_action }},post,"{""@click"": ""requestClose()""}",False,,Not individually executed
CONTROL-02084,templates/partials/hr/form_drawer.html,70,button,button,"{{ form_submit|default:""Save"" }}",,,submit,,{{ form_action }},post,{},False,,Not individually executed
CONTROL-02085,templates/partials/hr/module_register.html,11,link,a,Clear search,,,,{{ request.path }},,,{},False,,Not individually executed
CONTROL-02086,templates/partials/hr/module_register.html,33,link,a,{{ action.label }},,,,{{ action.href }},,,{},False,,Not individually executed
CONTROL-02087,templates/partials/hr/module_register.html,35,button,button,{{ action.label }},,,button,{{ action.drawer }},,,"{""hx-get"": ""{{ action.drawer }}"", ""hx-target"": ""#drawer-container"", ""hx-swap"": ""innerHTML""}",False,,Not individually executed
CONTROL-02088,templates/partials/hr/module_register.html,59,link,a,Previous,,,,?q={{ search|urlencode }}&page={{ page_obj.previous_page_number }},,,{},False,,Not individually executed
CONTROL-02089,templates/partials/hr/module_register.html,60,link,a,Next,,,,?q={{ search|urlencode }}&page={{ page_obj.next_page_number }},,,{},False,,Not individually executed
CONTROL-02090,templates/partials/hr/pd_dashboard/adjust_allocation_drawer.html,23,field,input,Annual allocation,,annual_allocation,number,,/cpd-learning/adjust-allocation,post,{},False,,Not individually executed
CONTROL-02091,templates/partials/hr/pd_dashboard/adjust_allocation_drawer.html,28,field,select,Currency,,currency,,,/cpd-learning/adjust-allocation,post,{},False,,Not individually executed
CONTROL-02092,templates/partials/hr/pd_dashboard/adjust_allocation_drawer.html,37,field,input,,,apply_to_existing,checkbox,,/cpd-learning/adjust-allocation,post,{},False,,Not individually executed
CONTROL-02093,templates/partials/hr/pd_dashboard/adjust_allocation_drawer.html,41,button,button,Save Allocation,,,submit,,/cpd-learning/adjust-allocation,post,{},False,,Not individually executed
CONTROL-02094,templates/partials/hr/pd_dashboard/body.html,59,button,button,{{ it.action_label }},,,submit,,/cpd-learning/action,post,{},False,,Not individually executed
CONTROL-02095,templates/partials/hr/pd_dashboard/body.html,74,button,button,Remind All ({{ g.count }}),,,submit,,/cpd-learning/action,post,{},False,,Not individually executed
CONTROL-02096,templates/partials/hr/pd_dashboard/body.html,96,button,button,Remind All to Apply,,,submit,,/cpd-learning/action,post,{},False,,Not individually executed
CONTROL-02097,templates/partials/hr/pd_dashboard/body.html,115,button,button,Send Reminder,,,submit,,/cpd-learning/action,post,{},False,,Not individually executed
CONTROL-02098,templates/partials/hr/pd_dashboard/body.html,155,button,button,Adjust,,,button,/cpd-learning/adjust-allocation?role={{ row.role }}&fy={{ fy }}&country={{ country|default:'Uganda' }},,,"{""hx-get"": ""/cpd-learning/adjust-allocation?role={{ row.role }}&fy={{ fy }}&country={{ country|default:'Uganda' }}"", ""hx-target"": ""#drawer-container"", ""hx-swap"": ""innerHTML""}",False,,Not individually executed
CONTROL-02099,templates/partials/hr/pd_dashboard/body.html,334,button,button,Remind Not-Started,,,submit,,/cpd-learning/action,post,{},False,,Not individually executed
CONTROL-02100,templates/partials/hr/pd_dashboard/body.html,343,button,button,Remind Pending Certificate,,,submit,,/cpd-learning/action,post,{},False,,Not individually executed
CONTROL-02101,templates/partials/hr/pd_dashboard/body.html,352,button,button,Remind Pending Accountability,,,submit,,/cpd-learning/action,post,{},False,,Not individually executed
CONTROL-02102,templates/partials/hr/pd_dashboard/body.html,358,link,a,Adjust Allocations,,,,#pd-role-settings,,,{},False,,Not individually executed
CONTROL-02103,templates/partials/hr/pd_dashboard/supervisor_queue.html,50,button,button,Approve,,,submit,,/cpd-learning/action,post,{},False,,Not individually executed
CONTROL-02104,templates/partials/hr/pd_dashboard/supervisor_queue.html,52,button,button,Return,,,button,/cpd-learning/return?request_id={{ r.request_id }},,,"{""hx-get"": ""/cpd-learning/return?request_id={{ r.request_id }}"", ""hx-target"": ""#drawer-container"", ""hx-swap"": ""innerHTML""}",False,,Not individually executed
CONTROL-02105,templates/partials/hr/pd_dashboard/team_body.html,48,button,button,Send Reminder,,,submit,,/cpd-learning/action,post,{},False,,Not individually executed
CONTROL-02106,templates/partials/hr/pd_dashboard/team_body.html,59,button,button,Remind All ({{ g.count }}),,,submit,,/cpd-learning/action,post,{},False,,Not individually executed
CONTROL-02107,templates/partials/hr/pd_dashboard/tracker_table.html,73,button,button,Previous,,,button,/cpd-learning?partial=tracker&fy={{ fy }}&country={{ country }}&role={{ role_filter }}&status={{ status_filter }}&reminder={{ reminder_filter }}&q={{ search|urlencode }}&page={{ tracker_page|add:'-1' }},,,"{""hx-get"": ""/cpd-learning?partial=tracker&fy={{ fy }}&country={{ country }}&role={{ role_filter }}&status={{ status_filter }}&reminder={{ reminder_filter }}&q={{ search|urlencode }}&page={{ tracker_page|add:'-1' }}"", ""hx-target"": ""#pd-tracker-wrap"", ""hx-swap"": ""innerHTML""}",True,,Not individually executed
CONTROL-02108,templates/partials/hr/pd_dashboard/tracker_table.html,77,button,button,Next,,,button,/cpd-learning?partial=tracker&fy={{ fy }}&country={{ country }}&role={{ role_filter }}&status={{ status_filter }}&reminder={{ reminder_filter }}&q={{ search|urlencode }}&page={{ tracker_page|add:'1' }},,,"{""hx-get"": ""/cpd-learning?partial=tracker&fy={{ fy }}&country={{ country }}&role={{ role_filter }}&status={{ status_filter }}&reminder={{ reminder_filter }}&q={{ search|urlencode }}&page={{ tracker_page|add:'1' }}"", ""hx-target"": ""#pd-tracker-wrap"", ""hx-swap"": ""innerHTML""}",True,,Not individually executed
CONTROL-02109,templates/partials/hr/priority_import.html,3,disclosure,summary,Import country priorities Impact Assessment stages and validates; the Country Director still confirms and publishes. Upload / review,,,,,,,{},False,,Not individually executed
CONTROL-02110,templates/partials/hr/priority_import.html,17,field,input,,priority-import-file,priority_file,file,,/target-distribution/import,post,{},False,,Not individually executed
CONTROL-02111,templates/partials/hr/priority_import.html,22,link,a,Download template,,,,/target-distribution/import/template,/target-distribution/import,post,{},False,,Not individually executed
CONTROL-02112,templates/partials/hr/priority_import.html,23,button,button,Validate upload,,,submit,,/target-distribution/import,post,{},False,,Not individually executed
CONTROL-02113,templates/partials/hr/priority_import.html,37,button,button,Commit draft master,,,submit,,/target-distribution/import/{{ selected_import_batch.id }}/commit,post,{},False,,Not individually executed
CONTROL-02114,templates/partials/hr/priority_import.html,63,link,a,{{ import_batches.0.original_file_name }},,,,?fy={{ fy }}&import={{ import_batches.0.id }},,,{},False,,Not individually executed
CONTROL-02115,templates/partials/hr/priority_milestone_detail.html,31,disclosure,summary,Define metric ＋,,,,,,,{},False,,Not individually executed
CONTROL-02116,templates/partials/hr/priority_milestone_detail.html,36,field,input,{{ milestone.title }},title-{{ milestone.id }},canonicalTitle,,,/strategic-priorities/milestones/{{ milestone.id }}/define,post,{},False,,Not individually executed
CONTROL-02117,templates/partials/hr/priority_milestone_detail.html,37,field,input,stable_metric_key,key-{{ milestone.id }},metricKey,,,/strategic-priorities/milestones/{{ milestone.id }}/define,post,{},False,,Not individually executed
CONTROL-02118,templates/partials/hr/priority_milestone_detail.html,38,field,select,CountPercentageCurrencyDateBooleanRatioScoreManual assessment,type-{{ milestone.id }},measurementType,,,/strategic-priorities/milestones/{{ milestone.id }}/define,post,{},False,,Not individually executed
CONTROL-02119,templates/partials/hr/priority_milestone_detail.html,39,field,input,{{ milestone.target_value|default:'' }},target-{{ milestone.id }},targetValue,number,,/strategic-priorities/milestones/{{ milestone.id }}/define,post,{},False,,Not individually executed
CONTROL-02120,templates/partials/hr/priority_milestone_detail.html,40,field,input,"Schools, %, UGX…",unit-{{ milestone.id }},targetUnit,,,/strategic-priorities/milestones/{{ milestone.id }}/define,post,{},False,,Not individually executed
CONTROL-02121,templates/partials/hr/priority_milestone_detail.html,41,field,select,School DirectoryCore SchoolSSAActivity CatalogueSpecial ProjectPartnerLoan or CapitalFinanceProfessional DevelopmentLeave or HRManual EvidenceExternal System,source-{{ milestone.id }},dataSource,,,/strategic-priorities/milestones/{{ milestone.id }}/define,post,{},False,,Not individually executed
CONTROL-02122,templates/partials/hr/priority_milestone_detail.html,42,field,input,apps.domain.service.function,service-{{ milestone.id }},canonicalService,,,/strategic-priorities/milestones/{{ milestone.id }}/define,post,{},False,,Not individually executed
CONTROL-02123,templates/partials/hr/priority_milestone_detail.html,43,field,input,Verified or approved state,gate-{{ milestone.id }},qualityGate,,,/strategic-priorities/milestones/{{ milestone.id }}/define,post,{},False,,Not individually executed
CONTROL-02124,templates/partials/hr/priority_milestone_detail.html,44,field,input,,due-{{ milestone.id }},dueDate,date,,/strategic-priorities/milestones/{{ milestone.id }}/define,post,{},False,,Not individually executed
CONTROL-02125,templates/partials/hr/priority_milestone_detail.html,45,field,input,"{{ milestone.role_applicability|join:', ' }}",roles-{{ milestone.id }},responsibleRoles,,,/strategic-priorities/milestones/{{ milestone.id }}/define,post,{},False,,Not individually executed
CONTROL-02126,templates/partials/hr/priority_milestone_detail.html,46,field,textarea,Required for percentages and ratios,denominator-{{ milestone.id }},denominatorDefinition,,,/strategic-priorities/milestones/{{ milestone.id }}/define,post,{},False,,Not individually executed
CONTROL-02127,templates/partials/hr/priority_milestone_detail.html,48,button,button,Save definition for approval,,,submit,,/strategic-priorities/milestones/{{ milestone.id }}/define,post,{},False,,Not individually executed
CONTROL-02128,templates/partials/hr/priority_milestone_detail.html,55,button,button,Approve definition,,,submit,,/strategic-priorities/milestones/{{ milestone.id }}/approve,post,{},False,,Not individually executed
CONTROL-02129,templates/partials/hr/priority_milestone_detail.html,61,disclosure,summary,Allocate approved target ＋,,,,,,,{},False,,Not individually executed
CONTROL-02130,templates/partials/hr/priority_milestone_detail.html,64,field,select,Country targetTeam targetEmployee targetProject target,scope-{{ milestone.id }},allocatedToType,,,/strategic-priorities/milestones/{{ milestone.id }}/allocate,post,{},False,,Not individually executed
CONTROL-02131,templates/partials/hr/priority_milestone_detail.html,65,field,select,Select country {{ country }},country-{{ milestone.id }},countryId,,,/strategic-priorities/milestones/{{ milestone.id }}/allocate,post,{},False,,Not individually executed
CONTROL-02132,templates/partials/hr/priority_milestone_detail.html,66,field,select,Select supervised team {{ person.user.name }}’s team,team-{{ milestone.id }},teamId,,,/strategic-priorities/milestones/{{ milestone.id }}/allocate,post,{},False,,Not individually executed
CONTROL-02133,templates/partials/hr/priority_milestone_detail.html,67,field,select,Select employee {{ person.user.name }},employee-{{ milestone.id }},employeeId,,,/strategic-priorities/milestones/{{ milestone.id }}/allocate,post,{},False,,Not individually executed
CONTROL-02134,templates/partials/hr/priority_milestone_detail.html,68,field,select,Select project {{ project.name }},project-{{ milestone.id }},projectId,,,/strategic-priorities/milestones/{{ milestone.id }}/allocate,post,{},False,,Not individually executed
CONTROL-02135,templates/partials/hr/priority_milestone_detail.html,69,field,input,,allocation-target-{{ milestone.id }},allocatedTarget,number,,/strategic-priorities/milestones/{{ milestone.id }}/allocate,post,{},False,,Not individually executed
CONTROL-02136,templates/partials/hr/priority_milestone_detail.html,70,field,input,,allocation-weight-{{ milestone.id }},weight,number,,/strategic-priorities/milestones/{{ milestone.id }}/allocate,post,{},False,,Not individually executed
CONTROL-02137,templates/partials/hr/priority_milestone_detail.html,71,field,input,,effective-{{ milestone.id }},effectiveDate,date,,/strategic-priorities/milestones/{{ milestone.id }}/allocate,post,{},False,,Not individually executed
CONTROL-02138,templates/partials/hr/priority_milestone_detail.html,72,field,input,Explain the cascade source and accountability,reason-{{ milestone.id }},allocationReason,,,/strategic-priorities/milestones/{{ milestone.id }}/allocate,post,{},False,,Not individually executed
CONTROL-02139,templates/partials/hr/priority_milestone_detail.html,74,button,button,Allocate and approve,,,submit,,/strategic-priorities/milestones/{{ milestone.id }}/allocate,post,{},False,,Not individually executed
CONTROL-02140,templates/partials/hr/ssa_mapping_drawer.html,44,field,input,1,not-measured,not_ssa_measured,checkbox,,/priorities/ssa-mapping/{{ item.id }}/save,post,{},False,,Not individually executed
CONTROL-02141,templates/partials/hr/ssa_mapping_drawer.html,50,field,textarea,"{{ current.not_ssa_measured_reason|default:"""" }}",not-reason,not_ssa_measured_reason,,,/priorities/ssa-mapping/{{ item.id }}/save,post,{},False,,Not individually executed
CONTROL-02142,templates/partials/hr/ssa_mapping_drawer.html,60,field,select,{{ label }},mapping_mode,mapping_mode,,,/priorities/ssa-mapping/{{ item.id }}/save,post,{},False,,Not individually executed
CONTROL-02143,templates/partials/hr/ssa_mapping_drawer.html,69,field,select,None — the planner or source activity names it {{ label }},intervention,intervention,,,/priorities/ssa-mapping/{{ item.id }}/save,post,{},False,,Not individually executed
CONTROL-02144,templates/partials/hr/ssa_mapping_drawer.html,79,field,select,{{ label }},relationship,relationship,,,/priorities/ssa-mapping/{{ item.id }}/save,post,{},False,,Not individually executed
CONTROL-02145,templates/partials/hr/ssa_mapping_drawer.html,87,field,select,{{ label }},measurement_role,measurement_role,,,/priorities/ssa-mapping/{{ item.id }}/save,post,{},False,,Not individually executed
CONTROL-02146,templates/partials/hr/ssa_mapping_drawer.html,94,field,select,{{ label }},expected_direction,expected_direction,,,/priorities/ssa-mapping/{{ item.id }}/save,post,{},False,,Not individually executed
CONTROL-02147,templates/partials/hr/ssa_mapping_drawer.html,103,field,input,{{ band }},band-{{ band|lower }},eligible_bands,checkbox,,/priorities/ssa-mapping/{{ item.id }}/save,post,{},False,,Not individually executed
CONTROL-02148,templates/partials/hr/ssa_mapping_drawer.html,112,field,textarea,"{{ current.eligibility_note|default:"""" }}",eligibility-note,eligibility_note,,,/priorities/ssa-mapping/{{ item.id }}/save,post,{},False,,Not individually executed
CONTROL-02149,templates/partials/hr/ssa_mapping_drawer.html,121,field,input,{{ current.follow_up_min_days|default_if_none:'' }},fu-min,follow_up_min_days,number,,/priorities/ssa-mapping/{{ item.id }}/save,post,{},False,,Not individually executed
CONTROL-02150,templates/partials/hr/ssa_mapping_drawer.html,125,field,input,{{ current.follow_up_expected_days|default_if_none:'' }},fu-exp,follow_up_expected_days,number,,/priorities/ssa-mapping/{{ item.id }}/save,post,{},False,,Not individually executed
CONTROL-02151,templates/partials/hr/ssa_mapping_drawer.html,130,field,input,{{ current.follow_up_max_days|default_if_none:'' }},fu-max,follow_up_max_days,number,,/priorities/ssa-mapping/{{ item.id }}/save,post,{},False,,Not individually executed
CONTROL-02152,templates/partials/hr/ssa_mapping_drawer.html,135,field,input,{{ current.min_meaningful_change|default_if_none:'' }},threshold,min_meaningful_change,number,,/priorities/ssa-mapping/{{ item.id }}/save,post,{},False,,Not individually executed
CONTROL-02153,templates/partials/hr/ssa_mapping_drawer.html,142,field,textarea,"{{ pending.change_reason|default:"""" }}",change-reason,change_reason,,,/priorities/ssa-mapping/{{ item.id }}/save,post,{},False,,Not individually executed
CONTROL-02154,templates/partials/hr/ssa_mapping_drawer.html,162,button,button,Cancel,,,button,,/priorities/ssa-mapping/{{ item.id }}/save,post,"{""@click"": ""requestClose()""}",False,,Not individually executed
CONTROL-02155,templates/partials/hr/ssa_mapping_drawer.html,164,button,button,Save draft,,save,submit,,/priorities/ssa-mapping/{{ item.id }}/save,post,{},False,,Not individually executed
CONTROL-02156,templates/partials/hr/ssa_mapping_drawer.html,165,button,button,Submit for review,,submit,submit,,/priorities/ssa-mapping/{{ item.id }}/save,post,{},False,,Not individually executed
CONTROL-02157,templates/partials/hr/target_distribution_form.html,30,disclosure,summary,Notes / instructions,,,,,/target-distribution/action,post,{},False,,Not individually executed
CONTROL-02158,templates/partials/hr/target_distribution_form.html,55,field,select,"Distribute to Program Leads… {{ rec.staff.user.name }} — {{ rec.portfolio.total }} schools · suggested {{ rec.recommended|floatformat:""-2""|intcomma }}",ia-alloc-select,,,,/target-distribution/action,post,{},False,No submitted name or direct model; check JS binding,Not individually executed
CONTROL-02159,templates/partials/hr/target_distribution_form.html,62,button,button,Add,,,button,,/target-distribution/action,post,{},False,,Not individually executed
CONTROL-02160,templates/partials/hr/target_distribution_form.html,79,field,input,Suggested {{ rec.recommended|floatformat:'-2'|intcomma }},distribution-target-{{ rec.staff.id }},target__{{ rec.staff.id }},number,,/target-distribution/action,post,{},False,,Not individually executed
CONTROL-02161,templates/partials/hr/target_distribution_form.html,82,field,input,{{ rec.allocation.core_target|floatformat:'-2' }},distribution-core-{{ rec.staff.id }},core__{{ rec.staff.id }},number,,/target-distribution/action,post,{},False,,Not individually executed
CONTROL-02162,templates/partials/hr/target_distribution_form.html,85,field,input,{{ rec.allocation.client_target|floatformat:'-2' }},distribution-client-{{ rec.staff.id }},client__{{ rec.staff.id }},number,,/target-distribution/action,post,{},False,,Not individually executed
CONTROL-02163,templates/partials/hr/target_distribution_form.html,92,button,button,Remove {{ rec.staff.user.name }} from this distribution,,,button,,/target-distribution/action,post,{},False,,Not individually executed
CONTROL-02164,templates/partials/hr/target_distribution_form.html,113,field,input,"Balanced against portfolio, team capacity and availability",distribution-rationale,reason,,,/target-distribution/action,post,{},False,,Not individually executed
CONTROL-02165,templates/partials/hr/target_distribution_form.html,119,button,button,Cancel,,,button,,/target-distribution/action,post,{},False,,Not individually executed
CONTROL-02166,templates/partials/hr/target_distribution_form.html,121,button,button,Save Draft,,action,submit,,/target-distribution/action,post,{},False,,Not individually executed
CONTROL-02167,templates/partials/hr/target_distribution_form.html,122,button,button,Approve & distribute,,action,submit,,/target-distribution/action,post,{},False,,Not individually executed
CONTROL-02168,templates/partials/hr/team_target_distribution_form.html,47,field,select,"Distribute to your CCEOs… {{ rec.staff.user.name }} (you — portfolio owner) — {{ rec.portfolio.total }} schools · suggested {{ rec.recommended|floatformat:""-2""|intcomma }}",team-alloc-select-{{ row.allocation.id }},,,,/target-distribution/team/action,post,{},False,No submitted name or direct model; check JS binding,Not individually executed
CONTROL-02169,templates/partials/hr/team_target_distribution_form.html,54,button,button,Add,,,button,,/target-distribution/team/action,post,{},False,,Not individually executed
CONTROL-02170,templates/partials/hr/team_target_distribution_form.html,71,field,input,Suggested {{ rec.recommended|floatformat:'-2'|intcomma }},member-target-{{ row.allocation.id }}-{{ rec.staff.id }},target__{{ rec.staff.id }},number,,/target-distribution/team/action,post,{},False,,Not individually executed
CONTROL-02171,templates/partials/hr/team_target_distribution_form.html,73,field,input,{{ rec.allocation.core_target|floatformat:'-2' }},member-core-{{ row.allocation.id }}-{{ rec.staff.id }},core__{{ rec.staff.id }},number,,/target-distribution/team/action,post,{},False,,Not individually executed
CONTROL-02172,templates/partials/hr/team_target_distribution_form.html,74,field,input,{{ rec.allocation.client_target|floatformat:'-2' }},member-client-{{ row.allocation.id }}-{{ rec.staff.id }},client__{{ rec.staff.id }},number,,/target-distribution/team/action,post,{},False,,Not individually executed
CONTROL-02173,templates/partials/hr/team_target_distribution_form.html,80,button,button,Remove {{ rec.staff.user.name }} from this distribution,,,button,,/target-distribution/team/action,post,{},False,,Not individually executed
CONTROL-02174,templates/partials/hr/team_target_distribution_form.html,94,field,input,"Balanced against portfolio, availability and existing assignments",member-rationale-{{ row.allocation.id }},reason,,,/target-distribution/team/action,post,{},False,,Not individually executed
CONTROL-02175,templates/partials/hr/team_target_distribution_form.html,98,button,button,Cancel,,,button,,/target-distribution/team/action,post,{},False,,Not individually executed
CONTROL-02176,templates/partials/hr/team_target_distribution_form.html,99,button,button,Save draft,,action,submit,,/target-distribution/team/action,post,{},False,,Not individually executed
CONTROL-02177,templates/partials/hr/team_target_distribution_form.html,99,button,button,Approve & distribute,,action,submit,,/target-distribution/team/action,post,{},False,,Not individually executed
CONTROL-02178,templates/partials/ia/_geography_cards.html,15,button,button,{{ group.name }}{{ group.region }} · {{ group.count }} district{{ group.count|pluralize }} {{ group.schools_achieved }} of {{ group.schools }} schools achieved{{ group.schools_pct }}%,,,button,,,,"{""@click"": ""open = !open""}",False,,Not individually executed
CONTROL-02179,templates/partials/ia/evidence_table.html,40,button,button,{{ action.label }},,,button,{{ action.drawer }},,,"{""hx-get"": ""{{ action.drawer }}"", ""hx-target"": ""#drawer-container"", ""hx-swap"": ""innerHTML""}",False,,Not individually executed
CONTROL-02180,templates/partials/ia/framework_register.html,25,field,select,{{ field.blank }} {{ option.1 }},,{{ field.name }},,,,get,"{""@change"": ""$el.form.requestSubmit()""}",False,,Not individually executed
CONTROL-02181,templates/partials/ia/framework_register.html,58,button,button,{{ action.label }},,,button,{{ action.drawer }},,,"{""hx-get"": ""{{ action.drawer }}"", ""hx-target"": ""#drawer-container"", ""hx-swap"": ""innerHTML""}",False,,Not individually executed
CONTROL-02182,templates/partials/ia/impact_reports_table.html,42,link,a,{{ action.label }},,,,{{ action.url }},,,{},False,,Not individually executed
CONTROL-02183,templates/partials/ia/impact_reports_table.html,44,button,button,{{ action.label }},,,button,{{ action.drawer }},,,"{""hx-get"": ""{{ action.drawer }}"", ""hx-target"": ""#drawer-container"", ""hx-swap"": ""innerHTML""}",False,,Not individually executed
CONTROL-02184,templates/partials/ia/impact_reports_table.html,46,button,button,{{ action.label }},,,submit,,{{ action.post }},post,{},False,,Not individually executed
CONTROL-02185,templates/partials/ia/learning_qualitative.html,81,link,a,Open School Visit Effectiveness,,,,/analytics/visit-effectiveness,,,{},False,,Not individually executed
CONTROL-02186,templates/partials/ia/operations.html,35,link,a,Open full queue →,,,,/ia/verification/,,,{},False,,Not individually executed
CONTROL-02187,templates/partials/ia/operations.html,56,link,a,#{{ item.record_id }},,,,{{ item.review_url }},,,{},False,,Not individually executed
CONTROL-02188,templates/partials/ia/operations.html,72,link,a,Review {{ item.activity_type }} at {{ item.school }},,,,{{ item.review_url }},,,{},False,,Not individually executed
CONTROL-02189,templates/partials/ia/operations.html,99,link,a,SSA reviewConfirm assessment records {{ kpis.ssa_pending_review }},,,,/ssa/verification/,,,{},False,,Not individually executed
CONTROL-02190,templates/partials/ia/operations.html,104,link,a,Evidence reviewUploaded files awaiting a decision {{ kpis.evidence_pending }},,,,/evidence/,,,{},False,,Not individually executed
CONTROL-02191,templates/partials/ia/operations.html,109,link,a,Returned workCorrections still outstanding {{ kpis.returned_open }},,,,/ia/returned/,,,{},False,,Not individually executed
CONTROL-02192,templates/partials/ia/operations.html,114,link,a,Duplicate reviewPotential duplicate activities {{ kpis.duplicate_risk }},,,,/ia/duplicates/,,,{},False,,Not individually executed
CONTROL-02193,templates/partials/ia/operations.html,134,link,a,{{ exception.count }} {{ exception.text }} →,,,,{{ exception.href }},,,{},False,,Not individually executed
CONTROL-02194,templates/partials/ia/operations.html,154,disclosure,summary,"Country performance oversightActivity flow, regions, districts and leadership portfolios",,,,,,,{},False,,Not individually executed
CONTROL-02195,templates/partials/ia/operations.html,222,button,button,{{ group.name }} {{ group.role }} · {{ group.scope }} · {{ group.count }} CCEO{{ group.count|pluralize }} {{ group.schools_achieved|default:0 }} of {{ group.schools|default:0 }} schools achieved{{ group.schools_pct|default:0 }}%,,,button,,,,"{""@click"": ""open = !open""}",False,,Not individually executed
CONTROL-02196,templates/partials/ia/operations.html,256,disclosure,summary,"Quality and coverageSSA coverage, evidence decisions and reporting integrity",,,,,,,{},False,,Not individually executed
CONTROL-02197,templates/partials/ia/operations.html,267,link,a,Open full analytics →,,,,/analytics,,,{},False,,Not individually executed
CONTROL-02198,templates/partials/ia/operations.html,313,link,a,Review evidence →,,,,/evidence/,,,{},False,,Not individually executed
CONTROL-02199,templates/partials/ia/operations.html,342,link,a,Review returned records →,,,,/ia/returned/,,,{},False,,Not individually executed
CONTROL-02200,templates/partials/ia/operations.html,350,disclosure,summary,"Operational contextQueue ownership, recent decisions and field signals",,,,,,,{},False,,Not individually executed
CONTROL-02201,templates/partials/ia/operations.html,405,link,a,History →,,,,/ia/history/,,,{},False,,Not individually executed
CONTROL-02202,templates/partials/ia/operations.html,429,link,a,Field quality signals →,,,,/debriefs,,,{},False,,Not individually executed
CONTROL-02203,templates/partials/ia/outcomes.html,22,field,select,Every school needing work {{ o.label }},,state,,,/ia/dashboard/,get,"{""@change"": ""$el.form.requestSubmit()""}",False,,Not individually executed
CONTROL-02204,templates/partials/ia/outcomes.html,30,field,select,Every district {{ o.label }},,district,,,/ia/dashboard/,get,"{""@change"": ""$el.form.requestSubmit()""}",False,,Not individually executed
CONTROL-02205,templates/partials/ia/outcomes.html,38,field,select,Every owner {{ o.label }},,owner,,,/ia/dashboard/,get,"{""@change"": ""$el.form.requestSubmit()""}",False,,Not individually executed
CONTROL-02206,templates/partials/ia/outcomes.html,46,disclosure,summary,More filters,,,,,/ia/dashboard/,get,{},False,,Not individually executed
CONTROL-02207,templates/partials/ia/outcomes.html,50,field,select,Every type {{ o.label }},,school_type,,,/ia/dashboard/,get,"{""@change"": ""$el.form.requestSubmit()""}",False,,Not individually executed
CONTROL-02208,templates/partials/ia/outcomes.html,58,field,select,Every school {{ o.label }},,project,,,/ia/dashboard/,get,"{""@change"": ""$el.form.requestSubmit()""}",False,,Not individually executed
CONTROL-02209,templates/partials/ia/outcomes.html,67,link,a,Reset,,,,/ia/dashboard/?view=collection,/ia/dashboard/,get,{},False,,Not individually executed
CONTROL-02210,templates/partials/ia/outcomes.html,87,link,a,,,,,{{ row.school_url }},,,{},False,,Not individually executed
CONTROL-02211,templates/partials/ia/outcomes.html,95,button,button,{{ action.label }},,,submit,,{{ action.href }},post,{},False,,Not individually executed
CONTROL-02212,templates/partials/ia/outcomes.html,97,button,button,{{ action.label }},,,button,{{ action.href }},,,"{""hx-get"": ""{{ action.href }}"", ""hx-target"": ""#drawer-container"", ""hx-swap"": ""innerHTML""}",False,,Not individually executed
CONTROL-02213,templates/partials/ia/outcomes.html,99,link,a,{{ action.label }},,,,{{ action.href }},,,{},False,,Not individually executed
CONTROL-02214,templates/partials/ia/outcomes.html,118,field,select,"FY{{ option }} against FY{{ option|add:""-1"" }}",ia-outcome-fy,fy,,,/ia/dashboard/,get,"{""@change"": ""$el.form.requestSubmit()""}",False,,Not individually executed
CONTROL-02215,templates/partials/ia/outcomes.html,125,field,select,All accessible projects {{ project.project__name }},ia-outcome-project,project,,,/ia/dashboard/,get,"{""@change"": ""$el.form.requestSubmit()""}",False,,Not individually executed
CONTROL-02216,templates/partials/ia/outcomes.html,131,link,a,Reset,,,,/ia/dashboard/?view={{ dashboard_view }},/ia/dashboard/,get,{},False,,Not individually executed
CONTROL-02217,templates/partials/ia/outcomes.html,149,link,a,Open Declining Schools,,,,/declining-schools?fy={{ pf.fy }},,,{},False,,Not individually executed
CONTROL-02218,templates/partials/ia/outcomes.html,184,link,a,Open School Evidence,,,,/ia/school-evidence/,,,{},False,,Not individually executed
CONTROL-02219,templates/partials/ia/outcomes.html,192,link,a,Student learning results,,,,/ia/school-evidence/?tab=learning,,,{},False,,Not individually executed
CONTROL-02220,templates/partials/ia/outcomes.html,199,link,a,Discipleship practice,,,,/ia/school-evidence/?tab=discipleship,,,{},False,,Not individually executed
CONTROL-02221,templates/partials/ia/outcomes.html,206,link,a,Most Significant Change stories,,,,/ia/stories/,,,{},False,,Not individually executed
CONTROL-02222,templates/partials/ia/outcomes.html,213,link,a,EdTech rollout,,,,/ia/school-evidence/?tab=edtech,,,{},False,,Not individually executed
CONTROL-02223,templates/partials/ia/outcomes.html,237,disclosure,summary,Evidence context {{ ia_outcomes.unmeasured }} unmeasured enrolments,,,,,,,{},False,,Not individually executed
CONTROL-02224,templates/partials/ia/outcomes.html,252,field,textarea,"Describe spiritual, educational and sustainability findings, including contrary evidence and sources.",ia-report-findings,findings,,,                                              ,post,{},False,,Not individually executed
CONTROL-02225,templates/partials/ia/outcomes.html,253,field,textarea,"Describe missing follow-ups, selection effects and alternative explanations.",ia-report-limitations,limitations,,,                                              ,post,{},False,,Not individually executed
CONTROL-02226,templates/partials/ia/outcomes.html,254,field,textarea,"State what should change, who will act and when the findings will be reviewed.",ia-report-recommendations,recommendations,,,                                              ,post,{},False,,Not individually executed
CONTROL-02227,templates/partials/ia/outcomes.html,256,button,button,Download draft impact report (CSV),,,submit,,                                              ,post,{},False,,Not individually executed
CONTROL-02228,templates/partials/ia/outcomes.html,296,link,a,,,,,/schools/{{ row.school_id }},,,{},False,,Not individually executed
CONTROL-02229,templates/partials/ia/outcomes.html,297,link,a,{{ row.project }},,,,/projects/{{ row.project_id }},,,{},False,,Not individually executed
CONTROL-02230,templates/partials/ia/partner_complete_drawer.html,38,field,input,The activity's Salesforce entry ID,iac-sf-id,salesforce_id,text,,/ia/partner-evidence/{{ a.id }}/complete-action,post,{},False,,Not individually executed
CONTROL-02231,templates/partials/ia/partner_complete_drawer.html,45,field,textarea,,iac-note,verification_note,,,/ia/partner-evidence/{{ a.id }}/complete-action,post,{},False,,Not individually executed
CONTROL-02232,templates/partials/ia/partner_complete_drawer.html,50,button,button,Cancel,,,button,,/ia/partner-evidence/{{ a.id }}/complete-action,post,"{""@click"": ""requestClose()""}",False,,Not individually executed
CONTROL-02233,templates/partials/ia/partner_complete_drawer.html,51,button,button,Confirm SF ID & Complete,,,submit,,/ia/partner-evidence/{{ a.id }}/complete-action,post,{},False,,Not individually executed
CONTROL-02234,templates/partials/ia/partner_return_drawer.html,18,field,input,Why this cannot be verified as submitted,iar-reason,reason,text,,/ia/partner-evidence/{{ a.id }}/return-action,post,{},False,,Not individually executed
CONTROL-02235,templates/partials/ia/partner_return_drawer.html,23,field,input,"e.g. attendance photo, actual attendance count",iar-fields,correction_fields,text,,/ia/partner-evidence/{{ a.id }}/return-action,post,{},False,,Not individually executed
CONTROL-02236,templates/partials/ia/partner_return_drawer.html,28,field,textarea,Exactly what the partner should do,iar-instruction,instruction,,,/ia/partner-evidence/{{ a.id }}/return-action,post,{},False,,Not individually executed
CONTROL-02237,templates/partials/ia/partner_return_drawer.html,33,field,input,,iar-deadline,deadline,date,,/ia/partner-evidence/{{ a.id }}/return-action,post,{},False,,Not individually executed
CONTROL-02238,templates/partials/ia/partner_return_drawer.html,38,button,button,Cancel,,,button,,/ia/partner-evidence/{{ a.id }}/return-action,post,"{""@click"": ""requestClose()""}",False,,Not individually executed
CONTROL-02239,templates/partials/ia/partner_return_drawer.html,39,button,button,Return to Partner,,,submit,,/ia/partner-evidence/{{ a.id }}/return-action,post,{},False,,Not individually executed
CONTROL-02240,templates/partials/ia/reports_view.html,17,field,select,All accessible projects {{ project.project__name }},,project,,,/ia/dashboard/,get,"{""@change"": ""$el.form.requestSubmit()""}",False,,Not individually executed
CONTROL-02241,templates/partials/ia/reports_view.html,22,link,a,Reset,,,,/ia/dashboard/?view=reports,/ia/dashboard/,get,{},False,,Not individually executed
CONTROL-02242,templates/partials/ia/reports_view.html,36,button,button,Start report,,,button,/ia/impact-reports/new?project={{ ia_outcomes.project }},,,"{""hx-get"": ""/ia/impact-reports/new?project={{ ia_outcomes.project }}"", ""hx-target"": ""#drawer-container"", ""hx-swap"": ""innerHTML""}",False,,Not individually executed
CONTROL-02243,templates/partials/ia/reports_view.html,37,link,a,Open Impact Reports,,,,/ia/impact-reports/,,,{},False,,Not individually executed
CONTROL-02244,templates/partials/ia/reports_view.html,52,link,a,Review Continue draft Release Open,,,,/ia/impact-reports/{{ entry.report.id }}/,,,{},False,,Not individually executed
CONTROL-02245,templates/partials/ia/reports_view.html,71,field,select,All recorded enrolments FY{{ option }},,fy,,,                                              ,post,{},False,,Not individually executed
CONTROL-02246,templates/partials/ia/reports_view.html,77,field,input,,,period_start,date,,                                              ,post,{},False,,Not individually executed
CONTROL-02247,templates/partials/ia/reports_view.html,78,field,input,,,period_end,date,,                                              ,post,{},False,,Not individually executed
CONTROL-02248,templates/partials/ia/reports_view.html,79,button,button,Download annex (CSV),,,submit,,                                              ,post,{},False,,Not individually executed
CONTROL-02249,templates/partials/leave/calendar_activity_panel.html,29,link,a,{{ item.label }},,,,/my-plan/{{ item.id }},,,{},False,,Not individually executed
CONTROL-02250,templates/partials/leave/impact_panel.html,83,link,a,Download the attached document,,,,/leave/{{ leave.id }}/attachment,,,{},False,,Not individually executed
CONTROL-02251,templates/partials/leave/impact_panel.html,121,button,button,Change Assignee,,,button,,,,"{""@click"": ""coverageModal = true""}",False,,Not individually executed
CONTROL-02252,templates/partials/leave/impact_panel.html,135,field,input,,,,checkbox,,,,{},True,No submitted name or direct model; check JS binding,Not individually executed
CONTROL-02253,templates/partials/leave/impact_panel.html,142,field,input,,,,checkbox,,,,{},True,No submitted name or direct model; check JS binding,Not individually executed
CONTROL-02254,templates/partials/leave/impact_panel.html,149,field,input,,,,checkbox,,,,{},True,No submitted name or direct model; check JS binding,Not individually executed
CONTROL-02255,templates/partials/leave/impact_panel.html,156,field,input,,,,checkbox,,,,{},True,No submitted name or direct model; check JS binding,Not individually executed
CONTROL-02256,templates/partials/leave/impact_panel.html,234,button,button,Approve Leave,,,submit,,                                                  ,POST,{},False,,Not individually executed
CONTROL-02257,templates/partials/leave/impact_panel.html,239,button,button,Return for Clarification,,,button,,,,"{""@click"": ""returnModal = true""}",False,,Not individually executed
CONTROL-02258,templates/partials/leave/impact_panel.html,246,button,button,Escalate to HR,,,submit,,                                                   ,POST,{},False,,Not individually executed
CONTROL-02259,templates/partials/leave/impact_panel.html,251,button,button,Reject,,,button,,,,"{""@click"": ""rejectModal = true""}",False,,Not individually executed
CONTROL-02260,templates/partials/leave/impact_panel.html,314,link,a,Full report,,,,                                      ,,,{},False,,Not individually executed
CONTROL-02261,templates/partials/leave/impact_panel.html,414,field,select,Covering staff,,covering_staff,,,                                                            ,POST,{},False,,Not individually executed
CONTROL-02262,templates/partials/leave/impact_panel.html,425,button,button,Cancel,,,button,,                                                            ,POST,"{""@click"": ""coverageModal = false""}",False,,Not individually executed
CONTROL-02263,templates/partials/leave/impact_panel.html,429,button,button,Save Assignment,,,submit,,                                                            ,POST,{},False,,Not individually executed
CONTROL-02264,templates/partials/leave/impact_panel.html,452,field,textarea,Describe what handover details or dates are required...,,reason,,,                                                 ,POST,{},False,,Not individually executed
CONTROL-02265,templates/partials/leave/impact_panel.html,457,button,button,Cancel,,,button,,                                                 ,POST,"{""@click"": ""returnModal = false""}",False,,Not individually executed
CONTROL-02266,templates/partials/leave/impact_panel.html,461,button,button,Send Back,,,submit,,                                                 ,POST,{},False,,Not individually executed
CONTROL-02267,templates/partials/leave/impact_panel.html,483,field,textarea,"Describe conflict reasons, capacity shortages, etc...",,reason,,,                                                 ,POST,{},False,,Not individually executed
CONTROL-02268,templates/partials/leave/impact_panel.html,488,button,button,Cancel,,,button,,                                                 ,POST,"{""@click"": ""rejectModal = false""}",False,,Not individually executed
CONTROL-02269,templates/partials/leave/impact_panel.html,492,button,button,Reject Request,,,submit,,                                                 ,POST,{},False,,Not individually executed
CONTROL-02270,templates/partials/leave/request_leave_drawer.html,9,button,button,Close leave request,,,button,,,,"{""@click"": ""closeRequestDrawer()""}",False,,Not individually executed
CONTROL-02271,templates/partials/leave/request_leave_drawer.html,34,field,select,{{ p.label }} ({{ p.annual_entitlement }} days/yr),leave-request-type,type,,,                                         ,POST,"{""@change"": ""updateMetrics()""}",False,,Not individually executed
CONTROL-02272,templates/partials/leave/request_leave_drawer.html,54,field,input,,leave-request-start,start_date,date,,                                         ,POST,"{""@change"": ""updateMetrics()""}",False,,Not individually executed
CONTROL-02273,templates/partials/leave/request_leave_drawer.html,68,field,input,,leave-request-end,end_date,date,,                                         ,POST,"{""@change"": ""updateMetrics()""}",False,,Not individually executed
CONTROL-02274,templates/partials/leave/request_leave_drawer.html,155,field,select,-- Choose eligible team member --,leave-request-cover,covering_staff,,,                                         ,POST,{},False,,Not individually executed
CONTROL-02275,templates/partials/leave/request_leave_drawer.html,184,field,textarea,"Provide handover instructions, specific schools to visit, and coverage details...",leave-request-coverage-notes,coverage_notes,,,                                         ,POST,{},False,,Not individually executed
CONTROL-02276,templates/partials/leave/request_leave_drawer.html,197,field,textarea,Are there any actions/slots during this period that require immediate execution?,leave-request-urgent-activities,urgent_activities,,,                                         ,POST,{},False,,Not individually executed
CONTROL-02277,templates/partials/leave/request_leave_drawer.html,209,field,input,e.g. Jane Doe (+256 700 000 000),leave-request-emergency-contact,emergency_contact,text,,                                         ,POST,{},False,,Not individually executed
CONTROL-02278,templates/partials/leave/request_leave_drawer.html,222,field,input,,leave-request-attachment,attachment,file,,                                         ,POST,{},False,,Not individually executed
CONTROL-02279,templates/partials/leave/request_leave_drawer.html,237,field,textarea,Optional comment to your Program Lead / CD reviewer...,leave-request-reason,reason,,,                                         ,POST,{},False,,Not individually executed
CONTROL-02280,templates/partials/leave/request_leave_drawer.html,250,button,button,Cancel,,,button,,,,"{""@click"": ""closeRequestDrawer()""}",False,,Not individually executed
CONTROL-02281,templates/partials/leave/request_leave_drawer.html,257,button,button,Submit Request,,,submit,,,,{},False,,Not individually executed
CONTROL-02282,templates/partials/messages/compose_modal.html,35,button,button,Close new message dialog,,,button,,,,"{""@click"": ""composeOpen = false""}",False,,Not individually executed
CONTROL-02283,templates/partials/messages/compose_modal.html,58,field,select,Context type,,,,,/messages/new/,post,"{""@change"": ""ctxId=''; ctxLabel=''; loadRecords()""}",False,,Not individually executed
CONTROL-02284,templates/partials/messages/compose_modal.html,67,field,select,Category,,category,,,/messages/new/,post,{},False,,Not individually executed
CONTROL-02285,templates/partials/messages/compose_modal.html,82,button,button,×,,,button,,/messages/new/,post,"{""@click"": ""ctxId=''; ctxLabel=''""}",False,,Not individually executed
CONTROL-02286,templates/partials/messages/compose_modal.html,89,field,input,Search records…,,,search,,/messages/new/,post,"{""@keyup.debounce.300ms"": ""loadRecords($event.target.value)""}",False,,Not individually executed
CONTROL-02287,templates/partials/messages/compose_modal.html,106,button,button,×,,,button,,/messages/new/,post,"{""@click"": ""to = to.filter(x=>x.id!==r.id)""}",False,,Not individually executed
CONTROL-02288,templates/partials/messages/compose_modal.html,109,field,select,Add recipient,,,,,/messages/new/,post,"{""@change"": ""pick($event)""}",False,,Not individually executed
CONTROL-02289,templates/partials/messages/compose_modal.html,121,field,input,What is this about?,,subject,text,,/messages/new/,post,{},False,,Not individually executed
CONTROL-02290,templates/partials/messages/compose_modal.html,130,button,button,Bold,,,button,,/messages/new/,post,"{""@click"": ""wrap('**')""}",False,,Not individually executed
CONTROL-02291,templates/partials/messages/compose_modal.html,131,button,button,Italic,,,button,,/messages/new/,post,"{""@click"": ""wrap('_')""}",False,,Not individually executed
CONTROL-02292,templates/partials/messages/compose_modal.html,132,button,button,Underline,,,button,,/messages/new/,post,"{""@click"": ""wrap('__')""}",False,,Not individually executed
CONTROL-02293,templates/partials/messages/compose_modal.html,134,button,button,List,,,button,,/messages/new/,post,"{""@click"": ""insertLine('- ')""}",False,,Not individually executed
CONTROL-02294,templates/partials/messages/compose_modal.html,137,button,button,Quote,,,button,,/messages/new/,post,"{""@click"": ""insertLine('> ')""}",False,,Not individually executed
CONTROL-02295,templates/partials/messages/compose_modal.html,141,field,textarea,Type your message…,,body,,,/messages/new/,post,{},False,,Not individually executed
CONTROL-02296,templates/partials/messages/compose_modal.html,150,field,input,,,attachments,file,,/messages/new/,post,"{""@change"": ""files = Array.from($event.target.files)""}",False,,Not individually executed
CONTROL-02297,templates/partials/messages/compose_modal.html,173,button,button,Save Draft,,action,submit,,,,"{""@click"": ""submitForm('draft')""}",False,,Not individually executed
CONTROL-02298,templates/partials/messages/compose_modal.html,176,button,button,Send Message,,,button,,,,"{""@click"": ""submitForm('send')""}",False,,Not individually executed
CONTROL-02299,templates/partials/messages/context_panel.html,7,button,button,Workflow Context,,,button,,,,"{""@click"": ""ctxOpen = !ctxOpen""}",False,,Not individually executed
CONTROL-02300,templates/partials/messages/context_panel.html,62,link,a,View Full Record,,,,{{ selected.panel.actions.0.href }},,,{},False,,Not individually executed
CONTROL-02301,templates/partials/messages/context_panel.html,99,link,a,View in Workflow,,,,{{ selected.panel.actions.0.href }},,,{},False,,Not individually executed
CONTROL-02302,templates/partials/messages/context_panel.html,121,link,a,+ Add Others,,,,/messages/new/?forward={{ selected.thread.id }},,,{},False,,Not individually executed
CONTROL-02303,templates/partials/messages/context_panel.html,135,link,a,{{ a.label }},,,,{{ a.href }},,,{},False,,Not individually executed
CONTROL-02304,templates/partials/messages/context_records.html,3,button,button,{{ r.title }} {{ r.meta }} {{ r.status }},,,button,,,,"{""@click"": ""$dispatch('toggle-linked', { type: '{{ context_tab|escapejs }}', id: '{{ r.id|escapejs }}', label: '{{ r.title|escapejs }}', status: '{{ r.status|escapejs }}' })""}",False,,Not individually executed
CONTROL-02305,templates/partials/messages/context_records.html,28,button,button,{{ r.title }} {{ r.meta }} {{ r.status }},,,button,,,,"{""@click"": ""$dispatch('select-context', { type: '{{ context_tab|escapejs }}', id: '{{ r.id|escapejs }}', label: '{{ r.title|escapejs }}' })""}",False,,Not individually executed
CONTROL-02306,templates/partials/messages/conversation.html,11,button,button,Back to inbox,,,,,,,"{""@click"": ""mobilePane = 'list'""}",False,,Not individually executed
CONTROL-02307,templates/partials/messages/conversation.html,15,button,button,Star conversation,,,,/messages/thread/{{ selected.thread.id }}/star,,,"{""hx-post"": ""/messages/thread/{{ selected.thread.id }}/star"", ""hx-swap"": ""outerHTML""}",False,,Not individually executed
CONTROL-02308,templates/partials/messages/conversation.html,40,button,button,More actions,,,button,,,,"{""@click"": ""menu = !menu"", ""@click.outside"": ""menu = false""}",False,,Not individually executed
CONTROL-02309,templates/partials/messages/conversation.html,46,link,a,Forward conversation,,,,/messages/new/?forward={{ selected.thread.id }},,,{},False,,Not individually executed
CONTROL-02310,templates/partials/messages/conversation.html,48,button,button,Archive,,,submit,,/messages/thread/{{ selected.thread.id }}/archive,get,{},False,,Not individually executed
CONTROL-02311,templates/partials/messages/conversation.html,52,button,button,Print,,,button,,,,"{""@click"": ""window.print()""}",False,,Not individually executed
CONTROL-02312,templates/partials/messages/conversation.html,56,link,a,Expand,,,,/messages?thread={{ selected.thread.id }},,,{},False,,Not individually executed
CONTROL-02313,templates/partials/messages/conversation.html,72,link,a,Add,,,,/messages/new/?forward={{ selected.thread.id }},,,{},False,,Not individually executed
CONTROL-02314,templates/partials/messages/conversation.html,104,link,a,PDF XLS DOC {{ a.name }} {{ a.size|filesizeformat }},,,,{{ a.url }},,,{},False,,Not individually executed
CONTROL-02315,templates/partials/messages/conversation.html,153,field,textarea,Write your reply… (Replies inherit this context),,body,,,/messages/thread/{{ selected.thread.id }}/reply,get,{},False,,Not individually executed
CONTROL-02316,templates/partials/messages/conversation.html,159,field,input,,,attachments,file,,/messages/thread/{{ selected.thread.id }}/reply,get,{},False,,Not individually executed
CONTROL-02317,templates/partials/messages/conversation.html,162,button,button,Insert link,,,button,,/messages/thread/{{ selected.thread.id }}/reply,get,"{""@click"": ""const field = $el.closest('form').querySelector('textarea'); field.value += ' [link](url) '; field.dispatchEvent(new Event('input', { bubbles: true })); field.focus()""}",False,,Not individually executed
CONTROL-02318,templates/partials/messages/conversation.html,166,button,button,Insert code,,,button,,/messages/thread/{{ selected.thread.id }}/reply,get,"{""@click"": ""const field = $el.closest('form').querySelector('textarea'); field.value += ' `code` '; field.dispatchEvent(new Event('input', { bubbles: true })); field.focus()""}",False,,Not individually executed
CONTROL-02319,templates/partials/messages/conversation.html,178,link,a,Forward,,,,/messages/new/?forward={{ selected.thread.id }},,,{},False,,Not individually executed
CONTROL-02320,templates/partials/messages/conversation.html,185,button,button,Archive,,,submit,,/messages/thread/{{ selected.thread.id }}/archive,get,{},False,,Not individually executed
CONTROL-02321,templates/partials/messages/conversation.html,192,link,a,Return to Workflow,,,,{{ selected.panel.actions.0.href }},,,{},False,,Not individually executed
CONTROL-02322,templates/partials/messages/conversation.html,198,button,button,Reply,,,submit,,,,{},False,,Not individually executed
CONTROL-02323,templates/partials/messages/conversation.html,212,link,a,{{ selected.panel.actions.0.label }},,,,{{ selected.panel.actions.0.href }},,,{},False,,Not individually executed
CONTROL-02324,templates/partials/messages/conversation.html,219,button,button,Archive,,,submit,,/messages/thread/{{ selected.thread.id }}/archive,get,{},False,,Not individually executed
CONTROL-02325,templates/partials/messages/message_drawer.html,23,link,a,"{{ t.subject|default:""(no subject)"" }} {{ t.snippet }}",,,,/messages/thread/{{ t.id }},,,{},False,,Not individually executed
CONTROL-02326,templates/partials/messages/message_drawer.html,46,link,a,View All Messages,,,,/messages,,,{},False,,Not individually executed
CONTROL-02327,templates/partials/messages/message_drawer.html,60,link,a,Start a conversation,,,,/messages/new,,,{},False,,Not individually executed
CONTROL-02328,templates/partials/messages/recipient_suggestions.html,10,button,button,{{ s.name|avatar_initials }} {{ s.name }},,,button,,,,"{""@click"": ""$dispatch('add-modal-recipient', { id: '{{ s.id|escapejs }}', name: '{{ s.name|escapejs }}', role: '{{ s.role|escapejs }}' }); $el.classList.add('bg-emerald-50', 'border-emerald-200', 'text-emerald-700'); $el.disabled = true""}",False,,Not individually executed
CONTROL-02329,templates/partials/messages/recipient_suggestions.html,24,button,button,Refresh,,,button,/messages/new/suggestions?type={{ context_type|urlencode }}&id={{ context_id|urlencode }},,,"{""hx-get"": ""/messages/new/suggestions?type={{ context_type|urlencode }}&id={{ context_id|urlencode }}"", ""hx-target"": ""#suggested-panel"", ""hx-swap"": ""innerHTML""}",False,,Not individually executed
CONTROL-02330,templates/partials/messages/recipient_suggestions.html,46,button,button,Add,,,button,,,,"{""@click"": ""$dispatch('add-recipient', { id: '{{ s.id|escapejs }}', name: '{{ s.name|escapejs }}', role: '{{ s.role|escapejs }}' }); $el.textContent = 'Added'; $el.disabled = true; $el.className = 'shrink-0 h-7 px-2.5 rounded-surface bg-emerald-50 border border-emerald-200 edify-text-caption font-bold text-emerald-700'""}",False,,Not individually executed
CONTROL-02331,templates/partials/messages/thread_list.html,5,button,button,"{{ t.sender_name|avatar_initials }} {{ t.sender_name }} {{ t.last_at|date:""M j, H:i"" }} Unread {{ t.subject }} {{ t.snippet }} {{ t.context_badge }} High Low",message-thread-{{ t.id }},,button,/messages/thread/{{ t.id }},,,"{""hx-get"": ""/messages/thread/{{ t.id }}"", ""hx-target"": ""#conversation-pane"", ""hx-swap"": ""innerHTML"", ""hx-push-url"": ""/messages?thread={{ t.id }}"", ""@click"": ""mobilePane = 'thread'; $el.querySelector('[data-unread-indicator]')?.remove()""}",False,,Not individually executed
CONTROL-02332,templates/partials/messages/thread_list.html,64,button,button,{{ p }},,,,/messages?tab={{ active_tab }}&sort={{ sort }}&page={{ p }}                 &q={{ search_q }}           ,,,"{""hx-get"": ""/messages?tab={{ active_tab }}&sort={{ sort }}&page={{ p }}                 &q={{ search_q }}           "", ""hx-target"": ""#thread-list"", ""hx-swap"": ""innerHTML""}",False,,Not individually executed
CONTROL-02333,templates/partials/messages/thread_list.html,72,button,button,Next page,,,,/messages?tab={{ active_tab }}&sort={{ sort }}&page={{ page|add:1 }}                 &q={{ search_q }}           ,,,"{""hx-get"": ""/messages?tab={{ active_tab }}&sort={{ sort }}&page={{ page|add:1 }}                 &q={{ search_q }}           "", ""hx-target"": ""#thread-list"", ""hx-swap"": ""innerHTML""}",False,,Not individually executed
CONTROL-02334,templates/partials/my_plan/_pager.html,17,link,a,Previous,,,,?{{ base_query }}{{ param }}={{ pager.previous_page }},,,{},False,,Not individually executed
CONTROL-02335,templates/partials/my_plan/_pager.html,24,link,a,Next,,,,?{{ base_query }}{{ param }}={{ pager.next_page }},,,{},False,,Not individually executed
CONTROL-02336,templates/partials/my_plan/_priority_group.html,32,link,a,{{ row.next_action.text }},,,,{{ row.next_action.url }},,,{},False,,Not individually executed
CONTROL-02337,templates/partials/my_plan/accountability_drawer.html,36,field,input,{{ total_disbursed }},amount_spent,amount_spent,number,,/my-plan/{{ act.id }}/accountability,get,{},False,,Not individually executed
CONTROL-02338,templates/partials/my_plan/accountability_drawer.html,42,field,input,0,amount_returned,amount_returned,number,,/my-plan/{{ act.id }}/accountability,get,{},False,,Not individually executed
CONTROL-02339,templates/partials/my_plan/accountability_drawer.html,48,field,textarea,Explain any difference between disbursed and accounted amounts,variance_note,variance_note,,,/my-plan/{{ act.id }}/accountability,get,{},False,,Not individually executed
CONTROL-02340,templates/partials/my_plan/accountability_drawer.html,66,field,input,,,receipt_file,file,,/my-plan/{{ act.id }}/accountability,get,{},False,,Not individually executed
CONTROL-02341,templates/partials/my_plan/accountability_drawer.html,84,field,input,e.g. EXP-2026-00889,,netsuite_code,text,,/my-plan/{{ act.id }}/accountability,get,{},False,,Not individually executed
CONTROL-02342,templates/partials/my_plan/accountability_drawer.html,90,button,button,Submit for Finance Review,,,submit,,/my-plan/{{ act.id }}/accountability,get,{},False,,Not individually executed
CONTROL-02343,templates/partials/my_plan/activity_detail_drawer.html,35,button,button,Close panel,,,button,,,,"{""@click"": ""closeDrawer()""}",False,,Not individually executed
CONTROL-02344,templates/partials/my_plan/activity_detail_drawer.html,82,tab,button,Overview & Description,activity-detail-tab-overview,,button,,,,"{""@click"": ""activeTab = 'details'""}",False,,Not individually executed
CONTROL-02345,templates/partials/my_plan/activity_detail_drawer.html,91,tab,button,Finance & Budget,activity-detail-tab-finance,,button,,,,"{""@click"": ""activeTab = 'finance'""}",False,,Not individually executed
CONTROL-02346,templates/partials/my_plan/activity_detail_drawer.html,100,tab,button,Evidence & SF ID ({{ evidence_list|length }}),activity-detail-tab-evidence,,button,,,,"{""@click"": ""activeTab = 'evidence'""}",False,,Not individually executed
CONTROL-02347,templates/partials/my_plan/activity_detail_drawer.html,244,button,button,Close,,,button,,,,"{""@click"": ""closeDrawer()""}",False,,Not individually executed
CONTROL-02348,templates/partials/my_plan/activity_detail_drawer.html,253,button,button,Update SSA & Complete,,,,/activities/{{ act.id }}/partner-ssa-complete,,,"{""hx-get"": ""/activities/{{ act.id }}/partner-ssa-complete"", ""hx-target"": ""#drawer-container"", ""hx-swap"": ""innerHTML""}",False,,Not individually executed
CONTROL-02349,templates/partials/my_plan/activity_detail_drawer.html,262,button,button,Reschedule,,,button,/my-plan/{{ act.id }}/reschedule-drawer,,,"{""hx-get"": ""/my-plan/{{ act.id }}/reschedule-drawer"", ""hx-trigger"": ""click consume"", ""hx-target"": ""#drawer-container"", ""hx-swap"": ""innerHTML""}",False,,Not individually executed
CONTROL-02350,templates/partials/my_plan/activity_detail_drawer.html,273,button,button,Complete Activity,,,,/my-plan/{{ act.id }}/complete-drawer,,,"{""hx-get"": ""/my-plan/{{ act.id }}/complete-drawer"", ""hx-target"": ""#drawer-container"", ""hx-swap"": ""innerHTML""}",False,,Not individually executed
CONTROL-02351,templates/partials/my_plan/activity_row.html,18,button,button,Actions for {{ row.title|default:'this activity' }},,,button,,,,"{""@click"": ""toggle()""}",False,,Not individually executed
CONTROL-02352,templates/partials/my_plan/activity_row.html,29,button,button,View Details,,,,/my-plan/{{ row.id }},,,"{""hx-get"": ""/my-plan/{{ row.id }}"", ""hx-target"": ""#drawer-container"", ""hx-swap"": ""innerHTML"", ""@click"": ""close()""}",False,,Not individually executed
CONTROL-02353,templates/partials/my_plan/activity_row.html,42,button,button,Reschedule Activity,,,button,/my-plan/{{ row.id }}/reschedule-drawer,,,"{""hx-get"": ""/my-plan/{{ row.id }}/reschedule-drawer"", ""hx-trigger"": ""click consume"", ""hx-target"": ""#drawer-container"", ""hx-swap"": ""innerHTML"", ""@click"": ""close()""}",False,,Not individually executed
CONTROL-02354,templates/partials/my_plan/activity_row.html,58,button,button,Start Activity,,,,/activities/{{ row.id }}/start,,,"{""hx-get"": ""/activities/{{ row.id }}/start"", ""hx-target"": ""#drawer-container"", ""hx-swap"": ""innerHTML"", ""@click"": ""close()""}",False,,Not individually executed
CONTROL-02355,templates/partials/my_plan/activity_row.html,71,button,button,Complete Activity,,,,/my-plan/{{ row.id }}/complete-drawer,,,"{""hx-get"": ""/my-plan/{{ row.id }}/complete-drawer"", ""hx-target"": ""#drawer-container"", ""hx-swap"": ""innerHTML"", ""@click"": ""close()""}",False,,Not individually executed
CONTROL-02356,templates/partials/my_plan/activity_row.html,83,button,button,Upload Evidence,,,,/my-plan/{{ row.id }}/complete-drawer,,,"{""hx-get"": ""/my-plan/{{ row.id }}/complete-drawer"", ""hx-target"": ""#drawer-container"", ""hx-swap"": ""innerHTML"", ""@click"": ""close()""}",False,,Not individually executed
CONTROL-02357,templates/partials/my_plan/activity_row.html,94,button,button,Enter Activity SF ID,,,,/my-plan/{{ row.id }}/complete-drawer,,,"{""hx-get"": ""/my-plan/{{ row.id }}/complete-drawer"", ""hx-target"": ""#drawer-container"", ""hx-swap"": ""innerHTML"", ""@click"": ""close()""}",False,,Not individually executed
CONTROL-02358,templates/partials/my_plan/activity_row.html,106,button,button,Submit for Review,,,,{{ row.next_action.url }},,,"{""hx-get"": ""{{ row.next_action.url }}"", ""hx-target"": ""#drawer-container"", ""hx-swap"": ""innerHTML"", ""@click"": ""close()""}",False,,Not individually executed
CONTROL-02359,templates/partials/my_plan/activity_row.html,117,button,button,Update SSA & Complete,,,,/activities/{{ row.id }}/partner-ssa-complete,,,"{""hx-get"": ""/activities/{{ row.id }}/partner-ssa-complete"", ""hx-target"": ""#drawer-container"", ""hx-swap"": ""innerHTML"", ""@click"": ""close()""}",False,,Not individually executed
CONTROL-02360,templates/partials/my_plan/activity_row.html,132,button,button,View Budget Lines,,,,/my-plan/{{ row.id }},,,"{""hx-get"": ""/my-plan/{{ row.id }}"", ""hx-target"": ""#drawer-container"", ""hx-swap"": ""innerHTML"", ""@click"": ""close()""}",False,,Not individually executed
CONTROL-02361,templates/partials/my_plan/activity_row.html,146,button,button,Cancel Activity,,,button,/my-plan/{{ row.id }}/cancel-drawer,,,"{""hx-get"": ""/my-plan/{{ row.id }}/cancel-drawer"", ""hx-trigger"": ""click consume"", ""hx-target"": ""#drawer-container"", ""hx-swap"": ""innerHTML"", ""@click"": ""close()""}",False,,Not individually executed
CONTROL-02362,templates/partials/my_plan/activity_table.html,107,link,a,View,,,,/my-plan/{{ act.id }},,,{},False,,Not individually executed
CONTROL-02363,templates/partials/my_plan/activity_table.html,110,button,button,{{ act.next_action.text }},,,,{{ act.next_action.url }},,,"{""hx-get"": ""{{ act.next_action.url }}"", ""hx-target"": ""#drawer-container"", ""hx-swap"": ""innerHTML""}",False,,Not individually executed
CONTROL-02364,templates/partials/my_plan/activity_table.html,119,button,button,{{ act.next_action.text }},,,,{{ act.next_action.url }},,,"{""hx-get"": ""{{ act.next_action.url }}"", ""hx-target"": ""#drawer-container"", ""hx-swap"": ""innerHTML""}",False,,Not individually executed
CONTROL-02365,templates/partials/my_plan/attendance_drawer.html,27,field,input,{{ act.teachers_attended|default:0 }},teachers_attended,teachers_attended,number,,/activities/{{ act.id }}/attendance/action,get,{},False,,Not individually executed
CONTROL-02366,templates/partials/my_plan/attendance_drawer.html,38,field,input,{{ act.leaders_attended|default:0 }},leaders_attended,leaders_attended,number,,/activities/{{ act.id }}/attendance/action,get,{},False,,Not individually executed
CONTROL-02367,templates/partials/my_plan/attendance_drawer.html,53,field,input,,,attendance_file,file,,/activities/{{ act.id }}/attendance/action,get,{},False,,Not individually executed
CONTROL-02368,templates/partials/my_plan/attendance_drawer.html,68,button,button,+ Onboard New School,,,button,/schools/create-drawer?cluster_id={{ act.cluster.id }},/activities/{{ act.id }}/attendance/action,get,"{""hx-get"": ""/schools/create-drawer?cluster_id={{ act.cluster.id }}"", ""hx-target"": ""#drawer-container""}",False,,Not individually executed
CONTROL-02369,templates/partials/my_plan/attendance_drawer.html,82,field,input,{{ school.id }},,attended_schools,checkbox,,/activities/{{ act.id }}/attendance/action,get,{},False,,Not individually executed
CONTROL-02370,templates/partials/my_plan/attendance_drawer.html,107,button,button,+ Add a school that attended,,,button,,/activities/{{ act.id }}/attendance/action,get,"{""@click"": ""adding = !adding""}",False,,Not individually executed
CONTROL-02371,templates/partials/my_plan/attendance_drawer.html,127,field,input,The school's official ID,guest_school_id,guest_school_id,text,,/activities/{{ act.id }}/attendance/action,get,{},False,,Not individually executed
CONTROL-02372,templates/partials/my_plan/attendance_drawer.html,133,field,input,,guest_teachers,guest_teachers,number,,/activities/{{ act.id }}/attendance/action,get,{},False,,Not individually executed
CONTROL-02373,templates/partials/my_plan/attendance_drawer.html,138,field,input,,guest_leaders,guest_leaders,number,,/activities/{{ act.id }}/attendance/action,get,{},False,,Not individually executed
CONTROL-02374,templates/partials/my_plan/attendance_drawer.html,143,field,input,,guest_other,guest_other,number,,/activities/{{ act.id }}/attendance/action,get,{},False,,Not individually executed
CONTROL-02375,templates/partials/my_plan/attendance_drawer.html,158,field,textarea,Any additional details on attendance registration...,notes,notes,,,/activities/{{ act.id }}/attendance/action,get,{},False,,Not individually executed
CONTROL-02376,templates/partials/my_plan/attendance_drawer.html,170,button,button,Cancel,,,button,,/activities/{{ act.id }}/attendance/action,get,"{""@click"": ""$dispatch('close-drawer')""}",False,,Not individually executed
CONTROL-02377,templates/partials/my_plan/attendance_drawer.html,177,button,button,Save Attendance,,,submit,,/activities/{{ act.id }}/attendance/action,get,{},False,,Not individually executed
CONTROL-02378,templates/partials/my_plan/attention.html,43,button,button,{{ row.next_action.text }},,,,{{ row.next_action.url }},,,"{""hx-get"": ""{{ row.next_action.url }}"", ""hx-target"": ""#drawer-container"", ""hx-swap"": ""innerHTML""}",False,,Not individually executed
CONTROL-02379,templates/partials/my_plan/attention.html,159,link,a,View,,,,/my-plan/{{ row.id }},,,{},False,,Not individually executed
CONTROL-02380,templates/partials/my_plan/attention.html,212,button,button,{{ row.next_action.text }},,,,{{ row.next_action.url }},,,"{""hx-get"": ""{{ row.next_action.url }}"", ""hx-target"": ""#drawer-container"", ""hx-swap"": ""innerHTML""}",False,,Not individually executed
CONTROL-02381,templates/partials/my_plan/cancel_drawer.html,39,field,textarea,"e.g., School closed for the term; the head teacher has been transferred...",reason,reason,,,/my-plan/{{ act.id }}/cancel,get,{},False,,Not individually executed
CONTROL-02382,templates/partials/my_plan/cancel_drawer.html,55,button,button,Keep activity,,,button,,/my-plan/{{ act.id }}/cancel,get,"{""@click"": ""$dispatch('close-drawer')""}",False,,Not individually executed
CONTROL-02383,templates/partials/my_plan/cancel_drawer.html,62,button,button,Cancel activity,,,submit,,/my-plan/{{ act.id }}/cancel,get,{},False,,Not individually executed
CONTROL-02384,templates/partials/my_plan/cluster_meetings.html,16,link,a,Open Planning,,,,/planning,,,{},False,,Not individually executed
CONTROL-02385,templates/partials/my_plan/cluster_meetings.html,37,link,a,{{ row.cluster_name }},,,,/clusters/{{ row.cluster_id }},,,{},False,,Not individually executed
CONTROL-02386,templates/partials/my_plan/cluster_meetings.html,51,link,a,Open Planning,,,,/planning,,,{},False,,Not individually executed
CONTROL-02387,templates/partials/my_plan/cluster_trainings.html,16,link,a,Open Planning,,,,/planning,,,{},False,,Not individually executed
CONTROL-02388,templates/partials/my_plan/cluster_trainings.html,38,link,a,{{ row.cluster_name }},,,,{{ row.place_url }},,,{},False,,Not individually executed
CONTROL-02389,templates/partials/my_plan/cluster_trainings.html,57,link,a,Open Planning,,,,/planning,,,{},False,,Not individually executed
CONTROL-02390,templates/partials/my_plan/complete_drawer.html,32,field,input,,,training_evidence_file,file,,/my-plan/{{ act.id }}/complete,get,{},False,,Not individually executed
CONTROL-02391,templates/partials/my_plan/complete_drawer.html,38,field,input,,,visit_evidence_file,file,,/my-plan/{{ act.id }}/complete,get,{},False,,Not individually executed
CONTROL-02392,templates/partials/my_plan/complete_drawer.html,44,field,input,,,evidence_file,file,,/my-plan/{{ act.id }}/complete,get,{},False,,Not individually executed
CONTROL-02393,templates/partials/my_plan/complete_drawer.html,54,field,select,{{ item.label }} — already uploaded {{ label }},evidence_kind,evidence_kind,,,/my-plan/{{ act.id }}/complete,get,{},False,,Not individually executed
CONTROL-02394,templates/partials/my_plan/complete_drawer.html,110,field,input,yes,,ssa_collected,radio,,/my-plan/{{ act.id }}/complete,get,{},False,,Not individually executed
CONTROL-02395,templates/partials/my_plan/complete_drawer.html,114,field,input,no,,ssa_collected,radio,,/my-plan/{{ act.id }}/complete,get,{},False,,Not individually executed
CONTROL-02396,templates/partials/my_plan/complete_drawer.html,125,field,input,{{ label }} score,,score_{{ code }},number,,/my-plan/{{ act.id }}/complete,get,{},False,,Not individually executed
CONTROL-02397,templates/partials/my_plan/complete_drawer.html,133,field,select,-- Choose reason -- School leader unavailable Assessment not completed Time insufficient Data collection postponed Wrong school visited Other,ssa_not_collected_reason,ssa_not_collected_reason,,,/my-plan/{{ act.id }}/complete,get,{},False,,Not individually executed
CONTROL-02398,templates/partials/my_plan/complete_drawer.html,165,field,input,TS-…,salesforce_id,salesforce_id,text,,/my-plan/{{ act.id }}/complete,get,{},False,,Not individually executed
CONTROL-02399,templates/partials/my_plan/complete_drawer.html,171,field,input,SVE-…,visit_salesforce_id,visit_salesforce_id,text,,/my-plan/{{ act.id }}/complete,get,{},False,,Not individually executed
CONTROL-02400,templates/partials/my_plan/complete_drawer.html,180,field,input,e.g. SVE-11223344 or TS-998877,salesforce_id,salesforce_id,text,,/my-plan/{{ act.id }}/complete,get,{},False,,Not individually executed
CONTROL-02401,templates/partials/my_plan/complete_drawer.html,199,field,input,e.g. EXP-2026-00889,netsuite_id,netsuite_id,text,,/my-plan/{{ act.id }}/complete,get,{},False,,Not individually executed
CONTROL-02402,templates/partials/my_plan/complete_drawer.html,212,field,input,{{ disbursed_amount|default:'0' }},amount_spent,amount_spent,number,,/my-plan/{{ act.id }}/complete,get,{},False,,Not individually executed
CONTROL-02403,templates/partials/my_plan/complete_drawer.html,224,field,input,0,amount_returned,amount_returned,number,,/my-plan/{{ act.id }}/complete,get,{},False,,Not individually executed
CONTROL-02404,templates/partials/my_plan/complete_drawer.html,236,field,textarea,Explain any difference between disbursed and accounted amounts,variance_note,variance_note,,,/my-plan/{{ act.id }}/complete,get,{},False,,Not individually executed
CONTROL-02405,templates/partials/my_plan/complete_drawer.html,248,field,input,{{ act.teachersAttended|default:0 }},teachers_attended,teachers_attended,number,,/my-plan/{{ act.id }}/complete,get,{},False,,Not individually executed
CONTROL-02406,templates/partials/my_plan/complete_drawer.html,259,field,input,{{ act.leadersAttended|default:0 }},leaders_attended,leaders_attended,number,,/my-plan/{{ act.id }}/complete,get,{},False,,Not individually executed
CONTROL-02407,templates/partials/my_plan/complete_drawer.html,326,button,button,+ Onboard New School,,,button,/schools/create-drawer?cluster_id={{ act.clusterId }},/my-plan/{{ act.id }}/complete,get,"{""hx-get"": ""/schools/create-drawer?cluster_id={{ act.clusterId }}"", ""hx-target"": ""#drawer-container""}",False,,Not individually executed
CONTROL-02408,templates/partials/my_plan/complete_drawer.html,339,button,button,Click to view/select schools,,,button,,/my-plan/{{ act.id }}/complete,get,{},False,,Not individually executed
CONTROL-02409,templates/partials/my_plan/complete_drawer.html,368,field,input,{{ school.id }},,attended_school_ids,checkbox,,/my-plan/{{ act.id }}/complete,get,{},False,,Not individually executed
CONTROL-02410,templates/partials/my_plan/complete_drawer.html,398,field,textarea,"{{ act.feedbackFinding|default:"""" }}",feedback_finding,feedback_finding,,,/my-plan/{{ act.id }}/complete,get,{},False,,Not individually executed
CONTROL-02411,templates/partials/my_plan/complete_drawer.html,402,field,textarea,"{{ act.schoolImprovementsText|default:"""" }}",school_improvements,school_improvements,,,/my-plan/{{ act.id }}/complete,get,{},False,,Not individually executed
CONTROL-02412,templates/partials/my_plan/complete_drawer.html,415,field,textarea,"{{ act.actualOutcome|default:"""" }}",,actual_outcome,,,/my-plan/{{ act.id }}/complete,get,{},False,,Not individually executed
CONTROL-02413,templates/partials/my_plan/complete_drawer.html,416,field,textarea,"{{ act.actualObservations|default:"""" }}",,actual_observations,,,/my-plan/{{ act.id }}/complete,get,{},False,,Not individually executed
CONTROL-02414,templates/partials/my_plan/complete_drawer.html,417,field,input,{{ act.followUpNote|default:,,follow_up_note,text,,/my-plan/{{ act.id }}/complete,get,{},False,,Not individually executed
CONTROL-02415,templates/partials/my_plan/complete_drawer.html,423,button,button,Cancel,,,button,,/my-plan/{{ act.id }}/complete,get,"{""@click"": ""\nrequestClose()\n""}",False,,Not individually executed
CONTROL-02416,templates/partials/my_plan/complete_drawer.html,432,button,button,Submit Training + Visit Submit Activity Completion,,,submit,,/my-plan/{{ act.id }}/complete,get,{},False,,Not individually executed
CONTROL-02417,templates/partials/my_plan/confirm_reimbursement_receipt_drawer.html,25,field,input,{{ adv.reimbursed_amount }},amount,amount,number,,/my-plan/{{ act.id }}/confirm-reimbursement-receipt,get,{},False,,Not individually executed
CONTROL-02418,templates/partials/my_plan/confirm_reimbursement_receipt_drawer.html,36,button,button,Confirm Receipt,,,submit,,/my-plan/{{ act.id }}/confirm-reimbursement-receipt,get,{},False,,Not individually executed
CONTROL-02419,templates/partials/my_plan/evidence_drawer.html,31,field,input,{{ item.label }} PDF file,,evidence_file,file,,/activities/{{ act.id }}/evidence/action,get,{},False,,Not individually executed
CONTROL-02420,templates/partials/my_plan/evidence_drawer.html,40,field,input,The activity's Salesforce entry ID,ev-sf-{{ item.kind }},salesforce_id,text,,/activities/{{ act.id }}/evidence/action,get,{},False,,Not individually executed
CONTROL-02421,templates/partials/my_plan/evidence_drawer.html,46,button,button,Upload {{ item.label }},,,submit,,/activities/{{ act.id }}/evidence/action,get,{},False,,Not individually executed
CONTROL-02422,templates/partials/my_plan/evidence_drawer.html,60,link,a,{{ ev.original_name }},,,,/api/evidence/{{ ev.id }}/file,,,{},False,,Not individually executed
CONTROL-02423,templates/partials/my_plan/evidence_drawer.html,63,link,a,Download,,,,/api/evidence/{{ ev.id }}/file?download=1,,,{},False,,Not individually executed
CONTROL-02424,templates/partials/my_plan/evidence_drawer.html,72,button,button,Done,,,button,,,,"{""@click"": ""requestClose()""}",False,,Not individually executed
CONTROL-02425,templates/partials/my_plan/filters.html,15,field,select,Filter by fiscal year,,fy,,,/my-plan,GET,"{""hx-trigger"": ""change""}",False,,Not individually executed
CONTROL-02426,templates/partials/my_plan/filters.html,26,field,select,Filter by quarter,,quarter,,,/my-plan,GET,"{""hx-trigger"": ""change""}",False,,Not individually executed
CONTROL-02427,templates/partials/my_plan/filters.html,36,field,select,Filter by month,,month,,,/my-plan,GET,"{""hx-trigger"": ""change""}",False,,Not individually executed
CONTROL-02428,templates/partials/my_plan/filters.html,43,button,button,More filters · Applied,,,button,,/my-plan,GET,"{""@click"": ""$refs.advancedFilters.showModal()""}",False,,Not individually executed
CONTROL-02429,templates/partials/my_plan/filters.html,51,button,button,Close advanced filters,,,button,,/my-plan,GET,"{""@click"": ""$refs.advancedFilters.close()""}",False,,Not individually executed
CONTROL-02430,templates/partials/my_plan/filters.html,58,field,select,Filter by week,,week,,,/my-plan,GET,"{""hx-trigger"": ""change""}",False,,Not individually executed
CONTROL-02431,templates/partials/my_plan/filters.html,68,field,select,Filter by district,,district,,,/my-plan,GET,"{""hx-trigger"": ""change""}",False,,Not individually executed
CONTROL-02432,templates/partials/my_plan/filters.html,79,field,select,Filter by staff member,,staff,,,/my-plan,GET,"{""hx-trigger"": ""change""}",False,,Not individually executed
CONTROL-02433,templates/partials/my_plan/filters.html,90,field,select,Filter by activity type,,activity_type,,,/my-plan,GET,"{""hx-trigger"": ""change""}",False,,Not individually executed
CONTROL-02434,templates/partials/my_plan/filters.html,101,field,select,Filter by status,,status,,,/my-plan,GET,"{""hx-trigger"": ""change""}",False,,Not individually executed
CONTROL-02435,templates/partials/my_plan/filters.html,112,button,button,Apply filters,,,button,,/my-plan,GET,"{""@click"": ""$refs.advancedFilters.close()""}",False,,Not individually executed
CONTROL-02436,templates/partials/my_plan/filters.html,121,link,a,Clear Filters,,,,/my-plan,/my-plan,GET,{},False,,Not individually executed
CONTROL-02437,templates/partials/my_plan/partner_ssa_completion_drawer.html,34,field,input,,partner-ssa-score-{{ field.code }},score_{{ field.code }},number,,/activities/{{ a.id }}/partner-ssa-complete/action,post,{},False,,Not individually executed
CONTROL-02438,templates/partials/my_plan/partner_ssa_completion_drawer.html,55,field,input,{{ a.school.enrollment|default_if_none:'' }},partner-ssa-enrollment,enrollment,number,,/activities/{{ a.id }}/partner-ssa-complete/action,post,{},False,,Not individually executed
CONTROL-02439,templates/partials/my_plan/partner_ssa_completion_drawer.html,72,field,input,SVE-…,partner-ssa-salesforce-id,salesforce_id,text,,/activities/{{ a.id }}/partner-ssa-complete/action,post,{},False,,Not individually executed
CONTROL-02440,templates/partials/my_plan/partner_ssa_completion_drawer.html,87,field,textarea,,partner-ssa-verification-note,verification_note,,,/activities/{{ a.id }}/partner-ssa-complete/action,post,{},False,,Not individually executed
CONTROL-02441,templates/partials/my_plan/partner_ssa_completion_drawer.html,94,button,button,Cancel,,,button,,/activities/{{ a.id }}/partner-ssa-complete/action,post,"{""@click"": ""requestClose()""}",False,,Not individually executed
CONTROL-02442,templates/partials/my_plan/partner_ssa_completion_drawer.html,95,button,button,Save SSA & Complete,,,submit,,/activities/{{ a.id }}/partner-ssa-complete/action,post,{},False,,Not individually executed
CONTROL-02443,templates/partials/my_plan/period_tabs.html,6,tab,button,Week,my-plan-tab-week,,button,/my-plan,,,"{""hx-get"": ""/my-plan"", ""hx-target"": ""#my-plan-workspace"", ""hx-swap"": ""innerHTML"", ""hx-push-url"": ""true"", ""hx-include"": ""#filters-form"", ""@click"": ""document.querySelector('#filters-form [name=period]').value = 'week'""}",False,,Not individually executed
CONTROL-02444,templates/partials/my_plan/period_tabs.html,24,tab,button,Month,my-plan-tab-month,,button,/my-plan,,,"{""hx-get"": ""/my-plan"", ""hx-target"": ""#my-plan-workspace"", ""hx-swap"": ""innerHTML"", ""hx-push-url"": ""true"", ""hx-include"": ""#filters-form"", ""@click"": ""document.querySelector('#filters-form [name=period]').value = 'month'""}",False,,Not individually executed
CONTROL-02445,templates/partials/my_plan/period_tabs.html,42,tab,button,Quarter,my-plan-tab-quarter,,button,/my-plan,,,"{""hx-get"": ""/my-plan"", ""hx-target"": ""#my-plan-workspace"", ""hx-swap"": ""innerHTML"", ""hx-push-url"": ""true"", ""hx-include"": ""#filters-form"", ""@click"": ""document.querySelector('#filters-form [name=period]').value = 'quarter'""}",False,,Not individually executed
CONTROL-02446,templates/partials/my_plan/period_tabs.html,60,tab,button,FY,my-plan-tab-fy,,button,/my-plan,,,"{""hx-get"": ""/my-plan"", ""hx-target"": ""#my-plan-workspace"", ""hx-swap"": ""innerHTML"", ""hx-push-url"": ""true"", ""hx-include"": ""#filters-form"", ""@click"": ""document.querySelector('#filters-form [name=period]').value = 'fy'""}",False,,Not individually executed
CONTROL-02447,templates/partials/my_plan/period_tabs.html,87,link,a,View Calendar,,,,/calendar,,,{},False,,Not individually executed
CONTROL-02448,templates/partials/my_plan/programme_activities.html,17,link,a,Open Work Plan,,,,/work-plan,,,{},False,,Not individually executed
CONTROL-02449,templates/partials/my_plan/programme_activities.html,52,link,a,Open Work Plan,,,,/work-plan,,,{},False,,Not individually executed
CONTROL-02450,templates/partials/my_plan/salesforce_id_drawer.html,32,field,input,e.g. SVE-11223344 or TS-998877,salesforce_id,salesforce_id,text,,/activities/{{ act.id }}/salesforce-id/action,get,{},False,,Not individually executed
CONTROL-02451,templates/partials/my_plan/salesforce_id_drawer.html,46,button,button,Cancel,,,button,,/activities/{{ act.id }}/salesforce-id/action,get,"{""@click"": ""$dispatch('close-drawer')""}",False,,Not individually executed
CONTROL-02452,templates/partials/my_plan/salesforce_id_drawer.html,53,button,button,Save Salesforce ID,,,submit,,/activities/{{ act.id }}/salesforce-id/action,get,{},False,,Not individually executed
CONTROL-02453,templates/partials/my_plan/school_visits.html,17,link,a,Open Planning,,,,/planning,,,{},False,,Not individually executed
CONTROL-02454,templates/partials/my_plan/school_visits.html,56,link,a,Open Planning,,,,/planning,,,{},False,,Not individually executed
CONTROL-02455,templates/partials/my_plan/ssa_upload_drawer.html,28,field,input,{{ label }} score,,score_{{ code }},number,,/activities/{{ act.id }}/ssa-upload/action,get,{},False,,Not individually executed
CONTROL-02456,templates/partials/my_plan/ssa_upload_drawer.html,40,field,input,,,ssa_file,file,,/activities/{{ act.id }}/ssa-upload/action,get,{},False,,Not individually executed
CONTROL-02457,templates/partials/my_plan/ssa_upload_drawer.html,52,button,button,Cancel,,,button,,/activities/{{ act.id }}/ssa-upload/action,get,"{""@click"": ""$dispatch('close-drawer')""}",False,,Not individually executed
CONTROL-02458,templates/partials/my_plan/ssa_upload_drawer.html,59,button,button,Upload SSA,,,submit,,/activities/{{ act.id }}/ssa-upload/action,get,{},False,,Not individually executed
CONTROL-02459,templates/partials/my_plan/start_drawer.html,27,field,textarea,"e.g., Arrived at the school, meeting with the headteacher...",notes,notes,,,/activities/{{ act.id }}/start/action,get,{},False,,Not individually executed
CONTROL-02460,templates/partials/my_plan/start_drawer.html,39,button,button,Cancel,,,button,,/activities/{{ act.id }}/start/action,get,"{""@click"": ""$dispatch('close-drawer')""}",False,,Not individually executed
CONTROL-02461,templates/partials/my_plan/start_drawer.html,46,button,button,Start Activity,,,submit,,/activities/{{ act.id }}/start/action,get,{},False,,Not individually executed
CONTROL-02462,templates/partials/my_plan/submit_drawer.html,80,button,button,Cancel,,,button,,/activities/{{ act.id }}/submit/action,get,"{""@click"": ""$dispatch('close-drawer')""}",False,,Not individually executed
CONTROL-02463,templates/partials/my_plan/submit_drawer.html,87,button,button,Submit for Review,,,submit,,/activities/{{ act.id }}/submit/action,get,{},True,,Not individually executed
CONTROL-02464,templates/partials/my_plan/timeline_drawer.html,52,button,button,Close Timeline,,,button,,,,"{""@click"": ""$dispatch('close-drawer')""}",False,,Not individually executed
CONTROL-02465,templates/partials/notifications/notification_drawer.html,18,button,button,Mark all as read,,,button,/notifications/mark-all-read,,,"{""hx-post"": ""/notifications/mark-all-read"", ""hx-target"": ""#notification-drawer-container"", ""hx-swap"": ""innerHTML""}",False,,Not individually executed
CONTROL-02466,templates/partials/notifications/notification_drawer.html,38,link,a,View All Notifications,,,,/notifications,,,{},False,,Not individually executed
CONTROL-02467,templates/partials/notifications/notification_drawer_list.html,56,button,button,Mark as read,,,button,/notifications/{{ n.id }}/read,,,"{""hx-post"": ""/notifications/{{ n.id }}/read"", ""hx-target"": ""#notification-drawer-container"", ""hx-swap"": ""innerHTML"", ""@click.stop"": null}",False,,Not individually executed
CONTROL-02468,templates/partials/oversight/_partner_view_button.html,7,button,button,View details View,,,button,/partner-oversight/detail?assignment_id={{ item.partner_assignment_id }},,,"{""hx-get"": ""/partner-oversight/detail?assignment_id={{ item.partner_assignment_id }}"", ""hx-target"": ""#drawer-container"", ""hx-swap"": ""innerHTML""}",False,,Not individually executed
CONTROL-02469,templates/partials/oversight/_partner_view_button.html,19,button,button,{{ item.withdrawal_label }},,,button,/partner-oversight/withdraw?assignment_id={{ item.partner_assignment_id }},,,"{""hx-get"": ""/partner-oversight/withdraw?assignment_id={{ item.partner_assignment_id }}"", ""hx-target"": ""#drawer-container"", ""hx-swap"": ""innerHTML""}",False,,Not individually executed
CONTROL-02470,templates/partials/oversight/allowance_grant_drawer.html,19,field,select,Choose a partner… {{ p.name }},ag-partner,partner_id,,,/partner-oversight/allowance-grant,post,{},False,,Not individually executed
CONTROL-02471,templates/partials/oversight/allowance_grant_drawer.html,26,field,select,Choose a school… {{ s.name }} ({{ s.school_id }}),ag-school,school_id,,,/partner-oversight/allowance-grant,post,{},False,,Not individually executed
CONTROL-02472,templates/partials/oversight/allowance_grant_drawer.html,36,field,select,FY{{ fy }},ag-fy,fy,,,/partner-oversight/allowance-grant,post,{},False,,Not individually executed
CONTROL-02473,templates/partials/oversight/allowance_grant_drawer.html,42,field,input,1,ag-count,additional_activities,number,,/partner-oversight/allowance-grant,post,{},False,,Not individually executed
CONTROL-02474,templates/partials/oversight/allowance_grant_drawer.html,47,field,input,,ag-expires,expires_at,date,,/partner-oversight/allowance-grant,post,{},False,,Not individually executed
CONTROL-02475,templates/partials/oversight/allowance_grant_drawer.html,54,field,textarea,Why this school needs more partner support this year,ag-reason,reason,,,/partner-oversight/allowance-grant,post,{},False,,Not individually executed
CONTROL-02476,templates/partials/oversight/allowance_grant_drawer.html,59,button,button,Cancel,,,button,,/partner-oversight/allowance-grant,post,"{""@click"": ""requestClose()""}",False,,Not individually executed
CONTROL-02477,templates/partials/oversight/allowance_grant_drawer.html,60,button,button,Grant Allowance,,,submit,,/partner-oversight/allowance-grant,post,{},False,,Not individually executed
CONTROL-02478,templates/partials/oversight/cd_team_detail.html,15,disclosure,summary,{{ group.name }} {{ group.summary.total_planned }} planned · {{ group.summary.staff_scheduled }} staff · {{ group.summary.partner_scheduled }} partner · {{ group.summary.partner_awaiting_schedule }} awaiting · UGX {{ group.summary.planned_budget|intc,,,,,,,{},False,,Not individually executed
CONTROL-02479,templates/partials/oversight/cd_team_detail.html,44,link,a,{{ item.activity_type|status_label }},,,,/activities/{{ item.activity_id }},,,{},False,,Not individually executed
CONTROL-02480,templates/partials/oversight/cd_workspace.html,20,disclosure,summary,Filters ({{ advanced|length }}),,,,,,,{},False,,Not individually executed
CONTROL-02481,templates/partials/oversight/cd_workspace.html,27,link,a,Export CSV,,,,/country-planning-oversight/export?period={{ period }}&fy={{ fy }}&week={{ week }}&month={{ selected_month }}&quarter={{ selected_quarter }}                     &program_lead={{ program_lead }}                                                 &{{ key }}={{ value }}            ,,,{},False,,Not individually executed
CONTROL-02482,templates/partials/oversight/cd_workspace.html,56,button,button,{{ group.name }},,,button,/country-planning-oversight/team/{{ group.id }}?period={{ period }}&fy={{ fy }}&week={{ week }}&month={{ selected_month }}&quarter={{ selected_quarter }},,,"{""hx-get"": ""/country-planning-oversight/team/{{ group.id }}?period={{ period }}&fy={{ fy }}&week={{ week }}&month={{ selected_month }}&quarter={{ selected_quarter }}"", ""hx-target"": ""#team-detail-{{ forloop.counter }}"", ""hx-swap"": ""innerHTML"", ""@click"": ""open = (open === {{ forloop.counter }} ? null : {{ forloop.counter }})""}",False,,Not individually executed
CONTROL-02483,templates/partials/oversight/cd_workspace.html,97,field,select,Recovery plan Partner backlog Costing backlog,cd-issue-{{ forloop.counter }},issue,,,/country-planning-oversight/send,get,{},False,,Not individually executed
CONTROL-02484,templates/partials/oversight/cd_workspace.html,103,button,button,Send,,,submit,,/country-planning-oversight/send,get,{},False,,Not individually executed
CONTROL-02485,templates/partials/oversight/cd_workspace.html,136,button,button,Open team,,,button,/country-planning-oversight/team/{{ group.id }}?period={{ period }}&fy={{ fy }}&week={{ week }}&month={{ selected_month }}&quarter={{ selected_quarter }},,,"{""hx-get"": ""/country-planning-oversight/team/{{ group.id }}?period={{ period }}&fy={{ fy }}&week={{ week }}&month={{ selected_month }}&quarter={{ selected_quarter }}"", ""hx-target"": ""#team-card-{{ forloop.counter }}"", ""hx-swap"": ""innerHTML""}",False,,Not individually executed
CONTROL-02486,templates/partials/oversight/detail_drawer.html,45,field,input,Add a note (optional),note-{{ forloop.counter }},note,text,,/team-planning-oversight/send,get,{},False,,Not individually executed
CONTROL-02487,templates/partials/oversight/detail_drawer.html,48,button,button,"Send to {{ risk.owner_name|default:""the owner"" }}",,,submit,,/team-planning-oversight/send,get,{},False,,Not individually executed
CONTROL-02488,templates/partials/oversight/detail_drawer.html,172,link,a,Open the full activity record,,,,/activities/{{ item.activity_id }},,,{},False,,Not individually executed
CONTROL-02489,templates/partials/oversight/filter_drawer.html,27,field,select,Any {{ value|replace_underscore|title }},,activity_type,,,{{ target_url }},get,{},False,,Not individually executed
CONTROL-02490,templates/partials/oversight/filter_drawer.html,37,field,select,Anyone Staff Partner,,executor_type,,,{{ target_url }},get,{},False,,Not individually executed
CONTROL-02491,templates/partials/oversight/filter_drawer.html,47,field,select,Any partner {{ name }},,partner_id,,,{{ target_url }},get,{},False,,Not individually executed
CONTROL-02492,templates/partials/oversight/filter_drawer.html,59,field,select,Any district {{ name }},,district_id,,,{{ target_url }},get,{},False,,Not individually executed
CONTROL-02493,templates/partials/oversight/filter_drawer.html,70,field,select,Any School work Cluster work Project work Non-school work,,context,,,{{ target_url }},get,{},False,,Not individually executed
CONTROL-02494,templates/partials/oversight/filter_drawer.html,81,field,select,Any {{ value|replace_underscore|title }},,status,,,{{ target_url }},get,{},False,,Not individually executed
CONTROL-02495,templates/partials/oversight/filter_drawer.html,91,field,select,Any Has any risk {{ value|replace_underscore|title }},,risk,,,{{ target_url }},get,{},False,,Not individually executed
CONTROL-02496,templates/partials/oversight/filter_drawer.html,101,button,button,Apply filters,,,submit,,{{ target_url }},get,{},False,,Not individually executed
CONTROL-02497,templates/partials/oversight/filter_drawer.html,102,link,a,Clear,,,,{{ target_url }}?period={{ period }}&fy={{ fy }}&week={{ week }}&month={{ selected_month }}&quarter={{ selected_quarter }}              &owner={{ owner }}                                &program_lead={{ program_lead }}           ,{{ target_url }},get,{},False,,Not individually executed
CONTROL-02498,templates/partials/oversight/partner_detail_drawer.html,50,field,input,Add a note (optional),partner-note-{{ forloop.counter }},note,text,,/partner-oversight/send,get,{},False,,Not individually executed
CONTROL-02499,templates/partials/oversight/partner_detail_drawer.html,58,button,button,{{ risk.send_label }},,,submit,,/partner-oversight/send,get,{},False,,Not individually executed
CONTROL-02500,templates/partials/oversight/partner_detail_drawer.html,191,field,input,What have you already tried?,escalation-note,note,text,,/partner-oversight/send,get,{},False,,Not individually executed
CONTROL-02501,templates/partials/oversight/partner_detail_drawer.html,194,button,button,Escalate,,,submit,,/partner-oversight/send,get,{},False,,Not individually executed
CONTROL-02502,templates/partials/oversight/partner_detail_drawer.html,202,link,a,Open the full activity record,,,,/activities/{{ item.partner_activity_id }},,,{},False,,Not individually executed
CONTROL-02503,templates/partials/oversight/partner_workspace.html,23,link,a,{{ entry.label }} {{ entry.count }},,,,?program_lead={{ entry.key }}&partner=all&period={{ period }}&fy={{ fy }}&week={{ week }}&month={{ selected_month }}&quarter={{ selected_quarter }},,,{},False,,Not individually executed
CONTROL-02504,templates/partials/oversight/partner_workspace.html,39,link,a,{{ entry.label }} {{ entry.count }},,,,?partner={{ entry.key }}                     &program_lead={{ program_lead }}           &period={{ period }}&fy={{ fy }}&week={{ week }}&month={{ selected_month }}&quarter={{ selected_quarter }},,,{},False,,Not individually executed
CONTROL-02505,templates/partials/oversight/partner_workspace.html,53,link,a,Export CSV,,,,/partner-oversight/export?period={{ period }}&fy={{ fy }}&week={{ week }}&month={{ selected_month }}&quarter={{ selected_quarter }}                     &program_lead={{ program_lead }}                                                &partner={{ partner }}           ,,,{},False,,Not individually executed
CONTROL-02506,templates/partials/oversight/partner_workspace.html,105,field,input,Add a note (optional),review-note-{{ forloop.counter }},note,text,,/partner-oversight/withdraw/review,get,{},False,,Not individually executed
CONTROL-02507,templates/partials/oversight/partner_workspace.html,108,button,button,Approve,,decision,submit,,/partner-oversight/withdraw/review,get,{},False,,Not individually executed
CONTROL-02508,templates/partials/oversight/partner_workspace.html,109,button,button,Reject,,decision,submit,,/partner-oversight/withdraw/review,get,{},False,,Not individually executed
CONTROL-02509,templates/partials/oversight/partner_workspace.html,126,link,a,{{ group.name }},,,,{{ group.profile_url }},,,{},False,,Not individually executed
CONTROL-02510,templates/partials/oversight/period_filter_bar.html,15,field,select,Time period,,period,,,{{ target_url }},get,{},False,,Not individually executed
CONTROL-02511,templates/partials/oversight/period_filter_bar.html,25,field,select,Financial year,,fy,,,{{ target_url }},get,{},False,,Not individually executed
CONTROL-02512,templates/partials/oversight/period_filter_bar.html,34,field,input,Week,,week,week,,{{ target_url }},get,{},False,,Not individually executed
CONTROL-02513,templates/partials/oversight/period_filter_bar.html,39,field,select,Month,,month,,,{{ target_url }},get,{},False,,Not individually executed
CONTROL-02514,templates/partials/oversight/period_filter_bar.html,57,field,select,Financial quarter,,quarter,,,{{ target_url }},get,{},False,,Not individually executed
CONTROL-02515,templates/partials/oversight/pl_workspace.html,19,disclosure,summary,Filters ({{ advanced|length }}),,,,,,,{},False,,Not individually executed
CONTROL-02516,templates/partials/oversight/pl_workspace.html,26,link,a,Export CSV,,,,/team-planning-oversight/export?period={{ period }}&fy={{ fy }}&week={{ week }}&month={{ selected_month }}&quarter={{ selected_quarter }}&owner={{ owner }}                                      &{{ key }}={{ value }}            ,,,{},False,,Not individually executed
CONTROL-02517,templates/partials/oversight/pl_workspace.html,35,link,a,{{ entry.label }} {{ entry.count }},,,,?owner={{ entry.key }}&period={{ period }}&fy={{ fy }}&week={{ week }}&month={{ selected_month }}&quarter={{ selected_quarter }}                                      &{{ key }}={{ value }}            ,,,{},False,,Not individually executed
CONTROL-02518,templates/partials/oversight/pl_workspace.html,57,disclosure,summary,{{ group.name }} {{ group.summary.total_planned }} planned · {{ group.summary.staff_scheduled }} staff · {{ group.summary.partner_scheduled }} partner scheduled · {{ group.summary.partner_awaiting_schedule }} awaiting partner UGX {{ group.summary.pla,,,,,,,{},False,,Not individually executed
CONTROL-02519,templates/partials/oversight/pl_workspace.html,128,button,button,View,,,button,/team-planning-oversight/detail?                         activity_id={{ item.activity_id }}          assignment_id={{ item.partner_assignment_id }}           ,,,"{""hx-get"": ""/team-planning-oversight/detail?                         activity_id={{ item.activity_id }}          assignment_id={{ item.partner_assignment_id }}           "", ""hx-target"": ""#drawer-container"", ""hx-swap"": ""innerHTML""}",False,,Not individually executed
CONTROL-02520,templates/partials/oversight/pl_workspace.html,179,button,button,View details,,,button,/team-planning-oversight/detail?                         activity_id={{ item.activity_id }}          assignment_id={{ item.partner_assignment_id }}           ,,,"{""hx-get"": ""/team-planning-oversight/detail?                         activity_id={{ item.activity_id }}          assignment_id={{ item.partner_assignment_id }}           "", ""hx-target"": ""#drawer-container"", ""hx-swap"": ""innerHTML""}",False,,Not individually executed
CONTROL-02521,templates/partials/oversight/team_country_workspace.html,15,link,a,{{ entry.label }} {{ entry.count }},,,,?program_lead={{ entry.key }}&period={{ period }}&fy={{ fy }}&week={{ week }}&month={{ selected_month }}&quarter={{ selected_quarter }}                                      &{{ key }}={{ value }}            ,,,{},False,,Not individually executed
CONTROL-02522,templates/partials/oversight/team_country_workspace.html,25,disclosure,summary,Filters ({{ advanced|length }}),,,,,,,{},False,,Not individually executed
CONTROL-02523,templates/partials/oversight/team_country_workspace.html,32,link,a,Export CSV,,,,/team-planning-oversight/export?period={{ period }}&fy={{ fy }}&week={{ week }}&month={{ selected_month }}&quarter={{ selected_quarter }}                     &program_lead={{ program_lead }}                                                 &{{ key }}={{ value }}            ,,,{},False,,Not individually executed
CONTROL-02524,templates/partials/oversight/team_country_workspace.html,59,field,select,Recovery plan Partner backlog Costing backlog,team-issue,issue,,,/country-planning-oversight/send,get,{},False,,Not individually executed
CONTROL-02525,templates/partials/oversight/team_country_workspace.html,64,button,button,Send to PL,,,submit,,/country-planning-oversight/send,get,{},False,,Not individually executed
CONTROL-02526,templates/partials/oversight/withdrawal_drawer.html,125,field,select,Choose a reason… {{ label }},,reason_category,,,/partner-oversight/withdraw/submit,get,{},False,,Not individually executed
CONTROL-02527,templates/partials/oversight/withdrawal_drawer.html,140,field,textarea,"Briefly explain why this work is being withdrawn, what has happened so far, and what should happen next.",,partner_facing_reason,,,/partner-oversight/withdraw/submit,get,{},False,,Not individually executed
CONTROL-02528,templates/partials/oversight/withdrawal_drawer.html,151,field,textarea,Internal note (staff only — never shown to the partner),,internal_note,,,/partner-oversight/withdraw/submit,get,{},False,,Not individually executed
CONTROL-02529,templates/partials/oversight/withdrawal_drawer.html,163,field,select,{{ label }},,disposition,,,/partner-oversight/withdraw/submit,get,{},False,,Not individually executed
CONTROL-02530,templates/partials/oversight/withdrawal_drawer.html,178,field,select,Choose the partner taking this on… {{ p.name }},,replacement_partner_id,,,/partner-oversight/withdraw/submit,get,{},False,,Not individually executed
CONTROL-02531,templates/partials/oversight/withdrawal_drawer.html,194,button,button,Send request to Program Lead {{ preview.kind_label }},,,submit,,/partner-oversight/withdraw/submit,get,{},False,,Not individually executed
CONTROL-02532,templates/partials/partner/invoice_drawer.html,25,field,select,50% advance — planned work Balance — IA-cleared work,,instalment,,/partner/invoices/new,/partner/invoices,get,"{""hx-get"": ""/partner/invoices/new"", ""hx-target"": ""closest .drawer-body"", ""hx-include"": ""closest form"", ""hx-disabled-elt"": ""this"", ""hx-trigger"": ""change"", ""hx-select"": "".drawer-body"", ""hx-swap"": ""outerHTML""}",False,,Not individually executed
CONTROL-02533,templates/partials/partner/invoice_drawer.html,33,field,select,Week Month Quarter,,period_kind,,/partner/invoices/new,/partner/invoices,get,"{""hx-get"": ""/partner/invoices/new"", ""hx-target"": ""closest .drawer-body"", ""hx-include"": ""closest form"", ""hx-disabled-elt"": ""this"", ""hx-trigger"": ""change"", ""hx-select"": "".drawer-body"", ""hx-swap"": ""outerHTML""}",False,,Not individually executed
CONTROL-02534,templates/partials/partner/invoice_drawer.html,42,field,input,{{ anchor }},,anchor,date,/partner/invoices/new,/partner/invoices,get,"{""hx-get"": ""/partner/invoices/new"", ""hx-target"": ""closest .drawer-body"", ""hx-include"": ""closest form"", ""hx-disabled-elt"": ""this"", ""hx-trigger"": ""change"", ""hx-select"": "".drawer-body"", ""hx-swap"": ""outerHTML""}",False,,Not individually executed
CONTROL-02535,templates/partials/partner/invoice_drawer.html,70,field,input,Must equal {{ basis.system_total }},,entered_total,number,,/partner/invoices,get,{},False,,Not individually executed
CONTROL-02536,templates/partials/partner/invoice_drawer.html,77,field,input,,,invoice_file,file,,/partner/invoices,get,{},False,,Not individually executed
CONTROL-02537,templates/partials/partner/invoice_drawer.html,81,button,button,Send to my Program Lead,,,submit,,/partner/invoices,get,{},False,,Not individually executed
CONTROL-02538,templates/partials/partners/create_partner_drawer.html,9,button,button,Close partner onboarding,,,button,,,,"{""@click"": ""open = false; $el.remove()""}",False,,Not individually executed
CONTROL-02539,templates/partials/partners/create_partner_drawer.html,19,field,input,e.g. Hope Education Initiative,,name,text,,                                   ,post,{},False,,Not individually executed
CONTROL-02540,templates/partials/partners/create_partner_drawer.html,25,field,select,Select Region... {{ r.name }},,region_name,,,                                   ,post,{},False,,Not individually executed
CONTROL-02541,templates/partials/partners/create_partner_drawer.html,35,field,select,Select Intervention... {{ label }},,ssa_intervention,,,                                   ,post,{},False,,Not individually executed
CONTROL-02542,templates/partials/partners/create_partner_drawer.html,47,field,input,e.g. Jane Doe,,contact_person,text,,                                   ,post,{},False,,Not individually executed
CONTROL-02543,templates/partials/partners/create_partner_drawer.html,52,field,input,contact@partner.org,,email,email,,                                   ,post,{},False,,Not individually executed
CONTROL-02544,templates/partials/partners/create_partner_drawer.html,59,field,input,+256 700 000 000,,phone,text,,                                   ,post,{},False,,Not individually executed
CONTROL-02545,templates/partials/partners/create_partner_drawer.html,66,field,input,"e.g. Literacy, Leadership training",,expertise,text,,                                   ,post,{},False,,Not individually executed
CONTROL-02546,templates/partials/partners/create_partner_drawer.html,72,field,input,Anything the team should know,,notes,text,,                                   ,post,{},False,,Not individually executed
CONTROL-02547,templates/partials/partners/create_partner_drawer.html,76,button,button,Cancel,,,button,,                                   ,post,"{""@click"": ""open = false; $el.remove()""}",False,,Not individually executed
CONTROL-02548,templates/partials/partners/create_partner_drawer.html,77,button,button,Onboard Partner,,,submit,,                                   ,post,{},False,,Not individually executed
CONTROL-02549,templates/partials/partners/edit_drawer.html,26,field,input,{{ partner.name }},partner-name,name,text,,/partners/{{ partner.id }}/edit-drawer,post,{},False,,Not individually executed
CONTROL-02550,templates/partials/partners/edit_drawer.html,31,field,select,Not assigned {{ r.name }},partner-region,region_name,,,/partners/{{ partner.id }}/edit-drawer,post,{},False,,Not individually executed
CONTROL-02551,templates/partials/partners/edit_drawer.html,38,field,select,General support {{ label }},partner-intervention,ssa_intervention,,,/partners/{{ partner.id }}/edit-drawer,post,{},False,,Not individually executed
CONTROL-02552,templates/partials/partners/edit_drawer.html,55,field,input,{{ partner.contact_person|default:'' }},partner-contact,contact_person,text,,/partners/{{ partner.id }}/edit-drawer,post,{},False,,Not individually executed
CONTROL-02553,templates/partials/partners/edit_drawer.html,59,field,input,{{ partner.phone|default:'' }},partner-phone,phone,text,,/partners/{{ partner.id }}/edit-drawer,post,{},False,,Not individually executed
CONTROL-02554,templates/partials/partners/edit_drawer.html,63,field,input,{{ partner.email|default:'' }},partner-email,email,email,,/partners/{{ partner.id }}/edit-drawer,post,{},False,,Not individually executed
CONTROL-02555,templates/partials/partners/edit_drawer.html,67,field,input,"e.g. Literacy, Leadership training",partner-expertise,expertise,text,,/partners/{{ partner.id }}/edit-drawer,post,{},False,,Not individually executed
CONTROL-02556,templates/partials/partners/edit_drawer.html,72,field,textarea,{{ partner.notes|default:'' }},partner-notes,notes,,,/partners/{{ partner.id }}/edit-drawer,post,{},False,,Not individually executed
CONTROL-02557,templates/partials/partners/edit_drawer.html,75,button,button,Cancel,,,button,,/partners/{{ partner.id }}/edit-drawer,post,"{""@click"": ""$dispatch('close-drawer')""}",False,,Not individually executed
CONTROL-02558,templates/partials/partners/edit_drawer.html,76,button,button,Save details,,,submit,,/partners/{{ partner.id }}/edit-drawer,post,{},False,,Not individually executed
CONTROL-02559,templates/partials/partners/engagement_register.html,24,link,a,Record engagement,,,,{{ engagement.new_page }},,,"{""hx-get"": ""{{ engagement.new_drawer }}"", ""hx-target"": ""#drawer-container"", ""hx-swap"": ""innerHTML""}",False,,Not individually executed
CONTROL-02560,templates/partials/partners/engagement_register.html,40,button,button,Follow up,,,button,{{ observation.drawer }},,,"{""hx-get"": ""{{ observation.drawer }}"", ""hx-target"": ""#drawer-container"", ""hx-swap"": ""innerHTML""}",False,,Not individually executed
CONTROL-02561,templates/partials/partners/engagement_register.html,72,button,button,{{ action.label }},,,button,{{ action.drawer }},,,"{""hx-get"": ""{{ action.drawer }}"", ""hx-target"": ""#drawer-container"", ""hx-swap"": ""innerHTML""}",False,,Not individually executed
CONTROL-02562,templates/partials/partners/member_drawer.html,22,field,input,e.g. Grace Nakato,member-name,name,text,,/partners/{{ partner.id }}/members,post,{},False,,Not individually executed
CONTROL-02563,templates/partials/partners/member_drawer.html,26,field,select,{{ label }},member-role,role,,,/partners/{{ partner.id }}/members,post,{},False,,Not individually executed
CONTROL-02564,templates/partials/partners/member_drawer.html,32,field,input,e.g. Literacy trainer,member-title,title,text,,/partners/{{ partner.id }}/members,post,{},False,,Not individually executed
CONTROL-02565,templates/partials/partners/member_drawer.html,36,field,input,+256 700 000 000,member-phone,phone,text,,/partners/{{ partner.id }}/members,post,{},False,,Not individually executed
CONTROL-02566,templates/partials/partners/member_drawer.html,40,field,input,name@partner.org,member-email,email,email,,/partners/{{ partner.id }}/members,post,{},False,,Not individually executed
CONTROL-02567,templates/partials/partners/member_drawer.html,44,button,button,Cancel,,,button,,/partners/{{ partner.id }}/members,post,"{""@click"": ""$dispatch('close-drawer')""}",False,,Not individually executed
CONTROL-02568,templates/partials/partners/member_drawer.html,45,button,button,Add to roster,,,submit,,/partners/{{ partner.id }}/members,post,{},False,,Not individually executed
CONTROL-02569,templates/partials/partners/return_assignment_drawer.html,25,field,select,Select a reason… {{ label }},reason_category,reason_category,,,/partner/assignments/{{ assignment.id }}/return-action,post,{},False,,Not individually executed
CONTROL-02570,templates/partials/partners/return_assignment_drawer.html,36,field,textarea,"Briefly explain why you cannot take this assignment—for example, distance, schedule conflict, school unavailable or work outside your current capacity.",reason,reason,,,/partner/assignments/{{ assignment.id }}/return-action,post,"{""x-on:input"": ""n = $event.target.value.trim().length""}",False,,Not individually executed
CONTROL-02571,templates/partials/partners/return_assignment_drawer.html,52,button,button,Cancel,,,button,,/partner/assignments/{{ assignment.id }}/return-action,post,"{""@click"": ""requestClose()""}",False,,Not individually executed
CONTROL-02572,templates/partials/partners/return_assignment_drawer.html,57,button,button,Return to staff,,,submit,,/partner/assignments/{{ assignment.id }}/return-action,post,{},False,,Not individually executed
CONTROL-02573,templates/partials/partners/schedule_assignment_drawer.html,33,field,input,,partner-scheduled-date,scheduled_date,date,,/partner/assignments/{{ assignment.id }}/schedule-action,post,{},False,,Not individually executed
CONTROL-02574,templates/partials/partners/schedule_assignment_drawer.html,38,field,input,{{ request.user.name }},partner-delivery-contact,delivery_contact_name,text,,/partner/assignments/{{ assignment.id }}/schedule-action,post,{},False,,Not individually executed
CONTROL-02575,templates/partials/partners/schedule_assignment_drawer.html,44,button,button,Cancel,,,button,,/partner/assignments/{{ assignment.id }}/schedule-action,post,"{""@click"": ""requestClose()""}",False,,Not individually executed
CONTROL-02576,templates/partials/partners/schedule_assignment_drawer.html,45,button,button,Submit,,,submit,,/partner/assignments/{{ assignment.id }}/schedule-action,post,{},True,,Not individually executed
CONTROL-02577,templates/partials/planning/assign_partner_drawer.html,53,field,select,Select partner… {{ partner.name }},partner_id,partner_id,,,/planning/assign-partner-action,get,{},False,,Not individually executed
CONTROL-02578,templates/partials/planning/assign_partner_drawer.html,63,field,select,Select a reason… {{ label }},purpose_of_visit,purpose_of_visit,,,/planning/assign-partner-action,get,"{""@change"": ""onPurposeChange()""}",False,,Not individually executed
CONTROL-02579,templates/partials/planning/assign_partner_drawer.html,73,field,select,Select a training…,partner_training_activity,,,,/planning/assign-partner-action,get,"{""@change"": ""selectTraining($event.target.value)""}",False,,Not individually executed
CONTROL-02580,templates/partials/planning/assign_partner_drawer.html,94,field,select,Select a completed session…,partner_source_activity,source_activity_id,,,/planning/assign-partner-action,get,{},False,,Not individually executed
CONTROL-02581,templates/partials/planning/assign_partner_drawer.html,142,button,button,Cancel,,,button,,/planning/assign-partner-action,get,"{""@click"": ""requestClose()""}",False,,Not individually executed
CONTROL-02582,templates/partials/planning/assign_partner_drawer.html,143,button,button,Assign to partner,,,submit,,/planning/assign-partner-action,get,{},False,,Not individually executed
CONTROL-02583,templates/partials/planning/schedule_cluster_drawer.html,143,button,button,,,,button,,/planning/schedule-action,get,"{""@click"": ""open = !open""}",False,No static label; check rendered accessible name,Not individually executed
CONTROL-02584,templates/partials/planning/schedule_cluster_drawer.html,176,button,button,Previous month,,,button,,/planning/schedule-action,get,"{""@click"": ""prevMonth()""}",False,,Not individually executed
CONTROL-02585,templates/partials/planning/schedule_cluster_drawer.html,180,button,button,Next month,,,button,,/planning/schedule-action,get,"{""@click"": ""nextMonth()""}",False,,Not individually executed
CONTROL-02586,templates/partials/planning/schedule_cluster_drawer.html,194,button,button,,,,button,,/planning/schedule-action,get,"{""@click"": ""selectDay(day)""}",False,No static label; check rendered accessible name,Not individually executed
CONTROL-02587,templates/partials/planning/schedule_cluster_drawer.html,257,field,input,,teachers_per_school,teachers_per_school,number,,/planning/schedule-action,get,{},False,,Not individually executed
CONTROL-02588,templates/partials/planning/schedule_cluster_drawer.html,271,field,input,,leaders_per_school,leaders_per_school,number,,/planning/schedule-action,get,{},False,,Not individually executed
CONTROL-02589,templates/partials/planning/schedule_cluster_drawer.html,285,field,input,,other_per_school,other_per_school,number,,/planning/schedule-action,get,{},False,,Not individually executed
CONTROL-02590,templates/partials/planning/schedule_cluster_drawer.html,313,button,button,Select all,,,button,,/planning/schedule-action,get,"{""@click"": ""toggleAll()""}",False,,Not individually executed
CONTROL-02591,templates/partials/planning/schedule_cluster_drawer.html,322,field,input,{{ s.id }},,invited_school_ids,checkbox,,/planning/schedule-action,get,"{""@change"": ""syncInvited()""}",False,,Not individually executed
CONTROL-02592,templates/partials/planning/schedule_cluster_drawer.html,362,field,select,Internal Field Staff (CCEO) Certified Partner Agency,delivery_type,,,,/planning/schedule-action,get,"{""@change"": ""onDeliveryChange($event.target.value); $dispatch('training-delivery-changed')""}",False,,Not individually executed
CONTROL-02593,templates/partials/planning/schedule_cluster_drawer.html,376,field,select,Select a certified agency… {{ p.name }},assigned_partner_id,assigned_partner_id,,,/planning/schedule-action,get,{},False,,Not individually executed
CONTROL-02594,templates/partials/planning/schedule_cluster_drawer.html,431,field,select,Select a training…,training_activity,catalogue_item_id,,,/planning/schedule-action,get,"{""@change"": ""onActivityChange()""}",False,,Not individually executed
CONTROL-02595,templates/partials/planning/schedule_cluster_drawer.html,464,field,select,No specific intervention {{ label }} · avg {{ need.average }}/10,meeting_focus_intervention,focus_intervention,,,/planning/schedule-action,get,{},False,,Not individually executed
CONTROL-02596,templates/partials/planning/schedule_cluster_drawer.html,486,field,textarea,,cluster_ssa_deviation_reason,ssa_deviation_reason,,,/planning/schedule-action,get,{},False,,Not individually executed
CONTROL-02597,templates/partials/planning/schedule_cluster_drawer.html,495,field,textarea,What needs to be achieved in this activity?,activity_goal,activity_goal,,,/planning/schedule-action,get,{},False,,Not individually executed
CONTROL-02598,templates/partials/planning/schedule_cluster_drawer.html,508,field,textarea,Checklist outcome or goals for the cluster...,expected_outcome,expected_outcome,,,/planning/schedule-action,get,{},False,,Not individually executed
CONTROL-02599,templates/partials/planning/schedule_cluster_drawer.html,519,button,button,Cancel,,,button,,/planning/schedule-action,get,"{""@click"": ""$dispatch('close-drawer')""}",False,,Not individually executed
CONTROL-02600,templates/partials/planning/schedule_cluster_drawer.html,526,button,button,Schedule,,,submit,,/planning/schedule-action,get,{},False,,Not individually executed
CONTROL-02601,templates/partials/planning/schedule_drawer.html,236,field,select,Select the purpose of this visit… {{ label }},purpose_of_visit,purpose_of_visit,,,                        {{ reschedule_action_url }}          /planning/schedule-action           ,get,"{""@change"": ""onPurposeChange()""}",False,,Not individually executed
CONTROL-02602,templates/partials/planning/schedule_drawer.html,268,field,select,Select Focus Intervention… {{ label }},focus_intervention,focus_intervention,,,                        {{ reschedule_action_url }}          /planning/schedule-action           ,get,{},False,,Not individually executed
CONTROL-02603,templates/partials/planning/schedule_drawer.html,291,field,textarea,,ssa_deviation_reason,ssa_deviation_reason,,,                        {{ reschedule_action_url }}          /planning/schedule-action           ,get,{},False,,Not individually executed
CONTROL-02604,templates/partials/planning/schedule_drawer.html,307,field,select,Select a completed session…,source_activity_id,source_activity_id,,,                        {{ reschedule_action_url }}          /planning/schedule-action           ,get,{},False,,Not individually executed
CONTROL-02605,templates/partials/planning/schedule_drawer.html,334,field,select,Select a training…,training_activity_id,catalogue_item_id,,,                        {{ reschedule_action_url }}          /planning/schedule-action           ,get,"{""@change"": ""onTrainingActivityChange()""}",False,,Not individually executed
CONTROL-02606,templates/partials/planning/schedule_drawer.html,447,button,button,,,,button,,                        {{ reschedule_action_url }}          /planning/schedule-action           ,get,"{""@click"": ""open = !open""}",False,No static label; check rendered accessible name,Not individually executed
CONTROL-02607,templates/partials/planning/schedule_drawer.html,480,button,button,Previous month,,,button,,                        {{ reschedule_action_url }}          /planning/schedule-action           ,get,"{""@click"": ""prevMonth()""}",False,,Not individually executed
CONTROL-02608,templates/partials/planning/schedule_drawer.html,484,button,button,Next month,,,button,,                        {{ reschedule_action_url }}          /planning/schedule-action           ,get,"{""@click"": ""nextMonth()""}",False,,Not individually executed
CONTROL-02609,templates/partials/planning/schedule_drawer.html,498,button,button,,,,button,,                        {{ reschedule_action_url }}          /planning/schedule-action           ,get,"{""@click"": ""selectDay(day)""}",False,No static label; check rendered accessible name,Not individually executed
CONTROL-02610,templates/partials/planning/schedule_drawer.html,528,field,input,,expected_participants,expected_participants,number,,                        {{ reschedule_action_url }}          /planning/schedule-action           ,get,{},False,,Not individually executed
CONTROL-02611,templates/partials/planning/schedule_drawer.html,587,field,textarea,What needs to be achieved in this activity?,activity_purpose_text,activity_purpose_text,,,                        {{ reschedule_action_url }}          /planning/schedule-action           ,get,{},False,,Not individually executed
CONTROL-02612,templates/partials/planning/schedule_drawer.html,600,field,textarea,"On top of the purpose above: why must you, rather than {{ visit_request_owner_name }}, be at this school?",visit_justification,visit_justification,,,                        {{ reschedule_action_url }}          /planning/schedule-action           ,get,{},False,,Not individually executed
CONTROL-02613,templates/partials/planning/schedule_drawer.html,614,field,textarea,Briefly explain why this activity needs a new date.,reason,reason,,,                        {{ reschedule_action_url }}          /planning/schedule-action           ,get,{},False,,Not individually executed
CONTROL-02614,templates/partials/planning/schedule_drawer.html,627,button,button,Cancel,,,button,,                        {{ reschedule_action_url }}          /planning/schedule-action           ,get,"{""@click"": ""\nrequestClose()\n""}",False,,Not individually executed
CONTROL-02615,templates/partials/planning/schedule_drawer.html,636,button,button,Save new date Schedule,,,submit,,                        {{ reschedule_action_url }}          /planning/schedule-action           ,get,{},False,,Not individually executed
CONTROL-02616,templates/partials/planning/school_row.html,4,field,input,{{ school.schoolId }},select-planning-school-{{ school.id }},,checkbox,,,,{},False,,Not individually executed
CONTROL-02617,templates/partials/planning/school_row.html,14,button,button,,,,button,,,,"{""@click"": ""openSchoolId = openSchoolId === '{{ school.id }}' ? null : '{{ school.id }}'"", ""@keydown.escape.window"": ""openSchoolId = null""}",False,No static label; check rendered accessible name,Not individually executed
CONTROL-02618,templates/partials/planning/school_row.html,33,link,a,{{ school.clusterName }},,,,/clusters/{{ school.clusterId }},,,{},False,,Not individually executed
CONTROL-02619,templates/partials/planning/school_row.html,47,button,button,Schedule activity for {{ school.name }},,,button,/planning/schedule-modal?school_id={{ school.schoolId }}                               &priority_allocation={{ priority_allocation_id }}           ,,,"{""hx-get"": ""/planning/schedule-modal?school_id={{ school.schoolId }}                               &priority_allocation={{ priority_allocation_id }}           "", ""hx-target"": ""#drawer-container"", ""hx-swap"": ""innerHTML""}",False,,Not individually executed
CONTROL-02620,templates/partials/planning/school_row.html,59,button,button,Schedule activity for {{ school.name }},,,button,,,,{},True,,Not individually executed
CONTROL-02621,templates/partials/planning/school_row.html,66,button,button,Assign {{ school.name }} to a partner,,,button,/planning/assign-partner-modal?school_id={{ school.schoolId }},,,"{""hx-get"": ""/planning/assign-partner-modal?school_id={{ school.schoolId }}"", ""hx-target"": ""#drawer-container""}",False,,Not individually executed
CONTROL-02622,templates/partials/planning/school_row.html,77,button,button,Assign {{ school.name }} to a partner,,,button,,,,{},True,,Not individually executed
CONTROL-02623,templates/partials/planning/school_table.html,56,button,button,,,,,,,,"{""@click"": ""expanded = !expanded""}",False,No static label; check rendered accessible name,Not individually executed
CONTROL-02624,templates/partials/planning/school_table.html,104,button,button,Group Training,,,,/planning/schedule-modal?cluster_id={{ c.id }}&action=training                               &priority_allocation={{ priority_allocation_id }}           ,,,"{""hx-get"": ""/planning/schedule-modal?cluster_id={{ c.id }}&action=training                               &priority_allocation={{ priority_allocation_id }}           "", ""hx-target"": ""#drawer-container""}",False,,Not individually executed
CONTROL-02625,templates/partials/planning/school_table.html,111,button,button,Cluster Meeting,,,,/planning/schedule-modal?cluster_id={{ c.id }}&action=meeting                               &priority_allocation={{ priority_allocation_id }}           ,,,"{""hx-get"": ""/planning/schedule-modal?cluster_id={{ c.id }}&action=meeting                               &priority_allocation={{ priority_allocation_id }}           "", ""hx-target"": ""#drawer-container""}",False,,Not individually executed
CONTROL-02626,templates/partials/planning/school_table.html,181,link,a,School Directory,,,,/schools,,,{},False,,Not individually executed
CONTROL-02627,templates/partials/planning/school_table.html,200,button,button,<,,,,/planning?page={{ page|add:-1 }}&per_page={{ per_page }}&fy={{ selected_fy }}&quarter={{ selected_quarter }}&district={{ selected_district }}&sub_county={{ selected_sub_county }}&staff={{ selected_staff }}&school_type={{ selected_school_type }}&planning_readiness={{ selected_readiness }}&ssa_status={{ selected_ssa_status }}&cluster_status={{ selected_cluster_status }}&partner={{ selected_partner }}&q={{ search_q }}&tab={{ active_tab }}&group={{ selected_group }},,,"{""hx-get"": ""/planning?page={{ page|add:-1 }}&per_page={{ per_page }}&fy={{ selected_fy }}&quarter={{ selected_quarter }}&district={{ selected_district }}&sub_county={{ selected_sub_county }}&staff={{ selected_staff }}&school_type={{ selected_school_type }}&planning_readiness={{ selected_readiness }}&ssa_status={{ selected_ssa_status }}&cluster_status={{ selected_cluster_status }}&partner={{ selected_partner }}&q={{ search_q }}&tab={{ active_tab }}&group={{ selected_group }}"", ""hx-target"": ""#schools-table-container"", ""hx-swap"": ""outerHTML""}",False,,Not individually executed
CONTROL-02628,templates/partials/planning/school_table.html,214,button,button,{{ p }},,,,/planning?page={{ p }}&per_page={{ per_page }}&fy={{ selected_fy }}&quarter={{ selected_quarter }}&district={{ selected_district }}&sub_county={{ selected_sub_county }}&staff={{ selected_staff }}&school_type={{ selected_school_type }}&planning_readiness={{ selected_readiness }}&ssa_status={{ selected_ssa_status }}&cluster_status={{ selected_cluster_status }}&partner={{ selected_partner }}&q={{ search_q }}&tab={{ active_tab }}&group={{ selected_group }},,,"{""hx-get"": ""/planning?page={{ p }}&per_page={{ per_page }}&fy={{ selected_fy }}&quarter={{ selected_quarter }}&district={{ selected_district }}&sub_county={{ selected_sub_county }}&staff={{ selected_staff }}&school_type={{ selected_school_type }}&planning_readiness={{ selected_readiness }}&ssa_status={{ selected_ssa_status }}&cluster_status={{ selected_cluster_status }}&partner={{ selected_partner }}&q={{ search_q }}&tab={{ active_tab }}&group={{ selected_group }}"", ""hx-target"": ""#schools-table-container"", ""hx-swap"": ""outerHTML""}",False,,Not individually executed
CONTROL-02629,templates/partials/planning/school_table.html,226,button,button,>,,,,/planning?page={{ page|add:1 }}&per_page={{ per_page }}&fy={{ selected_fy }}&quarter={{ selected_quarter }}&district={{ selected_district }}&sub_county={{ selected_sub_county }}&staff={{ selected_staff }}&school_type={{ selected_school_type }}&planning_readiness={{ selected_readiness }}&ssa_status={{ selected_ssa_status }}&cluster_status={{ selected_cluster_status }}&partner={{ selected_partner }}&q={{ search_q }}&tab={{ active_tab }}&group={{ selected_group }},,,"{""hx-get"": ""/planning?page={{ page|add:1 }}&per_page={{ per_page }}&fy={{ selected_fy }}&quarter={{ selected_quarter }}&district={{ selected_district }}&sub_county={{ selected_sub_county }}&staff={{ selected_staff }}&school_type={{ selected_school_type }}&planning_readiness={{ selected_readiness }}&ssa_status={{ selected_ssa_status }}&cluster_status={{ selected_cluster_status }}&partner={{ selected_partner }}&q={{ search_q }}&tab={{ active_tab }}&group={{ selected_group }}"", ""hx-target"": ""#schools-table-container"", ""hx-swap"": ""outerHTML""}",False,,Not individually executed
CONTROL-02630,templates/partials/planning/school_table.html,238,field,select,Per page,,per_page,,/planning?page=1&fy={{ selected_fy }}&quarter={{ selected_quarter }}&district={{ selected_district }}&sub_county={{ selected_sub_county }}&staff={{ selected_staff }}&school_type={{ selected_school_type }}&planning_readiness={{ selected_readiness }}&ssa_status={{ selected_ssa_status }}&cluster_status={{ selected_cluster_status }}&partner={{ selected_partner }}&q={{ search_q }}&tab={{ active_tab }}&group={{ selected_group }},,,"{""hx-get"": ""/planning?page=1&fy={{ selected_fy }}&quarter={{ selected_quarter }}&district={{ selected_district }}&sub_county={{ selected_sub_county }}&staff={{ selected_staff }}&school_type={{ selected_school_type }}&planning_readiness={{ selected_readiness }}&ssa_status={{ selected_ssa_status }}&cluster_status={{ selected_cluster_status }}&partner={{ selected_partner }}&q={{ search_q }}&tab={{ active_tab }}&group={{ selected_group }}"", ""hx-target"": ""#schools-table-container"", ""hx-swap"": ""outerHTML""}",False,,Not individually executed
CONTROL-02631,templates/partials/planning/tabs.html,8,tab,button,Client Schools,planning-tab-client,,button,,,,"{""@click"": ""document.querySelector('#filters-form [name=tab]').value = 'client'; document.getElementById('filters-form').dispatchEvent(new Event('change', { bubbles: true }))""}",False,,Not individually executed
CONTROL-02632,templates/partials/planning/tabs.html,21,tab,button,Core Schools,planning-tab-core,,button,,,,"{""@click"": ""document.querySelector('#filters-form [name=tab]').value = 'core'; document.getElementById('filters-form').dispatchEvent(new Event('change', { bubbles: true }))""}",False,,Not individually executed
CONTROL-02633,templates/partials/planning/tabs.html,34,tab,button,Clusters,planning-tab-clusters,,button,,,,"{""@click"": ""document.querySelector('#filters-form [name=tab]').value = 'clusters'; document.getElementById('filters-form').dispatchEvent(new Event('change', { bubbles: true }))""}",False,,Not individually executed
CONTROL-02634,templates/partials/planning/tabs.html,47,tab,button,Assigned to Partner,planning-tab-partner,,button,,,,"{""@click"": ""document.querySelector('#filters-form [name=tab]').value = 'partner'; document.getElementById('filters-form').dispatchEvent(new Event('change', { bubbles: true }))""}",False,,Not individually executed
CONTROL-02635,templates/partials/planning/tabs.html,60,tab,button,Scheduled / In My Plan,planning-tab-scheduled,,button,,,,"{""@click"": ""document.querySelector('#filters-form [name=tab]').value = 'scheduled'; document.getElementById('filters-form').dispatchEvent(new Event('change', { bubbles: true }))""}",False,,Not individually executed
CONTROL-02636,templates/partials/planning/view_toggle_and_calendar.html,22,button,button,List View,,,button,,,,"{""@click"": ""activeView = 'list'""}",False,,Not individually executed
CONTROL-02637,templates/partials/planning/view_toggle_and_calendar.html,23,button,button,Calendar View,,,button,,,,"{""@click"": ""activeView = 'calendar'""}",False,,Not individually executed
CONTROL-02638,templates/partials/priorities/distribution_view.html,45,field,select,FY{{ year }},ia-master-fy,fy,,,/target-distribution,get,{},False,,Not individually executed
CONTROL-02639,templates/partials/priorities/distribution_view.html,79,button,button,Continue distribution Distribute to Program Leads,,,button,,,,{},False,,Not individually executed
CONTROL-02640,templates/partials/priorities/distribution_view.html,91,button,button,Review distribution,,,button,,,,{},False,,Not individually executed
CONTROL-02641,templates/partials/priorities/distribution_view.html,94,button,button,Awaiting publication,,,button,,,,{},True,,Not individually executed
CONTROL-02642,templates/partials/priorities/distribution_view.html,98,button,button,Continue confirmation,,,button,,,,{},False,,Not individually executed
CONTROL-02643,templates/partials/priorities/distribution_view.html,101,link,a,Review governed master,,,,#master-milestones-title,,,{},False,,Not individually executed
CONTROL-02644,templates/partials/priorities/distribution_view.html,158,button,button,Publish FY{{ fy }} master,,,submit,,/target-distribution/action,post,{},False,,Not individually executed
CONTROL-02645,templates/partials/priorities/distribution_view.html,159,button,button,{{ kpis.needsConfirmation }} confirmation{{ kpis.needsConfirmation|pluralize }} remaining,,,button,,,,{},True,,Not individually executed
CONTROL-02646,templates/partials/priorities/distribution_view.html,168,disclosure,summary,Filters {{ active_filter_count }},,,,,,,{},False,,Not individually executed
CONTROL-02647,templates/partials/priorities/distribution_view.html,172,field,select,All groups {{ group.priority.title }},ia-filter-priority,priority,,,/target-distribution,get,{},False,,Not individually executed
CONTROL-02648,templates/partials/priorities/distribution_view.html,173,field,select,All portfoliosCore targetsClient targets,ia-filter-portfolio,portfolio,,,/target-distribution,get,{},False,,Not individually executed
CONTROL-02649,templates/partials/priorities/distribution_view.html,174,field,select,All statusesPublishedBalance openReady to approveDistributedNeeds confirmation,ia-filter-status,status,,,/target-distribution,get,{},False,,Not individually executed
CONTROL-02650,templates/partials/priorities/distribution_view.html,175,link,a,Clear,,,,?fy={{ fy }}&tab={{ selected.tab }},/target-distribution,get,{},False,,Not individually executed
CONTROL-02651,templates/partials/priorities/distribution_view.html,175,button,button,Apply filters,,,submit,,/target-distribution,get,{},False,,Not individually executed
CONTROL-02652,templates/partials/priorities/distribution_view.html,187,link,a,All milestones,,,,?fy={{ fy }}&tab=all,,,{},False,,Not individually executed
CONTROL-02653,templates/partials/priorities/distribution_view.html,188,link,a,Field cascade,,,,?fy={{ fy }}&tab=field_cascade,,,{},False,,Not individually executed
CONTROL-02654,templates/partials/priorities/distribution_view.html,189,link,a,Project / specialist,,,,?fy={{ fy }}&tab=specialist,,,{},False,,Not individually executed
CONTROL-02655,templates/partials/priorities/distribution_view.html,190,link,a,Country owned,,,,?fy={{ fy }}&tab=country_owned,,,{},False,,Not individually executed
CONTROL-02656,templates/partials/priorities/distribution_view.html,191,link,a,Non-scoreable,,,,?fy={{ fy }}&tab=non_scoreable,,,{},False,,Not individually executed
CONTROL-02657,templates/partials/priorities/distribution_view.html,201,link,a,Clear all,,,,?fy={{ fy }}&tab={{ selected.tab }},,,{},False,,Not individually executed
CONTROL-02658,templates/partials/priorities/distribution_view.html,234,button,button,Review Approve Continue distributing Distribute {{ row.milestone.title }},,,button,,,,{},False,,Not individually executed
CONTROL-02659,templates/partials/priorities/distribution_view.html,238,button,button,Confirm source figure,,,button,,,,{},False,,Not individually executed
CONTROL-02660,templates/partials/priorities/distribution_view.html,240,disclosure,summary,View milestone details,,,,,,,{},False,,Not individually executed
CONTROL-02661,templates/partials/priorities/distribution_view.html,249,link,a,Previous page,,,,?                   {{ page_query }}&           page={{ page_obj.previous_page_number }},,,{},False,,Not individually executed
CONTROL-02662,templates/partials/priorities/distribution_view.html,249,link,a,{{ number }},,,,?                   {{ page_query }}&           page={{ number }},,,{},False,,Not individually executed
CONTROL-02663,templates/partials/priorities/distribution_view.html,249,link,a,Next page,,,,?                   {{ page_query }}&           page={{ page_obj.next_page_number }},,,{},False,,Not individually executed
CONTROL-02664,templates/partials/priorities/distribution_view.html,258,button,button,Close distribution workspace,,,button,,,,{},False,,Not individually executed
CONTROL-02665,templates/partials/priorities/distribution_view.html,261,field,select,Select priority group {{ priority.title }},ia-distribution-group,,,,,,{},False,No submitted name or direct model; check JS binding,Not individually executed
CONTROL-02666,templates/partials/priorities/distribution_view.html,262,field,select,Select milestone {{ row.milestone.title }},ia-distribution-milestone,,,,,,{},False,No submitted name or direct model; check JS binding,Not individually executed
CONTROL-02667,templates/partials/priorities/distribution_view.html,272,button,button,Close confirmation workspace,,,button,,,,{},False,,Not individually executed
CONTROL-02668,templates/partials/priorities/distribution_view.html,275,field,input,,confirm-target,targetValue,number,,/target-distribution/action,post,{},False,,Not individually executed
CONTROL-02669,templates/partials/priorities/distribution_view.html,275,field,input,,confirm-core,coreTarget,number,,/target-distribution/action,post,{},False,,Not individually executed
CONTROL-02670,templates/partials/priorities/distribution_view.html,275,field,input,,confirm-client,clientTarget,number,,/target-distribution/action,post,{},False,,Not individually executed
CONTROL-02671,templates/partials/priorities/distribution_view.html,275,field,input,,confirm-participants,participantsPerSchool,number,,/target-distribution/action,post,{},False,,Not individually executed
CONTROL-02672,templates/partials/priorities/distribution_view.html,276,field,select,Field cascade (IA → PL → CCEO)Project / specialist teamCountry-ownedNon-scoreable / pending definition,confirm-method,allocationMethod,,,/target-distribution/action,post,{},False,,Not individually executed
CONTROL-02673,templates/partials/priorities/distribution_view.html,277,field,input,How the source ambiguity was resolved,confirm-note,confirmationNote,,,/target-distribution/action,post,{},False,,Not individually executed
CONTROL-02674,templates/partials/priorities/distribution_view.html,278,button,button,Cancel,,,button,,/target-distribution/action,post,{},False,,Not individually executed
CONTROL-02675,templates/partials/priorities/distribution_view.html,278,button,button,Confirm source figure,,,submit,,/target-distribution/action,post,{},False,,Not individually executed
CONTROL-02676,templates/partials/priorities/guidance_inbox.html,40,button,button,{{ action.label }},,,button,{{ action.drawer }},,,"{""hx-get"": ""{{ action.drawer }}"", ""hx-target"": ""#drawer-container"", ""hx-swap"": ""innerHTML""}",False,,Not individually executed
CONTROL-02677,templates/partials/priorities/guidance_view.html,25,button,button,{{ action.label }},,,button,{{ action.drawer }},,,"{""hx-get"": ""{{ action.drawer }}"", ""hx-target"": ""#drawer-container"", ""hx-swap"": ""innerHTML""}",False,,Not individually executed
CONTROL-02678,templates/partials/priorities/guidance_view.html,49,field,select,{{ field.blank }} {{ option.1 }},,{{ field.name }},,,/priorities/guidance,get,"{""@change"": ""$el.form.requestSubmit()""}",False,,Not individually executed
CONTROL-02679,templates/partials/priorities/guidance_view.html,84,button,button,{{ action.label }},,,button,{{ action.drawer }},,,"{""hx-get"": ""{{ action.drawer }}"", ""hx-target"": ""#drawer-container"", ""hx-swap"": ""innerHTML""}",False,,Not individually executed
CONTROL-02680,templates/partials/priorities/master_view.html,31,field,select,FY{{ option }},priorities-fy,fy,,,,get,"{""@change"": ""$el.form.submit()""}",False,,Not individually executed
CONTROL-02681,templates/partials/priorities/setting_view.html,48,field,select,FY{{ year }},priority-fy,fy,,,/strategic-priorities,get,{},False,,Not individually executed
CONTROL-02682,templates/partials/priorities/setting_view.html,140,disclosure,summary,{{ milestone.title }} details,,,,,,,{},False,,Not individually executed
CONTROL-02683,templates/partials/priorities/setting_view.html,181,button,button,Resolve {{ needs_definition_count }} definitions first,,,button,,,,{},True,,Not individually executed
CONTROL-02684,templates/partials/priorities/setting_view.html,183,button,button,Approve {{ pending_approval_count }} definitions first,,,button,,,,{},True,,Not individually executed
CONTROL-02685,templates/partials/priorities/setting_view.html,185,button,button,Approve FY{{ cycle.financial_year }} cycle,,,submit,,/strategic-priorities/cycles/{{ cycle.id }}/approve,post,{},False,,Not individually executed
CONTROL-02686,templates/partials/priorities/team_view.html,26,field,select,FY{{ year }},team-distribution-fy,fy,,,/target-distribution/team,get,{},False,,Not individually executed
CONTROL-02687,templates/partials/priorities/team_view.html,36,button,button,{{ next_team_distribution.actionLabel }},,,button,,,,{},False,,Not individually executed
CONTROL-02688,templates/partials/priorities/team_view.html,61,button,button,{{ row.actionLabel }} for {{ row.milestone.title }},,,button,,,,{},False,,Not individually executed
CONTROL-02689,templates/partials/priorities/team_view.html,64,disclosure,summary,View team delivery and quarterly spread {{ row.memberRows|length }} holder{{ row.memberRows|length|pluralize }},,,,,,,{},False,,Not individually executed
CONTROL-02690,templates/partials/priorities/team_view.html,64,field,input,{{ value }},quarter-{{ member.allocation.id }}-{{ quarter }},{{ quarter|lower }},number,,/target-distribution/team/action,post,{},False,,Not individually executed
CONTROL-02691,templates/partials/priorities/team_view.html,64,button,button,Approve spread,,,submit,,/target-distribution/team/action,post,{},False,,Not individually executed
CONTROL-02692,templates/partials/priorities/team_view.html,71,button,button,Close team distribution workspace,,,button,,,,{},False,,Not individually executed
CONTROL-02693,templates/partials/professional_development/_request_summary.html,14,link,a,{{ instance.course_link }},,,,{{ instance.course_link }},,,{},False,,Not individually executed
CONTROL-02694,templates/partials/professional_development/_request_summary.html,55,link,a,{{ e.original_name }} · {{ e.get_kind_display }} Returned,,,,/my-professional-development/evidence/{{ e.id }},,,{},False,,Not individually executed
CONTROL-02695,templates/partials/professional_development/_request_summary.html,68,link,a,Returned Verified,,,,/my-professional-development/certificate/{{ c.id }},,,{},False,,Not individually executed
CONTROL-02696,templates/partials/professional_development/body.html,66,button,button,Open course →,,,button,/my-professional-development/request?id={{ current_course.id }},,,"{""hx-get"": ""/my-professional-development/request?id={{ current_course.id }}"", ""hx-target"": ""#drawer-container"", ""hx-swap"": ""innerHTML""}",False,,Not individually executed
CONTROL-02697,templates/partials/professional_development/body.html,71,button,button,View details →,,,button,/my-professional-development/request?id={{ current_course.id }},,,"{""hx-get"": ""/my-professional-development/request?id={{ current_course.id }}"", ""hx-target"": ""#drawer-container"", ""hx-swap"": ""innerHTML""}",False,,Not individually executed
CONTROL-02698,templates/partials/professional_development/body.html,81,button,button,Request Professional Development,,,button,/my-professional-development/request,,,"{""hx-get"": ""/my-professional-development/request"", ""hx-target"": ""#drawer-container"", ""hx-swap"": ""innerHTML""}",False,,Not individually executed
CONTROL-02699,templates/partials/professional_development/body.html,91,button,button,View Full Timeline →,,,button,/my-professional-development/request?id={{ current_course.id }},,,"{""hx-get"": ""/my-professional-development/request?id={{ current_course.id }}"", ""hx-target"": ""#drawer-container"", ""hx-swap"": ""innerHTML""}",False,,Not individually executed
CONTROL-02700,templates/partials/professional_development/body.html,139,button,button,{{ a.button }},,,button,/my-professional-development/request?id={{ a.request_id }},,,"{""hx-get"": ""/my-professional-development/request?id={{ a.request_id }}"", ""hx-target"": ""#drawer-container"", ""hx-swap"": ""innerHTML""}",False,,Not individually executed
CONTROL-02701,templates/partials/professional_development/body.html,157,button,button,"{{ r.label }} {{ r.date|date:""d M Y"" }}",,,button,/my-professional-development/request?id={{ r.id }},,,"{""hx-get"": ""/my-professional-development/request?id={{ r.id }}"", ""hx-target"": ""#drawer-container"", ""hx-swap"": ""innerHTML""}",False,,Not individually executed
CONTROL-02702,templates/partials/professional_development/body.html,176,link,a,View all →,,,,/messages,,,{},False,,Not individually executed
CONTROL-02703,templates/partials/professional_development/body.html,181,link,a,{{ m.sender_name|avatar_initials }} {{ m.sender_name }} {{ m.body }},,,,/messages                     ?thread={{ m.context_id }}           ,,,{},False,,Not individually executed
CONTROL-02704,templates/partials/professional_development/body.html,200,button,button,View PD Policy & Guidelines,,,button,,,,"{""@click"": ""showPolicy = true""}",False,,Not individually executed
CONTROL-02705,templates/partials/professional_development/body.html,205,button,button,My PD Allocation History,,,button,/my-professional-development/allocation-history,,,"{""hx-get"": ""/my-professional-development/allocation-history"", ""hx-target"": ""#drawer-container"", ""hx-swap"": ""innerHTML""}",False,,Not individually executed
CONTROL-02706,templates/partials/professional_development/body.html,210,link,a,Download PD Report,,,,/my-professional-development/export?fy={{ fy }},,,{},False,,Not individually executed
CONTROL-02707,templates/partials/professional_development/body.html,215,link,a,Message HR,,,,/messages?context_type=professional_development                       &context_id={{ current_course.id }}           ,,,{},False,,Not individually executed
CONTROL-02708,templates/partials/professional_development/body.html,228,button,button,All ({{ courses|length }}),,,button,,,,"{""@click"": ""tab = 'all'""}",False,,Not individually executed
CONTROL-02709,templates/partials/professional_development/body.html,229,button,button,In Progress ({{ in_progress_count }}),,,button,,,,"{""@click"": ""tab = 'in_progress'""}",False,,Not individually executed
CONTROL-02710,templates/partials/professional_development/body.html,230,button,button,Completed ({{ completed_count }}),,,button,,,,"{""@click"": ""tab = 'completed'""}",False,,Not individually executed
CONTROL-02711,templates/partials/professional_development/body.html,231,button,button,Cancelled ({{ cancelled_count }}),,,button,,,,"{""@click"": ""tab = 'cancelled'""}",False,,Not individually executed
CONTROL-02712,templates/partials/professional_development/completion_upload.html,48,field,select,Certificate Transcript,,document_type,,,/my-professional-development/request/{{ course.id }}/certificate,post,{},False,,Not individually executed
CONTROL-02713,templates/partials/professional_development/completion_upload.html,57,field,input,,,file,file,,/my-professional-development/request/{{ course.id }}/certificate,post,{},False,,Not individually executed
CONTROL-02714,templates/partials/professional_development/completion_upload.html,60,button,button,Upload another Upload proof,,,submit,,/my-professional-development/request/{{ course.id }}/certificate,post,{},False,,Not individually executed
CONTROL-02715,templates/partials/professional_development/request_form.html,21,button,button,Approve & Send to HR,,,submit,,/my-professional-development/request/{{ instance.id }}/action,post,{},False,,Not individually executed
CONTROL-02716,templates/partials/professional_development/request_form.html,25,field,textarea,Reason for returning to the employee…,,note,,,/my-professional-development/request/{{ instance.id }}/action,post,{},False,,Not individually executed
CONTROL-02717,templates/partials/professional_development/request_form.html,26,button,button,Return to Employee,,,submit,,/my-professional-development/request/{{ instance.id }}/action,post,{},False,,Not individually executed
CONTROL-02718,templates/partials/professional_development/request_form.html,39,field,input,true,,exception,checkbox,,/my-professional-development/request/{{ instance.id }}/action,post,{},False,,Not individually executed
CONTROL-02719,templates/partials/professional_development/request_form.html,43,button,button,Approve Request,,,submit,,/my-professional-development/request/{{ instance.id }}/action,post,{},False,,Not individually executed
CONTROL-02720,templates/partials/professional_development/request_form.html,47,field,textarea,Reason for returning to the employee…,,note,,,/my-professional-development/request/{{ instance.id }}/action,post,{},False,,Not individually executed
CONTROL-02721,templates/partials/professional_development/request_form.html,48,button,button,Return to Employee,,,submit,,/my-professional-development/request/{{ instance.id }}/action,post,{},False,,Not individually executed
CONTROL-02722,templates/partials/professional_development/request_form.html,52,field,textarea,Reason for rejecting (optional)…,,note,,,/my-professional-development/request/{{ instance.id }}/action,post,{},False,,Not individually executed
CONTROL-02723,templates/partials/professional_development/request_form.html,53,button,button,Reject Request,,,submit,,/my-professional-development/request/{{ instance.id }}/action,post,{},False,,Not individually executed
CONTROL-02724,templates/partials/professional_development/request_form.html,60,field,select,Method,,method,,,/my-professional-development/fund/{{ instance.fund_request.id }}/action,post,{},False,,Not individually executed
CONTROL-02725,templates/partials/professional_development/request_form.html,63,field,input,Payment reference,,reference,text,,/my-professional-development/fund/{{ instance.fund_request.id }}/action,post,{},False,,Not individually executed
CONTROL-02726,templates/partials/professional_development/request_form.html,64,button,button,Disburse Funds,,,submit,,/my-professional-development/fund/{{ instance.fund_request.id }}/action,post,{},False,,Not individually executed
CONTROL-02727,templates/partials/professional_development/request_form.html,68,field,textarea,Hold reason…,,reason,,,/my-professional-development/fund/{{ instance.fund_request.id }}/action,post,{},False,,Not individually executed
CONTROL-02728,templates/partials/professional_development/request_form.html,69,button,button,Hold,,,submit,,/my-professional-development/fund/{{ instance.fund_request.id }}/action,post,{},False,,Not individually executed
CONTROL-02729,templates/partials/professional_development/request_form.html,73,field,textarea,Return reason…,,reason,,,/my-professional-development/fund/{{ instance.fund_request.id }}/action,post,{},False,,Not individually executed
CONTROL-02730,templates/partials/professional_development/request_form.html,74,button,button,Return to HR,,,submit,,/my-professional-development/fund/{{ instance.fund_request.id }}/action,post,{},False,,Not individually executed
CONTROL-02731,templates/partials/professional_development/request_form.html,87,button,button,Clear Accountability,,,submit,,/my-professional-development/fund/{{ instance.fund_request.id }}/action,post,{},False,,Not individually executed
CONTROL-02732,templates/partials/professional_development/request_form.html,91,field,textarea,Reason for returning accountability…,,reason,,,/my-professional-development/fund/{{ instance.fund_request.id }}/action,post,{},False,,Not individually executed
CONTROL-02733,templates/partials/professional_development/request_form.html,92,button,button,Return Accountability,,,submit,,/my-professional-development/fund/{{ instance.fund_request.id }}/action,post,{},False,,Not individually executed
CONTROL-02734,templates/partials/professional_development/request_form.html,106,button,button,Sign Off & Close,,,submit,,/my-professional-development/request/{{ instance.id }}/action,post,{},True,,Not individually executed
CONTROL-02735,templates/partials/professional_development/request_form.html,111,field,select,Reason category,,reason_category,,,/my-professional-development/request/{{ instance.id }}/action,post,{},False,,Not individually executed
CONTROL-02736,templates/partials/professional_development/request_form.html,114,field,textarea,Note for the employee…,,note,,,/my-professional-development/request/{{ instance.id }}/action,post,{},False,,Not individually executed
CONTROL-02737,templates/partials/professional_development/request_form.html,115,button,button,Return for Correction,,,submit,,/my-professional-development/request/{{ instance.id }}/action,post,{},False,,Not individually executed
CONTROL-02738,templates/partials/professional_development/request_form.html,148,field,input,Course name,,course_name,text,,/my-professional-development/request,post,{},False,,Not individually executed
CONTROL-02739,templates/partials/professional_development/request_form.html,153,field,input,e.g. Leadership Development,,course_category,text,,/my-professional-development/request,post,{},False,,Not individually executed
CONTROL-02740,templates/partials/professional_development/request_form.html,157,field,select,Course type,,course_type,,,/my-professional-development/request,post,{},False,,Not individually executed
CONTROL-02741,templates/partials/professional_development/request_form.html,165,field,input,Institution,,institution,text,,/my-professional-development/request,post,{},False,,Not individually executed
CONTROL-02742,templates/partials/professional_development/request_form.html,169,field,input,https://…,,course_link,url,,/my-professional-development/request,post,{},False,,Not individually executed
CONTROL-02743,templates/partials/professional_development/request_form.html,174,field,input,Start date,,start_date,date,,/my-professional-development/request,post,{},False,,Not individually executed
CONTROL-02744,templates/partials/professional_development/request_form.html,178,field,input,End date,,end_date,date,,/my-professional-development/request,post,{},False,,Not individually executed
CONTROL-02745,templates/partials/professional_development/request_form.html,182,field,input,,,certification_expected,checkbox,,/my-professional-development/request,post,{},False,,Not individually executed
CONTROL-02746,templates/partials/professional_development/request_form.html,188,field,textarea,Relevance to role,,relevance_to_role,,,/my-professional-development/request,post,{},False,,Not individually executed
CONTROL-02747,templates/partials/professional_development/request_form.html,192,field,textarea,Skills to develop,,skills_to_develop,,,/my-professional-development/request,post,{},False,,Not individually executed
CONTROL-02748,templates/partials/professional_development/request_form.html,197,field,textarea,Expected benefit,,expected_benefit,,,/my-professional-development/request,post,{},False,,Not individually executed
CONTROL-02749,templates/partials/professional_development/request_form.html,201,field,textarea,Work time impact,,work_time_impact,,,/my-professional-development/request,post,{},False,,Not individually executed
CONTROL-02750,templates/partials/professional_development/request_form.html,211,link,a,{{ e.original_name }} · {{ e.get_kind_display }},,,,/my-professional-development/evidence/{{ e.id }},/my-professional-development/request,post,{},False,,Not individually executed
CONTROL-02751,templates/partials/professional_development/request_form.html,217,field,select,Kind,,kind,,,/my-professional-development/request,post,{},False,,Not individually executed
CONTROL-02752,templates/partials/professional_development/request_form.html,238,field,input,Course fee,,course_fee,number,,/my-professional-development/request,post,{},False,,Not individually executed
CONTROL-02753,templates/partials/professional_development/request_form.html,242,field,input,Other costs,,other_costs,number,,/my-professional-development/request,post,{},False,,Not individually executed
CONTROL-02754,templates/partials/professional_development/request_form.html,246,field,input,Employee contribution,,employee_contribution,number,,/my-professional-development/request,post,{},False,,Not individually executed
CONTROL-02755,templates/partials/professional_development/request_form.html,250,field,input,Requested amount,,requested_amount,number,,/my-professional-development/request,post,{},False,,Not individually executed
CONTROL-02756,templates/partials/professional_development/request_form.html,255,field,select,Funding type,,funding_type,,,/my-professional-development/request,post,{},False,,Not individually executed
CONTROL-02757,templates/partials/professional_development/request_form.html,262,field,input,Institution or employee,,payment_recipient,text,,/my-professional-development/request,post,{},False,,Not individually executed
CONTROL-02758,templates/partials/professional_development/request_form.html,266,field,input,Bank / mobile money details,,payment_details,text,,/my-professional-development/request,post,{},False,,Not individually executed
CONTROL-02759,templates/partials/professional_development/request_form.html,271,field,textarea,Exception reason,,exception_reason,,,/my-professional-development/request,post,{},False,,Not individually executed
CONTROL-02760,templates/partials/professional_development/request_form.html,283,button,button,Save Draft,,intent,submit,,/my-professional-development/request,post,{},False,,Not individually executed
CONTROL-02761,templates/partials/professional_development/request_form.html,284,button,button,Submit for Approval,,intent,submit,,/my-professional-development/request,post,{},False,,Not individually executed
CONTROL-02762,templates/partials/professional_development/request_form.html,287,button,button,Cancel this draft,,action,submit,,/my-professional-development/request,post,{},False,,Not individually executed
CONTROL-02763,templates/partials/professional_development/request_form.html,293,field,input,,,file,file,,/my-professional-development/request/{{ instance.id }}/evidence,post,{},False,,Not individually executed
CONTROL-02764,templates/partials/professional_development/request_form.html,294,button,button,Upload Evidence,,,submit,,/my-professional-development/request/{{ instance.id }}/evidence,post,{},False,,Not individually executed
CONTROL-02765,templates/partials/professional_development/request_form.html,314,field,input,Enrollment date,,enrollment_date,date,,/my-professional-development/request/{{ instance.id }}/action,post,{},False,,Not individually executed
CONTROL-02766,templates/partials/professional_development/request_form.html,315,field,input,Enrollment reference,,enrollment_reference,text,,/my-professional-development/request/{{ instance.id }}/action,post,{},False,,Not individually executed
CONTROL-02767,templates/partials/professional_development/request_form.html,317,button,button,Confirm Enrollment,,,submit,,/my-professional-development/request/{{ instance.id }}/action,post,{},False,,Not individually executed
CONTROL-02768,templates/partials/professional_development/request_form.html,323,disclosure,summary,Defer or withdraw,,,,,,,{},False,,Not individually executed
CONTROL-02769,templates/partials/professional_development/request_form.html,326,field,textarea,Reason…,,note,,,/my-professional-development/request/{{ instance.id }}/action,post,{},False,,Not individually executed
CONTROL-02770,templates/partials/professional_development/request_form.html,328,button,button,Defer,,action,submit,,/my-professional-development/request/{{ instance.id }}/action,post,{},False,,Not individually executed
CONTROL-02771,templates/partials/professional_development/request_form.html,329,button,button,Withdraw,,action,submit,,/my-professional-development/request/{{ instance.id }}/action,post,{},False,,Not individually executed
CONTROL-02772,templates/partials/professional_development/request_form.html,339,field,input,Actual completion date,,actual_completion_date,date,,/my-professional-development/request/{{ instance.id }}/action,post,{},False,,Not individually executed
CONTROL-02773,templates/partials/professional_development/request_form.html,341,field,textarea,Course outcome,,course_outcome,,,/my-professional-development/request/{{ instance.id }}/action,post,{},False,,Not individually executed
CONTROL-02774,templates/partials/professional_development/request_form.html,343,field,textarea,Skills gained,,skills_gained,,,/my-professional-development/request/{{ instance.id }}/action,post,{},False,,Not individually executed
CONTROL-02775,templates/partials/professional_development/request_form.html,345,field,textarea,Application plan,,application_plan,,,/my-professional-development/request/{{ instance.id }}/action,post,{},False,,Not individually executed
CONTROL-02776,templates/partials/professional_development/request_form.html,346,button,button,Mark Complete,,,submit,,/my-professional-development/request/{{ instance.id }}/action,post,{},False,,Not individually executed
CONTROL-02777,templates/partials/professional_development/request_form.html,353,field,input,,,file,file,,/my-professional-development/request/{{ instance.id }}/certificate,post,{},False,,Not individually executed
CONTROL-02778,templates/partials/professional_development/request_form.html,354,field,input,Certificate name,,certificate_name,text,,/my-professional-development/request/{{ instance.id }}/certificate,post,{},False,,Not individually executed
CONTROL-02779,templates/partials/professional_development/request_form.html,356,field,input,Certificate number,,certificate_number,text,,/my-professional-development/request/{{ instance.id }}/certificate,post,{},False,,Not individually executed
CONTROL-02780,templates/partials/professional_development/request_form.html,357,field,input,Issuing institution,,issuing_institution,text,,/my-professional-development/request/{{ instance.id }}/certificate,post,{},False,,Not individually executed
CONTROL-02781,templates/partials/professional_development/request_form.html,359,button,button,Upload Certificate,,,submit,,/my-professional-development/request/{{ instance.id }}/certificate,post,{},False,,Not individually executed
CONTROL-02782,templates/partials/professional_development/request_form.html,367,field,input,BambooHR reference (optional),,bamboohr_reference,text,,/my-professional-development/request/{{ instance.id }}/action,post,{},False,,Not individually executed
CONTROL-02783,templates/partials/professional_development/request_form.html,368,button,button,Confirm BambooHR Upload,,,submit,,/my-professional-development/request/{{ instance.id }}/action,post,{},False,,Not individually executed
CONTROL-02784,templates/partials/professional_development/request_form.html,376,field,input,Actual spent,,actual_spent,number,,/my-professional-development/request/{{ instance.id }}/action,post,{},False,,Not individually executed
CONTROL-02785,templates/partials/professional_development/request_form.html,377,field,input,Returned amount,,returned_amount,number,,/my-professional-development/request/{{ instance.id }}/action,post,{},False,,Not individually executed
CONTROL-02786,templates/partials/professional_development/request_form.html,380,field,input,NetSuite expense ID,,netsuite_expense_id,text,,/my-professional-development/request/{{ instance.id }}/action,post,{},False,,Not individually executed
CONTROL-02787,templates/partials/professional_development/request_form.html,382,field,textarea,Variance note,,variance_note,,,/my-professional-development/request/{{ instance.id }}/action,post,{},False,,Not individually executed
CONTROL-02788,templates/partials/professional_development/request_form.html,383,button,button,Submit Accountability,,,submit,,/my-professional-development/request/{{ instance.id }}/action,post,{},False,,Not individually executed
CONTROL-02789,templates/partials/programme_rollout/school_list_drawer.html,35,link,a,,,,,{{ row.url }},,,{},False,,Not individually executed
CONTROL-02790,templates/partials/programme_rollout/spiritual.html,19,link,a,SSA performance →,,,,/ssa?fy={{ fy }},,,{},False,,Not individually executed
CONTROL-02791,templates/partials/programme_rollout/spiritual.html,59,link,a,{{ row.name }},,,,{{ row.profile_url }},,,{},False,,Not individually executed
CONTROL-02792,templates/partials/programme_rollout/spiritual.html,67,link,a,Oversight,,,,{{ row.oversight_url }},,,{},False,,Not individually executed
CONTROL-02793,templates/partials/programme_rollout/spiritual.html,113,link,a,School,,,,{{ row.school_url }},,,{},False,,Not individually executed
CONTROL-02794,templates/partials/programme_rollout/spiritual.html,114,link,a,Plan,,,,{{ row.school_url }},,,"{""hx-get"": ""{{ row.plan_url }}"", ""hx-target"": ""#drawer-container"", ""hx-swap"": ""innerHTML""}",False,,Not individually executed
CONTROL-02795,templates/partials/programme_rollout/spiritual.html,225,link,a,Training feedback →,,,,/cce-leadership/feedback,,,{},False,,Not individually executed
CONTROL-02796,templates/partials/programme_rollout/ssa.html,17,link,a,SSA performance →,,,,/ssa?fy={{ fy }},,,{},False,,Not individually executed
CONTROL-02797,templates/partials/programme_rollout/ssa.html,36,link,a,{{ row.name }},,,,{{ row.profile_url }},,,{},False,,Not individually executed
CONTROL-02798,templates/partials/programme_rollout/ssa.html,43,link,a,Not planned,,,,{{ schools_url }}?kind=ssa_not_planned&member={{ row.staff_id }}&{{ carry_query }},,,"{""hx-get"": ""{{ schools_url }}?kind=ssa_not_planned&member={{ row.staff_id }}&{{ carry_query }}"", ""hx-target"": ""#drawer-container"", ""hx-swap"": ""innerHTML""}",False,,Not individually executed
CONTROL-02799,templates/partials/programme_rollout/ssa.html,44,link,a,Awaiting,,,,{{ schools_url }}?kind=ssa_awaiting&member={{ row.staff_id }}&{{ carry_query }},,,"{""hx-get"": ""{{ schools_url }}?kind=ssa_awaiting&member={{ row.staff_id }}&{{ carry_query }}"", ""hx-target"": ""#drawer-container"", ""hx-swap"": ""innerHTML""}",False,,Not individually executed
CONTROL-02800,templates/partials/programme_rollout/ssa.html,45,link,a,Oversight,,,,{{ row.oversight_url }},,,{},False,,Not individually executed
CONTROL-02801,templates/partials/programme_rollout/ssa.html,63,link,a,Not planned,,,,{{ schools_url }}?kind=ssa_not_planned&{{ carry_query }},,,"{""hx-get"": ""{{ schools_url }}?kind=ssa_not_planned&{{ carry_query }}"", ""hx-target"": ""#drawer-container"", ""hx-swap"": ""innerHTML""}",False,,Not individually executed
CONTROL-02802,templates/partials/programme_rollout/ssa.html,105,link,a,Not planned,,,,{{ schools_url }}?kind=ssa_not_planned&cluster={{ row.cluster }}&{{ carry_query }},,,"{""hx-get"": ""{{ schools_url }}?kind=ssa_not_planned&cluster={{ row.cluster }}&{{ carry_query }}"", ""hx-target"": ""#drawer-container"", ""hx-swap"": ""innerHTML""}",False,,Not individually executed
CONTROL-02803,templates/partials/programme_rollout/trainings.html,17,link,a,Spiritual transformation →,,,,/programme-rollout?view=spiritual&{{ carry_query }},,,{},False,,Not individually executed
CONTROL-02804,templates/partials/programme_rollout/trainings.html,61,link,a,Training feedback →,,,,/cce-leadership/feedback,,,{},False,,Not individually executed
CONTROL-02805,templates/partials/programme_rollout/trainings.html,133,link,a,{{ row.name }},,,,{{ row.profile_url }},,,{},False,,Not individually executed
CONTROL-02806,templates/partials/programme_rollout/trainings.html,142,link,a,Not yet trained,,,,{{ schools_url }}?kind=not_trained&member={{ row.staff_id }}&{{ carry_query }},,,"{""hx-get"": ""{{ schools_url }}?kind=not_trained&member={{ row.staff_id }}&{{ carry_query }}"", ""hx-target"": ""#drawer-container"", ""hx-swap"": ""innerHTML""}",False,,Not individually executed
CONTROL-02807,templates/partials/programme_rollout/trainings.html,143,link,a,Oversight,,,,{{ row.oversight_url }},,,{},False,,Not individually executed
CONTROL-02808,templates/partials/programme_rollout/trainings.html,192,link,a,Open,,,,{{ row.url }},,,{},False,,Not individually executed
CONTROL-02809,templates/partials/programme_rollout/trainings.html,215,link,a,Open feedback →,,,,/cce-leadership/feedback,,,{},False,,Not individually executed
CONTROL-02810,templates/partials/programme_rollout/view.html,8,link,a,Reset,rollout-filter-reset,,,/programme-rollout?view={{ view }},,,"{""hx-swap-oob"": ""outerHTML""}",False,,Not individually executed
CONTROL-02811,templates/partials/projects/analytics_project_list.html,1,link,a,{{ item.name }}{{ item.interventions }} · {{ item.classification }},,,,{{ item.url }},,,{},False,,Not individually executed
CONTROL-02812,templates/partials/projects/analytics_workspace.html,2,link,a,Export,spa-export,,,{{ export_url }},,,"{""hx-swap-oob"": ""outerHTML""}",False,,Not individually executed
CONTROL-02813,templates/partials/projects/analytics_workspace.html,2,link,a,Download Snapshot,spa-snapshot,,,{{ snapshot_url }},,,"{""hx-swap-oob"": ""outerHTML""}",False,,Not individually executed
CONTROL-02814,templates/partials/projects/analytics_workspace.html,7,link,a,Open Project Planning,,,,/projects/planning,,,{},False,,Not individually executed
CONTROL-02815,templates/partials/projects/analytics_workspace.html,11,field,select,FY {{ option }},spa-fy,fy,,,/projects/analytics,get,{},False,,Not individually executed
CONTROL-02816,templates/partials/projects/analytics_workspace.html,12,field,select,All districts {{ option.name }},spa-district,district,,,/projects/analytics,get,{},False,,Not individually executed
CONTROL-02817,templates/partials/projects/analytics_workspace.html,13,field,select,All projects {{ option.name }},spa-project,project,,,/projects/analytics,get,{},False,,Not individually executed
CONTROL-02818,templates/partials/projects/analytics_workspace.html,14,field,select,All partners {{ option.name }},spa-partner,partner,,,/projects/analytics,get,{},False,,Not individually executed
CONTROL-02819,templates/partials/projects/analytics_workspace.html,15,field,select,All interventions {{ label }},spa-intervention,intervention,,,/projects/analytics,get,{},False,,Not individually executed
CONTROL-02820,templates/partials/projects/analytics_workspace.html,16,field,select,All impact statuses {{ option.label }},spa-status,impact_status,,,/projects/analytics,get,{},False,,Not individually executed
CONTROL-02821,templates/partials/projects/analytics_workspace.html,17,link,a,Clear Filters,,,,/projects/analytics,/projects/analytics,get,{},False,,Not individually executed
CONTROL-02822,templates/partials/projects/analytics_workspace.html,21,link,a,Clear Filters,,,,/projects/analytics,,,{},False,,Not individually executed
CONTROL-02823,templates/partials/projects/analytics_workspace.html,35,link,a,{{ item.project }},,,,{{ item.project_url }},,,{},False,,Not individually executed
CONTROL-02824,templates/partials/projects/analytics_workspace.html,39,link,a,{{ item.name }},,,,{{ item.url }},,,{},False,,Not individually executed
CONTROL-02825,templates/partials/projects/analytics_workspace.html,51,link,a,View details →,,,,{{ item.url }},,,{},False,,Not individually executed
CONTROL-02826,templates/partials/projects/analytics_workspace.html,51,link,a,Open Action Review →,,,,#impact-matrix,,,{},False,,Not individually executed
CONTROL-02827,templates/partials/projects/bulk_partner_drawer.html,14,field,select,Partner ID,,partner_id,,,/projects/planning/bulk-partner,get,{},False,,Not individually executed
CONTROL-02828,templates/partials/projects/bulk_partner_drawer.html,15,field,input,{{ item.catalogueItemId }},,catalogue_item_id,radio,,/projects/planning/bulk-partner,get,{},False,,Not individually executed
CONTROL-02829,templates/partials/projects/bulk_partner_drawer.html,16,field,select,Purpose of visit,,purpose_of_visit,,,/projects/planning/bulk-partner,get,{},False,,Not individually executed
CONTROL-02830,templates/partials/projects/bulk_partner_drawer.html,17,field,input,Scheduled date,,scheduled_date,date,,/projects/planning/bulk-partner,get,{},False,,Not individually executed
CONTROL-02831,templates/partials/projects/bulk_partner_drawer.html,19,button,button,"Assign {{ assignments|length }} activit{{ assignments|length|pluralize:""y,ies"" }}",,,submit,,/projects/planning/bulk-partner,get,{},False,,Not individually executed
CONTROL-02832,templates/partials/projects/bulk_schedule_drawer.html,14,field,input,{{ item.catalogueItemId }},,catalogue_item_id,radio,,/projects/planning/bulk-schedule,get,{},False,,Not individually executed
CONTROL-02833,templates/partials/projects/bulk_schedule_drawer.html,15,field,input,,bulk-schedule-date,scheduled_date,date,,/projects/planning/bulk-schedule,get,{},False,,Not individually executed
CONTROL-02834,templates/partials/projects/bulk_schedule_drawer.html,29,button,button,"Schedule {{ assignments|length }} activit{{ assignments|length|pluralize:""y,ies"" }}",,,submit,,/projects/planning/bulk-schedule,get,{},False,,Not individually executed
CONTROL-02835,templates/partials/projects/create_project_drawer.html,11,field,input,,,name,,,/projects/create/action,post,{},False,,Not individually executed
CONTROL-02836,templates/partials/projects/create_project_drawer.html,12,field,input,SP-…,,code,,,/projects/create/action,post,{},False,,Not individually executed
CONTROL-02837,templates/partials/projects/create_project_drawer.html,13,field,select,Choose… {{ label }},,category,,,/projects/create/action,post,{},False,,Not individually executed
CONTROL-02838,templates/partials/projects/create_project_drawer.html,14,field,select,{{ label }},,schoolFocus,,,/projects/create/action,post,{},False,,Not individually executed
CONTROL-02839,templates/partials/projects/create_project_drawer.html,15,field,input,,,budgetCeilingUgx,number,,/projects/create/action,post,{},False,,Not individually executed
CONTROL-02840,templates/partials/projects/create_project_drawer.html,16,field,input,2027,,measurementStartFy,,,/projects/create/action,post,{},False,,Not individually executed
CONTROL-02841,templates/partials/projects/create_project_drawer.html,17,field,input,2028,,measurementEndFy,,,/projects/create/action,post,{},False,,Not individually executed
CONTROL-02842,templates/partials/projects/create_project_drawer.html,21,field,input,{{ value }},,targetInterventions,checkbox,,/projects/create/action,post,{},False,,Not individually executed
CONTROL-02843,templates/partials/projects/create_project_drawer.html,26,field,input,{{ item.id }},,catalogueItemIds,checkbox,,/projects/create/action,post,{},False,,Not individually executed
CONTROL-02844,templates/partials/projects/create_project_drawer.html,29,button,button,Cancel,,,button,,/projects/create/action,post,"{""@click"": ""requestClose()""}",False,,Not individually executed
CONTROL-02845,templates/partials/projects/create_project_drawer.html,30,button,button,Create proposed Project,,,submit,,/projects/create/action,post,{},False,,Not individually executed
CONTROL-02846,templates/partials/projects/filters_drawer.html,19,field,select,Fiscal year,,fy,,,/projects/filter,get,{},False,,Not individually executed
CONTROL-02847,templates/partials/projects/filters_drawer.html,28,field,select,Type,,type,,,/projects/filter,get,{},False,,Not individually executed
CONTROL-02848,templates/partials/projects/filters_drawer.html,38,field,select,Status,,status,,,/projects/filter,get,{},False,,Not individually executed
CONTROL-02849,templates/partials/projects/filters_drawer.html,48,link,a,Reset,,,,/projects,/projects/filter,get,"{""hx-get"": ""/projects"", ""hx-target"": ""#project-list"", ""hx-swap"": ""outerHTML"", ""hx-push-url"": ""true"", ""hx-on::after-request"": ""setTimeout(() => $dispatch('close-drawer'), 60)""}",False,,Not individually executed
CONTROL-02850,templates/partials/projects/filters_drawer.html,57,button,button,Apply Filters,,,submit,,/projects/filter,get,{},False,,Not individually executed
CONTROL-02851,templates/partials/projects/my_plan_activity_table.html,6,link,a,View planning →,,,,/projects/planning,,,{},False,,Not individually executed
CONTROL-02852,templates/partials/projects/my_plan_activity_table.html,23,link,a,{{ row.action.text }} for {{ row.school }},,,,{{ row.action.url }},,,"{""hx-get"": ""{{ row.action.url }}"", ""hx-target"": ""#drawer-container"", ""hx-swap"": ""innerHTML""}",False,,Not individually executed
CONTROL-02853,templates/partials/projects/my_plan_workspace.html,3,link,a,Export filtered project plan as CSV,sp-plan-export-link,,,{{ export_url }},,,"{""hx-swap-oob"": ""outerHTML""}",False,,Not individually executed
CONTROL-02854,templates/partials/projects/my_plan_workspace.html,5,link,a,Open Calendar,sp-plan-calendar-link,,,{{ calendar_url }},,,"{""hx-swap-oob"": ""outerHTML""}",False,,Not individually executed
CONTROL-02855,templates/partials/projects/my_plan_workspace.html,12,link,a,Open Special Projects,,,,/projects,,,{},False,,Not individually executed
CONTROL-02856,templates/partials/projects/my_plan_workspace.html,31,field,select,Fiscal year,,fy,,,/projects/my-plan,get,{},False,,Not individually executed
CONTROL-02857,templates/partials/projects/my_plan_workspace.html,32,field,select,Quarter,,quarter,,,/projects/my-plan,get,{},False,,Not individually executed
CONTROL-02858,templates/partials/projects/my_plan_workspace.html,33,field,select,Month,,month,,,/projects/my-plan,get,{},False,,Not individually executed
CONTROL-02859,templates/partials/projects/my_plan_workspace.html,34,field,select,Week,,week,,,/projects/my-plan,get,{},False,,Not individually executed
CONTROL-02860,templates/partials/projects/my_plan_workspace.html,35,field,select,Project,,project,,,/projects/my-plan,get,{},False,,Not individually executed
CONTROL-02861,templates/partials/projects/my_plan_workspace.html,36,field,select,Status,,status,,,/projects/my-plan,get,{},False,,Not individually executed
CONTROL-02862,templates/partials/projects/my_plan_workspace.html,40,link,a,Reset filters,,,,/projects/my-plan,/projects/my-plan,get,{},False,,Not individually executed
CONTROL-02863,templates/partials/projects/my_plan_workspace.html,44,disclosure,summary,More filters · active,,,,,/projects/my-plan,get,{},False,,Not individually executed
CONTROL-02864,templates/partials/projects/my_plan_workspace.html,46,field,select,District,,district,,,/projects/my-plan,get,{},False,,Not individually executed
CONTROL-02865,templates/partials/projects/my_plan_workspace.html,47,field,select,Partner,,partner,,,/projects/my-plan,get,{},False,,Not individually executed
CONTROL-02866,templates/partials/projects/my_plan_workspace.html,48,field,select,Activity type,,activity_type,,,/projects/my-plan,get,{},False,,Not individually executed
CONTROL-02867,templates/partials/projects/my_plan_workspace.html,58,tab,button,Week,sp-plan-tab-week,period,submit,,,,"{""@click"": ""$el.form.elements.period.value = 'week'""}",False,,Not individually executed
CONTROL-02868,templates/partials/projects/my_plan_workspace.html,59,tab,button,Month,sp-plan-tab-month,period,submit,,,,"{""@click"": ""$el.form.elements.period.value = 'month'""}",False,,Not individually executed
CONTROL-02869,templates/partials/projects/my_plan_workspace.html,60,tab,button,Quarter,sp-plan-tab-quarter,period,submit,,,,"{""@click"": ""$el.form.elements.period.value = 'quarter'""}",False,,Not individually executed
CONTROL-02870,templates/partials/projects/my_plan_workspace.html,61,tab,button,FY,sp-plan-tab-fy,period,submit,,,,"{""@click"": ""$el.form.elements.period.value = 'fy'""}",False,,Not individually executed
CONTROL-02871,templates/partials/projects/my_plan_workspace.html,64,link,a,View calendar →,,,,{{ calendar_url }},,,{},False,,Not individually executed
CONTROL-02872,templates/partials/projects/my_plan_workspace.html,89,link,a,View,,,,{{ item.detail_url }},,,"{""hx-get"": ""{{ item.detail_url }}"", ""hx-target"": ""#drawer-container"", ""hx-swap"": ""innerHTML""}",False,,Not individually executed
CONTROL-02873,templates/partials/projects/my_plan_workspace.html,97,link,a,!{{ item.issue }}{{ item.title }}→,,,,{{ item.url }},,,"{""hx-get"": ""{{ item.url }}"", ""hx-target"": ""#drawer-container"", ""hx-swap"": ""innerHTML""}",False,,Not individually executed
CONTROL-02874,templates/partials/projects/my_plan_workspace.html,111,link,a,{{ recommendation.action_text }} →,,,,{{ recommendation.action_url }},,,"{""hx-get"": ""{{ recommendation.action_url }}"", ""hx-target"": ""#drawer-container"", ""hx-swap"": ""innerHTML""}",False,,Not individually executed
CONTROL-02875,templates/partials/projects/planning_workspace.html,2,link,a,Export,spp-export,,,{{ export_url }},,,"{""hx-swap-oob"": ""outerHTML""}",False,,Not individually executed
CONTROL-02876,templates/partials/projects/planning_workspace.html,10,link,a,Open Special Projects,,,,/projects,,,{},False,,Not individually executed
CONTROL-02877,templates/partials/projects/planning_workspace.html,17,field,select,Project,,project,,,/projects/planning,get,{},False,,Not individually executed
CONTROL-02878,templates/partials/projects/planning_workspace.html,18,field,select,Fiscal year,,fy,,,/projects/planning,get,{},False,,Not individually executed
CONTROL-02879,templates/partials/projects/planning_workspace.html,19,field,select,Quarter,,quarter,,,/projects/planning,get,{},False,,Not individually executed
CONTROL-02880,templates/partials/projects/planning_workspace.html,20,link,a,Clear filters,,,,/projects/planning,/projects/planning,get,{},False,,Not individually executed
CONTROL-02881,templates/partials/projects/planning_workspace.html,23,disclosure,summary,More filters · active,,,,,/projects/planning,get,{},False,,Not individually executed
CONTROL-02882,templates/partials/projects/planning_workspace.html,25,field,select,District,,district,,,/projects/planning,get,{},False,,Not individually executed
CONTROL-02883,templates/partials/projects/planning_workspace.html,26,field,select,Staff,,staff,,,/projects/planning,get,{},False,,Not individually executed
CONTROL-02884,templates/partials/projects/planning_workspace.html,27,field,select,Project type,,project_type,,,/projects/planning,get,{},False,,Not individually executed
CONTROL-02885,templates/partials/projects/planning_workspace.html,28,field,select,Partner type,,partner_type,,,/projects/planning,get,{},False,,Not individually executed
CONTROL-02886,templates/partials/projects/planning_workspace.html,29,field,select,Activity type,,activity_type,,,/projects/planning,get,{},False,,Not individually executed
CONTROL-02887,templates/partials/projects/planning_workspace.html,37,disclosure,summary,Readiness guidance,,,,,,,{},False,,Not individually executed
CONTROL-02888,templates/partials/projects/planning_workspace.html,51,button,button,All Project Schools {{ tab_counts.all }},,,submit,,,,"{""@click"": ""document.getElementById('spp-tab').value='all'""}",False,,Not individually executed
CONTROL-02889,templates/partials/projects/planning_workspace.html,52,button,button,SSA Required {{ tab_counts.baseline }},,,submit,,,,"{""@click"": ""document.getElementById('spp-tab').value='baseline'""}",False,,Not individually executed
CONTROL-02890,templates/partials/projects/planning_workspace.html,53,button,button,Ready for Support {{ tab_counts.ready }},,,submit,,,,"{""@click"": ""document.getElementById('spp-tab').value='ready'""}",False,,Not individually executed
CONTROL-02891,templates/partials/projects/planning_workspace.html,54,button,button,Assigned to Partner {{ tab_counts.partner }},,,submit,,,,"{""@click"": ""document.getElementById('spp-tab').value='partner'""}",False,,Not individually executed
CONTROL-02892,templates/partials/projects/planning_workspace.html,55,button,button,Scheduled {{ tab_counts.scheduled }},,,submit,,,,"{""@click"": ""document.getElementById('spp-tab').value='scheduled'""}",False,,Not individually executed
CONTROL-02893,templates/partials/projects/planning_workspace.html,73,field,input,Select all schools on this page,,,checkbox,,,,"{""@change"": ""togglePage([                     '{{ row.assignment_id }}'                         ,                       ])""}",False,,Not individually executed
CONTROL-02894,templates/partials/projects/planning_workspace.html,79,field,input,Select {{ row.school_name }} for bulk action,,,checkbox,,,,"{""@change"": ""toggle('{{ row.assignment_id }}')""}",False,,Not individually executed
CONTROL-02895,templates/partials/projects/planning_workspace.html,80,link,a,{{ row.school_name }}{{ row.school_id }} · {{ row.district }},,,,{{ row.select_url }},,,"{""hx-get"": ""{{ row.select_url }}"", ""hx-target"": ""#spp-workspace"", ""hx-push-url"": ""true""}",False,,Not individually executed
CONTROL-02896,templates/partials/projects/planning_workspace.html,88,button,button,Schedule,,,button,{{ row.schedule_url }},,,"{""hx-get"": ""{{ row.schedule_url }}"", ""hx-target"": ""#drawer-container"", ""hx-swap"": ""innerHTML""}",False,,Not individually executed
CONTROL-02897,templates/partials/projects/planning_workspace.html,88,link,a,My Plan,,,,{{ row.my_plan_url }},,,{},False,,Not individually executed
CONTROL-02898,templates/partials/projects/planning_workspace.html,89,button,button,Partner,,,button,{{ row.partner_url }},,,"{""hx-get"": ""{{ row.partner_url }}"", ""hx-target"": ""#drawer-container"", ""hx-swap"": ""innerHTML""}",False,,Not individually executed
CONTROL-02899,templates/partials/projects/planning_workspace.html,99,link,a,Previous page,,,,?page={{ page_obj.previous_page_number }},,,"{""hx-get"": ""?                                                                         {{ key }}={{ value|urlencode }}&                       page={{ page_obj.previous_page_number }}"", ""hx-target"": ""#spp-workspace"", ""hx-push-url"": ""true""}",False,,Not individually executed
CONTROL-02900,templates/partials/projects/planning_workspace.html,99,link,a,{{ link.label }},,,,{{ link.url }},,,"{""hx-get"": ""{{ link.url }}"", ""hx-target"": ""#spp-workspace"", ""hx-push-url"": ""true""}",False,,Not individually executed
CONTROL-02901,templates/partials/projects/planning_workspace.html,99,link,a,Next page,,,,?page={{ page_obj.next_page_number }},,,"{""hx-get"": ""?                                                                         {{ key }}={{ value|urlencode }}&                       page={{ page_obj.next_page_number }}"", ""hx-target"": ""#spp-workspace"", ""hx-push-url"": ""true""}",False,,Not individually executed
CONTROL-02902,templates/partials/projects/planning_workspace.html,100,field,select,Per page,,per_page,,,,,{},False,,Not individually executed
CONTROL-02903,templates/partials/projects/planning_workspace.html,110,link,a,View School,,,,{{ selected_row.school_url }},,,{},False,,Not individually executed
CONTROL-02904,templates/partials/projects/planning_workspace.html,110,link,a,View SSA,,,,{{ selected_row.ssa_url }},,,{},False,,Not individually executed
CONTROL-02905,templates/partials/projects/planning_workspace.html,117,button,button,Schedule,,,button,{{ selected_row.schedule_url }},,,"{""hx-get"": ""{{ selected_row.schedule_url }}"", ""hx-target"": ""#drawer-container"", ""hx-swap"": ""innerHTML""}",False,,Not individually executed
CONTROL-02906,templates/partials/projects/planning_workspace.html,117,link,a,Open in My Plan,,,,{{ selected_row.my_plan_url }},,,{},False,,Not individually executed
CONTROL-02907,templates/partials/projects/planning_workspace.html,122,button,button,Assign,,,button,,,,"{""@click"": ""openBulk('partner')""}",False,,Not individually executed
CONTROL-02908,templates/partials/projects/planning_workspace.html,123,button,button,Schedule,,,button,,,,"{""@click"": ""openBulk('schedule')""}",False,,Not individually executed
CONTROL-02909,templates/partials/projects/planning_workspace.html,124,link,a,Export Filtered,,,,{{ export_url }},,,{},False,,Not individually executed
CONTROL-02910,templates/partials/projects/planning_workspace.html,125,link,a,Open Project Plan,,,,{{ selected_row.project_url }},,,{},False,,Not individually executed
CONTROL-02911,templates/partials/projects/planning_workspace.html,133,link,a,{{ item.name }},,,,{{ item.url }},,,{},False,,Not individually executed
CONTROL-02912,templates/partials/projects/portfolio_list.html,15,link,a,Open Planning →,,,,/projects/planning,,,{},False,,Not individually executed
CONTROL-02913,templates/partials/projects/portfolio_list.html,41,link,a,{{ row.name }},,,,/projects/{{ row.id }},,,{},False,,Not individually executed
CONTROL-02914,templates/partials/projects/portfolio_list.html,104,button,button,Project actions,,,button,,,,"{""@click"": ""open = !open"", ""@click.outside"": ""open = false""}",False,,Not individually executed
CONTROL-02915,templates/partials/projects/portfolio_list.html,108,link,a,Open Project,,,,/projects/{{ row.id }},,,{},False,,Not individually executed
CONTROL-02916,templates/partials/projects/portfolio_list.html,109,link,a,View Schools,,,,/projects/{{ row.id }}#participating-schools,,,{},False,,Not individually executed
CONTROL-02917,templates/partials/projects/portfolio_list.html,110,link,a,Add Schools,,,,/projects/planning?project={{ row.id }},,,{},False,,Not individually executed
CONTROL-02918,templates/partials/projects/portfolio_list.html,111,link,a,Open Project Planning,,,,/projects/planning?project={{ row.id }},,,{},False,,Not individually executed
CONTROL-02919,templates/partials/projects/portfolio_list.html,112,link,a,Assign,,,,/projects/planning?project={{ row.id }}&partner_type=unassigned,,,{},False,,Not individually executed
CONTROL-02920,templates/partials/projects/portfolio_list.html,113,link,a,View Impact,,,,/projects/analytics?project={{ row.id }},,,{},False,,Not individually executed
CONTROL-02921,templates/partials/projects/portfolio_list.html,129,link,a,{{ row.name }},,,,/projects/{{ row.id }},,,{},False,,Not individually executed
CONTROL-02922,templates/partials/projects/workspace_nav.html,6,link,a,Overview,,,,/projects/{{ workspace_project.id }},,,{},False,,Not individually executed
CONTROL-02923,templates/partials/projects/workspace_nav.html,7,link,a,Schools,,,,/projects/{{ workspace_project.id }}#participating-schools,,,{},False,,Not individually executed
CONTROL-02924,templates/partials/projects/workspace_nav.html,8,link,a,Plan,,,,/projects/planning?project={{ workspace_project.id }},,,{},False,,Not individually executed
CONTROL-02925,templates/partials/projects/workspace_nav.html,9,link,a,Activities,,,,/projects/my-plan?project={{ workspace_project.id }},,,{},False,,Not individually executed
CONTROL-02926,templates/partials/projects/workspace_nav.html,10,link,a,Partners,,,,/projects/planning?project={{ workspace_project.id }}&partner_type=partner,,,{},False,,Not individually executed
CONTROL-02927,templates/partials/projects/workspace_nav.html,11,link,a,Budget,,,,/projects/{{ workspace_project.id }}#budget-execution,,,{},False,,Not individually executed
CONTROL-02928,templates/partials/projects/workspace_nav.html,12,link,a,Impact,,,,/projects/analytics?project={{ workspace_project.id }},,,{},False,,Not individually executed
CONTROL-02929,templates/partials/projects/workspace_nav.html,13,link,a,Issues,,,,/projects/my-plan?project={{ workspace_project.id }}#project-attention,,,{},False,,Not individually executed
CONTROL-02930,templates/partials/schools/add_to_cluster_drawer.html,72,button,button,Select nearby,,,button,,/schools/{{ school.id }}/add-to-cluster,get,"{""@click"": ""actionType = 'existing'""}",False,,Not individually executed
CONTROL-02931,templates/partials/schools/add_to_cluster_drawer.html,81,button,button,Create new,,,button,,/schools/{{ school.id }}/add-to-cluster,get,"{""@click"": ""actionType = 'new'""}",False,,Not individually executed
CONTROL-02932,templates/partials/schools/add_to_cluster_drawer.html,95,field,select,Select a cluster {{ cluster.name }} · {{ cluster.sub_county.name }} · {{ cluster.schools_count }} school{{ cluster.schools_count|pluralize }},all_cluster_id,,,,/schools/{{ school.id }}/add-to-cluster,get,{},False,,Not individually executed
CONTROL-02933,templates/partials/schools/add_to_cluster_drawer.html,156,field,input,e.g. Cluster,new_cluster_name,new_cluster_name,text,,/schools/{{ school.id }}/add-to-cluster,get,{},False,,Not individually executed
CONTROL-02934,templates/partials/schools/add_to_cluster_drawer.html,208,button,button,Cancel,,,button,,/schools/{{ school.id }}/add-to-cluster,get,"{""@click"": ""$dispatch('close-drawer')""}",False,,Not individually executed
CONTROL-02935,templates/partials/schools/add_to_cluster_drawer.html,215,button,button,Add to {{ existing_covering_cluster.name }} Add to cluster,,,submit,,/schools/{{ school.id }}/add-to-cluster,get,{},False,,Not individually executed
CONTROL-02936,templates/partials/schools/add_to_cluster_drawer.html,238,button,button,Close,,,button,,,,"{""@click"": ""$dispatch('close-drawer')""}",False,,Not individually executed
CONTROL-02937,templates/partials/schools/add_to_cluster_drawer.html,245,button,button,Update School Profile,,,button,/schools/{{ school.id }}/edit-drawer,,,"{""hx-get"": ""/schools/{{ school.id }}/edit-drawer"", ""hx-target"": ""#drawer-container"", ""hx-swap"": ""innerHTML""}",False,,Not individually executed
CONTROL-02938,templates/partials/schools/assign_to_project_drawer.html,60,link,a,Create Project,,,,/projects,,,{},False,,Not individually executed
CONTROL-02939,templates/partials/schools/assign_to_project_drawer.html,79,field,select,Project ID,,project_id,,,/schools/{{ school.id }}/assign-to-project,get,{},False,,Not individually executed
CONTROL-02940,templates/partials/schools/assign_to_project_drawer.html,95,field,input,e.g. Curriculum Support,,project_type,text,,/schools/{{ school.id }}/assign-to-project,get,{},False,,Not individually executed
CONTROL-02941,templates/partials/schools/assign_to_project_drawer.html,105,field,select,Participation type,,participation_type,,,/schools/{{ school.id }}/assign-to-project,get,{},False,,Not individually executed
CONTROL-02942,templates/partials/schools/assign_to_project_drawer.html,124,field,select,Coordinator ID,,coordinator_id,,,/schools/{{ school.id }}/assign-to-project,get,{},False,,Not individually executed
CONTROL-02943,templates/partials/schools/assign_to_project_drawer.html,137,field,select,Support area,,support_area,,,/schools/{{ school.id }}/assign-to-project,get,{},False,,Not individually executed
CONTROL-02944,templates/partials/schools/assign_to_project_drawer.html,224,button,button,,,,button,,/schools/{{ school.id }}/assign-to-project,get,"{""@click"": ""open = !open""}",False,No static label; check rendered accessible name,Not individually executed
CONTROL-02945,templates/partials/schools/assign_to_project_drawer.html,257,button,button,Previous month,,,button,,/schools/{{ school.id }}/assign-to-project,get,"{""@click"": ""prevMonth()""}",False,,Not individually executed
CONTROL-02946,templates/partials/schools/assign_to_project_drawer.html,261,button,button,Next month,,,button,,/schools/{{ school.id }}/assign-to-project,get,"{""@click"": ""nextMonth()""}",False,,Not individually executed
CONTROL-02947,templates/partials/schools/assign_to_project_drawer.html,275,button,button,,,,button,,/schools/{{ school.id }}/assign-to-project,get,"{""@click"": ""selectDay(day)""}",False,No static label; check rendered accessible name,Not individually executed
CONTROL-02948,templates/partials/schools/assign_to_project_drawer.html,293,field,textarea,Targeted impact objectives...,,notes,,,/schools/{{ school.id }}/assign-to-project,get,{},False,,Not individually executed
CONTROL-02949,templates/partials/schools/assign_to_project_drawer.html,303,button,button,Cancel,,,button,,/schools/{{ school.id }}/assign-to-project,get,"{""@click"": ""setTimeout(() => document.getElementById('drawer-container').innerHTML = '', 300)""}",False,,Not individually executed
CONTROL-02950,templates/partials/schools/assign_to_project_drawer.html,310,button,button,Assign to Project,,,submit,,/schools/{{ school.id }}/assign-to-project,get,{},False,,Not individually executed
CONTROL-02951,templates/partials/schools/business_transformation.html,67,link,a,Plan verification,,,,/planning?q={{ school.name|urlencode }},,,{},False,,Not individually executed
CONTROL-02952,templates/partials/schools/close_drawer.html,31,link,a,Open the archive,,,,/schools/closed,,,{},False,,Not individually executed
CONTROL-02953,templates/partials/schools/close_drawer.html,114,field,select,Choose… {{ label }},,closure_type,,,/schools/{{ preview.school_ref }}/close,get,{},False,,Not individually executed
CONTROL-02954,templates/partials/schools/close_drawer.html,124,field,input,{{ preview.effective_date|date:'Y-m-d' }},,effective_date,date,,/schools/{{ preview.school_ref }}/close,get,{},False,,Not individually executed
CONTROL-02955,templates/partials/schools/close_drawer.html,140,field,select,Choose a reason… {{ label }},,reason_category,,,/schools/{{ preview.school_ref }}/close,get,{},False,,Not individually executed
CONTROL-02956,templates/partials/schools/close_drawer.html,150,field,textarea,"Briefly explain why the school is being closed, when it stopped operating, and any follow-up that may still be required.",,reason,,,/schools/{{ preview.school_ref }}/close,get,{},False,,Not individually executed
CONTROL-02957,templates/partials/schools/close_drawer.html,162,button,button,Close {{ preview.name }},,,submit,,/schools/{{ preview.school_ref }}/close,get,{},False,,Not individually executed
CONTROL-02958,templates/partials/schools/directory_intelligence.html,19,button,button,Edit,,,,,,,"{""@click"": ""editing = !editing""}",False,,Not individually executed
CONTROL-02959,templates/partials/schools/directory_intelligence.html,38,field,select,Current partner type,,school_type,,,/schools/{{ intelligence.school.id }}/change-type,get,{},False,,Not individually executed
CONTROL-02960,templates/partials/schools/directory_intelligence.html,46,button,button,Save,,,submit,,/schools/{{ intelligence.school.id }}/change-type,get,{},False,,Not individually executed
CONTROL-02961,templates/partials/schools/directory_intelligence.html,163,button,button,{{ intelligence.next_step_button }},,,,/schools/{{ intelligence.school.id }}/add-to-cluster,,,"{""hx-get"": ""/schools/{{ intelligence.school.id }}/add-to-cluster"", ""hx-target"": ""#drawer-container"", ""hx-swap"": ""innerHTML""}",False,,Not individually executed
CONTROL-02962,templates/partials/schools/directory_intelligence.html,172,button,button,{{ intelligence.next_step_button }},,,,/schools/{{ intelligence.school.id }}/assign-to-project,,,"{""hx-get"": ""/schools/{{ intelligence.school.id }}/assign-to-project"", ""hx-target"": ""#drawer-container"", ""hx-swap"": ""innerHTML""}",False,,Not individually executed
CONTROL-02963,templates/partials/schools/directory_intelligence.html,181,link,a,{{ intelligence.next_step_button }},,,,/core-schools,,,{},False,,Not individually executed
CONTROL-02964,templates/partials/schools/directory_intelligence.html,188,button,button,{{ intelligence.next_step_button }},,,,,,,{},True,,Not individually executed
CONTROL-02965,templates/partials/schools/directory_row.html,9,field,input,{{ school.id }},select-school-{{ school.id }},,checkbox,,,,{},False,,Not individually executed
CONTROL-02966,templates/partials/schools/directory_row.html,20,button,button,,,,button,,,,"{""@click"": ""openSchoolId = openSchoolId === '{{ school.id }}' ? null : '{{ school.id }}'"", ""@keydown.escape.window"": ""openSchoolId = null""}",False,No static label; check rendered accessible name,Not individually executed
CONTROL-02967,templates/partials/schools/directory_row.html,40,link,a,{{ school.school_name }},,,,                                                   ,,,{},False,,Not individually executed
CONTROL-02968,templates/partials/schools/directory_row.html,46,link,a,{{ school.cluster_name }},,,,/clusters/{{ school.cluster_id }},,,{},False,,Not individually executed
CONTROL-02969,templates/partials/schools/directory_row.html,61,button,button,Add {{ school.school_name }} to a cluster,,,button,/schools/{{ school.id }}/add-to-cluster,,,"{""hx-get"": ""/schools/{{ school.id }}/add-to-cluster"", ""hx-target"": ""#drawer-container"", ""hx-swap"": ""innerHTML""}",False,,Not individually executed
CONTROL-02970,templates/partials/schools/directory_row.html,74,button,button,Add {{ school.school_name }} to a cluster unavailable,,,button,,,,{},True,,Not individually executed
CONTROL-02971,templates/partials/schools/directory_row.html,82,button,button,Add {{ school.school_name }} to a project,,,button,/schools/{{ school.id }}/assign-to-project,,,"{""hx-get"": ""/schools/{{ school.id }}/assign-to-project"", ""hx-target"": ""#drawer-container"", ""hx-swap"": ""innerHTML""}",False,,Not individually executed
CONTROL-02972,templates/partials/schools/directory_row.html,95,button,button,Add {{ school.school_name }} to a project unavailable,,,button,,,,{},True,,Not individually executed
CONTROL-02973,templates/partials/schools/directory_sub_county_filter.html,3,field,select,Sub-county,,sub_county,,,,,{},True,,Not individually executed
CONTROL-02974,templates/partials/schools/drawer_error.html,8,button,button,Close Drawer,,,button,,,,"{""@click"": ""open = false; setTimeout(() => document.getElementById('drawer-container').innerHTML = '', 300)""}",False,,Not individually executed
CONTROL-02975,templates/partials/schools/edit_drawer.html,32,field,input,{{ school.school_id }},school_id,school_id,text,,/schools/{{ school.id }}/edit-drawer,post,{},False,,Not individually executed
CONTROL-02976,templates/partials/schools/edit_drawer.html,49,field,input,{{ school.name }},name,name,text,,/schools/{{ school.id }}/edit-drawer,post,{},False,,Not individually executed
CONTROL-02977,templates/partials/schools/edit_drawer.html,64,field,select,{{ label }},school_type,school_type,,,/schools/{{ school.id }}/edit-drawer,post,{},False,,Not individually executed
CONTROL-02978,templates/partials/schools/edit_drawer.html,80,field,input,{{ school.school_phone|default:'' }},school_phone,school_phone,tel,,/schools/{{ school.id }}/edit-drawer,post,{},False,,Not individually executed
CONTROL-02979,templates/partials/schools/edit_drawer.html,93,field,input,{{ school.primary_contact_name|default:'' }},primary_contact_name,primary_contact_name,text,,/schools/{{ school.id }}/edit-drawer,post,{},False,,Not individually executed
CONTROL-02980,templates/partials/schools/edit_drawer.html,105,field,input,{{ school.primary_contact_phone|default:'' }},primary_contact_phone,primary_contact_phone,tel,,/schools/{{ school.id }}/edit-drawer,post,{},False,,Not individually executed
CONTROL-02981,templates/partials/schools/edit_drawer.html,118,field,input,{{ school.director_name|default:'' }},director_name,director_name,text,,/schools/{{ school.id }}/edit-drawer,post,{},False,,Not individually executed
CONTROL-02982,templates/partials/schools/edit_drawer.html,130,field,input,{{ school.headteacher_name|default:'' }},headteacher_name,headteacher_name,text,,/schools/{{ school.id }}/edit-drawer,post,{},False,,Not individually executed
CONTROL-02983,templates/partials/schools/edit_drawer.html,161,field,input,{{ school.enrollment|default:'' }},enrollment,enrollment,number,,/schools/{{ school.id }}/edit-drawer,post,{},False,,Not individually executed
CONTROL-02984,templates/partials/schools/edit_drawer.html,180,field,input,{{ school.last_enrollment_date|date:'Y-m-d' }},last_enrollment_date,last_enrollment_date,date,,/schools/{{ school.id }}/edit-drawer,post,{},False,,Not individually executed
CONTROL-02985,templates/partials/schools/edit_drawer.html,193,field,select,Select a District {{ district.name }} ({{ district.region.name }}),district_id,district_id,,/schools/sub-counties,/schools/{{ school.id }}/edit-drawer,post,"{""hx-get"": ""/schools/sub-counties"", ""hx-disabled-elt"": ""this"", ""hx-trigger"": ""change"", ""hx-target"": ""#sub_county_id"", ""hx-swap"": ""innerHTML"", ""@change"": ""$refs.subCounty.value = ''; filterParishes('', true)""}",False,,Not individually executed
CONTROL-02986,templates/partials/schools/edit_drawer.html,214,field,select,Not specified {{ sub_county.name }},sub_county_id,sub_county_id,,/schools/parishes,/schools/{{ school.id }}/edit-drawer,post,"{""@change"": ""filterParishes($event.target.value)"", ""hx-get"": ""/schools/parishes"", ""hx-disabled-elt"": ""this"", ""hx-trigger"": ""change"", ""hx-target"": ""#parish_id"", ""hx-swap"": ""innerHTML""}",False,,Not individually executed
CONTROL-02987,templates/partials/schools/edit_drawer.html,238,field,select,Not specified {{ parish.name }} — {{ parish.sub_county.name }},parish_id,parish_id,,,/schools/{{ school.id }}/edit-drawer,post,{},False,,Not individually executed
CONTROL-02988,templates/partials/schools/edit_drawer.html,262,field,input,e.g. 0.347596,latitude,latitude,number,,/schools/{{ school.id }}/edit-drawer,post,{},False,,Not individually executed
CONTROL-02989,templates/partials/schools/edit_drawer.html,278,field,input,e.g. 32.582520,longitude,longitude,number,,/schools/{{ school.id }}/edit-drawer,post,{},False,,Not individually executed
CONTROL-02990,templates/partials/schools/edit_drawer.html,299,field,textarea,{{ school.shipping_address|default:'' }},shipping_address,shipping_address,,,/schools/{{ school.id }}/edit-drawer,post,{},False,,Not individually executed
CONTROL-02991,templates/partials/schools/edit_drawer.html,325,field,select,Select a CCEO or Program Lead {{ st.user.name }} ({{ st.user.active_role }}),account_owner_id,account_owner_id,,,/schools/{{ school.id }}/edit-drawer,post,{},False,,Not individually executed
CONTROL-02992,templates/partials/schools/edit_drawer.html,342,button,button,Cancel,,,button,,/schools/{{ school.id }}/edit-drawer,post,"{""@click"": ""$dispatch('close-drawer')""}",False,,Not individually executed
CONTROL-02993,templates/partials/schools/edit_drawer.html,349,button,button,Save School Profile,,,submit,,/schools/{{ school.id }}/edit-drawer,post,{},False,,Not individually executed
CONTROL-02994,templates/partials/schools/onboard_drawer.html,28,field,input,e.g. 9999,school_id,school_id,text,,/schools/create-drawer,post,{},False,,Not individually executed
CONTROL-02995,templates/partials/schools/onboard_drawer.html,50,field,input,e.g. 0011a00000ABCDEfgh,salesforce_account_id,salesforce_account_id,text,,/schools/create-drawer,post,{},False,,Not individually executed
CONTROL-02996,templates/partials/schools/onboard_drawer.html,67,field,input,e.g. Kampala Hope Academy,name,name,text,,/schools/create-drawer,post,{},False,,Not individually executed
CONTROL-02997,templates/partials/schools/onboard_drawer.html,82,field,select,Select a District {{ d.name }} ({{ d.region.name }}),district_id,district_id,,/schools/sub-counties?with_clusters=1,/schools/create-drawer,post,"{""hx-get"": ""/schools/sub-counties?with_clusters=1"", ""hx-trigger"": ""change"", ""hx-target"": ""#onboard-school-sub-county"", ""hx-swap"": ""innerHTML""}",False,,Not individually executed
CONTROL-02998,templates/partials/schools/onboard_drawer.html,102,field,select,Choose a district first,onboard-school-sub-county,sub_county_id,,,/schools/create-drawer,post,{},False,,Not individually executed
CONTROL-02999,templates/partials/schools/onboard_drawer.html,114,field,select,Select a CCEO or Program Lead {{ member.user.name }} ({{ member.user.active_role }}),account_owner_id,account_owner_id,,,/schools/create-drawer,post,{},False,,Not individually executed
CONTROL-03000,templates/partials/schools/onboard_drawer.html,132,field,select,{{ label }},school_type,school_type,,,/schools/create-drawer,post,{},False,,Not individually executed
CONTROL-03001,templates/partials/schools/onboard_drawer.html,146,field,input,e.g. 250,enrollment,enrollment,number,,/schools/create-drawer,post,{},False,,Not individually executed
CONTROL-03002,templates/partials/schools/onboard_drawer.html,165,field,select,Choose a district first,onboard-school-cluster,cluster_id,,,/schools/create-drawer,post,{},False,,Not individually executed
CONTROL-03003,templates/partials/schools/onboard_drawer.html,177,button,button,Cancel,,,button,,/schools/create-drawer,post,"{""@click"": ""$dispatch('close-drawer')""}",False,,Not individually executed
CONTROL-03004,templates/partials/schools/onboard_drawer.html,185,button,button,Save & Add SSA Score,,next,submit,,/schools/create-drawer,post,{},False,,Not individually executed
CONTROL-03005,templates/partials/schools/onboard_drawer.html,194,button,button,Create School,,,submit,,/schools/create-drawer,post,{},False,,Not individually executed
CONTROL-03006,templates/partials/schools/table.html,9,field,input,,select-all-schools,,checkbox,,,,"{""@change"": ""if ($event.target.checked) { selectedSchools = [                               '{{ school.id }}',            ] } else { selectedSchools = [] }""}",False,,Not individually executed
CONTROL-03007,templates/partials/schools/table.html,20,button,button,Assign cluster,,,button,,,,"{""@click"": ""assignClusterOpen = true""}",False,,Not individually executed
CONTROL-03008,templates/partials/schools/table.html,21,button,button,Assign project,,,button,,,,"{""@click"": ""bulkAssignProjectOpen = true""}",False,,Not individually executed
CONTROL-03009,templates/partials/schools/table.html,22,button,button,Match staff,,,button,,,,"{""@click"": ""matchStaffOpen = true""}",False,,Not individually executed
CONTROL-03010,templates/partials/schools/table.html,23,button,button,Clear,,,button,,,,"{""@click"": ""selectedSchools = []""}",False,,Not individually executed
CONTROL-03011,templates/partials/schools/table.html,65,link,a,Open Upload Center,,,,/uploads,,,{},False,,Not individually executed
CONTROL-03012,templates/partials/schools/table.html,81,field,select,Rows per page,,,,,,,"{""@change"": ""const perPage = document.getElementById('filters-per-page-input'); const page = document.getElementById('filters-page-input'); if (perPage && page) { perPage.value = $event.target.value; page.value = '1'; perPage.dispatchEvent(new Event('change', { bubbles: true })) }""}",False,,Not individually executed
CONTROL-03013,templates/partials/schools/table.html,93,button,button,Previous,,,button,,,,"{""@click"": ""const p = document.getElementById('filters-page-input'); if (p) { p.value = '{{ page_obj.previous_page_number }}'; p.dispatchEvent(new Event('change', { bubbles: true })) }""}",False,,Not individually executed
CONTROL-03014,templates/partials/schools/table.html,110,button,button,{{ num }},,,button,,,,"{""@click"": ""const p = document.getElementById('filters-page-input'); if (p) { p.value = '{{ num }}'; p.dispatchEvent(new Event('change', { bubbles: true })) }""}",False,,F-02: browser ellipsis submitted page=… and returned page 1; isolated template reproduction confirms interactive gap.
CONTROL-03015,templates/partials/schools/table.html,122,button,button,Next,,,button,,,,"{""@click"": ""const p = document.getElementById('filters-page-input'); if (p) { p.value = '{{ page_obj.next_page_number }}'; p.dispatchEvent(new Event('change', { bubbles: true })) }""}",False,,Browser: RPL Next moved School Directory from rows 1–15 to 16–30.
CONTROL-03016,templates/partials/schools/tabs.html,4,tab,button,All Schools {{ all_count }},schools-tab-all,,button,/schools,,,"{""hx-get"": ""/schools"", ""hx-target"": ""#schools-table-container"", ""hx-include"": ""#filters-form, #topbar-search-input"", ""hx-push-url"": ""true"", ""hx-indicator"": ""#schools-tab-loading"", ""hx-headers"": ""{\""X-Edify-Update-Scope\"":\""table\""}"", ""@click"": ""document.getElementById('filters-tab-input').value = 'all'; document.getElementById('filters-page-input').value = '1'""}",False,,Not individually executed
CONTROL-03017,templates/partials/schools/tabs.html,24,tab,button,Unclustered {{ unclustered_count }},schools-tab-unclustered,,button,/schools,,,"{""hx-get"": ""/schools"", ""hx-target"": ""#schools-table-container"", ""hx-include"": ""#filters-form, #topbar-search-input"", ""hx-push-url"": ""true"", ""hx-indicator"": ""#schools-tab-loading"", ""hx-headers"": ""{\""X-Edify-Update-Scope\"":\""table\""}"", ""@click"": ""document.getElementById('filters-tab-input').value = 'unclustered'; document.getElementById('filters-page-input').value = '1'""}",False,,Browser: RPL Unclustered under Abim produced 0 records; F-03 incorrect empty-state message.
CONTROL-03018,templates/partials/schools/tabs.html,44,tab,button,Clustered {{ clustered_count }},schools-tab-clustered,,button,/schools,,,"{""hx-get"": ""/schools"", ""hx-target"": ""#schools-table-container"", ""hx-include"": ""#filters-form, #topbar-search-input"", ""hx-push-url"": ""true"", ""hx-indicator"": ""#schools-tab-loading"", ""hx-headers"": ""{\""X-Edify-Update-Scope\"":\""table\""}"", ""@click"": ""document.getElementById('filters-tab-input').value = 'clustered'; document.getElementById('filters-page-input').value = '1'""}",False,,Not individually executed
CONTROL-03019,templates/partials/schools/tabs.html,64,tab,button,Not Assigned to Project {{ not_assigned_count }},schools-tab-not-assigned,,button,/schools,,,"{""hx-get"": ""/schools"", ""hx-target"": ""#schools-table-container"", ""hx-include"": ""#filters-form, #topbar-search-input"", ""hx-push-url"": ""true"", ""hx-indicator"": ""#schools-tab-loading"", ""hx-headers"": ""{\""X-Edify-Update-Scope\"":\""table\""}"", ""@click"": ""document.getElementById('filters-tab-input').value = 'not_assigned'; document.getElementById('filters-page-input').value = '1'""}",False,,Not individually executed
CONTROL-03020,templates/partials/schools/tabs.html,84,tab,button,Assigned to Project {{ assigned_count }},schools-tab-assigned,,button,/schools,,,"{""hx-get"": ""/schools"", ""hx-target"": ""#schools-table-container"", ""hx-include"": ""#filters-form, #topbar-search-input"", ""hx-push-url"": ""true"", ""hx-indicator"": ""#schools-tab-loading"", ""hx-headers"": ""{\""X-Edify-Update-Scope\"":\""table\""}"", ""@click"": ""document.getElementById('filters-tab-input').value = 'assigned'; document.getElementById('filters-page-input').value = '1'""}",False,,Not individually executed
CONTROL-03021,templates/partials/schools/toast_success.html,12,button,button,Dismiss notification,,,button,,,,"{""@click"": ""show = false""}",False,,Not individually executed
CONTROL-03022,templates/partials/ssa/performance_workspace.html,12,field,select,{{ option.label }},sp-fy,fy,,,/ssa,get,{},False,,Not individually executed
CONTROL-03023,templates/partials/ssa/performance_workspace.html,20,field,select,{{ option.1 }},sp-quarter,quarter,,,/ssa,get,{},False,,Not individually executed
CONTROL-03024,templates/partials/ssa/performance_workspace.html,28,field,select,All districts {{ district.district__name }},sp-district,district,,,/ssa,get,{},False,,Not individually executed
CONTROL-03025,templates/partials/ssa/performance_workspace.html,36,link,a,Reset SSA Performance filters,,,,/ssa,/ssa,get,{},False,,Not individually executed
CONTROL-03026,templates/partials/ssa/performance_workspace.html,41,link,a,Export,,,,/ssa/export?fy={{ dashboard.filters.fy }}&quarter={{ dashboard.filters.quarter }}                                 &region={{ dashboard.filters.region }}                                              &district={{ dashboard.filters.district }}           ,/ssa,get,{},False,,Not individually executed
CONTROL-03027,templates/partials/ssa/performance_workspace.html,52,button,button,Apply filters,,,submit,,/ssa,get,{},False,,Not individually executed
CONTROL-03028,templates/partials/ssa/performance_workspace.html,123,link,a,{{ school.name }},,,,/schools/{{ school.id }},,,{},False,,Not individually executed
CONTROL-03029,templates/partials/ssa/performance_workspace.html,148,tab,button,Staff,sp-breakdown-tab-staff,,button,,,,"{""@click"": ""by = 'staff'""}",False,,Not individually executed
CONTROL-03030,templates/partials/ssa/performance_workspace.html,149,tab,button,Cluster,sp-breakdown-tab-cluster,,button,,,,"{""@click"": ""by = 'cluster'""}",False,,Not individually executed
CONTROL-03031,templates/partials/ssa/performance_workspace.html,150,tab,button,Partner,sp-breakdown-tab-partner,,button,,,,"{""@click"": ""by = 'partner'""}",False,,Not individually executed
CONTROL-03032,templates/partials/targets/area_drawer.html,38,link,a,Enter SF ID →,,,,/my-plan,,,{},False,,Not individually executed
CONTROL-03033,templates/partials/targets/area_drawer.html,63,link,a,Fix →,,,,/my-plan,,,{},False,,Not individually executed
CONTROL-03034,templates/partials/targets/area_drawer.html,88,link,a,Open My Plan →,,,,/my-plan,,,{},False,,Not individually executed
CONTROL-03035,templates/partials/targets/my_body.html,13,link,a,Open My Performance →,,,,/my-performance,,,{},False,,Not individually executed
CONTROL-03036,templates/partials/targets/my_body.html,20,disclosure,summary,"Cumulative progress by time period Your agreed performance priorities and approved strategic milestone allocations, from the selected month through Q1–Q4 and the full year. Validated work only.",,,,,,,{},False,,Not individually executed
CONTROL-03037,templates/partials/targets/my_body.html,38,disclosure,summary,"Distributed allocations by reporting periodApproved allocations · verified delivery, including monitored partners.",,,,,,,{},False,,Not individually executed
CONTROL-03038,templates/partials/targets/my_body.html,44,link,a,Open distributed priorities →,,,,/priorities?fy={{ fy }},,,{},False,,Not individually executed
CONTROL-03039,templates/partials/targets/my_body.html,158,button,button,{{ f.action_label }} →,,,button,,,,"{""@click"": ""showMscs = true""}",False,,Not individually executed
CONTROL-03040,templates/partials/targets/my_body.html,160,link,a,{{ f.action_label }} →,,,,{{ f.action_url }},,,{},False,,Not individually executed
CONTROL-03041,templates/partials/targets/my_body.html,179,link,a,All {{ core_tracker_data.total }} core schools → Open Core Schools →,,,,/core-schools,,,{},False,,Not individually executed
CONTROL-03042,templates/partials/targets/my_body.html,248,button,button,Close MSCS form,,,button,,,,"{""@click"": ""showMscs = false""}",False,,Not individually executed
CONTROL-03043,templates/partials/targets/my_body.html,254,field,input,"A short, specific story title",,title,text,,/my-targets/mscs,post,{},False,,Not individually executed
CONTROL-03044,templates/partials/targets/my_body.html,259,field,input,Story date,,story_date,date,,/my-targets/mscs,post,{},False,,Not individually executed
CONTROL-03045,templates/partials/targets/my_body.html,263,field,input,optional,,school_id,text,,/my-targets/mscs,post,{},False,,Not individually executed
CONTROL-03046,templates/partials/targets/my_body.html,268,field,textarea,"What changed, for whom, and why it matters…",,narrative,,,/my-targets/mscs,post,{},False,,Not individually executed
CONTROL-03047,templates/partials/targets/my_body.html,270,button,button,Submit for Review,,,submit,,/my-targets/mscs,post,{},False,,Not individually executed
CONTROL-03048,templates/partials/targets/priority_portfolio.html,22,link,a,{{ row.action }} →,,,,{{ row.url }},,,{},False,,Not individually executed
CONTROL-03049,templates/partials/targets/project_priorities.html,33,link,a,Plan this Project →,,,,{{ row.planningUrl }},,,{},False,,Not individually executed
CONTROL-03050,templates/partials/targets/team/body.html,15,button,button,All,,,button,,,,"{""@click"": ""staffFilter='all'""}",False,,Not individually executed
CONTROL-03051,templates/partials/targets/team/body.html,16,button,button,Behind,,,button,,,,"{""@click"": ""staffFilter='behind'""}",False,,Not individually executed
CONTROL-03052,templates/partials/targets/team/body.html,17,button,button,High risk,,,button,,,,"{""@click"": ""staffFilter='risk'""}",False,,Not individually executed
CONTROL-03053,templates/partials/targets/team/body.html,58,button,button,Show {{ member.name }} performance priorities,,,button,,,,"{""@click.stop"": ""expandedStaff = expandedStaff === '{{ member.user_id }}' ? '' : '{{ member.user_id }}'""}",False,,Not individually executed
CONTROL-03054,templates/partials/targets/team/body.html,78,button,button,"Open {{ member.name }} validated achievement, pace, and blockers",,,button,/team-targets/staff-drawer?staff={{ member.user_id }}&fy={{ fy }}&month={{ month_of_fy }},,,"{""@click.stop"": null, ""hx-get"": ""/team-targets/staff-drawer?staff={{ member.user_id }}&fy={{ fy }}&month={{ month_of_fy }}"", ""hx-target"": ""#drawer-container"", ""hx-swap"": ""innerHTML""}",False,,Not individually executed
CONTROL-03055,templates/partials/targets/team/body.html,106,button,button,Open detailed priority matrix,,,button,/team-targets/matrix?fy={{ fy }},,,"{""hx-get"": ""/team-targets/matrix?fy={{ fy }}"", ""hx-target"": ""#drawer-container"", ""hx-swap"": ""innerHTML""}",False,,Not individually executed
CONTROL-03056,templates/partials/targets/team/body.html,119,link,a,Clear filters,,,,/team-planning-oversight/?view=targets&fy={{ fy }}&month={{ month_of_fy }},,,{},False,,Not individually executed
CONTROL-03057,templates/partials/targets/team/body.html,134,button,button,{{ staff.initials }} {{ staff.name }}{{ staff.reason }} {{ staff.status }},,,button,/team-targets/staff-drawer?staff={{ staff.user_id }}&fy={{ fy }}&month={{ month_of_fy }},,,"{""hx-get"": ""/team-targets/staff-drawer?staff={{ staff.user_id }}&fy={{ fy }}&month={{ month_of_fy }}"", ""hx-target"": ""#drawer-container"", ""hx-swap"": ""innerHTML""}",False,,Not individually executed
CONTROL-03058,templates/partials/targets/team/body.html,146,button,button,View all,,,button,,,,"{""@click"": ""staffFilter='risk'; document.getElementById('staff-performance').scrollIntoView({behavior:'smooth'})""}",False,,Not individually executed
CONTROL-03059,templates/partials/targets/team/body.html,159,button,button,"↗ {{ plan.staff }}{{ plan.area }} · due {{ plan.due|date:""d M"" }} {{ plan.status }}",,,button,/team-targets/recovery?fy={{ fy }}&month={{ month_of_fy }},,,"{""hx-get"": ""/team-targets/recovery?fy={{ fy }}&month={{ month_of_fy }}"", ""hx-target"": ""#drawer-container"", ""hx-swap"": ""innerHTML""}",False,,Not individually executed
CONTROL-03060,templates/partials/targets/team/body.html,169,button,button,View all,,,button,/team-targets/recovery?fy={{ fy }}&month={{ month_of_fy }},,,"{""hx-get"": ""/team-targets/recovery?fy={{ fy }}&month={{ month_of_fy }}"", ""hx-target"": ""#drawer-container"", ""hx-swap"": ""innerHTML""}",False,,Not individually executed
CONTROL-03061,templates/partials/targets/team/body.html,170,button,button,Create recovery plan,,,button,,,,"{""@click"": ""catchupStaff=''; showCatchup=true""}",False,,Not individually executed
CONTROL-03062,templates/partials/targets/team/body.html,187,button,button,{{ issue.value }}{{ issue.label }},,,button,{{ issue.href }},,,"{""hx-get"": ""{{ issue.href }}"", ""hx-target"": ""#drawer-container"", ""hx-swap"": ""innerHTML""}",False,,Not individually executed
CONTROL-03063,templates/partials/targets/team/body.html,191,link,a,{{ issue.value }}{{ issue.label }},,,,{{ issue.href }},,,{},False,,Not individually executed
CONTROL-03064,templates/partials/targets/team/body.html,213,link,a,{{ signal.action }} →,,,,/core-schools,,,{},False,,Not individually executed
CONTROL-03065,templates/partials/targets/team/body.html,215,button,button,{{ signal.action }} →,,,button,,,,"{""@click"": ""staffFilter='                                    risk          behind           '; document.getElementById('staff-performance').scrollIntoView({behavior:'smooth'})""}",False,,Not individually executed
CONTROL-03066,templates/partials/targets/team/body.html,217,button,button,{{ signal.action }} →,,,button,/team-targets/matrix?fy={{ fy }},,,"{""hx-get"": ""/team-targets/matrix?fy={{ fy }}"", ""hx-target"": ""#drawer-container"", ""hx-swap"": ""innerHTML""}",False,,Not individually executed
CONTROL-03067,templates/partials/targets/team/body.html,231,button,button,View {{ target.label }} performance across the team,,,button,/team-targets/matrix?fy={{ fy }}&month={{ month_of_fy }}&area={{ target.key|urlencode }},,,"{""hx-get"": ""/team-targets/matrix?fy={{ fy }}&month={{ month_of_fy }}&area={{ target.key|urlencode }}"", ""hx-target"": ""#drawer-container"", ""hx-swap"": ""innerHTML""}",False,,Not individually executed
CONTROL-03068,templates/partials/targets/team/body.html,321,link,a,"Field intelligence Open team debriefs Connect target variance to field evidence, blockers, and follow-up actions. Review debrief intelligence →",,,,/debriefs,,,{},False,,Not individually executed
CONTROL-03069,templates/partials/targets/team/recovery_drawer.html,28,button,button,Approve,,,submit,,/team-targets/catchup/{{ p.id }}/action,post,{},False,,Not individually executed
CONTROL-03070,templates/partials/targets/team/recovery_drawer.html,32,field,input,Return reason…,,reason,text,,/team-targets/catchup/{{ p.id }}/action,post,{},False,,Not individually executed
CONTROL-03071,templates/partials/targets/team/recovery_drawer.html,33,button,button,Return,,,submit,,/team-targets/catchup/{{ p.id }}/action,post,{},False,,Not individually executed
CONTROL-03072,templates/partials/targets/team/staff_drawer.html,54,button,button,Create Catch-Up Plan,,,button,,,,"{""@click"": ""showCatchup = true; catchupStaff = '{{ m.user_id }}'""}",False,,Not individually executed
CONTROL-03073,templates/partials/targets/team/workspace.html,16,field,select,Fiscal year,,fy,,,/team-planning-oversight/,get,{},False,,Not individually executed
CONTROL-03074,templates/partials/targets/team/workspace.html,25,field,select,Month,,month,,,/team-planning-oversight/,get,{},False,,Not individually executed
CONTROL-03075,templates/partials/targets/team/workspace.html,34,field,select,Performance priority,,category,,,/team-planning-oversight/,get,{},False,,Not individually executed
CONTROL-03076,templates/partials/targets/team/workspace.html,43,field,select,District,,district,,,/team-planning-oversight/,get,{},False,,Not individually executed
CONTROL-03077,templates/partials/targets/team/workspace.html,53,field,select,Team member,,team_member,,,/team-planning-oversight/,get,{},False,,Not individually executed
CONTROL-03078,templates/partials/targets/team/workspace.html,67,link,a,Clear,,,,/team-planning-oversight/?view=targets&fy={{ fy }}&month={{ month_of_fy }},/team-planning-oversight/,get,{},False,,Not individually executed
CONTROL-03079,templates/partials/targets/team/workspace.html,69,link,a,Export,,,,/team-targets/export?fy={{ fy }}&month={{ month_of_fy }}&category={{ selected_category|urlencode }}&district={{ selected_district|urlencode }}&team_member={{ selected_team_member|urlencode }},/team-planning-oversight/,get,{},False,,Not individually executed
CONTROL-03080,templates/partials/targets/team/workspace.html,110,link,a,Open Project planning,,,,{{ row.planningUrl }},,,{},False,,Not individually executed
CONTROL-03081,templates/partials/targets/team/workspace.html,175,button,button,Close catch-up plan,,,button,,,,"{""@click"": ""showCatchup = false""}",False,,Not individually executed
CONTROL-03082,templates/partials/targets/team/workspace.html,184,field,select,Staff user ID,,staff_user_id,,,/team-targets/catchup,post,{},False,,Not individually executed
CONTROL-03083,templates/partials/targets/team/workspace.html,191,field,select,Area,,area,,,/team-targets/catchup,post,{},False,,Not individually executed
CONTROL-03084,templates/partials/targets/team/workspace.html,198,field,input,"00123, 00456",,school_ids,text,,/team-targets/catchup,post,{},False,,Not individually executed
CONTROL-03085,templates/partials/targets/team/workspace.html,202,field,input,"2026-07-20, 2026-07-22",,dates,text,,/team-targets/catchup,post,{},False,,Not individually executed
CONTROL-03086,templates/partials/targets/team/workspace.html,206,field,textarea,Describe the recovery outcome and support required.,,note,,,/team-targets/catchup,post,{},False,,Not individually executed
CONTROL-03087,templates/partials/targets/team/workspace.html,209,button,button,Cancel,,,button,,/team-targets/catchup,post,"{""@click"": ""showCatchup = false""}",False,,Not individually executed
CONTROL-03088,templates/partials/targets/team/workspace.html,210,button,button,Submit catch-up plan,,,submit,,/team-targets/catchup,post,{},False,,Not individually executed
CONTROL-03089,templates/partials/today/queue_item.html,31,button,button,{{ op.label }},,,button,{{ op.drawer_url }},,,"{""hx-get"": ""{{ op.drawer_url }}"", ""hx-target"": ""#drawer-container"", ""hx-swap"": ""innerHTML""}",False,,Not individually executed
CONTROL-03090,templates/partials/today/queue_item.html,33,button,button,{{ op.label }},,,button,,,,"{""@click"": ""open = open === '{{ op.key }}' ? '' : '{{ op.key }}'""}",False,,Not individually executed
CONTROL-03091,templates/partials/today/queue_item.html,37,button,button,{{ op.label }},,,submit,,/today/act,get,{},False,,Not individually executed
CONTROL-03092,templates/partials/today/queue_item.html,41,link,a,"Open {{ todo.action_label|default:""Open"" }}",,,,{{ todo.action_url|default:'/todos' }},,,{},False,,Not individually executed
CONTROL-03093,templates/partials/today/queue_item.html,43,disclosure,summary,Snooze {{ todo.title }},,,,,,,{},False,,Not individually executed
CONTROL-03094,templates/partials/today/queue_item.html,48,button,button,{{ label }},,,submit,,/today/snooze,get,{},False,,Not individually executed
CONTROL-03095,templates/partials/today/queue_item.html,60,field,input,,,field_{{ op.field.0 }},text,,/today/act,get,{},False,,Not individually executed
CONTROL-03096,templates/partials/today/queue_item.html,65,field,textarea,,,reason,,,/today/act,get,{},False,,Not individually executed
CONTROL-03097,templates/partials/today/queue_item.html,69,field,input,yes,,attested,checkbox,,/today/act,get,{},False,,Not individually executed
CONTROL-03098,templates/partials/today/queue_item.html,71,button,button,{{ op.label }},,,submit,,/today/act,get,{},False,,Not individually executed
CONTROL-03099,templates/partials/today/queue_item.html,71,button,button,Cancel,,,button,,/today/act,get,"{""@click"": ""open = ''""}",False,,Not individually executed
CONTROL-03100,templates/partials/today/queue_item_done.html,8,button,button,Undo,,,submit,,/today/unsnooze,get,{},False,,Not individually executed
CONTROL-03101,templates/partials/today/workbench.html,28,link,a,View all {{ queue_total }} →,,,,/todos,,,{},False,,Not individually executed
CONTROL-03102,templates/partials/today/workbench.html,46,link,a,{{ team_today.completions }} completion{{ team_today.completions|pluralize }} waiting for your confirmation →,,,,/pl/review-queue,,,{},False,,Not individually executed
CONTROL-03103,templates/partials/today/workbench.html,70,link,a,Open Team Oversight,,,,/team-planning-oversight/,,,{},False,,Not individually executed
CONTROL-03104,templates/partials/today/workbench.html,90,link,a,Open in My Plan,,,,/my-plan,,,{},False,,Not individually executed
CONTROL-03105,templates/partials/today/workbench.html,101,link,a,Open My Plan,,,,/my-plan,,,{},False,,Not individually executed
CONTROL-03106,templates/partials/today/workbench.html,162,button,button,Regenerate draft Prepare my week,,,submit,,/today/action,post,{},False,,Not individually executed
CONTROL-03107,templates/partials/today/workbench.html,182,button,button,Dismiss,,,submit,,/today/action,post,{},False,,Not individually executed
CONTROL-03108,templates/partials/today/workbench.html,188,button,button,Accept week,,,submit,,/today/action,post,{},False,,Not individually executed
CONTROL-03109,templates/partials/today/workbench.html,205,link,a,Complete debrief,,,,/debriefs/submit,,,{},False,,Not individually executed
CONTROL-03110,templates/partials/todos/row.html,15,link,a,{{ t.action_label }},,,,{{ t.action_url }},,,{},False,,Not individually executed
CONTROL-03111,templates/partials/upload_result.html,54,link,a,View School Directory →,,,,/schools,,,"{""hx-boost"": ""false""}",False,,Not individually executed
CONTROL-03112,templates/partials/upload_result.html,57,link,a,View Upload History,,,,/admin-panel/school-upload-history,,,"{""hx-boost"": ""false""}",False,,Not individually executed
CONTROL-03113,templates/partials/work_plan/detail_tables.html,45,disclosure,summary,Breakdown,,,,,,,{},False,,Not individually executed
CONTROL-03114,templates/partials/work_plan/detail_tables.html,50,link,a,{{ r.table_action.description }},,,,{{ r.table_action.url }},,,"{""hx-get"": ""{{ r.table_action.url }}"", ""hx-target"": ""#drawer-container"", ""hx-swap"": ""innerHTML""}",False,,Not individually executed
CONTROL-03115,templates/partials/work_plan/detail_tables.html,51,link,a,View details,,,,/my-plan/{{ r.id }},,,{},False,,Not individually executed
CONTROL-03116,templates/partials/work_plan/non_school_activity_drawer.html,43,field,select,Choose an approved activity… {{ item.display_name }},,catalogue_item_id,,/work-plan/add/preview,/work-plan/add/action,get,"{""@change"": ""selected = { ...$event.target.options[$event.target.selectedIndex].dataset }"", ""hx-post"": ""/work-plan/add/preview"", ""hx-target"": ""#non-school-cost-preview"", ""hx-include"": ""closest form"", ""hx-disabled-elt"": ""this"", ""hx-trigger"": ""change""}",False,,Not individually executed
CONTROL-03117,templates/partials/work_plan/non_school_activity_drawer.html,77,field,select,Choose the training/support intervention being followed up… {{ label }},,focus_intervention,,,/work-plan/add/action,get,{},False,,Not individually executed
CONTROL-03118,templates/partials/work_plan/non_school_activity_drawer.html,88,field,input,{{ date_prefill }},,scheduled_date,date,/work-plan/add/preview,/work-plan/add/action,get,"{""hx-post"": ""/work-plan/add/preview"", ""hx-target"": ""#non-school-cost-preview"", ""hx-include"": ""closest form"", ""hx-disabled-elt"": ""this"", ""hx-trigger"": ""change""}",False,,Not individually executed
CONTROL-03119,templates/partials/work_plan/non_school_activity_drawer.html,94,field,input,,,end_date,date,/work-plan/add/preview,/work-plan/add/action,get,"{""hx-post"": ""/work-plan/add/preview"", ""hx-target"": ""#non-school-cost-preview"", ""hx-include"": ""closest form"", ""hx-disabled-elt"": ""this"", ""hx-trigger"": ""change""}",False,,Not individually executed
CONTROL-03120,templates/partials/work_plan/non_school_activity_drawer.html,102,field,select,My own district {{ district.name }},,district_id,,/work-plan/add/preview,/work-plan/add/action,get,"{""hx-post"": ""/work-plan/add/preview"", ""hx-target"": ""#non-school-cost-preview"", ""hx-include"": ""closest form"", ""hx-disabled-elt"": ""this"", ""hx-trigger"": ""change""}",False,,Not individually executed
CONTROL-03121,templates/partials/work_plan/non_school_activity_drawer.html,112,field,input,e.g. Kampala Serena,,venue,,,/work-plan/add/action,get,{},False,,Not individually executed
CONTROL-03122,templates/partials/work_plan/non_school_activity_drawer.html,139,field,input,,,planned_school_count,number,/work-plan/add/preview,/work-plan/add/action,get,"{""hx-post"": ""/work-plan/add/preview"", ""hx-target"": ""#non-school-cost-preview"", ""hx-include"": ""closest form"", ""hx-disabled-elt"": ""this"", ""hx-trigger"": ""change delay:300ms""}",False,,Not individually executed
CONTROL-03123,templates/partials/work_plan/non_school_activity_drawer.html,148,field,input,,,expected_participants,number,/work-plan/add/preview,/work-plan/add/action,get,"{""hx-post"": ""/work-plan/add/preview"", ""hx-target"": ""#non-school-cost-preview"", ""hx-include"": ""closest form"", ""hx-disabled-elt"": ""this"", ""hx-trigger"": ""change delay:300ms""}",False,,Not individually executed
CONTROL-03124,templates/partials/work_plan/non_school_activity_drawer.html,164,button,button,Add to my plan,,,submit,,/work-plan/add/action,get,{},False,,Not individually executed
CONTROL-03125,templates/partials/work_plan/plan_summary.html,18,link,a,See Details,,,,#work-plan-detail,,,{},False,,Not individually executed
