page_id,route,route_name,surface_kind,backend_view,roles,templates,previous_test_reference,audit_execution_status
UI-PAGE-9742C80CF8,/,index,page,apps.frontend.views.auth_views.login_view,,pages/auth/login.html,referenced-by-automated-test,Inventory only; no per-route execution claim. Consult test and browser evidence.
UI-PAGE-D4F8C108E9,/accounts,finance_dashboard,partial,apps.frontend.views.finance_operating_views.accountant_dashboard_view,ACCOUNTANT | ADMIN,partials/finance/accountant_root.html | partials/finance/accountant_detail.html | pages/accounts/dashboard.html,referenced-by-automated-test,Inventory only; no per-route execution claim. Consult test and browser evidence.
UI-PAGE-252D9AB81D,/accounts/,,partial,apps.frontend.views.finance_operating_views.accountant_dashboard_view,ACCOUNTANT | ADMIN,partials/finance/accountant_root.html | partials/finance/accountant_detail.html | pages/accounts/dashboard.html,referenced-by-automated-test,Inventory only; no per-route execution claim. Consult test and browser evidence.
UI-PAGE-E2B7D125EC,/accounts/accountability,finance_accountability,page,apps.frontend.views.finance_operating_views.accountability_view,ACCOUNTANT | ADMIN,pages/accounts/accountability.html,referenced-by-automated-test,Inventory only; no per-route execution claim. Consult test and browser evidence.
UI-PAGE-F3E2C55053,/accounts/accountability/,,page,apps.frontend.views.finance_operating_views.accountability_view,ACCOUNTANT | ADMIN,pages/accounts/accountability.html,referenced-by-automated-test,Inventory only; no per-route execution claim. Consult test and browser evidence.
UI-PAGE-3815BDB66D,/accounts/activities/<str:activity_id>,finance_activity_detail,page,apps.frontend.views.finance_operating_views.activity_finance_detail_view,ACCOUNTANT | ADMIN,pages/accounts/activity_finance_detail.html,referenced-by-automated-test,Inventory only; no per-route execution claim. Consult test and browser evidence.
UI-PAGE-9D3EC615DF,/accounts/activities/<str:activity_id>/,,page,apps.frontend.views.finance_operating_views.activity_finance_detail_view,ACCOUNTANT | ADMIN,pages/accounts/activity_finance_detail.html,referenced-by-automated-test,Inventory only; no per-route execution claim. Consult test and browser evidence.
UI-PAGE-5839BCA47E,/accounts/activities/<str:activity_id>/disburse,finance_mark_disbursed,action,apps.frontend.views.finance_operating_views.mark_disbursed_action,ACCOUNTANT | ADMIN,,referenced-by-automated-test,Inventory only; no per-route execution claim. Consult test and browser evidence.
UI-PAGE-10EA99BDF4,/accounts/activities/<str:activity_id>/netsuite-id,finance_netsuite_id,action,apps.frontend.views.finance_operating_views.netsuite_id_action,ACCOUNTANT | ADMIN,,referenced-by-automated-test,Inventory only; no per-route execution claim. Consult test and browser evidence.
UI-PAGE-93CF5F55E1,/accounts/activity-evidence/<str:activity_id>,accounts_activity_evidence,page,apps.frontend.views.my_plan_views.accounts_activity_evidence_view,ACCOUNTANT | ADMIN,pages/accounts/activity_evidence.html,referenced-by-automated-test,Inventory only; no per-route execution claim. Consult test and browser evidence.
UI-PAGE-A0ACEFE4E8,/accounts/advances,finance_ready_for_advance,page,apps.frontend.views.finance_operating_views.ready_for_advance_view,ACCOUNTANT | ADMIN,pages/accounts/ready_for_advance.html,referenced-by-automated-test,Inventory only; no per-route execution claim. Consult test and browser evidence.
UI-PAGE-105BE7A5EB,/accounts/advances/,,page,apps.frontend.views.finance_operating_views.ready_for_advance_view,ACCOUNTANT | ADMIN,pages/accounts/ready_for_advance.html,referenced-by-automated-test,Inventory only; no per-route execution claim. Consult test and browser evidence.
UI-PAGE-3FBFC62185,/accounts/approval-history,finance_approval_history,page,apps.frontend.views.finance_operating_views.approval_history_view,ACCOUNTANT | ADMIN,pages/accounts/approval_history.html,referenced-by-automated-test,Inventory only; no per-route execution claim. Consult test and browser evidence.
UI-PAGE-4F40C80BF1,/accounts/approval-history/,,page,apps.frontend.views.finance_operating_views.approval_history_view,ACCOUNTANT | ADMIN,pages/accounts/approval_history.html,referenced-by-automated-test,Inventory only; no per-route execution claim. Consult test and browser evidence.
UI-PAGE-792F8865C6,/accounts/audit-log,finance_audit_log,page,apps.frontend.views.finance_operating_views.audit_log_view,ACCOUNTANT | ADMIN,pages/accounts/audit_log.html,referenced-by-automated-test,Inventory only; no per-route execution claim. Consult test and browser evidence.
UI-PAGE-905CBE9E1A,/accounts/audit-log/,,page,apps.frontend.views.finance_operating_views.audit_log_view,ACCOUNTANT | ADMIN,pages/accounts/audit_log.html,referenced-by-automated-test,Inventory only; no per-route execution claim. Consult test and browser evidence.
UI-PAGE-67963EAD83,/accounts/batch-payments,finance_batch_payments,page,apps.frontend.views.finance_operating_views.batch_payments_view,ACCOUNTANT | ADMIN,pages/accounts/batch_payments.html,referenced-by-automated-test,Inventory only; no per-route execution claim. Consult test and browser evidence.
UI-PAGE-842FD09DD9,/accounts/batch-payments/,,page,apps.frontend.views.finance_operating_views.batch_payments_view,ACCOUNTANT | ADMIN,pages/accounts/batch_payments.html,referenced-by-automated-test,Inventory only; no per-route execution claim. Consult test and browser evidence.
UI-PAGE-8945C58AE9,/accounts/blocked,finance_blocked,page,apps.frontend.views.finance_operating_views.blocked_view,ACCOUNTANT | ADMIN,pages/accounts/blocked.html,referenced-by-automated-test,Inventory only; no per-route execution claim. Consult test and browser evidence.
UI-PAGE-0EBC809D63,/accounts/blocked/,,page,apps.frontend.views.finance_operating_views.blocked_view,ACCOUNTANT | ADMIN,pages/accounts/blocked.html,referenced-by-automated-test,Inventory only; no per-route execution claim. Consult test and browser evidence.
UI-PAGE-A24A88B2AA,/accounts/budget-amendments,budget_amendments,page,apps.frontend.views.finance_operating_views.budget_amendments_view,ACCOUNTANT | ADMIN,pages/accounts/budget_amendments.html,referenced-by-automated-test,Inventory only; no per-route execution claim. Consult test and browser evidence.
UI-PAGE-03440D35AE,/accounts/budget-amendments/<str:amendment_id>/action,budget_amendment_action,action,apps.frontend.views.finance_operating_views.budget_amendment_action,ACCOUNTANT | ADMIN,,referenced-by-automated-test,Inventory only; no per-route execution claim. Consult test and browser evidence.
UI-PAGE-0060445405,/accounts/cleared,finance_cleared,page,apps.frontend.views.finance_operating_views.cleared_view,ACCOUNTANT | ADMIN,pages/accounts/cleared.html,referenced-by-automated-test,Inventory only; no per-route execution claim. Consult test and browser evidence.
UI-PAGE-DFC27C1959,/accounts/cleared/,,page,apps.frontend.views.finance_operating_views.cleared_view,ACCOUNTANT | ADMIN,pages/accounts/cleared.html,referenced-by-automated-test,Inventory only; no per-route execution claim. Consult test and browser evidence.
UI-PAGE-28E4ACED6E,/accounts/monthly-request,finance_monthly_request,partial,apps.frontend.views.finance_operating_views.monthly_request_view,ACCOUNTANT | ADMIN | CD | IA | PROJECT_COORDINATOR | RVP,partials/finance/monthly_request/root.html | pages/accounts/monthly_request.html,referenced-by-automated-test,Inventory only; no per-route execution claim. Consult test and browser evidence.
UI-PAGE-09AA659966,/accounts/monthly-request/,,partial,apps.frontend.views.finance_operating_views.monthly_request_view,ACCOUNTANT | ADMIN | CD | IA | PROJECT_COORDINATOR | RVP,partials/finance/monthly_request/root.html | pages/accounts/monthly_request.html,referenced-by-automated-test,Inventory only; no per-route execution claim. Consult test and browser evidence.
UI-PAGE-F16EBA5781,/accounts/monthly-request/action,finance_monthly_request_action,partial,apps.frontend.views.finance_operating_views.monthly_request_action_view,ACCOUNTANT | ADMIN | CD | IA | PROJECT_COORDINATOR | RVP,partials/finance/monthly_request/root.html,referenced-by-automated-test,Inventory only; no per-route execution claim. Consult test and browser evidence.
UI-PAGE-A2663A504E,/accounts/partner-invoices/<str:invoice_id>/download,partner_invoice_download,export,apps.frontend.views.finance_operating_views.partner_invoice_download,ACCOUNTANT | ADMIN,,referenced-by-automated-test,Inventory only; no per-route execution claim. Consult test and browser evidence.
UI-PAGE-0EF5355047,/accounts/partner-invoices/<str:invoice_id>/pay,partner_invoice_pay,action,apps.frontend.views.finance_operating_views.partner_invoice_pay_action,ACCOUNTANT | ADMIN,,referenced-by-automated-test,Inventory only; no per-route execution claim. Consult test and browser evidence.
UI-PAGE-A30C35CB1E,/accounts/partner-payments,finance_partner_payments,page,apps.frontend.views.finance_operating_views.partner_payments_view,ACCOUNTANT | ADMIN,pages/accounts/partner_payments.html,referenced-by-automated-test,Inventory only; no per-route execution claim. Consult test and browser evidence.
UI-PAGE-B1C8BB3970,/accounts/partner-payments/,,page,apps.frontend.views.finance_operating_views.partner_payments_view,ACCOUNTANT | ADMIN,pages/accounts/partner_payments.html,referenced-by-automated-test,Inventory only; no per-route execution claim. Consult test and browser evidence.
UI-PAGE-4128F483BA,/accounts/partner-payments/<str:activity_id>/pay,finance_pay_partner,action,apps.frontend.views.finance_operating_views.pay_partner_action,ACCOUNTANT | ADMIN,,referenced-by-automated-test,Inventory only; no per-route execution claim. Consult test and browser evidence.
UI-PAGE-1E6768AEE6,/accounts/reimbursements,finance_reimbursements,action,apps.frontend.views.finance_operating_views.reimbursements_view,ACCOUNTANT | ADMIN,,referenced-by-automated-test,Inventory only; no per-route execution claim. Consult test and browser evidence.
UI-PAGE-D6E49D7E06,/accounts/reimbursements/,,action,apps.frontend.views.finance_operating_views.reimbursements_view,ACCOUNTANT | ADMIN,,referenced-by-automated-test,Inventory only; no per-route execution claim. Consult test and browser evidence.
UI-PAGE-219CE2DFB9,/accounts/reimbursements/<str:claim_id>/pay,finance_pay_reimbursement,action,apps.frontend.views.finance_operating_views.pay_reimbursement_action,ACCOUNTANT | ADMIN,,referenced-by-automated-test,Inventory only; no per-route execution claim. Consult test and browser evidence.
UI-PAGE-549C21262B,/accounts/returned,finance_returned,page,apps.frontend.views.finance_operating_views.returned_view,ACCOUNTANT | ADMIN,pages/accounts/returned.html,referenced-by-automated-test,Inventory only; no per-route execution claim. Consult test and browser evidence.
UI-PAGE-A6286CD87F,/accounts/returned/,,page,apps.frontend.views.finance_operating_views.returned_view,ACCOUNTANT | ADMIN,pages/accounts/returned.html,referenced-by-automated-test,Inventory only; no per-route execution claim. Consult test and browser evidence.
UI-PAGE-791559C28C,/accounts/transport-payments/<str:payment_id>/pay,pay_transport,action,apps.frontend.views.finance_operating_views.pay_transport_action,ACCOUNTANT | ADMIN,,referenced-by-automated-test,Inventory only; no per-route execution claim. Consult test and browser evidence.
UI-PAGE-3983B87730,/accounts/variance-review,finance_variance_review,page,apps.frontend.views.finance_operating_views.variance_review_view,ACCOUNTANT | ADMIN,pages/accounts/variance_review.html,referenced-by-automated-test,Inventory only; no per-route execution claim. Consult test and browser evidence.
UI-PAGE-EE25FEFDD0,/accounts/variance-review/,,page,apps.frontend.views.finance_operating_views.variance_review_view,ACCOUNTANT | ADMIN,pages/accounts/variance_review.html,referenced-by-automated-test,Inventory only; no per-route execution claim. Consult test and browser evidence.
UI-PAGE-6DBDFF8C4E,/accounts/weekly-requests,finance_weekly_requests,page,apps.frontend.views.finance_operating_views.weekly_requests_view,ACCOUNTANT | ADMIN,pages/accounts/weekly_requests.html,referenced-by-automated-test,Inventory only; no per-route execution claim. Consult test and browser evidence.
UI-PAGE-B19D738D84,/accounts/weekly-requests/,,page,apps.frontend.views.finance_operating_views.weekly_requests_view,ACCOUNTANT | ADMIN,pages/accounts/weekly_requests.html,referenced-by-automated-test,Inventory only; no per-route execution claim. Consult test and browser evidence.
UI-PAGE-8BB0A3532D,/actions/<str:action_id>/<str:transition>,action_transition,partial,apps.frontend.views.action_views.action_transition_view,ACCOUNTANT | ADMIN | BUSINESS_TRANSFORMATION | CCEO | CD | HR | IA | MFI_ADMIN | MFI_OFFICER | PARTNER | PL | PROJECT_COORDINATOR | RPL | RVP,partials/actions/table.html,referenced-by-automated-test,Inventory only; no per-route execution claim. Consult test and browser evidence.
UI-PAGE-0A80841654,/actions/mine,my_actions,partial,apps.frontend.views.action_views.my_actions_view,ACCOUNTANT | ADMIN | BUSINESS_TRANSFORMATION | CCEO | CD | HR | IA | MFI_ADMIN | MFI_OFFICER | PARTNER | PL | PROJECT_COORDINATOR | RPL | RVP,partials/actions/table.html | pages/actions/workspace.html,referenced-by-automated-test,Inventory only; no per-route execution claim. Consult test and browser evidence.
UI-PAGE-EF315695FE,/actions/sent,actions_sent,partial,apps.frontend.views.action_views.actions_sent_view,ADMIN | CD | IA | PL | RPL | RVP,partials/actions/table.html | pages/actions/workspace.html,referenced-by-automated-test,Inventory only; no per-route execution claim. Consult test and browser evidence.
UI-PAGE-4CDAC86216,/activities/<str:activity_id>,activity_detail_full,drawer,apps.frontend.views.my_plan_views.activity_detail_view,ACCOUNTANT | ADMIN | CCEO | CD | IA | PARTNER | PL | PROJECT_COORDINATOR,partials/my_plan/activity_detail_drawer.html | pages/my_plan/detail.html,referenced-by-automated-test,Inventory only; no per-route execution claim. Consult test and browser evidence.
UI-PAGE-C4062CB9FE,/activities/<str:activity_id>/attendance,attendance_upload_drawer,drawer,apps.frontend.views.my_plan_views.attendance_upload_drawer_view,ACCOUNTANT | ADMIN | CCEO | CD | IA | PARTNER | PL | PROJECT_COORDINATOR,partials/my_plan/attendance_drawer.html,referenced-by-automated-test,Inventory only; no per-route execution claim. Consult test and browser evidence.
UI-PAGE-F809591FF2,/activities/<str:activity_id>/attendance/action,attendance_upload_action,action,apps.frontend.views.my_plan_views.attendance_upload_action,ACCOUNTANT | ADMIN | CCEO | CD | IA | PARTNER | PL | PROJECT_COORDINATOR,,referenced-by-automated-test,Inventory only; no per-route execution claim. Consult test and browser evidence.
UI-PAGE-749CB57A91,/activities/<str:activity_id>/closure,activity_closure_detail,page,apps.frontend.views.closure_views.activity_closure_detail_view,ACCOUNTANT | ADMIN | CCEO | CD | IA | PL | PROJECT_COORDINATOR,pages/closure/activity_closure_detail.html,referenced-by-automated-test,Inventory only; no per-route execution claim. Consult test and browser evidence.
UI-PAGE-5F87CAA95C,/activities/<str:activity_id>/closure/,,page,apps.frontend.views.closure_views.activity_closure_detail_view,ACCOUNTANT | ADMIN | CCEO | CD | IA | PL | PROJECT_COORDINATOR,pages/closure/activity_closure_detail.html,referenced-by-automated-test,Inventory only; no per-route execution claim. Consult test and browser evidence.
UI-PAGE-12D828B528,/activities/<str:activity_id>/closure/close,close_activity,action,apps.frontend.views.closure_views.close_activity_action,ACCOUNTANT | ADMIN | CCEO | CD | IA | PL | PROJECT_COORDINATOR,,referenced-by-automated-test,Inventory only; no per-route execution claim. Consult test and browser evidence.
UI-PAGE-6089148B64,/activities/<str:activity_id>/complete,complete_activity_drawer,drawer,apps.frontend.views.my_plan_views.complete_activity_drawer_view,ACCOUNTANT | ADMIN | CCEO | CD | IA | PARTNER | PL | PROJECT_COORDINATOR,partials/my_plan/complete_drawer.html,referenced-by-automated-test,Inventory only; no per-route execution claim. Consult test and browser evidence.
UI-PAGE-370EF7938B,/activities/<str:activity_id>/complete/action,complete_activity_action,action,apps.frontend.views.my_plan_views.complete_activity_action,ACCOUNTANT | ADMIN | CCEO | CD | IA | PARTNER | PL | PROJECT_COORDINATOR,,referenced-by-automated-test,Inventory only; no per-route execution claim. Consult test and browser evidence.
UI-PAGE-103AEF5887,/activities/<str:activity_id>/evidence,evidence_upload_drawer,drawer,apps.frontend.views.my_plan_views.evidence_upload_drawer_view,ACCOUNTANT | ADMIN | CCEO | CD | IA | PARTNER | PL | PROJECT_COORDINATOR,partials/my_plan/evidence_drawer.html,referenced-by-automated-test,Inventory only; no per-route execution claim. Consult test and browser evidence.
UI-PAGE-FCDBCAD3AE,/activities/<str:activity_id>/evidence/action,evidence_upload_action,action,apps.frontend.views.my_plan_views.evidence_upload_action,ACCOUNTANT | ADMIN | CCEO | CD | IA | PARTNER | PL | PROJECT_COORDINATOR,,referenced-by-automated-test,Inventory only; no per-route execution claim. Consult test and browser evidence.
UI-PAGE-7D426C803E,/activities/<str:activity_id>/evidence/detail,evidence_packet,page,apps.frontend.views.my_plan_views.evidence_packet_view,ACCOUNTANT | ADMIN | CCEO | CD | IA | PARTNER | PL | PROJECT_COORDINATOR,pages/my_plan/evidence_packet.html,referenced-by-automated-test,Inventory only; no per-route execution claim. Consult test and browser evidence.
UI-PAGE-FCEE2736D1,/activities/<str:activity_id>/partner-ssa-complete,partner_ssa_completion_drawer,drawer,apps.frontend.views.my_plan_views.partner_ssa_completion_drawer_view,ACCOUNTANT | ADMIN | CCEO | CD | IA | PARTNER | PL | PROJECT_COORDINATOR,partials/my_plan/partner_ssa_completion_drawer.html,referenced-by-automated-test,Inventory only; no per-route execution claim. Consult test and browser evidence.
UI-PAGE-E3902C4B96,/activities/<str:activity_id>/partner-ssa-complete/action,partner_ssa_completion_action,action,apps.frontend.views.my_plan_views.partner_ssa_completion_action,ACCOUNTANT | ADMIN | CCEO | CD | IA | PARTNER | PL | PROJECT_COORDINATOR,,referenced-by-automated-test,Inventory only; no per-route execution claim. Consult test and browser evidence.
UI-PAGE-4358248AFA,/activities/<str:activity_id>/reopen,reopen_activity,action,apps.frontend.views.closure_views.reopen_activity_action,ACCOUNTANT | ADMIN | CCEO | CD | IA | PL | PROJECT_COORDINATOR,,referenced-by-automated-test,Inventory only; no per-route execution claim. Consult test and browser evidence.
UI-PAGE-07EA2F4E83,/activities/<str:activity_id>/salesforce-id,salesforce_id_drawer,drawer,apps.frontend.views.my_plan_views.salesforce_id_drawer_view,ACCOUNTANT | ADMIN | CCEO | CD | IA | PARTNER | PL | PROJECT_COORDINATOR,partials/my_plan/salesforce_id_drawer.html,referenced-by-automated-test,Inventory only; no per-route execution claim. Consult test and browser evidence.
UI-PAGE-3A0D34024C,/activities/<str:activity_id>/salesforce-id/action,salesforce_id_action,action,apps.frontend.views.my_plan_views.salesforce_id_action,ACCOUNTANT | ADMIN | CCEO | CD | IA | PARTNER | PL | PROJECT_COORDINATOR,,referenced-by-automated-test,Inventory only; no per-route execution claim. Consult test and browser evidence.
UI-PAGE-468DC25FE4,/activities/<str:activity_id>/ssa-upload,ssa_evidence_upload_drawer,drawer,apps.frontend.views.my_plan_views.ssa_evidence_upload_drawer_view,ACCOUNTANT | ADMIN | CCEO | CD | IA | PARTNER | PL | PROJECT_COORDINATOR,partials/my_plan/ssa_upload_drawer.html,referenced-by-automated-test,Inventory only; no per-route execution claim. Consult test and browser evidence.
UI-PAGE-087E0CC83B,/activities/<str:activity_id>/ssa-upload/action,ssa_evidence_upload_action,action,apps.frontend.views.my_plan_views.ssa_evidence_upload_action,ACCOUNTANT | ADMIN | CCEO | CD | IA | PARTNER | PL | PROJECT_COORDINATOR,,referenced-by-automated-test,Inventory only; no per-route execution claim. Consult test and browser evidence.
UI-PAGE-DC7C6A4D74,/activities/<str:activity_id>/start,start_activity_drawer,drawer,apps.frontend.views.my_plan_views.start_activity_drawer_view,ACCOUNTANT | ADMIN | CCEO | CD | IA | PARTNER | PL | PROJECT_COORDINATOR,partials/my_plan/start_drawer.html,referenced-by-automated-test,Inventory only; no per-route execution claim. Consult test and browser evidence.
UI-PAGE-317868B579,/activities/<str:activity_id>/start/action,start_activity_action,action,apps.frontend.views.my_plan_views.start_activity_action,ACCOUNTANT | ADMIN | CCEO | CD | IA | PARTNER | PL | PROJECT_COORDINATOR,,referenced-by-automated-test,Inventory only; no per-route execution claim. Consult test and browser evidence.
UI-PAGE-0E38962C28,/activities/<str:activity_id>/submit,submit_for_review_drawer,drawer,apps.frontend.views.my_plan_views.submit_for_review_drawer_view,ACCOUNTANT | ADMIN | CCEO | CD | IA | PARTNER | PL | PROJECT_COORDINATOR,partials/my_plan/submit_drawer.html,referenced-by-automated-test,Inventory only; no per-route execution claim. Consult test and browser evidence.
UI-PAGE-B729FE2F78,/activities/<str:activity_id>/submit/action,submit_for_review_action,action,apps.frontend.views.my_plan_views.submit_for_review_action,ACCOUNTANT | ADMIN | CCEO | CD | IA | PARTNER | PL | PROJECT_COORDINATOR,,referenced-by-automated-test,Inventory only; no per-route execution claim. Consult test and browser evidence.
UI-PAGE-3F3D66D665,/activities/<str:activity_id>/timeline,activity_timeline_drawer,drawer,apps.frontend.views.my_plan_views.activity_timeline_drawer_view,ACCOUNTANT | ADMIN | CCEO | CD | IA | PARTNER | PL | PROJECT_COORDINATOR,partials/my_plan/timeline_drawer.html,referenced-by-automated-test,Inventory only; no per-route execution claim. Consult test and browser evidence.
UI-PAGE-D28F5CE44D,/activities/<str:activity_id>/timeline,activity_timeline,page,apps.frontend.views.closure_views.activity_timeline_view,ACCOUNTANT | ADMIN | CCEO | CD | IA | PL | PROJECT_COORDINATOR,pages/closure/activity_timeline.html,referenced-by-automated-test,Inventory only; no per-route execution claim. Consult test and browser evidence.
UI-PAGE-3D8032E1C9,/activities/<str:activity_id>/timeline/,activity_timeline,page,apps.frontend.views.ia_views.activity_timeline_view,ADMIN,pages/ia/activity_timeline.html,referenced-by-automated-test,Inventory only; no per-route execution claim. Consult test and browser evidence.
UI-PAGE-9A4BA95E31,/activities/closure,closure_readiness,page,apps.frontend.views.closure_views.closure_readiness_queue_view,ACCOUNTANT | ADMIN | CCEO | CD | IA | PL | PROJECT_COORDINATOR,pages/closure/readiness_queue.html,referenced-by-automated-test,Inventory only; no per-route execution claim. Consult test and browser evidence.
UI-PAGE-90CD8CB5FA,/activities/closure/,,page,apps.frontend.views.closure_views.closure_readiness_queue_view,ACCOUNTANT | ADMIN | CCEO | CD | IA | PL | PROJECT_COORDINATOR,pages/closure/readiness_queue.html,referenced-by-automated-test,Inventory only; no per-route execution claim. Consult test and browser evidence.
UI-PAGE-066BC4C799,/activities/closure/blocked,blocked_closure,page,apps.frontend.views.closure_views.blocked_closure_view,ACCOUNTANT | ADMIN | CCEO | CD | IA | PL | PROJECT_COORDINATOR,pages/closure/blocked_closure.html,referenced-by-automated-test,Inventory only; no per-route execution claim. Consult test and browser evidence.
UI-PAGE-773AE497F1,/activities/closure/blocked/,,page,apps.frontend.views.closure_views.blocked_closure_view,ACCOUNTANT | ADMIN | CCEO | CD | IA | PL | PROJECT_COORDINATOR,pages/closure/blocked_closure.html,referenced-by-automated-test,Inventory only; no per-route execution claim. Consult test and browser evidence.
UI-PAGE-D963B414A9,/admin-ops/incidents,admin_incidents,page,apps.admin_ops.views.incidents_view,ADMIN,pages/admin_ops/incidents.html,referenced-by-automated-test,Inventory only; no per-route execution claim. Consult test and browser evidence.
UI-PAGE-06180AB33B,/admin-ops/incidents/<str:incident_id>,admin_incident_detail,page,apps.admin_ops.views.incident_detail_view,ADMIN,pages/admin_ops/incident_detail.html,coverage-review-required,Inventory only; no per-route execution claim. Consult test and browser evidence.
UI-PAGE-B2C9E9652D,/admin-ops/incidents/<str:incident_id>/acknowledge,admin_acknowledge_incident,action,apps.admin_ops.views.acknowledge_incident_view,ADMIN,,coverage-review-required,Inventory only; no per-route execution claim. Consult test and browser evidence.
UI-PAGE-E15AB1ACED,/admin-ops/incidents/<str:incident_id>/resolve,admin_resolve_incident,action,apps.admin_ops.views.resolve_incident_view,ADMIN,,coverage-review-required,Inventory only; no per-route execution claim. Consult test and browser evidence.
UI-PAGE-F1190B252B,/admin-ops/maintenance,admin_maintenance,page,apps.admin_ops.views.maintenance_view,ADMIN,pages/admin_ops/maintenance.html,referenced-by-automated-test,Inventory only; no per-route execution claim. Consult test and browser evidence.
UI-PAGE-6816D23933,/admin-ops/my-plan,admin_my_plan,page,apps.admin_ops.views.admin_my_plan_view,ADMIN,pages/admin_ops/my_plan.html,referenced-by-automated-test,Inventory only; no per-route execution claim. Consult test and browser evidence.
UI-PAGE-34DFF5A7F8,/admin-ops/planning,admin_planning,page,apps.admin_ops.views.admin_planning_view,ADMIN,pages/admin_ops/planning.html,referenced-by-automated-test,Inventory only; no per-route execution claim. Consult test and browser evidence.
UI-PAGE-FB09C59B79,/admin-ops/support,admin_support_queue,page,apps.admin_ops.views.support_queue_view,ADMIN,pages/admin_ops/support_queue.html,referenced-by-automated-test,Inventory only; no per-route execution claim. Consult test and browser evidence.
UI-PAGE-7A4D5FCCB3,/admin-ops/team-plans,admin_team_plans,page,apps.admin_ops.views.team_plans_view,ADMIN,pages/admin_ops/team_plans.html,referenced-by-automated-test,Inventory only; no per-route execution claim. Consult test and browser evidence.
UI-PAGE-42D09463D8,/admin-ops/tickets/<str:ticket_id>/resolve,admin_resolve_ticket,action,apps.admin_ops.views.resolve_ticket_view,ADMIN,,coverage-review-required,Inventory only; no per-route execution claim. Consult test and browser evidence.
UI-PAGE-493DF36051,/admin-ops/tickets/<str:ticket_id>/triage,admin_triage_ticket,action,apps.admin_ops.views.triage_ticket_view,ADMIN,,coverage-review-required,Inventory only; no per-route execution claim. Consult test and browser evidence.
UI-PAGE-B9C87ACD12,/admin-ops/work-items/<str:item_id>/complete,admin_complete_work_item,action,apps.admin_ops.views.complete_work_item_view,ADMIN,,referenced-by-automated-test,Inventory only; no per-route execution claim. Consult test and browser evidence.
UI-PAGE-66BD8337BE,/admin-ops/work-items/<str:item_id>/schedule,admin_schedule_work_item,action,apps.admin_ops.views.schedule_work_item_view,ADMIN,,referenced-by-automated-test,Inventory only; no per-route execution claim. Consult test and browser evidence.
UI-PAGE-A7604B6C4D,/admin-ops/work-items/<str:item_id>/start,admin_start_work_item,action,apps.admin_ops.views.start_work_item_view,ADMIN,,referenced-by-automated-test,Inventory only; no per-route execution claim. Consult test and browser evidence.
UI-PAGE-FB1C4EF910,/admin-panel,admin_panel,page,apps.frontend.views.extended_views.admin_panel_view,ADMIN,pages/admin/index.html,referenced-by-automated-test,Inventory only; no per-route execution claim. Consult test and browser evidence.
UI-PAGE-A4ED9D0F21,/admin-panel/audit-log,audit_log,page,apps.frontend.views.extended_views.audit_log_view,ADMIN,pages/admin/audit_log.html,referenced-by-automated-test,Inventory only; no per-route execution claim. Consult test and browser evidence.
UI-PAGE-BFFF48835B,/admin-panel/data-quality-center,admin_data_quality_center,page,apps.frontend.views.extended_views.admin_data_quality_center_view,ADMIN | IA,pages/admin/data_quality_center.html,referenced-by-automated-test,Inventory only; no per-route execution claim. Consult test and browser evidence.
UI-PAGE-A79A9C56D9,/admin-panel/notifications-mgmt,admin_notifications_mgmt,page,apps.frontend.views.extended_views.admin_notifications_mgmt_view,ADMIN,pages/admin/notifications_mgmt.html,referenced-by-automated-test,Inventory only; no per-route execution claim. Consult test and browser evidence.
UI-PAGE-66E337164F,/admin-panel/page-access-matrix,admin_page_access_matrix,page,apps.frontend.views.extended_views.admin_page_access_matrix_view,ADMIN,pages/admin/page_access_matrix.html,referenced-by-automated-test,Inventory only; no per-route execution claim. Consult test and browser evidence.
UI-PAGE-1E3D9DE8A8,/admin-panel/region-district-setup,admin_region_district_setup,page,apps.frontend.views.extended_views.admin_region_district_setup_view,ADMIN,pages/admin/region_district_setup.html,referenced-by-automated-test,Inventory only; no per-route execution claim. Consult test and browser evidence.
UI-PAGE-38914F73C2,/admin-panel/roles-permissions,admin_roles_permissions,page,apps.frontend.views.extended_views.admin_roles_permissions_view,ADMIN,pages/admin/roles_permissions.html,referenced-by-automated-test,Inventory only; no per-route execution claim. Consult test and browser evidence.
UI-PAGE-0529F1E7E7,/admin-panel/school-upload-history,admin_school_upload_history,page,apps.frontend.views.extended_views.admin_school_upload_history_view,ADMIN | IA,pages/admin/school_upload_history.html,referenced-by-automated-test,Inventory only; no per-route execution claim. Consult test and browser evidence.
UI-PAGE-F016E31E19,/admin-panel/staff-setup-queue,admin_staff_setup_queue,page,apps.frontend.views.extended_views.admin_staff_setup_queue_view,ADMIN | CD | HR,pages/admin/staff_setup_queue.html,referenced-by-automated-test,Inventory only; no per-route execution claim. Consult test and browser evidence.
UI-PAGE-9D4E8D9905,/admin-panel/users,admin_users,page,apps.frontend.views.extended_views.admin_users_view,ADMIN | CD | HR,pages/admin/users.html,referenced-by-automated-test,Inventory only; no per-route execution claim. Consult test and browser evidence.
UI-PAGE-91F4AA5CD6,/admin-panel/users/<str:user_id>,admin_user_detail,page,apps.frontend.views.extended_views.admin_user_detail_view,ADMIN | CD | HR,pages/admin/user_detail.html,referenced-by-automated-test,Inventory only; no per-route execution claim. Consult test and browser evidence.
UI-PAGE-8D0400A928,/admin-panel/workflow-rules,admin_workflow_rules,page,apps.frontend.views.extended_views.admin_workflow_rules_view,ADMIN,pages/admin/workflow_rules.html,referenced-by-automated-test,Inventory only; no per-route execution claim. Consult test and browser evidence.
UI-PAGE-D2B38D8D70,/analytics,analytics_dashboard,page,apps.frontend.views.analytics_views.analytics_dashboard_view,ACCOUNTANT | ADMIN | CCEO | CD | HR | IA | PL | PROJECT_COORDINATOR | RPL | RVP,pages/analytics/workspace.html | partials/analytics/panel.html | partials/analytics/scope.html,referenced-by-automated-test,Inventory only; no per-route execution claim. Consult test and browser evidence.
UI-PAGE-6D56DC65A1,/analytics/,,page,apps.frontend.views.analytics_views.analytics_dashboard_view,ACCOUNTANT | ADMIN | CCEO | CD | HR | IA | PL | PROJECT_COORDINATOR | RPL | RVP,pages/analytics/workspace.html | partials/analytics/panel.html | partials/analytics/scope.html,referenced-by-automated-test,Inventory only; no per-route execution claim. Consult test and browser evidence.
UI-PAGE-2ED079648B,/analytics/closure-quality,closure_quality,page,apps.frontend.views.closure_quality_views.closure_quality_view,ADMIN | IA,pages/analytics/workspace.html | partials/analytics/closure_quality_workspace.html | partials/analytics/panel.html | partials/analytics/scope.html,referenced-by-automated-test,Inventory only; no per-route execution claim. Consult test and browser evidence.
UI-PAGE-21F0B4B97B,/analytics/country-director,cd_analytics,page,apps.frontend.views.analytics_views.cd_analytics_view,ADMIN | CD,pages/analytics/workspace.html | partials/analytics/cd/body.html | partials/analytics/panel.html | partials/analytics/scope.html,referenced-by-automated-test,Inventory only; no per-route execution claim. Consult test and browser evidence.
UI-PAGE-8718298CAA,/analytics/country-director/drilldown,cd_analytics_drilldown,partial,apps.frontend.views.analytics_views.cd_analytics_drilldown_view,ADMIN | CD,partials/analytics/cd/drilldown.html,referenced-by-automated-test,Inventory only; no per-route execution claim. Consult test and browser evidence.
UI-PAGE-F58E426EBA,/analytics/country-director/export,cd_analytics_export,export,apps.frontend.views.analytics_views.cd_analytics_export_view,ADMIN | CD,,referenced-by-automated-test,Inventory only; no per-route execution claim. Consult test and browser evidence.
UI-PAGE-8F013D0E67,/analytics/country-director/ssa-heatmap,cd_ssa_heatmap,partial,apps.frontend.views.analytics_views.cd_ssa_heatmap_view,ADMIN | CD,partials/analytics/cd/district_heatmap.html,referenced-by-automated-test,Inventory only; no per-route execution claim. Consult test and browser evidence.
UI-PAGE-D674288529,/analytics/customize-dashboard,analytics_customize_dashboard,drawer,apps.frontend.views.analytics_views.analytics_customize_dashboard_view,ACCOUNTANT | ADMIN | CCEO | CD | HR | IA | PL | PROJECT_COORDINATOR | RPL | RVP,partials/schools/toast_success.html | partials/analytics/customize_dashboard_drawer.html,referenced-by-automated-test,Inventory only; no per-route execution claim. Consult test and browser evidence.
UI-PAGE-E9BCF7A69A,/analytics/drilldown,analytics_drilldown,drawer,apps.frontend.views.analytics_views.analytics_drilldown_view,ACCOUNTANT | ADMIN | CCEO | CD | HR | IA | PL | PROJECT_COORDINATOR | RPL | RVP,partials/analytics/drilldown_drawer.html,referenced-by-automated-test,Inventory only; no per-route execution claim. Consult test and browser evidence.
UI-PAGE-6976FECD39,/analytics/export,analytics_export,export,apps.frontend.views.analytics_views.analytics_export_view,ACCOUNTANT | ADMIN | CCEO | CD | HR | IA | PL | PROJECT_COORDINATOR | RPL | RVP,,referenced-by-automated-test,Inventory only; no per-route execution claim. Consult test and browser evidence.
UI-PAGE-F3AF182F18,/analytics/people,people_analytics,page,apps.frontend.views.hr_views.people_analytics_section_view,ADMIN | CD | HR | RVP,pages/analytics/workspace.html | partials/analytics/panel.html | partials/analytics/scope.html,referenced-by-automated-test,Inventory only; no per-route execution claim. Consult test and browser evidence.
UI-PAGE-B5ED79ABAD,/analytics/program-lead,pl_analytics,page,apps.frontend.views.analytics_views.pl_analytics_view,ADMIN | PL,pages/analytics/workspace.html | partials/analytics/pl/body.html | partials/analytics/panel.html | partials/analytics/scope.html,referenced-by-automated-test,Inventory only; no per-route execution claim. Consult test and browser evidence.
UI-PAGE-8890670650,/analytics/program-lead/drilldown,pl_analytics_drilldown,partial,apps.frontend.views.analytics_views.pl_analytics_drilldown_view,ADMIN | PL,partials/analytics/pl/drilldown.html,referenced-by-automated-test,Inventory only; no per-route execution claim. Consult test and browser evidence.
UI-PAGE-5762A28C1E,/analytics/program-lead/export,pl_analytics_export,export,apps.frontend.views.analytics_views.pl_analytics_export_view,ADMIN | PL,,referenced-by-automated-test,Inventory only; no per-route execution claim. Consult test and browser evidence.
UI-PAGE-5C082E0BC3,/analytics/publishing,analytics_publishing_status,page,apps.frontend.views.closure_views.analytics_publishing_status_view,ADMIN | CD | IA,pages/analytics/workspace.html | partials/analytics/panel.html | partials/analytics/scope.html,referenced-by-automated-test,Inventory only; no per-route execution claim. Consult test and browser evidence.
UI-PAGE-30F6E29C6E,/analytics/publishing/,,page,apps.frontend.views.closure_views.analytics_publishing_status_view,ADMIN | CD | IA,pages/analytics/workspace.html | partials/analytics/panel.html | partials/analytics/scope.html,referenced-by-automated-test,Inventory only; no per-route execution claim. Consult test and browser evidence.
UI-PAGE-7A183876B6,/analytics/schedule-report,analytics_schedule_report,drawer,apps.frontend.views.analytics_views.analytics_schedule_report_view,ACCOUNTANT | ADMIN | CCEO | CD | HR | IA | PL | PROJECT_COORDINATOR | RPL | RVP,partials/schools/toast_success.html | partials/analytics/schedule_report_drawer.html,referenced-by-automated-test,Inventory only; no per-route execution claim. Consult test and browser evidence.
UI-PAGE-32A0E647C0,/analytics/school-closures,closure_impact,page,apps.frontend.views.closure_impact_views.closure_impact_view,ADMIN | CD | RVP,pages/analytics/workspace.html | partials/analytics/closure_impact_workspace.html | partials/analytics/panel.html | partials/analytics/scope.html,referenced-by-automated-test,Inventory only; no per-route execution claim. Consult test and browser evidence.
UI-PAGE-AF1CF4FDC0,/analytics/verification-quality,verification_quality,page,apps.frontend.views.ia_views.verification_quality_section_view,ADMIN | CD | IA,pages/analytics/workspace.html | partials/analytics/panel.html | partials/analytics/scope.html,referenced-by-automated-test,Inventory only; no per-route execution claim. Consult test and browser evidence.
UI-PAGE-91505FDFED,/analytics/visit-effectiveness,visit_effectiveness,page,apps.frontend.views.visit_effectiveness_views.visit_effectiveness_view,ADMIN | CCEO | CD | IA | PL | PROJECT_COORDINATOR | RVP,pages/analytics/workspace.html | partials/analytics/visit_effectiveness_workspace.html | partials/analytics/panel.html | partials/analytics/scope.html,referenced-by-automated-test,Inventory only; no per-route execution claim. Consult test and browser evidence.
UI-PAGE-BB675805DE,/api/analytics/combine-map-boundaries,combine_map_boundaries,action,apps.frontend.views.analytics_views.combine_map_boundaries_view,ACCOUNTANT | ADMIN | CCEO | CD | HR | IA | PL | PROJECT_COORDINATOR | RPL | RVP,,referenced-by-automated-test,Inventory only; no per-route execution claim. Consult test and browser evidence.
UI-PAGE-86E2200E55,/api/analytics/map-subcounties,map_subcounty_metrics,action,apps.frontend.views.analytics_views.map_subcounty_metrics_view,ACCOUNTANT | ADMIN | CCEO | CD | HR | IA | PL | PROJECT_COORDINATOR | RPL | RVP,,referenced-by-automated-test,Inventory only; no per-route execution claim. Consult test and browser evidence.
UI-PAGE-1BACC71B5F,/budget,budget,page,apps.frontend.views.budget_views.budget_view,ACCOUNTANT | ADMIN | CCEO | CD | IA | PL | PROJECT_COORDINATOR | RVP,pages/budgets/monthly.html,referenced-by-automated-test,Inventory only; no per-route execution claim. Consult test and browser evidence.
UI-PAGE-04C3EE0B01,/budget/,,page,apps.frontend.views.budget_views.budget_view,ACCOUNTANT | ADMIN | CCEO | CD | IA | PL | PROJECT_COORDINATOR | RVP,pages/budgets/monthly.html,referenced-by-automated-test,Inventory only; no per-route execution claim. Consult test and browser evidence.
UI-PAGE-6F5541CFE7,/budgets/monthly,monthly_budget,action,apps.frontend.views.budget_views.monthly_budget_view,ACCOUNTANT | ADMIN | CCEO | CD | IA | PL | PROJECT_COORDINATOR | RVP,,referenced-by-automated-test,Inventory only; no per-route execution claim. Consult test and browser evidence.
UI-PAGE-7ABC671B29,/budgets/overview,budget_overview,page,apps.frontend.views.finance_views.budget_overview_view,ACCOUNTANT | ADMIN | CD | IA | RVP,pages/budget/index.html,coverage-review-required,Inventory only; no per-route execution claim. Consult test and browser evidence.
UI-PAGE-B1D64A4041,/business-transformation,business_transformation,page,apps.business_transformation.frontend_views.workspace_page,ACCOUNTANT | ADMIN | BUSINESS_TRANSFORMATION | CCEO | CD | HR | IA | PARTNER | PROJECT_COORDINATOR | RVP,pages/business_transformation/index.html,referenced-by-automated-test,Inventory only; no per-route execution claim. Consult test and browser evidence.
UI-PAGE-481A3D9334,/business-transformation/business-accounting-finance,business_transformation_finance,page,apps.business_transformation.frontend_views.financial_health_page,BUSINESS_TRANSFORMATION,pages/business_transformation/financial_health.html,referenced-by-automated-test,Inventory only; no per-route execution claim. Consult test and browser evidence.
UI-PAGE-BE50691B49,/business-transformation/cases/<str:case_id>/triage,business_transformation_triage,action,apps.business_transformation.frontend_views.triage_action,ACCOUNTANT | ADMIN | BUSINESS_TRANSFORMATION | CCEO | CD | HR | IA | PARTNER | PROJECT_COORDINATOR | RVP,,referenced-by-automated-test,Inventory only; no per-route execution claim. Consult test and browser evidence.
UI-PAGE-7F19CD639C,/business-transformation/government-requirements,business_transformation_government,page,apps.business_transformation.frontend_views.government_requirements_page,BUSINESS_TRANSFORMATION,pages/business_transformation/government_requirements.html,referenced-by-automated-test,Inventory only; no per-route execution claim. Consult test and browser evidence.
UI-PAGE-DC6CE0C3E0,/business-transformation/impact-reports,business_transformation_reports,page,apps.business_transformation.frontend_views.impact_reports_page,ACCOUNTANT | ADMIN | BUSINESS_TRANSFORMATION | CCEO | CD | HR | IA | PARTNER | PROJECT_COORDINATOR | RPL | RVP,pages/business_transformation/impact_reports.html,referenced-by-automated-test,Inventory only; no per-route execution claim. Consult test and browser evidence.
UI-PAGE-D8BE58FD57,/business-transformation/overview,business_transformation_overview,page,apps.business_transformation.frontend_views.workspace_page,ACCOUNTANT | ADMIN | BUSINESS_TRANSFORMATION | CCEO | CD | HR | IA | PARTNER | PROJECT_COORDINATOR | RVP,pages/business_transformation/index.html,referenced-by-automated-test,Inventory only; no per-route execution claim. Consult test and browser evidence.
UI-PAGE-994C4ED166,/business-transformation/portfolio,business_transformation_portfolio,partial,apps.business_transformation.frontend_views.portfolio_partial,ACCOUNTANT | ADMIN | BUSINESS_TRANSFORMATION | CCEO | CD | HR | IA | PARTNER | PROJECT_COORDINATOR | RVP,partials/business_transformation/portfolio.html,referenced-by-automated-test,Inventory only; no per-route execution claim. Consult test and browser evidence.
UI-PAGE-81A987A3FC,/calendar,calendar,page,apps.frontend.views.extended_views.calendar_view,ACCOUNTANT | ADMIN | BUSINESS_TRANSFORMATION | CCEO | CD | HR | IA | MFI_ADMIN | MFI_OFFICER | PARTNER | PL | PROJECT_COORDINATOR | RPL | RVP,pages/calendar/index.html,referenced-by-automated-test,Inventory only; no per-route execution claim. Consult test and browser evidence.
UI-PAGE-3E61528A88,/calendar/events,calendar_event_create,action,apps.frontend.views.extended_views.calendar_event_create_view,ACCOUNTANT | ADMIN | BUSINESS_TRANSFORMATION | CCEO | CD | HR | IA | MFI_ADMIN | MFI_OFFICER | PARTNER | PL | PROJECT_COORDINATOR | RPL | RVP,,referenced-by-automated-test,Inventory only; no per-route execution claim. Consult test and browser evidence.
UI-PAGE-8C06725597,/candidate-pipeline,candidate_pipeline,page,apps.frontend.views.hr_views.candidate_pipeline_view,ADMIN | HR,pages/hr/module_workspace.html,referenced-by-automated-test,Inventory only; no per-route execution claim. Consult test and browser evidence.
UI-PAGE-34FBF7294D,/candidate-pipeline/<str:application_id>,application_drawer,drawer,apps.frontend.views.hr_programme_views.application_drawer,ADMIN | HR,partials/hr/form_drawer.html,coverage-review-required,Inventory only; no per-route execution claim. Consult test and browser evidence.
UI-PAGE-478A959BAD,/candidate-pipeline/<str:application_id>/advance,application_advance,action,apps.frontend.views.hr_programme_views.application_advance,ADMIN | HR,,coverage-review-required,Inventory only; no per-route execution claim. Consult test and browser evidence.
UI-PAGE-ADA2C3F609,/candidate-pipeline/<str:application_id>/hire,application_hire,action,apps.frontend.views.hr_programme_views.application_hire,ADMIN | HR,,coverage-review-required,Inventory only; no per-route execution claim. Consult test and browser evidence.
UI-PAGE-47512B11CB,/candidate-pipeline/new,application_record_drawer,drawer,apps.frontend.views.hr_programme_views.application_record_drawer,ADMIN | HR,partials/hr/form_drawer.html,coverage-review-required,Inventory only; no per-route execution claim. Consult test and browser evidence.
UI-PAGE-97B63C8157,/candidate-pipeline/record,application_record,action,apps.frontend.views.hr_programme_views.application_record,ADMIN | HR,,referenced-by-automated-test,Inventory only; no per-route execution claim. Consult test and browser evidence.
UI-PAGE-290301ACE8,/cce-leadership/coaching,cce_regional_coaching,page,apps.frontend.views.cce_leadership_views.regional_coaching_view,ADMIN | CD | PL | RPL,pages/cce_leadership/workspace.html,referenced-by-automated-test,Inventory only; no per-route execution claim. Consult test and browser evidence.
UI-PAGE-4977CFAD4E,/cce-leadership/coaching/<str:engagement_id>,cce_regional_coaching_drawer,drawer,apps.frontend.views.cce_leadership_views.regional_coaching_drawer,ADMIN | CD | PL | RPL,partials/hr/form_drawer.html,referenced-by-automated-test,Inventory only; no per-route execution claim. Consult test and browser evidence.
UI-PAGE-0AE25292A2,/cce-leadership/coaching/<str:engagement_id>/acknowledge,cce_regional_coaching_acknowledge,action,apps.frontend.views.cce_leadership_views.regional_coaching_acknowledge,ADMIN | CD | PL | RPL,,referenced-by-automated-test,Inventory only; no per-route execution claim. Consult test and browser evidence.
UI-PAGE-2E4680907A,/cce-leadership/engagements,cce_engagements,page,apps.frontend.views.cce_leadership_views.engagements_view,ADMIN | RPL,pages/cce_leadership/workspace.html,referenced-by-automated-test,Inventory only; no per-route execution claim. Consult test and browser evidence.
UI-PAGE-25A966DD45,/cce-leadership/engagements/<str:engagement_id>,cce_engagement_drawer,drawer,apps.frontend.views.cce_leadership_views.engagement_drawer,ADMIN | RPL,partials/hr/form_drawer.html,coverage-review-required,Inventory only; no per-route execution claim. Consult test and browser evidence.
UI-PAGE-D2315BC423,/cce-leadership/engagements/<str:engagement_id>/share,cce_engagement_share_drawer,drawer,apps.frontend.views.cce_leadership_views.engagement_share_drawer,ADMIN | RPL,partials/hr/form_drawer.html,coverage-review-required,Inventory only; no per-route execution claim. Consult test and browser evidence.
UI-PAGE-8E15C5A6C1,/cce-leadership/engagements/<str:engagement_id>/share/save,cce_engagement_share,action,apps.frontend.views.cce_leadership_views.engagement_share,ADMIN | RPL,,referenced-by-automated-test,Inventory only; no per-route execution claim. Consult test and browser evidence.
UI-PAGE-7F791A0768,/cce-leadership/engagements/<str:engagement_id>/update,cce_engagement_update,action,apps.frontend.views.cce_leadership_views.engagement_update,ADMIN | RPL,,coverage-review-required,Inventory only; no per-route execution claim. Consult test and browser evidence.
UI-PAGE-CA7A0F3D7E,/cce-leadership/engagements/new,cce_engagement_new_drawer,drawer,apps.frontend.views.cce_leadership_views.engagement_new_drawer,ADMIN | RPL,partials/hr/form_drawer.html,referenced-by-automated-test,Inventory only; no per-route execution claim. Consult test and browser evidence.
UI-PAGE-F2073D5760,/cce-leadership/engagements/record,cce_engagement_record,action,apps.frontend.views.cce_leadership_views.engagement_record,ADMIN | RPL,,referenced-by-automated-test,Inventory only; no per-route execution claim. Consult test and browser evidence.
UI-PAGE-C06F37F541,/cce-leadership/feedback,cce_training_feedback,page,apps.frontend.views.cce_leadership_views.feedback_view,ADMIN | CD | PL | RPL,pages/cce_leadership/workspace.html,referenced-by-automated-test,Inventory only; no per-route execution claim. Consult test and browser evidence.
UI-PAGE-5E89771C22,/cce-leadership/feedback/<str:engagement_id>,cce_feedback_drawer,drawer,apps.frontend.views.cce_leadership_views.feedback_drawer,ADMIN | CD | PL | RPL,partials/hr/form_drawer.html,referenced-by-automated-test,Inventory only; no per-route execution claim. Consult test and browser evidence.
UI-PAGE-CA794D4BE6,/cce-leadership/feedback/<str:engagement_id>/acknowledge,cce_feedback_acknowledge,action,apps.frontend.views.cce_leadership_views.feedback_acknowledge,ADMIN | CD | PL | RPL,,referenced-by-automated-test,Inventory only; no per-route execution claim. Consult test and browser evidence.
UI-PAGE-1C27B68A55,/cce-leadership/feedback/<str:engagement_id>/pass,cce_feedback_pass,action,apps.frontend.views.cce_leadership_views.feedback_pass,ADMIN | CD | PL | RPL,,referenced-by-automated-test,Inventory only; no per-route execution claim. Consult test and browser evidence.
UI-PAGE-39F66F81DE,/cce-leadership/reports,cce_reports,page,apps.frontend.views.cce_leadership_views.reports_view,ADMIN | RPL | RVP,pages/cce_leadership/workspace.html,referenced-by-automated-test,Inventory only; no per-route execution claim. Consult test and browser evidence.
UI-PAGE-B963DCB361,/cce-leadership/reports/<str:report_id>,cce_report_drawer,drawer,apps.frontend.views.cce_leadership_views.report_drawer,ADMIN | RPL | RVP,partials/hr/form_drawer.html,referenced-by-automated-test,Inventory only; no per-route execution claim. Consult test and browser evidence.
UI-PAGE-82FE3278FB,/cce-leadership/reports/<str:report_id>/review,cce_report_review,action,apps.frontend.views.cce_leadership_views.report_review,ADMIN | RPL | RVP,,coverage-review-required,Inventory only; no per-route execution claim. Consult test and browser evidence.
UI-PAGE-04A4E954F7,/cce-leadership/reports/<str:report_id>/save,cce_report_save,action,apps.frontend.views.cce_leadership_views.report_save,ADMIN | RPL | RVP,,coverage-review-required,Inventory only; no per-route execution claim. Consult test and browser evidence.
UI-PAGE-01E1012D38,/cce-leadership/reports/new,cce_report_new_drawer,drawer,apps.frontend.views.cce_leadership_views.report_new_drawer,ADMIN | RPL | RVP,partials/hr/form_drawer.html,referenced-by-automated-test,Inventory only; no per-route execution claim. Consult test and browser evidence.
UI-PAGE-86BCA6686D,/cce-leadership/reports/start,cce_report_start,action,apps.frontend.views.cce_leadership_views.report_start,ADMIN | RPL | RVP,,coverage-review-required,Inventory only; no per-route execution claim. Consult test and browser evidence.
UI-PAGE-D3BB0CD510,/change-password,change_password,page,apps.frontend.views.auth_views.force_change_password_view,,pages/auth/change_password.html,referenced-by-automated-test,Inventory only; no per-route execution claim. Consult test and browser evidence.
UI-PAGE-6297FE3532,/clusters,cluster_list,partial,apps.frontend.views.cluster_views.cluster_list_view,ADMIN | CCEO | CD | IA | PL,partials/clusters/htmx_response.html | pages/clusters/index.html,referenced-by-automated-test,Inventory only; no per-route execution claim. Consult test and browser evidence.
UI-PAGE-ED202C2D52,/clusters/<str:cluster_id>,cluster_detail,page,apps.frontend.views.cluster_views.cluster_detail_view,ADMIN | CCEO | CD | IA | PL,pages/clusters/detail.html,referenced-by-automated-test,Inventory only; no per-route execution claim. Consult test and browser evidence.
UI-PAGE-FA80612906,/clusters/<str:cluster_id>/bulk-assign-drawer,cluster_bulk_assign_drawer,drawer,apps.frontend.views.cluster_views.cluster_bulk_assign_drawer_view,ACCOUNTANT | ADMIN | CCEO | CD | IA | PL | PROJECT_COORDINATOR,partials/schools/toast_success.html | partials/clusters/bulk_assign_drawer.html,referenced-by-automated-test,Inventory only; no per-route execution claim. Consult test and browser evidence.
UI-PAGE-C171311DFC,/clusters/<str:cluster_id>/delete,delete_cluster,action,apps.frontend.views.cluster_views.delete_cluster_view,ACCOUNTANT | ADMIN | CCEO | CD | IA | PL | PROJECT_COORDINATOR,,referenced-by-automated-test,Inventory only; no per-route execution claim. Consult test and browser evidence.
UI-PAGE-67CB08D75B,/clusters/<str:cluster_id>/edit,edit_cluster,action,apps.frontend.views.cluster_views.edit_cluster_view,ACCOUNTANT | ADMIN | CCEO | CD | IA | PL | PROJECT_COORDINATOR,,referenced-by-automated-test,Inventory only; no per-route execution claim. Consult test and browser evidence.
UI-PAGE-2F0996F451,/clusters/<str:cluster_id>/edit-drawer,edit_cluster_drawer,drawer,apps.frontend.views.cluster_views.edit_cluster_drawer_view,ACCOUNTANT | ADMIN | CCEO | CD | IA | PL | PROJECT_COORDINATOR,partials/clusters/edit_cluster_drawer.html,referenced-by-automated-test,Inventory only; no per-route execution claim. Consult test and browser evidence.
UI-PAGE-DFAF9F746E,/clusters/cost-preview,cluster_cost_preview,partial,apps.frontend.views.cluster_views.cluster_cost_preview_partial,ACCOUNTANT | ADMIN | CCEO | CD | IA | PL | PROJECT_COORDINATOR,partials/cost_preview.html,referenced-by-automated-test,Inventory only; no per-route execution claim. Consult test and browser evidence.
UI-PAGE-D1234D25E2,/clusters/create,create_cluster,action,apps.frontend.views.cluster_views.create_cluster_view,ACCOUNTANT | ADMIN | CCEO | CD | IA | PL | PROJECT_COORDINATOR,,referenced-by-automated-test,Inventory only; no per-route execution claim. Consult test and browser evidence.
UI-PAGE-5250FB3393,/clusters/create-drawer,create_cluster_drawer,drawer,apps.frontend.views.cluster_views.create_cluster_drawer_view,ACCOUNTANT | ADMIN | CCEO | CD | IA | PL | PROJECT_COORDINATOR,partials/clusters/create_cluster_drawer.html,referenced-by-automated-test,Inventory only; no per-route execution claim. Consult test and browser evidence.
UI-PAGE-F540B4C3EA,/clusters/detail-drawer/<str:cluster_id>,cluster_detail_drawer,drawer,apps.frontend.views.cluster_views.cluster_detail_drawer_view,ACCOUNTANT | ADMIN | CCEO | CD | IA | PL | PROJECT_COORDINATOR,partials/clusters/cluster_detail_drawer.html,referenced-by-automated-test,Inventory only; no per-route execution claim. Consult test and browser evidence.
UI-PAGE-5358B3B94B,/clusters/eligible-staff,eligible_staff_options,action,apps.frontend.views.cluster_views.eligible_staff_options_view,ACCOUNTANT | ADMIN | CCEO | CD | IA | PL | PROJECT_COORDINATOR,,referenced-by-automated-test,Inventory only; no per-route execution claim. Consult test and browser evidence.
UI-PAGE-38D094CCDD,/clusters/impact-drawer/<str:cluster_id>,cluster_impact_drawer,drawer,apps.frontend.views.cluster_views.intervention_impact_drawer_view,ACCOUNTANT | ADMIN | CCEO | CD | IA | PL | PROJECT_COORDINATOR,partials/clusters/intervention_impact_drawer.html,referenced-by-automated-test,Inventory only; no per-route execution claim. Consult test and browser evidence.
UI-PAGE-9C2D280FE0,/clusters/impact/<str:cluster_id>,cluster_impact_partial,partial,apps.frontend.views.cluster_views.cluster_impact_partial,ACCOUNTANT | ADMIN | CCEO | CD | IA | PL | PROJECT_COORDINATOR,partials/clusters/impact_panel.html,referenced-by-automated-test,Inventory only; no per-route execution claim. Consult test and browser evidence.
UI-PAGE-2ED83EFD47,/clusters/planner-drawer,cluster_planner_drawer,drawer,apps.frontend.views.cluster_views.planner_drawer_view,ACCOUNTANT | ADMIN | CCEO | CD | IA | PL | PROJECT_COORDINATOR,partials/clusters/cluster_action_planner_drawer.html,referenced-by-automated-test,Inventory only; no per-route execution claim. Consult test and browser evidence.
UI-PAGE-DE58BA1934,/clusters/schedule-activity,cluster_schedule_activity,drawer,apps.frontend.views.cluster_views.cluster_schedule_activity_view,ACCOUNTANT | ADMIN | CCEO | CD | IA | PL | PROJECT_COORDINATOR,partials/clusters/cluster_action_planner_drawer.html,referenced-by-automated-test,Inventory only; no per-route execution claim. Consult test and browser evidence.
UI-PAGE-3EB2E7F348,/clusters/schedule-meeting-drawer,schedule_meeting_drawer,drawer,apps.frontend.views.cluster_views.schedule_meeting_drawer_view,ACCOUNTANT | ADMIN | CCEO | CD | IA | PL | PROJECT_COORDINATOR,partials/clusters/cluster_action_planner_drawer.html,referenced-by-automated-test,Inventory only; no per-route execution claim. Consult test and browser evidence.
UI-PAGE-65C7CBA4DB,/clusters/schedule-training-drawer,schedule_training_drawer,drawer,apps.frontend.views.cluster_views.schedule_training_drawer_view,ACCOUNTANT | ADMIN | CCEO | CD | IA | PL | PROJECT_COORDINATOR,partials/clusters/cluster_action_planner_drawer.html,referenced-by-automated-test,Inventory only; no per-route execution claim. Consult test and browser evidence.
UI-PAGE-1294570DE0,/compensation-benefits,compensation_benefits,page,apps.frontend.views.hr_views.compensation_benefits_view,ADMIN | HR,pages/hr/module_workspace.html,referenced-by-automated-test,Inventory only; no per-route execution claim. Consult test and browser evidence.
UI-PAGE-061697B28A,/compensation-benefits/<str:staff_id>,compensation_drawer,drawer,apps.frontend.views.hr_programme_views.compensation_drawer,ADMIN | HR,partials/hr/form_drawer.html,coverage-review-required,Inventory only; no per-route execution claim. Consult test and browser evidence.
UI-PAGE-4238220E8F,/compensation-benefits/new,compensation_new_drawer,drawer,apps.frontend.views.hr_programme_views.compensation_new_drawer,ADMIN | HR,partials/hr/form_drawer.html,coverage-review-required,Inventory only; no per-route execution claim. Consult test and browser evidence.
UI-PAGE-6AD574A855,/compensation-benefits/save,compensation_save,action,apps.frontend.views.hr_programme_views.compensation_save,ADMIN | HR,,referenced-by-automated-test,Inventory only; no per-route execution claim. Consult test and browser evidence.
UI-PAGE-652212DA21,/completed-activities,completed_activities,page,apps.frontend.views.closure_views.completed_activities_view,ACCOUNTANT | ADMIN | CCEO | CD | IA | PL | PROJECT_COORDINATOR,pages/analytics/workspace.html | partials/analytics/panel.html | partials/analytics/scope.html,referenced-by-automated-test,Inventory only; no per-route execution claim. Consult test and browser evidence.
UI-PAGE-6A7759EFE6,/completed-activities/<str:activity_id>,completed_activity_detail,page,apps.frontend.views.closure_views.completed_activity_detail_view,ACCOUNTANT | ADMIN | CCEO | CD | IA | PL | PROJECT_COORDINATOR,pages/closure/completed_detail.html,referenced-by-automated-test,Inventory only; no per-route execution claim. Consult test and browser evidence.
UI-PAGE-863319037E,/completed-activities/<str:activity_id>/,,page,apps.frontend.views.closure_views.completed_activity_detail_view,ACCOUNTANT | ADMIN | CCEO | CD | IA | PL | PROJECT_COORDINATOR,pages/closure/completed_detail.html,referenced-by-automated-test,Inventory only; no per-route execution claim. Consult test and browser evidence.
UI-PAGE-49B65EC594,/compliance-register,compliance_register,page,apps.frontend.views.hr_views.compliance_register_view,ADMIN | HR,pages/hr/module_workspace.html,referenced-by-automated-test,Inventory only; no per-route execution claim. Consult test and browser evidence.
UI-PAGE-DB334B0C2E,/compliance-register/<str:record_id>,compliance_record_drawer,drawer,apps.frontend.views.hr_programme_views.compliance_record_drawer,ADMIN | HR,partials/hr/form_drawer.html,coverage-review-required,Inventory only; no per-route execution claim. Consult test and browser evidence.
UI-PAGE-AC385A04B9,/compliance-register/new,compliance_evidence_drawer,drawer,apps.frontend.views.hr_programme_views.compliance_evidence_drawer,ADMIN | HR,partials/hr/form_drawer.html,referenced-by-automated-test,Inventory only; no per-route execution claim. Consult test and browser evidence.
UI-PAGE-6434887040,/compliance-register/requirement,compliance_requirement_drawer,drawer,apps.frontend.views.hr_programme_views.compliance_requirement_drawer,ADMIN | HR,partials/hr/form_drawer.html,referenced-by-automated-test,Inventory only; no per-route execution claim. Consult test and browser evidence.
UI-PAGE-EB42D38F2F,/compliance-register/requirement/add,compliance_requirement_add,action,apps.frontend.views.hr_programme_views.compliance_requirement_add,ADMIN | HR,,referenced-by-automated-test,Inventory only; no per-route execution claim. Consult test and browser evidence.
UI-PAGE-CAE42FDDA4,/compliance-register/save,compliance_evidence_save,action,apps.frontend.views.hr_programme_views.compliance_evidence_save,ADMIN | HR,,referenced-by-automated-test,Inventory only; no per-route execution claim. Consult test and browser evidence.
UI-PAGE-674EDB9BA4,/core-school-health,core_school_health,page,apps.frontend.views.decision_views.core_school_health_view,ADMIN | CD | IA | PL | RVP,pages/analytics/workspace.html | partials/analytics/panel.html | partials/analytics/scope.html,referenced-by-automated-test,Inventory only; no per-route execution claim. Consult test and browser evidence.
UI-PAGE-635D9F0FEB,/core-schools,core_schools,partial,apps.frontend.views.core_schools_views.core_schools_view,ACCOUNTANT | ADMIN | CCEO | CD | IA | PL,partials/core_schools/matrix_table.html | pages/core_schools/index.html,referenced-by-automated-test,Inventory only; no per-route execution claim. Consult test and browser evidence.
UI-PAGE-C4495A9FB9,/core-schools/<str:plan_id>,core_school_detail,page,apps.frontend.views.extended_views.core_school_detail_view,ACCOUNTANT | ADMIN | CCEO | CD | IA | PL | PROJECT_COORDINATOR,pages/core_schools/detail.html,referenced-by-automated-test,Inventory only; no per-route execution claim. Consult test and browser evidence.
UI-PAGE-360423493D,/core-schools/<str:school_id>/champion-approve,champion_approve_action,action,apps.frontend.views.core_schools_views.champion_approve_action,ACCOUNTANT | ADMIN | CCEO | CD | IA | PL,,referenced-by-automated-test,Inventory only; no per-route execution claim. Consult test and browser evidence.
UI-PAGE-4C0FCAE306,/core-schools/<str:school_id>/champion-reject,champion_reject_action,action,apps.frontend.views.core_schools_views.champion_reject_action,ACCOUNTANT | ADMIN | CCEO | CD | IA | PL,,referenced-by-automated-test,Inventory only; no per-route execution claim. Consult test and browser evidence.
UI-PAGE-948C353E74,/core-schools/<str:school_id>/champion-review,champion_review_drawer,drawer,apps.frontend.views.core_schools_views.champion_review_drawer,ACCOUNTANT | ADMIN | CCEO | CD | IA | PL,partials/core_schools/champion_review_drawer.html,referenced-by-automated-test,Inventory only; no per-route execution claim. Consult test and browser evidence.
UI-PAGE-79BBB2B7DD,/core-schools/assessment,core_assessment_drawer,drawer,apps.frontend.views.core_schools_views.core_assessment_drawer,ACCOUNTANT | ADMIN | CCEO | CD | IA | PL,partials/core_schools/core_assessment_drawer.html,referenced-by-automated-test,Inventory only; no per-route execution claim. Consult test and browser evidence.
UI-PAGE-F6A4E5E228,/core-schools/assign-partner,core_assign_partner_drawer,drawer,apps.frontend.views.core_schools_views.core_assign_partner_drawer,ACCOUNTANT | ADMIN | CCEO | CD | IA | PL,partials/core_schools/assign_partner_drawer.html,referenced-by-automated-test,Inventory only; no per-route execution claim. Consult test and browser evidence.
UI-PAGE-FFB6C91F57,/core-schools/assign-partner/action,core_assign_partner_action,action,apps.frontend.views.core_schools_views.core_assign_partner_action,ACCOUNTANT | ADMIN | CCEO | CD | IA | PL,,referenced-by-automated-test,Inventory only; no per-route execution claim. Consult test and browser evidence.
UI-PAGE-40B24E4260,/core-schools/champion-candidates,champion_candidates,page,apps.frontend.views.core_schools_views.champion_candidates_view,ACCOUNTANT | ADMIN | CCEO | CD | IA | PL,pages/core_schools/champion_candidates.html,referenced-by-automated-test,Inventory only; no per-route execution claim. Consult test and browser evidence.
UI-PAGE-4D5A56548B,/core-schools/champions,champions_list,page,apps.frontend.views.core_schools_views.champions_list_view,ACCOUNTANT | ADMIN | CCEO | CD | IA | PL,pages/core_schools/champions.html,referenced-by-automated-test,Inventory only; no per-route execution claim. Consult test and browser evidence.
UI-PAGE-E0D4C86D58,/core-schools/oversight/send,core_oversight_send_action,action,apps.frontend.views.core_schools_views.core_oversight_send_action,ACCOUNTANT | ADMIN | CCEO | CD | IA | PL,,referenced-by-automated-test,Inventory only; no per-route execution claim. Consult test and browser evidence.
UI-PAGE-EAEE2E2561,/core-schools/schedule-activity,core_schedule_activity_drawer,drawer,apps.frontend.views.core_schools_views.core_schedule_activity_drawer,ACCOUNTANT | ADMIN | CCEO | CD | IA | PL,partials/core_schools/schedule_activity_drawer.html,referenced-by-automated-test,Inventory only; no per-route execution claim. Consult test and browser evidence.
UI-PAGE-21C12E11BA,/core-schools/schedule-training,core_schedule_training_drawer,drawer,apps.frontend.views.core_schools_views.core_schedule_training_drawer,ACCOUNTANT | ADMIN | CCEO | CD | IA | PL,partials/core_schools/schedule_training_drawer.html,referenced-by-automated-test,Inventory only; no per-route execution claim. Consult test and browser evidence.
UI-PAGE-B028D7C544,/core-schools/schedule-training/action,core_schedule_training_action,action,apps.frontend.views.core_schools_views.core_schedule_training_action,ACCOUNTANT | ADMIN | CCEO | CD | IA | PL,,referenced-by-automated-test,Inventory only; no per-route execution claim. Consult test and browser evidence.
UI-PAGE-0B247C98CF,/core-schools/schedule-visit,core_schedule_visit_drawer,drawer,apps.frontend.views.core_schools_views.core_schedule_visit_drawer,ACCOUNTANT | ADMIN | CCEO | CD | IA | PL,partials/core_schools/schedule_visit_drawer.html,referenced-by-automated-test,Inventory only; no per-route execution claim. Consult test and browser evidence.
UI-PAGE-1B92F939B0,/core-schools/schedule-visit/action,core_schedule_visit_action,action,apps.frontend.views.core_schools_views.core_schedule_visit_action,ACCOUNTANT | ADMIN | CCEO | CD | IA | PL,,referenced-by-automated-test,Inventory only; no per-route execution claim. Consult test and browser evidence.
UI-PAGE-E1FE532B4B,/core-schools/strategy-playbook,core_strategy_playbook_drawer,drawer,apps.frontend.views.core_schools_views.core_strategy_playbook_drawer,ACCOUNTANT | ADMIN | CCEO | CD | IA | PL,partials/core_schools/strategy_playbook_drawer.html,referenced-by-automated-test,Inventory only; no per-route execution claim. Consult test and browser evidence.
UI-PAGE-B2C7B8534B,/cost-intelligence,cost_intelligence,action,apps.frontend.views.finance_views.cost_intelligence_view,ACCOUNTANT | ADMIN | RVP,,coverage-review-required,Inventory only; no per-route execution claim. Consult test and browser evidence.
UI-PAGE-AD648BAC50,/cost-settings,cost_settings,page,apps.frontend.views.finance_views.cost_settings_view,ADMIN | CD,pages/cost_settings/index.html,referenced-by-automated-test,Inventory only; no per-route execution claim. Consult test and browser evidence.
UI-PAGE-355BFF3F2B,/cost-settings/add,cost_settings_add,drawer,apps.frontend.views.finance_views.add_linked_cost_view,ADMIN | CD,partials/cost_settings/add_drawer.html,referenced-by-automated-test,Inventory only; no per-route execution claim. Consult test and browser evidence.
UI-PAGE-6B5ACDE957,/cost-settings/initialize-default,initialize_default_catalogue,action,apps.frontend.views.finance_views.initialize_default_catalogue_view,ADMIN | CD,,referenced-by-automated-test,Inventory only; no per-route execution claim. Consult test and browser evidence.
UI-PAGE-B40AF5ED77,/cost-settings/row/<str:key>,cost_setting_row,drawer,apps.frontend.views.finance_views.cost_setting_row_view,ADMIN | CD,partials/cost_settings/edit_drawer.html | partials/cost_settings/cost_setting_row.html,referenced-by-automated-test,Inventory only; no per-route execution claim. Consult test and browser evidence.
UI-PAGE-172950D3EF,/country-budget,country_budget,action,apps.frontend.views.finance_views.country_budget_view,ACCOUNTANT | ADMIN | CD | IA | RVP,,referenced-by-automated-test,Inventory only; no per-route execution claim. Consult test and browser evidence.
UI-PAGE-9463365068,/country-budget/,,action,apps.frontend.views.finance_views.country_budget_view,ACCOUNTANT | ADMIN | CD | IA | RVP,,referenced-by-automated-test,Inventory only; no per-route execution claim. Consult test and browser evidence.
UI-PAGE-7BA512D877,/country-budget/action,country_budget_action,partial,apps.frontend.views.finance_views.country_budget_action_view,ACCOUNTANT | ADMIN | CD | IA | RVP,partials/finance/country_budget/root.html,referenced-by-automated-test,Inventory only; no per-route execution claim. Consult test and browser evidence.
UI-PAGE-42E1B1E4D5,/country-budget/history,country_budget_history,page,apps.frontend.views.finance_views.country_budget_history_view,ACCOUNTANT | ADMIN | CD | IA | RVP,pages/finance/country_budget_history.html,referenced-by-automated-test,Inventory only; no per-route execution claim. Consult test and browser evidence.
UI-PAGE-E49086D072,/country-budget/history/<str:budget_id>,country_budget_submission_detail,page,apps.frontend.views.finance_views.country_budget_submission_detail_view,ACCOUNTANT | ADMIN | CD | IA | RVP,pages/finance/country_budget_submission.html,referenced-by-automated-test,Inventory only; no per-route execution claim. Consult test and browser evidence.
UI-PAGE-6C0C6DD33B,/country-budget/plan-sources,country_budget_plan_sources,drawer,apps.frontend.views.finance_views.country_budget_plan_sources_view,ACCOUNTANT | ADMIN | CD | IA | RVP,partials/finance/country_budget/plan_sources_drawer.html,referenced-by-automated-test,Inventory only; no per-route execution claim. Consult test and browser evidence.
UI-PAGE-EFEA0EEA3D,/country-budget/return,country_budget_return_drawer,drawer,apps.frontend.views.finance_views.country_budget_return_drawer_view,ACCOUNTANT | ADMIN | CD | IA | RVP,partials/finance/country_budget/return_drawer.html,referenced-by-automated-test,Inventory only; no per-route execution claim. Consult test and browser evidence.
UI-PAGE-3CB2AE6648,/country-planning-oversight/,country_planning_oversight,partial,apps.frontend.views.oversight_views.country_planning_oversight_view,ADMIN | CD | RVP,partials/oversight/cd_workspace.html | pages/oversight/country_planning.html,referenced-by-automated-test,Inventory only; no per-route execution claim. Consult test and browser evidence.
UI-PAGE-D0BD7CD860,/country-planning-oversight/export,country_planning_oversight_export,export,apps.frontend.views.oversight_views.country_planning_export_view,ADMIN | CD | RVP,,coverage-review-required,Inventory only; no per-route execution claim. Consult test and browser evidence.
UI-PAGE-15D0AB1EB0,/country-planning-oversight/send,country_planning_oversight_send,action,apps.frontend.views.oversight_views.country_planning_send_action_view,ADMIN | CD | RVP,,referenced-by-automated-test,Inventory only; no per-route execution claim. Consult test and browser evidence.
UI-PAGE-F26256AF53,/country-planning-oversight/team/<str:staff_id>,country_planning_oversight_team,partial,apps.frontend.views.oversight_views.country_planning_team_view,ADMIN | CD | RVP,partials/oversight/cd_team_detail.html,coverage-review-required,Inventory only; no per-route execution claim. Consult test and browser evidence.
UI-PAGE-3C3DB87ABF,/coverage,coverage,page,apps.frontend.views.extended_views.coverage_view,ADMIN | CD | HR | IA | PROJECT_COORDINATOR | RVP,pages/coverage/index.html,referenced-by-automated-test,Inventory only; no per-route execution claim. Consult test and browser evidence.
UI-PAGE-6E4DAD286B,/cpd-learning,cpd_learning,partial,apps.frontend.views.hr_views.cpd_learning_view,ADMIN | CD | HR | PL | RVP,partials/hr/pd_dashboard/tracker_table.html | pages/hr/professional_development_dashboard.html,referenced-by-automated-test,Inventory only; no per-route execution claim. Consult test and browser evidence.
UI-PAGE-442BF26C2E,/cpd-learning/action,pd_dashboard_action,action,apps.frontend.views.hr_views.pd_dashboard_action_view,ADMIN | CD | HR | PL | RVP,,referenced-by-automated-test,Inventory only; no per-route execution claim. Consult test and browser evidence.
UI-PAGE-86CEE7AF2C,/cpd-learning/adjust-allocation,pd_dashboard_adjust_allocation,drawer,apps.frontend.views.hr_views.pd_dashboard_adjust_allocation_view,ADMIN | CD | HR | PL | RVP,partials/hr/pd_dashboard/adjust_allocation_drawer.html,referenced-by-automated-test,Inventory only; no per-route execution claim. Consult test and browser evidence.
UI-PAGE-821197ACB6,/cpd-learning/return,pd_supervisor_return_drawer,drawer,apps.frontend.views.hr_views.pd_supervisor_return_drawer,ADMIN | CD | HR | PL | RVP,partials/hr/form_drawer.html,referenced-by-automated-test,Inventory only; no per-route execution claim. Consult test and browser evidence.
UI-PAGE-7D69FB07E8,/culture-engagement,culture_engagement,page,apps.frontend.views.hr_views.culture_engagement_view,ADMIN | HR,pages/hr/module_workspace.html,referenced-by-automated-test,Inventory only; no per-route execution claim. Consult test and browser evidence.
UI-PAGE-EFB8E1FB3D,/dashboard,dashboard,partial,apps.frontend.views.dashboard_views.dashboard_view,ACCOUNTANT | ADMIN | BUSINESS_TRANSFORMATION | CCEO | CD | HR | IA | MFI_ADMIN | MFI_OFFICER | PARTNER | PL | PROJECT_COORDINATOR | RPL | RVP,partials/dashboards/_view_tabs.html | partials/dashboards/cd/body.html | pages/dashboards/cd.html | pages/dashboards/rvp.html | partials/dashboards/hr/body.html | pages/dashboards/hr.html | pages/dashboards/cceo.html | pages/dashboards/special_projects.html | pages/dashboards/main.html,referenced-by-automated-test,Inventory only; no per-route execution claim. Consult test and browser evidence.
UI-PAGE-4738B1CEF1,/dashboard/cd-approve,cd_dashboard_approve,partial,apps.frontend.views.dashboard_views.cd_dashboard_approve_view,ADMIN | CD,partials/dashboards/cd/body.html,referenced-by-automated-test,Inventory only; no per-route execution claim. Consult test and browser evidence.
UI-PAGE-35678484B9,/dashboard/cd-return,cd_dashboard_return,partial,apps.frontend.views.dashboard_views.cd_dashboard_return_view,ADMIN | CD,partials/dashboards/cd/body.html,referenced-by-automated-test,Inventory only; no per-route execution claim. Consult test and browser evidence.
UI-PAGE-190160CA0F,/dashboard/pl,pl_dashboard,action,apps.frontend.views.dashboard_views.program_lead_dashboard_view,ACCOUNTANT | ADMIN | BUSINESS_TRANSFORMATION | CCEO | CD | HR | IA | MFI_ADMIN | MFI_OFFICER | PARTNER | PL | PROJECT_COORDINATOR | RPL | RVP,,referenced-by-automated-test,Inventory only; no per-route execution claim. Consult test and browser evidence.
UI-PAGE-9ED6856417,/dashboard/pl-approve,pl_dashboard_approve,action,apps.frontend.views.dashboard_views.pl_dashboard_approve_view,ACCOUNTANT | ADMIN | BUSINESS_TRANSFORMATION | CCEO | CD | HR | IA | MFI_ADMIN | MFI_OFFICER | PARTNER | PL | PROJECT_COORDINATOR | RPL | RVP,,referenced-by-automated-test,Inventory only; no per-route execution claim. Consult test and browser evidence.
UI-PAGE-3D83415EFD,/dashboard/pl-drilldown,pl_dashboard_drilldown,partial,apps.frontend.views.dashboard_views.pl_dashboard_drilldown_view,ACCOUNTANT | ADMIN | BUSINESS_TRANSFORMATION | CCEO | CD | HR | IA | MFI_ADMIN | MFI_OFFICER | PARTNER | PL | PROJECT_COORDINATOR | RPL | RVP,partials/dashboards/pl/drilldown.html,referenced-by-automated-test,Inventory only; no per-route execution claim. Consult test and browser evidence.
UI-PAGE-6DED1FE26D,/dashboard/pl-send-urgent-action,pl_send_urgent_action,partial,apps.frontend.views.dashboard_views.pl_send_urgent_action_view,ACCOUNTANT | ADMIN | BUSINESS_TRANSFORMATION | CCEO | CD | HR | IA | MFI_ADMIN | MFI_OFFICER | PARTNER | PL | PROJECT_COORDINATOR | RPL | RVP,partials/dashboards/pl/urgent_action_error.html | partials/dashboards/pl/urgent_action_sent.html,referenced-by-automated-test,Inventory only; no per-route execution claim. Consult test and browser evidence.
UI-PAGE-D2C1ACA82A,/dashboard/pl-urgent-schools,pl_urgent_schools_page,partial,apps.frontend.views.dashboard_views.pl_urgent_schools_page_view,ACCOUNTANT | ADMIN | BUSINESS_TRANSFORMATION | CCEO | CD | HR | IA | MFI_ADMIN | MFI_OFFICER | PARTNER | PL | PROJECT_COORDINATOR | RPL | RVP,partials/dashboards/pl/urgent_schools_page.html,referenced-by-automated-test,Inventory only; no per-route execution claim. Consult test and browser evidence.
UI-PAGE-063B2154FF,/dashboard/planning-progress,planning_progress_fragment,partial,apps.frontend.views.dashboard_views.planning_progress_fragment_view,ACCOUNTANT | ADMIN | BUSINESS_TRANSFORMATION | CCEO | CD | HR | IA | MFI_ADMIN | MFI_OFFICER | PARTNER | PL | PROJECT_COORDINATOR | RPL | RVP,partials/dashboards/admin/_planning_progress_body.html,referenced-by-automated-test,Inventory only; no per-route execution claim. Consult test and browser evidence.
UI-PAGE-44FBA5501A,/data-quality/duplicates,duplicate_review,page,apps.frontend.views.extended_views.duplicate_review_view,ADMIN | IA,pages/admin/duplicate_review.html,referenced-by-automated-test,Inventory only; no per-route execution claim. Consult test and browser evidence.
UI-PAGE-3804BD9D07,/data-quality/issue/<str:issue_id>/action,data_quality_issue_action,partial,apps.frontend.views.extended_views.data_quality_issue_action_view,ADMIN | IA,partials/data_quality/issue_row.html,referenced-by-automated-test,Inventory only; no per-route execution claim. Consult test and browser evidence.
UI-PAGE-02AC0DDFB9,/data-repair,data_repair,page,apps.admin_ops.views.data_repair_view,ADMIN,pages/admin_ops/data_repair.html,referenced-by-automated-test,Inventory only; no per-route execution claim. Consult test and browser evidence.
UI-PAGE-A2860968D2,/data-repair/<str:key>/apply,apply_data_repair,action,apps.admin_ops.views.apply_repair_view,ADMIN,,referenced-by-automated-test,Inventory only; no per-route execution claim. Consult test and browser evidence.
UI-PAGE-A3ABFAEDCD,/debriefs,debriefs_list,partial,apps.frontend.views.debrief_views.field_debrief_dashboard_view,ADMIN | CCEO | CD | HR | IA | PARTNER | PL | PROJECT_COORDINATOR | RVP,partials/debriefs/dashboard_table.html | partials/debriefs/dashboard_body.html | pages/debriefs/dashboard.html,referenced-by-automated-test,Inventory only; no per-route execution claim. Consult test and browser evidence.
UI-PAGE-0BAB7C19E4,/debriefs/<str:debrief_id>,debrief_detail,page,apps.frontend.views.debrief_views.field_debrief_detail_view,ADMIN | CCEO | CD | HR | IA | PARTNER | PL | PROJECT_COORDINATOR | RVP,pages/debriefs/detail.html,coverage-review-required,Inventory only; no per-route execution claim. Consult test and browser evidence.
UI-PAGE-2C1B7C8FA7,/debriefs/action,debrief_action,action,apps.frontend.views.debrief_views.field_debrief_action_view,ADMIN | CCEO | CD | HR | IA | PARTNER | PL | PROJECT_COORDINATOR | RVP,,referenced-by-automated-test,Inventory only; no per-route execution claim. Consult test and browser evidence.
UI-PAGE-E64B01174E,/debriefs/activity-options,debrief_activity_options,action,apps.frontend.views.debrief_views.field_debrief_activity_options_view,ADMIN | CCEO | CD | HR | IA | PARTNER | PL | PROJECT_COORDINATOR | RVP,,referenced-by-automated-test,Inventory only; no per-route execution claim. Consult test and browser evidence.
UI-PAGE-6F9D10A2EA,/debriefs/submit,debrief_submit,page,apps.frontend.views.debrief_views.field_debrief_submit_view,ADMIN | CCEO | CD | HR | IA | PARTNER | PL | PROJECT_COORDINATOR | RVP,pages/debriefs/submit.html | partials/debriefs/autosave_chip.html,referenced-by-automated-test,Inventory only; no per-route execution claim. Consult test and browser evidence.
UI-PAGE-DEC5E97B9C,/debriefs/weekly-report,debrief_weekly_report,page,apps.frontend.views.debrief_views.weekly_debrief_report_view,ADMIN | CCEO | CD | HR | IA | PARTNER | PL | PROJECT_COORDINATOR | RVP,pages/debriefs/weekly_report.html,referenced-by-automated-test,Inventory only; no per-route execution claim. Consult test and browser evidence.
UI-PAGE-B7762FBF15,/debriefs/weekly-report/pdf,debrief_weekly_report_pdf,export,apps.frontend.views.debrief_views.weekly_debrief_report_pdf_view,ADMIN | CCEO | CD | HR | IA | PARTNER | PL | PROJECT_COORDINATOR | RVP,,referenced-by-automated-test,Inventory only; no per-route execution claim. Consult test and browser evidence.
UI-PAGE-A93160664D,/decision-log,decision_log,page,apps.frontend.views.decision_views.decision_log_view,ACCOUNTANT | ADMIN | BUSINESS_TRANSFORMATION | CCEO | CD | HR | IA | MFI_ADMIN | MFI_OFFICER | PARTNER | PL | PROJECT_COORDINATOR | RPL | RVP,pages/analytics/workspace.html | partials/analytics/panel.html | partials/analytics/scope.html,referenced-by-automated-test,Inventory only; no per-route execution claim. Consult test and browser evidence.
UI-PAGE-F1B955629C,/decisions,decision_intelligence,page,apps.frontend.views.decision_views.decision_intelligence_view,ACCOUNTANT | ADMIN | CD | HR | RVP,pages/analytics/workspace.html | partials/analytics/panel.html | partials/analytics/scope.html,referenced-by-automated-test,Inventory only; no per-route execution claim. Consult test and browser evidence.
UI-PAGE-A2AAB0EEE2,/declining-schools,declining_schools,page,apps.frontend.views.decision_views.declining_schools_view,ADMIN | CCEO | CD | IA | PL | PROJECT_COORDINATOR | RVP,pages/analytics/workspace.html | partials/analytics/panel.html | partials/analytics/scope.html,referenced-by-automated-test,Inventory only; no per-route execution claim. Consult test and browser evidence.
UI-PAGE-E25D80DF26,/disbursements,disbursements,partial,apps.frontend.views.finance_views.disbursements_view,ACCOUNTANT | ADMIN,partials/disbursements/root.html | pages/disbursements/index.html,referenced-by-automated-test,Inventory only; no per-route execution claim. Consult test and browser evidence.
UI-PAGE-B2B709AA56,/disbursements/action,disbursements_action,partial,apps.frontend.views.finance_views.disbursement_action_view,ACCOUNTANT | ADMIN,partials/disbursements/root.html,referenced-by-automated-test,Inventory only; no per-route execution claim. Consult test and browser evidence.
UI-PAGE-99ACD5614E,/disbursements/detail,disbursements_detail,partial,apps.frontend.views.finance_views.disbursement_detail_view,ACCOUNTANT | ADMIN,partials/disbursements/detail.html,referenced-by-automated-test,Inventory only; no per-route execution claim. Consult test and browser evidence.
UI-PAGE-66250CABB0,/disbursements/drawer,disbursements_drawer,action,apps.frontend.views.finance_views.disbursement_drawer_view,ACCOUNTANT | ADMIN,,referenced-by-automated-test,Inventory only; no per-route execution claim. Consult test and browser evidence.
UI-PAGE-3E7346BCB9,/districts,districts_list,page,apps.frontend.views.extended_views.districts_list_view,ACCOUNTANT | ADMIN | CCEO | CD | IA | PL | PROJECT_COORDINATOR,pages/districts/index.html,referenced-by-automated-test,Inventory only; no per-route execution claim. Consult test and browser evidence.
UI-PAGE-A6FCE7EB16,/districts/<str:district_id>,district_detail,page,apps.frontend.views.extended_views.district_detail_view,ACCOUNTANT | ADMIN | CCEO | CD | IA | PL | PROJECT_COORDINATOR,pages/districts/detail.html,referenced-by-automated-test,Inventory only; no per-route execution claim. Consult test and browser evidence.
UI-PAGE-B49AB1186E,/documents/<slug:slug>/,document_viewer,page,apps.documents.views.document_viewer_view,,pages/documents/canonical_document.html | pages/documents/viewer.html,referenced-by-automated-test,Inventory only; no per-route execution claim. Consult test and browser evidence.
UI-PAGE-6A16EB2B5D,/documents/<slug:slug>/<str:action>,document_action,action,apps.documents.views.document_action_view,ADMIN | CD | HR | IA | RVP,,referenced-by-automated-test,Inventory only; no per-route execution claim. Consult test and browser evidence.
UI-PAGE-E27995BCBE,/documents/<slug:slug>/manage,manage_document,page,apps.documents.views.manage_document_view,ADMIN | CD | HR | IA | RVP,pages/documents/manage_document.html,referenced-by-automated-test,Inventory only; no per-route execution claim. Consult test and browser evidence.
UI-PAGE-80298B85DB,/documents/<slug:slug>/versions/new,new_document_version,action,apps.documents.views.new_version_view,ADMIN | CD | HR | IA | RVP,,referenced-by-automated-test,Inventory only; no per-route execution claim. Consult test and browser evidence.
UI-PAGE-191A6C74DD,/employee-relations,employee_relations,page,apps.frontend.views.hr_views.employee_relations_view,ADMIN | HR,pages/hr/module_workspace.html,referenced-by-automated-test,Inventory only; no per-route execution claim. Consult test and browser evidence.
UI-PAGE-CE90D5C0A9,/employee-relations/<str:case_id>,employee_relations_case,drawer,apps.frontend.views.hr_programme_views.er_case_drawer,ADMIN | HR,partials/hr/form_drawer.html,referenced-by-automated-test,Inventory only; no per-route execution claim. Consult test and browser evidence.
UI-PAGE-9B0DED69EE,/employee-relations/<str:case_id>/advance,employee_relations_advance,action,apps.frontend.views.hr_programme_views.er_advance,ADMIN | HR,,referenced-by-automated-test,Inventory only; no per-route execution claim. Consult test and browser evidence.
UI-PAGE-8B555F1B5F,/employee-relations/new,employee_relations_open_drawer,drawer,apps.frontend.views.hr_programme_views.er_open_drawer,ADMIN | HR,partials/hr/form_drawer.html,referenced-by-automated-test,Inventory only; no per-route execution claim. Consult test and browser evidence.
UI-PAGE-31FB0E6047,/employee-relations/open,employee_relations_open,action,apps.frontend.views.hr_programme_views.er_open,ADMIN | HR,,referenced-by-automated-test,Inventory only; no per-route execution claim. Consult test and browser evidence.
UI-PAGE-EAF8068263,/escalations,escalations,page,apps.frontend.views.escalation_views.escalations_view,ADMIN | CCEO | CD | PL | PROJECT_COORDINATOR | RVP,pages/escalations/index.html,referenced-by-automated-test,Inventory only; no per-route execution claim. Consult test and browser evidence.
UI-PAGE-0FD663DD8D,/evidence,evidence_gallery,action,apps.frontend.views.staff_views.evidence_gallery_view,ACCOUNTANT | ADMIN | CCEO | CD | IA | PL | PROJECT_COORDINATOR,,referenced-by-automated-test,Inventory only; no per-route execution claim. Consult test and browser evidence.
UI-PAGE-8AAED4C95E,/evidence/,evidence_center,action,apps.frontend.views.my_plan_views.evidence_center_view,ADMIN | CCEO | CD | IA | PARTNER | PL | PROJECT_COORDINATOR,,referenced-by-automated-test,Inventory only; no per-route execution claim. Consult test and browser evidence.
UI-PAGE-EAF2C08253,/evidence/returned,returned_evidence,action,apps.frontend.views.my_plan_views.returned_evidence_view,ADMIN | CCEO | CD | IA | PARTNER | PL | PROJECT_COORDINATOR,,referenced-by-automated-test,Inventory only; no per-route execution claim. Consult test and browser evidence.
UI-PAGE-CF53BB543B,/extra-work,extra_work,page,apps.frontend.views.extra_work_views.extra_work_page,ADMIN | CCEO | CD | PL,pages/hr/extra_work.html,referenced-by-automated-test,Inventory only; no per-route execution claim. Consult test and browser evidence.
UI-PAGE-27E90C9600,/extra-work/<str:assignment_id>/<str:action>,extra_work_action,action,apps.frontend.views.extra_work_views.extra_work_action,ADMIN | CCEO | CD | PL,,referenced-by-automated-test,Inventory only; no per-route execution claim. Consult test and browser evidence.
UI-PAGE-B8315198A8,/extra-work/<str:assignment_id>/submit-drawer,extra_work_submit_drawer,drawer,apps.frontend.views.extra_work_views.extra_work_submit_drawer,ADMIN | CCEO | CD | PL,partials/hr/extra_work_submit_drawer.html,referenced-by-automated-test,Inventory only; no per-route execution claim. Consult test and browser evidence.
UI-PAGE-73016C441F,/extra-work/assign,extra_work_assign,action,apps.frontend.views.extra_work_views.extra_work_assign_action,ADMIN | CCEO | CD | PL,,referenced-by-automated-test,Inventory only; no per-route execution claim. Consult test and browser evidence.
UI-PAGE-256323C127,/extra-work/assign-drawer,extra_work_assign_drawer,drawer,apps.frontend.views.extra_work_views.extra_work_assign_drawer,ADMIN | CCEO | CD | PL,partials/hr/extra_work_assign_drawer.html,referenced-by-automated-test,Inventory only; no per-route execution claim. Consult test and browser evidence.
UI-PAGE-44CF431D3D,/finance/actions/clear_partner_payment,clear_partner_payment_action,action,apps.frontend.views.finance_views.clear_partner_payment_action,ACCOUNTANT | ADMIN,,referenced-by-automated-test,Inventory only; no per-route execution claim. Consult test and browser evidence.
UI-PAGE-C48951EF66,/finance/actions/confirm_accountability,confirm_accountability_action,action,apps.frontend.views.finance_views.confirm_accountability_action,ACCOUNTANT | ADMIN,,referenced-by-automated-test,Inventory only; no per-route execution claim. Consult test and browser evidence.
UI-PAGE-7E089F7139,/finance/actions/disburse_advance,disburse_advance_action,action,apps.frontend.views.finance_views.disburse_advance_action,ACCOUNTANT | ADMIN,,referenced-by-automated-test,Inventory only; no per-route execution claim. Consult test and browser evidence.
UI-PAGE-8A0396BA64,/finance/actions/drawer,finance_action_drawer,drawer,apps.frontend.views.finance_views.finance_action_drawer_view,ACCOUNTANT | ADMIN,partials/finance/finance_action_drawer.html,referenced-by-automated-test,Inventory only; no per-route execution claim. Consult test and browser evidence.
UI-PAGE-9395431DA1,/finance/actions/process_reimbursement,process_reimbursement_action,action,apps.frontend.views.finance_views.process_reimbursement_action,ACCOUNTANT | ADMIN,,referenced-by-automated-test,Inventory only; no per-route execution claim. Consult test and browser evidence.
UI-PAGE-3C198F12F7,/finance/actions/return_correction,finance_return_action,action,apps.frontend.views.finance_views.finance_return_action,ACCOUNTANT | ADMIN,,referenced-by-automated-test,Inventory only; no per-route execution claim. Consult test and browser evidence.
UI-PAGE-B8FC75043B,/finance/fund-allocation,fund_allocation,page,apps.frontend.views.finance_views.fund_allocation_view,ACCOUNTANT | ADMIN | CD | IA | RVP,pages/finance/fund_allocation.html,referenced-by-automated-test,Inventory only; no per-route execution claim. Consult test and browser evidence.
UI-PAGE-D5ADBEA3B6,/finance/fund-allocation/,,page,apps.frontend.views.finance_views.fund_allocation_view,ACCOUNTANT | ADMIN | CD | IA | RVP,pages/finance/fund_allocation.html,referenced-by-automated-test,Inventory only; no per-route execution claim. Consult test and browser evidence.
UI-PAGE-BB1B653C5D,/finance/fund-allocation/admin-budget-drilldown,admin_budget_drilldown,partial,apps.frontend.views.finance_views.admin_budget_drilldown_view,ACCOUNTANT | ADMIN | CD | IA | RVP,partials/finance/admin_budget_drilldown.html,referenced-by-automated-test,Inventory only; no per-route execution claim. Consult test and browser evidence.
UI-PAGE-22C341EEE0,/finance/fund-allocation/drilldown,allocation_drilldown,drawer,apps.frontend.views.finance_views.allocation_drilldown_view,ACCOUNTANT | ADMIN | CD | IA | RVP,partials/finance/allocation_drilldown_drawer.html,referenced-by-automated-test,Inventory only; no per-route execution claim. Consult test and browser evidence.
UI-PAGE-85D177E3CF,/finance/fund-allocation/export-drawer,export_drawer,drawer,apps.frontend.views.finance_views.export_drawer_view,ACCOUNTANT | ADMIN | CD | IA | RVP,partials/finance/export_drawer.html,referenced-by-automated-test,Inventory only; no per-route execution claim. Consult test and browser evidence.
UI-PAGE-7921AB6C57,/fund-approvals,fund_approvals,partial,apps.frontend.views.extended_views.pl_fund_approvals_view,ADMIN | CD | PL,partials/fund_approvals/root.html | pages/fund_approvals/index.html,referenced-by-automated-test,Inventory only; no per-route execution claim. Consult test and browser evidence.
UI-PAGE-682E1299FA,/fund-approvals/action,fund_approvals_action,partial,apps.frontend.views.extended_views.pl_fund_action_view,ADMIN | CD | PL,partials/fund_approvals/root.html,referenced-by-automated-test,Inventory only; no per-route execution claim. Consult test and browser evidence.
UI-PAGE-604AD57E62,/fund-approvals/detail,fund_approvals_detail,partial,apps.frontend.views.extended_views.pl_fund_detail_view,ADMIN | CD | PL,partials/fund_approvals/detail.html,referenced-by-automated-test,Inventory only; no per-route execution claim. Consult test and browser evidence.
UI-PAGE-45A89C7D34,/fund-approvals/invoices/<str:invoice_id>/action,pl_partner_invoice_action,partial,apps.frontend.views.extended_views.pl_partner_invoice_action,ADMIN | CD | PL,partials/fund_approvals/root.html,referenced-by-automated-test,Inventory only; no per-route execution claim. Consult test and browser evidence.
UI-PAGE-5D4FA661D2,/fund-approvals/invoices/<str:invoice_id>/download,pl_partner_invoice_download,export,apps.frontend.views.extended_views.pl_partner_invoice_download,ADMIN | CD | PL,,referenced-by-automated-test,Inventory only; no per-route execution claim. Consult test and browser evidence.
UI-PAGE-D2A71FB89F,/fund-approvals/return,fund_approvals_return,drawer,apps.frontend.views.extended_views.pl_fund_return_modal_view,ADMIN | CD | PL,partials/fund_approvals/return_drawer.html,referenced-by-automated-test,Inventory only; no per-route execution claim. Consult test and browser evidence.
UI-PAGE-E752172BBA,/fund-requests,fund_requests_list,action,apps.frontend.views.finance_views.fund_requests_list_view,ACCOUNTANT | ADMIN | CCEO | CD | IA | PL | PROJECT_COORDINATOR,,referenced-by-automated-test,Inventory only; no per-route execution claim. Consult test and browser evidence.
UI-PAGE-A0B364D43A,/fund-requests/advances/<str:advance_id>/pl-approve,advance_pl_approve,partial,apps.frontend.views.budget_views.advance_pl_approve_action,ACCOUNTANT | ADMIN | CCEO | CD | IA | PL | PROJECT_COORDINATOR,partials/fund_requests/root.html | pages/fund_requests/weekly.html,referenced-by-automated-test,Inventory only; no per-route execution claim. Consult test and browser evidence.
UI-PAGE-CA0E7F63DC,/fund-requests/advances/<str:advance_id>/pl-return,advance_pl_return,partial,apps.frontend.views.budget_views.advance_pl_return_action,ACCOUNTANT | ADMIN | CCEO | CD | IA | PL | PROJECT_COORDINATOR,partials/fund_requests/root.html | pages/fund_requests/weekly.html,referenced-by-automated-test,Inventory only; no per-route execution claim. Consult test and browser evidence.
UI-PAGE-69D5E8ADAD,/fund-requests/generate-request,generate_request_action,action,apps.frontend.views.budget_views.generate_request_action,ACCOUNTANT | ADMIN | CCEO | CD | IA | PL | PROJECT_COORDINATOR,,referenced-by-automated-test,Inventory only; no per-route execution claim. Consult test and browser evidence.
UI-PAGE-6085EBC380,/fund-requests/receipt-confirm,fund_receipt_confirm,action,apps.frontend.views.finance_views.fund_receipt_confirm_action,ACCOUNTANT | ADMIN | CCEO | CD | IA | PL | PROJECT_COORDINATOR,,referenced-by-automated-test,Inventory only; no per-route execution claim. Consult test and browser evidence.
UI-PAGE-DCD56713A1,/fund-requests/weekly,weekly_fund_requests,partial,apps.frontend.views.budget_views.weekly_fund_requests_view,ACCOUNTANT | ADMIN | CCEO | CD | IA | PL | PROJECT_COORDINATOR,partials/fund_requests/root.html | pages/fund_requests/weekly.html,referenced-by-automated-test,Inventory only; no per-route execution claim. Consult test and browser evidence.
UI-PAGE-BA500F51A1,/fund-requests/weekly/<str:request_id>,weekly_fund_request_detail,action,apps.frontend.views.budget_views.weekly_fund_request_detail_view,ACCOUNTANT | ADMIN | CCEO | CD | IA | PL | PROJECT_COORDINATOR,,referenced-by-automated-test,Inventory only; no per-route execution claim. Consult test and browser evidence.
UI-PAGE-E7DBE89831,/fund-requests/weekly/<str:request_id>/approve,weekly_fund_request_approve,partial,apps.frontend.views.budget_views.weekly_fund_request_approve_action,ACCOUNTANT | ADMIN | CCEO | CD | IA | PL | PROJECT_COORDINATOR,partials/fund_requests/root.html | pages/fund_requests/weekly.html,referenced-by-automated-test,Inventory only; no per-route execution claim. Consult test and browser evidence.
UI-PAGE-31F49EF531,/fund-requests/weekly/<str:request_id>/confirm,weekly_fund_request_confirm,partial,apps.frontend.views.budget_views.weekly_fund_request_confirm_action,ACCOUNTANT | ADMIN | CCEO | CD | IA | PL | PROJECT_COORDINATOR,partials/fund_requests/root.html | pages/fund_requests/weekly.html,referenced-by-automated-test,Inventory only; no per-route execution claim. Consult test and browser evidence.
UI-PAGE-3BCE4448DD,/fund-requests/weekly/<str:request_id>/confirm-receipt,weekly_fund_request_receipt,partial,apps.frontend.views.budget_views.weekly_fund_request_receipt_action,ACCOUNTANT | ADMIN | CCEO | CD | IA | PL | PROJECT_COORDINATOR,partials/fund_requests/root.html | pages/fund_requests/weekly.html,referenced-by-automated-test,Inventory only; no per-route execution claim. Consult test and browser evidence.
UI-PAGE-28C1ED349E,/fund-requests/weekly/<str:request_id>/disburse,weekly_fund_request_disburse,action,apps.frontend.views.budget_views.weekly_fund_request_disburse_action,ACCOUNTANT | ADMIN,,referenced-by-automated-test,Inventory only; no per-route execution claim. Consult test and browser evidence.
UI-PAGE-97195E5671,/fund-requests/weekly/<str:request_id>/not-requested,weekly_fund_request_not_requested,partial,apps.frontend.views.budget_views.weekly_fund_request_not_requested_action,ACCOUNTANT | ADMIN | CCEO | CD | IA | PL | PROJECT_COORDINATOR,partials/fund_requests/root.html,referenced-by-automated-test,Inventory only; no per-route execution claim. Consult test and browser evidence.
UI-PAGE-15785CF711,/fund-requests/weekly/<str:request_id>/return,weekly_fund_request_return,partial,apps.frontend.views.budget_views.weekly_fund_request_return_action,ACCOUNTANT | ADMIN | CCEO | CD | IA | PL | PROJECT_COORDINATOR,partials/fund_requests/root.html,referenced-by-automated-test,Inventory only; no per-route execution claim. Consult test and browser evidence.
UI-PAGE-41CB76A0D0,/fund-requests/weekly/<str:request_id>/return-drawer,weekly_fund_request_return_drawer,drawer,apps.frontend.views.budget_views.weekly_fund_request_return_drawer,ACCOUNTANT | ADMIN | CCEO | CD | IA | PL | PROJECT_COORDINATOR,partials/fund_requests/return_drawer.html,referenced-by-automated-test,Inventory only; no per-route execution claim. Consult test and browser evidence.
UI-PAGE-CF59C113B1,/fund-requests/weekly/<str:request_id>/self-funded,weekly_fund_request_self_funded,partial,apps.frontend.views.budget_views.weekly_fund_request_self_funded_action,ACCOUNTANT | ADMIN | CCEO | CD | IA | PL | PROJECT_COORDINATOR,partials/fund_requests/root.html | pages/fund_requests/weekly.html,referenced-by-automated-test,Inventory only; no per-route execution claim. Consult test and browser evidence.
UI-PAGE-9E1520AF65,/fy,fy_overview,page,apps.frontend.views.extended_views.fy_overview_view,ACCOUNTANT | ADMIN | CCEO | CD | IA | PL | PROJECT_COORDINATOR,pages/fy/index.html,referenced-by-automated-test,Inventory only; no per-route execution claim. Consult test and browser evidence.
UI-PAGE-B35FAC1878,/health-safety,health_safety,page,apps.frontend.views.hr_views.health_safety_view,ADMIN | HR,pages/hr/module_workspace.html,referenced-by-automated-test,Inventory only; no per-route execution claim. Consult test and browser evidence.
UI-PAGE-EE2DB868E6,/health-safety/<str:incident_id>,incident_drawer,drawer,apps.frontend.views.hr_programme_views.incident_drawer,ADMIN | HR,partials/hr/form_drawer.html,coverage-review-required,Inventory only; no per-route execution claim. Consult test and browser evidence.
UI-PAGE-6EA9145F97,/health-safety/<str:incident_id>/advance,incident_advance,action,apps.frontend.views.hr_programme_views.incident_advance,ADMIN | HR,,coverage-review-required,Inventory only; no per-route execution claim. Consult test and browser evidence.
UI-PAGE-31B9AC3451,/health-safety/new,incident_new_drawer,drawer,apps.frontend.views.hr_programme_views.incident_new_drawer,ADMIN | HR,partials/hr/form_drawer.html,referenced-by-automated-test,Inventory only; no per-route execution claim. Consult test and browser evidence.
UI-PAGE-61DDBE7AA2,/health-safety/report,incident_report,action,apps.frontend.views.hr_programme_views.incident_report,ADMIN | HR,,referenced-by-automated-test,Inventory only; no per-route execution claim. Consult test and browser evidence.
UI-PAGE-61030068A3,/help,help,page,apps.help_center.views.home,ACCOUNTANT | ADMIN | BUSINESS_TRANSFORMATION | CCEO | CD | HR | IA | MFI_ADMIN | MFI_OFFICER | PARTNER | PL | PROJECT_COORDINATOR | RPL | RVP,pages/help/index.html,referenced-by-automated-test,Inventory only; no per-route execution claim. Consult test and browser evidence.
UI-PAGE-7A2D19730D,/help/articles/<slug:slug>,help_article,page,apps.help_center.views.article,ACCOUNTANT | ADMIN | BUSINESS_TRANSFORMATION | CCEO | CD | HR | IA | MFI_ADMIN | MFI_OFFICER | PARTNER | PL | PROJECT_COORDINATOR | RPL | RVP,pages/help/article.html,referenced-by-automated-test,Inventory only; no per-route execution claim. Consult test and browser evidence.
UI-PAGE-20FD42EA34,/help/articles/<slug:slug>/feedback,help_feedback,action,apps.help_center.views.feedback,ACCOUNTANT | ADMIN | BUSINESS_TRANSFORMATION | CCEO | CD | HR | IA | MFI_ADMIN | MFI_OFFICER | PARTNER | PL | PROJECT_COORDINATOR | RPL | RVP,,referenced-by-automated-test,Inventory only; no per-route execution claim. Consult test and browser evidence.
UI-PAGE-5BC9A980F4,/help/articles/<slug:slug>/print,help_print,export,apps.help_center.views.print_article,ACCOUNTANT | ADMIN | BUSINESS_TRANSFORMATION | CCEO | CD | HR | IA | MFI_ADMIN | MFI_OFFICER | PARTNER | PL | PROJECT_COORDINATOR | RPL | RVP,pages/help/print_article.html,referenced-by-automated-test,Inventory only; no per-route execution claim. Consult test and browser evidence.
UI-PAGE-54B0E2367F,/help/categories/<slug:slug>,help_category,page,apps.help_center.views.category,ACCOUNTANT | ADMIN | BUSINESS_TRANSFORMATION | CCEO | CD | HR | IA | MFI_ADMIN | MFI_OFFICER | PARTNER | PL | PROJECT_COORDINATOR | RPL | RVP,pages/help/category.html,referenced-by-automated-test,Inventory only; no per-route execution claim. Consult test and browser evidence.
UI-PAGE-141ADAA546,/help/context,help_context,page,apps.help_center.views.contextual,ACCOUNTANT | ADMIN | BUSINESS_TRANSFORMATION | CCEO | CD | HR | IA | MFI_ADMIN | MFI_OFFICER | PARTNER | PL | PROJECT_COORDINATOR | RPL | RVP,pages/help/article.html,referenced-by-automated-test,Inventory only; no per-route execution claim. Consult test and browser evidence.
UI-PAGE-91E7583B67,/help/export/complete,help_complete_export,export,apps.help_center.views.complete_manual_export,ACCOUNTANT | ADMIN | BUSINESS_TRANSFORMATION | CCEO | CD | HR | IA | MFI_ADMIN | MFI_OFFICER | PARTNER | PL | PROJECT_COORDINATOR | RPL | RVP,pages/help/manual_export.html,referenced-by-automated-test,Inventory only; no per-route execution claim. Consult test and browser evidence.
UI-PAGE-A2BBBD3E8E,/help/export/role/<slug:role_slug>,help_role_export,export,apps.help_center.views.role_manual_export,ACCOUNTANT | ADMIN | BUSINESS_TRANSFORMATION | CCEO | CD | HR | IA | MFI_ADMIN | MFI_OFFICER | PARTNER | PL | PROJECT_COORDINATOR | RPL | RVP,pages/help/manual_export.html,referenced-by-automated-test,Inventory only; no per-route execution claim. Consult test and browser evidence.
UI-PAGE-ECA0B47896,/help/features/<slug:feature_slug>,help_feature,page,apps.help_center.views.feature,ACCOUNTANT | ADMIN | BUSINESS_TRANSFORMATION | CCEO | CD | HR | IA | MFI_ADMIN | MFI_OFFICER | PARTNER | PL | PROJECT_COORDINATOR | RPL | RVP,pages/help/article.html,referenced-by-automated-test,Inventory only; no per-route execution claim. Consult test and browser evidence.
UI-PAGE-07CA564492,/help/getting-started,help_getting_started,page,apps.help_center.views.article,ACCOUNTANT | ADMIN | BUSINESS_TRANSFORMATION | CCEO | CD | HR | IA | MFI_ADMIN | MFI_OFFICER | PARTNER | PL | PROJECT_COORDINATOR | RPL | RVP,pages/help/article.html,referenced-by-automated-test,Inventory only; no per-route execution claim. Consult test and browser evidence.
UI-PAGE-75F649131E,/help/glossary,help_glossary,page,apps.help_center.views.glossary,ACCOUNTANT | ADMIN | BUSINESS_TRANSFORMATION | CCEO | CD | HR | IA | MFI_ADMIN | MFI_OFFICER | PARTNER | PL | PROJECT_COORDINATOR | RPL | RVP,pages/help/glossary.html,referenced-by-automated-test,Inventory only; no per-route execution claim. Consult test and browser evidence.
UI-PAGE-11AEBD4ACE,/help/manage,help_manage,page,apps.help_center.views.manage,ACCOUNTANT | ADMIN | BUSINESS_TRANSFORMATION | CCEO | CD | HR | IA | MFI_ADMIN | MFI_OFFICER | PARTNER | PL | PROJECT_COORDINATOR | RPL | RVP,pages/help/manage.html,referenced-by-automated-test,Inventory only; no per-route execution claim. Consult test and browser evidence.
UI-PAGE-DE9A862782,/help/manage/<slug:slug>,help_manage_article,page,apps.help_center.views.manage_article,ACCOUNTANT | ADMIN | BUSINESS_TRANSFORMATION | CCEO | CD | HR | IA | MFI_ADMIN | MFI_OFFICER | PARTNER | PL | PROJECT_COORDINATOR | RPL | RVP,pages/help/edit_article.html,referenced-by-automated-test,Inventory only; no per-route execution claim. Consult test and browser evidence.
UI-PAGE-871AC8283A,/help/manage/<slug:slug>/<slug:action>,help_manage_transition,action,apps.help_center.views.manage_transition,ACCOUNTANT | ADMIN | BUSINESS_TRANSFORMATION | CCEO | CD | HR | IA | MFI_ADMIN | MFI_OFFICER | PARTNER | PL | PROJECT_COORDINATOR | RPL | RVP,,referenced-by-automated-test,Inventory only; no per-route execution claim. Consult test and browser evidence.
UI-PAGE-6281EDBB75,/help/manage/<slug:slug>/revision,help_manage_revision,action,apps.help_center.views.manage_revision,ACCOUNTANT | ADMIN | BUSINESS_TRANSFORMATION | CCEO | CD | HR | IA | MFI_ADMIN | MFI_OFFICER | PARTNER | PL | PROJECT_COORDINATOR | RPL | RVP,,referenced-by-automated-test,Inventory only; no per-route execution claim. Consult test and browser evidence.
UI-PAGE-A6E92AF49B,/help/manage/new,help_manage_new,page,apps.help_center.views.manage_article,ACCOUNTANT | ADMIN | BUSINESS_TRANSFORMATION | CCEO | CD | HR | IA | MFI_ADMIN | MFI_OFFICER | PARTNER | PL | PROJECT_COORDINATOR | RPL | RVP,pages/help/edit_article.html,referenced-by-automated-test,Inventory only; no per-route execution claim. Consult test and browser evidence.
UI-PAGE-4CD048A1D2,/help/release-notes,help_release_notes,page,apps.help_center.views.release_notes,ACCOUNTANT | ADMIN | BUSINESS_TRANSFORMATION | CCEO | CD | HR | IA | MFI_ADMIN | MFI_OFFICER | PARTNER | PL | PROJECT_COORDINATOR | RPL | RVP,pages/help/release_notes.html,referenced-by-automated-test,Inventory only; no per-route execution claim. Consult test and browser evidence.
UI-PAGE-2F8BAA456D,/help/roles/<slug:role_slug>,help_role,page,apps.help_center.views.role_guide,ACCOUNTANT | ADMIN | BUSINESS_TRANSFORMATION | CCEO | CD | HR | IA | MFI_ADMIN | MFI_OFFICER | PARTNER | PL | PROJECT_COORDINATOR | RPL | RVP,pages/help/article.html,referenced-by-automated-test,Inventory only; no per-route execution claim. Consult test and browser evidence.
UI-PAGE-7391847B33,/help/search,help_search,page,apps.help_center.views.search,ACCOUNTANT | ADMIN | BUSINESS_TRANSFORMATION | CCEO | CD | HR | IA | MFI_ADMIN | MFI_OFFICER | PARTNER | PL | PROJECT_COORDINATOR | RPL | RVP,pages/help/search.html,referenced-by-automated-test,Inventory only; no per-route execution claim. Consult test and browser evidence.
UI-PAGE-02807FDE97,/help/troubleshooting,help_troubleshooting,page,apps.help_center.views.troubleshooting,ACCOUNTANT | ADMIN | BUSINESS_TRANSFORMATION | CCEO | CD | HR | IA | MFI_ADMIN | MFI_OFFICER | PARTNER | PL | PROJECT_COORDINATOR | RPL | RVP,pages/help/category.html,referenced-by-automated-test,Inventory only; no per-route execution claim. Consult test and browser evidence.
UI-PAGE-67E692F75E,/help/workflows/<slug:workflow_slug>,help_workflow,page,apps.help_center.views.workflow,ACCOUNTANT | ADMIN | BUSINESS_TRANSFORMATION | CCEO | CD | HR | IA | MFI_ADMIN | MFI_OFFICER | PARTNER | PL | PROJECT_COORDINATOR | RPL | RVP,pages/help/article.html,referenced-by-automated-test,Inventory only; no per-route execution claim. Consult test and browser evidence.
UI-PAGE-ED5EC9B584,/hr-analytics,hr_analytics,page,apps.frontend.views.hr_views.hr_analytics_view,ADMIN | CD | HR | RVP,pages/hr/module_workspace.html,referenced-by-automated-test,Inventory only; no per-route execution claim. Consult test and browser evidence.
UI-PAGE-6B6E47BEE7,/hr-audit-log,hr_audit_log,page,apps.frontend.views.hr_views.hr_audit_log_view,ADMIN | HR,pages/hr/module_workspace.html,referenced-by-automated-test,Inventory only; no per-route execution claim. Consult test and browser evidence.
UI-PAGE-9F67B3997A,/hr-today,hr_today,page,apps.frontend.views.hr_today_views.hr_today_page,ADMIN | CD | HR | RVP,pages/hr/hr_today.html,referenced-by-automated-test,Inventory only; no per-route execution claim. Consult test and browser evidence.
UI-PAGE-C506EBA646,/hr/performance-cycle,hr_performance_console,page,apps.frontend.views.hr_views.hr_performance_console_view,ADMIN | HR,pages/hr/performance_console.html,referenced-by-automated-test,Inventory only; no per-route execution claim. Consult test and browser evidence.
UI-PAGE-0D27B24301,/hr/performance-cycle/action,hr_performance_action,action,apps.frontend.views.hr_views.hr_performance_action_view,ADMIN | HR,,referenced-by-automated-test,Inventory only; no per-route execution claim. Consult test and browser evidence.
UI-PAGE-B3FD287B4A,/ia/analytics/,ia_verification_analytics,page,apps.frontend.views.ia_views.ia_verification_analytics_view,ADMIN | CD | IA,pages/ia/verification_analytics.html,referenced-by-automated-test,Inventory only; no per-route execution claim. Consult test and browser evidence.
UI-PAGE-A5A99F0875,/ia/analytics/export,ia_verification_analytics_export,export,apps.frontend.views.ia_views.ia_verification_analytics_export_view,ADMIN | CD | IA,,referenced-by-automated-test,Inventory only; no per-route execution claim. Consult test and browser evidence.
UI-PAGE-A555CE49BA,/ia/attribution/,ia_attribution,action,apps.frontend.views.ia_views.ia_attribution_view,ADMIN | CD | IA,,referenced-by-automated-test,Inventory only; no per-route execution claim. Consult test and browser evidence.
UI-PAGE-FE31013D65,/ia/collection/<str:school_pk>/ask-owner,ia_collection_ask_owner,action,apps.frontend.views.ssa_views.ia_collection_ask_owner_action,ADMIN | CD | IA,,referenced-by-automated-test,Inventory only; no per-route execution claim. Consult test and browser evidence.
UI-PAGE-2E91310CCB,/ia/compare/,ia_compare,page,apps.frontend.views.ia_views.ia_compare_view,ADMIN | IA,pages/ia/compare_evidence.html,referenced-by-automated-test,Inventory only; no per-route execution claim. Consult test and browser evidence.
UI-PAGE-9D69AC162C,/ia/dashboard/,ia_dashboard,partial,apps.frontend.views.ia_views.ia_dashboard_view,ADMIN | CD | IA,partials/dashboards/_view_tabs.html | pages/ia/analytics_dashboard.html,referenced-by-automated-test,Inventory only; no per-route execution claim. Consult test and browser evidence.
UI-PAGE-2C691B24CA,/ia/duplicates/,ia_duplicates,page,apps.frontend.views.ia_views.ia_duplicates_view,ADMIN | IA,pages/ia/duplicate_review.html,referenced-by-automated-test,Inventory only; no per-route execution claim. Consult test and browser evidence.
UI-PAGE-58A731882C,/ia/duplicates/<str:duplicate_id>/action,ia_duplicate_action,action,apps.frontend.views.ia_views.ia_duplicate_action,ADMIN | IA,,coverage-review-required,Inventory only; no per-route execution claim. Consult test and browser evidence.
UI-PAGE-36922553AD,/ia/framework/,ia_framework,page,apps.frontend.views.ia_framework_views.framework_page,ADMIN | CD | IA,pages/ia/framework.html,referenced-by-automated-test,Inventory only; no per-route execution claim. Consult test and browser evidence.
UI-PAGE-EBD19288CB,/ia/framework/<str:kind>/<str:record_id>/review,ia_framework_review_drawer,drawer,apps.frontend.views.ia_framework_views.review_drawer,ADMIN | CD | IA,partials/hr/form_drawer.html,referenced-by-automated-test,Inventory only; no per-route execution claim. Consult test and browser evidence.
UI-PAGE-5C81EE3E0F,/ia/framework/<str:kind>/<str:record_id>/review/save,ia_framework_review,action,apps.frontend.views.ia_framework_views.review_action,ADMIN | CD | IA,,referenced-by-automated-test,Inventory only; no per-route execution claim. Consult test and browser evidence.
UI-PAGE-91E2680FA7,/ia/framework/<str:kind>/<str:record_id>/submit,ia_framework_submit_drawer,drawer,apps.frontend.views.ia_framework_views.submit_drawer,ADMIN | CD | IA,partials/hr/form_drawer.html,coverage-review-required,Inventory only; no per-route execution claim. Consult test and browser evidence.
UI-PAGE-736C68F6CC,/ia/framework/<str:kind>/<str:record_id>/submit/save,ia_framework_submit,action,apps.frontend.views.ia_framework_views.submit_action,ADMIN | CD | IA,,coverage-review-required,Inventory only; no per-route execution claim. Consult test and browser evidence.
UI-PAGE-8362B12EE7,/ia/framework/areas/<str:area_id>/,ia_framework_area_drawer,drawer,apps.frontend.views.ia_framework_views.area_drawer,ADMIN | CD | IA,partials/hr/form_drawer.html,referenced-by-automated-test,Inventory only; no per-route execution claim. Consult test and browser evidence.
UI-PAGE-ECFF57D499,/ia/framework/areas/<str:area_id>/save,ia_framework_area_save,action,apps.frontend.views.ia_framework_views.area_save,ADMIN | CD | IA,,coverage-review-required,Inventory only; no per-route execution claim. Consult test and browser evidence.
UI-PAGE-18C7DC1543,/ia/framework/areas/new,ia_framework_area_new,drawer,apps.frontend.views.ia_framework_views.area_new_drawer,ADMIN | CD | IA,partials/hr/form_drawer.html,coverage-review-required,Inventory only; no per-route execution claim. Consult test and browser evidence.
UI-PAGE-5E628F0345,/ia/framework/areas/propose,ia_framework_areas_propose,action,apps.frontend.views.ia_framework_views.areas_propose,ADMIN | CD | IA,,referenced-by-automated-test,Inventory only; no per-route execution claim. Consult test and browser evidence.
UI-PAGE-66F8AAC2C3,/ia/framework/areas/save,ia_framework_area_create,action,apps.frontend.views.ia_framework_views.area_save,ADMIN | CD | IA,,coverage-review-required,Inventory only; no per-route execution claim. Consult test and browser evidence.
UI-PAGE-D530788610,/ia/framework/indicators/<str:indicator_id>/,ia_framework_indicator_drawer,drawer,apps.frontend.views.ia_framework_views.indicator_drawer,ADMIN | CD | IA,partials/hr/form_drawer.html,coverage-review-required,Inventory only; no per-route execution claim. Consult test and browser evidence.
UI-PAGE-C90770BBD1,/ia/framework/indicators/<str:indicator_id>/save,ia_framework_indicator_save,action,apps.frontend.views.ia_framework_views.indicator_save,ADMIN | CD | IA,,coverage-review-required,Inventory only; no per-route execution claim. Consult test and browser evidence.
UI-PAGE-5D4BE1935C,/ia/framework/indicators/new,ia_framework_indicator_new,drawer,apps.frontend.views.ia_framework_views.indicator_new_drawer,ADMIN | CD | IA,partials/hr/form_drawer.html,coverage-review-required,Inventory only; no per-route execution claim. Consult test and browser evidence.
UI-PAGE-E79F437BBB,/ia/framework/indicators/save,ia_framework_indicator_create,action,apps.frontend.views.ia_framework_views.indicator_save,ADMIN | CD | IA,,coverage-review-required,Inventory only; no per-route execution claim. Consult test and browser evidence.
UI-PAGE-682D5AFC8F,/ia/framework/purposes/<str:purpose_id>/,ia_framework_purpose_drawer,drawer,apps.frontend.views.ia_framework_views.purpose_drawer,ADMIN | CD | IA,partials/hr/form_drawer.html,coverage-review-required,Inventory only; no per-route execution claim. Consult test and browser evidence.
UI-PAGE-9D9D6B1310,/ia/framework/purposes/<str:purpose_id>/save,ia_framework_purpose_save,action,apps.frontend.views.ia_framework_views.purpose_save,ADMIN | CD | IA,,coverage-review-required,Inventory only; no per-route execution claim. Consult test and browser evidence.
UI-PAGE-FC9CDB48DF,/ia/history/,ia_history,page,apps.frontend.views.ia_views.ia_history_view,ADMIN | IA,pages/ia/verification_history.html,referenced-by-automated-test,Inventory only; no per-route execution claim. Consult test and browser evidence.
UI-PAGE-FE4FC2BD88,/ia/impact-report/download,ia_impact_report_download,export,apps.frontend.views.ia_outcome_views.impact_report_download,ADMIN | CD | IA,,referenced-by-automated-test,Inventory only; no per-route execution claim. Consult test and browser evidence.
UI-PAGE-5EF86DEC9A,/ia/impact-reports/,ia_impact_reports,page,apps.frontend.views.impact_report_views.register_page,ADMIN | CD | IA | RVP,pages/ia/impact_reports.html,referenced-by-automated-test,Inventory only; no per-route execution claim. Consult test and browser evidence.
UI-PAGE-34C9CEA495,/ia/impact-reports/<str:report_id>/,ia_impact_report,page,apps.frontend.views.impact_report_views.report_detail,ADMIN | CD | IA | RVP,pages/ia/impact_reports_detail.html,coverage-review-required,Inventory only; no per-route execution claim. Consult test and browser evidence.
UI-PAGE-7034CA18E4,/ia/impact-reports/<str:report_id>/annex.csv,ia_impact_report_annex,export,apps.frontend.views.impact_report_views.annex_download,ADMIN | CD | IA | RVP,,referenced-by-automated-test,Inventory only; no per-route execution claim. Consult test and browser evidence.
UI-PAGE-2AEF2DA8FD,/ia/impact-reports/<str:report_id>/correct,ia_impact_report_correct,action,apps.frontend.views.impact_report_views.report_correct,ADMIN | CD | IA | RVP,,coverage-review-required,Inventory only; no per-route execution claim. Consult test and browser evidence.
UI-PAGE-A8BBD66423,/ia/impact-reports/<str:report_id>/edit,ia_impact_report_edit,drawer,apps.frontend.views.impact_report_views.report_edit_drawer,ADMIN | CD | IA | RVP,partials/hr/form_drawer.html,coverage-review-required,Inventory only; no per-route execution claim. Consult test and browser evidence.
UI-PAGE-5E4C571AE8,/ia/impact-reports/<str:report_id>/recommendations/<str:recommendation_id>/,ia_impact_report_recommendation,drawer,apps.frontend.views.impact_report_views.recommendation_drawer,ADMIN | CD | IA | RVP,partials/hr/form_drawer.html,coverage-review-required,Inventory only; no per-route execution claim. Consult test and browser evidence.
UI-PAGE-3F8B0CECC9,/ia/impact-reports/<str:report_id>/recommendations/<str:recommendation_id>/remove,ia_impact_report_recommendation_remove,action,apps.frontend.views.impact_report_views.recommendation_remove,ADMIN | CD | IA | RVP,,coverage-review-required,Inventory only; no per-route execution claim. Consult test and browser evidence.
UI-PAGE-1ADF4549D0,/ia/impact-reports/<str:report_id>/recommendations/<str:recommendation_id>/respond,ia_impact_report_recommendation_respond,action,apps.frontend.views.impact_report_views.recommendation_respond,ADMIN | CD | IA | RVP,,coverage-review-required,Inventory only; no per-route execution claim. Consult test and browser evidence.
UI-PAGE-1023D89D08,/ia/impact-reports/<str:report_id>/recommendations/create,ia_impact_report_recommendation_create,action,apps.frontend.views.impact_report_views.recommendation_create,ADMIN | CD | IA | RVP,,referenced-by-automated-test,Inventory only; no per-route execution claim. Consult test and browser evidence.
UI-PAGE-2084B7BF38,/ia/impact-reports/<str:report_id>/recommendations/new,ia_impact_report_recommendation_new,drawer,apps.frontend.views.impact_report_views.recommendation_new_drawer,ADMIN | CD | IA | RVP,partials/hr/form_drawer.html,coverage-review-required,Inventory only; no per-route execution claim. Consult test and browser evidence.
UI-PAGE-F4BFB7C2B0,/ia/impact-reports/<str:report_id>/release/donor,ia_impact_report_release_donor,drawer,apps.frontend.views.impact_report_views.donor_drawer,ADMIN | CD | IA | RVP,partials/hr/form_drawer.html,coverage-review-required,Inventory only; no per-route execution claim. Consult test and browser evidence.
UI-PAGE-E488104A11,/ia/impact-reports/<str:report_id>/release/donor/request,ia_impact_report_release_donor_request,action,apps.frontend.views.impact_report_views.donor_request,ADMIN | CD | IA | RVP,,coverage-review-required,Inventory only; no per-route execution claim. Consult test and browser evidence.
UI-PAGE-EF6CDCC94D,/ia/impact-reports/<str:report_id>/release/leadership,ia_impact_report_release_leadership,action,apps.frontend.views.impact_report_views.release_leadership,ADMIN | CD | IA | RVP,,coverage-review-required,Inventory only; no per-route execution claim. Consult test and browser evidence.
UI-PAGE-1BF17E0F65,/ia/impact-reports/<str:report_id>/release/schools,ia_impact_report_release_schools,drawer,apps.frontend.views.impact_report_views.schools_drawer,ADMIN | CD | IA | RVP,partials/hr/form_drawer.html,coverage-review-required,Inventory only; no per-route execution claim. Consult test and browser evidence.
UI-PAGE-FE1D6A67CB,/ia/impact-reports/<str:report_id>/release/schools/save,ia_impact_report_release_schools_save,action,apps.frontend.views.impact_report_views.schools_release,ADMIN | CD | IA | RVP,,referenced-by-automated-test,Inventory only; no per-route execution claim. Consult test and browser evidence.
UI-PAGE-8517D2975A,/ia/impact-reports/<str:report_id>/releases/<str:release_id>/,ia_impact_report_release,drawer,apps.frontend.views.impact_report_views.release_drawer,ADMIN | CD | IA | RVP,partials/hr/form_drawer.html,coverage-review-required,Inventory only; no per-route execution claim. Consult test and browser evidence.
UI-PAGE-6E2CB27363,/ia/impact-reports/<str:report_id>/releases/<str:release_id>/decide,ia_impact_report_release_decide,action,apps.frontend.views.impact_report_views.release_decide,ADMIN | CD | IA | RVP,,coverage-review-required,Inventory only; no per-route execution claim. Consult test and browser evidence.
UI-PAGE-AC302D2F8A,/ia/impact-reports/<str:report_id>/releases/<str:release_id>/download,ia_impact_report_release_download,export,apps.frontend.views.impact_report_views.release_download,ADMIN | CD | IA | RVP,,referenced-by-automated-test,Inventory only; no per-route execution claim. Consult test and browser evidence.
UI-PAGE-2BC49FFD7E,/ia/impact-reports/<str:report_id>/review,ia_impact_report_review,drawer,apps.frontend.views.impact_report_views.review_drawer,ADMIN | CD | IA | RVP,partials/hr/form_drawer.html,referenced-by-automated-test,Inventory only; no per-route execution claim. Consult test and browser evidence.
UI-PAGE-A87BF1CE80,/ia/impact-reports/<str:report_id>/review/save,ia_impact_report_review_save,action,apps.frontend.views.impact_report_views.review_save,ADMIN | CD | IA | RVP,,coverage-review-required,Inventory only; no per-route execution claim. Consult test and browser evidence.
UI-PAGE-FBE1EA4462,/ia/impact-reports/<str:report_id>/submit,ia_impact_report_submit,action,apps.frontend.views.impact_report_views.report_submit,ADMIN | CD | IA | RVP,,referenced-by-automated-test,Inventory only; no per-route execution claim. Consult test and browser evidence.
UI-PAGE-8DEE957404,/ia/impact-reports/<str:report_id>/update,ia_impact_report_update,action,apps.frontend.views.impact_report_views.report_update,ADMIN | CD | IA | RVP,,coverage-review-required,Inventory only; no per-route execution claim. Consult test and browser evidence.
UI-PAGE-60928D1565,/ia/impact-reports/<str:report_id>/withdraw,ia_impact_report_withdraw,action,apps.frontend.views.impact_report_views.report_withdraw,ADMIN | CD | IA | RVP,,coverage-review-required,Inventory only; no per-route execution claim. Consult test and browser evidence.
UI-PAGE-6E9731B624,/ia/impact-reports/create,ia_impact_report_create,action,apps.frontend.views.impact_report_views.report_create,ADMIN | CD | IA | RVP,,referenced-by-automated-test,Inventory only; no per-route execution claim. Consult test and browser evidence.
UI-PAGE-3BB8FB2861,/ia/impact-reports/new,ia_impact_report_new,drawer,apps.frontend.views.impact_report_views.report_new_drawer,ADMIN | CD | IA | RVP,partials/hr/form_drawer.html,referenced-by-automated-test,Inventory only; no per-route execution claim. Consult test and browser evidence.
UI-PAGE-0C80E9AEF2,/ia/learning/,ia_learning,page,apps.frontend.views.ia_learning_views.learning_page,ADMIN | CD | IA,pages/ia/learning.html,referenced-by-automated-test,Inventory only; no per-route execution claim. Consult test and browser evidence.
UI-PAGE-589452263C,/ia/learning/findings/<str:finding_id>/,ia_learning_finding,drawer,apps.frontend.views.ia_learning_views.finding_drawer,ADMIN | CD | IA,partials/hr/form_drawer.html,coverage-review-required,Inventory only; no per-route execution claim. Consult test and browser evidence.
UI-PAGE-97299CCDCD,/ia/learning/findings/<str:finding_id>/review,ia_learning_finding_review,action,apps.frontend.views.ia_learning_views.finding_review,ADMIN | CD | IA,,coverage-review-required,Inventory only; no per-route execution claim. Consult test and browser evidence.
UI-PAGE-BACD6DFABB,/ia/learning/findings/<str:finding_id>/revise,ia_learning_finding_revise,action,apps.frontend.views.ia_learning_views.finding_revise,ADMIN | CD | IA,,coverage-review-required,Inventory only; no per-route execution claim. Consult test and browser evidence.
UI-PAGE-133A156F25,/ia/learning/findings/<str:finding_id>/update,ia_learning_finding_update,action,apps.frontend.views.ia_learning_views.finding_update,ADMIN | CD | IA,,coverage-review-required,Inventory only; no per-route execution claim. Consult test and browser evidence.
UI-PAGE-BE07429699,/ia/learning/findings/new,ia_learning_finding_new,drawer,apps.frontend.views.ia_learning_views.finding_new_drawer,ADMIN | CD | IA,partials/hr/form_drawer.html,referenced-by-automated-test,Inventory only; no per-route execution claim. Consult test and browser evidence.
UI-PAGE-B3EE0AA9B8,/ia/learning/findings/save,ia_learning_finding_create,action,apps.frontend.views.ia_learning_views.finding_create,ADMIN | CD | IA,,referenced-by-automated-test,Inventory only; no per-route execution claim. Consult test and browser evidence.
UI-PAGE-9B859A0536,/ia/lending-evidence/,ia_lending_evidence,page,apps.frontend.views.ia_lending_views.lending_evidence_page,ADMIN | CD | IA,pages/ia/lending_evidence.html,referenced-by-automated-test,Inventory only; no per-route execution claim. Consult test and browser evidence.
UI-PAGE-A663639546,/ia/lending-evidence/conclusions/<str:assessment_id>/,ia_lending_conclusion,drawer,apps.frontend.views.ia_lending_views.conclusion_drawer,ACCOUNTANT | ADMIN | BUSINESS_TRANSFORMATION | CCEO | CD | HR | IA | PARTNER | PROJECT_COORDINATOR | RPL | RVP,partials/hr/form_drawer.html,referenced-by-automated-test,Inventory only; no per-route execution claim. Consult test and browser evidence.
UI-PAGE-0F532B152A,/ia/lending-evidence/conclusions/<str:assessment_id>/prepare,ia_lending_conclusion_prepare,action,apps.frontend.views.ia_lending_views.conclusion_prepare,ACCOUNTANT | ADMIN | BUSINESS_TRANSFORMATION | CCEO | CD | HR | IA | PARTNER | PROJECT_COORDINATOR | RPL | RVP,,referenced-by-automated-test,Inventory only; no per-route execution claim. Consult test and browser evidence.
UI-PAGE-4A075E6272,/ia/lending-evidence/conclusions/<str:assessment_id>/verify,ia_lending_conclusion_verify,action,apps.frontend.views.ia_lending_views.conclusion_verify,ADMIN | CD | IA,,coverage-review-required,Inventory only; no per-route execution claim. Consult test and browser evidence.
UI-PAGE-E4E4D85AA8,/ia/lending-evidence/enrolment/<str:snapshot_id>/,ia_lending_enrolment,drawer,apps.frontend.views.ia_lending_views.enrolment_drawer,ADMIN | CD | IA,partials/hr/form_drawer.html,coverage-review-required,Inventory only; no per-route execution claim. Consult test and browser evidence.
UI-PAGE-59EEA438A5,/ia/lending-evidence/enrolment/<str:snapshot_id>/verify,ia_lending_enrolment_verify,action,apps.frontend.views.ia_lending_views.enrolment_verify,ADMIN | CD | IA,,coverage-review-required,Inventory only; no per-route execution claim. Consult test and browser evidence.
UI-PAGE-B25D952F28,/ia/lending-evidence/outputs/<str:output_id>/,ia_lending_output,drawer,apps.frontend.views.ia_lending_views.output_drawer,ADMIN | CD | IA,partials/hr/form_drawer.html,coverage-review-required,Inventory only; no per-route execution claim. Consult test and browser evidence.
UI-PAGE-A710415BC9,/ia/lending-evidence/outputs/<str:output_id>/verify,ia_lending_output_verify,action,apps.frontend.views.ia_lending_views.output_verify,ADMIN | CD | IA,,coverage-review-required,Inventory only; no per-route execution claim. Consult test and browser evidence.
UI-PAGE-C972E7F6A2,/ia/lending-evidence/teachers/<str:beneficiary_id>/,ia_lending_teacher,drawer,apps.frontend.views.ia_lending_views.teacher_drawer,ADMIN | CD | IA,partials/hr/form_drawer.html,coverage-review-required,Inventory only; no per-route execution claim. Consult test and browser evidence.
UI-PAGE-B6E55E8FF2,/ia/lending-evidence/teachers/<str:beneficiary_id>/verify,ia_lending_teacher_verify,action,apps.frontend.views.ia_lending_views.teacher_verify,ADMIN | CD | IA,,coverage-review-required,Inventory only; no per-route execution claim. Consult test and browser evidence.
UI-PAGE-6F8D8BA07F,/ia/lending-evidence/use/<str:allocation_id>/,ia_lending_use,drawer,apps.frontend.views.ia_lending_views.use_drawer,ADMIN | CD | IA,partials/hr/form_drawer.html,coverage-review-required,Inventory only; no per-route execution claim. Consult test and browser evidence.
UI-PAGE-9F539671D2,/ia/lending-evidence/use/<str:allocation_id>/verify,ia_lending_use_verify,action,apps.frontend.views.ia_lending_views.use_verify,ADMIN | CD | IA,,coverage-review-required,Inventory only; no per-route execution claim. Consult test and browser evidence.
UI-PAGE-8C41E94385,/ia/notifications/,ia_notifications,page,apps.frontend.views.ia_views.ia_notifications_view,ADMIN | IA,pages/ia/notifications.html,referenced-by-automated-test,Inventory only; no per-route execution claim. Consult test and browser evidence.
UI-PAGE-BAE9F806E9,/ia/partner-evidence/,ia_partner_evidence,page,apps.frontend.views.ia_views.ia_partner_evidence_queue_view,ADMIN | IA,pages/ia/partner_evidence_queue.html,referenced-by-automated-test,Inventory only; no per-route execution claim. Consult test and browser evidence.
UI-PAGE-B8A4E5AB5D,/ia/partner-evidence/<str:activity_id>/,ia_partner_review,page,apps.frontend.views.ia_views.ia_partner_review_view,ADMIN | IA,pages/ia/partner_review.html,coverage-review-required,Inventory only; no per-route execution claim. Consult test and browser evidence.
UI-PAGE-15164DA203,/ia/partner-evidence/<str:activity_id>/complete-action,ia_partner_complete_action,action,apps.frontend.views.ia_views.ia_partner_complete_action,ADMIN | IA,,coverage-review-required,Inventory only; no per-route execution claim. Consult test and browser evidence.
UI-PAGE-83C9AD1BBB,/ia/partner-evidence/<str:activity_id>/complete-drawer,ia_partner_complete_drawer,drawer,apps.frontend.views.ia_views.ia_partner_complete_drawer,ADMIN | IA,partials/ia/partner_complete_drawer.html,coverage-review-required,Inventory only; no per-route execution claim. Consult test and browser evidence.
UI-PAGE-16878A51E5,/ia/partner-evidence/<str:activity_id>/return-action,ia_partner_return_action,action,apps.frontend.views.ia_views.ia_partner_return_action,ADMIN | IA,,coverage-review-required,Inventory only; no per-route execution claim. Consult test and browser evidence.
UI-PAGE-A62065CC3E,/ia/partner-evidence/<str:activity_id>/return-drawer,ia_partner_return_drawer,drawer,apps.frontend.views.ia_views.ia_partner_return_drawer,ADMIN | IA,partials/ia/partner_return_drawer.html,coverage-review-required,Inventory only; no per-route execution claim. Consult test and browser evidence.
UI-PAGE-0163A867E0,/ia/returned/,ia_returned,page,apps.frontend.views.ia_views.ia_returned_view,ADMIN | IA,pages/ia/returned_activities.html,referenced-by-automated-test,Inventory only; no per-route execution claim. Consult test and browser evidence.
UI-PAGE-1BE041489D,/ia/samples/,ia_samples,page,apps.frontend.views.ia_views.ia_samples_view,ADMIN | CD | IA,pages/ia/verification_samples.html,referenced-by-automated-test,Inventory only; no per-route execution claim. Consult test and browser evidence.
UI-PAGE-B7F73A8689,/ia/samples/<str:sample_id>/field-check,ia_sample_field_check,action,apps.frontend.views.ia_views.ia_sample_field_check_action,ADMIN | CD | IA,,coverage-review-required,Inventory only; no per-route execution claim. Consult test and browser evidence.
UI-PAGE-7296E71278,/ia/samples/<str:sample_id>/outcome,ia_sample_outcome,action,apps.frontend.views.ia_views.ia_sample_outcome_action,ADMIN | CD | IA,,coverage-review-required,Inventory only; no per-route execution claim. Consult test and browser evidence.
UI-PAGE-5A03C9BDB6,/ia/samples/<str:sample_id>/resolve,ia_sample_resolve,action,apps.frontend.views.ia_views.ia_sample_resolve_action,ADMIN | CD | IA,,coverage-review-required,Inventory only; no per-route execution claim. Consult test and browser evidence.
UI-PAGE-E7FA5C31DB,/ia/samples/draw,ia_sample_draw,action,apps.frontend.views.ia_views.ia_sample_draw_action,ADMIN | CD | IA,,referenced-by-automated-test,Inventory only; no per-route execution claim. Consult test and browser evidence.
UI-PAGE-E02D9364E8,/ia/school-evidence/,ia_school_evidence,page,apps.frontend.views.ia_school_evidence_views.school_evidence_page,ADMIN | CD | IA,pages/ia/school_evidence.html,referenced-by-automated-test,Inventory only; no per-route execution claim. Consult test and browser evidence.
UI-PAGE-287A7E5814,/ia/school-evidence/<str:kind>/<str:record_id>/,ia_school_evidence_record,drawer,apps.frontend.views.ia_school_evidence_views.record_drawer,ADMIN | CD | IA,partials/hr/form_drawer.html,referenced-by-automated-test,Inventory only; no per-route execution claim. Consult test and browser evidence.
UI-PAGE-25197CBE23,/ia/school-evidence/<str:kind>/<str:record_id>/correct,ia_school_evidence_correct,action,apps.frontend.views.ia_school_evidence_views.correct_action,ADMIN | CD | IA,,coverage-review-required,Inventory only; no per-route execution claim. Consult test and browser evidence.
UI-PAGE-1170C5FCBB,/ia/school-evidence/<str:kind>/<str:record_id>/decide,ia_school_evidence_decide,action,apps.frontend.views.ia_school_evidence_views.decide_action,ADMIN | CD | IA,,coverage-review-required,Inventory only; no per-route execution claim. Consult test and browser evidence.
UI-PAGE-B06584D752,/ia/school-evidence/<str:kind>/new,ia_school_evidence_new,drawer,apps.frontend.views.ia_school_evidence_views.new_drawer,ADMIN | CD | IA,partials/hr/form_drawer.html,referenced-by-automated-test,Inventory only; no per-route execution claim. Consult test and browser evidence.
UI-PAGE-6AB218D915,/ia/school-evidence/<str:kind>/save,ia_school_evidence_create,action,apps.frontend.views.ia_school_evidence_views.create_action,ADMIN | CD | IA,,coverage-review-required,Inventory only; no per-route execution claim. Consult test and browser evidence.
UI-PAGE-C0C2F88AD3,/ia/school-evidence/edtech/<str:deployment_id>/check,ia_school_evidence_check_drawer,drawer,apps.frontend.views.ia_school_evidence_views.check_drawer,ADMIN | CD | IA,partials/hr/form_drawer.html,coverage-review-required,Inventory only; no per-route execution claim. Consult test and browser evidence.
UI-PAGE-DEF87681CA,/ia/school-evidence/edtech/<str:deployment_id>/check/save,ia_school_evidence_check_create,action,apps.frontend.views.ia_school_evidence_views.check_create_action,ADMIN | CD | IA,,coverage-review-required,Inventory only; no per-route execution claim. Consult test and browser evidence.
UI-PAGE-22DA3CC970,/ia/school-evidence/learning/template.csv,ia_school_evidence_learning_template,export,apps.frontend.views.ia_school_evidence_views.learning_template_csv,ADMIN | CD | IA,,referenced-by-automated-test,Inventory only; no per-route execution claim. Consult test and browser evidence.
UI-PAGE-169D9A9D51,/ia/school-evidence/learning/upload,ia_school_evidence_learning_upload,action,apps.frontend.views.ia_school_evidence_views.learning_upload_action,ADMIN | CD | IA,,coverage-review-required,Inventory only; no per-route execution claim. Consult test and browser evidence.
UI-PAGE-6116946394,/ia/stories/,ia_stories,page,apps.frontend.views.ia_stories_views.stories_page,ADMIN | CD | IA,pages/ia/stories.html,referenced-by-automated-test,Inventory only; no per-route execution claim. Consult test and browser evidence.
UI-PAGE-99FC599EB9,/ia/stories/<str:story_id>/,ia_story_drawer,drawer,apps.frontend.views.ia_stories_views.story_drawer,ADMIN | CD | IA,partials/hr/form_drawer.html,coverage-review-required,Inventory only; no per-route execution claim. Consult test and browser evidence.
UI-PAGE-4336351244,/ia/stories/<str:story_id>/decide,ia_story_decide,action,apps.frontend.views.ia_stories_views.story_decide,ADMIN | CD | IA,,coverage-review-required,Inventory only; no per-route execution claim. Consult test and browser evidence.
UI-PAGE-A05C99B6EA,/ia/verification/,ia_verification_queue,partial,apps.frontend.views.ia_views.ia_verification_queue_view,ADMIN | CD | IA,pages/ia/partials/queue_table.html | pages/ia/verification_queue.html,referenced-by-automated-test,Inventory only; no per-route execution claim. Consult test and browser evidence.
UI-PAGE-107DE82212,/ia/verification/<str:activity_id>/,ia_review_workspace,page,apps.frontend.views.ia_views.ia_review_workspace_view,ADMIN | CD | IA,pages/ia/review_workspace.html,coverage-review-required,Inventory only; no per-route execution claim. Consult test and browser evidence.
UI-PAGE-374CDD4882,/ia/verification/<str:activity_id>/return,ia_return_action,action,apps.frontend.views.ia_views.ia_return_action,ADMIN | CD | IA,,coverage-review-required,Inventory only; no per-route execution claim. Consult test and browser evidence.
UI-PAGE-ECFA021F35,/ia/verification/<str:activity_id>/verify,ia_verify_action,action,apps.frontend.views.ia_views.ia_verify_action,ADMIN | CD | IA,,coverage-review-required,Inventory only; no per-route execution claim. Consult test and browser evidence.
UI-PAGE-BD451D2966,/impact,impact_analytics,page,apps.frontend.views.impact_views.impact_analytics_view,ACCOUNTANT | ADMIN | CCEO | CD | IA | PL | PROJECT_COORDINATOR | RPL | RVP,pages/analytics/workspace.html | partials/analytics/impact_workspace.html | partials/analytics/panel.html | partials/analytics/scope.html,referenced-by-automated-test,Inventory only; no per-route execution claim. Consult test and browser evidence.
UI-PAGE-3BE8D7DEFA,/impact-briefs/<str:release_id>/,impact_brief,page,apps.frontend.views.impact_report_views.brief_page,ADMIN | CCEO | CD | IA | PL | PROJECT_COORDINATOR | RPL,pages/ia/impact_reports_brief.html,referenced-by-automated-test,Inventory only; no per-route execution claim. Consult test and browser evidence.
UI-PAGE-92D9B3910D,/impact-briefs/<str:release_id>/shared,impact_brief_shared,action,apps.frontend.views.impact_report_views.brief_shared,ADMIN | CCEO | CD | IA | PL | PROJECT_COORDINATOR | RPL,,referenced-by-automated-test,Inventory only; no per-route execution claim. Consult test and browser evidence.
UI-PAGE-A353C7125C,/leave-requests,leave_requests,action,apps.frontend.views.extended_views.leave_requests_view,ACCOUNTANT | ADMIN | BUSINESS_TRANSFORMATION | CCEO | CD | HR | IA | MFI_ADMIN | MFI_OFFICER | PL | PROJECT_COORDINATOR | RPL | RVP,,referenced-by-automated-test,Inventory only; no per-route execution claim. Consult test and browser evidence.
UI-PAGE-7B2C917E1A,/leave/<str:leave_id>/attachment,leave_attachment,export,apps.frontend.views.leave_views.leave_attachment_view,ACCOUNTANT | ADMIN | BUSINESS_TRANSFORMATION | CCEO | CD | HR | IA | MFI_ADMIN | MFI_OFFICER | PL | PROJECT_COORDINATOR | RPL | RVP,,referenced-by-automated-test,Inventory only; no per-route execution claim. Consult test and browser evidence.
UI-PAGE-ACA849CE31,/leave/approvals,leave_approvals,page,apps.frontend.views.leave_views.leave_approvals_view,ADMIN | CD | HR | PL | RVP,pages/leave/leave_approvals.html,referenced-by-automated-test,Inventory only; no per-route execution claim. Consult test and browser evidence.
UI-PAGE-DD2CC2E8BC,/leave/approvals/,,page,apps.frontend.views.leave_views.leave_approvals_view,ADMIN | CD | HR | PL | RVP,pages/leave/leave_approvals.html,referenced-by-automated-test,Inventory only; no per-route execution claim. Consult test and browser evidence.
UI-PAGE-6536EA8CDB,/leave/approvals/<str:leave_id>/approve,leave_approve_action,action,apps.frontend.views.leave_views.leave_approve_action,ADMIN | CD | HR | PL | RVP,,coverage-review-required,Inventory only; no per-route execution claim. Consult test and browser evidence.
UI-PAGE-7A1B26BB75,/leave/approvals/<str:leave_id>/escalate,leave_escalate_action,action,apps.frontend.views.leave_views.leave_escalate_action,ADMIN | CD | HR | PL | RVP,,coverage-review-required,Inventory only; no per-route execution claim. Consult test and browser evidence.
UI-PAGE-68B50C60BF,/leave/approvals/<str:leave_id>/impact,leave_impact_partial,partial,apps.frontend.views.leave_views.leave_impact_partial,ADMIN | CD | HR | PL | RVP,partials/leave/impact_panel.html,coverage-review-required,Inventory only; no per-route execution claim. Consult test and browser evidence.
UI-PAGE-B96B2758DD,/leave/approvals/<str:leave_id>/impact/,,partial,apps.frontend.views.leave_views.leave_impact_partial,ADMIN | CD | HR | PL | RVP,partials/leave/impact_panel.html,coverage-review-required,Inventory only; no per-route execution claim. Consult test and browser evidence.
UI-PAGE-1E6B2566F7,/leave/approvals/<str:leave_id>/reassign,leave_reassign_coverage_action,action,apps.frontend.views.leave_views.leave_reassign_coverage_action,ADMIN | CD | HR | PL | RVP,,coverage-review-required,Inventory only; no per-route execution claim. Consult test and browser evidence.
UI-PAGE-DCAEC2D4CE,/leave/approvals/<str:leave_id>/reject,leave_reject_action,action,apps.frontend.views.leave_views.leave_reject_action,ADMIN | CD | HR | PL | RVP,,coverage-review-required,Inventory only; no per-route execution claim. Consult test and browser evidence.
UI-PAGE-30B89EE086,/leave/approvals/<str:leave_id>/return,leave_return_action,action,apps.frontend.views.leave_views.leave_return_action,ADMIN | CD | HR | PL | RVP,,coverage-review-required,Inventory only; no per-route execution claim. Consult test and browser evidence.
UI-PAGE-B1CD41EF26,/leave/calendar,leave_calendar,page,apps.frontend.views.leave_views.leave_calendar_view,ACCOUNTANT | ADMIN | BUSINESS_TRANSFORMATION | CCEO | CD | HR | IA | MFI_ADMIN | MFI_OFFICER | PARTNER | PL | PROJECT_COORDINATOR | RPL | RVP,pages/leave/leave_calendar.html,referenced-by-automated-test,Inventory only; no per-route execution claim. Consult test and browser evidence.
UI-PAGE-6F0C87A4DD,/leave/calendar/,,page,apps.frontend.views.leave_views.leave_calendar_view,ACCOUNTANT | ADMIN | BUSINESS_TRANSFORMATION | CCEO | CD | HR | IA | MFI_ADMIN | MFI_OFFICER | PARTNER | PL | PROJECT_COORDINATOR | RPL | RVP,pages/leave/leave_calendar.html,referenced-by-automated-test,Inventory only; no per-route execution claim. Consult test and browser evidence.
UI-PAGE-E2880A64B1,/leave/calendar/activities,leave_calendar_activities,partial,apps.frontend.views.leave_views.leave_calendar_activities_partial,ACCOUNTANT | ADMIN | BUSINESS_TRANSFORMATION | CCEO | CD | HR | IA | MFI_ADMIN | MFI_OFFICER | PARTNER | PL | PROJECT_COORDINATOR | RPL | RVP,partials/leave/calendar_activity_panel.html,referenced-by-automated-test,Inventory only; no per-route execution claim. Consult test and browser evidence.
UI-PAGE-0907D00B52,/leave/coverage,leave_coverage,page,apps.frontend.views.leave_views.leave_coverage_view,ACCOUNTANT | ADMIN | CCEO | CD | HR | IA | PL | RVP,pages/leave/leave_coverage.html,referenced-by-automated-test,Inventory only; no per-route execution claim. Consult test and browser evidence.
UI-PAGE-B757CD365D,/leave/coverage/,,page,apps.frontend.views.leave_views.leave_coverage_view,ACCOUNTANT | ADMIN | CCEO | CD | HR | IA | PL | RVP,pages/leave/leave_coverage.html,referenced-by-automated-test,Inventory only; no per-route execution claim. Consult test and browser evidence.
UI-PAGE-5859F848B2,/leave/coverage/<str:assignment_id>/revoke,revoke_coverage_action,action,apps.frontend.views.leave_views.revoke_coverage_action,ACCOUNTANT | ADMIN | CCEO | CD | HR | IA | PL | RVP,,referenced-by-automated-test,Inventory only; no per-route execution claim. Consult test and browser evidence.
UI-PAGE-D802845898,/leave/coverage/<str:leave_id>/accept,leave_coverage_accept_action,action,apps.frontend.views.leave_views.leave_coverage_accept_action,ACCOUNTANT | ADMIN | BUSINESS_TRANSFORMATION | CCEO | CD | HR | IA | MFI_ADMIN | MFI_OFFICER | PL | PROJECT_COORDINATOR | RPL | RVP,,referenced-by-automated-test,Inventory only; no per-route execution claim. Consult test and browser evidence.
UI-PAGE-7E7EAD906E,/leave/coverage/<str:leave_id>/decline,leave_coverage_decline_action,action,apps.frontend.views.leave_views.leave_coverage_decline_action,ACCOUNTANT | ADMIN | BUSINESS_TRANSFORMATION | CCEO | CD | HR | IA | MFI_ADMIN | MFI_OFFICER | PL | PROJECT_COORDINATOR | RPL | RVP,,referenced-by-automated-test,Inventory only; no per-route execution claim. Consult test and browser evidence.
UI-PAGE-F50FCBD448,/leave/policies,leave_policies,page,apps.frontend.views.leave_views.leave_policies_view,ADMIN | HR,pages/leave/leave_policies.html,referenced-by-automated-test,Inventory only; no per-route execution claim. Consult test and browser evidence.
UI-PAGE-8FB8756CBF,/leave/policies/,,page,apps.frontend.views.leave_views.leave_policies_view,ADMIN | HR,pages/leave/leave_policies.html,referenced-by-automated-test,Inventory only; no per-route execution claim. Consult test and browser evidence.
UI-PAGE-F7D5BFCB11,/leave/team-availability,team_availability,page,apps.frontend.views.leave_views.team_availability_view,ADMIN | CD | HR | PL | RVP,pages/leave/team_availability.html,referenced-by-automated-test,Inventory only; no per-route execution claim. Consult test and browser evidence.
UI-PAGE-A4895DE049,/leave/team-availability/,,page,apps.frontend.views.leave_views.team_availability_view,ADMIN | CD | HR | PL | RVP,pages/leave/team_availability.html,referenced-by-automated-test,Inventory only; no per-route execution claim. Consult test and browser evidence.
UI-PAGE-EC3CE390B7,/leave/tracker,leave_tracker,page,apps.frontend.views.leave_views.leave_tracker_view,ADMIN | CD | HR | PL | RVP,pages/leave/leave_tracker.html,referenced-by-automated-test,Inventory only; no per-route execution claim. Consult test and browser evidence.
UI-PAGE-E46A16222A,/leave/tracker/,,page,apps.frontend.views.leave_views.leave_tracker_view,ADMIN | CD | HR | PL | RVP,pages/leave/leave_tracker.html,referenced-by-automated-test,Inventory only; no per-route execution claim. Consult test and browser evidence.
UI-PAGE-C173B02ED1,/loan-applications/<str:application_id>/follow-up,loan_application_follow_up,action,apps.business_transformation.frontend_views.loan_application_follow_up_action,BUSINESS_TRANSFORMATION | CCEO | CD | IA | MFI_ADMIN | MFI_OFFICER | RVP,,referenced-by-automated-test,Inventory only; no per-route execution claim. Consult test and browser evidence.
UI-PAGE-85BE1B44E4,/loan-applications/apply,public_loan_application,page,apps.business_transformation.frontend_views.public_loan_application_page,,pages/business_transformation/loan_application_public.html,referenced-by-automated-test,Inventory only; no per-route execution claim. Consult test and browser evidence.
UI-PAGE-256886A981,/loan-applications/export.csv,loan_application_export,export,apps.business_transformation.frontend_views.loan_application_export_action,BUSINESS_TRANSFORMATION | CCEO | CD | IA | MFI_ADMIN | MFI_OFFICER | RVP,,referenced-by-automated-test,Inventory only; no per-route execution claim. Consult test and browser evidence.
UI-PAGE-BAE614463F,/loans,loans,page,apps.business_transformation.frontend_views.loan_page,BUSINESS_TRANSFORMATION | CCEO | CD | IA | MFI_ADMIN | MFI_OFFICER | RVP,pages/business_transformation/loans.html,referenced-by-automated-test,Inventory only; no per-route execution claim. Consult test and browser evidence.
UI-PAGE-63286BCEAE,/loans/<str:loan_id>/drawer,loan_drawer,drawer,apps.business_transformation.frontend_views.loan_drawer,BUSINESS_TRANSFORMATION | CCEO | CD | IA | MFI_ADMIN | MFI_OFFICER | RVP,partials/business_transformation/loan_drawer.html,referenced-by-automated-test,Inventory only; no per-route execution claim. Consult test and browser evidence.
UI-PAGE-DB5A607B85,/loans/<str:loan_id>/ia-validation,loan_ia_validation,action,apps.business_transformation.frontend_views.ia_validation_action,BUSINESS_TRANSFORMATION | CCEO | CD | IA | MFI_ADMIN | MFI_OFFICER | RVP,,referenced-by-automated-test,Inventory only; no per-route execution claim. Consult test and browser evidence.
UI-PAGE-6876080963,/loans/<str:loan_id>/repayment-snapshots,loan_repayment_snapshot,action,apps.business_transformation.frontend_views.repayment_snapshot_action,BUSINESS_TRANSFORMATION | CCEO | CD | IA | MFI_ADMIN | MFI_OFFICER | RVP,,referenced-by-automated-test,Inventory only; no per-route execution claim. Consult test and browser evidence.
UI-PAGE-D029D55C06,/loans/<str:loan_id>/salesforce-confirmation,loan_salesforce_confirmation,action,apps.business_transformation.frontend_views.salesforce_confirmation_action,BUSINESS_TRANSFORMATION | CCEO | CD | IA | MFI_ADMIN | MFI_OFFICER | RVP,,referenced-by-automated-test,Inventory only; no per-route execution claim. Consult test and browser evidence.
UI-PAGE-AD3766E5D5,/loans/<str:loan_id>/salesforce-return,loan_salesforce_return,action,apps.business_transformation.frontend_views.salesforce_return_action,BUSINESS_TRANSFORMATION | CCEO | CD | IA | MFI_ADMIN | MFI_OFFICER | RVP,,referenced-by-automated-test,Inventory only; no per-route execution claim. Consult test and browser evidence.
UI-PAGE-11DB467249,/loans/export.csv,loan_export,export,apps.business_transformation.frontend_views.loan_export_action,BUSINESS_TRANSFORMATION | CCEO | CD | IA | MFI_ADMIN | MFI_OFFICER | RVP,,referenced-by-automated-test,Inventory only; no per-route execution claim. Consult test and browser evidence.
UI-PAGE-DEE6379D64,/loans/export.xlsx,loan_excel_export,export,apps.business_transformation.frontend_views.loan_excel_export_action,BUSINESS_TRANSFORMATION | CCEO | CD | IA | MFI_ADMIN | MFI_OFFICER | RVP,,referenced-by-automated-test,Inventory only; no per-route execution claim. Consult test and browser evidence.
UI-PAGE-5144CCA312,/loans/repayment-snapshots,loan_repayment_snapshot_save,action,apps.business_transformation.frontend_views.repayment_snapshot_save_action,BUSINESS_TRANSFORMATION | CCEO | CD | IA | MFI_ADMIN | MFI_OFFICER | RVP,,referenced-by-automated-test,Inventory only; no per-route execution claim. Consult test and browser evidence.
UI-PAGE-9D676C663F,/loans/save,loan_save,action,apps.business_transformation.frontend_views.loan_save_action,BUSINESS_TRANSFORMATION | CCEO | CD | IA | MFI_ADMIN | MFI_OFFICER | RVP,,referenced-by-automated-test,Inventory only; no per-route execution claim. Consult test and browser evidence.
UI-PAGE-D1857EF285,/login,login,page,apps.frontend.views.auth_views.login_view,,pages/auth/login.html,referenced-by-automated-test,Inventory only; no per-route execution claim. Consult test and browser evidence.
UI-PAGE-AE7E3050B4,/login/verify,mfa_verify,page,apps.frontend.views.auth_views.mfa_verify_view,,pages/auth/mfa_verify.html,referenced-by-automated-test,Inventory only; no per-route execution claim. Consult test and browser evidence.
UI-PAGE-4526582CB6,/map,map,page,apps.frontend.views.extended_views.map_view,ADMIN | CCEO | CD | IA | PL | PROJECT_COORDINATOR | RPL,pages/map/index.html,referenced-by-automated-test,Inventory only; no per-route execution claim. Consult test and browser evidence.
UI-PAGE-B83F484DF3,/messages,messages_list,partial,apps.frontend.views.message_views.messages_list_view,ACCOUNTANT | ADMIN | BUSINESS_TRANSFORMATION | CCEO | CD | HR | IA | MFI_ADMIN | MFI_OFFICER | PARTNER | PL | PROJECT_COORDINATOR | RPL | RVP,partials/messages/inbox_update.html | pages/messages/index.html,referenced-by-automated-test,Inventory only; no per-route execution claim. Consult test and browser evidence.
UI-PAGE-3B4661EEDB,/messages/,,partial,apps.frontend.views.message_views.messages_list_view,ACCOUNTANT | ADMIN | BUSINESS_TRANSFORMATION | CCEO | CD | HR | IA | MFI_ADMIN | MFI_OFFICER | PARTNER | PL | PROJECT_COORDINATOR | RPL | RVP,partials/messages/inbox_update.html | pages/messages/index.html,referenced-by-automated-test,Inventory only; no per-route execution claim. Consult test and browser evidence.
UI-PAGE-D44BED6BF4,/messages/<str:message_id>,message_detail,action,apps.frontend.views.message_views.message_deep_link_view,ACCOUNTANT | ADMIN | BUSINESS_TRANSFORMATION | CCEO | CD | HR | IA | MFI_ADMIN | MFI_OFFICER | PARTNER | PL | PROJECT_COORDINATOR | RPL | RVP,,referenced-by-automated-test,Inventory only; no per-route execution claim. Consult test and browser evidence.
UI-PAGE-074834715C,/messages/attachments/<str:attachment_id>,message_attachment_download,export,apps.frontend.views.message_views.message_attachment_download_view,ACCOUNTANT | ADMIN | BUSINESS_TRANSFORMATION | CCEO | CD | HR | IA | MFI_ADMIN | MFI_OFFICER | PARTNER | PL | PROJECT_COORDINATOR | RPL | RVP,,referenced-by-automated-test,Inventory only; no per-route execution claim. Consult test and browser evidence.
UI-PAGE-74CD8AC0AA,/messages/drawer,messages_drawer,drawer,apps.frontend.views.message_views.message_drawer_view,ACCOUNTANT | ADMIN | BUSINESS_TRANSFORMATION | CCEO | CD | HR | IA | MFI_ADMIN | MFI_OFFICER | PARTNER | PL | PROJECT_COORDINATOR | RPL | RVP,partials/messages/message_drawer.html,referenced-by-automated-test,Inventory only; no per-route execution claim. Consult test and browser evidence.
UI-PAGE-F2306BAC8B,/messages/new,message_compose,page,apps.frontend.views.message_views.message_compose_view,ACCOUNTANT | ADMIN | BUSINESS_TRANSFORMATION | CCEO | CD | HR | IA | MFI_ADMIN | MFI_OFFICER | PARTNER | PL | PROJECT_COORDINATOR | RPL | RVP,pages/messages/new.html,referenced-by-automated-test,Inventory only; no per-route execution claim. Consult test and browser evidence.
UI-PAGE-22EAF00F72,/messages/new/,,page,apps.frontend.views.message_views.message_compose_view,ACCOUNTANT | ADMIN | BUSINESS_TRANSFORMATION | CCEO | CD | HR | IA | MFI_ADMIN | MFI_OFFICER | PARTNER | PL | PROJECT_COORDINATOR | RPL | RVP,pages/messages/new.html,referenced-by-automated-test,Inventory only; no per-route execution claim. Consult test and browser evidence.
UI-PAGE-C3AD2804A6,/messages/new/records,message_compose_records,partial,apps.frontend.views.message_views.compose_records_partial,ACCOUNTANT | ADMIN | BUSINESS_TRANSFORMATION | CCEO | CD | HR | IA | MFI_ADMIN | MFI_OFFICER | PARTNER | PL | PROJECT_COORDINATOR | RPL | RVP,partials/messages/context_records.html,referenced-by-automated-test,Inventory only; no per-route execution claim. Consult test and browser evidence.
UI-PAGE-68F49E9B79,/messages/new/suggestions,message_compose_suggestions,partial,apps.frontend.views.message_views.compose_suggestions_partial,ACCOUNTANT | ADMIN | BUSINESS_TRANSFORMATION | CCEO | CD | HR | IA | MFI_ADMIN | MFI_OFFICER | PARTNER | PL | PROJECT_COORDINATOR | RPL | RVP,partials/messages/recipient_suggestions.html,referenced-by-automated-test,Inventory only; no per-route execution claim. Consult test and browser evidence.
UI-PAGE-8AA7AF3914,/messages/new/summary,message_compose_summary,partial,apps.frontend.views.message_views.compose_summary_partial,ACCOUNTANT | ADMIN | BUSINESS_TRANSFORMATION | CCEO | CD | HR | IA | MFI_ADMIN | MFI_OFFICER | PARTNER | PL | PROJECT_COORDINATOR | RPL | RVP,partials/messages/context_summary.html,referenced-by-automated-test,Inventory only; no per-route execution claim. Consult test and browser evidence.
UI-PAGE-01B1335022,/messages/thread/<str:thread_id>,message_thread,partial,apps.frontend.views.message_views.thread_view,ACCOUNTANT | ADMIN | BUSINESS_TRANSFORMATION | CCEO | CD | HR | IA | MFI_ADMIN | MFI_OFFICER | PARTNER | PL | PROJECT_COORDINATOR | RPL | RVP,partials/messages/conversation.html,referenced-by-automated-test,Inventory only; no per-route execution claim. Consult test and browser evidence.
UI-PAGE-F7E8414712,/messages/thread/<str:thread_id>/archive,message_thread_archive,action,apps.frontend.views.message_views.thread_archive_action,ACCOUNTANT | ADMIN | BUSINESS_TRANSFORMATION | CCEO | CD | HR | IA | MFI_ADMIN | MFI_OFFICER | PARTNER | PL | PROJECT_COORDINATOR | RPL | RVP,,referenced-by-automated-test,Inventory only; no per-route execution claim. Consult test and browser evidence.
UI-PAGE-F155B4F7CE,/messages/thread/<str:thread_id>/reply,message_thread_reply,partial,apps.frontend.views.message_views.thread_reply_action,ACCOUNTANT | ADMIN | BUSINESS_TRANSFORMATION | CCEO | CD | HR | IA | MFI_ADMIN | MFI_OFFICER | PARTNER | PL | PROJECT_COORDINATOR | RPL | RVP,partials/messages/conversation.html,referenced-by-automated-test,Inventory only; no per-route execution claim. Consult test and browser evidence.
UI-PAGE-70F6DE8C6B,/messages/thread/<str:thread_id>/star,message_thread_star,action,apps.frontend.views.message_views.thread_star_action,ACCOUNTANT | ADMIN | BUSINESS_TRANSFORMATION | CCEO | CD | HR | IA | MFI_ADMIN | MFI_OFFICER | PARTNER | PL | PROJECT_COORDINATOR | RPL | RVP,,referenced-by-automated-test,Inventory only; no per-route execution claim. Consult test and browser evidence.
UI-PAGE-F513132000,/mfi-portal,mfi_portal,page,apps.business_transformation.frontend_views.mfi_portal_page,MFI_ADMIN | MFI_OFFICER,pages/business_transformation/mfi_portal.html,referenced-by-automated-test,Inventory only; no per-route execution claim. Consult test and browser evidence.
UI-PAGE-2A8C6B46DF,/mfi-portal/<str:section>,mfi_portal_section,page,apps.business_transformation.frontend_views.mfi_portal_page,MFI_ADMIN | MFI_OFFICER,pages/business_transformation/mfi_portal.html,referenced-by-automated-test,Inventory only; no per-route execution claim. Consult test and browser evidence.
UI-PAGE-1339F0B471,/my-coaching,my_coaching,page,apps.frontend.views.coaching_views.my_coaching_view,ADMIN | CCEO,pages/cce_leadership/workspace.html,referenced-by-automated-test,Inventory only; no per-route execution claim. Consult test and browser evidence.
UI-PAGE-FB3D019B64,/my-coaching/<str:record_id>,my_coaching_drawer,drawer,apps.frontend.views.coaching_views.my_coaching_drawer,ADMIN | CCEO,partials/hr/form_drawer.html,referenced-by-automated-test,Inventory only; no per-route execution claim. Consult test and browser evidence.
UI-PAGE-6841539442,/my-coaching/<str:record_id>/acknowledge,my_coaching_acknowledge,action,apps.frontend.views.coaching_views.my_coaching_acknowledge,ADMIN | CCEO,,referenced-by-automated-test,Inventory only; no per-route execution claim. Consult test and browser evidence.
UI-PAGE-00C9E3437D,/my-performance,my_performance,page,apps.frontend.views.hr_views.my_performance_view,ACCOUNTANT | ADMIN | CCEO | CD | HR | IA | PL | PROJECT_COORDINATOR | RVP,pages/hr/my_performance.html,referenced-by-automated-test,Inventory only; no per-route execution claim. Consult test and browser evidence.
UI-PAGE-3F93C61FF3,/my-performance/development,my_performance_development,page,apps.frontend.views.hr_views.my_performance_view,ACCOUNTANT | ADMIN | CCEO | CD | HR | IA | PL | PROJECT_COORDINATOR | RVP,pages/hr/my_performance.html,referenced-by-automated-test,Inventory only; no per-route execution claim. Consult test and browser evidence.
UI-PAGE-394F17A694,/my-performance/documents,my_performance_documents,page,apps.frontend.views.hr_views.my_performance_view,ACCOUNTANT | ADMIN | CCEO | CD | HR | IA | PL | PROJECT_COORDINATOR | RVP,pages/hr/my_performance.html,referenced-by-automated-test,Inventory only; no per-route execution claim. Consult test and browser evidence.
UI-PAGE-130CC03295,/my-performance/values,my_performance_values,page,apps.frontend.views.hr_views.my_performance_view,ACCOUNTANT | ADMIN | CCEO | CD | HR | IA | PL | PROJECT_COORDINATOR | RVP,pages/hr/my_performance.html,referenced-by-automated-test,Inventory only; no per-route execution claim. Consult test and browser evidence.
UI-PAGE-81D22F3012,/my-plan,my_plan,page,apps.frontend.views.my_plan_views.my_plan_view,ACCOUNTANT | ADMIN | CCEO | CD | IA | PARTNER | PL | PROJECT_COORDINATOR,pages/partner/my_plan.html | partials/my_plan/workspace.html | pages/my_plan/index.html,referenced-by-automated-test,Inventory only; no per-route execution claim. Consult test and browser evidence.
UI-PAGE-1028B8B6D6,/my-plan/<str:activity_id>,activity_detail,drawer,apps.frontend.views.my_plan_views.activity_detail_view,ACCOUNTANT | ADMIN | CCEO | CD | IA | PARTNER | PL | PROJECT_COORDINATOR,partials/my_plan/activity_detail_drawer.html | pages/my_plan/detail.html,referenced-by-automated-test,Inventory only; no per-route execution claim. Consult test and browser evidence.
UI-PAGE-3093D469A8,/my-plan/<str:activity_id>/accountability,accountability_action,drawer,apps.frontend.views.my_plan_views.accountability_action,ACCOUNTANT | ADMIN | CCEO | CD | IA | PARTNER | PL | PROJECT_COORDINATOR,partials/my_plan/accountability_drawer.html,referenced-by-automated-test,Inventory only; no per-route execution claim. Consult test and browser evidence.
UI-PAGE-ACF62FD525,/my-plan/<str:activity_id>/cancel,cancel_activity,action,apps.frontend.views.my_plan_views.cancel_activity_action,ACCOUNTANT | ADMIN | CCEO | CD | IA | PARTNER | PL | PROJECT_COORDINATOR,,referenced-by-automated-test,Inventory only; no per-route execution claim. Consult test and browser evidence.
UI-PAGE-3DDC006A6E,/my-plan/<str:activity_id>/cancel-drawer,cancel_activity_drawer,drawer,apps.frontend.views.my_plan_views.cancel_activity_drawer_view,ACCOUNTANT | ADMIN | CCEO | CD | IA | PARTNER | PL | PROJECT_COORDINATOR,partials/my_plan/cancel_drawer.html,referenced-by-automated-test,Inventory only; no per-route execution claim. Consult test and browser evidence.
UI-PAGE-D80C668599,/my-plan/<str:activity_id>/complete,complete_activity,action,apps.frontend.views.my_plan_views.complete_activity_action,ACCOUNTANT | ADMIN | CCEO | CD | IA | PARTNER | PL | PROJECT_COORDINATOR,,referenced-by-automated-test,Inventory only; no per-route execution claim. Consult test and browser evidence.
UI-PAGE-2C668C3B27,/my-plan/<str:activity_id>/complete-drawer,complete_drawer,drawer,apps.frontend.views.my_plan_views.complete_drawer_view,ACCOUNTANT | ADMIN | CCEO | CD | IA | PARTNER | PL | PROJECT_COORDINATOR,partials/my_plan/complete_drawer.html,referenced-by-automated-test,Inventory only; no per-route execution claim. Consult test and browser evidence.
UI-PAGE-EC0BDB34F5,/my-plan/<str:activity_id>/confirm-reimbursement-receipt,confirm_reimbursement_receipt_action,drawer,apps.frontend.views.my_plan_views.confirm_reimbursement_receipt_action,ACCOUNTANT | ADMIN | CCEO | CD | IA | PARTNER | PL | PROJECT_COORDINATOR,partials/my_plan/confirm_reimbursement_receipt_drawer.html,referenced-by-automated-test,Inventory only; no per-route execution claim. Consult test and browser evidence.
UI-PAGE-C0BD71EBE9,/my-plan/<str:activity_id>/learning-results,onetest_results_drawer,drawer,apps.frontend.views.ia_school_evidence_views.onetest_results_drawer,ACCOUNTANT | ADMIN | CCEO | CD | IA | PARTNER | PL | PROJECT_COORDINATOR,partials/hr/form_drawer.html,referenced-by-automated-test,Inventory only; no per-route execution claim. Consult test and browser evidence.
UI-PAGE-DEC93D9806,/my-plan/<str:activity_id>/learning-results/save,onetest_results_save,action,apps.frontend.views.ia_school_evidence_views.onetest_results_save,ACCOUNTANT | ADMIN | CCEO | CD | IA | PARTNER | PL | PROJECT_COORDINATOR,,referenced-by-automated-test,Inventory only; no per-route execution claim. Consult test and browser evidence.
UI-PAGE-82480F4141,/my-plan/<str:activity_id>/request-amendment,request_budget_amendment,action,apps.frontend.views.my_plan_views.request_budget_amendment_action,ACCOUNTANT | ADMIN | CCEO | CD | IA | PARTNER | PL | PROJECT_COORDINATOR,,referenced-by-automated-test,Inventory only; no per-route execution claim. Consult test and browser evidence.
UI-PAGE-95DB260DE8,/my-plan/<str:activity_id>/reschedule,reschedule_activity,action,apps.frontend.views.my_plan_views.reschedule_activity_action,ACCOUNTANT | ADMIN | CCEO | CD | IA | PARTNER | PL | PROJECT_COORDINATOR,,referenced-by-automated-test,Inventory only; no per-route execution claim. Consult test and browser evidence.
UI-PAGE-34CF71A1B7,/my-plan/<str:activity_id>/reschedule-drawer,reschedule_drawer,drawer,apps.frontend.views.my_plan_views.reschedule_drawer_view,ACCOUNTANT | ADMIN | CCEO | CD | IA | PARTNER | PL | PROJECT_COORDINATOR,partials/planning/schedule_drawer.html,referenced-by-automated-test,Inventory only; no per-route execution claim. Consult test and browser evidence.
UI-PAGE-6937A8BBE4,/my-plan/day-package,my_plan_day_package,action,apps.frontend.views.my_plan_views.day_package_view,ACCOUNTANT | ADMIN | CCEO | CD | IA | PARTNER | PL | PROJECT_COORDINATOR,,referenced-by-automated-test,Inventory only; no per-route execution claim. Consult test and browser evidence.
UI-PAGE-A9CC7B99B9,/my-professional-development,my_professional_development,partial,apps.frontend.views.pd_views.my_professional_development_view,ACCOUNTANT | ADMIN | CCEO | CD | HR | IA | PL | PROJECT_COORDINATOR | RVP,partials/professional_development/body.html | pages/professional_development/index.html,referenced-by-automated-test,Inventory only; no per-route execution claim. Consult test and browser evidence.
UI-PAGE-66957B5B06,/my-professional-development/,,partial,apps.frontend.views.pd_views.my_professional_development_view,ACCOUNTANT | ADMIN | CCEO | CD | HR | IA | PL | PROJECT_COORDINATOR | RVP,partials/professional_development/body.html | pages/professional_development/index.html,referenced-by-automated-test,Inventory only; no per-route execution claim. Consult test and browser evidence.
UI-PAGE-3674FD9513,/my-professional-development/allocation-history,pd_allocation_history,drawer,apps.frontend.views.pd_views.pd_allocation_history_view,ACCOUNTANT | ADMIN | CCEO | CD | HR | IA | PL | PROJECT_COORDINATOR | RVP,partials/professional_development/allocation_history_drawer.html,coverage-review-required,Inventory only; no per-route execution claim. Consult test and browser evidence.
UI-PAGE-CD383B1121,/my-professional-development/certificate/<str:file_id>,pd_certificate_file,action,apps.frontend.views.pd_views.pd_certificate_file_view,ACCOUNTANT | ADMIN | CCEO | CD | HR | IA | PL | PROJECT_COORDINATOR | RVP,,coverage-review-required,Inventory only; no per-route execution claim. Consult test and browser evidence.
UI-PAGE-8A5F4B676E,/my-professional-development/evidence/<str:file_id>,pd_evidence_file,action,apps.frontend.views.pd_views.pd_evidence_file_view,ACCOUNTANT | ADMIN | CCEO | CD | HR | IA | PL | PROJECT_COORDINATOR | RVP,,coverage-review-required,Inventory only; no per-route execution claim. Consult test and browser evidence.
UI-PAGE-BF0AB79ABA,/my-professional-development/export,pd_export,export,apps.frontend.views.pd_views.pd_export_view,ACCOUNTANT | ADMIN | CCEO | CD | HR | IA | PL | PROJECT_COORDINATOR | RVP,,referenced-by-automated-test,Inventory only; no per-route execution claim. Consult test and browser evidence.
UI-PAGE-7DE4E2082D,/my-professional-development/fund/<str:fund_request_id>/action,pd_fund_action,action,apps.frontend.views.pd_views.pd_fund_action_view,ACCOUNTANT | ADMIN | CCEO | CD | HR | IA | PL | PROJECT_COORDINATOR | RVP,,coverage-review-required,Inventory only; no per-route execution claim. Consult test and browser evidence.
UI-PAGE-59CB65846A,/my-professional-development/request,pd_request,partial,apps.frontend.views.pd_views.pd_request_view,ACCOUNTANT | ADMIN | CCEO | CD | HR | IA | PL | PROJECT_COORDINATOR | RVP,partials/professional_development/request_form.html,referenced-by-automated-test,Inventory only; no per-route execution claim. Consult test and browser evidence.
UI-PAGE-94B9DA355F,/my-professional-development/request/<str:request_id>/action,pd_action,action,apps.frontend.views.pd_views.pd_action_view,ACCOUNTANT | ADMIN | CCEO | CD | HR | IA | PL | PROJECT_COORDINATOR | RVP,,coverage-review-required,Inventory only; no per-route execution claim. Consult test and browser evidence.
UI-PAGE-E1DCBDF21B,/my-professional-development/request/<str:request_id>/certificate,pd_certificate_upload,action,apps.frontend.views.pd_views.pd_certificate_upload_view,ACCOUNTANT | ADMIN | CCEO | CD | HR | IA | PL | PROJECT_COORDINATOR | RVP,,coverage-review-required,Inventory only; no per-route execution claim. Consult test and browser evidence.
UI-PAGE-DB37D19B27,/my-professional-development/request/<str:request_id>/evidence,pd_evidence_upload,action,apps.frontend.views.pd_views.pd_evidence_upload_view,ACCOUNTANT | ADMIN | CCEO | CD | HR | IA | PL | PROJECT_COORDINATOR | RVP,,coverage-review-required,Inventory only; no per-route execution claim. Consult test and browser evidence.
UI-PAGE-17269F5939,/my-targets,my_targets,partial,apps.frontend.views.staff_views.my_targets_view,ADMIN | CCEO | IA | PARTNER | PL | PROJECT_COORDINATOR,partials/targets/my_body.html | pages/targets/index.html,referenced-by-automated-test,Inventory only; no per-route execution claim. Consult test and browser evidence.
UI-PAGE-51EB10E6E7,/my-targets/area-drawer,my_targets_area_drawer,drawer,apps.frontend.views.staff_views.my_targets_area_drawer_view,ADMIN | CCEO | IA | PARTNER | PL | PROJECT_COORDINATOR,partials/targets/area_drawer.html,referenced-by-automated-test,Inventory only; no per-route execution claim. Consult test and browser evidence.
UI-PAGE-26D49EB5F1,/my-targets/export,my_targets_export,export,apps.frontend.views.staff_views.my_targets_export_view,ADMIN | CCEO | IA | PARTNER | PL | PROJECT_COORDINATOR,,referenced-by-automated-test,Inventory only; no per-route execution claim. Consult test and browser evidence.
UI-PAGE-80804A5F4B,/my-targets/mscs,my_targets_mscs,action,apps.frontend.views.staff_views.mscs_submit_view,ADMIN | CCEO | IA | PARTNER | PL | PROJECT_COORDINATOR,,referenced-by-automated-test,Inventory only; no per-route execution claim. Consult test and browser evidence.
UI-PAGE-149A7654FC,/my-team,my_team,page,apps.frontend.views.staff_views.my_team_view,ADMIN | PL,pages/my_team/index.html,referenced-by-automated-test,Inventory only; no per-route execution claim. Consult test and browser evidence.
UI-PAGE-E808A3A1BC,/notifications,notifications,page,apps.frontend.views.staff_views.notifications_page_view,ACCOUNTANT | ADMIN | BUSINESS_TRANSFORMATION | CCEO | CD | HR | IA | MFI_ADMIN | MFI_OFFICER | PARTNER | PL | PROJECT_COORDINATOR | RPL | RVP,pages/notifications/index.html,referenced-by-automated-test,Inventory only; no per-route execution claim. Consult test and browser evidence.
UI-PAGE-D4CC699CE9,/notifications/,,page,apps.frontend.views.staff_views.notifications_page_view,ACCOUNTANT | ADMIN | BUSINESS_TRANSFORMATION | CCEO | CD | HR | IA | MFI_ADMIN | MFI_OFFICER | PARTNER | PL | PROJECT_COORDINATOR | RPL | RVP,pages/notifications/index.html,referenced-by-automated-test,Inventory only; no per-route execution claim. Consult test and browser evidence.
UI-PAGE-E788473911,/notifications/<str:notif_id>/read,mark_notif_read,drawer,apps.frontend.views.staff_views.mark_notification_read,ACCOUNTANT | ADMIN | BUSINESS_TRANSFORMATION | CCEO | CD | HR | IA | MFI_ADMIN | MFI_OFFICER | PARTNER | PL | PROJECT_COORDINATOR | RPL | RVP,partials/notifications/notification_drawer_list.html,referenced-by-automated-test,Inventory only; no per-route execution claim. Consult test and browser evidence.
UI-PAGE-0D3E8983C0,/notifications/drawer,notifications_drawer,drawer,apps.frontend.views.staff_views.notification_drawer_view,ACCOUNTANT | ADMIN | BUSINESS_TRANSFORMATION | CCEO | CD | HR | IA | MFI_ADMIN | MFI_OFFICER | PARTNER | PL | PROJECT_COORDINATOR | RPL | RVP,partials/notifications/notification_drawer.html,referenced-by-automated-test,Inventory only; no per-route execution claim. Consult test and browser evidence.
UI-PAGE-45CD52E6FC,/notifications/mark-all-read,mark_all_notifications_read,drawer,apps.frontend.views.staff_views.mark_all_notifications_read,ACCOUNTANT | ADMIN | BUSINESS_TRANSFORMATION | CCEO | CD | HR | IA | MFI_ADMIN | MFI_OFFICER | PARTNER | PL | PROJECT_COORDINATOR | RPL | RVP,partials/notifications/notification_drawer_list.html,referenced-by-automated-test,Inventory only; no per-route execution claim. Consult test and browser evidence.
UI-PAGE-CA1DBB98A4,/offboarding,offboarding,page,apps.frontend.views.hr_views.offboarding_view,ADMIN | HR,pages/hr/module_workspace.html,referenced-by-automated-test,Inventory only; no per-route execution claim. Consult test and browser evidence.
UI-PAGE-28D0D15834,/offboarding/<str:plan_id>,offboarding_drawer,drawer,apps.frontend.views.hr_programme_views.offboarding_drawer,ADMIN | HR,partials/hr/form_drawer.html,referenced-by-automated-test,Inventory only; no per-route execution claim. Consult test and browser evidence.
UI-PAGE-DC627E0456,/offboarding/<str:plan_id>/close,offboarding_close,action,apps.frontend.views.hr_programme_views.offboarding_close,ADMIN | HR,,referenced-by-automated-test,Inventory only; no per-route execution claim. Consult test and browser evidence.
UI-PAGE-62A35A018A,/offboarding/new,offboarding_start_drawer,drawer,apps.frontend.views.hr_programme_views.offboarding_start_drawer,ADMIN | HR,partials/hr/form_drawer.html,referenced-by-automated-test,Inventory only; no per-route execution claim. Consult test and browser evidence.
UI-PAGE-8D06EDDD8A,/offboarding/start,offboarding_start,action,apps.frontend.views.hr_programme_views.offboarding_start,ADMIN | HR,,referenced-by-automated-test,Inventory only; no per-route execution claim. Consult test and browser evidence.
UI-PAGE-08B3C226D4,/offline,offline,page,apps.frontend.views.pwa_views.offline,,pages/offline.html,referenced-by-automated-test,Inventory only; no per-route execution claim. Consult test and browser evidence.
UI-PAGE-99A6BD1230,/onboarding,onboarding,page,apps.frontend.views.hr_views.onboarding_view,ADMIN | HR,pages/hr/module_workspace.html,referenced-by-automated-test,Inventory only; no per-route execution claim. Consult test and browser evidence.
UI-PAGE-3DFE6D3724,/onboarding/<str:plan_id>,onboarding_drawer,drawer,apps.frontend.views.hr_programme_views.onboarding_drawer,ADMIN | HR,partials/hr/form_drawer.html,referenced-by-automated-test,Inventory only; no per-route execution claim. Consult test and browser evidence.
UI-PAGE-1E22EB77D2,/onboarding/<str:plan_id>/record,onboarding_record,action,apps.frontend.views.hr_programme_views.onboarding_record,ADMIN | HR,,referenced-by-automated-test,Inventory only; no per-route execution claim. Consult test and browser evidence.
UI-PAGE-9A561927AF,/org-structure,org_structure,page,apps.frontend.views.hr_views.org_structure_view,ADMIN | HR,pages/hr/module_workspace.html,referenced-by-automated-test,Inventory only; no per-route execution claim. Consult test and browser evidence.
UI-PAGE-CED66A2471,/partials/clusters/<str:cluster_id>/schools,cluster_schools_partial,partial,apps.frontend.views.cluster_views.cluster_schools_partial,ACCOUNTANT | ADMIN | CCEO | CD | IA | PL | PROJECT_COORDINATOR,partials/clusters/cluster_schools_table.html,referenced-by-automated-test,Inventory only; no per-route execution claim. Consult test and browser evidence.
UI-PAGE-A1BC57DE66,/partials/costing/preview,cost_preview,partial,apps.frontend.views.planning_views.cost_preview_partial,ACCOUNTANT | ADMIN | CCEO | CD | IA | PL | PROJECT_COORDINATOR,partials/cost_preview.html,referenced-by-automated-test,Inventory only; no per-route execution claim. Consult test and browser evidence.
UI-PAGE-7094F59CAA,/partner-engagements/<str:engagement_id>,partner_engagement_drawer,drawer,apps.frontend.views.partner_engagement_views.engagement_drawer,ACCOUNTANT | ADMIN | BUSINESS_TRANSFORMATION | CCEO | CD | HR | IA | MFI_ADMIN | MFI_OFFICER | PARTNER | PL | PROJECT_COORDINATOR | RPL | RVP,partials/hr/form_drawer.html,referenced-by-automated-test,Inventory only; no per-route execution claim. Consult test and browser evidence.
UI-PAGE-2428BF151D,/partner-engagements/<str:engagement_id>/follow-up,partner_engagement_follow_up_drawer,drawer,apps.frontend.views.partner_engagement_views.engagement_follow_up_drawer,ACCOUNTANT | ADMIN | BUSINESS_TRANSFORMATION | CCEO | CD | HR | IA | MFI_ADMIN | MFI_OFFICER | PARTNER | PL | PROJECT_COORDINATOR | RPL | RVP,partials/hr/form_drawer.html,referenced-by-automated-test,Inventory only; no per-route execution claim. Consult test and browser evidence.
UI-PAGE-120A43A500,/partner-engagements/<str:engagement_id>/follow-up/save,partner_engagement_follow_up,action,apps.frontend.views.partner_engagement_views.engagement_follow_up,ACCOUNTANT | ADMIN | BUSINESS_TRANSFORMATION | CCEO | CD | HR | IA | MFI_ADMIN | MFI_OFFICER | PARTNER | PL | PROJECT_COORDINATOR | RPL | RVP,,referenced-by-automated-test,Inventory only; no per-route execution claim. Consult test and browser evidence.
UI-PAGE-39821900DF,/partner-engagements/<str:engagement_id>/share,partner_engagement_share_drawer,drawer,apps.frontend.views.partner_engagement_views.engagement_share_drawer,ACCOUNTANT | ADMIN | BUSINESS_TRANSFORMATION | CCEO | CD | HR | IA | MFI_ADMIN | MFI_OFFICER | PARTNER | PL | PROJECT_COORDINATOR | RPL | RVP,partials/hr/form_drawer.html,referenced-by-automated-test,Inventory only; no per-route execution claim. Consult test and browser evidence.
UI-PAGE-2924B45F0A,/partner-engagements/<str:engagement_id>/share/save,partner_engagement_share,action,apps.frontend.views.partner_engagement_views.engagement_share,ACCOUNTANT | ADMIN | BUSINESS_TRANSFORMATION | CCEO | CD | HR | IA | MFI_ADMIN | MFI_OFFICER | PARTNER | PL | PROJECT_COORDINATOR | RPL | RVP,,referenced-by-automated-test,Inventory only; no per-route execution claim. Consult test and browser evidence.
UI-PAGE-634CC67BF6,/partner-engagements/<str:engagement_id>/update,partner_engagement_update,action,apps.frontend.views.partner_engagement_views.engagement_update,ACCOUNTANT | ADMIN | BUSINESS_TRANSFORMATION | CCEO | CD | HR | IA | MFI_ADMIN | MFI_OFFICER | PARTNER | PL | PROJECT_COORDINATOR | RPL | RVP,,referenced-by-automated-test,Inventory only; no per-route execution claim. Consult test and browser evidence.
UI-PAGE-DB77CF9E76,/partner-engagements/new,partner_engagement_new_drawer,drawer,apps.frontend.views.partner_engagement_views.engagement_new_drawer,ACCOUNTANT | ADMIN | BUSINESS_TRANSFORMATION | CCEO | CD | HR | IA | MFI_ADMIN | MFI_OFFICER | PARTNER | PL | PROJECT_COORDINATOR | RPL | RVP,partials/hr/form_drawer.html,referenced-by-automated-test,Inventory only; no per-route execution claim. Consult test and browser evidence.
UI-PAGE-55A0B1C6EA,/partner-engagements/record,partner_engagement_record,action,apps.frontend.views.partner_engagement_views.engagement_record,ACCOUNTANT | ADMIN | BUSINESS_TRANSFORMATION | CCEO | CD | HR | IA | MFI_ADMIN | MFI_OFFICER | PARTNER | PL | PROJECT_COORDINATOR | RPL | RVP,,referenced-by-automated-test,Inventory only; no per-route execution claim. Consult test and browser evidence.
UI-PAGE-A14F031C98,/partner-oversight/,partner_oversight,partial,apps.frontend.views.oversight_views.partner_oversight_view,ACCOUNTANT | ADMIN | CCEO | CD | IA | PL | RVP,partials/oversight/partner_workspace.html | pages/oversight/partner_oversight.html,referenced-by-automated-test,Inventory only; no per-route execution claim. Consult test and browser evidence.
UI-PAGE-48931D8B35,/partner-oversight/allowance-drawer,partner_allowance_drawer,drawer,apps.frontend.views.oversight_views.partner_allowance_drawer,ACCOUNTANT | ADMIN | CCEO | CD | IA | PL | RVP,partials/oversight/allowance_grant_drawer.html,referenced-by-automated-test,Inventory only; no per-route execution claim. Consult test and browser evidence.
UI-PAGE-619586CF5E,/partner-oversight/allowance-grant,partner_allowance_grant,action,apps.frontend.views.oversight_views.partner_allowance_grant_action,ACCOUNTANT | ADMIN | CCEO | CD | IA | PL | RVP,,referenced-by-automated-test,Inventory only; no per-route execution claim. Consult test and browser evidence.
UI-PAGE-D3C1BC6314,/partner-oversight/detail,partner_oversight_detail,drawer,apps.frontend.views.oversight_views.partner_oversight_detail_view,ACCOUNTANT | ADMIN | CCEO | CD | IA | PL | RVP,partials/oversight/partner_detail_drawer.html,referenced-by-automated-test,Inventory only; no per-route execution claim. Consult test and browser evidence.
UI-PAGE-43F04DB2BD,/partner-oversight/export,partner_oversight_export,export,apps.frontend.views.oversight_views.partner_oversight_export_view,ACCOUNTANT | ADMIN | CCEO | CD | IA | PL | RVP,,referenced-by-automated-test,Inventory only; no per-route execution claim. Consult test and browser evidence.
UI-PAGE-7D18F54818,/partner-oversight/send,partner_oversight_send,action,apps.frontend.views.oversight_views.partner_oversight_send_action_view,ACCOUNTANT | ADMIN | CCEO | CD | IA | PL | RVP,,referenced-by-automated-test,Inventory only; no per-route execution claim. Consult test and browser evidence.
UI-PAGE-2E9357EB4A,/partner-oversight/withdraw,partner_withdrawal_preview,drawer,apps.frontend.views.oversight_views.partner_withdrawal_preview_view,ACCOUNTANT | ADMIN | CCEO | CD | IA | PL | RVP,partials/oversight/withdrawal_drawer.html,referenced-by-automated-test,Inventory only; no per-route execution claim. Consult test and browser evidence.
UI-PAGE-F82160D685,/partner-oversight/withdraw/review,partner_withdrawal_review,action,apps.frontend.views.oversight_views.partner_withdrawal_review_view,ACCOUNTANT | ADMIN | CCEO | CD | IA | PL | RVP,,referenced-by-automated-test,Inventory only; no per-route execution claim. Consult test and browser evidence.
UI-PAGE-1F7D5AC355,/partner-oversight/withdraw/submit,partner_withdrawal_submit,action,apps.frontend.views.oversight_views.partner_withdrawal_submit_view,ACCOUNTANT | ADMIN | CCEO | CD | IA | PL | RVP,,referenced-by-automated-test,Inventory only; no per-route execution claim. Consult test and browser evidence.
UI-PAGE-237AD341EA,/partner/activities,partner_activities,page,apps.frontend.views.partner_views.partner_activities_view,ADMIN | PARTNER,pages/partner/activities.html,referenced-by-automated-test,Inventory only; no per-route execution claim. Consult test and browser evidence.
UI-PAGE-523407557E,/partner/activities/<str:activity_id>/evidence,partner_activity_workroom,page,apps.frontend.views.partner_views.partner_activity_workroom_view,ADMIN | PARTNER,pages/partner/activity_workroom.html,referenced-by-automated-test,Inventory only; no per-route execution claim. Consult test and browser evidence.
UI-PAGE-4B2A1D5071,/partner/activities/<str:activity_id>/start-action,partner_activity_start,action,apps.frontend.views.partner_views.partner_activity_start_action,ADMIN | PARTNER,,referenced-by-automated-test,Inventory only; no per-route execution claim. Consult test and browser evidence.
UI-PAGE-93D5071A1C,/partner/activities/<str:activity_id>/submit-action,partner_activity_submit,action,apps.frontend.views.partner_views.partner_activity_submit_action,ADMIN | PARTNER,,referenced-by-automated-test,Inventory only; no per-route execution claim. Consult test and browser evidence.
UI-PAGE-CA17CE1A77,/partner/assigned-activities,partner_assigned_activities,page,apps.frontend.views.partner_views.partner_assigned_activities_view,ADMIN | PARTNER,pages/partner/assigned_list.html,referenced-by-automated-test,Inventory only; no per-route execution claim. Consult test and browser evidence.
UI-PAGE-02C76E57B9,/partner/assigned-schools,partner_assigned_schools,page,apps.frontend.views.partner_views.partner_assigned_schools_view,ADMIN | PARTNER,pages/partner/assigned_list.html,referenced-by-automated-test,Inventory only; no per-route execution claim. Consult test and browser evidence.
UI-PAGE-1CE08556A6,/partner/assignments,partner_assignments,page,apps.frontend.views.partner_views.partner_assignments_view,ADMIN | PARTNER,pages/partner/assignments.html,referenced-by-automated-test,Inventory only; no per-route execution claim. Consult test and browser evidence.
UI-PAGE-E0ED3447BD,/partner/assignments/<str:assignment_id>,partner_assignment_detail,page,apps.frontend.views.partner_views.partner_assignment_detail_view,ADMIN | PARTNER,pages/partner/assignment_detail.html,referenced-by-automated-test,Inventory only; no per-route execution claim. Consult test and browser evidence.
UI-PAGE-3C9553820A,/partner/assignments/<str:assignment_id>/return-action,partner_return_assignment_action,action,apps.frontend.views.partner_views.partner_return_assignment_action,ADMIN | PARTNER,,referenced-by-automated-test,Inventory only; no per-route execution claim. Consult test and browser evidence.
UI-PAGE-658BD7E25B,/partner/assignments/<str:assignment_id>/return-drawer,partner_return_assignment_drawer,drawer,apps.frontend.views.partner_views.partner_return_assignment_drawer,ADMIN | PARTNER,partials/partners/return_assignment_drawer.html,referenced-by-automated-test,Inventory only; no per-route execution claim. Consult test and browser evidence.
UI-PAGE-181E3DBB7D,/partner/assignments/<str:assignment_id>/schedule-action,partner_schedule_assignment_action,action,apps.frontend.views.partner_views.partner_schedule_assignment_action,ADMIN | PARTNER,,referenced-by-automated-test,Inventory only; no per-route execution claim. Consult test and browser evidence.
UI-PAGE-74859F9B1F,/partner/assignments/<str:assignment_id>/schedule-drawer,partner_schedule_assignment_drawer,drawer,apps.frontend.views.partner_views.partner_schedule_assignment_drawer,ADMIN | PARTNER,partials/partners/schedule_assignment_drawer.html,referenced-by-automated-test,Inventory only; no per-route execution claim. Consult test and browser evidence.
UI-PAGE-1C8729C041,/partner/completed,partner_completed_payments,page,apps.frontend.views.partner_views.partner_completed_payments_view,ADMIN | PARTNER,pages/partner/completed_payments.html,referenced-by-automated-test,Inventory only; no per-route execution claim. Consult test and browser evidence.
UI-PAGE-304233AF05,/partner/evidence,partner_evidence,page,apps.frontend.views.partner_views.partner_evidence_view,ADMIN | PARTNER,pages/partner/evidence.html,referenced-by-automated-test,Inventory only; no per-route execution claim. Consult test and browser evidence.
UI-PAGE-78B71BDA8A,/partner/invoices,partner_invoice_submit,action,apps.frontend.views.partner_views.partner_invoice_submit,ADMIN | PARTNER,,referenced-by-automated-test,Inventory only; no per-route execution claim. Consult test and browser evidence.
UI-PAGE-DB92962529,/partner/invoices/new,partner_invoice_drawer,drawer,apps.frontend.views.partner_views.partner_invoice_drawer,ADMIN | PARTNER,partials/partner/invoice_drawer.html,referenced-by-automated-test,Inventory only; no per-route execution claim. Consult test and browser evidence.
UI-PAGE-A65A183218,/partner/my-plan,partner_my_plan,action,apps.frontend.views.partner_views.partner_my_plan_view,ADMIN | PARTNER,,referenced-by-automated-test,Inventory only; no per-route execution claim. Consult test and browser evidence.
UI-PAGE-E201A7C900,/partner/schools,partner_schools,page,apps.frontend.views.partner_views.partner_schools_view,ADMIN | PARTNER,pages/partner/schools.html,referenced-by-automated-test,Inventory only; no per-route execution claim. Consult test and browser evidence.
UI-PAGE-6891C1794D,/partner/today,partner_today,action,apps.frontend.views.partner_views.partner_today_view,ADMIN | PARTNER,,referenced-by-automated-test,Inventory only; no per-route execution claim. Consult test and browser evidence.
UI-PAGE-17F9B66823,/partners,partners_list,page,apps.frontend.views.partner_views.partners_list_view,ACCOUNTANT | ADMIN | BUSINESS_TRANSFORMATION | CCEO | CD | HR | IA | MFI_ADMIN | MFI_OFFICER | PARTNER | PL | PROJECT_COORDINATOR | RPL | RVP,pages/partners/index.html,referenced-by-automated-test,Inventory only; no per-route execution claim. Consult test and browser evidence.
UI-PAGE-68972438CC,/partners/<str:partner_id>,partner_detail,page,apps.frontend.views.partner_views.partner_detail_view,ACCOUNTANT | ADMIN | BUSINESS_TRANSFORMATION | CCEO | CD | HR | IA | MFI_ADMIN | MFI_OFFICER | PARTNER | PL | PROJECT_COORDINATOR | RPL | RVP,pages/partners/detail.html,referenced-by-automated-test,Inventory only; no per-route execution claim. Consult test and browser evidence.
UI-PAGE-E3651EDE84,/partners/<str:partner_id>/edit-drawer,partner_edit_drawer,drawer,apps.frontend.views.partner_views.partner_edit_drawer_view,ACCOUNTANT | ADMIN | BUSINESS_TRANSFORMATION | CCEO | CD | HR | IA | MFI_ADMIN | MFI_OFFICER | PARTNER | PL | PROJECT_COORDINATOR | RPL | RVP,partials/partners/edit_drawer.html,referenced-by-automated-test,Inventory only; no per-route execution claim. Consult test and browser evidence.
UI-PAGE-D79E38D41C,/partners/<str:partner_id>/members,partner_member_action,action,apps.frontend.views.partner_views.partner_member_action,ACCOUNTANT | ADMIN | BUSINESS_TRANSFORMATION | CCEO | CD | HR | IA | MFI_ADMIN | MFI_OFFICER | PARTNER | PL | PROJECT_COORDINATOR | RPL | RVP,,referenced-by-automated-test,Inventory only; no per-route execution claim. Consult test and browser evidence.
UI-PAGE-4E3422B820,/partners/<str:partner_id>/members/drawer,partner_member_drawer,drawer,apps.frontend.views.partner_views.partner_member_drawer,ACCOUNTANT | ADMIN | BUSINESS_TRANSFORMATION | CCEO | CD | HR | IA | MFI_ADMIN | MFI_OFFICER | PARTNER | PL | PROJECT_COORDINATOR | RPL | RVP,partials/partners/member_drawer.html,referenced-by-automated-test,Inventory only; no per-route execution claim. Consult test and browser evidence.
UI-PAGE-748EB16E46,/partners/<str:partner_id>/status,partner_status,action,apps.frontend.views.partner_views.partner_status_action,ACCOUNTANT | ADMIN | BUSINESS_TRANSFORMATION | CCEO | CD | HR | IA | MFI_ADMIN | MFI_OFFICER | PARTNER | PL | PROJECT_COORDINATOR | RPL | RVP,,referenced-by-automated-test,Inventory only; no per-route execution claim. Consult test and browser evidence.
UI-PAGE-C6043D2C4C,/partners/create,create_partner,drawer,apps.frontend.views.partner_views.create_partner_view,ACCOUNTANT | ADMIN | BUSINESS_TRANSFORMATION | CCEO | CD | HR | IA | MFI_ADMIN | MFI_OFFICER | PARTNER | PL | PROJECT_COORDINATOR | RPL | RVP,partials/partners/create_partner_drawer.html,referenced-by-automated-test,Inventory only; no per-route execution claim. Consult test and browser evidence.
UI-PAGE-4D179B38E1,/payroll-readiness,payroll_readiness,page,apps.frontend.views.hr_views.payroll_readiness_view,ACCOUNTANT | ADMIN | HR,pages/hr/module_workspace.html,referenced-by-automated-test,Inventory only; no per-route execution claim. Consult test and browser evidence.
UI-PAGE-2703FFD952,/performance-conversation,performance_conversation,page,apps.frontend.views.hr_views.performance_conversation_view,ACCOUNTANT | ADMIN | CCEO | CD | HR | IA | PL | PROJECT_COORDINATOR | RVP,pages/hr/performance_conversation.html,referenced-by-automated-test,Inventory only; no per-route execution claim. Consult test and browser evidence.
UI-PAGE-9DBC537708,/performance-conversation/<str:review_id>/acknowledge,performance_acknowledge,action,apps.frontend.views.hr_views.performance_acknowledge_view,ACCOUNTANT | ADMIN | CCEO | CD | HR | IA | PL | PROJECT_COORDINATOR | RVP,,coverage-review-required,Inventory only; no per-route execution claim. Consult test and browser evidence.
UI-PAGE-51B5B1F21B,/performance-conversation/<str:review_id>/agree-priorities,performance_agree_priorities,action,apps.frontend.views.hr_views.performance_agree_priorities_view,ACCOUNTANT | ADMIN | CCEO | CD | HR | IA | PL | PROJECT_COORDINATOR | RVP,,coverage-review-required,Inventory only; no per-route execution claim. Consult test and browser evidence.
UI-PAGE-39ACAF881B,/performance-conversation/<str:review_id>/document/<str:window>,performance_document,page,apps.frontend.views.hr_views.performance_document_view,ACCOUNTANT | ADMIN | CCEO | CD | HR | IA | PL | PROJECT_COORDINATOR | RVP,pages/hr/conversation_document.html,referenced-by-automated-test,Inventory only; no per-route execution claim. Consult test and browser evidence.
UI-PAGE-6F587BE6C9,/performance-conversation/<str:review_id>/sign-off,performance_signoff,action,apps.frontend.views.hr_views.performance_signoff_view,ACCOUNTANT | ADMIN | CCEO | CD | HR | IA | PL | PROJECT_COORDINATOR | RVP,,coverage-review-required,Inventory only; no per-route execution claim. Consult test and browser evidence.
UI-PAGE-E9C534D90A,/performance-conversation/priority/<str:priority_id>/save,performance_input_save,action,apps.frontend.views.hr_views.performance_input_save_view,ACCOUNTANT | ADMIN | CCEO | CD | HR | IA | PL | PROJECT_COORDINATOR | RVP,,coverage-review-required,Inventory only; no per-route execution claim. Consult test and browser evidence.
UI-PAGE-66265DC120,/performance-conversation/value/<str:commitment_id>/save,performance_value_save,action,apps.frontend.views.hr_views.performance_value_save_view,ACCOUNTANT | ADMIN | CCEO | CD | HR | IA | PL | PROJECT_COORDINATOR | RVP,,coverage-review-required,Inventory only; no per-route execution claim. Consult test and browser evidence.
UI-PAGE-FEC3ADCF78,/performance-reviews,performance_reviews,page,apps.frontend.views.hr_views.performance_reviews_view,ADMIN | CD | HR | PL,pages/hr/module_workspace.html,referenced-by-automated-test,Inventory only; no per-route execution claim. Consult test and browser evidence.
UI-PAGE-354829C91A,/personal-time-off,personal_time_off,page,apps.frontend.views.leave_views.personal_time_off_view,ACCOUNTANT | ADMIN | BUSINESS_TRANSFORMATION | CCEO | CD | HR | IA | MFI_ADMIN | MFI_OFFICER | PL | PROJECT_COORDINATOR | RPL | RVP,pages/leave/personal_time_off.html,referenced-by-automated-test,Inventory only; no per-route execution claim. Consult test and browser evidence.
UI-PAGE-926EDC0255,/personal-time-off/,,page,apps.frontend.views.leave_views.personal_time_off_view,ACCOUNTANT | ADMIN | BUSINESS_TRANSFORMATION | CCEO | CD | HR | IA | MFI_ADMIN | MFI_OFFICER | PL | PROJECT_COORDINATOR | RPL | RVP,pages/leave/personal_time_off.html,referenced-by-automated-test,Inventory only; no per-route execution claim. Consult test and browser evidence.
UI-PAGE-E3DCA613F4,/personal-time-off/eligible-cover,eligible_cover_api,action,apps.frontend.views.leave_views.eligible_cover_api,ACCOUNTANT | ADMIN | BUSINESS_TRANSFORMATION | CCEO | CD | HR | IA | MFI_ADMIN | MFI_OFFICER | PL | PROJECT_COORDINATOR | RPL | RVP,,referenced-by-automated-test,Inventory only; no per-route execution claim. Consult test and browser evidence.
UI-PAGE-2C8CECE1C4,/personal-time-off/request,request_leave_drawer,drawer,apps.frontend.views.leave_views.request_leave_drawer_view,ACCOUNTANT | ADMIN | BUSINESS_TRANSFORMATION | CCEO | CD | HR | IA | MFI_ADMIN | MFI_OFFICER | PL | PROJECT_COORDINATOR | RPL | RVP,partials/leave/request_leave_drawer.html,referenced-by-automated-test,Inventory only; no per-route execution claim. Consult test and browser evidence.
UI-PAGE-9508BC10E6,/personal-time-off/request/,,drawer,apps.frontend.views.leave_views.request_leave_drawer_view,ACCOUNTANT | ADMIN | BUSINESS_TRANSFORMATION | CCEO | CD | HR | IA | MFI_ADMIN | MFI_OFFICER | PL | PROJECT_COORDINATOR | RPL | RVP,partials/leave/request_leave_drawer.html,referenced-by-automated-test,Inventory only; no per-route execution claim. Consult test and browser evidence.
UI-PAGE-6505F2DCFE,/pl/review-queue,pl_review_queue,page,apps.frontend.views.my_plan_views.pl_queue_view,ADMIN | PL,pages/my_plan/pl_queue.html,referenced-by-automated-test,Inventory only; no per-route execution claim. Consult test and browser evidence.
UI-PAGE-C057B93829,/pl/review-queue/<str:activity_id>/confirm,pl_confirm,action,apps.frontend.views.my_plan_views.pl_confirm_action,ADMIN | PL,,referenced-by-automated-test,Inventory only; no per-route execution claim. Consult test and browser evidence.
UI-PAGE-4A1A757947,/pl/review-queue/<str:activity_id>/drawer,pl_review_drawer,drawer,apps.frontend.views.my_plan_views.pl_review_drawer,ADMIN | PL,partials/hr/form_drawer.html,referenced-by-automated-test,Inventory only; no per-route execution claim. Consult test and browser evidence.
UI-PAGE-5B9704236A,/pl/review-queue/<str:activity_id>/return,pl_return,action,apps.frontend.views.my_plan_views.pl_return_action,ADMIN | PL,,referenced-by-automated-test,Inventory only; no per-route execution claim. Consult test and browser evidence.
UI-PAGE-80D35194CE,/pl/review-queue/<str:activity_id>/return-drawer,pl_return_drawer,drawer,apps.frontend.views.my_plan_views.pl_return_drawer,ADMIN | PL,partials/hr/form_drawer.html,referenced-by-automated-test,Inventory only; no per-route execution claim. Consult test and browser evidence.
UI-PAGE-5F1957110F,/planning,planning_dashboard,partial,apps.frontend.views.planning_views.planning_dashboard_view,ACCOUNTANT | ADMIN | CCEO | CD | IA | PL | PROJECT_COORDINATOR,partials/planning/school_table.html | pages/planning/index.html,referenced-by-automated-test,Inventory only; no per-route execution claim. Consult test and browser evidence.
UI-PAGE-2460A9454D,/planning/assign-partner-action,planning_assign_partner_action,action,apps.frontend.views.planning_views.assign_partner_action_view,ACCOUNTANT | ADMIN | CCEO | CD | IA | PL | PROJECT_COORDINATOR,,referenced-by-automated-test,Inventory only; no per-route execution claim. Consult test and browser evidence.
UI-PAGE-39DFC686C6,/planning/assign-partner-modal,planning_assign_partner_modal,drawer,apps.frontend.views.planning_views.assign_partner_modal_view,ACCOUNTANT | ADMIN | CCEO | CD | IA | PL | PROJECT_COORDINATOR,partials/planning/assign_partner_drawer.html,referenced-by-automated-test,Inventory only; no per-route execution claim. Consult test and browser evidence.
UI-PAGE-E0F3508137,/planning/bulk-action,planning_bulk_action,action,apps.frontend.views.planning_views.bulk_action_view,ACCOUNTANT | ADMIN | CCEO | CD | IA | PL | PROJECT_COORDINATOR,,referenced-by-automated-test,Inventory only; no per-route execution claim. Consult test and browser evidence.
UI-PAGE-CDB4BA67D1,/planning/intelligence,planning_intelligence,action,apps.frontend.views.planning_views.planning_intelligence_view,ACCOUNTANT | ADMIN | CCEO | CD | IA | PL | PROJECT_COORDINATOR,,referenced-by-automated-test,Inventory only; no per-route execution claim. Consult test and browser evidence.
UI-PAGE-70E52CFA17,/planning/route-preview,planning_route_preview,partial,apps.frontend.views.planning_views.route_preview_view,ACCOUNTANT | ADMIN | CCEO | CD | IA | PL | PROJECT_COORDINATOR,partials/planning/route_preview.html,referenced-by-automated-test,Inventory only; no per-route execution claim. Consult test and browser evidence.
UI-PAGE-739AAF8574,/planning/schedule,planning_schedule,page,apps.frontend.views.planning_views.schedule_activity_form_view,ACCOUNTANT | ADMIN | CCEO | CD | IA | PL | PROJECT_COORDINATOR,pages/planning/schedule.html,referenced-by-automated-test,Inventory only; no per-route execution claim. Consult test and browser evidence.
UI-PAGE-CB5D63ABE3,/planning/schedule-action,planning_schedule_action,action,apps.frontend.views.planning_views.schedule_action_view,ACCOUNTANT | ADMIN | CCEO | CD | IA | PL | PROJECT_COORDINATOR,,referenced-by-automated-test,Inventory only; no per-route execution claim. Consult test and browser evidence.
UI-PAGE-2AF2FF5ECA,/planning/schedule-modal,planning_schedule_modal,drawer,apps.frontend.views.planning_views.schedule_modal_view,ACCOUNTANT | ADMIN | CCEO | CD | IA | PL | PROJECT_COORDINATOR,partials/planning/schedule_cluster_drawer.html | partials/planning/schedule_drawer.html,referenced-by-automated-test,Inventory only; no per-route execution claim. Consult test and browser evidence.
UI-PAGE-C597B8F97C,/planning/schedule/schools,planning_schedule_school_options,partial,apps.frontend.views.planning_views.schedule_school_options_view,ACCOUNTANT | ADMIN | CCEO | CD | IA | PL | PROJECT_COORDINATOR,partials/planning/schedule_school_options.html,referenced-by-automated-test,Inventory only; no per-route execution claim. Consult test and browser evidence.
UI-PAGE-4F8B7694FF,/planning/visit-requests,visit_requests,page,apps.frontend.views.visit_request_views.visit_requests_page,ACCOUNTANT | ADMIN | CCEO | CD | IA | PL | PROJECT_COORDINATOR,pages/planning/visit_requests.html,referenced-by-automated-test,Inventory only; no per-route execution claim. Consult test and browser evidence.
UI-PAGE-C8A20A3C2A,/planning/visit-requests/<str:activity_id>/<str:decision>,visit_request_decide,action,apps.frontend.views.visit_request_views.visit_request_decide,ACCOUNTANT | ADMIN | CCEO | CD | IA | PL | PROJECT_COORDINATOR,,referenced-by-automated-test,Inventory only; no per-route execution claim. Consult test and browser evidence.
UI-PAGE-8354F50663,/policies,policies,page,apps.frontend.views.hr_views.policies_view,ADMIN | HR,pages/hr/module_workspace.html,referenced-by-automated-test,Inventory only; no per-route execution claim. Consult test and browser evidence.
UI-PAGE-43B307D6C8,/policy-agreement,policy_agreement,page,apps.documents.views.agreement_center_view,,pages/documents/agreement_center.html,referenced-by-automated-test,Inventory only; no per-route execution claim. Consult test and browser evidence.
UI-PAGE-433A02DA3B,/policy-agreement/restricted,policy_restricted,page,apps.documents.views.restricted_view,,pages/documents/restricted.html,referenced-by-automated-test,Inventory only; no per-route execution claim. Consult test and browser evidence.
UI-PAGE-5A094101A0,/policy-compliance,policy_compliance,page,apps.documents.views.compliance_view,ADMIN | CD | HR | PL | RVP,pages/documents/compliance.html,referenced-by-automated-test,Inventory only; no per-route execution claim. Consult test and browser evidence.
UI-PAGE-4B290608CB,/policy-compliance/comments/<str:comment_id>,respond_comment,action,apps.documents.views.respond_comment_view,ADMIN | CD | HR | PL | RVP,,referenced-by-automated-test,Inventory only; no per-route execution claim. Consult test and browser evidence.
UI-PAGE-27FA261421,/priorities,priorities_master,action,apps.frontend.views.target_distribution_views.priorities_workspace_page,ADMIN | CCEO | CD | HR | IA | PL | PROJECT_COORDINATOR | RPL | RVP,,referenced-by-automated-test,Inventory only; no per-route execution claim. Consult test and browser evidence.
UI-PAGE-1B05CD6C07,/priorities/guidance,team_guidance,partial,apps.frontend.views.team_guidance_views.team_guidance_view,ADMIN | PL,partials/dashboards/_view_tabs.html | pages/priorities/guidance.html,referenced-by-automated-test,Inventory only; no per-route execution claim. Consult test and browser evidence.
UI-PAGE-FA2176F212,/priorities/guidance/<str:guidance_id>,team_guidance_drawer,drawer,apps.frontend.views.team_guidance_views.guidance_drawer,ADMIN | PL,partials/hr/form_drawer.html,referenced-by-automated-test,Inventory only; no per-route execution claim. Consult test and browser evidence.
UI-PAGE-8285511635,/priorities/guidance/<str:guidance_id>/acknowledge,team_guidance_acknowledge_drawer,drawer,apps.frontend.views.team_guidance_views.guidance_acknowledge_drawer,ADMIN | CCEO | CD | HR | IA | PL | PROJECT_COORDINATOR | RPL | RVP,partials/hr/form_drawer.html,referenced-by-automated-test,Inventory only; no per-route execution claim. Consult test and browser evidence.
UI-PAGE-1C4B89E9E0,/priorities/guidance/<str:guidance_id>/acknowledge/save,team_guidance_acknowledge,action,apps.frontend.views.team_guidance_views.guidance_acknowledge,ADMIN | CCEO | CD | HR | IA | PL | PROJECT_COORDINATOR | RPL | RVP,,referenced-by-automated-test,Inventory only; no per-route execution claim. Consult test and browser evidence.
UI-PAGE-F44FDAA72F,/priorities/guidance/<str:guidance_id>/edit,team_guidance_edit_drawer,drawer,apps.frontend.views.team_guidance_views.guidance_edit_drawer,ADMIN | PL,partials/hr/form_drawer.html,referenced-by-automated-test,Inventory only; no per-route execution claim. Consult test and browser evidence.
UI-PAGE-D4EDA9D484,/priorities/guidance/<str:guidance_id>/issue,team_guidance_issue_drawer,action,apps.frontend.views.team_guidance_views.guidance_issue_drawer,ADMIN | PL,,referenced-by-automated-test,Inventory only; no per-route execution claim. Consult test and browser evidence.
UI-PAGE-352ADA8312,/priorities/guidance/<str:guidance_id>/issue/save,team_guidance_issue,action,apps.frontend.views.team_guidance_views.guidance_issue,ADMIN | PL,,referenced-by-automated-test,Inventory only; no per-route execution claim. Consult test and browser evidence.
UI-PAGE-ADFB8B7D49,/priorities/guidance/<str:guidance_id>/review,team_guidance_review_drawer,action,apps.frontend.views.team_guidance_views.guidance_review_drawer,ADMIN | PL,,referenced-by-automated-test,Inventory only; no per-route execution claim. Consult test and browser evidence.
UI-PAGE-6ADBD42FCD,/priorities/guidance/<str:guidance_id>/review/save,team_guidance_review,action,apps.frontend.views.team_guidance_views.guidance_review,ADMIN | PL,,referenced-by-automated-test,Inventory only; no per-route execution claim. Consult test and browser evidence.
UI-PAGE-06AF4910EE,/priorities/guidance/<str:guidance_id>/update,team_guidance_update,action,apps.frontend.views.team_guidance_views.guidance_update,ADMIN | PL,,referenced-by-automated-test,Inventory only; no per-route execution claim. Consult test and browser evidence.
UI-PAGE-27179CC4DB,/priorities/guidance/<str:guidance_id>/withdraw,team_guidance_withdraw_drawer,action,apps.frontend.views.team_guidance_views.guidance_withdraw_drawer,ADMIN | PL,,referenced-by-automated-test,Inventory only; no per-route execution claim. Consult test and browser evidence.
UI-PAGE-30E4A400DC,/priorities/guidance/<str:guidance_id>/withdraw/save,team_guidance_withdraw,action,apps.frontend.views.team_guidance_views.guidance_withdraw,ADMIN | PL,,referenced-by-automated-test,Inventory only; no per-route execution claim. Consult test and browser evidence.
UI-PAGE-76FF90ED2C,/priorities/guidance/inbox,team_guidance_inbox,partial,apps.frontend.views.team_guidance_views.guidance_inbox_panel,ADMIN | CCEO | CD | HR | IA | PL | PROJECT_COORDINATOR | RPL | RVP,partials/priorities/guidance_inbox.html,referenced-by-automated-test,Inventory only; no per-route execution claim. Consult test and browser evidence.
UI-PAGE-6231E9AAA1,/priorities/guidance/new,team_guidance_new_drawer,drawer,apps.frontend.views.team_guidance_views.guidance_new_drawer,ADMIN | PL,partials/hr/form_drawer.html,referenced-by-automated-test,Inventory only; no per-route execution claim. Consult test and browser evidence.
UI-PAGE-9A6DC2B786,/priorities/guidance/record,team_guidance_record,action,apps.frontend.views.team_guidance_views.guidance_record,ADMIN | PL,,referenced-by-automated-test,Inventory only; no per-route execution claim. Consult test and browser evidence.
UI-PAGE-E8E9A2A166,/priorities/master,priorities_master_register,partial,apps.frontend.views.target_distribution_views.priorities_master_page,ADMIN | CCEO | CD | HR | IA | PL | PROJECT_COORDINATOR | RPL | RVP,partials/dashboards/_view_tabs.html | pages/hr/priorities_master.html,referenced-by-automated-test,Inventory only; no per-route execution claim. Consult test and browser evidence.
UI-PAGE-EB2FC6A25B,/priorities/ssa-mapping,ssa_mapping,page,apps.frontend.views.ssa_mapping_views.ssa_mapping_page,ADMIN | CD | IA | PL | PROJECT_COORDINATOR | RVP,pages/hr/ssa_mapping.html,referenced-by-automated-test,Inventory only; no per-route execution claim. Consult test and browser evidence.
UI-PAGE-8BBA1A3E04,/priorities/ssa-mapping/<str:item_id>/drawer,ssa_mapping_drawer,drawer,apps.frontend.views.ssa_mapping_views.ssa_mapping_drawer,ADMIN | CD | IA | PL | PROJECT_COORDINATOR | RVP,partials/hr/ssa_mapping_drawer.html,referenced-by-automated-test,Inventory only; no per-route execution claim. Consult test and browser evidence.
UI-PAGE-9C0CD92AF2,/priorities/ssa-mapping/<str:item_id>/history,ssa_mapping_history,drawer,apps.frontend.views.ssa_mapping_views.rule_history_drawer,ADMIN | CD | IA | PL | PROJECT_COORDINATOR | RVP,partials/hr/form_drawer.html,referenced-by-automated-test,Inventory only; no per-route execution claim. Consult test and browser evidence.
UI-PAGE-5D8206AE15,/priorities/ssa-mapping/<str:item_id>/save,ssa_mapping_action,action,apps.frontend.views.ssa_mapping_views.ssa_mapping_action,ADMIN | CD | IA | PL | PROJECT_COORDINATOR | RVP,,referenced-by-automated-test,Inventory only; no per-route execution claim. Consult test and browser evidence.
UI-PAGE-4327B6F4C5,/priorities/ssa-mapping/rules/<str:mapping_id>/review,ssa_mapping_rule_review_drawer,drawer,apps.frontend.views.ssa_mapping_views.rule_review_drawer,ADMIN | CD | IA | PL | PROJECT_COORDINATOR | RVP,partials/hr/form_drawer.html,referenced-by-automated-test,Inventory only; no per-route execution claim. Consult test and browser evidence.
UI-PAGE-7DD887F302,/priorities/ssa-mapping/rules/<str:mapping_id>/review/save,ssa_mapping_rule_review,action,apps.frontend.views.ssa_mapping_views.rule_review_action,ADMIN | CD | IA | PL | PROJECT_COORDINATOR | RVP,,referenced-by-automated-test,Inventory only; no per-route execution claim. Consult test and browser evidence.
UI-PAGE-63217B55B8,/priority-dashboard,priority_dashboard_redirect,action,apps.frontend.views.target_distribution_views.priority_dashboard_redirect,ADMIN | CCEO | CD | HR | IA | PL | PROJECT_COORDINATOR | RPL | RVP,,referenced-by-automated-test,Inventory only; no per-route execution claim. Consult test and browser evidence.
UI-PAGE-5583719547,/profile,profile,page,apps.frontend.views.staff_views.profile_view,ACCOUNTANT | ADMIN | BUSINESS_TRANSFORMATION | CCEO | CD | HR | IA | MFI_ADMIN | MFI_OFFICER | PARTNER | PL | PROJECT_COORDINATOR | RPL | RVP,pages/profile/index.html,referenced-by-automated-test,Inventory only; no per-route execution claim. Consult test and browser evidence.
UI-PAGE-3AAA4674E0,/programme-rollout,programme_rollout,partial,apps.frontend.views.programme_rollout_views.programme_rollout_view,ADMIN | PL,partials/dashboards/_view_tabs.html | pages/programme_rollout/index.html,referenced-by-automated-test,Inventory only; no per-route execution claim. Consult test and browser evidence.
UI-PAGE-AD54323BA8,/programme-rollout/schools,programme_rollout_schools,action,apps.frontend.views.programme_rollout_views.school_list_drawer,ADMIN | PL,,referenced-by-automated-test,Inventory only; no per-route execution claim. Consult test and browser evidence.
UI-PAGE-3B7E4DFD30,/projects,projects_list,partial,apps.frontend.views.extended_views.projects_list_view,ADMIN | CCEO | CD | IA | PL | PROJECT_COORDINATOR,partials/projects/portfolio_list.html | pages/projects/index.html,referenced-by-automated-test,Inventory only; no per-route execution claim. Consult test and browser evidence.
UI-PAGE-1B2707901E,/projects/<str:project_id>,project_detail,page,apps.frontend.views.extended_views.project_detail_view,ADMIN | CCEO | CD | IA | PL | PROJECT_COORDINATOR,pages/projects/detail.html,referenced-by-automated-test,Inventory only; no per-route execution claim. Consult test and browser evidence.
UI-PAGE-52061A5059,/projects/<str:project_id>/schools/assign,project_assign_school_action,action,apps.frontend.views.extended_views.project_assign_school_action_view,ADMIN | CCEO | CD | IA | PL | PROJECT_COORDINATOR,,referenced-by-automated-test,Inventory only; no per-route execution claim. Consult test and browser evidence.
UI-PAGE-4340ED5A6E,/projects/<str:project_id>/staff/assign,project_assign_staff_action,action,apps.frontend.views.extended_views.project_assign_staff_action_view,ADMIN | CCEO | CD | IA | PL | PROJECT_COORDINATOR,,referenced-by-automated-test,Inventory only; no per-route execution claim. Consult test and browser evidence.
UI-PAGE-987AE1FD65,/projects/analytics,special_projects_analytics,partial,apps.frontend.views.extended_views.special_projects_analytics_view,ADMIN | CCEO | CD | IA | PL | PROJECT_COORDINATOR,partials/projects/analytics_workspace.html | pages/projects/analytics.html,referenced-by-automated-test,Inventory only; no per-route execution claim. Consult test and browser evidence.
UI-PAGE-6805EDED42,/projects/create,project_create_drawer,drawer,apps.frontend.views.extended_views.project_create_drawer_view,ADMIN | CCEO | CD | IA | PL | PROJECT_COORDINATOR,partials/projects/create_project_drawer.html,referenced-by-automated-test,Inventory only; no per-route execution claim. Consult test and browser evidence.
UI-PAGE-170323D795,/projects/create/action,project_create_action,action,apps.frontend.views.extended_views.project_create_action_view,ADMIN | CCEO | CD | IA | PL | PROJECT_COORDINATOR,,referenced-by-automated-test,Inventory only; no per-route execution claim. Consult test and browser evidence.
UI-PAGE-2028F7552C,/projects/filter,projects_filtered,partial,apps.frontend.views.extended_views.projects_filtered_view,ADMIN | CCEO | CD | IA | PL | PROJECT_COORDINATOR,partials/projects/portfolio_list.html | pages/projects/index.html,referenced-by-automated-test,Inventory only; no per-route execution claim. Consult test and browser evidence.
UI-PAGE-1CDA9A14C7,/projects/filters-drawer,projects_filters_drawer,drawer,apps.frontend.views.extended_views.projects_filters_drawer_view,ADMIN | CCEO | CD | IA | PL | PROJECT_COORDINATOR,partials/projects/filters_drawer.html,referenced-by-automated-test,Inventory only; no per-route execution claim. Consult test and browser evidence.
UI-PAGE-89ED7D820F,/projects/my-plan,special_projects_my_plan,partial,apps.frontend.views.extended_views.special_projects_my_plan_view,ADMIN | CCEO | CD | IA | PL | PROJECT_COORDINATOR,partials/projects/my_plan_workspace.html | pages/projects/my_plan.html,referenced-by-automated-test,Inventory only; no per-route execution claim. Consult test and browser evidence.
UI-PAGE-B86A5C6661,/projects/planning,special_projects_planning,partial,apps.frontend.views.extended_views.special_projects_planning_view,ADMIN | CCEO | CD | IA | PL | PROJECT_COORDINATOR,partials/projects/planning_workspace.html | pages/projects/planning.html,referenced-by-automated-test,Inventory only; no per-route execution claim. Consult test and browser evidence.
UI-PAGE-A4244346AC,/projects/planning/bulk-partner,special_projects_bulk_partner,drawer,apps.frontend.views.planning_views.special_projects_bulk_partner_view,ADMIN | CCEO | CD | IA | PL | PROJECT_COORDINATOR,partials/projects/bulk_partner_drawer.html,referenced-by-automated-test,Inventory only; no per-route execution claim. Consult test and browser evidence.
UI-PAGE-9CD74FDDEC,/projects/planning/bulk-schedule,special_projects_bulk_schedule,drawer,apps.frontend.views.planning_views.special_projects_bulk_schedule_view,ADMIN | CCEO | CD | IA | PL | PROJECT_COORDINATOR,partials/projects/bulk_schedule_drawer.html,referenced-by-automated-test,Inventory only; no per-route execution claim. Consult test and browser evidence.
UI-PAGE-24062C4D44,/public-holidays,public_holidays,page,apps.frontend.views.leave_views.public_holidays_view,ACCOUNTANT | ADMIN | BUSINESS_TRANSFORMATION | CCEO | CD | HR | IA | MFI_ADMIN | MFI_OFFICER | PARTNER | PL | PROJECT_COORDINATOR | RPL | RVP,pages/leave/public_holidays.html,referenced-by-automated-test,Inventory only; no per-route execution claim. Consult test and browser evidence.
UI-PAGE-81466B885C,/public-holidays/,,page,apps.frontend.views.leave_views.public_holidays_view,ACCOUNTANT | ADMIN | BUSINESS_TRANSFORMATION | CCEO | CD | HR | IA | MFI_ADMIN | MFI_OFFICER | PARTNER | PL | PROJECT_COORDINATOR | RPL | RVP,pages/leave/public_holidays.html,referenced-by-automated-test,Inventory only; no per-route execution claim. Consult test and browser evidence.
UI-PAGE-EEB299FBB6,/pulse-surveys,pulse_surveys,page,apps.frontend.views.hr_views.pulse_surveys_view,ADMIN | HR,pages/hr/module_workspace.html,referenced-by-automated-test,Inventory only; no per-route execution claim. Consult test and browser evidence.
UI-PAGE-0B32E25CA5,/pulse-surveys/<str:survey_id>,pulse_results_drawer,drawer,apps.frontend.views.hr_programme_views.pulse_results_drawer,ADMIN | HR,partials/hr/form_drawer.html,coverage-review-required,Inventory only; no per-route execution claim. Consult test and browser evidence.
UI-PAGE-0DC6435DA6,/pulse-surveys/<str:survey_id>/close,pulse_close,action,apps.frontend.views.hr_programme_views.pulse_close,ADMIN | HR,,coverage-review-required,Inventory only; no per-route execution claim. Consult test and browser evidence.
UI-PAGE-AD000D654D,/pulse-surveys/new,pulse_new_drawer,drawer,apps.frontend.views.hr_programme_views.pulse_new_drawer,ADMIN | HR,partials/hr/form_drawer.html,referenced-by-automated-test,Inventory only; no per-route execution claim. Consult test and browser evidence.
UI-PAGE-52E8522123,/pulse-surveys/open,pulse_open,action,apps.frontend.views.hr_programme_views.pulse_open,ADMIN | HR,,referenced-by-automated-test,Inventory only; no per-route execution claim. Consult test and browser evidence.
UI-PAGE-525708C2CC,/pulse/<str:survey_id>,pulse_respond,page,apps.frontend.views.hr_programme_views.pulse_respond,ACCOUNTANT | ADMIN | BUSINESS_TRANSFORMATION | CCEO | CD | HR | IA | PL | PROJECT_COORDINATOR | RPL | RVP,pages/hr/pulse_respond.html,coverage-review-required,Inventory only; no per-route execution claim. Consult test and browser evidence.
UI-PAGE-734A2B48B5,/quality-checks,quality_checks,page,apps.frontend.views.extended_views.quality_checks_view,ADMIN | CD | IA | PL,pages/quality_checks/index.html,referenced-by-automated-test,Inventory only; no per-route execution claim. Consult test and browser evidence.
UI-PAGE-DF36A9580D,/recognition,recognition,page,apps.frontend.views.hr_views.recognition_view,ADMIN | HR,pages/hr/module_workspace.html,referenced-by-automated-test,Inventory only; no per-route execution claim. Consult test and browser evidence.
UI-PAGE-AFA78C6AFC,/recognition/award,recognition_award,action,apps.frontend.views.hr_programme_views.recognition_award,ADMIN | HR,,referenced-by-automated-test,Inventory only; no per-route execution claim. Consult test and browser evidence.
UI-PAGE-A5D728E4C3,/recognition/new,recognition_new_drawer,drawer,apps.frontend.views.hr_programme_views.recognition_new_drawer,ADMIN | HR,partials/hr/form_drawer.html,referenced-by-automated-test,Inventory only; no per-route execution claim. Consult test and browser evidence.
UI-PAGE-D604B8E968,/recovery-plans,recovery_plans,page,apps.frontend.views.hr_views.recovery_plans_view,ADMIN | HR | PL,pages/hr/module_workspace.html,referenced-by-automated-test,Inventory only; no per-route execution claim. Consult test and browser evidence.
UI-PAGE-6B94343F03,/recovery-plans/<str:plan_id>,recovery_drawer,drawer,apps.frontend.views.hr_programme_views.recovery_drawer,ADMIN | HR | PL,partials/hr/form_drawer.html,referenced-by-automated-test,Inventory only; no per-route execution claim. Consult test and browser evidence.
UI-PAGE-F7493D9C99,/recovery-plans/<str:plan_id>/activate,recovery_activate,action,apps.frontend.views.hr_programme_views.recovery_activate,ADMIN | HR | PL,,referenced-by-automated-test,Inventory only; no per-route execution claim. Consult test and browser evidence.
UI-PAGE-622E803364,/recovery-plans/<str:plan_id>/check-in,recovery_check_in,action,apps.frontend.views.hr_programme_views.recovery_check_in,ADMIN | HR | PL,,referenced-by-automated-test,Inventory only; no per-route execution claim. Consult test and browser evidence.
UI-PAGE-4C2F727116,/recovery-plans/<str:plan_id>/outcome,recovery_outcome,action,apps.frontend.views.hr_programme_views.recovery_outcome,ADMIN | HR | PL,,referenced-by-automated-test,Inventory only; no per-route execution claim. Consult test and browser evidence.
UI-PAGE-BC7352DF7A,/recovery-plans/new,recovery_new_drawer,drawer,apps.frontend.views.hr_programme_views.recovery_new_drawer,ADMIN | HR | PL,partials/hr/form_drawer.html,referenced-by-automated-test,Inventory only; no per-route execution claim. Consult test and browser evidence.
UI-PAGE-D425322BE8,/recovery-plans/recommend,recovery_recommend,action,apps.frontend.views.hr_programme_views.recovery_recommend,ADMIN | HR | PL,,referenced-by-automated-test,Inventory only; no per-route execution claim. Consult test and browser evidence.
UI-PAGE-F9822D4383,/recruitment,recruitment,page,apps.frontend.views.hr_views.recruitment_view,ADMIN | CD | HR,pages/hr/module_workspace.html,referenced-by-automated-test,Inventory only; no per-route execution claim. Consult test and browser evidence.
UI-PAGE-2DAE9D7F72,/recruitment/<str:vacancy_id>,vacancy_drawer,drawer,apps.frontend.views.hr_programme_views.vacancy_drawer,ADMIN | CD | HR,partials/hr/form_drawer.html,referenced-by-automated-test,Inventory only; no per-route execution claim. Consult test and browser evidence.
UI-PAGE-66C48F3393,/recruitment/<str:vacancy_id>/decide,vacancy_decide,action,apps.frontend.views.hr_programme_views.vacancy_decide,ADMIN | CD | HR,,referenced-by-automated-test,Inventory only; no per-route execution claim. Consult test and browser evidence.
UI-PAGE-D84B6EA1E3,/recruitment/new,vacancy_request_drawer,drawer,apps.frontend.views.hr_programme_views.vacancy_request_drawer,ADMIN | CD | HR,partials/hr/form_drawer.html,referenced-by-automated-test,Inventory only; no per-route execution claim. Consult test and browser evidence.
UI-PAGE-5CF04E1A5E,/recruitment/request,vacancy_request,action,apps.frontend.views.hr_programme_views.vacancy_request,ADMIN | CD | HR,,referenced-by-automated-test,Inventory only; no per-route execution claim. Consult test and browser evidence.
UI-PAGE-A50F715D07,/reports,reports,page,apps.frontend.views.extended_views.reports_view,ADMIN | CD | IA | PROJECT_COORDINATOR | RVP,pages/analytics/workspace.html | partials/analytics/panel.html | partials/analytics/scope.html,referenced-by-automated-test,Inventory only; no per-route execution claim. Consult test and browser evidence.
UI-PAGE-3A69BCBA57,/reset-password,reset_password,page,apps.frontend.views.auth_views.reset_password_view,,pages/auth/reset_password.html,referenced-by-automated-test,Inventory only; no per-route execution claim. Consult test and browser evidence.
UI-PAGE-FF3BC373EE,/rvp/annual/<str:budget_id>/action,rvp_annual_action,action,apps.frontend.views.rvp_views.rvp_annual_action_view,ADMIN,,coverage-review-required,Inventory only; no per-route execution claim. Consult test and browser evidence.
UI-PAGE-E363A7D6EE,/rvp/approvals,rvp_approvals,drawer,apps.frontend.views.rvp_views.rvp_approvals_drawer_view,ADMIN,partials/dashboards/rvp/approvals_drawer.html,referenced-by-automated-test,Inventory only; no per-route execution claim. Consult test and browser evidence.
UI-PAGE-0C3C2C11B6,/rvp/project/<str:project_id>/decision,rvp_project_decision,action,apps.frontend.views.rvp_views.rvp_project_decision_view,ADMIN,,coverage-review-required,Inventory only; no per-route execution claim. Consult test and browser evidence.
UI-PAGE-4F342574B1,/rvp/strategy-note,rvp_strategy_note,action,apps.frontend.views.rvp_views.rvp_strategy_note_view,ADMIN,,referenced-by-automated-test,Inventory only; no per-route execution claim. Consult test and browser evidence.
UI-PAGE-9DCE536863,/schools,schools_directory,partial,apps.frontend.views.school_views.school_directory_view,ADMIN | CCEO | CD | IA | PL | PROJECT_COORDINATOR | RPL,partials/schools/table.html | partials/schools/htmx_response.html | pages/schools/index.html,referenced-by-automated-test,Inventory only; no per-route execution claim. Consult test and browser evidence.
UI-PAGE-DBD42E0288,/schools/<str:school_id>,school_detail,page,apps.frontend.views.school_views.school_detail_view,ADMIN | BUSINESS_TRANSFORMATION | CCEO | CD | IA | PL | PROJECT_COORDINATOR,pages/schools/detail.html,referenced-by-automated-test,Inventory only; no per-route execution claim. Consult test and browser evidence.
UI-PAGE-FD7106249F,/schools/<str:school_id>/add-to-cluster,add_to_cluster_drawer,drawer,apps.frontend.views.school_views.add_to_cluster_drawer_view,ADMIN | CCEO | CD | IA | PL | PROJECT_COORDINATOR | RPL,partials/schools/drawer_error.html | partials/schools/add_to_cluster_drawer.html | partials/schools/toast_success.html,referenced-by-automated-test,Inventory only; no per-route execution claim. Consult test and browser evidence.
UI-PAGE-7B23BF68B2,/schools/<str:school_id>/assign-to-project,assign_to_project_drawer,drawer,apps.frontend.views.school_views.assign_to_project_drawer_view,ADMIN | CCEO | CD | IA | PL | PROJECT_COORDINATOR | RPL,partials/schools/drawer_error.html | partials/schools/assign_to_project_drawer.html | partials/schools/toast_success.html,referenced-by-automated-test,Inventory only; no per-route execution claim. Consult test and browser evidence.
UI-PAGE-BA8419773F,/schools/<str:school_id>/change-type,school_change_type,action,apps.frontend.views.school_views.school_change_type_view,ADMIN | CCEO | CD | IA | PL | PROJECT_COORDINATOR | RPL,,referenced-by-automated-test,Inventory only; no per-route execution claim. Consult test and browser evidence.
UI-PAGE-F6CF008C33,/schools/<str:school_id>/close,school_close,action,apps.frontend.views.school_views.school_close_action,ADMIN | BUSINESS_TRANSFORMATION | CCEO | CD | IA | PL | PROJECT_COORDINATOR,,referenced-by-automated-test,Inventory only; no per-route execution claim. Consult test and browser evidence.
UI-PAGE-C4F1D739DE,/schools/<str:school_id>/close-drawer,school_close_drawer,drawer,apps.frontend.views.school_views.school_close_drawer,ADMIN | BUSINESS_TRANSFORMATION | CCEO | CD | IA | PL | PROJECT_COORDINATOR,partials/schools/close_drawer.html,referenced-by-automated-test,Inventory only; no per-route execution claim. Consult test and browser evidence.
UI-PAGE-43A9299FB0,/schools/<str:school_id>/delete,school_delete,action,apps.frontend.views.school_views.school_delete_view,ADMIN | BUSINESS_TRANSFORMATION | CCEO | CD | IA | PL | PROJECT_COORDINATOR,,referenced-by-automated-test,Inventory only; no per-route execution claim. Consult test and browser evidence.
UI-PAGE-9AB62DBEF9,/schools/<str:school_id>/edit-drawer,school_edit_drawer,drawer,apps.frontend.views.school_views.school_edit_drawer_view,ADMIN | CCEO | CD | IA | PL | PROJECT_COORDINATOR | RPL,partials/schools/edit_drawer.html,referenced-by-automated-test,Inventory only; no per-route execution claim. Consult test and browser evidence.
UI-PAGE-0E19B43194,/schools/<str:school_id>/reopen,school_reopen,action,apps.frontend.views.school_views.school_reopen_action,ADMIN | BUSINESS_TRANSFORMATION | CCEO | CD | IA | PL | PROJECT_COORDINATOR,,referenced-by-automated-test,Inventory only; no per-route execution claim. Consult test and browser evidence.
UI-PAGE-755C340D69,/schools/add-school,add_school,action,apps.frontend.views.school_views.add_school_view,ADMIN | CCEO | CD | IA | PL | PROJECT_COORDINATOR | RPL,,referenced-by-automated-test,Inventory only; no per-route execution claim. Consult test and browser evidence.
UI-PAGE-326063C770,/schools/bulk-assign-cluster,bulk_assign_cluster,action,apps.frontend.views.school_views.bulk_assign_cluster_view,ADMIN | CCEO | CD | IA | PL | PROJECT_COORDINATOR | RPL,,referenced-by-automated-test,Inventory only; no per-route execution claim. Consult test and browser evidence.
UI-PAGE-3B0EF3899D,/schools/bulk-assign-project,bulk_assign_project,action,apps.frontend.views.school_views.bulk_assign_project_view,ADMIN | CCEO | CD | IA | PL | PROJECT_COORDINATOR | RPL,,referenced-by-automated-test,Inventory only; no per-route execution claim. Consult test and browser evidence.
UI-PAGE-B0CF01F2F7,/schools/bulk-match-staff,bulk_match_staff,action,apps.frontend.views.school_views.bulk_match_staff_view,ADMIN | CCEO | CD | IA | PL | PROJECT_COORDINATOR | RPL,,referenced-by-automated-test,Inventory only; no per-route execution claim. Consult test and browser evidence.
UI-PAGE-ADDF2AFAA1,/schools/closed,closed_schools,page,apps.frontend.views.school_views.closed_schools_view,ADMIN | CCEO | CD | IA | PL,pages/schools/closed.html,referenced-by-automated-test,Inventory only; no per-route execution claim. Consult test and browser evidence.
UI-PAGE-43A1B1DC79,/schools/create-drawer,school_onboard_drawer,drawer,apps.frontend.views.school_views.school_onboard_drawer_view,ADMIN | CCEO | CD | IA | PL | PROJECT_COORDINATOR | RPL,partials/schools/onboard_drawer.html,referenced-by-automated-test,Inventory only; no per-route execution claim. Consult test and browser evidence.
UI-PAGE-415C2B49E8,/schools/parishes,school_parish_options,partial,apps.frontend.views.school_views.school_parish_options_view,ADMIN | CCEO | CD | IA | PL | PROJECT_COORDINATOR | RPL,partials/schools/parish_options.html,referenced-by-automated-test,Inventory only; no per-route execution claim. Consult test and browser evidence.
UI-PAGE-D73CAF9D76,/schools/partial-intelligence/<str:school_id>,school_intelligence_partial,partial,apps.frontend.views.school_views.school_intelligence_partial,ADMIN | CCEO | CD | IA | PL | PROJECT_COORDINATOR | RPL,partials/schools/directory_intelligence.html,referenced-by-automated-test,Inventory only; no per-route execution claim. Consult test and browser evidence.
UI-PAGE-BDD22B14F6,/schools/sub-counties,school_sub_county_options,partial,apps.frontend.views.school_views.school_sub_county_options_view,ADMIN | CCEO | CD | IA | PL | PROJECT_COORDINATOR | RPL,partials/schools/sub_county_options.html,referenced-by-automated-test,Inventory only; no per-route execution claim. Consult test and browser evidence.
UI-PAGE-232F86FE85,/schools/upload,schools_upload,partial,apps.frontend.views.school_views.school_upload_view,ADMIN | IA,partials/upload_result.html | pages/schools/upload.html,referenced-by-automated-test,Inventory only; no per-route execution claim. Consult test and browser evidence.
UI-PAGE-C1A1176BAA,/schools/upload/<str:batch_id>/preview,school_upload_preview,page,apps.frontend.views.school_views.school_upload_preview_view,ADMIN | IA,pages/schools/upload_preview.html,referenced-by-automated-test,Inventory only; no per-route execution claim. Consult test and browser evidence.
UI-PAGE-4E862159DC,/schools/upload/template,school_template_download,export,apps.frontend.views.school_views.school_template_download_view,ADMIN | IA,,referenced-by-automated-test,Inventory only; no per-route execution claim. Consult test and browser evidence.
UI-PAGE-3C4373A6A9,/schools/uploads/<str:batch_id>/result,school_import_result,page,apps.frontend.views.school_views.school_import_result_view,ADMIN | IA,pages/schools/import_result.html,referenced-by-automated-test,Inventory only; no per-route execution claim. Consult test and browser evidence.
UI-PAGE-92FF10FD40,/search,search,page,apps.frontend.views.extended_views.search_view,ACCOUNTANT | ADMIN | BUSINESS_TRANSFORMATION | CCEO | CD | HR | IA | MFI_ADMIN | MFI_OFFICER | PARTNER | PL | PROJECT_COORDINATOR | RPL | RVP,pages/search/index.html,referenced-by-automated-test,Inventory only; no per-route execution claim. Consult test and browser evidence.
UI-PAGE-100A4132EB,/settings,settings,page,apps.frontend.views.extended_views.settings_view,ACCOUNTANT | ADMIN | BUSINESS_TRANSFORMATION | CCEO | CD | HR | IA | MFI_ADMIN | MFI_OFFICER | PARTNER | PL | PROJECT_COORDINATOR | RPL | RVP,pages/settings/index.html,referenced-by-automated-test,Inventory only; no per-route execution claim. Consult test and browser evidence.
UI-PAGE-2F5DDB9EA2,/settings/activity-catalogue/,activity_catalogue,page,apps.frontend.views.catalogue_views.activity_catalogue_page,,pages/settings/activity_catalogue.html,referenced-by-automated-test,Inventory only; no per-route execution claim. Consult test and browser evidence.
UI-PAGE-99CE4E6D5D,/settings/activity-catalogue/new,activity_catalogue_create,drawer,apps.frontend.views.catalogue_views.activity_catalogue_create_action,,partials/catalogue/new_activity_drawer.html,coverage-review-required,Inventory only; no per-route execution claim. Consult test and browser evidence.
UI-PAGE-C9AF5B9B1E,/settings/two-step/app,mfa_app_setup,page,apps.frontend.views.auth_views.mfa_app_setup_view,,pages/settings/two_step_app.html,referenced-by-automated-test,Inventory only; no per-route execution claim. Consult test and browser evidence.
UI-PAGE-4A86903104,/ssa,ssa_master,page,apps.frontend.views.ssa_views.ssa_performance_view,ACCOUNTANT | ADMIN | BUSINESS_TRANSFORMATION | CCEO | CD | HR | IA | MFI_ADMIN | MFI_OFFICER | PARTNER | PL | PROJECT_COORDINATOR | RPL | RVP,pages/analytics/workspace.html | partials/ssa/performance_workspace.html | partials/analytics/panel.html | partials/analytics/scope.html,referenced-by-automated-test,Inventory only; no per-route execution claim. Consult test and browser evidence.
UI-PAGE-E33623599D,/ssa/export,ssa_performance_export,export,apps.frontend.views.ssa_views.ssa_performance_export_view,ACCOUNTANT | ADMIN | BUSINESS_TRANSFORMATION | CCEO | CD | HR | IA | MFI_ADMIN | MFI_OFFICER | PARTNER | PL | PROJECT_COORDINATOR | RPL | RVP,,referenced-by-automated-test,Inventory only; no per-route execution claim. Consult test and browser evidence.
UI-PAGE-1B9D56BC39,/ssa/manual/,ssa_manual_entry,page,apps.frontend.views.ssa_views.ssa_manual_entry_view,ADMIN | CCEO | CD | IA | PL | RVP,pages/ssa/manual_entry.html,referenced-by-automated-test,Inventory only; no per-route execution claim. Consult test and browser evidence.
UI-PAGE-498447B0C2,/ssa/manual/schools,ssa_manual_school_options,partial,apps.frontend.views.ssa_views.ssa_manual_school_options_view,ADMIN | CCEO | CD | IA | PL | RVP,partials/ssa/manual_school_options.html,referenced-by-automated-test,Inventory only; no per-route execution claim. Consult test and browser evidence.
UI-PAGE-A49DCD919B,/ssa/unmatched,unmatched_ssa_queue,page,apps.frontend.views.extended_views.unmatched_ssa_queue_view,ADMIN | IA,pages/admin/unmatched_ssa_queue.html,referenced-by-automated-test,Inventory only; no per-route execution claim. Consult test and browser evidence.
UI-PAGE-9AAA2B91B2,/ssa/upload/,ssa_upload_center,page,apps.frontend.views.ssa_views.ssa_upload_center_view,ADMIN | CCEO | CD | IA | PL | RVP,pages/ssa/upload_center.html,referenced-by-automated-test,Inventory only; no per-route execution claim. Consult test and browser evidence.
UI-PAGE-8FDF0B692E,/ssa/upload/<str:batch_id>/preview/,ssa_upload_preview,page,apps.frontend.views.ssa_views.ssa_upload_preview_view,ADMIN | CCEO | CD | IA | PL | RVP,pages/ssa/upload_preview.html,referenced-by-automated-test,Inventory only; no per-route execution claim. Consult test and browser evidence.
UI-PAGE-3E5F73B47D,/ssa/upload/<str:batch_id>/result/,ssa_upload_result,page,apps.frontend.views.ssa_views.ssa_upload_result_view,ADMIN | CCEO | CD | IA | PL | RVP,pages/ssa/upload_result.html,referenced-by-automated-test,Inventory only; no per-route execution claim. Consult test and browser evidence.
UI-PAGE-CD5613AC6B,/ssa/upload/history/,ssa_upload_history,page,apps.frontend.views.ssa_views.ssa_upload_history_view,ADMIN | IA,pages/ssa/upload_history.html,referenced-by-automated-test,Inventory only; no per-route execution claim. Consult test and browser evidence.
UI-PAGE-3DD88F7C5C,/ssa/upload/template,ssa_template_download,export,apps.frontend.views.ssa_views.ssa_template_download_view,ADMIN | CCEO | CD | IA | PL | RVP,,referenced-by-automated-test,Inventory only; no per-route execution claim. Consult test and browser evidence.
UI-PAGE-8387F7ABC9,/ssa/verification/,ssa_verification_queue,page,apps.frontend.views.ssa_views.ssa_verification_queue_view,ADMIN | CCEO | CD | IA | PL | RVP,pages/ssa/verification_queue.html,referenced-by-automated-test,Inventory only; no per-route execution claim. Consult test and browser evidence.
UI-PAGE-4F5469B895,/ssa/verification/<str:record_id>/return-drawer,ssa_return_drawer,drawer,apps.frontend.views.ssa_views.ssa_return_drawer_view,ADMIN | CCEO | CD | IA | PL | RVP,partials/hr/form_drawer.html,referenced-by-automated-test,Inventory only; no per-route execution claim. Consult test and browser evidence.
UI-PAGE-3B44A1E272,/staff,staff_directory,page,apps.frontend.views.staff_views.staff_directory_view,ADMIN | CD | HR | PL | RVP,pages/staff/index.html,referenced-by-automated-test,Inventory only; no per-route execution claim. Consult test and browser evidence.
UI-PAGE-7F963ACD27,/staff/<str:user_id>,staff_profile,page,apps.frontend.views.staff_views.staff_profile_view,ADMIN | CD | HR | PL | RVP,pages/staff/detail.html,referenced-by-automated-test,Inventory only; no per-route execution claim. Consult test and browser evidence.
UI-PAGE-37C6B437D7,/strategic-priorities,strategic_priorities,partial,apps.frontend.views.priority_views.priority_configuration_page,ADMIN | CD | HR | IA | PL | RPL | RVP,partials/dashboards/_view_tabs.html | pages/hr/priority_configuration.html,referenced-by-automated-test,Inventory only; no per-route execution claim. Consult test and browser evidence.
UI-PAGE-8EA7B066B3,/strategic-priorities/action,strategic_priority_action,action,apps.frontend.views.hr_views.strategic_priority_action_view,ADMIN | CD | HR | IA | PL | RPL | RVP,,referenced-by-automated-test,Inventory only; no per-route execution claim. Consult test and browser evidence.
UI-PAGE-CC14ABFA81,/succession-planning,succession_planning,page,apps.frontend.views.hr_views.succession_planning_view,ADMIN | HR,pages/hr/module_workspace.html,referenced-by-automated-test,Inventory only; no per-route execution claim. Consult test and browser evidence.
UI-PAGE-FCFA103796,/support,report_problem,page,apps.admin_ops.views.report_problem_view,ACCOUNTANT | ADMIN | BUSINESS_TRANSFORMATION | CCEO | CD | HR | IA | MFI_ADMIN | MFI_OFFICER | PARTNER | PL | PROJECT_COORDINATOR | RPL | RVP,pages/admin_ops/report_problem.html,referenced-by-automated-test,Inventory only; no per-route execution claim. Consult test and browser evidence.
UI-PAGE-BE2BCC13AA,/support/client-defect,client_defect_beacon,action,apps.admin_ops.views.client_defect_view,ACCOUNTANT | ADMIN | BUSINESS_TRANSFORMATION | CCEO | CD | HR | IA | MFI_ADMIN | MFI_OFFICER | PARTNER | PL | PROJECT_COORDINATOR | RPL | RVP,,referenced-by-automated-test,Inventory only; no per-route execution claim. Consult test and browser evidence.
UI-PAGE-79D481D180,/system-health,system_health,page,apps.frontend.views.analytics_views.system_health_view,ADMIN,pages/system_health/index.html,referenced-by-automated-test,Inventory only; no per-route execution claim. Consult test and browser evidence.
UI-PAGE-8F0C3311A9,/target-distribution,target_distribution,partial,apps.frontend.views.target_distribution_views.target_distribution_page,ADMIN | CD | IA,partials/dashboards/_view_tabs.html | pages/hr/target_distribution.html,referenced-by-automated-test,Inventory only; no per-route execution claim. Consult test and browser evidence.
UI-PAGE-C07C292D78,/target-distribution/action,target_distribution_action,action,apps.frontend.views.target_distribution_views.target_distribution_action,ADMIN | CD | IA,,referenced-by-automated-test,Inventory only; no per-route execution claim. Consult test and browser evidence.
UI-PAGE-50DEAE07D8,/target-distribution/form,target_distribution_form,partial,apps.frontend.views.target_distribution_views.target_distribution_form,ADMIN | CD | IA,partials/hr/target_distribution_form.html,referenced-by-automated-test,Inventory only; no per-route execution claim. Consult test and browser evidence.
UI-PAGE-22B9E5A23B,/target-distribution/import,target_distribution_import,action,apps.frontend.views.target_distribution_views.target_distribution_import,ADMIN | CD | IA,,referenced-by-automated-test,Inventory only; no per-route execution claim. Consult test and browser evidence.
UI-PAGE-4A769CD0AF,/target-distribution/import/<str:batch_id>/commit,target_distribution_import_commit,action,apps.frontend.views.target_distribution_views.target_distribution_import_commit,ADMIN | CD | IA,,referenced-by-automated-test,Inventory only; no per-route execution claim. Consult test and browser evidence.
UI-PAGE-BD89383B5D,/target-distribution/import/template,target_distribution_import_template,action,apps.frontend.views.target_distribution_views.target_distribution_import_template,ADMIN | CD | IA,,referenced-by-automated-test,Inventory only; no per-route execution claim. Consult test and browser evidence.
UI-PAGE-A9FF05F38F,/target-distribution/team,team_target_distribution,partial,apps.frontend.views.target_distribution_views.team_distribution_page,ADMIN | PL,partials/dashboards/_view_tabs.html | pages/hr/team_target_distribution.html,referenced-by-automated-test,Inventory only; no per-route execution claim. Consult test and browser evidence.
UI-PAGE-E96237DE61,/target-distribution/team/action,team_target_distribution_action,action,apps.frontend.views.target_distribution_views.team_distribution_action,ADMIN | PL,,referenced-by-automated-test,Inventory only; no per-route execution claim. Consult test and browser evidence.
UI-PAGE-EA89AC9A38,/team-planning-oversight/,team_planning_oversight,partial,apps.frontend.views.oversight_views.team_planning_oversight_view,ACCOUNTANT | ADMIN | CD | IA | PL | RPL | RVP,partials/targets/team/workspace.html | pages/oversight/team_planning.html,referenced-by-automated-test,Inventory only; no per-route execution claim. Consult test and browser evidence.
UI-PAGE-14E1DA418E,/team-planning-oversight/detail,team_planning_oversight_detail,drawer,apps.frontend.views.oversight_views.oversight_detail_view,ACCOUNTANT | ADMIN | CD | IA | PL | RPL | RVP,partials/oversight/detail_drawer.html,referenced-by-automated-test,Inventory only; no per-route execution claim. Consult test and browser evidence.
UI-PAGE-368D278D44,/team-planning-oversight/export,team_planning_oversight_export,export,apps.frontend.views.oversight_views.team_planning_export_view,ACCOUNTANT | ADMIN | CD | IA | PL | RPL | RVP,,referenced-by-automated-test,Inventory only; no per-route execution claim. Consult test and browser evidence.
UI-PAGE-71A3B9A8F5,/team-planning-oversight/send,team_planning_oversight_send,action,apps.frontend.views.oversight_views.team_planning_send_action_view,ACCOUNTANT | ADMIN | CD | IA | PL | RPL | RVP,,referenced-by-automated-test,Inventory only; no per-route execution claim. Consult test and browser evidence.
UI-PAGE-040D721C96,/team-targets,team_targets,partial,apps.frontend.views.staff_views.team_targets_view,ADMIN | CD | HR | IA | PL | RPL,partials/targets/team/workspace.html | pages/oversight/team_planning.html,referenced-by-automated-test,Inventory only; no per-route execution claim. Consult test and browser evidence.
UI-PAGE-87A552B53C,/team-targets/,,partial,apps.frontend.views.staff_views.team_targets_view,ADMIN | CD | HR | IA | PL | RPL,partials/targets/team/workspace.html | pages/oversight/team_planning.html,referenced-by-automated-test,Inventory only; no per-route execution claim. Consult test and browser evidence.
UI-PAGE-24B71AE44A,/team-targets/catchup,team_targets_catchup_create,action,apps.frontend.views.staff_views.team_targets_catchup_create_view,ADMIN | CD | HR | IA | PL | RPL,,referenced-by-automated-test,Inventory only; no per-route execution claim. Consult test and browser evidence.
UI-PAGE-6E580C4CC7,/team-targets/catchup/<str:plan_id>/action,team_targets_catchup_action,action,apps.frontend.views.staff_views.team_targets_catchup_action_view,ADMIN | CD | HR | IA | PL | RPL,,referenced-by-automated-test,Inventory only; no per-route execution claim. Consult test and browser evidence.
UI-PAGE-A6AC9B68C1,/team-targets/day,team_targets_day,drawer,apps.frontend.views.staff_views.team_targets_day_view,ADMIN | CD | HR | IA | PL | RPL,partials/targets/team/day_drawer.html,referenced-by-automated-test,Inventory only; no per-route execution claim. Consult test and browser evidence.
UI-PAGE-28AE93C1DA,/team-targets/export,team_targets_export,export,apps.frontend.views.staff_views.team_targets_export_view,ADMIN | CD | HR | IA | PL | RPL,,referenced-by-automated-test,Inventory only; no per-route execution claim. Consult test and browser evidence.
UI-PAGE-DAE8A5F6DE,/team-targets/matrix,team_targets_matrix,drawer,apps.frontend.views.staff_views.team_targets_matrix_view,ADMIN | CD | HR | IA | PL | RPL,partials/targets/team/matrix_drawer.html,referenced-by-automated-test,Inventory only; no per-route execution claim. Consult test and browser evidence.
UI-PAGE-6306B2A2D6,/team-targets/recovery,team_targets_recovery,drawer,apps.frontend.views.staff_views.team_targets_recovery_view,ADMIN | CD | HR | IA | PL | RPL,partials/targets/team/recovery_drawer.html,referenced-by-automated-test,Inventory only; no per-route execution claim. Consult test and browser evidence.
UI-PAGE-4899A73E26,/team-targets/sfid-backlog,team_targets_sfid_backlog,drawer,apps.frontend.views.staff_views.team_targets_sfid_backlog_view,ADMIN | CD | HR | IA | PL | RPL,partials/targets/team/sfid_drawer.html,referenced-by-automated-test,Inventory only; no per-route execution claim. Consult test and browser evidence.
UI-PAGE-E9A7433ABD,/team-targets/staff-drawer,team_targets_staff_drawer,drawer,apps.frontend.views.staff_views.team_targets_staff_drawer_view,ADMIN | CD | HR | IA | PL | RPL,partials/targets/team/staff_drawer.html,referenced-by-automated-test,Inventory only; no per-route execution claim. Consult test and browser evidence.
UI-PAGE-6A617E75EC,/team-targets/validation-backlog,team_targets_validation_backlog,drawer,apps.frontend.views.staff_views.team_targets_validation_backlog_view,ADMIN | CD | HR | IA | PL | RPL,partials/targets/team/validation_drawer.html,referenced-by-automated-test,Inventory only; no per-route execution claim. Consult test and browser evidence.
UI-PAGE-E75C7F213E,/team/coaching,team_coaching,page,apps.frontend.views.coaching_views.team_coaching_view,ADMIN | CD | PL | RPL,pages/cce_leadership/workspace.html,referenced-by-automated-test,Inventory only; no per-route execution claim. Consult test and browser evidence.
UI-PAGE-9CBAE36A98,/team/coaching/<str:record_id>,team_coaching_drawer,drawer,apps.frontend.views.coaching_views.coaching_drawer,ADMIN | CD | PL | RPL,partials/hr/form_drawer.html,referenced-by-automated-test,Inventory only; no per-route execution claim. Consult test and browser evidence.
UI-PAGE-3158803001,/team/coaching/<str:record_id>/follow-up,team_coaching_follow_up_drawer,drawer,apps.frontend.views.coaching_views.coaching_follow_up_drawer,ADMIN | CD | PL | RPL,partials/hr/form_drawer.html,referenced-by-automated-test,Inventory only; no per-route execution claim. Consult test and browser evidence.
UI-PAGE-811CA876C6,/team/coaching/<str:record_id>/follow-up/save,team_coaching_follow_up,action,apps.frontend.views.coaching_views.coaching_follow_up,ADMIN | CD | PL | RPL,,referenced-by-automated-test,Inventory only; no per-route execution claim. Consult test and browser evidence.
UI-PAGE-9C383F09B4,/team/coaching/<str:record_id>/share,team_coaching_share_drawer,drawer,apps.frontend.views.coaching_views.coaching_share_drawer,ADMIN | CD | PL | RPL,partials/hr/form_drawer.html,referenced-by-automated-test,Inventory only; no per-route execution claim. Consult test and browser evidence.
UI-PAGE-9A47E8FE47,/team/coaching/<str:record_id>/share/save,team_coaching_share,action,apps.frontend.views.coaching_views.coaching_share,ADMIN | CD | PL | RPL,,referenced-by-automated-test,Inventory only; no per-route execution claim. Consult test and browser evidence.
UI-PAGE-4E62201019,/team/coaching/<str:record_id>/update,team_coaching_update,action,apps.frontend.views.coaching_views.coaching_update,ADMIN | CD | PL | RPL,,referenced-by-automated-test,Inventory only; no per-route execution claim. Consult test and browser evidence.
UI-PAGE-58A0F21603,/team/coaching/new,team_coaching_new_drawer,drawer,apps.frontend.views.coaching_views.coaching_new_drawer,ADMIN | CD | PL | RPL,partials/hr/form_drawer.html,referenced-by-automated-test,Inventory only; no per-route execution claim. Consult test and browser evidence.
UI-PAGE-256E69494D,/team/coaching/record,team_coaching_record,action,apps.frontend.views.coaching_views.coaching_record,ADMIN | CD | PL | RPL,,referenced-by-automated-test,Inventory only; no per-route execution claim. Consult test and browser evidence.
UI-PAGE-94BD4F6DBA,/today,today,page,apps.frontend.views.today_views.today_page,ADMIN | CCEO | IA | PL | PROJECT_COORDINATOR,pages/today/index.html,referenced-by-automated-test,Inventory only; no per-route execution claim. Consult test and browser evidence.
UI-PAGE-A65E98A3ED,/today/act,today_act,partial,apps.frontend.views.today_views.today_act,ADMIN | CCEO | IA | PL | PROJECT_COORDINATOR,partials/today/queue_item_done.html,referenced-by-automated-test,Inventory only; no per-route execution claim. Consult test and browser evidence.
UI-PAGE-E427BD31F3,/today/action,today_action,action,apps.frontend.views.today_views.today_action,ADMIN | CCEO | IA | PL | PROJECT_COORDINATOR,,referenced-by-automated-test,Inventory only; no per-route execution claim. Consult test and browser evidence.
UI-PAGE-63325D0097,/today/panel,today_panel,partial,apps.frontend.views.today_views.today_panel,ADMIN | CCEO | IA | PL | PROJECT_COORDINATOR,partials/today/dashboard_view.html,referenced-by-automated-test,Inventory only; no per-route execution claim. Consult test and browser evidence.
UI-PAGE-D10DA56BF1,/today/snooze,today_snooze,partial,apps.frontend.views.today_views.today_snooze,ADMIN | CCEO | IA | PL | PROJECT_COORDINATOR,partials/today/queue_item_done.html,referenced-by-automated-test,Inventory only; no per-route execution claim. Consult test and browser evidence.
UI-PAGE-839833901F,/today/unsnooze,today_unsnooze,partial,apps.frontend.views.today_views.today_unsnooze,ADMIN | CCEO | IA | PL | PROJECT_COORDINATOR,partials/today/dashboard_view.html,referenced-by-automated-test,Inventory only; no per-route execution claim. Consult test and browser evidence.
UI-PAGE-1678B2AEB5,/todos,todos,page,apps.frontend.views.extended_views.todos_view,ACCOUNTANT | ADMIN | BUSINESS_TRANSFORMATION | CCEO | CD | HR | IA | MFI_ADMIN | MFI_OFFICER | PARTNER | PL | PROJECT_COORDINATOR | RPL | RVP,pages/todos/index.html,referenced-by-automated-test,Inventory only; no per-route execution claim. Consult test and browser evidence.
UI-PAGE-AB418DCFC9,/trainings,trainings_log,page,apps.frontend.views.staff_views.trainings_log_view,ACCOUNTANT | ADMIN | CCEO | CD | IA | PARTNER | PL | PROJECT_COORDINATOR,pages/trainings/index.html,referenced-by-automated-test,Inventory only; no per-route execution claim. Consult test and browser evidence.
UI-PAGE-0612DD46E0,/uploads,upload_center,partial,apps.documents.views.upload_center_view,ADMIN | CD | HR | IA | RVP,partials/documents/upload_table.html | pages/documents/upload_center.html,referenced-by-automated-test,Inventory only; no per-route execution claim. Consult test and browser evidence.
UI-PAGE-FC00D85DDC,/uploads/new,new_document,page,apps.documents.views.new_document_view,ADMIN | CD | HR | IA | RVP,pages/documents/new_document.html,referenced-by-automated-test,Inventory only; no per-route execution claim. Consult test and browser evidence.
UI-PAGE-21DD7E92CF,/visits,visits_log,page,apps.frontend.views.staff_views.visits_log_view,ACCOUNTANT | ADMIN | CCEO | CD | IA | PARTNER | PL | PROJECT_COORDINATOR,pages/visits/index.html,referenced-by-automated-test,Inventory only; no per-route execution claim. Consult test and browser evidence.
UI-PAGE-8078749C9E,/wellness,wellness,page,apps.frontend.views.hr_views.wellness_view,ADMIN | HR,pages/hr/module_workspace.html,referenced-by-automated-test,Inventory only; no per-route execution claim. Consult test and browser evidence.
UI-PAGE-1B6834B66D,/work-plan,work_plan,page,apps.frontend.views.extended_views.work_plan_view,ACCOUNTANT | ADMIN | CCEO | CD | HR | IA | PL | PROJECT_COORDINATOR | RVP,pages/work_plan/index.html,referenced-by-automated-test,Inventory only; no per-route execution claim. Consult test and browser evidence.
UI-PAGE-809B095B75,/work-plan/,work_plan_alias,page,apps.frontend.views.extended_views.work_plan_view,ACCOUNTANT | ADMIN | CCEO | CD | HR | IA | PL | PROJECT_COORDINATOR | RVP,pages/work_plan/index.html,referenced-by-automated-test,Inventory only; no per-route execution claim. Consult test and browser evidence.
UI-PAGE-77986D09D6,/work-plan/add,non_school_activity_drawer,drawer,apps.frontend.views.work_plan_views.non_school_activity_drawer,,partials/work_plan/non_school_activity_drawer.html,referenced-by-automated-test,Inventory only; no per-route execution claim. Consult test and browser evidence.
UI-PAGE-85673B894C,/work-plan/add/preview,non_school_activity_preview,partial,apps.frontend.views.work_plan_views.non_school_activity_preview,,partials/work_plan/non_school_cost_preview.html,referenced-by-automated-test,Inventory only; no per-route execution claim. Consult test and browser evidence.
UI-PAGE-B2F4956F72,/workforce-planning,workforce_planning,page,apps.frontend.views.hr_views.workforce_planning_view,ADMIN | CD | HR | RVP,pages/hr/module_workspace.html,referenced-by-automated-test,Inventory only; no per-route execution claim. Consult test and browser evidence.
